Datetime,Open,High,Low,Close,Volume,Dividends,Stock Splits,Capital Gains
2023-08-23 09:30:00-04:00,26.007299423217773,26.072399139404297,25.5,25.5,0,0.0,0.0,0.0
2023-08-23 10:30:00-04:00,25.479900360107422,25.479999542236328,25.156700134277344,25.22599983215332,3827,0.0,0.0,0.0
2023-08-23 11:30:00-04:00,25.208200454711914,25.259000778198242,25.010000228881836,25.176799774169922,4627,0.0,0.0,0.0
2023-08-23 12:30:00-04:00,25.20989990234375,25.25,25.110000610351562,25.110000610351562,1230,0.0,0.0,0.0
2023-08-23 13:30:00-04:00,25.010000228881836,25.020099639892578,24.90999984741211,24.969999313354492,2827,0.0,0.0,0.0
2023-08-23 14:30:00-04:00,25.0049991607666,25.02989959716797,24.940000534057617,24.940000534057617,2052,0.0,0.0,0.0
2023-08-23 15:30:00-04:00,25.0,25.0,24.77899932861328,24.874799728393555,0,0.0,0.0,0.0
2023-08-24 09:30:00-04:00,22.350000381469727,23.979999542236328,22.350000381469727,23.979999542236328,38847,0.0,0.0,0.0
2023-08-24 10:30:00-04:00,23.979999542236328,24.510000228881836,23.84000015258789,24.079999923706055,16760,0.0,0.0,0.0
2023-08-24 11:30:00-04:00,24.350000381469727,24.350000381469727,23.59000015258789,23.59000015258789,7944,0.0,0.0,0.0
2023-08-24 12:30:00-04:00,23.670000076293945,23.75,23.5,23.549999237060547,6263,0.0,0.0,0.0
2023-08-24 13:30:00-04:00,23.8700008392334,23.8700008392334,23.540000915527344,23.570999145507812,1553,0.0,0.0,0.0
2023-08-24 14:30:00-04:00,23.989999771118164,24.239999771118164,23.989999771118164,24.239999771118164,7661,0.0,0.0,0.0
2023-08-24 15:30:00-04:00,24.594999313354492,24.739999771118164,24.497699737548828,24.700000762939453,0,0.0,0.0,0.0
2023-08-25 09:30:00-04:00,24.989999771118164,25.360000610351562,24.299999237060547,24.354999542236328,8286,0.0,0.0,0.0
2023-08-25 10:30:00-04:00,25.18000030517578,26.200000762939453,25.18000030517578,25.91900062561035,10657,0.0,0.0,0.0
2023-08-25 11:30:00-04:00,25.90999984741211,26.350000381469727,25.90999984741211,26.100000381469727,17785,0.0,0.0,0.0
2023-08-25 12:30:00-04:00,26.209999084472656,26.280000686645508,25.8700008392334,26.280000686645508,6001,0.0,0.0,0.0
2023-08-25 13:30:00-04:00,26.270000457763672,26.270000457763672,25.829999923706055,25.899999618530273,2300,0.0,0.0,0.0
2023-08-25 14:30:00-04:00,25.850000381469727,25.850000381469727,25.40999984741211,25.46500015258789,4706,0.0,0.0,0.0
2023-08-25 15:30:00-04:00,25.649999618530273,25.780000686645508,25.550100326538086,25.639999389648438,2485,0.0,0.0,0.0
2023-08-28 09:30:00-04:00,24.809999465942383,26.170000076293945,24.809999465942383,26.09709930419922,2462,0.0,0.0,0.0
2023-08-28 10:30:00-04:00,26.0,26.270000457763672,25.489999771118164,25.860000610351562,4005,0.0,0.0,0.0
2023-08-28 11:30:00-04:00,25.90999984741211,26.030000686645508,25.90999984741211,26.030000686645508,1286,0.0,0.0,0.0
2023-08-28 12:30:00-04:00,25.709999084472656,25.709999084472656,25.000999450683594,25.020000457763672,1410,0.0,0.0,0.0
2023-08-28 13:30:00-04:00,25.0,25.369600296020508,25.0,25.369600296020508,1244,0.0,0.0,0.0
2023-08-28 14:30:00-04:00,25.208999633789062,25.208999633789062,25.200000762939453,25.200000762939453,271,0.0,0.0,0.0
2023-08-28 15:30:00-04:00,25.03499984741211,25.040000915527344,24.959999084472656,24.959999084472656,1313,0.0,0.0,0.0
2023-08-29 09:30:00-04:00,25.25,25.25,23.899999618530273,23.940000534057617,2439,0.0,0.0,0.0
2023-08-29 10:30:00-04:00,23.850000381469727,23.89900016784668,23.690099716186523,23.719999313354492,2870,0.0,0.0,0.0
2023-08-29 11:30:00-04:00,23.709999084472656,23.710100173950195,23.459999084472656,23.459999084472656,1792,0.0,0.0,0.0
2023-08-29 12:30:00-04:00,23.409000396728516,23.409000396728516,23.409000396728516,23.409000396728516,332,0.0,0.0,0.0
2023-08-29 13:30:00-04:00,23.309999465942383,23.309999465942383,23.190000534057617,23.236000061035156,1106,0.0,0.0,0.0
2023-08-29 15:30:00-04:00,23.479999542236328,23.479999542236328,23.40999984741211,23.40999984741211,0,0.0,0.0,0.0
2023-08-30 09:30:00-04:00,23.518999099731445,23.518999099731445,23.09000015258789,23.399999618530273,6697,0.0,0.0,0.0
2023-08-30 10:30:00-04:00,23.289899826049805,23.289899826049805,22.75,22.850000381469727,3805,0.0,0.0,0.0
2023-08-30 11:30:00-04:00,22.84000015258789,22.958999633789062,22.84000015258789,22.899999618530273,703,0.0,0.0,0.0
2023-08-30 12:30:00-04:00,22.770000457763672,22.829999923706055,22.649999618530273,22.649999618530273,1815,0.0,0.0,0.0
2023-08-30 13:30:00-04:00,22.764999389648438,23.100000381469727,22.764999389648438,23.100000381469727,9335,0.0,0.0,0.0
2023-08-30 14:30:00-04:00,22.969999313354492,23.170000076293945,22.969999313354492,23.170000076293945,6555,0.0,0.0,0.0
2023-08-30 15:30:00-04:00,23.190000534057617,23.190000534057617,23.049999237060547,23.049999237060547,0,0.0,0.0,0.0
2023-08-31 09:30:00-04:00,22.965999603271484,23.0,22.87310028076172,22.889999389648438,13756,0.0,0.0,0.0
2023-08-31 10:30:00-04:00,22.829999923706055,22.829999923706055,22.808500289916992,22.808500289916992,429,0.0,0.0,0.0
2023-08-31 11:30:00-04:00,22.889999389648438,22.889999389648438,22.889999389648438,22.889999389648438,341,0.0,0.0,0.0
2023-08-31 12:30:00-04:00,23.197200775146484,23.197200775146484,23.184999465942383,23.184999465942383,329,0.0,0.0,0.0
2023-08-31 13:30:00-04:00,23.040000915527344,23.139999389648438,23.040000915527344,23.139999389648438,880,0.0,0.0,0.0
2023-08-31 14:30:00-04:00,22.899999618530273,22.899999618530273,22.850000381469727,22.850000381469727,368,0.0,0.0,0.0
2023-08-31 15:30:00-04:00,22.780000686645508,22.979999542236328,22.770000457763672,22.979999542236328,0,0.0,0.0,0.0
2023-09-01 09:30:00-04:00,22.799999237060547,23.649999618530273,22.799999237060547,23.440000534057617,11513,0.0,0.0,0.0
2023-09-01 10:30:00-04:00,23.639999389648438,23.802499771118164,23.639999389648438,23.802499771118164,586,0.0,0.0,0.0
2023-09-01 11:30:00-04:00,23.719999313354492,23.760000228881836,23.649999618530273,23.649999618530273,1831,0.0,0.0,0.0
2023-09-01 12:30:00-04:00,23.5,23.549999237060547,23.450000762939453,23.549999237060547,806,0.0,0.0,0.0
2023-09-01 14:30:00-04:00,23.549999237060547,23.583200454711914,23.530000686645508,23.530000686645508,3502,0.0,0.0,0.0
2023-09-01 15:30:00-04:00,23.53499984741211,23.579999923706055,23.53499984741211,23.579999923706055,171,0.0,0.0,0.0
2023-09-05 09:30:00-04:00,23.959999084472656,24.010000228881836,23.195999145507812,23.639999389648438,12758,0.0,0.0,0.0
2023-09-05 10:30:00-04:00,23.114999771118164,23.469999313354492,23.114999771118164,23.469999313354492,513,0.0,0.0,0.0
2023-09-05 11:30:00-04:00,23.719999313354492,23.729999542236328,23.719999313354492,23.729999542236328,200,0.0,0.0,0.0
2023-09-05 12:30:00-04:00,23.579999923706055,23.579999923706055,23.579999923706055,23.579999923706055,525,0.0,0.0,0.0
2023-09-05 13:30:00-04:00,23.719999313354492,23.719999313354492,23.520000457763672,23.520000457763672,3101,0.0,0.0,0.0
2023-09-05 14:30:00-04:00,23.510000228881836,23.579999923706055,23.450000762939453,23.459999084472656,21126,0.0,0.0,0.0
2023-09-05 15:30:00-04:00,23.420000076293945,23.6200008392334,23.40999984741211,23.56999969482422,0,0.0,0.0,0.0
2023-09-06 09:30:00-04:00,23.6299991607666,24.75,23.600000381469727,24.75,20300,0.0,0.0,0.0
2023-09-06 10:30:00-04:00,24.649999618530273,24.791400909423828,24.600000381469727,24.791400909423828,1120,0.0,0.0,0.0
2023-09-06 11:30:00-04:00,24.790000915527344,24.8799991607666,24.690000534057617,24.790000915527344,1944,0.0,0.0,0.0
2023-09-06 12:30:00-04:00,24.899999618530273,24.959999084472656,24.690000534057617,24.719999313354492,2504,0.0,0.0,0.0
2023-09-06 13:30:00-04:00,24.611000061035156,24.6299991607666,24.31410026550293,24.31410026550293,1102,0.0,0.0,0.0
2023-09-06 14:30:00-04:00,24.5,24.719999313354492,24.290000915527344,24.719999313354492,0,0.0,0.0,0.0
2023-09-06 15:30:00-04:00,24.37619972229004,24.809900283813477,24.37619972229004,24.510000228881836,893,0.0,0.0,0.0
2023-09-07 09:30:00-04:00,25.979999542236328,26.040000915527344,25.360000610351562,25.969999313354492,19385,0.0,0.0,0.0
2023-09-07 10:30:00-04:00,25.770000457763672,25.878999710083008,25.454999923706055,25.760000228881836,10888,0.0,0.0,0.0
2023-09-07 11:30:00-04:00,25.709999084472656,25.788999557495117,25.65999984741211,25.65999984741211,1237,0.0,0.0,0.0
2023-09-07 12:30:00-04:00,25.729999542236328,25.860000610351562,25.649999618530273,25.860000610351562,1317,0.0,0.0,0.0
2023-09-07 13:30:00-04:00,25.809999465942383,25.809999465942383,25.59000015258789,25.639999389648438,587,0.0,0.0,0.0
2023-09-07 14:30:00-04:00,25.59000015258789,25.59000015258789,25.21500015258789,25.239999771118164,1582,0.0,0.0,0.0
2023-09-07 15:30:00-04:00,25.3700008392334,25.420000076293945,25.31999969482422,25.329999923706055,0,0.0,0.0,0.0
2023-09-08 09:30:00-04:00,25.59000015258789,25.59000015258789,25.04010009765625,25.360000610351562,9412,0.0,0.0,0.0
2023-09-08 10:30:00-04:00,25.43000030517578,25.989999771118164,25.43000030517578,25.75,8912,0.0,0.0,0.0
2023-09-08 11:30:00-04:00,25.780000686645508,25.780000686645508,25.520000457763672,25.57900047302246,8445,0.0,0.0,0.0
2023-09-08 12:30:00-04:00,25.594999313354492,25.799999237060547,25.594999313354492,25.799999237060547,706,0.0,0.0,0.0
2023-09-08 13:30:00-04:00,25.899999618530273,25.929000854492188,25.655000686645508,25.858999252319336,1966,0.0,0.0,0.0
2023-09-08 14:30:00-04:00,26.030000686645508,26.030000686645508,26.0,26.0,1759,0.0,0.0,0.0
2023-09-08 15:30:00-04:00,25.979999542236328,26.0,25.639999389648438,25.804100036621094,4095,0.0,0.0,0.0
2023-09-11 09:30:00-04:00,25.440000534057617,26.719999313354492,25.440000534057617,26.690000534057617,6040,0.0,0.0,0.0
2023-09-11 10:30:00-04:00,26.690000534057617,26.701000213623047,26.399999618530273,26.399999618530273,2769,0.0,0.0,0.0
2023-09-11 12:30:00-04:00,26.579999923706055,26.579999923706055,26.3700008392334,26.41990089416504,1767,0.0,0.0,0.0
2023-09-11 13:30:00-04:00,26.309999465942383,26.309999465942383,26.222700119018555,26.222700119018555,1137,0.0,0.0,0.0
2023-09-11 14:30:00-04:00,26.469999313354492,26.469999313354492,26.239999771118164,26.299999237060547,1170,0.0,0.0,0.0
2023-09-11 15:30:00-04:00,25.808000564575195,26.280000686645508,25.808000564575195,26.219999313354492,1743,0.0,0.0,0.0
2023-09-12 09:30:00-04:00,26.649999618530273,26.649999618530273,25.84000015258789,26.059999465942383,4310,0.0,0.0,0.0
2023-09-12 10:30:00-04:00,26.20549964904785,26.20549964904785,26.0,26.0,1220,0.0,0.0,0.0
2023-09-12 11:30:00-04:00,26.0,26.09000015258789,26.0,26.09000015258789,1144,0.0,0.0,0.0
2023-09-12 12:30:00-04:00,26.020000457763672,26.110000610351562,26.020000457763672,26.110000610351562,497,0.0,0.0,0.0
2023-09-12 13:30:00-04:00,26.059999465942383,26.059999465942383,25.860000610351562,25.8799991607666,1356,0.0,0.0,0.0
2023-09-12 14:30:00-04:00,26.31999969482422,26.3700008392334,26.31999969482422,26.3700008392334,1934,0.0,0.0,0.0
2023-09-12 15:30:00-04:00,26.489999771118164,26.5,26.37579917907715,26.37579917907715,0,0.0,0.0,0.0
2023-09-13 09:30:00-04:00,26.59000015258789,26.600000381469727,25.8700008392334,25.8700008392334,1548,0.0,0.0,0.0
2023-09-13 10:30:00-04:00,26.059999465942383,26.229999542236328,26.059999465942383,26.200000762939453,6234,0.0,0.0,0.0
2023-09-13 12:30:00-04:00,25.829999923706055,25.829999923706055,25.6299991607666,25.6299991607666,3285,0.0,0.0,0.0
2023-09-13 13:30:00-04:00,25.719999313354492,25.84000015258789,25.719999313354492,25.829999923706055,827,0.0,0.0,0.0
2023-09-13 14:30:00-04:00,25.6382999420166,26.1200008392334,25.6382999420166,26.059999465942383,1968,0.0,0.0,0.0
2023-09-13 15:30:00-04:00,25.950000762939453,26.059999465942383,25.5049991607666,25.6299991607666,0,0.0,0.0,0.0
2023-09-14 09:30:00-04:00,25.600000381469727,26.040000915527344,25.549999237060547,25.964599609375,21263,0.0,0.0,0.0
2023-09-14 10:30:00-04:00,25.899999618530273,25.90999984741211,25.690000534057617,25.700000762939453,2509,0.0,0.0,0.0
2023-09-14 12:30:00-04:00,25.959999084472656,25.959999084472656,25.959999084472656,25.959999084472656,4362,0.0,0.0,0.0
2023-09-14 14:30:00-04:00,26.020000457763672,26.020000457763672,25.959999084472656,25.959999084472656,3795,0.0,0.0,0.0
2023-09-14 15:30:00-04:00,25.90999984741211,25.920000076293945,25.799999237060547,25.799999237060547,0,0.0,0.0,0.0
2023-09-15 09:30:00-04:00,25.90999984741211,26.690000534057617,25.90999984741211,26.6200008392334,12950,0.0,0.0,0.0
2023-09-15 10:30:00-04:00,26.6200008392334,26.979999542236328,26.600000381469727,26.889999389648438,3618,0.0,0.0,0.0
2023-09-15 11:30:00-04:00,27.059999465942383,27.18000030517578,27.059999465942383,27.18000030517578,830,0.0,0.0,0.0
2023-09-15 12:30:00-04:00,26.90999984741211,27.250699996948242,26.8700008392334,27.250699996948242,2754,0.0,0.0,0.0
2023-09-15 13:30:00-04:00,27.315000534057617,27.315000534057617,27.280000686645508,27.290000915527344,1662,0.0,0.0,0.0
2023-09-15 14:30:00-04:00,27.219999313354492,27.31999969482422,27.219999313354492,27.31999969482422,1756,0.0,0.0,0.0
2023-09-15 15:30:00-04:00,27.270000457763672,27.3700008392334,27.270000457763672,27.329999923706055,3215,0.0,0.0,0.0
2023-09-18 09:30:00-04:00,28.459999084472656,28.807199478149414,27.510000228881836,27.530000686645508,29383,0.0,0.0,0.0
2023-09-18 10:30:00-04:00,27.510000228881836,27.75779914855957,27.350000381469727,27.54949951171875,10356,0.0,0.0,0.0
2023-09-18 11:30:00-04:00,27.549100875854492,27.549100875854492,27.34000015258789,27.40999984741211,2441,0.0,0.0,0.0
2023-09-18 12:30:00-04:00,27.209999084472656,27.401899337768555,27.209999084472656,27.401899337768555,1250,0.0,0.0,0.0
2023-09-18 13:30:00-04:00,27.209999084472656,27.239999771118164,27.19070053100586,27.239999771118164,3221,0.0,0.0,0.0
2023-09-18 14:30:00-04:00,27.34670066833496,27.475799560546875,27.34670066833496,27.475799560546875,2067,0.0,0.0,0.0
2023-09-18 15:30:00-04:00,27.479999542236328,27.520000457763672,27.260000228881836,27.260000228881836,0,0.0,0.0,0.0
2023-09-19 09:30:00-04:00,27.3799991607666,27.75,27.290000915527344,27.549999237060547,15506,0.0,0.0,0.0
2023-09-19 10:30:00-04:00,27.850000381469727,28.049999237060547,27.850000381469727,27.8700008392334,4487,0.0,0.0,0.0
2023-09-19 11:30:00-04:00,27.549999237060547,28.09000015258789,27.549999237060547,28.09000015258789,2277,0.0,0.0,0.0
2023-09-19 12:30:00-04:00,28.030000686645508,28.030000686645508,27.899999618530273,27.93000030517578,1405,0.0,0.0,0.0
2023-09-19 13:30:00-04:00,27.527799606323242,27.729999542236328,27.1200008392334,27.700000762939453,4901,0.0,0.0,0.0
2023-09-19 14:30:00-04:00,27.479999542236328,27.790000915527344,27.3799991607666,27.790000915527344,808,0.0,0.0,0.0
2023-09-19 15:30:00-04:00,27.639999389648438,27.770000457763672,27.639999389648438,27.660400390625,0,0.0,0.0,0.0
2023-09-20 09:30:00-04:00,27.1200008392334,27.739999771118164,27.079999923706055,27.739999771118164,2384,0.0,0.0,0.0
2023-09-20 10:30:00-04:00,27.729999542236328,27.829999923706055,27.729999542236328,27.829999923706055,998,0.0,0.0,0.0
2023-09-20 11:30:00-04:00,27.6299991607666,27.6299991607666,27.6299991607666,27.6299991607666,1891,0.0,0.0,0.0
2023-09-20 12:30:00-04:00,27.700000762939453,27.889999389648438,27.700000762939453,27.8799991607666,2494,0.0,0.0,0.0
2023-09-20 13:30:00-04:00,28.190000534057617,28.190000534057617,28.100000381469727,28.100000381469727,1225,0.0,0.0,0.0
2023-09-20 14:30:00-04:00,27.93000030517578,28.4689998626709,27.889999389648438,28.43000030517578,17537,0.0,0.0,0.0
2023-09-20 15:30:00-04:00,28.43000030517578,28.790000915527344,28.399999618530273,28.399999618530273,6490,0.0,0.0,0.0
2023-09-21 09:30:00-04:00,29.68000030517578,29.850000381469727,29.020000457763672,29.450000762939453,39851,0.0,0.0,0.0
2023-09-21 10:30:00-04:00,29.450000762939453,29.75819969177246,29.440000534057617,29.75819969177246,3689,0.0,0.0,0.0
2023-09-21 11:30:00-04:00,29.7549991607666,29.829999923706055,29.579999923706055,29.701000213623047,4633,0.0,0.0,0.0
2023-09-21 12:30:00-04:00,29.685199737548828,29.799999237060547,29.685199737548828,29.709999084472656,2072,0.0,0.0,0.0
2023-09-21 13:30:00-04:00,29.749000549316406,29.749000549316406,29.73900032043457,29.73900032043457,394,0.0,0.0,0.0
2023-09-21 14:30:00-04:00,29.780000686645508,30.135000228881836,29.780000686645508,30.050100326538086,18385,0.0,0.0,0.0
2023-09-21 15:30:00-04:00,30.190000534057617,30.190000534057617,29.950000762939453,30.149999618530273,0,0.0,0.0,0.0
2023-09-22 09:30:00-04:00,29.549999237060547,29.899999618530273,29.280000686645508,29.68000030517578,38308,0.0,0.0,0.0
2023-09-22 10:30:00-04:00,29.510000228881836,29.510000228881836,29.0,29.25029945373535,5431,0.0,0.0,0.0
2023-09-22 11:30:00-04:00,29.06999969482422,29.298999786376953,29.069900512695312,29.198999404907227,2138,0.0,0.0,0.0
2023-09-22 12:30:00-04:00,29.221399307250977,29.340900421142578,29.219999313354492,29.340900421142578,3809,0.0,0.0,0.0
2023-09-22 13:30:00-04:00,29.510000228881836,29.8799991607666,29.510000228881836,29.799999237060547,1844,0.0,0.0,0.0
2023-09-22 14:30:00-04:00,29.628999710083008,29.649700164794922,29.269899368286133,29.269899368286133,0,0.0,0.0,0.0
2023-09-22 15:30:00-04:00,29.260000228881836,29.469999313354492,29.23900032043457,29.469999313354492,56731,0.0,0.0,0.0
2023-09-25 09:30:00-04:00,29.700000762939453,29.84000015258789,28.639999389648438,28.969999313354492,20611,0.0,0.0,0.0
2023-09-25 10:30:00-04:00,29.039899826049805,29.139999389648438,28.709999084472656,28.709999084472656,12015,0.0,0.0,0.0
2023-09-25 11:30:00-04:00,28.809999465942383,28.8799991607666,28.809999465942383,28.829999923706055,858,0.0,0.0,0.0
2023-09-25 12:30:00-04:00,28.790000915527344,29.04199981689453,28.790000915527344,28.8799991607666,1255,0.0,0.0,0.0
2023-09-25 13:30:00-04:00,29.0,29.0,28.979999542236328,28.989999771118164,1401,0.0,0.0,0.0
2023-09-25 14:30:00-04:00,29.149999618530273,29.34000015258789,29.030000686645508,29.34000015258789,3581,0.0,0.0,0.0
2023-09-25 15:30:00-04:00,29.200000762939453,29.200000762939453,28.790000915527344,28.790000915527344,0,0.0,0.0,0.0
2023-09-26 09:30:00-04:00,29.190000534057617,29.399999618530273,28.93120002746582,28.93120002746582,5216,0.0,0.0,0.0
2023-09-26 10:30:00-04:00,28.712299346923828,28.79990005493164,28.48200035095215,28.79990005493164,3854,0.0,0.0,0.0
2023-09-26 11:30:00-04:00,29.100000381469727,29.100000381469727,29.100000381469727,29.100000381469727,1783,0.0,0.0,0.0
2023-09-26 12:30:00-04:00,28.739999771118164,28.860000610351562,28.739999771118164,28.798999786376953,2542,0.0,0.0,0.0
2023-09-26 13:30:00-04:00,28.899999618530273,28.899999618530273,28.8799991607666,28.899999618530273,3438,0.0,0.0,0.0
2023-09-26 14:30:00-04:00,28.950000762939453,29.0,28.809999465942383,28.809999465942383,3753,0.0,0.0,0.0
2023-09-26 15:30:00-04:00,29.280000686645508,29.280000686645508,29.192699432373047,29.192699432373047,0,0.0,0.0,0.0
2023-09-27 09:30:00-04:00,28.860000610351562,28.860000610351562,28.389999389648438,28.638700485229492,4019,0.0,0.0,0.0
2023-09-27 10:30:00-04:00,28.67140007019043,28.67140007019043,28.67140007019043,28.67140007019043,455,0.0,0.0,0.0
2023-09-27 11:30:00-04:00,29.020000457763672,29.3700008392334,28.810100555419922,29.3700008392334,846,0.0,0.0,0.0
2023-09-27 12:30:00-04:00,29.09000015258789,29.09000015258789,29.09000015258789,29.09000015258789,182,0.0,0.0,0.0
2023-09-27 13:30:00-04:00,29.131000518798828,29.131000518798828,29.131000518798828,29.131000518798828,278,0.0,0.0,0.0
2023-09-27 14:30:00-04:00,28.399999618530273,28.399999618530273,28.25,28.25,1781,0.0,0.0,0.0
2023-09-27 15:30:00-04:00,28.329999923706055,28.670000076293945,28.329999923706055,28.600000381469727,0,0.0,0.0,0.0
2023-09-28 09:30:00-04:00,28.530000686645508,29.0,28.179899215698242,28.479999542236328,10262,0.0,0.0,0.0
2023-09-28 10:30:00-04:00,28.65999984741211,28.68000030517578,28.438899993896484,28.438899993896484,2884,0.0,0.0,0.0
2023-09-28 11:30:00-04:00,28.059999465942383,28.059999465942383,28.040000915527344,28.040000915527344,492,0.0,0.0,0.0
2023-09-28 12:30:00-04:00,27.790000915527344,27.943899154663086,27.790000915527344,27.8799991607666,5837,0.0,0.0,0.0
2023-09-28 13:30:00-04:00,28.030000686645508,28.030000686645508,27.840999603271484,27.840999603271484,2201,0.0,0.0,0.0
2023-09-28 14:30:00-04:00,27.93000030517578,28.190000534057617,27.860000610351562,27.860000610351562,5351,0.0,0.0,0.0
2023-09-28 15:30:00-04:00,27.940000534057617,28.059999465942383,27.940000534057617,28.00469970703125,0,0.0,0.0,0.0
2023-09-29 09:30:00-04:00,27.301000595092773,27.469999313354492,27.139999389648438,27.25,3628,0.0,0.0,0.0
2023-09-29 10:30:00-04:00,27.31100082397461,27.31100082397461,27.31100082397461,27.31100082397461,381,0.0,0.0,0.0
2023-09-29 11:30:00-04:00,27.399999618530273,27.400100708007812,27.399999618530273,27.400100708007812,473,0.0,0.0,0.0
2023-09-29 12:30:00-04:00,27.490299224853516,27.649999618530273,27.458999633789062,27.649999618530273,4574,0.0,0.0,0.0
2023-09-29 13:30:00-04:00,27.68000030517578,27.68000030517578,27.68000030517578,27.68000030517578,178,0.0,0.0,0.0
2023-09-29 14:30:00-04:00,27.489999771118164,27.59000015258789,27.489999771118164,27.570100784301758,1052,0.0,0.0,0.0
2023-09-29 15:30:00-04:00,27.532400131225586,27.600000381469727,27.532400131225586,27.600000381469727,266,0.0,0.0,0.0
2023-10-02 09:30:00-04:00,27.190000534057617,27.290000915527344,26.43000030517578,26.43000030517578,9152,0.0,0.0,0.0
2023-10-02 10:30:00-04:00,26.559999465942383,26.559999465942383,26.149999618530273,26.149999618530273,3320,0.0,0.0,0.0
2023-10-02 11:30:00-04:00,26.06999969482422,26.549999237060547,26.06999969482422,26.420000076293945,1271,0.0,0.0,0.0
2023-10-02 12:30:00-04:00,26.510000228881836,26.610000610351562,26.459999084472656,26.459999084472656,1687,0.0,0.0,0.0
2023-10-02 13:30:00-04:00,26.459999084472656,26.729999542236328,26.459999084472656,26.729999542236328,413,0.0,0.0,0.0
2023-10-02 14:30:00-04:00,26.75,26.8700008392334,26.68000030517578,26.68000030517578,1594,0.0,0.0,0.0
2023-10-02 15:30:00-04:00,26.670000076293945,26.68000030517578,26.260000228881836,26.260000228881836,0,0.0,0.0,0.0
2023-10-03 09:30:00-04:00,26.431900024414062,26.799999237060547,26.18000030517578,26.799999237060547,4462,0.0,0.0,0.0
2023-10-03 10:30:00-04:00,26.68000030517578,27.229999542236328,26.68000030517578,27.200000762939453,1260,0.0,0.0,0.0
2023-10-03 11:30:00-04:00,27.309999465942383,27.389999389648438,27.18000030517578,27.200000762939453,4104,0.0,0.0,0.0
2023-10-03 12:30:00-04:00,27.18000030517578,27.399999618530273,27.18000030517578,27.399999618530273,209,0.0,0.0,0.0
2023-10-03 13:30:00-04:00,27.440000534057617,27.440000534057617,27.3700008392334,27.3700008392334,422,0.0,0.0,0.0
2023-10-03 14:30:00-04:00,27.530000686645508,27.530000686645508,27.43000030517578,27.5,1181,0.0,0.0,0.0
2023-10-03 15:30:00-04:00,27.610000610351562,27.610000610351562,27.540000915527344,27.540000915527344,0,0.0,0.0,0.0
2023-10-04 09:30:00-04:00,27.469999313354492,27.469999313354492,27.170000076293945,27.34000015258789,2208,0.0,0.0,0.0
2023-10-04 10:30:00-04:00,27.579999923706055,27.579999923706055,27.209999084472656,27.239999771118164,1309,0.0,0.0,0.0
2023-10-04 11:30:00-04:00,27.1299991607666,27.149999618530273,27.1299991607666,27.140300750732422,2363,0.0,0.0,0.0
2023-10-04 12:30:00-04:00,27.18000030517578,27.31999969482422,27.18000030517578,27.31999969482422,540,0.0,0.0,0.0
2023-10-04 13:30:00-04:00,27.459999084472656,27.459999084472656,27.459999084472656,27.459999084472656,214,0.0,0.0,0.0
2023-10-04 14:30:00-04:00,27.34000015258789,27.350000381469727,27.15130043029785,27.15130043029785,1016,0.0,0.0,0.0
2023-10-04 15:30:00-04:00,27.124900817871094,27.170000076293945,27.041000366210938,27.079999923706055,0,0.0,0.0,0.0
2023-10-05 09:30:00-04:00,26.520099639892578,27.18000030517578,26.520099639892578,26.810800552368164,16835,0.0,0.0,0.0
2023-10-05 10:30:00-04:00,26.8700008392334,26.979999542236328,26.8700008392334,26.959999084472656,548,0.0,0.0,0.0
2023-10-05 11:30:00-04:00,26.93000030517578,26.93000030517578,26.670000076293945,26.670000076293945,1897,0.0,0.0,0.0
2023-10-05 12:30:00-04:00,26.609899520874023,26.780000686645508,26.609899520874023,26.780000686645508,725,0.0,0.0,0.0
2023-10-05 13:30:00-04:00,26.550100326538086,26.550100326538086,26.420000076293945,26.43000030517578,1133,0.0,0.0,0.0
2023-10-05 14:30:00-04:00,26.34000015258789,26.5,26.31999969482422,26.420000076293945,4194,0.0,0.0,0.0
2023-10-05 15:30:00-04:00,26.399999618530273,26.5,26.399999618530273,26.484100341796875,2552,0.0,0.0,0.0
2023-10-06 09:30:00-04:00,26.979999542236328,27.010000228881836,26.489999771118164,26.489999771118164,29813,0.0,0.0,0.0
2023-10-06 10:30:00-04:00,26.34000015258789,26.3799991607666,26.110000610351562,26.110000610351562,9833,0.0,0.0,0.0
2023-10-06 11:30:00-04:00,26.110000610351562,26.110000610351562,25.709999084472656,25.850000381469727,7514,0.0,0.0,0.0
2023-10-06 12:30:00-04:00,25.790000915527344,25.790000915527344,25.690000534057617,25.690000534057617,1899,0.0,0.0,0.0
2023-10-06 13:30:00-04:00,25.84000015258789,25.84000015258789,25.71310043334961,25.72010040283203,2583,0.0,0.0,0.0
2023-10-06 14:30:00-04:00,25.700000762939453,25.729999542236328,25.690000534057617,25.690000534057617,3461,0.0,0.0,0.0
2023-10-06 15:30:00-04:00,25.638999938964844,25.638999938964844,25.510000228881836,25.510000228881836,2893,0.0,0.0,0.0
2023-10-09 09:30:00-04:00,26.270000457763672,26.610000610351562,26.200000762939453,26.56999969482422,28211,0.0,0.0,0.0
2023-10-09 10:30:00-04:00,26.559999465942383,26.559999465942383,26.43440055847168,26.43440055847168,1132,0.0,0.0,0.0
2023-10-09 11:30:00-04:00,26.43000030517578,26.43000030517578,26.43000030517578,26.43000030517578,179,0.0,0.0,0.0
2023-10-09 12:30:00-04:00,25.90999984741211,25.90999984741211,25.90999984741211,25.90999984741211,1726,0.0,0.0,0.0
2023-10-09 13:30:00-04:00,25.93000030517578,25.93000030517578,25.645000457763672,25.645000457763672,855,0.0,0.0,0.0
2023-10-09 14:30:00-04:00,25.760000228881836,25.819000244140625,25.760000228881836,25.819000244140625,2924,0.0,0.0,0.0
2023-10-09 15:30:00-04:00,26.0,26.0,25.850000381469727,25.979999542236328,0,0.0,0.0,0.0
2023-10-10 09:30:00-04:00,25.969999313354492,25.969999313354492,25.682600021362305,25.682600021362305,1283,0.0,0.0,0.0
2023-10-10 10:30:00-04:00,25.479999542236328,25.479999542236328,25.149999618530273,25.149999618530273,4602,0.0,0.0,0.0
2023-10-10 11:30:00-04:00,25.290000915527344,25.290000915527344,25.235000610351562,25.235000610351562,366,0.0,0.0,0.0
2023-10-10 12:30:00-04:00,25.299999237060547,25.299999237060547,25.299999237060547,25.299999237060547,388,0.0,0.0,0.0
2023-10-10 13:30:00-04:00,25.388999938964844,25.41900062561035,25.388999938964844,25.41900062561035,1691,0.0,0.0,0.0
2023-10-10 14:30:00-04:00,25.34000015258789,25.35700035095215,25.34000015258789,25.35700035095215,265,0.0,0.0,0.0
2023-10-10 15:30:00-04:00,25.458999633789062,25.549999237060547,25.458999633789062,25.549999237060547,0,0.0,0.0,0.0
2023-10-11 09:30:00-04:00,25.469999313354492,25.469999313354492,24.93000030517578,24.969999313354492,21651,0.0,0.0,0.0
2023-10-11 10:30:00-04:00,25.040000915527344,25.040000915527344,24.84000015258789,24.96980094909668,7658,0.0,0.0,0.0
2023-10-11 11:30:00-04:00,25.104999542236328,25.15999984741211,25.049999237060547,25.15999984741211,964,0.0,0.0,0.0
2023-10-11 12:30:00-04:00,25.18899917602539,25.18899917602539,25.15999984741211,25.15999984741211,489,0.0,0.0,0.0
2023-10-11 13:30:00-04:00,25.274999618530273,25.274999618530273,25.040000915527344,25.040000915527344,3159,0.0,0.0,0.0
2023-10-11 14:30:00-04:00,24.989999771118164,25.0,24.6200008392334,24.90999984741211,28982,0.0,0.0,0.0
2023-10-11 15:30:00-04:00,24.760000228881836,24.760000228881836,24.579999923706055,24.579999923706055,0,0.0,0.0,0.0
2023-10-12 09:30:00-04:00,24.579999923706055,24.690000534057617,24.125,24.125,2737,0.0,0.0,0.0
2023-10-12 10:30:00-04:00,24.149999618530273,24.239099502563477,24.1299991607666,24.239099502563477,2172,0.0,0.0,0.0
2023-10-12 11:30:00-04:00,24.15999984741211,24.280000686645508,24.139999389648438,24.214000701904297,1329,0.0,0.0,0.0
2023-10-12 12:30:00-04:00,24.1299991607666,24.420000076293945,24.1299991607666,24.420000076293945,1709,0.0,0.0,0.0
2023-10-12 13:30:00-04:00,24.579999923706055,25.049999237060547,24.510000228881836,24.783000946044922,1962,0.0,0.0,0.0
2023-10-12 14:30:00-04:00,24.798999786376953,24.798999786376953,24.590700149536133,24.670000076293945,3485,0.0,0.0,0.0
2023-10-12 15:30:00-04:00,24.600000381469727,24.6200008392334,24.549999237060547,24.579999923706055,0,0.0,0.0,0.0
2023-10-13 09:30:00-04:00,24.690000534057617,24.75,24.59000015258789,24.59000015258789,3639,0.0,0.0,0.0
2023-10-13 10:30:00-04:00,24.850000381469727,25.299999237060547,24.850000381469727,25.290000915527344,3736,0.0,0.0,0.0
2023-10-13 11:30:00-04:00,24.850000381469727,25.31999969482422,24.850000381469727,25.184999465942383,2400,0.0,0.0,0.0
2023-10-13 12:30:00-04:00,25.18000030517578,25.57900047302246,25.18000030517578,25.57900047302246,3736,0.0,0.0,0.0
2023-10-13 13:30:00-04:00,25.489999771118164,25.8700008392334,25.489999771118164,25.8700008392334,2498,0.0,0.0,0.0
2023-10-13 14:30:00-04:00,25.556400299072266,25.739999771118164,25.556400299072266,25.739999771118164,2913,0.0,0.0,0.0
2023-10-13 15:30:00-04:00,25.684999465942383,25.770000457763672,25.270000457763672,25.34000015258789,1536,0.0,0.0,0.0
2023-10-16 09:30:00-04:00,25.950000762939453,25.950000762939453,25.4950008392334,25.950000762939453,3923,0.0,0.0,0.0
2023-10-16 10:30:00-04:00,25.270000457763672,25.34000015258789,25.270000457763672,25.34000015258789,713,0.0,0.0,0.0
2023-10-16 11:30:00-04:00,25.299999237060547,25.299999237060547,25.299999237060547,25.299999237060547,262,0.0,0.0,0.0
2023-10-16 14:30:00-04:00,25.31999969482422,25.31999969482422,25.209999084472656,25.209999084472656,1256,0.0,0.0,0.0
2023-10-16 15:30:00-04:00,25.200000762939453,25.270000457763672,25.104000091552734,25.104000091552734,0,0.0,0.0,0.0
2023-10-17 09:30:00-04:00,27.049999237060547,28.209999084472656,26.979999542236328,27.209999084472656,28080,0.0,0.0,0.0
2023-10-17 10:30:00-04:00,27.1200008392334,27.1200008392334,26.829999923706055,26.905000686645508,2063,0.0,0.0,0.0
2023-10-17 11:30:00-04:00,26.719999313354492,26.739999771118164,26.350000381469727,26.389999389648438,5567,0.0,0.0,0.0
2023-10-17 12:30:00-04:00,26.4960994720459,26.899999618530273,26.4960994720459,26.839000701904297,2964,0.0,0.0,0.0
2023-10-17 13:30:00-04:00,26.969999313354492,27.200000762939453,26.969999313354492,27.024999618530273,4500,0.0,0.0,0.0
2023-10-17 14:30:00-04:00,27.0,27.06999969482422,26.899999618530273,27.02899932861328,13480,0.0,0.0,0.0
2023-10-17 15:30:00-04:00,27.0,27.139999389648438,26.989999771118164,27.139999389648438,0,0.0,0.0,0.0
2023-10-18 09:30:00-04:00,28.290000915527344,28.40999984741211,27.729999542236328,28.179000854492188,43119,0.0,0.0,0.0
2023-10-18 10:30:00-04:00,28.25,28.511199951171875,28.25,28.305700302124023,10589,0.0,0.0,0.0
2023-10-18 11:30:00-04:00,28.360000610351562,28.506000518798828,28.315000534057617,28.489999771118164,6590,0.0,0.0,0.0
2023-10-18 12:30:00-04:00,28.538999557495117,28.770000457763672,28.420000076293945,28.420000076293945,13687,0.0,0.0,0.0
2023-10-18 13:30:00-04:00,28.5,28.670000076293945,28.450000762939453,28.600000381469727,4247,0.0,0.0,0.0
2023-10-18 14:30:00-04:00,28.559999465942383,28.84000015258789,28.530000686645508,28.790000915527344,7581,0.0,0.0,0.0
2023-10-18 15:30:00-04:00,28.789899826049805,28.8799991607666,28.6299991607666,28.6299991607666,5009,0.0,0.0,0.0
2023-10-19 09:30:00-04:00,27.850000381469727,28.18000030517578,27.530000686645508,27.530000686645508,6266,0.0,0.0,0.0
2023-10-19 10:30:00-04:00,27.850000381469727,28.170000076293945,27.850000381469727,28.170000076293945,1170,0.0,0.0,0.0
2023-10-19 11:30:00-04:00,27.920000076293945,27.93000030517578,27.829999923706055,27.8700008392334,2413,0.0,0.0,0.0
2023-10-19 12:30:00-04:00,28.15999984741211,28.15999984741211,28.15999984741211,28.15999984741211,310,0.0,0.0,0.0
2023-10-19 13:30:00-04:00,28.23900032043457,28.23900032043457,28.23900032043457,28.23900032043457,631,0.0,0.0,0.0
2023-10-19 14:30:00-04:00,28.540000915527344,28.670000076293945,28.43000030517578,28.670000076293945,1582,0.0,0.0,0.0
2023-10-19 15:30:00-04:00,28.799999237060547,28.799999237060547,28.600000381469727,28.600000381469727,0,0.0,0.0,0.0
2023-10-20 09:30:00-04:00,29.280000686645508,29.280000686645508,28.219999313354492,28.71500015258789,4269,0.0,0.0,0.0
2023-10-20 10:30:00-04:00,29.0177001953125,29.729999542236328,29.0177001953125,29.549999237060547,4233,0.0,0.0,0.0
2023-10-20 11:30:00-04:00,29.479999542236328,29.57819938659668,29.34000015258789,29.57819938659668,2740,0.0,0.0,0.0
2023-10-20 12:30:00-04:00,29.450000762939453,29.450000762939453,29.09000015258789,29.090099334716797,1155,0.0,0.0,0.0
2023-10-20 13:30:00-04:00,29.030000686645508,29.329599380493164,28.81999969482422,29.260000228881836,953,0.0,0.0,0.0
2023-10-20 14:30:00-04:00,29.260000228881836,29.364999771118164,29.079999923706055,29.364999771118164,3088,0.0,0.0,0.0
2023-10-20 15:30:00-04:00,29.309999465942383,29.5,29.280000686645508,29.450000762939453,2645,0.0,0.0,0.0
2023-10-23 09:30:00-04:00,29.68000030517578,29.860000610351562,28.400800704956055,28.43000030517578,31883,0.0,0.0,0.0
2023-10-23 10:30:00-04:00,28.450000762939453,28.670000076293945,28.25,28.359899520874023,17547,0.0,0.0,0.0
2023-10-23 11:30:00-04:00,28.329599380493164,28.32990074157715,27.920000076293945,28.020000457763672,19880,0.0,0.0,0.0
2023-10-23 12:30:00-04:00,27.989999771118164,28.149999618530273,27.780000686645508,28.030000686645508,18083,0.0,0.0,0.0
2023-10-23 13:30:00-04:00,27.969999313354492,27.969999313354492,27.809999465942383,27.930099487304688,9508,0.0,0.0,0.0
2023-10-23 14:30:00-04:00,27.8700008392334,27.8700008392334,27.68000030517578,27.760000228881836,5755,0.0,0.0,0.0
2023-10-23 15:30:00-04:00,27.799999237060547,27.84939956665039,27.75,27.790000915527344,0,0.0,0.0,0.0
2023-10-24 09:30:00-04:00,27.729999542236328,27.979999542236328,27.49959945678711,27.829999923706055,22617,0.0,0.0,0.0
2023-10-24 10:30:00-04:00,27.75,27.829999923706055,27.579999923706055,27.579999923706055,2587,0.0,0.0,0.0
2023-10-24 11:30:00-04:00,27.729999542236328,27.760000228881836,27.709999084472656,27.760000228881836,3376,0.0,0.0,0.0
2023-10-24 12:30:00-04:00,27.899999618530273,28.079999923706055,27.719999313354492,27.719999313354492,4432,0.0,0.0,0.0
2023-10-24 13:30:00-04:00,27.639999389648438,27.649999618530273,27.639999389648438,27.649999618530273,2451,0.0,0.0,0.0
2023-10-24 14:30:00-04:00,27.520000457763672,27.520000457763672,27.270000457763672,27.270000457763672,1175,0.0,0.0,0.0
2023-10-24 15:30:00-04:00,27.14069938659668,27.149999618530273,27.06999969482422,27.149999618530273,0,0.0,0.0,0.0
2023-10-25 09:30:00-04:00,27.7273006439209,27.7273006439209,27.584999084472656,27.68440055847168,3172,0.0,0.0,0.0
2023-10-25 10:30:00-04:00,27.649999618530273,27.959999084472656,27.420000076293945,27.959999084472656,6377,0.0,0.0,0.0
2023-10-25 11:30:00-04:00,27.920000076293945,28.31999969482422,27.920000076293945,28.25,2144,0.0,0.0,0.0
2023-10-25 12:30:00-04:00,28.399999618530273,28.5,28.399999618530273,28.5,1592,0.0,0.0,0.0
2023-10-25 13:30:00-04:00,28.729999542236328,28.93000030517578,28.670000076293945,28.729999542236328,2767,0.0,0.0,0.0
2023-10-25 14:30:00-04:00,28.940000534057617,29.010000228881836,28.899999618530273,28.90999984741211,3024,0.0,0.0,0.0
2023-10-25 15:30:00-04:00,28.799999237060547,28.979999542236328,28.799999237060547,28.906400680541992,0,0.0,0.0,0.0
2023-10-26 09:30:00-04:00,28.93000030517578,29.850000381469727,28.469999313354492,29.790000915527344,29934,0.0,0.0,0.0
2023-10-26 10:30:00-04:00,29.65999984741211,30.03499984741211,29.3700008392334,30.03499984741211,3668,0.0,0.0,0.0
2023-10-26 11:30:00-04:00,30.239999771118164,30.600000381469727,30.09000015258789,30.549999237060547,2869,0.0,0.0,0.0
2023-10-26 12:30:00-04:00,30.5492000579834,30.7189998626709,30.25,30.399999618530273,2058,0.0,0.0,0.0
2023-10-26 13:30:00-04:00,30.530000686645508,30.81999969482422,30.049999237060547,30.08099937438965,4410,0.0,0.0,0.0
2023-10-26 14:30:00-04:00,29.860000610351562,30.119600296020508,29.822599411010742,30.049999237060547,2064,0.0,0.0,0.0
2023-10-26 15:30:00-04:00,30.31999969482422,30.43000030517578,30.219999313354492,30.43000030517578,2965,0.0,0.0,0.0
2023-10-27 09:30:00-04:00,29.639999389648438,29.860000610351562,29.6200008392334,29.770000457763672,3005,0.0,0.0,0.0
2023-10-27 10:30:00-04:00,29.903099060058594,30.09000015258789,29.903099060058594,30.09000015258789,2350,0.0,0.0,0.0
2023-10-27 12:30:00-04:00,30.1200008392334,30.34000015258789,29.829999923706055,30.34000015258789,1812,0.0,0.0,0.0
2023-10-27 13:30:00-04:00,30.520000457763672,30.579500198364258,30.361000061035156,30.579500198364258,2964,0.0,0.0,0.0
2023-10-27 14:30:00-04:00,30.5226993560791,30.59000015258789,30.38599967956543,30.510000228881836,4941,0.0,0.0,0.0
2023-10-27 15:30:00-04:00,30.389999389648438,30.389999389648438,30.170000076293945,30.25,1459,0.0,0.0,0.0
2023-10-30 09:30:00-04:00,29.45009994506836,29.459999084472656,28.760000228881836,29.399999618530273,4414,0.0,0.0,0.0
2023-10-30 10:30:00-04:00,29.760000228881836,30.030000686645508,29.760000228881836,30.030000686645508,1234,0.0,0.0,0.0
2023-10-30 11:30:00-04:00,29.670000076293945,29.899999618530273,29.670000076293945,29.8799991607666,1925,0.0,0.0,0.0
2023-10-30 12:30:00-04:00,29.8700008392334,29.899999618530273,29.8700008392334,29.899999618530273,1322,0.0,0.0,0.0
2023-10-30 13:30:00-04:00,29.470800399780273,29.470800399780273,29.470800399780273,29.470800399780273,499,0.0,0.0,0.0
2023-10-30 14:30:00-04:00,29.559999465942383,29.559999465942383,29.19499969482422,29.360000610351562,5598,0.0,0.0,0.0
2023-10-30 15:30:00-04:00,29.260000228881836,29.510000228881836,29.260000228881836,29.510000228881836,0,0.0,0.0,0.0
2023-10-31 09:30:00-04:00,30.149999618530273,31.454200744628906,30.149999618530273,30.7677001953125,21095,0.0,0.0,0.0
2023-10-31 10:30:00-04:00,30.81999969482422,31.25,30.270000457763672,30.700000762939453,7041,0.0,0.0,0.0
2023-10-31 11:30:00-04:00,30.219999313354492,30.690000534057617,30.219999313354492,30.41010093688965,3078,0.0,0.0,0.0
2023-10-31 12:30:00-04:00,30.344999313354492,30.40999984741211,30.344999313354492,30.40999984741211,1412,0.0,0.0,0.0
2023-10-31 13:30:00-04:00,30.18000030517578,30.18000030517578,30.040000915527344,30.040000915527344,4054,0.0,0.0,0.0
2023-10-31 14:30:00-04:00,30.100000381469727,30.100000381469727,29.84000015258789,29.8799991607666,5464,0.0,0.0,0.0
2023-10-31 15:30:00-04:00,29.856800079345703,30.030000686645508,29.719999313354492,29.719999313354492,2556,0.0,0.0,0.0
2023-11-01 09:30:00-04:00,29.469999313354492,29.618999481201172,29.0,29.010000228881836,10997,0.0,0.0,0.0
2023-11-01 10:30:00-04:00,28.860000610351562,28.954999923706055,28.559999465942383,28.65169906616211,4591,0.0,0.0,0.0
2023-11-01 11:30:00-04:00,28.73270034790039,28.88990020751953,28.690000534057617,28.88990020751953,1764,0.0,0.0,0.0
2023-11-01 12:30:00-04:00,29.0,29.0,29.0,29.0,139,0.0,0.0,0.0
2023-11-01 13:30:00-04:00,28.899999618530273,29.059999465942383,28.76740074157715,28.81999969482422,1966,0.0,0.0,0.0
2023-11-01 14:30:00-04:00,28.588899612426758,28.6200008392334,28.281099319458008,28.281099319458008,1551,0.0,0.0,0.0
2023-11-01 15:30:00-04:00,28.114999771118164,28.260000228881836,28.114999771118164,28.1299991607666,0,0.0,0.0,0.0
2023-11-02 09:30:00-04:00,26.959999084472656,27.549999237060547,26.959999084472656,27.549999237060547,3953,0.0,0.0,0.0
2023-11-02 10:30:00-04:00,27.170000076293945,27.213899612426758,27.170000076293945,27.213899612426758,1109,0.0,0.0,0.0
2023-11-02 11:30:00-04:00,27.280000686645508,27.34869956970215,27.18000030517578,27.34869956970215,1783,0.0,0.0,0.0
2023-11-02 13:30:00-04:00,27.18000030517578,27.18000030517578,27.18000030517578,27.18000030517578,208,0.0,0.0,0.0
2023-11-02 14:30:00-04:00,26.790000915527344,26.790000915527344,26.65999984741211,26.65999984741211,1224,0.0,0.0,0.0
2023-11-02 15:30:00-04:00,26.979999542236328,27.049999237060547,26.850000381469727,27.0,0,0.0,0.0,0.0
2023-11-03 09:30:00-04:00,26.530000686645508,26.60070037841797,26.280000686645508,26.5,8577,0.0,0.0,0.0
2023-11-03 10:30:00-04:00,26.31999969482422,26.31999969482422,26.040000915527344,26.170000076293945,5313,0.0,0.0,0.0
2023-11-03 11:30:00-04:00,26.039899826049805,26.079999923706055,25.98900032043457,26.0,4418,0.0,0.0,0.0
2023-11-03 12:30:00-04:00,25.81999969482422,25.950000762939453,25.81999969482422,25.950000762939453,1267,0.0,0.0,0.0
2023-11-03 13:30:00-04:00,25.798999786376953,25.798999786376953,25.520000457763672,25.520000457763672,5170,0.0,0.0,0.0
2023-11-03 14:30:00-04:00,25.500999450683594,25.520000457763672,25.40999984741211,25.510000228881836,3549,0.0,0.0,0.0
2023-11-03 15:30:00-04:00,25.579999923706055,25.65999984741211,25.420000076293945,25.520000457763672,2314,0.0,0.0,0.0
2023-11-06 09:30:00-05:00,25.520000457763672,25.520000457763672,25.010000228881836,25.200000762939453,1760,0.0,0.0,0.0
2023-11-06 10:30:00-05:00,25.100000381469727,25.1200008392334,25.100000381469727,25.1200008392334,2197,0.0,0.0,0.0
2023-11-06 11:30:00-05:00,25.239999771118164,25.239999771118164,25.239999771118164,25.239999771118164,165,0.0,0.0,0.0
2023-11-06 12:30:00-05:00,25.408199310302734,25.408199310302734,25.389999389648438,25.389999389648438,292,0.0,0.0,0.0
2023-11-06 13:30:00-05:00,25.62299919128418,25.62299919128418,25.260000228881836,25.376699447631836,2530,0.0,0.0,0.0
2023-11-06 14:30:00-05:00,25.350000381469727,25.350000381469727,25.059999465942383,25.059999465942383,2210,0.0,0.0,0.0
2023-11-06 15:30:00-05:00,25.0447998046875,25.0447998046875,24.950000762939453,24.989999771118164,0,0.0,0.0,0.0
2023-11-07 09:30:00-05:00,24.8799991607666,25.14889907836914,24.8799991607666,25.100000381469727,3570,0.0,0.0,0.0
2023-11-07 10:30:00-05:00,24.883499145507812,24.883499145507812,24.65999984741211,24.790000915527344,3580,0.0,0.0,0.0
2023-11-07 11:30:00-05:00,24.697399139404297,24.795000076293945,24.697399139404297,24.795000076293945,990,0.0,0.0,0.0
2023-11-07 14:30:00-05:00,24.799999237060547,24.799999237060547,24.799999237060547,24.799999237060547,587,0.0,0.0,0.0
2023-11-07 15:30:00-05:00,24.760000228881836,24.889999389648438,24.760000228881836,24.790000915527344,0,0.0,0.0,0.0
2023-11-08 09:30:00-05:00,24.5,24.709999084472656,24.260000228881836,24.690000534057617,3815,0.0,0.0,0.0
2023-11-08 10:30:00-05:00,24.638399124145508,24.719999313354492,24.42099952697754,24.479999542236328,3729,0.0,0.0,0.0
2023-11-08 11:30:00-05:00,24.5,24.68000030517578,24.450000762939453,24.68000030517578,1270,0.0,0.0,0.0
2023-11-08 12:30:00-05:00,24.57550048828125,24.57550048828125,24.25,24.25,4459,0.0,0.0,0.0
2023-11-08 13:30:00-05:00,24.290000915527344,24.290000915527344,24.170000076293945,24.190000534057617,3625,0.0,0.0,0.0
2023-11-08 14:30:00-05:00,24.239999771118164,24.350000381469727,24.239999771118164,24.350000381469727,522,0.0,0.0,0.0
2023-11-08 15:30:00-05:00,24.3700008392334,24.3799991607666,24.34000015258789,24.34000015258789,0,0.0,0.0,0.0
2023-11-09 09:30:00-05:00,23.440000534057617,23.790000915527344,23.371000289916992,23.614599227905273,8869,0.0,0.0,0.0
2023-11-09 10:30:00-05:00,23.6299991607666,23.6299991607666,23.290000915527344,23.299999237060547,2821,0.0,0.0,0.0
2023-11-09 11:30:00-05:00,23.32900047302246,23.329999923706055,23.141000747680664,23.329999923706055,4020,0.0,0.0,0.0
2023-11-09 12:30:00-05:00,23.358999252319336,23.639999389648438,23.184999465942383,23.309999465942383,6808,0.0,0.0,0.0
2023-11-09 13:30:00-05:00,23.389999389648438,23.719999313354492,23.389999389648438,23.709999084472656,5288,0.0,0.0,0.0
2023-11-09 14:30:00-05:00,23.82900047302246,24.149999618530273,23.82900047302246,23.990100860595703,13930,0.0,0.0,0.0
2023-11-09 15:30:00-05:00,24.040000915527344,24.159799575805664,24.040000915527344,24.059999465942383,0,0.0,0.0,0.0
2023-11-10 09:30:00-05:00,23.709999084472656,23.719999313354492,23.3799991607666,23.690000534057617,12492,0.0,0.0,0.0
2023-11-10 10:30:00-05:00,23.700000762939453,23.700000762939453,23.28019905090332,23.420000076293945,8680,0.0,0.0,0.0
2023-11-10 11:30:00-05:00,23.469999313354492,23.469999313354492,23.300399780273438,23.3799991607666,5194,0.0,0.0,0.0
2023-11-10 12:30:00-05:00,23.280000686645508,23.280000686645508,23.150999069213867,23.150999069213867,5595,0.0,0.0,0.0
2023-11-10 13:30:00-05:00,23.100000381469727,23.100000381469727,23.100000381469727,23.100000381469727,214,0.0,0.0,0.0
2023-11-10 14:30:00-05:00,22.97100067138672,22.97100067138672,22.949199676513672,22.953500747680664,1319,0.0,0.0,0.0
2023-11-10 15:30:00-05:00,23.079999923706055,23.1200008392334,23.0,23.06999969482422,16981,0.0,0.0,0.0
2023-11-13 09:30:00-05:00,23.049999237060547,23.190000534057617,22.56999969482422,22.649999618530273,22318,0.0,0.0,0.0
2023-11-13 10:30:00-05:00,22.739999771118164,22.84000015258789,22.559999465942383,22.719999313354492,7338,0.0,0.0,0.0
2023-11-13 11:30:00-05:00,22.649999618530273,22.70490074157715,22.559999465942383,22.70490074157715,1810,0.0,0.0,0.0
2023-11-13 12:30:00-05:00,22.700000762939453,22.719999313354492,22.700000762939453,22.719999313354492,4624,0.0,0.0,0.0
2023-11-13 13:30:00-05:00,22.63789939880371,22.639999389648438,22.548999786376953,22.548999786376953,4920,0.0,0.0,0.0
2023-11-13 14:30:00-05:00,22.610000610351562,22.65999984741211,22.5,22.538999557495117,5261,0.0,0.0,0.0
2023-11-13 15:30:00-05:00,22.520000457763672,22.850000381469727,22.5,22.850000381469727,0,0.0,0.0,0.0
2023-11-14 09:30:00-05:00,22.270000457763672,22.450300216674805,22.10099983215332,22.450000762939453,5906,0.0,0.0,0.0
2023-11-14 10:30:00-05:00,22.229999542236328,22.229999542236328,22.108999252319336,22.108999252319336,5540,0.0,0.0,0.0
2023-11-14 11:30:00-05:00,22.190000534057617,22.329999923706055,22.190000534057617,22.329999923706055,918,0.0,0.0,0.0
2023-11-14 12:30:00-05:00,22.18899917602539,22.18899917602539,22.18899917602539,22.18899917602539,661,0.0,0.0,0.0
2023-11-14 13:30:00-05:00,22.33919906616211,22.33919906616211,22.280000686645508,22.280000686645508,1226,0.0,0.0,0.0
2023-11-14 14:30:00-05:00,22.170000076293945,22.17020034790039,22.010000228881836,22.010000228881836,4121,0.0,0.0,0.0
2023-11-14 15:30:00-05:00,22.020000457763672,22.1299991607666,22.020000457763672,22.1299991607666,0,0.0,0.0,0.0
2023-11-15 09:30:00-05:00,22.15999984741211,22.68000030517578,22.15999984741211,22.319000244140625,13841,0.0,0.0,0.0
2023-11-15 10:30:00-05:00,22.520000457763672,22.520000457763672,22.3700008392334,22.3799991607666,3861,0.0,0.0,0.0
2023-11-15 11:30:00-05:00,22.489999771118164,22.841999053955078,22.489999771118164,22.739999771118164,6978,0.0,0.0,0.0
2023-11-15 12:30:00-05:00,22.65999984741211,23.009000778198242,22.65999984741211,23.009000778198242,2589,0.0,0.0,0.0
2023-11-15 13:30:00-05:00,22.81999969482422,22.81999969482422,22.65999984741211,22.670000076293945,3073,0.0,0.0,0.0
2023-11-15 14:30:00-05:00,22.59000015258789,22.709999084472656,22.56999969482422,22.670000076293945,1387,0.0,0.0,0.0
2023-11-15 15:30:00-05:00,22.75,22.770000457763672,22.6200008392334,22.639999389648438,0,0.0,0.0,0.0
2023-11-16 09:30:00-05:00,22.84000015258789,23.0,22.579999923706055,22.780000686645508,9245,0.0,0.0,0.0
2023-11-16 10:30:00-05:00,22.520000457763672,22.809999465942383,22.520000457763672,22.719999313354492,5043,0.0,0.0,0.0
2023-11-16 11:30:00-05:00,22.799999237060547,22.799999237060547,22.440000534057617,22.440000534057617,4888,0.0,0.0,0.0
2023-11-16 12:30:00-05:00,22.459800720214844,22.530000686645508,22.360000610351562,22.510000228881836,2384,0.0,0.0,0.0
2023-11-16 13:30:00-05:00,22.399999618530273,22.399999618530273,22.399999618530273,22.399999618530273,423,0.0,0.0,0.0
2023-11-16 14:30:00-05:00,22.510000228881836,22.510000228881836,22.399999618530273,22.399999618530273,926,0.0,0.0,0.0
2023-11-16 15:30:00-05:00,22.290000915527344,22.290000915527344,22.209999084472656,22.25,0,0.0,0.0,0.0
2023-11-17 09:30:00-05:00,22.350000381469727,22.459999084472656,22.1200008392334,22.290000915527344,8742,0.0,0.0,0.0
2023-11-17 12:30:00-05:00,22.270000457763672,22.270000457763672,22.219999313354492,22.219999313354492,646,0.0,0.0,0.0
2023-11-17 13:30:00-05:00,22.170000076293945,22.170000076293945,22.169700622558594,22.169700622558594,547,0.0,0.0,0.0
2023-11-17 14:30:00-05:00,22.240800857543945,22.240800857543945,22.240800857543945,22.240800857543945,264,0.0,0.0,0.0
2023-11-17 15:30:00-05:00,22.329999923706055,22.440000534057617,22.329999923706055,22.3700008392334,1201,0.0,0.0,0.0
2023-11-20 09:30:00-05:00,22.360000610351562,22.3700008392334,21.959999084472656,22.059999465942383,6171,0.0,0.0,0.0
2023-11-20 10:30:00-05:00,22.059999465942383,22.059999465942383,22.059999465942383,22.059999465942383,209,0.0,0.0,0.0
2023-11-20 11:30:00-05:00,22.06999969482422,22.06999969482422,21.989999771118164,22.028600692749023,1303,0.0,0.0,0.0
2023-11-20 12:30:00-05:00,22.01460075378418,22.069900512695312,22.0,22.0,2919,0.0,0.0,0.0
2023-11-20 13:30:00-05:00,21.950000762939453,21.950000762939453,21.621000289916992,21.621000289916992,14543,0.0,0.0,0.0
2023-11-20 14:30:00-05:00,21.649999618530273,21.66860008239746,21.549999237060547,21.600000381469727,13531,0.0,0.0,0.0
2023-11-20 15:30:00-05:00,21.600000381469727,21.639999389648438,21.559999465942383,21.639999389648438,0,0.0,0.0,0.0
2023-11-21 09:30:00-05:00,21.860000610351562,22.34000015258789,21.621400833129883,22.34000015258789,19818,0.0,0.0,0.0
2023-11-21 10:30:00-05:00,22.329999923706055,22.329999923706055,21.980100631713867,21.980100631713867,6745,0.0,0.0,0.0
2023-11-21 11:30:00-05:00,22.100000381469727,22.200000762939453,22.084999084472656,22.084999084472656,4247,0.0,0.0,0.0
2023-11-21 12:30:00-05:00,22.040000915527344,22.1299991607666,22.030000686645508,22.1299991607666,2204,0.0,0.0,0.0
2023-11-21 13:30:00-05:00,22.0,22.0,21.878999710083008,21.878999710083008,1549,0.0,0.0,0.0
2023-11-21 14:30:00-05:00,21.8700008392334,21.8799991607666,21.82900047302246,21.82900047302246,2997,0.0,0.0,0.0
2023-11-21 15:30:00-05:00,21.8799991607666,21.989999771118164,21.871700286865234,21.88010025024414,24459,0.0,0.0,0.0
2023-11-22 09:30:00-05:00,21.979999542236328,23.256999969482422,21.668100357055664,23.099599838256836,21974,0.0,0.0,0.0
2023-11-22 10:30:00-05:00,22.871000289916992,23.1299991607666,22.86009979248047,23.030000686645508,3262,0.0,0.0,0.0
2023-11-22 11:30:00-05:00,23.030000686645508,23.030000686645508,22.5,22.5,2629,0.0,0.0,0.0
2023-11-22 12:30:00-05:00,22.700000762939453,22.700000762939453,22.479000091552734,22.479000091552734,1262,0.0,0.0,0.0
2023-11-22 13:30:00-05:00,22.34000015258789,22.40999984741211,22.270000457763672,22.40999984741211,4684,0.0,0.0,0.0
2023-11-22 14:30:00-05:00,22.600000381469727,22.649999618530273,22.600000381469727,22.649999618530273,3007,0.0,0.0,0.0
2023-11-22 15:30:00-05:00,22.700000762939453,22.739999771118164,22.639999389648438,22.639999389648438,4463,0.0,0.0,0.0
2023-11-24 09:30:00-05:00,23.010000228881836,23.229999542236328,22.610000610351562,23.229999542236328,5799,0.0,0.0,0.0
2023-11-24 10:30:00-05:00,23.200000762939453,23.259000778198242,22.969999313354492,23.18000030517578,10156,0.0,0.0,0.0
2023-11-24 11:30:00-05:00,23.003999710083008,23.239999771118164,23.003999710083008,23.239999771118164,3493,0.0,0.0,0.0
2023-11-27 09:30:00-05:00,23.450000762939453,23.450000762939453,22.989999771118164,22.989999771118164,8106,0.0,0.0,0.0
2023-11-27 10:30:00-05:00,23.229000091552734,23.229000091552734,23.229000091552734,23.229000091552734,100,0.0,0.0,0.0
2023-11-27 11:30:00-05:00,23.229999542236328,23.229999542236328,23.059999465942383,23.059999465942383,2238,0.0,0.0,0.0
2023-11-27 12:30:00-05:00,22.87540054321289,22.97089958190918,22.87540054321289,22.97089958190918,4379,0.0,0.0,0.0
2023-11-27 13:30:00-05:00,22.959999084472656,22.959999084472656,22.940000534057617,22.959999084472656,534,0.0,0.0,0.0
2023-11-27 14:30:00-05:00,22.959999084472656,23.100000381469727,22.959999084472656,23.030000686645508,3692,0.0,0.0,0.0
2023-11-27 15:30:00-05:00,23.040000915527344,23.040000915527344,22.969999313354492,22.969999313354492,0,0.0,0.0,0.0
2023-11-28 09:30:00-05:00,22.979999542236328,23.299999237060547,22.979999542236328,23.299999237060547,3415,0.0,0.0,0.0
2023-11-28 10:30:00-05:00,23.399999618530273,23.399999618530273,23.299999237060547,23.299999237060547,927,0.0,0.0,0.0
2023-11-28 11:30:00-05:00,23.200000762939453,23.200000762939453,23.010000228881836,23.010000228881836,458,0.0,0.0,0.0
2023-11-28 12:30:00-05:00,23.309900283813477,23.440000534057617,23.309900283813477,23.440000534057617,1747,0.0,0.0,0.0
2023-11-28 13:30:00-05:00,23.399999618530273,23.46500015258789,23.399999618530273,23.43000030517578,1106,0.0,0.0,0.0
2023-11-28 14:30:00-05:00,23.479999542236328,23.489999771118164,23.450000762939453,23.479999542236328,1306,0.0,0.0,0.0
2023-11-28 15:30:00-05:00,23.5,23.5,23.34000015258789,23.34000015258789,1204,0.0,0.0,0.0
2023-11-29 09:30:00-05:00,22.780000686645508,23.133399963378906,22.670000076293945,22.670000076293945,2762,0.0,0.0,0.0
2023-11-29 10:30:00-05:00,23.0049991607666,23.0049991607666,23.0049991607666,23.0049991607666,519,0.0,0.0,0.0
2023-11-29 14:30:00-05:00,23.066200256347656,23.079999923706055,22.97010040283203,22.970500946044922,2698,0.0,0.0,0.0
2023-11-29 15:30:00-05:00,23.1299991607666,23.1299991607666,23.09000015258789,23.09000015258789,0,0.0,0.0,0.0
2023-11-30 09:30:00-05:00,23.190000534057617,23.59000015258789,23.16010093688965,23.59000015258789,27283,0.0,0.0,0.0
2023-11-30 10:30:00-05:00,23.6200008392334,24.190000534057617,23.6200008392334,24.190000534057617,11430,0.0,0.0,0.0
2023-11-30 11:30:00-05:00,24.149999618530273,24.249900817871094,24.145099639892578,24.202699661254883,5328,0.0,0.0,0.0
2023-11-30 12:30:00-05:00,24.16080093383789,24.34000015258789,24.110000610351562,24.31999969482422,14584,0.0,0.0,0.0
2023-11-30 13:30:00-05:00,24.299999237060547,24.299999237060547,24.190200805664062,24.190200805664062,2994,0.0,0.0,0.0
2023-11-30 14:30:00-05:00,24.170000076293945,24.229999542236328,24.090999603271484,24.229999542236328,6409,0.0,0.0,0.0
2023-11-30 15:30:00-05:00,24.110000610351562,24.110000610351562,24.100000381469727,24.100000381469727,0,0.0,0.0,0.0
2023-12-01 09:30:00-05:00,24.229999542236328,24.549999237060547,23.950000762939453,24.459999084472656,19064,0.0,0.0,0.0
2023-12-01 10:30:00-05:00,24.420000076293945,24.420000076293945,24.079999923706055,24.150100708007812,2816,0.0,0.0,0.0
2023-12-01 11:30:00-05:00,24.100000381469727,24.100000381469727,23.958499908447266,24.030000686645508,1617,0.0,0.0,0.0
2023-12-01 12:30:00-05:00,23.98900032043457,24.01059913635254,23.920000076293945,24.010000228881836,2393,0.0,0.0,0.0
2023-12-01 13:30:00-05:00,24.100000381469727,24.100000381469727,24.100000381469727,24.100000381469727,804,0.0,0.0,0.0
2023-12-01 15:30:00-05:00,24.1200008392334,24.170000076293945,24.1200008392334,24.15489959716797,1314,0.0,0.0,0.0
2023-12-04 09:30:00-05:00,24.760000228881836,25.299999237060547,24.760000228881836,25.110000610351562,15994,0.0,0.0,0.0
2023-12-04 10:30:00-05:00,25.361000061035156,25.451400756835938,25.280000686645508,25.309999465942383,5471,0.0,0.0,0.0
2023-12-04 11:30:00-05:00,25.100000381469727,25.100000381469727,25.050100326538086,25.050100326538086,2630,0.0,0.0,0.0
2023-12-04 12:30:00-05:00,25.020000457763672,25.209999084472656,25.020000457763672,25.209999084472656,4135,0.0,0.0,0.0
2023-12-04 13:30:00-05:00,25.208999633789062,25.299999237060547,25.208999633789062,25.299999237060547,779,0.0,0.0,0.0
2023-12-04 14:30:00-05:00,25.309999465942383,25.389999389648438,25.282499313354492,25.378999710083008,1299,0.0,0.0,0.0
2023-12-04 15:30:00-05:00,25.229000091552734,25.229000091552734,25.059999465942383,25.059999465942383,0,0.0,0.0,0.0
2023-12-05 09:30:00-05:00,25.18000030517578,25.290000915527344,24.240400314331055,24.510000228881836,14951,0.0,0.0,0.0
2023-12-05 10:30:00-05:00,24.459999084472656,24.608299255371094,24.229999542236328,24.608299255371094,3713,0.0,0.0,0.0
2023-12-05 11:30:00-05:00,24.660999298095703,24.660999298095703,24.660999298095703,24.660999298095703,727,0.0,0.0,0.0
2023-12-05 12:30:00-05:00,24.56999969482422,24.719999313354492,24.520000457763672,24.520000457763672,1622,0.0,0.0,0.0
2023-12-05 14:30:00-05:00,24.489999771118164,24.489999771118164,24.34000015258789,24.3799991607666,926,0.0,0.0,0.0
2023-12-05 15:30:00-05:00,24.399999618530273,24.420000076293945,24.190000534057617,24.190000534057617,0,0.0,0.0,0.0
2023-12-06 09:30:00-05:00,23.579999923706055,24.378999710083008,23.579999923706055,24.31999969482422,7189,0.0,0.0,0.0
2023-12-06 10:30:00-05:00,24.280000686645508,24.3700008392334,24.239999771118164,24.360000610351562,2190,0.0,0.0,0.0
2023-12-06 11:30:00-05:00,24.364999771118164,24.479999542236328,24.329999923706055,24.329999923706055,2757,0.0,0.0,0.0
2023-12-06 13:30:00-05:00,24.829999923706055,24.889999389648438,24.809999465942383,24.81369972229004,573,0.0,0.0,0.0
2023-12-06 14:30:00-05:00,24.770000457763672,24.979999542236328,24.739999771118164,24.90999984741211,11420,0.0,0.0,0.0
2023-12-06 15:30:00-05:00,24.94569969177246,25.1200008392334,24.869300842285156,25.040000915527344,0,0.0,0.0,0.0
2023-12-07 09:30:00-05:00,24.58919906616211,24.833200454711914,24.58919906616211,24.66900062561035,10477,0.0,0.0,0.0
2023-12-07 10:30:00-05:00,24.251300811767578,24.610000610351562,24.251300811767578,24.610000610351562,3139,0.0,0.0,0.0
2023-12-07 11:30:00-05:00,24.469999313354492,24.469999313354492,24.329999923706055,24.329999923706055,687,0.0,0.0,0.0
2023-12-07 12:30:00-05:00,24.32029914855957,24.32040023803711,24.25,24.25,1528,0.0,0.0,0.0
2023-12-07 14:30:00-05:00,24.31999969482422,24.31999969482422,24.299999237060547,24.299999237060547,581,0.0,0.0,0.0
2023-12-07 15:30:00-05:00,24.315000534057617,24.319900512695312,24.170000076293945,24.179000854492188,0,0.0,0.0,0.0
2023-12-08 09:30:00-05:00,24.049999237060547,24.18000030517578,23.3799991607666,23.3799991607666,9624,0.0,0.0,0.0
2023-12-08 10:30:00-05:00,23.479999542236328,23.56999969482422,23.291000366210938,23.509000778198242,24444,0.0,0.0,0.0
2023-12-08 11:30:00-05:00,23.549999237060547,23.729999542236328,23.489999771118164,23.489999771118164,6402,0.0,0.0,0.0
2023-12-08 12:30:00-05:00,23.479999542236328,23.479999542236328,23.40999984741211,23.459999084472656,3121,0.0,0.0,0.0
2023-12-08 13:30:00-05:00,23.329999923706055,23.329999923706055,23.329999923706055,23.329999923706055,433,0.0,0.0,0.0
2023-12-08 14:30:00-05:00,23.3799991607666,23.3799991607666,23.3799991607666,23.3799991607666,193,0.0,0.0,0.0
2023-12-08 15:30:00-05:00,23.489999771118164,23.489999771118164,23.299999237060547,23.299999237060547,318,0.0,0.0,0.0
2023-12-11 09:30:00-05:00,23.8799991607666,24.100000381469727,23.809999465942383,23.989900588989258,29003,0.0,0.0,0.0
2023-12-11 10:30:00-05:00,24.320100784301758,24.60849952697754,24.320100784301758,24.60849952697754,1148,0.0,0.0,0.0
2023-12-11 11:30:00-05:00,24.559999465942383,24.679899215698242,24.559999465942383,24.581100463867188,3249,0.0,0.0,0.0
2023-12-11 12:30:00-05:00,24.34779930114746,24.3799991607666,24.170000076293945,24.170000076293945,3360,0.0,0.0,0.0
2023-12-11 13:30:00-05:00,24.081300735473633,24.081300735473633,23.8799991607666,23.8799991607666,793,0.0,0.0,0.0
2023-12-11 14:30:00-05:00,24.1299991607666,24.1299991607666,24.1299991607666,24.1299991607666,130,0.0,0.0,0.0
2023-12-11 15:30:00-05:00,24.190000534057617,24.190000534057617,24.020000457763672,24.070100784301758,0,0.0,0.0,0.0
2023-12-12 09:30:00-05:00,24.43000030517578,24.43000030517578,23.469999313354492,23.709999084472656,9180,0.0,0.0,0.0
2023-12-12 10:30:00-05:00,23.729999542236328,23.729999542236328,23.729999542236328,23.729999542236328,195,0.0,0.0,0.0
2023-12-12 11:30:00-05:00,23.75,23.75,23.700000762939453,23.700000762939453,304,0.0,0.0,0.0
2023-12-12 12:30:00-05:00,23.90999984741211,23.90999984741211,23.90999984741211,23.90999984741211,957,0.0,0.0,0.0
2023-12-12 13:30:00-05:00,23.68000030517578,23.689599990844727,23.649999618530273,23.649999618530273,8755,0.0,0.0,0.0
2023-12-12 14:30:00-05:00,23.59000015258789,23.59000015258789,23.59000015258789,23.59000015258789,150,0.0,0.0,0.0
2023-12-12 15:30:00-05:00,23.40999984741211,23.43000030517578,23.219999313354492,23.309999465942383,0,0.0,0.0,0.0
2023-12-13 09:30:00-05:00,22.949600219726562,23.040000915527344,22.639999389648438,22.639999389648438,14182,0.0,0.0,0.0
2023-12-13 10:30:00-05:00,22.940000534057617,22.940000534057617,22.920000076293945,22.920000076293945,2872,0.0,0.0,0.0
2023-12-13 12:30:00-05:00,23.211999893188477,23.215999603271484,23.18000030517578,23.18000030517578,414,0.0,0.0,0.0
2023-12-13 13:30:00-05:00,23.149999618530273,23.200000762939453,22.75200080871582,22.75200080871582,1991,0.0,0.0,0.0
2023-12-13 14:30:00-05:00,22.760000228881836,23.2096004486084,22.760000228881836,23.2096004486084,1623,0.0,0.0,0.0
2023-12-13 15:30:00-05:00,23.100000381469727,23.1200008392334,22.940000534057617,22.989999771118164,0,0.0,0.0,0.0
2023-12-14 09:30:00-05:00,22.709999084472656,22.940000534057617,22.709999084472656,22.889999389648438,2305,0.0,0.0,0.0
2023-12-14 10:30:00-05:00,22.930999755859375,23.0,22.930999755859375,22.950000762939453,1754,0.0,0.0,0.0
2023-12-14 11:30:00-05:00,22.959999084472656,22.989999771118164,22.959999084472656,22.989999771118164,1210,0.0,0.0,0.0
2023-12-14 12:30:00-05:00,23.309900283813477,23.309900283813477,23.309900283813477,23.309900283813477,220,0.0,0.0,0.0
2023-12-14 13:30:00-05:00,23.079999923706055,23.079999923706055,23.079999923706055,23.079999923706055,821,0.0,0.0,0.0
2023-12-14 14:30:00-05:00,22.920000076293945,22.920000076293945,22.920000076293945,22.920000076293945,182,0.0,0.0,0.0
2023-12-14 15:30:00-05:00,22.950000762939453,22.950000762939453,22.81999969482422,22.81999969482422,0,0.0,0.0,0.0
2023-12-15 09:30:00-05:00,22.829999923706055,22.850000381469727,22.239999771118164,22.239999771118164,15486,0.0,0.0,0.0
2023-12-15 10:30:00-05:00,22.15999984741211,22.3799991607666,22.15999984741211,22.270000457763672,10888,0.0,0.0,0.0
2023-12-15 11:30:00-05:00,22.329999923706055,22.329999923706055,22.32990074157715,22.32990074157715,343,0.0,0.0,0.0
2023-12-15 12:30:00-05:00,22.3799991607666,22.39900016784668,22.25,22.25,3921,0.0,0.0,0.0
2023-12-15 13:30:00-05:00,22.239999771118164,22.450000762939453,22.190000534057617,22.3799991607666,7631,0.0,0.0,0.0
2023-12-15 14:30:00-05:00,22.389999389648438,22.399999618530273,22.389999389648438,22.399999618530273,242,0.0,0.0,0.0
2023-12-15 15:30:00-05:00,22.43000030517578,22.43000030517578,22.360000610351562,22.360000610351562,3962,0.0,0.0,0.0
2023-12-18 09:30:00-05:00,22.229999542236328,22.229999542236328,21.780000686645508,21.780000686645508,0,0.0,0.0,0.0
2023-12-18 10:30:00-05:00,21.700000762939453,21.860000610351562,21.700000762939453,21.860000610351562,9147,0.0,0.0,0.0
2023-12-18 11:30:00-05:00,21.81999969482422,21.81999969482422,21.770000457763672,21.809999465942383,9461,0.0,0.0,0.0
2023-12-18 12:30:00-05:00,21.790000915527344,21.790000915527344,21.764999389648438,21.764999389648438,7669,0.0,0.0,0.0
2023-12-18 13:30:00-05:00,21.719999313354492,21.75,21.5,21.510000228881836,24616,0.0,0.0,0.0
2023-12-18 14:30:00-05:00,21.5,21.559999465942383,21.479999542236328,21.479999542236328,4308,0.0,0.0,0.0
2023-12-18 15:30:00-05:00,21.489999771118164,21.639999389648438,21.479999542236328,21.6299991607666,0,0.0,0.0,0.0
2023-12-19 09:30:00-05:00,22.079999923706055,22.3700008392334,21.95009994506836,22.040000915527344,22504,0.0,0.0,0.0
2023-12-19 10:30:00-05:00,22.34000015258789,22.34000015258789,22.239999771118164,22.239999771118164,1037,0.0,0.0,0.0
2023-12-19 11:30:00-05:00,22.249000549316406,22.290000915527344,22.139999389648438,22.229999542236328,4472,0.0,0.0,0.0
2023-12-19 12:30:00-05:00,22.149999618530273,22.149999618530273,22.149999618530273,22.149999618530273,496,0.0,0.0,0.0
2023-12-19 13:30:00-05:00,22.209999084472656,22.209999084472656,22.09000015258789,22.09000015258789,1093,0.0,0.0,0.0
2023-12-19 14:30:00-05:00,22.038999557495117,22.040000915527344,21.979999542236328,22.040000915527344,11536,0.0,0.0,0.0
2023-12-19 15:30:00-05:00,22.040000915527344,22.040000915527344,21.940000534057617,21.959999084472656,0,0.0,0.0,0.0
2023-12-20 09:30:00-05:00,21.93000030517578,22.010000228881836,21.719999313354492,21.770000457763672,13481,0.0,0.0,0.0
2023-12-20 10:30:00-05:00,21.770000457763672,21.799999237060547,21.760000228881836,21.770000457763672,611,0.0,0.0,0.0
2023-12-20 11:30:00-05:00,21.809999465942383,21.809999465942383,21.809999465942383,21.809999465942383,639,0.0,0.0,0.0
2023-12-20 12:30:00-05:00,21.90999984741211,21.90999984741211,21.860000610351562,21.860000610351562,842,0.0,0.0,0.0
2023-12-20 14:30:00-05:00,22.25,22.790000915527344,22.249900817871094,22.701000213623047,28529,0.0,0.0,0.0
2023-12-20 15:30:00-05:00,22.68000030517578,22.959999084472656,22.68000030517578,22.959999084472656,2614,0.0,0.0,0.0
2023-12-21 09:30:00-05:00,22.329999923706055,22.599599838256836,22.329999923706055,22.549999237060547,8084,0.0,0.0,0.0
2023-12-21 10:30:00-05:00,22.600000381469727,22.600000381469727,22.600000381469727,22.600000381469727,368,0.0,0.0,0.0
2023-12-21 11:30:00-05:00,22.489999771118164,22.56999969482422,22.389999389648438,22.56999969482422,4064,0.0,0.0,0.0
2023-12-21 12:30:00-05:00,22.579999923706055,22.68000030517578,22.579999923706055,22.68000030517578,1142,0.0,0.0,0.0
2023-12-21 14:30:00-05:00,22.579999923706055,22.6200008392334,22.459999084472656,22.610000610351562,5337,0.0,0.0,0.0
2023-12-21 15:30:00-05:00,22.31399917602539,22.31999969482422,22.280399322509766,22.280399322509766,0,0.0,0.0,0.0
2023-12-22 09:30:00-05:00,22.079999923706055,22.200000762939453,22.03019905090332,22.19099998474121,8604,0.0,0.0,0.0
2023-12-22 10:30:00-05:00,22.190000534057617,22.319900512695312,22.190000534057617,22.319900512695312,973,0.0,0.0,0.0
2023-12-22 11:30:00-05:00,22.325000762939453,22.359800338745117,22.325000762939453,22.359800338745117,1050,0.0,0.0,0.0
2023-12-22 13:30:00-05:00,22.290000915527344,22.290000915527344,22.290000915527344,22.290000915527344,204,0.0,0.0,0.0
2023-12-22 14:30:00-05:00,22.58099937438965,22.58099937438965,22.440000534057617,22.499900817871094,5697,0.0,0.0,0.0
2023-12-22 15:30:00-05:00,22.489999771118164,22.489999771118164,22.420000076293945,22.45599937438965,1582,0.0,0.0,0.0
2023-12-26 09:30:00-05:00,22.3799991607666,22.3799991607666,21.950000762939453,21.950000762939453,1027,0.0,0.0,0.0
2023-12-26 10:30:00-05:00,22.09749984741211,22.09749984741211,22.09749984741211,22.09749984741211,100,0.0,0.0,0.0
2023-12-26 11:30:00-05:00,22.02549934387207,22.02549934387207,22.02549934387207,22.02549934387207,342,0.0,0.0,0.0
2023-12-26 12:30:00-05:00,22.049999237060547,22.051000595092773,22.049999237060547,22.051000595092773,553,0.0,0.0,0.0
2023-12-26 14:30:00-05:00,22.110000610351562,22.110000610351562,21.990999221801758,21.990999221801758,1055,0.0,0.0,0.0
2023-12-26 15:30:00-05:00,22.01099967956543,22.149999618530273,21.99020004272461,22.120800018310547,0,0.0,0.0,0.0
2023-12-27 09:30:00-05:00,19.18000030517578,19.229999542236328,18.940000534057617,19.190000534057617,3679,0.0,0.0,0.0
2023-12-27 10:30:00-05:00,19.170000076293945,19.209999084472656,19.076000213623047,19.076000213623047,17517,0.0,0.0,0.0
2023-12-27 11:30:00-05:00,19.06999969482422,19.06999969482422,19.036699295043945,19.06999969482422,2552,0.0,0.0,0.0
2023-12-27 13:30:00-05:00,19.024999618530273,19.024999618530273,19.02199935913086,19.02199935913086,502,0.0,0.0,0.0
2023-12-27 14:30:00-05:00,19.059999465942383,19.059999465942383,19.059999465942383,19.059999465942383,237,0.0,0.0,0.0
2023-12-27 15:30:00-05:00,19.079999923706055,19.082500457763672,19.06999969482422,19.082500457763672,1478,0.0,0.0,0.0
2023-12-28 09:30:00-05:00,18.940000534057617,19.079999923706055,18.920000076293945,19.056699752807617,0,0.0,0.0,0.0
2023-12-28 10:30:00-05:00,18.959999084472656,18.959999084472656,18.8799991607666,18.91510009765625,2092,0.0,0.0,0.0
2023-12-28 11:30:00-05:00,18.950000762939453,18.951000213623047,18.920000076293945,18.94890022277832,1654,0.0,0.0,0.0
2023-12-28 12:30:00-05:00,18.829999923706055,18.950000762939453,18.82990074157715,18.940000534057617,3573,0.0,0.0,0.0
2023-12-28 13:30:00-05:00,18.889999389648438,18.927799224853516,18.889999389648438,18.927799224853516,2291,0.0,0.0,0.0
2023-12-28 14:30:00-05:00,18.959999084472656,19.000999450683594,18.95989990234375,19.0,4201,0.0,0.0,0.0
2023-12-28 15:30:00-05:00,18.959999084472656,19.038999557495117,18.93000030517578,19.029600143432617,0,0.0,0.0,0.0
2023-12-29 09:30:00-05:00,18.909000396728516,18.90999984741211,18.809999465942383,18.889999389648438,12136,0.0,0.0,0.0
2023-12-29 10:30:00-05:00,18.878999710083008,19.350000381469727,18.878999710083008,19.33009910583496,11188,0.0,0.0,0.0
2023-12-29 11:30:00-05:00,19.440000534057617,19.450000762939453,19.298799514770508,19.340099334716797,6229,0.0,0.0,0.0
2023-12-29 12:30:00-05:00,19.280000686645508,19.280000686645508,19.138999938964844,19.138999938964844,10796,0.0,0.0,0.0
2023-12-29 13:30:00-05:00,19.049999237060547,19.049999237060547,18.906200408935547,18.906200408935547,2513,0.0,0.0,0.0
2023-12-29 14:30:00-05:00,18.940000534057617,18.940000534057617,18.889999389648438,18.940000534057617,422,0.0,0.0,0.0
2023-12-29 15:30:00-05:00,18.940000534057617,19.079999923706055,18.940000534057617,19.040000915527344,4220,0.0,0.0,0.0
2024-01-02 09:30:00-05:00,19.229999542236328,20.08769989013672,19.229999542236328,19.969999313354492,28977,0.0,0.0,0.0
2024-01-02 10:30:00-05:00,20.110000610351562,20.110000610351562,19.850000381469727,19.850000381469727,17077,0.0,0.0,0.0
2024-01-02 11:30:00-05:00,19.829999923706055,19.8700008392334,19.790000915527344,19.8700008392334,9371,0.0,0.0,0.0
2024-01-02 12:30:00-05:00,19.760000228881836,19.795000076293945,19.739999771118164,19.795000076293945,4288,0.0,0.0,0.0
2024-01-02 13:30:00-05:00,19.81999969482422,19.81999969482422,19.81999969482422,19.81999969482422,522,0.0,0.0,0.0
2024-01-02 14:30:00-05:00,19.850000381469727,20.0,19.849000930786133,20.0,13447,0.0,0.0,0.0
2024-01-02 15:30:00-05:00,20.0,20.0,19.790000915527344,19.790000915527344,0,0.0,0.0,0.0
2024-01-03 09:30:00-05:00,20.260000228881836,20.309999465942383,19.860000610351562,20.18000030517578,22765,0.0,0.0,0.0
2024-01-03 10:30:00-05:00,20.239999771118164,20.299999237060547,19.99020004272461,19.990999221801758,4050,0.0,0.0,0.0
2024-01-03 11:30:00-05:00,20.110000610351562,20.110000610351562,20.110000610351562,20.110000610351562,257,0.0,0.0,0.0
2024-01-03 12:30:00-05:00,20.020000457763672,20.05900001525879,20.010000228881836,20.010000228881836,10713,0.0,0.0,0.0
2024-01-03 13:30:00-05:00,20.219999313354492,20.260000228881836,20.1299991607666,20.1299991607666,2445,0.0,0.0,0.0
2024-01-03 14:30:00-05:00,20.09000015258789,20.18000030517578,20.09000015258789,20.18000030517578,5327,0.0,0.0,0.0
2024-01-03 15:30:00-05:00,20.149999618530273,20.25,20.09000015258789,20.170000076293945,0,0.0,0.0,0.0
2024-01-04 09:30:00-05:00,20.059999465942383,20.219999313354492,19.920000076293945,20.199899673461914,12837,0.0,0.0,0.0
2024-01-04 10:30:00-05:00,19.889999389648438,19.889999389648438,19.690000534057617,19.729999542236328,4329,0.0,0.0,0.0
2024-01-04 11:30:00-05:00,19.670299530029297,19.739999771118164,19.620100021362305,19.735700607299805,2274,0.0,0.0,0.0
2024-01-04 13:30:00-05:00,19.72100067138672,19.770000457763672,19.700000762939453,19.770000457763672,5547,0.0,0.0,0.0
2024-01-04 14:30:00-05:00,19.809999465942383,19.809999465942383,19.719999313354492,19.809999465942383,19092,0.0,0.0,0.0
2024-01-04 15:30:00-05:00,19.809999465942383,19.93000030517578,19.809999465942383,19.93000030517578,0,0.0,0.0,0.0
2024-01-05 09:30:00-05:00,19.59000015258789,19.63800048828125,19.361000061035156,19.364700317382812,9738,0.0,0.0,0.0
2024-01-05 10:30:00-05:00,19.309999465942383,19.334999084472656,19.010000228881836,19.099000930786133,10044,0.0,0.0,0.0
2024-01-05 11:30:00-05:00,19.059999465942383,19.31999969482422,19.059999465942383,19.31999969482422,6165,0.0,0.0,0.0
2024-01-05 12:30:00-05:00,19.239999771118164,19.30500030517578,19.19860076904297,19.229999542236328,9502,0.0,0.0,0.0
2024-01-05 13:30:00-05:00,19.190000534057617,19.209999084472656,19.149999618530273,19.200000762939453,2307,0.0,0.0,0.0
2024-01-05 14:30:00-05:00,19.18000030517578,19.440000534057617,19.15999984741211,19.43000030517578,11485,0.0,0.0,0.0
2024-01-05 15:30:00-05:00,19.399999618530273,19.399999618530273,19.25,19.2632999420166,8082,0.0,0.0,0.0
2024-01-08 09:30:00-05:00,19.010000228881836,19.010000228881836,17.809999465942383,17.989999771118164,150786,0.0,0.0,0.0
2024-01-08 10:30:00-05:00,17.940000534057617,18.049999237060547,17.809999465942383,17.959999084472656,22589,0.0,0.0,0.0
2024-01-08 11:30:00-05:00,17.920000076293945,18.030000686645508,17.829999923706055,18.030000686645508,17507,0.0,0.0,0.0
2024-01-08 12:30:00-05:00,17.954999923706055,17.979000091552734,17.860000610351562,17.860000610351562,7972,0.0,0.0,0.0
2024-01-08 13:30:00-05:00,17.809999465942383,17.860000610351562,17.670000076293945,17.709999084472656,31586,0.0,0.0,0.0
2024-01-08 14:30:00-05:00,17.65999984741211,17.760000228881836,17.600000381469727,17.6299991607666,73795,0.0,0.0,0.0
2024-01-08 15:30:00-05:00,17.610000610351562,17.6299991607666,17.389999389648438,17.389999389648438,23160,0.0,0.0,0.0
2024-01-09 09:30:00-05:00,17.299999237060547,17.610000610351562,17.270000457763672,17.354999542236328,61102,0.0,0.0,0.0
2024-01-09 10:30:00-05:00,17.40999984741211,17.431699752807617,17.066499710083008,17.066499710083008,11551,0.0,0.0,0.0
2024-01-09 11:30:00-05:00,17.09000015258789,17.100000381469727,16.719999313354492,16.799699783325195,33758,0.0,0.0,0.0
2024-01-09 12:30:00-05:00,16.793500900268555,16.81999969482422,16.479999542236328,16.530000686645508,24522,0.0,0.0,0.0
2024-01-09 13:30:00-05:00,16.575000762939453,16.6200008392334,16.350000381469727,16.41900062561035,4077,0.0,0.0,0.0
2024-01-09 14:30:00-05:00,16.479999542236328,16.75,16.479999542236328,16.75,27481,0.0,0.0,0.0
2024-01-09 15:30:00-05:00,16.799999237060547,16.985000610351562,16.799999237060547,16.93000030517578,11809,0.0,0.0,0.0
2024-01-10 09:30:00-05:00,16.700000762939453,16.729999542236328,16.3700008392334,16.540000915527344,85203,0.0,0.0,0.0
2024-01-10 10:30:00-05:00,16.479999542236328,16.479999542236328,16.260000228881836,16.329999923706055,20871,0.0,0.0,0.0
2024-01-10 11:30:00-05:00,16.409900665283203,16.530000686645508,16.409900665283203,16.450000762939453,20061,0.0,0.0,0.0
2024-01-10 12:30:00-05:00,16.420000076293945,16.428699493408203,16.309999465942383,16.428699493408203,3524,0.0,0.0,0.0
2024-01-10 13:30:00-05:00,16.389699935913086,16.40999984741211,16.34000015258789,16.40999984741211,16329,0.0,0.0,0.0
2024-01-10 14:30:00-05:00,16.43000030517578,16.479999542236328,16.360000610351562,16.450000762939453,253520,0.0,0.0,0.0
2024-01-10 15:30:00-05:00,16.450000762939453,16.549999237060547,16.3700008392334,16.3700008392334,0,0.0,0.0,0.0
2024-01-11 09:30:00-05:00,16.15999984741211,16.59000015258789,15.9399995803833,16.300199508666992,72156,0.0,0.0,0.0
2024-01-11 10:30:00-05:00,16.260000228881836,16.68000030517578,16.25,16.559999465942383,21728,0.0,0.0,0.0
2024-01-11 11:30:00-05:00,16.600000381469727,16.700000762939453,16.440000534057617,16.459999084472656,15419,0.0,0.0,0.0
2024-01-11 12:30:00-05:00,16.45989990234375,16.45989990234375,16.049999237060547,16.06999969482422,8971,0.0,0.0,0.0
2024-01-11 13:30:00-05:00,16.110000610351562,16.200000762939453,16.049999237060547,16.149999618530273,13679,0.0,0.0,0.0
2024-01-11 14:30:00-05:00,16.100000381469727,16.149999618530273,16.0,16.149999618530273,19274,0.0,0.0,0.0
2024-01-11 15:30:00-05:00,16.1299991607666,16.25,16.1299991607666,16.151500701904297,0,0.0,0.0,0.0
2024-01-12 09:30:00-05:00,16.350000381469727,16.350000381469727,16.139999389648438,16.270000457763672,6686,0.0,0.0,0.0
2024-01-12 10:30:00-05:00,16.200000762939453,16.339000701904297,16.190000534057617,16.200000762939453,3340,0.0,0.0,0.0
2024-01-12 11:30:00-05:00,16.229999542236328,16.290000915527344,16.229999542236328,16.25,16640,0.0,0.0,0.0
2024-01-12 12:30:00-05:00,16.25,16.280000686645508,16.220500946044922,16.239999771118164,2532,0.0,0.0,0.0
2024-01-12 13:30:00-05:00,16.239999771118164,16.240100860595703,16.139999389648438,16.139999389648438,3204,0.0,0.0,0.0
2024-01-12 14:30:00-05:00,16.219999313354492,16.270000457763672,16.219999313354492,16.260000228881836,13506,0.0,0.0,0.0
2024-01-12 15:30:00-05:00,16.260000228881836,16.260000228881836,16.209999084472656,16.209999084472656,3335,0.0,0.0,0.0
2024-01-16 09:30:00-05:00,16.059999465942383,16.059999465942383,15.659000396728516,15.659299850463867,39165,0.0,0.0,0.0
2024-01-16 10:30:00-05:00,15.569999694824219,15.630000114440918,15.350000381469727,15.369999885559082,14961,0.0,0.0,0.0
2024-01-16 11:30:00-05:00,15.350000381469727,15.5600004196167,15.279899597167969,15.538999557495117,251929,0.0,0.0,0.0
2024-01-16 12:30:00-05:00,15.550000190734863,15.609999656677246,15.475000381469727,15.47819995880127,27971,0.0,0.0,0.0
2024-01-16 13:30:00-05:00,15.460000038146973,15.609999656677246,15.460000038146973,15.609999656677246,4035,0.0,0.0,0.0
2024-01-16 14:30:00-05:00,15.539999961853027,15.569999694824219,15.529999732971191,15.560099601745605,2102,0.0,0.0,0.0
2024-01-16 15:30:00-05:00,15.59000015258789,15.59000015258789,15.460000038146973,15.460000038146973,0,0.0,0.0,0.0
2024-01-17 09:30:00-05:00,15.5,16.1200008392334,15.460000038146973,15.9399995803833,103795,0.0,0.0,0.0
2024-01-17 10:30:00-05:00,15.869999885559082,15.899900436401367,15.630999565124512,15.649999618530273,6713,0.0,0.0,0.0
2024-01-17 11:30:00-05:00,15.640000343322754,15.709500312805176,15.600000381469727,15.680000305175781,775,0.0,0.0,0.0
2024-01-17 12:30:00-05:00,15.75,15.75,15.720000267028809,15.729900360107422,10065,0.0,0.0,0.0
2024-01-17 13:30:00-05:00,15.730999946594238,15.739999771118164,15.60990047454834,15.60990047454834,8176,0.0,0.0,0.0
2024-01-17 14:30:00-05:00,15.510199546813965,15.589900016784668,15.510199546813965,15.589900016784668,2284,0.0,0.0,0.0
2024-01-17 15:30:00-05:00,15.679900169372559,15.679900169372559,15.550000190734863,15.609999656677246,0,0.0,0.0,0.0
2024-01-18 09:30:00-05:00,15.130000114440918,15.229999542236328,15.020000457763672,15.120100021362305,48369,0.0,0.0,0.0
2024-01-18 10:30:00-05:00,15.119999885559082,15.180000305175781,14.970000267028809,15.0,29752,0.0,0.0,0.0
2024-01-18 11:30:00-05:00,14.970000267028809,15.270000457763672,14.960000038146973,15.270000457763672,31156,0.0,0.0,0.0
2024-01-18 12:30:00-05:00,15.260000228881836,15.5600004196167,15.1899995803833,15.5,8773,0.0,0.0,0.0
2024-01-18 13:30:00-05:00,15.510000228881836,15.510000228881836,15.199999809265137,15.210000038146973,33944,0.0,0.0,0.0
2024-01-18 14:30:00-05:00,15.25,15.300000190734863,15.25,15.270000457763672,35303,0.0,0.0,0.0
2024-01-18 15:30:00-05:00,15.229999542236328,15.239999771118164,15.130000114440918,15.162799835205078,0,0.0,0.0,0.0
2024-01-19 09:30:00-05:00,14.835000038146973,15.069999694824219,14.835000038146973,14.899999618530273,84710,0.0,0.0,0.0
2024-01-19 10:30:00-05:00,14.889699935913086,14.909700393676758,14.720000267028809,14.720000267028809,24289,0.0,0.0,0.0
2024-01-19 11:30:00-05:00,14.699999809265137,14.719900131225586,14.460000038146973,14.460000038146973,15078,0.0,0.0,0.0
2024-01-19 12:30:00-05:00,14.470000267028809,14.510000228881836,14.414999961853027,14.425000190734863,8784,0.0,0.0,0.0
2024-01-19 13:30:00-05:00,14.40999984741211,14.4399995803833,14.359999656677246,14.420000076293945,3612,0.0,0.0,0.0
2024-01-19 14:30:00-05:00,14.389900207519531,14.390000343322754,14.350000381469727,14.350000381469727,8145,0.0,0.0,0.0
2024-01-19 15:30:00-05:00,14.350000381469727,14.369999885559082,14.210000038146973,14.220000267028809,4981,0.0,0.0,0.0
2024-01-22 09:30:00-05:00,13.869999885559082,14.359600067138672,13.829999923706055,14.359600067138672,60342,0.0,0.0,0.0
2024-01-22 10:30:00-05:00,14.350000381469727,14.409899711608887,13.9891996383667,14.039999961853027,30293,0.0,0.0,0.0
2024-01-22 11:30:00-05:00,14.0,14.089900016784668,13.949999809265137,14.0600004196167,6293,0.0,0.0,0.0
2024-01-22 12:30:00-05:00,14.039999961853027,14.069999694824219,14.019000053405762,14.069999694824219,3507,0.0,0.0,0.0
2024-01-22 13:30:00-05:00,14.020000457763672,14.039999961853027,13.960000038146973,14.029500007629395,11748,0.0,0.0,0.0
2024-01-22 14:30:00-05:00,13.979999542236328,14.010000228881836,13.979999542236328,14.0,966,0.0,0.0,0.0
2024-01-22 15:30:00-05:00,14.100000381469727,14.180000305175781,14.09000015258789,14.130900382995605,3146,0.0,0.0,0.0
2024-01-23 09:30:00-05:00,14.239999771118164,14.609999656677246,14.210000038146973,14.279000282287598,0,0.0,0.0,0.0
2024-01-23 10:30:00-05:00,14.279999732971191,14.289999961853027,14.119000434875488,14.221599578857422,61086,0.0,0.0,0.0
2024-01-23 11:30:00-05:00,14.220000267028809,14.255000114440918,14.170000076293945,14.229999542236328,10911,0.0,0.0,0.0
2024-01-23 12:30:00-05:00,14.220000267028809,14.229999542236328,14.149900436401367,14.199999809265137,1698,0.0,0.0,0.0
2024-01-23 13:30:00-05:00,14.220000267028809,14.260000228881836,14.199999809265137,14.260000228881836,0,0.0,0.0,0.0
2024-01-23 14:30:00-05:00,14.289999961853027,14.29010009765625,14.109999656677246,14.109999656677246,88594,0.0,0.0,0.0
2024-01-23 15:30:00-05:00,14.119999885559082,14.140000343322754,14.029999732971191,14.100000381469727,0,0.0,0.0,0.0
2024-01-24 09:30:00-05:00,13.800000190734863,14.0,13.0600004196167,13.10159969329834,88914,0.0,0.0,0.0
2024-01-24 10:30:00-05:00,13.15999984741211,13.289999961853027,13.0600004196167,13.220000267028809,25371,0.0,0.0,0.0
2024-01-24 11:30:00-05:00,13.149999618530273,13.170000076293945,12.949999809265137,12.949999809265137,25555,0.0,0.0,0.0
2024-01-24 12:30:00-05:00,12.949999809265137,12.949999809265137,12.720000267028809,12.800000190734863,38561,0.0,0.0,0.0
2024-01-24 13:30:00-05:00,12.740500450134277,13.199999809265137,12.740500450134277,13.180000305175781,21240,0.0,0.0,0.0
2024-01-24 14:30:00-05:00,13.100000381469727,13.390000343322754,12.949999809265137,13.390000343322754,74603,0.0,0.0,0.0
2024-01-24 15:30:00-05:00,13.369999885559082,13.369999885559082,13.210000038146973,13.350000381469727,0,0.0,0.0,0.0
2024-01-25 09:30:00-05:00,12.930000305175781,13.109999656677246,12.805000305175781,12.8100004196167,64443,0.0,0.0,0.0
2024-01-25 10:30:00-05:00,12.84000015258789,12.901000022888184,12.779999732971191,12.899999618530273,15785,0.0,0.0,0.0
2024-01-25 11:30:00-05:00,12.875,13.100000381469727,12.818900108337402,13.0600004196167,20574,0.0,0.0,0.0
2024-01-25 12:30:00-05:00,13.130000114440918,13.239999771118164,13.100000381469727,13.239999771118164,12060,0.0,0.0,0.0
2024-01-25 13:30:00-05:00,13.274999618530273,13.510000228881836,13.160099983215332,13.510000228881836,20845,0.0,0.0,0.0
2024-01-25 14:30:00-05:00,13.279999732971191,13.34000015258789,13.119999885559082,13.199999809265137,6850,0.0,0.0,0.0
2024-01-25 15:30:00-05:00,13.239999771118164,13.260000228881836,13.199999809265137,13.229999542236328,6405,0.0,0.0,0.0
2024-01-26 09:30:00-05:00,13.529999732971191,13.65999984741211,13.329999923706055,13.329999923706055,88527,0.0,0.0,0.0
2024-01-26 10:30:00-05:00,13.3100004196167,13.34000015258789,13.199999809265137,13.28499984741211,15351,0.0,0.0,0.0
2024-01-26 11:30:00-05:00,13.369999885559082,13.399999618530273,13.259900093078613,13.350000381469727,10654,0.0,0.0,0.0
2024-01-26 12:30:00-05:00,13.484999656677246,13.489999771118164,13.444999694824219,13.449999809265137,6327,0.0,0.0,0.0
2024-01-26 13:30:00-05:00,13.430000305175781,13.545000076293945,13.419899940490723,13.460000038146973,6641,0.0,0.0,0.0
2024-01-26 14:30:00-05:00,13.460000038146973,13.470000267028809,13.390999794006348,13.390999794006348,22201,0.0,0.0,0.0
2024-01-26 15:30:00-05:00,13.479999542236328,13.520000457763672,13.479999542236328,13.520000457763672,1001,0.0,0.0,0.0
2024-01-29 09:30:00-05:00,13.460000038146973,13.510000228881836,13.149999618530273,13.210000038146973,52399,0.0,0.0,0.0
2024-01-29 10:30:00-05:00,13.170000076293945,13.345000267028809,13.149999618530273,13.329999923706055,9847,0.0,0.0,0.0
2024-01-29 11:30:00-05:00,13.295000076293945,13.3100004196167,13.199999809265137,13.229999542236328,8813,0.0,0.0,0.0
2024-01-29 12:30:00-05:00,13.26039981842041,13.26039981842041,13.26039981842041,13.26039981842041,301,0.0,0.0,0.0
2024-01-29 13:30:00-05:00,13.210000038146973,13.210000038146973,13.109000205993652,13.109000205993652,10575,0.0,0.0,0.0
2024-01-29 14:30:00-05:00,13.079999923706055,13.079999923706055,12.920000076293945,12.920000076293945,3979,0.0,0.0,0.0
2024-01-29 15:30:00-05:00,12.869999885559082,12.899999618530273,12.84000015258789,12.850000381469727,0,0.0,0.0,0.0
2024-01-30 09:30:00-05:00,12.710000038146973,12.8100004196167,12.489999771118164,12.5,56586,0.0,0.0,0.0
2024-01-30 10:30:00-05:00,12.548999786376953,12.65999984741211,12.5,12.600000381469727,41203,0.0,0.0,0.0
2024-01-30 11:30:00-05:00,12.619999885559082,12.739999771118164,12.449999809265137,12.699899673461914,13738,0.0,0.0,0.0
2024-01-30 12:30:00-05:00,12.710000038146973,12.829999923706055,12.710000038146973,12.789999961853027,38424,0.0,0.0,0.0
2024-01-30 13:30:00-05:00,12.760000228881836,12.819600105285645,12.760000228881836,12.819600105285645,5921,0.0,0.0,0.0
2024-01-30 14:30:00-05:00,12.729999542236328,12.729999542236328,12.649999618530273,12.649999618530273,1580,0.0,0.0,0.0
2024-01-30 15:30:00-05:00,12.6899995803833,12.739999771118164,12.680000305175781,12.739999771118164,0,0.0,0.0,0.0
2024-01-31 09:30:00-05:00,13.319999694824219,13.331000328063965,13.074999809265137,13.331000328063965,10073,0.0,0.0,0.0
2024-01-31 10:30:00-05:00,13.430000305175781,13.550000190734863,13.326700210571289,13.326700210571289,14761,0.0,0.0,0.0
2024-01-31 11:30:00-05:00,13.279999732971191,13.279999732971191,13.140000343322754,13.180000305175781,8124,0.0,0.0,0.0
2024-01-31 12:30:00-05:00,13.239999771118164,13.295900344848633,13.239999771118164,13.295900344848633,2218,0.0,0.0,0.0
2024-01-31 13:30:00-05:00,13.300000190734863,13.376399993896484,13.15999984741211,13.21500015258789,10139,0.0,0.0,0.0
2024-01-31 14:30:00-05:00,13.199999809265137,13.270000457763672,12.9399995803833,13.130000114440918,29051,0.0,0.0,0.0
2024-01-31 15:30:00-05:00,13.25,13.260000228881836,13.219900131225586,13.25,0,0.0,0.0,0.0
2024-02-01 09:30:00-05:00,12.979999542236328,13.175000190734863,12.920000076293945,12.920000076293945,46052,0.0,0.0,0.0
2024-02-01 10:30:00-05:00,12.869999885559082,13.069999694824219,12.869999885559082,13.050000190734863,6119,0.0,0.0,0.0
2024-02-01 11:30:00-05:00,13.020000457763672,13.020000457763672,12.84000015258789,12.84000015258789,5195,0.0,0.0,0.0
2024-02-01 12:30:00-05:00,12.869999885559082,12.880000114440918,12.739899635314941,12.739899635314941,5802,0.0,0.0,0.0
2024-02-01 13:30:00-05:00,12.770000457763672,12.770000457763672,12.659899711608887,12.670000076293945,4837,0.0,0.0,0.0
2024-02-01 14:30:00-05:00,12.704999923706055,12.710000038146973,12.569999694824219,12.569999694824219,30364,0.0,0.0,0.0
2024-02-01 15:30:00-05:00,12.5600004196167,12.638999938964844,12.550000190734863,12.630000114440918,0,0.0,0.0,0.0
2024-02-02 09:30:00-05:00,12.25,12.319000244140625,11.670000076293945,11.829999923706055,0,0.0,0.0,0.0
2024-02-02 10:30:00-05:00,11.829999923706055,11.859600067138672,11.670000076293945,11.6899995803833,79676,0.0,0.0,0.0
2024-02-02 11:30:00-05:00,11.65999984741211,11.65999984741211,11.239899635314941,11.239899635314941,33552,0.0,0.0,0.0
2024-02-02 12:30:00-05:00,11.239999771118164,11.458999633789062,11.239999771118164,11.449000358581543,20653,0.0,0.0,0.0
2024-02-02 13:30:00-05:00,11.40999984741211,11.470999717712402,11.34000015258789,11.34000015258789,3912,0.0,0.0,0.0
2024-02-02 14:30:00-05:00,11.389900207519531,11.449999809265137,11.347100257873535,11.409000396728516,38362,0.0,0.0,0.0
2024-02-02 15:30:00-05:00,11.40999984741211,11.420000076293945,11.34000015258789,11.34000015258789,16003,0.0,0.0,0.0
2024-02-05 09:30:00-05:00,10.680000305175781,10.789999961853027,10.25,10.695500373840332,242904,0.0,0.0,0.0
2024-02-05 10:30:00-05:00,10.640000343322754,11.0,10.609800338745117,10.680000305175781,71532,0.0,0.0,0.0
2024-02-05 11:30:00-05:00,10.6850004196167,10.6850004196167,10.34000015258789,10.41409969329834,82208,0.0,0.0,0.0
2024-02-05 12:30:00-05:00,10.369999885559082,10.569999694824219,10.361499786376953,10.444100379943848,45476,0.0,0.0,0.0
2024-02-05 13:30:00-05:00,10.418999671936035,10.5,10.40999984741211,10.430000305175781,42652,0.0,0.0,0.0
2024-02-05 14:30:00-05:00,10.399999618530273,10.670999526977539,10.279999732971191,10.510000228881836,84197,0.0,0.0,0.0
2024-02-05 15:30:00-05:00,10.470000267028809,10.470000267028809,10.239999771118164,10.276599884033203,0,0.0,0.0,0.0
2024-02-06 09:30:00-05:00,10.180000305175781,10.850000381469727,10.180000305175781,10.689499855041504,493316,0.0,0.0,0.0
2024-02-06 10:30:00-05:00,10.6899995803833,10.805000305175781,10.5600004196167,10.75,65443,0.0,0.0,0.0
2024-02-06 11:30:00-05:00,10.680000305175781,11.1850004196167,10.680000305175781,11.029999732971191,153059,0.0,0.0,0.0
2024-02-06 12:30:00-05:00,11.029999732971191,11.119999885559082,10.949999809265137,11.020000457763672,71229,0.0,0.0,0.0
2024-02-06 13:30:00-05:00,10.960000038146973,10.960000038146973,10.79010009765625,10.819999694824219,38584,0.0,0.0,0.0
2024-02-06 14:30:00-05:00,10.789999961853027,10.789999961853027,10.550000190734863,10.63129997253418,41844,0.0,0.0,0.0
2024-02-06 15:30:00-05:00,10.640000343322754,10.739999771118164,10.569999694824219,10.609999656677246,47151,0.0,0.0,0.0
2024-02-07 09:30:00-05:00,10.59000015258789,10.779999732971191,10.239999771118164,10.289999961853027,188049,0.0,0.0,0.0
2024-02-07 10:30:00-05:00,10.300000190734863,10.485899925231934,10.229999542236328,10.436200141906738,34969,0.0,0.0,0.0
2024-02-07 11:30:00-05:00,10.399999618530273,10.43970012664795,10.270000457763672,10.319999694824219,28556,0.0,0.0,0.0
2024-02-07 12:30:00-05:00,10.34000015258789,10.40999984741211,10.239999771118164,10.248700141906738,29511,0.0,0.0,0.0
2024-02-07 13:30:00-05:00,10.229999542236328,10.270000457763672,10.21500015258789,10.241000175476074,10478,0.0,0.0,0.0
2024-02-07 14:30:00-05:00,10.244999885559082,10.255000114440918,10.015000343322754,10.015000343322754,33888,0.0,0.0,0.0
2024-02-07 15:30:00-05:00,10.010100364685059,10.079999923706055,10.010100364685059,10.039999961853027,27539,0.0,0.0,0.0
2024-02-08 09:30:00-05:00,10.050000190734863,10.25,9.84000015258789,10.140000343322754,169504,0.0,0.0,0.0
2024-02-08 10:30:00-05:00,10.100000381469727,10.109999656677246,9.899999618530273,9.9798002243042,40468,0.0,0.0,0.0
2024-02-08 11:30:00-05:00,9.960000038146973,10.020000457763672,9.920000076293945,10.010000228881836,44272,0.0,0.0,0.0
2024-02-08 12:30:00-05:00,9.979999542236328,10.079299926757812,9.977100372314453,9.979999542236328,48101,0.0,0.0,0.0
2024-02-08 13:30:00-05:00,9.960000038146973,10.085000038146973,9.909500122070312,10.085000038146973,68361,0.0,0.0,0.0
2024-02-08 14:30:00-05:00,10.100000381469727,10.149999618530273,10.056599617004395,10.119199752807617,98596,0.0,0.0,0.0
2024-02-08 15:30:00-05:00,10.074299812316895,10.180000305175781,10.074299812316895,10.14009952545166,62626,0.0,0.0,0.0
2024-02-09 09:30:00-05:00,9.920000076293945,9.989999771118164,9.699999809265137,9.720000267028809,338642,0.0,0.0,0.0
2024-02-09 10:30:00-05:00,9.770000457763672,9.779999732971191,9.539999961853027,9.649999618530273,171127,0.0,0.0,0.0
2024-02-09 11:30:00-05:00,9.638999938964844,9.6899995803833,9.569999694824219,9.605500221252441,127434,0.0,0.0,0.0
2024-02-09 12:30:00-05:00,9.585000038146973,9.61989974975586,9.550000190734863,9.559000015258789,73929,0.0,0.0,0.0
2024-02-09 13:30:00-05:00,9.559800148010254,9.571999549865723,9.481399536132812,9.520000457763672,45653,0.0,0.0,0.0
2024-02-09 14:30:00-05:00,9.510000228881836,9.556099891662598,9.489999771118164,9.510100364685059,56088,0.0,0.0,0.0
2024-02-09 15:30:00-05:00,9.510000228881836,9.510000228881836,9.420000076293945,9.449999809265137,98812,0.0,0.0,0.0
2024-02-12 09:30:00-05:00,9.329999923706055,9.420000076293945,9.100000381469727,9.1899995803833,238916,0.0,0.0,0.0
2024-02-12 10:30:00-05:00,9.207099914550781,9.207099914550781,8.930000305175781,8.954999923706055,161249,0.0,0.0,0.0
2024-02-12 11:30:00-05:00,8.960000038146973,9.149900436401367,8.829999923706055,9.080100059509277,101002,0.0,0.0,0.0
2024-02-12 12:30:00-05:00,9.0600004196167,9.316100120544434,9.050000190734863,9.279999732971191,44933,0.0,0.0,0.0
2024-02-12 13:30:00-05:00,9.300000190734863,9.6850004196167,9.300000190734863,9.499500274658203,330640,0.0,0.0,0.0
2024-02-12 14:30:00-05:00,9.469599723815918,9.49899959564209,9.295000076293945,9.338500022888184,42343,0.0,0.0,0.0
2024-02-12 15:30:00-05:00,9.329999923706055,9.430999755859375,9.319999694824219,9.420000076293945,60537,0.0,0.0,0.0
2024-02-13 09:30:00-05:00,9.920000076293945,10.0649995803833,9.389800071716309,9.389800071716309,451733,0.0,0.0,0.0
2024-02-13 10:30:00-05:00,9.381199836730957,9.428999900817871,9.121399879455566,9.246899604797363,216970,0.0,0.0,0.0
2024-02-13 11:30:00-05:00,9.220000267028809,9.4399995803833,9.220000267028809,9.40999984741211,49261,0.0,0.0,0.0
2024-02-13 12:30:00-05:00,9.33080005645752,9.509599685668945,9.300000190734863,9.40999984741211,66829,0.0,0.0,0.0
2024-02-13 13:30:00-05:00,9.419899940490723,9.559000015258789,9.390600204467773,9.460800170898438,25034,0.0,0.0,0.0
2024-02-13 14:30:00-05:00,9.4399995803833,9.649999618530273,9.390000343322754,9.579999923706055,83540,0.0,0.0,0.0
2024-02-13 15:30:00-05:00,9.585000038146973,9.63129997253418,9.430000305175781,9.449999809265137,157133,0.0,0.0,0.0
2024-02-14 09:30:00-05:00,9.15999984741211,9.210000038146973,8.899999618530273,8.930000305175781,173728,0.0,0.0,0.0
2024-02-14 10:30:00-05:00,8.920000076293945,9.5,8.920000076293945,9.34000015258789,137323,0.0,0.0,0.0
2024-02-14 11:30:00-05:00,9.359999656677246,9.4197998046875,9.25,9.260100364685059,49969,0.0,0.0,0.0
2024-02-14 12:30:00-05:00,9.260000228881836,9.359999656677246,9.204999923706055,9.270000457763672,50351,0.0,0.0,0.0
2024-02-14 13:30:00-05:00,9.260000228881836,9.300000190734863,9.180000305175781,9.220000267028809,23714,0.0,0.0,0.0
2024-02-14 14:30:00-05:00,9.1899995803833,9.20989990234375,9.09000015258789,9.109999656677246,56681,0.0,0.0,0.0
2024-02-14 15:30:00-05:00,9.109999656677246,9.109999656677246,8.970000267028809,8.970000267028809,123710,0.0,0.0,0.0
2024-02-15 09:30:00-05:00,8.970000267028809,9.34000015258789,8.970000267028809,9.199999809265137,309538,0.0,0.0,0.0
2024-02-15 10:30:00-05:00,9.175000190734863,9.270000457763672,9.09000015258789,9.170000076293945,127366,0.0,0.0,0.0
2024-02-15 11:30:00-05:00,9.170000076293945,9.270000457763672,9.130999565124512,9.170000076293945,85648,0.0,0.0,0.0
2024-02-15 12:30:00-05:00,9.15999984741211,9.1850004196167,9.109999656677246,9.130000114440918,30166,0.0,0.0,0.0
2024-02-15 13:30:00-05:00,9.130000114440918,9.229999542236328,9.130000114440918,9.149900436401367,28960,0.0,0.0,0.0
2024-02-15 14:30:00-05:00,9.140000343322754,9.279999732971191,9.140000343322754,9.25,79004,0.0,0.0,0.0
2024-02-15 15:30:00-05:00,9.229999542236328,9.300000190734863,9.229999542236328,9.279999732971191,136377,0.0,0.0,0.0
2024-02-16 09:30:00-05:00,8.960000038146973,9.329999923706055,8.854999542236328,9.15999984741211,491281,0.0,0.0,0.0
2024-02-16 10:30:00-05:00,9.149999618530273,9.258399963378906,8.960000038146973,8.989899635314941,189648,0.0,0.0,0.0
2024-02-16 11:30:00-05:00,8.960000038146973,9.024999618530273,8.930000305175781,8.984999656677246,76331,0.0,0.0,0.0
2024-02-16 12:30:00-05:00,8.960000038146973,9.199999809265137,8.960000038146973,9.15999984741211,69368,0.0,0.0,0.0
2024-02-16 13:30:00-05:00,9.140000343322754,9.140000343322754,8.960000038146973,9.010499954223633,128140,0.0,0.0,0.0
2024-02-16 14:30:00-05:00,9.000100135803223,9.220000267028809,8.989999771118164,9.130000114440918,149409,0.0,0.0,0.0
2024-02-16 15:30:00-05:00,9.119999885559082,9.34000015258789,9.119999885559082,9.329999923706055,176787,0.0,0.0,0.0
2024-02-20 09:30:00-05:00,9.479999542236328,10.399999618530273,9.479999542236328,10.34000015258789,743685,0.0,0.0,0.0
2024-02-20 10:30:00-05:00,10.359999656677246,10.449999809265137,10.131500244140625,10.279999732971191,231084,0.0,0.0,0.0
2024-02-20 11:30:00-05:00,10.319999694824219,10.5,10.3100004196167,10.36989974975586,209157,0.0,0.0,0.0
2024-02-20 12:30:00-05:00,10.369999885559082,10.468999862670898,10.33080005645752,10.389100074768066,104705,0.0,0.0,0.0
2024-02-20 13:30:00-05:00,10.359999656677246,10.449999809265137,10.239899635314941,10.314499855041504,73135,0.0,0.0,0.0
2024-02-20 14:30:00-05:00,10.279999732971191,10.279999732971191,10.050999641418457,10.130000114440918,98443,0.0,0.0,0.0
2024-02-20 15:30:00-05:00,10.135000228881836,10.210000038146973,10.074999809265137,10.095000267028809,43929,0.0,0.0,0.0
2024-02-21 09:30:00-05:00,10.569999694824219,10.619999885559082,10.260499954223633,10.531499862670898,388772,0.0,0.0,0.0
2024-02-21 10:30:00-05:00,10.539999961853027,10.588800430297852,10.430000305175781,10.489999771118164,96579,0.0,0.0,0.0
2024-02-21 11:30:00-05:00,10.499500274658203,10.899999618530273,10.46500015258789,10.789999961853027,312469,0.0,0.0,0.0
2024-02-21 12:30:00-05:00,10.770000457763672,10.84000015258789,10.6899995803833,10.800000190734863,197162,0.0,0.0,0.0
2024-02-21 13:30:00-05:00,10.800000190734863,10.880000114440918,10.670000076293945,10.864999771118164,189987,0.0,0.0,0.0
2024-02-21 14:30:00-05:00,10.84000015258789,11.016300201416016,10.819999694824219,10.850000381469727,264223,0.0,0.0,0.0
2024-02-21 15:30:00-05:00,10.84000015258789,10.859999656677246,10.630000114440918,10.670000076293945,294982,0.0,0.0,0.0
2024-02-22 09:30:00-05:00,8.170000076293945,8.449999809265137,7.260000228881836,7.349999904632568,2577822,0.0,0.0,0.0
2024-02-22 10:30:00-05:00,7.360000133514404,7.53000020980835,7.28000020980835,7.380000114440918,498452,0.0,0.0,0.0
2024-02-22 11:30:00-05:00,7.380000114440918,7.449999809265137,7.210000038146973,7.437699794769287,235904,0.0,0.0,0.0
2024-02-22 12:30:00-05:00,7.460000038146973,7.559999942779541,7.389999866485596,7.462100028991699,184225,0.0,0.0,0.0
2024-02-22 13:30:00-05:00,7.460000038146973,7.489999771118164,7.289999961853027,7.289999961853027,190235,0.0,0.0,0.0
2024-02-22 14:30:00-05:00,7.309999942779541,7.348299980163574,7.130000114440918,7.197299957275391,239401,0.0,0.0,0.0
2024-02-22 15:30:00-05:00,7.190000057220459,7.2399001121521,7.0706000328063965,7.091000080108643,266008,0.0,0.0,0.0
2024-02-23 09:30:00-05:00,6.659999847412109,6.869999885559082,6.380099773406982,6.860000133514404,1844045,0.0,0.0,0.0
2024-02-23 10:30:00-05:00,6.869999885559082,7.255000114440918,6.809999942779541,6.96999979019165,1245030,0.0,0.0,0.0
2024-02-23 11:30:00-05:00,6.973999977111816,7.038700103759766,6.75,6.880000114440918,677324,0.0,0.0,0.0
2024-02-23 12:30:00-05:00,6.90500020980835,6.96999979019165,6.769999980926514,6.800000190734863,397775,0.0,0.0,0.0
2024-02-23 13:30:00-05:00,6.804999828338623,6.900000095367432,6.800000190734863,6.885000228881836,160592,0.0,0.0,0.0
2024-02-23 14:30:00-05:00,6.885000228881836,7.051300048828125,6.829999923706055,7.050000190734863,289638,0.0,0.0,0.0
2024-02-23 15:30:00-05:00,7.03000020980835,7.050000190734863,6.940000057220459,7.010000228881836,284230,0.0,0.0,0.0
2024-02-26 09:30:00-05:00,6.889999866485596,7.079999923706055,6.71999979019165,6.849999904632568,810781,0.0,0.0,0.0
2024-02-26 10:30:00-05:00,6.849999904632568,6.934999942779541,6.840000152587891,6.840000152587891,109952,0.0,0.0,0.0
2024-02-26 11:30:00-05:00,6.829999923706055,6.889999866485596,6.779900074005127,6.809999942779541,131200,0.0,0.0,0.0
2024-02-26 12:30:00-05:00,6.789999961853027,6.868899822235107,6.78000020980835,6.849999904632568,86688,0.0,0.0,0.0
2024-02-26 13:30:00-05:00,6.855000019073486,6.979499816894531,6.840000152587891,6.909999847412109,115533,0.0,0.0,0.0
2024-02-26 14:30:00-05:00,6.909999847412109,7.03000020980835,6.880000114440918,6.96999979019165,327071,0.0,0.0,0.0
2024-02-26 15:30:00-05:00,6.960000038146973,6.979899883270264,6.920000076293945,6.962900161743164,188068,0.0,0.0,0.0
2024-02-27 09:30:00-05:00,6.940000057220459,7.328999996185303,6.929999828338623,7.045000076293945,1155118,0.0,0.0,0.0
2024-02-27 10:30:00-05:00,7.059800148010254,7.099999904632568,7.0,7.059999942779541,411270,0.0,0.0,0.0
2024-02-27 11:30:00-05:00,7.059999942779541,7.079999923706055,6.940000057220459,6.960000038146973,156593,0.0,0.0,0.0
2024-02-27 12:30:00-05:00,6.96999979019165,7.039999961853027,6.909999847412109,6.949999809265137,91220,0.0,0.0,0.0
2024-02-27 13:30:00-05:00,6.96999979019165,7.014999866485596,6.954999923706055,6.980000019073486,275962,0.0,0.0,0.0
2024-02-27 14:30:00-05:00,6.969900131225586,7.010000228881836,6.965000152587891,6.974999904632568,76858,0.0,0.0,0.0
2024-02-27 15:30:00-05:00,6.974999904632568,7.03000020980835,6.9721999168396,7.03000020980835,233900,0.0,0.0,0.0
2024-02-28 09:30:00-05:00,7.260000228881836,7.309999942779541,7.159999847412109,7.28000020980835,622539,0.0,0.0,0.0
2024-02-28 10:30:00-05:00,7.28000020980835,7.320000171661377,7.130000114440918,7.139999866485596,365166,0.0,0.0,0.0
2024-02-28 11:30:00-05:00,7.139999866485596,7.139999866485596,7.020400047302246,7.099999904632568,167270,0.0,0.0,0.0
2024-02-28 12:30:00-05:00,7.119999885559082,7.150000095367432,7.090000152587891,7.110000133514404,184588,0.0,0.0,0.0
2024-02-28 13:30:00-05:00,7.090000152587891,7.139599800109863,7.078700065612793,7.119999885559082,20767,0.0,0.0,0.0
2024-02-28 14:30:00-05:00,7.139999866485596,7.170000076293945,7.110099792480469,7.150000095367432,71674,0.0,0.0,0.0
2024-02-28 15:30:00-05:00,7.150000095367432,7.25,7.140100002288818,7.21999979019165,229403,0.0,0.0,0.0
2024-02-29 09:30:00-05:00,6.980000019073486,7.005000114440918,6.840000152587891,6.940000057220459,685398,0.0,0.0,0.0
2024-02-29 10:30:00-05:00,6.920100212097168,7.03000020980835,6.889999866485596,7.0,148754,0.0,0.0,0.0
2024-02-29 11:30:00-05:00,7.010000228881836,7.119999885559082,6.949999809265137,7.0,415207,0.0,0.0,0.0
2024-02-29 12:30:00-05:00,7.005000114440918,7.0100998878479,6.929999828338623,6.929999828338623,40303,0.0,0.0,0.0
2024-02-29 13:30:00-05:00,6.920000076293945,6.968800067901611,6.909999847412109,6.949999809265137,152379,0.0,0.0,0.0
2024-02-29 14:30:00-05:00,6.939599990844727,6.95989990234375,6.909999847412109,6.930099964141846,53590,0.0,0.0,0.0
2024-02-29 15:30:00-05:00,6.934999942779541,6.980000019073486,6.809999942779541,6.949999809265137,236444,0.0,0.0,0.0
2024-03-01 09:30:00-05:00,6.829999923706055,6.9197001457214355,6.659999847412109,6.690000057220459,537108,0.0,0.0,0.0
2024-03-01 10:30:00-05:00,6.710000038146973,6.724999904632568,6.470099925994873,6.470099925994873,1078876,0.0,0.0,0.0
2024-03-01 11:30:00-05:00,6.46999979019165,6.579999923706055,6.465000152587891,6.525000095367432,171347,0.0,0.0,0.0
2024-03-01 12:30:00-05:00,6.53000020980835,6.539999961853027,6.489999771118164,6.529399871826172,79550,0.0,0.0,0.0
2024-03-01 13:30:00-05:00,6.539899826049805,6.539899826049805,6.429999828338623,6.454999923706055,161823,0.0,0.0,0.0
2024-03-01 14:30:00-05:00,6.450099945068359,6.519999980926514,6.449999809265137,6.475100040435791,131942,0.0,0.0,0.0
2024-03-01 15:30:00-05:00,6.470099925994873,6.5,6.420000076293945,6.429999828338623,216119,0.0,0.0,0.0
2024-03-04 09:30:00-05:00,6.079999923706055,6.199999809265137,5.949999809265137,6.039999961853027,642153,0.0,0.0,0.0
2024-03-04 10:30:00-05:00,6.03000020980835,6.03000020980835,5.920000076293945,5.962100028991699,0,0.0,0.0,0.0
2024-03-04 11:30:00-05:00,5.980000019073486,6.019999980926514,5.84499979019165,5.849999904632568,141019,0.0,0.0,0.0
2024-03-04 12:30:00-05:00,5.824999809265137,5.880000114440918,5.710000038146973,5.755000114440918,435938,0.0,0.0,0.0
2024-03-04 13:30:00-05:00,5.739999771118164,5.775700092315674,5.625,5.675000190734863,300591,0.0,0.0,0.0
2024-03-04 14:30:00-05:00,5.670000076293945,5.760000228881836,5.588200092315674,5.750100135803223,368430,0.0,0.0,0.0
2024-03-04 15:30:00-05:00,5.750100135803223,6.034999847412109,5.730199813842773,5.950099945068359,1585245,0.0,0.0,0.0
2024-03-05 09:30:00-05:00,5.980000019073486,6.110000133514404,5.849999904632568,6.109899997711182,874390,0.0,0.0,0.0
2024-03-05 10:30:00-05:00,6.111199855804443,6.199999809265137,6.03000020980835,6.050000190734863,678529,0.0,0.0,0.0
2024-03-05 11:30:00-05:00,6.070000171661377,6.079999923706055,5.950699806213379,5.954999923706055,0,0.0,0.0,0.0
2024-03-05 12:30:00-05:00,5.945000171661377,6.040299892425537,5.945000171661377,6.011300086975098,82625,0.0,0.0,0.0
2024-03-05 13:30:00-05:00,6.018700122833252,6.050000190734863,5.971399784088135,5.989999771118164,144077,0.0,0.0,0.0
2024-03-05 14:30:00-05:00,6.010000228881836,6.054999828338623,5.980000019073486,6.039999961853027,99541,0.0,0.0,0.0
2024-03-05 15:30:00-05:00,6.021200180053711,6.025000095367432,5.860000133514404,5.869999885559082,924927,0.0,0.0,0.0
2024-03-06 09:30:00-05:00,5.610000133514404,5.710000038146973,5.449999809265137,5.537499904632568,681409,0.0,0.0,0.0
2024-03-06 10:30:00-05:00,5.559999942779541,5.570000171661377,5.485000133514404,5.519999980926514,0,0.0,0.0,0.0
2024-03-06 11:30:00-05:00,5.534999847412109,5.590000152587891,5.460000038146973,5.46999979019165,115615,0.0,0.0,0.0
2024-03-06 12:30:00-05:00,5.465000152587891,5.5,5.34499979019165,5.375699996948242,204373,0.0,0.0,0.0
2024-03-06 13:30:00-05:00,5.369999885559082,5.510000228881836,5.360000133514404,5.400000095367432,179388,0.0,0.0,0.0
2024-03-06 14:30:00-05:00,5.389999866485596,5.566400051116943,5.385000228881836,5.535799980163574,133018,0.0,0.0,0.0
2024-03-06 15:30:00-05:00,5.520899772644043,5.625,5.46999979019165,5.46999979019165,956136,0.0,0.0,0.0
2024-03-07 09:30:00-05:00,5.309999942779541,5.360000133514404,5.13129997253418,5.13129997253418,1197014,0.0,0.0,0.0
2024-03-07 10:30:00-05:00,5.139900207519531,5.179999828338623,5.039999961853027,5.050000190734863,482390,0.0,0.0,0.0
2024-03-07 11:30:00-05:00,5.059999942779541,5.130000114440918,5.059999942779541,5.1097002029418945,396941,0.0,0.0,0.0
2024-03-07 12:30:00-05:00,5.110000133514404,5.150000095367432,5.074999809265137,5.090000152587891,312081,0.0,0.0,0.0
2024-03-07 13:30:00-05:00,5.090000152587891,5.099999904632568,5.010000228881836,5.019999980926514,556935,0.0,0.0,0.0
2024-03-07 14:30:00-05:00,5.019999980926514,5.099999904632568,5.010000228881836,5.04010009765625,421258,0.0,0.0,0.0
2024-03-07 15:30:00-05:00,5.045000076293945,5.050000190734863,4.96999979019165,4.96999979019165,469523,0.0,0.0,0.0
2024-03-08 09:30:00-05:00,4.730000019073486,4.769999980926514,4.5,4.5,2535287,0.0,0.0,0.0
2024-03-08 10:30:00-05:00,4.5,5.250899791717529,4.480000019073486,5.21999979019165,2184532,0.0,0.0,0.0
2024-03-08 11:30:00-05:00,5.22130012512207,5.480000019073486,5.110000133514404,5.320000171661377,2500378,0.0,0.0,0.0
2024-03-08 12:30:00-05:00,5.309999942779541,5.590000152587891,5.269999980926514,5.53000020980835,1299422,0.0,0.0,0.0
2024-03-08 13:30:00-05:00,5.539999961853027,5.650000095367432,5.430300235748291,5.46999979019165,1158349,0.0,0.0,0.0
2024-03-08 14:30:00-05:00,5.471199989318848,5.5,5.338699817657471,5.480000019073486,606113,0.0,0.0,0.0
2024-03-08 15:30:00-05:00,5.4899001121521,5.545000076293945,5.434999942779541,5.53000020980835,751613,0.0,0.0,0.0
2024-03-11 09:30:00-04:00,5.590000152587891,5.900000095367432,5.550099849700928,5.579999923706055,2345141,0.0,0.0,0.0
2024-03-11 10:30:00-04:00,5.599999904632568,5.630099773406982,5.380000114440918,5.630099773406982,1118266,0.0,0.0,0.0
2024-03-11 11:30:00-04:00,5.650000095367432,5.664999961853027,5.53000020980835,5.610000133514404,413984,0.0,0.0,0.0
2024-03-11 12:30:00-04:00,5.61870002746582,5.690000057220459,5.550000190734863,5.6392998695373535,153536,0.0,0.0,0.0
2024-03-11 13:30:00-04:00,5.632299900054932,5.769899845123291,5.632299900054932,5.670000076293945,306328,0.0,0.0,0.0
2024-03-11 14:30:00-04:00,5.679999828338623,5.829899787902832,5.620200157165527,5.781599998474121,389159,0.0,0.0,0.0
2024-03-11 15:30:00-04:00,5.78000020980835,5.808599948883057,5.715000152587891,5.755000114440918,182133,0.0,0.0,0.0
2024-03-12 09:30:00-04:00,5.449999809265137,5.710000038146973,5.375,5.389999866485596,1545627,0.0,0.0,0.0
2024-03-12 10:30:00-04:00,5.389999866485596,5.400000095367432,5.039999961853027,5.059999942779541,1456687,0.0,0.0,0.0
2024-03-12 11:30:00-04:00,5.05810022354126,5.170000076293945,5.05810022354126,5.139999866485596,332086,0.0,0.0,0.0
2024-03-12 12:30:00-04:00,5.139999866485596,5.320000171661377,5.122499942779541,5.210000038146973,494767,0.0,0.0,0.0
2024-03-12 13:30:00-04:00,5.199999809265137,5.257599830627441,5.110000133514404,5.169899940490723,185578,0.0,0.0,0.0
2024-03-12 14:30:00-04:00,5.150000095367432,5.199999809265137,5.090000152587891,5.119999885559082,252429,0.0,0.0,0.0
2024-03-12 15:30:00-04:00,5.119999885559082,5.146500110626221,4.940000057220459,4.945000171661377,333965,0.0,0.0,0.0
2024-03-13 09:30:00-04:00,5.03000020980835,5.320000171661377,5.019999980926514,5.255000114440918,1767898,0.0,0.0,0.0
2024-03-13 10:30:00-04:00,5.269999980926514,5.27839994430542,5.150000095367432,5.269999980926514,504721,0.0,0.0,0.0
2024-03-13 11:30:00-04:00,5.269999980926514,5.300000190734863,5.21999979019165,5.255000114440918,272545,0.0,0.0,0.0
2024-03-13 12:30:00-04:00,5.258699893951416,5.289999961853027,5.110199928283691,5.125,254262,0.0,0.0,0.0
2024-03-13 13:30:00-04:00,5.099999904632568,5.170000076293945,5.070000171661377,5.125,500466,0.0,0.0,0.0
2024-03-13 14:30:00-04:00,5.119999885559082,5.119999885559082,4.994999885559082,5.105000019073486,481077,0.0,0.0,0.0
2024-03-13 15:30:00-04:00,5.1057000160217285,5.1072001457214355,5.04010009765625,5.053999900817871,295777,0.0,0.0,0.0
2024-03-14 09:30:00-04:00,5.190000057220459,5.440000057220459,5.090000152587891,5.309999942779541,1737376,0.0,0.0,0.0
2024-03-14 10:30:00-04:00,5.300000190734863,5.429999828338623,5.269999980926514,5.400000095367432,622023,0.0,0.0,0.0
2024-03-14 11:30:00-04:00,5.40500020980835,5.539999961853027,5.369999885559082,5.420000076293945,542670,0.0,0.0,0.0
2024-03-14 12:30:00-04:00,5.429900169372559,5.510000228881836,5.38100004196167,5.46999979019165,325493,0.0,0.0,0.0
2024-03-14 13:30:00-04:00,5.46999979019165,5.480000019073486,5.320000171661377,5.360000133514404,401805,0.0,0.0,0.0
2024-03-14 14:30:00-04:00,5.340000152587891,5.494999885559082,5.340000152587891,5.460000038146973,592074,0.0,0.0,0.0
2024-03-14 15:30:00-04:00,5.449999809265137,5.489999771118164,5.364999771118164,5.380000114440918,205414,0.0,0.0,0.0
2024-03-15 09:30:00-04:00,5.489999771118164,5.590099811553955,5.301300048828125,5.320000171661377,902290,0.0,0.0,0.0
2024-03-15 10:30:00-04:00,5.328199863433838,5.328199863433838,5.187900066375732,5.230000019073486,353571,0.0,0.0,0.0
2024-03-15 11:30:00-04:00,5.235000133514404,5.324999809265137,5.215000152587891,5.300000190734863,269188,0.0,0.0,0.0
2024-03-15 12:30:00-04:00,5.298299789428711,5.298299789428711,5.239999771118164,5.269999980926514,102241,0.0,0.0,0.0
2024-03-15 13:30:00-04:00,5.277900218963623,5.300000190734863,5.230000019073486,5.25,48095,0.0,0.0,0.0
2024-03-15 14:30:00-04:00,5.238100051879883,5.340000152587891,5.192299842834473,5.309899806976318,381741,0.0,0.0,0.0
2024-03-15 15:30:00-04:00,5.300000190734863,5.425000190734863,5.300000190734863,5.389999866485596,1824389,0.0,0.0,0.0
2024-03-18 09:30:00-04:00,5.099999904632568,5.130000114440918,4.860000133514404,5.059999942779541,1784573,0.0,0.0,0.0
2024-03-18 10:30:00-04:00,5.054999828338623,5.349899768829346,5.039999961853027,5.299699783325195,1180924,0.0,0.0,0.0
2024-03-18 11:30:00-04:00,5.300000190734863,5.400000095367432,5.264999866485596,5.329999923706055,727495,0.0,0.0,0.0
2024-03-18 12:30:00-04:00,5.340000152587891,5.489200115203857,5.335000038146973,5.378699779510498,553801,0.0,0.0,0.0
2024-03-18 13:30:00-04:00,5.371500015258789,5.375,5.275000095367432,5.275000095367432,493156,0.0,0.0,0.0
2024-03-18 14:30:00-04:00,5.275000095367432,5.340000152587891,5.258800029754639,5.304999828338623,219514,0.0,0.0,0.0
2024-03-18 15:30:00-04:00,5.300000190734863,5.332300186157227,5.264999866485596,5.320000171661377,128228,0.0,0.0,0.0
2024-03-19 09:30:00-04:00,5.550000190734863,5.748700141906738,5.420000076293945,5.675000190734863,2417021,0.0,0.0,0.0
2024-03-19 10:30:00-04:00,5.670000076293945,5.695000171661377,5.5,5.519199848175049,688953,0.0,0.0,0.0
2024-03-19 11:30:00-04:00,5.519999980926514,5.554999828338623,5.360000133514404,5.375,590374,0.0,0.0,0.0
2024-03-19 12:30:00-04:00,5.369999885559082,5.369999885559082,5.184999942779541,5.249899864196777,923753,0.0,0.0,0.0
2024-03-19 13:30:00-04:00,5.239999771118164,5.255000114440918,5.082300186157227,5.150000095367432,877498,0.0,0.0,0.0
2024-03-19 14:30:00-04:00,5.148499965667725,5.36959981918335,5.110000133514404,5.321300029754639,670585,0.0,0.0,0.0
2024-03-19 15:30:00-04:00,5.311299800872803,5.329999923706055,5.20989990234375,5.21999979019165,342121,0.0,0.0,0.0
2024-03-20 09:30:00-04:00,5.170000076293945,5.34499979019165,5.099999904632568,5.230000019073486,735823,0.0,0.0,0.0
2024-03-20 10:30:00-04:00,5.224999904632568,5.304999828338623,5.224999904632568,5.275000095367432,176333,0.0,0.0,0.0
2024-03-20 11:30:00-04:00,5.28000020980835,5.359300136566162,5.260000228881836,5.310100078582764,197343,0.0,0.0,0.0
2024-03-20 12:30:00-04:00,5.320000171661377,5.349899768829346,5.289999961853027,5.320000171661377,178735,0.0,0.0,0.0
2024-03-20 13:30:00-04:00,5.329999923706055,5.329999923706055,5.150000095367432,5.170000076293945,342827,0.0,0.0,0.0
2024-03-20 14:30:00-04:00,5.164999961853027,5.255000114440918,5.099999904632568,5.135000228881836,825185,0.0,0.0,0.0
2024-03-20 15:30:00-04:00,5.119999885559082,5.159999847412109,5.099999904632568,5.099999904632568,317607,0.0,0.0,0.0
2024-03-21 09:30:00-04:00,4.920000076293945,5.099100112915039,4.889800071716309,5.0100998878479,1345548,0.0,0.0,0.0
2024-03-21 10:30:00-04:00,5.03000020980835,5.054999828338623,4.925000190734863,4.930300235748291,670074,0.0,0.0,0.0
2024-03-21 11:30:00-04:00,4.934999942779541,4.940000057220459,4.860000133514404,4.879899978637695,668413,0.0,0.0,0.0
2024-03-21 12:30:00-04:00,4.875,4.937699794769287,4.849999904632568,4.90500020980835,361500,0.0,0.0,0.0
2024-03-21 13:30:00-04:00,4.900000095367432,5.010000228881836,4.88070011138916,4.956999778747559,455371,0.0,0.0,0.0
2024-03-21 14:30:00-04:00,4.960000038146973,5.039999961853027,4.960000038146973,4.960000038146973,267824,0.0,0.0,0.0
2024-03-21 15:30:00-04:00,4.965000152587891,4.995999813079834,4.960000038146973,4.980000019073486,153973,0.0,0.0,0.0
2024-03-22 09:30:00-04:00,5.010000228881836,5.039999961853027,4.804999828338623,4.840000152587891,1093903,0.0,0.0,0.0
2024-03-22 10:30:00-04:00,4.835000038146973,4.889999866485596,4.739999771118164,4.741799831390381,708302,0.0,0.0,0.0
2024-03-22 11:30:00-04:00,4.746799945831299,4.769999980926514,4.630000114440918,4.650000095367432,1238830,0.0,0.0,0.0
2024-03-22 12:30:00-04:00,4.659999847412109,4.710000038146973,4.630000114440918,4.650100231170654,455429,0.0,0.0,0.0
2024-03-22 13:30:00-04:00,4.659900188446045,4.709199905395508,4.621200084686279,4.660099983215332,465360,0.0,0.0,0.0
2024-03-22 14:30:00-04:00,4.670000076293945,4.760000228881836,4.659999847412109,4.739999771118164,648418,0.0,0.0,0.0
2024-03-22 15:30:00-04:00,4.749899864196777,4.755000114440918,4.650100231170654,4.670000076293945,453607,0.0,0.0,0.0
2024-03-25 09:30:00-04:00,4.699999809265137,4.744999885559082,4.429999828338623,4.509699821472168,1774770,0.0,0.0,0.0
2024-03-25 10:30:00-04:00,4.494999885559082,4.545000076293945,4.460000038146973,4.539899826049805,415131,0.0,0.0,0.0
2024-03-25 11:30:00-04:00,4.53000020980835,4.621699810028076,4.5117998123168945,4.59499979019165,806765,0.0,0.0,0.0
2024-03-25 12:30:00-04:00,4.59499979019165,4.6072001457214355,4.53000020980835,4.534999847412109,387053,0.0,0.0,0.0
2024-03-25 13:30:00-04:00,4.534999847412109,4.549900054931641,4.480199813842773,4.510000228881836,178530,0.0,0.0,0.0
2024-03-25 14:30:00-04:00,4.510000228881836,4.579999923706055,4.480000019073486,4.554999828338623,308491,0.0,0.0,0.0
2024-03-25 15:30:00-04:00,4.565000057220459,4.605000019073486,4.514999866485596,4.599999904632568,400801,0.0,0.0,0.0
2024-03-26 09:30:00-04:00,4.53000020980835,4.670000076293945,4.478700160980225,4.664999961853027,994218,0.0,0.0,0.0
2024-03-26 10:30:00-04:00,4.670000076293945,4.695000171661377,4.610000133514404,4.614999771118164,522359,0.0,0.0,0.0
2024-03-26 11:30:00-04:00,4.625,4.7067999839782715,4.610000133514404,4.664999961853027,225374,0.0,0.0,0.0
2024-03-26 12:30:00-04:00,4.670000076293945,4.690400123596191,4.639999866485596,4.650000095367432,115641,0.0,0.0,0.0
2024-03-26 13:30:00-04:00,4.650000095367432,4.650000095367432,4.585000038146973,4.609799861907959,179703,0.0,0.0,0.0
2024-03-26 14:30:00-04:00,4.610199928283691,4.690000057220459,4.599999904632568,4.690000057220459,144032,0.0,0.0,0.0
2024-03-26 15:30:00-04:00,4.690000057220459,4.839900016784668,4.690000057220459,4.839900016784668,695831,0.0,0.0,0.0
2024-03-27 09:30:00-04:00,4.789999961853027,5.170000076293945,4.770100116729736,5.090000152587891,2618877,0.0,0.0,0.0
2024-03-27 10:30:00-04:00,5.079999923706055,5.139900207519531,5.039999961853027,5.130000114440918,486392,0.0,0.0,0.0
2024-03-27 11:30:00-04:00,5.135200023651123,5.159999847412109,5.068699836730957,5.074699878692627,232578,0.0,0.0,0.0
2024-03-27 12:30:00-04:00,5.070000171661377,5.09499979019165,5.05019998550415,5.090000152587891,242511,0.0,0.0,0.0
2024-03-27 13:30:00-04:00,5.074999809265137,5.090000152587891,5.020100116729736,5.070000171661377,294308,0.0,0.0,0.0
2024-03-27 14:30:00-04:00,5.069900035858154,5.179999828338623,5.069900035858154,5.130799770355225,358003,0.0,0.0,0.0
2024-03-27 15:30:00-04:00,5.149899959564209,5.150000095367432,5.050000190734863,5.070000171661377,130498,0.0,0.0,0.0
2024-03-28 09:30:00-04:00,5.110000133514404,5.195000171661377,4.969900131225586,5.039999961853027,1733996,0.0,0.0,0.0
2024-03-28 10:30:00-04:00,5.040200233459473,5.048500061035156,4.989999771118164,5.014999866485596,194568,0.0,0.0,0.0
2024-03-28 11:30:00-04:00,5.010000228881836,5.074999809265137,5.010000228881836,5.0447001457214355,161966,0.0,0.0,0.0
2024-03-28 12:30:00-04:00,5.039999961853027,5.048999786376953,5.019999980926514,5.03000020980835,121700,0.0,0.0,0.0
2024-03-28 13:30:00-04:00,5.039999961853027,5.079999923706055,5.019999980926514,5.059999942779541,84592,0.0,0.0,0.0
2024-03-28 14:30:00-04:00,5.059999942779541,5.074999809265137,5.011499881744385,5.057700157165527,118417,0.0,0.0,0.0
2024-03-28 15:30:00-04:00,5.050000190734863,5.079999923706055,5.039999961853027,5.060100078582764,375969,0.0,0.0,0.0
2024-04-01 09:30:00-04:00,5.079999923706055,5.079999923706055,4.854000091552734,4.946300029754639,989175,0.0,0.0,0.0
2024-04-01 10:30:00-04:00,4.945000171661377,5.150000095367432,4.909900188446045,5.105000019073486,480815,0.0,0.0,0.0
2024-04-01 11:30:00-04:00,5.100500106811523,5.189300060272217,5.100500106811523,5.139900207519531,582935,0.0,0.0,0.0
2024-04-01 12:30:00-04:00,5.110000133514404,5.159599781036377,5.085000038146973,5.125,325695,0.0,0.0,0.0
2024-04-01 13:30:00-04:00,5.11870002746582,5.130000114440918,5.079999923706055,5.085000038146973,159052,0.0,0.0,0.0
2024-04-01 14:30:00-04:00,5.079999923706055,5.110000133514404,5.059999942779541,5.110000133514404,178622,0.0,0.0,0.0
2024-04-01 15:30:00-04:00,5.109899997711182,5.135000228881836,5.060999870300293,5.060999870300293,135154,0.0,0.0,0.0
2024-04-02 09:30:00-04:00,5.292300224304199,5.369999885559082,5.220200061798096,5.323999881744385,1212213,0.0,0.0,0.0
2024-04-02 10:30:00-04:00,5.320000171661377,5.34689998626709,5.175000190734863,5.175000190734863,357637,0.0,0.0,0.0
2024-04-02 11:30:00-04:00,5.171000003814697,5.21999979019165,5.150000095367432,5.210000038146973,493066,0.0,0.0,0.0
2024-04-02 12:30:00-04:00,5.195000171661377,5.195000171661377,5.09499979019165,5.144999980926514,371451,0.0,0.0,0.0
2024-04-02 13:30:00-04:00,5.144999980926514,5.175000190734863,5.131700038909912,5.150000095367432,164068,0.0,0.0,0.0
2024-04-02 14:30:00-04:00,5.15500020980835,5.190000057220459,5.149899959564209,5.175000190734863,111398,0.0,0.0,0.0
2024-04-02 15:30:00-04:00,5.170100212097168,5.190000057220459,5.144999980926514,5.159999847412109,210878,0.0,0.0,0.0
2024-04-03 09:30:00-04:00,5.269999980926514,5.300000190734863,5.059999942779541,5.085000038146973,728604,0.0,0.0,0.0
2024-04-03 10:30:00-04:00,5.079999923706055,5.110000133514404,5.065000057220459,5.079999923706055,133487,0.0,0.0,0.0
2024-04-03 11:30:00-04:00,5.085000038146973,5.20989990234375,5.080100059509277,5.15500020980835,394234,0.0,0.0,0.0
2024-04-03 12:30:00-04:00,5.150000095367432,5.179999828338623,5.090000152587891,5.09499979019165,233384,0.0,0.0,0.0
2024-04-03 13:30:00-04:00,5.099999904632568,5.129899978637695,5.099999904632568,5.125,36118,0.0,0.0,0.0
2024-04-03 14:30:00-04:00,5.125,5.21999979019165,5.114999771118164,5.204999923706055,297424,0.0,0.0,0.0
2024-04-03 15:30:00-04:00,5.215000152587891,5.2399001121521,5.180099964141846,5.224999904632568,411386,0.0,0.0,0.0
2024-04-04 09:30:00-04:00,5.050000190734863,5.179999828338623,5.031000137329102,5.130000114440918,1078094,0.0,0.0,0.0
2024-04-04 10:30:00-04:00,5.139900207519531,5.189199924468994,5.119999885559082,5.170000076293945,135476,0.0,0.0,0.0
2024-04-04 11:30:00-04:00,5.170000076293945,5.1996002197265625,5.139999866485596,5.139999866485596,202242,0.0,0.0,0.0
2024-04-04 12:30:00-04:00,5.139999866485596,5.160299777984619,5.139999866485596,5.159999847412109,92623,0.0,0.0,0.0
2024-04-04 13:30:00-04:00,5.169899940490723,5.329899787902832,5.15500020980835,5.329899787902832,501912,0.0,0.0,0.0
2024-04-04 14:30:00-04:00,5.335000038146973,5.510000228881836,5.320000171661377,5.510000228881836,1098389,0.0,0.0,0.0
2024-04-04 15:30:00-04:00,5.522299766540527,5.579999923706055,5.485000133514404,5.579999923706055,373566,0.0,0.0,0.0
2024-04-05 09:30:00-04:00,5.460000038146973,5.570000171661377,5.360000133514404,5.4899001121521,1423001,0.0,0.0,0.0
2024-04-05 10:30:00-04:00,5.480000019073486,5.489999771118164,5.335000038146973,5.381800174713135,334069,0.0,0.0,0.0
2024-04-05 11:30:00-04:00,5.380199909210205,5.389900207519531,5.260000228881836,5.31820011138916,343927,0.0,0.0,0.0
2024-04-05 12:30:00-04:00,5.310999870300293,5.324999809265137,5.260000228881836,5.301199913024902,180730,0.0,0.0,0.0
2024-04-05 13:30:00-04:00,5.300000190734863,5.4096999168396,5.289999961853027,5.355000019073486,365428,0.0,0.0,0.0
2024-04-05 14:30:00-04:00,5.349999904632568,5.377900123596191,5.320000171661377,5.349999904632568,269166,0.0,0.0,0.0
2024-04-05 15:30:00-04:00,5.355000019073486,5.367000102996826,5.300000190734863,5.315000057220459,153535,0.0,0.0,0.0
2024-04-08 09:30:00-04:00,5.220799922943115,5.46999979019165,5.220799922943115,5.335000038146973,649819,0.0,0.0,0.0
2024-04-08 10:30:00-04:00,5.340099811553955,5.389900207519531,5.308899879455566,5.375,181623,0.0,0.0,0.0
2024-04-08 11:30:00-04:00,5.380099773406982,5.470200061798096,5.357600212097168,5.439899921417236,205809,0.0,0.0,0.0
2024-04-08 12:30:00-04:00,5.434999942779541,5.440000057220459,5.394999980926514,5.410200119018555,163363,0.0,0.0,0.0
2024-04-08 13:30:00-04:00,5.425000190734863,5.449399948120117,5.389999866485596,5.414999961853027,303117,0.0,0.0,0.0
2024-04-08 14:30:00-04:00,5.414999961853027,5.4390997886657715,5.400000095367432,5.414999961853027,98511,0.0,0.0,0.0
2024-04-08 15:30:00-04:00,5.409999847412109,5.440000057220459,5.380000114440918,5.429999828338623,164158,0.0,0.0,0.0
2024-04-09 09:30:00-04:00,5.409999847412109,5.78000020980835,5.400000095367432,5.764999866485596,1286798,0.0,0.0,0.0
2024-04-09 10:30:00-04:00,5.770299911499023,5.940000057220459,5.769999980926514,5.824999809265137,1827576,0.0,0.0,0.0
2024-04-09 11:30:00-04:00,5.824999809265137,5.880000114440918,5.699999809265137,5.729899883270264,1024705,0.0,0.0,0.0
2024-04-09 12:30:00-04:00,5.730299949645996,5.769999980926514,5.699999809265137,5.741000175476074,388707,0.0,0.0,0.0
2024-04-09 13:30:00-04:00,5.739999771118164,5.750100135803223,5.700200080871582,5.75,222756,0.0,0.0,0.0
2024-04-09 14:30:00-04:00,5.749199867248535,5.804999828338623,5.699999809265137,5.700099945068359,492715,0.0,0.0,0.0
2024-04-09 15:30:00-04:00,5.704999923706055,5.7399001121521,5.650000095367432,5.650000095367432,584076,0.0,0.0,0.0
2024-04-10 09:30:00-04:00,5.849999904632568,5.869999885559082,5.409999847412109,5.485000133514404,1971179,0.0,0.0,0.0
2024-04-10 10:30:00-04:00,5.480000019073486,5.53000020980835,5.380099773406982,5.439300060272217,1148572,0.0,0.0,0.0
2024-04-10 11:30:00-04:00,5.445000171661377,5.510000228881836,5.440299987792969,5.489999771118164,267612,0.0,0.0,0.0
2024-04-10 12:30:00-04:00,5.489999771118164,5.525000095367432,5.429999828338623,5.465000152587891,238454,0.0,0.0,0.0
2024-04-10 13:30:00-04:00,5.449999809265137,5.519999980926514,5.434999942779541,5.480000019073486,352036,0.0,0.0,0.0
2024-04-10 14:30:00-04:00,5.474999904632568,5.659999847412109,5.409999847412109,5.440000057220459,303591,0.0,0.0,0.0
2024-04-10 15:30:00-04:00,5.440000057220459,5.460000038146973,5.400000095367432,5.429999828338623,147364,0.0,0.0,0.0
2024-04-11 09:30:00-04:00,5.369999885559082,5.429999828338623,5.25,5.309899806976318,1251609,0.0,0.0,0.0
2024-04-11 10:30:00-04:00,5.309899806976318,5.312399864196777,5.184999942779541,5.2118000984191895,607311,0.0,0.0,0.0
2024-04-11 11:30:00-04:00,5.215000152587891,5.242400169372559,5.159999847412109,5.170000076293945,465082,0.0,0.0,0.0
2024-04-11 12:30:00-04:00,5.164999961853027,5.169899940490723,5.070000171661377,5.090000152587891,1391313,0.0,0.0,0.0
2024-04-11 13:30:00-04:00,5.085000038146973,5.119999885559082,5.039999961853027,5.045000076293945,343485,0.0,0.0,0.0
2024-04-11 14:30:00-04:00,5.039999961853027,5.090000152587891,5.034999847412109,5.039999961853027,590965,0.0,0.0,0.0
2024-04-11 15:30:00-04:00,5.039999961853027,5.049699783325195,4.96999979019165,4.985000133514404,467170,0.0,0.0,0.0
2024-04-12 09:30:00-04:00,5.090000152587891,5.179800033569336,5.039999961853027,5.131999969482422,1066286,0.0,0.0,0.0
2024-04-12 10:30:00-04:00,5.142399787902832,5.239999771118164,5.125,5.135000228881836,622569,0.0,0.0,0.0
2024-04-12 11:30:00-04:00,5.127600193023682,5.199999809265137,5.099999904632568,5.180099964141846,350002,0.0,0.0,0.0
2024-04-12 12:30:00-04:00,5.184999942779541,5.230000019073486,5.160099983215332,5.210000038146973,364846,0.0,0.0,0.0
2024-04-12 13:30:00-04:00,5.208700180053711,5.25,5.190000057220459,5.239999771118164,318141,0.0,0.0,0.0
2024-04-12 14:30:00-04:00,5.249599933624268,5.320000171661377,5.240099906921387,5.28000020980835,427617,0.0,0.0,0.0
2024-04-12 15:30:00-04:00,5.269999980926514,5.269999980926514,5.21999979019165,5.25,202079,0.0,0.0,0.0
2024-04-15 09:30:00-04:00,5.130000114440918,5.249800205230713,4.968699932098389,5.059999942779541,1168342,0.0,0.0,0.0
2024-04-15 10:30:00-04:00,5.050000190734863,5.232399940490723,5.022200107574463,5.202400207519531,401786,0.0,0.0,0.0
2024-04-15 11:30:00-04:00,5.190100193023682,5.239999771118164,5.135000228881836,5.235000133514404,305780,0.0,0.0,0.0
2024-04-15 12:30:00-04:00,5.239999771118164,5.420000076293945,5.239999771118164,5.409999847412109,583875,0.0,0.0,0.0
2024-04-15 13:30:00-04:00,5.414999961853027,5.46999979019165,5.389999866485596,5.4197998046875,580954,0.0,0.0,0.0
2024-04-15 14:30:00-04:00,5.422399997711182,5.505000114440918,5.36269998550415,5.505000114440918,285387,0.0,0.0,0.0
2024-04-15 15:30:00-04:00,5.510000228881836,5.519999980926514,5.429999828338623,5.510000228881836,309551,0.0,0.0,0.0
2024-04-16 09:30:00-04:00,5.460000038146973,5.4899001121521,5.269999980926514,5.379899978637695,1086496,0.0,0.0,0.0
2024-04-16 10:30:00-04:00,5.369999885559082,5.434999942779541,5.320000171661377,5.329999923706055,397556,0.0,0.0,0.0
2024-04-16 11:30:00-04:00,5.329999923706055,5.420000076293945,5.324999809265137,5.373300075531006,163297,0.0,0.0,0.0
2024-04-16 12:30:00-04:00,5.370800018310547,5.400000095367432,5.290200233459473,5.309999942779541,158436,0.0,0.0,0.0
2024-04-16 13:30:00-04:00,5.329999923706055,5.40500020980835,5.240099906921387,5.34499979019165,261370,0.0,0.0,0.0
2024-04-16 14:30:00-04:00,5.330399990081787,5.339900016784668,5.25,5.269999980926514,236229,0.0,0.0,0.0
2024-04-16 15:30:00-04:00,5.28000020980835,5.340000152587891,5.28000020980835,5.335000038146973,163456,0.0,0.0,0.0
2024-04-17 09:30:00-04:00,5.21999979019165,5.494999885559082,5.170400142669678,5.425000190734863,1115041,0.0,0.0,0.0
2024-04-17 10:30:00-04:00,5.420000076293945,5.559999942779541,5.409999847412109,5.465000152587891,582329,0.0,0.0,0.0
2024-04-17 11:30:00-04:00,5.4899001121521,5.650000095367432,5.4899001121521,5.610000133514404,563777,0.0,0.0,0.0
2024-04-17 12:30:00-04:00,5.600399971008301,5.699999809265137,5.579999923706055,5.629899978637695,625541,0.0,0.0,0.0
2024-04-17 13:30:00-04:00,5.605000019073486,5.630000114440918,5.565000057220459,5.59499979019165,456528,0.0,0.0,0.0
2024-04-17 14:30:00-04:00,5.59499979019165,5.730000019073486,5.53000020980835,5.730000019073486,590674,0.0,0.0,0.0
2024-04-17 15:30:00-04:00,5.7399001121521,5.744999885559082,5.675000190734863,5.730100154876709,300552,0.0,0.0,0.0
2024-04-18 09:30:00-04:00,5.630000114440918,5.960000038146973,5.610000133514404,5.670000076293945,1835469,0.0,0.0,0.0
2024-04-18 10:30:00-04:00,5.659999847412109,5.659999847412109,5.507599830627441,5.559899806976318,430048,0.0,0.0,0.0
2024-04-18 11:30:00-04:00,5.545000076293945,5.570000171661377,5.460000038146973,5.485000133514404,285953,0.0,0.0,0.0
2024-04-18 12:30:00-04:00,5.479899883270264,5.735000133514404,5.479899883270264,5.679900169372559,506564,0.0,0.0,0.0
2024-04-18 13:30:00-04:00,5.659999847412109,5.710000038146973,5.630000114440918,5.670000076293945,398402,0.0,0.0,0.0
2024-04-18 14:30:00-04:00,5.664999961853027,5.710000038146973,5.635000228881836,5.654699802398682,119664,0.0,0.0,0.0
2024-04-18 15:30:00-04:00,5.65500020980835,5.690000057220459,5.590000152587891,5.659999847412109,210073,0.0,0.0,0.0
2024-04-19 09:30:00-04:00,5.849999904632568,6.089900016784668,5.715000152587891,6.019999980926514,1359920,0.0,0.0,0.0
2024-04-19 10:30:00-04:00,6.020999908447266,6.110099792480469,5.929999828338623,6.039700031280518,948474,0.0,0.0,0.0
2024-04-19 11:30:00-04:00,6.034999847412109,6.25,5.985000133514404,6.25,996327,0.0,0.0,0.0
2024-04-19 12:30:00-04:00,6.255000114440918,6.257599830627441,6.09499979019165,6.229899883270264,930590,0.0,0.0,0.0
2024-04-19 13:30:00-04:00,6.230299949645996,6.525000095367432,6.191400051116943,6.519999980926514,1764730,0.0,0.0,0.0
2024-04-19 14:30:00-04:00,6.534999847412109,6.779900074005127,6.469900131225586,6.679999828338623,3776276,0.0,0.0,0.0
2024-04-19 15:30:00-04:00,6.679999828338623,6.860000133514404,6.659999847412109,6.789999961853027,1157474,0.0,0.0,0.0
2024-04-22 09:30:00-04:00,6.429999828338623,6.75,6.175000190734863,6.625,2802960,0.0,0.0,0.0
2024-04-22 10:30:00-04:00,6.625,6.78000020980835,6.420000076293945,6.490300178527832,1360048,0.0,0.0,0.0
2024-04-22 11:30:00-04:00,6.494999885559082,6.510000228881836,6.300000190734863,6.380000114440918,961955,0.0,0.0,0.0
2024-04-22 12:30:00-04:00,6.389699935913086,6.440000057220459,6.20989990234375,6.20989990234375,373828,0.0,0.0,0.0
2024-04-22 13:30:00-04:00,6.199999809265137,6.269999980926514,6.100100040435791,6.179999828338623,899628,0.0,0.0,0.0
2024-04-22 14:30:00-04:00,6.159999847412109,6.264999866485596,6.102099895477295,6.190000057220459,627957,0.0,0.0,0.0
2024-04-22 15:30:00-04:00,6.199900150299072,6.300000190734863,6.170000076293945,6.199999809265137,495316,0.0,0.0,0.0
2024-04-23 09:30:00-04:00,5.980000019073486,6.070000171661377,5.741399765014648,5.749899864196777,1839200,0.0,0.0,0.0
2024-04-23 10:30:00-04:00,5.749899864196777,5.839300155639648,5.699900150299072,5.739999771118164,917500,0.0,0.0,0.0
2024-04-23 11:30:00-04:00,5.741099834442139,5.820000171661377,5.699999809265137,5.780099868774414,398906,0.0,0.0,0.0
2024-04-23 12:30:00-04:00,5.789999961853027,5.889999866485596,5.78000020980835,5.829999923706055,500304,0.0,0.0,0.0
2024-04-23 13:30:00-04:00,5.824999809265137,5.841000080108643,5.707799911499023,5.71999979019165,426465,0.0,0.0,0.0
2024-04-23 14:30:00-04:00,5.719900131225586,5.800000190734863,5.715000152587891,5.71999979019165,311606,0.0,0.0,0.0
2024-04-23 15:30:00-04:00,5.710100173950195,5.780099868774414,5.690000057220459,5.739999771118164,212905,0.0,0.0,0.0
2024-04-24 09:30:00-04:00,5.510000228881836,5.769999980926514,5.510000228881836,5.679999828338623,1780209,0.0,0.0,0.0
2024-04-24 10:30:00-04:00,5.659999847412109,5.859899997711182,5.610000133514404,5.815000057220459,1089930,0.0,0.0,0.0
2024-04-24 11:30:00-04:00,5.815000057220459,6.02239990234375,5.789899826049805,5.989699840545654,1729416,0.0,0.0,0.0
2024-04-24 12:30:00-04:00,5.989999771118164,6.073800086975098,5.860000133514404,5.86929988861084,1277153,0.0,0.0,0.0
2024-04-24 13:30:00-04:00,5.880000114440918,6.079899787902832,5.819900035858154,6.079899787902832,790025,0.0,0.0,0.0
2024-04-24 14:30:00-04:00,6.074999809265137,6.189599990844727,6.045000076293945,6.100100040435791,1042545,0.0,0.0,0.0
2024-04-24 15:30:00-04:00,6.099999904632568,6.170000076293945,6.079999923706055,6.139200210571289,415789,0.0,0.0,0.0
2024-04-25 09:30:00-04:00,6.269999980926514,6.34499979019165,5.720200061798096,5.775000095367432,4302272,0.0,0.0,0.0
2024-04-25 10:30:00-04:00,5.769999980926514,5.909900188446045,5.764999866485596,5.835000038146973,1059222,0.0,0.0,0.0
2024-04-25 11:30:00-04:00,5.829999923706055,5.927999973297119,5.75,5.769899845123291,531361,0.0,0.0,0.0
2024-04-25 12:30:00-04:00,5.761199951171875,5.822400093078613,5.679999828338623,5.710100173950195,821641,0.0,0.0,0.0
2024-04-25 13:30:00-04:00,5.710000038146973,5.715000152587891,5.598599910736084,5.690000057220459,432177,0.0,0.0,0.0
2024-04-25 14:30:00-04:00,5.675000190734863,5.728099822998047,5.572400093078613,5.630000114440918,494403,0.0,0.0,0.0
2024-04-25 15:30:00-04:00,5.635000228881836,5.710000038146973,5.627600193023682,5.675000190734863,270277,0.0,0.0,0.0
2024-04-26 09:30:00-04:00,5.5,5.569900035858154,5.090099811553955,5.184999942779541,2721121,0.0,0.0,0.0
2024-04-26 10:30:00-04:00,5.188799858093262,5.199900150299072,5.03000020980835,5.079999923706055,1328446,0.0,0.0,0.0
2024-04-26 11:30:00-04:00,5.085000038146973,5.188000202178955,5.060100078582764,5.079899787902832,482954,0.0,0.0,0.0
2024-04-26 12:30:00-04:00,5.085000038146973,5.090000152587891,4.900100231170654,4.925000190734863,691621,0.0,0.0,0.0
2024-04-26 13:30:00-04:00,4.925000190734863,5.079599857330322,4.920100212097168,5.017300128936768,996188,0.0,0.0,0.0
2024-04-26 14:30:00-04:00,5.019899845123291,5.093999862670898,4.969799995422363,4.969799995422363,414143,0.0,0.0,0.0
2024-04-26 15:30:00-04:00,4.96999979019165,5.042099952697754,4.960100173950195,4.96999979019165,346114,0.0,0.0,0.0
2024-04-29 09:30:00-04:00,4.980000019073486,5.249899864196777,4.96999979019165,5.010000228881836,2459688,0.0,0.0,0.0
2024-04-29 10:30:00-04:00,5.000899791717529,5.109899997711182,4.980999946594238,5.060699939727783,570063,0.0,0.0,0.0
2024-04-29 11:30:00-04:00,5.060100078582764,5.118800163269043,5.041800022125244,5.049699783325195,331022,0.0,0.0,0.0
2024-04-29 12:30:00-04:00,5.049900054931641,5.065000057220459,4.949999809265137,4.953199863433838,362785,0.0,0.0,0.0
2024-04-29 13:30:00-04:00,4.954999923706055,5.03000020980835,4.949999809265137,4.990699768066406,335748,0.0,0.0,0.0
2024-04-29 14:30:00-04:00,5.0,5.110000133514404,4.990099906921387,5.050000190734863,280802,0.0,0.0,0.0
2024-04-29 15:30:00-04:00,5.032400131225586,5.040299892425537,4.950200080871582,4.96999979019165,232115,0.0,0.0,0.0
2024-04-30 09:30:00-04:00,5.039999961853027,5.050000190734863,4.855000019073486,4.989699840545654,1435487,0.0,0.0,0.0
2024-04-30 10:30:00-04:00,5.010000228881836,5.059999942779541,4.921000003814697,5.005000114440918,686070,0.0,0.0,0.0
2024-04-30 11:30:00-04:00,5.005000114440918,5.099899768829346,5.0,5.014999866485596,691180,0.0,0.0,0.0
2024-04-30 12:30:00-04:00,5.029900074005127,5.139999866485596,5.025700092315674,5.09499979019165,345407,0.0,0.0,0.0
2024-04-30 13:30:00-04:00,5.1092000007629395,5.119999885559082,5.045000076293945,5.09499979019165,413126,0.0,0.0,0.0
2024-04-30 14:30:00-04:00,5.090000152587891,5.099999904632568,5.039999961853027,5.059999942779541,299993,0.0,0.0,0.0
2024-04-30 15:30:00-04:00,5.050000190734863,5.130000114440918,5.019999980926514,5.130000114440918,276313,0.0,0.0,0.0
2024-05-01 09:30:00-04:00,5.282800197601318,5.520100116729736,5.230000019073486,5.431300163269043,3346669,0.0,0.0,0.0
2024-05-01 10:30:00-04:00,5.434999942779541,5.610000133514404,5.369999885559082,5.574999809265137,1924987,0.0,0.0,0.0
2024-05-01 11:30:00-04:00,5.561699867248535,5.730000019073486,5.510000228881836,5.601799964904785,2542422,0.0,0.0,0.0
2024-05-01 12:30:00-04:00,5.599999904632568,5.710000038146973,5.599999904632568,5.621699810028076,1497888,0.0,0.0,0.0
2024-05-01 13:30:00-04:00,5.635000228881836,5.650000095367432,5.429999828338623,5.429999828338623,1406470,0.0,0.0,0.0
2024-05-01 14:30:00-04:00,5.440000057220459,5.550000190734863,5.179999828338623,5.289999961853027,1664848,0.0,0.0,0.0
2024-05-01 15:30:00-04:00,5.295000076293945,5.510000228881836,5.295000076293945,5.510000228881836,1205925,0.0,0.0,0.0
2024-05-02 09:30:00-04:00,5.329999923706055,5.5,5.190000057220459,5.364999771118164,1752121,0.0,0.0,0.0
2024-05-02 10:30:00-04:00,5.369999885559082,5.410699844360352,5.251200199127197,5.315000057220459,500962,0.0,0.0,0.0
2024-05-02 11:30:00-04:00,5.3105998039245605,5.335000038146973,5.25,5.315000057220459,446148,0.0,0.0,0.0
2024-05-02 12:30:00-04:00,5.309999942779541,5.369900226593018,5.210000038146973,5.210000038146973,425598,0.0,0.0,0.0
2024-05-02 13:30:00-04:00,5.210000038146973,5.248199939727783,5.170000076293945,5.2210001945495605,416535,0.0,0.0,0.0
2024-05-02 14:30:00-04:00,5.228799819946289,5.235000133514404,5.114999771118164,5.125,273509,0.0,0.0,0.0
2024-05-02 15:30:00-04:00,5.130000114440918,5.182400226593018,5.128399848937988,5.160299777984619,212256,0.0,0.0,0.0
2024-05-03 09:30:00-04:00,4.949999809265137,5.0,4.800000190734863,4.921199798583984,2104352,0.0,0.0,0.0
2024-05-03 10:30:00-04:00,4.90500020980835,4.960000038146973,4.840000152587891,4.900000095367432,1232022,0.0,0.0,0.0
2024-05-03 11:30:00-04:00,4.90500020980835,4.90500020980835,4.824999809265137,4.840000152587891,430177,0.0,0.0,0.0
2024-05-03 12:30:00-04:00,4.829999923706055,4.849999904632568,4.770199775695801,4.798500061035156,501841,0.0,0.0,0.0
2024-05-03 13:30:00-04:00,4.801499843597412,4.835000038146973,4.769999980926514,4.769999980926514,261749,0.0,0.0,0.0
2024-05-03 14:30:00-04:00,4.764999866485596,4.8379998207092285,4.760300159454346,4.80210018157959,429289,0.0,0.0,0.0
2024-05-03 15:30:00-04:00,4.800099849700928,4.839900016784668,4.800099849700928,4.820000171661377,323853,0.0,0.0,0.0
2024-05-06 09:30:00-04:00,4.760000228881836,4.781199932098389,4.510000228881836,4.549799919128418,2135855,0.0,0.0,0.0
2024-05-06 10:30:00-04:00,4.550000190734863,4.820000171661377,4.489999771118164,4.5,1409775,0.0,0.0,0.0
2024-05-06 11:30:00-04:00,4.490099906921387,4.519999980926514,4.46999979019165,4.509900093078613,698150,0.0,0.0,0.0
2024-05-06 12:30:00-04:00,4.510000228881836,4.52239990234375,4.46999979019165,4.5,713749,0.0,0.0,0.0
2024-05-06 13:30:00-04:00,4.498499870300293,4.508999824523926,4.480000019073486,4.481100082397461,185079,0.0,0.0,0.0
2024-05-06 14:30:00-04:00,4.489999771118164,4.489999771118164,4.449999809265137,4.474999904632568,736796,0.0,0.0,0.0
2024-05-06 15:30:00-04:00,4.480000019073486,4.502399921417236,4.460000038146973,4.460000038146973,381195,0.0,0.0,0.0
2024-05-07 09:30:00-04:00,4.550000190734863,4.759900093078613,4.494999885559082,4.684999942779541,3813277,0.0,0.0,0.0
2024-05-07 10:30:00-04:00,4.679999828338623,4.684999942779541,4.579999923706055,4.619999885559082,1098478,0.0,0.0,0.0
2024-05-07 11:30:00-04:00,4.619999885559082,4.625,4.514999866485596,4.52869987487793,589642,0.0,0.0,0.0
2024-05-07 12:30:00-04:00,4.534999847412109,4.557000160217285,4.5,4.505000114440918,375797,0.0,0.0,0.0
2024-05-07 13:30:00-04:00,4.5,4.664999961853027,4.489999771118164,4.64169979095459,986405,0.0,0.0,0.0
2024-05-07 14:30:00-04:00,4.65500020980835,4.684999942779541,4.59499979019165,4.619999885559082,848725,0.0,0.0,0.0
2024-05-07 15:30:00-04:00,4.620100021362305,4.6468000411987305,4.583499908447266,4.599999904632568,757835,0.0,0.0,0.0
2024-05-08 09:30:00-04:00,4.739999771118164,4.739999771118164,4.539999961853027,4.554999828338623,2118966,0.0,0.0,0.0
2024-05-08 10:30:00-04:00,4.559999942779541,4.675000190734863,4.550300121307373,4.670000076293945,790766,0.0,0.0,0.0
2024-05-08 11:30:00-04:00,4.669899940490723,4.710000038146973,4.639999866485596,4.650000095367432,1049417,0.0,0.0,0.0
2024-05-08 12:30:00-04:00,4.650700092315674,4.669899940490723,4.611000061035156,4.668700218200684,346866,0.0,0.0,0.0
2024-05-08 13:30:00-04:00,4.670400142669678,4.679900169372559,4.610499858856201,4.614999771118164,322564,0.0,0.0,0.0
2024-05-08 14:30:00-04:00,4.610000133514404,4.650000095367432,4.605000019073486,4.629799842834473,290787,0.0,0.0,0.0
2024-05-08 15:30:00-04:00,4.626999855041504,4.639999866485596,4.599999904632568,4.619999885559082,459339,0.0,0.0,0.0
2024-05-09 09:30:00-04:00,4.599999904632568,4.841100215911865,4.559999942779541,4.831900119781494,4072797,0.0,0.0,0.0
2024-05-09 10:30:00-04:00,4.835000038146973,4.835000038146973,4.699999809265137,4.715000152587891,1097570,0.0,0.0,0.0
2024-05-09 11:30:00-04:00,4.703100204467773,4.800000190734863,4.697700023651123,4.750100135803223,460499,0.0,0.0,0.0
2024-05-09 12:30:00-04:00,4.760000228881836,4.789899826049805,4.71999979019165,4.75,499835,0.0,0.0,0.0
2024-05-09 13:30:00-04:00,4.752699851989746,4.799699783325195,4.75,4.769999980926514,725440,0.0,0.0,0.0
2024-05-09 14:30:00-04:00,4.760000228881836,4.820000171661377,4.747099876403809,4.800000190734863,320366,0.0,0.0,0.0
2024-05-09 15:30:00-04:00,4.800000190734863,4.815000057220459,4.777699947357178,4.789999961853027,466898,0.0,0.0,0.0
2024-05-10 09:30:00-04:00,4.639999866485596,4.71999979019165,4.500999927520752,4.710000038146973,2245282,0.0,0.0,0.0
2024-05-10 10:30:00-04:00,4.711900234222412,4.7281999588012695,4.639999866485596,4.667699813842773,972308,0.0,0.0,0.0
2024-05-10 11:30:00-04:00,4.670000076293945,4.74970006942749,4.663899898529053,4.684999942779541,701062,0.0,0.0,0.0
2024-05-10 12:30:00-04:00,4.680500030517578,4.71999979019165,4.65500020980835,4.670000076293945,290535,0.0,0.0,0.0
2024-05-10 13:30:00-04:00,4.675000190734863,4.699399948120117,4.649899959564209,4.659999847412109,246090,0.0,0.0,0.0
2024-05-10 14:30:00-04:00,4.664999961853027,4.699999809265137,4.664999961853027,4.684999942779541,303638,0.0,0.0,0.0
2024-05-10 15:30:00-04:00,4.679999828338623,4.701900005340576,4.664700031280518,4.670000076293945,152867,0.0,0.0,0.0
2024-05-13 09:30:00-04:00,4.610000133514404,4.80620002746582,4.5742998123168945,4.690100193023682,1726816,0.0,0.0,0.0
2024-05-13 10:30:00-04:00,4.701499938964844,4.739999771118164,4.628799915313721,4.659999847412109,913332,0.0,0.0,0.0
2024-05-13 11:30:00-04:00,4.675000190734863,4.675000190734863,4.570000171661377,4.581200122833252,356053,0.0,0.0,0.0
2024-05-13 12:30:00-04:00,4.579999923706055,4.660099983215332,4.554999828338623,4.644999980926514,654742,0.0,0.0,0.0
2024-05-13 13:30:00-04:00,4.639999866485596,4.652100086212158,4.619999885559082,4.629899978637695,371339,0.0,0.0,0.0
2024-05-13 14:30:00-04:00,4.630000114440918,4.644999980926514,4.619999885559082,4.6219000816345215,274027,0.0,0.0,0.0
2024-05-13 15:30:00-04:00,4.625,4.639999866485596,4.610000133514404,4.619999885559082,143146,0.0,0.0,0.0
2024-05-14 09:30:00-04:00,4.690000057220459,4.760000228881836,4.570499897003174,4.585000038146973,1490976,0.0,0.0,0.0
2024-05-14 10:30:00-04:00,4.589099884033203,4.639999866485596,4.53000020980835,4.539999961853027,848596,0.0,0.0,0.0
2024-05-14 11:30:00-04:00,4.534999847412109,4.590099811553955,4.534999847412109,4.590000152587891,325894,0.0,0.0,0.0
2024-05-14 12:30:00-04:00,4.59119987487793,4.605000019073486,4.565000057220459,4.570499897003174,214154,0.0,0.0,0.0
2024-05-14 13:30:00-04:00,4.574999809265137,4.59499979019165,4.5,4.519999980926514,481026,0.0,0.0,0.0
2024-05-14 14:30:00-04:00,4.53000020980835,4.53000020980835,4.489999771118164,4.514999866485596,411974,0.0,0.0,0.0
2024-05-14 15:30:00-04:00,4.518799781799316,4.529699802398682,4.489999771118164,4.519999980926514,245301,0.0,0.0,0.0
2024-05-15 09:30:00-04:00,4.400000095367432,4.480000019073486,4.304999828338623,4.320000171661377,2927025,0.0,0.0,0.0
2024-05-15 10:30:00-04:00,4.323999881744385,4.329999923706055,4.210000038146973,4.25,1304636,0.0,0.0,0.0
2024-05-15 11:30:00-04:00,4.25,4.25,4.191100120544434,4.195000171661377,608122,0.0,0.0,0.0
2024-05-15 12:30:00-04:00,4.1921000480651855,4.25,4.190100193023682,4.208099842071533,268812,0.0,0.0,0.0
2024-05-15 13:30:00-04:00,4.20989990234375,4.21999979019165,4.172900199890137,4.191999912261963,413607,0.0,0.0,0.0
2024-05-15 14:30:00-04:00,4.195000171661377,4.215000152587891,4.184999942779541,4.199900150299072,334702,0.0,0.0,0.0
2024-05-15 15:30:00-04:00,4.198500156402588,4.206299781799316,4.170100212097168,4.199999809265137,377982,0.0,0.0,0.0
2024-05-16 09:30:00-04:00,4.170000076293945,4.215000152587891,4.0904998779296875,4.139999866485596,2139735,0.0,0.0,0.0
2024-05-16 10:30:00-04:00,4.150000095367432,4.170000076293945,4.110000133514404,4.135000228881836,712396,0.0,0.0,0.0
2024-05-16 11:30:00-04:00,4.130000114440918,4.190100193023682,4.121300220489502,4.175000190734863,503413,0.0,0.0,0.0
2024-05-16 12:30:00-04:00,4.178999900817871,4.249899864196777,4.159999847412109,4.224999904632568,416955,0.0,0.0,0.0
2024-05-16 13:30:00-04:00,4.21999979019165,4.235000133514404,4.195300102233887,4.21999979019165,389075,0.0,0.0,0.0
2024-05-16 14:30:00-04:00,4.215000152587891,4.215000152587891,4.150000095367432,4.152200222015381,403993,0.0,0.0,0.0
2024-05-16 15:30:00-04:00,4.169600009918213,4.224999904632568,4.168799877166748,4.224999904632568,582146,0.0,0.0,0.0
2024-05-17 09:30:00-04:00,4.21999979019165,4.349999904632568,4.190000057220459,4.275000095367432,2354120,0.0,0.0,0.0
2024-05-17 10:30:00-04:00,4.279900074005127,4.305099964141846,4.240099906921387,4.289999961853027,410498,0.0,0.0,0.0
2024-05-17 11:30:00-04:00,4.284999847412109,4.329999923706055,4.28000020980835,4.309800148010254,370498,0.0,0.0,0.0
2024-05-17 12:30:00-04:00,4.309999942779541,4.335000038146973,4.300000190734863,4.324999809265137,162444,0.0,0.0,0.0
2024-05-17 13:30:00-04:00,4.320499897003174,4.440499782562256,4.320000171661377,4.434999942779541,488362,0.0,0.0,0.0
2024-05-17 14:30:00-04:00,4.430099964141846,4.440499782562256,4.360000133514404,4.360000133514404,640571,0.0,0.0,0.0
2024-05-17 15:30:00-04:00,4.368599891662598,4.40500020980835,4.363399982452393,4.394999980926514,300386,0.0,0.0,0.0
2024-05-20 09:30:00-04:00,4.262499809265137,4.287199974060059,4.139500141143799,4.180200099945068,1036513,0.0,0.0,0.0
2024-05-20 10:30:00-04:00,4.1645002365112305,4.230000019073486,4.159999847412109,4.190000057220459,613174,0.0,0.0,0.0
2024-05-20 11:30:00-04:00,4.190000057220459,4.25,4.189700126647949,4.199900150299072,413482,0.0,0.0,0.0
2024-05-20 12:30:00-04:00,4.199999809265137,4.199999809265137,4.139999866485596,4.175000190734863,542360,0.0,0.0,0.0
2024-05-20 13:30:00-04:00,4.175000190734863,4.190899848937988,4.159999847412109,4.161900043487549,279218,0.0,0.0,0.0
2024-05-20 14:30:00-04:00,4.161099910736084,4.164999961853027,4.130000114440918,4.150000095367432,272678,0.0,0.0,0.0
2024-05-20 15:30:00-04:00,4.140200138092041,4.199999809265137,4.135000228881836,4.170000076293945,244076,0.0,0.0,0.0
2024-05-21 09:30:00-04:00,4.28000020980835,4.319499969482422,4.21999979019165,4.239099979400635,1819925,0.0,0.0,0.0
2024-05-21 10:30:00-04:00,4.235000133514404,4.238800048828125,4.1519999504089355,4.164999961853027,670017,0.0,0.0,0.0
2024-05-21 11:30:00-04:00,4.170000076293945,4.189700126647949,4.130000114440918,4.139999866485596,457182,0.0,0.0,0.0
2024-05-21 12:30:00-04:00,4.140100002288818,4.1890997886657715,4.1381001472473145,4.171199798583984,360277,0.0,0.0,0.0
2024-05-21 13:30:00-04:00,4.169099807739258,4.175000190734863,4.150000095367432,4.170000076293945,126434,0.0,0.0,0.0
2024-05-21 14:30:00-04:00,4.179900169372559,4.190000057220459,4.141300201416016,4.149099826812744,320915,0.0,0.0,0.0
2024-05-21 15:30:00-04:00,4.144999980926514,4.150000095367432,4.119999885559082,4.119999885559082,310068,0.0,0.0,0.0
2024-05-22 09:30:00-04:00,4.139999866485596,4.2399001121521,4.071199893951416,4.20989990234375,2210899,0.0,0.0,0.0
2024-05-22 10:30:00-04:00,4.200300216674805,4.2104997634887695,4.150000095367432,4.15500020980835,393403,0.0,0.0,0.0
2024-05-22 11:30:00-04:00,4.15500020980835,4.199999809265137,4.139999866485596,4.15500020980835,366311,0.0,0.0,0.0
2024-05-22 12:30:00-04:00,4.151299953460693,4.179999828338623,4.148799896240234,4.1697001457214355,311255,0.0,0.0,0.0
2024-05-22 13:30:00-04:00,4.164999961853027,4.306099891662598,4.160099983215332,4.289899826049805,1237126,0.0,0.0,0.0
2024-05-22 14:30:00-04:00,4.296800136566162,4.300000190734863,4.21999979019165,4.229899883270264,651670,0.0,0.0,0.0
2024-05-22 15:30:00-04:00,4.21999979019165,4.230000019073486,4.151800155639648,4.164999961853027,1219623,0.0,0.0,0.0
2024-05-23 09:30:00-04:00,3.5355000495910645,3.5899999141693115,3.3499999046325684,3.3550000190734863,7125540,0.0,0.0,0.0
2024-05-23 10:30:00-04:00,3.351799964904785,3.4100000858306885,3.309999942779541,3.319999933242798,3221051,0.0,0.0,0.0
2024-05-23 11:30:00-04:00,3.315000057220459,3.3299999237060547,3.2699999809265137,3.27839994430542,1651603,0.0,0.0,0.0
2024-05-23 12:30:00-04:00,3.2774999141693115,3.2799999713897705,3.200000047683716,3.2049999237060547,1857884,0.0,0.0,0.0
2024-05-23 13:30:00-04:00,3.2093000411987305,3.4000000953674316,3.1700000762939453,3.3698999881744385,3961630,0.0,0.0,0.0
2024-05-23 14:30:00-04:00,3.383500099182129,3.5399999618530273,3.3399999141693115,3.490000009536743,4829545,0.0,0.0,0.0
2024-05-23 15:30:00-04:00,3.483799934387207,3.483799934387207,3.3499999046325684,3.380000114440918,1603799,0.0,0.0,0.0
2024-05-24 09:30:00-04:00,3.3299999237060547,3.4298999309539795,3.3299999237060547,3.369999885559082,3099080,0.0,0.0,0.0
2024-05-24 10:30:00-04:00,3.370300054550171,3.3798000812530518,3.299999952316284,3.3287999629974365,931026,0.0,0.0,0.0
2024-05-24 11:30:00-04:00,3.3201000690460205,3.359999895095825,3.309999942779541,3.3299999237060547,549772,0.0,0.0,0.0
2024-05-24 12:30:00-04:00,3.338099956512451,3.339900016784668,3.299999952316284,3.319999933242798,510106,0.0,0.0,0.0
2024-05-24 13:30:00-04:00,3.325900077819824,3.325900077819824,3.25,3.2799999713897705,972174,0.0,0.0,0.0
2024-05-24 14:30:00-04:00,3.2701001167297363,3.2950000762939453,3.2300000190734863,3.2399001121520996,450071,0.0,0.0,0.0
2024-05-24 15:30:00-04:00,3.244999885559082,3.25,3.2100000381469727,3.2200000286102295,529842,0.0,0.0,0.0
2024-05-28 09:30:00-04:00,2.9700000286102295,3.0,2.867300033569336,2.9000000953674316,6759906,0.0,0.0,0.0
2024-05-28 10:30:00-04:00,2.9100000858306885,2.9100000858306885,2.8499999046325684,2.8798999786376953,1978203,0.0,0.0,0.0
2024-05-28 11:30:00-04:00,2.869999885559082,2.875,2.809999942779541,2.840100049972534,2968225,0.0,0.0,0.0
2024-05-28 12:30:00-04:00,2.8417000770568848,2.8499999046325684,2.740000009536743,2.744999885559082,4471067,0.0,0.0,0.0
2024-05-28 13:30:00-04:00,2.744999885559082,2.809999942779541,2.7300000190734863,2.7799999713897705,3653274,0.0,0.0,0.0
2024-05-28 14:30:00-04:00,2.7899999618530273,2.8496999740600586,2.7399001121520996,2.75819993019104,4070623,0.0,0.0,0.0
2024-05-28 15:30:00-04:00,2.755000114440918,2.8125,2.7300000190734863,2.75,1520992,0.0,0.0,0.0
2024-05-29 09:30:00-04:00,2.809999942779541,2.9000000953674316,2.7500998973846436,2.7750000953674316,8257961,0.0,0.0,0.0
2024-05-29 10:30:00-04:00,2.776599884033203,2.7799999713897705,2.7200000286102295,2.7699999809265137,2178629,0.0,0.0,0.0
2024-05-29 11:30:00-04:00,2.765700101852417,2.789900064468384,2.740000009536743,2.740000009536743,880790,0.0,0.0,0.0
2024-05-29 12:30:00-04:00,2.7427000999450684,2.75,2.7100000381469727,2.7249999046325684,957036,0.0,0.0,0.0
2024-05-29 13:30:00-04:00,2.7300000190734863,2.749000072479248,2.680000066757202,2.711699962615967,1776473,0.0,0.0,0.0
2024-05-29 14:30:00-04:00,2.7100000381469727,2.7200000286102295,2.690000057220459,2.690200090408325,787129,0.0,0.0,0.0
2024-05-29 15:30:00-04:00,2.6988000869750977,2.740000009536743,2.690000057220459,2.7200000286102295,2319958,0.0,0.0,0.0
2024-05-30 09:30:00-04:00,2.7300000190734863,2.75,2.6600000858306885,2.7399001121520996,3573981,0.0,0.0,0.0
2024-05-30 10:30:00-04:00,2.7327001094818115,2.8157999515533447,2.7300000190734863,2.782099962234497,3227307,0.0,0.0,0.0
2024-05-30 11:30:00-04:00,2.780100107192993,2.780100107192993,2.740000009536743,2.7502999305725098,1567192,0.0,0.0,0.0
2024-05-30 12:30:00-04:00,2.755000114440918,2.7799999713897705,2.75,2.7534000873565674,437616,0.0,0.0,0.0
2024-05-30 13:30:00-04:00,2.7523000240325928,2.780400037765503,2.740000009536743,2.779900074005127,565153,0.0,0.0,0.0
2024-05-30 14:30:00-04:00,2.7701001167297363,2.880000114440918,2.7600998878479004,2.8499999046325684,3282024,0.0,0.0,0.0
2024-05-30 15:30:00-04:00,2.8496999740600586,2.950000047683716,2.8399999141693115,2.9049999713897705,3211536,0.0,0.0,0.0
2024-05-31 09:30:00-04:00,2.805000066757202,3.0,2.793600082397461,2.9672999382019043,9506128,0.0,0.0,0.0
2024-05-31 10:30:00-04:00,2.963900089263916,3.0362000465393066,2.940000057220459,2.9911000728607178,5361741,0.0,0.0,0.0
2024-05-31 11:30:00-04:00,2.994999885559082,3.1050000190734863,2.9800000190734863,3.096100091934204,3364396,0.0,0.0,0.0
2024-05-31 12:30:00-04:00,3.0966999530792236,3.0999999046325684,2.990000009536743,2.9937000274658203,2126656,0.0,0.0,0.0
2024-05-31 13:30:00-04:00,2.9971001148223877,3.049999952316284,2.990000009536743,3.033400058746338,1003737,0.0,0.0,0.0
2024-05-31 14:30:00-04:00,3.0299999713897705,3.0399999618530273,2.9800000190734863,2.994999885559082,874459,0.0,0.0,0.0
2024-05-31 15:30:00-04:00,2.994999885559082,2.994999885559082,2.9200000762939453,2.969899892807007,2292326,0.0,0.0,0.0
2024-06-03 09:30:00-04:00,2.740000009536743,2.7899999618530273,2.7100000381469727,2.7249999046325684,6923944,0.0,0.0,0.0
2024-06-03 10:30:00-04:00,2.7290000915527344,2.8399999141693115,2.722899913787842,2.7785000801086426,3136944,0.0,0.0,0.0
2024-06-03 11:30:00-04:00,2.7799999713897705,2.799999952316284,2.7200000286102295,2.776400089263916,2282092,0.0,0.0,0.0
2024-06-03 12:30:00-04:00,2.7750000953674316,2.809999942779541,2.7504000663757324,2.759999990463257,1811032,0.0,0.0,0.0
2024-06-03 13:30:00-04:00,2.75600004196167,2.765000104904175,2.72379994392395,2.748699903488159,1758509,0.0,0.0,0.0
2024-06-03 14:30:00-04:00,2.744999885559082,2.7699999809265137,2.700000047683716,2.7049999237060547,898770,0.0,0.0,0.0
2024-06-03 15:30:00-04:00,2.7049999237060547,2.7249999046325684,2.6700000762939453,2.6700000762939453,1213362,0.0,0.0,0.0
2024-06-04 09:30:00-04:00,2.6600000858306885,2.7200000286102295,2.630000114440918,2.694999933242798,6865643,0.0,0.0,0.0
2024-06-04 10:30:00-04:00,2.700000047683716,2.716099977493286,2.6700000762939453,2.705699920654297,1886503,0.0,0.0,0.0
2024-06-04 11:30:00-04:00,2.7100000381469727,2.7200000286102295,2.680000066757202,2.68969988822937,930324,0.0,0.0,0.0
2024-06-04 12:30:00-04:00,2.688800096511841,2.690000057220459,2.650099992752075,2.674999952316284,945178,0.0,0.0,0.0
2024-06-04 13:30:00-04:00,2.6728999614715576,2.690000057220459,2.634999990463257,2.634999990463257,558855,0.0,0.0,0.0
2024-06-04 14:30:00-04:00,2.639699935913086,2.649899959564209,2.5999999046325684,2.6233999729156494,1972475,0.0,0.0,0.0
2024-06-04 15:30:00-04:00,2.6282999515533447,2.6500000953674316,2.6005001068115234,2.609999895095825,1518182,0.0,0.0,0.0
2024-06-05 09:30:00-04:00,2.5299999713897705,2.559999942779541,2.4600000381469727,2.4700000286102295,9385289,0.0,0.0,0.0
2024-06-05 10:30:00-04:00,2.469099998474121,2.4700000286102295,2.450000047683716,2.4649999141693115,2758945,0.0,0.0,0.0
2024-06-05 11:30:00-04:00,2.4600000381469727,2.469099998474121,2.450000047683716,2.4570999145507812,709651,0.0,0.0,0.0
2024-06-05 12:30:00-04:00,2.4600000381469727,2.4600000381469727,2.3938000202178955,2.4100000858306885,3521137,0.0,0.0,0.0
2024-06-05 13:30:00-04:00,2.4200000762939453,2.4200000762939453,2.380000114440918,2.380000114440918,1577548,0.0,0.0,0.0
2024-06-05 14:30:00-04:00,2.384999990463257,2.390000104904175,2.3450000286102295,2.3701000213623047,4215452,0.0,0.0,0.0
2024-06-05 15:30:00-04:00,2.375,2.380000114440918,2.3399999141693115,2.3424999713897705,1286504,0.0,0.0,0.0
2024-06-06 09:30:00-04:00,2.2799999713897705,2.5,2.2200000286102295,2.384999990463257,18828191,0.0,0.0,0.0
2024-06-06 10:30:00-04:00,2.3808999061584473,2.430000066757202,2.3399999141693115,2.4156999588012695,4522345,0.0,0.0,0.0
2024-06-06 11:30:00-04:00,2.4149999618530273,2.4600000381469727,2.4000000953674316,2.4428999423980713,2763209,0.0,0.0,0.0
2024-06-06 12:30:00-04:00,2.444999933242798,2.5,2.4200000762939453,2.440000057220459,3326161,0.0,0.0,0.0
2024-06-06 13:30:00-04:00,2.4465999603271484,2.4700000286102295,2.4200000762939453,2.4549999237060547,1775089,0.0,0.0,0.0
2024-06-06 14:30:00-04:00,2.450000047683716,2.4567999839782715,2.4100000858306885,2.424999952316284,1652529,0.0,0.0,0.0
2024-06-06 15:30:00-04:00,2.424999952316284,2.430000066757202,2.380000114440918,2.4000000953674316,1082658,0.0,0.0,0.0
2024-06-07 09:30:00-04:00,2.450000047683716,2.51990008354187,2.440000057220459,2.4800000190734863,11186805,0.0,0.0,0.0
2024-06-07 10:30:00-04:00,2.4809000492095947,2.490000009536743,2.4600000381469727,2.4749999046325684,2045314,0.0,0.0,0.0
2024-06-07 11:30:00-04:00,2.470099925994873,2.4800000190734863,2.4000000953674316,2.4000000953674316,2311983,0.0,0.0,0.0
2024-06-07 12:30:00-04:00,2.400899887084961,2.430000066757202,2.359999895095825,2.3991000652313232,1771456,0.0,0.0,0.0
2024-06-07 13:30:00-04:00,2.399899959564209,2.4600000381469727,2.373699903488159,2.424999952316284,2689531,0.0,0.0,0.0
2024-06-07 14:30:00-04:00,2.430000066757202,2.440000057220459,2.390199899673462,2.4000000953674316,2112550,0.0,0.0,0.0
2024-06-07 15:30:00-04:00,2.4084999561309814,2.4149999618530273,2.380000114440918,2.400099992752075,1179682,0.0,0.0,0.0
2024-06-10 09:30:00-04:00,2.4200000762939453,2.559999942779541,2.390000104904175,2.4326000213623047,12569224,0.0,0.0,0.0
2024-06-10 10:30:00-04:00,2.4393999576568604,2.4577999114990234,2.3399999141693115,2.3450000286102295,4388182,0.0,0.0,0.0
2024-06-10 11:30:00-04:00,2.3499999046325684,2.375,2.3299999237060547,2.350100040435791,2836314,0.0,0.0,0.0
2024-06-10 12:30:00-04:00,2.350600004196167,2.359999895095825,2.315000057220459,2.3499999046325684,1891783,0.0,0.0,0.0
2024-06-10 13:30:00-04:00,2.3598999977111816,2.3998000621795654,2.3229000568389893,2.3889999389648438,1417357,0.0,0.0,0.0
2024-06-10 14:30:00-04:00,2.390000104904175,2.4198999404907227,2.3399999141693115,2.3450000286102295,2333712,0.0,0.0,0.0
2024-06-10 15:30:00-04:00,2.3450000286102295,2.380000114440918,2.3399999141693115,2.369999885559082,972818,0.0,0.0,0.0
2024-06-11 09:30:00-04:00,2.369999885559082,2.4100000858306885,2.319999933242798,2.3940999507904053,4571630,0.0,0.0,0.0
2024-06-11 10:30:00-04:00,2.3926000595092773,2.434999942779541,2.380000114440918,2.4096999168395996,3572503,0.0,0.0,0.0
2024-06-11 11:30:00-04:00,2.4098000526428223,2.4800000190734863,2.400899887084961,2.409600019454956,4527764,0.0,0.0,0.0
2024-06-11 12:30:00-04:00,2.4100000858306885,2.434999942779541,2.4000000953674316,2.422600030899048,1213310,0.0,0.0,0.0
2024-06-11 13:30:00-04:00,2.4200000762939453,2.4298999309539795,2.390000104904175,2.390199899673462,687443,0.0,0.0,0.0
2024-06-11 14:30:00-04:00,2.4000000953674316,2.4200000762939453,2.380000114440918,2.4149999618530273,621169,0.0,0.0,0.0
2024-06-11 15:30:00-04:00,2.4131999015808105,2.4200000762939453,2.3901000022888184,2.399899959564209,1180183,0.0,0.0,0.0
2024-06-12 09:30:00-04:00,2.309999942779541,2.329900026321411,2.1600000858306885,2.1700000762939453,10589537,0.0,0.0,0.0
2024-06-12 10:30:00-04:00,2.1649999618530273,2.2499001026153564,2.160799980163574,2.2179999351501465,4152534,0.0,0.0,0.0
2024-06-12 11:30:00-04:00,2.2149999141693115,2.2300000190734863,2.200000047683716,2.2149999141693115,2021187,0.0,0.0,0.0
2024-06-12 12:30:00-04:00,2.2107999324798584,2.2195000648498535,2.180000066757202,2.20989990234375,2467102,0.0,0.0,0.0
2024-06-12 13:30:00-04:00,2.20770001411438,2.2500998973846436,2.1933999061584473,2.210099935531616,2400981,0.0,0.0,0.0
2024-06-12 14:30:00-04:00,2.2100000381469727,2.2699999809265137,2.190000057220459,2.259999990463257,1690166,0.0,0.0,0.0
2024-06-12 15:30:00-04:00,2.259999990463257,2.2699999809265137,2.2100000381469727,2.2298998832702637,1831975,0.0,0.0,0.0
2024-06-13 09:30:00-04:00,2.0799999237060547,2.1500000953674316,2.065000057220459,2.120800018310547,8178651,0.0,0.0,0.0
2024-06-13 10:30:00-04:00,2.120699882507324,2.140000104904175,2.0899999141693115,2.125,3173628,0.0,0.0,0.0
2024-06-13 11:30:00-04:00,2.1298999786376953,2.139899969100952,2.0899999141693115,2.139899969100952,1454373,0.0,0.0,0.0
2024-06-13 12:30:00-04:00,2.140000104904175,2.1600000858306885,2.109999895095825,2.110100030899048,1237811,0.0,0.0,0.0
2024-06-13 13:30:00-04:00,2.1198999881744385,2.130000114440918,2.090100049972534,2.0999999046325684,699130,0.0,0.0,0.0
2024-06-13 14:30:00-04:00,2.0999999046325684,2.0999999046325684,2.059999942779541,2.0850000381469727,2368473,0.0,0.0,0.0
2024-06-13 15:30:00-04:00,2.0850000381469727,2.0999999046325684,2.059999942779541,2.069999933242798,1889528,0.0,0.0,0.0
2024-06-14 09:30:00-04:00,2.069999933242798,2.109999895095825,1.9700000286102295,1.975000023841858,11307025,0.0,0.0,0.0
2024-06-14 10:30:00-04:00,1.9799000024795532,2.049999952316284,1.9601000547409058,2.0399999618530273,4828206,0.0,0.0,0.0
2024-06-14 11:30:00-04:00,2.0299999713897705,2.0850000381469727,2.009999990463257,2.0350000858306885,5650612,0.0,0.0,0.0
2024-06-14 12:30:00-04:00,2.0352001190185547,2.0399999618530273,1.9830000400543213,1.9830000400543213,4270691,0.0,0.0,0.0
2024-06-14 13:30:00-04:00,1.9850000143051147,2.009999990463257,1.9700000286102295,1.9950000047683716,3902420,0.0,0.0,0.0
2024-06-14 14:30:00-04:00,2.0,2.01990008354187,1.9900000095367432,2.0,1163899,0.0,0.0,0.0
2024-06-14 15:30:00-04:00,1.999899983406067,2.009999990463257,1.9900000095367432,1.9950000047683716,3334111,0.0,0.0,0.0
2024-06-17 09:30:00-04:00,1.9700000286102295,2.069999933242798,1.940000057220459,2.049799919128418,13678559,0.0,0.0,0.0
2024-06-17 10:30:00-04:00,2.0399999618530273,2.049999952316284,2.009999990463257,2.0192999839782715,2913313,0.0,0.0,0.0
2024-06-17 11:30:00-04:00,2.009999990463257,2.0399999618530273,1.9900000095367432,1.9930000305175781,1226282,0.0,0.0,0.0
2024-06-17 12:30:00-04:00,1.9950000047683716,2.0099000930786133,1.9800000190734863,1.9919999837875366,1774224,0.0,0.0,0.0
2024-06-17 13:30:00-04:00,1.999899983406067,2.0,1.9800000190734863,1.9917999505996704,795783,0.0,0.0,0.0
2024-06-17 14:30:00-04:00,1.9950000047683716,2.0,1.9730000495910645,1.9807000160217285,1327524,0.0,0.0,0.0
2024-06-17 15:30:00-04:00,1.9850000143051147,2.0299999713897705,1.9800000190734863,2.0250000953674316,2287585,0.0,0.0,0.0
2024-06-18 09:30:00-04:00,2.009999990463257,2.0299999713897705,1.940000057220459,1.9598000049591064,4648733,0.0,0.0,0.0
2024-06-18 10:30:00-04:00,1.9599000215530396,1.9700000286102295,1.940000057220459,1.9599000215530396,1799011,0.0,0.0,0.0
2024-06-18 11:30:00-04:00,1.9593000411987305,1.9599000215530396,1.909999966621399,1.9198999404907227,2964367,0.0,0.0,0.0
2024-06-18 12:30:00-04:00,1.9147000312805176,1.9249999523162842,1.8799999952316284,1.8895000219345093,4118709,0.0,0.0,0.0
2024-06-18 13:30:00-04:00,1.8898999691009521,1.909999966621399,1.8600000143051147,1.8792999982833862,3442937,0.0,0.0,0.0
2024-06-18 14:30:00-04:00,1.875,1.899899959564209,1.8700000047683716,1.8849999904632568,2339325,0.0,0.0,0.0
2024-06-18 15:30:00-04:00,1.8849999904632568,1.899899959564209,1.8700000047683716,1.8849999904632568,1652617,0.0,0.0,0.0
2024-06-20 09:30:00-04:00,1.7799999713897705,1.8700000047683716,1.7400000095367432,1.8199000358581543,18551617,0.0,0.0,0.0
2024-06-20 10:30:00-04:00,1.8193999528884888,1.8250000476837158,1.7799999713897705,1.7899999618530273,4342396,0.0,0.0,0.0
2024-06-20 11:30:00-04:00,1.7949999570846558,1.9200999736785889,1.7899999618530273,1.9200999736785889,9594367,0.0,0.0,0.0
2024-06-20 12:30:00-04:00,1.9249999523162842,2.0299999713897705,1.9149999618530273,2.0099000930786133,15038978,0.0,0.0,0.0
2024-06-20 13:30:00-04:00,2.005000114440918,2.059999942779541,1.9500000476837158,1.9522000551223755,9922732,0.0,0.0,0.0
2024-06-20 14:30:00-04:00,1.9515000581741333,2.049999952316284,1.9500000476837158,2.0,3991635,0.0,0.0,0.0
2024-06-20 15:30:00-04:00,2.009399890899658,2.0299999713897705,1.9701999425888062,2.0299999713897705,3424735,0.0,0.0,0.0
2024-06-21 09:30:00-04:00,2.140000104904175,2.2200000286102295,2.0799999237060547,2.174999952316284,26102746,0.0,0.0,0.0
2024-06-21 10:30:00-04:00,2.179800033569336,2.190000057220459,2.0799999237060547,2.099900007247925,8813312,0.0,0.0,0.0
2024-06-21 11:30:00-04:00,2.092400074005127,2.119999885559082,2.0199999809265137,2.079900026321411,7119212,0.0,0.0,0.0
2024-06-21 12:30:00-04:00,2.0701000690460205,2.1500000953674316,2.050100088119507,2.134999990463257,6326306,0.0,0.0,0.0
2024-06-21 13:30:00-04:00,2.130000114440918,2.1700000762939453,2.130000114440918,2.1454999446868896,4539751,0.0,0.0,0.0
2024-06-21 14:30:00-04:00,2.1449999809265137,2.1600000858306885,2.130000114440918,2.1449999809265137,2498014,0.0,0.0,0.0
2024-06-21 15:30:00-04:00,2.1449999809265137,2.190000057220459,2.130000114440918,2.140000104904175,2713885,0.0,0.0,0.0
2024-06-24 09:30:00-04:00,2.259999990463257,2.3499999046325684,2.2200000286102295,2.3399999141693115,20766988,0.0,0.0,0.0
2024-06-24 10:30:00-04:00,2.3417999744415283,2.430000066757202,2.300100088119507,2.375,14644536,0.0,0.0,0.0
2024-06-24 11:30:00-04:00,2.380000114440918,2.399899959564209,2.3299999237060547,2.3469998836517334,5959299,0.0,0.0,0.0
2024-06-24 12:30:00-04:00,2.343400001525879,2.4100000858306885,2.319999933242798,2.3998000621795654,4352462,0.0,0.0,0.0
2024-06-24 13:30:00-04:00,2.3949999809265137,2.430000066757202,2.369999885559082,2.4156999588012695,4727997,0.0,0.0,0.0
2024-06-24 14:30:00-04:00,2.4198999404907227,2.430000066757202,2.3499999046325684,2.353600025177002,4688071,0.0,0.0,0.0
2024-06-24 15:30:00-04:00,2.3598999977111816,2.440000057220459,2.3399999141693115,2.434999942779541,5467423,0.0,0.0,0.0
2024-06-25 09:30:00-04:00,2.309999942779541,2.390000104904175,2.259999990463257,2.2822000980377197,26414100,0.0,0.0,0.0
2024-06-25 10:30:00-04:00,2.2799999713897705,2.3092000484466553,2.190000057220459,2.2000999450683594,7722740,0.0,0.0,0.0
2024-06-25 11:30:00-04:00,2.200000047683716,2.2100000381469727,2.140000104904175,2.1800999641418457,8558390,0.0,0.0,0.0
2024-06-25 12:30:00-04:00,2.1898999214172363,2.240000009536743,2.1500000953674316,2.189199924468994,7527547,0.0,0.0,0.0
2024-06-25 13:30:00-04:00,2.190000057220459,2.200000047683716,2.1700000762939453,2.1705000400543213,3236613,0.0,0.0,0.0
2024-06-25 14:30:00-04:00,2.170799970626831,2.180000066757202,2.109999895095825,2.110100030899048,2310500,0.0,0.0,0.0
2024-06-25 15:30:00-04:00,2.1101999282836914,2.140000104904175,2.109999895095825,2.1198999881744385,2461059,0.0,0.0,0.0
2024-06-26 09:30:00-04:00,2.109999895095825,2.1796998977661133,2.049999952316284,2.152899980545044,16465885,0.0,0.0,0.0
2024-06-26 10:30:00-04:00,2.150099992752075,2.240000009536743,2.130000114440918,2.2100000381469727,11035236,0.0,0.0,0.0
2024-06-26 11:30:00-04:00,2.2091000080108643,2.2298998832702637,2.1600000858306885,2.1798999309539795,3913234,0.0,0.0,0.0
2024-06-26 12:30:00-04:00,2.180000066757202,2.2200000286102295,2.1600000858306885,2.191999912261963,2416188,0.0,0.0,0.0
2024-06-26 13:30:00-04:00,2.199899911880493,2.2100000381469727,2.180799961090088,2.2002999782562256,1736961,0.0,0.0,0.0
2024-06-26 14:30:00-04:00,2.2060000896453857,2.2300000190734863,2.180000066757202,2.1802000999450684,2021016,0.0,0.0,0.0
2024-06-26 15:30:00-04:00,2.1800999641418457,2.187000036239624,2.109999895095825,2.109999895095825,2120849,0.0,0.0,0.0
2024-06-27 09:30:00-04:00,2.190000057220459,2.200000047683716,2.109999895095825,2.1649999618530273,10525240,0.0,0.0,0.0
2024-06-27 10:30:00-04:00,2.1698999404907227,2.2100000381469727,2.1600000858306885,2.20989990234375,5238482,0.0,0.0,0.0
2024-06-27 11:30:00-04:00,2.2100000381469727,2.2300000190734863,2.180000066757202,2.184999942779541,4749025,0.0,0.0,0.0
2024-06-27 12:30:00-04:00,2.1807000637054443,2.1898999214172363,2.1600000858306885,2.1702001094818115,1764863,0.0,0.0,0.0
2024-06-27 13:30:00-04:00,2.170099973678589,2.180000066757202,2.1500000953674316,2.174999952316284,1345720,0.0,0.0,0.0
2024-06-27 14:30:00-04:00,2.1700000762939453,2.190000057220459,2.1500000953674316,2.178299903869629,1160487,0.0,0.0,0.0
2024-06-27 15:30:00-04:00,2.174999952316284,2.22979998588562,2.1740000247955322,2.190000057220459,2071562,0.0,0.0,0.0
2024-06-28 09:30:00-04:00,2.1600000858306885,2.2100000381469727,2.059999942779541,2.0892999172210693,10803207,0.0,0.0,0.0
2024-06-28 10:30:00-04:00,2.0899999141693115,2.1500000953674316,2.0799999237060547,2.1203999519348145,9256589,0.0,0.0,0.0
2024-06-28 11:30:00-04:00,2.119999885559082,2.180000066757202,2.0999999046325684,2.1700000762939453,4123855,0.0,0.0,0.0
2024-06-28 12:30:00-04:00,2.1700000762939453,2.2300000190734863,2.1600000858306885,2.184999942779541,5122638,0.0,0.0,0.0
2024-06-28 13:30:00-04:00,2.188800096511841,2.200000047683716,2.1700000762939453,2.196000099182129,1854190,0.0,0.0,0.0
2024-06-28 14:30:00-04:00,2.190000057220459,2.199899911880493,2.171799898147583,2.1900999546051025,1070356,0.0,0.0,0.0
2024-06-28 15:30:00-04:00,2.1967999935150146,2.2399001121520996,2.168800115585327,2.2100000381469727,3432732,0.0,0.0,0.0
2024-07-01 09:30:00-04:00,2.2200000286102295,2.3791000843048096,2.2000999450683594,2.265000104904175,15444157,0.0,0.0,0.0
2024-07-01 10:30:00-04:00,2.2699999809265137,2.2899999618530273,2.180000066757202,2.1884000301361084,6500934,0.0,0.0,0.0
2024-07-01 11:30:00-04:00,2.190000057220459,2.2399001121520996,2.1600000858306885,2.1800999641418457,3527360,0.0,0.0,0.0
2024-07-01 12:30:00-04:00,2.1872000694274902,2.2399001121520996,2.180000066757202,2.200000047683716,2738436,0.0,0.0,0.0
2024-07-01 13:30:00-04:00,2.2049999237060547,2.2298998832702637,2.1700000762939453,2.1960999965667725,2161954,0.0,0.0,0.0
2024-07-01 14:30:00-04:00,2.200000047683716,2.200000047683716,2.1700000762939453,2.182800054550171,1355638,0.0,0.0,0.0
2024-07-01 15:30:00-04:00,2.184999942779541,2.2100000381469727,2.1700000762939453,2.182300090789795,1452924,0.0,0.0,0.0
2024-07-02 09:30:00-04:00,2.2899999618530273,2.2999000549316406,2.2100000381469727,2.2776999473571777,8043151,0.0,0.0,0.0
2024-07-02 10:30:00-04:00,2.279900074005127,2.2899999618530273,2.25,2.279900074005127,3496087,0.0,0.0,0.0
2024-07-02 11:30:00-04:00,2.2701001167297363,2.2799999713897705,2.240000009536743,2.2404000759124756,3068162,0.0,0.0,0.0
2024-07-02 12:30:00-04:00,2.240799903869629,2.25,2.210099935531616,2.2284998893737793,2929319,0.0,0.0,0.0
2024-07-02 13:30:00-04:00,2.2298998832702637,2.25,2.2249999046325684,2.240000009536743,1953638,0.0,0.0,0.0
2024-07-02 14:30:00-04:00,2.239000082015991,2.259999990463257,2.2304000854492188,2.252000093460083,954983,0.0,0.0,0.0
2024-07-02 15:30:00-04:00,2.2507998943328857,2.2699999809265137,2.240000009536743,2.25,754811,0.0,0.0,0.0
2024-07-03 09:30:00-04:00,2.2899999618530273,2.2899999618530273,2.23009991645813,2.279900074005127,5636878,0.0,0.0,0.0
2024-07-03 10:30:00-04:00,2.2708001136779785,2.2799999713897705,2.109999895095825,2.115000009536743,7462602,0.0,0.0,0.0
2024-07-03 11:30:00-04:00,2.1198999881744385,2.130000114440918,2.0404999256134033,2.0404999256134033,5523037,0.0,0.0,0.0
2024-07-05 09:30:00-04:00,2.059999942779541,2.119999885559082,2.0199999809265137,2.0799999237060547,5922191,0.0,0.0,0.0
2024-07-05 10:30:00-04:00,2.0797998905181885,2.1050000190734863,2.059999942779541,2.079900026321411,1990698,0.0,0.0,0.0
2024-07-05 11:30:00-04:00,2.075000047683716,2.089900016784668,2.0299999713897705,2.04259991645813,1600687,0.0,0.0,0.0
2024-07-05 12:30:00-04:00,2.041100025177002,2.0799999237060547,2.0399999618530273,2.0606000423431396,1284027,0.0,0.0,0.0
2024-07-05 13:30:00-04:00,2.0611000061035156,2.075000047683716,2.050600051879883,2.075000047683716,1131608,0.0,0.0,0.0
2024-07-05 14:30:00-04:00,2.075000047683716,2.0899999141693115,2.069999933242798,2.0789999961853027,897552,0.0,0.0,0.0
2024-07-05 15:30:00-04:00,2.0701000690460205,2.119999885559082,2.069999933242798,2.119999885559082,2059998,0.0,0.0,0.0
2024-07-08 09:30:00-04:00,2.069999933242798,2.077899932861328,1.9600000381469727,2.015000104904175,8911966,0.0,0.0,0.0
2024-07-08 10:30:00-04:00,2.010699987411499,2.0799999237060547,2.0,2.0204999446868896,5752100,0.0,0.0,0.0
2024-07-08 11:30:00-04:00,2.0250000953674316,2.0460000038146973,2.009999990463257,2.039799928665161,2773121,0.0,0.0,0.0
2024-07-08 12:30:00-04:00,2.0350000858306885,2.059299945831299,2.0199999809265137,2.0201001167297363,1762902,0.0,0.0,0.0
2024-07-08 13:30:00-04:00,2.0250000953674316,2.0299999713897705,2.009999990463257,2.0192999839782715,2120666,0.0,0.0,0.0
2024-07-08 14:30:00-04:00,2.015000104904175,2.059799909591675,2.0100998878479004,2.051800012588501,1704241,0.0,0.0,0.0
2024-07-08 15:30:00-04:00,2.059999942779541,2.059999942779541,2.0299999713897705,2.0399999618530273,1553173,0.0,0.0,0.0
2024-07-09 09:30:00-04:00,1.9600000381469727,1.9600000381469727,1.8600000143051147,1.9205000400543213,11547791,0.0,0.0,0.0
2024-07-09 10:30:00-04:00,1.9249999523162842,1.940000057220459,1.8799999952316284,1.9399000406265259,5536524,0.0,0.0,0.0
2024-07-09 11:30:00-04:00,1.9300999641418457,1.9600000381469727,1.9299999475479126,1.940000057220459,3143457,0.0,0.0,0.0
2024-07-09 12:30:00-04:00,1.944000005722046,2.0292999744415283,1.940000057220459,1.9907000064849854,5072844,0.0,0.0,0.0
2024-07-09 13:30:00-04:00,1.9900000095367432,1.9917999505996704,1.9700000286102295,1.975000023841858,1616559,0.0,0.0,0.0
2024-07-09 14:30:00-04:00,1.9723999500274658,1.9800000190734863,1.940000057220459,1.9575999975204468,1887550,0.0,0.0,0.0
2024-07-09 15:30:00-04:00,1.9595999717712402,1.9694000482559204,1.9299999475479126,1.9500000476837158,2122685,0.0,0.0,0.0
2024-07-10 09:30:00-04:00,1.8674999475479126,1.909999966621399,1.850000023841858,1.8600000143051147,7735674,0.0,0.0,0.0
2024-07-10 10:30:00-04:00,1.861199975013733,1.885200023651123,1.840000033378601,1.8593000173568726,4926509,0.0,0.0,0.0
2024-07-10 11:30:00-04:00,1.8588000535964966,1.8700000047683716,1.840000033378601,1.8493000268936157,1561908,0.0,0.0,0.0
2024-07-10 12:30:00-04:00,1.8424999713897705,1.8600000143051147,1.8300000429153442,1.8450000286102295,3846739,0.0,0.0,0.0
2024-07-10 13:30:00-04:00,1.8420000076293945,1.850000023841858,1.8300000429153442,1.8401000499725342,1107349,0.0,0.0,0.0
2024-07-10 14:30:00-04:00,1.850000023841858,1.8700000047683716,1.840000033378601,1.8407000303268433,1789914,0.0,0.0,0.0
2024-07-10 15:30:00-04:00,1.8401000499725342,1.8559999465942383,1.8300000429153442,1.8366999626159668,1774645,0.0,0.0,0.0
2024-07-11 09:30:00-04:00,1.809999942779541,1.9600000381469727,1.8099000453948975,1.9149999618530273,13999411,0.0,0.0,0.0
2024-07-11 10:30:00-04:00,1.9120999574661255,2.01990008354187,1.899999976158142,2.0181000232696533,7648752,0.0,0.0,0.0
2024-07-11 11:30:00-04:00,2.0190999507904053,2.039900064468384,1.9600000381469727,1.9700000286102295,7644130,0.0,0.0,0.0
2024-07-11 12:30:00-04:00,1.9701000452041626,2.0199999809265137,1.9700000286102295,2.000200033187866,2531008,0.0,0.0,0.0
2024-07-11 13:30:00-04:00,2.0,2.049999952316284,2.0,2.018699884414673,3277976,0.0,0.0,0.0
2024-07-11 14:30:00-04:00,2.017699956893921,2.0199999809265137,1.9700000286102295,2.0160000324249268,3220855,0.0,0.0,0.0
2024-07-11 15:30:00-04:00,2.015000104904175,2.0464000701904297,1.9901000261306763,2.0350000858306885,2120587,0.0,0.0,0.0
2024-07-12 09:30:00-04:00,2.009999990463257,2.049299955368042,1.9500000476837158,1.9900000095367432,10963094,0.0,0.0,0.0
2024-07-12 10:30:00-04:00,1.9866000413894653,2.0,1.9299999475479126,1.9402999877929688,6390393,0.0,0.0,0.0
2024-07-12 11:30:00-04:00,1.9400999546051025,1.9800000190734863,1.9306999444961548,1.9589999914169312,4113666,0.0,0.0,0.0
2024-07-12 12:30:00-04:00,1.9599000215530396,1.965999960899353,1.9299999475479126,1.9320000410079956,1102757,0.0,0.0,0.0
2024-07-12 13:30:00-04:00,1.9300999641418457,1.940000057220459,1.909999966621399,1.9149999618530273,2365645,0.0,0.0,0.0
2024-07-12 14:30:00-04:00,1.910099983215332,1.940000057220459,1.899999976158142,1.9299999475479126,2010237,0.0,0.0,0.0
2024-07-12 15:30:00-04:00,1.9249999523162842,1.9950000047683716,1.9249999523162842,1.9800000190734863,3958958,0.0,0.0,0.0
2024-07-15 09:30:00-04:00,1.909999966621399,2.0199999809265137,1.909999966621399,1.981600046157837,7951544,0.0,0.0,0.0
2024-07-15 10:30:00-04:00,1.9805999994277954,1.9876999855041504,1.940000057220459,1.9596999883651733,1974080,0.0,0.0,0.0
2024-07-15 11:30:00-04:00,1.965000033378601,2.0499000549316406,1.9600000381469727,2.010699987411499,3053991,0.0,0.0,0.0
2024-07-15 12:30:00-04:00,2.0102999210357666,2.0299999713897705,1.9950000047683716,2.0199999809265137,2686151,0.0,0.0,0.0
2024-07-15 13:30:00-04:00,2.0199999809265137,2.0399999618530273,2.010699987411499,2.022599935531616,1767211,0.0,0.0,0.0
2024-07-15 14:30:00-04:00,2.020400047302246,2.0360000133514404,2.009999990463257,2.010699987411499,1284457,0.0,0.0,0.0
2024-07-15 15:30:00-04:00,2.0185999870300293,2.049999952316284,2.009999990463257,2.015000104904175,1779473,0.0,0.0,0.0
2024-07-16 09:30:00-04:00,2.009999990463257,2.130000114440918,1.9900000095367432,2.091200113296509,10696308,0.0,0.0,0.0
2024-07-16 10:30:00-04:00,2.0903000831604004,2.0999999046325684,2.055000066757202,2.069999933242798,4885802,0.0,0.0,0.0
2024-07-16 11:30:00-04:00,2.0701000690460205,2.109999895095825,2.052999973297119,2.1026999950408936,2522780,0.0,0.0,0.0
2024-07-16 12:30:00-04:00,2.102400064468384,2.109999895095825,2.069999933242798,2.0822999477386475,2211098,0.0,0.0,0.0
2024-07-16 13:30:00-04:00,2.0808000564575195,2.109999895095825,2.075000047683716,2.0924999713897705,1305649,0.0,0.0,0.0
2024-07-16 14:30:00-04:00,2.090100049972534,2.0999999046325684,2.069999933242798,2.0850000381469727,1696397,0.0,0.0,0.0
2024-07-16 15:30:00-04:00,2.087599992752075,2.0999999046325684,2.065000057220459,2.075000047683716,1843217,0.0,0.0,0.0
2024-07-17 09:30:00-04:00,2.259999990463257,2.3499999046325684,2.2279000282287598,2.319999933242798,17328777,0.0,0.0,0.0
2024-07-17 10:30:00-04:00,2.3197999000549316,2.319999933242798,2.2699999809265137,2.2960000038146973,3892854,0.0,0.0,0.0
2024-07-17 11:30:00-04:00,2.2950000762939453,2.369999885559082,2.288100004196167,2.360100030899048,4157425,0.0,0.0,0.0
2024-07-17 12:30:00-04:00,2.359999895095825,2.4000000953674316,2.3399999141693115,2.350100040435791,5958279,0.0,0.0,0.0
2024-07-17 13:30:00-04:00,2.349900007247925,2.359999895095825,2.319999933242798,2.3350000381469727,2645466,0.0,0.0,0.0
2024-07-17 14:30:00-04:00,2.337599992752075,2.3698999881744385,2.3231000900268555,2.3299999237060547,2581229,0.0,0.0,0.0
2024-07-17 15:30:00-04:00,2.3271000385284424,2.357800006866455,2.3101000785827637,2.3559999465942383,1611153,0.0,0.0,0.0
2024-07-18 09:30:00-04:00,2.190000057220459,2.319999933242798,2.180000066757202,2.2792000770568848,13709478,0.0,0.0,0.0
2024-07-18 10:30:00-04:00,2.2799999713897705,2.4100000858306885,2.277600049972534,2.4010000228881836,9106016,0.0,0.0,0.0
2024-07-18 11:30:00-04:00,2.4049999713897705,2.4100000858306885,2.29010009765625,2.2997000217437744,6556537,0.0,0.0,0.0
2024-07-18 12:30:00-04:00,2.2950000762939453,2.309999942779541,2.2200000286102295,2.2599000930786133,3853516,0.0,0.0,0.0
2024-07-18 13:30:00-04:00,2.25,2.2992000579833984,2.240000009536743,2.265000104904175,3132118,0.0,0.0,0.0
2024-07-18 14:30:00-04:00,2.265000104904175,2.3199000358581543,2.2500998973846436,2.2850000858306885,3976966,0.0,0.0,0.0
2024-07-18 15:30:00-04:00,2.289900064468384,2.2899999618530273,2.2200000286102295,2.2300000190734863,2222651,0.0,0.0,0.0
2024-07-19 09:30:00-04:00,2.259999990463257,2.309999942779541,2.210099935531616,2.309000015258789,8884413,0.0,0.0,0.0
2024-07-19 10:30:00-04:00,2.3001999855041504,2.329900026321411,2.2639999389648438,2.290800094604492,6339443,0.0,0.0,0.0
2024-07-19 11:30:00-04:00,2.2950000762939453,2.319999933242798,2.2739999294281006,2.300800085067749,3503383,0.0,0.0,0.0
2024-07-19 12:30:00-04:00,2.3013999462127686,2.369999885559082,2.299999952316284,2.3477001190185547,2698378,0.0,0.0,0.0
2024-07-19 13:30:00-04:00,2.349900007247925,2.359999895095825,2.3299999237060547,2.34879994392395,1610461,0.0,0.0,0.0
2024-07-19 14:30:00-04:00,2.349600076675415,2.359999895095825,2.319999933242798,2.3203001022338867,1539207,0.0,0.0,0.0
2024-07-19 15:30:00-04:00,2.3213000297546387,2.359999895095825,2.3203001022338867,2.3403000831604004,1476708,0.0,0.0,0.0
2024-07-22 09:30:00-04:00,2.25,2.2750000953674316,2.140000104904175,2.1591999530792236,9751864,0.0,0.0,0.0
2024-07-22 10:30:00-04:00,2.1591999530792236,2.25,2.144700050354004,2.240000009536743,3937363,0.0,0.0,0.0
2024-07-22 11:30:00-04:00,2.2311999797821045,2.2599000930786133,2.1907999515533447,2.209199905395508,2276500,0.0,0.0,0.0
2024-07-22 12:30:00-04:00,2.2049999237060547,2.2100000381469727,2.1500000953674316,2.159899950027466,2077529,0.0,0.0,0.0
2024-07-22 13:30:00-04:00,2.1549999713897705,2.1700000762939453,2.109999895095825,2.129699945449829,3359388,0.0,0.0,0.0
2024-07-22 14:30:00-04:00,2.130000114440918,2.1700000762939453,2.1214001178741455,2.1522998809814453,2555763,0.0,0.0,0.0
2024-07-22 15:30:00-04:00,2.1549999713897705,2.1600000858306885,2.1201000213623047,2.130000114440918,975191,0.0,0.0,0.0
2024-07-23 09:30:00-04:00,2.1600000858306885,2.1600000858306885,2.0899999141693115,2.119999885559082,5891579,0.0,0.0,0.0
2024-07-23 10:30:00-04:00,2.125,2.1500000953674316,2.0999999046325684,2.112799882888794,2985984,0.0,0.0,0.0
2024-07-23 11:30:00-04:00,2.1110000610351562,2.1470000743865967,2.109999895095825,2.140000104904175,2108175,0.0,0.0,0.0
2024-07-23 12:30:00-04:00,2.1370999813079834,2.1700000762939453,2.130000114440918,2.1503000259399414,2639349,0.0,0.0,0.0
2024-07-23 13:30:00-04:00,2.159899950027466,2.180000066757202,2.140000104904175,2.172600030899048,1762169,0.0,0.0,0.0
2024-07-23 14:30:00-04:00,2.17330002784729,2.180000066757202,2.1500000953674316,2.1549999713897705,1486029,0.0,0.0,0.0
2024-07-23 15:30:00-04:00,2.150099992752075,2.180000066757202,2.1500000953674316,2.1600000858306885,1136928,0.0,0.0,0.0
2024-07-24 09:30:00-04:00,2.289900064468384,2.3496999740600586,2.259999990463257,2.299999952316284,8855151,0.0,0.0,0.0
2024-07-24 10:30:00-04:00,2.305000066757202,2.3399999141693115,2.2899999618530273,2.325000047683716,3887853,0.0,0.0,0.0
2024-07-24 11:30:00-04:00,2.3285000324249268,2.4100000858306885,2.319999933242798,2.4000000953674316,4965083,0.0,0.0,0.0
2024-07-24 12:30:00-04:00,2.3991000652313232,2.4100000858306885,2.3499999046325684,2.359999895095825,2430564,0.0,0.0,0.0
2024-07-24 13:30:00-04:00,2.369999885559082,2.4000000953674316,2.3499999046325684,2.3949999809265137,1985912,0.0,0.0,0.0
2024-07-24 14:30:00-04:00,2.391900062561035,2.4700000286102295,2.390000104904175,2.4700000286102295,3922505,0.0,0.0,0.0
2024-07-24 15:30:00-04:00,2.4679999351501465,2.4800000190734863,2.4000000953674316,2.450000047683716,4255043,0.0,0.0,0.0
2024-07-25 09:30:00-04:00,2.509999990463257,2.7999000549316406,2.4749999046325684,2.575000047683716,27436785,0.0,0.0,0.0
2024-07-25 10:30:00-04:00,2.575000047683716,2.609999895095825,2.390899896621704,2.44950008392334,13860089,0.0,0.0,0.0
2024-07-25 11:30:00-04:00,2.440000057220459,2.515000104904175,2.369999885559082,2.3808999061584473,7485971,0.0,0.0,0.0
2024-07-25 12:30:00-04:00,2.3808000087738037,2.450000047683716,2.3499999046325684,2.434999942779541,4097240,0.0,0.0,0.0
2024-07-25 13:30:00-04:00,2.434999942779541,2.4649999141693115,2.390000104904175,2.434999942779541,4108346,0.0,0.0,0.0
2024-07-25 14:30:00-04:00,2.4398999214172363,2.490000009536743,2.4100000858306885,2.434999942779541,4053631,0.0,0.0,0.0
2024-07-25 15:30:00-04:00,2.4391000270843506,2.549999952316284,2.4200000762939453,2.5399999618530273,2583389,0.0,0.0,0.0
2024-07-26 09:30:00-04:00,2.359999895095825,2.5090999603271484,2.359999895095825,2.4700000286102295,11772584,0.0,0.0,0.0
2024-07-26 10:30:00-04:00,2.4798998832702637,2.5576999187469482,2.4702000617980957,2.5302000045776367,5616957,0.0,0.0,0.0
2024-07-26 11:30:00-04:00,2.5250000953674316,2.5299999713897705,2.4600000381469727,2.4746999740600586,3078226,0.0,0.0,0.0
2024-07-26 12:30:00-04:00,2.4749999046325684,2.4800000190734863,2.4409000873565674,2.45989990234375,2187423,0.0,0.0,0.0
2024-07-26 13:30:00-04:00,2.4500999450683594,2.5297999382019043,2.444999933242798,2.5000998973846436,3424539,0.0,0.0,0.0
2024-07-26 14:30:00-04:00,2.505000114440918,2.5799999237060547,2.490000009536743,2.5100998878479004,3407008,0.0,0.0,0.0
2024-07-26 15:30:00-04:00,2.5199999809265137,2.549999952316284,2.509999990463257,2.509999990463257,3863482,0.0,0.0,0.0
2024-07-29 09:30:00-04:00,2.4600000381469727,2.4993999004364014,2.362799882888794,2.4291000366210938,8597037,0.0,0.0,0.0
2024-07-29 10:30:00-04:00,2.4209001064300537,2.569999933242798,2.4209001064300537,2.5350000858306885,6318612,0.0,0.0,0.0
2024-07-29 11:30:00-04:00,2.539900064468384,2.5799999237060547,2.490000009536743,2.509999990463257,3825023,0.0,0.0,0.0
2024-07-29 12:30:00-04:00,2.515000104904175,2.549999952316284,2.4800000190734863,2.549999952316284,2158534,0.0,0.0,0.0
2024-07-29 13:30:00-04:00,2.5487000942230225,2.5699000358581543,2.5199999809265137,2.555000066757202,1920814,0.0,0.0,0.0
2024-07-29 14:30:00-04:00,2.555000066757202,2.5899999141693115,2.54010009765625,2.558799982070923,2189667,0.0,0.0,0.0
2024-07-29 15:30:00-04:00,2.555000066757202,2.5799999237060547,2.549999952316284,2.5782999992370605,1253843,0.0,0.0,0.0
2024-07-30 09:30:00-04:00,2.569999933242798,2.7699999809265137,2.559999942779541,2.759999990463257,11282750,0.0,0.0,0.0
2024-07-30 10:30:00-04:00,2.76200008392334,2.9100000858306885,2.740999937057495,2.821000099182129,9714983,0.0,0.0,0.0
2024-07-30 11:30:00-04:00,2.829900026321411,2.930000066757202,2.819999933242798,2.8949999809265137,5856111,0.0,0.0,0.0
2024-07-30 12:30:00-04:00,2.899199962615967,2.990000009536743,2.859999895095825,2.865000009536743,6616752,0.0,0.0,0.0
2024-07-30 13:30:00-04:00,2.8647000789642334,2.890000104904175,2.819999933242798,2.8357999324798584,4058654,0.0,0.0,0.0
2024-07-30 14:30:00-04:00,2.8389999866485596,2.9100000858306885,2.809999942779541,2.890000104904175,2947281,0.0,0.0,0.0
2024-07-30 15:30:00-04:00,2.899899959564209,2.950000047683716,2.890000104904175,2.9398999214172363,2710104,0.0,0.0,0.0
2024-07-31 09:30:00-04:00,2.4100000858306885,2.539099931716919,2.259999990463257,2.359100103378296,24323045,0.0,0.0,0.0
2024-07-31 10:30:00-04:00,2.359100103378296,2.359999895095825,2.259999990463257,2.2699999809265137,9080934,0.0,0.0,0.0
2024-07-31 11:30:00-04:00,2.269200086593628,2.289900064468384,2.2200000286102295,2.2799999713897705,7770900,0.0,0.0,0.0
2024-07-31 12:30:00-04:00,2.280100107192993,2.319999933242798,2.25,2.2792000770568848,5377706,0.0,0.0,0.0
2024-07-31 13:30:00-04:00,2.279900074005127,2.3499999046325684,2.2300000190734863,2.2399001121520996,5246011,0.0,0.0,0.0
2024-07-31 14:30:00-04:00,2.234999895095825,2.25,2.119999885559082,2.2400999069213867,8453943,0.0,0.0,0.0
2024-07-31 15:30:00-04:00,2.244999885559082,2.249300003051758,2.160099983215332,2.1900999546051025,3550007,0.0,0.0,0.0
2024-08-01 09:30:00-04:00,2.180000066757202,2.2200000286102295,2.069999933242798,2.2197999954223633,21391956,0.0,0.0,0.0
2024-08-01 10:30:00-04:00,2.2191998958587646,2.3399999141693115,2.200000047683716,2.2899999618530273,15748202,0.0,0.0,0.0
2024-08-01 11:30:00-04:00,2.29010009765625,2.390000104904175,2.2899999618530273,2.3708999156951904,10285618,0.0,0.0,0.0
2024-08-01 12:30:00-04:00,2.375,2.509999990463257,2.369999885559082,2.483799934387207,10097553,0.0,0.0,0.0
2024-08-01 13:30:00-04:00,2.4899001121520996,2.569999933242798,2.450000047683716,2.5450000762939453,10682925,0.0,0.0,0.0
2024-08-01 14:30:00-04:00,2.545099973678589,2.569999933242798,2.5,2.5213000774383545,6788726,0.0,0.0,0.0
2024-08-01 15:30:00-04:00,2.510200023651123,2.5399999618530273,2.470099925994873,2.470099925994873,3500734,0.0,0.0,0.0
2024-08-02 09:30:00-04:00,2.740000009536743,2.8489999771118164,2.559999942779541,2.7249999046325684,29153823,0.0,0.0,0.0
2024-08-02 10:30:00-04:00,2.7300000190734863,2.7941999435424805,2.619999885559082,2.634999990463257,12012050,0.0,0.0,0.0
2024-08-02 11:30:00-04:00,2.630000114440918,2.640000104904175,2.505000114440918,2.5764000415802,11604958,0.0,0.0,0.0
2024-08-02 12:30:00-04:00,2.5790998935699463,2.6898000240325928,2.570199966430664,2.684999942779541,5846561,0.0,0.0,0.0
2024-08-02 13:30:00-04:00,2.690000057220459,2.700000047683716,2.611299991607666,2.6301000118255615,4640826,0.0,0.0,0.0
2024-08-02 14:30:00-04:00,2.63100004196167,2.6700000762939453,2.609999895095825,2.6308999061584473,3959969,0.0,0.0,0.0
2024-08-02 15:30:00-04:00,2.6291000843048096,2.6500000953674316,2.5717999935150146,2.5799999237060547,3594255,0.0,0.0,0.0
2024-08-05 09:30:00-04:00,3.3499999046325684,3.380000114440918,2.81030011177063,2.9869000911712646,43605343,0.0,0.0,0.0
2024-08-05 10:30:00-04:00,2.989799976348877,3.0,2.819999933242798,2.9003000259399414,9886396,0.0,0.0,0.0
2024-08-05 11:30:00-04:00,2.9100000858306885,2.9200000762939453,2.759999990463257,2.7750000953674316,6107786,0.0,0.0,0.0
2024-08-05 12:30:00-04:00,2.7790000438690186,2.940000057220459,2.7750000953674316,2.8949999809265137,5641486,0.0,0.0,0.0
2024-08-05 13:30:00-04:00,2.890000104904175,2.940000057220459,2.8299999237060547,2.9021999835968018,4241613,0.0,0.0,0.0
2024-08-05 14:30:00-04:00,2.9100000858306885,3.009200096130371,2.880000114440918,2.934000015258789,6213789,0.0,0.0,0.0
2024-08-05 15:30:00-04:00,2.9303998947143555,2.9851999282836914,2.890000104904175,2.890000104904175,3537870,0.0,0.0,0.0
2024-08-06 09:30:00-04:00,2.7100000381469727,2.9100000858306885,2.6500000953674316,2.7209999561309814,17499150,0.0,0.0,0.0
2024-08-06 10:30:00-04:00,2.7249999046325684,2.75,2.569999933242798,2.7049999237060547,9924270,0.0,0.0,0.0
2024-08-06 11:30:00-04:00,2.709199905395508,2.7100000381469727,2.5850000381469727,2.619499921798706,3916965,0.0,0.0,0.0
2024-08-06 12:30:00-04:00,2.6191000938415527,2.6203999519348145,2.509999990463257,2.530900001525879,4775858,0.0,0.0,0.0
2024-08-06 13:30:00-04:00,2.539099931716919,2.575000047683716,2.5,2.5109000205993652,2907672,0.0,0.0,0.0
2024-08-06 14:30:00-04:00,2.5199999809265137,2.6291000843048096,2.490000009536743,2.578000068664551,4955466,0.0,0.0,0.0
2024-08-06 15:30:00-04:00,2.5703001022338867,2.700000047683716,2.549999952316284,2.700000047683716,2924603,0.0,0.0,0.0
2024-08-07 09:30:00-04:00,2.509999990463257,2.6898999214172363,2.460900068283081,2.6689999103546143,13605632,0.0,0.0,0.0
2024-08-07 10:30:00-04:00,2.668299913406372,2.680000066757202,2.5899999141693115,2.6549999713897705,4147940,0.0,0.0,0.0
2024-08-07 11:30:00-04:00,2.658600091934204,2.759999990463257,2.642699956893921,2.7114999294281006,6021827,0.0,0.0,0.0
2024-08-07 12:30:00-04:00,2.710099935531616,2.829900026321411,2.7000999450683594,2.7906999588012695,4042909,0.0,0.0,0.0
2024-08-07 13:30:00-04:00,2.7899999618530273,2.9310998916625977,2.760200023651123,2.884999990463257,6122125,0.0,0.0,0.0
2024-08-07 14:30:00-04:00,2.890000104904175,2.940000057220459,2.8306000232696533,2.890000104904175,6085516,0.0,0.0,0.0
2024-08-07 15:30:00-04:00,2.880000114440918,2.9700000286102295,2.8789000511169434,2.9600000381469727,2691668,0.0,0.0,0.0
2024-08-08 09:30:00-04:00,2.7699999809265137,3.0399999618530273,2.759999990463257,2.7720000743865967,20049005,0.0,0.0,0.0
2024-08-08 10:30:00-04:00,2.7718000411987305,2.800100088119507,2.7109999656677246,2.7300000190734863,7245085,0.0,0.0,0.0
2024-08-08 11:30:00-04:00,2.7300000190734863,2.7499001026153564,2.6500000953674316,2.674999952316284,4234815,0.0,0.0,0.0
2024-08-08 12:30:00-04:00,2.672100067138672,2.7300000190734863,2.619999885559082,2.6208999156951904,3761868,0.0,0.0,0.0
2024-08-08 13:30:00-04:00,2.6214001178741455,2.630000114440918,2.569999933242798,2.6085000038146973,3966790,0.0,0.0,0.0
2024-08-08 14:30:00-04:00,2.6098999977111816,2.65939998626709,2.5799999237060547,2.641200065612793,3226451,0.0,0.0,0.0
2024-08-08 15:30:00-04:00,2.6410000324249268,2.680000066757202,2.5899999141693115,2.590100049972534,2596413,0.0,0.0,0.0
2024-08-09 09:30:00-04:00,2.5799999237060547,2.680000066757202,2.5199999809265137,2.639899969100952,11294442,0.0,0.0,0.0
2024-08-09 10:30:00-04:00,2.640000104904175,2.659899950027466,2.569999933242798,2.630000114440918,3556719,0.0,0.0,0.0
2024-08-09 11:30:00-04:00,2.619999885559082,2.6698999404907227,2.615000009536743,2.642899990081787,3244601,0.0,0.0,0.0
2024-08-09 12:30:00-04:00,2.640899896621704,2.6500000953674316,2.569999933242798,2.5708999633789062,1757433,0.0,0.0,0.0
2024-08-09 13:30:00-04:00,2.5701000690460205,2.619800090789795,2.559999942779541,2.599100112915039,1572347,0.0,0.0,0.0
2024-08-09 14:30:00-04:00,2.5959999561309814,2.6350998878479004,2.5799999237060547,2.611799955368042,1621702,0.0,0.0,0.0
2024-08-09 15:30:00-04:00,2.610100030899048,2.634999990463257,2.5999999046325684,2.609999895095825,1256225,0.0,0.0,0.0
2024-08-12 09:30:00-04:00,2.5299999713897705,2.5399999618530273,2.299999952316284,2.3550000190734863,16715003,0.0,0.0,0.0
2024-08-12 10:30:00-04:00,2.3598999977111816,2.4200000762939453,2.319999933242798,2.3991000652313232,7233053,0.0,0.0,0.0
2024-08-12 11:30:00-04:00,2.396399974822998,2.444999933242798,2.359999895095825,2.365000009536743,4515938,0.0,0.0,0.0
2024-08-12 12:30:00-04:00,2.3664000034332275,2.401400089263916,2.3399999141693115,2.359999895095825,2998280,0.0,0.0,0.0
2024-08-12 13:30:00-04:00,2.365000009536743,2.399899959564209,2.3499999046325684,2.365000009536743,2117577,0.0,0.0,0.0
2024-08-12 14:30:00-04:00,2.365000009536743,2.4000000953674316,2.3499999046325684,2.390000104904175,1959992,0.0,0.0,0.0
2024-08-12 15:30:00-04:00,2.387200117111206,2.4200000762939453,2.3701000213623047,2.4000000953674316,1826471,0.0,0.0,0.0
2024-08-13 09:30:00-04:00,2.259999990463257,2.2899999618530273,2.1700000762939453,2.197000026702881,15343525,0.0,0.0,0.0
2024-08-13 10:30:00-04:00,2.200000047683716,2.219899892807007,2.140000104904175,2.1600000858306885,5047317,0.0,0.0,0.0
2024-08-13 11:30:00-04:00,2.1594998836517334,2.190000057220459,2.140000104904175,2.168100118637085,4456860,0.0,0.0,0.0
2024-08-13 12:30:00-04:00,2.1649999618530273,2.1700000762939453,2.109999895095825,2.1308000087738037,3716369,0.0,0.0,0.0
2024-08-13 13:30:00-04:00,2.130000114440918,2.1698999404907227,2.119999885559082,2.125,2111541,0.0,0.0,0.0
2024-08-13 14:30:00-04:00,2.125,2.140000104904175,2.0899999141693115,2.1198999881744385,3080754,0.0,0.0,0.0
2024-08-13 15:30:00-04:00,2.109999895095825,2.1298999786376953,2.0899999141693115,2.099900007247925,1286006,0.0,0.0,0.0
2024-08-14 09:30:00-04:00,2.0,2.1700000762939453,2.0,2.109800100326538,19536722,0.0,0.0,0.0
2024-08-14 10:30:00-04:00,2.1098999977111816,2.1500000953674316,2.049999952316284,2.059299945831299,6258383,0.0,0.0,0.0
2024-08-14 11:30:00-04:00,2.0522000789642334,2.079900026321411,2.009999990463257,2.0594000816345215,4410160,0.0,0.0,0.0
2024-08-14 12:30:00-04:00,2.055000066757202,2.0899999141693115,2.0406999588012695,2.059999942779541,2859559,0.0,0.0,0.0
2024-08-14 13:30:00-04:00,2.050299882888794,2.0799999237060547,2.0439999103546143,2.049999952316284,1713586,0.0,0.0,0.0
2024-08-14 14:30:00-04:00,2.055000066757202,2.069999933242798,2.0306999683380127,2.0576000213623047,1283257,0.0,0.0,0.0
2024-08-14 15:30:00-04:00,2.0599000453948975,2.069999933242798,2.0100998878479004,2.02020001411438,1633131,0.0,0.0,0.0
2024-08-15 09:30:00-04:00,1.9900000095367432,2.049999952316284,1.9199999570846558,1.9249999523162842,15610324,0.0,0.0,0.0
2024-08-15 10:30:00-04:00,1.9249999523162842,1.9299999475479126,1.8700000047683716,1.8849999904632568,8911630,0.0,0.0,0.0
2024-08-15 11:30:00-04:00,1.889299988746643,1.899999976158142,1.8700000047683716,1.875,4186555,0.0,0.0,0.0
2024-08-15 12:30:00-04:00,1.8798999786376953,1.8899999856948853,1.8700000047683716,1.8849999904632568,2096813,0.0,0.0,0.0
2024-08-15 13:30:00-04:00,1.8799999952316284,1.8899999856948853,1.840000033378601,1.8519999980926514,3290491,0.0,0.0,0.0
2024-08-15 14:30:00-04:00,1.850100040435791,1.8899999856948853,1.850100040435791,1.875,2283769,0.0,0.0,0.0
2024-08-15 15:30:00-04:00,1.8700000047683716,1.8799999952316284,1.8600000143051147,1.8600000143051147,1638901,0.0,0.0,0.0
2024-08-16 09:30:00-04:00,1.8899999856948853,1.909999966621399,1.7899999618530273,1.8099000453948975,16093152,0.0,0.0,0.0
2024-08-16 10:30:00-04:00,1.8049999475479126,1.8799999952316284,1.7899999618530273,1.8600000143051147,5041346,0.0,0.0,0.0
2024-08-16 11:30:00-04:00,1.8590999841690063,1.8600000143051147,1.8200000524520874,1.8250000476837158,2171419,0.0,0.0,0.0
2024-08-16 12:30:00-04:00,1.8250000476837158,1.8300000429153442,1.7999999523162842,1.80840003490448,2176247,0.0,0.0,0.0
2024-08-16 13:30:00-04:00,1.805999994277954,1.8200000524520874,1.7999999523162842,1.8051999807357788,1092663,0.0,0.0,0.0
2024-08-16 14:30:00-04:00,1.7999999523162842,1.8250000476837158,1.7999999523162842,1.8115999698638916,1494296,0.0,0.0,0.0
2024-08-16 15:30:00-04:00,1.8121000528335571,1.8300000429153442,1.8044999837875366,1.8072999715805054,1284618,0.0,0.0,0.0
2024-08-19 09:30:00-04:00,1.8200000524520874,1.840000033378601,1.7699999809265137,1.7999999523162842,10115229,0.0,0.0,0.0
2024-08-19 10:30:00-04:00,1.7990000247955322,1.7999999523162842,1.75,1.7594000101089478,3913885,0.0,0.0,0.0
2024-08-19 11:30:00-04:00,1.7599999904632568,1.7599999904632568,1.7200000286102295,1.7400000095367432,4787649,0.0,0.0,0.0
2024-08-19 12:30:00-04:00,1.7400000095367432,1.75,1.7000000476837158,1.7094000577926636,3731335,0.0,0.0,0.0
2024-08-19 13:30:00-04:00,1.7100000381469727,1.7100000381469727,1.6699999570846558,1.6749999523162842,4408647,0.0,0.0,0.0
2024-08-19 14:30:00-04:00,1.670300006866455,1.690000057220459,1.6699999570846558,1.6706000566482544,3839630,0.0,0.0,0.0
2024-08-19 15:30:00-04:00,1.6706000566482544,1.690000057220459,1.649999976158142,1.6500999927520752,3149077,0.0,0.0,0.0
2024-08-20 09:30:00-04:00,1.690000057220459,1.7395999431610107,1.649999976158142,1.7200000286102295,12020095,0.0,0.0,0.0
2024-08-20 10:30:00-04:00,1.7278000116348267,1.7549999952316284,1.7000000476837158,1.7194000482559204,6230916,0.0,0.0,0.0
2024-08-20 11:30:00-04:00,1.7194000482559204,1.7200000286102295,1.690000057220459,1.718000054359436,2806542,0.0,0.0,0.0
2024-08-20 12:30:00-04:00,1.7100000381469727,1.7400000095367432,1.7100000381469727,1.7106000185012817,2351396,0.0,0.0,0.0
2024-08-20 13:30:00-04:00,1.7101000547409058,1.7200000286102295,1.690000057220459,1.7000000476837158,2257444,0.0,0.0,0.0
2024-08-20 14:30:00-04:00,1.7029000520706177,1.7100000381469727,1.6799999475479126,1.7094000577926636,1814436,0.0,0.0,0.0
2024-08-20 15:30:00-04:00,1.7100000381469727,1.7200000286102295,1.7000000476837158,1.7100000381469727,1815405,0.0,0.0,0.0
2024-08-21 09:30:00-04:00,1.7100000381469727,1.7300000190734863,1.6699999570846558,1.694000005722046,7488831,0.0,0.0,0.0
2024-08-21 10:30:00-04:00,1.6999000310897827,1.7200000286102295,1.659999966621399,1.6979999542236328,3695376,0.0,0.0,0.0
2024-08-21 11:30:00-04:00,1.6950000524520874,1.7400000095367432,1.690000057220459,1.7100000381469727,2393600,0.0,0.0,0.0
2024-08-21 12:30:00-04:00,1.7099000215530396,1.7199000120162964,1.7000000476837158,1.7095999717712402,701518,0.0,0.0,0.0
2024-08-21 13:30:00-04:00,1.7100000381469727,1.7100000381469727,1.6699999570846558,1.6749999523162842,865363,0.0,0.0,0.0
2024-08-21 14:30:00-04:00,1.6700999736785889,1.7100000381469727,1.659999966621399,1.690000057220459,2018280,0.0,0.0,0.0
2024-08-21 15:30:00-04:00,1.6950000524520874,1.7094999551773071,1.6799999475479126,1.6800999641418457,1649287,0.0,0.0,0.0
2024-08-22 09:30:00-04:00,1.6399999856948853,1.690000057220459,1.6299999952316284,1.6700999736785889,9905025,0.0,0.0,0.0
2024-08-22 10:30:00-04:00,1.6796000003814697,1.7100000381469727,1.6699999570846558,1.7050000429153442,4062463,0.0,0.0,0.0
2024-08-22 11:30:00-04:00,1.708299994468689,1.7899999618530273,1.7000000476837158,1.73989999294281,9619289,0.0,0.0,0.0
2024-08-22 12:30:00-04:00,1.7300000190734863,1.7699999809265137,1.7300000190734863,1.7401000261306763,3061585,0.0,0.0,0.0
2024-08-22 13:30:00-04:00,1.75,1.809999942779541,1.7487000226974487,1.7799999713897705,6106441,0.0,0.0,0.0
2024-08-22 14:30:00-04:00,1.7829999923706055,1.8200000524520874,1.7699999809265137,1.815000057220459,2542312,0.0,0.0,0.0
2024-08-22 15:30:00-04:00,1.8193999528884888,1.8299000263214111,1.8000999689102173,1.809999942779541,2699429,0.0,0.0,0.0
2024-08-23 09:30:00-04:00,1.75,1.7697999477386475,1.6399999856948853,1.6419999599456787,10950488,0.0,0.0,0.0
2024-08-23 10:30:00-04:00,1.6399999856948853,1.7300000190734863,1.6399999856948853,1.669800043106079,8235890,0.0,0.0,0.0
2024-08-23 11:30:00-04:00,1.669700026512146,1.7100000381469727,1.649999976158142,1.7050000429153442,4234769,0.0,0.0,0.0
2024-08-23 12:30:00-04:00,1.7094000577926636,1.7300000190734863,1.6799999475479126,1.6893999576568604,4080469,0.0,0.0,0.0
2024-08-23 13:30:00-04:00,1.6893999576568604,1.690000057220459,1.659999966621399,1.6693999767303467,1741969,0.0,0.0,0.0
2024-08-23 14:30:00-04:00,1.660099983215332,1.690000057220459,1.659999966621399,1.6649999618530273,2211983,0.0,0.0,0.0
2024-08-23 15:30:00-04:00,1.6698999404907227,1.6899000406265259,1.649999976158142,1.6526000499725342,2408331,0.0,0.0,0.0
2024-08-26 09:30:00-04:00,1.649999976158142,1.7200000286102295,1.600000023841858,1.7106000185012817,14758545,0.0,0.0,0.0
2024-08-26 10:30:00-04:00,1.7100000381469727,1.7799999713897705,1.7000000476837158,1.7024999856948853,6226282,0.0,0.0,0.0
2024-08-26 11:30:00-04:00,1.7050000429153442,1.7400000095367432,1.7000000476837158,1.7100000381469727,2957837,0.0,0.0,0.0
2024-08-26 12:30:00-04:00,1.7050000429153442,1.7300000190734863,1.690000057220459,1.7222000360488892,1836413,0.0,0.0,0.0
2024-08-26 13:30:00-04:00,1.725000023841858,1.75,1.7200000286102295,1.7229000329971313,1628129,0.0,0.0,0.0
2024-08-26 14:30:00-04:00,1.7201000452041626,1.7299000024795532,1.7100000381469727,1.715000033378601,870099,0.0,0.0,0.0
2024-08-26 15:30:00-04:00,1.719499945640564,1.7300000190734863,1.7100000381469727,1.7204999923706055,1221655,0.0,0.0,0.0
2024-08-27 09:30:00-04:00,1.7649999856948853,1.7994999885559082,1.690000057220459,1.7023999691009521,14618687,0.0,0.0,0.0
2024-08-27 10:30:00-04:00,1.7050000429153442,1.7100000381469727,1.649999976158142,1.679900050163269,8023023,0.0,0.0,0.0
2024-08-27 11:30:00-04:00,1.6749999523162842,1.7000000476837158,1.6700999736785889,1.6806000471115112,3583876,0.0,0.0,0.0
2024-08-27 12:30:00-04:00,1.6806000471115112,1.7000000476837158,1.659999966621399,1.659999966621399,2424419,0.0,0.0,0.0
2024-08-27 13:30:00-04:00,1.659999966621399,1.6799999475479126,1.649999976158142,1.6706000566482544,2465149,0.0,0.0,0.0
2024-08-27 14:30:00-04:00,1.6706000566482544,1.6799999475479126,1.659999966621399,1.6799999475479126,1824307,0.0,0.0,0.0
2024-08-27 15:30:00-04:00,1.6749999523162842,1.6799999475479126,1.659999966621399,1.670300006866455,2407628,0.0,0.0,0.0
2024-08-28 09:30:00-04:00,1.6799999475479126,1.7300000190734863,1.6706000566482544,1.7099000215530396,9410320,0.0,0.0,0.0
2024-08-28 10:30:00-04:00,1.7000000476837158,1.8200000524520874,1.690000057220459,1.784999966621399,11424246,0.0,0.0,0.0
2024-08-28 11:30:00-04:00,1.7898999452590942,1.7898999452590942,1.7400000095367432,1.75,6723855,0.0,0.0,0.0
2024-08-28 12:30:00-04:00,1.7450000047683716,1.7599999904632568,1.7300000190734863,1.7417000532150269,3371059,0.0,0.0,0.0
2024-08-28 13:30:00-04:00,1.7450000047683716,1.7899999618530273,1.7400000095367432,1.760599970817566,3035463,0.0,0.0,0.0
2024-08-28 14:30:00-04:00,1.760599970817566,1.7799999713897705,1.7200000286102295,1.7305999994277954,3378252,0.0,0.0,0.0
2024-08-28 15:30:00-04:00,1.7302000522613525,1.749899983406067,1.715000033378601,1.7450000047683716,4519850,0.0,0.0,0.0
2024-08-29 09:30:00-04:00,1.8600000143051147,1.9199999570846558,1.7799999713897705,1.875,33909037,0.0,0.0,0.0
2024-08-29 10:30:00-04:00,1.8767999410629272,1.8899999856948853,1.8300000429153442,1.8701000213623047,7626237,0.0,0.0,0.0
2024-08-29 11:30:00-04:00,1.8700000047683716,1.8799999952316284,1.843500018119812,1.860700011253357,3933702,0.0,0.0,0.0
2024-08-29 12:30:00-04:00,1.8651000261306763,1.8899999856948853,1.8530000448226929,1.8789000511169434,3178866,0.0,0.0,0.0
2024-08-29 13:30:00-04:00,1.8799999952316284,1.9297000169754028,1.8600000143051147,1.9186999797821045,3653161,0.0,0.0,0.0
2024-08-29 14:30:00-04:00,1.9198999404907227,1.989300012588501,1.9190000295639038,1.950700044631958,8579076,0.0,0.0,0.0
2024-08-29 15:30:00-04:00,1.950700044631958,1.9700000286102295,1.9199999570846558,1.964400053024292,2906812,0.0,0.0,0.0
2024-08-30 09:30:00-04:00,1.899999976158142,1.9392999410629272,1.8200000524520874,1.9006999731063843,12871392,0.0,0.0,0.0
2024-08-30 10:30:00-04:00,1.9049999713897705,1.9700000286102295,1.8799999952316284,1.9500000476837158,7249338,0.0,0.0,0.0
2024-08-30 11:30:00-04:00,1.9586999416351318,1.9800000190734863,1.9199999570846558,1.934999942779541,4405840,0.0,0.0,0.0
2024-08-30 12:30:00-04:00,1.934999942779541,1.9600000381469727,1.9299999475479126,1.9450000524520874,2995110,0.0,0.0,0.0
2024-08-30 13:30:00-04:00,1.9499000310897827,1.9500000476837158,1.9199999570846558,1.9292999505996704,1328501,0.0,0.0,0.0
2024-08-30 14:30:00-04:00,1.9249999523162842,1.9399000406265259,1.909999966621399,1.9149999618530273,2318639,0.0,0.0,0.0
2024-08-30 15:30:00-04:00,1.9113999605178833,1.9399000406265259,1.899999976158142,1.9049999713897705,1596613,0.0,0.0,0.0
2024-09-03 09:30:00-04:00,2.009999990463257,2.1500000953674316,2.009999990463257,2.13919997215271,21109817,0.0,0.0,0.0
2024-09-03 10:30:00-04:00,2.140000104904175,2.2300000190734863,2.134999990463257,2.1798999309539795,14814875,0.0,0.0,0.0
2024-09-03 11:30:00-04:00,2.1700000762939453,2.2100000381469727,2.1600000858306885,2.2000999450683594,5749631,0.0,0.0,0.0
2024-09-03 12:30:00-04:00,2.2007999420166016,2.219899892807007,2.180000066757202,2.190000057220459,3264549,0.0,0.0,0.0
2024-09-03 13:30:00-04:00,2.1914000511169434,2.2699999809265137,2.184999942779541,2.261199951171875,5922325,0.0,0.0,0.0
2024-09-03 14:30:00-04:00,2.265000104904175,2.2699999809265137,2.2300000190734863,2.265000104904175,4008806,0.0,0.0,0.0
2024-09-03 15:30:00-04:00,2.259999990463257,2.299999952316284,2.253000020980835,2.2750000953674316,3528712,0.0,0.0,0.0
2024-09-04 09:30:00-04:00,2.384999990463257,2.440000057220459,2.259999990463257,2.305000066757202,25858899,0.0,0.0,0.0
2024-09-04 10:30:00-04:00,2.300299882888794,2.305000066757202,2.190000057220459,2.2697999477386475,10476449,0.0,0.0,0.0
2024-09-04 11:30:00-04:00,2.265000104904175,2.2964999675750732,2.240000009536743,2.244999885559082,7440825,0.0,0.0,0.0
2024-09-04 12:30:00-04:00,2.244999885559082,2.2697999477386475,2.2100000381469727,2.2297000885009766,2498349,0.0,0.0,0.0
2024-09-04 13:30:00-04:00,2.22979998588562,2.2899999618530273,2.2107999324798584,2.265000104904175,2446027,0.0,0.0,0.0
2024-09-04 14:30:00-04:00,2.2699999809265137,2.3889999389648438,2.2607998847961426,2.359999895095825,7527176,0.0,0.0,0.0
2024-09-04 15:30:00-04:00,2.36080002784729,2.380000114440918,2.3122000694274902,2.3450000286102295,2859047,0.0,0.0,0.0
2024-09-05 09:30:00-04:00,2.4100000858306885,2.4100000858306885,2.200000047683716,2.2283999919891357,15254330,0.0,0.0,0.0
2024-09-05 10:30:00-04:00,2.229099988937378,2.3499999046325684,2.2107999324798584,2.3450000286102295,8292710,0.0,0.0,0.0
2024-09-05 11:30:00-04:00,2.3450000286102295,2.359999895095825,2.2899999618530273,2.299799919128418,4720069,0.0,0.0,0.0
2024-09-05 12:30:00-04:00,2.299999952316284,2.347899913787842,2.2799999713897705,2.345099925994873,3707836,0.0,0.0,0.0
2024-09-05 13:30:00-04:00,2.3450000286102295,2.3499999046325684,2.2802000045776367,2.309999942779541,2592684,0.0,0.0,0.0
2024-09-05 14:30:00-04:00,2.315000057220459,2.339200019836426,2.2899999618530273,2.305000066757202,1561197,0.0,0.0,0.0
2024-09-05 15:30:00-04:00,2.3099000453948975,2.3399999141693115,2.2950000762939453,2.309999942779541,1613759,0.0,0.0,0.0
2024-09-06 09:30:00-04:00,2.259999990463257,2.4700000286102295,2.259999990463257,2.4549999237060547,20815425,0.0,0.0,0.0
2024-09-06 10:30:00-04:00,2.4500999450683594,2.539900064468384,2.450000047683716,2.5250000953674316,12989175,0.0,0.0,0.0
2024-09-06 11:30:00-04:00,2.5199999809265137,2.5799999237060547,2.5,2.537100076675415,9301087,0.0,0.0,0.0
2024-09-06 12:30:00-04:00,2.5350000858306885,2.549999952316284,2.4800000190734863,2.5097999572753906,6054613,0.0,0.0,0.0
2024-09-06 13:30:00-04:00,2.505000114440918,2.549999952316284,2.5,2.5350000858306885,3703049,0.0,0.0,0.0
2024-09-06 14:30:00-04:00,2.5299999713897705,2.5350000858306885,2.4600000381469727,2.470599889755249,4608305,0.0,0.0,0.0
2024-09-06 15:30:00-04:00,2.4749999046325684,2.509999990463257,2.460099935531616,2.494999885559082,2858807,0.0,0.0,0.0
2024-09-09 09:30:00-04:00,2.390399932861328,2.4000000953674316,2.319999933242798,2.3991000652313232,14310931,0.0,0.0,0.0
2024-09-09 10:30:00-04:00,2.399899959564209,2.4600000381469727,2.390000104904175,2.3991000652313232,8181541,0.0,0.0,0.0
2024-09-09 11:30:00-04:00,2.3949999809265137,2.4100000858306885,2.359999895095825,2.36899995803833,4110245,0.0,0.0,0.0
2024-09-09 12:30:00-04:00,2.369499921798706,2.389899969100952,2.3304998874664307,2.3450000286102295,3392931,0.0,0.0,0.0
2024-09-09 13:30:00-04:00,2.3450000286102295,2.4000000953674316,2.3450000286102295,2.4000000953674316,5763106,0.0,0.0,0.0
2024-09-09 14:30:00-04:00,2.3949999809265137,2.4100000858306885,2.3499999046325684,2.3550000190734863,2569912,0.0,0.0,0.0
2024-09-09 15:30:00-04:00,2.3550000190734863,2.369999885559082,2.319999933242798,2.3201000690460205,1752196,0.0,0.0,0.0
2024-09-10 09:30:00-04:00,2.259999990463257,2.3499999046325684,2.190000057220459,2.2899999618530273,14470221,0.0,0.0,0.0
2024-09-10 10:30:00-04:00,2.2894999980926514,2.329200029373169,2.2799999713897705,2.2969000339508057,4165768,0.0,0.0,0.0
2024-09-10 11:30:00-04:00,2.2950000762939453,2.390000104904175,2.2850000858306885,2.369999885559082,6335069,0.0,0.0,0.0
2024-09-10 12:30:00-04:00,2.365000009536743,2.369999885559082,2.309999942779541,2.3389999866485596,2856538,0.0,0.0,0.0
2024-09-10 13:30:00-04:00,2.339900016784668,2.3399999141693115,2.2799999713897705,2.2892000675201416,3864502,0.0,0.0,0.0
2024-09-10 14:30:00-04:00,2.289900064468384,2.299999952316284,2.2699999809265137,2.2750000953674316,2108734,0.0,0.0,0.0
2024-09-10 15:30:00-04:00,2.2701001167297363,2.2850000858306885,2.25,2.25,2232992,0.0,0.0,0.0
2024-09-11 09:30:00-04:00,2.180000066757202,2.240000009536743,2.0899999141693115,2.2014000415802,20269309,0.0,0.0,0.0
2024-09-11 10:30:00-04:00,2.2100000381469727,2.2799999713897705,2.190000057220459,2.194999933242798,11169849,0.0,0.0,0.0
2024-09-11 11:30:00-04:00,2.1982998847961426,2.2054998874664307,2.049999952316284,2.055000066757202,10523776,0.0,0.0,0.0
2024-09-11 12:30:00-04:00,2.055000066757202,2.0999999046325684,2.010699987411499,2.015000104904175,10042609,0.0,0.0,0.0
2024-09-11 13:30:00-04:00,2.009999990463257,2.0299999713897705,1.9500000476837158,1.9544999599456787,9272959,0.0,0.0,0.0
2024-09-11 14:30:00-04:00,1.9514000415802002,1.9800000190734863,1.9299999475479126,1.9299999475479126,6064103,0.0,0.0,0.0
2024-09-11 15:30:00-04:00,1.934999942779541,1.9399000406265259,1.8799999952316284,1.8849999904632568,4828649,0.0,0.0,0.0
2024-09-12 09:30:00-04:00,1.8799999952316284,1.9299999475479126,1.7999999523162842,1.809999942779541,19194197,0.0,0.0,0.0
2024-09-12 10:30:00-04:00,1.8092999458312988,1.840000033378601,1.7799999713897705,1.8299000263214111,11563173,0.0,0.0,0.0
2024-09-12 11:30:00-04:00,1.829200029373169,1.8600000143051147,1.809999942779541,1.815000057220459,4298955,0.0,0.0,0.0
2024-09-12 12:30:00-04:00,1.8193000555038452,1.840000033378601,1.7805999517440796,1.7901999950408936,3097934,0.0,0.0,0.0
2024-09-12 13:30:00-04:00,1.7901999950408936,1.7999999523162842,1.7599999904632568,1.7799999713897705,4713785,0.0,0.0,0.0
2024-09-12 14:30:00-04:00,1.774999976158142,1.8200000524520874,1.7699999809265137,1.784999966621399,3585393,0.0,0.0,0.0
2024-09-12 15:30:00-04:00,1.7898999452590942,1.8200000524520874,1.7799999713897705,1.809999942779541,2539273,0.0,0.0,0.0
2024-09-13 09:30:00-04:00,1.8200000524520874,1.8499000072479248,1.7899999618530273,1.8350000381469727,11458985,0.0,0.0,0.0
2024-09-13 10:30:00-04:00,1.8379000425338745,1.8600000143051147,1.7899999618530273,1.8049999475479126,5502842,0.0,0.0,0.0
2024-09-13 11:30:00-04:00,1.8047000169754028,1.840000033378601,1.7999999523162842,1.8200000524520874,3126989,0.0,0.0,0.0
2024-09-13 12:30:00-04:00,1.820099949836731,1.8300000429153442,1.809999942779541,1.809999942779541,1312118,0.0,0.0,0.0
2024-09-13 13:30:00-04:00,1.8116999864578247,1.8365999460220337,1.809999942779541,1.8250000476837158,2074743,0.0,0.0,0.0
2024-09-13 14:30:00-04:00,1.8250000476837158,1.840000033378601,1.809999942779541,1.8183000087738037,2160102,0.0,0.0,0.0
2024-09-13 15:30:00-04:00,1.812000036239624,1.825600028038025,1.809999942779541,1.8102999925613403,1323462,0.0,0.0,0.0
2024-09-16 09:30:00-04:00,1.8799999952316284,1.9600000381469727,1.840000033378601,1.8798999786376953,15475298,0.0,0.0,0.0
2024-09-16 10:30:00-04:00,1.875,1.909999966621399,1.8700000047683716,1.8895000219345093,5556148,0.0,0.0,0.0
2024-09-16 11:30:00-04:00,1.8899999856948853,1.9199999570846558,1.8801000118255615,1.9092999696731567,3461877,0.0,0.0,0.0
2024-09-16 12:30:00-04:00,1.9012000560760498,1.9199999570846558,1.8799999952316284,1.8905999660491943,2695339,0.0,0.0,0.0
2024-09-16 13:30:00-04:00,1.8949999809265137,1.899999976158142,1.8739999532699585,1.8899999856948853,2390235,0.0,0.0,0.0
2024-09-16 14:30:00-04:00,1.8898999691009521,1.909999966621399,1.8799999952316284,1.899999976158142,2985691,0.0,0.0,0.0
2024-09-16 15:30:00-04:00,1.899899959564209,1.899999976158142,1.8799999952316284,1.8849999904632568,1433292,0.0,0.0,0.0
2024-09-17 09:30:00-04:00,1.8300000429153442,1.8964999914169312,1.8200000524520874,1.8502000570297241,8208754,0.0,0.0,0.0
2024-09-17 10:30:00-04:00,1.8509000539779663,1.8700000047683716,1.840000033378601,1.8698999881744385,3308637,0.0,0.0,0.0
2024-09-17 11:30:00-04:00,1.8700000047683716,1.909999966621399,1.8600000143051147,1.8949999809265137,3158829,0.0,0.0,0.0
2024-09-17 12:30:00-04:00,1.8983999490737915,1.9199999570846558,1.8899999856948853,1.9098999500274658,2893528,0.0,0.0,0.0
2024-09-17 13:30:00-04:00,1.90910005569458,1.9500000476837158,1.899999976158142,1.934999942779541,4937345,0.0,0.0,0.0
2024-09-17 14:30:00-04:00,1.9399000406265259,1.9500000476837158,1.9199999570846558,1.9318000078201294,2614407,0.0,0.0,0.0
2024-09-17 15:30:00-04:00,1.9359999895095825,1.9500000476837158,1.9199999570846558,1.9299999475479126,2122912,0.0,0.0,0.0
2024-09-18 09:30:00-04:00,1.909999966621399,1.9600000381469727,1.899999976158142,1.9413000345230103,7509719,0.0,0.0,0.0
2024-09-18 10:30:00-04:00,1.9450000524520874,1.9600000381469727,1.9299999475479126,1.9550000429153442,2835380,0.0,0.0,0.0
2024-09-18 11:30:00-04:00,1.9500999450683594,1.9900000095367432,1.9500000476837158,1.9550000429153442,4897140,0.0,0.0,0.0
2024-09-18 12:30:00-04:00,1.9550000429153442,1.9600000381469727,1.9299999475479126,1.940000057220459,2458285,0.0,0.0,0.0
2024-09-18 13:30:00-04:00,1.940000057220459,1.9500000476837158,1.8700000047683716,1.8819999694824219,7584605,0.0,0.0,0.0
2024-09-18 14:30:00-04:00,1.8849999904632568,1.9900000095367432,1.850000023841858,1.9399000406265259,8481786,0.0,0.0,0.0
2024-09-18 15:30:00-04:00,1.9299999475479126,2.0,1.9199999570846558,1.9950000047683716,4037896,0.0,0.0,0.0
2024-09-19 09:30:00-04:00,1.8600000143051147,1.8650000095367432,1.7899999618530273,1.7949999570846558,15002364,0.0,0.0,0.0
2024-09-19 10:30:00-04:00,1.7967000007629395,1.8200000524520874,1.7799999713897705,1.784999966621399,3594257,0.0,0.0,0.0
2024-09-19 11:30:00-04:00,1.787600040435791,1.809999942779541,1.7799999713897705,1.799399971961975,2817660,0.0,0.0,0.0
2024-09-19 12:30:00-04:00,1.7949999570846558,1.809999942779541,1.7899999618530273,1.7999000549316406,1761467,0.0,0.0,0.0
2024-09-19 13:30:00-04:00,1.7905999422073364,1.8200000524520874,1.7899999618530273,1.8006000518798828,2267297,0.0,0.0,0.0
2024-09-19 14:30:00-04:00,1.8092999458312988,1.850000023841858,1.7999999523162842,1.8350000381469727,2793252,0.0,0.0,0.0
2024-09-19 15:30:00-04:00,1.8350000381469727,1.850000023841858,1.809999942779541,1.8499000072479248,1756022,0.0,0.0,0.0
2024-09-20 09:30:00-04:00,1.8700000047683716,1.8799999952316284,1.8206000328063965,1.8700000047683716,9468123,0.0,0.0,0.0
2024-09-20 10:30:00-04:00,1.8700000047683716,1.9199999570846558,1.8600000143051147,1.9049999713897705,7767844,0.0,0.0,0.0
2024-09-20 11:30:00-04:00,1.909600019454956,1.909999966621399,1.8700000047683716,1.8811999559402466,3493403,0.0,0.0,0.0
2024-09-20 12:30:00-04:00,1.8849999904632568,1.899999976158142,1.8799999952316284,1.8949999809265137,958629,0.0,0.0,0.0
2024-09-20 13:30:00-04:00,1.8966000080108643,1.9199999570846558,1.8799999952316284,1.9049999713897705,2483205,0.0,0.0,0.0
2024-09-20 14:30:00-04:00,1.9098999500274658,1.909999966621399,1.8799999952316284,1.8803000450134277,926883,0.0,0.0,0.0
2024-09-20 15:30:00-04:00,1.8799999952316284,1.909999966621399,1.8700000047683716,1.8949999809265137,1735651,0.0,0.0,0.0
2024-09-23 09:30:00-04:00,1.8899999856948853,1.9198999404907227,1.8700000047683716,1.8949999809265137,7710165,0.0,0.0,0.0
2024-09-23 10:30:00-04:00,1.893399953842163,1.940000057220459,1.8906999826431274,1.9149999618530273,3280169,0.0,0.0,0.0
2024-09-23 11:30:00-04:00,1.9184999465942383,1.9199999570846558,1.8899999856948853,1.9185999631881714,2399160,0.0,0.0,0.0
2024-09-23 12:30:00-04:00,1.9106999635696411,1.9299999475479126,1.909999966621399,1.9198999404907227,3365863,0.0,0.0,0.0
2024-09-23 13:30:00-04:00,1.9149999618530273,1.9199999570846558,1.8899999856948853,1.8997000455856323,1045976,0.0,0.0,0.0
2024-09-23 14:30:00-04:00,1.899899959564209,1.9098999500274658,1.8799999952316284,1.8849999904632568,1340262,0.0,0.0,0.0
2024-09-23 15:30:00-04:00,1.8898999691009521,1.899999976158142,1.8799999952316284,1.8899999856948853,1147600,0.0,0.0,0.0
2024-09-24 09:30:00-04:00,1.8799999952316284,1.909999966621399,1.850000023841858,1.9098999500274658,8571928,0.0,0.0,0.0
2024-09-24 10:30:00-04:00,1.9092999696731567,1.9199999570846558,1.850000023841858,1.8593000173568726,3386784,0.0,0.0,0.0
2024-09-24 11:30:00-04:00,1.8598999977111816,1.8600000143051147,1.7200000286102295,1.75,13165936,0.0,0.0,0.0
2024-09-24 12:30:00-04:00,1.75,1.7599999904632568,1.7200000286102295,1.7323999404907227,4473784,0.0,0.0,0.0
2024-09-24 13:30:00-04:00,1.7350000143051147,1.7400000095367432,1.7100000381469727,1.7301000356674194,4354849,0.0,0.0,0.0
2024-09-24 14:30:00-04:00,1.7300000190734863,1.7599999904632568,1.7300000190734863,1.7598999738693237,1593652,0.0,0.0,0.0
2024-09-24 15:30:00-04:00,1.7598999738693237,1.7699999809265137,1.7350000143051147,1.7450000047683716,4239358,0.0,0.0,0.0
2024-09-25 09:30:00-04:00,1.7100000381469727,1.7299000024795532,1.6299999952316284,1.6399999856948853,14004085,0.0,0.0,0.0
2024-09-25 10:30:00-04:00,1.6398999691009521,1.659999966621399,1.6299999952316284,1.6598999500274658,5803900,0.0,0.0,0.0
2024-09-25 11:30:00-04:00,1.659999966621399,1.6899000406265259,1.649999976158142,1.659999966621399,7036312,0.0,0.0,0.0
2024-09-25 12:30:00-04:00,1.659999966621399,1.690000057220459,1.659999966621399,1.6799999475479126,3113754,0.0,0.0,0.0
2024-09-25 13:30:00-04:00,1.6797000169754028,1.7000000476837158,1.6699999570846558,1.6710000038146973,3222777,0.0,0.0,0.0
2024-09-25 14:30:00-04:00,1.6699999570846558,1.6799999475479126,1.6699999570846558,1.679900050163269,583051,0.0,0.0,0.0
2024-09-25 15:30:00-04:00,1.673699975013733,1.6799999475479126,1.6699999570846558,1.6749999523162842,615177,0.0,0.0,0.0
2024-09-26 09:30:00-04:00,1.5800000429153442,1.6198999881744385,1.559999942779541,1.6198999881744385,12299852,0.0,0.0,0.0
2024-09-26 10:30:00-04:00,1.6116000413894653,1.7100000381469727,1.6100000143051147,1.670199990272522,13743513,0.0,0.0,0.0
2024-09-26 11:30:00-04:00,1.6699999570846558,1.690000057220459,1.6399999856948853,1.676800012588501,4749597,0.0,0.0,0.0
2024-09-26 12:30:00-04:00,1.679800033569336,1.7200000286102295,1.6699999570846558,1.6950000524520874,3976928,0.0,0.0,0.0
2024-09-26 13:30:00-04:00,1.690000057220459,1.6999000310897827,1.6500999927520752,1.6549999713897705,2888670,0.0,0.0,0.0
2024-09-26 14:30:00-04:00,1.6549999713897705,1.6699999570846558,1.6401000022888184,1.6549999713897705,2575763,0.0,0.0,0.0
2024-09-26 15:30:00-04:00,1.6549999713897705,1.6699999570846558,1.649999976158142,1.649999976158142,770885,0.0,0.0,0.0
2024-09-27 09:30:00-04:00,1.659999966621399,1.7400000095367432,1.659999966621399,1.728700041770935,9194683,0.0,0.0,0.0
2024-09-27 10:30:00-04:00,1.7300000190734863,1.7699999809265137,1.7200000286102295,1.7594000101089478,9317104,0.0,0.0,0.0
2024-09-27 11:30:00-04:00,1.7589999437332153,1.7699999809265137,1.7400000095367432,1.7400000095367432,3092534,0.0,0.0,0.0
2024-09-27 12:30:00-04:00,1.7430000305175781,1.7598999738693237,1.7300000190734863,1.7598999738693237,4088680,0.0,0.0,0.0
2024-09-27 13:30:00-04:00,1.753499984741211,1.7799999713897705,1.7400000095367432,1.7793999910354614,2144053,0.0,0.0,0.0
2024-09-27 14:30:00-04:00,1.7793999910354614,1.7799999713897705,1.75,1.750100016593933,3028332,0.0,0.0,0.0
2024-09-27 15:30:00-04:00,1.7510000467300415,1.7599999904632568,1.7200000286102295,1.7297999858856201,725988,0.0,0.0,0.0
2024-09-30 09:30:00-04:00,1.8200000524520874,1.8200000524520874,1.7300000190734863,1.7609000205993652,12536510,0.0,0.0,0.0
2024-09-30 10:30:00-04:00,1.7649999856948853,1.7799999713897705,1.7400000095367432,1.7405999898910522,4518178,0.0,0.0,0.0
2024-09-30 11:30:00-04:00,1.7400000095367432,1.7599999904632568,1.7301000356674194,1.7405999898910522,3138137,0.0,0.0,0.0
2024-09-30 12:30:00-04:00,1.75,1.7699999809265137,1.7401000261306763,1.7699999809265137,2216218,0.0,0.0,0.0
2024-09-30 13:30:00-04:00,1.7634999752044678,1.7899999618530273,1.75,1.7799999713897705,2049894,0.0,0.0,0.0
2024-09-30 14:30:00-04:00,1.7800999879837036,1.7899999618530273,1.75,1.7657999992370605,2247371,0.0,0.0,0.0
2024-09-30 15:30:00-04:00,1.76010000705719,1.7699999809265137,1.7200000286102295,1.725000023841858,2644249,0.0,0.0,0.0
2024-10-01 09:30:00-04:00,1.7200000286102295,1.8393000364303589,1.7000000476837158,1.8293999433517456,12366640,0.0,0.0,0.0
2024-10-01 10:30:00-04:00,1.8299000263214111,1.8799999952316284,1.809999942779541,1.8401999473571777,7966369,0.0,0.0,0.0
2024-10-01 11:30:00-04:00,1.8450000286102295,1.8600000143051147,1.8200000524520874,1.839900016784668,4019278,0.0,0.0,0.0
2024-10-01 12:30:00-04:00,1.8350000381469727,1.8899999856948853,1.8336000442504883,1.8799999952316284,4451633,0.0,0.0,0.0
2024-10-01 13:30:00-04:00,1.8849999904632568,1.8849999904632568,1.8200000524520874,1.8393000364303589,3116720,0.0,0.0,0.0
2024-10-01 14:30:00-04:00,1.8350000381469727,1.8459999561309814,1.8200000524520874,1.8450000286102295,2342432,0.0,0.0,0.0
2024-10-01 15:30:00-04:00,1.8494000434875488,1.8600000143051147,1.840000033378601,1.8593000173568726,1341875,0.0,0.0,0.0
2024-10-02 09:30:00-04:00,1.8798999786376953,1.9199999570846558,1.7999999523162842,1.8105000257492065,10935508,0.0,0.0,0.0
2024-10-02 10:30:00-04:00,1.815000057220459,1.8393000364303589,1.7799999713897705,1.7900999784469604,5339638,0.0,0.0,0.0
2024-10-02 11:30:00-04:00,1.792799949645996,1.809999942779541,1.7799999713897705,1.7949999570846558,3125594,0.0,0.0,0.0
2024-10-02 12:30:00-04:00,1.7950999736785889,1.8300000429153442,1.7899999618530273,1.8101999759674072,3185310,0.0,0.0,0.0
2024-10-02 13:30:00-04:00,1.815000057220459,1.8300000429153442,1.7929999828338623,1.8071000576019287,3148515,0.0,0.0,0.0
2024-10-02 14:30:00-04:00,1.8049999475479126,1.809999942779541,1.7899999618530273,1.7903000116348267,568603,0.0,0.0,0.0
2024-10-02 15:30:00-04:00,1.7999999523162842,1.7999999523162842,1.7799999713897705,1.7899999618530273,1444151,0.0,0.0,0.0
2024-10-03 09:30:00-04:00,1.7300000190734863,1.7549999952316284,1.6299999952316284,1.69760000705719,16607545,0.0,0.0,0.0
2024-10-03 10:30:00-04:00,1.7000000476837158,1.7100000381469727,1.6699999570846558,1.6893999576568604,6099905,0.0,0.0,0.0
2024-10-03 11:30:00-04:00,1.684999942779541,1.690000057220459,1.659999966621399,1.6793999671936035,2805656,0.0,0.0,0.0
2024-10-03 12:30:00-04:00,1.679900050163269,1.7200000286102295,1.6699999570846558,1.6800999641418457,4073486,0.0,0.0,0.0
2024-10-03 13:30:00-04:00,1.684999942779541,1.6899000406265259,1.659999966621399,1.6756999492645264,3205997,0.0,0.0,0.0
2024-10-03 14:30:00-04:00,1.6793999671936035,1.7000000476837158,1.6749999523162842,1.6900999546051025,1966677,0.0,0.0,0.0
2024-10-03 15:30:00-04:00,1.7000000476837158,1.7000000476837158,1.6699999570846558,1.6699999570846558,1942900,0.0,0.0,0.0
2024-10-04 09:30:00-04:00,1.6200000047683716,1.7100000381469727,1.6200000047683716,1.6893999576568604,10307903,0.0,0.0,0.0
2024-10-04 10:30:00-04:00,1.6886999607086182,1.690000057220459,1.6399999856948853,1.6598999500274658,4101969,0.0,0.0,0.0
2024-10-04 11:30:00-04:00,1.6597000360488892,1.6699999570846558,1.6399999856948853,1.659600019454956,3538623,0.0,0.0,0.0
2024-10-04 12:30:00-04:00,1.6593999862670898,1.659500002861023,1.6305999755859375,1.649399995803833,1155025,0.0,0.0,0.0
2024-10-04 13:30:00-04:00,1.6434999704360962,1.6549999713897705,1.6299999952316284,1.6349999904632568,2226650,0.0,0.0,0.0
2024-10-04 14:30:00-04:00,1.6349999904632568,1.6399999856948853,1.6299999952316284,1.6349999904632568,693763,0.0,0.0,0.0
2024-10-04 15:30:00-04:00,1.6398999691009521,1.6399999856948853,1.6200000047683716,1.6298999786376953,1603741,0.0,0.0,0.0
2024-10-07 09:30:00-04:00,1.6299999952316284,1.6299999952316284,1.5499999523162842,1.5694999694824219,10842113,0.0,0.0,0.0
2024-10-07 10:30:00-04:00,1.5693999528884888,1.5800000429153442,1.5299999713897705,1.5302000045776367,7158774,0.0,0.0,0.0
2024-10-07 11:30:00-04:00,1.530400037765503,1.5399999618530273,1.5,1.5049999952316284,8801551,0.0,0.0,0.0
2024-10-07 12:30:00-04:00,1.500499963760376,1.5199999809265137,1.5,1.5049999952316284,5994916,0.0,0.0,0.0
2024-10-07 13:30:00-04:00,1.5096999406814575,1.5099999904632568,1.4700000286102295,1.499500036239624,9228809,0.0,0.0,0.0
2024-10-07 14:30:00-04:00,1.5,1.5476000308990479,1.5,1.5357999801635742,6494098,0.0,0.0,0.0
2024-10-07 15:30:00-04:00,1.534999966621399,1.5599000453948975,1.5199999809265137,1.555400013923645,4219860,0.0,0.0,0.0
2024-10-08 09:30:00-04:00,1.4950000047683716,1.5099999904632568,1.4500000476837158,1.4600000381469727,14305633,0.0,0.0,0.0
2024-10-08 10:30:00-04:00,1.4600000381469727,1.4600000381469727,1.4299999475479126,1.4502999782562256,7390105,0.0,0.0,0.0
2024-10-08 11:30:00-04:00,1.4500999450683594,1.4600000381469727,1.4299999475479126,1.4394999742507935,3597961,0.0,0.0,0.0
2024-10-08 12:30:00-04:00,1.440000057220459,1.4600000381469727,1.4299999475479126,1.4400999546051025,3140086,0.0,0.0,0.0
2024-10-08 13:30:00-04:00,1.448699951171875,1.4500000476837158,1.4299999475479126,1.4399000406265259,2853578,0.0,0.0,0.0
2024-10-08 14:30:00-04:00,1.4399000406265259,1.440000057220459,1.4199999570846558,1.4249999523162842,5796853,0.0,0.0,0.0
2024-10-08 15:30:00-04:00,1.429900050163269,1.4299999475479126,1.409999966621399,1.4249999523162842,2679397,0.0,0.0,0.0
2024-10-09 09:30:00-04:00,1.399999976158142,1.4600000381469727,1.3904999494552612,1.409500002861023,13930381,0.0,0.0,0.0
2024-10-09 10:30:00-04:00,1.4049999713897705,1.4399000406265259,1.399999976158142,1.4249999523162842,3267443,0.0,0.0,0.0
2024-10-09 11:30:00-04:00,1.4199999570846558,1.4600000381469727,1.409999966621399,1.4400999546051025,5235847,0.0,0.0,0.0
2024-10-09 12:30:00-04:00,1.4400999546051025,1.4500000476837158,1.4299999475479126,1.440000057220459,1713832,0.0,0.0,0.0
2024-10-09 13:30:00-04:00,1.4400999546051025,1.4594999551773071,1.4299999475479126,1.4399000406265259,2144195,0.0,0.0,0.0
2024-10-09 14:30:00-04:00,1.4306000471115112,1.440000057220459,1.4299999475479126,1.440000057220459,523421,0.0,0.0,0.0
2024-10-09 15:30:00-04:00,1.4394999742507935,1.440000057220459,1.4299999475479126,1.434999942779541,1177715,0.0,0.0,0.0
2024-10-10 09:30:00-04:00,1.4500000476837158,1.4600000381469727,1.399999976158142,1.4000999927520752,11213025,0.0,0.0,0.0
2024-10-10 10:30:00-04:00,1.4000999927520752,1.4199999570846558,1.3799999952316284,1.3920999765396118,5783125,0.0,0.0,0.0
2024-10-10 11:30:00-04:00,1.399899959564209,1.409999966621399,1.3799999952316284,1.3949999809265137,3935786,0.0,0.0,0.0
2024-10-10 12:30:00-04:00,1.3949999809265137,1.409999966621399,1.3799999952316284,1.3875000476837158,3468512,0.0,0.0,0.0
2024-10-10 13:30:00-04:00,1.3895000219345093,1.399999976158142,1.3799999952316284,1.3942999839782715,1553266,0.0,0.0,0.0
2024-10-10 14:30:00-04:00,1.399899959564209,1.409999966621399,1.3799999952316284,1.3839999437332153,3257770,0.0,0.0,0.0
2024-10-10 15:30:00-04:00,1.3849999904632568,1.399999976158142,1.3799999952316284,1.3839999437332153,1696296,0.0,0.0,0.0
2024-10-11 09:30:00-04:00,1.399999976158142,1.409999966621399,1.3600000143051147,1.375,8051777,0.0,0.0,0.0
2024-10-11 10:30:00-04:00,1.3799999952316284,1.399999976158142,1.3700000047683716,1.3849999904632568,2781487,0.0,0.0,0.0
2024-10-11 11:30:00-04:00,1.3868000507354736,1.3899999856948853,1.3799999952316284,1.3799999952316284,797533,0.0,0.0,0.0
2024-10-11 12:30:00-04:00,1.3804999589920044,1.3899999856948853,1.3799999952316284,1.3849999904632568,357745,0.0,0.0,0.0
2024-10-11 13:30:00-04:00,1.3849999904632568,1.3899999856948853,1.3799999952316284,1.381100058555603,362414,0.0,0.0,0.0
2024-10-11 14:30:00-04:00,1.3801000118255615,1.3899999856948853,1.3799999952316284,1.3849999904632568,464416,0.0,0.0,0.0
2024-10-11 15:30:00-04:00,1.3849999904632568,1.3899999856948853,1.3799999952316284,1.3849999904632568,1361900,0.0,0.0,0.0
2024-10-14 09:30:00-04:00,1.3600000143051147,1.3600000143051147,1.2899999618530273,1.2936999797821045,10538658,0.0,0.0,0.0
2024-10-14 10:30:00-04:00,1.2905000448226929,1.3300000429153442,1.2899999618530273,1.3300000429153442,2869372,0.0,0.0,0.0
2024-10-14 11:30:00-04:00,1.3286999464035034,1.340000033378601,1.309999942779541,1.315000057220459,2230076,0.0,0.0,0.0
2024-10-14 12:30:00-04:00,1.3200000524520874,1.3200000524520874,1.309999942779541,1.309999942779541,883666,0.0,0.0,0.0
2024-10-14 13:30:00-04:00,1.309999942779541,1.3194999694824219,1.2999999523162842,1.309999942779541,614412,0.0,0.0,0.0
2024-10-14 14:30:00-04:00,1.3070000410079956,1.309999942779541,1.2999999523162842,1.309499979019165,813139,0.0,0.0,0.0
2024-10-14 15:30:00-04:00,1.3098000288009644,1.3299000263214111,1.2999999523162842,1.3140000104904175,1784168,0.0,0.0,0.0
2024-10-15 09:30:00-04:00,1.3300000429153442,1.440000057220459,1.309999942779541,1.434999942779541,18905600,0.0,0.0,0.0
2024-10-15 10:30:00-04:00,1.4299999475479126,1.5,1.4199999570846558,1.4350999593734741,18781044,0.0,0.0,0.0
2024-10-15 11:30:00-04:00,1.4394999742507935,1.4700000286102295,1.4299999475479126,1.4594999551773071,6857794,0.0,0.0,0.0
2024-10-15 12:30:00-04:00,1.4500000476837158,1.4600000381469727,1.440000057220459,1.4559999704360962,10759470,0.0,0.0,0.0
2024-10-15 13:30:00-04:00,1.4500999450683594,1.4600000381469727,1.4299999475479126,1.434999942779541,1808150,0.0,0.0,0.0
2024-10-15 14:30:00-04:00,1.434999942779541,1.4600000381469727,1.4299999475479126,1.440500020980835,2977732,0.0,0.0,0.0
2024-10-15 15:30:00-04:00,1.4459999799728394,1.4600000381469727,1.43149995803833,1.434999942779541,1633389,0.0,0.0,0.0
2024-10-16 09:30:00-04:00,1.3899999856948853,1.440000057220459,1.3799999952316284,1.3801000118255615,12596096,0.0,0.0,0.0
2024-10-16 10:30:00-04:00,1.3806999921798706,1.4199999570846558,1.3700000047683716,1.3799999952316284,7345416,0.0,0.0,0.0
2024-10-16 11:30:00-04:00,1.3897000551223755,1.399999976158142,1.3799999952316284,1.3895000219345093,2442273,0.0,0.0,0.0
2024-10-16 12:30:00-04:00,1.3897000551223755,1.3899999856948853,1.350000023841858,1.3600000143051147,4432151,0.0,0.0,0.0
2024-10-16 13:30:00-04:00,1.3600000143051147,1.3600000143051147,1.340000033378601,1.340499997138977,3102586,0.0,0.0,0.0
2024-10-16 14:30:00-04:00,1.346500039100647,1.350000023841858,1.3300000429153442,1.3450000286102295,4926783,0.0,0.0,0.0
2024-10-16 15:30:00-04:00,1.3496999740600586,1.3600000143051147,1.3428000211715698,1.3550000190734863,1595383,0.0,0.0,0.0
2024-10-17 09:30:00-04:00,1.2799999713897705,1.3200000524520874,1.25,1.2800999879837036,22191995,0.0,0.0,0.0
2024-10-17 10:30:00-04:00,1.274999976158142,1.2999999523162842,1.2699999809265137,1.2740000486373901,6793630,0.0,0.0,0.0
2024-10-17 11:30:00-04:00,1.2783000469207764,1.2899999618530273,1.2599999904632568,1.280500054359436,4450350,0.0,0.0,0.0
2024-10-17 12:30:00-04:00,1.284999966621399,1.2899999618530273,1.2699999809265137,1.2740000486373901,977942,0.0,0.0,0.0
2024-10-17 13:30:00-04:00,1.2754000425338745,1.309999942779541,1.2699999809265137,1.2949999570846558,3717026,0.0,0.0,0.0
2024-10-17 14:30:00-04:00,1.2932000160217285,1.309999942779541,1.2899999618530273,1.3099000453948975,2538193,0.0,0.0,0.0
2024-10-17 15:30:00-04:00,1.309999942779541,1.3300000429153442,1.2999999523162842,1.3250000476837158,2466328,0.0,0.0,0.0
2024-10-18 09:30:00-04:00,1.29830002784729,1.3200000524520874,1.2899999618530273,1.309999942779541,6470888,0.0,0.0,0.0
2024-10-18 10:30:00-04:00,1.3049999475479126,1.3200000524520874,1.2999999523162842,1.315000057220459,2321700,0.0,0.0,0.0
2024-10-18 11:30:00-04:00,1.3194999694824219,1.3300000429153442,1.309999942779541,1.3200000524520874,1214749,0.0,0.0,0.0
2024-10-18 12:30:00-04:00,1.3200000524520874,1.3200000524520874,1.2999999523162842,1.309499979019165,1055243,0.0,0.0,0.0
2024-10-18 13:30:00-04:00,1.3099000453948975,1.309999942779541,1.2999999523162842,1.3049999475479126,1400917,0.0,0.0,0.0
2024-10-18 14:30:00-04:00,1.3028000593185425,1.309999942779541,1.2999999523162842,1.3049999475479126,1010285,0.0,0.0,0.0
2024-10-18 15:30:00-04:00,1.3099000453948975,1.309999942779541,1.2999999523162842,1.309999942779541,1103049,0.0,0.0,0.0
2024-10-21 09:30:00-04:00,1.309000015258789,1.309999942779541,1.2400000095367432,1.25,15619721,0.0,0.0,0.0
2024-10-21 10:30:00-04:00,1.2400000095367432,1.2799999713897705,1.2400000095367432,1.2699999809265137,7040517,0.0,0.0,0.0
2024-10-21 11:30:00-04:00,1.2699999809265137,1.2699999809265137,1.2400000095367432,1.257200002670288,3479762,0.0,0.0,0.0
2024-10-21 12:30:00-04:00,1.2568000555038452,1.2599999904632568,1.2400000095367432,1.240399956703186,3131600,0.0,0.0,0.0
2024-10-21 13:30:00-04:00,1.2467000484466553,1.25,1.2300000190734863,1.2350000143051147,4873940,0.0,0.0,0.0
2024-10-21 14:30:00-04:00,1.2396999597549438,1.2400000095367432,1.2200000286102295,1.2200000286102295,2366157,0.0,0.0,0.0
2024-10-21 15:30:00-04:00,1.225000023841858,1.2400000095367432,1.2000000476837158,1.2001999616622925,5711608,0.0,0.0,0.0
2024-10-22 09:30:00-04:00,1.2100000381469727,1.2400000095367432,1.190000057220459,1.2059999704360962,12467741,0.0,0.0,0.0
2024-10-22 10:30:00-04:00,1.2000000476837158,1.2300000190734863,1.2000000476837158,1.2101999521255493,3902546,0.0,0.0,0.0
2024-10-22 11:30:00-04:00,1.215000033378601,1.2200000286102295,1.2100000381469727,1.2200000286102295,1237697,0.0,0.0,0.0
2024-10-22 12:30:00-04:00,1.215000033378601,1.2300000190734863,1.2100000381469727,1.2100000381469727,1810295,0.0,0.0,0.0
2024-10-22 13:30:00-04:00,1.215000033378601,1.2173000574111938,1.2000000476837158,1.2099000215530396,1253168,0.0,0.0,0.0
2024-10-22 14:30:00-04:00,1.201300024986267,1.2100000381469727,1.2000000476837158,1.2059999704360962,923751,0.0,0.0,0.0
2024-10-22 15:30:00-04:00,1.2039999961853027,1.2100000381469727,1.2000000476837158,1.2000000476837158,645096,0.0,0.0,0.0
2024-10-23 09:30:00-04:00,1.2300000190734863,1.2899999618530273,1.2297999858856201,1.2599999904632568,16748186,0.0,0.0,0.0
2024-10-23 10:30:00-04:00,1.2599999904632568,1.2699999809265137,1.2400000095367432,1.2696000337600708,4774553,0.0,0.0,0.0
2024-10-23 11:30:00-04:00,1.2699999809265137,1.2799999713897705,1.25,1.274999976158142,5986633,0.0,0.0,0.0
2024-10-23 12:30:00-04:00,1.2799999713897705,1.2999999523162842,1.26010000705719,1.2899999618530273,9515744,0.0,0.0,0.0
2024-10-23 13:30:00-04:00,1.2899999618530273,1.309999942779541,1.2899999618530273,1.2949999570846558,3911824,0.0,0.0,0.0
2024-10-23 14:30:00-04:00,1.2926000356674194,1.2999000549316406,1.2700999975204468,1.2894999980926514,4402471,0.0,0.0,0.0
2024-10-23 15:30:00-04:00,1.2853000164031982,1.2899999618530273,1.2599999904632568,1.2797000408172607,1507653,0.0,0.0,0.0
2024-10-24 09:30:00-04:00,1.2400000095367432,1.2899999618530273,1.2400000095367432,1.280500054359436,7722795,0.0,0.0,0.0
2024-10-24 10:30:00-04:00,1.2899999618530273,1.2899999618530273,1.2599999904632568,1.2649999856948853,3008223,0.0,0.0,0.0
2024-10-24 11:30:00-04:00,1.2644000053405762,1.2899999618530273,1.2599999904632568,1.2747000455856323,3744147,0.0,0.0,0.0
2024-10-24 12:30:00-04:00,1.2757999897003174,1.2799999713897705,1.2599999904632568,1.274999976158142,1685820,0.0,0.0,0.0
2024-10-24 13:30:00-04:00,1.2700999975204468,1.2799999713897705,1.26010000705719,1.26010000705719,2307542,0.0,0.0,0.0
2024-10-24 14:30:00-04:00,1.2604999542236328,1.2699999809265137,1.250100016593933,1.2595000267028809,1607470,0.0,0.0,0.0
2024-10-24 15:30:00-04:00,1.2537000179290771,1.2599999904632568,1.25,1.2549999952316284,741142,0.0,0.0,0.0
2024-10-25 09:30:00-04:00,1.2400000095367432,1.246000051498413,1.2000000476837158,1.2100000381469727,5782002,0.0,0.0,0.0
2024-10-25 10:30:00-04:00,1.2019000053405762,1.2100000381469727,1.190000057220459,1.1998000144958496,3494578,0.0,0.0,0.0
2024-10-25 11:30:00-04:00,1.2000000476837158,1.2100000381469727,1.190000057220459,1.2000000476837158,2689990,0.0,0.0,0.0
2024-10-25 12:30:00-04:00,1.205399990081787,1.2200000286102295,1.2000000476837158,1.2142000198364258,1134813,0.0,0.0,0.0
2024-10-25 13:30:00-04:00,1.2199000120162964,1.25,1.2100000381469727,1.2305999994277954,4298073,0.0,0.0,0.0
2024-10-25 14:30:00-04:00,1.2300000190734863,1.2400000095367432,1.2239999771118164,1.2339999675750732,1748130,0.0,0.0,0.0
2024-10-25 15:30:00-04:00,1.2300000190734863,1.2400000095367432,1.2300000190734863,1.2350000143051147,914391,0.0,0.0,0.0
2024-10-28 09:30:00-04:00,1.2180999517440796,1.25,1.2100000381469727,1.2403000593185425,4547758,0.0,0.0,0.0
2024-10-28 10:30:00-04:00,1.240399956703186,1.25,1.2300000190734863,1.2437000274658203,2475839,0.0,0.0,0.0
2024-10-28 11:30:00-04:00,1.240399956703186,1.2699999809265137,1.240399956703186,1.25,2710792,0.0,0.0,0.0
2024-10-28 12:30:00-04:00,1.2598999738693237,1.2599999904632568,1.2400000095367432,1.2450000047683716,1081493,0.0,0.0,0.0
2024-10-28 13:30:00-04:00,1.2496000528335571,1.25,1.2400000095367432,1.2400000095367432,273525,0.0,0.0,0.0
2024-10-28 14:30:00-04:00,1.2451000213623047,1.25,1.2400000095367432,1.2401000261306763,1097415,0.0,0.0,0.0
2024-10-28 15:30:00-04:00,1.2401000261306763,1.2599999904632568,1.2400000095367432,1.2549999952316284,1351259,0.0,0.0,0.0
2024-10-29 09:30:00-04:00,1.2699999809265137,1.2899999618530273,1.25,1.2611000537872314,5360760,0.0,0.0,0.0
2024-10-29 10:30:00-04:00,1.2620999813079834,1.2649999856948853,1.2400000095367432,1.249500036239624,1114924,0.0,0.0,0.0
2024-10-29 11:30:00-04:00,1.2482999563217163,1.2599999904632568,1.2300000190734863,1.239799976348877,1686621,0.0,0.0,0.0
2024-10-29 12:30:00-04:00,1.2335000038146973,1.25,1.2300000190734863,1.239799976348877,2221492,0.0,0.0,0.0
2024-10-29 13:30:00-04:00,1.2329000234603882,1.25,1.2300000190734863,1.2300000190734863,1302344,0.0,0.0,0.0
2024-10-29 14:30:00-04:00,1.2300000190734863,1.2400000095367432,1.2200000286102295,1.2200000286102295,759862,0.0,0.0,0.0
2024-10-29 15:30:00-04:00,1.2297999858856201,1.25,1.2200000286102295,1.240399956703186,1509001,0.0,0.0,0.0
2024-10-30 09:30:00-04:00,1.2799999713897705,1.3200000524520874,1.2699999809265137,1.274999976158142,10164206,0.0,0.0,0.0
2024-10-30 10:30:00-04:00,1.2799999713897705,1.2899999618530273,1.2599999904632568,1.2695000171661377,3088924,0.0,0.0,0.0
2024-10-30 11:30:00-04:00,1.26010000705719,1.2799999713897705,1.2599999904632568,1.2700999975204468,1786200,0.0,0.0,0.0
2024-10-30 12:30:00-04:00,1.2799999713897705,1.2799999713897705,1.2599999904632568,1.2692999839782715,983982,0.0,0.0,0.0
2024-10-30 13:30:00-04:00,1.269700050354004,1.2899999618530273,1.2599999904632568,1.2649999856948853,2127366,0.0,0.0,0.0
2024-10-30 14:30:00-04:00,1.2683000564575195,1.2799999713897705,1.2599999904632568,1.274999976158142,1178095,0.0,0.0,0.0
2024-10-30 15:30:00-04:00,1.2699999809265137,1.2799999713897705,1.2599999904632568,1.2734999656677246,1470202,0.0,0.0,0.0
2024-10-31 09:30:00-04:00,1.309999942779541,1.409999966621399,1.309999942779541,1.3799999952316284,15470709,0.0,0.0,0.0
2024-10-31 10:30:00-04:00,1.3794000148773193,1.3899999856948853,1.3700000047683716,1.3799999952316284,4652051,0.0,0.0,0.0
2024-10-31 11:30:00-04:00,1.375,1.409999966621399,1.3700000047683716,1.3819999694824219,4693542,0.0,0.0,0.0
2024-10-31 12:30:00-04:00,1.3866000175476074,1.3899999856948853,1.3799999952316284,1.3849999904632568,1124840,0.0,0.0,0.0
2024-10-31 13:30:00-04:00,1.3895000219345093,1.399999976158142,1.3799999952316284,1.3901000022888184,2038624,0.0,0.0,0.0
2024-10-31 14:30:00-04:00,1.3949999809265137,1.409999966621399,1.3700000047683716,1.3799999952316284,6246693,0.0,0.0,0.0
2024-10-31 15:30:00-04:00,1.3799999952316284,1.399999976158142,1.3600000143051147,1.399999976158142,3827104,0.0,0.0,0.0
2024-11-01 09:30:00-04:00,1.3600000143051147,1.3700000047683716,1.2999999523162842,1.3046000003814697,14580200,0.0,0.0,0.0
2024-11-01 10:30:00-04:00,1.3005000352859497,1.340000033378601,1.2999999523162842,1.315000057220459,3734923,0.0,0.0,0.0
2024-11-01 11:30:00-04:00,1.315000057220459,1.3300000429153442,1.309999942779541,1.3250000476837158,3051582,0.0,0.0,0.0
2024-11-01 12:30:00-04:00,1.3289999961853027,1.340000033378601,1.3200000524520874,1.320099949836731,2893802,0.0,0.0,0.0
2024-11-01 13:30:00-04:00,1.329300045967102,1.3600000143051147,1.3244999647140503,1.3401000499725342,3602564,0.0,0.0,0.0
2024-11-01 14:30:00-04:00,1.3450000286102295,1.350000023841858,1.3300000429153442,1.340000033378601,2287607,0.0,0.0,0.0
2024-11-01 15:30:00-04:00,1.3398000001907349,1.350000023841858,1.3300000429153442,1.340000033378601,2017241,0.0,0.0,0.0
2024-11-04 09:30:00-05:00,32.65999984741211,33.52000045776367,32.369998931884766,32.45000076293945,563307,0.0,0.0,0.0
2024-11-04 10:30:00-05:00,32.5099983215332,32.71989822387695,31.89739990234375,32.06999969482422,332118,0.0,0.0,0.0
2024-11-04 11:30:00-05:00,32.1161994934082,32.8494987487793,32.08000183105469,32.5099983215332,522018,0.0,0.0,0.0
2024-11-04 12:30:00-05:00,32.4900016784668,32.66999816894531,32.343299865722656,32.5099983215332,293888,0.0,0.0,0.0
2024-11-04 13:30:00-05:00,32.5,32.52000045776367,32.16999816894531,32.45000076293945,283002,0.0,0.0,0.0
2024-11-04 14:30:00-05:00,32.36989974975586,32.56829833984375,32.282798767089844,32.56829833984375,220302,0.0,0.0,0.0
2024-11-04 15:30:00-05:00,32.59000015258789,33.33000183105469,32.58000183105469,33.279998779296875,175618,0.0,0.0,0.0
2024-11-05 09:30:00-05:00,32.560001373291016,32.59000015258789,31.729999542236328,32.059898376464844,434491,0.0,0.0,0.0
2024-11-05 10:30:00-05:00,31.979999542236328,31.979999542236328,31.540000915527344,31.579999923706055,125755,0.0,0.0,0.0
2024-11-05 11:30:00-05:00,31.56999969482422,31.56999969482422,31.239999771118164,31.520000457763672,145173,0.0,0.0,0.0
2024-11-05 12:30:00-05:00,31.530000686645508,31.700000762939453,31.434999465942383,31.64900016784668,57322,0.0,0.0,0.0
2024-11-05 13:30:00-05:00,31.56999969482422,31.82990074157715,31.420000076293945,31.479999542236328,62735,0.0,0.0,0.0
2024-11-05 14:30:00-05:00,31.483699798583984,31.730100631713867,31.430200576782227,31.459999084472656,92767,0.0,0.0,0.0
2024-11-05 15:30:00-05:00,31.489999771118164,31.809999465942383,31.440000534057617,31.459999084472656,122714,0.0,0.0,0.0
2024-11-06 09:30:00-05:00,29.940000534057617,30.5,29.325000762939453,29.540000915527344,907138,0.0,0.0,0.0
2024-11-06 10:30:00-05:00,29.540700912475586,29.942800521850586,29.460899353027344,29.56999969482422,219187,0.0,0.0,0.0
2024-11-06 11:30:00-05:00,29.6200008392334,29.6200008392334,29.155000686645508,29.219999313354492,190969,0.0,0.0,0.0
2024-11-06 12:30:00-05:00,29.25,29.270000457763672,28.557100296020508,28.610000610351562,273674,0.0,0.0,0.0
2024-11-06 13:30:00-05:00,28.610000610351562,28.941600799560547,28.582199096679688,28.719999313354492,207688,0.0,0.0,0.0
2024-11-06 14:30:00-05:00,28.670000076293945,28.71500015258789,28.459999084472656,28.56410026550293,144712,0.0,0.0,0.0
2024-11-06 15:30:00-05:00,28.627500534057617,28.973400115966797,28.549999237060547,28.919599533081055,126827,0.0,0.0,0.0
2024-11-07 09:30:00-05:00,28.600000381469727,28.6200008392334,27.65999984741211,27.8799991607666,579918,0.0,0.0,0.0
2024-11-07 10:30:00-05:00,27.876399993896484,28.206499099731445,27.780399322509766,27.940099716186523,164115,0.0,0.0,0.0
2024-11-07 11:30:00-05:00,27.940000534057617,28.030000686645508,27.820999145507812,27.959999084472656,99385,0.0,0.0,0.0
2024-11-07 12:30:00-05:00,27.90999984741211,28.126399993896484,27.84000015258789,28.017799377441406,111055,0.0,0.0,0.0
2024-11-07 13:30:00-05:00,28.040000915527344,28.06999969482422,27.729999542236328,27.973800659179688,102700,0.0,0.0,0.0
2024-11-07 14:30:00-05:00,27.84000015258789,28.069900512695312,27.739999771118164,27.799999237060547,196626,0.0,0.0,0.0
2024-11-07 15:30:00-05:00,27.81999969482422,27.849000930786133,27.570100784301758,27.600000381469727,93709,0.0,0.0,0.0
2024-11-08 09:30:00-05:00,27.639999389648438,28.59000015258789,27.28619956970215,28.26099967956543,1098480,0.0,0.0,0.0
2024-11-08 10:30:00-05:00,28.299999237060547,28.530000686645508,28.093000411987305,28.239999771118164,475309,0.0,0.0,0.0
2024-11-08 11:30:00-05:00,28.209999084472656,28.270099639892578,27.959999084472656,28.15999984741211,393299,0.0,0.0,0.0
2024-11-08 12:30:00-05:00,28.1200008392334,28.190000534057617,28.0,28.149999618530273,474226,0.0,0.0,0.0
2024-11-08 13:30:00-05:00,28.1200008392334,28.260000228881836,28.040000915527344,28.1968994140625,197272,0.0,0.0,0.0
2024-11-08 14:30:00-05:00,28.229999542236328,28.350000381469727,28.149999618530273,28.19499969482422,356468,0.0,0.0,0.0
2024-11-08 15:30:00-05:00,28.209999084472656,28.270000457763672,28.020000457763672,28.100000381469727,203904,0.0,0.0,0.0
