Datetime,Open,High,Low,Close,Volume,Dividends,Stock Splits,Capital Gains
2023-10-19 09:30:00-04:00,33.959999084472656,35.524898529052734,33.959999084472656,35.524898529052734,0,0.0,0.0,0.0
2023-10-20 09:30:00-04:00,36.46989822387695,37.33000183105469,36.33000183105469,36.33000183105469,3787,0.0,0.0,0.0
2023-10-20 10:30:00-04:00,37.21900177001953,38.380001068115234,37.21900177001953,38.380001068115234,2991,0.0,0.0,0.0
2023-10-20 11:30:00-04:00,38.52899932861328,38.52899932861328,38.08000183105469,38.08000183105469,2486,0.0,0.0,0.0
2023-10-20 12:30:00-04:00,37.54999923706055,37.54999923706055,37.308998107910156,37.308998107910156,1113,0.0,0.0,0.0
2023-10-20 15:30:00-04:00,38.310001373291016,38.310001373291016,38.15620040893555,38.15620040893555,200,0.0,0.0,0.0
2023-10-23 09:30:00-04:00,39.130001068115234,41.150001525878906,38.790000915527344,39.060001373291016,36707,0.0,0.0,0.0
2023-10-23 10:30:00-04:00,39.08000183105469,39.20000076293945,37.290000915527344,37.290000915527344,2312,0.0,0.0,0.0
2023-10-23 11:30:00-04:00,37.0,37.599998474121094,37.0,37.14099884033203,3563,0.0,0.0,0.0
2023-10-23 12:30:00-04:00,37.4900016784668,37.4900016784668,36.439998626708984,37.38999938964844,24339,0.0,0.0,0.0
2023-10-23 13:30:00-04:00,37.0,37.40999984741211,37.0,37.40999984741211,2206,0.0,0.0,0.0
2023-10-23 14:30:00-04:00,38.479000091552734,38.479000091552734,38.1708984375,38.1708984375,0,0.0,0.0,0.0
2023-10-24 09:30:00-04:00,35.99470138549805,35.99470138549805,34.64080047607422,35.29999923706055,6734,0.0,0.0,0.0
2023-10-24 10:30:00-04:00,35.5182991027832,36.58000183105469,35.250099182128906,36.5,2076,0.0,0.0,0.0
2023-10-24 11:30:00-04:00,36.68989944458008,36.939998626708984,36.68989944458008,36.939998626708984,271,0.0,0.0,0.0
2023-10-24 12:30:00-04:00,36.869998931884766,37.27000045776367,36.869998931884766,37.27000045776367,694,0.0,0.0,0.0
2023-10-24 14:30:00-04:00,36.654998779296875,36.654998779296875,36.560001373291016,36.560001373291016,337,0.0,0.0,0.0
2023-10-24 15:30:00-04:00,36.619998931884766,36.619998931884766,36.470001220703125,36.470001220703125,0,0.0,0.0,0.0
2023-10-25 09:30:00-04:00,36.0,37.150001525878906,36.0,36.310001373291016,2460,0.0,0.0,0.0
2023-10-25 10:30:00-04:00,36.099998474121094,36.099998474121094,36.099998474121094,36.099998474121094,353,0.0,0.0,0.0
2023-10-25 11:30:00-04:00,36.09199905395508,36.88999938964844,36.09199905395508,36.665000915527344,7435,0.0,0.0,0.0
2023-10-25 12:30:00-04:00,36.66999816894531,36.75,36.66999816894531,36.75,2847,0.0,0.0,0.0
2023-10-25 13:30:00-04:00,37.77000045776367,37.849998474121094,37.54999923706055,37.849998474121094,0,0.0,0.0,0.0
2023-10-26 09:30:00-04:00,37.65999984741211,39.3390007019043,37.65999984741211,38.36000061035156,4748,0.0,0.0,0.0
2023-10-26 10:30:00-04:00,38.48500061035156,39.209999084472656,37.91999816894531,39.209999084472656,1103,0.0,0.0,0.0
2023-10-26 11:30:00-04:00,39.150001525878906,40.25,39.150001525878906,40.1172981262207,1722,0.0,0.0,0.0
2023-10-26 12:30:00-04:00,40.08000183105469,40.459999084472656,40.08000183105469,40.09000015258789,1801,0.0,0.0,0.0
2023-10-26 13:30:00-04:00,39.97100067138672,40.040000915527344,39.310001373291016,39.310001373291016,1105,0.0,0.0,0.0
2023-10-26 14:30:00-04:00,39.08000183105469,39.239898681640625,39.08000183105469,39.239898681640625,406,0.0,0.0,0.0
2023-10-26 15:30:00-04:00,40.349998474121094,40.349998474121094,40.27000045776367,40.27000045776367,0,0.0,0.0,0.0
2023-10-27 09:30:00-04:00,38.029998779296875,39.08440017700195,38.029998779296875,38.87099838256836,2774,0.0,0.0,0.0
2023-10-27 10:30:00-04:00,39.61000061035156,39.779998779296875,38.70000076293945,38.7599983215332,1559,0.0,0.0,0.0
2023-10-27 12:30:00-04:00,39.61000061035156,39.61000061035156,39.38999938964844,39.38999938964844,8599,0.0,0.0,0.0
2023-10-27 13:30:00-04:00,39.97639846801758,39.97639846801758,39.97639846801758,39.97639846801758,202,0.0,0.0,0.0
2023-10-27 14:30:00-04:00,39.849998474121094,39.849998474121094,39.849998474121094,39.849998474121094,347,0.0,0.0,0.0
2023-10-27 15:30:00-04:00,39.99100112915039,39.99100112915039,39.68000030517578,39.68000030517578,1228,0.0,0.0,0.0
2023-10-30 09:30:00-04:00,38.880001068115234,41.81999969482422,38.70000076293945,41.81999969482422,18097,0.0,0.0,0.0
2023-10-30 10:30:00-04:00,42.150001525878906,43.93000030517578,41.88999938964844,43.29999923706055,16774,0.0,0.0,0.0
2023-10-30 11:30:00-04:00,43.43000030517578,43.439998626708984,42.77000045776367,43.400001525878906,7490,0.0,0.0,0.0
2023-10-30 12:30:00-04:00,43.65999984741211,44.310001373291016,43.65999984741211,43.900001525878906,1586,0.0,0.0,0.0
2023-10-30 13:30:00-04:00,43.720001220703125,43.97999954223633,43.154998779296875,43.56999969482422,2978,0.0,0.0,0.0
2023-10-30 14:30:00-04:00,44.25899887084961,44.25899887084961,43.70000076293945,43.70000076293945,3550,0.0,0.0,0.0
2023-10-30 15:30:00-04:00,42.959999084472656,43.622501373291016,42.959999084472656,43.560001373291016,0,0.0,0.0,0.0
2023-10-31 09:30:00-04:00,44.27000045776367,45.0989990234375,42.20000076293945,42.471099853515625,30102,0.0,0.0,0.0
2023-10-31 10:30:00-04:00,43.54999923706055,43.9900016784668,42.77000045776367,43.9900016784668,5110,0.0,0.0,0.0
2023-10-31 11:30:00-04:00,43.709999084472656,43.80289840698242,43.18000030517578,43.18000030517578,1470,0.0,0.0,0.0
2023-10-31 12:30:00-04:00,43.349998474121094,43.349998474121094,42.869998931884766,42.95989990234375,2254,0.0,0.0,0.0
2023-10-31 13:30:00-04:00,42.529998779296875,42.529998779296875,41.630001068115234,41.95000076293945,1349,0.0,0.0,0.0
2023-10-31 14:30:00-04:00,41.71080017089844,41.812198638916016,41.5,41.812198638916016,3110,0.0,0.0,0.0
2023-10-31 15:30:00-04:00,42.0099983215332,42.0099983215332,41.97999954223633,42.0,1342,0.0,0.0,0.0
2023-11-01 09:30:00-04:00,40.84000015258789,42.099998474121094,40.84000015258789,42.099998474121094,5902,0.0,0.0,0.0
2023-11-01 10:30:00-04:00,42.81999969482422,43.25849914550781,42.650001525878906,43.002201080322266,4136,0.0,0.0,0.0
2023-11-01 11:30:00-04:00,42.95000076293945,42.95000076293945,42.29999923706055,42.529998779296875,2603,0.0,0.0,0.0
2023-11-01 12:30:00-04:00,42.0,42.0,42.0,42.0,303,0.0,0.0,0.0
2023-11-01 14:30:00-04:00,41.1349983215332,41.1349983215332,40.85499954223633,40.85499954223633,618,0.0,0.0,0.0
2023-11-01 15:30:00-04:00,40.5099983215332,40.5099983215332,40.040000915527344,40.040000915527344,0,0.0,0.0,0.0
2023-11-02 09:30:00-04:00,37.36000061035156,37.61000061035156,35.744998931884766,35.744998931884766,30640,0.0,0.0,0.0
2023-11-02 10:30:00-04:00,35.95000076293945,36.22010040283203,35.349998474121094,35.75,9597,0.0,0.0,0.0
2023-11-02 11:30:00-04:00,36.16999816894531,36.16999816894531,35.25040054321289,35.77899932861328,10488,0.0,0.0,0.0
2023-11-02 12:30:00-04:00,35.38999938964844,35.72999954223633,35.38999938964844,35.72999954223633,3296,0.0,0.0,0.0
2023-11-02 13:30:00-04:00,35.330101013183594,35.334999084472656,35.099998474121094,35.099998474121094,1987,0.0,0.0,0.0
2023-11-02 14:30:00-04:00,35.005001068115234,35.20790100097656,35.0,35.18880081176758,2853,0.0,0.0,0.0
2023-11-02 15:30:00-04:00,35.29899978637695,35.58000183105469,35.040000915527344,35.040000915527344,0,0.0,0.0,0.0
2023-11-03 09:30:00-04:00,34.29999923706055,34.314998626708984,32.58000183105469,34.119998931884766,34992,0.0,0.0,0.0
2023-11-03 10:30:00-04:00,34.189998626708984,34.61000061035156,33.68000030517578,34.400001525878906,7289,0.0,0.0,0.0
2023-11-03 11:30:00-04:00,34.560001373291016,35.0,34.369998931884766,34.369998931884766,2969,0.0,0.0,0.0
2023-11-03 12:30:00-04:00,34.2599983215332,34.84000015258789,34.2599983215332,34.68000030517578,4661,0.0,0.0,0.0
2023-11-03 13:30:00-04:00,34.810001373291016,35.06990051269531,34.73099899291992,34.79999923706055,1025,0.0,0.0,0.0
2023-11-03 14:30:00-04:00,35.0,35.0,34.81999969482422,34.93899917602539,1303,0.0,0.0,0.0
2023-11-03 15:30:00-04:00,34.94900131225586,35.03499984741211,34.68000030517578,34.68000030517578,1365,0.0,0.0,0.0
2023-11-06 09:30:00-05:00,33.310001373291016,34.93000030517578,33.060001373291016,34.52000045776367,20825,0.0,0.0,0.0
2023-11-06 10:30:00-05:00,34.33000183105469,34.86000061035156,34.20000076293945,34.56999969482422,3660,0.0,0.0,0.0
2023-11-06 11:30:00-05:00,34.54999923706055,35.65999984741211,34.54999923706055,35.55500030517578,3481,0.0,0.0,0.0
2023-11-06 12:30:00-05:00,35.529998779296875,36.20000076293945,35.47999954223633,36.20000076293945,5183,0.0,0.0,0.0
2023-11-06 13:30:00-05:00,35.820098876953125,36.18000030517578,35.81999969482422,35.88999938964844,3562,0.0,0.0,0.0
2023-11-06 14:30:00-05:00,35.52000045776367,35.52000045776367,35.209999084472656,35.36000061035156,8751,0.0,0.0,0.0
2023-11-06 15:30:00-05:00,34.81999969482422,35.09000015258789,34.79999923706055,34.810001373291016,0,0.0,0.0,0.0
2023-11-07 09:30:00-05:00,34.560001373291016,35.9900016784668,34.560001373291016,35.58000183105469,8495,0.0,0.0,0.0
2023-11-07 10:30:00-05:00,35.4900016784668,35.70500183105469,35.13999938964844,35.15599822998047,15150,0.0,0.0,0.0
2023-11-07 11:30:00-05:00,34.959999084472656,35.5,34.810001373291016,35.5,11458,0.0,0.0,0.0
2023-11-07 12:30:00-05:00,35.189998626708984,35.33000183105469,35.029998779296875,35.029998779296875,1790,0.0,0.0,0.0
2023-11-07 13:30:00-05:00,34.689998626708984,34.810001373291016,34.119998931884766,34.119998931884766,3343,0.0,0.0,0.0
2023-11-07 14:30:00-05:00,34.119998931884766,34.1349983215332,34.119998931884766,34.1349983215332,527,0.0,0.0,0.0
2023-11-07 15:30:00-05:00,33.91999816894531,34.04999923706055,33.888999938964844,34.04999923706055,1436,0.0,0.0,0.0
2023-11-08 09:30:00-05:00,33.79499816894531,34.90999984741211,33.79499816894531,34.88999938964844,7261,0.0,0.0,0.0
2023-11-08 10:30:00-05:00,34.779998779296875,34.89899826049805,34.560001373291016,34.89899826049805,971,0.0,0.0,0.0
2023-11-08 11:30:00-05:00,34.400001525878906,35.0,34.400001525878906,35.0,1042,0.0,0.0,0.0
2023-11-08 12:30:00-05:00,35.27000045776367,35.27000045776367,34.737098693847656,34.737098693847656,2236,0.0,0.0,0.0
2023-11-08 14:30:00-05:00,34.150001525878906,34.150001525878906,34.03099822998047,34.12900161743164,1231,0.0,0.0,0.0
2023-11-08 15:30:00-05:00,34.150001525878906,34.150001525878906,33.95000076293945,33.95000076293945,0,0.0,0.0,0.0
2023-11-09 09:30:00-05:00,34.96099853515625,36.30950164794922,34.96099853515625,36.18000030517578,9425,0.0,0.0,0.0
2023-11-09 10:30:00-05:00,36.56060028076172,36.599998474121094,36.2400016784668,36.599998474121094,5036,0.0,0.0,0.0
2023-11-09 11:30:00-05:00,36.6609992980957,37.77000045776367,36.6510009765625,37.58100128173828,4684,0.0,0.0,0.0
2023-11-09 12:30:00-05:00,37.778099060058594,38.61000061035156,37.72100067138672,38.244300842285156,7005,0.0,0.0,0.0
2023-11-09 13:30:00-05:00,38.099998474121094,38.62990188598633,37.680999755859375,38.62990188598633,2820,0.0,0.0,0.0
2023-11-09 14:30:00-05:00,38.5099983215332,38.5099983215332,38.204898834228516,38.204898834228516,459,0.0,0.0,0.0
2023-11-09 15:30:00-05:00,38.20000076293945,38.20000076293945,37.66999816894531,37.66999816894531,0,0.0,0.0,0.0
2023-11-10 09:30:00-05:00,38.13999938964844,39.08700180053711,36.59000015258789,38.90999984741211,30030,0.0,0.0,0.0
2023-11-10 10:30:00-05:00,38.724998474121094,38.724998474121094,37.29999923706055,37.5088996887207,17963,0.0,0.0,0.0
2023-11-10 11:30:00-05:00,37.630001068115234,37.869998931884766,36.714298248291016,36.986698150634766,6759,0.0,0.0,0.0
2023-11-10 12:30:00-05:00,36.63999938964844,36.880001068115234,36.63999938964844,36.650001525878906,33818,0.0,0.0,0.0
2023-11-10 13:30:00-05:00,36.27000045776367,36.27000045776367,35.939998626708984,36.029998779296875,5502,0.0,0.0,0.0
2023-11-10 14:30:00-05:00,36.16999816894531,36.16999816894531,35.81999969482422,35.81999969482422,7141,0.0,0.0,0.0
2023-11-10 15:30:00-05:00,36.060001373291016,36.15999984741211,35.95000076293945,35.95000076293945,4879,0.0,0.0,0.0
2023-11-13 09:30:00-05:00,35.81999969482422,37.060001373291016,34.22999954223633,34.22999954223633,22740,0.0,0.0,0.0
2023-11-13 10:30:00-05:00,33.630001068115234,33.95000076293945,33.279998779296875,33.31999969482422,9902,0.0,0.0,0.0
2023-11-13 11:30:00-05:00,33.00419998168945,33.369998931884766,32.40999984741211,32.73500061035156,9384,0.0,0.0,0.0
2023-11-13 12:30:00-05:00,33.040000915527344,33.58000183105469,33.040000915527344,33.380001068115234,2666,0.0,0.0,0.0
2023-11-13 13:30:00-05:00,33.290000915527344,33.290000915527344,32.76499938964844,32.76499938964844,1193,0.0,0.0,0.0
2023-11-13 14:30:00-05:00,32.79859924316406,33.26900100708008,32.79859924316406,32.84000015258789,3405,0.0,0.0,0.0
2023-11-13 15:30:00-05:00,32.84000015258789,33.04999923706055,32.84000015258789,33.04999923706055,1217,0.0,0.0,0.0
2023-11-14 09:30:00-05:00,29.65999984741211,30.8700008392334,29.641000747680664,30.389999389648438,64864,0.0,0.0,0.0
2023-11-14 10:30:00-05:00,30.200000762939453,30.200000762939453,29.739999771118164,30.0,8777,0.0,0.0,0.0
2023-11-14 11:30:00-05:00,30.04010009765625,30.209999084472656,29.540000915527344,30.049999237060547,5499,0.0,0.0,0.0
2023-11-14 12:30:00-05:00,29.55900001525879,29.55900001525879,29.323299407958984,29.323299407958984,1261,0.0,0.0,0.0
2023-11-14 13:30:00-05:00,29.290000915527344,29.600000381469727,29.290000915527344,29.600000381469727,2030,0.0,0.0,0.0
2023-11-14 14:30:00-05:00,28.989999771118164,28.989999771118164,28.989999771118164,28.989999771118164,411,0.0,0.0,0.0
2023-11-14 15:30:00-05:00,28.899900436401367,29.15489959716797,28.889999389648438,29.020000457763672,0,0.0,0.0,0.0
2023-11-15 09:30:00-05:00,28.5,28.99180030822754,27.700000762939453,27.899999618530273,33636,0.0,0.0,0.0
2023-11-15 10:30:00-05:00,27.799999237060547,27.799999237060547,26.760000228881836,27.0,10226,0.0,0.0,0.0
2023-11-15 11:30:00-05:00,27.270000457763672,27.878999710083008,27.270000457763672,27.454999923706055,6942,0.0,0.0,0.0
2023-11-15 12:30:00-05:00,27.31999969482422,28.0,27.25,28.0,5229,0.0,0.0,0.0
2023-11-15 13:30:00-05:00,27.639999389648438,27.639999389648438,27.440099716186523,27.440099716186523,1117,0.0,0.0,0.0
2023-11-15 14:30:00-05:00,27.34000015258789,27.43000030517578,27.34000015258789,27.43000030517578,1018,0.0,0.0,0.0
2023-11-15 15:30:00-05:00,27.579999923706055,27.68000030517578,27.57990074157715,27.670000076293945,0,0.0,0.0,0.0
2023-11-16 09:30:00-05:00,28.40999984741211,29.260000228881836,28.291000366210938,28.989999771118164,47325,0.0,0.0,0.0
2023-11-16 10:30:00-05:00,29.270000457763672,29.659000396728516,29.136499404907227,29.139999389648438,12979,0.0,0.0,0.0
2023-11-16 11:30:00-05:00,29.27899932861328,29.5,29.260000228881836,29.260099411010742,4226,0.0,0.0,0.0
2023-11-16 12:30:00-05:00,29.469999313354492,29.766199111938477,29.15999984741211,29.739999771118164,5819,0.0,0.0,0.0
2023-11-16 13:30:00-05:00,30.0,30.389999389648438,29.979999542236328,29.979999542236328,6082,0.0,0.0,0.0
2023-11-16 14:30:00-05:00,29.979999542236328,30.239999771118164,29.979999542236328,30.09000015258789,4614,0.0,0.0,0.0
2023-11-16 15:30:00-05:00,29.979999542236328,29.979999542236328,29.610000610351562,29.809999465942383,0,0.0,0.0,0.0
2023-11-17 09:30:00-05:00,30.329999923706055,31.538999557495117,30.079999923706055,30.16119956970215,52649,0.0,0.0,0.0
2023-11-17 10:30:00-05:00,30.399999618530273,30.469999313354492,29.24180030822754,29.260000228881836,40127,0.0,0.0,0.0
2023-11-17 11:30:00-05:00,29.3799991607666,29.625099182128906,29.299999237060547,29.559999465942383,6859,0.0,0.0,0.0
2023-11-17 12:30:00-05:00,29.510000228881836,29.510000228881836,29.139999389648438,29.159900665283203,5214,0.0,0.0,0.0
2023-11-17 13:30:00-05:00,28.989999771118164,29.559999465942383,28.81999969482422,29.5,9687,0.0,0.0,0.0
2023-11-17 14:30:00-05:00,29.75,29.799999237060547,29.368000030517578,29.420000076293945,5922,0.0,0.0,0.0
2023-11-17 15:30:00-05:00,29.610000610351562,29.6200008392334,29.540000915527344,29.540000915527344,1090,0.0,0.0,0.0
2023-11-20 09:30:00-05:00,30.274999618530273,30.329999923706055,29.290000915527344,29.8799991607666,25309,0.0,0.0,0.0
2023-11-20 10:30:00-05:00,30.010000228881836,30.010000228881836,29.489999771118164,29.489999771118164,486,0.0,0.0,0.0
2023-11-20 11:30:00-05:00,29.59000015258789,29.74839973449707,29.459999084472656,29.74839973449707,2956,0.0,0.0,0.0
2023-11-20 12:30:00-05:00,29.84000015258789,29.8700008392334,29.549999237060547,29.709999084472656,2312,0.0,0.0,0.0
2023-11-20 13:30:00-05:00,29.6299991607666,29.729999542236328,29.559999465942383,29.559999465942383,870,0.0,0.0,0.0
2023-11-20 14:30:00-05:00,29.309999465942383,29.309999465942383,29.0,29.0,3397,0.0,0.0,0.0
2023-11-20 15:30:00-05:00,29.138999938964844,29.290000915527344,29.138999938964844,29.239999771118164,0,0.0,0.0,0.0
2023-11-21 09:30:00-05:00,28.94529914855957,28.94529914855957,27.329999923706055,27.80500030517578,28259,0.0,0.0,0.0
2023-11-21 10:30:00-05:00,28.040000915527344,28.040000915527344,27.888999938964844,27.888999938964844,3739,0.0,0.0,0.0
2023-11-21 11:30:00-05:00,27.690000534057617,27.700000762939453,27.690000534057617,27.700000762939453,655,0.0,0.0,0.0
2023-11-21 12:30:00-05:00,27.850000381469727,28.200000762939453,27.850000381469727,28.200000762939453,3146,0.0,0.0,0.0
2023-11-21 13:30:00-05:00,27.940000534057617,27.940000534057617,27.764999389648438,27.764999389648438,8231,0.0,0.0,0.0
2023-11-21 14:30:00-05:00,27.889999389648438,27.889999389648438,27.889999389648438,27.889999389648438,167,0.0,0.0,0.0
2023-11-21 15:30:00-05:00,27.7549991607666,27.8799991607666,27.739999771118164,27.8799991607666,0,0.0,0.0,0.0
2023-11-22 09:30:00-05:00,27.829999923706055,29.799999237060547,27.40999984741211,29.700000762939453,26018,0.0,0.0,0.0
2023-11-22 10:30:00-05:00,29.170000076293945,30.10099983215332,29.079999923706055,30.10099983215332,17584,0.0,0.0,0.0
2023-11-22 11:30:00-05:00,30.059999465942383,30.06999969482422,29.709999084472656,29.920000076293945,3352,0.0,0.0,0.0
2023-11-22 12:30:00-05:00,29.979999542236328,30.040000915527344,29.649999618530273,29.670000076293945,3372,0.0,0.0,0.0
2023-11-22 13:30:00-05:00,29.540000915527344,29.770000457763672,29.450000762939453,29.770000457763672,1621,0.0,0.0,0.0
2023-11-22 14:30:00-05:00,29.84000015258789,30.110000610351562,29.75,29.809999465942383,14129,0.0,0.0,0.0
2023-11-22 15:30:00-05:00,29.674100875854492,29.674100875854492,29.5,29.5,327,0.0,0.0,0.0
2023-11-24 09:30:00-05:00,29.904300689697266,29.904300689697266,29.729999542236328,29.729999542236328,943,0.0,0.0,0.0
2023-11-24 10:30:00-05:00,29.198200225830078,29.198200225830078,27.75149917602539,27.75149917602539,1080,0.0,0.0,0.0
2023-11-27 09:30:00-05:00,28.940000534057617,29.8799991607666,28.829999923706055,29.420000076293945,11427,0.0,0.0,0.0
2023-11-27 10:30:00-05:00,29.260000228881836,29.260000228881836,29.260000228881836,29.260000228881836,620,0.0,0.0,0.0
2023-11-27 11:30:00-05:00,29.390100479125977,29.390100479125977,28.951499938964844,28.951499938964844,1016,0.0,0.0,0.0
2023-11-27 12:30:00-05:00,28.899999618530273,28.907699584960938,28.600000381469727,28.600000381469727,3445,0.0,0.0,0.0
2023-11-27 13:30:00-05:00,28.941200256347656,28.941200256347656,28.941200256347656,28.941200256347656,124,0.0,0.0,0.0
2023-11-27 14:30:00-05:00,28.7362003326416,28.7362003326416,28.7362003326416,28.7362003326416,549,0.0,0.0,0.0
2023-11-27 15:30:00-05:00,29.020000457763672,29.139999389648438,29.020000457763672,29.059999465942383,0,0.0,0.0,0.0
2023-11-28 09:30:00-05:00,28.739999771118164,29.420000076293945,28.700000762939453,29.200000762939453,5259,0.0,0.0,0.0
2023-11-28 10:30:00-05:00,29.579999923706055,29.579999923706055,27.891000747680664,27.892099380493164,11771,0.0,0.0,0.0
2023-11-28 11:30:00-05:00,27.650999069213867,27.729999542236328,27.450000762939453,27.489999771118164,12208,0.0,0.0,0.0
2023-11-28 12:30:00-05:00,27.489999771118164,27.600000381469727,27.34000015258789,27.34000015258789,1610,0.0,0.0,0.0
2023-11-28 13:30:00-05:00,27.0,27.010000228881836,26.858999252319336,26.920000076293945,6094,0.0,0.0,0.0
2023-11-28 14:30:00-05:00,26.770099639892578,26.8799991607666,26.610000610351562,26.860000610351562,8418,0.0,0.0,0.0
2023-11-28 15:30:00-05:00,26.790000915527344,26.790000915527344,26.420000076293945,26.420000076293945,0,0.0,0.0,0.0
2023-11-29 09:30:00-05:00,25.969999313354492,26.209999084472656,25.254499435424805,25.457000732421875,16713,0.0,0.0,0.0
2023-11-29 10:30:00-05:00,25.56999969482422,26.70009994506836,25.56999969482422,26.70009994506836,4799,0.0,0.0,0.0
2023-11-29 11:30:00-05:00,26.700000762939453,26.700000762939453,26.05500030517578,26.059999465942383,18642,0.0,0.0,0.0
2023-11-29 12:30:00-05:00,26.1200008392334,26.469999313354492,26.09000015258789,26.469999313354492,2795,0.0,0.0,0.0
2023-11-29 13:30:00-05:00,26.448999404907227,26.65999984741211,26.448999404907227,26.469999313354492,10080,0.0,0.0,0.0
2023-11-29 14:30:00-05:00,26.670000076293945,27.274999618530273,26.670000076293945,27.274999618530273,6994,0.0,0.0,0.0
2023-11-29 15:30:00-05:00,27.239999771118164,27.239999771118164,27.030000686645508,27.030000686645508,0,0.0,0.0,0.0
2023-11-30 09:30:00-05:00,27.170000076293945,28.010000228881836,27.149999618530273,27.239999771118164,25591,0.0,0.0,0.0
2023-11-30 10:30:00-05:00,27.15999984741211,28.0,27.15999984741211,28.0,6219,0.0,0.0,0.0
2023-11-30 11:30:00-05:00,28.0,28.100000381469727,27.719999313354492,27.979999542236328,10209,0.0,0.0,0.0
2023-11-30 12:30:00-05:00,27.90999984741211,28.010000228881836,27.719999313354492,28.010000228881836,1804,0.0,0.0,0.0
2023-11-30 13:30:00-05:00,28.260000228881836,28.339599609375,27.959999084472656,27.979999542236328,5309,0.0,0.0,0.0
2023-11-30 14:30:00-05:00,28.010000228881836,28.25,27.65559959411621,28.190000534057617,4936,0.0,0.0,0.0
2023-11-30 15:30:00-05:00,27.989999771118164,28.440000534057617,27.889999389648438,27.950000762939453,0,0.0,0.0,0.0
2023-12-01 09:30:00-05:00,29.6299991607666,29.851999282836914,28.8700008392334,29.4689998626709,29448,0.0,0.0,0.0
2023-12-01 10:30:00-05:00,29.552499771118164,29.559999465942383,28.532499313354492,28.6200008392334,9410,0.0,0.0,0.0
2023-12-01 11:30:00-05:00,28.770200729370117,28.770200729370117,28.154399871826172,28.25,9249,0.0,0.0,0.0
2023-12-01 12:30:00-05:00,28.0,28.22100067138672,27.940000534057617,28.22100067138672,2722,0.0,0.0,0.0
2023-12-01 13:30:00-05:00,28.225000381469727,28.578399658203125,28.225000381469727,28.520000457763672,5444,0.0,0.0,0.0
2023-12-01 14:30:00-05:00,28.540000915527344,28.540000915527344,28.25,28.309999465942383,4618,0.0,0.0,0.0
2023-12-01 15:30:00-05:00,28.295799255371094,28.40999984741211,28.25,28.290000915527344,3204,0.0,0.0,0.0
2023-12-04 09:30:00-05:00,28.8799991607666,29.200000762939453,28.18000030517578,29.0,21614,0.0,0.0,0.0
2023-12-04 10:30:00-05:00,28.889999389648438,29.450000762939453,28.889999389648438,29.218000411987305,11095,0.0,0.0,0.0
2023-12-04 11:30:00-05:00,29.06999969482422,29.06999969482422,28.6299991607666,28.670000076293945,3773,0.0,0.0,0.0
2023-12-04 12:30:00-05:00,28.549999237060547,28.759000778198242,28.440000534057617,28.759000778198242,12986,0.0,0.0,0.0
2023-12-04 13:30:00-05:00,28.81999969482422,28.93899917602539,28.700000762939453,28.700000762939453,4219,0.0,0.0,0.0
2023-12-04 14:30:00-05:00,28.719999313354492,28.940000534057617,28.68000030517578,28.940000534057617,1976,0.0,0.0,0.0
2023-12-04 15:30:00-05:00,28.875,29.06999969482422,28.700000762939453,29.0,0,0.0,0.0,0.0
2023-12-05 09:30:00-05:00,29.43000030517578,29.43000030517578,27.280000686645508,27.3799991607666,18667,0.0,0.0,0.0
2023-12-05 10:30:00-05:00,27.34000015258789,27.34000015258789,26.350000381469727,26.799999237060547,36897,0.0,0.0,0.0
2023-12-05 11:30:00-05:00,27.149999618530273,27.219499588012695,27.100000381469727,27.149999618530273,2425,0.0,0.0,0.0
2023-12-05 12:30:00-05:00,27.391199111938477,28.020000457763672,27.360000610351562,27.740100860595703,16437,0.0,0.0,0.0
2023-12-05 13:30:00-05:00,28.170000076293945,28.499300003051758,28.149999618530273,28.170000076293945,14443,0.0,0.0,0.0
2023-12-05 14:30:00-05:00,28.079999923706055,28.079999923706055,28.049999237060547,28.049999237060547,804,0.0,0.0,0.0
2023-12-05 15:30:00-05:00,28.329999923706055,28.34000015258789,28.239999771118164,28.34000015258789,413,0.0,0.0,0.0
2023-12-06 09:30:00-05:00,26.899999618530273,27.6200008392334,26.600000381469727,27.6200008392334,18696,0.0,0.0,0.0
2023-12-06 10:30:00-05:00,27.200000762939453,27.200000762939453,26.795000076293945,26.799999237060547,3319,0.0,0.0,0.0
2023-12-06 11:30:00-05:00,27.049999237060547,27.209999084472656,27.049999237060547,27.18000030517578,4769,0.0,0.0,0.0
2023-12-06 12:30:00-05:00,26.834999084472656,27.25,26.469999313354492,27.25,9456,0.0,0.0,0.0
2023-12-06 13:30:00-05:00,27.5,27.545000076293945,27.5,27.545000076293945,1593,0.0,0.0,0.0
2023-12-06 14:30:00-05:00,27.540000915527344,28.010000228881836,27.221200942993164,28.010000228881836,3482,0.0,0.0,0.0
2023-12-06 15:30:00-05:00,28.059999465942383,28.170000076293945,28.059999465942383,28.079999923706055,0,0.0,0.0,0.0
2023-12-07 09:30:00-05:00,27.709999084472656,28.579999923706055,27.709999084472656,28.049999237060547,16205,0.0,0.0,0.0
2023-12-07 10:30:00-05:00,28.100000381469727,28.100000381469727,27.302000045776367,27.552600860595703,4050,0.0,0.0,0.0
2023-12-07 11:30:00-05:00,27.505300521850586,27.505300521850586,27.505300521850586,27.505300521850586,2138,0.0,0.0,0.0
2023-12-07 12:30:00-05:00,27.93000030517578,28.045000076293945,27.68670082092285,27.68670082092285,3037,0.0,0.0,0.0
2023-12-07 13:30:00-05:00,27.7189998626709,27.7189998626709,27.7189998626709,27.7189998626709,887,0.0,0.0,0.0
2023-12-07 14:30:00-05:00,27.729999542236328,27.809999465942383,27.729999542236328,27.809999465942383,996,0.0,0.0,0.0
2023-12-07 15:30:00-05:00,27.450000762939453,27.450000762939453,27.31999969482422,27.31999969482422,0,0.0,0.0,0.0
2023-12-08 09:30:00-05:00,27.989999771118164,27.989999771118164,27.0,27.0,7756,0.0,0.0,0.0
2023-12-08 10:30:00-05:00,27.15999984741211,27.16950035095215,27.1200008392334,27.1299991607666,3341,0.0,0.0,0.0
2023-12-08 11:30:00-05:00,27.5,27.80900001525879,27.5,27.577499389648438,3174,0.0,0.0,0.0
2023-12-08 12:30:00-05:00,27.809999465942383,27.809999465942383,27.52720069885254,27.52720069885254,2147,0.0,0.0,0.0
2023-12-08 13:30:00-05:00,27.31170082092285,27.31170082092285,26.969999313354492,27.07990074157715,4470,0.0,0.0,0.0
2023-12-08 14:30:00-05:00,27.059999465942383,27.190000534057617,26.93000030517578,27.18000030517578,5661,0.0,0.0,0.0
2023-12-08 15:30:00-05:00,27.079999923706055,27.079999923706055,27.06999969482422,27.06999969482422,3270,0.0,0.0,0.0
2023-12-11 09:30:00-05:00,27.628999710083008,27.90999984741211,27.440000534057617,27.889999389648438,7940,0.0,0.0,0.0
2023-12-11 10:30:00-05:00,28.040000915527344,28.040000915527344,27.639999389648438,27.979999542236328,7699,0.0,0.0,0.0
2023-12-11 11:30:00-05:00,28.354999542236328,28.510000228881836,28.25,28.260000228881836,1468,0.0,0.0,0.0
2023-12-11 12:30:00-05:00,28.190000534057617,28.229999542236328,28.084199905395508,28.229999542236328,4025,0.0,0.0,0.0
2023-12-11 13:30:00-05:00,28.21500015258789,28.389999389648438,27.968700408935547,27.968700408935547,3897,0.0,0.0,0.0
2023-12-11 15:30:00-05:00,28.059999465942383,28.110000610351562,27.979999542236328,27.979999542236328,0,0.0,0.0,0.0
2023-12-12 09:30:00-05:00,28.559999465942383,29.299999237060547,28.559999465942383,28.719999313354492,8953,0.0,0.0,0.0
2023-12-12 10:30:00-05:00,28.799999237060547,29.200000762939453,28.799999237060547,29.200000762939453,2977,0.0,0.0,0.0
2023-12-12 12:30:00-05:00,28.979999542236328,29.1200008392334,28.979999542236328,29.1200008392334,1720,0.0,0.0,0.0
2023-12-12 13:30:00-05:00,28.93000030517578,28.93000030517578,28.93000030517578,28.93000030517578,853,0.0,0.0,0.0
2023-12-12 14:30:00-05:00,28.795000076293945,28.795000076293945,28.6299991607666,28.690000534057617,2175,0.0,0.0,0.0
2023-12-12 15:30:00-05:00,28.790000915527344,28.799999237060547,28.729999542236328,28.799999237060547,0,0.0,0.0,0.0
2023-12-13 09:30:00-05:00,29.1200008392334,29.834999084472656,28.799999237060547,29.540000915527344,140306,0.0,0.0,0.0
2023-12-13 10:30:00-05:00,29.520000457763672,30.86039924621582,29.520000457763672,30.559999465942383,6536,0.0,0.0,0.0
2023-12-13 11:30:00-05:00,30.540000915527344,30.582000732421875,30.290000915527344,30.290000915527344,40389,0.0,0.0,0.0
2023-12-13 12:30:00-05:00,30.3700008392334,30.3700008392334,30.146499633789062,30.16469955444336,6766,0.0,0.0,0.0
2023-12-13 13:30:00-05:00,30.280000686645508,30.399999618530273,29.450000762939453,29.650999069213867,9497,0.0,0.0,0.0
2023-12-13 14:30:00-05:00,29.43000030517578,29.600000381469727,28.079999923706055,28.81999969482422,157765,0.0,0.0,0.0
2023-12-13 15:30:00-05:00,28.729999542236328,28.729999542236328,28.190000534057617,28.200000762939453,0,0.0,0.0,0.0
2023-12-14 09:30:00-05:00,27.68000030517578,27.68000030517578,26.18000030517578,26.415000915527344,66716,0.0,0.0,0.0
2023-12-14 10:30:00-05:00,26.360000610351562,26.420000076293945,25.68000030517578,26.030000686645508,13376,0.0,0.0,0.0
2023-12-14 11:30:00-05:00,26.0,26.010000228881836,25.219999313354492,25.219999313354492,60464,0.0,0.0,0.0
2023-12-14 12:30:00-05:00,25.110000610351562,25.670000076293945,24.709999084472656,25.6200008392334,23304,0.0,0.0,0.0
2023-12-14 13:30:00-05:00,25.450000762939453,26.174999237060547,25.450000762939453,25.700000762939453,53987,0.0,0.0,0.0
2023-12-14 14:30:00-05:00,25.6200008392334,25.6200008392334,25.15999984741211,25.15999984741211,19071,0.0,0.0,0.0
2023-12-14 15:30:00-05:00,25.309999465942383,25.600000381469727,25.299999237060547,25.399999618530273,0,0.0,0.0,0.0
2023-12-15 09:30:00-05:00,25.209999084472656,25.762300491333008,25.010000228881836,25.010000228881836,18962,0.0,0.0,0.0
2023-12-15 10:30:00-05:00,25.030000686645508,25.299999237060547,25.030000686645508,25.149999618530273,10587,0.0,0.0,0.0
2023-12-15 11:30:00-05:00,25.360000610351562,25.360000610351562,24.959999084472656,24.959999084472656,2286,0.0,0.0,0.0
2023-12-15 12:30:00-05:00,24.899999618530273,25.149999618530273,24.899999618530273,25.0,10329,0.0,0.0,0.0
2023-12-15 13:30:00-05:00,25.049999237060547,25.309999465942383,25.049999237060547,25.280000686645508,2199,0.0,0.0,0.0
2023-12-15 14:30:00-05:00,25.31999969482422,25.31999969482422,25.149999618530273,25.18000030517578,1109,0.0,0.0,0.0
2023-12-15 15:30:00-05:00,25.15410041809082,25.15410041809082,24.787500381469727,24.959999084472656,3625,0.0,0.0,0.0
2023-12-18 09:30:00-05:00,24.8700008392334,25.0,23.90999984741211,23.989999771118164,44232,0.0,0.0,0.0
2023-12-18 10:30:00-05:00,24.06999969482422,24.519800186157227,24.06999969482422,24.24850082397461,25072,0.0,0.0,0.0
2023-12-18 11:30:00-05:00,24.40999984741211,24.893400192260742,24.3799991607666,24.829999923706055,13524,0.0,0.0,0.0
2023-12-18 12:30:00-05:00,24.639999389648438,24.729999542236328,24.534700393676758,24.729999542236328,9751,0.0,0.0,0.0
2023-12-18 13:30:00-05:00,24.829999923706055,25.010000228881836,24.576400756835938,25.010000228881836,4777,0.0,0.0,0.0
2023-12-18 14:30:00-05:00,25.049999237060547,25.098899841308594,24.940000534057617,25.098899841308594,10934,0.0,0.0,0.0
2023-12-18 15:30:00-05:00,25.059999465942383,25.260000228881836,25.059999465942383,25.174100875854492,0,0.0,0.0,0.0
2023-12-19 09:30:00-05:00,24.93000030517578,24.93000030517578,24.28580093383789,24.299999237060547,30638,0.0,0.0,0.0
2023-12-19 10:30:00-05:00,24.25,24.34000015258789,23.979999542236328,23.989999771118164,43597,0.0,0.0,0.0
2023-12-19 11:30:00-05:00,24.22960090637207,24.49570083618164,24.15999984741211,24.358200073242188,5785,0.0,0.0,0.0
2023-12-19 12:30:00-05:00,24.3700008392334,24.6200008392334,24.3700008392334,24.533000946044922,13484,0.0,0.0,0.0
2023-12-19 13:30:00-05:00,24.360000610351562,24.549999237060547,24.260000228881836,24.399999618530273,12107,0.0,0.0,0.0
2023-12-19 14:30:00-05:00,24.409900665283203,24.450000762939453,24.260000228881836,24.3799991607666,6460,0.0,0.0,0.0
2023-12-19 15:30:00-05:00,24.34000015258789,24.350000381469727,24.200000762939453,24.209999084472656,0,0.0,0.0,0.0
2023-12-20 09:30:00-05:00,24.34000015258789,24.5,23.650800704956055,23.809999465942383,68652,0.0,0.0,0.0
2023-12-20 10:30:00-05:00,23.8700008392334,24.152999877929688,23.8700008392334,24.152999877929688,1414,0.0,0.0,0.0
2023-12-20 11:30:00-05:00,24.201000213623047,24.350000381469727,24.165000915527344,24.350000381469727,4023,0.0,0.0,0.0
2023-12-20 12:30:00-05:00,24.47949981689453,24.47949981689453,24.219999313354492,24.219999313354492,4816,0.0,0.0,0.0
2023-12-20 13:30:00-05:00,24.170000076293945,24.62849998474121,24.145000457763672,24.62849998474121,14501,0.0,0.0,0.0
2023-12-20 14:30:00-05:00,24.620100021362305,25.950000762939453,24.620100021362305,25.670000076293945,79333,0.0,0.0,0.0
2023-12-20 15:30:00-05:00,25.70840072631836,26.020000457763672,25.6112003326416,25.979999542236328,0,0.0,0.0,0.0
2023-12-21 09:30:00-05:00,25.079999923706055,25.747299194335938,24.700000762939453,25.34000015258789,48739,0.0,0.0,0.0
2023-12-21 10:30:00-05:00,25.25,25.440000534057617,24.850000381469727,24.850000381469727,2873,0.0,0.0,0.0
2023-12-21 11:30:00-05:00,24.829999923706055,25.260000228881836,24.700000762939453,25.1200008392334,11073,0.0,0.0,0.0
2023-12-21 12:30:00-05:00,25.10099983215332,25.399999618530273,25.10099983215332,25.239999771118164,1807,0.0,0.0,0.0
2023-12-21 13:30:00-05:00,24.969999313354492,24.969999313354492,24.75,24.75,8467,0.0,0.0,0.0
2023-12-21 14:30:00-05:00,24.809999465942383,24.829999923706055,24.5,24.5,11881,0.0,0.0,0.0
2023-12-21 15:30:00-05:00,24.5,24.6299991607666,24.469999313354492,24.469999313354492,0,0.0,0.0,0.0
2023-12-22 09:30:00-05:00,24.190000534057617,24.190000534057617,23.809999465942383,24.110000610351562,36314,0.0,0.0,0.0
2023-12-22 10:30:00-05:00,24.260000228881836,24.510000228881836,24.174999237060547,24.510000228881836,4403,0.0,0.0,0.0
2023-12-22 11:30:00-05:00,24.31999969482422,24.31999969482422,24.200000762939453,24.200000762939453,1699,0.0,0.0,0.0
2023-12-22 12:30:00-05:00,24.219999313354492,24.219999313354492,24.219999313354492,24.219999313354492,458,0.0,0.0,0.0
2023-12-22 13:30:00-05:00,24.450000762939453,24.719999313354492,24.440000534057617,24.649799346923828,4800,0.0,0.0,0.0
2023-12-22 14:30:00-05:00,24.927000045776367,24.927000045776367,24.809999465942383,24.809999465942383,13743,0.0,0.0,0.0
2023-12-22 15:30:00-05:00,24.8799991607666,24.90999984741211,24.860000610351562,24.886999130249023,2011,0.0,0.0,0.0
2023-12-26 09:30:00-05:00,21.739999771118164,22.040000915527344,21.479999542236328,21.479999542236328,75082,0.0,0.0,0.0
2023-12-26 10:30:00-05:00,21.519800186157227,21.55900001525879,21.36910057067871,21.438400268554688,27285,0.0,0.0,0.0
2023-12-26 11:30:00-05:00,21.479999542236328,21.549999237060547,21.350000381469727,21.43000030517578,9810,0.0,0.0,0.0
2023-12-26 12:30:00-05:00,21.312700271606445,21.454999923706055,21.290000915527344,21.40999984741211,5846,0.0,0.0,0.0
2023-12-26 13:30:00-05:00,21.299999237060547,21.30900001525879,21.280000686645508,21.299999237060547,2831,0.0,0.0,0.0
2023-12-26 14:30:00-05:00,21.3174991607666,21.51300048828125,21.31679916381836,21.43000030517578,11351,0.0,0.0,0.0
2023-12-26 15:30:00-05:00,21.420000076293945,21.5,21.399999618530273,21.479999542236328,0,0.0,0.0,0.0
2023-12-27 09:30:00-05:00,21.170000076293945,21.190000534057617,20.34000015258789,20.415700912475586,84834,0.0,0.0,0.0
2023-12-27 10:30:00-05:00,20.3882999420166,20.700000762939453,20.3882999420166,20.520000457763672,12914,0.0,0.0,0.0
2023-12-27 11:30:00-05:00,20.479999542236328,20.510000228881836,20.399999618530273,20.459999084472656,9543,0.0,0.0,0.0
2023-12-27 12:30:00-05:00,20.5,20.5,20.459999084472656,20.459999084472656,2294,0.0,0.0,0.0
2023-12-27 13:30:00-05:00,20.360000610351562,20.549999237060547,20.35140037536621,20.549999237060547,4926,0.0,0.0,0.0
2023-12-27 14:30:00-05:00,20.510000228881836,20.709999084472656,20.509000778198242,20.709999084472656,8957,0.0,0.0,0.0
2023-12-27 15:30:00-05:00,20.75,20.75,20.610000610351562,20.65999984741211,0,0.0,0.0,0.0
2023-12-28 09:30:00-05:00,20.1299991607666,20.8799991607666,20.1299991607666,20.75,16712,0.0,0.0,0.0
2023-12-28 10:30:00-05:00,20.730100631713867,21.079999923706055,20.5935001373291,21.079999923706055,15805,0.0,0.0,0.0
2023-12-28 11:30:00-05:00,21.06999969482422,21.110000610351562,20.990999221801758,21.0,12739,0.0,0.0,0.0
2023-12-28 12:30:00-05:00,21.0,21.34000015258789,20.979999542236328,21.34000015258789,3516,0.0,0.0,0.0
2023-12-28 13:30:00-05:00,21.350000381469727,21.549999237060547,21.321699142456055,21.4950008392334,15805,0.0,0.0,0.0
2023-12-28 14:30:00-05:00,21.639999389648438,21.989900588989258,21.600000381469727,21.81999969482422,12272,0.0,0.0,0.0
2023-12-28 15:30:00-05:00,21.770000457763672,21.993999481201172,21.75,21.920000076293945,0,0.0,0.0,0.0
2023-12-29 09:30:00-05:00,21.670000076293945,22.18899917602539,21.670000076293945,21.950000762939453,25168,0.0,0.0,0.0
2023-12-29 10:30:00-05:00,22.350000381469727,22.899999618530273,22.329999923706055,22.899999618530273,31379,0.0,0.0,0.0
2023-12-29 11:30:00-05:00,22.899999618530273,22.899999618530273,22.530000686645508,22.700000762939453,27299,0.0,0.0,0.0
2023-12-29 12:30:00-05:00,22.65999984741211,22.760000228881836,22.510000228881836,22.510000228881836,8449,0.0,0.0,0.0
2023-12-29 13:30:00-05:00,22.399999618530273,22.55500030517578,22.329999923706055,22.55500030517578,3345,0.0,0.0,0.0
2023-12-29 14:30:00-05:00,22.510000228881836,22.510000228881836,22.375999450683594,22.469999313354492,4126,0.0,0.0,0.0
2023-12-29 15:30:00-05:00,22.510000228881836,22.780000686645508,22.510000228881836,22.719999313354492,50882,0.0,0.0,0.0
2024-01-02 09:30:00-05:00,22.43000030517578,23.49250030517578,22.354999542236328,22.59000015258789,91292,0.0,0.0,0.0
2024-01-02 10:30:00-05:00,22.709999084472656,23.030000686645508,22.510000228881836,22.549999237060547,20153,0.0,0.0,0.0
2024-01-02 11:30:00-05:00,22.459999084472656,22.8700008392334,22.40999984741211,22.829999923706055,17856,0.0,0.0,0.0
2024-01-02 12:30:00-05:00,22.719999313354492,23.049999237060547,22.68000030517578,22.75,7011,0.0,0.0,0.0
2024-01-02 13:30:00-05:00,22.709999084472656,22.959999084472656,22.709999084472656,22.850000381469727,3345,0.0,0.0,0.0
2024-01-02 14:30:00-05:00,22.897300720214844,23.099899291992188,22.850000381469727,23.039400100708008,4181,0.0,0.0,0.0
2024-01-02 15:30:00-05:00,23.07699966430664,23.200000762939453,22.81209945678711,22.81209945678711,0,0.0,0.0,0.0
2024-01-03 09:30:00-05:00,23.350000381469727,24.959999084472656,23.305299758911133,24.690000534057617,78600,0.0,0.0,0.0
2024-01-03 10:30:00-05:00,24.639999389648438,24.81999969482422,24.309999465942383,24.49020004272461,36240,0.0,0.0,0.0
2024-01-03 11:30:00-05:00,24.485000610351562,24.510000228881836,24.219999313354492,24.280000686645508,16228,0.0,0.0,0.0
2024-01-03 12:30:00-05:00,24.31999969482422,24.31999969482422,24.10849952697754,24.280000686645508,10824,0.0,0.0,0.0
2024-01-03 13:30:00-05:00,24.329999923706055,24.459999084472656,24.079999923706055,24.1200008392334,12976,0.0,0.0,0.0
2024-01-03 14:30:00-05:00,24.09000015258789,24.549999237060547,24.09000015258789,24.549999237060547,3643,0.0,0.0,0.0
2024-01-03 15:30:00-05:00,24.499000549316406,24.690000534057617,24.499000549316406,24.670000076293945,0,0.0,0.0,0.0
2024-01-04 09:30:00-05:00,24.489999771118164,24.760000228881836,24.059999465942383,24.280000686645508,28706,0.0,0.0,0.0
2024-01-04 10:30:00-05:00,23.969999313354492,24.000200271606445,23.799999237060547,23.932600021362305,5236,0.0,0.0,0.0
2024-01-04 11:30:00-05:00,24.1299991607666,24.34000015258789,24.1299991607666,24.34000015258789,1344,0.0,0.0,0.0
2024-01-04 12:30:00-05:00,24.030000686645508,24.200000762939453,24.010000228881836,24.145000457763672,2127,0.0,0.0,0.0
2024-01-04 13:30:00-05:00,24.040000915527344,24.3700008392334,24.040000915527344,24.360000610351562,4739,0.0,0.0,0.0
2024-01-04 14:30:00-05:00,24.520000457763672,24.56999969482422,24.291000366210938,24.389999389648438,5724,0.0,0.0,0.0
2024-01-04 15:30:00-05:00,24.305200576782227,24.799999237060547,24.305200576782227,24.700000762939453,0,0.0,0.0,0.0
2024-01-05 09:30:00-05:00,25.030000686645508,25.190000534057617,24.440000534057617,24.440000534057617,35063,0.0,0.0,0.0
2024-01-05 10:30:00-05:00,24.440000534057617,24.579999923706055,24.350000381469727,24.56999969482422,4079,0.0,0.0,0.0
2024-01-05 11:30:00-05:00,24.829999923706055,24.950000762939453,24.829999923706055,24.950000762939453,6826,0.0,0.0,0.0
2024-01-05 12:30:00-05:00,25.040000915527344,25.079999923706055,24.829999923706055,24.850000381469727,2646,0.0,0.0,0.0
2024-01-05 13:30:00-05:00,24.649999618530273,24.649999618530273,24.5,24.5,1831,0.0,0.0,0.0
2024-01-05 14:30:00-05:00,24.850000381469727,24.950000762939453,24.850000381469727,24.91990089416504,2867,0.0,0.0,0.0
2024-01-05 15:30:00-05:00,25.010000228881836,25.010000228881836,24.79010009765625,24.809999465942383,6514,0.0,0.0,0.0
2024-01-08 09:30:00-05:00,25.170000076293945,25.299999237060547,24.5,25.079999923706055,11993,0.0,0.0,0.0
2024-01-08 10:30:00-05:00,24.969999313354492,25.040000915527344,24.719999313354492,24.729999542236328,8720,0.0,0.0,0.0
2024-01-08 11:30:00-05:00,24.68000030517578,24.790000915527344,24.389999389648438,24.399999618530273,860,0.0,0.0,0.0
2024-01-08 12:30:00-05:00,24.46649932861328,24.489999771118164,24.399999618530273,24.450000762939453,5128,0.0,0.0,0.0
2024-01-08 13:30:00-05:00,24.364999771118164,24.440000534057617,24.34000015258789,24.43000030517578,3983,0.0,0.0,0.0
2024-01-08 14:30:00-05:00,24.350000381469727,24.350000381469727,24.109699249267578,24.109699249267578,6662,0.0,0.0,0.0
2024-01-08 15:30:00-05:00,24.229999542236328,24.270000457763672,24.12019920349121,24.190000534057617,0,0.0,0.0,0.0
2024-01-09 09:30:00-05:00,24.729999542236328,25.91990089416504,24.729999542236328,25.91990089416504,31254,0.0,0.0,0.0
2024-01-09 10:30:00-05:00,25.81999969482422,25.81999969482422,25.33799934387207,25.420000076293945,6591,0.0,0.0,0.0
2024-01-09 11:30:00-05:00,25.520599365234375,25.600000381469727,25.290000915527344,25.350000381469727,8878,0.0,0.0,0.0
2024-01-09 12:30:00-05:00,25.360000610351562,25.5216007232666,25.272600173950195,25.399999618530273,7581,0.0,0.0,0.0
2024-01-09 13:30:00-05:00,25.540000915527344,25.67009925842285,25.510000228881836,25.510000228881836,2970,0.0,0.0,0.0
2024-01-09 14:30:00-05:00,25.43000030517578,25.43000030517578,25.43000030517578,25.43000030517578,262,0.0,0.0,0.0
2024-01-09 15:30:00-05:00,25.395000457763672,25.420000076293945,25.322999954223633,25.329999923706055,0,0.0,0.0,0.0
2024-01-10 09:30:00-05:00,25.239999771118164,26.05419921875,25.239999771118164,25.809999465942383,33267,0.0,0.0,0.0
2024-01-10 10:30:00-05:00,25.59000015258789,25.689599990844727,25.350000381469727,25.689599990844727,8779,0.0,0.0,0.0
2024-01-10 11:30:00-05:00,25.738300323486328,25.84000015258789,25.738300323486328,25.760000228881836,990,0.0,0.0,0.0
2024-01-10 12:30:00-05:00,25.864999771118164,25.90999984741211,25.742399215698242,25.90999984741211,1599,0.0,0.0,0.0
2024-01-10 14:30:00-05:00,25.436500549316406,25.436500549316406,25.436500549316406,25.436500549316406,685,0.0,0.0,0.0
2024-01-10 15:30:00-05:00,25.600000381469727,25.600000381469727,25.540000915527344,25.540000915527344,0,0.0,0.0,0.0
2024-01-11 09:30:00-05:00,26.420000076293945,27.25,26.420000076293945,26.842500686645508,25037,0.0,0.0,0.0
2024-01-11 10:30:00-05:00,26.899999618530273,27.40999984741211,26.899999618530273,27.3085994720459,12200,0.0,0.0,0.0
2024-01-11 11:30:00-05:00,27.25,27.280000686645508,27.18000030517578,27.239999771118164,4137,0.0,0.0,0.0
2024-01-11 12:30:00-05:00,27.29010009765625,27.29010009765625,27.040000915527344,27.049999237060547,2064,0.0,0.0,0.0
2024-01-11 13:30:00-05:00,26.920000076293945,26.920000076293945,26.920000076293945,26.920000076293945,610,0.0,0.0,0.0
2024-01-11 14:30:00-05:00,26.841100692749023,26.940000534057617,26.799999237060547,26.829999923706055,1935,0.0,0.0,0.0
2024-01-11 15:30:00-05:00,27.05900001525879,27.14739990234375,27.030000686645508,27.058000564575195,0,0.0,0.0,0.0
2024-01-12 09:30:00-05:00,28.81999969482422,28.81999969482422,27.57979965209961,28.420000076293945,98685,0.0,0.0,0.0
2024-01-12 10:30:00-05:00,28.270000457763672,28.719999313354492,28.229999542236328,28.31999969482422,21151,0.0,0.0,0.0
2024-01-12 11:30:00-05:00,28.530000686645508,29.449899673461914,28.530000686645508,29.149999618530273,16414,0.0,0.0,0.0
2024-01-12 12:30:00-05:00,29.1200008392334,29.149999618530273,28.895000457763672,28.950000762939453,5310,0.0,0.0,0.0
2024-01-12 13:30:00-05:00,29.239999771118164,29.290000915527344,29.084999084472656,29.290000915527344,14163,0.0,0.0,0.0
2024-01-12 14:30:00-05:00,29.350000381469727,29.399999618530273,29.1200008392334,29.1200008392334,5742,0.0,0.0,0.0
2024-01-12 15:30:00-05:00,29.110000610351562,29.110000610351562,28.989999771118164,29.030000686645508,5501,0.0,0.0,0.0
2024-01-16 09:30:00-05:00,30.1200008392334,30.8700008392334,27.93000030517578,27.950000762939453,145361,0.0,0.0,0.0
2024-01-16 10:30:00-05:00,28.030000686645508,28.799999237060547,27.93000030517578,28.389999389648438,26606,0.0,0.0,0.0
2024-01-16 11:30:00-05:00,28.3799991607666,29.09000015258789,28.3799991607666,29.040000915527344,7996,0.0,0.0,0.0
2024-01-16 12:30:00-05:00,28.8700008392334,28.889999389648438,28.56999969482422,28.56999969482422,4868,0.0,0.0,0.0
2024-01-16 13:30:00-05:00,28.769699096679688,28.780000686645508,28.67569923400879,28.769500732421875,5622,0.0,0.0,0.0
2024-01-16 14:30:00-05:00,28.899999618530273,28.899999618530273,28.65999984741211,28.799999237060547,1382,0.0,0.0,0.0
2024-01-16 15:30:00-05:00,28.930299758911133,28.930299758911133,28.770000457763672,28.770000457763672,0,0.0,0.0,0.0
2024-01-17 09:30:00-05:00,30.350000381469727,30.799999237060547,30.010000228881836,30.617000579833984,111555,0.0,0.0,0.0
2024-01-17 10:30:00-05:00,30.6299991607666,30.639999389648438,30.25,30.579999923706055,8663,0.0,0.0,0.0
2024-01-17 11:30:00-05:00,30.579999923706055,30.75,30.350000381469727,30.489999771118164,7840,0.0,0.0,0.0
2024-01-17 12:30:00-05:00,30.59000015258789,30.7814998626709,30.3799991607666,30.739999771118164,14866,0.0,0.0,0.0
2024-01-17 13:30:00-05:00,30.75,30.899999618530273,30.459999084472656,30.459999084472656,18667,0.0,0.0,0.0
2024-01-17 14:30:00-05:00,30.399999618530273,30.440000534057617,30.1200008392334,30.359899520874023,25118,0.0,0.0,0.0
2024-01-17 15:30:00-05:00,30.360000610351562,30.360000610351562,29.920000076293945,29.969999313354492,0,0.0,0.0,0.0
2024-01-18 09:30:00-05:00,29.559999465942383,30.5,29.559999465942383,30.3125,60828,0.0,0.0,0.0
2024-01-18 10:30:00-05:00,30.399999618530273,31.360000610351562,30.399999618530273,31.049999237060547,47191,0.0,0.0,0.0
2024-01-18 11:30:00-05:00,30.860000610351562,31.66990089416504,30.860000610351562,31.336000442504883,15970,0.0,0.0,0.0
2024-01-18 12:30:00-05:00,31.450000762939453,31.860000610351562,31.360000610351562,31.780000686645508,27883,0.0,0.0,0.0
2024-01-18 13:30:00-05:00,31.719999313354492,31.719999313354492,31.25,31.31999969482422,13065,0.0,0.0,0.0
2024-01-18 14:30:00-05:00,31.079999923706055,31.490999221801758,31.0,31.09000015258789,39515,0.0,0.0,0.0
2024-01-18 15:30:00-05:00,31.229999542236328,31.229999542236328,30.979999542236328,30.979999542236328,0,0.0,0.0,0.0
2024-01-19 09:30:00-05:00,31.649999618530273,31.850000381469727,30.65999984741211,31.549999237060547,50792,0.0,0.0,0.0
2024-01-19 10:30:00-05:00,31.549999237060547,32.040000915527344,31.440000534057617,31.656299591064453,45919,0.0,0.0,0.0
2024-01-19 11:30:00-05:00,31.85930061340332,32.21649932861328,31.740100860595703,31.740100860595703,24055,0.0,0.0,0.0
2024-01-19 12:30:00-05:00,31.760000228881836,31.889999389648438,31.399999618530273,31.399999618530273,10563,0.0,0.0,0.0
2024-01-19 13:30:00-05:00,31.389999389648438,31.389999389648438,31.059999465942383,31.149999618530273,33461,0.0,0.0,0.0
2024-01-19 14:30:00-05:00,31.299999237060547,31.329999923706055,30.750999450683594,31.31999969482422,10847,0.0,0.0,0.0
2024-01-19 15:30:00-05:00,31.200000762939453,31.270000457763672,30.889999389648438,30.950000762939453,7966,0.0,0.0,0.0
2024-01-22 09:30:00-05:00,31.0,31.509899139404297,29.3700008392334,30.599899291992188,119047,0.0,0.0,0.0
2024-01-22 10:30:00-05:00,30.77429962158203,31.889999389648438,30.73900032043457,31.790000915527344,40756,0.0,0.0,0.0
2024-01-22 11:30:00-05:00,31.729999542236328,31.88949966430664,31.399999618530273,31.549999237060547,12599,0.0,0.0,0.0
2024-01-22 12:30:00-05:00,31.4950008392334,32.26900100708008,31.4950008392334,32.209999084472656,16286,0.0,0.0,0.0
2024-01-22 13:30:00-05:00,32.20000076293945,32.59000015258789,31.81999969482422,32.47999954223633,88118,0.0,0.0,0.0
2024-01-22 14:30:00-05:00,32.4900016784668,32.540000915527344,31.850000381469727,31.860000610351562,30635,0.0,0.0,0.0
2024-01-22 15:30:00-05:00,31.760000228881836,31.989999771118164,31.71310043334961,31.93000030517578,0,0.0,0.0,0.0
2024-01-23 09:30:00-05:00,31.239999771118164,31.3700008392334,29.899999618530273,31.239999771118164,126139,0.0,0.0,0.0
2024-01-23 10:30:00-05:00,31.20050048828125,31.65999984741211,31.0,31.65999984741211,33209,0.0,0.0,0.0
2024-01-23 11:30:00-05:00,31.858999252319336,31.920000076293945,31.490299224853516,31.90999984741211,66574,0.0,0.0,0.0
2024-01-23 12:30:00-05:00,31.90999984741211,32.040000915527344,31.670000076293945,32.040000915527344,33879,0.0,0.0,0.0
2024-01-23 13:30:00-05:00,32.06999969482422,32.11000061035156,31.770000457763672,31.920000076293945,9586,0.0,0.0,0.0
2024-01-23 14:30:00-05:00,31.950000762939453,32.0,31.670000076293945,31.670000076293945,12034,0.0,0.0,0.0
2024-01-23 15:30:00-05:00,31.8799991607666,32.0,31.760000228881836,31.760000228881836,0,0.0,0.0,0.0
2024-01-24 09:30:00-05:00,30.8700008392334,31.90999984741211,30.799999237060547,31.459999084472656,65020,0.0,0.0,0.0
2024-01-24 10:30:00-05:00,31.11009979248047,31.440000534057617,30.760000228881836,31.280000686645508,18403,0.0,0.0,0.0
2024-01-24 11:30:00-05:00,31.270000457763672,31.309999465942383,31.059999465942383,31.059999465942383,10104,0.0,0.0,0.0
2024-01-24 12:30:00-05:00,31.05500030517578,31.5,31.0,31.299999237060547,23486,0.0,0.0,0.0
2024-01-24 13:30:00-05:00,31.34000015258789,32.06010055541992,31.34000015258789,32.0,25381,0.0,0.0,0.0
2024-01-24 14:30:00-05:00,31.899999618530273,32.470001220703125,31.75,32.400001525878906,53803,0.0,0.0,0.0
2024-01-24 15:30:00-05:00,32.43899917602539,32.5099983215332,32.06999969482422,32.2599983215332,82545,0.0,0.0,0.0
2024-01-25 09:30:00-05:00,37.93000030517578,39.0,36.93000030517578,38.630001068115234,484330,0.0,0.0,0.0
2024-01-25 10:30:00-05:00,38.599998474121094,39.29999923706055,38.560001373291016,38.84000015258789,84379,0.0,0.0,0.0
2024-01-25 11:30:00-05:00,38.84989929199219,40.619998931884766,38.84989929199219,40.619998931884766,73076,0.0,0.0,0.0
2024-01-25 12:30:00-05:00,40.56999969482422,40.84880065917969,40.11009979248047,40.237098693847656,73260,0.0,0.0,0.0
2024-01-25 13:30:00-05:00,40.150001525878906,40.75,40.08000183105469,40.380001068115234,55495,0.0,0.0,0.0
2024-01-25 14:30:00-05:00,40.2599983215332,40.44160079956055,39.79499816894531,40.09000015258789,27654,0.0,0.0,0.0
2024-01-25 15:30:00-05:00,40.0099983215332,40.04999923706055,39.87070083618164,40.04999923706055,20532,0.0,0.0,0.0
2024-01-26 09:30:00-05:00,38.720001220703125,40.04999923706055,38.439998626708984,39.52009963989258,140140,0.0,0.0,0.0
2024-01-26 10:30:00-05:00,39.400001525878906,39.58000183105469,38.75,39.45000076293945,33452,0.0,0.0,0.0
2024-01-26 11:30:00-05:00,39.20000076293945,39.43000030517578,39.0,39.40999984741211,18560,0.0,0.0,0.0
2024-01-26 12:30:00-05:00,39.5,40.0,39.38999938964844,39.814998626708984,12015,0.0,0.0,0.0
2024-01-26 13:30:00-05:00,39.959999084472656,40.20909881591797,39.95000076293945,40.20909881591797,28636,0.0,0.0,0.0
2024-01-26 14:30:00-05:00,40.18000030517578,40.2400016784668,39.709999084472656,40.04999923706055,44551,0.0,0.0,0.0
2024-01-26 15:30:00-05:00,39.94900131225586,40.040000915527344,39.709999084472656,39.779998779296875,21592,0.0,0.0,0.0
2024-01-29 09:30:00-05:00,38.79999923706055,39.61000061035156,38.279998779296875,38.93000030517578,115327,0.0,0.0,0.0
2024-01-29 10:30:00-05:00,38.880001068115234,39.0099983215332,36.5,36.91999816894531,128680,0.0,0.0,0.0
2024-01-29 11:30:00-05:00,36.83000183105469,37.88999938964844,36.61000061035156,37.88999938964844,120637,0.0,0.0,0.0
2024-01-29 12:30:00-05:00,37.81999969482422,37.97999954223633,37.310001373291016,37.97999954223633,48187,0.0,0.0,0.0
2024-01-29 13:30:00-05:00,37.90999984741211,37.90999984741211,37.18000030517578,37.2400016784668,30029,0.0,0.0,0.0
2024-01-29 14:30:00-05:00,37.150001525878906,37.52000045776367,36.448001861572266,36.58000183105469,51930,0.0,0.0,0.0
2024-01-29 15:30:00-05:00,36.209999084472656,36.8650016784668,36.20000076293945,36.470001220703125,27989,0.0,0.0,0.0
2024-01-30 09:30:00-05:00,34.66999816894531,35.935001373291016,34.66999816894531,34.91889953613281,107426,0.0,0.0,0.0
2024-01-30 10:30:00-05:00,34.88669967651367,35.70000076293945,34.40060043334961,35.54990005493164,45452,0.0,0.0,0.0
2024-01-30 11:30:00-05:00,35.529998779296875,36.26300048828125,35.15999984741211,36.189998626708984,13006,0.0,0.0,0.0
2024-01-30 12:30:00-05:00,36.20000076293945,36.540000915527344,36.0099983215332,36.0099983215332,17109,0.0,0.0,0.0
2024-01-30 13:30:00-05:00,35.970001220703125,36.290000915527344,35.959999084472656,36.09000015258789,7916,0.0,0.0,0.0
2024-01-30 14:30:00-05:00,36.09000015258789,36.199100494384766,35.88999938964844,36.02410125732422,32508,0.0,0.0,0.0
2024-01-30 15:30:00-05:00,36.0,36.20000076293945,35.9900016784668,36.13999938964844,0,0.0,0.0,0.0
2024-01-31 09:30:00-05:00,38.0,38.18000030517578,36.720001220703125,37.040000915527344,150937,0.0,0.0,0.0
2024-01-31 10:30:00-05:00,37.2400016784668,37.2400016784668,36.33000183105469,36.4900016784668,45770,0.0,0.0,0.0
2024-01-31 11:30:00-05:00,36.560001373291016,36.8650016784668,36.500099182128906,36.52000045776367,2454,0.0,0.0,0.0
2024-01-31 12:30:00-05:00,36.5099983215332,36.5099983215332,36.20000076293945,36.41999816894531,13202,0.0,0.0,0.0
2024-01-31 13:30:00-05:00,36.209999084472656,36.95840072631836,35.940101623535156,36.939998626708984,63407,0.0,0.0,0.0
2024-01-31 14:30:00-05:00,37.09000015258789,37.36000061035156,35.309600830078125,37.16999816894531,139274,0.0,0.0,0.0
2024-01-31 15:30:00-05:00,37.36000061035156,37.79999923706055,37.290000915527344,37.7599983215332,81300,0.0,0.0,0.0
2024-02-01 09:30:00-05:00,37.470001220703125,37.91999816894531,36.880001068115234,37.650001525878906,46698,0.0,0.0,0.0
2024-02-01 10:30:00-05:00,37.90999984741211,39.02000045776367,37.880001068115234,38.72999954223633,48852,0.0,0.0,0.0
2024-02-01 11:30:00-05:00,38.70500183105469,38.720001220703125,37.90999984741211,38.07500076293945,14074,0.0,0.0,0.0
2024-02-01 12:30:00-05:00,38.0,38.29999923706055,37.599998474121094,37.779998779296875,15314,0.0,0.0,0.0
2024-02-01 13:30:00-05:00,37.849998474121094,37.91999816894531,37.540000915527344,37.54999923706055,11785,0.0,0.0,0.0
2024-02-01 14:30:00-05:00,37.70000076293945,37.81999969482422,37.189998626708984,37.47999954223633,4367,0.0,0.0,0.0
2024-02-01 15:30:00-05:00,37.380001068115234,37.4900016784668,37.189998626708984,37.25,0,0.0,0.0,0.0
2024-02-02 09:30:00-05:00,38.83000183105469,39.790000915527344,38.05699920654297,39.349998474121094,200352,0.0,0.0,0.0
2024-02-02 10:30:00-05:00,39.2400016784668,39.720001220703125,39.18000030517578,39.540000915527344,21881,0.0,0.0,0.0
2024-02-02 11:30:00-05:00,39.209999084472656,39.65620040893555,39.185001373291016,39.59000015258789,15648,0.0,0.0,0.0
2024-02-02 12:30:00-05:00,39.25,39.83000183105469,38.599998474121094,38.689998626708984,30763,0.0,0.0,0.0
2024-02-02 13:30:00-05:00,38.599998474121094,38.599998474121094,37.369998931884766,37.66999816894531,88078,0.0,0.0,0.0
2024-02-02 14:30:00-05:00,37.70000076293945,37.86869812011719,37.43000030517578,37.43000030517578,44866,0.0,0.0,0.0
2024-02-02 15:30:00-05:00,37.5,37.65999984741211,37.47010040283203,37.65999984741211,10370,0.0,0.0,0.0
2024-02-05 09:30:00-05:00,39.0,41.2400016784668,38.91999816894531,41.029998779296875,120362,0.0,0.0,0.0
2024-02-05 10:30:00-05:00,41.29999923706055,42.77000045776367,41.2599983215332,41.83000183105469,173097,0.0,0.0,0.0
2024-02-05 11:30:00-05:00,41.77349853515625,41.779998779296875,40.61009979248047,40.61009979248047,111825,0.0,0.0,0.0
2024-02-05 12:30:00-05:00,40.62099838256836,40.70000076293945,39.79999923706055,40.13999938964844,49745,0.0,0.0,0.0
2024-02-05 13:30:00-05:00,40.25,40.33000183105469,39.9900016784668,40.0,9842,0.0,0.0,0.0
2024-02-05 14:30:00-05:00,39.970001220703125,41.0,39.8922004699707,40.59000015258789,22322,0.0,0.0,0.0
2024-02-05 15:30:00-05:00,40.70000076293945,40.70000076293945,40.2599983215332,40.43000030517578,0,0.0,0.0,0.0
2024-02-06 09:30:00-05:00,42.0,42.040000915527344,38.02000045776367,39.599998474121094,178613,0.0,0.0,0.0
2024-02-06 10:30:00-05:00,39.54999923706055,39.54999923706055,38.5,39.400001525878906,22338,0.0,0.0,0.0
2024-02-06 11:30:00-05:00,39.43000030517578,40.209999084472656,39.31999969482422,39.540000915527344,43825,0.0,0.0,0.0
2024-02-06 12:30:00-05:00,39.55500030517578,39.68880081176758,39.380001068115234,39.470001220703125,17692,0.0,0.0,0.0
2024-02-06 13:30:00-05:00,39.70000076293945,39.70000076293945,39.290000915527344,39.41999816894531,16845,0.0,0.0,0.0
2024-02-06 14:30:00-05:00,39.400001525878906,39.400001525878906,38.310001373291016,38.72999954223633,39670,0.0,0.0,0.0
2024-02-06 15:30:00-05:00,39.0099983215332,39.119998931884766,38.650001525878906,38.650001525878906,0,0.0,0.0,0.0
2024-02-07 09:30:00-05:00,37.29999923706055,39.529998779296875,36.900001525878906,38.03110122680664,178311,0.0,0.0,0.0
2024-02-07 10:30:00-05:00,37.939998626708984,38.349998474121094,37.560001373291016,38.0,31117,0.0,0.0,0.0
2024-02-07 11:30:00-05:00,37.63999938964844,37.9900016784668,37.63999938964844,37.92490005493164,20093,0.0,0.0,0.0
2024-02-07 12:30:00-05:00,37.77009963989258,37.959999084472656,36.77000045776367,36.79999923706055,24549,0.0,0.0,0.0
2024-02-07 13:30:00-05:00,36.810001373291016,37.08000183105469,36.630001068115234,36.95000076293945,18784,0.0,0.0,0.0
2024-02-07 14:30:00-05:00,37.06999969482422,37.380001068115234,37.0,37.029998779296875,17103,0.0,0.0,0.0
2024-02-07 15:30:00-05:00,37.060001373291016,37.54999923706055,37.0,37.459999084472656,0,0.0,0.0,0.0
2024-02-08 09:30:00-05:00,37.099998474121094,38.31999969482422,36.91999816894531,37.029998779296875,35419,0.0,0.0,0.0
2024-02-08 10:30:00-05:00,37.040000915527344,37.040000915527344,36.08000183105469,36.279998779296875,26897,0.0,0.0,0.0
2024-02-08 11:30:00-05:00,36.310001373291016,36.540000915527344,35.97999954223633,36.380001068115234,32989,0.0,0.0,0.0
2024-02-08 12:30:00-05:00,36.61000061035156,37.09000015258789,36.599998474121094,37.03110122680664,15258,0.0,0.0,0.0
2024-02-08 13:30:00-05:00,36.9109992980957,36.9109992980957,36.520999908447266,36.720001220703125,11071,0.0,0.0,0.0
2024-02-08 14:30:00-05:00,36.86000061035156,37.04999923706055,36.619998931884766,36.63999938964844,12372,0.0,0.0,0.0
2024-02-08 15:30:00-05:00,36.59000015258789,36.849998474121094,36.59000015258789,36.81999969482422,8935,0.0,0.0,0.0
2024-02-09 09:30:00-05:00,36.54999923706055,36.712501525878906,35.0797004699707,35.2599983215332,69559,0.0,0.0,0.0
2024-02-09 10:30:00-05:00,35.349998474121094,36.290000915527344,35.140098571777344,36.23500061035156,18924,0.0,0.0,0.0
2024-02-09 11:30:00-05:00,36.09230041503906,36.400001525878906,35.7599983215332,35.7599983215332,6865,0.0,0.0,0.0
2024-02-09 12:30:00-05:00,35.779998779296875,36.0,35.400001525878906,35.470001220703125,21530,0.0,0.0,0.0
2024-02-09 13:30:00-05:00,35.40999984741211,35.55839920043945,35.310001373291016,35.470001220703125,43799,0.0,0.0,0.0
2024-02-09 14:30:00-05:00,35.489498138427734,35.689998626708984,35.33000183105469,35.5099983215332,7450,0.0,0.0,0.0
2024-02-09 15:30:00-05:00,35.599998474121094,35.70000076293945,35.20000076293945,35.22999954223633,13663,0.0,0.0,0.0
2024-02-12 09:30:00-05:00,35.83000183105469,35.959999084472656,34.862300872802734,35.70000076293945,82987,0.0,0.0,0.0
2024-02-12 10:30:00-05:00,35.41999816894531,36.400001525878906,35.41999816894531,36.040000915527344,33648,0.0,0.0,0.0
2024-02-12 11:30:00-05:00,36.02000045776367,37.41999816894531,35.84000015258789,37.2400016784668,43526,0.0,0.0,0.0
2024-02-12 12:30:00-05:00,36.849998474121094,37.04100036621094,36.47999954223633,36.96979904174805,24615,0.0,0.0,0.0
2024-02-12 13:30:00-05:00,37.0,37.518798828125,36.95000076293945,37.32979965209961,19953,0.0,0.0,0.0
2024-02-12 14:30:00-05:00,37.000099182128906,37.38999938964844,36.95000076293945,37.099998474121094,15738,0.0,0.0,0.0
2024-02-12 15:30:00-05:00,37.11000061035156,37.310001373291016,36.9900016784668,37.310001373291016,0,0.0,0.0,0.0
2024-02-13 09:30:00-05:00,38.810001373291016,39.02000045776367,37.56999969482422,38.439998626708984,186394,0.0,0.0,0.0
2024-02-13 10:30:00-05:00,38.56999969482422,38.970001220703125,38.18000030517578,38.529998779296875,23141,0.0,0.0,0.0
2024-02-13 11:30:00-05:00,38.5,39.11600112915039,38.33259963989258,39.11600112915039,15407,0.0,0.0,0.0
2024-02-13 12:30:00-05:00,39.119998931884766,39.18000030517578,38.65999984741211,38.65999984741211,19172,0.0,0.0,0.0
2024-02-13 13:30:00-05:00,38.63460159301758,39.43000030517578,38.630001068115234,39.310001373291016,24127,0.0,0.0,0.0
2024-02-13 14:30:00-05:00,39.25,39.599998474121094,39.08000183105469,39.5,69907,0.0,0.0,0.0
2024-02-13 15:30:00-05:00,39.31999969482422,39.349998474121094,38.83000183105469,38.86000061035156,0,0.0,0.0,0.0
2024-02-14 09:30:00-05:00,38.31999969482422,39.119998931884766,37.6349983215332,37.915000915527344,161284,0.0,0.0,0.0
2024-02-14 10:30:00-05:00,37.974998474121094,38.899898529052734,37.869998931884766,38.31999969482422,42138,0.0,0.0,0.0
2024-02-14 11:30:00-05:00,38.290000915527344,38.45000076293945,37.970001220703125,37.97999954223633,22331,0.0,0.0,0.0
2024-02-14 12:30:00-05:00,38.0,38.22999954223633,37.75,37.869998931884766,15382,0.0,0.0,0.0
2024-02-14 13:30:00-05:00,37.86000061035156,37.9900016784668,37.38999938964844,37.52000045776367,13149,0.0,0.0,0.0
2024-02-14 14:30:00-05:00,37.650001525878906,37.709999084472656,37.130001068115234,37.130001068115234,20700,0.0,0.0,0.0
2024-02-14 15:30:00-05:00,37.150001525878906,37.22999954223633,36.83000183105469,36.91999816894531,0,0.0,0.0,0.0
2024-02-15 09:30:00-05:00,36.75,36.77000045776367,34.16999816894531,34.31999969482422,94829,0.0,0.0,0.0
2024-02-15 10:30:00-05:00,34.29999923706055,35.349998474121094,34.29999923706055,35.02000045776367,23592,0.0,0.0,0.0
2024-02-15 11:30:00-05:00,34.95000076293945,34.95000076293945,33.939998626708984,34.04050064086914,28677,0.0,0.0,0.0
2024-02-15 12:30:00-05:00,34.09000015258789,34.126399993896484,33.17599868774414,33.17599868774414,36685,0.0,0.0,0.0
2024-02-15 13:30:00-05:00,33.33000183105469,33.5099983215332,33.0,33.38959884643555,47616,0.0,0.0,0.0
2024-02-15 14:30:00-05:00,33.25,33.36000061035156,32.95000076293945,32.95000076293945,33663,0.0,0.0,0.0
2024-02-15 15:30:00-05:00,32.93000030517578,32.93000030517578,32.130001068115234,32.29999923706055,49498,0.0,0.0,0.0
2024-02-16 09:30:00-05:00,31.790000915527344,33.290000915527344,31.48550033569336,32.91999816894531,91759,0.0,0.0,0.0
2024-02-16 10:30:00-05:00,32.689998626708984,32.91999816894531,31.940000534057617,32.0099983215332,15034,0.0,0.0,0.0
2024-02-16 11:30:00-05:00,31.940000534057617,32.5,31.594999313354492,32.27069854736328,8180,0.0,0.0,0.0
2024-02-16 12:30:00-05:00,32.349998474121094,33.0,32.074798583984375,32.59000015258789,5439,0.0,0.0,0.0
2024-02-16 13:30:00-05:00,32.79330062866211,32.79330062866211,32.2400016784668,32.290000915527344,9993,0.0,0.0,0.0
2024-02-16 14:30:00-05:00,32.21200180053711,32.599998474121094,32.060001373291016,32.35499954223633,13224,0.0,0.0,0.0
2024-02-16 15:30:00-05:00,32.369998931884766,32.650001525878906,32.36000061035156,32.40999984741211,6450,0.0,0.0,0.0
2024-02-20 09:30:00-05:00,33.68000030517578,35.20000076293945,33.119998931884766,35.20000076293945,64209,0.0,0.0,0.0
2024-02-20 10:30:00-05:00,35.20000076293945,35.33000183105469,34.5099983215332,34.79999923706055,87281,0.0,0.0,0.0
2024-02-20 11:30:00-05:00,34.810001373291016,35.95000076293945,34.810001373291016,35.70000076293945,33958,0.0,0.0,0.0
2024-02-20 12:30:00-05:00,35.619998931884766,35.93899917602539,35.33000183105469,35.52000045776367,36881,0.0,0.0,0.0
2024-02-20 13:30:00-05:00,35.560001373291016,35.63999938964844,35.209999084472656,35.43000030517578,22416,0.0,0.0,0.0
2024-02-20 14:30:00-05:00,35.150001525878906,35.16999816894531,34.7599983215332,34.83000183105469,7828,0.0,0.0,0.0
2024-02-20 15:30:00-05:00,34.709999084472656,35.019500732421875,34.470001220703125,34.470001220703125,0,0.0,0.0,0.0
2024-02-21 09:30:00-05:00,34.58000183105469,34.68000030517578,32.5099983215332,33.619998931884766,132058,0.0,0.0,0.0
2024-02-21 10:30:00-05:00,33.501399993896484,34.20000076293945,33.48500061035156,34.15999984741211,31968,0.0,0.0,0.0
2024-02-21 11:30:00-05:00,34.439998626708984,34.810001373291016,34.290000915527344,34.69499969482422,20072,0.0,0.0,0.0
2024-02-21 12:30:00-05:00,34.70000076293945,35.040000915527344,34.59000015258789,34.77000045776367,17898,0.0,0.0,0.0
2024-02-21 13:30:00-05:00,34.7400016784668,34.7400016784668,34.22999954223633,34.619998931884766,22421,0.0,0.0,0.0
2024-02-21 14:30:00-05:00,34.810001373291016,35.0,34.65999984741211,34.65999984741211,10886,0.0,0.0,0.0
2024-02-21 15:30:00-05:00,34.58000183105469,34.58000183105469,34.130001068115234,34.150001525878906,0,0.0,0.0,0.0
2024-02-22 09:30:00-05:00,34.349998474121094,35.2599983215332,33.93000030517578,34.72999954223633,133612,0.0,0.0,0.0
2024-02-22 10:30:00-05:00,34.70000076293945,35.31999969482422,34.40999984741211,34.40999984741211,36249,0.0,0.0,0.0
2024-02-22 11:30:00-05:00,34.41999816894531,34.41999816894531,33.70000076293945,33.70000076293945,23762,0.0,0.0,0.0
2024-02-22 12:30:00-05:00,33.84000015258789,33.86000061035156,33.25,33.290000915527344,30201,0.0,0.0,0.0
2024-02-22 13:30:00-05:00,33.22999954223633,33.40999984741211,33.11000061035156,33.20000076293945,14187,0.0,0.0,0.0
2024-02-22 14:30:00-05:00,33.18000030517578,33.400001525878906,33.0,33.04999923706055,15404,0.0,0.0,0.0
2024-02-22 15:30:00-05:00,33.09000015258789,33.290000915527344,32.970001220703125,33.290000915527344,0,0.0,0.0,0.0
2024-02-23 09:30:00-05:00,33.900001525878906,34.4900016784668,33.220001220703125,34.36040115356445,125349,0.0,0.0,0.0
2024-02-23 10:30:00-05:00,34.47999954223633,34.529998779296875,33.939998626708984,34.24100112915039,26861,0.0,0.0,0.0
2024-02-23 11:30:00-05:00,34.16999816894531,34.34000015258789,33.88999938964844,33.95000076293945,8622,0.0,0.0,0.0
2024-02-23 12:30:00-05:00,34.400001525878906,34.70000076293945,34.400001525878906,34.65999984741211,10077,0.0,0.0,0.0
2024-02-23 13:30:00-05:00,34.439998626708984,34.959999084472656,34.41999816894531,34.869998931884766,21448,0.0,0.0,0.0
2024-02-23 14:30:00-05:00,34.80500030517578,35.040000915527344,34.72999954223633,35.040000915527344,15110,0.0,0.0,0.0
2024-02-23 15:30:00-05:00,35.0099983215332,35.10940170288086,34.9202995300293,35.0,21627,0.0,0.0,0.0
2024-02-26 09:30:00-05:00,34.90999984741211,34.90999984741211,32.189998626708984,33.08000183105469,153418,0.0,0.0,0.0
2024-02-26 10:30:00-05:00,32.95000076293945,33.130001068115234,32.100101470947266,32.20000076293945,60142,0.0,0.0,0.0
2024-02-26 11:30:00-05:00,32.150001525878906,32.310001373291016,31.510000228881836,32.08000183105469,58299,0.0,0.0,0.0
2024-02-26 12:30:00-05:00,32.029998779296875,32.45000076293945,31.899999618530273,32.37080001831055,15145,0.0,0.0,0.0
2024-02-26 13:30:00-05:00,32.369998931884766,32.599998474121094,32.23500061035156,32.26499938964844,21733,0.0,0.0,0.0
2024-02-26 14:30:00-05:00,32.25,32.650001525878906,32.16389846801758,32.39500045776367,17294,0.0,0.0,0.0
2024-02-26 15:30:00-05:00,32.34000015258789,32.45000076293945,32.18000030517578,32.400001525878906,0,0.0,0.0,0.0
2024-02-27 09:30:00-05:00,30.950000762939453,31.700000762939453,30.399999618530273,31.510000228881836,116928,0.0,0.0,0.0
2024-02-27 10:30:00-05:00,31.25,31.795000076293945,31.11009979248047,31.530000686645508,41646,0.0,0.0,0.0
2024-02-27 11:30:00-05:00,31.530000686645508,31.889999389648438,31.350000381469727,31.889999389648438,35146,0.0,0.0,0.0
2024-02-27 12:30:00-05:00,31.895999908447266,32.59000015258789,31.895999908447266,32.5,35934,0.0,0.0,0.0
2024-02-27 13:30:00-05:00,32.61000061035156,32.650001525878906,31.989999771118164,31.989999771118164,13528,0.0,0.0,0.0
2024-02-27 14:30:00-05:00,32.040000915527344,32.349998474121094,31.950000762939453,32.2400016784668,8744,0.0,0.0,0.0
2024-02-27 15:30:00-05:00,32.33000183105469,32.52000045776367,32.189998626708984,32.25,0,0.0,0.0,0.0
2024-02-28 09:30:00-05:00,32.11000061035156,32.619998931884766,31.15999984741211,31.270099639892578,197061,0.0,0.0,0.0
2024-02-28 10:30:00-05:00,31.0,31.360000610351562,30.59000015258789,30.59000015258789,141513,0.0,0.0,0.0
2024-02-28 11:30:00-05:00,30.5,31.1200008392334,30.5,31.030000686645508,67127,0.0,0.0,0.0
2024-02-28 12:30:00-05:00,31.280000686645508,31.3799991607666,30.969999313354492,31.31999969482422,8476,0.0,0.0,0.0
2024-02-28 13:30:00-05:00,31.270000457763672,31.469999313354492,30.97130012512207,31.459999084472656,81168,0.0,0.0,0.0
2024-02-28 14:30:00-05:00,31.514999389648438,31.75,31.420000076293945,31.565000534057617,67841,0.0,0.0,0.0
2024-02-28 15:30:00-05:00,31.514999389648438,31.639999389648438,31.440000534057617,31.5,42210,0.0,0.0,0.0
2024-02-29 09:30:00-05:00,30.690000534057617,32.0,30.690000534057617,31.59000015258789,85101,0.0,0.0,0.0
2024-02-29 10:30:00-05:00,31.56999969482422,32.279998779296875,31.5,32.2400016784668,53133,0.0,0.0,0.0
2024-02-29 11:30:00-05:00,32.40999984741211,32.65999984741211,32.09000015258789,32.2400016784668,58603,0.0,0.0,0.0
2024-02-29 12:30:00-05:00,32.22589874267578,32.25,31.91010093688965,31.969999313354492,5837,0.0,0.0,0.0
2024-02-29 13:30:00-05:00,31.90999984741211,32.209999084472656,31.8799991607666,32.209999084472656,52299,0.0,0.0,0.0
2024-02-29 14:30:00-05:00,32.15999984741211,32.15999984741211,31.809999465942383,31.833499908447266,25409,0.0,0.0,0.0
2024-02-29 15:30:00-05:00,31.844999313354492,31.895000457763672,31.53499984741211,31.579999923706055,21771,0.0,0.0,0.0
2024-03-01 09:30:00-05:00,31.920000076293945,32.619998931884766,31.920000076293945,32.220001220703125,34424,0.0,0.0,0.0
2024-03-01 10:30:00-05:00,32.45500183105469,32.5099983215332,32.0255012512207,32.04999923706055,67220,0.0,0.0,0.0
2024-03-01 11:30:00-05:00,31.899999618530273,32.03990173339844,31.380699157714844,31.49799919128418,107020,0.0,0.0,0.0
2024-03-01 12:30:00-05:00,31.554000854492188,31.554000854492188,30.861000061035156,30.8799991607666,94332,0.0,0.0,0.0
2024-03-01 13:30:00-05:00,30.93000030517578,31.242300033569336,30.889999389648438,31.18000030517578,24338,0.0,0.0,0.0
2024-03-01 14:30:00-05:00,31.075000762939453,31.399999618530273,31.075000762939453,31.1200008392334,10302,0.0,0.0,0.0
2024-03-01 15:30:00-05:00,31.350000381469727,31.440000534057617,31.240999221801758,31.420000076293945,4216,0.0,0.0,0.0
2024-03-04 09:30:00-05:00,32.63999938964844,34.7400016784668,32.415000915527344,34.54499816894531,150373,0.0,0.0,0.0
2024-03-04 10:30:00-05:00,34.654998779296875,35.20000076293945,34.529998779296875,35.149898529052734,0,0.0,0.0,0.0
2024-03-04 11:30:00-05:00,35.15999984741211,35.619998931884766,35.15999984741211,35.535400390625,18466,0.0,0.0,0.0
2024-03-04 12:30:00-05:00,35.72999954223633,36.2400016784668,35.650001525878906,36.099998474121094,20700,0.0,0.0,0.0
2024-03-04 13:30:00-05:00,36.099998474121094,36.310001373291016,36.040000915527344,36.2781982421875,4771,0.0,0.0,0.0
2024-03-04 14:30:00-05:00,36.13999938964844,36.18000030517578,35.260101318359375,35.310001373291016,49275,0.0,0.0,0.0
2024-03-04 15:30:00-05:00,35.34000015258789,35.88999938964844,35.34000015258789,35.86000061035156,0,0.0,0.0,0.0
2024-03-05 09:30:00-05:00,37.79999923706055,39.439998626708984,37.2400016784668,39.34000015258789,359676,0.0,0.0,0.0
2024-03-05 10:30:00-05:00,39.400001525878906,39.88999938964844,39.02000045776367,39.665000915527344,173414,0.0,0.0,0.0
2024-03-05 11:30:00-05:00,39.410099029541016,39.52000045776367,38.560001373291016,38.560001373291016,0,0.0,0.0,0.0
2024-03-05 12:30:00-05:00,38.519901275634766,38.88999938964844,38.43000030517578,38.81999969482422,20233,0.0,0.0,0.0
2024-03-05 13:30:00-05:00,38.709999084472656,38.709999084472656,38.220001220703125,38.599998474121094,44530,0.0,0.0,0.0
2024-03-05 14:30:00-05:00,38.709999084472656,39.209999084472656,38.709999084472656,38.880001068115234,58310,0.0,0.0,0.0
2024-03-05 15:30:00-05:00,38.902198791503906,38.9900016784668,38.560001373291016,38.63999938964844,411445,0.0,0.0,0.0
2024-03-06 09:30:00-05:00,38.75,41.669898986816406,38.689998626708984,40.47999954223633,267033,0.0,0.0,0.0
2024-03-06 10:30:00-05:00,40.455501556396484,40.560001373291016,39.78239822387695,40.560001373291016,0,0.0,0.0,0.0
2024-03-06 11:30:00-05:00,40.599998474121094,40.63999938964844,39.56999969482422,39.58000183105469,105764,0.0,0.0,0.0
2024-03-06 12:30:00-05:00,39.54999923706055,39.689998626708984,39.04999923706055,39.04999923706055,0,0.0,0.0,0.0
2024-03-06 13:30:00-05:00,39.0,40.56999969482422,39.0,40.2599983215332,33787,0.0,0.0,0.0
2024-03-06 14:30:00-05:00,40.130001068115234,40.422698974609375,39.77909851074219,40.28900146484375,51213,0.0,0.0,0.0
2024-03-06 15:30:00-05:00,40.470001220703125,40.56999969482422,40.34000015258789,40.5099983215332,0,0.0,0.0,0.0
2024-03-07 09:30:00-05:00,41.54999923706055,41.689998626708984,39.049400329589844,40.7599983215332,299748,0.0,0.0,0.0
2024-03-07 10:30:00-05:00,40.840599060058594,41.029998779296875,39.37099838256836,40.099998474121094,175064,0.0,0.0,0.0
2024-03-07 11:30:00-05:00,40.099998474121094,40.66999816894531,40.06999969482422,40.279998779296875,64556,0.0,0.0,0.0
2024-03-07 12:30:00-05:00,40.310001373291016,40.310001373291016,39.380001068115234,39.380001068115234,62757,0.0,0.0,0.0
2024-03-07 13:30:00-05:00,39.349998474121094,39.68000030517578,39.0,39.15999984741211,18058,0.0,0.0,0.0
2024-03-07 14:30:00-05:00,39.15999984741211,39.400001525878906,38.900001525878906,39.380001068115234,20030,0.0,0.0,0.0
2024-03-07 15:30:00-05:00,39.29999923706055,39.58000183105469,39.130001068115234,39.5,23293,0.0,0.0,0.0
2024-03-08 09:30:00-05:00,38.31999969482422,39.91999816894531,37.72999954223633,39.400001525878906,260557,0.0,0.0,0.0
2024-03-08 10:30:00-05:00,39.47999954223633,41.20000076293945,39.47999954223633,41.15999984741211,303752,0.0,0.0,0.0
2024-03-08 11:30:00-05:00,41.06999969482422,41.21179962158203,40.36000061035156,40.599998474121094,249831,0.0,0.0,0.0
2024-03-08 12:30:00-05:00,40.58000183105469,41.0,40.54999923706055,40.68000030517578,109624,0.0,0.0,0.0
2024-03-08 13:30:00-05:00,40.68000030517578,41.16999816894531,40.68000030517578,40.93000030517578,66811,0.0,0.0,0.0
2024-03-08 14:30:00-05:00,40.790000915527344,40.880001068115234,40.31999969482422,40.880001068115234,116742,0.0,0.0,0.0
2024-03-08 15:30:00-05:00,40.86899948120117,41.09579849243164,40.63999938964844,41.0,46865,0.0,0.0,0.0
2024-03-11 09:30:00-04:00,40.849998474121094,41.13999938964844,37.47019958496094,38.74100112915039,381495,0.0,0.0,0.0
2024-03-11 10:30:00-04:00,38.92499923706055,39.68000030517578,38.599998474121094,39.493900299072266,71909,0.0,0.0,0.0
2024-03-11 11:30:00-04:00,39.709999084472656,40.150001525878906,39.380001068115234,39.388301849365234,64861,0.0,0.0,0.0
2024-03-11 12:30:00-04:00,39.47999954223633,39.77830123901367,39.222198486328125,39.29999923706055,5858,0.0,0.0,0.0
2024-03-11 13:30:00-04:00,39.18000030517578,39.47999954223633,39.08000183105469,39.099998474121094,4102,0.0,0.0,0.0
2024-03-11 14:30:00-04:00,39.28799819946289,40.2400016784668,39.28799819946289,40.2400016784668,9488,0.0,0.0,0.0
2024-03-11 15:30:00-04:00,40.375,40.42499923706055,39.880001068115234,39.880001068115234,0,0.0,0.0,0.0
2024-03-12 09:30:00-04:00,39.779998779296875,42.33000183105469,39.779998779296875,41.060001373291016,215665,0.0,0.0,0.0
2024-03-12 10:30:00-04:00,40.97999954223633,41.130001068115234,39.532501220703125,39.532501220703125,114892,0.0,0.0,0.0
2024-03-12 11:30:00-04:00,39.54999923706055,40.332698822021484,39.349998474121094,39.72999954223633,180339,0.0,0.0,0.0
2024-03-12 12:30:00-04:00,39.7599983215332,40.349998474121094,39.70029830932617,39.75,138935,0.0,0.0,0.0
2024-03-12 13:30:00-04:00,39.77000045776367,39.84000015258789,39.400001525878906,39.400001525878906,102999,0.0,0.0,0.0
2024-03-12 14:30:00-04:00,39.290000915527344,39.529998779296875,39.15999984741211,39.29999923706055,101100,0.0,0.0,0.0
2024-03-12 15:30:00-04:00,39.459999084472656,40.04999923706055,39.369998931884766,39.9900016784668,0,0.0,0.0,0.0
2024-03-13 09:30:00-04:00,41.970001220703125,42.599998474121094,40.665000915527344,42.2599983215332,567496,0.0,0.0,0.0
2024-03-13 10:30:00-04:00,42.31990051269531,43.099998474121094,42.130001068115234,42.189998626708984,106262,0.0,0.0,0.0
2024-03-13 11:30:00-04:00,42.1885986328125,42.7400016784668,42.04999923706055,42.54999923706055,64287,0.0,0.0,0.0
2024-03-13 12:30:00-04:00,42.58000183105469,42.95869827270508,42.470001220703125,42.57500076293945,57684,0.0,0.0,0.0
2024-03-13 13:30:00-04:00,42.4900016784668,43.33000183105469,42.4900016784668,43.31999969482422,26296,0.0,0.0,0.0
2024-03-13 14:30:00-04:00,43.2599983215332,43.65999984741211,42.96649932861328,43.65999984741211,33720,0.0,0.0,0.0
2024-03-13 15:30:00-04:00,43.599998474121094,43.7400016784668,43.400001525878906,43.59000015258789,0,0.0,0.0,0.0
2024-03-14 09:30:00-04:00,44.54999923706055,45.86000061035156,42.79999923706055,45.40999984741211,762006,0.0,0.0,0.0
2024-03-14 10:30:00-04:00,45.369998931884766,46.7400016784668,45.029998779296875,46.72999954223633,292225,0.0,0.0,0.0
2024-03-14 11:30:00-04:00,46.810001373291016,47.54999923706055,46.529998779296875,47.193199157714844,163966,0.0,0.0,0.0
2024-03-14 12:30:00-04:00,47.189998626708984,47.41999816894531,46.599998474121094,47.41999816894531,101385,0.0,0.0,0.0
2024-03-14 13:30:00-04:00,47.4453010559082,47.56999969482422,46.720001220703125,47.319400787353516,85470,0.0,0.0,0.0
2024-03-14 14:30:00-04:00,47.290000915527344,48.25,47.279998779296875,47.959999084472656,146886,0.0,0.0,0.0
2024-03-14 15:30:00-04:00,47.9900016784668,48.168800354003906,47.15999984741211,47.25,88542,0.0,0.0,0.0
2024-03-15 09:30:00-04:00,47.209999084472656,48.02000045776367,45.709999084472656,47.02000045776367,131765,0.0,0.0,0.0
2024-03-15 10:30:00-04:00,47.03900146484375,47.25,46.29999923706055,46.529598236083984,32732,0.0,0.0,0.0
2024-03-15 11:30:00-04:00,46.75,47.859901428222656,46.75,47.619998931884766,28006,0.0,0.0,0.0
2024-03-15 12:30:00-04:00,47.61000061035156,48.18000030517578,47.4900016784668,47.559898376464844,36200,0.0,0.0,0.0
2024-03-15 13:30:00-04:00,47.52000045776367,47.529998779296875,46.900001525878906,47.06999969482422,40362,0.0,0.0,0.0
2024-03-15 14:30:00-04:00,47.08000183105469,47.08000183105469,46.4900016784668,46.869998931884766,58484,0.0,0.0,0.0
2024-03-15 15:30:00-04:00,46.82500076293945,47.11000061035156,46.599998474121094,46.630001068115234,334581,0.0,0.0,0.0
2024-03-18 09:30:00-04:00,43.0,45.29999923706055,42.310001373291016,42.310001373291016,345521,0.0,0.0,0.0
2024-03-18 10:30:00-04:00,42.34000015258789,42.34000015258789,40.33000183105469,40.86000061035156,289502,0.0,0.0,0.0
2024-03-18 11:30:00-04:00,40.900001525878906,41.54999923706055,40.66999816894531,41.40999984741211,139408,0.0,0.0,0.0
2024-03-18 12:30:00-04:00,41.40999984741211,41.7400016784668,40.900001525878906,41.439998626708984,71562,0.0,0.0,0.0
2024-03-18 13:30:00-04:00,41.36000061035156,41.79999923706055,40.69499969482422,40.69499969482422,110912,0.0,0.0,0.0
2024-03-18 14:30:00-04:00,40.608299255371094,41.11000061035156,40.59230041503906,40.599998474121094,53090,0.0,0.0,0.0
2024-03-18 15:30:00-04:00,40.625,41.05229949951172,40.47010040283203,40.81999969482422,31034,0.0,0.0,0.0
2024-03-19 09:30:00-04:00,41.540000915527344,43.755001068115234,41.34000015258789,42.93000030517578,462601,0.0,0.0,0.0
2024-03-19 10:30:00-04:00,42.90999984741211,43.130001068115234,41.7599983215332,41.7599983215332,94377,0.0,0.0,0.0
2024-03-19 11:30:00-04:00,41.769901275634766,42.099998474121094,41.540000915527344,41.70650100708008,62589,0.0,0.0,0.0
2024-03-19 12:30:00-04:00,41.689998626708984,42.040000915527344,41.369998931884766,41.779998779296875,43900,0.0,0.0,0.0
2024-03-19 13:30:00-04:00,41.790000915527344,42.33000183105469,41.77000045776367,41.90999984741211,35374,0.0,0.0,0.0
2024-03-19 14:30:00-04:00,41.939998626708984,42.09000015258789,41.59000015258789,42.09000015258789,34388,0.0,0.0,0.0
2024-03-19 15:30:00-04:00,42.029998779296875,42.09000015258789,41.79999923706055,41.9900016784668,38903,0.0,0.0,0.0
2024-03-20 09:30:00-04:00,41.18000030517578,42.20000076293945,40.61000061035156,42.11000061035156,373467,0.0,0.0,0.0
2024-03-20 10:30:00-04:00,41.939998626708984,41.95000076293945,40.95000076293945,41.34960174560547,163233,0.0,0.0,0.0
2024-03-20 11:30:00-04:00,41.16999816894531,41.709999084472656,40.959999084472656,41.689998626708984,60090,0.0,0.0,0.0
2024-03-20 12:30:00-04:00,41.70000076293945,41.75,41.130001068115234,41.16999816894531,15825,0.0,0.0,0.0
2024-03-20 13:30:00-04:00,41.150001525878906,41.25,40.25,40.720001220703125,83285,0.0,0.0,0.0
2024-03-20 14:30:00-04:00,40.599998474121094,41.400001525878906,39.93000030517578,40.060001373291016,83922,0.0,0.0,0.0
2024-03-20 15:30:00-04:00,39.96009826660156,40.04499816894531,39.630001068115234,39.849998474121094,26841,0.0,0.0,0.0
2024-03-21 09:30:00-04:00,39.63999938964844,40.689998626708984,38.970001220703125,40.20989990234375,166181,0.0,0.0,0.0
2024-03-21 10:30:00-04:00,40.33000183105469,40.59000015258789,39.79999923706055,40.220001220703125,45598,0.0,0.0,0.0
2024-03-21 11:30:00-04:00,40.20000076293945,40.74769973754883,40.20000076293945,40.43000030517578,18716,0.0,0.0,0.0
2024-03-21 12:30:00-04:00,40.52000045776367,41.16999816894531,40.48379898071289,40.9900016784668,22269,0.0,0.0,0.0
2024-03-21 13:30:00-04:00,40.970001220703125,41.650001525878906,40.93000030517578,41.528099060058594,73501,0.0,0.0,0.0
2024-03-21 14:30:00-04:00,41.349998474121094,41.56999969482422,41.04010009765625,41.070098876953125,30174,0.0,0.0,0.0
2024-03-21 15:30:00-04:00,41.09000015258789,41.20000076293945,41.0,41.20000076293945,28056,0.0,0.0,0.0
2024-03-22 09:30:00-04:00,44.20000076293945,44.290000915527344,42.54999923706055,42.95000076293945,685402,0.0,0.0,0.0
2024-03-22 10:30:00-04:00,42.849998474121094,43.150001525878906,42.209999084472656,42.209999084472656,117900,0.0,0.0,0.0
2024-03-22 11:30:00-04:00,42.2599983215332,43.13999938964844,42.25,42.849998474121094,68106,0.0,0.0,0.0
2024-03-22 12:30:00-04:00,42.86000061035156,42.880001068115234,42.364498138427734,42.40999984741211,36507,0.0,0.0,0.0
2024-03-22 13:30:00-04:00,42.33000183105469,42.489898681640625,42.10499954223633,42.13999938964844,27544,0.0,0.0,0.0
2024-03-22 14:30:00-04:00,42.08169937133789,42.410099029541016,42.0099983215332,42.25,29441,0.0,0.0,0.0
2024-03-22 15:30:00-04:00,42.29999923706055,42.29999923706055,41.9900016784668,42.18000030517578,47997,0.0,0.0,0.0
2024-03-25 09:30:00-04:00,43.04999923706055,43.04999923706055,40.060001373291016,42.310001373291016,378821,0.0,0.0,0.0
2024-03-25 10:30:00-04:00,42.439998626708984,42.779998779296875,42.0,42.029998779296875,82833,0.0,0.0,0.0
2024-03-25 11:30:00-04:00,41.97999954223633,42.09000015258789,41.312400817871094,41.38999938964844,23535,0.0,0.0,0.0
2024-03-25 12:30:00-04:00,41.38999938964844,41.54999923706055,41.13999938964844,41.41999816894531,14702,0.0,0.0,0.0
2024-03-25 13:30:00-04:00,41.470001220703125,41.479000091552734,40.83209991455078,40.970001220703125,17584,0.0,0.0,0.0
2024-03-25 14:30:00-04:00,40.880001068115234,41.59000015258789,40.790000915527344,41.59000015258789,18723,0.0,0.0,0.0
2024-03-25 15:30:00-04:00,41.3849983215332,41.3849983215332,41.27000045776367,41.28499984741211,16055,0.0,0.0,0.0
2024-03-26 09:30:00-04:00,38.41999816894531,38.779998779296875,36.18000030517578,36.7400016784668,433736,0.0,0.0,0.0
2024-03-26 10:30:00-04:00,36.72999954223633,36.970001220703125,35.73500061035156,36.8567008972168,145452,0.0,0.0,0.0
2024-03-26 11:30:00-04:00,37.060001373291016,37.72999954223633,36.679901123046875,37.52000045776367,76158,0.0,0.0,0.0
2024-03-26 12:30:00-04:00,37.439998626708984,38.2599983215332,37.33000183105469,38.08000183105469,67217,0.0,0.0,0.0
2024-03-26 13:30:00-04:00,38.10900115966797,38.36000061035156,37.81060028076172,38.22010040283203,56866,0.0,0.0,0.0
2024-03-26 14:30:00-04:00,38.20500183105469,38.470001220703125,37.97999954223633,38.459999084472656,72625,0.0,0.0,0.0
2024-03-26 15:30:00-04:00,38.5,38.97999954223633,38.459999084472656,38.939998626708984,95785,0.0,0.0,0.0
2024-03-27 09:30:00-04:00,37.2599983215332,39.56999969482422,37.25,38.880001068115234,284055,0.0,0.0,0.0
2024-03-27 10:30:00-04:00,38.66999816894531,39.0099983215332,38.11000061035156,38.27000045776367,89392,0.0,0.0,0.0
2024-03-27 11:30:00-04:00,38.290000915527344,38.599998474121094,37.56999969482422,37.65999984741211,57511,0.0,0.0,0.0
2024-03-27 12:30:00-04:00,37.58250045776367,37.97999954223633,37.06999969482422,37.939998626708984,98520,0.0,0.0,0.0
2024-03-27 13:30:00-04:00,37.95000076293945,38.09000015258789,37.619998931884766,37.66999816894531,52711,0.0,0.0,0.0
2024-03-27 14:30:00-04:00,37.6349983215332,38.13999938964844,37.574798583984375,37.994998931884766,33151,0.0,0.0,0.0
2024-03-27 15:30:00-04:00,37.970001220703125,38.2400016784668,37.810001373291016,37.93000030517578,30500,0.0,0.0,0.0
2024-03-28 09:30:00-04:00,39.02000045776367,39.689998626708984,38.099998474121094,39.189998626708984,301139,0.0,0.0,0.0
2024-03-28 10:30:00-04:00,39.119998931884766,39.38999938964844,38.79999923706055,39.34000015258789,81080,0.0,0.0,0.0
2024-03-28 11:30:00-04:00,39.2599983215332,39.58000183105469,38.900001525878906,38.9900016784668,63034,0.0,0.0,0.0
2024-03-28 12:30:00-04:00,38.970001220703125,39.119998931884766,38.77000045776367,39.119998931884766,35156,0.0,0.0,0.0
2024-03-28 13:30:00-04:00,39.099998474121094,39.38999938964844,39.040000915527344,39.279998779296875,24825,0.0,0.0,0.0
2024-03-28 14:30:00-04:00,39.29999923706055,39.650001525878906,39.20000076293945,39.59000015258789,46516,0.0,0.0,0.0
2024-03-28 15:30:00-04:00,39.68000030517578,39.869998931884766,39.58000183105469,39.689998626708984,37000,0.0,0.0,0.0
2024-04-01 09:30:00-04:00,39.58000183105469,41.54999923706055,39.45000076293945,41.54999923706055,290903,0.0,0.0,0.0
2024-04-01 10:30:00-04:00,41.55799865722656,42.20000076293945,41.33000183105469,41.349998474121094,193111,0.0,0.0,0.0
2024-04-01 11:30:00-04:00,41.3650016784668,41.869998931884766,41.2599983215332,41.279998779296875,57453,0.0,0.0,0.0
2024-04-01 12:30:00-04:00,41.27000045776367,41.43000030517578,40.869998931884766,41.39039993286133,51760,0.0,0.0,0.0
2024-04-01 13:30:00-04:00,41.459999084472656,41.4900016784668,40.90999984741211,40.974998474121094,24833,0.0,0.0,0.0
2024-04-01 14:30:00-04:00,40.96989822387695,41.029998779296875,40.474998474121094,40.5099983215332,31653,0.0,0.0,0.0
2024-04-01 15:30:00-04:00,40.59000015258789,40.79999923706055,39.95000076293945,39.984901428222656,66522,0.0,0.0,0.0
2024-04-02 09:30:00-04:00,44.83000183105469,45.29999923706055,43.61000061035156,44.29499816894531,899735,0.0,0.0,0.0
2024-04-02 10:30:00-04:00,44.400001525878906,45.06999969482422,44.2400016784668,44.349998474121094,125906,0.0,0.0,0.0
2024-04-02 11:30:00-04:00,44.29999923706055,44.52000045776367,43.91999816894531,43.97999954223633,54302,0.0,0.0,0.0
2024-04-02 12:30:00-04:00,43.994998931884766,44.119998931884766,43.40999984741211,43.830101013183594,126034,0.0,0.0,0.0
2024-04-02 13:30:00-04:00,43.84000015258789,44.18000030517578,43.71500015258789,44.18000030517578,33753,0.0,0.0,0.0
2024-04-02 14:30:00-04:00,44.20000076293945,44.45000076293945,44.08000183105469,44.08000183105469,38735,0.0,0.0,0.0
2024-04-02 15:30:00-04:00,44.084999084472656,44.18560028076172,43.68000030517578,43.849998474121094,40726,0.0,0.0,0.0
2024-04-03 09:30:00-04:00,45.16999816894531,45.596500396728516,43.459999084472656,43.540000915527344,382166,0.0,0.0,0.0
2024-04-03 10:30:00-04:00,43.540000915527344,43.88999938964844,42.849998474121094,43.251800537109375,162221,0.0,0.0,0.0
2024-04-03 11:30:00-04:00,43.29899978637695,43.61000061035156,42.93000030517578,43.040000915527344,62605,0.0,0.0,0.0
2024-04-03 12:30:00-04:00,43.040000915527344,43.279998779296875,42.7599983215332,43.279998779296875,56070,0.0,0.0,0.0
2024-04-03 13:30:00-04:00,43.2400016784668,43.459999084472656,43.0099983215332,43.04999923706055,46717,0.0,0.0,0.0
2024-04-03 14:30:00-04:00,43.16999816894531,43.47999954223633,42.849998474121094,43.400001525878906,46170,0.0,0.0,0.0
2024-04-03 15:30:00-04:00,43.47999954223633,43.56999969482422,42.900001525878906,42.959999084472656,52158,0.0,0.0,0.0
2024-04-04 09:30:00-04:00,42.022499084472656,43.099998474121094,41.7599983215332,42.0,220111,0.0,0.0,0.0
2024-04-04 10:30:00-04:00,42.029998779296875,42.130001068115234,41.095001220703125,41.160301208496094,94017,0.0,0.0,0.0
2024-04-04 11:30:00-04:00,41.150001525878906,41.150001525878906,39.21900177001953,39.310001373291016,278843,0.0,0.0,0.0
2024-04-04 12:30:00-04:00,39.30630111694336,39.369998931884766,38.59000015258789,39.0,147235,0.0,0.0,0.0
2024-04-04 13:30:00-04:00,39.150001525878906,40.4005012512207,39.0,40.4005012512207,108943,0.0,0.0,0.0
2024-04-04 14:30:00-04:00,40.40999984741211,41.70000076293945,40.40999984741211,41.70000076293945,196505,0.0,0.0,0.0
2024-04-04 15:30:00-04:00,41.66999816894531,41.689998626708984,41.0,41.52000045776367,47741,0.0,0.0,0.0
2024-04-05 09:30:00-04:00,42.58000183105469,43.43000030517578,41.709999084472656,42.540000915527344,526026,0.0,0.0,0.0
2024-04-05 10:30:00-04:00,42.529998779296875,46.29999923706055,41.83000183105469,46.2400016784668,601900,0.0,0.0,0.0
2024-04-05 11:30:00-04:00,46.2400016784668,46.63999938964844,43.040000915527344,43.45000076293945,552718,0.0,0.0,0.0
2024-04-05 12:30:00-04:00,43.52000045776367,43.70000076293945,42.580501556396484,43.130001068115234,67109,0.0,0.0,0.0
2024-04-05 13:30:00-04:00,43.13999938964844,44.849998474121094,43.040000915527344,44.835899353027344,151560,0.0,0.0,0.0
2024-04-05 14:30:00-04:00,44.83000183105469,44.91999816894531,44.31999969482422,44.470001220703125,110161,0.0,0.0,0.0
2024-04-05 15:30:00-04:00,44.41999816894531,44.56999969482422,44.18000030517578,44.520198822021484,88782,0.0,0.0,0.0
2024-04-08 09:30:00-04:00,42.18000030517578,43.0099983215332,40.15999984741211,41.180301666259766,528830,0.0,0.0,0.0
2024-04-08 10:30:00-04:00,40.970001220703125,41.349998474121094,39.47999954223633,39.849998474121094,251455,0.0,0.0,0.0
2024-04-08 11:30:00-04:00,39.95000076293945,40.599998474121094,39.880001068115234,40.119998931884766,82906,0.0,0.0,0.0
2024-04-08 12:30:00-04:00,40.13999938964844,40.555599212646484,39.70000076293945,39.84000015258789,95178,0.0,0.0,0.0
2024-04-08 13:30:00-04:00,39.869998931884766,40.029998779296875,39.54999923706055,39.76900100708008,72633,0.0,0.0,0.0
2024-04-08 14:30:00-04:00,39.900001525878906,40.22999954223633,39.779998779296875,40.06840133666992,42584,0.0,0.0,0.0
2024-04-08 15:30:00-04:00,40.18360137939453,40.424198150634766,40.04999923706055,40.2400016784668,64750,0.0,0.0,0.0
2024-04-09 09:30:00-04:00,40.2599983215332,40.66999816894531,37.369998931884766,38.323001861572266,478018,0.0,0.0,0.0
2024-04-09 10:30:00-04:00,38.31999969482422,39.31999969482422,38.2400016784668,39.20000076293945,145787,0.0,0.0,0.0
2024-04-09 11:30:00-04:00,39.244998931884766,39.529998779296875,38.959999084472656,39.17150115966797,56200,0.0,0.0,0.0
2024-04-09 12:30:00-04:00,39.277198791503906,39.599998474121094,39.11000061035156,39.11000061035156,29410,0.0,0.0,0.0
2024-04-09 13:30:00-04:00,39.13999938964844,39.15999984741211,38.68000030517578,38.779998779296875,51629,0.0,0.0,0.0
2024-04-09 14:30:00-04:00,38.810001373291016,39.40999984741211,38.79999923706055,38.88999938964844,35161,0.0,0.0,0.0
2024-04-09 15:30:00-04:00,38.83000183105469,38.880001068115234,38.400001525878906,38.41999816894531,32466,0.0,0.0,0.0
2024-04-10 09:30:00-04:00,40.150001525878906,41.11000061035156,39.33000183105469,40.439998626708984,427686,0.0,0.0,0.0
2024-04-10 10:30:00-04:00,40.40999984741211,40.88999938964844,40.099998474121094,40.399200439453125,73688,0.0,0.0,0.0
2024-04-10 11:30:00-04:00,40.36000061035156,41.04999923706055,40.349998474121094,40.85749816894531,73594,0.0,0.0,0.0
2024-04-10 12:30:00-04:00,40.77000045776367,41.209999084472656,40.560001373291016,40.869998931884766,70655,0.0,0.0,0.0
2024-04-10 13:30:00-04:00,40.77000045776367,41.150001525878906,40.650001525878906,41.0,53345,0.0,0.0,0.0
2024-04-10 14:30:00-04:00,41.08000183105469,41.40999984741211,38.400001525878906,40.70000076293945,71214,0.0,0.0,0.0
2024-04-10 15:30:00-04:00,40.80860137939453,41.0,40.5,40.689998626708984,30268,0.0,0.0,0.0
2024-04-11 09:30:00-04:00,40.31999969482422,42.16999816894531,39.61000061035156,41.761600494384766,277290,0.0,0.0,0.0
2024-04-11 10:30:00-04:00,41.83000183105469,41.929901123046875,41.04999923706055,41.27000045776367,74621,0.0,0.0,0.0
2024-04-11 11:30:00-04:00,41.189998626708984,41.189998626708984,40.349998474121094,40.54999923706055,72469,0.0,0.0,0.0
2024-04-11 12:30:00-04:00,40.529998779296875,40.5625,39.5,39.749900817871094,71236,0.0,0.0,0.0
2024-04-11 13:30:00-04:00,39.68000030517578,39.68000030517578,39.087398529052734,39.150001525878906,66524,0.0,0.0,0.0
2024-04-11 14:30:00-04:00,39.10499954223633,39.599998474121094,39.04999923706055,39.13370132446289,36559,0.0,0.0,0.0
2024-04-11 15:30:00-04:00,39.060001373291016,39.369998931884766,38.75,39.369998931884766,30069,0.0,0.0,0.0
2024-04-12 09:30:00-04:00,40.400001525878906,40.56999969482422,39.73609924316406,40.470001220703125,342448,0.0,0.0,0.0
2024-04-12 10:30:00-04:00,40.54999923706055,40.814998626708984,40.26409912109375,40.2671012878418,64576,0.0,0.0,0.0
2024-04-12 11:30:00-04:00,40.31999969482422,40.75,40.099998474121094,40.709999084472656,27386,0.0,0.0,0.0
2024-04-12 12:30:00-04:00,40.71689987182617,41.191001892089844,40.650001525878906,41.189998626708984,58863,0.0,0.0,0.0
2024-04-12 13:30:00-04:00,41.040000915527344,41.09000015258789,40.65999984741211,40.810001373291016,41043,0.0,0.0,0.0
2024-04-12 14:30:00-04:00,40.82099914550781,41.099998474121094,40.77000045776367,40.86000061035156,30730,0.0,0.0,0.0
2024-04-12 15:30:00-04:00,40.88999938964844,41.0099983215332,40.790000915527344,40.959999084472656,56492,0.0,0.0,0.0
2024-04-15 09:30:00-04:00,41.38999938964844,44.018001556396484,41.15999984741211,43.2599983215332,398546,0.0,0.0,0.0
2024-04-15 10:30:00-04:00,43.349998474121094,44.13999938964844,43.20000076293945,43.20000076293945,96758,0.0,0.0,0.0
2024-04-15 11:30:00-04:00,43.220001220703125,43.88999938964844,42.91999816894531,43.849998474121094,62523,0.0,0.0,0.0
2024-04-15 12:30:00-04:00,43.939998626708984,44.84000015258789,43.939998626708984,44.82500076293945,81530,0.0,0.0,0.0
2024-04-15 13:30:00-04:00,44.84000015258789,45.040000915527344,44.58000183105469,44.942501068115234,106590,0.0,0.0,0.0
2024-04-15 14:30:00-04:00,45.099998474121094,45.470001220703125,44.689998626708984,45.36000061035156,75525,0.0,0.0,0.0
2024-04-15 15:30:00-04:00,45.369998931884766,45.59000015258789,45.04999923706055,45.56999969482422,55812,0.0,0.0,0.0
2024-04-16 09:30:00-04:00,48.36000061035156,49.84000015258789,47.63999938964844,48.83100128173828,747163,0.0,0.0,0.0
2024-04-16 10:30:00-04:00,48.869998931884766,49.22999954223633,47.41999816894531,47.5,155125,0.0,0.0,0.0
2024-04-16 11:30:00-04:00,47.54999923706055,48.38999938964844,47.400001525878906,48.0713996887207,77872,0.0,0.0,0.0
2024-04-16 12:30:00-04:00,48.09000015258789,48.18519973754883,47.4900016784668,48.099998474121094,53626,0.0,0.0,0.0
2024-04-16 13:30:00-04:00,48.279998779296875,48.869998931884766,47.67100143432617,48.72999954223633,140138,0.0,0.0,0.0
2024-04-16 14:30:00-04:00,48.65999984741211,48.75,47.92580032348633,47.92580032348633,35041,0.0,0.0,0.0
2024-04-16 15:30:00-04:00,47.869998931884766,48.16999816894531,47.70000076293945,48.029998779296875,35254,0.0,0.0,0.0
2024-04-17 09:30:00-04:00,47.66999816894531,50.0,47.650001525878906,49.400001525878906,413964,0.0,0.0,0.0
2024-04-17 10:30:00-04:00,49.47999954223633,49.7599983215332,48.5099983215332,48.689998626708984,133052,0.0,0.0,0.0
2024-04-17 11:30:00-04:00,48.77000045776367,49.060001373291016,48.33000183105469,48.99909973144531,85139,0.0,0.0,0.0
2024-04-17 12:30:00-04:00,48.904998779296875,49.399898529052734,47.939998626708984,48.0,50796,0.0,0.0,0.0
2024-04-17 13:30:00-04:00,47.91999816894531,48.18880081176758,47.470001220703125,48.040000915527344,64918,0.0,0.0,0.0
2024-04-17 14:30:00-04:00,48.07899856567383,48.52000045776367,47.2599983215332,48.52000045776367,89004,0.0,0.0,0.0
2024-04-17 15:30:00-04:00,48.52000045776367,49.060001373291016,48.400001525878906,49.0099983215332,72146,0.0,0.0,0.0
2024-04-18 09:30:00-04:00,51.599998474121094,53.20000076293945,51.119998931884766,51.71009826660156,488039,0.0,0.0,0.0
2024-04-18 10:30:00-04:00,51.540000915527344,51.875,51.09000015258789,51.875,141555,0.0,0.0,0.0
2024-04-18 11:30:00-04:00,51.880001068115234,52.536598205566406,51.880001068115234,52.15999984741211,58703,0.0,0.0,0.0
2024-04-18 12:30:00-04:00,52.22999954223633,52.69499969482422,51.91999816894531,51.91999816894531,39734,0.0,0.0,0.0
2024-04-18 13:30:00-04:00,51.95000076293945,52.77000045776367,51.95000076293945,52.02000045776367,57471,0.0,0.0,0.0
2024-04-18 14:30:00-04:00,52.13999938964844,52.38999938964844,51.599998474121094,52.01499938964844,40653,0.0,0.0,0.0
2024-04-18 15:30:00-04:00,51.93000030517578,52.529998779296875,51.84000015258789,52.5099983215332,37438,0.0,0.0,0.0
2024-04-19 09:30:00-04:00,53.27000045776367,53.61840057373047,51.86000061035156,52.93000030517578,516805,0.0,0.0,0.0
2024-04-19 10:30:00-04:00,52.52000045776367,53.189998626708984,51.9900016784668,52.43000030517578,97658,0.0,0.0,0.0
2024-04-19 11:30:00-04:00,52.55189895629883,53.81999969482422,52.5,53.81999969482422,82470,0.0,0.0,0.0
2024-04-19 12:30:00-04:00,53.5,53.93000030517578,52.69900131225586,53.209999084472656,68286,0.0,0.0,0.0
2024-04-19 13:30:00-04:00,52.97800064086914,54.04800033569336,52.97719955444336,54.040000915527344,42955,0.0,0.0,0.0
2024-04-19 14:30:00-04:00,54.060001373291016,54.70000076293945,53.900001525878906,54.349998474121094,61277,0.0,0.0,0.0
2024-04-19 15:30:00-04:00,54.375,55.000099182128906,54.375,54.459999084472656,41342,0.0,0.0,0.0
2024-04-22 09:30:00-04:00,59.36000061035156,60.56999969482422,56.5,58.82500076293945,1035957,0.0,0.0,0.0
2024-04-22 10:30:00-04:00,58.834999084472656,60.0,54.540000915527344,59.64120101928711,223132,0.0,0.0,0.0
2024-04-22 11:30:00-04:00,59.63999938964844,59.63999938964844,57.7400016784668,57.9900016784668,116775,0.0,0.0,0.0
2024-04-22 12:30:00-04:00,58.18000030517578,58.599998474121094,57.75,58.20000076293945,116797,0.0,0.0,0.0
2024-04-22 13:30:00-04:00,58.22999954223633,58.34000015258789,57.29999923706055,58.310001373291016,95538,0.0,0.0,0.0
2024-04-22 14:30:00-04:00,58.29999923706055,58.54999923706055,57.84000015258789,57.970001220703125,71125,0.0,0.0,0.0
2024-04-22 15:30:00-04:00,57.970001220703125,58.4182014465332,57.90999984741211,58.27000045776367,59545,0.0,0.0,0.0
2024-04-23 09:30:00-04:00,57.20000076293945,58.90999984741211,55.22019958496094,55.900001525878906,683055,0.0,0.0,0.0
2024-04-23 10:30:00-04:00,56.12300109863281,56.630001068115234,54.900001525878906,55.27000045776367,227430,0.0,0.0,0.0
2024-04-23 11:30:00-04:00,55.29499816894531,56.225799560546875,54.33000183105469,54.34000015258789,152857,0.0,0.0,0.0
2024-04-23 12:30:00-04:00,54.29990005493164,55.58000183105469,53.95000076293945,55.290000915527344,113212,0.0,0.0,0.0
2024-04-23 13:30:00-04:00,55.5,55.81639862060547,55.34000015258789,55.439998626708984,47817,0.0,0.0,0.0
2024-04-23 14:30:00-04:00,55.4900016784668,56.2400016784668,55.220001220703125,55.86000061035156,83654,0.0,0.0,0.0
2024-04-23 15:30:00-04:00,55.849998474121094,56.220001220703125,55.75,55.959999084472656,173139,0.0,0.0,0.0
2024-04-24 09:30:00-04:00,41.779998779296875,45.429100036621094,38.060001373291016,40.7599983215332,1572522,0.0,0.0,0.0
2024-04-24 10:30:00-04:00,40.70000076293945,43.58000183105469,40.2599983215332,43.20000076293945,410025,0.0,0.0,0.0
2024-04-24 11:30:00-04:00,43.029998779296875,45.619998931884766,41.84000015258789,45.201900482177734,520274,0.0,0.0,0.0
2024-04-24 12:30:00-04:00,45.31999969482422,46.08000183105469,43.45000076293945,43.630001068115234,319185,0.0,0.0,0.0
2024-04-24 13:30:00-04:00,43.599998474121094,43.650001525878906,42.540000915527344,43.250701904296875,137819,0.0,0.0,0.0
2024-04-24 14:30:00-04:00,43.349998474121094,43.9807014465332,42.2599983215332,42.869998931884766,213360,0.0,0.0,0.0
2024-04-24 15:30:00-04:00,42.68899917602539,43.02000045776367,42.22209930419922,42.54999923706055,193733,0.0,0.0,0.0
2024-04-25 09:30:00-04:00,44.33000183105469,44.54999923706055,40.709999084472656,40.859901428222656,881314,0.0,0.0,0.0
2024-04-25 10:30:00-04:00,40.86000061035156,41.39870071411133,40.099998474121094,40.310001373291016,361104,0.0,0.0,0.0
2024-04-25 11:30:00-04:00,40.290000915527344,41.87910079956055,40.290000915527344,41.78499984741211,264196,0.0,0.0,0.0
2024-04-25 12:30:00-04:00,41.75,42.22999954223633,41.06999969482422,41.209999084472656,217891,0.0,0.0,0.0
2024-04-25 13:30:00-04:00,41.02000045776367,41.09000015258789,40.0,40.4900016784668,110190,0.0,0.0,0.0
2024-04-25 14:30:00-04:00,40.370399475097656,40.63999938964844,38.099998474121094,38.7406005859375,200336,0.0,0.0,0.0
2024-04-25 15:30:00-04:00,38.81999969482422,38.97999954223633,38.16999816894531,38.33000183105469,92931,0.0,0.0,0.0
2024-04-26 09:30:00-04:00,38.79999923706055,39.68000030517578,37.959999084472656,39.31999969482422,663734,0.0,0.0,0.0
2024-04-26 10:30:00-04:00,39.09000015258789,39.20500183105469,38.0,38.206600189208984,126634,0.0,0.0,0.0
2024-04-26 11:30:00-04:00,38.189998626708984,38.369998931884766,37.535099029541016,37.79999923706055,146662,0.0,0.0,0.0
2024-04-26 12:30:00-04:00,37.810001373291016,38.099998474121094,37.61000061035156,38.08570098876953,34769,0.0,0.0,0.0
2024-04-26 13:30:00-04:00,38.02000045776367,39.33000183105469,38.02000045776367,39.2599983215332,137882,0.0,0.0,0.0
2024-04-26 14:30:00-04:00,39.18000030517578,40.08000183105469,39.18000030517578,39.560001373291016,268681,0.0,0.0,0.0
2024-04-26 15:30:00-04:00,39.53900146484375,39.79999923706055,39.051700592041016,39.27000045776367,72061,0.0,0.0,0.0
2024-04-29 09:30:00-04:00,29.940000534057617,31.690000534057617,28.850000381469727,31.170000076293945,3159884,0.0,0.0,0.0
2024-04-29 10:30:00-04:00,31.219999313354492,31.5,27.770000457763672,27.90999984741211,892829,0.0,0.0,0.0
2024-04-29 11:30:00-04:00,27.8700008392334,28.610000610351562,25.200000762939453,25.239999771118164,1304241,0.0,0.0,0.0
2024-04-29 12:30:00-04:00,25.239999771118164,27.629100799560547,25.204999923706055,26.579999923706055,1150744,0.0,0.0,0.0
2024-04-29 13:30:00-04:00,26.56999969482422,28.139999389648438,26.559999465942383,27.641799926757812,468049,0.0,0.0,0.0
2024-04-29 14:30:00-04:00,27.700000762939453,28.638900756835938,27.235000610351562,28.079999923706055,443724,0.0,0.0,0.0
2024-04-29 15:30:00-04:00,28.059999465942383,28.209999084472656,26.819000244140625,27.229999542236328,202109,0.0,0.0,0.0
2024-04-30 09:30:00-04:00,29.260000228881836,29.459999084472656,28.15999984741211,29.459999084472656,1260185,0.0,0.0,0.0
2024-04-30 10:30:00-04:00,29.479999542236328,30.170000076293945,29.040000915527344,30.049999237060547,337050,0.0,0.0,0.0
2024-04-30 11:30:00-04:00,30.069900512695312,30.399999618530273,29.65999984741211,29.73870086669922,386582,0.0,0.0,0.0
2024-04-30 12:30:00-04:00,29.739999771118164,30.190000534057617,29.674999237060547,30.010000228881836,298208,0.0,0.0,0.0
2024-04-30 13:30:00-04:00,30.059999465942383,30.059999465942383,29.600000381469727,29.915000915527344,110346,0.0,0.0,0.0
2024-04-30 14:30:00-04:00,29.920000076293945,30.440000534057617,29.69099998474121,30.270000457763672,146407,0.0,0.0,0.0
2024-04-30 15:30:00-04:00,30.219999313354492,30.299999237060547,29.892099380493164,30.299999237060547,97137,0.0,0.0,0.0
2024-05-01 09:30:00-04:00,30.739999771118164,31.541000366210938,30.100000381469727,31.260000228881836,918833,0.0,0.0,0.0
2024-05-01 10:30:00-04:00,31.280000686645508,31.708799362182617,30.68000030517578,31.239999771118164,316694,0.0,0.0,0.0
2024-05-01 11:30:00-04:00,31.219999313354492,31.600000381469727,30.8700008392334,30.989700317382812,171577,0.0,0.0,0.0
2024-05-01 12:30:00-04:00,30.989999771118164,31.440000534057617,30.5,31.409299850463867,122613,0.0,0.0,0.0
2024-05-01 13:30:00-04:00,31.45159912109375,31.45159912109375,30.610000610351562,30.6200008392334,172812,0.0,0.0,0.0
2024-05-01 14:30:00-04:00,30.670000076293945,31.159900665283203,29.49020004272461,30.135000228881836,412173,0.0,0.0,0.0
2024-05-01 15:30:00-04:00,30.209999084472656,31.429899215698242,30.190000534057617,31.371999740600586,169072,0.0,0.0,0.0
2024-05-02 09:30:00-04:00,30.440000534057617,32.790000915527344,29.889999389648438,32.12990188598633,704953,0.0,0.0,0.0
2024-05-02 10:30:00-04:00,32.084999084472656,32.349998474121094,31.440000534057617,31.440000534057617,210828,0.0,0.0,0.0
2024-05-02 11:30:00-04:00,31.450000762939453,31.858999252319336,31.280000686645508,31.56999969482422,197697,0.0,0.0,0.0
2024-05-02 12:30:00-04:00,31.549999237060547,31.940000534057617,31.25040054321289,31.25040054321289,99069,0.0,0.0,0.0
2024-05-02 13:30:00-04:00,31.31999969482422,31.540000915527344,31.010000228881836,31.1299991607666,42529,0.0,0.0,0.0
2024-05-02 14:30:00-04:00,31.06999969482422,31.249500274658203,30.84000015258789,31.09000015258789,83285,0.0,0.0,0.0
2024-05-02 15:30:00-04:00,31.065000534057617,31.459999084472656,30.989999771118164,31.3799991607666,64356,0.0,0.0,0.0
2024-05-03 09:30:00-04:00,30.729999542236328,31.209999084472656,29.799999237060547,31.09000015258789,722109,0.0,0.0,0.0
2024-05-03 10:30:00-04:00,30.99139976501465,31.939899444580078,30.950000762939453,31.559999465942383,250357,0.0,0.0,0.0
2024-05-03 11:30:00-04:00,31.51460075378418,31.59000015258789,31.13360023498535,31.440000534057617,192265,0.0,0.0,0.0
2024-05-03 12:30:00-04:00,31.420000076293945,31.5,30.959999084472656,30.959999084472656,81102,0.0,0.0,0.0
2024-05-03 13:30:00-04:00,30.969999313354492,31.219900131225586,30.799999237060547,30.899999618530273,100862,0.0,0.0,0.0
2024-05-03 14:30:00-04:00,30.90999984741211,31.139999389648438,30.770000457763672,30.979999542236328,72228,0.0,0.0,0.0
2024-05-03 15:30:00-04:00,30.94099998474121,31.110000610351562,30.860000610351562,31.0,77448,0.0,0.0,0.0
2024-05-06 09:30:00-04:00,30.1200008392334,30.299999237060547,28.875,29.899999618530273,533039,0.0,0.0,0.0
2024-05-06 10:30:00-04:00,30.03660011291504,31.030000686645508,29.580299377441406,30.344999313354492,188923,0.0,0.0,0.0
2024-05-06 11:30:00-04:00,30.34000015258789,30.6648006439209,30.170000076293945,30.469999313354492,200908,0.0,0.0,0.0
2024-05-06 12:30:00-04:00,30.43000030517578,30.530000686645508,29.8799991607666,29.88949966430664,112841,0.0,0.0,0.0
2024-05-06 13:30:00-04:00,29.889999389648438,30.010000228881836,29.600000381469727,29.6299991607666,82744,0.0,0.0,0.0
2024-05-06 14:30:00-04:00,29.600000381469727,30.219999313354492,29.579999923706055,30.190000534057617,82626,0.0,0.0,0.0
2024-05-06 15:30:00-04:00,30.200000762939453,30.219999313354492,29.770000457763672,29.790000915527344,94734,0.0,0.0,0.0
2024-05-07 09:30:00-04:00,30.610000610351562,31.93000030517578,30.31999969482422,31.600000381469727,435615,0.0,0.0,0.0
2024-05-07 10:30:00-04:00,31.627199172973633,31.8700008392334,31.167400360107422,31.5,135524,0.0,0.0,0.0
2024-05-07 11:30:00-04:00,31.51059913635254,31.670000076293945,31.34000015258789,31.489999771118164,116779,0.0,0.0,0.0
2024-05-07 12:30:00-04:00,31.46500015258789,31.799999237060547,31.399999618530273,31.5398006439209,84223,0.0,0.0,0.0
2024-05-07 13:30:00-04:00,31.540000915527344,32.099998474121094,31.510000228881836,31.969999313354492,96944,0.0,0.0,0.0
2024-05-07 14:30:00-04:00,31.920000076293945,32.18000030517578,31.882999420166016,31.90999984741211,65082,0.0,0.0,0.0
2024-05-07 15:30:00-04:00,31.924999237060547,32.11000061035156,31.8799991607666,32.04999923706055,36092,0.0,0.0,0.0
2024-05-08 09:30:00-04:00,34.349998474121094,34.81959915161133,33.34000015258789,33.40610122680664,968557,0.0,0.0,0.0
2024-05-08 10:30:00-04:00,33.349998474121094,33.47999954223633,32.84000015258789,33.09000015258789,312379,0.0,0.0,0.0
2024-05-08 11:30:00-04:00,33.099998474121094,33.380001068115234,32.720001220703125,33.279998779296875,110560,0.0,0.0,0.0
2024-05-08 12:30:00-04:00,33.290000915527344,33.47930145263672,33.11000061035156,33.310001373291016,83140,0.0,0.0,0.0
2024-05-08 13:30:00-04:00,33.2599983215332,33.310001373291016,33.09000015258789,33.09000015258789,60684,0.0,0.0,0.0
2024-05-08 14:30:00-04:00,33.168701171875,33.39500045776367,33.150001525878906,33.15999984741211,72695,0.0,0.0,0.0
2024-05-08 15:30:00-04:00,33.16999816894531,33.349998474121094,33.0900993347168,33.189998626708984,62036,0.0,0.0,0.0
2024-05-09 09:30:00-04:00,33.029998779296875,33.790000915527344,32.900001525878906,33.650001525878906,389266,0.0,0.0,0.0
2024-05-09 10:30:00-04:00,33.60089874267578,34.119998931884766,33.25,34.0099983215332,205683,0.0,0.0,0.0
2024-05-09 11:30:00-04:00,33.9900016784668,34.209999084472656,33.720001220703125,33.738399505615234,73693,0.0,0.0,0.0
2024-05-09 12:30:00-04:00,33.810001373291016,33.970001220703125,33.68000030517578,33.809898376464844,100146,0.0,0.0,0.0
2024-05-09 13:30:00-04:00,33.81999969482422,34.15999984741211,33.810001373291016,34.09000015258789,52957,0.0,0.0,0.0
2024-05-09 14:30:00-04:00,34.119998931884766,34.400001525878906,34.06999969482422,34.310001373291016,82508,0.0,0.0,0.0
2024-05-09 15:30:00-04:00,34.33000183105469,34.439998626708984,34.16999816894531,34.209999084472656,79544,0.0,0.0,0.0
2024-05-10 09:30:00-04:00,33.81999969482422,35.369998931884766,33.810001373291016,35.35499954223633,443615,0.0,0.0,0.0
2024-05-10 10:30:00-04:00,35.31999969482422,35.859901428222656,35.223201751708984,35.41999816894531,217436,0.0,0.0,0.0
2024-05-10 11:30:00-04:00,35.33000183105469,35.90999984741211,35.33000183105469,35.70000076293945,110668,0.0,0.0,0.0
2024-05-10 12:30:00-04:00,35.66999816894531,35.709999084472656,35.42100143432617,35.60499954223633,111009,0.0,0.0,0.0
2024-05-10 13:30:00-04:00,35.61000061035156,35.90999984741211,35.43000030517578,35.60089874267578,86898,0.0,0.0,0.0
2024-05-10 14:30:00-04:00,35.630001068115234,35.67070007324219,35.36000061035156,35.36000061035156,49529,0.0,0.0,0.0
2024-05-10 15:30:00-04:00,35.36819839477539,35.63999938964844,35.31999969482422,35.59000015258789,61856,0.0,0.0,0.0
2024-05-13 09:30:00-04:00,34.970001220703125,35.400001525878906,32.709999084472656,33.099998474121094,662064,0.0,0.0,0.0
2024-05-13 10:30:00-04:00,33.099998474121094,33.97999954223633,33.029998779296875,33.95000076293945,187300,0.0,0.0,0.0
2024-05-13 11:30:00-04:00,34.0,34.36000061035156,33.75,34.209999084472656,204619,0.0,0.0,0.0
2024-05-13 12:30:00-04:00,34.189998626708984,34.619998931884766,34.13999938964844,34.33000183105469,145086,0.0,0.0,0.0
2024-05-13 13:30:00-04:00,34.369998931884766,34.597599029541016,34.09000015258789,34.129398345947266,92799,0.0,0.0,0.0
2024-05-13 14:30:00-04:00,34.1442985534668,34.25,34.0,34.21009826660156,61661,0.0,0.0,0.0
2024-05-13 15:30:00-04:00,34.22999954223633,34.279998779296875,34.082000732421875,34.189998626708984,47049,0.0,0.0,0.0
2024-05-14 09:30:00-04:00,33.150001525878906,33.310001373291016,31.850000381469727,32.52000045776367,600012,0.0,0.0,0.0
2024-05-14 10:30:00-04:00,32.4900016784668,32.880001068115234,31.200000762939453,31.424999237060547,387624,0.0,0.0,0.0
2024-05-14 11:30:00-04:00,31.38990020751953,32.20640182495117,31.38990020751953,32.13990020751953,230956,0.0,0.0,0.0
2024-05-14 12:30:00-04:00,32.130001068115234,32.65760040283203,31.924999237060547,32.459999084472656,131405,0.0,0.0,0.0
2024-05-14 13:30:00-04:00,32.5099983215332,32.54999923706055,32.19060134887695,32.34360122680664,76097,0.0,0.0,0.0
2024-05-14 14:30:00-04:00,32.38999938964844,32.38999938964844,31.940000534057617,31.96500015258789,63981,0.0,0.0,0.0
2024-05-14 15:30:00-04:00,31.92449951171875,32.04999923706055,31.790000915527344,31.950000762939453,78315,0.0,0.0,0.0
2024-05-15 09:30:00-04:00,31.100000381469727,33.503299713134766,31.100000381469727,33.4900016784668,697933,0.0,0.0,0.0
2024-05-15 10:30:00-04:00,33.4900016784668,33.5099983215332,32.849998474121094,32.90999984741211,139877,0.0,0.0,0.0
2024-05-15 11:30:00-04:00,32.91999816894531,33.119998931884766,32.742000579833984,32.86000061035156,81373,0.0,0.0,0.0
2024-05-15 12:30:00-04:00,32.915000915527344,32.915000915527344,32.720001220703125,32.81999969482422,73911,0.0,0.0,0.0
2024-05-15 13:30:00-04:00,32.78049850463867,33.06999969482422,32.65999984741211,32.970001220703125,52999,0.0,0.0,0.0
2024-05-15 14:30:00-04:00,32.974998474121094,33.0,32.86000061035156,32.9989013671875,56510,0.0,0.0,0.0
2024-05-15 15:30:00-04:00,32.95000076293945,33.29999923706055,32.95000076293945,33.22999954223633,50664,0.0,0.0,0.0
2024-05-16 09:30:00-04:00,33.27000045776367,34.209999084472656,33.150001525878906,33.150001525878906,290631,0.0,0.0,0.0
2024-05-16 10:30:00-04:00,33.01359939575195,33.13999938964844,32.58000183105469,33.099998474121094,139779,0.0,0.0,0.0
2024-05-16 11:30:00-04:00,33.150001525878906,33.29999923706055,32.76900100708008,32.7963981628418,54204,0.0,0.0,0.0
2024-05-16 12:30:00-04:00,32.810001373291016,33.20000076293945,32.77360153198242,33.11989974975586,35978,0.0,0.0,0.0
2024-05-16 13:30:00-04:00,33.150001525878906,33.25,33.09090042114258,33.099998474121094,31134,0.0,0.0,0.0
2024-05-16 14:30:00-04:00,33.02149963378906,33.11000061035156,32.81999969482422,32.849998474121094,34237,0.0,0.0,0.0
2024-05-16 15:30:00-04:00,32.900001525878906,33.029998779296875,32.82500076293945,32.939998626708984,38447,0.0,0.0,0.0
2024-05-17 09:30:00-04:00,33.380001068115234,33.72999954223633,32.560001373291016,32.59000015258789,295799,0.0,0.0,0.0
2024-05-17 10:30:00-04:00,32.54999923706055,32.54999923706055,31.6200008392334,31.8700008392334,261588,0.0,0.0,0.0
2024-05-17 11:30:00-04:00,31.812400817871094,31.940000534057617,31.236900329589844,31.322399139404297,170319,0.0,0.0,0.0
2024-05-17 12:30:00-04:00,31.29010009765625,32.060001373291016,31.170000076293945,32.060001373291016,108429,0.0,0.0,0.0
2024-05-17 13:30:00-04:00,32.0723991394043,32.5,31.880699157714844,32.45000076293945,63600,0.0,0.0,0.0
2024-05-17 14:30:00-04:00,32.43439865112305,32.43439865112305,32.0099983215332,32.11000061035156,59140,0.0,0.0,0.0
2024-05-17 15:30:00-04:00,32.099998474121094,32.16999816894531,31.920000076293945,31.950000762939453,36130,0.0,0.0,0.0
2024-05-20 09:30:00-04:00,31.899999618530273,33.25,31.899999618530273,33.029998779296875,296647,0.0,0.0,0.0
2024-05-20 10:30:00-04:00,32.93000030517578,33.19879913330078,32.625,33.02000045776367,105709,0.0,0.0,0.0
2024-05-20 11:30:00-04:00,33.11000061035156,33.36000061035156,32.91999816894531,33.20000076293945,54812,0.0,0.0,0.0
2024-05-20 12:30:00-04:00,33.20000076293945,33.209999084472656,32.79999923706055,33.14500045776367,42375,0.0,0.0,0.0
2024-05-20 13:30:00-04:00,33.150001525878906,33.38999938964844,33.0099983215332,33.209999084472656,59742,0.0,0.0,0.0
2024-05-20 14:30:00-04:00,33.11000061035156,33.130001068115234,32.9099006652832,32.9208984375,20096,0.0,0.0,0.0
2024-05-20 15:30:00-04:00,32.88999938964844,33.040000915527344,32.86000061035156,32.880001068115234,62166,0.0,0.0,0.0
2024-05-21 09:30:00-04:00,32.7400016784668,32.89979934692383,31.110000610351562,31.68000030517578,464433,0.0,0.0,0.0
2024-05-21 10:30:00-04:00,31.75,31.770000457763672,31.290000915527344,31.40999984741211,110992,0.0,0.0,0.0
2024-05-21 11:30:00-04:00,31.469999313354492,31.68000030517578,30.170000076293945,30.31999969482422,292066,0.0,0.0,0.0
2024-05-21 12:30:00-04:00,30.239999771118164,30.760000228881836,30.17009925842285,30.389999389648438,172402,0.0,0.0,0.0
2024-05-21 13:30:00-04:00,30.34000015258789,30.34000015258789,28.950000762939453,29.34000015258789,355642,0.0,0.0,0.0
2024-05-21 14:30:00-04:00,29.334999084472656,29.334999084472656,28.549999237060547,29.329999923706055,219422,0.0,0.0,0.0
2024-05-21 15:30:00-04:00,29.200000762939453,29.209999084472656,28.405099868774414,28.479999542236328,172534,0.0,0.0,0.0
2024-05-22 09:30:00-04:00,29.59000015258789,30.25,29.378700256347656,30.20829963684082,490238,0.0,0.0,0.0
2024-05-22 10:30:00-04:00,30.149999618530273,30.36590003967285,29.884000778198242,30.342500686645508,188638,0.0,0.0,0.0
2024-05-22 11:30:00-04:00,30.350000381469727,30.399999618530273,30.190000534057617,30.25,110967,0.0,0.0,0.0
2024-05-22 12:30:00-04:00,30.280000686645508,30.639999389648438,30.280000686645508,30.549999237060547,148667,0.0,0.0,0.0
2024-05-22 13:30:00-04:00,30.56999969482422,31.00200080871582,30.549999237060547,30.989999771118164,107096,0.0,0.0,0.0
2024-05-22 14:30:00-04:00,31.049999237060547,31.049999237060547,30.61039924621582,30.61039924621582,142364,0.0,0.0,0.0
2024-05-22 15:30:00-04:00,30.649999618530273,30.82550048828125,30.440000534057617,30.440000534057617,43783,0.0,0.0,0.0
2024-05-23 09:30:00-04:00,29.920000076293945,31.949600219726562,29.920000076293945,31.729999542236328,466531,0.0,0.0,0.0
2024-05-23 10:30:00-04:00,31.867599487304688,32.12929916381836,31.579999923706055,31.709999084472656,259685,0.0,0.0,0.0
2024-05-23 11:30:00-04:00,31.639999389648438,31.709999084472656,31.264999389648438,31.280000686645508,101845,0.0,0.0,0.0
2024-05-23 12:30:00-04:00,31.290000915527344,31.744400024414062,31.270000457763672,31.5802001953125,83173,0.0,0.0,0.0
2024-05-23 13:30:00-04:00,31.549999237060547,32.7599983215332,31.540000915527344,32.66999816894531,144497,0.0,0.0,0.0
2024-05-23 14:30:00-04:00,32.7599983215332,32.79999923706055,32.560001373291016,32.63999938964844,76597,0.0,0.0,0.0
2024-05-23 15:30:00-04:00,32.66360092163086,32.71609878540039,32.47999954223633,32.650001525878906,130716,0.0,0.0,0.0
2024-05-24 09:30:00-04:00,32.391998291015625,32.66999816894531,31.100000381469727,31.14579963684082,405493,0.0,0.0,0.0
2024-05-24 10:30:00-04:00,31.139999389648438,31.459999084472656,30.546300888061523,30.90999984741211,332346,0.0,0.0,0.0
2024-05-24 11:30:00-04:00,30.899999618530273,31.149499893188477,30.7549991607666,30.799999237060547,110672,0.0,0.0,0.0
2024-05-24 12:30:00-04:00,30.760000228881836,30.846399307250977,30.606000900268555,30.699899673461914,85330,0.0,0.0,0.0
2024-05-24 13:30:00-04:00,30.700000762939453,30.719999313354492,30.3799991607666,30.389999389648438,159326,0.0,0.0,0.0
2024-05-24 14:30:00-04:00,30.440000534057617,30.739999771118164,30.42009925842285,30.530000686645508,59781,0.0,0.0,0.0
2024-05-24 15:30:00-04:00,30.559999465942383,30.709999084472656,30.31999969482422,30.639999389648438,93665,0.0,0.0,0.0
2024-05-28 09:30:00-04:00,31.579999923706055,32.65999984741211,31.579999923706055,31.845500946044922,431636,0.0,0.0,0.0
2024-05-28 10:30:00-04:00,31.969999313354492,32.099998474121094,31.56999969482422,31.70989990234375,88890,0.0,0.0,0.0
2024-05-28 11:30:00-04:00,31.7091007232666,31.75,31.0,31.31999969482422,96329,0.0,0.0,0.0
2024-05-28 12:30:00-04:00,31.42460060119629,31.819900512695312,31.299999237060547,31.690099716186523,80705,0.0,0.0,0.0
2024-05-28 13:30:00-04:00,31.719999313354492,32.0,31.520000457763672,31.899999618530273,55184,0.0,0.0,0.0
2024-05-28 14:30:00-04:00,31.989999771118164,32.1150016784668,31.59000015258789,31.63789939880371,54972,0.0,0.0,0.0
2024-05-28 15:30:00-04:00,31.649999618530273,31.700000762939453,31.450000762939453,31.475000381469727,24229,0.0,0.0,0.0
2024-05-29 09:30:00-04:00,32.369998931884766,32.4015998840332,31.094200134277344,31.93000030517578,358372,0.0,0.0,0.0
2024-05-29 10:30:00-04:00,31.922399520874023,32.150001525878906,31.709999084472656,32.010101318359375,64580,0.0,0.0,0.0
2024-05-29 11:30:00-04:00,32.060001373291016,32.130001068115234,31.610000610351562,31.690000534057617,33133,0.0,0.0,0.0
2024-05-29 12:30:00-04:00,31.684999465942383,31.684999465942383,31.200000762939453,31.459999084472656,228561,0.0,0.0,0.0
2024-05-29 13:30:00-04:00,31.4950008392334,31.677600860595703,31.31999969482422,31.609899520874023,68117,0.0,0.0,0.0
2024-05-29 14:30:00-04:00,31.600000381469727,31.610000610351562,31.1299991607666,31.1299991607666,66760,0.0,0.0,0.0
2024-05-29 15:30:00-04:00,31.197599411010742,31.719999313354492,31.040000915527344,31.719999313354492,38702,0.0,0.0,0.0
2024-05-30 09:30:00-04:00,30.90999984741211,31.309900283813477,29.389999389648438,30.019699096679688,596268,0.0,0.0,0.0
2024-05-30 10:30:00-04:00,30.040000915527344,31.959999084472656,29.829999923706055,31.50040054321289,369769,0.0,0.0,0.0
2024-05-30 11:30:00-04:00,31.553600311279297,31.749300003051758,31.270000457763672,31.354999542236328,103107,0.0,0.0,0.0
2024-05-30 12:30:00-04:00,31.452199935913086,31.604999542236328,30.899999618530273,30.899999618530273,52500,0.0,0.0,0.0
2024-05-30 13:30:00-04:00,30.8700008392334,30.8700008392334,30.3700008392334,30.501300811767578,117145,0.0,0.0,0.0
2024-05-30 14:30:00-04:00,30.440000534057617,30.799999237060547,30.239999771118164,30.690000534057617,80025,0.0,0.0,0.0
2024-05-30 15:30:00-04:00,30.700000762939453,31.200000762939453,30.65999984741211,30.764999389648438,109088,0.0,0.0,0.0
2024-05-31 09:30:00-04:00,30.8700008392334,31.3700008392334,30.270099639892578,31.130699157714844,419585,0.0,0.0,0.0
2024-05-31 10:30:00-04:00,31.332399368286133,31.996400833129883,31.329999923706055,31.920000076293945,187481,0.0,0.0,0.0
2024-05-31 11:30:00-04:00,31.95800018310547,32.459999084472656,31.889999389648438,32.13999938964844,132455,0.0,0.0,0.0
2024-05-31 12:30:00-04:00,32.13999938964844,32.190101623535156,31.709999084472656,31.72100067138672,122141,0.0,0.0,0.0
2024-05-31 13:30:00-04:00,31.7450008392334,31.859600067138672,31.63010025024414,31.829999923706055,71057,0.0,0.0,0.0
2024-05-31 14:30:00-04:00,31.809999465942383,31.940000534057617,31.65999984741211,31.832799911499023,51700,0.0,0.0,0.0
2024-05-31 15:30:00-04:00,31.860000610351562,31.860000610351562,30.979999542236328,31.0,67316,0.0,0.0,0.0
2024-06-03 09:30:00-04:00,30.989999771118164,31.170000076293945,29.5,30.260000228881836,703977,0.0,0.0,0.0
2024-06-03 10:30:00-04:00,30.284700393676758,31.0,30.284700393676758,30.709999084472656,123436,0.0,0.0,0.0
2024-06-03 11:30:00-04:00,30.749000549316406,31.619800567626953,30.40999984741211,31.619800567626953,217566,0.0,0.0,0.0
2024-06-03 12:30:00-04:00,31.670000076293945,32.27000045776367,31.649999618530273,31.83009910583496,185566,0.0,0.0,0.0
2024-06-03 13:30:00-04:00,31.789899826049805,31.889999389648438,31.469999313354492,31.583999633789062,50341,0.0,0.0,0.0
2024-06-03 14:30:00-04:00,31.591999053955078,31.780000686645508,31.469999313354492,31.540000915527344,28540,0.0,0.0,0.0
2024-06-03 15:30:00-04:00,31.530000686645508,31.850000381469727,31.530000686645508,31.649999618530273,29367,0.0,0.0,0.0
2024-06-04 09:30:00-04:00,32.2400016784668,32.45000076293945,31.46500015258789,32.14500045776367,364984,0.0,0.0,0.0
2024-06-04 10:30:00-04:00,32.150001525878906,32.22999954223633,31.6299991607666,31.780000686645508,144672,0.0,0.0,0.0
2024-06-04 11:30:00-04:00,31.780000686645508,32.220001220703125,31.665000915527344,31.893600463867188,50448,0.0,0.0,0.0
2024-06-04 12:30:00-04:00,31.90329933166504,32.09000015258789,31.770000457763672,31.8799991607666,52087,0.0,0.0,0.0
2024-06-04 13:30:00-04:00,31.860000610351562,32.06999969482422,31.479999542236328,31.479999542236328,88664,0.0,0.0,0.0
2024-06-04 14:30:00-04:00,31.510000228881836,31.920000076293945,31.149999618530273,31.8700008392334,135064,0.0,0.0,0.0
2024-06-04 15:30:00-04:00,31.940000534057617,32.22999954223633,31.8799991607666,32.22999954223633,32711,0.0,0.0,0.0
2024-06-05 09:30:00-04:00,32.04999923706055,33.130001068115234,32.0099983215332,32.599998474121094,217869,0.0,0.0,0.0
2024-06-05 10:30:00-04:00,32.5619010925293,32.56999969482422,32.08000183105469,32.099998474121094,95882,0.0,0.0,0.0
2024-06-05 11:30:00-04:00,32.04999923706055,32.09989929199219,31.78420066833496,31.930400848388672,126138,0.0,0.0,0.0
2024-06-05 12:30:00-04:00,31.940000534057617,32.029998779296875,31.729999542236328,31.952899932861328,129682,0.0,0.0,0.0
2024-06-05 13:30:00-04:00,31.920000076293945,32.27000045776367,31.920000076293945,32.18989944458008,74966,0.0,0.0,0.0
2024-06-05 14:30:00-04:00,32.189998626708984,32.2864990234375,31.975000381469727,32.2864990234375,73181,0.0,0.0,0.0
2024-06-05 15:30:00-04:00,32.2599983215332,32.290000915527344,32.060001373291016,32.15999984741211,45308,0.0,0.0,0.0
2024-06-06 09:30:00-04:00,32.349998474121094,32.959999084472656,31.461000442504883,32.58000183105469,303357,0.0,0.0,0.0
2024-06-06 10:30:00-04:00,32.599998474121094,32.7400016784668,32.29999923706055,32.442901611328125,90218,0.0,0.0,0.0
2024-06-06 11:30:00-04:00,32.349998474121094,32.349998474121094,31.799999237060547,31.799999237060547,83285,0.0,0.0,0.0
2024-06-06 12:30:00-04:00,31.75,31.799999237060547,30.975000381469727,31.076099395751953,239928,0.0,0.0,0.0
2024-06-06 13:30:00-04:00,31.020000457763672,31.059999465942383,30.442399978637695,30.959999084472656,260481,0.0,0.0,0.0
2024-06-06 14:30:00-04:00,30.940000534057617,31.1299991607666,30.829999923706055,30.88990020751953,41010,0.0,0.0,0.0
2024-06-06 15:30:00-04:00,30.844999313354492,31.079599380493164,30.68000030517578,31.059999465942383,58192,0.0,0.0,0.0
2024-06-07 09:30:00-04:00,31.700000762939453,31.719999313354492,30.704999923706055,30.93000030517578,475654,0.0,0.0,0.0
2024-06-07 10:30:00-04:00,30.88800048828125,31.190000534057617,30.579999923706055,30.94099998474121,166514,0.0,0.0,0.0
2024-06-07 11:30:00-04:00,30.90999984741211,31.0,30.790000915527344,30.950000762939453,29869,0.0,0.0,0.0
2024-06-07 12:30:00-04:00,30.8700008392334,31.34760093688965,30.850000381469727,31.219999313354492,90873,0.0,0.0,0.0
2024-06-07 13:30:00-04:00,31.25,31.889999389648438,31.17840003967285,31.65999984741211,60385,0.0,0.0,0.0
2024-06-07 14:30:00-04:00,31.65999984741211,31.666200637817383,31.280000686645508,31.295000076293945,16250,0.0,0.0,0.0
2024-06-07 15:30:00-04:00,31.31999969482422,31.469999313354492,31.170000076293945,31.25,18070,0.0,0.0,0.0
2024-06-10 09:30:00-04:00,31.709999084472656,31.875,30.8799991607666,31.489999771118164,294130,0.0,0.0,0.0
2024-06-10 10:30:00-04:00,31.5,32.0,31.469999313354492,31.790000915527344,129971,0.0,0.0,0.0
2024-06-10 11:30:00-04:00,31.770000457763672,32.0,31.700000762939453,31.849899291992188,66000,0.0,0.0,0.0
2024-06-10 12:30:00-04:00,31.799999237060547,32.31999969482422,31.7549991607666,32.150001525878906,185457,0.0,0.0,0.0
2024-06-10 13:30:00-04:00,32.23720169067383,32.63999938964844,32.22010040283203,32.560001373291016,41123,0.0,0.0,0.0
2024-06-10 14:30:00-04:00,32.61000061035156,32.706600189208984,32.189998626708984,32.220001220703125,75472,0.0,0.0,0.0
2024-06-10 15:30:00-04:00,32.22639846801758,32.599998474121094,32.22639846801758,32.540000915527344,35722,0.0,0.0,0.0
2024-06-11 09:30:00-04:00,32.529998779296875,34.790000915527344,32.2400016784668,34.04999923706055,390630,0.0,0.0,0.0
2024-06-11 10:30:00-04:00,34.0817985534668,34.58000183105469,33.95000076293945,34.54999923706055,313379,0.0,0.0,0.0
2024-06-11 11:30:00-04:00,34.56999969482422,34.91999816894531,34.33000183105469,34.867801666259766,122177,0.0,0.0,0.0
2024-06-11 12:30:00-04:00,34.810001373291016,34.8849983215332,34.33000183105469,34.46989822387695,117654,0.0,0.0,0.0
2024-06-11 13:30:00-04:00,34.41999816894531,34.41999816894531,33.95000076293945,33.97999954223633,232545,0.0,0.0,0.0
2024-06-11 14:30:00-04:00,33.97999954223633,34.290000915527344,33.900001525878906,34.11000061035156,68955,0.0,0.0,0.0
2024-06-11 15:30:00-04:00,34.09000015258789,34.239898681640625,33.71500015258789,33.72999954223633,38597,0.0,0.0,0.0
2024-06-12 09:30:00-04:00,33.56999969482422,34.04999923706055,31.66010093688965,31.66010093688965,700109,0.0,0.0,0.0
2024-06-12 10:30:00-04:00,31.686399459838867,31.760000228881836,30.65999984741211,30.65999984741211,454242,0.0,0.0,0.0
2024-06-12 11:30:00-04:00,30.67930030822754,30.920000076293945,30.0,30.459999084472656,284520,0.0,0.0,0.0
2024-06-12 12:30:00-04:00,30.450000762939453,30.6200008392334,30.1299991607666,30.450000762939453,136311,0.0,0.0,0.0
2024-06-12 13:30:00-04:00,30.454999923706055,30.93000030517578,29.840099334716797,29.850099563598633,202634,0.0,0.0,0.0
2024-06-12 14:30:00-04:00,29.93000030517578,30.818500518798828,29.915000915527344,30.818500518798828,222834,0.0,0.0,0.0
2024-06-12 15:30:00-04:00,30.89929962158203,31.229999542236328,30.649999618530273,31.095199584960938,148298,0.0,0.0,0.0
2024-06-13 09:30:00-04:00,27.24959945678711,28.889999389648438,26.30500030517578,28.389999389648438,1362268,0.0,0.0,0.0
2024-06-13 10:30:00-04:00,28.399999618530273,29.469999313354492,28.3700008392334,28.780000686645508,604254,0.0,0.0,0.0
2024-06-13 11:30:00-04:00,28.780000686645508,28.97800064086914,28.200000762939453,28.56999969482422,148489,0.0,0.0,0.0
2024-06-13 12:30:00-04:00,28.549999237060547,29.149999618530273,28.450000762939453,28.7903995513916,83437,0.0,0.0,0.0
2024-06-13 13:30:00-04:00,28.829999923706055,28.85770034790039,28.4950008392334,28.610000610351562,120401,0.0,0.0,0.0
2024-06-13 14:30:00-04:00,28.559999465942383,29.219999313354492,28.485000610351562,29.190000534057617,108446,0.0,0.0,0.0
2024-06-13 15:30:00-04:00,29.25,29.65999984741211,29.11319923400879,29.280000686645508,146915,0.0,0.0,0.0
2024-06-14 09:30:00-04:00,28.239999771118164,30.672199249267578,28.180400848388672,30.3700008392334,485289,0.0,0.0,0.0
2024-06-14 10:30:00-04:00,30.31999969482422,30.56999969482422,30.190000534057617,30.35919952392578,169331,0.0,0.0,0.0
2024-06-14 11:30:00-04:00,30.350000381469727,31.06999969482422,30.299999237060547,30.47249984741211,247558,0.0,0.0,0.0
2024-06-14 12:30:00-04:00,30.48979949951172,30.524999618530273,30.200000762939453,30.34000015258789,118143,0.0,0.0,0.0
2024-06-14 13:30:00-04:00,30.352399826049805,30.84000015258789,30.352399826049805,30.75,104961,0.0,0.0,0.0
2024-06-14 14:30:00-04:00,30.790000915527344,30.81999969482422,30.530000686645508,30.530000686645508,31285,0.0,0.0,0.0
2024-06-14 15:30:00-04:00,30.540199279785156,30.790000915527344,30.540199279785156,30.750099182128906,66156,0.0,0.0,0.0
2024-06-17 09:30:00-04:00,30.739999771118164,30.989999771118164,29.31999969482422,29.459999084472656,550614,0.0,0.0,0.0
2024-06-17 10:30:00-04:00,29.3799991607666,29.40999984741211,27.82670021057129,28.1299991607666,458896,0.0,0.0,0.0
2024-06-17 11:30:00-04:00,28.18000030517578,28.270000457763672,27.650100708007812,27.899999618530273,305703,0.0,0.0,0.0
2024-06-17 12:30:00-04:00,27.899999618530273,28.540000915527344,27.61370086669922,27.700000762939453,268784,0.0,0.0,0.0
2024-06-17 13:30:00-04:00,27.649999618530273,27.790000915527344,27.079999923706055,27.649999618530273,368306,0.0,0.0,0.0
2024-06-17 14:30:00-04:00,27.709999084472656,27.920000076293945,27.170000076293945,27.209999084472656,279131,0.0,0.0,0.0
2024-06-17 15:30:00-04:00,27.19499969482422,27.549999237060547,27.10890007019043,27.549999237060547,173438,0.0,0.0,0.0
2024-06-18 09:30:00-04:00,27.81999969482422,28.75,27.639999389648438,28.65999984741211,882612,0.0,0.0,0.0
2024-06-18 10:30:00-04:00,28.69499969482422,28.9950008392334,28.489999771118164,28.75,362451,0.0,0.0,0.0
2024-06-18 11:30:00-04:00,28.7450008392334,28.829500198364258,28.26059913635254,28.329999923706055,136127,0.0,0.0,0.0
2024-06-18 12:30:00-04:00,28.350000381469727,28.618200302124023,28.200000762939453,28.3700008392334,58214,0.0,0.0,0.0
2024-06-18 13:30:00-04:00,28.329999923706055,28.559999465942383,28.15999984741211,28.22089958190918,49530,0.0,0.0,0.0
2024-06-18 14:30:00-04:00,28.239999771118164,28.399999618530273,28.219999313354492,28.399999618530273,43875,0.0,0.0,0.0
2024-06-18 15:30:00-04:00,28.4606990814209,28.4606990814209,28.219999313354492,28.290000915527344,46432,0.0,0.0,0.0
2024-06-20 09:30:00-04:00,28.3799991607666,29.538000106811523,28.190000534057617,29.040000915527344,370324,0.0,0.0,0.0
2024-06-20 10:30:00-04:00,29.020000457763672,29.170000076293945,28.549999237060547,28.899999618530273,116004,0.0,0.0,0.0
2024-06-20 11:30:00-04:00,28.897499084472656,29.260000228881836,28.760000228881836,29.260000228881836,57040,0.0,0.0,0.0
2024-06-20 12:30:00-04:00,29.240100860595703,29.75,29.219999313354492,29.729999542236328,93644,0.0,0.0,0.0
2024-06-20 13:30:00-04:00,29.719999313354492,29.850000381469727,29.3799991607666,29.399999618530273,39543,0.0,0.0,0.0
2024-06-20 14:30:00-04:00,29.41349983215332,29.729999542236328,29.401899337768555,29.440000534057617,30609,0.0,0.0,0.0
2024-06-20 15:30:00-04:00,29.46500015258789,29.520000457763672,29.200000762939453,29.309999465942383,28993,0.0,0.0,0.0
2024-06-21 09:30:00-04:00,29.100000381469727,29.579999923706055,28.600000381469727,29.25,287101,0.0,0.0,0.0
2024-06-21 10:30:00-04:00,29.270000457763672,29.31999969482422,28.559999465942383,29.1299991607666,90450,0.0,0.0,0.0
2024-06-21 11:30:00-04:00,29.149700164794922,29.260000228881836,28.969999313354492,29.059999465942383,23438,0.0,0.0,0.0
2024-06-21 12:30:00-04:00,28.8700008392334,29.3700008392334,28.8700008392334,29.31999969482422,44222,0.0,0.0,0.0
2024-06-21 13:30:00-04:00,29.336000442504883,29.46269989013672,29.15999984741211,29.170000076293945,29128,0.0,0.0,0.0
2024-06-21 14:30:00-04:00,29.196199417114258,29.389999389648438,29.190000534057617,29.19420051574707,14517,0.0,0.0,0.0
2024-06-21 15:30:00-04:00,29.209999084472656,29.260000228881836,28.68000030517578,28.860000610351562,24546,0.0,0.0,0.0
2024-06-24 09:30:00-04:00,28.239999771118164,28.579999923706055,27.229999542236328,28.579999923706055,326924,0.0,0.0,0.0
2024-06-24 10:30:00-04:00,28.579999923706055,28.979999542236328,28.049999237060547,28.280000686645508,159449,0.0,0.0,0.0
2024-06-24 11:30:00-04:00,28.34000015258789,28.34000015258789,28.100000381469727,28.13010025024414,30768,0.0,0.0,0.0
2024-06-24 12:30:00-04:00,28.149999618530273,28.709999084472656,28.134000778198242,28.700000762939453,46160,0.0,0.0,0.0
2024-06-24 13:30:00-04:00,28.700000762939453,28.860000610351562,28.610000610351562,28.75,78553,0.0,0.0,0.0
2024-06-24 14:30:00-04:00,28.760000228881836,28.760000228881836,28.450000762939453,28.450000762939453,20884,0.0,0.0,0.0
2024-06-24 15:30:00-04:00,28.450000762939453,29.010000228881836,28.450000762939453,28.959999084472656,32928,0.0,0.0,0.0
2024-06-25 09:30:00-04:00,28.59000015258789,29.108400344848633,27.6299991607666,27.899999618530273,271714,0.0,0.0,0.0
2024-06-25 10:30:00-04:00,27.915000915527344,28.270000457763672,27.68000030517578,27.920000076293945,120793,0.0,0.0,0.0
2024-06-25 11:30:00-04:00,27.91990089416504,27.979999542236328,27.329700469970703,27.93000030517578,138010,0.0,0.0,0.0
2024-06-25 12:30:00-04:00,27.969999313354492,28.299999237060547,27.829999923706055,28.079999923706055,99540,0.0,0.0,0.0
2024-06-25 13:30:00-04:00,28.200000762939453,28.309999465942383,27.68000030517578,27.690000534057617,54810,0.0,0.0,0.0
2024-06-25 14:30:00-04:00,27.67009925842285,27.709999084472656,27.389999389648438,27.440000534057617,55558,0.0,0.0,0.0
2024-06-25 15:30:00-04:00,27.440000534057617,27.729999542236328,27.40399932861328,27.530000686645508,35907,0.0,0.0,0.0
2024-06-26 09:30:00-04:00,27.75,27.75,25.513700485229492,26.110000610351562,646313,0.0,0.0,0.0
2024-06-26 10:30:00-04:00,26.09000015258789,26.200000762939453,25.66119956970215,25.84000015258789,197560,0.0,0.0,0.0
2024-06-26 11:30:00-04:00,25.809999465942383,25.928300857543945,25.1200008392334,25.370100021362305,240843,0.0,0.0,0.0
2024-06-26 12:30:00-04:00,25.520000457763672,25.854999542236328,25.219999313354492,25.290000915527344,117690,0.0,0.0,0.0
2024-06-26 13:30:00-04:00,25.308000564575195,25.459999084472656,24.901399612426758,24.969600677490234,123158,0.0,0.0,0.0
2024-06-26 14:30:00-04:00,24.950000762939453,25.1299991607666,24.719999313354492,24.84000015258789,189244,0.0,0.0,0.0
2024-06-26 15:30:00-04:00,24.760000228881836,24.8700008392334,24.5049991607666,24.8700008392334,311736,0.0,0.0,0.0
2024-06-27 09:30:00-04:00,25.110000610351562,25.41830062866211,24.303600311279297,24.690000534057617,466478,0.0,0.0,0.0
2024-06-27 10:30:00-04:00,24.780000686645508,25.260000228881836,24.709999084472656,25.249900817871094,154288,0.0,0.0,0.0
2024-06-27 11:30:00-04:00,25.240100860595703,25.389999389648438,24.8799991607666,25.0,137999,0.0,0.0,0.0
2024-06-27 12:30:00-04:00,24.93199920654297,24.959999084472656,24.760000228881836,24.790000915527344,27760,0.0,0.0,0.0
2024-06-27 13:30:00-04:00,24.809999465942383,25.128000259399414,24.704200744628906,25.040000915527344,41593,0.0,0.0,0.0
2024-06-27 14:30:00-04:00,24.98200035095215,25.040000915527344,24.709999084472656,24.770000457763672,93598,0.0,0.0,0.0
2024-06-27 15:30:00-04:00,24.719999313354492,24.739999771118164,24.479999542236328,24.59000015258789,99956,0.0,0.0,0.0
2024-06-28 09:30:00-04:00,24.110000610351562,24.309999465942383,23.239999771118164,23.850000381469727,614312,0.0,0.0,0.0
2024-06-28 10:30:00-04:00,23.8700008392334,23.8700008392334,23.18000030517578,23.799999237060547,292955,0.0,0.0,0.0
2024-06-28 11:30:00-04:00,23.75,24.65999984741211,23.64080047607422,24.559999465942383,300211,0.0,0.0,0.0
2024-06-28 12:30:00-04:00,24.559999465942383,25.110000610351562,24.559999465942383,24.75,248818,0.0,0.0,0.0
2024-06-28 13:30:00-04:00,24.74049949645996,24.84469985961914,24.57990074157715,24.75,105810,0.0,0.0,0.0
2024-06-28 14:30:00-04:00,24.790000915527344,25.0,24.760000228881836,24.940000534057617,55524,0.0,0.0,0.0
2024-06-28 15:30:00-04:00,24.940000534057617,25.1200008392334,24.450000762939453,24.489999771118164,130231,0.0,0.0,0.0
2024-07-01 09:30:00-04:00,23.690000534057617,23.690000534057617,21.520000457763672,21.56999969482422,1216264,0.0,0.0,0.0
2024-07-01 10:30:00-04:00,21.559999465942383,22.089799880981445,21.149999618530273,21.420000076293945,902847,0.0,0.0,0.0
2024-07-01 11:30:00-04:00,21.440000534057617,21.65880012512207,21.219999313354492,21.459999084472656,445354,0.0,0.0,0.0
2024-07-01 12:30:00-04:00,21.5,21.760000228881836,21.309799194335938,21.579999923706055,394709,0.0,0.0,0.0
2024-07-01 13:30:00-04:00,21.59000015258789,21.75,20.709999084472656,20.979999542236328,598911,0.0,0.0,0.0
2024-07-01 14:30:00-04:00,20.979799270629883,21.595699310302734,20.809999465942383,21.3700008392334,372518,0.0,0.0,0.0
2024-07-01 15:30:00-04:00,21.364999771118164,21.670299530029297,21.040000915527344,21.500999450683594,348803,0.0,0.0,0.0
2024-07-02 09:30:00-04:00,19.690000534057617,19.81999969482422,17.550500869750977,17.561199188232422,3137650,0.0,0.0,0.0
2024-07-02 10:30:00-04:00,17.565000534057617,17.989999771118164,17.229999542236328,17.490100860595703,1535453,0.0,0.0,0.0
2024-07-02 11:30:00-04:00,17.520000457763672,18.06999969482422,17.489999771118164,17.63010025024414,545144,0.0,0.0,0.0
2024-07-02 12:30:00-04:00,17.6200008392334,17.990699768066406,17.489999771118164,17.985000610351562,308633,0.0,0.0,0.0
2024-07-02 13:30:00-04:00,17.959999084472656,18.280000686645508,17.600000381469727,17.672399520874023,559985,0.0,0.0,0.0
2024-07-02 14:30:00-04:00,17.690000534057617,17.851200103759766,17.514999389648438,17.739900588989258,228734,0.0,0.0,0.0
2024-07-02 15:30:00-04:00,17.729999542236328,17.729999542236328,17.200000762939453,17.200000762939453,307339,0.0,0.0,0.0
2024-07-03 09:30:00-04:00,16.6200008392334,16.697799682617188,15.130399703979492,15.180000305175781,3767736,0.0,0.0,0.0
2024-07-03 10:30:00-04:00,15.15999984741211,15.619999885559082,14.59000015258789,15.529999732971191,3395761,0.0,0.0,0.0
2024-07-03 11:30:00-04:00,15.510000228881836,15.819999694824219,14.925000190734863,15.087699890136719,1598036,0.0,0.0,0.0
2024-07-05 09:30:00-04:00,14.420999526977539,15.349900245666504,14.09000015258789,14.84749984741211,3841216,0.0,0.0,0.0
2024-07-05 10:30:00-04:00,14.84000015258789,14.949999809265137,14.380000114440918,14.578300476074219,847446,0.0,0.0,0.0
2024-07-05 11:30:00-04:00,14.640000343322754,14.949899673461914,14.501500129699707,14.927599906921387,608907,0.0,0.0,0.0
2024-07-05 12:30:00-04:00,14.949999809265137,15.149999618530273,14.800000190734863,14.850000381469727,575709,0.0,0.0,0.0
2024-07-05 13:30:00-04:00,14.838700294494629,14.85990047454834,14.411199569702148,14.520000457763672,501608,0.0,0.0,0.0
2024-07-05 14:30:00-04:00,14.520000457763672,14.630000114440918,14.255000114440918,14.37969970703125,596194,0.0,0.0,0.0
2024-07-05 15:30:00-04:00,14.390000343322754,14.491999626159668,14.220000267028809,14.251199722290039,399654,0.0,0.0,0.0
2024-07-08 09:30:00-04:00,14.720000267028809,15.049599647521973,13.975000381469727,14.350000381469727,2668192,0.0,0.0,0.0
2024-07-08 10:30:00-04:00,14.38479995727539,14.390000343322754,13.680000305175781,13.710000038146973,1152695,0.0,0.0,0.0
2024-07-08 11:30:00-04:00,13.728799819946289,13.799699783325195,13.369999885559082,13.760000228881836,1554427,0.0,0.0,0.0
2024-07-08 12:30:00-04:00,13.729999542236328,14.5600004196167,13.729999542236328,14.210200309753418,1477307,0.0,0.0,0.0
2024-07-08 13:30:00-04:00,14.220000267028809,14.34000015258789,14.100199699401855,14.238800048828125,889951,0.0,0.0,0.0
2024-07-08 14:30:00-04:00,14.220000267028809,14.359999656677246,14.029999732971191,14.109999656677246,515238,0.0,0.0,0.0
2024-07-08 15:30:00-04:00,14.069999694824219,14.444999694824219,13.949999809265137,14.109999656677246,505638,0.0,0.0,0.0
2024-07-09 09:30:00-04:00,14.300000190734863,14.390000343322754,13.529999732971191,13.75,2519322,0.0,0.0,0.0
2024-07-09 10:30:00-04:00,13.78499984741211,13.900199890136719,13.35099983215332,13.479999542236328,2021779,0.0,0.0,0.0
2024-07-09 11:30:00-04:00,13.470000267028809,13.5600004196167,12.819999694824219,12.869999885559082,2485084,0.0,0.0,0.0
2024-07-09 12:30:00-04:00,12.869999885559082,13.3100004196167,12.789999961853027,13.279999732971191,2573818,0.0,0.0,0.0
2024-07-09 13:30:00-04:00,13.270000457763672,13.300000190734863,12.720000267028809,13.009900093078613,1141878,0.0,0.0,0.0
2024-07-09 14:30:00-04:00,13.0,13.135000228881836,12.880000114440918,13.050000190734863,817323,0.0,0.0,0.0
2024-07-09 15:30:00-04:00,13.0649995803833,13.169699668884277,12.96500015258789,13.0600004196167,443715,0.0,0.0,0.0
2024-07-10 09:30:00-04:00,13.039999961853027,13.389699935913086,12.744999885559082,13.389699935913086,3372529,0.0,0.0,0.0
2024-07-10 10:30:00-04:00,13.381199836730957,13.519499778747559,12.971199989318848,13.109999656677246,1844318,0.0,0.0,0.0
2024-07-10 11:30:00-04:00,13.100000381469727,13.140000343322754,12.859999656677246,12.954999923706055,771681,0.0,0.0,0.0
2024-07-10 12:30:00-04:00,12.9399995803833,12.949999809265137,12.739999771118164,12.781200408935547,793597,0.0,0.0,0.0
2024-07-10 13:30:00-04:00,12.789999961853027,12.829999923706055,12.550000190734863,12.699999809265137,1196091,0.0,0.0,0.0
2024-07-10 14:30:00-04:00,12.704999923706055,12.904999732971191,12.630000114440918,12.75879955291748,937579,0.0,0.0,0.0
2024-07-10 15:30:00-04:00,12.759699821472168,12.979999542236328,12.744999885559082,12.979999542236328,528174,0.0,0.0,0.0
2024-07-11 09:30:00-04:00,12.960000038146973,13.020000457763672,12.25,12.688799858093262,4661671,0.0,0.0,0.0
2024-07-11 10:30:00-04:00,12.670000076293945,13.244999885559082,12.510000228881836,13.130000114440918,2401814,0.0,0.0,0.0
2024-07-11 11:30:00-04:00,13.140000343322754,15.121199607849121,13.055000305175781,14.539999961853027,8649465,0.0,0.0,0.0
2024-07-11 12:30:00-04:00,14.54889965057373,14.829999923706055,14.1899995803833,14.475000381469727,2646839,0.0,0.0,0.0
2024-07-11 13:30:00-04:00,14.479999542236328,15.109999656677246,14.475000381469727,14.899900436401367,1824305,0.0,0.0,0.0
2024-07-11 14:30:00-04:00,14.890000343322754,15.220000267028809,14.710000038146973,15.199999809265137,1049681,0.0,0.0,0.0
2024-07-11 15:30:00-04:00,15.204999923706055,15.279999732971191,14.90999984741211,15.149999618530273,848504,0.0,0.0,0.0
2024-07-12 09:30:00-04:00,15.8100004196167,16.15999984741211,14.300000190734863,14.471199989318848,7374783,0.0,0.0,0.0
2024-07-12 10:30:00-04:00,14.479999542236328,14.539999961853027,13.890000343322754,14.149999618530273,3072373,0.0,0.0,0.0
2024-07-12 11:30:00-04:00,14.140000343322754,14.210200309753418,13.8100004196167,14.099900245666504,1899734,0.0,0.0,0.0
2024-07-12 12:30:00-04:00,14.09589958190918,14.180000305175781,13.88010025024414,14.079999923706055,1099102,0.0,0.0,0.0
2024-07-12 13:30:00-04:00,14.098799705505371,14.14009952545166,13.921199798583984,13.925000190734863,573835,0.0,0.0,0.0
2024-07-12 14:30:00-04:00,13.925000190734863,14.148799896240234,13.919899940490723,13.989999771118164,556957,0.0,0.0,0.0
2024-07-12 15:30:00-04:00,13.994999885559082,14.3149995803833,13.949999809265137,14.279999732971191,1112638,0.0,0.0,0.0
2024-07-15 09:30:00-04:00,13.369999885559082,13.729999542236328,12.390000343322754,12.479999542236328,5147760,0.0,0.0,0.0
2024-07-15 10:30:00-04:00,12.440099716186523,12.779999732971191,12.3100004196167,12.720000267028809,1826394,0.0,0.0,0.0
2024-07-15 11:30:00-04:00,12.699999809265137,13.210200309753418,12.580300331115723,12.951199531555176,1700921,0.0,0.0,0.0
2024-07-15 12:30:00-04:00,12.954999923706055,13.041000366210938,12.731200218200684,12.880000114440918,863929,0.0,0.0,0.0
2024-07-15 13:30:00-04:00,12.899999618530273,13.100000381469727,12.840100288391113,12.994999885559082,508668,0.0,0.0,0.0
2024-07-15 14:30:00-04:00,13.021200180053711,13.454999923706055,13.00879955291748,13.449999809265137,717638,0.0,0.0,0.0
2024-07-15 15:30:00-04:00,13.4399995803833,13.859999656677246,13.42020034790039,13.739999771118164,802694,0.0,0.0,0.0
2024-07-16 09:30:00-04:00,13.479999542236328,14.5,13.130000114440918,14.305000305175781,4654870,0.0,0.0,0.0
2024-07-16 10:30:00-04:00,14.3100004196167,14.329999923706055,13.729999542236328,13.84000015258789,1656655,0.0,0.0,0.0
2024-07-16 11:30:00-04:00,13.850000381469727,14.061200141906738,13.609999656677246,13.979999542236328,1121477,0.0,0.0,0.0
2024-07-16 12:30:00-04:00,13.95009994506836,14.0600004196167,13.510000228881836,13.578700065612793,894404,0.0,0.0,0.0
2024-07-16 13:30:00-04:00,13.574999809265137,13.600000381469727,13.300100326538086,13.35990047454834,662373,0.0,0.0,0.0
2024-07-16 14:30:00-04:00,13.369999885559082,13.520000457763672,13.25879955291748,13.404999732971191,817012,0.0,0.0,0.0
2024-07-16 15:30:00-04:00,13.414999961853027,13.430000305175781,13.260100364685059,13.34000015258789,208420,0.0,0.0,0.0
2024-07-17 09:30:00-04:00,13.770000457763672,13.989999771118164,13.160099983215332,13.920000076293945,4131331,0.0,0.0,0.0
2024-07-17 10:30:00-04:00,13.930000305175781,14.168999671936035,13.550000190734863,14.029999732971191,1575255,0.0,0.0,0.0
2024-07-17 11:30:00-04:00,14.029999732971191,14.389900207519531,13.99020004272461,14.260000228881836,1133465,0.0,0.0,0.0
2024-07-17 12:30:00-04:00,14.265000343322754,14.265000343322754,14.029999732971191,14.03499984741211,634110,0.0,0.0,0.0
2024-07-17 13:30:00-04:00,14.045000076293945,14.348799705505371,13.949999809265137,14.21500015258789,546636,0.0,0.0,0.0
2024-07-17 14:30:00-04:00,14.239999771118164,14.425000190734863,14.119999885559082,14.141599655151367,417466,0.0,0.0,0.0
2024-07-17 15:30:00-04:00,14.140999794006348,14.339900016784668,14.110300064086914,14.18910026550293,419282,0.0,0.0,0.0
2024-07-18 09:30:00-04:00,13.859999656677246,14.329999923706055,13.390000343322754,13.519800186157227,2557074,0.0,0.0,0.0
2024-07-18 10:30:00-04:00,13.5,13.978799819946289,13.381199836730957,13.609999656677246,2079020,0.0,0.0,0.0
2024-07-18 11:30:00-04:00,13.614999771118164,13.819999694824219,13.449999809265137,13.569999694824219,1178349,0.0,0.0,0.0
2024-07-18 12:30:00-04:00,13.567999839782715,13.581999778747559,13.210000038146973,13.350000381469727,1012423,0.0,0.0,0.0
2024-07-18 13:30:00-04:00,13.329999923706055,13.930000305175781,13.281200408935547,13.930000305175781,1008886,0.0,0.0,0.0
2024-07-18 14:30:00-04:00,13.930000305175781,14.301199913024902,13.899999618530273,14.170000076293945,932637,0.0,0.0,0.0
2024-07-18 15:30:00-04:00,14.175000190734863,14.268799781799316,13.969900131225586,14.109999656677246,549573,0.0,0.0,0.0
2024-07-19 09:30:00-04:00,14.279999732971191,14.970000267028809,14.140000343322754,14.9399995803833,2588518,0.0,0.0,0.0
2024-07-19 10:30:00-04:00,14.951199531555176,15.140000343322754,14.65999984741211,15.130000114440918,1143648,0.0,0.0,0.0
2024-07-19 11:30:00-04:00,15.119999885559082,15.350199699401855,15.029899597167969,15.289999961853027,790340,0.0,0.0,0.0
2024-07-19 12:30:00-04:00,15.260000228881836,15.510000228881836,15.230999946594238,15.238800048828125,649818,0.0,0.0,0.0
2024-07-19 13:30:00-04:00,15.244999885559082,15.319999694824219,15.098799705505371,15.269800186157227,499914,0.0,0.0,0.0
2024-07-19 14:30:00-04:00,15.270099639892578,15.319999694824219,15.029999732971191,15.090100288391113,343929,0.0,0.0,0.0
2024-07-19 15:30:00-04:00,15.100099563598633,15.3100004196167,15.100000381469727,15.25,674080,0.0,0.0,0.0
2024-07-22 09:30:00-04:00,14.569999694824219,14.680000305175781,13.698800086975098,14.345000267028809,3066183,0.0,0.0,0.0
2024-07-22 10:30:00-04:00,14.340399742126465,14.385000228881836,13.930000305175781,14.329999923706055,894385,0.0,0.0,0.0
2024-07-22 11:30:00-04:00,14.34000015258789,14.369999885559082,13.94849967956543,14.010000228881836,578084,0.0,0.0,0.0
2024-07-22 12:30:00-04:00,13.979999542236328,14.0,13.75,13.779999732971191,860556,0.0,0.0,0.0
2024-07-22 13:30:00-04:00,13.760100364685059,13.8100004196167,13.590299606323242,13.719900131225586,811087,0.0,0.0,0.0
2024-07-22 14:30:00-04:00,13.710000038146973,13.805000305175781,13.489999771118164,13.654999732971191,1252431,0.0,0.0,0.0
2024-07-22 15:30:00-04:00,13.640000343322754,13.720000267028809,13.550299644470215,13.699999809265137,604069,0.0,0.0,0.0
2024-07-23 09:30:00-04:00,13.520000457763672,14.100000381469727,13.260000228881836,13.975000381469727,2835269,0.0,0.0,0.0
2024-07-23 10:30:00-04:00,13.954999923706055,14.329999923706055,13.900300025939941,13.959799766540527,971603,0.0,0.0,0.0
2024-07-23 11:30:00-04:00,13.969400405883789,14.239999771118164,13.880000114440918,14.175000190734863,434786,0.0,0.0,0.0
2024-07-23 12:30:00-04:00,14.201199531555176,14.28499984741211,14.085000038146973,14.128800392150879,408814,0.0,0.0,0.0
2024-07-23 13:30:00-04:00,14.170000076293945,14.1899995803833,14.039999961853027,14.15999984741211,359201,0.0,0.0,0.0
2024-07-23 14:30:00-04:00,14.145000457763672,14.169699668884277,13.930000305175781,13.93120002746582,241462,0.0,0.0,0.0
2024-07-23 15:30:00-04:00,13.939599990844727,14.25,13.939599990844727,14.25,439890,0.0,0.0,0.0
2024-07-24 09:30:00-04:00,16.719999313354492,17.899999618530273,16.600000381469727,17.629899978637695,7247260,0.0,0.0,0.0
2024-07-24 10:30:00-04:00,17.641199111938477,17.789899826049805,17.450000762939453,17.510000228881836,1401907,0.0,0.0,0.0
2024-07-24 11:30:00-04:00,17.5049991607666,17.5049991607666,16.98240089416504,17.149900436401367,1449434,0.0,0.0,0.0
2024-07-24 12:30:00-04:00,17.145000457763672,17.319900512695312,17.06999969482422,17.200000762939453,801606,0.0,0.0,0.0
2024-07-24 13:30:00-04:00,17.200000762939453,17.479999542236328,17.110000610351562,17.291200637817383,569989,0.0,0.0,0.0
2024-07-24 14:30:00-04:00,17.290000915527344,17.540000915527344,17.211999893188477,17.531200408935547,576057,0.0,0.0,0.0
2024-07-24 15:30:00-04:00,17.534799575805664,17.799999237060547,17.375,17.799999237060547,665696,0.0,0.0,0.0
2024-07-25 09:30:00-04:00,17.610000610351562,17.709999084472656,16.371000289916992,16.375,6664034,0.0,0.0,0.0
2024-07-25 10:30:00-04:00,16.3799991607666,16.81999969482422,16.280000686645508,16.670000076293945,1682861,0.0,0.0,0.0
2024-07-25 11:30:00-04:00,16.65999984741211,16.849899291992188,16.399999618530273,16.5,828222,0.0,0.0,0.0
2024-07-25 12:30:00-04:00,16.4950008392334,16.530000686645508,16.1112003326416,16.459999084472656,2103268,0.0,0.0,0.0
2024-07-25 13:30:00-04:00,16.461200714111328,16.52899932861328,16.139999389648438,16.299699783325195,540842,0.0,0.0,0.0
2024-07-25 14:30:00-04:00,16.25,16.739999771118164,16.19499969482422,16.40999984741211,1133577,0.0,0.0,0.0
2024-07-25 15:30:00-04:00,16.40239906311035,17.06999969482422,16.329999923706055,17.06999969482422,378899,0.0,0.0,0.0
2024-07-26 09:30:00-04:00,16.920000076293945,17.739999771118164,16.750499725341797,17.549999237060547,2793887,0.0,0.0,0.0
2024-07-26 10:30:00-04:00,17.56999969482422,17.799999237060547,17.45050048828125,17.620100021362305,1211616,0.0,0.0,0.0
2024-07-26 11:30:00-04:00,17.610000610351562,17.614999771118164,17.010000228881836,17.139999389648438,516513,0.0,0.0,0.0
2024-07-26 12:30:00-04:00,17.12310028076172,17.1299991607666,16.780000686645508,16.80500030517578,536945,0.0,0.0,0.0
2024-07-26 13:30:00-04:00,16.799999237060547,17.15999984741211,16.768800735473633,17.010000228881836,1438078,0.0,0.0,0.0
2024-07-26 14:30:00-04:00,17.040000915527344,17.25,17.0,17.058300018310547,410536,0.0,0.0,0.0
2024-07-26 15:30:00-04:00,17.05500030517578,17.225000381469727,17.030000686645508,17.114999771118164,759967,0.0,0.0,0.0
2024-07-29 09:30:00-04:00,16.350000381469727,16.350000381469727,15.029999732971191,15.149999618530273,2772075,0.0,0.0,0.0
2024-07-29 10:30:00-04:00,15.149999618530273,15.8100004196167,14.875,15.64009952545166,2565388,0.0,0.0,0.0
2024-07-29 11:30:00-04:00,15.640000343322754,15.989899635314941,15.329999923706055,15.390000343322754,1245617,0.0,0.0,0.0
2024-07-29 12:30:00-04:00,15.380000114440918,15.380000114440918,14.90999984741211,15.335000038146973,829782,0.0,0.0,0.0
2024-07-29 13:30:00-04:00,15.350000381469727,15.3996000289917,15.079899787902832,15.319999694824219,631909,0.0,0.0,0.0
2024-07-29 14:30:00-04:00,15.319999694824219,15.630000114440918,15.239999771118164,15.449999809265137,475474,0.0,0.0,0.0
2024-07-29 15:30:00-04:00,15.449999809265137,15.470000267028809,15.119999885559082,15.25,919551,0.0,0.0,0.0
2024-07-30 09:30:00-04:00,15.199999809265137,15.880000114440918,15.199999809265137,15.354999542236328,2426843,0.0,0.0,0.0
2024-07-30 10:30:00-04:00,15.350000381469727,15.970000267028809,15.244999885559082,15.920000076293945,1555301,0.0,0.0,0.0
2024-07-30 11:30:00-04:00,15.920000076293945,16.600000381469727,15.880000114440918,16.511199951171875,885325,0.0,0.0,0.0
2024-07-30 12:30:00-04:00,16.540000915527344,16.780000686645508,16.3700008392334,16.3700008392334,561291,0.0,0.0,0.0
2024-07-30 13:30:00-04:00,16.370100021362305,16.5,16.230300903320312,16.448999404907227,430527,0.0,0.0,0.0
2024-07-30 14:30:00-04:00,16.412500381469727,16.690000534057617,16.3799991607666,16.625,278410,0.0,0.0,0.0
2024-07-30 15:30:00-04:00,16.639999389648438,16.719999313354492,16.25,16.440099716186523,301332,0.0,0.0,0.0
2024-07-31 09:30:00-04:00,15.649999618530273,15.824999809265137,14.6899995803833,15.320099830627441,1824706,0.0,0.0,0.0
2024-07-31 10:30:00-04:00,15.295000076293945,15.3100004196167,15.069899559020996,15.122400283813477,540381,0.0,0.0,0.0
2024-07-31 11:30:00-04:00,15.119999885559082,15.269000053405762,15.069999694824219,15.141200065612793,233159,0.0,0.0,0.0
2024-07-31 12:30:00-04:00,15.150300025939941,15.258299827575684,15.050100326538086,15.225000381469727,394452,0.0,0.0,0.0
2024-07-31 13:30:00-04:00,15.23009967803955,15.479999542236328,15.180000305175781,15.199999809265137,455768,0.0,0.0,0.0
2024-07-31 14:30:00-04:00,15.178999900817871,15.279999732971191,14.880000114440918,15.199999809265137,579237,0.0,0.0,0.0
2024-07-31 15:30:00-04:00,15.1899995803833,15.255000114440918,14.949999809265137,15.069999694824219,506321,0.0,0.0,0.0
2024-08-01 09:30:00-04:00,15.65999984741211,15.8100004196167,15.109999656677246,15.769599914550781,1617121,0.0,0.0,0.0
2024-08-01 10:30:00-04:00,15.760000228881836,16.15999984741211,15.729999542236328,15.990099906921387,806748,0.0,0.0,0.0
2024-08-01 11:30:00-04:00,16.028799057006836,16.38629913330078,15.960100173950195,16.344999313354492,570383,0.0,0.0,0.0
2024-08-01 12:30:00-04:00,16.389799118041992,16.71500015258789,16.350000381469727,16.690000534057617,386630,0.0,0.0,0.0
2024-08-01 13:30:00-04:00,16.680999755859375,17.030000686645508,16.579999923706055,16.96030044555664,531969,0.0,0.0,0.0
2024-08-01 14:30:00-04:00,16.974599838256836,17.399999618530273,16.9060001373291,17.1200008392334,546671,0.0,0.0,0.0
2024-08-01 15:30:00-04:00,17.1200008392334,17.229999542236328,17.0,17.06999969482422,224026,0.0,0.0,0.0
2024-08-02 09:30:00-04:00,17.3700008392334,18.09000015258789,17.190000534057617,17.655000686645508,2279034,0.0,0.0,0.0
2024-08-02 10:30:00-04:00,17.649999618530273,18.594999313354492,17.440000534057617,18.329999923706055,1145440,0.0,0.0,0.0
2024-08-02 11:30:00-04:00,18.309999465942383,18.460100173950195,17.860000610351562,18.21030044555664,480088,0.0,0.0,0.0
2024-08-02 12:30:00-04:00,18.239999771118164,18.549999237060547,18.110000610351562,18.549999237060547,294324,0.0,0.0,0.0
2024-08-02 13:30:00-04:00,18.565000534057617,18.82990074157715,18.424999237060547,18.43000030517578,355183,0.0,0.0,0.0
2024-08-02 14:30:00-04:00,18.434999465942383,18.799999237060547,18.337799072265625,18.670000076293945,330474,0.0,0.0,0.0
2024-08-02 15:30:00-04:00,18.655000686645508,18.825000762939453,18.479999542236328,18.524999618530273,351060,0.0,0.0,0.0
2024-08-05 09:30:00-04:00,22.56999969482422,23.079999923706055,19.6299991607666,20.829999923706055,2921044,0.0,0.0,0.0
2024-08-05 10:30:00-04:00,20.791200637817383,20.799999237060547,19.23430061340332,19.670000076293945,999187,0.0,0.0,0.0
2024-08-05 11:30:00-04:00,19.68000030517578,19.959999084472656,19.389999389648438,19.40999984741211,468966,0.0,0.0,0.0
2024-08-05 12:30:00-04:00,19.40999984741211,20.120100021362305,19.40999984741211,19.940000534057617,428049,0.0,0.0,0.0
2024-08-05 13:30:00-04:00,19.898799896240234,20.259700775146484,19.600000381469727,20.100799560546875,203695,0.0,0.0,0.0
2024-08-05 14:30:00-04:00,20.09000015258789,20.59000015258789,20.0,20.204999923706055,252165,0.0,0.0,0.0
2024-08-05 15:30:00-04:00,20.139999389648438,20.43000030517578,20.020000457763672,20.110000610351562,371064,0.0,0.0,0.0
2024-08-06 09:30:00-04:00,19.700000762939453,21.350000381469727,19.700000762939453,20.670000076293945,2170624,0.0,0.0,0.0
2024-08-06 10:30:00-04:00,20.649999618530273,20.90999984741211,20.338600158691406,20.860000610351562,560959,0.0,0.0,0.0
2024-08-06 11:30:00-04:00,20.860000610351562,20.860000610351562,19.649999618530273,19.799699783325195,535664,0.0,0.0,0.0
2024-08-06 12:30:00-04:00,19.81999969482422,20.010000228881836,19.469999313354492,19.584999084472656,338325,0.0,0.0,0.0
2024-08-06 13:30:00-04:00,19.559999465942383,19.700000762939453,19.370399475097656,19.424999237060547,282759,0.0,0.0,0.0
2024-08-06 14:30:00-04:00,19.44499969482422,19.97130012512207,19.290000915527344,19.670000076293945,485428,0.0,0.0,0.0
2024-08-06 15:30:00-04:00,19.649999618530273,19.860000610351562,19.524999618530273,19.860000610351562,241964,0.0,0.0,0.0
2024-08-07 09:30:00-04:00,19.700000762939453,20.329999923706055,19.200000762939453,20.280000686645508,772308,0.0,0.0,0.0
2024-08-07 10:30:00-04:00,20.270000457763672,20.43000030517578,19.79010009765625,20.125,229699,0.0,0.0,0.0
2024-08-07 11:30:00-04:00,20.094999313354492,20.639999389648438,20.010000228881836,20.217500686645508,333297,0.0,0.0,0.0
2024-08-07 12:30:00-04:00,20.249900817871094,20.81999969482422,20.170000076293945,20.678800582885742,241955,0.0,0.0,0.0
2024-08-07 13:30:00-04:00,20.649999618530273,21.428800582885742,20.5049991607666,21.145000457763672,386565,0.0,0.0,0.0
2024-08-07 14:30:00-04:00,21.149999618530273,21.4689998626709,20.97879981994629,21.190000534057617,266416,0.0,0.0,0.0
2024-08-07 15:30:00-04:00,21.2450008392334,21.549999237060547,21.114999771118164,21.530000686645508,201674,0.0,0.0,0.0
2024-08-08 09:30:00-04:00,20.59000015258789,21.43000030517578,20.229999542236328,20.25,983033,0.0,0.0,0.0
2024-08-08 10:30:00-04:00,20.239999771118164,20.329999923706055,19.799999237060547,19.934999465942383,623178,0.0,0.0,0.0
2024-08-08 11:30:00-04:00,19.950000762939453,20.344999313354492,19.871999740600586,20.2450008392334,324809,0.0,0.0,0.0
2024-08-08 12:30:00-04:00,20.270000457763672,20.44099998474121,19.68000030517578,19.689699172973633,281984,0.0,0.0,0.0
2024-08-08 13:30:00-04:00,19.68000030517578,19.855199813842773,19.510000228881836,19.670000076293945,265685,0.0,0.0,0.0
2024-08-08 14:30:00-04:00,19.635000228881836,20.125,19.63159942626953,20.094999313354492,328240,0.0,0.0,0.0
2024-08-08 15:30:00-04:00,20.08970069885254,20.185100555419922,19.799999237060547,19.889999389648438,241076,0.0,0.0,0.0
2024-08-09 09:30:00-04:00,20.31999969482422,20.56999969482422,19.68000030517578,20.479999542236328,1077965,0.0,0.0,0.0
2024-08-09 10:30:00-04:00,20.510000228881836,20.670000076293945,19.8700008392334,20.149999618530273,369304,0.0,0.0,0.0
2024-08-09 11:30:00-04:00,20.139999389648438,20.420000076293945,20.09000015258789,20.252199172973633,113464,0.0,0.0,0.0
2024-08-09 12:30:00-04:00,20.229999542236328,20.23040008544922,19.65999984741211,19.670000076293945,135864,0.0,0.0,0.0
2024-08-09 13:30:00-04:00,19.649900436401367,19.860000610351562,19.540000915527344,19.799999237060547,220893,0.0,0.0,0.0
2024-08-09 14:30:00-04:00,19.769899368286133,19.854999542236328,19.600000381469727,19.780000686645508,131336,0.0,0.0,0.0
2024-08-09 15:30:00-04:00,19.750099182128906,19.809999465942383,19.670000076293945,19.709999084472656,87901,0.0,0.0,0.0
2024-08-12 09:30:00-04:00,20.010000228881836,20.739999771118164,19.989999771118164,20.31999969482422,709486,0.0,0.0,0.0
2024-08-12 10:30:00-04:00,20.290000915527344,20.499900817871094,20.049999237060547,20.405000686645508,317397,0.0,0.0,0.0
2024-08-12 11:30:00-04:00,20.459999084472656,20.729999542236328,20.174999237060547,20.270000457763672,215058,0.0,0.0,0.0
2024-08-12 12:30:00-04:00,20.22010040283203,20.420000076293945,20.110000610351562,20.185100555419922,149963,0.0,0.0,0.0
2024-08-12 13:30:00-04:00,20.18000030517578,20.280000686645508,19.94179916381836,20.010000228881836,229190,0.0,0.0,0.0
2024-08-12 14:30:00-04:00,20.024999618530273,20.200000762939453,20.020000457763672,20.15999984741211,202210,0.0,0.0,0.0
2024-08-12 15:30:00-04:00,20.149999618530273,20.280000686645508,20.05500030517578,20.209999084472656,158936,0.0,0.0,0.0
2024-08-13 09:30:00-04:00,19.979999542236328,20.260000228881836,18.49090003967285,18.640100479125977,1069018,0.0,0.0,0.0
2024-08-13 10:30:00-04:00,18.69969940185547,18.91010093688965,18.34000015258789,18.600000381469727,453151,0.0,0.0,0.0
2024-08-13 11:30:00-04:00,18.56999969482422,18.80500030517578,18.559999465942383,18.600000381469727,216806,0.0,0.0,0.0
2024-08-13 12:30:00-04:00,18.61989974975586,18.670000076293945,17.97130012512207,18.15999984741211,333105,0.0,0.0,0.0
2024-08-13 13:30:00-04:00,18.140100479125977,18.5,18.140100479125977,18.260000228881836,356398,0.0,0.0,0.0
2024-08-13 14:30:00-04:00,18.261199951171875,18.450000762939453,18.174999237060547,18.31719970703125,174642,0.0,0.0,0.0
2024-08-13 15:30:00-04:00,18.299999237060547,18.299999237060547,17.979999542236328,18.050100326538086,115854,0.0,0.0,0.0
2024-08-14 09:30:00-04:00,18.1200008392334,19.450000762939453,18.010000228881836,19.27120018005371,1049507,0.0,0.0,0.0
2024-08-14 10:30:00-04:00,19.278799057006836,19.6200008392334,19.15019989013672,19.219999313354492,307235,0.0,0.0,0.0
2024-08-14 11:30:00-04:00,19.209999084472656,19.579999923706055,18.96030044555664,19.520000457763672,288892,0.0,0.0,0.0
2024-08-14 12:30:00-04:00,19.549999237060547,19.84000015258789,19.459999084472656,19.499799728393555,147017,0.0,0.0,0.0
2024-08-14 13:30:00-04:00,19.461200714111328,19.635000228881836,19.413299560546875,19.459999084472656,119446,0.0,0.0,0.0
2024-08-14 14:30:00-04:00,19.459999084472656,19.649999618530273,19.450000762939453,19.559999465942383,127261,0.0,0.0,0.0
2024-08-14 15:30:00-04:00,19.569000244140625,19.610000610351562,19.299999237060547,19.34000015258789,138228,0.0,0.0,0.0
2024-08-15 09:30:00-04:00,18.549999237060547,18.6200008392334,16.811399459838867,16.822399139404297,1217932,0.0,0.0,0.0
2024-08-15 10:30:00-04:00,16.820100784301758,16.969999313354492,16.58009910583496,16.940000534057617,804929,0.0,0.0,0.0
2024-08-15 11:30:00-04:00,16.969999313354492,17.1200008392334,16.83009910583496,16.940000534057617,519259,0.0,0.0,0.0
2024-08-15 12:30:00-04:00,16.940000534057617,17.06089973449707,16.860000610351562,16.94729995727539,298694,0.0,0.0,0.0
2024-08-15 13:30:00-04:00,16.934999465942383,16.94499969482422,16.575000762939453,16.90920066833496,476150,0.0,0.0,0.0
2024-08-15 14:30:00-04:00,16.905000686645508,17.010099411010742,16.851200103759766,16.93000030517578,348967,0.0,0.0,0.0
2024-08-15 15:30:00-04:00,16.93000030517578,16.979999542236328,16.729999542236328,16.899999618530273,249134,0.0,0.0,0.0
2024-08-16 09:30:00-04:00,17.40999984741211,17.40999984741211,16.010000228881836,16.24880027770996,1732347,0.0,0.0,0.0
2024-08-16 10:30:00-04:00,16.27359962463379,16.899999618530273,16.209999084472656,16.825000762939453,976716,0.0,0.0,0.0
2024-08-16 11:30:00-04:00,16.809999465942383,16.860000610351562,16.490699768066406,16.550100326538086,426639,0.0,0.0,0.0
2024-08-16 12:30:00-04:00,16.532699584960938,16.58989906311035,16.350000381469727,16.354999542236328,247601,0.0,0.0,0.0
2024-08-16 13:30:00-04:00,16.354999542236328,16.665000915527344,16.29010009765625,16.597200393676758,371722,0.0,0.0,0.0
2024-08-16 14:30:00-04:00,16.584999084472656,16.665000915527344,16.510000228881836,16.530000686645508,202724,0.0,0.0,0.0
2024-08-16 15:30:00-04:00,16.53499984741211,16.609899520874023,16.5049991607666,16.56999969482422,87723,0.0,0.0,0.0
2024-08-19 09:30:00-04:00,16.450000762939453,16.895000457763672,15.710100173950195,15.728899955749512,1630462,0.0,0.0,0.0
2024-08-19 10:30:00-04:00,15.710000038146973,16.149999618530273,15.649999618530273,16.010000228881836,730103,0.0,0.0,0.0
2024-08-19 11:30:00-04:00,16.030000686645508,16.07900047302246,15.795000076293945,15.859700202941895,419885,0.0,0.0,0.0
2024-08-19 12:30:00-04:00,15.859999656677246,15.969900131225586,15.760000228881836,15.875,173284,0.0,0.0,0.0
2024-08-19 13:30:00-04:00,15.845000267028809,15.9350004196167,15.788800239562988,15.795000076293945,135986,0.0,0.0,0.0
2024-08-19 14:30:00-04:00,15.795000076293945,15.800000190734863,15.550000190734863,15.569999694824219,317269,0.0,0.0,0.0
2024-08-19 15:30:00-04:00,15.561200141906738,15.649999618530273,15.555000305175781,15.569999694824219,342598,0.0,0.0,0.0
2024-08-20 09:30:00-04:00,15.3100004196167,15.789999961853027,14.829999923706055,15.71500015258789,2001058,0.0,0.0,0.0
2024-08-20 10:30:00-04:00,15.708600044250488,16.014999389648438,15.59000015258789,15.75,836921,0.0,0.0,0.0
2024-08-20 11:30:00-04:00,15.760000228881836,15.8100004196167,15.479999542236328,15.61769962310791,297376,0.0,0.0,0.0
2024-08-20 12:30:00-04:00,15.619999885559082,15.930000305175781,15.494999885559082,15.789999961853027,266072,0.0,0.0,0.0
2024-08-20 13:30:00-04:00,15.8100004196167,15.869999885559082,15.751199722290039,15.8149995803833,68754,0.0,0.0,0.0
2024-08-20 14:30:00-04:00,15.78499984741211,15.789999961853027,15.675000190734863,15.734999656677246,112680,0.0,0.0,0.0
2024-08-20 15:30:00-04:00,15.763999938964844,15.8100004196167,15.619999885559082,15.8100004196167,59264,0.0,0.0,0.0
2024-08-21 09:30:00-04:00,15.579999923706055,16.125,15.3100004196167,15.849900245666504,1066889,0.0,0.0,0.0
2024-08-21 10:30:00-04:00,15.858799934387207,15.895000457763672,15.5,15.765000343322754,533874,0.0,0.0,0.0
2024-08-21 11:30:00-04:00,15.774999618530273,16.05500030517578,15.761199951171875,15.795000076293945,394136,0.0,0.0,0.0
2024-08-21 12:30:00-04:00,15.800000190734863,15.806099891662598,15.635000228881836,15.694999694824219,166873,0.0,0.0,0.0
2024-08-21 13:30:00-04:00,15.670000076293945,15.675000190734863,15.454999923706055,15.454999923706055,256695,0.0,0.0,0.0
2024-08-21 14:30:00-04:00,15.468999862670898,15.731200218200684,15.390000343322754,15.622900009155273,317623,0.0,0.0,0.0
2024-08-21 15:30:00-04:00,15.645000457763672,15.65999984741211,15.489999771118164,15.5,79091,0.0,0.0,0.0
2024-08-22 09:30:00-04:00,15.430000305175781,15.960000038146973,15.32229995727539,15.919500350952148,832358,0.0,0.0,0.0
2024-08-22 10:30:00-04:00,15.890000343322754,16.299999237060547,15.875,16.190000534057617,596549,0.0,0.0,0.0
2024-08-22 11:30:00-04:00,16.18000030517578,16.559999465942383,16.18000030517578,16.34000015258789,427268,0.0,0.0,0.0
2024-08-22 12:30:00-04:00,16.34000015258789,16.55120086669922,16.2549991607666,16.549999237060547,282266,0.0,0.0,0.0
2024-08-22 13:30:00-04:00,16.561199188232422,16.90999984741211,16.561199188232422,16.790000915527344,800014,0.0,0.0,0.0
2024-08-22 14:30:00-04:00,16.809999465942383,16.959999084472656,16.774999618530273,16.93000030517578,364881,0.0,0.0,0.0
2024-08-22 15:30:00-04:00,16.940000534057617,17.299999237060547,16.905000686645508,17.25,228300,0.0,0.0,0.0
2024-08-23 09:30:00-04:00,16.600000381469727,16.670000076293945,15.59000015258789,15.619999885559082,1610656,0.0,0.0,0.0
2024-08-23 10:30:00-04:00,15.604999542236328,16.3700008392334,15.49269962310791,15.90999984741211,1334911,0.0,0.0,0.0
2024-08-23 11:30:00-04:00,15.93019962310791,16.351200103759766,15.800399780273438,16.276899337768555,721362,0.0,0.0,0.0
2024-08-23 12:30:00-04:00,16.264999389648438,16.420000076293945,15.90999984741211,15.910099983215332,377717,0.0,0.0,0.0
2024-08-23 13:30:00-04:00,15.930000305175781,15.930000305175781,15.729999542236328,15.779999732971191,288720,0.0,0.0,0.0
2024-08-23 14:30:00-04:00,15.789999961853027,15.910099983215332,15.619999885559082,15.619999885559082,392018,0.0,0.0,0.0
2024-08-23 15:30:00-04:00,15.639900207519531,15.75,15.595000267028809,15.670000076293945,243914,0.0,0.0,0.0
2024-08-26 09:30:00-04:00,15.899999618530273,16.770000457763672,15.890000343322754,16.75119972229004,1109322,0.0,0.0,0.0
2024-08-26 10:30:00-04:00,16.735000610351562,16.920000076293945,16.610000610351562,16.639999389648438,356383,0.0,0.0,0.0
2024-08-26 11:30:00-04:00,16.680999755859375,16.83989906311035,16.600000381469727,16.60740089416504,172526,0.0,0.0,0.0
2024-08-26 12:30:00-04:00,16.59869956970215,16.770000457763672,16.545000076293945,16.743799209594727,153314,0.0,0.0,0.0
2024-08-26 13:30:00-04:00,16.729999542236328,17.0,16.729999542236328,16.82040023803711,159167,0.0,0.0,0.0
2024-08-26 14:30:00-04:00,16.809999465942383,16.83009910583496,16.684999465942383,16.739999771118164,150534,0.0,0.0,0.0
2024-08-26 15:30:00-04:00,16.760000228881836,16.83989906311035,16.670000076293945,16.690000534057617,125553,0.0,0.0,0.0
2024-08-27 09:30:00-04:00,16.68000030517578,17.65999984741211,16.323999404907227,17.329999923706055,1499795,0.0,0.0,0.0
2024-08-27 10:30:00-04:00,17.299999237060547,17.3799991607666,17.11870002746582,17.225000381469727,416910,0.0,0.0,0.0
2024-08-27 11:30:00-04:00,17.325000762939453,17.43000030517578,17.1299991607666,17.299999237060547,212081,0.0,0.0,0.0
2024-08-27 12:30:00-04:00,17.299999237060547,17.389999389648438,17.15999984741211,17.174999237060547,113383,0.0,0.0,0.0
2024-08-27 13:30:00-04:00,17.139999389648438,17.332599639892578,17.1200008392334,17.290000915527344,175251,0.0,0.0,0.0
2024-08-27 14:30:00-04:00,17.295000076293945,17.309999465942383,17.135000228881836,17.209999084472656,66027,0.0,0.0,0.0
2024-08-27 15:30:00-04:00,17.209999084472656,17.329999923706055,17.15999984741211,17.31999969482422,216805,0.0,0.0,0.0
2024-08-28 09:30:00-04:00,17.25,17.799999237060547,16.895000457763672,17.610000610351562,930207,0.0,0.0,0.0
2024-08-28 10:30:00-04:00,17.549999237060547,18.130399703979492,17.549999237060547,17.975000381469727,412699,0.0,0.0,0.0
2024-08-28 11:30:00-04:00,17.979999542236328,18.155000686645508,17.850000381469727,18.059999465942383,181340,0.0,0.0,0.0
2024-08-28 12:30:00-04:00,18.06999969482422,18.06999969482422,17.681299209594727,17.885000228881836,177484,0.0,0.0,0.0
2024-08-28 13:30:00-04:00,17.8799991607666,18.405000686645508,17.844999313354492,18.290000915527344,212425,0.0,0.0,0.0
2024-08-28 14:30:00-04:00,18.315000534057617,18.3799991607666,17.94029998779297,17.94029998779297,206615,0.0,0.0,0.0
2024-08-28 15:30:00-04:00,17.971500396728516,18.020000457763672,17.850000381469727,17.920000076293945,150931,0.0,0.0,0.0
2024-08-29 09:30:00-04:00,17.190000534057617,17.24799919128418,16.32830047607422,16.929000854492188,1412158,0.0,0.0,0.0
2024-08-29 10:30:00-04:00,16.9552001953125,17.300100326538086,16.850000381469727,17.174999237060547,468288,0.0,0.0,0.0
2024-08-29 11:30:00-04:00,17.100000381469727,17.131200790405273,16.739999771118164,16.75,210388,0.0,0.0,0.0
2024-08-29 12:30:00-04:00,16.739999771118164,16.90999984741211,16.689699172973633,16.8799991607666,278844,0.0,0.0,0.0
2024-08-29 13:30:00-04:00,16.875,17.344999313354492,16.708799362182617,17.309999465942383,390070,0.0,0.0,0.0
2024-08-29 14:30:00-04:00,17.348800659179688,17.770000457763672,17.348800659179688,17.6200008392334,379536,0.0,0.0,0.0
2024-08-29 15:30:00-04:00,17.639999389648438,17.860000610351562,17.520000457763672,17.809999465942383,168411,0.0,0.0,0.0
2024-08-30 09:30:00-04:00,17.420000076293945,17.649999618530273,17.031200408935547,17.38990020751953,891995,0.0,0.0,0.0
2024-08-30 10:30:00-04:00,17.350000381469727,17.440000534057617,17.15999984741211,17.22879981994629,315693,0.0,0.0,0.0
2024-08-30 11:30:00-04:00,17.238300323486328,17.34000015258789,17.040000915527344,17.309999465942383,361501,0.0,0.0,0.0
2024-08-30 12:30:00-04:00,17.309999465942383,17.43000030517578,17.069900512695312,17.100000381469727,381813,0.0,0.0,0.0
2024-08-30 13:30:00-04:00,17.059999465942383,17.059999465942383,16.829999923706055,16.989999771118164,292543,0.0,0.0,0.0
2024-08-30 14:30:00-04:00,16.989999771118164,17.024999618530273,16.729999542236328,16.780000686645508,237038,0.0,0.0,0.0
2024-08-30 15:30:00-04:00,16.770000457763672,16.854999542236328,16.389799118041992,16.479999542236328,351349,0.0,0.0,0.0
2024-09-03 09:30:00-04:00,16.280000686645508,16.700000762939453,15.600000381469727,15.86989974975586,1454402,0.0,0.0,0.0
2024-09-03 10:30:00-04:00,15.880000114440918,16.600000381469727,15.880000114440918,16.5851993560791,558903,0.0,0.0,0.0
2024-09-03 11:30:00-04:00,16.559999465942383,16.594999313354492,16.235000610351562,16.235000610351562,304133,0.0,0.0,0.0
2024-09-03 12:30:00-04:00,16.25,16.510000228881836,16.25,16.309999465942383,131577,0.0,0.0,0.0
2024-09-03 13:30:00-04:00,16.350000381469727,16.829999923706055,16.350000381469727,16.790000915527344,465623,0.0,0.0,0.0
2024-09-03 14:30:00-04:00,16.790000915527344,17.030000686645508,16.729799270629883,16.90999984741211,295598,0.0,0.0,0.0
2024-09-03 15:30:00-04:00,16.870100021362305,17.15999984741211,16.86009979248047,17.030000686645508,208875,0.0,0.0,0.0
2024-09-04 09:30:00-04:00,16.959999084472656,17.010000228881836,15.600000381469727,15.600000381469727,1595244,0.0,0.0,0.0
2024-09-04 10:30:00-04:00,15.614999771118164,15.6899995803833,15.289999961853027,15.479700088500977,997607,0.0,0.0,0.0
2024-09-04 11:30:00-04:00,15.520000457763672,15.720000267028809,15.369999885559082,15.369999885559082,512205,0.0,0.0,0.0
2024-09-04 12:30:00-04:00,15.350000381469727,15.370100021362305,15.130000114440918,15.350000381469727,528667,0.0,0.0,0.0
2024-09-04 13:30:00-04:00,15.335000038146973,15.470000267028809,15.244999885559082,15.300000190734863,375281,0.0,0.0,0.0
2024-09-04 14:30:00-04:00,15.3100004196167,15.890000343322754,15.285699844360352,15.734999656677246,451357,0.0,0.0,0.0
2024-09-04 15:30:00-04:00,15.744999885559082,15.829999923706055,15.430000305175781,15.59000015258789,293710,0.0,0.0,0.0
2024-09-05 09:30:00-04:00,15.020000457763672,15.180700302124023,13.399999618530273,13.510000228881836,2832590,0.0,0.0,0.0
2024-09-05 10:30:00-04:00,13.5,14.420000076293945,13.425000190734863,14.420000076293945,1535191,0.0,0.0,0.0
2024-09-05 11:30:00-04:00,14.420000076293945,14.699999809265137,14.09000015258789,14.100000381469727,872017,0.0,0.0,0.0
2024-09-05 12:30:00-04:00,14.09000015258789,14.454999923706055,14.011199951171875,14.454999923706055,694180,0.0,0.0,0.0
2024-09-05 13:30:00-04:00,14.430000305175781,14.430000305175781,13.920000076293945,14.069999694824219,587512,0.0,0.0,0.0
2024-09-05 14:30:00-04:00,14.079999923706055,14.34000015258789,13.9399995803833,14.191900253295898,790950,0.0,0.0,0.0
2024-09-05 15:30:00-04:00,14.20009994506836,14.291299819946289,14.0600004196167,14.0649995803833,381146,0.0,0.0,0.0
2024-09-06 09:30:00-04:00,13.779999732971191,15.220000267028809,13.65999984741211,15.1899995803833,2646992,0.0,0.0,0.0
2024-09-06 10:30:00-04:00,15.220000267028809,15.734999656677246,15.170000076293945,15.670000076293945,894835,0.0,0.0,0.0
2024-09-06 11:30:00-04:00,15.680000305175781,15.899999618530273,15.569999694824219,15.895000457763672,428870,0.0,0.0,0.0
2024-09-06 12:30:00-04:00,15.850000381469727,15.989999771118164,15.680000305175781,15.8100004196167,260669,0.0,0.0,0.0
2024-09-06 13:30:00-04:00,15.8100004196167,16.141199111938477,15.78499984741211,16.082199096679688,323473,0.0,0.0,0.0
2024-09-06 14:30:00-04:00,16.09000015258789,16.135000228881836,15.9350004196167,16.094999313354492,203410,0.0,0.0,0.0
2024-09-06 15:30:00-04:00,16.104999542236328,16.450000762939453,16.104999542236328,16.450000762939453,331629,0.0,0.0,0.0
2024-09-09 09:30:00-04:00,15.59000015258789,15.979999542236328,15.020000457763672,15.119999885559082,1529137,0.0,0.0,0.0
2024-09-09 10:30:00-04:00,15.154999732971191,15.875,15.154999732971191,15.680000305175781,706902,0.0,0.0,0.0
2024-09-09 11:30:00-04:00,15.6899995803833,15.777299880981445,15.350000381469727,15.370100021362305,339848,0.0,0.0,0.0
2024-09-09 12:30:00-04:00,15.380000114440918,15.449899673461914,15.1899995803833,15.350799560546875,369505,0.0,0.0,0.0
2024-09-09 13:30:00-04:00,15.385000228881836,15.53499984741211,15.350000381469727,15.489999771118164,204086,0.0,0.0,0.0
2024-09-09 14:30:00-04:00,15.48009967803955,15.710000038146973,15.430000305175781,15.550000190734863,281051,0.0,0.0,0.0
2024-09-09 15:30:00-04:00,15.5600004196167,15.597599983215332,15.444999694824219,15.579999923706055,150954,0.0,0.0,0.0
2024-09-10 09:30:00-04:00,15.039999961853027,15.16510009765625,14.139900207519531,14.489999771118164,2632571,0.0,0.0,0.0
2024-09-10 10:30:00-04:00,14.520000457763672,14.850000381469727,14.430000305175781,14.515000343322754,745494,0.0,0.0,0.0
2024-09-10 11:30:00-04:00,14.5,15.239999771118164,14.484999656677246,15.170000076293945,935507,0.0,0.0,0.0
2024-09-10 12:30:00-04:00,15.180000305175781,15.191800117492676,14.779999732971191,14.909899711608887,317303,0.0,0.0,0.0
2024-09-10 13:30:00-04:00,14.899700164794922,14.899700164794922,14.59000015258789,14.630000114440918,219616,0.0,0.0,0.0
2024-09-10 14:30:00-04:00,14.640000343322754,14.640000343322754,14.359999656677246,14.369999885559082,550933,0.0,0.0,0.0
2024-09-10 15:30:00-04:00,14.385000228881836,14.430000305175781,14.142900466918945,14.170000076293945,317914,0.0,0.0,0.0
2024-09-11 09:30:00-04:00,14.380000114440918,15.0649995803833,14.380000114440918,15.0649995803833,1873717,0.0,0.0,0.0
2024-09-11 10:30:00-04:00,15.069999694824219,15.329999923706055,14.890000343322754,14.938699722290039,802245,0.0,0.0,0.0
2024-09-11 11:30:00-04:00,14.920000076293945,14.949999809265137,14.550000190734863,14.630000114440918,613915,0.0,0.0,0.0
2024-09-11 12:30:00-04:00,14.604999542236328,14.71500015258789,14.460000038146973,14.5600004196167,377460,0.0,0.0,0.0
2024-09-11 13:30:00-04:00,14.536199569702148,14.574999809265137,14.25,14.260000228881836,377298,0.0,0.0,0.0
2024-09-11 14:30:00-04:00,14.244999885559082,14.364999771118164,14.050000190734863,14.095000267028809,490801,0.0,0.0,0.0
2024-09-11 15:30:00-04:00,14.095000267028809,14.140000343322754,13.891300201416016,13.90999984741211,284871,0.0,0.0,0.0
2024-09-12 09:30:00-04:00,14.329999923706055,14.44950008392334,13.524999618530273,13.770000457763672,2406555,0.0,0.0,0.0
2024-09-12 10:30:00-04:00,13.760000228881836,14.109999656677246,13.65999984741211,13.91189956665039,940003,0.0,0.0,0.0
2024-09-12 11:30:00-04:00,13.929699897766113,14.098199844360352,13.819999694824219,13.819999694824219,377702,0.0,0.0,0.0
2024-09-12 12:30:00-04:00,13.8149995803833,13.9399995803833,13.620200157165527,13.669899940490723,295473,0.0,0.0,0.0
2024-09-12 13:30:00-04:00,13.670000076293945,13.880000114440918,13.600000381469727,13.75,374932,0.0,0.0,0.0
2024-09-12 14:30:00-04:00,13.730799674987793,14.015000343322754,13.672300338745117,13.71500015258789,297365,0.0,0.0,0.0
2024-09-12 15:30:00-04:00,13.720000267028809,13.829999923706055,13.675000190734863,13.720000267028809,183756,0.0,0.0,0.0
2024-09-13 09:30:00-04:00,13.960000038146973,14.100000381469727,13.395000457763672,13.96500015258789,1748197,0.0,0.0,0.0
2024-09-13 10:30:00-04:00,14.005000114440918,14.0600004196167,13.619999885559082,13.645000457763672,658348,0.0,0.0,0.0
2024-09-13 11:30:00-04:00,13.630000114440918,13.949999809265137,13.585000038146973,13.879899978637695,300875,0.0,0.0,0.0
2024-09-13 12:30:00-04:00,13.875,13.989999771118164,13.779999732971191,13.800000190734863,233048,0.0,0.0,0.0
2024-09-13 13:30:00-04:00,13.795000076293945,13.859999656677246,13.680000305175781,13.819999694824219,313266,0.0,0.0,0.0
2024-09-13 14:30:00-04:00,13.824999809265137,13.84000015258789,13.725000381469727,13.739999771118164,187786,0.0,0.0,0.0
2024-09-13 15:30:00-04:00,13.739999771118164,13.74120044708252,13.649999618530273,13.670000076293945,222723,0.0,0.0,0.0
2024-09-16 09:30:00-04:00,13.789999961853027,14.430000305175781,13.770000457763672,14.010000228881836,1165461,0.0,0.0,0.0
2024-09-16 10:30:00-04:00,14.005000114440918,14.289999961853027,13.795000076293945,13.800000190734863,727473,0.0,0.0,0.0
2024-09-16 11:30:00-04:00,13.8100004196167,13.989999771118164,13.710000038146973,13.911199569702148,563675,0.0,0.0,0.0
2024-09-16 12:30:00-04:00,13.900400161743164,14.140000343322754,13.899999618530273,14.088800430297852,333141,0.0,0.0,0.0
2024-09-16 13:30:00-04:00,14.0600004196167,14.109999656677246,13.96500015258789,13.976200103759766,188857,0.0,0.0,0.0
2024-09-16 14:30:00-04:00,13.970000267028809,14.029999732971191,13.880000114440918,13.963199615478516,233547,0.0,0.0,0.0
2024-09-16 15:30:00-04:00,13.960000038146973,14.069999694824219,13.940099716186523,14.069999694824219,318235,0.0,0.0,0.0
2024-09-17 09:30:00-04:00,13.729999542236328,13.739999771118164,13.109800338745117,13.345000267028809,2368184,0.0,0.0,0.0
2024-09-17 10:30:00-04:00,13.338299751281738,13.550000190734863,13.279999732971191,13.425000190734863,559784,0.0,0.0,0.0
2024-09-17 11:30:00-04:00,13.434000015258789,13.779999732971191,13.340100288391113,13.654999732971191,720029,0.0,0.0,0.0
2024-09-17 12:30:00-04:00,13.6850004196167,13.854999542236328,13.63129997253418,13.720000267028809,505851,0.0,0.0,0.0
2024-09-17 13:30:00-04:00,13.720000267028809,14.0,13.670000076293945,13.938799858093262,253206,0.0,0.0,0.0
2024-09-17 14:30:00-04:00,13.949999809265137,14.085000038146973,13.90999984741211,13.90999984741211,305077,0.0,0.0,0.0
2024-09-17 15:30:00-04:00,13.90999984741211,13.970000267028809,13.869999885559082,13.96500015258789,133280,0.0,0.0,0.0
2024-09-18 09:30:00-04:00,13.6899995803833,14.010000228881836,13.479999542236328,13.744999885559082,1172023,0.0,0.0,0.0
2024-09-18 10:30:00-04:00,13.755000114440918,13.9399995803833,13.680000305175781,13.891200065612793,440748,0.0,0.0,0.0
2024-09-18 11:30:00-04:00,13.899999618530273,14.048600196838379,13.800000190734863,13.800000190734863,251635,0.0,0.0,0.0
2024-09-18 12:30:00-04:00,13.819899559020996,13.829999923706055,13.621199607849121,13.670000076293945,135321,0.0,0.0,0.0
2024-09-18 13:30:00-04:00,13.654999732971191,13.699999809265137,13.130000114440918,13.25529956817627,734876,0.0,0.0,0.0
2024-09-18 14:30:00-04:00,13.260000228881836,13.885000228881836,12.989999771118164,13.529999732971191,1191776,0.0,0.0,0.0
2024-09-18 15:30:00-04:00,13.54010009765625,14.029999732971191,13.460000038146973,14.029999732971191,373554,0.0,0.0,0.0
2024-09-19 09:30:00-04:00,13.15999984741211,13.380000114440918,12.494999885559082,12.51990032196045,2433059,0.0,0.0,0.0
2024-09-19 10:30:00-04:00,12.515000343322754,12.61299991607666,12.191300392150879,12.229900360107422,1572277,0.0,0.0,0.0
2024-09-19 11:30:00-04:00,12.219900131225586,12.229900360107422,12.011699676513672,12.12030029296875,1341999,0.0,0.0,0.0
2024-09-19 12:30:00-04:00,12.130000114440918,12.180000305175781,11.984999656677246,12.039999961853027,739068,0.0,0.0,0.0
2024-09-19 13:30:00-04:00,12.029999732971191,12.085100173950195,11.925000190734863,11.954999923706055,643091,0.0,0.0,0.0
2024-09-19 14:30:00-04:00,11.954999923706055,12.20989990234375,11.954999923706055,12.079999923706055,605304,0.0,0.0,0.0
2024-09-19 15:30:00-04:00,12.09000015258789,12.154999732971191,11.958399772644043,11.960000038146973,467146,0.0,0.0,0.0
2024-09-20 09:30:00-04:00,12.140000343322754,12.510000228881836,11.970199584960938,12.369999885559082,2433176,0.0,0.0,0.0
2024-09-20 10:30:00-04:00,12.359999656677246,12.73009967803955,12.359999656677246,12.515000343322754,1054674,0.0,0.0,0.0
2024-09-20 11:30:00-04:00,12.52910041809082,12.529999732971191,12.270000457763672,12.444999694824219,1050308,0.0,0.0,0.0
2024-09-20 12:30:00-04:00,12.4399995803833,12.539999961853027,12.391300201416016,12.519800186157227,428307,0.0,0.0,0.0
2024-09-20 13:30:00-04:00,12.5,12.569999694824219,12.399999618530273,12.550000190734863,288268,0.0,0.0,0.0
2024-09-20 14:30:00-04:00,12.5600004196167,12.579999923706055,12.329999923706055,12.350000381469727,424408,0.0,0.0,0.0
2024-09-20 15:30:00-04:00,12.350000381469727,12.550000190734863,12.270000457763672,12.510000228881836,462594,0.0,0.0,0.0
2024-09-23 09:30:00-04:00,12.031000137329102,12.130000114440918,11.449999809265137,11.519200325012207,2637514,0.0,0.0,0.0
2024-09-23 10:30:00-04:00,11.519800186157227,11.589900016784668,11.351200103759766,11.460000038146973,1075660,0.0,0.0,0.0
2024-09-23 11:30:00-04:00,11.460000038146973,11.510000228881836,11.281200408935547,11.509699821472168,856938,0.0,0.0,0.0
2024-09-23 12:30:00-04:00,11.520000457763672,11.579999923706055,11.4399995803833,11.520000457763672,627247,0.0,0.0,0.0
2024-09-23 13:30:00-04:00,11.529999732971191,11.550000190734863,11.350000381469727,11.354999542236328,437740,0.0,0.0,0.0
2024-09-23 14:30:00-04:00,11.364999771118164,11.46500015258789,11.3100004196167,11.359999656677246,397912,0.0,0.0,0.0
2024-09-23 15:30:00-04:00,11.354999542236328,11.390000343322754,11.279999732971191,11.279999732971191,376768,0.0,0.0,0.0
2024-09-24 09:30:00-04:00,10.90999984741211,11.229999542236328,10.64009952545166,11.221199989318848,3050741,0.0,0.0,0.0
2024-09-24 10:30:00-04:00,11.220000267028809,11.349800109863281,10.890299797058105,10.979999542236328,1285238,0.0,0.0,0.0
2024-09-24 11:30:00-04:00,10.970000267028809,11.15880012512207,10.970000267028809,11.0649995803833,754453,0.0,0.0,0.0
2024-09-24 12:30:00-04:00,11.079999923706055,11.170000076293945,11.039999961853027,11.055000305175781,308465,0.0,0.0,0.0
2024-09-24 13:30:00-04:00,11.06879997253418,11.107099533081055,11.015000343322754,11.079999923706055,187753,0.0,0.0,0.0
2024-09-24 14:30:00-04:00,11.079999923706055,11.119999885559082,10.989999771118164,11.0600004196167,225057,0.0,0.0,0.0
2024-09-24 15:30:00-04:00,11.049099922180176,11.0600004196167,10.875,10.899999618530273,333820,0.0,0.0,0.0
2024-09-25 09:30:00-04:00,11.038700103759766,11.0600004196167,10.720000267028809,10.869999885559082,1648425,0.0,0.0,0.0
2024-09-25 10:30:00-04:00,10.879599571228027,10.90999984741211,10.732999801635742,10.90999984741211,1027860,0.0,0.0,0.0
2024-09-25 11:30:00-04:00,10.914999961853027,10.930000305175781,10.680800437927246,10.795000076293945,788288,0.0,0.0,0.0
2024-09-25 12:30:00-04:00,10.800000190734863,10.880000114440918,10.75,10.75,430508,0.0,0.0,0.0
2024-09-25 13:30:00-04:00,10.748800277709961,10.835000038146973,10.729999542236328,10.75,241006,0.0,0.0,0.0
2024-09-25 14:30:00-04:00,10.741299629211426,10.775099754333496,10.710000038146973,10.734999656677246,317002,0.0,0.0,0.0
2024-09-25 15:30:00-04:00,10.739999771118164,10.760199546813965,10.664999961853027,10.664999961853027,282667,0.0,0.0,0.0
2024-09-26 09:30:00-04:00,10.34000015258789,10.739999771118164,10.289999961853027,10.734999656677246,1713652,0.0,0.0,0.0
2024-09-26 10:30:00-04:00,10.739999771118164,11.114999771118164,10.699700355529785,10.899999618530273,1669918,0.0,0.0,0.0
2024-09-26 11:30:00-04:00,10.891200065612793,10.938799858093262,10.765000343322754,10.850000381469727,415317,0.0,0.0,0.0
2024-09-26 12:30:00-04:00,10.869999885559082,11.039999961853027,10.835000038146973,10.984999656677246,349853,0.0,0.0,0.0
2024-09-26 13:30:00-04:00,10.960000038146973,10.979999542236328,10.86240005493164,10.914999961853027,210620,0.0,0.0,0.0
2024-09-26 14:30:00-04:00,10.895000457763672,11.029999732971191,10.869999885559082,10.949700355529785,264387,0.0,0.0,0.0
2024-09-26 15:30:00-04:00,10.970000267028809,10.984999656677246,10.895000457763672,10.90999984741211,178252,0.0,0.0,0.0
2024-09-27 09:30:00-04:00,10.619999885559082,10.908100128173828,10.470000267028809,10.84000015258789,1504879,0.0,0.0,0.0
2024-09-27 10:30:00-04:00,10.864999771118164,10.897600173950195,10.664999961853027,10.68690013885498,783856,0.0,0.0,0.0
2024-09-27 11:30:00-04:00,10.699999809265137,10.710000038146973,10.425000190734863,10.484999656677246,1119905,0.0,0.0,0.0
2024-09-27 12:30:00-04:00,10.499699592590332,10.59000015258789,10.430000305175781,10.5,387249,0.0,0.0,0.0
2024-09-27 13:30:00-04:00,10.510000228881836,10.5649995803833,10.380000114440918,10.515000343322754,498174,0.0,0.0,0.0
2024-09-27 14:30:00-04:00,10.512800216674805,10.555000305175781,10.354999542236328,10.354999542236328,401945,0.0,0.0,0.0
2024-09-27 15:30:00-04:00,10.359999656677246,10.420000076293945,10.350000381469727,10.364999771118164,453379,0.0,0.0,0.0
2024-09-30 09:30:00-04:00,10.49899959564209,10.539999961853027,10.020000457763672,10.4399995803833,2971843,0.0,0.0,0.0
2024-09-30 10:30:00-04:00,10.430000305175781,10.654999732971191,10.395000457763672,10.460000038146973,1275592,0.0,0.0,0.0
2024-09-30 11:30:00-04:00,10.420000076293945,10.550000190734863,10.300000190734863,10.364999771118164,407123,0.0,0.0,0.0
2024-09-30 12:30:00-04:00,10.354999542236328,10.520000457763672,10.345000267028809,10.520000457763672,348965,0.0,0.0,0.0
2024-09-30 13:30:00-04:00,10.52970027923584,10.739800453186035,10.392399787902832,10.668600082397461,604713,0.0,0.0,0.0
2024-09-30 14:30:00-04:00,10.680000305175781,10.720000267028809,10.484999656677246,10.524999618530273,358341,0.0,0.0,0.0
2024-09-30 15:30:00-04:00,10.529999732971191,10.545000076293945,10.265000343322754,10.279999732971191,330986,0.0,0.0,0.0
2024-10-01 09:30:00-04:00,10.199999809265137,11.1850004196167,10.114999771118164,11.180000305175781,2055049,0.0,0.0,0.0
2024-10-01 10:30:00-04:00,11.18970012664795,11.300000190734863,10.918800354003906,11.017800331115723,1371955,0.0,0.0,0.0
2024-10-01 11:30:00-04:00,11.029999732971191,11.045000076293945,10.800000190734863,10.800000190734863,660502,0.0,0.0,0.0
2024-10-01 12:30:00-04:00,10.800000190734863,11.024999618530273,10.770000457763672,10.944999694824219,850680,0.0,0.0,0.0
2024-10-01 13:30:00-04:00,10.918800354003906,10.918800354003906,10.494999885559082,10.521200180053711,827498,0.0,0.0,0.0
2024-10-01 14:30:00-04:00,10.511699676513672,10.59000015258789,10.479999542236328,10.563899993896484,485110,0.0,0.0,0.0
2024-10-01 15:30:00-04:00,10.56820011138916,10.675000190734863,10.5600004196167,10.579999923706055,317012,0.0,0.0,0.0
2024-10-02 09:30:00-04:00,11.359999656677246,11.911299705505371,11.170000076293945,11.779999732971191,3813858,0.0,0.0,0.0
2024-10-02 10:30:00-04:00,11.78499984741211,11.8149995803833,11.3100004196167,11.319999694824219,758420,0.0,0.0,0.0
2024-10-02 11:30:00-04:00,11.3149995803833,11.34000015258789,11.121199607849121,11.270000457763672,616114,0.0,0.0,0.0
2024-10-02 12:30:00-04:00,11.289999961853027,11.4399995803833,11.270999908447266,11.329999923706055,594943,0.0,0.0,0.0
2024-10-02 13:30:00-04:00,11.34000015258789,11.4399995803833,11.244999885559082,11.300000190734863,246207,0.0,0.0,0.0
2024-10-02 14:30:00-04:00,11.305000305175781,11.324999809265137,11.220000267028809,11.220000267028809,252559,0.0,0.0,0.0
2024-10-02 15:30:00-04:00,11.237500190734863,11.385000228881836,11.220000267028809,11.289999961853027,252744,0.0,0.0,0.0
2024-10-03 09:30:00-04:00,11.710000038146973,11.710000038146973,11.239999771118164,11.56149959564209,1997029,0.0,0.0,0.0
2024-10-03 10:30:00-04:00,11.600000381469727,11.859999656677246,11.524999618530273,11.79010009765625,1085102,0.0,0.0,0.0
2024-10-03 11:30:00-04:00,11.795000076293945,11.84000015258789,11.694999694824219,11.84000015258789,410345,0.0,0.0,0.0
2024-10-03 12:30:00-04:00,11.84000015258789,12.199999809265137,11.839699745178223,12.100000381469727,1079025,0.0,0.0,0.0
2024-10-03 13:30:00-04:00,12.103500366210938,12.255000114440918,12.050000190734863,12.237799644470215,515603,0.0,0.0,0.0
2024-10-03 14:30:00-04:00,12.235099792480469,12.309700012207031,12.130000114440918,12.220000267028809,397078,0.0,0.0,0.0
2024-10-03 15:30:00-04:00,12.199999809265137,12.210000038146973,12.020000457763672,12.069999694824219,298380,0.0,0.0,0.0
2024-10-04 09:30:00-04:00,11.449999809265137,11.664999961853027,11.159899711608887,11.40999984741211,2318840,0.0,0.0,0.0
2024-10-04 10:30:00-04:00,11.420000076293945,11.454999923706055,11.033300399780273,11.350000381469727,1692365,0.0,0.0,0.0
2024-10-04 11:30:00-04:00,11.359999656677246,11.65999984741211,11.359999656677246,11.399999618530273,1266913,0.0,0.0,0.0
2024-10-04 12:30:00-04:00,11.399900436401367,11.400099754333496,11.20009994506836,11.260000228881836,578674,0.0,0.0,0.0
2024-10-04 13:30:00-04:00,11.260000228881836,11.319899559020996,11.149999618530273,11.199999809265137,456755,0.0,0.0,0.0
2024-10-04 14:30:00-04:00,11.220000267028809,11.289999961853027,11.140000343322754,11.140000343322754,404742,0.0,0.0,0.0
2024-10-04 15:30:00-04:00,11.130000114440918,11.15999984741211,11.104999542236328,11.130000114440918,338528,0.0,0.0,0.0
2024-10-07 09:30:00-04:00,11.210000038146973,11.585000038146973,11.149999618530273,11.4399995803833,1689846,0.0,0.0,0.0
2024-10-07 10:30:00-04:00,11.4399995803833,11.781200408935547,11.438799858093262,11.645000457763672,1072958,0.0,0.0,0.0
2024-10-07 11:30:00-04:00,11.645000457763672,11.667499542236328,11.524999618530273,11.59000015258789,350142,0.0,0.0,0.0
2024-10-07 12:30:00-04:00,11.585000038146973,11.664999961853027,11.550000190734863,11.664999961853027,229803,0.0,0.0,0.0
2024-10-07 13:30:00-04:00,11.664999961853027,11.734999656677246,11.640000343322754,11.670000076293945,229008,0.0,0.0,0.0
2024-10-07 14:30:00-04:00,11.699999809265137,11.930000305175781,11.699999809265137,11.854999542236328,378187,0.0,0.0,0.0
2024-10-07 15:30:00-04:00,11.854999542236328,11.944999694824219,11.850000381469727,11.9399995803833,246852,0.0,0.0,0.0
2024-10-08 09:30:00-04:00,11.670000076293945,11.968199729919434,11.4197998046875,11.619999885559082,1289352,0.0,0.0,0.0
2024-10-08 10:30:00-04:00,11.614999771118164,11.750100135803223,11.5,11.649999618530273,528730,0.0,0.0,0.0
2024-10-08 11:30:00-04:00,11.649999618530273,11.650099754333496,11.475000381469727,11.518799781799316,440777,0.0,0.0,0.0
2024-10-08 12:30:00-04:00,11.520000457763672,11.609999656677246,11.460000038146973,11.604999542236328,385548,0.0,0.0,0.0
2024-10-08 13:30:00-04:00,11.600000381469727,11.609999656677246,11.50879955291748,11.59000015258789,173902,0.0,0.0,0.0
2024-10-08 14:30:00-04:00,11.59000015258789,11.614999771118164,11.489999771118164,11.579999923706055,280026,0.0,0.0,0.0
2024-10-08 15:30:00-04:00,11.59000015258789,11.598199844360352,11.5,11.581600189208984,149839,0.0,0.0,0.0
2024-10-09 09:30:00-04:00,11.649999618530273,12.030099868774414,11.361200332641602,11.40999984741211,1542895,0.0,0.0,0.0
2024-10-09 10:30:00-04:00,11.414999961853027,11.61970043182373,11.3100004196167,11.595000267028809,804790,0.0,0.0,0.0
2024-10-09 11:30:00-04:00,11.595000267028809,11.739999771118164,11.53499984741211,11.569999694824219,470557,0.0,0.0,0.0
2024-10-09 12:30:00-04:00,11.5600004196167,11.595000267028809,11.498299598693848,11.595000267028809,259276,0.0,0.0,0.0
2024-10-09 13:30:00-04:00,11.600000381469727,11.76140022277832,11.579999923706055,11.680000305175781,309991,0.0,0.0,0.0
2024-10-09 14:30:00-04:00,11.694999694824219,11.899999618530273,11.694999694824219,11.86989974975586,452902,0.0,0.0,0.0
2024-10-09 15:30:00-04:00,11.869999885559082,11.920000076293945,11.800000190734863,11.914999961853027,272843,0.0,0.0,0.0
2024-10-10 09:30:00-04:00,11.8100004196167,12.760000228881836,11.788999557495117,12.165200233459473,2047787,0.0,0.0,0.0
2024-10-10 10:30:00-04:00,12.1850004196167,12.321200370788574,12.029999732971191,12.125,691540,0.0,0.0,0.0
2024-10-10 11:30:00-04:00,12.125,12.18120002746582,11.8100004196167,11.905099868774414,516914,0.0,0.0,0.0
2024-10-10 12:30:00-04:00,11.899999618530273,11.979999542236328,11.740099906921387,11.845000267028809,504064,0.0,0.0,0.0
2024-10-10 13:30:00-04:00,11.84000015258789,11.979999542236328,11.780200004577637,11.890000343322754,388794,0.0,0.0,0.0
2024-10-10 14:30:00-04:00,11.890000343322754,11.920000076293945,11.779999732971191,11.920000076293945,284716,0.0,0.0,0.0
2024-10-10 15:30:00-04:00,11.920100212097168,12.180000305175781,11.90999984741211,12.149999618530273,642095,0.0,0.0,0.0
2024-10-11 09:30:00-04:00,14.050000190734863,14.609999656677246,13.885000228881836,13.989999771118164,3876850,0.0,0.0,0.0
2024-10-11 10:30:00-04:00,13.979999542236328,14.130000114440918,13.710000038146973,14.079999923706055,915555,0.0,0.0,0.0
2024-10-11 11:30:00-04:00,14.09000015258789,14.170000076293945,13.960000038146973,13.970000267028809,246673,0.0,0.0,0.0
2024-10-11 12:30:00-04:00,13.990099906921387,14.088199615478516,13.984000205993652,14.039999961853027,201114,0.0,0.0,0.0
2024-10-11 13:30:00-04:00,14.045000076293945,14.199999809265137,14.010000228881836,14.119999885559082,297472,0.0,0.0,0.0
2024-10-11 14:30:00-04:00,14.104999542236328,14.187299728393555,14.09000015258789,14.145000457763672,207992,0.0,0.0,0.0
2024-10-11 15:30:00-04:00,14.149999618530273,14.3149995803833,14.149999618530273,14.279999732971191,372612,0.0,0.0,0.0
2024-10-14 09:30:00-04:00,13.970000267028809,14.800000190734863,13.734999656677246,14.390000343322754,1464407,0.0,0.0,0.0
2024-10-14 10:30:00-04:00,14.404999732971191,14.404999732971191,13.979999542236328,14.178799629211426,803893,0.0,0.0,0.0
2024-10-14 11:30:00-04:00,14.1899995803833,14.1899995803833,14.0,14.050000190734863,328954,0.0,0.0,0.0
2024-10-14 12:30:00-04:00,14.050000190734863,14.069999694824219,13.9399995803833,14.0649995803833,176631,0.0,0.0,0.0
2024-10-14 13:30:00-04:00,14.100000381469727,14.104999542236328,13.979999542236328,14.010000228881836,200538,0.0,0.0,0.0
2024-10-14 14:30:00-04:00,14.005000114440918,14.1899995803833,14.005000114440918,14.119999885559082,207336,0.0,0.0,0.0
2024-10-14 15:30:00-04:00,14.114999771118164,14.140000343322754,14.039999961853027,14.100000381469727,132143,0.0,0.0,0.0
2024-10-15 09:30:00-04:00,14.0,14.020000457763672,13.449899673461914,13.994999885559082,1297005,0.0,0.0,0.0
2024-10-15 10:30:00-04:00,14.0,14.359800338745117,13.958800315856934,13.989999771118164,625501,0.0,0.0,0.0
2024-10-15 11:30:00-04:00,14.015000343322754,14.09000015258789,13.829999923706055,13.920000076293945,315333,0.0,0.0,0.0
2024-10-15 12:30:00-04:00,13.899999618530273,14.015000343322754,13.868800163269043,14.0,103536,0.0,0.0,0.0
2024-10-15 13:30:00-04:00,14.020000457763672,14.029999732971191,13.919899940490723,13.960000038146973,78606,0.0,0.0,0.0
2024-10-15 14:30:00-04:00,13.961299896240234,14.109999656677246,13.9350004196167,14.060199737548828,237230,0.0,0.0,0.0
2024-10-15 15:30:00-04:00,14.045000076293945,14.135000228881836,14.029999732971191,14.029999732971191,164125,0.0,0.0,0.0
2024-10-16 09:30:00-04:00,13.800000190734863,14.109999656677246,13.64009952545166,13.859999656677246,1133199,0.0,0.0,0.0
2024-10-16 10:30:00-04:00,13.819999694824219,14.020000457763672,13.819999694824219,13.989999771118164,171878,0.0,0.0,0.0
2024-10-16 11:30:00-04:00,14.008899688720703,14.109999656677246,13.864999771118164,13.88029956817627,134604,0.0,0.0,0.0
2024-10-16 12:30:00-04:00,13.880000114440918,13.949999809265137,13.819999694824219,13.854999542236328,86862,0.0,0.0,0.0
2024-10-16 13:30:00-04:00,13.859999656677246,13.90999984741211,13.739999771118164,13.789999961853027,81837,0.0,0.0,0.0
2024-10-16 14:30:00-04:00,13.760000228881836,13.84000015258789,13.710700035095215,13.808699607849121,96617,0.0,0.0,0.0
2024-10-16 15:30:00-04:00,13.800000190734863,13.835000038146973,13.771900177001953,13.8149995803833,75506,0.0,0.0,0.0
2024-10-17 09:30:00-04:00,13.84000015258789,14.239999771118164,13.800100326538086,14.069999694824219,534956,0.0,0.0,0.0
2024-10-17 10:30:00-04:00,14.03499984741211,14.114999771118164,13.93340015411377,14.045000076293945,239495,0.0,0.0,0.0
2024-10-17 11:30:00-04:00,14.040200233459473,14.050000190734863,13.96969985961914,14.018799781799316,62621,0.0,0.0,0.0
2024-10-17 12:30:00-04:00,14.029999732971191,14.09000015258789,13.869999885559082,13.875,105477,0.0,0.0,0.0
2024-10-17 13:30:00-04:00,13.840999603271484,13.979999542236328,13.729999542236328,13.960000038146973,229608,0.0,0.0,0.0
2024-10-17 14:30:00-04:00,13.954999923706055,14.0,13.899999618530273,13.979700088500977,73198,0.0,0.0,0.0
2024-10-17 15:30:00-04:00,13.989999771118164,14.024999618530273,13.859999656677246,13.869999885559082,76292,0.0,0.0,0.0
2024-10-18 09:30:00-04:00,13.935600280761719,14.069999694824219,13.744999885559082,13.944999694824219,562290,0.0,0.0,0.0
2024-10-18 10:30:00-04:00,13.964500427246094,13.970000267028809,13.701299667358398,13.753999710083008,321164,0.0,0.0,0.0
2024-10-18 11:30:00-04:00,13.755000114440918,13.90999984741211,13.75,13.819999694824219,76487,0.0,0.0,0.0
2024-10-18 12:30:00-04:00,13.800000190734863,13.870100021362305,13.800000190734863,13.849900245666504,63671,0.0,0.0,0.0
2024-10-18 13:30:00-04:00,13.864999771118164,13.880000114440918,13.795000076293945,13.820699691772461,109465,0.0,0.0,0.0
2024-10-18 14:30:00-04:00,13.829999923706055,13.839900016784668,13.725000381469727,13.809800148010254,219200,0.0,0.0,0.0
2024-10-18 15:30:00-04:00,13.8100004196167,13.930000305175781,13.8100004196167,13.899999618530273,62999,0.0,0.0,0.0
2024-10-21 09:30:00-04:00,14.100000381469727,14.529999732971191,13.960000038146973,14.069999694824219,1146856,0.0,0.0,0.0
2024-10-21 10:30:00-04:00,14.069999694824219,14.300000190734863,14.005000114440918,14.295000076293945,472765,0.0,0.0,0.0
2024-10-21 11:30:00-04:00,14.28499984741211,14.28499984741211,14.133999824523926,14.180000305175781,88649,0.0,0.0,0.0
2024-10-21 12:30:00-04:00,14.170000076293945,14.265000343322754,14.164999961853027,14.225000381469727,139130,0.0,0.0,0.0
2024-10-21 13:30:00-04:00,14.220000267028809,14.380000114440918,14.210000038146973,14.31820011138916,79238,0.0,0.0,0.0
2024-10-21 14:30:00-04:00,14.300000190734863,14.3100004196167,14.239999771118164,14.270000457763672,73958,0.0,0.0,0.0
2024-10-21 15:30:00-04:00,14.300000190734863,14.3100004196167,14.140000343322754,14.149999618530273,67654,0.0,0.0,0.0
2024-10-22 09:30:00-04:00,14.460000038146973,14.521200180053711,14.280099868774414,14.430000305175781,625977,0.0,0.0,0.0
2024-10-22 10:30:00-04:00,14.395000457763672,14.569999694824219,14.335000038146973,14.479999542236328,150118,0.0,0.0,0.0
2024-10-22 11:30:00-04:00,14.488699913024902,14.614999771118164,14.475000381469727,14.579999923706055,146223,0.0,0.0,0.0
2024-10-22 12:30:00-04:00,14.545000076293945,14.579999923706055,14.40999984741211,14.4399995803833,87984,0.0,0.0,0.0
2024-10-22 13:30:00-04:00,14.449999809265137,14.449999809265137,14.239999771118164,14.295000076293945,189270,0.0,0.0,0.0
2024-10-22 14:30:00-04:00,14.298800468444824,14.380000114440918,14.28499984741211,14.28499984741211,90831,0.0,0.0,0.0
2024-10-22 15:30:00-04:00,14.260000228881836,14.319999694824219,14.234999656677246,14.274999618530273,75634,0.0,0.0,0.0
2024-10-23 09:30:00-04:00,14.399999618530273,14.600000381469727,14.16100025177002,14.48390007019043,1080497,0.0,0.0,0.0
2024-10-23 10:30:00-04:00,14.489999771118164,14.6850004196167,14.4399995803833,14.680000305175781,272099,0.0,0.0,0.0
2024-10-23 11:30:00-04:00,14.680000305175781,14.680000305175781,14.53499984741211,14.65999984741211,225724,0.0,0.0,0.0
2024-10-23 12:30:00-04:00,14.6850004196167,14.929699897766113,14.680000305175781,14.869999885559082,323269,0.0,0.0,0.0
2024-10-23 13:30:00-04:00,14.869999885559082,15.029999732971191,14.819999694824219,14.835000038146973,273899,0.0,0.0,0.0
2024-10-23 14:30:00-04:00,14.835000038146973,14.909700393676758,14.802000045776367,14.835000038146973,243156,0.0,0.0,0.0
2024-10-23 15:30:00-04:00,14.819999694824219,14.930000305175781,14.6899995803833,14.859999656677246,386933,0.0,0.0,0.0
2024-10-24 09:30:00-04:00,10.550000190734863,10.8100004196167,9.670000076293945,9.949999809265137,8800602,0.0,0.0,0.0
2024-10-24 10:30:00-04:00,9.9399995803833,9.95009994506836,9.220000267028809,9.239999771118164,3659170,0.0,0.0,0.0
2024-10-24 11:30:00-04:00,9.238800048828125,9.475000381469727,9.100000381469727,9.114999771118164,3339982,0.0,0.0,0.0
2024-10-24 12:30:00-04:00,9.114999771118164,9.155099868774414,8.699999809265137,8.819999694824219,3420923,0.0,0.0,0.0
2024-10-24 13:30:00-04:00,8.845000267028809,8.904999732971191,8.59000015258789,8.720000267028809,2887977,0.0,0.0,0.0
2024-10-24 14:30:00-04:00,8.710000038146973,8.755000114440918,8.369999885559082,8.427499771118164,2961186,0.0,0.0,0.0
2024-10-24 15:30:00-04:00,8.420100212097168,8.460000038146973,8.123499870300293,8.345000267028809,2543394,0.0,0.0,0.0
2024-10-25 09:30:00-04:00,8.680000305175781,8.680000305175781,7.78000020980835,7.900000095367432,7740020,0.0,0.0,0.0
2024-10-25 10:30:00-04:00,7.900000095367432,8.319899559020996,7.894999980926514,7.945000171661377,4032372,0.0,0.0,0.0
2024-10-25 11:30:00-04:00,7.945000171661377,8.039999961853027,7.873899936676025,7.890100002288818,2211161,0.0,0.0,0.0
2024-10-25 12:30:00-04:00,7.900000095367432,7.974999904632568,7.789999961853027,7.909999847412109,1573906,0.0,0.0,0.0
2024-10-25 13:30:00-04:00,7.914000034332275,8.079999923706055,7.860000133514404,7.945000171661377,1427688,0.0,0.0,0.0
2024-10-25 14:30:00-04:00,7.945000171661377,8.03600025177002,7.88100004196167,7.889999866485596,728952,0.0,0.0,0.0
2024-10-25 15:30:00-04:00,7.894999980926514,7.906099796295166,7.769999980926514,7.789999961853027,943157,0.0,0.0,0.0
2024-10-28 09:30:00-04:00,7.748000144958496,7.96999979019165,7.5802998542785645,7.630099773406982,3920016,0.0,0.0,0.0
2024-10-28 10:30:00-04:00,7.630000114440918,7.695000171661377,7.539999961853027,7.636099815368652,1725722,0.0,0.0,0.0
2024-10-28 11:30:00-04:00,7.629700183868408,7.784999847412109,7.614999771118164,7.739799976348877,920674,0.0,0.0,0.0
2024-10-28 12:30:00-04:00,7.739999771118164,7.875800132751465,7.739999771118164,7.784999847412109,751945,0.0,0.0,0.0
2024-10-28 13:30:00-04:00,7.78000020980835,7.909999847412109,7.75,7.881499767303467,403913,0.0,0.0,0.0
2024-10-28 14:30:00-04:00,7.900000095367432,8.112799644470215,7.889999866485596,8.055000305175781,1305369,0.0,0.0,0.0
2024-10-28 15:30:00-04:00,8.061200141906738,8.1899995803833,8.041999816894531,8.180000305175781,914628,0.0,0.0,0.0
2024-10-29 09:30:00-04:00,8.0600004196167,8.404999732971191,8.020000457763672,8.270000457763672,3319205,0.0,0.0,0.0
2024-10-29 10:30:00-04:00,8.260000228881836,8.484999656677246,8.154999732971191,8.345000267028809,1281074,0.0,0.0,0.0
2024-10-29 11:30:00-04:00,8.338899612426758,8.528800010681152,8.329999923706055,8.499899864196777,1030144,0.0,0.0,0.0
2024-10-29 12:30:00-04:00,8.5,8.609999656677246,8.399999618530273,8.420000076293945,1106883,0.0,0.0,0.0
2024-10-29 13:30:00-04:00,8.422699928283691,8.470100402832031,8.359999656677246,8.390000343322754,606306,0.0,0.0,0.0
2024-10-29 14:30:00-04:00,8.390000343322754,8.420000076293945,8.350000381469727,8.375,469140,0.0,0.0,0.0
2024-10-29 15:30:00-04:00,8.380000114440918,8.449999809265137,8.340100288391113,8.369999885559082,202707,0.0,0.0,0.0
2024-10-30 09:30:00-04:00,8.470000267028809,8.59119987487793,8.178999900817871,8.180000305175781,1465941,0.0,0.0,0.0
2024-10-30 10:30:00-04:00,8.180000305175781,8.279999732971191,8.121199607849121,8.151900291442871,1116792,0.0,0.0,0.0
2024-10-30 11:30:00-04:00,8.149999618530273,8.300000190734863,8.119999885559082,8.250100135803223,502623,0.0,0.0,0.0
2024-10-30 12:30:00-04:00,8.274999618530273,8.289999961853027,8.148799896240234,8.1850004196167,229231,0.0,0.0,0.0
2024-10-30 13:30:00-04:00,8.180000305175781,8.270099639892578,8.154999732971191,8.225000381469727,198636,0.0,0.0,0.0
2024-10-30 14:30:00-04:00,8.220000267028809,8.390000343322754,8.170000076293945,8.35669994354248,412768,0.0,0.0,0.0
2024-10-30 15:30:00-04:00,8.359999656677246,8.494999885559082,8.359999656677246,8.489999771118164,382734,0.0,0.0,0.0
2024-10-31 09:30:00-04:00,8.470000267028809,8.8100004196167,8.358799934387207,8.6850004196167,2882786,0.0,0.0,0.0
2024-10-31 10:30:00-04:00,8.6899995803833,8.945300102233887,8.639900207519531,8.87030029296875,1475933,0.0,0.0,0.0
2024-10-31 11:30:00-04:00,8.875,8.920100212097168,8.770000457763672,8.805000305175781,602220,0.0,0.0,0.0
2024-10-31 12:30:00-04:00,8.789999961853027,8.859999656677246,8.75,8.819999694824219,276687,0.0,0.0,0.0
2024-10-31 13:30:00-04:00,8.819999694824219,9.0,8.800100326538086,8.970000267028809,665155,0.0,0.0,0.0
2024-10-31 14:30:00-04:00,8.962200164794922,9.031000137329102,8.910099983215332,8.96500015258789,494648,0.0,0.0,0.0
2024-10-31 15:30:00-04:00,8.960000038146973,9.021699905395508,8.890000343322754,9.005000114440918,267969,0.0,0.0,0.0
2024-11-01 09:30:00-04:00,8.850000381469727,9.010000228881836,8.710000038146973,8.838299751281738,1361206,0.0,0.0,0.0
2024-11-01 10:30:00-04:00,8.82979965209961,8.930000305175781,8.741900444030762,8.800100326538086,501188,0.0,0.0,0.0
2024-11-01 11:30:00-04:00,8.8100004196167,9.079999923706055,8.789899826049805,9.050399780273438,487083,0.0,0.0,0.0
2024-11-01 12:30:00-04:00,9.119999885559082,9.23009967803955,9.050000190734863,9.09220027923584,988398,0.0,0.0,0.0
2024-11-01 13:30:00-04:00,9.125,9.220000267028809,9.10990047454834,9.112500190734863,244168,0.0,0.0,0.0
2024-11-01 14:30:00-04:00,9.130000114440918,9.16510009765625,9.029999732971191,9.055000305175781,214088,0.0,0.0,0.0
2024-11-01 15:30:00-04:00,9.0600004196167,9.121399879455566,9.039999961853027,9.064599990844727,223900,0.0,0.0,0.0
2024-11-04 09:30:00-05:00,9.399999618530273,9.800000190734863,9.220000267028809,9.279999732971191,3466630,0.0,0.0,0.0
2024-11-04 10:30:00-05:00,9.270000457763672,9.3100004196167,9.079999923706055,9.289999961853027,1417167,0.0,0.0,0.0
2024-11-04 11:30:00-05:00,9.282099723815918,9.470000267028809,9.265000343322754,9.390000343322754,929869,0.0,0.0,0.0
2024-11-04 12:30:00-05:00,9.375,9.414999961853027,9.319999694824219,9.375,224978,0.0,0.0,0.0
2024-11-04 13:30:00-05:00,9.380000114440918,9.449999809265137,9.329999923706055,9.440099716186523,282587,0.0,0.0,0.0
2024-11-04 14:30:00-05:00,9.460000038146973,9.510000228881836,9.375,9.470199584960938,223442,0.0,0.0,0.0
2024-11-04 15:30:00-05:00,9.479999542236328,9.580100059509277,9.479999542236328,9.509699821472168,362286,0.0,0.0,0.0
2024-11-05 09:30:00-05:00,9.170000076293945,9.229999542236328,8.6850004196167,8.869999885559082,2697270,0.0,0.0,0.0
2024-11-05 10:30:00-05:00,8.864999771118164,8.920100212097168,8.779999732971191,8.798199653625488,618457,0.0,0.0,0.0
2024-11-05 11:30:00-05:00,8.805000305175781,8.805000305175781,8.59000015258789,8.600000381469727,843031,0.0,0.0,0.0
2024-11-05 12:30:00-05:00,8.607199668884277,8.654999732971191,8.569999694824219,8.635000228881836,490267,0.0,0.0,0.0
2024-11-05 13:30:00-05:00,8.630000114440918,8.680000305175781,8.545000076293945,8.609999656677246,374022,0.0,0.0,0.0
2024-11-05 14:30:00-05:00,8.609999656677246,8.844499588012695,8.600000381469727,8.777899742126465,498607,0.0,0.0,0.0
2024-11-05 15:30:00-05:00,8.789999961853027,8.880000114440918,8.710000038146973,8.845000267028809,413040,0.0,0.0,0.0
2024-11-06 09:30:00-05:00,6.510000228881836,7.139599800109863,6.170000076293945,6.751200199127197,16207639,0.0,0.0,0.0
2024-11-06 10:30:00-05:00,6.75,6.840000152587891,6.460000038146973,6.519999980926514,2188922,0.0,0.0,0.0
2024-11-06 11:30:00-05:00,6.515100002288818,6.599999904632568,6.315000057220459,6.315199851989746,1679758,0.0,0.0,0.0
2024-11-06 12:30:00-05:00,6.315000057220459,6.389999866485596,6.190000057220459,6.191199779510498,1556313,0.0,0.0,0.0
2024-11-06 13:30:00-05:00,6.190000057220459,6.489999771118164,6.184999942779541,6.28000020980835,1126508,0.0,0.0,0.0
2024-11-06 14:30:00-05:00,6.289000034332275,6.349599838256836,6.175099849700928,6.225100040435791,1101283,0.0,0.0,0.0
2024-11-06 15:30:00-05:00,6.217899799346924,6.287300109863281,6.179999828338623,6.239999771118164,770942,0.0,0.0,0.0
2024-11-07 09:30:00-05:00,6.21999979019165,6.369999885559082,5.875,5.880000114440918,7403969,0.0,0.0,0.0
2024-11-07 10:30:00-05:00,5.878799915313721,5.914999961853027,5.811200141906738,5.841000080108643,3096149,0.0,0.0,0.0
2024-11-07 11:30:00-05:00,5.84499979019165,5.860000133514404,5.75,5.80019998550415,2861722,0.0,0.0,0.0
2024-11-07 12:30:00-05:00,5.809800148010254,5.940000057220459,5.789999961853027,5.879799842834473,1489201,0.0,0.0,0.0
2024-11-07 13:30:00-05:00,5.880000114440918,5.940000057220459,5.78000020980835,5.845200061798096,1102819,0.0,0.0,0.0
2024-11-07 14:30:00-05:00,5.848800182342529,5.899899959564209,5.760000228881836,5.849999904632568,1376529,0.0,0.0,0.0
2024-11-07 15:30:00-05:00,5.840000152587891,5.889999866485596,5.784999847412109,5.869999885559082,815786,0.0,0.0,0.0
2024-11-08 09:30:00-05:00,5.78000020980835,5.849999904632568,5.190000057220459,5.195000171661377,12960338,0.0,0.0,0.0
2024-11-08 10:30:00-05:00,5.199999809265137,5.286499977111816,5.018099784851074,5.049699783325195,10293690,0.0,0.0,0.0
2024-11-08 11:30:00-05:00,5.045000076293945,5.159900188446045,5.0,5.070000171661377,4326293,0.0,0.0,0.0
2024-11-08 12:30:00-05:00,5.060100078582764,5.090000152587891,4.900000095367432,4.914999961853027,4062107,0.0,0.0,0.0
2024-11-08 13:30:00-05:00,4.925000190734863,4.929999828338623,4.619999885559082,4.699900150299072,6937097,0.0,0.0,0.0
2024-11-08 14:30:00-05:00,4.704999923706055,5.090000152587891,4.704999923706055,5.0,8098433,0.0,0.0,0.0
2024-11-08 15:30:00-05:00,5.005000114440918,5.045000076293945,4.859799861907959,4.914999961853027,2210373,0.0,0.0,0.0
