Datetime,Open,High,Low,Close,Volume,Dividends,Stock Splits
2024-07-31 09:00:00+08:00,493.0,493.0,487.0,487.0,0,0.0,0.0
2024-07-31 09:05:00+08:00,488.0,488.0,486.0,487.5,26012,0.0,0.0
2024-07-31 09:10:00+08:00,488.5,491.0,488.5,491.0,8480,0.0,0.0
2024-07-31 09:15:00+08:00,491.5,492.0,490.0,490.0,21644,0.0,0.0
2024-07-31 09:20:00+08:00,490.0,490.5,490.0,490.5,4437,0.0,0.0
2024-07-31 09:25:00+08:00,492.0,492.0,491.5,491.5,7291,0.0,0.0
2024-07-31 09:30:00+08:00,492.0,492.0,490.0,490.0,34476,0.0,0.0
2024-07-31 09:35:00+08:00,490.0,492.0,490.0,491.5,15729,0.0,0.0
2024-07-31 09:40:00+08:00,492.0,501.0,491.5,499.5,117942,0.0,0.0
2024-07-31 09:45:00+08:00,499.5,503.0,499.0,502.0,95493,0.0,0.0
2024-07-31 09:50:00+08:00,502.0,502.0,501.0,501.0,19342,0.0,0.0
2024-07-31 09:55:00+08:00,501.0,501.0,500.0,500.0,16627,0.0,0.0
2024-07-31 10:00:00+08:00,500.0,500.0,498.0,499.0,69267,0.0,0.0
2024-07-31 10:05:00+08:00,498.5,499.0,496.5,497.5,24074,0.0,0.0
2024-07-31 10:10:00+08:00,497.0,498.5,496.0,497.0,15529,0.0,0.0
2024-07-31 10:15:00+08:00,497.5,498.0,496.5,497.0,19131,0.0,0.0
2024-07-31 10:20:00+08:00,497.0,497.5,496.5,496.5,22150,0.0,0.0
2024-07-31 10:25:00+08:00,496.5,497.0,495.0,495.0,37523,0.0,0.0
2024-07-31 10:30:00+08:00,495.5,497.5,495.0,497.0,44447,0.0,0.0
2024-07-31 10:35:00+08:00,496.5,502.0,496.0,502.0,75133,0.0,0.0
2024-07-31 10:40:00+08:00,502.0,502.0,499.0,501.0,42402,0.0,0.0
2024-07-31 10:45:00+08:00,500.0,501.0,500.0,501.0,10086,0.0,0.0
2024-07-31 10:50:00+08:00,501.0,501.0,500.0,501.0,25160,0.0,0.0
2024-07-31 10:55:00+08:00,501.0,502.0,501.0,502.0,15343,0.0,0.0
2024-07-31 11:00:00+08:00,501.0,501.0,501.0,501.0,44366,0.0,0.0
2024-07-31 11:05:00+08:00,501.0,501.0,500.0,500.0,12002,0.0,0.0
2024-07-31 11:10:00+08:00,500.0,501.0,500.0,500.0,7269,0.0,0.0
2024-07-31 11:15:00+08:00,501.0,501.0,500.0,500.0,34750,0.0,0.0
2024-07-31 11:20:00+08:00,499.5,500.0,499.5,500.0,30462,0.0,0.0
2024-07-31 11:25:00+08:00,499.5,500.0,499.5,500.0,7000,0.0,0.0
2024-07-31 11:30:00+08:00,500.0,500.0,500.0,500.0,5078,0.0,0.0
2024-07-31 11:35:00+08:00,500.0,501.0,500.0,500.0,10334,0.0,0.0
2024-07-31 11:40:00+08:00,500.0,500.0,497.5,499.5,97956,0.0,0.0
2024-07-31 11:45:00+08:00,499.0,499.0,498.5,499.0,30003,0.0,0.0
2024-07-31 11:50:00+08:00,498.5,499.0,498.0,498.5,26088,0.0,0.0
2024-07-31 11:55:00+08:00,499.0,499.0,498.5,499.0,14010,0.0,0.0
2024-07-31 12:00:00+08:00,499.0,499.0,498.0,498.0,18142,0.0,0.0
2024-07-31 12:05:00+08:00,498.0,499.0,498.0,499.0,10255,0.0,0.0
2024-07-31 12:10:00+08:00,499.0,499.0,499.0,499.0,8167,0.0,0.0
2024-07-31 12:15:00+08:00,499.5,499.5,498.0,498.0,19772,0.0,0.0
2024-07-31 12:20:00+08:00,498.0,498.5,497.5,497.5,8533,0.0,0.0
2024-07-31 12:25:00+08:00,497.0,497.5,496.5,496.5,11243,0.0,0.0
2024-07-31 12:30:00+08:00,497.0,497.0,496.5,496.5,5000,0.0,0.0
2024-07-31 12:35:00+08:00,497.0,497.0,496.5,497.0,5300,0.0,0.0
2024-07-31 12:40:00+08:00,497.0,497.0,496.5,496.5,8250,0.0,0.0
2024-07-31 12:45:00+08:00,497.0,498.0,497.0,498.0,21050,0.0,0.0
2024-07-31 12:50:00+08:00,497.0,499.5,497.0,499.0,16221,0.0,0.0
2024-07-31 12:55:00+08:00,499.5,499.5,498.0,498.0,13080,0.0,0.0
2024-07-31 13:00:00+08:00,497.5,499.0,497.5,499.0,8062,0.0,0.0
2024-07-31 13:05:00+08:00,499.0,499.5,498.5,499.0,10120,0.0,0.0
2024-07-31 13:10:00+08:00,499.0,500.0,498.5,499.5,9293,0.0,0.0
2024-07-31 13:15:00+08:00,499.5,500.0,498.5,499.5,21514,0.0,0.0
2024-07-31 13:20:00+08:00,500.0,500.0,499.0,499.5,22975,0.0,0.0
2024-08-01 09:00:00+08:00,510.0,511.0,507.0,507.0,0,0.0,0.0
2024-08-01 09:05:00+08:00,507.0,509.0,506.0,508.0,42000,0.0,0.0
2024-08-01 09:10:00+08:00,509.0,509.0,506.0,507.0,39112,0.0,0.0
2024-08-01 09:15:00+08:00,506.0,509.0,506.0,508.0,38774,0.0,0.0
2024-08-01 09:20:00+08:00,508.0,511.0,507.0,511.0,72786,0.0,0.0
2024-08-01 09:25:00+08:00,511.0,511.0,509.0,511.0,47686,0.0,0.0
2024-08-01 09:30:00+08:00,511.0,512.0,511.0,512.0,15341,0.0,0.0
2024-08-01 09:35:00+08:00,512.0,514.0,512.0,513.0,50447,0.0,0.0
2024-08-01 09:40:00+08:00,512.0,513.0,510.0,511.0,32499,0.0,0.0
2024-08-01 09:45:00+08:00,511.0,511.0,510.0,511.0,12091,0.0,0.0
2024-08-01 09:50:00+08:00,511.0,512.0,510.0,511.0,20339,0.0,0.0
2024-08-01 09:55:00+08:00,511.0,513.0,511.0,513.0,27847,0.0,0.0
2024-08-01 10:00:00+08:00,513.0,513.0,512.0,513.0,22983,0.0,0.0
2024-08-01 10:05:00+08:00,512.0,513.0,511.0,512.0,24306,0.0,0.0
2024-08-01 10:10:00+08:00,511.0,512.0,510.0,511.0,37081,0.0,0.0
2024-08-01 10:15:00+08:00,511.0,512.0,511.0,512.0,10180,0.0,0.0
2024-08-01 10:20:00+08:00,512.0,514.0,512.0,514.0,40729,0.0,0.0
2024-08-01 10:25:00+08:00,514.0,514.0,513.0,514.0,10586,0.0,0.0
2024-08-01 10:30:00+08:00,513.0,514.0,512.0,512.0,42518,0.0,0.0
2024-08-01 10:35:00+08:00,512.0,513.0,512.0,513.0,12242,0.0,0.0
2024-08-01 10:40:00+08:00,513.0,514.0,513.0,513.0,28553,0.0,0.0
2024-08-01 10:45:00+08:00,513.0,514.0,512.0,514.0,11022,0.0,0.0
2024-08-01 10:50:00+08:00,514.0,514.0,513.0,514.0,7250,0.0,0.0
2024-08-01 10:55:00+08:00,514.0,514.0,513.0,514.0,10034,0.0,0.0
2024-08-01 11:00:00+08:00,514.0,514.0,512.0,513.0,41072,0.0,0.0
2024-08-01 11:05:00+08:00,513.0,513.0,512.0,513.0,5460,0.0,0.0
2024-08-01 11:10:00+08:00,512.0,514.0,512.0,514.0,9250,0.0,0.0
2024-08-01 11:15:00+08:00,514.0,514.0,513.0,514.0,17023,0.0,0.0
2024-08-01 11:20:00+08:00,514.0,515.0,513.0,515.0,21529,0.0,0.0
2024-08-01 11:25:00+08:00,515.0,515.0,514.0,515.0,13395,0.0,0.0
2024-08-01 11:30:00+08:00,515.0,516.0,515.0,516.0,36534,0.0,0.0
2024-08-01 11:35:00+08:00,516.0,516.0,514.0,515.0,52148,0.0,0.0
2024-08-01 11:40:00+08:00,515.0,515.0,514.0,515.0,5210,0.0,0.0
2024-08-01 11:45:00+08:00,514.0,516.0,514.0,515.0,29141,0.0,0.0
2024-08-01 11:50:00+08:00,514.0,516.0,514.0,516.0,9385,0.0,0.0
2024-08-01 11:55:00+08:00,515.0,517.0,514.0,515.0,41406,0.0,0.0
2024-08-01 12:00:00+08:00,514.0,515.0,514.0,515.0,15069,0.0,0.0
2024-08-01 12:05:00+08:00,513.0,516.0,513.0,515.0,11387,0.0,0.0
2024-08-01 12:10:00+08:00,514.0,516.0,514.0,514.0,39444,0.0,0.0
2024-08-01 12:15:00+08:00,515.0,516.0,515.0,516.0,6213,0.0,0.0
2024-08-01 12:20:00+08:00,516.0,516.0,515.0,516.0,38404,0.0,0.0
2024-08-01 12:25:00+08:00,514.0,516.0,514.0,516.0,7557,0.0,0.0
2024-08-01 12:30:00+08:00,515.0,517.0,515.0,517.0,30668,0.0,0.0
2024-08-01 12:35:00+08:00,517.0,519.0,517.0,519.0,104305,0.0,0.0
2024-08-01 12:40:00+08:00,519.0,519.0,518.0,519.0,13570,0.0,0.0
2024-08-01 12:45:00+08:00,519.0,520.0,518.0,519.0,73970,0.0,0.0
2024-08-01 12:50:00+08:00,518.0,519.0,517.0,519.0,43922,0.0,0.0
2024-08-01 12:55:00+08:00,518.0,519.0,517.0,517.0,18423,0.0,0.0
2024-08-01 13:00:00+08:00,517.0,517.0,516.0,516.0,23531,0.0,0.0
2024-08-01 13:05:00+08:00,516.0,518.0,516.0,517.0,11812,0.0,0.0
2024-08-01 13:10:00+08:00,518.0,518.0,517.0,518.0,15351,0.0,0.0
2024-08-01 13:15:00+08:00,518.0,518.0,516.0,517.0,31257,0.0,0.0
2024-08-01 13:20:00+08:00,516.0,518.0,516.0,516.0,30976,0.0,0.0
2024-08-02 09:00:00+08:00,498.0,502.0,498.0,502.0,0,0.0,0.0
2024-08-02 09:05:00+08:00,502.0,505.0,501.0,505.0,54000,0.0,0.0
2024-08-02 09:10:00+08:00,505.0,506.0,504.0,506.0,27122,0.0,0.0
2024-08-02 09:15:00+08:00,506.0,506.0,504.0,504.0,31495,0.0,0.0
2024-08-02 09:20:00+08:00,504.0,505.0,503.0,504.0,10752,0.0,0.0
2024-08-02 09:25:00+08:00,505.0,506.0,505.0,506.0,9200,0.0,0.0
2024-08-02 09:30:00+08:00,506.0,508.0,506.0,507.0,15732,0.0,0.0
2024-08-02 09:35:00+08:00,507.0,509.0,507.0,509.0,17616,0.0,0.0
2024-08-02 09:40:00+08:00,510.0,512.0,510.0,512.0,45910,0.0,0.0
2024-08-02 09:45:00+08:00,512.0,513.0,512.0,512.0,33318,0.0,0.0
2024-08-02 09:50:00+08:00,511.0,511.0,511.0,511.0,11437,0.0,0.0
2024-08-02 09:55:00+08:00,510.0,510.0,508.0,508.0,24289,0.0,0.0
2024-08-02 10:00:00+08:00,508.0,510.0,508.0,509.0,11134,0.0,0.0
2024-08-02 10:05:00+08:00,509.0,509.0,507.0,508.0,37469,0.0,0.0
2024-08-02 10:10:00+08:00,507.0,508.0,507.0,507.0,11510,0.0,0.0
2024-08-02 10:15:00+08:00,507.0,508.0,505.0,505.0,34535,0.0,0.0
2024-08-02 10:20:00+08:00,506.0,507.0,506.0,507.0,2073,0.0,0.0
2024-08-02 10:25:00+08:00,506.0,507.0,506.0,506.0,13356,0.0,0.0
2024-08-02 10:30:00+08:00,507.0,507.0,505.0,506.0,21209,0.0,0.0
2024-08-02 10:35:00+08:00,506.0,507.0,505.0,505.0,30373,0.0,0.0
2024-08-02 10:40:00+08:00,505.0,507.0,505.0,506.0,12683,0.0,0.0
2024-08-02 10:45:00+08:00,506.0,506.0,505.0,506.0,20168,0.0,0.0
2024-08-02 10:50:00+08:00,506.0,506.0,505.0,505.0,19146,0.0,0.0
2024-08-02 10:55:00+08:00,505.0,506.0,505.0,505.0,6480,0.0,0.0
2024-08-02 11:00:00+08:00,506.0,506.0,505.0,506.0,12282,0.0,0.0
2024-08-02 11:05:00+08:00,505.0,505.0,504.0,504.0,18570,0.0,0.0
2024-08-02 11:10:00+08:00,504.0,505.0,504.0,504.0,20430,0.0,0.0
2024-08-02 11:15:00+08:00,504.0,506.0,504.0,505.0,4184,0.0,0.0
2024-08-02 11:20:00+08:00,504.0,505.0,504.0,504.0,6101,0.0,0.0
2024-08-02 11:25:00+08:00,504.0,504.0,502.0,502.0,59601,0.0,0.0
2024-08-02 11:30:00+08:00,503.0,503.0,502.0,502.0,10028,0.0,0.0
2024-08-02 11:35:00+08:00,502.0,503.0,502.0,502.0,10012,0.0,0.0
2024-08-02 11:40:00+08:00,502.0,502.0,500.0,500.0,46862,0.0,0.0
2024-08-02 11:45:00+08:00,500.0,501.0,500.0,501.0,6198,0.0,0.0
2024-08-02 11:50:00+08:00,500.0,501.0,500.0,500.0,11413,0.0,0.0
2024-08-02 11:55:00+08:00,500.0,502.0,500.0,501.0,33062,0.0,0.0
2024-08-02 12:00:00+08:00,501.0,502.0,501.0,502.0,8030,0.0,0.0
2024-08-02 12:05:00+08:00,502.0,502.0,501.0,501.0,40022,0.0,0.0
2024-08-02 12:10:00+08:00,500.0,501.0,500.0,500.0,9165,0.0,0.0
2024-08-02 12:15:00+08:00,500.0,501.0,499.0,499.5,50170,0.0,0.0
2024-08-02 12:20:00+08:00,499.0,499.5,499.0,499.5,16207,0.0,0.0
2024-08-02 12:25:00+08:00,499.5,500.0,499.5,500.0,28798,0.0,0.0
2024-08-02 12:30:00+08:00,500.0,501.0,500.0,500.0,14185,0.0,0.0
2024-08-02 12:35:00+08:00,499.5,500.0,499.5,499.5,16515,0.0,0.0
2024-08-02 12:40:00+08:00,499.5,499.5,498.0,498.0,56654,0.0,0.0
2024-08-02 12:45:00+08:00,498.5,498.5,498.0,498.5,19443,0.0,0.0
2024-08-02 12:50:00+08:00,498.5,498.5,497.5,497.5,37334,0.0,0.0
2024-08-02 12:55:00+08:00,498.0,498.0,497.0,497.0,28267,0.0,0.0
2024-08-02 13:00:00+08:00,497.0,497.0,496.5,496.5,29210,0.0,0.0
2024-08-02 13:05:00+08:00,496.5,496.5,496.0,496.0,29972,0.0,0.0
2024-08-02 13:10:00+08:00,496.0,496.5,496.0,496.0,42166,0.0,0.0
2024-08-02 13:15:00+08:00,496.0,496.5,496.0,496.5,28276,0.0,0.0
2024-08-02 13:20:00+08:00,496.0,496.5,496.0,496.0,50797,0.0,0.0
2024-08-05 09:00:00+08:00,481.0,482.0,471.0,471.0,0,0.0,0.0
2024-08-05 09:05:00+08:00,471.0,471.0,465.0,468.0,103000,0.0,0.0
2024-08-05 09:10:00+08:00,469.5,473.5,465.0,465.0,108875,0.0,0.0
2024-08-05 09:15:00+08:00,465.5,465.5,455.0,463.0,214928,0.0,0.0
2024-08-05 09:20:00+08:00,463.0,466.0,462.0,462.0,57475,0.0,0.0
2024-08-05 09:25:00+08:00,462.0,462.0,460.0,460.0,40009,0.0,0.0
2024-08-05 09:30:00+08:00,460.5,460.5,458.0,458.0,53154,0.0,0.0
2024-08-05 09:35:00+08:00,458.5,459.0,454.5,454.5,99133,0.0,0.0
2024-08-05 09:40:00+08:00,455.0,456.5,454.0,454.0,93750,0.0,0.0
2024-08-05 09:45:00+08:00,454.0,456.0,454.0,454.5,60718,0.0,0.0
2024-08-05 09:50:00+08:00,455.0,457.0,455.0,455.0,58300,0.0,0.0
2024-08-05 09:55:00+08:00,454.5,458.5,454.0,457.0,52273,0.0,0.0
2024-08-05 10:00:00+08:00,459.0,459.0,458.0,458.0,14497,0.0,0.0
2024-08-05 10:05:00+08:00,458.5,461.5,458.5,461.5,19639,0.0,0.0
2024-08-05 10:10:00+08:00,462.0,464.0,462.0,464.0,48457,0.0,0.0
2024-08-05 10:15:00+08:00,464.5,467.5,464.0,466.5,18508,0.0,0.0
2024-08-05 10:20:00+08:00,468.0,470.0,468.0,470.0,19883,0.0,0.0
2024-08-05 10:25:00+08:00,470.5,470.5,468.5,469.5,30290,0.0,0.0
2024-08-05 10:30:00+08:00,469.0,469.0,466.0,466.0,32383,0.0,0.0
2024-08-05 10:35:00+08:00,465.5,467.0,465.0,467.0,23695,0.0,0.0
2024-08-05 10:40:00+08:00,466.5,466.5,464.0,464.0,31782,0.0,0.0
2024-08-05 10:45:00+08:00,464.5,466.0,464.5,466.0,28240,0.0,0.0
2024-08-05 10:50:00+08:00,466.0,466.0,463.5,463.5,26244,0.0,0.0
2024-08-05 10:55:00+08:00,463.5,464.0,463.5,464.0,8141,0.0,0.0
2024-08-05 11:00:00+08:00,464.0,464.5,463.0,463.0,35918,0.0,0.0
2024-08-05 11:05:00+08:00,462.5,464.0,461.0,464.0,39674,0.0,0.0
2024-08-05 11:10:00+08:00,464.0,464.0,460.0,460.0,61445,0.0,0.0
2024-08-05 11:15:00+08:00,461.0,461.0,458.5,459.5,29165,0.0,0.0
2024-08-05 11:20:00+08:00,459.5,460.0,459.0,459.0,7159,0.0,0.0
2024-08-05 11:25:00+08:00,459.0,459.0,458.0,458.0,44629,0.0,0.0
2024-08-05 11:30:00+08:00,458.5,458.5,457.0,457.5,32092,0.0,0.0
2024-08-05 11:35:00+08:00,457.5,457.5,457.5,457.5,14796,0.0,0.0
2024-08-05 11:40:00+08:00,458.0,458.0,457.0,457.5,18276,0.0,0.0
2024-08-05 11:45:00+08:00,457.0,457.0,456.0,456.0,37209,0.0,0.0
2024-08-05 11:50:00+08:00,457.0,457.5,456.5,457.0,8750,0.0,0.0
2024-08-05 11:55:00+08:00,457.0,457.0,456.0,456.0,12079,0.0,0.0
2024-08-05 12:00:00+08:00,456.0,456.0,455.5,455.5,34754,0.0,0.0
2024-08-05 12:05:00+08:00,455.0,455.5,454.0,454.0,48174,0.0,0.0
2024-08-05 12:10:00+08:00,454.0,455.0,454.0,455.0,62924,0.0,0.0
2024-08-05 12:15:00+08:00,455.0,455.5,454.5,454.5,31357,0.0,0.0
2024-08-05 12:20:00+08:00,455.0,455.0,454.0,454.0,13428,0.0,0.0
2024-08-05 12:25:00+08:00,454.0,454.0,453.0,453.0,94375,0.0,0.0
2024-08-05 12:30:00+08:00,454.0,454.5,453.5,453.5,19746,0.0,0.0
2024-08-05 12:35:00+08:00,454.0,454.0,453.0,453.0,265719,0.0,0.0
2024-08-05 12:40:00+08:00,453.5,453.5,453.0,453.0,39276,0.0,0.0
2024-08-05 12:45:00+08:00,453.0,453.5,453.0,453.0,48211,0.0,0.0
2024-08-05 12:50:00+08:00,453.0,453.0,453.0,453.0,6241,0.0,0.0
2024-08-05 12:55:00+08:00,453.0,453.0,453.0,453.0,52076,0.0,0.0
2024-08-05 13:00:00+08:00,453.0,453.0,453.0,453.0,25550,0.0,0.0
2024-08-05 13:05:00+08:00,453.0,454.5,453.0,454.5,29450,0.0,0.0
2024-08-05 13:10:00+08:00,454.5,455.0,453.0,453.0,27887,0.0,0.0
2024-08-05 13:15:00+08:00,453.0,454.0,453.0,453.0,21895,0.0,0.0
2024-08-05 13:20:00+08:00,453.0,455.0,453.0,454.5,68917,0.0,0.0
2024-08-06 09:00:00+08:00,465.0,473.5,465.0,472.0,0,0.0,0.0
2024-08-06 09:05:00+08:00,472.5,472.5,469.0,469.5,73876,0.0,0.0
2024-08-06 09:10:00+08:00,469.5,469.5,466.0,469.5,49999,0.0,0.0
2024-08-06 09:15:00+08:00,468.0,468.5,466.0,466.0,35211,0.0,0.0
2024-08-06 09:20:00+08:00,466.0,466.0,462.0,463.0,47878,0.0,0.0
2024-08-06 09:25:00+08:00,462.0,465.0,461.0,463.0,112137,0.0,0.0
2024-08-06 09:30:00+08:00,462.5,462.5,457.0,457.0,89254,0.0,0.0
2024-08-06 09:35:00+08:00,457.0,458.0,448.5,449.5,92684,0.0,0.0
2024-08-06 09:40:00+08:00,449.0,451.0,442.0,447.0,190898,0.0,0.0
2024-08-06 09:45:00+08:00,447.0,453.5,443.5,453.5,74015,0.0,0.0
2024-08-06 09:50:00+08:00,453.5,453.5,450.0,450.0,26519,0.0,0.0
2024-08-06 09:55:00+08:00,451.0,456.0,451.0,456.0,77614,0.0,0.0
2024-08-06 10:00:00+08:00,455.5,462.5,455.5,461.0,51778,0.0,0.0
2024-08-06 10:05:00+08:00,458.5,458.5,450.5,454.0,40448,0.0,0.0
2024-08-06 10:10:00+08:00,453.0,453.0,452.0,452.5,11131,0.0,0.0
2024-08-06 10:15:00+08:00,453.5,454.5,453.5,454.0,18363,0.0,0.0
2024-08-06 10:20:00+08:00,454.0,454.0,452.0,454.0,14255,0.0,0.0
2024-08-06 10:25:00+08:00,453.0,458.0,453.0,458.0,43017,0.0,0.0
2024-08-06 10:30:00+08:00,458.0,460.5,457.5,459.0,26502,0.0,0.0
2024-08-06 10:35:00+08:00,459.0,463.0,458.0,463.0,27472,0.0,0.0
2024-08-06 10:40:00+08:00,463.0,464.0,463.0,463.5,26435,0.0,0.0
2024-08-06 10:45:00+08:00,464.0,465.5,464.0,465.5,21467,0.0,0.0
2024-08-06 10:50:00+08:00,465.5,465.5,463.0,463.5,26458,0.0,0.0
2024-08-06 10:55:00+08:00,464.0,466.0,464.0,464.5,22615,0.0,0.0
2024-08-06 11:00:00+08:00,464.5,465.0,463.5,465.0,22105,0.0,0.0
2024-08-06 11:05:00+08:00,465.0,467.0,465.0,465.5,39217,0.0,0.0
2024-08-06 11:10:00+08:00,465.0,466.5,464.5,466.0,21379,0.0,0.0
2024-08-06 11:15:00+08:00,465.5,467.0,465.5,467.0,28435,0.0,0.0
2024-08-06 11:20:00+08:00,467.0,468.5,467.0,468.0,27304,0.0,0.0
2024-08-06 11:25:00+08:00,468.0,469.0,468.0,469.0,33072,0.0,0.0
2024-08-06 11:30:00+08:00,469.5,473.0,469.5,470.5,96088,0.0,0.0
2024-08-06 11:35:00+08:00,471.0,473.0,471.0,473.0,32391,0.0,0.0
2024-08-06 11:40:00+08:00,472.5,473.0,472.5,472.5,23433,0.0,0.0
2024-08-06 11:45:00+08:00,472.0,472.5,472.0,472.0,12152,0.0,0.0
2024-08-06 11:50:00+08:00,472.5,475.0,472.5,474.5,61905,0.0,0.0
2024-08-06 11:55:00+08:00,474.0,475.0,472.0,473.0,25733,0.0,0.0
2024-08-06 12:00:00+08:00,473.0,473.0,471.5,471.5,9215,0.0,0.0
2024-08-06 12:05:00+08:00,471.0,471.0,470.5,470.5,13296,0.0,0.0
2024-08-06 12:10:00+08:00,470.5,470.5,470.5,470.5,3165,0.0,0.0
2024-08-06 12:15:00+08:00,470.0,470.5,470.0,470.5,10695,0.0,0.0
2024-08-06 12:20:00+08:00,470.5,471.0,470.5,471.0,9276,0.0,0.0
2024-08-06 12:25:00+08:00,471.0,471.0,471.0,471.0,3107,0.0,0.0
2024-08-06 12:30:00+08:00,471.0,471.0,468.0,470.5,43165,0.0,0.0
2024-08-06 12:35:00+08:00,470.5,470.5,469.5,469.5,11345,0.0,0.0
2024-08-06 12:40:00+08:00,470.0,471.0,470.0,470.5,20196,0.0,0.0
2024-08-06 12:45:00+08:00,470.5,470.5,468.5,469.5,14327,0.0,0.0
2024-08-06 12:50:00+08:00,469.0,469.0,467.0,467.0,20530,0.0,0.0
2024-08-06 12:55:00+08:00,466.5,468.5,466.5,468.5,26514,0.0,0.0
2024-08-06 13:00:00+08:00,469.5,470.0,469.0,470.0,20269,0.0,0.0
2024-08-06 13:05:00+08:00,470.0,470.5,466.0,467.5,39387,0.0,0.0
2024-08-06 13:10:00+08:00,467.5,467.5,466.5,466.5,13099,0.0,0.0
2024-08-06 13:15:00+08:00,466.5,469.0,466.5,469.0,63377,0.0,0.0
2024-08-06 13:20:00+08:00,469.5,471.0,467.0,467.0,57734,0.0,0.0
2024-08-07 09:00:00+08:00,450.0,456.0,447.5,455.0,0,0.0,0.0
2024-08-07 09:05:00+08:00,455.0,455.0,442.5,443.0,483000,0.0,0.0
2024-08-07 09:10:00+08:00,443.0,446.0,441.0,445.0,302630,0.0,0.0
2024-08-07 09:15:00+08:00,444.5,445.5,443.5,444.0,130972,0.0,0.0
2024-08-07 09:20:00+08:00,444.0,445.5,443.5,445.5,133333,0.0,0.0
2024-08-07 09:25:00+08:00,445.5,451.5,445.5,451.0,171685,0.0,0.0
2024-08-07 09:30:00+08:00,451.0,455.0,451.0,455.0,109382,0.0,0.0
2024-08-07 09:35:00+08:00,454.5,454.5,452.5,453.0,61518,0.0,0.0
2024-08-07 09:40:00+08:00,453.0,453.0,451.5,451.5,68024,0.0,0.0
2024-08-07 09:45:00+08:00,451.5,454.5,451.5,454.5,79388,0.0,0.0
2024-08-07 09:50:00+08:00,454.5,458.0,454.5,456.0,146661,0.0,0.0
2024-08-07 09:55:00+08:00,456.0,458.0,455.5,458.0,66088,0.0,0.0
2024-08-07 10:00:00+08:00,457.5,457.5,453.0,455.0,111554,0.0,0.0
2024-08-07 10:05:00+08:00,454.5,455.0,454.0,454.0,30650,0.0,0.0
2024-08-07 10:10:00+08:00,454.0,455.5,454.0,455.5,58584,0.0,0.0
2024-08-07 10:15:00+08:00,455.5,456.0,454.0,454.0,60423,0.0,0.0
2024-08-07 10:20:00+08:00,454.0,457.5,454.0,457.5,70414,0.0,0.0
2024-08-07 10:25:00+08:00,457.5,458.0,456.5,457.5,64296,0.0,0.0
2024-08-07 10:30:00+08:00,457.5,457.5,455.5,455.5,47313,0.0,0.0
2024-08-07 10:35:00+08:00,455.5,457.0,455.5,457.0,47402,0.0,0.0
2024-08-07 10:40:00+08:00,456.5,459.0,455.5,458.5,92941,0.0,0.0
2024-08-07 10:45:00+08:00,459.0,460.0,458.0,459.5,86870,0.0,0.0
2024-08-07 10:50:00+08:00,459.0,459.5,457.0,458.5,60157,0.0,0.0
2024-08-07 10:55:00+08:00,458.5,460.0,458.5,460.0,54179,0.0,0.0
2024-08-07 11:00:00+08:00,459.0,461.5,458.5,461.5,72127,0.0,0.0
2024-08-07 11:05:00+08:00,461.0,461.0,460.0,460.0,47804,0.0,0.0
2024-08-07 11:10:00+08:00,460.5,461.0,460.5,461.0,24501,0.0,0.0
2024-08-07 11:15:00+08:00,460.5,461.0,459.0,459.5,148559,0.0,0.0
2024-08-07 11:20:00+08:00,460.0,460.0,458.5,460.0,58463,0.0,0.0
2024-08-07 11:25:00+08:00,460.0,460.0,460.0,460.0,32237,0.0,0.0
2024-08-07 11:30:00+08:00,460.0,460.5,460.0,460.0,24240,0.0,0.0
2024-08-07 11:35:00+08:00,460.0,460.5,459.5,460.0,58299,0.0,0.0
2024-08-07 11:40:00+08:00,460.0,460.0,459.0,460.0,50287,0.0,0.0
2024-08-07 11:45:00+08:00,460.0,460.5,459.5,460.5,23918,0.0,0.0
2024-08-07 11:50:00+08:00,460.5,460.5,460.0,460.0,16238,0.0,0.0
2024-08-07 11:55:00+08:00,460.5,460.5,460.0,460.0,26336,0.0,0.0
2024-08-07 12:00:00+08:00,460.0,461.0,460.0,461.0,82124,0.0,0.0
2024-08-07 12:05:00+08:00,461.5,461.5,461.0,461.0,16171,0.0,0.0
2024-08-07 12:10:00+08:00,460.5,461.0,460.5,460.5,19776,0.0,0.0
2024-08-07 12:15:00+08:00,461.0,461.0,460.5,460.5,22052,0.0,0.0
2024-08-07 12:20:00+08:00,460.0,460.5,460.0,460.0,32066,0.0,0.0
2024-08-07 12:25:00+08:00,460.0,461.0,460.0,461.0,61626,0.0,0.0
2024-08-07 12:30:00+08:00,461.0,461.0,461.0,461.0,20127,0.0,0.0
2024-08-07 12:35:00+08:00,461.0,461.5,460.5,460.5,22581,0.0,0.0
2024-08-07 12:40:00+08:00,460.5,461.0,460.5,460.5,21535,0.0,0.0
2024-08-07 12:45:00+08:00,460.5,461.0,460.0,460.5,44271,0.0,0.0
2024-08-07 12:50:00+08:00,460.5,460.5,460.0,460.5,51374,0.0,0.0
2024-08-07 12:55:00+08:00,461.0,461.0,460.5,461.0,26375,0.0,0.0
2024-08-07 13:00:00+08:00,460.5,461.0,460.0,460.5,39511,0.0,0.0
2024-08-07 13:05:00+08:00,460.0,460.5,460.0,460.5,27658,0.0,0.0
2024-08-07 13:10:00+08:00,460.5,460.5,460.0,460.0,46250,0.0,0.0
2024-08-07 13:15:00+08:00,460.0,460.5,460.0,460.5,75013,0.0,0.0
2024-08-07 13:20:00+08:00,460.5,461.0,460.0,460.0,98026,0.0,0.0
2024-08-08 09:00:00+08:00,451.0,455.5,445.0,445.5,0,0.0,0.0
2024-08-08 09:05:00+08:00,444.5,447.5,443.5,445.5,188000,0.0,0.0
2024-08-08 09:10:00+08:00,446.0,447.0,445.5,447.0,66882,0.0,0.0
2024-08-08 09:15:00+08:00,447.5,450.0,447.5,450.0,43608,0.0,0.0
2024-08-08 09:20:00+08:00,450.0,450.5,448.0,448.0,49355,0.0,0.0
2024-08-08 09:25:00+08:00,448.5,448.5,447.0,447.0,28502,0.0,0.0
2024-08-08 09:30:00+08:00,447.5,448.5,447.5,448.0,15687,0.0,0.0
2024-08-08 09:35:00+08:00,448.0,449.0,447.0,447.0,42597,0.0,0.0
2024-08-08 09:40:00+08:00,447.0,447.0,446.0,446.5,39805,0.0,0.0
2024-08-08 09:45:00+08:00,446.5,446.5,445.5,445.5,53784,0.0,0.0
2024-08-08 09:50:00+08:00,445.5,446.0,445.5,446.0,24371,0.0,0.0
2024-08-08 09:55:00+08:00,446.5,448.5,446.5,448.0,17751,0.0,0.0
2024-08-08 10:00:00+08:00,448.5,449.5,448.0,448.0,18890,0.0,0.0
2024-08-08 10:05:00+08:00,448.5,448.5,448.5,448.5,8149,0.0,0.0
2024-08-08 10:10:00+08:00,448.0,449.0,448.0,448.5,16426,0.0,0.0
2024-08-08 10:15:00+08:00,448.5,450.0,448.5,448.5,33243,0.0,0.0
2024-08-08 10:20:00+08:00,449.0,449.5,448.5,449.5,18352,0.0,0.0
2024-08-08 10:25:00+08:00,449.0,449.0,448.0,448.5,26016,0.0,0.0
2024-08-08 10:30:00+08:00,448.0,448.5,447.0,447.0,25782,0.0,0.0
2024-08-08 10:35:00+08:00,447.5,447.5,446.5,446.5,30114,0.0,0.0
2024-08-08 10:40:00+08:00,447.0,447.0,446.5,447.0,16042,0.0,0.0
2024-08-08 10:45:00+08:00,447.0,447.5,447.0,447.5,9282,0.0,0.0
2024-08-08 10:50:00+08:00,447.5,447.5,447.0,447.5,12199,0.0,0.0
2024-08-08 10:55:00+08:00,447.0,448.5,447.0,448.5,9024,0.0,0.0
2024-08-08 11:00:00+08:00,448.0,448.0,446.5,446.5,49500,0.0,0.0
2024-08-08 11:05:00+08:00,447.0,447.0,446.5,447.0,11263,0.0,0.0
2024-08-08 11:10:00+08:00,447.0,447.0,446.5,446.5,4374,0.0,0.0
2024-08-08 11:15:00+08:00,446.5,447.0,446.5,446.5,12726,0.0,0.0
2024-08-08 11:20:00+08:00,446.5,448.0,446.0,448.0,99530,0.0,0.0
2024-08-08 11:25:00+08:00,447.5,448.0,446.5,447.0,11186,0.0,0.0
2024-08-08 11:30:00+08:00,447.5,448.0,447.5,447.5,11303,0.0,0.0
2024-08-08 11:35:00+08:00,448.0,448.0,448.0,448.0,3848,0.0,0.0
2024-08-08 11:40:00+08:00,447.5,448.0,447.5,447.5,5226,0.0,0.0
2024-08-08 11:45:00+08:00,447.5,447.5,447.5,447.5,1041,0.0,0.0
2024-08-08 11:50:00+08:00,447.5,448.0,447.5,447.5,9815,0.0,0.0
2024-08-08 11:55:00+08:00,447.0,447.5,446.0,446.0,58655,0.0,0.0
2024-08-08 12:00:00+08:00,446.0,446.5,445.5,445.5,30608,0.0,0.0
2024-08-08 12:05:00+08:00,446.0,446.0,445.0,445.0,67003,0.0,0.0
2024-08-08 12:10:00+08:00,445.5,446.0,445.0,446.0,48339,0.0,0.0
2024-08-08 12:15:00+08:00,445.5,446.0,445.5,446.0,32340,0.0,0.0
2024-08-08 12:20:00+08:00,446.0,446.0,445.0,445.0,24932,0.0,0.0
2024-08-08 12:25:00+08:00,445.0,445.5,444.0,444.0,102400,0.0,0.0
2024-08-08 12:30:00+08:00,444.0,445.0,444.0,444.5,23274,0.0,0.0
2024-08-08 12:35:00+08:00,444.5,445.0,443.5,444.0,135391,0.0,0.0
2024-08-08 12:40:00+08:00,444.0,444.0,443.0,443.0,38700,0.0,0.0
2024-08-08 12:45:00+08:00,444.0,444.0,443.5,443.5,17719,0.0,0.0
2024-08-08 12:50:00+08:00,444.0,444.0,443.5,443.5,27300,0.0,0.0
2024-08-08 12:55:00+08:00,443.0,445.0,443.0,444.5,35828,0.0,0.0
2024-08-08 13:00:00+08:00,444.5,445.0,444.0,444.5,23540,0.0,0.0
2024-08-08 13:05:00+08:00,445.0,445.0,444.0,444.0,15549,0.0,0.0
2024-08-08 13:10:00+08:00,444.0,444.5,444.0,444.5,39158,0.0,0.0
2024-08-08 13:15:00+08:00,444.5,444.5,444.0,444.0,37535,0.0,0.0
2024-08-08 13:20:00+08:00,444.0,444.0,443.5,443.5,94664,0.0,0.0
2024-08-09 09:00:00+08:00,447.0,453.0,447.0,450.0,0,0.0,0.0
2024-08-09 09:05:00+08:00,450.0,450.0,447.5,447.5,77148,0.0,0.0
2024-08-09 09:10:00+08:00,447.5,449.0,446.5,447.0,106499,0.0,0.0
2024-08-09 09:15:00+08:00,448.0,448.0,447.0,447.5,14452,0.0,0.0
2024-08-09 09:20:00+08:00,447.0,447.0,446.0,446.5,43605,0.0,0.0
2024-08-09 09:25:00+08:00,446.5,448.0,446.0,446.5,79905,0.0,0.0
2024-08-09 09:30:00+08:00,446.5,447.5,446.5,447.5,41970,0.0,0.0
2024-08-09 09:35:00+08:00,448.0,448.0,447.0,448.0,30515,0.0,0.0
2024-08-09 09:40:00+08:00,448.0,448.0,447.0,447.0,11845,0.0,0.0
2024-08-09 09:45:00+08:00,447.5,448.0,447.0,447.5,36590,0.0,0.0
2024-08-09 09:50:00+08:00,448.0,448.0,447.0,447.0,30577,0.0,0.0
2024-08-09 09:55:00+08:00,447.5,447.5,447.0,447.0,18410,0.0,0.0
2024-08-09 10:00:00+08:00,447.0,447.5,447.0,447.0,32079,0.0,0.0
2024-08-09 10:05:00+08:00,447.0,447.5,447.0,447.5,4350,0.0,0.0
2024-08-09 10:10:00+08:00,447.5,450.0,447.5,448.0,68761,0.0,0.0
2024-08-09 10:15:00+08:00,448.5,448.5,448.0,448.0,30097,0.0,0.0
2024-08-09 10:20:00+08:00,448.0,449.5,448.0,449.0,40449,0.0,0.0
2024-08-09 10:25:00+08:00,449.0,449.0,449.0,449.0,12357,0.0,0.0
2024-08-09 10:30:00+08:00,448.5,450.0,448.5,450.0,39195,0.0,0.0
2024-08-09 10:35:00+08:00,449.5,449.5,449.5,449.5,15361,0.0,0.0
2024-08-09 10:40:00+08:00,449.0,451.0,449.0,450.5,107661,0.0,0.0
2024-08-09 10:45:00+08:00,451.0,451.5,451.0,451.0,29035,0.0,0.0
2024-08-09 10:50:00+08:00,451.5,451.5,450.5,450.5,22834,0.0,0.0
2024-08-09 10:55:00+08:00,450.5,451.0,450.5,450.5,16384,0.0,0.0
2024-08-09 11:00:00+08:00,450.5,451.5,450.5,451.0,22575,0.0,0.0
2024-08-09 11:05:00+08:00,451.5,452.0,451.0,451.5,27957,0.0,0.0
2024-08-09 11:10:00+08:00,452.0,456.0,451.5,456.0,109500,0.0,0.0
2024-08-09 11:15:00+08:00,456.0,458.0,455.0,457.5,63350,0.0,0.0
2024-08-09 11:20:00+08:00,457.5,457.5,456.0,456.5,39145,0.0,0.0
2024-08-09 11:25:00+08:00,456.5,457.0,456.0,456.0,48612,0.0,0.0
2024-08-09 11:30:00+08:00,456.0,456.5,454.0,455.0,56084,0.0,0.0
2024-08-09 11:35:00+08:00,455.0,456.0,454.5,454.5,27793,0.0,0.0
2024-08-09 11:40:00+08:00,455.5,456.0,454.5,455.5,17870,0.0,0.0
2024-08-09 11:45:00+08:00,455.0,456.5,454.5,456.0,37626,0.0,0.0
2024-08-09 11:50:00+08:00,455.5,457.0,455.5,457.0,30781,0.0,0.0
2024-08-09 11:55:00+08:00,457.0,457.0,456.0,456.5,18428,0.0,0.0
2024-08-09 12:00:00+08:00,455.5,459.5,455.5,459.5,91705,0.0,0.0
2024-08-09 12:05:00+08:00,459.0,459.5,458.0,458.5,29876,0.0,0.0
2024-08-09 12:10:00+08:00,457.5,462.0,457.5,461.0,97347,0.0,0.0
2024-08-09 12:15:00+08:00,461.5,463.0,461.0,462.5,45155,0.0,0.0
2024-08-09 12:20:00+08:00,462.0,462.0,461.0,461.0,23735,0.0,0.0
2024-08-09 12:25:00+08:00,461.5,461.5,460.0,460.0,19904,0.0,0.0
2024-08-09 12:30:00+08:00,460.5,461.0,460.0,460.5,32568,0.0,0.0
2024-08-09 12:35:00+08:00,460.5,460.5,459.0,460.0,58444,0.0,0.0
2024-08-09 12:40:00+08:00,460.0,460.5,458.0,458.0,36883,0.0,0.0
2024-08-09 12:45:00+08:00,459.0,459.5,457.5,457.5,29282,0.0,0.0
2024-08-09 12:50:00+08:00,457.5,458.0,457.0,457.0,39572,0.0,0.0
2024-08-09 12:55:00+08:00,457.0,457.0,455.5,455.5,31105,0.0,0.0
2024-08-09 13:00:00+08:00,455.0,455.5,454.5,455.0,36297,0.0,0.0
2024-08-09 13:05:00+08:00,454.5,455.0,454.5,454.5,19764,0.0,0.0
2024-08-09 13:10:00+08:00,454.5,455.5,454.0,454.5,37300,0.0,0.0
2024-08-09 13:15:00+08:00,454.0,454.5,454.0,454.5,51278,0.0,0.0
2024-08-09 13:20:00+08:00,454.0,455.0,453.5,454.0,64871,0.0,0.0
2024-08-12 09:00:00+08:00,459.5,461.0,457.0,459.0,0,0.0,0.0
2024-08-12 09:05:00+08:00,458.0,458.5,455.0,457.5,59000,0.0,0.0
2024-08-12 09:10:00+08:00,458.5,462.5,458.0,462.5,47689,0.0,0.0
2024-08-12 09:15:00+08:00,462.5,465.0,462.5,464.5,62294,0.0,0.0
2024-08-12 09:20:00+08:00,464.5,465.0,463.5,464.5,22690,0.0,0.0
2024-08-12 09:25:00+08:00,464.5,467.5,464.0,464.0,48733,0.0,0.0
2024-08-12 09:30:00+08:00,464.5,466.0,464.5,466.0,15177,0.0,0.0
2024-08-12 09:35:00+08:00,466.0,466.0,465.5,465.5,17369,0.0,0.0
2024-08-12 09:40:00+08:00,465.5,465.5,465.5,465.5,4375,0.0,0.0
2024-08-12 09:45:00+08:00,465.5,465.5,465.0,465.0,13869,0.0,0.0
2024-08-12 09:50:00+08:00,464.5,465.5,464.5,465.5,24654,0.0,0.0
2024-08-12 09:55:00+08:00,465.5,466.0,465.5,465.5,14075,0.0,0.0
2024-08-12 10:00:00+08:00,465.0,466.5,464.0,466.5,42709,0.0,0.0
2024-08-12 10:05:00+08:00,466.0,466.5,465.0,466.0,13300,0.0,0.0
2024-08-12 10:10:00+08:00,466.0,469.5,466.0,469.5,93194,0.0,0.0
2024-08-12 10:15:00+08:00,469.5,472.0,469.5,470.0,61466,0.0,0.0
2024-08-12 10:20:00+08:00,469.5,470.5,466.5,466.5,10787,0.0,0.0
2024-08-12 10:25:00+08:00,466.5,469.0,466.0,469.0,11063,0.0,0.0
2024-08-12 10:30:00+08:00,469.0,469.5,468.5,468.5,14138,0.0,0.0
2024-08-12 10:35:00+08:00,468.5,468.5,468.5,468.5,6151,0.0,0.0
2024-08-12 10:40:00+08:00,468.0,471.0,468.0,471.0,18588,0.0,0.0
2024-08-12 10:45:00+08:00,471.0,471.5,470.5,470.5,22745,0.0,0.0
2024-08-12 10:50:00+08:00,470.0,470.5,470.0,470.5,2076,0.0,0.0
2024-08-12 10:55:00+08:00,470.0,470.5,470.0,470.5,6290,0.0,0.0
2024-08-12 11:00:00+08:00,470.5,470.5,469.5,469.5,9010,0.0,0.0
2024-08-12 11:05:00+08:00,469.5,469.5,468.5,468.5,7743,0.0,0.0
2024-08-12 11:10:00+08:00,468.5,470.5,468.5,470.5,32282,0.0,0.0
2024-08-12 11:15:00+08:00,470.5,471.0,470.5,470.5,12360,0.0,0.0
2024-08-12 11:20:00+08:00,470.5,470.5,469.5,469.5,11019,0.0,0.0
2024-08-12 11:25:00+08:00,470.0,470.5,470.0,470.5,7510,0.0,0.0
2024-08-12 11:30:00+08:00,470.5,470.5,470.0,470.0,5245,0.0,0.0
2024-08-12 11:35:00+08:00,470.0,470.0,469.0,469.0,7270,0.0,0.0
2024-08-12 11:40:00+08:00,469.5,469.5,468.5,468.5,13304,0.0,0.0
2024-08-12 11:45:00+08:00,468.5,468.5,468.5,468.5,2001,0.0,0.0
2024-08-12 11:50:00+08:00,468.0,468.0,468.0,468.0,2282,0.0,0.0
2024-08-12 11:55:00+08:00,468.5,469.0,468.5,468.5,10345,0.0,0.0
2024-08-12 12:00:00+08:00,468.5,468.5,468.0,468.0,3065,0.0,0.0
2024-08-12 12:05:00+08:00,468.5,468.5,468.0,468.5,9210,0.0,0.0
2024-08-12 12:10:00+08:00,468.5,469.0,468.5,468.5,8396,0.0,0.0
2024-08-12 12:15:00+08:00,469.5,469.5,468.0,468.5,8070,0.0,0.0
2024-08-12 12:20:00+08:00,469.0,469.0,468.0,468.5,6263,0.0,0.0
2024-08-12 12:25:00+08:00,468.5,468.5,468.0,468.0,5265,0.0,0.0
2024-08-12 12:30:00+08:00,468.0,468.0,467.0,468.0,12082,0.0,0.0
2024-08-12 12:35:00+08:00,467.5,468.0,467.5,467.5,7188,0.0,0.0
2024-08-12 12:40:00+08:00,467.0,468.0,466.5,468.0,25244,0.0,0.0
2024-08-12 12:45:00+08:00,468.0,468.0,468.0,468.0,1080,0.0,0.0
2024-08-12 12:50:00+08:00,468.0,468.0,468.0,468.0,3109,0.0,0.0
2024-08-12 12:55:00+08:00,467.0,467.0,466.5,466.5,6153,0.0,0.0
2024-08-12 13:00:00+08:00,466.0,466.0,463.5,463.5,38191,0.0,0.0
2024-08-12 13:05:00+08:00,464.0,464.0,463.0,463.0,22818,0.0,0.0
2024-08-12 13:10:00+08:00,463.0,464.0,463.0,464.0,22092,0.0,0.0
2024-08-12 13:15:00+08:00,464.0,464.5,464.0,464.5,14039,0.0,0.0
2024-08-12 13:20:00+08:00,464.5,464.5,463.5,464.0,27672,0.0,0.0
2024-08-13 09:00:00+08:00,470.5,471.5,468.0,470.5,0,0.0,0.0
2024-08-13 09:05:00+08:00,471.0,473.0,468.0,468.0,49877,0.0,0.0
2024-08-13 09:10:00+08:00,468.0,468.5,467.0,468.5,37369,0.0,0.0
2024-08-13 09:15:00+08:00,469.0,469.0,468.5,469.0,12143,0.0,0.0
2024-08-13 09:20:00+08:00,469.5,469.5,466.5,466.5,24796,0.0,0.0
2024-08-13 09:25:00+08:00,466.0,466.5,466.0,466.0,12124,0.0,0.0
2024-08-13 09:30:00+08:00,466.0,467.0,466.0,466.5,13333,0.0,0.0
2024-08-13 09:35:00+08:00,466.5,467.0,466.5,466.5,5239,0.0,0.0
2024-08-13 09:40:00+08:00,467.0,467.5,466.5,467.0,15472,0.0,0.0
2024-08-13 09:45:00+08:00,467.5,467.5,465.0,466.0,23862,0.0,0.0
2024-08-13 09:50:00+08:00,466.0,466.0,462.0,462.5,60363,0.0,0.0
2024-08-13 09:55:00+08:00,462.0,463.5,461.5,463.5,25075,0.0,0.0
2024-08-13 10:00:00+08:00,463.0,463.0,462.0,462.0,12373,0.0,0.0
2024-08-13 10:05:00+08:00,462.5,462.5,461.0,461.0,11380,0.0,0.0
2024-08-13 10:10:00+08:00,461.0,462.5,461.0,462.5,20501,0.0,0.0
2024-08-13 10:15:00+08:00,462.5,462.5,462.0,462.5,10141,0.0,0.0
2024-08-13 10:20:00+08:00,463.0,463.0,463.0,463.0,5088,0.0,0.0
2024-08-13 10:25:00+08:00,463.0,463.0,462.0,462.0,14331,0.0,0.0
2024-08-13 10:30:00+08:00,462.0,462.0,461.5,462.0,13333,0.0,0.0
2024-08-13 10:35:00+08:00,462.0,462.5,462.0,462.5,20528,0.0,0.0
2024-08-13 10:40:00+08:00,462.5,462.5,462.5,462.5,1086,0.0,0.0
2024-08-13 10:45:00+08:00,462.5,463.0,462.5,462.5,4048,0.0,0.0
2024-08-13 10:50:00+08:00,462.0,462.5,462.0,462.5,7389,0.0,0.0
2024-08-13 10:55:00+08:00,462.5,462.5,462.5,462.5,10000,0.0,0.0
2024-08-13 11:00:00+08:00,462.5,462.5,461.5,461.5,36431,0.0,0.0
2024-08-13 11:05:00+08:00,462.0,462.0,461.5,461.5,7126,0.0,0.0
2024-08-13 11:10:00+08:00,461.5,461.5,461.5,461.5,1000,0.0,0.0
2024-08-13 11:15:00+08:00,462.0,462.5,461.5,462.5,27297,0.0,0.0
2024-08-13 11:20:00+08:00,462.5,462.5,462.5,462.5,5377,0.0,0.0
2024-08-13 11:25:00+08:00,462.5,462.5,462.5,462.5,4251,0.0,0.0
2024-08-13 11:30:00+08:00,462.0,462.0,462.0,462.0,4092,0.0,0.0
2024-08-13 11:35:00+08:00,462.0,462.5,462.0,462.5,2038,0.0,0.0
2024-08-13 11:40:00+08:00,462.5,463.0,462.0,463.0,12047,0.0,0.0
2024-08-13 11:45:00+08:00,463.0,463.0,463.0,463.0,1027,0.0,0.0
2024-08-13 11:50:00+08:00,462.5,462.5,462.5,462.5,3067,0.0,0.0
2024-08-13 11:55:00+08:00,463.0,463.0,462.5,462.5,4175,0.0,0.0
2024-08-13 12:00:00+08:00,462.0,462.0,461.5,462.0,32150,0.0,0.0
2024-08-13 12:05:00+08:00,461.5,462.0,461.5,462.0,28979,0.0,0.0
2024-08-13 12:10:00+08:00,462.0,462.0,462.0,462.0,1110,0.0,0.0
2024-08-13 12:15:00+08:00,462.5,463.0,462.5,463.0,31052,0.0,0.0
2024-08-13 12:20:00+08:00,463.0,463.0,463.0,463.0,2102,0.0,0.0
2024-08-13 12:25:00+08:00,463.0,463.0,463.0,463.0,30236,0.0,0.0
2024-08-13 12:30:00+08:00,463.5,463.5,463.5,463.5,3121,0.0,0.0
2024-08-13 12:35:00+08:00,463.5,463.5,463.5,463.5,2003,0.0,0.0
2024-08-13 12:40:00+08:00,463.0,464.0,463.0,463.5,37000,0.0,0.0
2024-08-13 12:45:00+08:00,463.5,463.5,463.5,463.5,14001,0.0,0.0
2024-08-13 12:50:00+08:00,463.0,464.0,463.0,464.0,11233,0.0,0.0
2024-08-13 12:55:00+08:00,464.0,464.0,464.0,464.0,4119,0.0,0.0
2024-08-13 13:00:00+08:00,464.0,464.0,464.0,464.0,15135,0.0,0.0
2024-08-13 13:05:00+08:00,464.0,464.0,463.5,463.5,20641,0.0,0.0
2024-08-13 13:10:00+08:00,463.5,464.0,463.0,463.0,13018,0.0,0.0
2024-08-13 13:15:00+08:00,463.0,463.5,463.0,463.5,16472,0.0,0.0
2024-08-13 13:20:00+08:00,463.0,463.5,463.0,463.0,42259,0.0,0.0
2024-08-14 09:00:00+08:00,468.0,470.0,468.0,469.0,0,0.0,0.0
2024-08-14 09:05:00+08:00,468.5,469.0,468.5,468.5,18000,0.0,0.0
2024-08-14 09:10:00+08:00,468.5,469.5,468.0,469.0,29047,0.0,0.0
2024-08-14 09:15:00+08:00,469.0,471.5,469.0,470.5,65468,0.0,0.0
2024-08-14 09:20:00+08:00,470.5,474.0,470.5,473.5,77830,0.0,0.0
2024-08-14 09:25:00+08:00,474.0,478.0,473.5,477.0,124064,0.0,0.0
2024-08-14 09:30:00+08:00,477.0,477.0,476.0,476.0,25819,0.0,0.0
2024-08-14 09:35:00+08:00,476.0,477.0,475.5,477.0,32448,0.0,0.0
2024-08-14 09:40:00+08:00,476.5,478.5,476.5,478.5,65853,0.0,0.0
2024-08-14 09:45:00+08:00,478.0,478.0,477.5,477.5,22902,0.0,0.0
2024-08-14 09:50:00+08:00,477.0,478.0,477.0,478.0,21913,0.0,0.0
2024-08-14 09:55:00+08:00,477.0,480.0,477.0,480.0,98853,0.0,0.0
2024-08-14 10:00:00+08:00,479.5,479.5,477.0,477.0,39168,0.0,0.0
2024-08-14 10:05:00+08:00,477.0,477.0,474.5,475.5,40160,0.0,0.0
2024-08-14 10:10:00+08:00,476.5,476.5,473.0,473.0,32166,0.0,0.0
2024-08-14 10:15:00+08:00,474.0,474.0,473.0,473.0,18569,0.0,0.0
2024-08-14 10:20:00+08:00,473.0,473.0,472.5,473.0,18409,0.0,0.0
2024-08-14 10:25:00+08:00,473.0,473.5,472.5,473.5,16382,0.0,0.0
2024-08-14 10:30:00+08:00,473.5,475.0,473.0,474.5,11672,0.0,0.0
2024-08-14 10:35:00+08:00,474.5,476.0,474.5,475.5,21339,0.0,0.0
2024-08-14 10:40:00+08:00,475.5,477.0,475.5,477.0,18793,0.0,0.0
2024-08-14 10:45:00+08:00,477.5,478.0,477.0,478.0,11685,0.0,0.0
2024-08-14 10:50:00+08:00,478.0,478.0,477.5,478.0,14167,0.0,0.0
2024-08-14 10:55:00+08:00,478.5,479.0,478.0,479.0,14184,0.0,0.0
2024-08-14 11:00:00+08:00,478.5,479.0,477.0,477.0,36156,0.0,0.0
2024-08-14 11:05:00+08:00,477.0,477.5,477.0,477.0,7503,0.0,0.0
2024-08-14 11:10:00+08:00,477.0,477.5,476.5,477.5,21260,0.0,0.0
2024-08-14 11:15:00+08:00,477.0,477.5,477.0,477.5,8071,0.0,0.0
2024-08-14 11:20:00+08:00,477.5,479.5,477.5,479.0,29561,0.0,0.0
2024-08-14 11:25:00+08:00,479.0,480.0,479.0,479.5,41739,0.0,0.0
2024-08-14 11:30:00+08:00,480.0,481.5,480.0,481.5,95773,0.0,0.0
2024-08-14 11:35:00+08:00,481.5,483.5,481.5,483.5,35721,0.0,0.0
2024-08-14 11:40:00+08:00,483.5,484.5,482.5,482.5,57375,0.0,0.0
2024-08-14 11:45:00+08:00,483.0,484.5,483.0,484.5,24411,0.0,0.0
2024-08-14 11:50:00+08:00,484.5,484.5,484.0,484.5,20195,0.0,0.0
2024-08-14 11:55:00+08:00,485.0,485.5,484.0,484.5,39571,0.0,0.0
2024-08-14 12:00:00+08:00,484.5,485.0,484.0,484.5,14347,0.0,0.0
2024-08-14 12:05:00+08:00,485.0,485.0,484.0,484.5,25214,0.0,0.0
2024-08-14 12:10:00+08:00,484.5,485.0,484.0,484.5,15047,0.0,0.0
2024-08-14 12:15:00+08:00,485.0,485.0,484.5,485.0,21396,0.0,0.0
2024-08-14 12:20:00+08:00,485.0,485.0,484.0,484.5,31711,0.0,0.0
2024-08-14 12:25:00+08:00,484.0,485.0,484.0,485.0,13788,0.0,0.0
2024-08-14 12:30:00+08:00,484.5,485.0,484.0,485.0,30163,0.0,0.0
2024-08-14 12:35:00+08:00,484.5,485.0,484.0,484.5,16520,0.0,0.0
2024-08-14 12:40:00+08:00,484.5,485.0,484.5,485.0,14699,0.0,0.0
2024-08-14 12:45:00+08:00,485.0,485.5,484.5,485.5,29030,0.0,0.0
2024-08-14 12:50:00+08:00,485.5,485.5,485.0,485.0,26370,0.0,0.0
2024-08-14 12:55:00+08:00,485.0,485.0,484.0,485.0,23572,0.0,0.0
2024-08-14 13:00:00+08:00,484.5,484.5,482.5,483.0,35869,0.0,0.0
2024-08-14 13:05:00+08:00,483.0,483.0,482.0,482.5,23537,0.0,0.0
2024-08-14 13:10:00+08:00,483.0,483.5,483.0,483.5,8204,0.0,0.0
2024-08-14 13:15:00+08:00,484.0,484.0,483.5,483.5,12625,0.0,0.0
2024-08-14 13:20:00+08:00,484.0,484.0,481.5,481.5,31465,0.0,0.0
2024-08-15 09:00:00+08:00,481.0,484.0,478.0,484.0,0,0.0,0.0
2024-08-15 09:05:00+08:00,484.0,484.0,482.0,483.5,42000,0.0,0.0
2024-08-15 09:10:00+08:00,482.0,483.0,482.0,482.0,25592,0.0,0.0
2024-08-15 09:15:00+08:00,481.0,481.0,479.0,479.0,25825,0.0,0.0
2024-08-15 09:20:00+08:00,479.0,479.0,476.5,477.5,63904,0.0,0.0
2024-08-15 09:25:00+08:00,477.5,477.5,473.0,475.5,124658,0.0,0.0
2024-08-15 09:30:00+08:00,476.0,476.0,474.5,476.0,33117,0.0,0.0
2024-08-15 09:35:00+08:00,476.0,477.5,476.0,476.5,18049,0.0,0.0
2024-08-15 09:40:00+08:00,477.0,478.0,477.0,477.5,18255,0.0,0.0
2024-08-15 09:45:00+08:00,477.5,480.0,477.5,480.0,16242,0.0,0.0
2024-08-15 09:50:00+08:00,480.0,481.0,479.5,481.0,16346,0.0,0.0
2024-08-15 09:55:00+08:00,481.0,482.0,480.5,482.0,37492,0.0,0.0
2024-08-15 10:00:00+08:00,482.0,482.5,481.0,481.0,12642,0.0,0.0
2024-08-15 10:05:00+08:00,481.5,481.5,481.0,481.0,7640,0.0,0.0
2024-08-15 10:10:00+08:00,481.0,481.0,480.5,480.5,15505,0.0,0.0
2024-08-15 10:15:00+08:00,480.5,480.5,480.5,480.5,3001,0.0,0.0
2024-08-15 10:20:00+08:00,481.0,481.0,480.5,481.0,12443,0.0,0.0
2024-08-15 10:25:00+08:00,481.0,481.5,481.0,481.5,4246,0.0,0.0
2024-08-15 10:30:00+08:00,481.5,481.5,480.0,480.0,23603,0.0,0.0
2024-08-15 10:35:00+08:00,479.5,480.0,479.5,480.0,5058,0.0,0.0
2024-08-15 10:40:00+08:00,480.0,481.0,479.5,481.0,15668,0.0,0.0
2024-08-15 10:45:00+08:00,482.0,482.0,481.5,482.0,6208,0.0,0.0
2024-08-15 10:50:00+08:00,482.0,484.5,482.0,484.0,49151,0.0,0.0
2024-08-15 10:55:00+08:00,484.0,484.0,479.5,479.5,40787,0.0,0.0
2024-08-15 11:00:00+08:00,480.0,480.5,479.0,479.0,23513,0.0,0.0
2024-08-15 11:05:00+08:00,480.5,482.5,480.0,482.5,13055,0.0,0.0
2024-08-15 11:10:00+08:00,482.0,482.0,482.0,482.0,8114,0.0,0.0
2024-08-15 11:15:00+08:00,482.0,482.0,480.0,480.0,7127,0.0,0.0
2024-08-15 11:20:00+08:00,480.5,480.5,480.0,480.0,10477,0.0,0.0
2024-08-15 11:25:00+08:00,480.0,480.5,479.5,480.5,33017,0.0,0.0
2024-08-15 11:30:00+08:00,480.5,480.5,480.5,480.5,4063,0.0,0.0
2024-08-15 11:35:00+08:00,480.5,480.5,480.0,480.0,10174,0.0,0.0
2024-08-15 11:40:00+08:00,480.0,480.0,479.5,480.0,11255,0.0,0.0
2024-08-15 11:45:00+08:00,480.0,480.0,480.0,480.0,8075,0.0,0.0
2024-08-15 11:50:00+08:00,480.0,480.0,480.0,480.0,5050,0.0,0.0
2024-08-15 11:55:00+08:00,479.5,480.5,479.5,480.5,15459,0.0,0.0
2024-08-15 12:00:00+08:00,480.5,481.0,480.5,480.5,3115,0.0,0.0
2024-08-15 12:05:00+08:00,481.0,481.0,481.0,481.0,7162,0.0,0.0
2024-08-15 12:10:00+08:00,481.0,481.0,481.0,481.0,2196,0.0,0.0
2024-08-15 12:15:00+08:00,481.0,481.0,480.5,481.0,12749,0.0,0.0
2024-08-15 12:20:00+08:00,480.5,481.0,480.0,480.5,31476,0.0,0.0
2024-08-15 12:25:00+08:00,480.5,480.5,480.5,480.5,5142,0.0,0.0
2024-08-15 12:30:00+08:00,481.0,481.0,481.0,481.0,9000,0.0,0.0
2024-08-15 12:35:00+08:00,481.0,481.0,479.5,479.5,36805,0.0,0.0
2024-08-15 12:40:00+08:00,479.5,479.5,478.5,479.0,30045,0.0,0.0
2024-08-15 12:45:00+08:00,478.5,479.5,478.5,478.5,25035,0.0,0.0
2024-08-15 12:50:00+08:00,478.5,479.5,478.0,479.5,20060,0.0,0.0
2024-08-15 12:55:00+08:00,478.0,479.5,478.0,478.5,3524,0.0,0.0
2024-08-15 13:00:00+08:00,479.0,480.0,477.5,478.5,57563,0.0,0.0
2024-08-15 13:05:00+08:00,477.5,477.5,476.5,476.5,10635,0.0,0.0
2024-08-15 13:10:00+08:00,476.5,477.5,476.5,476.5,29330,0.0,0.0
2024-08-15 13:15:00+08:00,477.0,477.0,476.5,477.0,14126,0.0,0.0
2024-08-15 13:20:00+08:00,477.5,478.0,477.0,478.0,22034,0.0,0.0
2024-08-16 09:00:00+08:00,483.5,484.5,483.0,483.0,0,0.0,0.0
2024-08-16 09:05:00+08:00,482.0,484.0,482.0,483.5,34651,0.0,0.0
2024-08-16 09:10:00+08:00,483.0,483.0,482.0,482.5,27131,0.0,0.0
2024-08-16 09:15:00+08:00,482.0,482.5,482.0,482.5,20445,0.0,0.0
2024-08-16 09:20:00+08:00,482.5,483.5,482.5,483.5,26308,0.0,0.0
2024-08-16 09:25:00+08:00,483.5,484.0,483.5,483.5,21921,0.0,0.0
2024-08-16 09:30:00+08:00,484.0,484.5,484.0,484.5,41797,0.0,0.0
2024-08-16 09:35:00+08:00,484.5,487.5,484.5,486.5,64251,0.0,0.0
2024-08-16 09:40:00+08:00,486.0,486.0,484.0,485.0,24634,0.0,0.0
2024-08-16 09:45:00+08:00,484.5,484.5,483.0,483.0,12558,0.0,0.0
2024-08-16 09:50:00+08:00,482.5,482.5,480.5,481.0,53444,0.0,0.0
2024-08-16 09:55:00+08:00,481.0,481.0,480.0,480.0,24221,0.0,0.0
2024-08-16 10:00:00+08:00,481.0,482.0,480.5,481.0,24416,0.0,0.0
2024-08-16 10:05:00+08:00,481.0,482.0,481.0,481.5,17272,0.0,0.0
2024-08-16 10:10:00+08:00,481.5,483.5,481.5,481.5,6299,0.0,0.0
2024-08-16 10:15:00+08:00,483.0,484.5,483.0,484.0,19423,0.0,0.0
2024-08-16 10:20:00+08:00,484.5,484.5,482.5,484.5,7085,0.0,0.0
2024-08-16 10:25:00+08:00,483.5,484.5,483.0,483.0,4091,0.0,0.0
2024-08-16 10:30:00+08:00,483.0,483.5,483.0,483.0,12203,0.0,0.0
2024-08-16 10:35:00+08:00,482.5,483.0,482.5,483.0,6144,0.0,0.0
2024-08-16 10:40:00+08:00,483.0,483.0,483.0,483.0,6555,0.0,0.0
2024-08-16 10:45:00+08:00,483.0,483.0,483.0,483.0,2235,0.0,0.0
2024-08-16 10:50:00+08:00,483.0,483.0,483.0,483.0,1657,0.0,0.0
2024-08-16 10:55:00+08:00,483.0,483.0,483.0,483.0,3186,0.0,0.0
2024-08-16 11:00:00+08:00,482.5,482.5,482.5,482.5,11323,0.0,0.0
2024-08-16 11:05:00+08:00,482.5,483.0,482.0,483.0,10762,0.0,0.0
2024-08-16 11:10:00+08:00,483.0,483.0,482.5,482.5,5591,0.0,0.0
2024-08-16 11:15:00+08:00,482.0,482.0,481.5,481.5,6234,0.0,0.0
2024-08-16 11:20:00+08:00,481.5,482.0,481.5,482.0,7224,0.0,0.0
2024-08-16 11:25:00+08:00,482.0,482.5,481.5,481.5,23207,0.0,0.0
2024-08-16 11:30:00+08:00,482.5,483.0,482.5,483.0,4660,0.0,0.0
2024-08-16 11:35:00+08:00,483.0,483.0,483.0,483.0,2007,0.0,0.0
2024-08-16 11:40:00+08:00,483.0,483.0,482.5,482.5,3243,0.0,0.0
2024-08-16 11:45:00+08:00,482.5,483.0,482.5,483.0,7226,0.0,0.0
2024-08-16 11:50:00+08:00,483.0,483.5,483.0,483.5,6135,0.0,0.0
2024-08-16 11:55:00+08:00,483.5,483.5,483.5,483.5,2157,0.0,0.0
2024-08-16 12:00:00+08:00,483.0,483.0,483.0,483.0,15498,0.0,0.0
2024-08-16 12:05:00+08:00,483.0,483.5,483.0,483.5,3077,0.0,0.0
2024-08-16 12:10:00+08:00,483.0,483.0,483.0,483.0,1289,0.0,0.0
2024-08-16 12:15:00+08:00,483.0,483.0,482.0,482.0,16427,0.0,0.0
2024-08-16 12:20:00+08:00,482.0,482.0,482.0,482.0,2111,0.0,0.0
2024-08-16 12:25:00+08:00,482.0,482.0,482.0,482.0,2579,0.0,0.0
2024-08-16 12:30:00+08:00,481.5,481.5,481.5,481.5,12823,0.0,0.0
2024-08-16 12:35:00+08:00,481.0,482.0,480.5,482.0,33140,0.0,0.0
2024-08-16 12:40:00+08:00,482.0,482.0,481.0,481.5,5902,0.0,0.0
2024-08-16 12:45:00+08:00,481.5,481.5,481.5,481.5,6119,0.0,0.0
2024-08-16 12:50:00+08:00,481.5,481.5,480.5,480.5,11651,0.0,0.0
2024-08-16 12:55:00+08:00,480.5,480.5,480.0,480.5,14314,0.0,0.0
2024-08-16 13:00:00+08:00,480.5,481.0,480.0,480.5,18493,0.0,0.0
2024-08-16 13:05:00+08:00,480.5,481.0,480.5,480.5,20323,0.0,0.0
2024-08-16 13:10:00+08:00,480.5,480.5,480.0,480.5,15680,0.0,0.0
2024-08-16 13:15:00+08:00,480.5,480.5,480.0,480.0,13800,0.0,0.0
2024-08-16 13:20:00+08:00,480.0,480.5,479.5,479.5,26622,0.0,0.0
2024-08-19 09:00:00+08:00,480.5,486.0,480.5,483.5,0,0.0,0.0
2024-08-19 09:05:00+08:00,483.5,483.5,482.0,482.0,15284,0.0,0.0
2024-08-19 09:10:00+08:00,482.5,485.5,482.5,484.0,27788,0.0,0.0
2024-08-19 09:15:00+08:00,484.0,487.0,484.0,486.5,42318,0.0,0.0
2024-08-19 09:20:00+08:00,487.0,488.0,486.5,487.5,27681,0.0,0.0
2024-08-19 09:25:00+08:00,487.5,487.5,486.5,486.5,15801,0.0,0.0
2024-08-19 09:30:00+08:00,486.0,486.0,483.5,484.0,13988,0.0,0.0
2024-08-19 09:35:00+08:00,484.5,484.5,483.5,483.5,11608,0.0,0.0
2024-08-19 09:40:00+08:00,483.5,483.5,482.5,482.5,8123,0.0,0.0
2024-08-19 09:45:00+08:00,482.5,483.0,481.5,483.0,13037,0.0,0.0
2024-08-19 09:50:00+08:00,483.0,484.0,482.5,482.5,8265,0.0,0.0
2024-08-19 09:55:00+08:00,483.0,485.0,483.0,485.0,43249,0.0,0.0
2024-08-19 10:00:00+08:00,485.5,485.5,484.5,484.5,8370,0.0,0.0
2024-08-19 10:05:00+08:00,484.0,484.0,484.0,484.0,16008,0.0,0.0
2024-08-19 10:10:00+08:00,484.5,485.5,484.5,485.0,7161,0.0,0.0
2024-08-19 10:15:00+08:00,485.0,485.0,485.0,485.0,3038,0.0,0.0
2024-08-19 10:20:00+08:00,486.0,488.0,485.0,488.0,31902,0.0,0.0
2024-08-19 10:25:00+08:00,488.5,491.0,488.0,490.5,67967,0.0,0.0
2024-08-19 10:30:00+08:00,490.5,491.5,490.5,491.0,42496,0.0,0.0
2024-08-19 10:35:00+08:00,490.5,491.0,490.0,491.0,23243,0.0,0.0
2024-08-19 10:40:00+08:00,490.5,492.0,490.5,492.0,23889,0.0,0.0
2024-08-19 10:45:00+08:00,492.0,493.5,492.0,492.5,51187,0.0,0.0
2024-08-19 10:50:00+08:00,492.0,492.0,490.0,491.5,13754,0.0,0.0
2024-08-19 10:55:00+08:00,491.0,491.0,490.5,490.5,5053,0.0,0.0
2024-08-19 11:00:00+08:00,490.5,491.0,490.5,491.0,6295,0.0,0.0
2024-08-19 11:05:00+08:00,491.0,491.0,490.5,490.5,5236,0.0,0.0
2024-08-19 11:10:00+08:00,490.5,490.5,490.5,490.5,5210,0.0,0.0
2024-08-19 11:15:00+08:00,490.5,490.5,490.0,490.5,5057,0.0,0.0
2024-08-19 11:20:00+08:00,490.0,490.5,490.0,490.0,6023,0.0,0.0
2024-08-19 11:25:00+08:00,490.5,491.0,490.5,491.0,12096,0.0,0.0
2024-08-19 11:30:00+08:00,491.0,491.0,490.5,491.0,4017,0.0,0.0
2024-08-19 11:35:00+08:00,491.5,491.5,491.5,491.5,15836,0.0,0.0
2024-08-19 11:40:00+08:00,491.5,491.5,490.5,490.5,7221,0.0,0.0
2024-08-19 11:45:00+08:00,490.5,490.5,490.0,490.5,46575,0.0,0.0
2024-08-19 11:50:00+08:00,490.5,490.5,490.5,490.5,7155,0.0,0.0
2024-08-19 11:55:00+08:00,490.5,490.5,488.5,489.0,120232,0.0,0.0
2024-08-19 12:00:00+08:00,489.0,489.0,488.0,488.0,27106,0.0,0.0
2024-08-19 12:05:00+08:00,487.5,488.0,487.5,488.0,7737,0.0,0.0
2024-08-19 12:10:00+08:00,488.0,488.5,487.0,488.5,21141,0.0,0.0
2024-08-19 12:15:00+08:00,488.0,488.5,488.0,488.5,3026,0.0,0.0
2024-08-19 12:20:00+08:00,488.5,489.0,488.0,488.5,8349,0.0,0.0
2024-08-19 12:25:00+08:00,489.0,490.5,489.0,490.0,9597,0.0,0.0
2024-08-19 12:30:00+08:00,490.0,490.0,490.0,490.0,24186,0.0,0.0
2024-08-19 12:35:00+08:00,489.5,490.0,489.5,489.5,9110,0.0,0.0
2024-08-19 12:40:00+08:00,489.5,489.5,489.0,489.0,11290,0.0,0.0
2024-08-19 12:45:00+08:00,489.0,489.0,489.0,489.0,6050,0.0,0.0
2024-08-19 12:50:00+08:00,489.0,489.0,488.5,488.5,14280,0.0,0.0
2024-08-19 12:55:00+08:00,489.0,489.0,488.5,489.0,6040,0.0,0.0
2024-08-19 13:00:00+08:00,489.0,489.0,488.5,488.5,9224,0.0,0.0
2024-08-19 13:05:00+08:00,489.0,489.5,488.5,488.5,6130,0.0,0.0
2024-08-19 13:10:00+08:00,488.5,489.0,487.5,488.0,42519,0.0,0.0
2024-08-19 13:15:00+08:00,488.5,489.0,488.0,488.5,6182,0.0,0.0
2024-08-19 13:20:00+08:00,488.0,489.5,488.0,489.0,25244,0.0,0.0
2024-08-20 09:00:00+08:00,492.0,493.0,491.0,492.5,0,0.0,0.0
2024-08-20 09:05:00+08:00,492.5,495.5,491.5,495.5,47456,0.0,0.0
2024-08-20 09:10:00+08:00,495.5,496.0,493.5,493.5,35260,0.0,0.0
2024-08-20 09:15:00+08:00,493.0,493.5,492.0,492.0,27142,0.0,0.0
2024-08-20 09:20:00+08:00,491.5,493.5,491.0,492.5,29614,0.0,0.0
2024-08-20 09:25:00+08:00,492.0,492.0,491.0,491.5,12077,0.0,0.0
2024-08-20 09:30:00+08:00,491.0,491.0,489.5,489.5,44980,0.0,0.0
2024-08-20 09:35:00+08:00,489.5,491.0,489.5,490.5,23158,0.0,0.0
2024-08-20 09:40:00+08:00,490.5,490.5,489.0,489.0,25429,0.0,0.0
2024-08-20 09:45:00+08:00,489.0,489.5,489.0,489.5,15244,0.0,0.0
2024-08-20 09:50:00+08:00,489.5,490.5,489.5,490.5,9111,0.0,0.0
2024-08-20 09:55:00+08:00,490.5,491.0,490.0,491.0,10164,0.0,0.0
2024-08-20 10:00:00+08:00,490.5,490.5,490.5,490.5,5411,0.0,0.0
2024-08-20 10:05:00+08:00,490.0,490.5,490.0,490.0,12142,0.0,0.0
2024-08-20 10:10:00+08:00,490.5,491.0,490.0,491.0,10162,0.0,0.0
2024-08-20 10:15:00+08:00,491.0,492.5,491.0,492.0,22105,0.0,0.0
2024-08-20 10:20:00+08:00,492.0,492.0,491.5,491.5,13108,0.0,0.0
2024-08-20 10:25:00+08:00,491.5,491.5,491.0,491.5,6022,0.0,0.0
2024-08-20 10:30:00+08:00,491.5,492.0,491.5,492.0,6166,0.0,0.0
2024-08-20 10:35:00+08:00,491.5,492.5,491.5,492.5,10115,0.0,0.0
2024-08-20 10:40:00+08:00,492.5,492.5,491.5,492.0,28070,0.0,0.0
2024-08-20 10:45:00+08:00,492.0,492.0,491.5,491.5,7079,0.0,0.0
2024-08-20 10:50:00+08:00,491.5,492.0,491.0,491.0,6067,0.0,0.0
2024-08-20 10:55:00+08:00,491.5,492.0,491.5,492.0,9304,0.0,0.0
2024-08-20 11:00:00+08:00,492.0,492.0,491.5,492.0,5319,0.0,0.0
2024-08-20 11:05:00+08:00,492.0,492.0,491.5,491.5,5015,0.0,0.0
2024-08-20 11:10:00+08:00,491.5,491.5,490.0,491.0,30420,0.0,0.0
2024-08-20 11:15:00+08:00,491.0,491.0,490.5,491.0,12008,0.0,0.0
2024-08-20 11:20:00+08:00,491.0,491.0,490.5,490.5,5794,0.0,0.0
2024-08-20 11:25:00+08:00,491.0,491.5,491.0,491.5,17253,0.0,0.0
2024-08-20 11:30:00+08:00,491.5,491.5,490.5,490.5,15266,0.0,0.0
2024-08-20 11:35:00+08:00,490.5,490.5,490.0,490.0,14212,0.0,0.0
2024-08-20 11:40:00+08:00,490.0,490.5,490.0,490.5,9158,0.0,0.0
2024-08-20 11:45:00+08:00,490.5,491.0,490.5,491.0,16108,0.0,0.0
2024-08-20 11:50:00+08:00,490.5,491.0,490.5,490.5,7358,0.0,0.0
2024-08-20 11:55:00+08:00,490.5,491.0,490.5,490.5,12046,0.0,0.0
2024-08-20 12:00:00+08:00,490.5,491.0,490.0,490.5,14055,0.0,0.0
2024-08-20 12:05:00+08:00,490.5,491.0,490.5,491.0,8020,0.0,0.0
2024-08-20 12:10:00+08:00,491.0,491.5,490.5,491.5,14170,0.0,0.0
2024-08-20 12:15:00+08:00,491.5,492.0,491.5,492.0,5164,0.0,0.0
2024-08-20 12:20:00+08:00,492.0,492.5,491.5,491.5,22333,0.0,0.0
2024-08-20 12:25:00+08:00,492.0,492.0,491.5,492.0,5344,0.0,0.0
2024-08-20 12:30:00+08:00,491.5,491.5,491.0,491.5,18133,0.0,0.0
2024-08-20 12:35:00+08:00,491.5,491.5,491.5,491.5,5731,0.0,0.0
2024-08-20 12:40:00+08:00,491.5,491.5,491.0,491.5,7309,0.0,0.0
2024-08-20 12:45:00+08:00,491.5,492.0,491.0,491.0,29156,0.0,0.0
2024-08-20 12:50:00+08:00,491.5,491.5,491.0,491.0,16317,0.0,0.0
2024-08-20 12:55:00+08:00,491.0,491.0,491.0,491.0,1323,0.0,0.0
2024-08-20 13:00:00+08:00,490.5,490.5,489.5,489.5,21130,0.0,0.0
2024-08-20 13:05:00+08:00,489.5,490.5,489.5,490.5,17713,0.0,0.0
2024-08-20 13:10:00+08:00,490.5,490.5,490.5,490.5,26614,0.0,0.0
2024-08-20 13:15:00+08:00,490.0,490.0,489.5,489.5,11245,0.0,0.0
2024-08-20 13:20:00+08:00,489.5,490.0,489.0,489.0,24046,0.0,0.0
2024-08-21 09:00:00+08:00,490.0,490.0,486.0,486.5,0,0.0,0.0
2024-08-21 09:05:00+08:00,485.0,485.0,482.5,482.5,28901,0.0,0.0
2024-08-21 09:10:00+08:00,482.5,487.0,482.5,487.0,45779,0.0,0.0
2024-08-21 09:15:00+08:00,486.0,486.5,484.0,485.0,21598,0.0,0.0
2024-08-21 09:20:00+08:00,485.0,485.0,484.5,484.5,3360,0.0,0.0
2024-08-21 09:25:00+08:00,485.0,485.0,485.0,485.0,6198,0.0,0.0
2024-08-21 09:30:00+08:00,485.0,485.0,485.0,485.0,2133,0.0,0.0
2024-08-21 09:35:00+08:00,484.5,484.5,484.5,484.5,2140,0.0,0.0
2024-08-21 09:40:00+08:00,484.5,485.0,484.5,484.5,13055,0.0,0.0
2024-08-21 09:45:00+08:00,485.0,486.0,485.0,485.5,22002,0.0,0.0
2024-08-21 09:50:00+08:00,485.5,486.0,485.0,485.0,17106,0.0,0.0
2024-08-21 09:55:00+08:00,485.0,485.0,484.5,485.0,23164,0.0,0.0
2024-08-21 10:00:00+08:00,485.0,485.0,485.0,485.0,6810,0.0,0.0
2024-08-21 10:05:00+08:00,485.0,486.0,485.0,486.0,12102,0.0,0.0
2024-08-21 10:10:00+08:00,485.0,486.0,485.0,486.0,9132,0.0,0.0
2024-08-21 10:15:00+08:00,485.5,486.0,485.0,485.0,3122,0.0,0.0
2024-08-21 10:20:00+08:00,485.0,486.0,485.0,485.0,11002,0.0,0.0
2024-08-21 10:25:00+08:00,485.5,486.0,485.5,485.5,6018,0.0,0.0
2024-08-21 10:30:00+08:00,485.0,485.0,485.0,485.0,2693,0.0,0.0
2024-08-21 10:35:00+08:00,485.0,485.0,485.0,485.0,1103,0.0,0.0
2024-08-21 10:40:00+08:00,485.5,485.5,485.0,485.0,3169,0.0,0.0
2024-08-21 10:45:00+08:00,485.0,485.0,484.5,485.0,15601,0.0,0.0
2024-08-21 10:50:00+08:00,484.5,484.5,484.5,484.5,5314,0.0,0.0
2024-08-21 10:55:00+08:00,484.0,484.5,484.0,484.0,9017,0.0,0.0
2024-08-21 11:00:00+08:00,484.5,484.5,484.0,484.0,7118,0.0,0.0
2024-08-21 11:05:00+08:00,484.0,484.5,484.0,484.0,8312,0.0,0.0
2024-08-21 11:10:00+08:00,484.0,484.5,484.0,484.5,18827,0.0,0.0
2024-08-21 11:20:00+08:00,484.5,484.5,484.5,484.5,1111,0.0,0.0
2024-08-21 11:25:00+08:00,484.5,484.5,484.0,484.0,8107,0.0,0.0
2024-08-21 11:30:00+08:00,484.0,484.0,484.0,484.0,2001,0.0,0.0
2024-08-21 11:35:00+08:00,489.5,489.5,484.0,484.0,10434,0.0,0.0
2024-08-21 11:40:00+08:00,484.0,484.0,484.0,484.0,3225,0.0,0.0
2024-08-21 11:45:00+08:00,484.0,484.5,484.0,484.5,2003,0.0,0.0
2024-08-21 11:50:00+08:00,484.0,484.5,484.0,484.0,4118,0.0,0.0
2024-08-21 11:55:00+08:00,484.0,484.0,483.5,483.5,6060,0.0,0.0
2024-08-21 12:00:00+08:00,483.5,483.5,483.5,483.5,9896,0.0,0.0
2024-08-21 12:05:00+08:00,483.5,483.5,483.0,483.0,10021,0.0,0.0
2024-08-21 12:10:00+08:00,483.5,483.5,483.5,483.5,16150,0.0,0.0
2024-08-21 12:15:00+08:00,484.0,484.0,483.0,483.0,46005,0.0,0.0
2024-08-21 12:20:00+08:00,483.0,483.0,483.0,483.0,31013,0.0,0.0
2024-08-21 12:25:00+08:00,483.0,483.0,483.0,483.0,1140,0.0,0.0
2024-08-21 12:30:00+08:00,483.0,483.0,482.5,482.5,18135,0.0,0.0
2024-08-21 12:35:00+08:00,482.5,482.5,482.5,482.5,10040,0.0,0.0
2024-08-21 12:40:00+08:00,482.5,483.0,482.0,482.0,28865,0.0,0.0
2024-08-21 12:45:00+08:00,483.0,483.0,482.0,482.0,10034,0.0,0.0
2024-08-21 12:50:00+08:00,482.0,482.0,481.5,482.0,28543,0.0,0.0
2024-08-21 12:55:00+08:00,481.5,482.0,481.0,481.5,32211,0.0,0.0
2024-08-21 13:00:00+08:00,481.0,481.5,481.0,481.0,38870,0.0,0.0
2024-08-21 13:05:00+08:00,481.5,481.5,481.0,481.5,27179,0.0,0.0
2024-08-21 13:10:00+08:00,481.0,481.5,480.5,480.5,50713,0.0,0.0
2024-08-21 13:15:00+08:00,480.5,480.5,479.0,479.5,106609,0.0,0.0
2024-08-21 13:20:00+08:00,479.5,482.5,479.0,479.0,91784,0.0,0.0
2024-08-22 09:00:00+08:00,481.0,482.5,480.0,481.5,0,0.0,0.0
2024-08-22 09:05:00+08:00,481.5,481.5,481.0,481.0,17897,0.0,0.0
2024-08-22 09:10:00+08:00,481.0,481.0,480.5,480.5,6389,0.0,0.0
2024-08-22 09:15:00+08:00,480.5,480.5,480.0,480.0,10365,0.0,0.0
2024-08-22 09:20:00+08:00,480.5,482.5,480.0,482.5,27187,0.0,0.0
2024-08-22 09:25:00+08:00,482.5,483.5,482.0,482.5,11190,0.0,0.0
2024-08-22 09:30:00+08:00,481.5,482.5,481.5,481.5,13080,0.0,0.0
2024-08-22 09:35:00+08:00,481.5,482.0,481.5,481.5,9116,0.0,0.0
2024-08-22 09:40:00+08:00,482.0,482.5,481.5,481.5,14028,0.0,0.0
2024-08-22 09:45:00+08:00,482.5,482.5,481.5,481.5,12797,0.0,0.0
2024-08-22 09:50:00+08:00,481.5,483.0,481.5,483.0,25117,0.0,0.0
2024-08-22 09:55:00+08:00,483.0,484.0,483.0,483.5,38132,0.0,0.0
2024-08-22 10:00:00+08:00,482.5,483.0,482.5,483.0,4032,0.0,0.0
2024-08-22 10:05:00+08:00,483.0,483.0,482.5,482.5,9236,0.0,0.0
2024-08-22 10:10:00+08:00,482.5,482.5,481.0,481.0,30003,0.0,0.0
2024-08-22 10:15:00+08:00,481.0,481.0,480.5,480.5,23485,0.0,0.0
2024-08-22 10:20:00+08:00,480.0,480.5,480.0,480.5,6003,0.0,0.0
2024-08-22 10:25:00+08:00,480.5,480.5,479.5,480.0,30033,0.0,0.0
2024-08-22 10:30:00+08:00,480.0,481.0,480.0,480.0,36018,0.0,0.0
2024-08-22 10:35:00+08:00,480.5,480.5,480.5,480.5,8201,0.0,0.0
2024-08-22 10:40:00+08:00,480.5,480.5,480.5,480.5,1000,0.0,0.0
2024-08-22 10:45:00+08:00,480.5,480.5,480.5,480.5,2002,0.0,0.0
2024-08-22 10:50:00+08:00,480.5,480.5,479.0,479.0,30120,0.0,0.0
2024-08-22 10:55:00+08:00,479.0,479.0,478.5,478.5,8060,0.0,0.0
2024-08-22 11:00:00+08:00,478.5,479.5,478.5,479.5,11097,0.0,0.0
2024-08-22 11:05:00+08:00,480.0,480.0,480.0,480.0,20058,0.0,0.0
2024-08-22 11:10:00+08:00,480.0,480.0,480.0,480.0,1000,0.0,0.0
2024-08-22 11:15:00+08:00,480.0,480.0,480.0,480.0,11007,0.0,0.0
2024-08-22 11:20:00+08:00,479.5,479.5,479.5,479.5,1033,0.0,0.0
2024-08-22 11:25:00+08:00,479.5,479.5,479.5,479.5,2503,0.0,0.0
2024-08-22 11:30:00+08:00,480.0,480.0,479.5,479.5,3062,0.0,0.0
2024-08-22 11:35:00+08:00,479.5,479.5,479.5,479.5,2253,0.0,0.0
2024-08-22 11:40:00+08:00,479.5,479.5,479.5,479.5,2009,0.0,0.0
2024-08-22 11:45:00+08:00,479.5,479.5,479.5,479.5,2003,0.0,0.0
2024-08-22 11:50:00+08:00,480.0,480.0,479.5,479.5,5013,0.0,0.0
2024-08-22 11:55:00+08:00,479.5,480.0,479.5,480.0,7209,0.0,0.0
2024-08-22 12:00:00+08:00,480.0,480.0,480.0,480.0,2025,0.0,0.0
2024-08-22 12:05:00+08:00,479.5,480.0,479.5,479.5,6334,0.0,0.0
2024-08-22 12:10:00+08:00,479.5,480.5,479.5,480.5,38288,0.0,0.0
2024-08-22 12:15:00+08:00,480.5,480.5,480.5,480.5,11328,0.0,0.0
2024-08-22 12:20:00+08:00,480.5,480.5,480.0,480.0,2233,0.0,0.0
2024-08-22 12:30:00+08:00,480.0,480.0,480.0,480.0,1030,0.0,0.0
2024-08-22 12:35:00+08:00,480.0,480.0,480.0,480.0,3354,0.0,0.0
2024-08-22 12:40:00+08:00,480.0,480.5,480.0,480.0,7272,0.0,0.0
2024-08-22 12:45:00+08:00,480.5,480.5,480.0,480.0,3113,0.0,0.0
2024-08-22 12:50:00+08:00,480.0,480.5,480.0,480.0,5124,0.0,0.0
2024-08-22 12:55:00+08:00,480.5,481.0,480.5,481.0,74005,0.0,0.0
2024-08-22 13:00:00+08:00,481.0,481.0,481.0,481.0,4101,0.0,0.0
2024-08-22 13:05:00+08:00,481.0,481.0,480.5,481.0,26013,0.0,0.0
2024-08-22 13:10:00+08:00,481.0,481.0,480.5,481.0,11204,0.0,0.0
2024-08-22 13:15:00+08:00,481.0,481.0,481.0,481.0,23039,0.0,0.0
2024-08-22 13:20:00+08:00,481.0,482.0,481.0,482.0,40722,0.0,0.0
2024-08-23 09:00:00+08:00,479.0,480.0,473.5,475.0,0,0.0,0.0
2024-08-23 09:05:00+08:00,475.0,477.5,474.5,477.0,39854,0.0,0.0
2024-08-23 09:10:00+08:00,475.5,475.5,475.0,475.0,21912,0.0,0.0
2024-08-23 09:15:00+08:00,475.5,476.0,475.5,475.5,3623,0.0,0.0
2024-08-23 09:20:00+08:00,476.0,477.5,475.5,475.5,33179,0.0,0.0
2024-08-23 09:25:00+08:00,475.5,475.5,475.0,475.0,6149,0.0,0.0
2024-08-23 09:30:00+08:00,475.5,475.5,475.0,475.5,7106,0.0,0.0
2024-08-23 09:35:00+08:00,475.0,476.0,475.0,476.0,28111,0.0,0.0
2024-08-23 09:40:00+08:00,476.5,478.0,476.5,477.5,15871,0.0,0.0
2024-08-23 09:45:00+08:00,478.0,478.0,477.5,477.5,8080,0.0,0.0
2024-08-23 09:50:00+08:00,478.0,478.0,477.0,477.0,11094,0.0,0.0
2024-08-23 09:55:00+08:00,477.0,477.0,476.5,476.5,6079,0.0,0.0
2024-08-23 10:00:00+08:00,476.0,478.5,476.0,478.5,14033,0.0,0.0
2024-08-23 10:05:00+08:00,478.5,479.5,478.5,479.5,18613,0.0,0.0
2024-08-23 10:10:00+08:00,479.5,480.0,479.0,480.0,9457,0.0,0.0
2024-08-23 10:15:00+08:00,479.5,480.0,479.5,479.5,5043,0.0,0.0
2024-08-23 10:20:00+08:00,479.5,479.5,479.0,479.5,8202,0.0,0.0
2024-08-23 10:25:00+08:00,480.0,480.0,478.5,478.5,26045,0.0,0.0
2024-08-23 10:30:00+08:00,478.5,478.5,478.0,478.0,2132,0.0,0.0
2024-08-23 10:35:00+08:00,478.0,478.5,478.0,478.5,9183,0.0,0.0
2024-08-23 10:40:00+08:00,478.5,478.5,478.5,478.5,5108,0.0,0.0
2024-08-23 10:45:00+08:00,478.0,478.5,478.0,478.5,2007,0.0,0.0
2024-08-23 10:50:00+08:00,478.0,478.5,477.5,477.5,32535,0.0,0.0
2024-08-23 10:55:00+08:00,477.0,477.0,477.0,477.0,1091,0.0,0.0
2024-08-23 11:00:00+08:00,476.5,477.0,476.0,477.0,12585,0.0,0.0
2024-08-23 11:05:00+08:00,476.5,477.0,476.0,477.0,6384,0.0,0.0
2024-08-23 11:10:00+08:00,476.5,476.5,476.0,476.0,9422,0.0,0.0
2024-08-23 11:15:00+08:00,476.0,476.0,476.0,476.0,1000,0.0,0.0
2024-08-23 11:20:00+08:00,476.0,476.5,476.0,476.5,4023,0.0,0.0
2024-08-23 11:25:00+08:00,476.5,476.5,476.0,476.0,2103,0.0,0.0
2024-08-23 11:30:00+08:00,476.0,476.0,476.0,476.0,4383,0.0,0.0
2024-08-23 11:35:00+08:00,476.0,476.5,475.5,476.5,17122,0.0,0.0
2024-08-23 11:40:00+08:00,476.5,477.0,476.0,477.0,20024,0.0,0.0
2024-08-23 11:45:00+08:00,477.5,477.5,477.5,477.5,2006,0.0,0.0
2024-08-23 11:50:00+08:00,477.5,477.5,477.0,477.0,16073,0.0,0.0
2024-08-23 11:55:00+08:00,478.0,478.0,477.5,477.5,4051,0.0,0.0
2024-08-23 12:00:00+08:00,477.5,478.5,477.5,478.5,12086,0.0,0.0
2024-08-23 12:05:00+08:00,478.5,478.5,478.5,478.5,8064,0.0,0.0
2024-08-23 12:10:00+08:00,478.5,478.5,478.0,478.0,3167,0.0,0.0
2024-08-23 12:15:00+08:00,478.0,478.0,478.0,478.0,3002,0.0,0.0
2024-08-23 12:20:00+08:00,478.5,478.5,478.0,478.0,7001,0.0,0.0
2024-08-23 12:25:00+08:00,478.0,478.0,478.0,478.0,4074,0.0,0.0
2024-08-23 12:30:00+08:00,478.5,478.5,478.5,478.5,4560,0.0,0.0
2024-08-23 12:35:00+08:00,478.0,478.5,478.0,478.5,4051,0.0,0.0
2024-08-23 12:40:00+08:00,478.5,479.5,478.5,479.0,29260,0.0,0.0
2024-08-23 12:45:00+08:00,479.5,479.5,479.5,479.5,3022,0.0,0.0
2024-08-23 12:50:00+08:00,479.0,479.5,479.0,479.0,9011,0.0,0.0
2024-08-23 12:55:00+08:00,479.0,479.0,479.0,479.0,1098,0.0,0.0
2024-08-23 13:00:00+08:00,479.0,479.0,479.0,479.0,21055,0.0,0.0
2024-08-23 13:05:00+08:00,478.5,478.5,478.5,478.5,1000,0.0,0.0
2024-08-23 13:10:00+08:00,478.5,478.5,478.5,478.5,4700,0.0,0.0
2024-08-23 13:15:00+08:00,479.0,479.0,477.5,478.5,49972,0.0,0.0
2024-08-23 13:20:00+08:00,479.0,479.0,477.5,477.5,15210,0.0,0.0
2024-08-26 09:00:00+08:00,484.0,484.0,481.5,482.5,0,0.0,0.0
2024-08-26 09:05:00+08:00,482.5,484.0,482.5,484.0,82105,0.0,0.0
2024-08-26 09:10:00+08:00,484.0,488.0,483.5,487.0,102497,0.0,0.0
2024-08-26 09:15:00+08:00,486.5,486.5,485.0,485.5,22665,0.0,0.0
2024-08-26 09:20:00+08:00,486.0,487.0,486.0,487.0,29245,0.0,0.0
2024-08-26 09:25:00+08:00,487.0,488.0,487.0,488.0,32346,0.0,0.0
2024-08-26 09:30:00+08:00,488.0,488.0,486.5,486.5,32253,0.0,0.0
2024-08-26 09:35:00+08:00,487.0,487.0,486.5,486.5,7385,0.0,0.0
2024-08-26 09:40:00+08:00,486.0,486.0,483.5,485.0,35339,0.0,0.0
2024-08-26 09:45:00+08:00,484.5,485.0,484.0,484.5,9309,0.0,0.0
2024-08-26 09:50:00+08:00,484.5,485.5,484.5,485.5,8025,0.0,0.0
2024-08-26 09:55:00+08:00,486.0,486.0,485.0,485.0,8034,0.0,0.0
2024-08-26 10:00:00+08:00,485.0,485.0,485.0,485.0,4119,0.0,0.0
2024-08-26 10:05:00+08:00,484.5,484.5,484.0,484.0,5073,0.0,0.0
2024-08-26 10:10:00+08:00,484.0,484.5,484.0,484.0,7411,0.0,0.0
2024-08-26 10:15:00+08:00,484.5,484.5,484.5,484.5,7126,0.0,0.0
2024-08-26 10:20:00+08:00,484.5,484.5,484.5,484.5,5413,0.0,0.0
2024-08-26 10:25:00+08:00,484.5,484.5,484.5,484.5,3425,0.0,0.0
2024-08-26 10:30:00+08:00,484.5,485.0,484.5,484.5,5322,0.0,0.0
2024-08-26 10:35:00+08:00,484.5,484.5,484.5,484.5,5035,0.0,0.0
2024-08-26 10:40:00+08:00,484.5,484.5,484.0,484.0,11050,0.0,0.0
2024-08-26 10:45:00+08:00,484.0,484.0,484.0,484.0,6364,0.0,0.0
2024-08-26 10:50:00+08:00,483.5,484.0,483.5,484.0,5043,0.0,0.0
2024-08-26 10:55:00+08:00,483.5,483.5,483.5,483.5,1000,0.0,0.0
2024-08-26 11:00:00+08:00,483.5,484.0,483.0,483.0,26028,0.0,0.0
2024-08-26 11:05:00+08:00,483.0,483.0,483.0,483.0,1088,0.0,0.0
2024-08-26 11:10:00+08:00,483.0,483.5,483.0,483.0,30013,0.0,0.0
2024-08-26 11:15:00+08:00,483.0,483.5,482.5,483.5,16251,0.0,0.0
2024-08-26 11:20:00+08:00,483.5,484.0,483.5,484.0,8043,0.0,0.0
2024-08-26 11:25:00+08:00,484.0,484.0,483.5,483.5,2000,0.0,0.0
2024-08-26 11:30:00+08:00,484.0,484.0,483.5,483.5,15033,0.0,0.0
2024-08-26 11:35:00+08:00,483.5,483.5,483.0,483.0,7078,0.0,0.0
2024-08-26 11:40:00+08:00,483.5,483.5,483.0,483.0,3009,0.0,0.0
2024-08-26 11:45:00+08:00,483.0,483.0,482.0,482.0,15254,0.0,0.0
2024-08-26 11:50:00+08:00,482.0,482.5,481.5,482.5,8156,0.0,0.0
2024-08-26 12:00:00+08:00,482.5,482.5,481.5,481.5,14284,0.0,0.0
2024-08-26 12:10:00+08:00,481.5,482.0,481.5,482.0,4123,0.0,0.0
2024-08-26 12:15:00+08:00,482.0,483.0,482.0,482.0,10283,0.0,0.0
2024-08-26 12:20:00+08:00,483.0,483.0,482.0,482.0,2357,0.0,0.0
2024-08-26 12:30:00+08:00,482.5,482.5,482.5,482.5,1085,0.0,0.0
2024-08-26 12:35:00+08:00,482.5,482.5,482.0,482.0,17136,0.0,0.0
2024-08-26 12:45:00+08:00,482.0,482.5,482.0,482.0,4904,0.0,0.0
2024-08-26 12:50:00+08:00,482.0,482.0,482.0,482.0,3000,0.0,0.0
2024-08-26 12:55:00+08:00,482.0,482.0,481.5,481.5,23261,0.0,0.0
2024-08-26 13:00:00+08:00,481.5,481.5,481.5,481.5,6000,0.0,0.0
2024-08-26 13:05:00+08:00,481.5,482.0,481.5,481.5,10050,0.0,0.0
2024-08-26 13:10:00+08:00,481.5,481.5,481.0,481.5,9391,0.0,0.0
2024-08-26 13:15:00+08:00,481.5,482.0,481.5,481.5,7065,0.0,0.0
2024-08-26 13:20:00+08:00,481.5,482.0,481.0,481.5,29261,0.0,0.0
2024-08-27 09:00:00+08:00,477.5,477.5,474.5,475.5,0,0.0,0.0
2024-08-27 09:05:00+08:00,475.5,476.0,474.5,476.0,33000,0.0,0.0
2024-08-27 09:10:00+08:00,475.5,475.5,473.0,473.0,39526,0.0,0.0
2024-08-27 09:15:00+08:00,473.0,474.5,473.0,474.0,15413,0.0,0.0
2024-08-27 09:20:00+08:00,475.0,475.0,475.0,475.0,10321,0.0,0.0
2024-08-27 09:25:00+08:00,475.0,476.5,475.0,476.5,8125,0.0,0.0
2024-08-27 09:30:00+08:00,475.5,475.5,473.0,473.0,32974,0.0,0.0
2024-08-27 09:35:00+08:00,473.0,473.5,473.0,473.0,18398,0.0,0.0
2024-08-27 09:40:00+08:00,474.0,474.0,473.5,473.5,9525,0.0,0.0
2024-08-27 09:45:00+08:00,473.5,474.5,473.0,474.0,13104,0.0,0.0
2024-08-27 09:50:00+08:00,474.0,475.0,474.0,475.0,12062,0.0,0.0
2024-08-27 09:55:00+08:00,475.0,476.5,474.5,476.0,12190,0.0,0.0
2024-08-27 10:00:00+08:00,476.0,476.0,475.5,475.5,5151,0.0,0.0
2024-08-27 10:05:00+08:00,475.5,475.5,474.5,474.5,8963,0.0,0.0
2024-08-27 10:10:00+08:00,474.5,474.5,474.5,474.5,3062,0.0,0.0
2024-08-27 10:15:00+08:00,474.0,474.0,473.0,473.0,13503,0.0,0.0
2024-08-27 10:20:00+08:00,473.5,473.5,473.0,473.5,6043,0.0,0.0
2024-08-27 10:25:00+08:00,473.0,473.5,473.0,473.5,7011,0.0,0.0
2024-08-27 10:30:00+08:00,473.5,473.5,473.5,473.5,2102,0.0,0.0
2024-08-27 10:35:00+08:00,473.5,473.5,473.0,473.0,7265,0.0,0.0
2024-08-27 10:40:00+08:00,473.5,473.5,473.0,473.0,5121,0.0,0.0
2024-08-27 10:45:00+08:00,473.5,473.5,473.0,473.5,13018,0.0,0.0
2024-08-27 10:50:00+08:00,473.5,473.5,473.0,473.0,2621,0.0,0.0
2024-08-27 10:55:00+08:00,473.0,473.0,473.0,473.0,2000,0.0,0.0
2024-08-27 11:00:00+08:00,473.0,473.5,473.0,473.5,4546,0.0,0.0
2024-08-27 11:05:00+08:00,473.0,473.0,473.0,473.0,2002,0.0,0.0
2024-08-27 11:10:00+08:00,473.0,473.0,471.5,471.5,43221,0.0,0.0
2024-08-27 11:15:00+08:00,471.5,472.0,471.5,472.0,18313,0.0,0.0
2024-08-27 11:20:00+08:00,472.5,473.0,472.5,473.0,6016,0.0,0.0
2024-08-27 11:25:00+08:00,473.5,473.5,473.5,473.5,3128,0.0,0.0
2024-08-27 11:30:00+08:00,473.5,473.5,473.0,473.0,4115,0.0,0.0
2024-08-27 11:35:00+08:00,473.5,473.5,473.5,473.5,3183,0.0,0.0
2024-08-27 11:45:00+08:00,473.5,473.5,473.0,473.0,3016,0.0,0.0
2024-08-27 11:50:00+08:00,473.5,473.5,473.0,473.0,2108,0.0,0.0
2024-08-27 11:55:00+08:00,473.5,473.5,473.5,473.5,2103,0.0,0.0
2024-08-27 12:00:00+08:00,473.5,474.0,473.0,474.0,9007,0.0,0.0
2024-08-27 12:10:00+08:00,473.0,474.0,473.0,474.0,11710,0.0,0.0
2024-08-27 12:20:00+08:00,474.5,474.5,474.5,474.5,5092,0.0,0.0
2024-08-27 12:25:00+08:00,474.5,475.0,474.5,475.0,12317,0.0,0.0
2024-08-27 12:30:00+08:00,475.0,475.0,475.0,475.0,2081,0.0,0.0
2024-08-27 12:35:00+08:00,475.0,475.0,474.5,474.5,4050,0.0,0.0
2024-08-27 12:40:00+08:00,474.5,474.5,474.0,474.5,10234,0.0,0.0
2024-08-27 12:45:00+08:00,474.0,474.0,473.5,474.0,13860,0.0,0.0
2024-08-27 12:50:00+08:00,474.0,474.0,473.5,473.5,3000,0.0,0.0
2024-08-27 12:55:00+08:00,473.5,474.0,473.0,473.0,21000,0.0,0.0
2024-08-27 13:00:00+08:00,473.0,474.0,473.0,473.0,31012,0.0,0.0
2024-08-27 13:05:00+08:00,473.0,474.0,473.0,473.0,18555,0.0,0.0
2024-08-27 13:10:00+08:00,473.5,474.5,473.0,473.5,29041,0.0,0.0
2024-08-27 13:15:00+08:00,473.5,474.5,473.0,474.0,24331,0.0,0.0
2024-08-27 13:20:00+08:00,474.5,475.0,473.0,473.0,49882,0.0,0.0
2024-08-28 09:00:00+08:00,477.0,477.5,475.0,475.5,0,0.0,0.0
2024-08-28 09:05:00+08:00,475.5,476.5,475.5,476.0,9305,0.0,0.0
2024-08-28 09:10:00+08:00,476.0,476.5,475.5,476.5,5157,0.0,0.0
2024-08-28 09:15:00+08:00,476.5,476.5,475.5,475.5,7007,0.0,0.0
2024-08-28 09:20:00+08:00,475.0,475.0,473.5,473.5,10457,0.0,0.0
2024-08-28 09:25:00+08:00,474.5,475.0,473.5,475.0,12011,0.0,0.0
2024-08-28 09:30:00+08:00,475.0,475.5,474.5,474.5,9043,0.0,0.0
2024-08-28 09:35:00+08:00,474.5,475.0,474.5,475.0,4304,0.0,0.0
2024-08-28 09:40:00+08:00,475.0,477.0,474.5,476.5,11064,0.0,0.0
2024-08-28 09:45:00+08:00,477.0,477.5,475.0,476.5,12560,0.0,0.0
2024-08-28 09:50:00+08:00,477.0,477.0,476.5,476.5,3442,0.0,0.0
2024-08-28 09:55:00+08:00,476.5,477.0,476.0,476.0,19565,0.0,0.0
2024-08-28 10:00:00+08:00,475.5,475.5,475.0,475.0,2005,0.0,0.0
2024-08-28 10:05:00+08:00,475.5,476.0,475.0,475.0,4110,0.0,0.0
2024-08-28 10:10:00+08:00,475.5,476.5,475.5,476.5,11112,0.0,0.0
2024-08-28 10:15:00+08:00,476.0,476.5,476.0,476.5,3018,0.0,0.0
2024-08-28 10:20:00+08:00,476.5,477.0,476.5,476.5,8014,0.0,0.0
2024-08-28 10:25:00+08:00,476.5,477.5,476.5,477.5,12083,0.0,0.0
2024-08-28 10:30:00+08:00,477.5,477.5,475.5,475.5,26134,0.0,0.0
2024-08-28 10:35:00+08:00,477.0,477.0,477.0,477.0,2006,0.0,0.0
2024-08-28 10:40:00+08:00,477.0,477.0,477.0,477.0,1019,0.0,0.0
2024-08-28 10:45:00+08:00,477.5,478.0,477.0,478.0,29421,0.0,0.0
2024-08-28 10:50:00+08:00,478.5,478.5,478.0,478.0,2015,0.0,0.0
2024-08-28 10:55:00+08:00,478.5,479.0,478.0,478.0,16241,0.0,0.0
2024-08-28 11:00:00+08:00,478.5,478.5,478.5,478.5,4013,0.0,0.0
2024-08-28 11:05:00+08:00,478.5,478.5,478.5,478.5,4004,0.0,0.0
2024-08-28 11:10:00+08:00,478.0,478.5,478.0,478.5,2120,0.0,0.0
2024-08-28 11:15:00+08:00,478.5,478.5,478.0,478.5,5184,0.0,0.0
2024-08-28 11:20:00+08:00,478.5,478.5,478.5,478.5,9083,0.0,0.0
2024-08-28 11:25:00+08:00,479.0,479.5,479.0,479.5,10316,0.0,0.0
2024-08-28 11:30:00+08:00,479.0,479.5,479.0,479.5,2006,0.0,0.0
2024-08-28 11:35:00+08:00,479.5,479.5,479.5,479.5,2054,0.0,0.0
2024-08-28 11:40:00+08:00,479.5,479.5,479.0,479.5,10258,0.0,0.0
2024-08-28 11:45:00+08:00,480.0,480.0,479.5,479.5,7010,0.0,0.0
2024-08-28 11:50:00+08:00,479.5,479.5,479.5,479.5,7026,0.0,0.0
2024-08-28 11:55:00+08:00,480.0,480.0,479.5,480.0,7189,0.0,0.0
2024-08-28 12:00:00+08:00,480.0,480.0,480.0,480.0,1106,0.0,0.0
2024-08-28 12:10:00+08:00,480.0,480.0,479.5,479.5,11058,0.0,0.0
2024-08-28 12:15:00+08:00,479.5,480.0,479.5,479.5,18164,0.0,0.0
2024-08-28 12:20:00+08:00,479.5,479.5,479.0,479.5,8054,0.0,0.0
2024-08-28 12:25:00+08:00,479.5,479.5,479.0,479.0,11025,0.0,0.0
2024-08-28 12:30:00+08:00,479.0,479.5,479.0,479.5,5118,0.0,0.0
2024-08-28 12:35:00+08:00,479.5,479.5,479.0,479.0,4615,0.0,0.0
2024-08-28 12:40:00+08:00,479.0,479.5,479.0,479.5,5025,0.0,0.0
2024-08-28 12:45:00+08:00,479.5,479.5,479.5,479.5,6082,0.0,0.0
2024-08-28 12:50:00+08:00,479.5,480.0,479.5,480.0,11014,0.0,0.0
2024-08-28 12:55:00+08:00,479.5,480.0,479.5,479.5,6033,0.0,0.0
2024-08-28 13:00:00+08:00,480.0,480.0,480.0,480.0,21239,0.0,0.0
2024-08-28 13:05:00+08:00,480.5,480.5,480.0,480.5,12140,0.0,0.0
2024-08-28 13:10:00+08:00,480.0,480.5,480.0,480.5,6739,0.0,0.0
2024-08-28 13:15:00+08:00,480.5,481.0,480.0,480.0,35145,0.0,0.0
2024-08-28 13:20:00+08:00,480.5,481.0,480.0,480.5,19549,0.0,0.0
2024-08-29 09:00:00+08:00,474.5,475.0,474.0,474.5,0,0.0,0.0
2024-08-29 09:05:00+08:00,474.5,476.0,474.5,475.0,15495,0.0,0.0
2024-08-29 09:10:00+08:00,475.5,475.5,474.5,474.5,11187,0.0,0.0
2024-08-29 09:15:00+08:00,474.5,474.5,473.0,474.0,37304,0.0,0.0
2024-08-29 09:20:00+08:00,473.5,473.5,473.5,473.5,3027,0.0,0.0
2024-08-29 09:25:00+08:00,474.0,474.0,473.5,473.5,4245,0.0,0.0
2024-08-29 09:30:00+08:00,473.5,475.0,473.0,473.5,18916,0.0,0.0
2024-08-29 09:35:00+08:00,475.0,475.0,473.5,475.0,6250,0.0,0.0
2024-08-29 09:40:00+08:00,475.5,477.5,475.5,477.5,20001,0.0,0.0
2024-08-29 09:45:00+08:00,477.5,478.0,476.5,477.0,23319,0.0,0.0
2024-08-29 09:50:00+08:00,476.5,479.0,476.5,477.5,37264,0.0,0.0
2024-08-29 09:55:00+08:00,477.5,477.5,477.5,477.5,7100,0.0,0.0
2024-08-29 10:00:00+08:00,478.5,478.5,477.5,477.5,11185,0.0,0.0
2024-08-29 10:10:00+08:00,478.0,478.0,478.0,478.0,2001,0.0,0.0
2024-08-29 10:15:00+08:00,478.0,478.5,477.5,478.5,8111,0.0,0.0
2024-08-29 10:20:00+08:00,477.5,478.5,477.5,478.5,11004,0.0,0.0
2024-08-29 10:25:00+08:00,478.5,479.0,478.5,479.0,5127,0.0,0.0
2024-08-29 10:30:00+08:00,479.5,479.5,478.5,479.0,4206,0.0,0.0
2024-08-29 10:35:00+08:00,479.5,479.5,479.5,479.5,1033,0.0,0.0
2024-08-29 10:40:00+08:00,479.5,479.5,478.5,478.5,10009,0.0,0.0
2024-08-29 10:45:00+08:00,478.5,478.5,478.0,478.0,6365,0.0,0.0
2024-08-29 10:50:00+08:00,478.0,478.5,478.0,478.0,16001,0.0,0.0
2024-08-29 10:55:00+08:00,479.5,479.5,479.5,479.5,3060,0.0,0.0
2024-08-29 11:00:00+08:00,479.5,480.0,479.5,480.0,2263,0.0,0.0
2024-08-29 11:05:00+08:00,479.5,479.5,479.5,479.5,5202,0.0,0.0
2024-08-29 11:10:00+08:00,479.0,479.5,479.0,479.5,3013,0.0,0.0
2024-08-29 11:15:00+08:00,479.5,479.5,479.5,479.5,2091,0.0,0.0
2024-08-29 11:20:00+08:00,479.5,479.5,479.0,479.0,9342,0.0,0.0
2024-08-29 11:25:00+08:00,479.0,480.0,479.0,479.0,5087,0.0,0.0
2024-08-29 11:30:00+08:00,479.0,479.0,479.0,479.0,0,0.0,0.0
2024-08-29 11:35:00+08:00,479.5,480.0,479.5,479.5,321455,0.0,0.0
2024-08-29 11:40:00+08:00,479.0,479.5,479.0,479.5,3112,0.0,0.0
2024-08-29 11:45:00+08:00,479.5,479.5,479.5,479.5,3023,0.0,0.0
2024-08-29 11:50:00+08:00,479.0,479.5,479.0,479.5,3006,0.0,0.0
2024-08-29 11:55:00+08:00,479.5,479.5,479.0,479.5,9025,0.0,0.0
2024-08-29 12:00:00+08:00,479.5,479.5,479.5,479.5,3021,0.0,0.0
2024-08-29 12:05:00+08:00,480.0,480.0,479.5,479.5,6301,0.0,0.0
2024-08-29 12:10:00+08:00,479.5,480.0,479.5,480.0,4010,0.0,0.0
2024-08-29 12:15:00+08:00,480.0,480.5,479.5,480.0,17213,0.0,0.0
2024-08-29 12:20:00+08:00,480.0,480.0,480.0,480.0,4000,0.0,0.0
2024-08-29 12:25:00+08:00,480.5,481.5,480.5,481.0,11415,0.0,0.0
2024-08-29 12:30:00+08:00,481.0,481.0,481.0,481.0,4406,0.0,0.0
2024-08-29 12:35:00+08:00,481.0,481.5,481.0,481.0,3040,0.0,0.0
2024-08-29 12:40:00+08:00,480.5,481.5,480.5,481.5,6442,0.0,0.0
2024-08-29 12:45:00+08:00,481.5,482.0,481.0,482.0,13001,0.0,0.0
2024-08-29 12:50:00+08:00,482.0,482.0,481.0,481.5,6500,0.0,0.0
2024-08-29 12:55:00+08:00,481.5,481.5,478.5,479.5,59655,0.0,0.0
2024-08-29 13:00:00+08:00,479.5,480.5,479.0,479.5,16014,0.0,0.0
2024-08-29 13:05:00+08:00,480.5,480.5,480.5,480.5,5215,0.0,0.0
2024-08-29 13:10:00+08:00,481.0,481.0,480.0,480.0,4205,0.0,0.0
2024-08-29 13:15:00+08:00,480.5,480.5,479.5,479.5,21325,0.0,0.0
2024-08-29 13:20:00+08:00,479.5,479.5,478.0,478.5,29050,0.0,0.0
2024-08-30 09:00:00+08:00,479.0,483.0,479.0,483.0,0,0.0,0.0
2024-08-30 09:05:00+08:00,483.0,483.5,482.0,482.0,26258,0.0,0.0
2024-08-30 09:10:00+08:00,482.5,482.5,481.5,481.5,13065,0.0,0.0
2024-08-30 09:15:00+08:00,481.5,482.0,481.0,481.5,7184,0.0,0.0
2024-08-30 09:20:00+08:00,481.5,482.5,481.5,482.0,22083,0.0,0.0
2024-08-30 09:25:00+08:00,482.0,482.0,481.0,482.0,15211,0.0,0.0
2024-08-30 09:30:00+08:00,482.0,484.0,481.5,484.0,31071,0.0,0.0
2024-08-30 09:35:00+08:00,483.5,483.5,483.0,483.0,5481,0.0,0.0
2024-08-30 09:40:00+08:00,483.0,483.5,483.0,483.5,11123,0.0,0.0
2024-08-30 09:45:00+08:00,484.0,485.0,484.0,485.0,52289,0.0,0.0
2024-08-30 09:50:00+08:00,485.0,486.0,484.5,485.5,27537,0.0,0.0
2024-08-30 09:55:00+08:00,486.0,486.0,485.5,486.0,11612,0.0,0.0
2024-08-30 10:00:00+08:00,485.5,486.0,485.5,485.5,9264,0.0,0.0
2024-08-30 10:05:00+08:00,485.5,485.5,484.5,485.0,15420,0.0,0.0
2024-08-30 10:10:00+08:00,485.0,485.5,484.5,485.5,24213,0.0,0.0
2024-08-30 10:15:00+08:00,485.5,485.5,485.0,485.5,9271,0.0,0.0
2024-08-30 10:20:00+08:00,485.5,485.5,485.0,485.0,10354,0.0,0.0
2024-08-30 10:25:00+08:00,485.0,485.0,484.0,484.5,6256,0.0,0.0
2024-08-30 10:30:00+08:00,484.5,484.5,484.5,484.5,8366,0.0,0.0
2024-08-30 10:35:00+08:00,485.0,485.0,484.5,484.5,5459,0.0,0.0
2024-08-30 10:40:00+08:00,484.5,485.0,484.5,484.5,9144,0.0,0.0
2024-08-30 10:45:00+08:00,485.0,485.0,485.0,485.0,6111,0.0,0.0
2024-08-30 10:50:00+08:00,485.0,485.0,484.5,484.5,16069,0.0,0.0
2024-08-30 10:55:00+08:00,484.5,484.5,484.0,484.5,4019,0.0,0.0
2024-08-30 11:00:00+08:00,483.5,484.5,483.5,484.0,6108,0.0,0.0
2024-08-30 11:05:00+08:00,484.5,484.5,483.5,483.5,15680,0.0,0.0
2024-08-30 11:10:00+08:00,483.5,483.5,483.5,483.5,4011,0.0,0.0
2024-08-30 11:15:00+08:00,483.5,483.5,483.0,483.5,15005,0.0,0.0
2024-08-30 11:20:00+08:00,484.0,484.0,483.5,484.0,6018,0.0,0.0
2024-08-30 11:25:00+08:00,483.5,484.0,483.5,484.0,10006,0.0,0.0
2024-08-30 11:30:00+08:00,484.0,484.0,483.5,484.0,6074,0.0,0.0
2024-08-30 11:35:00+08:00,484.0,484.5,484.0,484.5,20261,0.0,0.0
2024-08-30 11:40:00+08:00,484.5,485.5,484.5,485.5,13008,0.0,0.0
2024-08-30 11:45:00+08:00,485.5,485.5,485.0,485.5,6165,0.0,0.0
2024-08-30 11:50:00+08:00,485.5,485.5,485.0,485.5,5303,0.0,0.0
2024-08-30 11:55:00+08:00,485.5,485.5,485.0,485.5,9407,0.0,0.0
2024-08-30 12:00:00+08:00,485.0,485.5,485.0,485.5,6106,0.0,0.0
2024-08-30 12:05:00+08:00,485.5,485.5,485.5,485.5,5066,0.0,0.0
2024-08-30 12:10:00+08:00,485.5,485.5,485.0,485.0,19386,0.0,0.0
2024-08-30 12:15:00+08:00,485.0,485.0,484.5,485.0,9047,0.0,0.0
2024-08-30 12:20:00+08:00,485.0,485.0,484.5,484.5,8036,0.0,0.0
2024-08-30 12:25:00+08:00,484.0,484.0,483.0,484.0,9717,0.0,0.0
2024-08-30 12:30:00+08:00,484.0,484.0,484.0,484.0,8067,0.0,0.0
2024-08-30 12:35:00+08:00,483.0,483.5,483.0,483.0,14248,0.0,0.0
2024-08-30 12:40:00+08:00,483.0,483.0,483.0,483.0,3489,0.0,0.0
2024-08-30 12:45:00+08:00,483.5,484.0,483.5,483.5,20300,0.0,0.0
2024-08-30 12:50:00+08:00,483.5,484.0,483.5,483.5,5672,0.0,0.0
2024-08-30 12:55:00+08:00,484.0,484.0,483.5,484.0,7009,0.0,0.0
2024-08-30 13:00:00+08:00,483.5,484.0,483.5,484.0,5080,0.0,0.0
2024-08-30 13:05:00+08:00,484.0,484.0,482.5,483.0,20108,0.0,0.0
2024-08-30 13:10:00+08:00,483.0,483.0,482.5,482.5,17393,0.0,0.0
2024-08-30 13:15:00+08:00,483.0,483.5,483.0,483.5,45533,0.0,0.0
2024-08-30 13:20:00+08:00,484.0,484.0,483.0,484.0,27985,0.0,0.0
