Datetime,Open,High,Low,Close,Volume,Dividends,Stock Splits
2024-07-15 09:00:00+09:00,9740.0,9890.0,9730.0,9870.0,0,0.0,0.0
2024-07-15 09:01:00+09:00,9890.0,9990.0,9890.0,9930.0,2837,0.0,0.0
2024-07-15 09:02:00+09:00,9930.0,9930.0,9820.0,9860.0,1111,0.0,0.0
2024-07-15 09:03:00+09:00,9830.0,9830.0,9750.0,9750.0,208,0.0,0.0
2024-07-15 09:04:00+09:00,9780.0,9840.0,9760.0,9830.0,1162,0.0,0.0
2024-07-15 09:05:00+09:00,9760.0,9760.0,9710.0,9760.0,411,0.0,0.0
2024-07-15 09:06:00+09:00,9760.0,9760.0,9720.0,9760.0,450,0.0,0.0
2024-07-15 09:07:00+09:00,9830.0,9830.0,9830.0,9830.0,32,0.0,0.0
2024-07-15 09:08:00+09:00,9780.0,9830.0,9770.0,9770.0,466,0.0,0.0
2024-07-15 09:09:00+09:00,9810.0,9810.0,9720.0,9800.0,150,0.0,0.0
2024-07-15 09:10:00+09:00,9790.0,9800.0,9720.0,9720.0,272,0.0,0.0
2024-07-15 09:11:00+09:00,9730.0,9770.0,9720.0,9770.0,13,0.0,0.0
2024-07-15 09:12:00+09:00,9740.0,9740.0,9730.0,9730.0,301,0.0,0.0
2024-07-15 09:13:00+09:00,9740.0,9760.0,9730.0,9760.0,0,0.0,0.0
2024-07-15 09:14:00+09:00,9760.0,9760.0,9760.0,9760.0,0,0.0,0.0
2024-07-15 09:15:00+09:00,9760.0,9770.0,9760.0,9760.0,338,0.0,0.0
2024-07-15 09:17:00+09:00,9760.0,9760.0,9730.0,9730.0,258,0.0,0.0
2024-07-15 09:18:00+09:00,9740.0,9740.0,9740.0,9740.0,124,0.0,0.0
2024-07-15 09:19:00+09:00,9740.0,9770.0,9740.0,9770.0,1890,0.0,0.0
2024-07-15 09:20:00+09:00,9800.0,9800.0,9800.0,9800.0,11,0.0,0.0
2024-07-15 09:21:00+09:00,9810.0,9860.0,9810.0,9850.0,198,0.0,0.0
2024-07-15 09:22:00+09:00,9860.0,9860.0,9850.0,9850.0,1372,0.0,0.0
2024-07-15 09:23:00+09:00,9860.0,9860.0,9850.0,9850.0,2155,0.0,0.0
2024-07-15 09:24:00+09:00,9850.0,9950.0,9850.0,9950.0,442,0.0,0.0
2024-07-15 09:25:00+09:00,9950.0,9950.0,9950.0,9950.0,1109,0.0,0.0
2024-07-15 09:26:00+09:00,9870.0,9950.0,9870.0,9890.0,0,0.0,0.0
2024-07-15 09:27:00+09:00,9890.0,9960.0,9880.0,9950.0,1840,0.0,0.0
2024-07-15 09:28:00+09:00,9960.0,9960.0,9940.0,9940.0,294,0.0,0.0
2024-07-15 09:29:00+09:00,9960.0,9970.0,9950.0,9950.0,180,0.0,0.0
2024-07-15 09:30:00+09:00,9940.0,9940.0,9940.0,9940.0,42,0.0,0.0
2024-07-15 09:31:00+09:00,9940.0,9980.0,9930.0,9980.0,1226,0.0,0.0
2024-07-15 09:32:00+09:00,9970.0,9980.0,9950.0,9980.0,1529,0.0,0.0
2024-07-15 09:33:00+09:00,9980.0,10000.0,9980.0,9990.0,1262,0.0,0.0
2024-07-15 09:34:00+09:00,9960.0,10000.0,9950.0,9990.0,1210,0.0,0.0
2024-07-15 09:35:00+09:00,10000.0,10040.0,9960.0,10040.0,963,0.0,0.0
2024-07-15 09:36:00+09:00,10050.0,10060.0,10020.0,10050.0,914,0.0,0.0
2024-07-15 09:37:00+09:00,10050.0,10050.0,10020.0,10020.0,532,0.0,0.0
2024-07-15 09:38:00+09:00,10050.0,10050.0,10020.0,10040.0,290,0.0,0.0
2024-07-15 09:39:00+09:00,10050.0,10080.0,10050.0,10070.0,1219,0.0,0.0
2024-07-15 09:40:00+09:00,10070.0,10080.0,10070.0,10080.0,747,0.0,0.0
2024-07-15 09:41:00+09:00,10080.0,10090.0,10050.0,10050.0,201,0.0,0.0
2024-07-15 09:42:00+09:00,10030.0,10090.0,9990.0,10080.0,1571,0.0,0.0
2024-07-15 09:43:00+09:00,10080.0,10080.0,10030.0,10070.0,115,0.0,0.0
2024-07-15 09:44:00+09:00,10060.0,10060.0,10000.0,10010.0,206,0.0,0.0
2024-07-15 09:45:00+09:00,10010.0,10120.0,10010.0,10110.0,2571,0.0,0.0
2024-07-15 09:46:00+09:00,10120.0,10130.0,10090.0,10090.0,1069,0.0,0.0
2024-07-15 09:47:00+09:00,10090.0,10100.0,10070.0,10100.0,20,0.0,0.0
2024-07-15 09:48:00+09:00,10070.0,10110.0,10060.0,10110.0,782,0.0,0.0
2024-07-15 09:49:00+09:00,10110.0,10150.0,10110.0,10120.0,1963,0.0,0.0
2024-07-15 09:50:00+09:00,10110.0,10120.0,10080.0,10120.0,94,0.0,0.0
2024-07-15 09:51:00+09:00,10120.0,10120.0,10060.0,10110.0,445,0.0,0.0
2024-07-15 09:52:00+09:00,10110.0,10110.0,10070.0,10110.0,205,0.0,0.0
2024-07-15 09:53:00+09:00,10110.0,10210.0,10110.0,10210.0,4606,0.0,0.0
2024-07-15 09:54:00+09:00,10210.0,10230.0,10150.0,10210.0,2468,0.0,0.0
2024-07-15 09:55:00+09:00,10160.0,10220.0,10160.0,10210.0,2126,0.0,0.0
2024-07-15 09:56:00+09:00,10230.0,10230.0,10200.0,10220.0,555,0.0,0.0
2024-07-15 09:57:00+09:00,10190.0,10220.0,10190.0,10220.0,3311,0.0,0.0
2024-07-15 09:58:00+09:00,10220.0,10230.0,10220.0,10220.0,915,0.0,0.0
2024-07-15 09:59:00+09:00,10220.0,10230.0,10210.0,10210.0,463,0.0,0.0
2024-07-15 10:00:00+09:00,10210.0,10220.0,10210.0,10210.0,565,0.0,0.0
2024-07-15 10:01:00+09:00,10220.0,10240.0,10210.0,10230.0,1156,0.0,0.0
2024-07-15 10:02:00+09:00,10230.0,10230.0,10210.0,10230.0,805,0.0,0.0
2024-07-15 10:03:00+09:00,10230.0,10240.0,10210.0,10210.0,3387,0.0,0.0
2024-07-15 10:04:00+09:00,10220.0,10230.0,10210.0,10230.0,470,0.0,0.0
2024-07-15 10:05:00+09:00,10230.0,10230.0,10220.0,10230.0,615,0.0,0.0
2024-07-15 10:06:00+09:00,10220.0,10240.0,10220.0,10240.0,1073,0.0,0.0
2024-07-15 10:07:00+09:00,10230.0,10240.0,10210.0,10220.0,1158,0.0,0.0
2024-07-15 10:08:00+09:00,10220.0,10220.0,10200.0,10200.0,877,0.0,0.0
2024-07-15 10:09:00+09:00,10220.0,10220.0,10140.0,10150.0,2220,0.0,0.0
2024-07-15 10:10:00+09:00,10150.0,10180.0,10090.0,10090.0,743,0.0,0.0
2024-07-15 10:11:00+09:00,10120.0,10150.0,10090.0,10150.0,794,0.0,0.0
2024-07-15 10:12:00+09:00,10150.0,10180.0,10150.0,10180.0,561,0.0,0.0
2024-07-15 10:13:00+09:00,10180.0,10200.0,10170.0,10200.0,1191,0.0,0.0
2024-07-15 10:14:00+09:00,10200.0,10200.0,10180.0,10200.0,613,0.0,0.0
2024-07-15 10:15:00+09:00,10200.0,10200.0,10190.0,10200.0,537,0.0,0.0
2024-07-15 10:16:00+09:00,10200.0,10200.0,10190.0,10200.0,398,0.0,0.0
2024-07-15 10:17:00+09:00,10200.0,10230.0,10200.0,10220.0,1521,0.0,0.0
2024-07-15 10:18:00+09:00,10230.0,10300.0,10230.0,10290.0,4124,0.0,0.0
2024-07-15 10:19:00+09:00,10290.0,10310.0,10290.0,10310.0,1407,0.0,0.0
2024-07-15 10:20:00+09:00,10310.0,10310.0,10280.0,10280.0,685,0.0,0.0
2024-07-15 10:21:00+09:00,10280.0,10320.0,10280.0,10310.0,626,0.0,0.0
2024-07-15 10:22:00+09:00,10320.0,10320.0,10290.0,10300.0,503,0.0,0.0
2024-07-15 10:23:00+09:00,10300.0,10330.0,10300.0,10310.0,439,0.0,0.0
2024-07-15 10:24:00+09:00,10320.0,10330.0,10310.0,10320.0,650,0.0,0.0
2024-07-15 10:25:00+09:00,10320.0,10330.0,10310.0,10310.0,539,0.0,0.0
2024-07-15 10:26:00+09:00,10310.0,10330.0,10310.0,10330.0,1109,0.0,0.0
2024-07-15 10:27:00+09:00,10330.0,10340.0,10320.0,10340.0,771,0.0,0.0
2024-07-15 10:28:00+09:00,10340.0,10340.0,10330.0,10330.0,748,0.0,0.0
2024-07-15 10:29:00+09:00,10330.0,10330.0,10300.0,10310.0,934,0.0,0.0
2024-07-15 10:30:00+09:00,10300.0,10310.0,10300.0,10310.0,421,0.0,0.0
2024-07-15 10:31:00+09:00,10310.0,10310.0,10290.0,10310.0,501,0.0,0.0
2024-07-15 10:32:00+09:00,10320.0,10350.0,10320.0,10350.0,1962,0.0,0.0
2024-07-15 10:33:00+09:00,10350.0,10350.0,10340.0,10350.0,116,0.0,0.0
2024-07-15 10:34:00+09:00,10350.0,10360.0,10340.0,10350.0,610,0.0,0.0
2024-07-15 10:35:00+09:00,10340.0,10350.0,10340.0,10340.0,790,0.0,0.0
2024-07-15 10:36:00+09:00,10340.0,10360.0,10330.0,10360.0,526,0.0,0.0
2024-07-15 10:37:00+09:00,10360.0,10370.0,10300.0,10370.0,1707,0.0,0.0
2024-07-15 10:38:00+09:00,10370.0,10380.0,10370.0,10380.0,1275,0.0,0.0
2024-07-15 10:39:00+09:00,10380.0,10380.0,10350.0,10370.0,898,0.0,0.0
2024-07-15 10:40:00+09:00,10370.0,10370.0,10330.0,10370.0,664,0.0,0.0
2024-07-15 10:41:00+09:00,10370.0,10380.0,10360.0,10380.0,632,0.0,0.0
2024-07-15 10:42:00+09:00,10380.0,10390.0,10350.0,10350.0,1806,0.0,0.0
2024-07-15 10:43:00+09:00,10340.0,10360.0,10340.0,10360.0,233,0.0,0.0
2024-07-15 10:44:00+09:00,10360.0,10390.0,10360.0,10390.0,1830,0.0,0.0
2024-07-15 10:45:00+09:00,10390.0,10390.0,10360.0,10380.0,508,0.0,0.0
2024-07-15 10:46:00+09:00,10380.0,10400.0,10370.0,10390.0,2587,0.0,0.0
2024-07-15 10:47:00+09:00,10380.0,10390.0,10330.0,10380.0,365,0.0,0.0
2024-07-15 10:48:00+09:00,10380.0,10410.0,10380.0,10410.0,1126,0.0,0.0
2024-07-15 10:49:00+09:00,10410.0,10430.0,10400.0,10420.0,986,0.0,0.0
2024-07-15 10:50:00+09:00,10430.0,10430.0,10390.0,10400.0,949,0.0,0.0
2024-07-15 10:51:00+09:00,10400.0,10420.0,10390.0,10420.0,494,0.0,0.0
2024-07-15 10:52:00+09:00,10420.0,10430.0,10420.0,10430.0,711,0.0,0.0
2024-07-15 10:53:00+09:00,10420.0,10430.0,10420.0,10430.0,245,0.0,0.0
2024-07-15 10:54:00+09:00,10430.0,10430.0,10420.0,10430.0,910,0.0,0.0
2024-07-15 10:55:00+09:00,10430.0,10430.0,10400.0,10420.0,1561,0.0,0.0
2024-07-15 10:56:00+09:00,10410.0,10410.0,10400.0,10400.0,721,0.0,0.0
2024-07-15 10:57:00+09:00,10410.0,10430.0,10410.0,10430.0,549,0.0,0.0
2024-07-15 10:58:00+09:00,10430.0,10440.0,10430.0,10430.0,728,0.0,0.0
2024-07-15 10:59:00+09:00,10440.0,10440.0,10420.0,10420.0,550,0.0,0.0
2024-07-15 11:00:00+09:00,10420.0,10440.0,10380.0,10380.0,984,0.0,0.0
2024-07-15 11:01:00+09:00,10350.0,10350.0,10270.0,10290.0,3180,0.0,0.0
2024-07-15 11:02:00+09:00,10310.0,10320.0,10270.0,10310.0,1085,0.0,0.0
2024-07-15 11:03:00+09:00,10330.0,10330.0,10250.0,10250.0,1312,0.0,0.0
2024-07-15 11:04:00+09:00,10240.0,10240.0,10200.0,10200.0,1123,0.0,0.0
2024-07-15 11:05:00+09:00,10170.0,10170.0,10150.0,10170.0,63,0.0,0.0
2024-07-15 11:06:00+09:00,10170.0,10180.0,10170.0,10180.0,104,0.0,0.0
2024-07-15 11:07:00+09:00,10190.0,10200.0,10180.0,10200.0,380,0.0,0.0
2024-07-15 11:08:00+09:00,10200.0,10200.0,10200.0,10200.0,0,0.0,0.0
2024-07-15 11:09:00+09:00,10200.0,10200.0,10200.0,10200.0,17,0.0,0.0
2024-07-15 11:10:00+09:00,10190.0,10190.0,10140.0,10140.0,1321,0.0,0.0
2024-07-15 11:11:00+09:00,10120.0,10130.0,10100.0,10110.0,720,0.0,0.0
2024-07-15 11:12:00+09:00,10120.0,10120.0,10100.0,10100.0,436,0.0,0.0
2024-07-15 11:13:00+09:00,10110.0,10110.0,10090.0,10090.0,498,0.0,0.0
2024-07-15 11:14:00+09:00,10100.0,10100.0,10100.0,10100.0,54,0.0,0.0
2024-07-15 11:15:00+09:00,10100.0,10110.0,10080.0,10080.0,412,0.0,0.0
2024-07-15 11:16:00+09:00,10070.0,10070.0,10060.0,10060.0,438,0.0,0.0
2024-07-15 11:17:00+09:00,10050.0,10050.0,10050.0,10050.0,362,0.0,0.0
2024-07-15 11:18:00+09:00,10050.0,10050.0,10050.0,10050.0,117,0.0,0.0
2024-07-15 11:19:00+09:00,10050.0,10050.0,10050.0,10050.0,0,0.0,0.0
2024-07-15 11:20:00+09:00,10050.0,10050.0,10050.0,10050.0,111,0.0,0.0
2024-07-15 11:21:00+09:00,10050.0,10070.0,10050.0,10070.0,150,0.0,0.0
2024-07-15 11:23:00+09:00,10070.0,10070.0,10070.0,10070.0,0,0.0,0.0
2024-07-15 11:26:00+09:00,10070.0,10090.0,10070.0,10090.0,119,0.0,0.0
2024-07-15 11:27:00+09:00,10070.0,10090.0,10070.0,10090.0,155,0.0,0.0
2024-07-15 11:28:00+09:00,10090.0,10100.0,10090.0,10100.0,475,0.0,0.0
2024-07-15 11:29:00+09:00,10100.0,10120.0,10100.0,10120.0,36,0.0,0.0
2024-07-15 11:30:00+09:00,10100.0,10140.0,10100.0,10140.0,6,0.0,0.0
2024-07-15 11:33:00+09:00,10150.0,10150.0,10150.0,10150.0,299,0.0,0.0
2024-07-15 11:34:00+09:00,10190.0,10190.0,10190.0,10190.0,0,0.0,0.0
2024-07-15 11:36:00+09:00,10150.0,10190.0,10140.0,10190.0,412,0.0,0.0
2024-07-15 11:37:00+09:00,10140.0,10190.0,10130.0,10190.0,89,0.0,0.0
2024-07-15 11:38:00+09:00,10200.0,10200.0,10200.0,10200.0,334,0.0,0.0
2024-07-15 11:39:00+09:00,10200.0,10220.0,10200.0,10220.0,356,0.0,0.0
2024-07-15 11:40:00+09:00,10220.0,10260.0,10220.0,10260.0,200,0.0,0.0
2024-07-15 11:41:00+09:00,10160.0,10240.0,10160.0,10240.0,0,0.0,0.0
2024-07-15 11:42:00+09:00,10230.0,10230.0,10160.0,10160.0,10,0.0,0.0
2024-07-15 11:45:00+09:00,10160.0,10160.0,10130.0,10130.0,442,0.0,0.0
2024-07-15 11:47:00+09:00,10130.0,10190.0,10130.0,10190.0,78,0.0,0.0
2024-07-15 11:48:00+09:00,10140.0,10140.0,10140.0,10140.0,9,0.0,0.0
2024-07-15 11:49:00+09:00,10140.0,10140.0,10120.0,10120.0,126,0.0,0.0
2024-07-15 11:51:00+09:00,10120.0,10120.0,10120.0,10120.0,0,0.0,0.0
2024-07-15 11:56:00+09:00,10120.0,10130.0,10120.0,10130.0,64,0.0,0.0
2024-07-15 11:57:00+09:00,10130.0,10130.0,10130.0,10130.0,90,0.0,0.0
2024-07-15 12:01:00+09:00,10130.0,10130.0,10130.0,10130.0,38,0.0,0.0
2024-07-15 12:03:00+09:00,10130.0,10130.0,10130.0,10130.0,197,0.0,0.0
2024-07-15 12:05:00+09:00,10130.0,10130.0,10130.0,10130.0,2,0.0,0.0
2024-07-15 12:06:00+09:00,10130.0,10130.0,10130.0,10130.0,2,0.0,0.0
2024-07-15 12:08:00+09:00,10130.0,10130.0,10130.0,10130.0,1,0.0,0.0
2024-07-15 12:16:00+09:00,10140.0,10140.0,10140.0,10140.0,1,0.0,0.0
2024-07-15 12:18:00+09:00,10140.0,10140.0,10140.0,10140.0,1,0.0,0.0
2024-07-15 12:19:00+09:00,10150.0,10160.0,10150.0,10160.0,209,0.0,0.0
2024-07-15 12:20:00+09:00,10160.0,10160.0,10160.0,10160.0,14,0.0,0.0
2024-07-15 12:21:00+09:00,10170.0,10170.0,10160.0,10160.0,312,0.0,0.0
2024-07-15 12:24:00+09:00,10160.0,10160.0,10130.0,10130.0,282,0.0,0.0
2024-07-15 12:25:00+09:00,10130.0,10130.0,10130.0,10130.0,0,0.0,0.0
2024-07-15 12:27:00+09:00,10120.0,10130.0,10120.0,10130.0,0,0.0,0.0
2024-07-15 12:29:00+09:00,10140.0,10140.0,10140.0,10140.0,0,0.0,0.0
2024-07-15 12:30:00+09:00,10140.0,10140.0,10140.0,10140.0,2,0.0,0.0
2024-07-15 12:31:00+09:00,10140.0,10140.0,10140.0,10140.0,7,0.0,0.0
2024-07-15 12:32:00+09:00,10160.0,10160.0,10160.0,10160.0,1,0.0,0.0
2024-07-15 12:33:00+09:00,10140.0,10180.0,10130.0,10180.0,304,0.0,0.0
2024-07-15 12:34:00+09:00,10190.0,10190.0,10190.0,10190.0,123,0.0,0.0
2024-07-15 12:37:00+09:00,10190.0,10190.0,10190.0,10190.0,15,0.0,0.0
2024-07-15 12:38:00+09:00,10190.0,10190.0,10190.0,10190.0,0,0.0,0.0
2024-07-15 12:39:00+09:00,10150.0,10150.0,10150.0,10150.0,801,0.0,0.0
2024-07-15 12:43:00+09:00,10160.0,10160.0,10150.0,10150.0,229,0.0,0.0
2024-07-15 12:44:00+09:00,10150.0,10150.0,10150.0,10150.0,44,0.0,0.0
2024-07-15 12:47:00+09:00,10190.0,10190.0,10190.0,10190.0,36,0.0,0.0
2024-07-15 12:48:00+09:00,10190.0,10190.0,10190.0,10190.0,0,0.0,0.0
2024-07-15 12:49:00+09:00,10190.0,10190.0,10190.0,10190.0,35,0.0,0.0
2024-07-15 12:50:00+09:00,10160.0,10160.0,10150.0,10150.0,400,0.0,0.0
2024-07-15 12:51:00+09:00,10180.0,10180.0,10180.0,10180.0,98,0.0,0.0
2024-07-15 12:52:00+09:00,10170.0,10170.0,10150.0,10150.0,12,0.0,0.0
2024-07-15 12:53:00+09:00,10150.0,10150.0,10150.0,10150.0,399,0.0,0.0
2024-07-15 12:55:00+09:00,10150.0,10150.0,10140.0,10140.0,29,0.0,0.0
2024-07-15 12:56:00+09:00,10170.0,10170.0,10150.0,10150.0,0,0.0,0.0
2024-07-15 12:58:00+09:00,10150.0,10150.0,10150.0,10150.0,10,0.0,0.0
2024-07-15 12:59:00+09:00,10170.0,10170.0,10170.0,10170.0,5,0.0,0.0
2024-07-15 13:03:00+09:00,10170.0,10170.0,10170.0,10170.0,7,0.0,0.0
2024-07-15 13:04:00+09:00,10180.0,10180.0,10180.0,10180.0,14,0.0,0.0
2024-07-15 13:08:00+09:00,10180.0,10180.0,10180.0,10180.0,16,0.0,0.0
2024-07-15 13:09:00+09:00,10170.0,10180.0,10170.0,10180.0,10,0.0,0.0
2024-07-15 13:10:00+09:00,10190.0,10190.0,10190.0,10190.0,78,0.0,0.0
2024-07-15 13:13:00+09:00,10190.0,10190.0,10190.0,10190.0,3,0.0,0.0
2024-07-15 13:14:00+09:00,10180.0,10180.0,10180.0,10180.0,38,0.0,0.0
2024-07-15 13:15:00+09:00,10170.0,10170.0,10170.0,10170.0,180,0.0,0.0
2024-07-15 13:19:00+09:00,10170.0,10170.0,10160.0,10160.0,67,0.0,0.0
2024-07-15 13:25:00+09:00,10160.0,10160.0,10160.0,10160.0,0,0.0,0.0
2024-07-15 13:28:00+09:00,10160.0,10160.0,10130.0,10150.0,1639,0.0,0.0
2024-07-15 13:29:00+09:00,10180.0,10180.0,10180.0,10180.0,259,0.0,0.0
2024-07-15 13:30:00+09:00,10150.0,10150.0,10150.0,10150.0,0,0.0,0.0
2024-07-15 13:33:00+09:00,10150.0,10150.0,10150.0,10150.0,0,0.0,0.0
2024-07-15 13:35:00+09:00,10180.0,10180.0,10180.0,10180.0,4,0.0,0.0
2024-07-15 13:36:00+09:00,10150.0,10150.0,10150.0,10150.0,40,0.0,0.0
2024-07-15 13:37:00+09:00,10180.0,10180.0,10180.0,10180.0,82,0.0,0.0
2024-07-15 13:38:00+09:00,10180.0,10180.0,10180.0,10180.0,13,0.0,0.0
2024-07-15 13:39:00+09:00,10160.0,10160.0,10160.0,10160.0,79,0.0,0.0
2024-07-15 13:40:00+09:00,10150.0,10150.0,10150.0,10150.0,33,0.0,0.0
2024-07-15 13:41:00+09:00,10170.0,10170.0,10100.0,10100.0,1289,0.0,0.0
2024-07-15 13:42:00+09:00,10100.0,10100.0,10090.0,10090.0,166,0.0,0.0
2024-07-15 13:43:00+09:00,10090.0,10140.0,10090.0,10140.0,0,0.0,0.0
2024-07-15 13:45:00+09:00,10140.0,10140.0,10140.0,10140.0,1,0.0,0.0
2024-07-15 13:47:00+09:00,10140.0,10140.0,10140.0,10140.0,1,0.0,0.0
2024-07-15 13:48:00+09:00,10110.0,10110.0,10110.0,10110.0,128,0.0,0.0
2024-07-15 13:54:00+09:00,10110.0,10140.0,10110.0,10140.0,0,0.0,0.0
2024-07-15 13:56:00+09:00,10110.0,10110.0,10110.0,10110.0,0,0.0,0.0
2024-07-15 13:59:00+09:00,10110.0,10110.0,10110.0,10110.0,39,0.0,0.0
2024-07-15 14:00:00+09:00,10110.0,10110.0,10110.0,10110.0,40,0.0,0.0
2024-07-15 14:01:00+09:00,10110.0,10110.0,10100.0,10100.0,432,0.0,0.0
2024-07-15 14:03:00+09:00,10130.0,10130.0,10130.0,10130.0,2,0.0,0.0
2024-07-15 14:04:00+09:00,10140.0,10140.0,10140.0,10140.0,8,0.0,0.0
2024-07-15 14:05:00+09:00,10140.0,10140.0,10140.0,10140.0,24,0.0,0.0
2024-07-15 14:06:00+09:00,10140.0,10140.0,10140.0,10140.0,6,0.0,0.0
2024-07-15 14:07:00+09:00,10140.0,10140.0,10110.0,10110.0,27,0.0,0.0
2024-07-15 14:09:00+09:00,10110.0,10110.0,10060.0,10060.0,2218,0.0,0.0
2024-07-15 14:10:00+09:00,10070.0,10070.0,10070.0,10070.0,0,0.0,0.0
2024-07-15 14:11:00+09:00,10110.0,10110.0,10110.0,10110.0,19,0.0,0.0
2024-07-15 14:13:00+09:00,10110.0,10110.0,10110.0,10110.0,0,0.0,0.0
2024-07-15 14:14:00+09:00,10080.0,10080.0,10080.0,10080.0,229,0.0,0.0
2024-07-15 14:24:00+09:00,10090.0,10090.0,10090.0,10090.0,0,0.0,0.0
2024-07-15 14:26:00+09:00,10090.0,10090.0,10090.0,10090.0,505,0.0,0.0
2024-07-15 14:27:00+09:00,10090.0,10090.0,10090.0,10090.0,882,0.0,0.0
2024-07-15 14:29:00+09:00,10090.0,10090.0,10090.0,10090.0,6,0.0,0.0
2024-07-15 14:32:00+09:00,10100.0,10100.0,10100.0,10100.0,13,0.0,0.0
2024-07-15 14:34:00+09:00,10130.0,10130.0,10130.0,10130.0,0,0.0,0.0
2024-07-15 14:35:00+09:00,10100.0,10100.0,10040.0,10060.0,3003,0.0,0.0
2024-07-15 14:37:00+09:00,10120.0,10120.0,10070.0,10070.0,330,0.0,0.0
2024-07-15 14:39:00+09:00,10070.0,10070.0,10060.0,10060.0,245,0.0,0.0
2024-07-15 14:41:00+09:00,10120.0,10120.0,10070.0,10120.0,0,0.0,0.0
2024-07-15 14:47:00+09:00,10080.0,10080.0,10080.0,10080.0,30,0.0,0.0
2024-07-15 14:49:00+09:00,10100.0,10100.0,10100.0,10100.0,0,0.0,0.0
2024-07-15 14:50:00+09:00,10120.0,10120.0,10110.0,10110.0,4,0.0,0.0
2024-07-15 14:52:00+09:00,10100.0,10100.0,10090.0,10090.0,110,0.0,0.0
2024-07-15 14:54:00+09:00,10090.0,10090.0,10080.0,10080.0,19,0.0,0.0
2024-07-15 14:55:00+09:00,10090.0,10090.0,10090.0,10090.0,2,0.0,0.0
2024-07-15 14:56:00+09:00,10090.0,10090.0,10080.0,10090.0,323,0.0,0.0
2024-07-15 14:57:00+09:00,10090.0,10090.0,10090.0,10090.0,0,0.0,0.0
2024-07-16 09:00:00+09:00,10060.0,10060.0,10060.0,10060.0,2056,0.0,0.0
2024-07-16 09:01:00+09:00,10130.0,10130.0,10130.0,10130.0,0,0.0,0.0
2024-07-16 09:02:00+09:00,10130.0,10270.0,10130.0,10260.0,1168,0.0,0.0
2024-07-16 09:03:00+09:00,10260.0,10260.0,10260.0,10260.0,552,0.0,0.0
2024-07-16 09:04:00+09:00,10260.0,10260.0,10150.0,10150.0,1134,0.0,0.0
2024-07-16 09:05:00+09:00,10150.0,10150.0,10130.0,10140.0,107,0.0,0.0
2024-07-16 09:06:00+09:00,10140.0,10140.0,10140.0,10140.0,248,0.0,0.0
2024-07-16 09:07:00+09:00,10150.0,10240.0,10150.0,10240.0,94,0.0,0.0
2024-07-16 09:08:00+09:00,10240.0,10240.0,10170.0,10170.0,205,0.0,0.0
2024-07-16 09:09:00+09:00,10160.0,10380.0,10160.0,10350.0,955,0.0,0.0
2024-07-16 09:10:00+09:00,10350.0,10420.0,10330.0,10390.0,2021,0.0,0.0
2024-07-16 09:11:00+09:00,10410.0,10460.0,10320.0,10440.0,2404,0.0,0.0
2024-07-16 09:12:00+09:00,10440.0,10440.0,10340.0,10430.0,1866,0.0,0.0
2024-07-16 09:13:00+09:00,10430.0,10480.0,10350.0,10470.0,2560,0.0,0.0
2024-07-16 09:14:00+09:00,10470.0,10580.0,10400.0,10480.0,7487,0.0,0.0
2024-07-16 09:15:00+09:00,10480.0,10540.0,10480.0,10530.0,1878,0.0,0.0
2024-07-16 09:16:00+09:00,10520.0,10640.0,10510.0,10600.0,7593,0.0,0.0
2024-07-16 09:17:00+09:00,10610.0,10750.0,10610.0,10750.0,5950,0.0,0.0
2024-07-16 09:18:00+09:00,10750.0,10840.0,10680.0,10830.0,13174,0.0,0.0
2024-07-16 09:19:00+09:00,10830.0,11060.0,10830.0,11060.0,18036,0.0,0.0
2024-07-16 09:22:00+09:00,11070.0,11070.0,10860.0,10920.0,35529,0.0,0.0
2024-07-16 09:23:00+09:00,10910.0,11000.0,10860.0,10980.0,11562,0.0,0.0
2024-07-16 09:24:00+09:00,10900.0,10990.0,10880.0,10890.0,10623,0.0,0.0
2024-07-16 09:25:00+09:00,10930.0,10950.0,10900.0,10920.0,3258,0.0,0.0
2024-07-16 09:26:00+09:00,10940.0,10940.0,10860.0,10860.0,2783,0.0,0.0
2024-07-16 09:27:00+09:00,10870.0,10900.0,10810.0,10850.0,4970,0.0,0.0
2024-07-16 09:28:00+09:00,10860.0,10900.0,10840.0,10890.0,1679,0.0,0.0
2024-07-16 09:29:00+09:00,10890.0,10910.0,10850.0,10900.0,1762,0.0,0.0
2024-07-16 09:30:00+09:00,10900.0,10910.0,10870.0,10880.0,2616,0.0,0.0
2024-07-16 09:31:00+09:00,10900.0,11000.0,10880.0,10990.0,5204,0.0,0.0
2024-07-16 09:32:00+09:00,10990.0,11130.0,10990.0,11120.0,13309,0.0,0.0
2024-07-16 09:33:00+09:00,11080.0,11150.0,11030.0,11100.0,16216,0.0,0.0
2024-07-16 09:34:00+09:00,11150.0,11270.0,11100.0,11270.0,37070,0.0,0.0
2024-07-16 09:35:00+09:00,11250.0,11280.0,10890.0,11100.0,32098,0.0,0.0
2024-07-16 09:36:00+09:00,11080.0,11240.0,11050.0,11140.0,25083,0.0,0.0
2024-07-16 09:37:00+09:00,11120.0,11230.0,10800.0,10870.0,25074,0.0,0.0
2024-07-16 09:38:00+09:00,10850.0,10910.0,10790.0,10790.0,9898,0.0,0.0
2024-07-16 09:39:00+09:00,10820.0,10930.0,10770.0,10930.0,6550,0.0,0.0
2024-07-16 09:40:00+09:00,10940.0,11000.0,10920.0,10920.0,3677,0.0,0.0
2024-07-16 09:41:00+09:00,11010.0,11050.0,10900.0,10960.0,1263,0.0,0.0
2024-07-16 09:42:00+09:00,10960.0,10980.0,10910.0,10960.0,1296,0.0,0.0
2024-07-16 09:43:00+09:00,10960.0,11000.0,10930.0,10930.0,2823,0.0,0.0
2024-07-16 09:44:00+09:00,10930.0,10970.0,10910.0,10920.0,3047,0.0,0.0
2024-07-16 09:45:00+09:00,10950.0,10990.0,10900.0,10970.0,1924,0.0,0.0
2024-07-16 09:46:00+09:00,10970.0,11040.0,10970.0,11030.0,1912,0.0,0.0
2024-07-16 09:47:00+09:00,11030.0,11040.0,11010.0,11040.0,873,0.0,0.0
2024-07-16 09:48:00+09:00,11040.0,11040.0,10950.0,10950.0,2534,0.0,0.0
2024-07-16 09:49:00+09:00,10950.0,11000.0,10950.0,10980.0,1254,0.0,0.0
2024-07-16 09:50:00+09:00,11000.0,11000.0,10860.0,10860.0,3901,0.0,0.0
2024-07-16 09:51:00+09:00,10850.0,10850.0,10680.0,10690.0,4902,0.0,0.0
2024-07-16 09:52:00+09:00,10710.0,10740.0,10680.0,10740.0,1918,0.0,0.0
2024-07-16 09:53:00+09:00,10740.0,10740.0,10670.0,10670.0,2555,0.0,0.0
2024-07-16 09:54:00+09:00,10660.0,10780.0,10660.0,10780.0,498,0.0,0.0
2024-07-16 09:55:00+09:00,10710.0,10780.0,10650.0,10650.0,3080,0.0,0.0
2024-07-16 09:56:00+09:00,10650.0,10650.0,10530.0,10620.0,5012,0.0,0.0
2024-07-16 09:57:00+09:00,10550.0,10610.0,10550.0,10570.0,1016,0.0,0.0
2024-07-16 09:58:00+09:00,10570.0,10580.0,10570.0,10570.0,583,0.0,0.0
2024-07-16 09:59:00+09:00,10570.0,10610.0,10570.0,10610.0,357,0.0,0.0
2024-07-16 10:00:00+09:00,10610.0,10620.0,10600.0,10610.0,175,0.0,0.0
2024-07-16 10:01:00+09:00,10610.0,10610.0,10560.0,10590.0,2105,0.0,0.0
2024-07-16 10:02:00+09:00,10560.0,10590.0,10490.0,10490.0,2586,0.0,0.0
2024-07-16 10:03:00+09:00,10470.0,10480.0,10430.0,10480.0,4847,0.0,0.0
2024-07-16 10:04:00+09:00,10480.0,10480.0,10460.0,10460.0,120,0.0,0.0
2024-07-16 10:05:00+09:00,10450.0,10450.0,10380.0,10380.0,3517,0.0,0.0
2024-07-16 10:06:00+09:00,10390.0,10390.0,10340.0,10370.0,3902,0.0,0.0
2024-07-16 10:07:00+09:00,10370.0,10370.0,10350.0,10350.0,832,0.0,0.0
2024-07-16 10:08:00+09:00,10350.0,10410.0,10350.0,10410.0,26,0.0,0.0
2024-07-16 10:10:00+09:00,10460.0,10480.0,10460.0,10480.0,1364,0.0,0.0
2024-07-16 10:11:00+09:00,10480.0,10500.0,10460.0,10500.0,2785,0.0,0.0
2024-07-16 10:12:00+09:00,10510.0,10530.0,10470.0,10470.0,1221,0.0,0.0
2024-07-16 10:13:00+09:00,10520.0,10530.0,10520.0,10530.0,177,0.0,0.0
2024-07-16 10:14:00+09:00,10530.0,10550.0,10500.0,10540.0,446,0.0,0.0
2024-07-16 10:15:00+09:00,10490.0,10520.0,10470.0,10480.0,1362,0.0,0.0
2024-07-16 10:16:00+09:00,10460.0,10480.0,10400.0,10400.0,882,0.0,0.0
2024-07-16 10:17:00+09:00,10400.0,10410.0,10400.0,10410.0,165,0.0,0.0
2024-07-16 10:18:00+09:00,10410.0,10420.0,10410.0,10420.0,629,0.0,0.0
2024-07-16 10:19:00+09:00,10410.0,10440.0,10380.0,10400.0,1817,0.0,0.0
2024-07-16 10:20:00+09:00,10400.0,10400.0,10350.0,10350.0,4155,0.0,0.0
2024-07-16 10:21:00+09:00,10360.0,10440.0,10360.0,10440.0,0,0.0,0.0
2024-07-16 10:22:00+09:00,10430.0,10430.0,10430.0,10430.0,20,0.0,0.0
2024-07-16 10:23:00+09:00,10430.0,10440.0,10410.0,10410.0,265,0.0,0.0
2024-07-16 10:24:00+09:00,10460.0,10480.0,10460.0,10480.0,0,0.0,0.0
2024-07-16 10:25:00+09:00,10470.0,10480.0,10470.0,10480.0,7,0.0,0.0
2024-07-16 10:27:00+09:00,10470.0,10470.0,10460.0,10460.0,126,0.0,0.0
2024-07-16 10:28:00+09:00,10460.0,10470.0,10450.0,10470.0,143,0.0,0.0
2024-07-16 10:29:00+09:00,10480.0,10480.0,10470.0,10470.0,40,0.0,0.0
2024-07-16 10:30:00+09:00,10470.0,10470.0,10440.0,10440.0,194,0.0,0.0
2024-07-16 10:31:00+09:00,10470.0,10480.0,10470.0,10480.0,6,0.0,0.0
2024-07-16 10:32:00+09:00,10440.0,10480.0,10440.0,10480.0,337,0.0,0.0
2024-07-16 10:33:00+09:00,10480.0,10480.0,10440.0,10440.0,3,0.0,0.0
2024-07-16 10:34:00+09:00,10480.0,10480.0,10420.0,10420.0,917,0.0,0.0
2024-07-16 10:35:00+09:00,10420.0,10470.0,10420.0,10460.0,0,0.0,0.0
2024-07-16 10:37:00+09:00,10430.0,10460.0,10430.0,10460.0,7,0.0,0.0
2024-07-16 10:38:00+09:00,10460.0,10460.0,10430.0,10430.0,45,0.0,0.0
2024-07-16 10:39:00+09:00,10440.0,10440.0,10430.0,10430.0,174,0.0,0.0
2024-07-16 10:40:00+09:00,10430.0,10480.0,10430.0,10480.0,423,0.0,0.0
2024-07-16 10:41:00+09:00,10480.0,10480.0,10480.0,10480.0,73,0.0,0.0
2024-07-16 10:42:00+09:00,10450.0,10450.0,10450.0,10450.0,270,0.0,0.0
2024-07-16 10:43:00+09:00,10450.0,10450.0,10420.0,10420.0,662,0.0,0.0
2024-07-16 10:44:00+09:00,10420.0,10420.0,10420.0,10420.0,0,0.0,0.0
2024-07-16 10:45:00+09:00,10420.0,10420.0,10410.0,10410.0,3590,0.0,0.0
2024-07-16 10:46:00+09:00,10410.0,10410.0,10400.0,10400.0,0,0.0,0.0
2024-07-16 10:47:00+09:00,10400.0,10410.0,10400.0,10410.0,426,0.0,0.0
2024-07-16 10:49:00+09:00,10410.0,10410.0,10410.0,10410.0,30,0.0,0.0
2024-07-16 10:52:00+09:00,10470.0,10480.0,10470.0,10480.0,506,0.0,0.0
2024-07-16 10:53:00+09:00,10500.0,10500.0,10500.0,10500.0,0,0.0,0.0
2024-07-16 10:54:00+09:00,10500.0,10500.0,10500.0,10500.0,178,0.0,0.0
2024-07-16 10:56:00+09:00,10500.0,10500.0,10440.0,10440.0,151,0.0,0.0
2024-07-16 10:57:00+09:00,10450.0,10450.0,10450.0,10450.0,0,0.0,0.0
2024-07-16 10:58:00+09:00,10460.0,10460.0,10460.0,10460.0,282,0.0,0.0
2024-07-16 10:59:00+09:00,10460.0,10460.0,10460.0,10460.0,91,0.0,0.0
2024-07-16 11:00:00+09:00,10460.0,10460.0,10460.0,10460.0,40,0.0,0.0
2024-07-16 11:01:00+09:00,10460.0,10460.0,10460.0,10460.0,174,0.0,0.0
2024-07-16 11:02:00+09:00,10500.0,10500.0,10500.0,10500.0,0,0.0,0.0
2024-07-16 11:03:00+09:00,10500.0,10500.0,10500.0,10500.0,114,0.0,0.0
2024-07-16 11:04:00+09:00,10500.0,10500.0,10500.0,10500.0,202,0.0,0.0
2024-07-16 11:05:00+09:00,10500.0,10500.0,10500.0,10500.0,202,0.0,0.0
2024-07-16 11:06:00+09:00,10500.0,10510.0,10500.0,10510.0,9,0.0,0.0
2024-07-16 11:07:00+09:00,10520.0,10520.0,10470.0,10470.0,161,0.0,0.0
2024-07-16 11:10:00+09:00,10510.0,10510.0,10480.0,10480.0,37,0.0,0.0
2024-07-16 11:11:00+09:00,10480.0,10520.0,10480.0,10520.0,9,0.0,0.0
2024-07-16 11:12:00+09:00,10500.0,10520.0,10500.0,10520.0,272,0.0,0.0
2024-07-16 11:13:00+09:00,10520.0,10520.0,10520.0,10520.0,108,0.0,0.0
2024-07-16 11:14:00+09:00,10520.0,10540.0,10480.0,10540.0,570,0.0,0.0
2024-07-16 11:15:00+09:00,10540.0,10580.0,10540.0,10580.0,1079,0.0,0.0
2024-07-16 11:16:00+09:00,10570.0,10580.0,10570.0,10580.0,728,0.0,0.0
2024-07-16 11:17:00+09:00,10580.0,10580.0,10530.0,10530.0,519,0.0,0.0
2024-07-16 11:18:00+09:00,10540.0,10540.0,10540.0,10540.0,78,0.0,0.0
2024-07-16 11:19:00+09:00,10570.0,10580.0,10540.0,10580.0,189,0.0,0.0
2024-07-16 11:20:00+09:00,10580.0,10580.0,10580.0,10580.0,154,0.0,0.0
2024-07-16 11:21:00+09:00,10580.0,10580.0,10580.0,10580.0,302,0.0,0.0
2024-07-16 11:22:00+09:00,10590.0,10590.0,10580.0,10580.0,110,0.0,0.0
2024-07-16 11:23:00+09:00,10580.0,10590.0,10550.0,10550.0,253,0.0,0.0
2024-07-16 11:25:00+09:00,10550.0,10550.0,10540.0,10550.0,331,0.0,0.0
2024-07-16 11:26:00+09:00,10550.0,10580.0,10550.0,10580.0,10,0.0,0.0
2024-07-16 11:27:00+09:00,10580.0,10580.0,10580.0,10580.0,3,0.0,0.0
2024-07-16 11:29:00+09:00,10580.0,10580.0,10550.0,10550.0,92,0.0,0.0
2024-07-16 11:30:00+09:00,10560.0,10560.0,10560.0,10560.0,12,0.0,0.0
2024-07-16 11:31:00+09:00,10560.0,10570.0,10560.0,10570.0,16,0.0,0.0
2024-07-16 11:32:00+09:00,10580.0,10580.0,10580.0,10580.0,41,0.0,0.0
2024-07-16 11:33:00+09:00,10560.0,10560.0,10550.0,10550.0,57,0.0,0.0
2024-07-16 11:34:00+09:00,10540.0,10580.0,10540.0,10580.0,67,0.0,0.0
2024-07-16 11:36:00+09:00,10580.0,10630.0,10580.0,10620.0,531,0.0,0.0
2024-07-16 11:37:00+09:00,10620.0,10680.0,10620.0,10660.0,2214,0.0,0.0
2024-07-16 11:38:00+09:00,10650.0,10680.0,10650.0,10670.0,390,0.0,0.0
2024-07-16 11:39:00+09:00,10670.0,10700.0,10660.0,10700.0,768,0.0,0.0
2024-07-16 11:40:00+09:00,10690.0,10700.0,10670.0,10700.0,413,0.0,0.0
2024-07-16 11:41:00+09:00,10700.0,10720.0,10690.0,10690.0,752,0.0,0.0
2024-07-16 11:42:00+09:00,10700.0,10710.0,10670.0,10670.0,1359,0.0,0.0
2024-07-16 11:43:00+09:00,10680.0,10700.0,10660.0,10680.0,296,0.0,0.0
2024-07-16 11:44:00+09:00,10670.0,10670.0,10670.0,10670.0,932,0.0,0.0
2024-07-16 11:45:00+09:00,10680.0,10680.0,10670.0,10670.0,27,0.0,0.0
2024-07-16 11:46:00+09:00,10670.0,10670.0,10660.0,10660.0,1,0.0,0.0
2024-07-16 11:47:00+09:00,10660.0,10660.0,10650.0,10650.0,91,0.0,0.0
2024-07-16 11:48:00+09:00,10670.0,10670.0,10630.0,10630.0,59,0.0,0.0
2024-07-16 11:49:00+09:00,10670.0,10670.0,10670.0,10670.0,96,0.0,0.0
2024-07-16 11:51:00+09:00,10660.0,10660.0,10640.0,10640.0,0,0.0,0.0
2024-07-16 11:52:00+09:00,10640.0,10640.0,10630.0,10630.0,155,0.0,0.0
2024-07-16 11:53:00+09:00,10630.0,10630.0,10630.0,10630.0,96,0.0,0.0
2024-07-16 11:54:00+09:00,10630.0,10630.0,10630.0,10630.0,0,0.0,0.0
2024-07-16 11:55:00+09:00,10630.0,10640.0,10630.0,10640.0,188,0.0,0.0
2024-07-16 11:56:00+09:00,10640.0,10640.0,10630.0,10640.0,47,0.0,0.0
2024-07-16 11:57:00+09:00,10650.0,10660.0,10630.0,10630.0,692,0.0,0.0
2024-07-16 11:58:00+09:00,10630.0,10680.0,10630.0,10680.0,0,0.0,0.0
2024-07-16 11:59:00+09:00,10660.0,10660.0,10630.0,10650.0,109,0.0,0.0
2024-07-16 12:00:00+09:00,10650.0,10670.0,10650.0,10660.0,106,0.0,0.0
2024-07-16 12:01:00+09:00,10680.0,10680.0,10660.0,10660.0,64,0.0,0.0
2024-07-16 12:02:00+09:00,10660.0,10660.0,10640.0,10640.0,685,0.0,0.0
2024-07-16 12:03:00+09:00,10640.0,10640.0,10630.0,10640.0,425,0.0,0.0
2024-07-16 12:04:00+09:00,10640.0,10660.0,10640.0,10660.0,252,0.0,0.0
2024-07-16 12:06:00+09:00,10650.0,10680.0,10650.0,10660.0,15,0.0,0.0
2024-07-16 12:07:00+09:00,10660.0,10660.0,10660.0,10660.0,310,0.0,0.0
2024-07-16 12:08:00+09:00,10660.0,10660.0,10660.0,10660.0,0,0.0,0.0
2024-07-16 12:10:00+09:00,10690.0,10690.0,10660.0,10660.0,23,0.0,0.0
2024-07-16 12:11:00+09:00,10650.0,10660.0,10650.0,10660.0,0,0.0,0.0
2024-07-16 12:12:00+09:00,10680.0,10700.0,10680.0,10700.0,259,0.0,0.0
2024-07-16 12:13:00+09:00,10700.0,10730.0,10700.0,10720.0,1008,0.0,0.0
2024-07-16 12:14:00+09:00,10720.0,10750.0,10720.0,10750.0,876,0.0,0.0
2024-07-16 12:15:00+09:00,10750.0,10760.0,10750.0,10760.0,117,0.0,0.0
2024-07-16 12:16:00+09:00,10750.0,10750.0,10720.0,10720.0,245,0.0,0.0
2024-07-16 12:17:00+09:00,10730.0,10730.0,10700.0,10700.0,0,0.0,0.0
2024-07-16 12:18:00+09:00,10690.0,10710.0,10690.0,10710.0,13,0.0,0.0
2024-07-16 12:19:00+09:00,10690.0,10730.0,10690.0,10730.0,256,0.0,0.0
2024-07-16 12:20:00+09:00,10730.0,10740.0,10730.0,10740.0,182,0.0,0.0
2024-07-16 12:21:00+09:00,10730.0,10740.0,10730.0,10740.0,39,0.0,0.0
2024-07-16 12:22:00+09:00,10750.0,10770.0,10750.0,10770.0,610,0.0,0.0
2024-07-16 12:23:00+09:00,10760.0,10780.0,10750.0,10780.0,1815,0.0,0.0
2024-07-16 12:24:00+09:00,10790.0,10840.0,10790.0,10820.0,2291,0.0,0.0
2024-07-16 12:25:00+09:00,10830.0,10850.0,10820.0,10850.0,2563,0.0,0.0
2024-07-16 12:26:00+09:00,10850.0,10870.0,10830.0,10830.0,550,0.0,0.0
2024-07-16 12:27:00+09:00,10850.0,10850.0,10850.0,10850.0,37,0.0,0.0
2024-07-16 12:28:00+09:00,10830.0,10850.0,10810.0,10850.0,654,0.0,0.0
2024-07-16 12:29:00+09:00,10810.0,10850.0,10800.0,10840.0,628,0.0,0.0
2024-07-16 12:30:00+09:00,10840.0,10840.0,10750.0,10750.0,484,0.0,0.0
2024-07-16 12:31:00+09:00,10750.0,10770.0,10750.0,10770.0,29,0.0,0.0
2024-07-16 12:32:00+09:00,10760.0,10760.0,10760.0,10760.0,56,0.0,0.0
2024-07-16 12:33:00+09:00,10770.0,10770.0,10760.0,10760.0,35,0.0,0.0
2024-07-16 12:34:00+09:00,10760.0,10770.0,10750.0,10770.0,182,0.0,0.0
2024-07-16 12:35:00+09:00,10830.0,10830.0,10780.0,10780.0,120,0.0,0.0
2024-07-16 12:36:00+09:00,10780.0,10810.0,10780.0,10810.0,5,0.0,0.0
2024-07-16 12:37:00+09:00,10780.0,10780.0,10770.0,10770.0,1803,0.0,0.0
2024-07-16 12:38:00+09:00,10760.0,10760.0,10740.0,10740.0,0,0.0,0.0
2024-07-16 12:39:00+09:00,10740.0,10740.0,10700.0,10710.0,561,0.0,0.0
2024-07-16 12:40:00+09:00,10710.0,10770.0,10710.0,10760.0,332,0.0,0.0
2024-07-16 12:41:00+09:00,10770.0,10770.0,10760.0,10760.0,0,0.0,0.0
2024-07-16 12:42:00+09:00,10760.0,10760.0,10760.0,10760.0,74,0.0,0.0
2024-07-16 12:43:00+09:00,10720.0,10760.0,10720.0,10720.0,0,0.0,0.0
2024-07-16 12:44:00+09:00,10720.0,10760.0,10720.0,10760.0,162,0.0,0.0
2024-07-16 12:45:00+09:00,10760.0,10760.0,10760.0,10760.0,19,0.0,0.0
2024-07-16 12:46:00+09:00,10760.0,10760.0,10760.0,10760.0,0,0.0,0.0
2024-07-16 12:47:00+09:00,10750.0,10760.0,10750.0,10760.0,94,0.0,0.0
2024-07-16 12:48:00+09:00,10730.0,10730.0,10730.0,10730.0,140,0.0,0.0
2024-07-16 12:49:00+09:00,10730.0,10760.0,10730.0,10760.0,437,0.0,0.0
2024-07-16 12:50:00+09:00,10750.0,10750.0,10750.0,10750.0,0,0.0,0.0
2024-07-16 12:51:00+09:00,10730.0,10730.0,10710.0,10710.0,2110,0.0,0.0
2024-07-16 12:52:00+09:00,10710.0,10710.0,10670.0,10670.0,2044,0.0,0.0
2024-07-16 12:53:00+09:00,10680.0,10680.0,10680.0,10680.0,33,0.0,0.0
2024-07-16 12:54:00+09:00,10680.0,10680.0,10680.0,10680.0,1,0.0,0.0
2024-07-16 12:55:00+09:00,10680.0,10680.0,10680.0,10680.0,37,0.0,0.0
2024-07-16 12:56:00+09:00,10680.0,10680.0,10680.0,10680.0,482,0.0,0.0
2024-07-16 12:57:00+09:00,10680.0,10680.0,10680.0,10680.0,0,0.0,0.0
2024-07-16 12:58:00+09:00,10680.0,10680.0,10660.0,10660.0,285,0.0,0.0
2024-07-16 12:59:00+09:00,10670.0,10670.0,10670.0,10670.0,138,0.0,0.0
2024-07-16 13:00:00+09:00,10670.0,10670.0,10650.0,10650.0,1241,0.0,0.0
2024-07-16 13:01:00+09:00,10650.0,10690.0,10640.0,10650.0,1103,0.0,0.0
2024-07-16 13:02:00+09:00,10640.0,10740.0,10640.0,10740.0,804,0.0,0.0
2024-07-16 13:03:00+09:00,10690.0,10690.0,10690.0,10690.0,61,0.0,0.0
2024-07-16 13:04:00+09:00,10690.0,10690.0,10660.0,10690.0,46,0.0,0.0
2024-07-16 13:05:00+09:00,10670.0,10670.0,10660.0,10670.0,51,0.0,0.0
2024-07-16 13:06:00+09:00,10670.0,10730.0,10670.0,10730.0,64,0.0,0.0
2024-07-16 13:07:00+09:00,10730.0,10730.0,10730.0,10730.0,464,0.0,0.0
2024-07-16 13:08:00+09:00,10680.0,10680.0,10670.0,10670.0,392,0.0,0.0
2024-07-16 13:09:00+09:00,10730.0,10730.0,10730.0,10730.0,0,0.0,0.0
2024-07-16 13:10:00+09:00,10720.0,10720.0,10660.0,10660.0,451,0.0,0.0
2024-07-16 13:12:00+09:00,10660.0,10720.0,10660.0,10720.0,141,0.0,0.0
2024-07-16 13:13:00+09:00,10720.0,10720.0,10720.0,10720.0,215,0.0,0.0
2024-07-16 13:14:00+09:00,10710.0,10710.0,10710.0,10710.0,35,0.0,0.0
2024-07-16 13:17:00+09:00,10710.0,10720.0,10710.0,10720.0,657,0.0,0.0
2024-07-16 13:18:00+09:00,10720.0,10720.0,10720.0,10720.0,552,0.0,0.0
2024-07-16 13:19:00+09:00,10670.0,10670.0,10670.0,10670.0,0,0.0,0.0
2024-07-16 13:20:00+09:00,10710.0,10710.0,10710.0,10710.0,0,0.0,0.0
2024-07-16 13:21:00+09:00,10660.0,10660.0,10660.0,10660.0,1,0.0,0.0
2024-07-16 13:22:00+09:00,10660.0,10660.0,10650.0,10650.0,944,0.0,0.0
2024-07-16 13:23:00+09:00,10650.0,10660.0,10650.0,10660.0,292,0.0,0.0
2024-07-16 13:24:00+09:00,10660.0,10660.0,10640.0,10640.0,546,0.0,0.0
2024-07-16 13:26:00+09:00,10640.0,10640.0,10640.0,10640.0,1036,0.0,0.0
2024-07-16 13:27:00+09:00,10640.0,10640.0,10640.0,10640.0,172,0.0,0.0
2024-07-16 13:28:00+09:00,10640.0,10640.0,10640.0,10640.0,22,0.0,0.0
2024-07-16 13:29:00+09:00,10640.0,10650.0,10640.0,10640.0,467,0.0,0.0
2024-07-16 13:30:00+09:00,10630.0,10630.0,10630.0,10630.0,540,0.0,0.0
2024-07-16 13:31:00+09:00,10640.0,10660.0,10640.0,10660.0,148,0.0,0.0
2024-07-16 13:32:00+09:00,10660.0,10660.0,10660.0,10660.0,24,0.0,0.0
2024-07-16 13:34:00+09:00,10670.0,10670.0,10670.0,10670.0,45,0.0,0.0
2024-07-16 13:35:00+09:00,10680.0,10690.0,10680.0,10690.0,56,0.0,0.0
2024-07-16 13:36:00+09:00,10700.0,10700.0,10690.0,10690.0,0,0.0,0.0
2024-07-16 13:39:00+09:00,10670.0,10670.0,10670.0,10670.0,0,0.0,0.0
2024-07-16 13:40:00+09:00,10670.0,10670.0,10660.0,10660.0,189,0.0,0.0
2024-07-16 13:41:00+09:00,10660.0,10690.0,10660.0,10690.0,0,0.0,0.0
2024-07-16 13:42:00+09:00,10690.0,10740.0,10690.0,10740.0,1044,0.0,0.0
2024-07-16 13:43:00+09:00,10740.0,10760.0,10740.0,10760.0,802,0.0,0.0
2024-07-16 13:44:00+09:00,10760.0,10800.0,10760.0,10790.0,1032,0.0,0.0
2024-07-16 13:45:00+09:00,10790.0,10830.0,10770.0,10770.0,5352,0.0,0.0
2024-07-16 13:46:00+09:00,10820.0,10820.0,10770.0,10770.0,232,0.0,0.0
2024-07-16 13:47:00+09:00,10760.0,10760.0,10700.0,10700.0,198,0.0,0.0
2024-07-16 13:48:00+09:00,10700.0,10700.0,10670.0,10690.0,1742,0.0,0.0
2024-07-16 13:49:00+09:00,10670.0,10670.0,10660.0,10660.0,115,0.0,0.0
2024-07-16 13:50:00+09:00,10660.0,10660.0,10650.0,10650.0,146,0.0,0.0
2024-07-16 13:51:00+09:00,10650.0,10680.0,10650.0,10680.0,308,0.0,0.0
2024-07-16 13:52:00+09:00,10660.0,10660.0,10660.0,10660.0,11,0.0,0.0
2024-07-16 13:53:00+09:00,10650.0,10680.0,10650.0,10680.0,472,0.0,0.0
2024-07-16 13:54:00+09:00,10680.0,10680.0,10640.0,10640.0,0,0.0,0.0
2024-07-16 13:55:00+09:00,10650.0,10690.0,10640.0,10690.0,69,0.0,0.0
2024-07-16 13:57:00+09:00,10650.0,10650.0,10640.0,10640.0,466,0.0,0.0
2024-07-16 13:58:00+09:00,10680.0,10680.0,10680.0,10680.0,0,0.0,0.0
2024-07-16 13:59:00+09:00,10680.0,10680.0,10680.0,10680.0,299,0.0,0.0
2024-07-16 14:01:00+09:00,10680.0,10680.0,10640.0,10640.0,610,0.0,0.0
2024-07-16 14:02:00+09:00,10640.0,10640.0,10640.0,10640.0,458,0.0,0.0
2024-07-16 14:03:00+09:00,10640.0,10640.0,10630.0,10630.0,0,0.0,0.0
2024-07-16 14:04:00+09:00,10640.0,10640.0,10640.0,10640.0,0,0.0,0.0
2024-07-16 14:05:00+09:00,10630.0,10630.0,10630.0,10630.0,2995,0.0,0.0
2024-07-16 14:06:00+09:00,10630.0,10630.0,10600.0,10600.0,1070,0.0,0.0
2024-07-16 14:07:00+09:00,10600.0,10600.0,10600.0,10600.0,135,0.0,0.0
2024-07-16 14:08:00+09:00,10600.0,10600.0,10600.0,10600.0,107,0.0,0.0
2024-07-16 14:09:00+09:00,10600.0,10600.0,10600.0,10600.0,77,0.0,0.0
2024-07-16 14:10:00+09:00,10590.0,10590.0,10590.0,10590.0,257,0.0,0.0
2024-07-16 14:11:00+09:00,10590.0,10590.0,10550.0,10550.0,2232,0.0,0.0
2024-07-16 14:12:00+09:00,10540.0,10540.0,10530.0,10530.0,363,0.0,0.0
2024-07-16 14:13:00+09:00,10590.0,10600.0,10530.0,10530.0,26,0.0,0.0
2024-07-16 14:14:00+09:00,10540.0,10590.0,10530.0,10590.0,1003,0.0,0.0
2024-07-16 14:15:00+09:00,10530.0,10530.0,10530.0,10530.0,107,0.0,0.0
2024-07-16 14:16:00+09:00,10580.0,10580.0,10550.0,10550.0,0,0.0,0.0
2024-07-16 14:17:00+09:00,10550.0,10550.0,10550.0,10550.0,35,0.0,0.0
2024-07-16 14:18:00+09:00,10580.0,10580.0,10580.0,10580.0,0,0.0,0.0
2024-07-16 14:19:00+09:00,10580.0,10580.0,10560.0,10560.0,8,0.0,0.0
2024-07-16 14:20:00+09:00,10560.0,10560.0,10560.0,10560.0,376,0.0,0.0
2024-07-16 14:21:00+09:00,10550.0,10550.0,10530.0,10530.0,146,0.0,0.0
2024-07-16 14:23:00+09:00,10530.0,10540.0,10530.0,10540.0,77,0.0,0.0
2024-07-16 14:24:00+09:00,10570.0,10570.0,10570.0,10570.0,38,0.0,0.0
2024-07-16 14:25:00+09:00,10570.0,10570.0,10570.0,10570.0,0,0.0,0.0
2024-07-16 14:26:00+09:00,10550.0,10550.0,10550.0,10550.0,36,0.0,0.0
2024-07-16 14:27:00+09:00,10560.0,10560.0,10560.0,10560.0,2,0.0,0.0
2024-07-16 14:28:00+09:00,10550.0,10550.0,10550.0,10550.0,17,0.0,0.0
2024-07-16 14:29:00+09:00,10560.0,10560.0,10540.0,10540.0,799,0.0,0.0
2024-07-16 14:30:00+09:00,10540.0,10550.0,10540.0,10550.0,543,0.0,0.0
2024-07-16 14:31:00+09:00,10560.0,10590.0,10560.0,10590.0,132,0.0,0.0
2024-07-16 14:34:00+09:00,10570.0,10590.0,10570.0,10570.0,131,0.0,0.0
2024-07-16 14:35:00+09:00,10570.0,10570.0,10570.0,10570.0,15,0.0,0.0
2024-07-16 14:36:00+09:00,10570.0,10570.0,10550.0,10550.0,24,0.0,0.0
2024-07-16 14:37:00+09:00,10560.0,10560.0,10560.0,10560.0,3,0.0,0.0
2024-07-16 14:38:00+09:00,10560.0,10560.0,10560.0,10560.0,20,0.0,0.0
2024-07-16 14:39:00+09:00,10580.0,10580.0,10580.0,10580.0,50,0.0,0.0
2024-07-16 14:40:00+09:00,10580.0,10590.0,10560.0,10580.0,350,0.0,0.0
2024-07-16 14:41:00+09:00,10570.0,10570.0,10560.0,10560.0,555,0.0,0.0
2024-07-16 14:42:00+09:00,10560.0,10570.0,10560.0,10570.0,121,0.0,0.0
2024-07-16 14:44:00+09:00,10560.0,10560.0,10560.0,10560.0,393,0.0,0.0
2024-07-16 14:45:00+09:00,10560.0,10560.0,10560.0,10560.0,0,0.0,0.0
2024-07-16 14:46:00+09:00,10560.0,10560.0,10560.0,10560.0,20,0.0,0.0
2024-07-16 14:47:00+09:00,10570.0,10580.0,10560.0,10560.0,55,0.0,0.0
2024-07-16 14:48:00+09:00,10560.0,10580.0,10560.0,10580.0,397,0.0,0.0
2024-07-16 14:49:00+09:00,10570.0,10570.0,10570.0,10570.0,142,0.0,0.0
2024-07-16 14:50:00+09:00,10570.0,10570.0,10570.0,10570.0,200,0.0,0.0
2024-07-16 14:51:00+09:00,10570.0,10580.0,10570.0,10580.0,380,0.0,0.0
2024-07-16 14:52:00+09:00,10580.0,10580.0,10580.0,10580.0,0,0.0,0.0
2024-07-16 14:53:00+09:00,10570.0,10570.0,10550.0,10550.0,1823,0.0,0.0
2024-07-16 14:54:00+09:00,10550.0,10550.0,10540.0,10540.0,0,0.0,0.0
2024-07-16 14:55:00+09:00,10570.0,10570.0,10570.0,10570.0,147,0.0,0.0
2024-07-16 14:56:00+09:00,10570.0,10570.0,10570.0,10570.0,111,0.0,0.0
2024-07-16 14:57:00+09:00,10570.0,10570.0,10570.0,10570.0,209,0.0,0.0
2024-07-16 14:58:00+09:00,10580.0,10600.0,10580.0,10600.0,776,0.0,0.0
2024-07-16 14:59:00+09:00,10600.0,10600.0,10600.0,10600.0,269,0.0,0.0
2024-07-17 09:00:00+09:00,10590.0,10590.0,10530.0,10530.0,2744,0.0,0.0
2024-07-17 09:01:00+09:00,10530.0,10620.0,10520.0,10620.0,525,0.0,0.0
2024-07-17 09:02:00+09:00,10600.0,10610.0,10580.0,10610.0,74,0.0,0.0
2024-07-17 09:03:00+09:00,10540.0,10620.0,10530.0,10530.0,398,0.0,0.0
2024-07-17 09:04:00+09:00,10540.0,10570.0,10480.0,10480.0,3827,0.0,0.0
2024-07-17 09:05:00+09:00,10490.0,10500.0,10430.0,10430.0,1519,0.0,0.0
2024-07-17 09:06:00+09:00,10430.0,10480.0,10430.0,10430.0,999,0.0,0.0
2024-07-17 09:07:00+09:00,10430.0,10460.0,10430.0,10430.0,683,0.0,0.0
2024-07-17 09:08:00+09:00,10440.0,10450.0,10440.0,10450.0,60,0.0,0.0
2024-07-17 09:09:00+09:00,10450.0,10480.0,10440.0,10480.0,563,0.0,0.0
2024-07-17 09:10:00+09:00,10490.0,10500.0,10480.0,10480.0,263,0.0,0.0
2024-07-17 09:11:00+09:00,10480.0,10490.0,10480.0,10490.0,0,0.0,0.0
2024-07-17 09:12:00+09:00,10520.0,10550.0,10520.0,10520.0,170,0.0,0.0
2024-07-17 09:13:00+09:00,10510.0,10510.0,10510.0,10510.0,71,0.0,0.0
2024-07-17 09:14:00+09:00,10520.0,10530.0,10510.0,10530.0,351,0.0,0.0
2024-07-17 09:15:00+09:00,10530.0,10530.0,10530.0,10530.0,38,0.0,0.0
2024-07-17 09:16:00+09:00,10530.0,10530.0,10530.0,10530.0,143,0.0,0.0
2024-07-17 09:17:00+09:00,10540.0,10540.0,10530.0,10540.0,75,0.0,0.0
2024-07-17 09:18:00+09:00,10540.0,10660.0,10540.0,10600.0,737,0.0,0.0
2024-07-17 09:19:00+09:00,10660.0,10660.0,10660.0,10660.0,215,0.0,0.0
2024-07-17 09:20:00+09:00,10630.0,10660.0,10630.0,10660.0,191,0.0,0.0
2024-07-17 09:21:00+09:00,10630.0,10630.0,10590.0,10600.0,283,0.0,0.0
2024-07-17 09:22:00+09:00,10600.0,10600.0,10600.0,10600.0,91,0.0,0.0
2024-07-17 09:23:00+09:00,10600.0,10600.0,10600.0,10600.0,32,0.0,0.0
2024-07-17 09:24:00+09:00,10590.0,10590.0,10580.0,10580.0,211,0.0,0.0
2024-07-17 09:25:00+09:00,10570.0,10570.0,10520.0,10520.0,62,0.0,0.0
2024-07-17 09:26:00+09:00,10530.0,10530.0,10530.0,10530.0,0,0.0,0.0
2024-07-17 09:27:00+09:00,10530.0,10530.0,10530.0,10530.0,2,0.0,0.0
2024-07-17 09:28:00+09:00,10530.0,10530.0,10520.0,10520.0,186,0.0,0.0
2024-07-17 09:29:00+09:00,10510.0,10510.0,10510.0,10510.0,136,0.0,0.0
2024-07-17 09:30:00+09:00,10510.0,10510.0,10510.0,10510.0,404,0.0,0.0
2024-07-17 09:31:00+09:00,10510.0,10520.0,10510.0,10520.0,0,0.0,0.0
2024-07-17 09:32:00+09:00,10520.0,10520.0,10520.0,10520.0,6,0.0,0.0
2024-07-17 09:33:00+09:00,10520.0,10520.0,10500.0,10510.0,37,0.0,0.0
2024-07-17 09:35:00+09:00,10510.0,10510.0,10500.0,10500.0,99,0.0,0.0
2024-07-17 09:36:00+09:00,10510.0,10510.0,10500.0,10500.0,2419,0.0,0.0
2024-07-17 09:37:00+09:00,10490.0,10490.0,10470.0,10470.0,158,0.0,0.0
2024-07-17 09:38:00+09:00,10470.0,10470.0,10460.0,10470.0,282,0.0,0.0
2024-07-17 09:39:00+09:00,10460.0,10460.0,10460.0,10460.0,210,0.0,0.0
2024-07-17 09:40:00+09:00,10460.0,10460.0,10450.0,10450.0,892,0.0,0.0
2024-07-17 09:41:00+09:00,10450.0,10450.0,10450.0,10450.0,0,0.0,0.0
2024-07-17 09:42:00+09:00,10440.0,10440.0,10410.0,10420.0,1513,0.0,0.0
2024-07-17 09:43:00+09:00,10420.0,10420.0,10420.0,10420.0,183,0.0,0.0
2024-07-17 09:44:00+09:00,10420.0,10420.0,10420.0,10420.0,0,0.0,0.0
2024-07-17 09:45:00+09:00,10440.0,10440.0,10410.0,10440.0,610,0.0,0.0
2024-07-17 09:46:00+09:00,10470.0,10470.0,10460.0,10460.0,45,0.0,0.0
2024-07-17 09:50:00+09:00,10480.0,10480.0,10480.0,10480.0,0,0.0,0.0
2024-07-17 09:51:00+09:00,10480.0,10500.0,10480.0,10500.0,515,0.0,0.0
2024-07-17 09:52:00+09:00,10520.0,10540.0,10520.0,10540.0,0,0.0,0.0
2024-07-17 09:53:00+09:00,10540.0,10550.0,10540.0,10540.0,8,0.0,0.0
2024-07-17 09:54:00+09:00,10550.0,10550.0,10550.0,10550.0,17,0.0,0.0
2024-07-17 09:55:00+09:00,10550.0,10550.0,10550.0,10550.0,0,0.0,0.0
2024-07-17 09:56:00+09:00,10550.0,10550.0,10550.0,10550.0,104,0.0,0.0
2024-07-17 09:57:00+09:00,10550.0,10550.0,10550.0,10550.0,90,0.0,0.0
2024-07-17 09:58:00+09:00,10550.0,10550.0,10530.0,10530.0,82,0.0,0.0
2024-07-17 09:59:00+09:00,10540.0,10570.0,10540.0,10570.0,0,0.0,0.0
2024-07-17 10:00:00+09:00,10570.0,10640.0,10570.0,10630.0,363,0.0,0.0
2024-07-17 10:01:00+09:00,10610.0,10630.0,10590.0,10590.0,464,0.0,0.0
2024-07-17 10:02:00+09:00,10600.0,10600.0,10580.0,10580.0,5,0.0,0.0
2024-07-17 10:03:00+09:00,10530.0,10570.0,10530.0,10570.0,330,0.0,0.0
2024-07-17 10:04:00+09:00,10530.0,10570.0,10530.0,10530.0,3,0.0,0.0
2024-07-17 10:05:00+09:00,10570.0,10570.0,10570.0,10570.0,9,0.0,0.0
2024-07-17 10:06:00+09:00,10570.0,10570.0,10570.0,10570.0,0,0.0,0.0
2024-07-17 10:08:00+09:00,10540.0,10540.0,10530.0,10530.0,376,0.0,0.0
2024-07-17 10:09:00+09:00,10510.0,10530.0,10510.0,10530.0,16,0.0,0.0
2024-07-17 10:11:00+09:00,10530.0,10530.0,10530.0,10530.0,58,0.0,0.0
2024-07-17 10:12:00+09:00,10510.0,10520.0,10510.0,10520.0,7,0.0,0.0
2024-07-17 10:13:00+09:00,10520.0,10520.0,10510.0,10510.0,0,0.0,0.0
2024-07-17 10:14:00+09:00,10510.0,10510.0,10510.0,10510.0,9,0.0,0.0
2024-07-17 10:15:00+09:00,10510.0,10510.0,10500.0,10500.0,391,0.0,0.0
2024-07-17 10:16:00+09:00,10500.0,10500.0,10500.0,10500.0,0,0.0,0.0
2024-07-17 10:17:00+09:00,10500.0,10500.0,10490.0,10490.0,83,0.0,0.0
2024-07-17 10:18:00+09:00,10490.0,10500.0,10490.0,10500.0,22,0.0,0.0
2024-07-17 10:19:00+09:00,10540.0,10540.0,10540.0,10540.0,8,0.0,0.0
2024-07-17 10:20:00+09:00,10540.0,10540.0,10510.0,10510.0,392,0.0,0.0
2024-07-17 10:22:00+09:00,10540.0,10540.0,10540.0,10540.0,0,0.0,0.0
2024-07-17 10:24:00+09:00,10550.0,10550.0,10550.0,10550.0,5,0.0,0.0
2024-07-17 10:25:00+09:00,10520.0,10520.0,10520.0,10520.0,4,0.0,0.0
2024-07-17 10:26:00+09:00,10520.0,10520.0,10520.0,10520.0,0,0.0,0.0
2024-07-17 10:27:00+09:00,10520.0,10520.0,10520.0,10520.0,881,0.0,0.0
2024-07-17 10:28:00+09:00,10520.0,10520.0,10520.0,10520.0,0,0.0,0.0
2024-07-17 10:29:00+09:00,10530.0,10540.0,10530.0,10540.0,11,0.0,0.0
2024-07-17 10:30:00+09:00,10540.0,10540.0,10540.0,10540.0,9,0.0,0.0
2024-07-17 10:32:00+09:00,10540.0,10560.0,10540.0,10560.0,512,0.0,0.0
2024-07-17 10:34:00+09:00,10570.0,10590.0,10570.0,10570.0,0,0.0,0.0
2024-07-17 10:35:00+09:00,10570.0,10610.0,10570.0,10610.0,52,0.0,0.0
2024-07-17 10:36:00+09:00,10610.0,10610.0,10610.0,10610.0,30,0.0,0.0
2024-07-17 10:37:00+09:00,10610.0,10650.0,10610.0,10650.0,412,0.0,0.0
2024-07-17 10:40:00+09:00,10640.0,10650.0,10630.0,10630.0,0,0.0,0.0
2024-07-17 10:41:00+09:00,10640.0,10670.0,10640.0,10670.0,945,0.0,0.0
2024-07-17 10:42:00+09:00,10680.0,10710.0,10670.0,10710.0,819,0.0,0.0
2024-07-17 10:43:00+09:00,10720.0,10890.0,10690.0,10890.0,3703,0.0,0.0
2024-07-17 10:44:00+09:00,10890.0,10890.0,10860.0,10890.0,565,0.0,0.0
2024-07-17 10:45:00+09:00,10890.0,10890.0,10840.0,10840.0,1028,0.0,0.0
2024-07-17 10:46:00+09:00,10830.0,10870.0,10790.0,10830.0,1105,0.0,0.0
2024-07-17 10:47:00+09:00,10830.0,10850.0,10830.0,10850.0,830,0.0,0.0
2024-07-17 10:48:00+09:00,10850.0,10860.0,10830.0,10830.0,898,0.0,0.0
2024-07-17 10:49:00+09:00,10860.0,10860.0,10830.0,10840.0,420,0.0,0.0
2024-07-17 10:50:00+09:00,10840.0,10840.0,10790.0,10790.0,666,0.0,0.0
2024-07-17 10:51:00+09:00,10790.0,10790.0,10790.0,10790.0,2,0.0,0.0
2024-07-17 10:52:00+09:00,10770.0,10770.0,10740.0,10740.0,749,0.0,0.0
2024-07-17 10:54:00+09:00,10780.0,10790.0,10780.0,10780.0,202,0.0,0.0
2024-07-17 10:55:00+09:00,10780.0,10830.0,10780.0,10830.0,486,0.0,0.0
2024-07-17 10:56:00+09:00,10780.0,10780.0,10780.0,10780.0,0,0.0,0.0
2024-07-17 10:57:00+09:00,10770.0,10780.0,10760.0,10780.0,114,0.0,0.0
2024-07-17 10:58:00+09:00,10820.0,10830.0,10780.0,10780.0,780,0.0,0.0
2024-07-17 10:59:00+09:00,10830.0,10830.0,10750.0,10750.0,463,0.0,0.0
2024-07-17 11:00:00+09:00,10760.0,10760.0,10750.0,10760.0,134,0.0,0.0
2024-07-17 11:01:00+09:00,10750.0,10750.0,10750.0,10750.0,483,0.0,0.0
2024-07-17 11:02:00+09:00,10800.0,10850.0,10800.0,10850.0,912,0.0,0.0
2024-07-17 11:03:00+09:00,10850.0,10900.0,10850.0,10880.0,1081,0.0,0.0
2024-07-17 11:04:00+09:00,10880.0,10890.0,10880.0,10890.0,931,0.0,0.0
2024-07-17 11:05:00+09:00,10890.0,10900.0,10880.0,10890.0,934,0.0,0.0
2024-07-17 11:06:00+09:00,10890.0,10890.0,10890.0,10890.0,15,0.0,0.0
2024-07-17 11:07:00+09:00,10890.0,10900.0,10850.0,10890.0,1205,0.0,0.0
2024-07-17 11:08:00+09:00,10880.0,10880.0,10860.0,10860.0,476,0.0,0.0
2024-07-17 11:09:00+09:00,10860.0,10860.0,10820.0,10820.0,584,0.0,0.0
2024-07-17 11:10:00+09:00,10820.0,10840.0,10800.0,10840.0,286,0.0,0.0
2024-07-17 11:11:00+09:00,10840.0,10840.0,10800.0,10840.0,127,0.0,0.0
2024-07-17 11:12:00+09:00,10800.0,10800.0,10800.0,10800.0,169,0.0,0.0
2024-07-17 11:13:00+09:00,10800.0,10800.0,10780.0,10780.0,46,0.0,0.0
2024-07-17 11:14:00+09:00,10770.0,10780.0,10770.0,10770.0,17,0.0,0.0
2024-07-17 11:15:00+09:00,10770.0,10770.0,10750.0,10750.0,387,0.0,0.0
2024-07-17 11:16:00+09:00,10750.0,10750.0,10740.0,10740.0,16,0.0,0.0
2024-07-17 11:17:00+09:00,10740.0,10740.0,10730.0,10730.0,816,0.0,0.0
2024-07-17 11:18:00+09:00,10750.0,10750.0,10750.0,10750.0,10,0.0,0.0
2024-07-17 11:19:00+09:00,10750.0,10760.0,10730.0,10760.0,68,0.0,0.0
2024-07-17 11:20:00+09:00,10760.0,10840.0,10750.0,10830.0,491,0.0,0.0
2024-07-17 11:21:00+09:00,10830.0,10830.0,10830.0,10830.0,10,0.0,0.0
2024-07-17 11:22:00+09:00,10770.0,10770.0,10760.0,10760.0,82,0.0,0.0
2024-07-17 11:23:00+09:00,10820.0,10820.0,10820.0,10820.0,0,0.0,0.0
2024-07-17 11:24:00+09:00,10770.0,10820.0,10770.0,10820.0,5,0.0,0.0
2024-07-17 11:25:00+09:00,10820.0,10820.0,10820.0,10820.0,27,0.0,0.0
2024-07-17 11:26:00+09:00,10790.0,10790.0,10770.0,10770.0,413,0.0,0.0
2024-07-17 11:27:00+09:00,10820.0,10820.0,10770.0,10770.0,0,0.0,0.0
2024-07-17 11:28:00+09:00,10770.0,10770.0,10770.0,10770.0,54,0.0,0.0
2024-07-17 11:30:00+09:00,10770.0,10770.0,10770.0,10770.0,396,0.0,0.0
2024-07-17 11:32:00+09:00,10780.0,10780.0,10760.0,10760.0,330,0.0,0.0
2024-07-17 11:33:00+09:00,10760.0,10760.0,10760.0,10760.0,449,0.0,0.0
2024-07-17 11:34:00+09:00,10750.0,10750.0,10710.0,10720.0,919,0.0,0.0
2024-07-17 11:35:00+09:00,10720.0,10730.0,10700.0,10730.0,39,0.0,0.0
2024-07-17 11:36:00+09:00,10730.0,10730.0,10730.0,10730.0,58,0.0,0.0
2024-07-17 11:39:00+09:00,10740.0,10740.0,10740.0,10740.0,811,0.0,0.0
2024-07-17 11:40:00+09:00,10730.0,10730.0,10730.0,10730.0,0,0.0,0.0
2024-07-17 11:41:00+09:00,10740.0,10740.0,10730.0,10730.0,94,0.0,0.0
2024-07-17 11:43:00+09:00,10730.0,10730.0,10730.0,10730.0,15,0.0,0.0
2024-07-17 11:46:00+09:00,10720.0,10720.0,10710.0,10710.0,16,0.0,0.0
2024-07-17 11:47:00+09:00,10710.0,10710.0,10690.0,10690.0,547,0.0,0.0
2024-07-17 11:48:00+09:00,10690.0,10730.0,10690.0,10730.0,0,0.0,0.0
2024-07-17 11:49:00+09:00,10690.0,10700.0,10680.0,10700.0,115,0.0,0.0
2024-07-17 11:50:00+09:00,10690.0,10690.0,10690.0,10690.0,97,0.0,0.0
2024-07-17 11:51:00+09:00,10690.0,10720.0,10690.0,10720.0,230,0.0,0.0
2024-07-17 11:53:00+09:00,10710.0,10710.0,10710.0,10710.0,5,0.0,0.0
2024-07-17 11:55:00+09:00,10720.0,10720.0,10720.0,10720.0,0,0.0,0.0
2024-07-17 11:56:00+09:00,10720.0,10720.0,10700.0,10700.0,191,0.0,0.0
2024-07-17 11:57:00+09:00,10710.0,10710.0,10710.0,10710.0,0,0.0,0.0
2024-07-17 11:58:00+09:00,10710.0,10710.0,10700.0,10710.0,371,0.0,0.0
2024-07-17 11:59:00+09:00,10720.0,10720.0,10720.0,10720.0,1,0.0,0.0
2024-07-17 12:01:00+09:00,10710.0,10710.0,10710.0,10710.0,209,0.0,0.0
2024-07-17 12:02:00+09:00,10700.0,10700.0,10700.0,10700.0,0,0.0,0.0
2024-07-17 12:03:00+09:00,10700.0,10710.0,10700.0,10710.0,0,0.0,0.0
2024-07-17 12:04:00+09:00,10700.0,10700.0,10690.0,10690.0,296,0.0,0.0
2024-07-17 12:05:00+09:00,10690.0,10690.0,10680.0,10680.0,2039,0.0,0.0
2024-07-17 12:06:00+09:00,10680.0,10680.0,10680.0,10680.0,0,0.0,0.0
2024-07-17 12:07:00+09:00,10680.0,10680.0,10680.0,10680.0,15,0.0,0.0
2024-07-17 12:10:00+09:00,10680.0,10710.0,10680.0,10710.0,28,0.0,0.0
2024-07-17 12:11:00+09:00,10710.0,10710.0,10710.0,10710.0,220,0.0,0.0
2024-07-17 12:12:00+09:00,10720.0,10720.0,10720.0,10720.0,0,0.0,0.0
2024-07-17 12:13:00+09:00,10680.0,10680.0,10680.0,10680.0,365,0.0,0.0
2024-07-17 12:14:00+09:00,10680.0,10710.0,10680.0,10710.0,0,0.0,0.0
2024-07-17 12:16:00+09:00,10710.0,10710.0,10710.0,10710.0,23,0.0,0.0
2024-07-17 12:17:00+09:00,10710.0,10710.0,10710.0,10710.0,43,0.0,0.0
2024-07-17 12:18:00+09:00,10700.0,10700.0,10700.0,10700.0,0,0.0,0.0
2024-07-17 12:20:00+09:00,10700.0,10720.0,10700.0,10720.0,24,0.0,0.0
2024-07-17 12:22:00+09:00,10720.0,10720.0,10720.0,10720.0,8,0.0,0.0
2024-07-17 12:25:00+09:00,10710.0,10710.0,10710.0,10710.0,6,0.0,0.0
2024-07-17 12:27:00+09:00,10710.0,10710.0,10710.0,10710.0,10,0.0,0.0
2024-07-17 12:28:00+09:00,10690.0,10690.0,10690.0,10690.0,0,0.0,0.0
2024-07-17 12:29:00+09:00,10720.0,10720.0,10680.0,10680.0,137,0.0,0.0
2024-07-17 12:30:00+09:00,10720.0,10720.0,10720.0,10720.0,0,0.0,0.0
2024-07-17 12:32:00+09:00,10720.0,10720.0,10720.0,10720.0,1,0.0,0.0
2024-07-17 12:36:00+09:00,10720.0,10720.0,10720.0,10720.0,860,0.0,0.0
2024-07-17 12:40:00+09:00,10690.0,10690.0,10690.0,10690.0,0,0.0,0.0
2024-07-17 12:41:00+09:00,10690.0,10690.0,10690.0,10690.0,1,0.0,0.0
2024-07-17 12:42:00+09:00,10710.0,10730.0,10710.0,10730.0,882,0.0,0.0
2024-07-17 12:43:00+09:00,10690.0,10690.0,10690.0,10690.0,0,0.0,0.0
2024-07-17 12:44:00+09:00,10690.0,10690.0,10690.0,10690.0,151,0.0,0.0
2024-07-17 12:46:00+09:00,10690.0,10690.0,10690.0,10690.0,0,0.0,0.0
2024-07-17 12:56:00+09:00,10730.0,10730.0,10730.0,10730.0,0,0.0,0.0
2024-07-17 12:58:00+09:00,10730.0,10730.0,10730.0,10730.0,1,0.0,0.0
2024-07-17 13:01:00+09:00,10730.0,10800.0,10730.0,10790.0,430,0.0,0.0
2024-07-17 13:02:00+09:00,10790.0,10790.0,10790.0,10790.0,2,0.0,0.0
2024-07-17 13:03:00+09:00,10760.0,10760.0,10750.0,10750.0,22,0.0,0.0
2024-07-17 13:04:00+09:00,10750.0,10760.0,10750.0,10760.0,4,0.0,0.0
2024-07-17 13:06:00+09:00,10760.0,10760.0,10760.0,10760.0,180,0.0,0.0
2024-07-17 13:08:00+09:00,10760.0,10760.0,10760.0,10760.0,0,0.0,0.0
2024-07-17 13:09:00+09:00,10760.0,10760.0,10760.0,10760.0,351,0.0,0.0
2024-07-17 13:10:00+09:00,10780.0,10780.0,10780.0,10780.0,34,0.0,0.0
2024-07-17 13:11:00+09:00,10790.0,10790.0,10790.0,10790.0,3,0.0,0.0
2024-07-17 13:12:00+09:00,10750.0,10750.0,10750.0,10750.0,1,0.0,0.0
2024-07-17 13:15:00+09:00,10760.0,10760.0,10760.0,10760.0,4,0.0,0.0
2024-07-17 13:16:00+09:00,10780.0,10780.0,10780.0,10780.0,992,0.0,0.0
2024-07-17 13:18:00+09:00,10750.0,10750.0,10750.0,10750.0,0,0.0,0.0
2024-07-17 13:19:00+09:00,10740.0,10740.0,10730.0,10730.0,156,0.0,0.0
2024-07-17 13:21:00+09:00,10730.0,10730.0,10730.0,10730.0,0,0.0,0.0
2024-07-17 13:23:00+09:00,10750.0,10750.0,10750.0,10750.0,23,0.0,0.0
2024-07-17 13:24:00+09:00,10750.0,10800.0,10750.0,10800.0,707,0.0,0.0
2024-07-17 13:26:00+09:00,10800.0,10800.0,10790.0,10790.0,0,0.0,0.0
2024-07-17 13:28:00+09:00,10790.0,10850.0,10790.0,10850.0,985,0.0,0.0
2024-07-17 13:29:00+09:00,10770.0,10840.0,10770.0,10840.0,0,0.0,0.0
2024-07-17 13:30:00+09:00,10840.0,10850.0,10840.0,10840.0,209,0.0,0.0
2024-07-17 13:31:00+09:00,10840.0,10840.0,10800.0,10840.0,108,0.0,0.0
2024-07-17 13:32:00+09:00,10800.0,10800.0,10800.0,10800.0,26,0.0,0.0
2024-07-17 13:33:00+09:00,10790.0,10790.0,10790.0,10790.0,269,0.0,0.0
2024-07-17 13:34:00+09:00,10790.0,10790.0,10780.0,10780.0,135,0.0,0.0
2024-07-17 13:35:00+09:00,10770.0,10800.0,10770.0,10800.0,0,0.0,0.0
2024-07-17 13:36:00+09:00,10780.0,10780.0,10780.0,10780.0,8,0.0,0.0
2024-07-17 13:37:00+09:00,10780.0,10780.0,10780.0,10780.0,0,0.0,0.0
2024-07-17 13:38:00+09:00,10780.0,10780.0,10780.0,10780.0,1,0.0,0.0
2024-07-17 13:39:00+09:00,10790.0,10790.0,10790.0,10790.0,9,0.0,0.0
2024-07-17 13:40:00+09:00,10790.0,10790.0,10790.0,10790.0,18,0.0,0.0
2024-07-17 13:41:00+09:00,10790.0,10800.0,10790.0,10800.0,36,0.0,0.0
2024-07-17 13:42:00+09:00,10800.0,10800.0,10800.0,10800.0,373,0.0,0.0
2024-07-17 13:43:00+09:00,10780.0,10780.0,10770.0,10770.0,53,0.0,0.0
2024-07-17 13:46:00+09:00,10770.0,10770.0,10760.0,10760.0,57,0.0,0.0
2024-07-17 13:47:00+09:00,10760.0,10770.0,10760.0,10770.0,9,0.0,0.0
2024-07-17 13:48:00+09:00,10760.0,10760.0,10760.0,10760.0,2,0.0,0.0
2024-07-17 13:49:00+09:00,10760.0,10760.0,10760.0,10760.0,306,0.0,0.0
2024-07-17 13:50:00+09:00,10770.0,10770.0,10770.0,10770.0,4,0.0,0.0
2024-07-17 13:51:00+09:00,10790.0,10790.0,10790.0,10790.0,0,0.0,0.0
2024-07-17 13:53:00+09:00,10790.0,10800.0,10790.0,10800.0,9,0.0,0.0
2024-07-17 13:54:00+09:00,10790.0,10800.0,10790.0,10800.0,67,0.0,0.0
2024-07-17 13:57:00+09:00,10800.0,10800.0,10800.0,10800.0,56,0.0,0.0
2024-07-17 14:00:00+09:00,10790.0,10800.0,10790.0,10800.0,81,0.0,0.0
2024-07-17 14:01:00+09:00,10800.0,10850.0,10800.0,10850.0,911,0.0,0.0
2024-07-17 14:02:00+09:00,10850.0,10850.0,10850.0,10850.0,0,0.0,0.0
2024-07-17 14:03:00+09:00,10820.0,10820.0,10820.0,10820.0,108,0.0,0.0
2024-07-17 14:04:00+09:00,10820.0,10820.0,10820.0,10820.0,0,0.0,0.0
2024-07-17 14:05:00+09:00,10810.0,10810.0,10790.0,10800.0,32,0.0,0.0
2024-07-17 14:06:00+09:00,10800.0,10800.0,10800.0,10800.0,0,0.0,0.0
2024-07-17 14:11:00+09:00,10810.0,10810.0,10810.0,10810.0,20,0.0,0.0
2024-07-17 14:12:00+09:00,10810.0,10810.0,10810.0,10810.0,0,0.0,0.0
2024-07-17 14:13:00+09:00,10810.0,10810.0,10800.0,10800.0,241,0.0,0.0
2024-07-17 14:14:00+09:00,10800.0,10800.0,10800.0,10800.0,0,0.0,0.0
2024-07-17 14:15:00+09:00,10800.0,10810.0,10800.0,10810.0,82,0.0,0.0
2024-07-17 14:16:00+09:00,10810.0,10810.0,10810.0,10810.0,0,0.0,0.0
2024-07-17 14:17:00+09:00,10820.0,10820.0,10810.0,10810.0,2,0.0,0.0
2024-07-17 14:20:00+09:00,10810.0,10810.0,10810.0,10810.0,9,0.0,0.0
2024-07-17 14:21:00+09:00,10830.0,10830.0,10830.0,10830.0,17,0.0,0.0
2024-07-17 14:23:00+09:00,10830.0,10830.0,10820.0,10820.0,149,0.0,0.0
2024-07-17 14:24:00+09:00,10820.0,10820.0,10810.0,10810.0,300,0.0,0.0
2024-07-17 14:25:00+09:00,10810.0,10820.0,10810.0,10810.0,335,0.0,0.0
2024-07-17 14:26:00+09:00,10820.0,10830.0,10820.0,10830.0,245,0.0,0.0
2024-07-17 14:27:00+09:00,10810.0,10840.0,10810.0,10820.0,452,0.0,0.0
2024-07-17 14:29:00+09:00,10820.0,10830.0,10820.0,10830.0,236,0.0,0.0
2024-07-17 14:30:00+09:00,10820.0,10820.0,10820.0,10820.0,80,0.0,0.0
2024-07-17 14:32:00+09:00,10820.0,10820.0,10820.0,10820.0,729,0.0,0.0
2024-07-17 14:33:00+09:00,10820.0,10820.0,10800.0,10800.0,1494,0.0,0.0
2024-07-17 14:34:00+09:00,10800.0,10800.0,10770.0,10770.0,1390,0.0,0.0
2024-07-17 14:35:00+09:00,10770.0,10800.0,10760.0,10800.0,81,0.0,0.0
2024-07-17 14:36:00+09:00,10760.0,10800.0,10760.0,10800.0,810,0.0,0.0
2024-07-17 14:37:00+09:00,10760.0,10760.0,10750.0,10750.0,93,0.0,0.0
2024-07-17 14:38:00+09:00,10750.0,10750.0,10750.0,10750.0,97,0.0,0.0
2024-07-17 14:39:00+09:00,10750.0,10750.0,10750.0,10750.0,538,0.0,0.0
2024-07-17 14:40:00+09:00,10790.0,10790.0,10750.0,10750.0,85,0.0,0.0
2024-07-17 14:41:00+09:00,10750.0,10790.0,10750.0,10790.0,7,0.0,0.0
2024-07-17 14:42:00+09:00,10790.0,10790.0,10790.0,10790.0,9,0.0,0.0
2024-07-17 14:43:00+09:00,10760.0,10760.0,10750.0,10750.0,534,0.0,0.0
2024-07-17 14:44:00+09:00,10750.0,10750.0,10750.0,10750.0,1031,0.0,0.0
2024-07-17 14:46:00+09:00,10740.0,10740.0,10730.0,10730.0,0,0.0,0.0
2024-07-17 14:47:00+09:00,10740.0,10790.0,10740.0,10790.0,134,0.0,0.0
2024-07-17 14:48:00+09:00,10790.0,10790.0,10790.0,10790.0,0,0.0,0.0
2024-07-17 14:49:00+09:00,10720.0,10720.0,10720.0,10720.0,515,0.0,0.0
2024-07-17 14:50:00+09:00,10710.0,10710.0,10710.0,10710.0,0,0.0,0.0
2024-07-17 14:51:00+09:00,10720.0,10720.0,10720.0,10720.0,1000,0.0,0.0
2024-07-17 14:53:00+09:00,10770.0,10780.0,10720.0,10720.0,0,0.0,0.0
2024-07-17 14:54:00+09:00,10740.0,10780.0,10720.0,10780.0,261,0.0,0.0
2024-07-17 14:55:00+09:00,10720.0,10720.0,10720.0,10720.0,370,0.0,0.0
2024-07-17 14:56:00+09:00,10740.0,10740.0,10720.0,10720.0,0,0.0,0.0
2024-07-17 14:57:00+09:00,10720.0,10720.0,10720.0,10720.0,381,0.0,0.0
2024-07-17 14:58:00+09:00,10720.0,10720.0,10710.0,10710.0,1364,0.0,0.0
2024-07-17 14:59:00+09:00,10700.0,10710.0,10700.0,10710.0,530,0.0,0.0
2024-07-18 09:00:00+09:00,10490.0,10770.0,10490.0,10770.0,1357,0.0,0.0
2024-07-18 09:01:00+09:00,10540.0,10540.0,10530.0,10530.0,266,0.0,0.0
2024-07-18 09:02:00+09:00,10540.0,10580.0,10540.0,10540.0,973,0.0,0.0
2024-07-18 09:03:00+09:00,10580.0,10600.0,10580.0,10600.0,1322,0.0,0.0
2024-07-18 09:04:00+09:00,10550.0,10550.0,10550.0,10550.0,0,0.0,0.0
2024-07-18 09:05:00+09:00,10550.0,10550.0,10500.0,10500.0,1797,0.0,0.0
2024-07-18 09:06:00+09:00,10500.0,10500.0,10500.0,10500.0,180,0.0,0.0
2024-07-18 09:07:00+09:00,10500.0,10510.0,10490.0,10490.0,446,0.0,0.0
2024-07-18 09:08:00+09:00,10480.0,10520.0,10460.0,10520.0,843,0.0,0.0
2024-07-18 09:09:00+09:00,10520.0,10520.0,10460.0,10520.0,153,0.0,0.0
2024-07-18 09:10:00+09:00,10520.0,10520.0,10470.0,10470.0,501,0.0,0.0
2024-07-18 09:11:00+09:00,10470.0,10470.0,10470.0,10470.0,0,0.0,0.0
2024-07-18 09:13:00+09:00,10500.0,10500.0,10460.0,10470.0,1293,0.0,0.0
2024-07-18 09:14:00+09:00,10460.0,10520.0,10460.0,10460.0,98,0.0,0.0
2024-07-18 09:15:00+09:00,10540.0,10560.0,10460.0,10560.0,745,0.0,0.0
2024-07-18 09:16:00+09:00,10560.0,10560.0,10560.0,10560.0,0,0.0,0.0
2024-07-18 09:17:00+09:00,10560.0,10560.0,10490.0,10490.0,72,0.0,0.0
2024-07-18 09:18:00+09:00,10520.0,10520.0,10520.0,10520.0,0,0.0,0.0
2024-07-18 09:19:00+09:00,10490.0,10490.0,10490.0,10490.0,16,0.0,0.0
2024-07-18 09:20:00+09:00,10510.0,10560.0,10510.0,10560.0,586,0.0,0.0
2024-07-18 09:21:00+09:00,10520.0,10520.0,10510.0,10510.0,49,0.0,0.0
2024-07-18 09:22:00+09:00,10570.0,10570.0,10570.0,10570.0,0,0.0,0.0
2024-07-18 09:23:00+09:00,10570.0,10590.0,10570.0,10590.0,279,0.0,0.0
2024-07-18 09:24:00+09:00,10590.0,10590.0,10590.0,10590.0,20,0.0,0.0
2024-07-18 09:25:00+09:00,10590.0,10600.0,10590.0,10600.0,49,0.0,0.0
2024-07-18 09:26:00+09:00,10600.0,10620.0,10600.0,10620.0,445,0.0,0.0
2024-07-18 09:27:00+09:00,10680.0,10680.0,10680.0,10680.0,6,0.0,0.0
2024-07-18 09:28:00+09:00,10610.0,10620.0,10600.0,10620.0,672,0.0,0.0
2024-07-18 09:30:00+09:00,10590.0,10610.0,10580.0,10610.0,0,0.0,0.0
2024-07-18 09:31:00+09:00,10610.0,10630.0,10610.0,10630.0,350,0.0,0.0
2024-07-18 09:33:00+09:00,10630.0,10630.0,10600.0,10600.0,2,0.0,0.0
2024-07-18 09:35:00+09:00,10630.0,10630.0,10620.0,10630.0,203,0.0,0.0
2024-07-18 09:36:00+09:00,10630.0,10630.0,10610.0,10620.0,411,0.0,0.0
2024-07-18 09:37:00+09:00,10620.0,10650.0,10620.0,10650.0,292,0.0,0.0
2024-07-18 09:38:00+09:00,10650.0,10670.0,10630.0,10630.0,233,0.0,0.0
2024-07-18 09:39:00+09:00,10630.0,10630.0,10620.0,10620.0,153,0.0,0.0
2024-07-18 09:40:00+09:00,10630.0,10630.0,10620.0,10620.0,0,0.0,0.0
2024-07-18 09:42:00+09:00,10630.0,10630.0,10630.0,10630.0,0,0.0,0.0
2024-07-18 09:44:00+09:00,10630.0,10630.0,10620.0,10620.0,359,0.0,0.0
2024-07-18 09:45:00+09:00,10650.0,10650.0,10650.0,10650.0,3,0.0,0.0
2024-07-18 09:46:00+09:00,10650.0,10650.0,10650.0,10650.0,0,0.0,0.0
2024-07-18 09:47:00+09:00,10650.0,10650.0,10650.0,10650.0,41,0.0,0.0
2024-07-18 09:48:00+09:00,10650.0,10660.0,10650.0,10660.0,10,0.0,0.0
2024-07-18 09:49:00+09:00,10660.0,10660.0,10660.0,10660.0,1,0.0,0.0
2024-07-18 09:50:00+09:00,10640.0,10640.0,10640.0,10640.0,89,0.0,0.0
2024-07-18 09:51:00+09:00,10650.0,10650.0,10640.0,10640.0,692,0.0,0.0
2024-07-18 09:53:00+09:00,10640.0,10640.0,10640.0,10640.0,0,0.0,0.0
2024-07-18 09:55:00+09:00,10650.0,10650.0,10650.0,10650.0,0,0.0,0.0
2024-07-18 09:56:00+09:00,10640.0,10650.0,10620.0,10650.0,971,0.0,0.0
2024-07-18 09:57:00+09:00,10650.0,10650.0,10630.0,10630.0,4,0.0,0.0
2024-07-18 09:59:00+09:00,10640.0,10640.0,10640.0,10640.0,109,0.0,0.0
2024-07-18 10:00:00+09:00,10640.0,10640.0,10640.0,10640.0,21,0.0,0.0
2024-07-18 10:01:00+09:00,10650.0,10650.0,10650.0,10650.0,0,0.0,0.0
2024-07-18 10:02:00+09:00,10650.0,10650.0,10650.0,10650.0,49,0.0,0.0
2024-07-18 10:03:00+09:00,10640.0,10650.0,10620.0,10650.0,1270,0.0,0.0
2024-07-18 10:04:00+09:00,10650.0,10660.0,10650.0,10660.0,1,0.0,0.0
2024-07-18 10:05:00+09:00,10650.0,10650.0,10650.0,10650.0,13,0.0,0.0
2024-07-18 10:06:00+09:00,10650.0,10650.0,10650.0,10650.0,73,0.0,0.0
2024-07-18 10:13:00+09:00,10650.0,10650.0,10650.0,10650.0,0,0.0,0.0
2024-07-18 10:14:00+09:00,10650.0,10650.0,10650.0,10650.0,10,0.0,0.0
2024-07-18 10:15:00+09:00,10650.0,10650.0,10650.0,10650.0,202,0.0,0.0
2024-07-18 10:18:00+09:00,10650.0,10660.0,10650.0,10660.0,315,0.0,0.0
2024-07-18 10:19:00+09:00,10660.0,10660.0,10660.0,10660.0,0,0.0,0.0
2024-07-18 10:20:00+09:00,10660.0,10660.0,10660.0,10660.0,49,0.0,0.0
2024-07-18 10:23:00+09:00,10660.0,10660.0,10660.0,10660.0,38,0.0,0.0
2024-07-18 10:24:00+09:00,10670.0,10670.0,10670.0,10670.0,401,0.0,0.0
2024-07-18 10:25:00+09:00,10670.0,10680.0,10670.0,10680.0,181,0.0,0.0
2024-07-18 10:26:00+09:00,10690.0,10690.0,10690.0,10690.0,39,0.0,0.0
2024-07-18 10:27:00+09:00,10690.0,10690.0,10690.0,10690.0,0,0.0,0.0
2024-07-18 10:28:00+09:00,10680.0,10680.0,10680.0,10680.0,25,0.0,0.0
2024-07-18 10:29:00+09:00,10680.0,10680.0,10680.0,10680.0,49,0.0,0.0
2024-07-18 10:30:00+09:00,10680.0,10680.0,10680.0,10680.0,46,0.0,0.0
2024-07-18 10:31:00+09:00,10680.0,10680.0,10680.0,10680.0,0,0.0,0.0
2024-07-18 10:33:00+09:00,10680.0,10700.0,10680.0,10700.0,154,0.0,0.0
2024-07-18 10:35:00+09:00,10700.0,10700.0,10700.0,10700.0,0,0.0,0.0
2024-07-18 10:37:00+09:00,10700.0,10700.0,10700.0,10700.0,120,0.0,0.0
2024-07-18 10:38:00+09:00,10700.0,10700.0,10690.0,10690.0,117,0.0,0.0
2024-07-18 10:39:00+09:00,10670.0,10670.0,10660.0,10660.0,291,0.0,0.0
2024-07-18 10:40:00+09:00,10660.0,10660.0,10660.0,10660.0,0,0.0,0.0
2024-07-18 10:41:00+09:00,10690.0,10690.0,10690.0,10690.0,0,0.0,0.0
2024-07-18 10:42:00+09:00,10700.0,10750.0,10700.0,10750.0,874,0.0,0.0
2024-07-18 10:43:00+09:00,10750.0,10750.0,10750.0,10750.0,2,0.0,0.0
2024-07-18 10:44:00+09:00,10750.0,10750.0,10750.0,10750.0,38,0.0,0.0
2024-07-18 10:45:00+09:00,10750.0,10770.0,10750.0,10770.0,59,0.0,0.0
2024-07-18 10:46:00+09:00,10770.0,10850.0,10770.0,10850.0,2670,0.0,0.0
2024-07-18 10:47:00+09:00,10850.0,10890.0,10840.0,10890.0,344,0.0,0.0
2024-07-18 10:48:00+09:00,10870.0,10870.0,10870.0,10870.0,0,0.0,0.0
2024-07-18 10:49:00+09:00,10870.0,10870.0,10870.0,10870.0,570,0.0,0.0
2024-07-18 10:50:00+09:00,10870.0,10870.0,10870.0,10870.0,0,0.0,0.0
2024-07-18 10:51:00+09:00,10870.0,10870.0,10780.0,10780.0,58,0.0,0.0
2024-07-18 10:52:00+09:00,10780.0,10780.0,10780.0,10780.0,2000,0.0,0.0
2024-07-18 10:53:00+09:00,10780.0,10780.0,10750.0,10750.0,696,0.0,0.0
2024-07-18 10:54:00+09:00,10750.0,10750.0,10730.0,10730.0,0,0.0,0.0
2024-07-18 10:55:00+09:00,10730.0,10740.0,10730.0,10740.0,104,0.0,0.0
2024-07-18 10:57:00+09:00,10730.0,10730.0,10730.0,10730.0,61,0.0,0.0
2024-07-18 10:58:00+09:00,10740.0,10740.0,10740.0,10740.0,119,0.0,0.0
2024-07-18 10:59:00+09:00,10720.0,10720.0,10720.0,10720.0,0,0.0,0.0
2024-07-18 11:00:00+09:00,10720.0,10740.0,10720.0,10740.0,0,0.0,0.0
2024-07-18 11:04:00+09:00,10740.0,10740.0,10710.0,10710.0,161,0.0,0.0
2024-07-18 11:05:00+09:00,10730.0,10730.0,10710.0,10720.0,0,0.0,0.0
2024-07-18 11:06:00+09:00,10710.0,10710.0,10710.0,10710.0,58,0.0,0.0
2024-07-18 11:07:00+09:00,10720.0,10720.0,10720.0,10720.0,0,0.0,0.0
2024-07-18 11:09:00+09:00,10710.0,10710.0,10710.0,10710.0,5,0.0,0.0
2024-07-18 11:10:00+09:00,10710.0,10720.0,10710.0,10720.0,169,0.0,0.0
2024-07-18 11:11:00+09:00,10710.0,10710.0,10700.0,10700.0,616,0.0,0.0
2024-07-18 11:12:00+09:00,10700.0,10700.0,10700.0,10700.0,0,0.0,0.0
2024-07-18 11:13:00+09:00,10700.0,10700.0,10690.0,10690.0,78,0.0,0.0
2024-07-18 11:14:00+09:00,10680.0,10680.0,10670.0,10670.0,0,0.0,0.0
2024-07-18 11:15:00+09:00,10660.0,10670.0,10660.0,10670.0,100,0.0,0.0
2024-07-18 11:16:00+09:00,10660.0,10660.0,10660.0,10660.0,47,0.0,0.0
2024-07-18 11:17:00+09:00,10680.0,10680.0,10680.0,10680.0,0,0.0,0.0
2024-07-18 11:18:00+09:00,10680.0,10680.0,10680.0,10680.0,2,0.0,0.0
2024-07-18 11:19:00+09:00,10670.0,10670.0,10660.0,10670.0,18,0.0,0.0
2024-07-18 11:20:00+09:00,10660.0,10670.0,10650.0,10650.0,190,0.0,0.0
2024-07-18 11:21:00+09:00,10650.0,10660.0,10630.0,10630.0,207,0.0,0.0
2024-07-18 11:22:00+09:00,10640.0,10640.0,10630.0,10630.0,10,0.0,0.0
2024-07-18 11:23:00+09:00,10630.0,10630.0,10630.0,10630.0,5,0.0,0.0
2024-07-18 11:24:00+09:00,10640.0,10640.0,10610.0,10610.0,694,0.0,0.0
2024-07-18 11:25:00+09:00,10600.0,10610.0,10580.0,10580.0,438,0.0,0.0
2024-07-18 11:26:00+09:00,10580.0,10580.0,10580.0,10580.0,11,0.0,0.0
2024-07-18 11:27:00+09:00,10580.0,10580.0,10580.0,10580.0,8,0.0,0.0
2024-07-18 11:28:00+09:00,10580.0,10580.0,10580.0,10580.0,5,0.0,0.0
2024-07-18 11:29:00+09:00,10580.0,10610.0,10580.0,10610.0,277,0.0,0.0
2024-07-18 11:30:00+09:00,10580.0,10580.0,10580.0,10580.0,0,0.0,0.0
2024-07-18 11:31:00+09:00,10580.0,10580.0,10580.0,10580.0,5,0.0,0.0
2024-07-18 11:32:00+09:00,10580.0,10600.0,10580.0,10580.0,37,0.0,0.0
2024-07-18 11:33:00+09:00,10580.0,10600.0,10580.0,10600.0,71,0.0,0.0
2024-07-18 11:34:00+09:00,10600.0,10600.0,10600.0,10600.0,0,0.0,0.0
2024-07-18 11:35:00+09:00,10590.0,10590.0,10590.0,10590.0,3,0.0,0.0
2024-07-18 11:36:00+09:00,10590.0,10590.0,10590.0,10590.0,289,0.0,0.0
2024-07-18 11:37:00+09:00,10590.0,10590.0,10590.0,10590.0,3,0.0,0.0
2024-07-18 11:38:00+09:00,10590.0,10590.0,10590.0,10590.0,10,0.0,0.0
2024-07-18 11:39:00+09:00,10610.0,10670.0,10610.0,10670.0,299,0.0,0.0
2024-07-18 11:40:00+09:00,10630.0,10650.0,10600.0,10600.0,0,0.0,0.0
2024-07-18 11:41:00+09:00,10600.0,10620.0,10600.0,10620.0,16,0.0,0.0
2024-07-18 11:42:00+09:00,10620.0,10620.0,10620.0,10620.0,19,0.0,0.0
2024-07-18 11:43:00+09:00,10620.0,10620.0,10620.0,10620.0,13,0.0,0.0
2024-07-18 11:44:00+09:00,10600.0,10600.0,10600.0,10600.0,0,0.0,0.0
2024-07-18 11:45:00+09:00,10600.0,10600.0,10590.0,10600.0,14,0.0,0.0
2024-07-18 11:46:00+09:00,10600.0,10600.0,10590.0,10590.0,42,0.0,0.0
2024-07-18 11:47:00+09:00,10590.0,10590.0,10590.0,10590.0,1,0.0,0.0
2024-07-18 11:48:00+09:00,10590.0,10590.0,10590.0,10590.0,4,0.0,0.0
2024-07-18 11:49:00+09:00,10590.0,10590.0,10590.0,10590.0,3,0.0,0.0
2024-07-18 11:51:00+09:00,10600.0,10600.0,10600.0,10600.0,1,0.0,0.0
2024-07-18 11:52:00+09:00,10600.0,10600.0,10600.0,10600.0,2,0.0,0.0
2024-07-18 11:53:00+09:00,10600.0,10600.0,10600.0,10600.0,4,0.0,0.0
2024-07-18 11:54:00+09:00,10600.0,10640.0,10600.0,10640.0,92,0.0,0.0
2024-07-18 11:55:00+09:00,10640.0,10640.0,10640.0,10640.0,46,0.0,0.0
2024-07-18 11:56:00+09:00,10600.0,10600.0,10590.0,10600.0,1985,0.0,0.0
2024-07-18 11:57:00+09:00,10600.0,10600.0,10600.0,10600.0,2,0.0,0.0
2024-07-18 11:58:00+09:00,10620.0,10620.0,10620.0,10620.0,3,0.0,0.0
2024-07-18 11:59:00+09:00,10610.0,10610.0,10610.0,10610.0,2,0.0,0.0
2024-07-18 12:00:00+09:00,10600.0,10600.0,10600.0,10600.0,4,0.0,0.0
2024-07-18 12:01:00+09:00,10600.0,10600.0,10600.0,10600.0,13,0.0,0.0
2024-07-18 12:02:00+09:00,10600.0,10600.0,10600.0,10600.0,1,0.0,0.0
2024-07-18 12:03:00+09:00,10600.0,10600.0,10600.0,10600.0,2,0.0,0.0
2024-07-18 12:04:00+09:00,10600.0,10600.0,10600.0,10600.0,4,0.0,0.0
2024-07-18 12:05:00+09:00,10600.0,10600.0,10600.0,10600.0,1,0.0,0.0
2024-07-18 12:06:00+09:00,10600.0,10600.0,10600.0,10600.0,0,0.0,0.0
2024-07-18 12:07:00+09:00,10600.0,10600.0,10600.0,10600.0,3,0.0,0.0
2024-07-18 12:09:00+09:00,10610.0,10610.0,10610.0,10610.0,4,0.0,0.0
2024-07-18 12:10:00+09:00,10610.0,10610.0,10610.0,10610.0,24,0.0,0.0
2024-07-18 12:11:00+09:00,10610.0,10610.0,10610.0,10610.0,0,0.0,0.0
2024-07-18 12:12:00+09:00,10610.0,10610.0,10610.0,10610.0,4,0.0,0.0
2024-07-18 12:13:00+09:00,10660.0,10660.0,10660.0,10660.0,0,0.0,0.0
2024-07-18 12:15:00+09:00,10640.0,10640.0,10640.0,10640.0,19,0.0,0.0
2024-07-18 12:16:00+09:00,10640.0,10640.0,10640.0,10640.0,2,0.0,0.0
2024-07-18 12:17:00+09:00,10610.0,10610.0,10610.0,10610.0,118,0.0,0.0
2024-07-18 12:18:00+09:00,10610.0,10610.0,10600.0,10600.0,773,0.0,0.0
2024-07-18 12:19:00+09:00,10600.0,10600.0,10600.0,10600.0,0,0.0,0.0
2024-07-18 12:20:00+09:00,10600.0,10600.0,10600.0,10600.0,3,0.0,0.0
2024-07-18 12:21:00+09:00,10600.0,10600.0,10600.0,10600.0,1,0.0,0.0
2024-07-18 12:22:00+09:00,10610.0,10610.0,10610.0,10610.0,2,0.0,0.0
2024-07-18 12:23:00+09:00,10600.0,10600.0,10600.0,10600.0,262,0.0,0.0
2024-07-18 12:24:00+09:00,10600.0,10600.0,10600.0,10600.0,0,0.0,0.0
2024-07-18 12:25:00+09:00,10600.0,10600.0,10600.0,10600.0,0,0.0,0.0
2024-07-18 12:26:00+09:00,10600.0,10600.0,10600.0,10600.0,212,0.0,0.0
2024-07-18 12:27:00+09:00,10600.0,10600.0,10600.0,10600.0,0,0.0,0.0
2024-07-18 12:28:00+09:00,10600.0,10600.0,10600.0,10600.0,2,0.0,0.0
2024-07-18 12:29:00+09:00,10600.0,10650.0,10600.0,10650.0,56,0.0,0.0
2024-07-18 12:30:00+09:00,10650.0,10650.0,10650.0,10650.0,0,0.0,0.0
2024-07-18 12:31:00+09:00,10650.0,10650.0,10640.0,10640.0,6,0.0,0.0
2024-07-18 12:33:00+09:00,10610.0,10610.0,10600.0,10610.0,34,0.0,0.0
2024-07-18 12:34:00+09:00,10610.0,10610.0,10610.0,10610.0,7,0.0,0.0
2024-07-18 12:37:00+09:00,10600.0,10610.0,10600.0,10610.0,23,0.0,0.0
2024-07-18 12:38:00+09:00,10610.0,10610.0,10610.0,10610.0,44,0.0,0.0
2024-07-18 12:39:00+09:00,10600.0,10600.0,10600.0,10600.0,0,0.0,0.0
2024-07-18 12:40:00+09:00,10600.0,10600.0,10600.0,10600.0,4,0.0,0.0
2024-07-18 12:41:00+09:00,10600.0,10600.0,10600.0,10600.0,471,0.0,0.0
2024-07-18 12:42:00+09:00,10600.0,10600.0,10600.0,10600.0,725,0.0,0.0
2024-07-18 12:43:00+09:00,10600.0,10600.0,10600.0,10600.0,0,0.0,0.0
2024-07-18 12:44:00+09:00,10600.0,10700.0,10600.0,10700.0,851,0.0,0.0
2024-07-18 12:45:00+09:00,10700.0,10700.0,10700.0,10700.0,0,0.0,0.0
2024-07-18 12:46:00+09:00,10700.0,10700.0,10700.0,10700.0,0,0.0,0.0
2024-07-18 12:47:00+09:00,10700.0,10700.0,10700.0,10700.0,339,0.0,0.0
2024-07-18 12:50:00+09:00,10660.0,10660.0,10610.0,10610.0,0,0.0,0.0
2024-07-18 12:51:00+09:00,10620.0,10620.0,10620.0,10620.0,4,0.0,0.0
2024-07-18 12:52:00+09:00,10620.0,10620.0,10620.0,10620.0,5,0.0,0.0
2024-07-18 12:53:00+09:00,10620.0,10620.0,10620.0,10620.0,4,0.0,0.0
2024-07-18 12:54:00+09:00,10620.0,10620.0,10620.0,10620.0,2,0.0,0.0
2024-07-18 12:55:00+09:00,10620.0,10620.0,10620.0,10620.0,5,0.0,0.0
2024-07-18 12:56:00+09:00,10620.0,10620.0,10620.0,10620.0,2,0.0,0.0
2024-07-18 12:57:00+09:00,10620.0,10620.0,10620.0,10620.0,2,0.0,0.0
2024-07-18 12:58:00+09:00,10620.0,10620.0,10620.0,10620.0,102,0.0,0.0
2024-07-18 13:00:00+09:00,10620.0,10620.0,10620.0,10620.0,2,0.0,0.0
2024-07-18 13:01:00+09:00,10630.0,10630.0,10620.0,10620.0,168,0.0,0.0
2024-07-18 13:03:00+09:00,10650.0,10650.0,10650.0,10650.0,105,0.0,0.0
2024-07-18 13:05:00+09:00,10660.0,10660.0,10660.0,10660.0,0,0.0,0.0
2024-07-18 13:07:00+09:00,10660.0,10660.0,10660.0,10660.0,399,0.0,0.0
2024-07-18 13:08:00+09:00,10650.0,10650.0,10650.0,10650.0,0,0.0,0.0
2024-07-18 13:12:00+09:00,10660.0,10660.0,10660.0,10660.0,122,0.0,0.0
2024-07-18 13:13:00+09:00,10660.0,10660.0,10660.0,10660.0,217,0.0,0.0
2024-07-18 13:17:00+09:00,10660.0,10750.0,10660.0,10750.0,893,0.0,0.0
2024-07-18 13:23:00+09:00,10730.0,10730.0,10730.0,10730.0,382,0.0,0.0
2024-07-18 13:27:00+09:00,10670.0,10670.0,10670.0,10670.0,0,0.0,0.0
2024-07-18 13:28:00+09:00,10670.0,10670.0,10670.0,10670.0,0,0.0,0.0
2024-07-18 13:32:00+09:00,10650.0,10650.0,10650.0,10650.0,22,0.0,0.0
2024-07-18 13:33:00+09:00,10650.0,10650.0,10650.0,10650.0,266,0.0,0.0
2024-07-18 13:34:00+09:00,10650.0,10650.0,10650.0,10650.0,0,0.0,0.0
2024-07-18 13:36:00+09:00,10630.0,10630.0,10630.0,10630.0,159,0.0,0.0
2024-07-18 13:40:00+09:00,10630.0,10650.0,10630.0,10650.0,0,0.0,0.0
2024-07-18 13:45:00+09:00,10640.0,10640.0,10640.0,10640.0,12,0.0,0.0
2024-07-18 13:47:00+09:00,10630.0,10650.0,10630.0,10630.0,727,0.0,0.0
2024-07-18 13:48:00+09:00,10620.0,10620.0,10620.0,10620.0,105,0.0,0.0
2024-07-18 13:49:00+09:00,10610.0,10610.0,10610.0,10610.0,8,0.0,0.0
2024-07-18 13:51:00+09:00,10650.0,10650.0,10650.0,10650.0,0,0.0,0.0
2024-07-18 13:53:00+09:00,10650.0,10650.0,10650.0,10650.0,59,0.0,0.0
2024-07-18 13:55:00+09:00,10650.0,10650.0,10650.0,10650.0,476,0.0,0.0
2024-07-18 13:57:00+09:00,10630.0,10660.0,10630.0,10660.0,0,0.0,0.0
2024-07-18 13:59:00+09:00,10650.0,10650.0,10630.0,10640.0,6,0.0,0.0
2024-07-18 14:01:00+09:00,10640.0,10640.0,10640.0,10640.0,59,0.0,0.0
2024-07-18 14:03:00+09:00,10630.0,10630.0,10620.0,10620.0,38,0.0,0.0
2024-07-18 14:04:00+09:00,10620.0,10620.0,10620.0,10620.0,0,0.0,0.0
2024-07-18 14:05:00+09:00,10620.0,10620.0,10620.0,10620.0,105,0.0,0.0
2024-07-18 14:06:00+09:00,10620.0,10620.0,10620.0,10620.0,123,0.0,0.0
2024-07-18 14:08:00+09:00,10610.0,10610.0,10610.0,10610.0,128,0.0,0.0
2024-07-18 14:09:00+09:00,10610.0,10610.0,10610.0,10610.0,0,0.0,0.0
2024-07-18 14:11:00+09:00,10610.0,10710.0,10600.0,10710.0,458,0.0,0.0
2024-07-18 14:12:00+09:00,10700.0,10700.0,10700.0,10700.0,61,0.0,0.0
2024-07-18 14:13:00+09:00,10620.0,10620.0,10620.0,10620.0,5,0.0,0.0
2024-07-18 14:16:00+09:00,10620.0,10620.0,10620.0,10620.0,65,0.0,0.0
2024-07-18 14:19:00+09:00,10620.0,10620.0,10620.0,10620.0,66,0.0,0.0
2024-07-18 14:21:00+09:00,10690.0,10690.0,10690.0,10690.0,6,0.0,0.0
2024-07-18 14:24:00+09:00,10670.0,10670.0,10670.0,10670.0,28,0.0,0.0
2024-07-18 14:26:00+09:00,10660.0,10660.0,10660.0,10660.0,13,0.0,0.0
2024-07-18 14:31:00+09:00,10640.0,10640.0,10630.0,10630.0,82,0.0,0.0
2024-07-18 14:32:00+09:00,10650.0,10650.0,10650.0,10650.0,305,0.0,0.0
2024-07-18 14:33:00+09:00,10650.0,10650.0,10650.0,10650.0,0,0.0,0.0
2024-07-18 14:34:00+09:00,10630.0,10630.0,10630.0,10630.0,171,0.0,0.0
2024-07-18 14:35:00+09:00,10630.0,10640.0,10630.0,10640.0,0,0.0,0.0
2024-07-18 14:36:00+09:00,10640.0,10640.0,10640.0,10640.0,93,0.0,0.0
2024-07-18 14:37:00+09:00,10650.0,10650.0,10650.0,10650.0,0,0.0,0.0
2024-07-18 14:43:00+09:00,10640.0,10640.0,10640.0,10640.0,85,0.0,0.0
2024-07-18 14:47:00+09:00,10660.0,10660.0,10660.0,10660.0,533,0.0,0.0
2024-07-18 14:50:00+09:00,10640.0,10640.0,10640.0,10640.0,815,0.0,0.0
2024-07-18 14:53:00+09:00,10640.0,10660.0,10640.0,10660.0,0,0.0,0.0
2024-07-18 14:54:00+09:00,10660.0,10660.0,10660.0,10660.0,7,0.0,0.0
2024-07-18 14:55:00+09:00,10640.0,10640.0,10640.0,10640.0,795,0.0,0.0
2024-07-18 14:57:00+09:00,10640.0,10640.0,10640.0,10640.0,0,0.0,0.0
2024-07-18 14:58:00+09:00,10640.0,10640.0,10640.0,10640.0,34,0.0,0.0
2024-07-19 09:00:00+09:00,10500.0,10580.0,10500.0,10500.0,586,0.0,0.0
2024-07-19 09:01:00+09:00,10500.0,10580.0,10500.0,10500.0,447,0.0,0.0
2024-07-19 09:02:00+09:00,10580.0,10580.0,10580.0,10580.0,192,0.0,0.0
2024-07-19 09:03:00+09:00,10570.0,10580.0,10570.0,10580.0,153,0.0,0.0
2024-07-19 09:04:00+09:00,10520.0,10580.0,10520.0,10580.0,236,0.0,0.0
2024-07-19 09:05:00+09:00,10560.0,10600.0,10560.0,10600.0,271,0.0,0.0
2024-07-19 09:06:00+09:00,10680.0,10800.0,10680.0,10800.0,365,0.0,0.0
2024-07-19 09:07:00+09:00,10790.0,10800.0,10790.0,10800.0,1345,0.0,0.0
2024-07-19 09:08:00+09:00,10790.0,10790.0,10790.0,10790.0,0,0.0,0.0
2024-07-19 09:09:00+09:00,10790.0,10790.0,10730.0,10730.0,29,0.0,0.0
2024-07-19 09:10:00+09:00,10720.0,10730.0,10720.0,10730.0,94,0.0,0.0
2024-07-19 09:11:00+09:00,10730.0,10730.0,10700.0,10720.0,422,0.0,0.0
2024-07-19 09:12:00+09:00,10750.0,10750.0,10730.0,10740.0,158,0.0,0.0
2024-07-19 09:13:00+09:00,10740.0,10760.0,10740.0,10750.0,0,0.0,0.0
2024-07-19 09:14:00+09:00,10720.0,10720.0,10620.0,10620.0,52,0.0,0.0
2024-07-19 09:15:00+09:00,10680.0,10720.0,10680.0,10720.0,40,0.0,0.0
2024-07-19 09:16:00+09:00,10640.0,10640.0,10640.0,10640.0,19,0.0,0.0
2024-07-19 09:17:00+09:00,10650.0,10650.0,10630.0,10630.0,316,0.0,0.0
2024-07-19 09:18:00+09:00,10630.0,10630.0,10630.0,10630.0,25,0.0,0.0
2024-07-19 09:19:00+09:00,10690.0,10700.0,10690.0,10700.0,21,0.0,0.0
2024-07-19 09:20:00+09:00,10640.0,10640.0,10630.0,10630.0,83,0.0,0.0
2024-07-19 09:21:00+09:00,10630.0,10630.0,10630.0,10630.0,352,0.0,0.0
2024-07-19 09:22:00+09:00,10630.0,10630.0,10590.0,10590.0,385,0.0,0.0
2024-07-19 09:23:00+09:00,10590.0,10650.0,10590.0,10650.0,16,0.0,0.0
2024-07-19 09:24:00+09:00,10640.0,10640.0,10590.0,10590.0,50,0.0,0.0
2024-07-19 09:25:00+09:00,10590.0,10590.0,10550.0,10550.0,632,0.0,0.0
2024-07-19 09:26:00+09:00,10550.0,10580.0,10540.0,10540.0,285,0.0,0.0
2024-07-19 09:27:00+09:00,10540.0,10540.0,10540.0,10540.0,204,0.0,0.0
2024-07-19 09:28:00+09:00,10540.0,10540.0,10540.0,10540.0,0,0.0,0.0
2024-07-19 09:29:00+09:00,10540.0,10540.0,10540.0,10540.0,195,0.0,0.0
2024-07-19 09:30:00+09:00,10540.0,10540.0,10540.0,10540.0,0,0.0,0.0
2024-07-19 09:31:00+09:00,10540.0,10540.0,10540.0,10540.0,17,0.0,0.0
2024-07-19 09:32:00+09:00,10560.0,10590.0,10540.0,10590.0,20,0.0,0.0
2024-07-19 09:33:00+09:00,10540.0,10590.0,10540.0,10570.0,294,0.0,0.0
2024-07-19 09:34:00+09:00,10580.0,10590.0,10580.0,10590.0,4,0.0,0.0
2024-07-19 09:35:00+09:00,10560.0,10560.0,10540.0,10540.0,51,0.0,0.0
2024-07-19 09:36:00+09:00,10580.0,10580.0,10580.0,10580.0,2,0.0,0.0
2024-07-19 09:37:00+09:00,10570.0,10570.0,10540.0,10540.0,65,0.0,0.0
2024-07-19 09:38:00+09:00,10540.0,10590.0,10540.0,10590.0,47,0.0,0.0
2024-07-19 09:39:00+09:00,10590.0,10590.0,10590.0,10590.0,0,0.0,0.0
2024-07-19 09:40:00+09:00,10540.0,10540.0,10540.0,10540.0,53,0.0,0.0
2024-07-19 09:41:00+09:00,10540.0,10540.0,10540.0,10540.0,190,0.0,0.0
2024-07-19 09:42:00+09:00,10570.0,10580.0,10570.0,10580.0,0,0.0,0.0
2024-07-19 09:43:00+09:00,10540.0,10540.0,10540.0,10540.0,19,0.0,0.0
2024-07-19 09:45:00+09:00,10520.0,10520.0,10510.0,10520.0,2237,0.0,0.0
2024-07-19 09:46:00+09:00,10550.0,10550.0,10520.0,10520.0,284,0.0,0.0
2024-07-19 09:47:00+09:00,10520.0,10520.0,10520.0,10520.0,0,0.0,0.0
2024-07-19 09:48:00+09:00,10530.0,10530.0,10510.0,10510.0,412,0.0,0.0
2024-07-19 09:49:00+09:00,10510.0,10510.0,10510.0,10510.0,0,0.0,0.0
2024-07-19 09:50:00+09:00,10510.0,10630.0,10420.0,10630.0,661,0.0,0.0
2024-07-19 09:51:00+09:00,10620.0,10620.0,10610.0,10620.0,100,0.0,0.0
2024-07-19 09:52:00+09:00,10500.0,10500.0,10500.0,10500.0,246,0.0,0.0
2024-07-19 09:53:00+09:00,10490.0,10530.0,10490.0,10530.0,141,0.0,0.0
2024-07-19 09:54:00+09:00,10530.0,10580.0,10530.0,10580.0,31,0.0,0.0
2024-07-19 09:55:00+09:00,10500.0,10590.0,10500.0,10590.0,24,0.0,0.0
2024-07-19 09:56:00+09:00,10580.0,10590.0,10580.0,10590.0,194,0.0,0.0
2024-07-19 09:57:00+09:00,10590.0,10590.0,10520.0,10520.0,0,0.0,0.0
2024-07-19 09:58:00+09:00,10570.0,10570.0,10570.0,10570.0,0,0.0,0.0
2024-07-19 09:59:00+09:00,10520.0,10570.0,10490.0,10490.0,629,0.0,0.0
2024-07-19 10:00:00+09:00,10490.0,10490.0,10490.0,10490.0,89,0.0,0.0
2024-07-19 10:01:00+09:00,10480.0,10560.0,10480.0,10560.0,177,0.0,0.0
2024-07-19 10:02:00+09:00,10560.0,10560.0,10490.0,10490.0,87,0.0,0.0
2024-07-19 10:03:00+09:00,10490.0,10530.0,10480.0,10530.0,21,0.0,0.0
2024-07-19 10:04:00+09:00,10530.0,10530.0,10480.0,10480.0,18,0.0,0.0
2024-07-19 10:05:00+09:00,10520.0,10520.0,10510.0,10520.0,0,0.0,0.0
2024-07-19 10:06:00+09:00,10500.0,10510.0,10500.0,10510.0,123,0.0,0.0
2024-07-19 10:07:00+09:00,10490.0,10520.0,10490.0,10490.0,17,0.0,0.0
2024-07-19 10:09:00+09:00,10490.0,10500.0,10490.0,10490.0,70,0.0,0.0
2024-07-19 10:10:00+09:00,10500.0,10500.0,10500.0,10500.0,0,0.0,0.0
2024-07-19 10:11:00+09:00,10510.0,10510.0,10510.0,10510.0,38,0.0,0.0
2024-07-19 10:12:00+09:00,10500.0,10500.0,10500.0,10500.0,0,0.0,0.0
2024-07-19 10:13:00+09:00,10510.0,10530.0,10490.0,10490.0,629,0.0,0.0
2024-07-19 10:14:00+09:00,10500.0,10500.0,10480.0,10480.0,1378,0.0,0.0
2024-07-19 10:15:00+09:00,10480.0,10480.0,10460.0,10460.0,157,0.0,0.0
2024-07-19 10:16:00+09:00,10450.0,10450.0,10420.0,10430.0,693,0.0,0.0
2024-07-19 10:17:00+09:00,10470.0,10510.0,10420.0,10510.0,366,0.0,0.0
2024-07-19 10:18:00+09:00,10450.0,10450.0,10450.0,10450.0,5,0.0,0.0
2024-07-19 10:19:00+09:00,10450.0,10450.0,10450.0,10450.0,48,0.0,0.0
2024-07-19 10:20:00+09:00,10420.0,10420.0,10420.0,10420.0,61,0.0,0.0
2024-07-19 10:21:00+09:00,10460.0,10460.0,10420.0,10420.0,11,0.0,0.0
2024-07-19 10:22:00+09:00,10420.0,10450.0,10420.0,10450.0,6,0.0,0.0
2024-07-19 10:23:00+09:00,10460.0,10470.0,10460.0,10470.0,26,0.0,0.0
2024-07-19 10:24:00+09:00,10470.0,10470.0,10470.0,10470.0,8,0.0,0.0
2024-07-19 10:25:00+09:00,10460.0,10470.0,10460.0,10470.0,8,0.0,0.0
2024-07-19 10:26:00+09:00,10480.0,10490.0,10480.0,10480.0,28,0.0,0.0
2024-07-19 10:27:00+09:00,10490.0,10490.0,10490.0,10490.0,0,0.0,0.0
2024-07-19 10:28:00+09:00,10480.0,10490.0,10460.0,10490.0,74,0.0,0.0
2024-07-19 10:29:00+09:00,10470.0,10470.0,10470.0,10470.0,11,0.0,0.0
2024-07-19 10:30:00+09:00,10490.0,10490.0,10490.0,10490.0,6,0.0,0.0
2024-07-19 10:31:00+09:00,10490.0,10490.0,10490.0,10490.0,2,0.0,0.0
2024-07-19 10:32:00+09:00,10490.0,10490.0,10470.0,10470.0,40,0.0,0.0
2024-07-19 10:33:00+09:00,10490.0,10490.0,10490.0,10490.0,0,0.0,0.0
2024-07-19 10:34:00+09:00,10490.0,10500.0,10490.0,10500.0,2,0.0,0.0
2024-07-19 10:35:00+09:00,10490.0,10490.0,10490.0,10490.0,2,0.0,0.0
2024-07-19 10:36:00+09:00,10480.0,10490.0,10480.0,10490.0,12,0.0,0.0
2024-07-19 10:37:00+09:00,10460.0,10460.0,10380.0,10390.0,1652,0.0,0.0
2024-07-19 10:38:00+09:00,10390.0,10390.0,10370.0,10370.0,880,0.0,0.0
2024-07-19 10:40:00+09:00,10380.0,10390.0,10380.0,10390.0,0,0.0,0.0
2024-07-19 10:41:00+09:00,10370.0,10370.0,10370.0,10370.0,31,0.0,0.0
2024-07-19 10:42:00+09:00,10380.0,10410.0,10380.0,10380.0,251,0.0,0.0
2024-07-19 10:43:00+09:00,10440.0,10460.0,10410.0,10410.0,0,0.0,0.0
2024-07-19 10:44:00+09:00,10460.0,10460.0,10460.0,10460.0,0,0.0,0.0
2024-07-19 10:45:00+09:00,10440.0,10450.0,10410.0,10410.0,141,0.0,0.0
2024-07-19 10:46:00+09:00,10410.0,10410.0,10390.0,10390.0,118,0.0,0.0
2024-07-19 10:47:00+09:00,10380.0,10380.0,10380.0,10380.0,97,0.0,0.0
2024-07-19 10:48:00+09:00,10440.0,10440.0,10380.0,10440.0,59,0.0,0.0
2024-07-19 10:49:00+09:00,10400.0,10440.0,10400.0,10440.0,141,0.0,0.0
2024-07-19 10:51:00+09:00,10460.0,10460.0,10460.0,10460.0,8,0.0,0.0
2024-07-19 10:52:00+09:00,10410.0,10410.0,10410.0,10410.0,38,0.0,0.0
2024-07-19 10:53:00+09:00,10460.0,10460.0,10460.0,10460.0,0,0.0,0.0
2024-07-19 10:54:00+09:00,10460.0,10470.0,10460.0,10470.0,42,0.0,0.0
2024-07-19 10:55:00+09:00,10410.0,10410.0,10400.0,10400.0,1286,0.0,0.0
2024-07-19 10:56:00+09:00,10460.0,10460.0,10450.0,10450.0,0,0.0,0.0
2024-07-19 10:57:00+09:00,10460.0,10460.0,10450.0,10450.0,18,0.0,0.0
2024-07-19 10:58:00+09:00,10420.0,10420.0,10420.0,10420.0,34,0.0,0.0
2024-07-19 10:59:00+09:00,10460.0,10460.0,10460.0,10460.0,0,0.0,0.0
2024-07-19 11:00:00+09:00,10450.0,10450.0,10440.0,10440.0,128,0.0,0.0
2024-07-19 11:03:00+09:00,10410.0,10410.0,10410.0,10410.0,0,0.0,0.0
2024-07-19 11:04:00+09:00,10410.0,10410.0,10410.0,10410.0,159,0.0,0.0
2024-07-19 11:05:00+09:00,10410.0,10410.0,10400.0,10410.0,129,0.0,0.0
2024-07-19 11:06:00+09:00,10420.0,10470.0,10400.0,10470.0,462,0.0,0.0
2024-07-19 11:07:00+09:00,10470.0,10470.0,10470.0,10470.0,100,0.0,0.0
2024-07-19 11:08:00+09:00,10460.0,10470.0,10460.0,10470.0,27,0.0,0.0
2024-07-19 11:09:00+09:00,10410.0,10410.0,10410.0,10410.0,1,0.0,0.0
2024-07-19 11:10:00+09:00,10450.0,10490.0,10450.0,10490.0,81,0.0,0.0
2024-07-19 11:11:00+09:00,10480.0,10480.0,10480.0,10480.0,0,0.0,0.0
2024-07-19 11:12:00+09:00,10410.0,10410.0,10410.0,10410.0,35,0.0,0.0
2024-07-19 11:14:00+09:00,10470.0,10490.0,10410.0,10480.0,25,0.0,0.0
2024-07-19 11:15:00+09:00,10480.0,10480.0,10480.0,10480.0,3,0.0,0.0
2024-07-19 11:16:00+09:00,10420.0,10420.0,10400.0,10400.0,396,0.0,0.0
2024-07-19 11:17:00+09:00,10410.0,10410.0,10410.0,10410.0,0,0.0,0.0
2024-07-19 11:18:00+09:00,10410.0,10410.0,10410.0,10410.0,0,0.0,0.0
2024-07-19 11:19:00+09:00,10450.0,10460.0,10450.0,10460.0,2,0.0,0.0
2024-07-19 11:20:00+09:00,10410.0,10470.0,10410.0,10470.0,32,0.0,0.0
2024-07-19 11:21:00+09:00,10470.0,10480.0,10470.0,10480.0,11,0.0,0.0
2024-07-19 11:23:00+09:00,10420.0,10420.0,10420.0,10420.0,38,0.0,0.0
2024-07-19 11:24:00+09:00,10460.0,10470.0,10420.0,10470.0,54,0.0,0.0
2024-07-19 11:25:00+09:00,10480.0,10480.0,10420.0,10420.0,63,0.0,0.0
2024-07-19 11:26:00+09:00,10480.0,10480.0,10470.0,10470.0,0,0.0,0.0
2024-07-19 11:27:00+09:00,10460.0,10460.0,10460.0,10460.0,83,0.0,0.0
2024-07-19 11:29:00+09:00,10420.0,10420.0,10420.0,10420.0,0,0.0,0.0
2024-07-19 11:31:00+09:00,10420.0,10420.0,10410.0,10410.0,263,0.0,0.0
2024-07-19 11:32:00+09:00,10400.0,10420.0,10380.0,10420.0,351,0.0,0.0
2024-07-19 11:33:00+09:00,10400.0,10410.0,10400.0,10410.0,5,0.0,0.0
2024-07-19 11:34:00+09:00,10400.0,10400.0,10390.0,10390.0,22,0.0,0.0
2024-07-19 11:35:00+09:00,10400.0,10420.0,10400.0,10420.0,10,0.0,0.0
2024-07-19 11:37:00+09:00,10400.0,10400.0,10400.0,10400.0,9,0.0,0.0
2024-07-19 11:38:00+09:00,10400.0,10460.0,10400.0,10460.0,93,0.0,0.0
2024-07-19 11:40:00+09:00,10410.0,10410.0,10410.0,10410.0,93,0.0,0.0
2024-07-19 11:41:00+09:00,10400.0,10400.0,10400.0,10400.0,0,0.0,0.0
2024-07-19 11:42:00+09:00,10410.0,10410.0,10400.0,10400.0,163,0.0,0.0
2024-07-19 11:43:00+09:00,10400.0,10430.0,10400.0,10430.0,19,0.0,0.0
2024-07-19 11:44:00+09:00,10400.0,10450.0,10400.0,10450.0,28,0.0,0.0
2024-07-19 11:45:00+09:00,10400.0,10400.0,10400.0,10400.0,32,0.0,0.0
2024-07-19 11:47:00+09:00,10430.0,10450.0,10430.0,10440.0,10,0.0,0.0
2024-07-19 11:48:00+09:00,10400.0,10400.0,10400.0,10400.0,28,0.0,0.0
2024-07-19 11:49:00+09:00,10400.0,10400.0,10400.0,10400.0,212,0.0,0.0
2024-07-19 11:50:00+09:00,10430.0,10440.0,10430.0,10440.0,0,0.0,0.0
2024-07-19 11:51:00+09:00,10390.0,10390.0,10390.0,10390.0,19,0.0,0.0
2024-07-19 11:52:00+09:00,10390.0,10440.0,10390.0,10440.0,22,0.0,0.0
2024-07-19 11:53:00+09:00,10390.0,10390.0,10390.0,10390.0,399,0.0,0.0
2024-07-19 11:54:00+09:00,10390.0,10390.0,10390.0,10390.0,0,0.0,0.0
2024-07-19 11:55:00+09:00,10390.0,10390.0,10390.0,10390.0,0,0.0,0.0
2024-07-19 11:57:00+09:00,10390.0,10390.0,10390.0,10390.0,0,0.0,0.0
2024-07-19 11:59:00+09:00,10390.0,10390.0,10390.0,10390.0,23755,0.0,0.0
2024-07-19 12:00:00+09:00,10390.0,10390.0,10390.0,10390.0,0,0.0,0.0
2024-07-19 12:01:00+09:00,10410.0,10430.0,10410.0,10430.0,0,0.0,0.0
2024-07-19 12:03:00+09:00,10430.0,10430.0,10430.0,10430.0,0,0.0,0.0
2024-07-19 12:05:00+09:00,10430.0,10430.0,10430.0,10430.0,98,0.0,0.0
2024-07-19 12:10:00+09:00,10430.0,10430.0,10430.0,10430.0,28,0.0,0.0
2024-07-19 12:13:00+09:00,10410.0,10410.0,10380.0,10380.0,701,0.0,0.0
2024-07-19 12:17:00+09:00,10390.0,10390.0,10380.0,10380.0,0,0.0,0.0
2024-07-19 12:21:00+09:00,10390.0,10390.0,10390.0,10390.0,24,0.0,0.0
2024-07-19 12:22:00+09:00,10390.0,10390.0,10380.0,10380.0,726,0.0,0.0
2024-07-19 12:23:00+09:00,10380.0,10380.0,10380.0,10380.0,0,0.0,0.0
2024-07-19 12:25:00+09:00,10430.0,10430.0,10430.0,10430.0,0,0.0,0.0
2024-07-19 12:28:00+09:00,10380.0,10380.0,10380.0,10380.0,26,0.0,0.0
2024-07-19 12:30:00+09:00,10380.0,10430.0,10380.0,10430.0,0,0.0,0.0
2024-07-19 12:32:00+09:00,10430.0,10430.0,10430.0,10430.0,1,0.0,0.0
2024-07-19 12:34:00+09:00,10430.0,10430.0,10430.0,10430.0,12,0.0,0.0
2024-07-19 12:36:00+09:00,10400.0,10400.0,10400.0,10400.0,265,0.0,0.0
2024-07-19 12:40:00+09:00,10420.0,10430.0,10420.0,10430.0,0,0.0,0.0
2024-07-19 12:41:00+09:00,10420.0,10420.0,10420.0,10420.0,147,0.0,0.0
2024-07-19 12:42:00+09:00,10400.0,10400.0,10400.0,10400.0,0,0.0,0.0
2024-07-19 12:43:00+09:00,10400.0,10400.0,10400.0,10400.0,6,0.0,0.0
2024-07-19 12:44:00+09:00,10400.0,10400.0,10380.0,10380.0,110,0.0,0.0
2024-07-19 12:46:00+09:00,10410.0,10410.0,10410.0,10410.0,0,0.0,0.0
2024-07-19 12:47:00+09:00,10400.0,10400.0,10380.0,10380.0,460,0.0,0.0
2024-07-19 12:48:00+09:00,10380.0,10380.0,10380.0,10380.0,200,0.0,0.0
2024-07-19 12:49:00+09:00,10390.0,10390.0,10390.0,10390.0,0,0.0,0.0
2024-07-19 12:50:00+09:00,10390.0,10390.0,10390.0,10390.0,605,0.0,0.0
2024-07-19 12:51:00+09:00,10390.0,10390.0,10370.0,10370.0,497,0.0,0.0
2024-07-19 12:53:00+09:00,10380.0,10390.0,10380.0,10390.0,156,0.0,0.0
2024-07-19 12:56:00+09:00,10380.0,10380.0,10380.0,10380.0,31,0.0,0.0
2024-07-19 12:57:00+09:00,10380.0,10380.0,10380.0,10380.0,196,0.0,0.0
2024-07-19 12:58:00+09:00,10380.0,10380.0,10380.0,10380.0,19,0.0,0.0
2024-07-19 12:59:00+09:00,10370.0,10370.0,10370.0,10370.0,561,0.0,0.0
2024-07-19 13:00:00+09:00,10370.0,10370.0,10370.0,10370.0,0,0.0,0.0
2024-07-19 13:01:00+09:00,10370.0,10370.0,10370.0,10370.0,23,0.0,0.0
2024-07-19 13:02:00+09:00,10390.0,10390.0,10370.0,10370.0,28,0.0,0.0
2024-07-19 13:04:00+09:00,10370.0,10370.0,10370.0,10370.0,60,0.0,0.0
2024-07-19 13:05:00+09:00,10390.0,10390.0,10380.0,10380.0,13,0.0,0.0
2024-07-19 13:07:00+09:00,10380.0,10380.0,10380.0,10380.0,3,0.0,0.0
2024-07-19 13:09:00+09:00,10380.0,10380.0,10380.0,10380.0,180,0.0,0.0
2024-07-19 13:10:00+09:00,10380.0,10390.0,10370.0,10390.0,307,0.0,0.0
2024-07-19 13:15:00+09:00,10400.0,10400.0,10400.0,10400.0,11,0.0,0.0
2024-07-19 13:16:00+09:00,10400.0,10400.0,10400.0,10400.0,160,0.0,0.0
2024-07-19 13:18:00+09:00,10410.0,10410.0,10410.0,10410.0,73,0.0,0.0
2024-07-19 13:20:00+09:00,10430.0,10430.0,10410.0,10410.0,43,0.0,0.0
2024-07-19 13:28:00+09:00,10410.0,10410.0,10410.0,10410.0,159,0.0,0.0
2024-07-19 13:29:00+09:00,10430.0,10430.0,10430.0,10430.0,0,0.0,0.0
2024-07-19 13:36:00+09:00,10460.0,10460.0,10460.0,10460.0,103,0.0,0.0
2024-07-19 13:38:00+09:00,10460.0,10460.0,10460.0,10460.0,10,0.0,0.0
2024-07-19 13:39:00+09:00,10460.0,10460.0,10460.0,10460.0,22,0.0,0.0
2024-07-19 13:42:00+09:00,10440.0,10440.0,10410.0,10420.0,37,0.0,0.0
2024-07-19 13:43:00+09:00,10420.0,10420.0,10420.0,10420.0,8,0.0,0.0
2024-07-19 13:50:00+09:00,10420.0,10420.0,10420.0,10420.0,0,0.0,0.0
2024-07-19 13:53:00+09:00,10430.0,10430.0,10420.0,10420.0,186,0.0,0.0
2024-07-19 13:54:00+09:00,10430.0,10430.0,10430.0,10430.0,107,0.0,0.0
2024-07-19 13:55:00+09:00,10450.0,10450.0,10450.0,10450.0,0,0.0,0.0
2024-07-19 13:56:00+09:00,10460.0,10480.0,10460.0,10480.0,143,0.0,0.0
2024-07-19 13:57:00+09:00,10480.0,10480.0,10480.0,10480.0,0,0.0,0.0
2024-07-19 14:00:00+09:00,10470.0,10480.0,10470.0,10480.0,157,0.0,0.0
2024-07-19 14:02:00+09:00,10480.0,10480.0,10480.0,10480.0,0,0.0,0.0
2024-07-19 14:03:00+09:00,10480.0,10480.0,10480.0,10480.0,221,0.0,0.0
2024-07-19 14:05:00+09:00,10470.0,10470.0,10460.0,10460.0,115,0.0,0.0
2024-07-19 14:07:00+09:00,10460.0,10460.0,10450.0,10450.0,432,0.0,0.0
2024-07-19 14:09:00+09:00,10490.0,10490.0,10490.0,10490.0,0,0.0,0.0
2024-07-19 14:12:00+09:00,10480.0,10480.0,10480.0,10480.0,1,0.0,0.0
2024-07-19 14:13:00+09:00,10490.0,10490.0,10490.0,10490.0,1,0.0,0.0
2024-07-19 14:16:00+09:00,10470.0,10470.0,10470.0,10470.0,1,0.0,0.0
2024-07-19 14:18:00+09:00,10490.0,10490.0,10490.0,10490.0,199,0.0,0.0
2024-07-19 14:19:00+09:00,10490.0,10490.0,10490.0,10490.0,0,0.0,0.0
2024-07-19 14:21:00+09:00,10500.0,10500.0,10490.0,10490.0,30,0.0,0.0
2024-07-19 14:23:00+09:00,10480.0,10490.0,10480.0,10490.0,34,0.0,0.0
2024-07-19 14:24:00+09:00,10500.0,10500.0,10500.0,10500.0,37,0.0,0.0
2024-07-19 14:25:00+09:00,10520.0,10520.0,10520.0,10520.0,2,0.0,0.0
2024-07-19 14:29:00+09:00,10510.0,10510.0,10500.0,10500.0,63,0.0,0.0
2024-07-19 14:30:00+09:00,10510.0,10510.0,10510.0,10510.0,183,0.0,0.0
2024-07-19 14:31:00+09:00,10510.0,10510.0,10510.0,10510.0,230,0.0,0.0
2024-07-19 14:32:00+09:00,10510.0,10520.0,10510.0,10520.0,211,0.0,0.0
2024-07-19 14:34:00+09:00,10520.0,10520.0,10520.0,10520.0,0,0.0,0.0
2024-07-19 14:35:00+09:00,10510.0,10510.0,10510.0,10510.0,0,0.0,0.0
2024-07-19 14:36:00+09:00,10510.0,10510.0,10510.0,10510.0,15,0.0,0.0
2024-07-19 14:37:00+09:00,10520.0,10520.0,10520.0,10520.0,2,0.0,0.0
2024-07-19 14:38:00+09:00,10510.0,10510.0,10510.0,10510.0,59,0.0,0.0
2024-07-19 14:40:00+09:00,10510.0,10510.0,10500.0,10500.0,55,0.0,0.0
2024-07-19 14:41:00+09:00,10510.0,10510.0,10510.0,10510.0,90,0.0,0.0
2024-07-19 14:42:00+09:00,10510.0,10520.0,10510.0,10520.0,190,0.0,0.0
2024-07-19 14:43:00+09:00,10530.0,10530.0,10530.0,10530.0,271,0.0,0.0
2024-07-19 14:44:00+09:00,10530.0,10530.0,10530.0,10530.0,0,0.0,0.0
2024-07-19 14:45:00+09:00,10530.0,10530.0,10510.0,10510.0,80,0.0,0.0
2024-07-19 14:46:00+09:00,10530.0,10550.0,10530.0,10550.0,87,0.0,0.0
2024-07-19 14:47:00+09:00,10550.0,10550.0,10530.0,10550.0,108,0.0,0.0
2024-07-19 14:48:00+09:00,10540.0,10550.0,10540.0,10550.0,36,0.0,0.0
2024-07-19 14:50:00+09:00,10540.0,10550.0,10540.0,10550.0,1000,0.0,0.0
2024-07-19 14:52:00+09:00,10550.0,10580.0,10550.0,10580.0,127,0.0,0.0
2024-07-19 14:54:00+09:00,10570.0,10580.0,10570.0,10580.0,62,0.0,0.0
2024-07-19 14:56:00+09:00,10570.0,10570.0,10570.0,10570.0,45,0.0,0.0
2024-07-19 14:59:00+09:00,10540.0,10540.0,10540.0,10540.0,0,0.0,0.0
