Datetime,Open,High,Low,Close,Volume,Dividends,Stock Splits
2022-11-02 09:00:00+08:00,23.600000381469727,23.75,23.5,23.75,0,0.0,0.0
2022-11-02 10:00:00+08:00,23.549999237060547,23.799999237060547,23.549999237060547,23.799999237060547,8000,0.0,0.0
2022-11-02 11:00:00+08:00,23.75,23.75,23.700000762939453,23.700000762939453,3000,0.0,0.0
2022-11-02 12:00:00+08:00,23.700000762939453,23.899999618530273,23.700000762939453,23.899999618530273,10000,0.0,0.0
2022-11-02 13:00:00+08:00,23.700000762939453,23.75,23.700000762939453,23.75,4000,0.0,0.0
2022-11-03 09:00:00+08:00,23.399999618530273,23.950000762939453,23.299999237060547,23.850000381469727,0,0.0,0.0
2022-11-03 11:00:00+08:00,23.5,23.5,23.5,23.5,2000,0.0,0.0
2022-11-03 12:00:00+08:00,23.600000381469727,23.799999237060547,23.600000381469727,23.799999237060547,4019,0.0,0.0
2022-11-03 13:00:00+08:00,23.899999618530273,23.899999618530273,23.899999618530273,23.899999618530273,1001,0.0,0.0
2022-11-04 09:00:00+08:00,23.600000381469727,23.600000381469727,23.5,23.5,0,0.0,0.0
2022-11-04 10:00:00+08:00,23.600000381469727,23.899999618530273,23.600000381469727,23.899999618530273,9004,0.0,0.0
2022-11-04 12:00:00+08:00,23.850000381469727,23.850000381469727,23.700000762939453,23.700000762939453,2121,0.0,0.0
2022-11-04 13:00:00+08:00,23.700000762939453,23.799999237060547,23.700000762939453,23.799999237060547,3005,0.0,0.0
2022-11-07 09:00:00+08:00,23.850000381469727,24.399999618530273,23.850000381469727,24.399999618530273,0,0.0,0.0
2022-11-07 10:00:00+08:00,24.049999237060547,24.350000381469727,23.899999618530273,24.0,14001,0.0,0.0
2022-11-07 11:00:00+08:00,24.299999237060547,24.299999237060547,23.950000762939453,24.200000762939453,12000,0.0,0.0
2022-11-07 12:00:00+08:00,24.0,24.0,24.0,24.0,5001,0.0,0.0
2022-11-07 13:00:00+08:00,24.0,24.0,24.0,24.0,1000,0.0,0.0
2022-11-08 09:00:00+08:00,24.350000381469727,24.5,24.200000762939453,24.5,0,0.0,0.0
2022-11-08 10:00:00+08:00,24.450000762939453,24.5,24.399999618530273,24.399999618530273,6200,0.0,0.0
2022-11-08 11:00:00+08:00,24.450000762939453,24.450000762939453,24.350000381469727,24.399999618530273,6000,0.0,0.0
2022-11-08 12:00:00+08:00,24.399999618530273,24.399999618530273,24.350000381469727,24.399999618530273,8232,0.0,0.0
2022-11-08 13:00:00+08:00,24.350000381469727,24.350000381469727,24.350000381469727,24.350000381469727,3000,0.0,0.0
2022-11-09 09:00:00+08:00,24.5,24.649999618530273,24.5,24.649999618530273,0,0.0,0.0
2022-11-09 10:00:00+08:00,24.649999618530273,24.649999618530273,24.200000762939453,24.299999237060547,22000,0.0,0.0
2022-11-09 11:00:00+08:00,24.5,24.5,24.5,24.5,1000,0.0,0.0
2022-11-09 12:00:00+08:00,24.350000381469727,24.450000762939453,24.350000381469727,24.450000762939453,7001,0.0,0.0
2022-11-09 13:00:00+08:00,24.5,24.549999237060547,24.5,24.549999237060547,9000,0.0,0.0
2022-11-10 09:00:00+08:00,24.549999237060547,24.649999618530273,24.299999237060547,24.600000381469727,0,0.0,0.0
2022-11-10 11:00:00+08:00,24.399999618530273,24.549999237060547,24.350000381469727,24.350000381469727,10000,0.0,0.0
2022-11-10 12:00:00+08:00,24.350000381469727,24.5,24.350000381469727,24.5,3002,0.0,0.0
2022-11-11 09:00:00+08:00,24.5,24.600000381469727,24.399999618530273,24.600000381469727,0,0.0,0.0
2022-11-11 10:00:00+08:00,24.600000381469727,24.899999618530273,24.600000381469727,24.600000381469727,18001,0.0,0.0
2022-11-11 11:00:00+08:00,24.850000381469727,24.850000381469727,24.5,24.5,3000,0.0,0.0
2022-11-11 12:00:00+08:00,24.5,24.600000381469727,24.399999618530273,24.399999618530273,11000,0.0,0.0
2022-11-11 13:00:00+08:00,24.399999618530273,24.399999618530273,24.399999618530273,24.399999618530273,2366,0.0,0.0
2022-11-14 09:00:00+08:00,24.350000381469727,24.700000762939453,24.350000381469727,24.700000762939453,0,0.0,0.0
2022-11-14 10:00:00+08:00,24.350000381469727,24.5,24.350000381469727,24.5,2001,0.0,0.0
2022-11-14 11:00:00+08:00,24.700000762939453,24.700000762939453,24.600000381469727,24.600000381469727,4001,0.0,0.0
2022-11-14 12:00:00+08:00,24.600000381469727,24.75,24.600000381469727,24.75,3002,0.0,0.0
2022-11-14 13:00:00+08:00,24.75,24.75,24.5,24.5,6121,0.0,0.0
2022-11-15 09:00:00+08:00,24.549999237060547,24.600000381469727,24.549999237060547,24.549999237060547,0,0.0,0.0
2022-11-15 10:00:00+08:00,24.600000381469727,24.700000762939453,24.549999237060547,24.600000381469727,12102,0.0,0.0
2022-11-15 12:00:00+08:00,24.600000381469727,24.700000762939453,24.600000381469727,24.700000762939453,3001,0.0,0.0
2022-11-15 13:00:00+08:00,24.700000762939453,24.700000762939453,24.600000381469727,24.600000381469727,4001,0.0,0.0
2022-11-16 09:00:00+08:00,24.25,24.25,24.25,24.25,0,0.0,0.0
2022-11-16 10:00:00+08:00,24.299999237060547,24.700000762939453,24.299999237060547,24.700000762939453,2000,0.0,0.0
2022-11-16 11:00:00+08:00,24.350000381469727,24.649999618530273,24.350000381469727,24.649999618530273,2000,0.0,0.0
2022-11-16 12:00:00+08:00,24.350000381469727,24.549999237060547,24.350000381469727,24.549999237060547,2012,0.0,0.0
2022-11-17 09:00:00+08:00,24.700000762939453,24.700000762939453,24.399999618530273,24.450000762939453,0,0.0,0.0
2022-11-17 10:00:00+08:00,24.700000762939453,24.700000762939453,24.5,24.5,4001,0.0,0.0
2022-11-17 11:00:00+08:00,24.5,24.549999237060547,24.5,24.549999237060547,7000,0.0,0.0
2022-11-17 12:00:00+08:00,24.649999618530273,24.700000762939453,24.649999618530273,24.700000762939453,3000,0.0,0.0
2022-11-17 13:00:00+08:00,24.75,24.75,24.75,24.75,4000,0.0,0.0
2022-11-18 09:00:00+08:00,24.5,24.75,24.5,24.75,0,0.0,0.0
2022-11-18 10:00:00+08:00,24.5,24.700000762939453,24.5,24.700000762939453,3001,0.0,0.0
2022-11-18 12:00:00+08:00,24.5,24.649999618530273,24.5,24.5,12001,0.0,0.0
2022-11-18 13:00:00+08:00,24.5,24.5,24.5,24.5,1000,0.0,0.0
2022-11-21 09:00:00+08:00,24.799999237060547,24.899999618530273,24.799999237060547,24.899999618530273,0,0.0,0.0
2022-11-21 10:00:00+08:00,24.75,24.75,24.549999237060547,24.549999237060547,9146,0.0,0.0
2022-11-21 11:00:00+08:00,24.549999237060547,24.549999237060547,24.549999237060547,24.549999237060547,2004,0.0,0.0
2022-11-21 12:00:00+08:00,24.700000762939453,24.700000762939453,24.700000762939453,24.700000762939453,3000,0.0,0.0
2022-11-22 09:00:00+08:00,24.399999618530273,24.450000762939453,24.399999618530273,24.450000762939453,0,0.0,0.0
2022-11-22 10:00:00+08:00,24.799999237060547,24.799999237060547,24.799999237060547,24.799999237060547,5023,0.0,0.0
2022-11-22 12:00:00+08:00,24.649999618530273,24.700000762939453,24.649999618530273,24.700000762939453,2000,0.0,0.0
2022-11-22 13:00:00+08:00,24.649999618530273,24.649999618530273,24.600000381469727,24.600000381469727,2013,0.0,0.0
2022-11-23 09:00:00+08:00,24.799999237060547,24.799999237060547,24.600000381469727,24.600000381469727,0,0.0,0.0
2022-11-23 11:00:00+08:00,24.600000381469727,24.600000381469727,24.600000381469727,24.600000381469727,3006,0.0,0.0
2022-11-23 12:00:00+08:00,24.600000381469727,24.600000381469727,24.600000381469727,24.600000381469727,1001,0.0,0.0
2022-11-23 13:00:00+08:00,24.600000381469727,24.649999618530273,24.600000381469727,24.649999618530273,7001,0.0,0.0
2022-11-24 09:00:00+08:00,24.700000762939453,24.700000762939453,24.649999618530273,24.649999618530273,0,0.0,0.0
2022-11-24 10:00:00+08:00,24.75,24.850000381469727,24.600000381469727,24.600000381469727,16017,0.0,0.0
2022-11-24 11:00:00+08:00,24.600000381469727,24.600000381469727,24.600000381469727,24.600000381469727,2001,0.0,0.0
2022-11-24 12:00:00+08:00,24.600000381469727,24.600000381469727,24.600000381469727,24.600000381469727,7150,0.0,0.0
2022-11-24 13:00:00+08:00,24.799999237060547,24.850000381469727,24.700000762939453,24.850000381469727,11212,0.0,0.0
2022-11-25 09:00:00+08:00,24.850000381469727,24.950000762939453,24.600000381469727,24.799999237060547,0,0.0,0.0
2022-11-25 10:00:00+08:00,24.950000762939453,25.450000762939453,24.700000762939453,25.450000762939453,33013,0.0,0.0
2022-11-25 11:00:00+08:00,25.100000381469727,25.25,24.899999618530273,25.25,41001,0.0,0.0
2022-11-25 12:00:00+08:00,25.149999618530273,25.149999618530273,25.0,25.0,5003,0.0,0.0
2022-11-25 13:00:00+08:00,25.0,25.149999618530273,25.0,25.149999618530273,2000,0.0,0.0
2022-11-28 09:00:00+08:00,24.850000381469727,25.149999618530273,24.799999237060547,25.149999618530273,0,0.0,0.0
2022-11-28 11:00:00+08:00,25.100000381469727,25.100000381469727,24.950000762939453,24.950000762939453,3001,0.0,0.0
2022-11-28 13:00:00+08:00,24.950000762939453,25.149999618530273,24.850000381469727,25.149999618530273,15000,0.0,0.0
2022-11-29 09:00:00+08:00,25.200000762939453,25.549999237060547,24.950000762939453,25.350000381469727,8996,0.0,0.0
2022-11-29 11:00:00+08:00,25.149999618530273,25.200000762939453,25.0,25.0,12040,0.0,0.0
2022-11-29 12:00:00+08:00,25.0,25.350000381469727,24.850000381469727,25.299999237060547,27000,0.0,0.0
2022-11-29 13:00:00+08:00,25.100000381469727,25.100000381469727,25.100000381469727,25.100000381469727,1000,0.0,0.0
2022-11-30 09:00:00+08:00,25.399999618530273,25.399999618530273,25.049999237060547,25.200000762939453,0,0.0,0.0
2022-11-30 10:00:00+08:00,25.200000762939453,25.200000762939453,25.049999237060547,25.149999618530273,8007,0.0,0.0
2022-11-30 11:00:00+08:00,25.149999618530273,25.149999618530273,25.049999237060547,25.049999237060547,4000,0.0,0.0
2022-11-30 12:00:00+08:00,25.100000381469727,25.25,25.100000381469727,25.25,14295,0.0,0.0
2022-11-30 13:00:00+08:00,25.100000381469727,25.299999237060547,25.100000381469727,25.299999237060547,12000,0.0,0.0
2022-12-01 09:00:00+08:00,25.200000762939453,25.950000762939453,25.200000762939453,25.75,0,0.0,0.0
2022-12-01 10:00:00+08:00,25.75,25.75,25.399999618530273,25.399999618530273,9002,0.0,0.0
2022-12-01 11:00:00+08:00,25.350000381469727,25.350000381469727,25.350000381469727,25.350000381469727,2000,0.0,0.0
2022-12-01 13:00:00+08:00,25.399999618530273,25.399999618530273,25.200000762939453,25.350000381469727,20001,0.0,0.0
2022-12-02 09:00:00+08:00,25.799999237060547,25.799999237060547,25.350000381469727,25.350000381469727,0,0.0,0.0
2022-12-02 10:00:00+08:00,25.350000381469727,25.5,25.350000381469727,25.350000381469727,11054,0.0,0.0
2022-12-02 11:00:00+08:00,25.350000381469727,25.350000381469727,25.350000381469727,25.350000381469727,13000,0.0,0.0
2022-12-02 12:00:00+08:00,25.399999618530273,25.399999618530273,25.350000381469727,25.350000381469727,7001,0.0,0.0
2022-12-02 13:00:00+08:00,25.399999618530273,25.549999237060547,25.350000381469727,25.549999237060547,13029,0.0,0.0
2022-12-05 09:00:00+08:00,25.600000381469727,25.600000381469727,25.25,25.25,0,0.0,0.0
2022-12-05 10:00:00+08:00,25.299999237060547,25.299999237060547,25.299999237060547,25.299999237060547,5004,0.0,0.0
2022-12-05 11:00:00+08:00,25.399999618530273,25.600000381469727,25.299999237060547,25.299999237060547,30000,0.0,0.0
2022-12-05 12:00:00+08:00,25.5,25.5,25.399999618530273,25.399999618530273,4010,0.0,0.0
2022-12-05 13:00:00+08:00,25.399999618530273,25.799999237060547,25.399999618530273,25.799999237060547,14000,0.0,0.0
2022-12-06 09:00:00+08:00,25.799999237060547,25.950000762939453,25.799999237060547,25.950000762939453,0,0.0,0.0
2022-12-06 10:00:00+08:00,25.799999237060547,25.799999237060547,25.799999237060547,25.799999237060547,3088,0.0,0.0
2022-12-06 11:00:00+08:00,25.799999237060547,25.799999237060547,25.649999618530273,25.649999618530273,4000,0.0,0.0
2022-12-06 12:00:00+08:00,25.700000762939453,25.700000762939453,25.700000762939453,25.700000762939453,7177,0.0,0.0
2022-12-06 13:00:00+08:00,25.799999237060547,25.799999237060547,25.799999237060547,25.799999237060547,1251,0.0,0.0
2022-12-07 09:00:00+08:00,25.5,25.899999618530273,25.399999618530273,25.700000762939453,0,0.0,0.0
2022-12-07 10:00:00+08:00,25.700000762939453,25.700000762939453,25.5,25.5,9000,0.0,0.0
2022-12-07 11:00:00+08:00,25.5,25.5,25.5,25.5,1001,0.0,0.0
2022-12-07 12:00:00+08:00,25.5,25.5,25.5,25.5,1210,0.0,0.0
2022-12-08 09:00:00+08:00,26.350000381469727,26.350000381469727,25.399999618530273,25.399999618530273,0,0.0,0.0
2022-12-08 10:00:00+08:00,25.399999618530273,25.649999618530273,25.350000381469727,25.350000381469727,9001,0.0,0.0
2022-12-08 11:00:00+08:00,25.299999237060547,25.299999237060547,25.299999237060547,25.299999237060547,2000,0.0,0.0
2022-12-08 12:00:00+08:00,25.600000381469727,25.850000381469727,25.600000381469727,25.75,8051,0.0,0.0
2022-12-08 13:00:00+08:00,25.549999237060547,25.549999237060547,25.350000381469727,25.350000381469727,5145,0.0,0.0
2022-12-09 09:00:00+08:00,25.700000762939453,25.700000762939453,25.5,25.5,0,0.0,0.0
2022-12-09 10:00:00+08:00,25.600000381469727,25.899999618530273,25.600000381469727,25.799999237060547,11001,0.0,0.0
2022-12-09 11:00:00+08:00,25.549999237060547,25.549999237060547,25.549999237060547,25.549999237060547,3000,0.0,0.0
2022-12-09 12:00:00+08:00,25.5,25.5,25.5,25.5,3003,0.0,0.0
2022-12-09 13:00:00+08:00,25.5,25.600000381469727,25.5,25.600000381469727,3002,0.0,0.0
2022-12-12 09:00:00+08:00,25.350000381469727,25.600000381469727,25.350000381469727,25.600000381469727,0,0.0,0.0
2022-12-12 10:00:00+08:00,25.399999618530273,25.600000381469727,25.200000762939453,25.600000381469727,15002,0.0,0.0
2022-12-12 11:00:00+08:00,25.299999237060547,25.549999237060547,25.299999237060547,25.549999237060547,10008,0.0,0.0
2022-12-12 12:00:00+08:00,25.600000381469727,25.600000381469727,25.549999237060547,25.549999237060547,2000,0.0,0.0
2022-12-12 13:00:00+08:00,25.549999237060547,25.600000381469727,25.549999237060547,25.600000381469727,5000,0.0,0.0
2022-12-13 09:00:00+08:00,25.5,25.549999237060547,25.350000381469727,25.350000381469727,1501,0.0,0.0
2022-12-13 10:00:00+08:00,25.450000762939453,25.950000762939453,25.450000762939453,25.950000762939453,16002,0.0,0.0
2022-12-13 11:00:00+08:00,25.850000381469727,25.950000762939453,25.850000381469727,25.950000762939453,10033,0.0,0.0
2022-12-13 12:00:00+08:00,25.799999237060547,25.799999237060547,25.75,25.75,2000,0.0,0.0
2022-12-13 13:00:00+08:00,25.75,25.75,25.75,25.75,1001,0.0,0.0
2022-12-14 09:00:00+08:00,25.950000762939453,25.950000762939453,25.399999618530273,25.399999618530273,0,0.0,0.0
2022-12-14 11:00:00+08:00,25.549999237060547,25.799999237060547,25.549999237060547,25.799999237060547,6002,0.0,0.0
2022-12-14 12:00:00+08:00,25.799999237060547,25.950000762939453,25.600000381469727,25.950000762939453,6001,0.0,0.0
2022-12-15 09:00:00+08:00,25.950000762939453,25.950000762939453,25.5,25.549999237060547,0,0.0,0.0
2022-12-15 10:00:00+08:00,25.600000381469727,25.600000381469727,25.600000381469727,25.600000381469727,2012,0.0,0.0
2022-12-15 11:00:00+08:00,25.649999618530273,25.649999618530273,25.649999618530273,25.649999618530273,3005,0.0,0.0
2022-12-15 12:00:00+08:00,25.649999618530273,25.649999618530273,25.600000381469727,25.600000381469727,0,0.0,0.0
2022-12-15 13:00:00+08:00,25.649999618530273,25.649999618530273,25.649999618530273,25.649999618530273,21112,0.0,0.0
2022-12-16 09:00:00+08:00,25.25,25.450000762939453,25.100000381469727,25.299999237060547,0,0.0,0.0
2022-12-16 11:00:00+08:00,25.350000381469727,25.350000381469727,25.350000381469727,25.350000381469727,2007,0.0,0.0
2022-12-16 13:00:00+08:00,25.350000381469727,25.350000381469727,25.350000381469727,25.350000381469727,4001,0.0,0.0
2022-12-19 09:00:00+08:00,25.25,25.25,25.200000762939453,25.200000762939453,0,0.0,0.0
2022-12-19 10:00:00+08:00,25.200000762939453,25.200000762939453,25.200000762939453,25.200000762939453,9031,0.0,0.0
2022-12-20 09:00:00+08:00,25.100000381469727,25.100000381469727,25.100000381469727,25.100000381469727,0,0.0,0.0
2022-12-20 11:00:00+08:00,25.100000381469727,25.100000381469727,25.0,25.0,16021,0.0,0.0
2022-12-20 12:00:00+08:00,25.049999237060547,25.049999237060547,24.850000381469727,24.850000381469727,9001,0.0,0.0
2022-12-20 13:00:00+08:00,24.799999237060547,24.799999237060547,24.799999237060547,24.799999237060547,1057,0.0,0.0
2022-12-21 09:00:00+08:00,24.700000762939453,24.700000762939453,24.600000381469727,24.600000381469727,0,0.0,0.0
2022-12-21 11:00:00+08:00,24.649999618530273,24.799999237060547,24.649999618530273,24.799999237060547,7000,0.0,0.0
2022-12-21 12:00:00+08:00,24.649999618530273,24.649999618530273,24.600000381469727,24.600000381469727,8000,0.0,0.0
2022-12-21 13:00:00+08:00,24.799999237060547,25.0,24.799999237060547,25.0,3001,0.0,0.0
2022-12-22 09:00:00+08:00,24.799999237060547,24.899999618530273,24.700000762939453,24.700000762939453,0,0.0,0.0
2022-12-22 10:00:00+08:00,24.75,24.75,24.649999618530273,24.649999618530273,19001,0.0,0.0
2022-12-22 11:00:00+08:00,24.700000762939453,24.700000762939453,24.600000381469727,24.600000381469727,19003,0.0,0.0
2022-12-22 13:00:00+08:00,24.649999618530273,24.850000381469727,24.600000381469727,24.850000381469727,23221,0.0,0.0
2022-12-23 09:00:00+08:00,24.850000381469727,24.850000381469727,24.450000762939453,24.850000381469727,0,0.0,0.0
2022-12-23 10:00:00+08:00,24.600000381469727,24.600000381469727,24.399999618530273,24.450000762939453,15252,0.0,0.0
2022-12-23 11:00:00+08:00,24.450000762939453,24.450000762939453,24.450000762939453,24.450000762939453,7011,0.0,0.0
2022-12-23 12:00:00+08:00,24.450000762939453,24.450000762939453,24.450000762939453,24.450000762939453,1080,0.0,0.0
2022-12-23 13:00:00+08:00,24.450000762939453,24.799999237060547,24.450000762939453,24.799999237060547,9018,0.0,0.0
2022-12-26 09:00:00+08:00,24.950000762939453,24.950000762939453,24.299999237060547,24.299999237060547,0,0.0,0.0
2022-12-26 10:00:00+08:00,24.399999618530273,24.399999618530273,24.299999237060547,24.299999237060547,25002,0.0,0.0
2022-12-26 11:00:00+08:00,24.299999237060547,24.299999237060547,24.299999237060547,24.299999237060547,7000,0.0,0.0
2022-12-26 12:00:00+08:00,24.299999237060547,24.5,24.299999237060547,24.299999237060547,18022,0.0,0.0
2022-12-26 13:00:00+08:00,24.25,24.5,24.25,24.25,16137,0.0,0.0
2022-12-27 09:00:00+08:00,24.200000762939453,24.25,23.850000381469727,23.850000381469727,0,0.0,0.0
2022-12-27 10:00:00+08:00,23.950000762939453,24.100000381469727,23.799999237060547,23.850000381469727,49364,0.0,0.0
2022-12-27 11:00:00+08:00,23.950000762939453,24.0,23.899999618530273,24.0,10296,0.0,0.0
2022-12-27 12:00:00+08:00,24.0,24.0,23.899999618530273,23.899999618530273,8848,0.0,0.0
2022-12-27 13:00:00+08:00,24.049999237060547,24.149999618530273,24.049999237060547,24.149999618530273,3061,0.0,0.0
2022-12-28 09:00:00+08:00,23.950000762939453,23.950000762939453,23.799999237060547,23.850000381469727,0,0.0,0.0
2022-12-28 10:00:00+08:00,23.850000381469727,23.850000381469727,23.850000381469727,23.850000381469727,1000,0.0,0.0
2022-12-28 11:00:00+08:00,23.799999237060547,23.850000381469727,23.350000381469727,23.850000381469727,40071,0.0,0.0
2022-12-28 12:00:00+08:00,23.850000381469727,23.850000381469727,23.850000381469727,23.850000381469727,1002,0.0,0.0
2022-12-28 13:00:00+08:00,23.700000762939453,23.700000762939453,23.700000762939453,23.700000762939453,1000,0.0,0.0
2022-12-29 09:00:00+08:00,23.549999237060547,23.549999237060547,23.549999237060547,23.549999237060547,0,0.0,0.0
2022-12-29 10:00:00+08:00,23.700000762939453,23.700000762939453,23.649999618530273,23.649999618530273,8022,0.0,0.0
2022-12-29 11:00:00+08:00,23.649999618530273,23.649999618530273,23.600000381469727,23.600000381469727,8001,0.0,0.0
2022-12-29 12:00:00+08:00,23.600000381469727,23.899999618530273,23.549999237060547,23.899999618530273,5001,0.0,0.0
2022-12-29 13:00:00+08:00,23.799999237060547,23.799999237060547,23.799999237060547,23.799999237060547,2000,0.0,0.0
2022-12-30 09:00:00+08:00,23.649999618530273,24.25,23.649999618530273,24.149999618530273,9037,0.0,0.0
2022-12-30 10:00:00+08:00,24.0,24.0,23.899999618530273,23.899999618530273,9120,0.0,0.0
2022-12-30 12:00:00+08:00,23.899999618530273,23.899999618530273,23.899999618530273,23.899999618530273,0,0.0,0.0
2023-01-03 09:00:00+08:00,23.950000762939453,23.950000762939453,23.5,23.600000381469727,0,0.0,0.0
2023-01-03 10:00:00+08:00,23.600000381469727,23.799999237060547,23.600000381469727,23.799999237060547,11000,0.0,0.0
2023-01-03 11:00:00+08:00,23.799999237060547,23.799999237060547,23.75,23.75,3004,0.0,0.0
2023-01-03 13:00:00+08:00,23.799999237060547,23.799999237060547,23.799999237060547,23.799999237060547,2001,0.0,0.0
2023-01-04 09:00:00+08:00,23.600000381469727,23.600000381469727,23.5,23.549999237060547,0,0.0,0.0
2023-01-04 10:00:00+08:00,23.649999618530273,23.700000762939453,23.649999618530273,23.700000762939453,2116,0.0,0.0
2023-01-04 11:00:00+08:00,23.700000762939453,23.700000762939453,23.700000762939453,23.700000762939453,1005,0.0,0.0
2023-01-04 12:00:00+08:00,23.700000762939453,23.700000762939453,23.649999618530273,23.649999618530273,3000,0.0,0.0
2023-01-04 13:00:00+08:00,23.75,23.950000762939453,23.700000762939453,23.950000762939453,11001,0.0,0.0
2023-01-05 09:00:00+08:00,24.0,24.0,23.850000381469727,23.850000381469727,0,0.0,0.0
2023-01-05 10:00:00+08:00,23.850000381469727,23.850000381469727,23.850000381469727,23.850000381469727,2000,0.0,0.0
2023-01-05 11:00:00+08:00,23.899999618530273,24.100000381469727,23.75,23.75,62000,0.0,0.0
2023-01-05 12:00:00+08:00,23.75,23.850000381469727,23.700000762939453,23.799999237060547,13003,0.0,0.0
2023-01-05 13:00:00+08:00,23.75,23.75,23.700000762939453,23.75,9003,0.0,0.0
2023-01-06 09:00:00+08:00,23.799999237060547,23.799999237060547,23.649999618530273,23.799999237060547,0,0.0,0.0
2023-01-06 10:00:00+08:00,23.649999618530273,23.649999618530273,23.5,23.649999618530273,42104,0.0,0.0
2023-01-06 11:00:00+08:00,23.649999618530273,23.75,23.649999618530273,23.75,6190,0.0,0.0
2023-01-06 12:00:00+08:00,23.700000762939453,23.700000762939453,23.649999618530273,23.649999618530273,6001,0.0,0.0
2023-01-06 13:00:00+08:00,23.700000762939453,23.700000762939453,23.649999618530273,23.700000762939453,19000,0.0,0.0
2023-01-09 09:00:00+08:00,23.850000381469727,24.0,23.799999237060547,24.0,0,0.0,0.0
2023-01-09 10:00:00+08:00,23.850000381469727,23.899999618530273,23.799999237060547,23.799999237060547,53156,0.0,0.0
2023-01-09 11:00:00+08:00,23.950000762939453,23.950000762939453,23.850000381469727,23.850000381469727,3033,0.0,0.0
2023-01-09 12:00:00+08:00,23.850000381469727,23.899999618530273,23.850000381469727,23.899999618530273,8565,0.0,0.0
2023-01-10 09:00:00+08:00,24.049999237060547,24.049999237060547,23.899999618530273,23.950000762939453,0,0.0,0.0
2023-01-10 10:00:00+08:00,23.950000762939453,24.0,23.950000762939453,23.950000762939453,10099,0.0,0.0
2023-01-10 11:00:00+08:00,23.950000762939453,23.950000762939453,23.950000762939453,23.950000762939453,1002,0.0,0.0
2023-01-10 12:00:00+08:00,23.899999618530273,23.899999618530273,23.899999618530273,23.899999618530273,3098,0.0,0.0
2023-01-10 13:00:00+08:00,23.899999618530273,23.899999618530273,23.899999618530273,23.899999618530273,1111,0.0,0.0
2023-01-11 09:00:00+08:00,24.0,24.0,23.950000762939453,23.950000762939453,0,0.0,0.0
2023-01-11 10:00:00+08:00,23.950000762939453,23.950000762939453,23.950000762939453,23.950000762939453,2006,0.0,0.0
2023-01-11 12:00:00+08:00,23.950000762939453,23.950000762939453,23.950000762939453,23.950000762939453,2001,0.0,0.0
2023-01-11 13:00:00+08:00,24.0,24.0,24.0,24.0,4135,0.0,0.0
2023-01-12 09:00:00+08:00,24.25,24.299999237060547,23.950000762939453,23.950000762939453,13859,0.0,0.0
2023-01-12 10:00:00+08:00,24.0,24.0,23.950000762939453,23.950000762939453,2061,0.0,0.0
2023-01-12 11:00:00+08:00,23.950000762939453,23.950000762939453,23.950000762939453,23.950000762939453,2000,0.0,0.0
2023-01-12 12:00:00+08:00,23.950000762939453,24.0,23.950000762939453,24.0,4004,0.0,0.0
2023-01-12 13:00:00+08:00,24.0,24.200000762939453,24.0,24.200000762939453,8000,0.0,0.0
2023-01-13 09:00:00+08:00,24.049999237060547,24.049999237060547,23.950000762939453,23.950000762939453,0,0.0,0.0
2023-01-13 10:00:00+08:00,23.950000762939453,23.950000762939453,23.950000762939453,23.950000762939453,7730,0.0,0.0
2023-01-13 11:00:00+08:00,23.950000762939453,23.950000762939453,23.899999618530273,23.899999618530273,29000,0.0,0.0
2023-01-13 12:00:00+08:00,23.899999618530273,23.899999618530273,23.899999618530273,23.899999618530273,4005,0.0,0.0
2023-01-13 13:00:00+08:00,23.950000762939453,24.25,23.950000762939453,24.25,24001,0.0,0.0
2023-01-16 09:00:00+08:00,24.350000381469727,24.350000381469727,24.0,24.049999237060547,0,0.0,0.0
2023-01-16 10:00:00+08:00,24.049999237060547,24.049999237060547,24.049999237060547,24.049999237060547,3005,0.0,0.0
2023-01-16 11:00:00+08:00,24.100000381469727,24.100000381469727,24.100000381469727,24.100000381469727,1021,0.0,0.0
2023-01-16 12:00:00+08:00,24.100000381469727,24.100000381469727,24.100000381469727,24.100000381469727,1009,0.0,0.0
2023-01-16 13:00:00+08:00,24.200000762939453,24.25,24.200000762939453,24.25,3000,0.0,0.0
2023-01-17 09:00:00+08:00,24.350000381469727,25.200000762939453,24.350000381469727,24.850000381469727,35761,0.0,0.0
2023-01-17 10:00:00+08:00,24.799999237060547,24.850000381469727,24.600000381469727,24.649999618530273,19024,0.0,0.0
2023-01-17 11:00:00+08:00,24.649999618530273,24.850000381469727,24.649999618530273,24.850000381469727,9039,0.0,0.0
2023-01-17 13:00:00+08:00,24.850000381469727,24.899999618530273,24.850000381469727,24.850000381469727,10013,0.0,0.0
2023-01-30 09:00:00+08:00,24.799999237060547,25.799999237060547,24.799999237060547,25.5,0,0.0,0.0
2023-01-30 10:00:00+08:00,25.25,25.25,24.799999237060547,24.799999237060547,23002,0.0,0.0
2023-01-30 11:00:00+08:00,24.850000381469727,25.5,24.799999237060547,25.299999237060547,42438,0.0,0.0
2023-01-30 12:00:00+08:00,25.399999618530273,25.450000762939453,25.350000381469727,25.350000381469727,17001,0.0,0.0
2023-01-30 13:00:00+08:00,25.350000381469727,25.549999237060547,25.350000381469727,25.549999237060547,21033,0.0,0.0
2023-01-31 09:00:00+08:00,25.5,26.100000381469727,25.5,25.899999618530273,0,0.0,0.0
2023-01-31 10:00:00+08:00,25.950000762939453,26.149999618530273,25.950000762939453,26.100000381469727,42102,0.0,0.0
2023-01-31 11:00:00+08:00,26.049999237060547,26.100000381469727,26.049999237060547,26.100000381469727,16386,0.0,0.0
2023-01-31 12:00:00+08:00,26.100000381469727,26.100000381469727,26.049999237060547,26.049999237060547,22001,0.0,0.0
2023-01-31 13:00:00+08:00,26.049999237060547,26.100000381469727,26.049999237060547,26.100000381469727,10000,0.0,0.0
2023-02-01 09:00:00+08:00,26.049999237060547,26.450000762939453,26.049999237060547,26.299999237060547,0,0.0,0.0
2023-02-01 10:00:00+08:00,26.399999618530273,26.399999618530273,26.299999237060547,26.299999237060547,5052,0.0,0.0
2023-02-01 11:00:00+08:00,26.299999237060547,26.450000762939453,26.299999237060547,26.450000762939453,16584,0.0,0.0
2023-02-01 12:00:00+08:00,26.450000762939453,26.5,26.399999618530273,26.5,14042,0.0,0.0
2023-02-01 13:00:00+08:00,26.450000762939453,26.450000762939453,26.450000762939453,26.450000762939453,7307,0.0,0.0
2023-02-02 09:00:00+08:00,26.450000762939453,26.899999618530273,26.450000762939453,26.799999237060547,0,0.0,0.0
2023-02-02 10:00:00+08:00,26.799999237060547,26.799999237060547,26.799999237060547,26.799999237060547,14400,0.0,0.0
2023-02-02 11:00:00+08:00,26.799999237060547,27.549999237060547,26.799999237060547,26.799999237060547,71244,0.0,0.0
2023-02-02 12:00:00+08:00,26.799999237060547,27.5,26.799999237060547,27.450000762939453,29229,0.0,0.0
2023-02-02 13:00:00+08:00,27.450000762939453,27.450000762939453,27.399999618530273,27.450000762939453,13000,0.0,0.0
2023-02-03 09:00:00+08:00,29.700000762939453,29.799999237060547,28.399999618530273,28.600000381469727,381102,0.0,0.0
2023-02-03 10:00:00+08:00,28.549999237060547,28.799999237060547,28.549999237060547,28.700000762939453,71391,0.0,0.0
2023-02-03 11:00:00+08:00,28.700000762939453,28.799999237060547,28.700000762939453,28.799999237060547,42927,0.0,0.0
2023-02-03 12:00:00+08:00,28.850000381469727,28.950000762939453,28.850000381469727,28.899999618530273,68051,0.0,0.0
2023-02-03 13:00:00+08:00,28.899999618530273,28.950000762939453,28.799999237060547,28.899999618530273,35107,0.0,0.0
2023-02-06 09:00:00+08:00,27.799999237060547,28.399999618530273,27.299999237060547,28.149999618530273,0,0.0,0.0
2023-02-06 10:00:00+08:00,28.149999618530273,28.600000381469727,28.149999618530273,28.25,42132,0.0,0.0
2023-02-06 11:00:00+08:00,28.5,28.5,28.299999237060547,28.299999237060547,10021,0.0,0.0
2023-02-06 12:00:00+08:00,28.299999237060547,28.5,28.299999237060547,28.450000762939453,84070,0.0,0.0
2023-02-06 13:00:00+08:00,28.5,28.600000381469727,28.5,28.600000381469727,60079,0.0,0.0
2023-02-07 09:00:00+08:00,28.75,28.75,28.200000762939453,28.299999237060547,0,0.0,0.0
2023-02-07 10:00:00+08:00,28.5,28.649999618530273,28.399999618530273,28.399999618530273,13019,0.0,0.0
2023-02-07 11:00:00+08:00,28.399999618530273,28.5,28.350000381469727,28.5,7070,0.0,0.0
2023-02-07 12:00:00+08:00,28.399999618530273,28.450000762939453,28.200000762939453,28.450000762939453,23008,0.0,0.0
2023-02-07 13:00:00+08:00,28.299999237060547,28.399999618530273,28.200000762939453,28.299999237060547,13035,0.0,0.0
2023-02-08 09:00:00+08:00,28.200000762939453,28.399999618530273,28.200000762939453,28.200000762939453,0,0.0,0.0
2023-02-08 10:00:00+08:00,28.200000762939453,28.549999237060547,28.200000762939453,28.450000762939453,8006,0.0,0.0
2023-02-08 11:00:00+08:00,28.299999237060547,28.399999618530273,28.299999237060547,28.299999237060547,8002,0.0,0.0
2023-02-08 12:00:00+08:00,28.299999237060547,28.299999237060547,28.25,28.25,9016,0.0,0.0
2023-02-08 13:00:00+08:00,28.299999237060547,28.299999237060547,28.299999237060547,28.299999237060547,2253,0.0,0.0
2023-02-09 09:00:00+08:00,28.049999237060547,28.100000381469727,28.049999237060547,28.100000381469727,0,0.0,0.0
2023-02-09 10:00:00+08:00,28.100000381469727,28.100000381469727,27.950000762939453,27.950000762939453,21041,0.0,0.0
2023-02-09 11:00:00+08:00,27.950000762939453,27.950000762939453,27.899999618530273,27.950000762939453,18086,0.0,0.0
2023-02-09 12:00:00+08:00,27.950000762939453,27.950000762939453,27.850000381469727,27.950000762939453,26005,0.0,0.0
2023-02-09 13:00:00+08:00,27.950000762939453,28.100000381469727,27.950000762939453,27.950000762939453,13001,0.0,0.0
2023-02-10 09:00:00+08:00,27.850000381469727,27.899999618530273,27.850000381469727,27.850000381469727,0,0.0,0.0
2023-02-10 10:00:00+08:00,27.850000381469727,27.850000381469727,27.75,27.75,9014,0.0,0.0
2023-02-10 11:00:00+08:00,27.700000762939453,27.700000762939453,27.700000762939453,27.700000762939453,4000,0.0,0.0
2023-02-10 12:00:00+08:00,27.700000762939453,27.700000762939453,27.700000762939453,27.700000762939453,13002,0.0,0.0
2023-02-10 13:00:00+08:00,27.75,27.75,27.649999618530273,27.649999618530273,10002,0.0,0.0
2023-02-13 09:00:00+08:00,27.850000381469727,27.850000381469727,27.850000381469727,27.850000381469727,0,0.0,0.0
2023-02-13 10:00:00+08:00,27.799999237060547,27.799999237060547,27.700000762939453,27.700000762939453,3002,0.0,0.0
2023-02-13 11:00:00+08:00,27.649999618530273,27.649999618530273,27.549999237060547,27.549999237060547,7001,0.0,0.0
2023-02-13 12:00:00+08:00,27.600000381469727,27.700000762939453,27.600000381469727,27.649999618530273,7087,0.0,0.0
2023-02-13 13:00:00+08:00,27.649999618530273,27.649999618530273,27.600000381469727,27.600000381469727,8002,0.0,0.0
2023-02-14 09:00:00+08:00,27.649999618530273,27.649999618530273,27.549999237060547,27.549999237060547,0,0.0,0.0
2023-02-14 10:00:00+08:00,27.549999237060547,27.549999237060547,27.5,27.5,19167,0.0,0.0
2023-02-14 11:00:00+08:00,27.75,27.75,27.75,27.75,2484,0.0,0.0
2023-02-14 12:00:00+08:00,27.549999237060547,27.549999237060547,27.5,27.5,12327,0.0,0.0
2023-02-15 09:00:00+08:00,27.299999237060547,27.700000762939453,27.299999237060547,27.5,0,0.0,0.0
2023-02-15 11:00:00+08:00,27.450000762939453,27.5,27.399999618530273,27.450000762939453,6405,0.0,0.0
2023-02-15 12:00:00+08:00,27.399999618530273,27.399999618530273,27.399999618530273,27.399999618530273,4005,0.0,0.0
2023-02-15 13:00:00+08:00,27.399999618530273,27.399999618530273,27.399999618530273,27.399999618530273,2000,0.0,0.0
2023-02-16 09:00:00+08:00,27.450000762939453,27.450000762939453,27.350000381469727,27.350000381469727,0,0.0,0.0
2023-02-16 10:00:00+08:00,27.25,27.450000762939453,27.200000762939453,27.450000762939453,7005,0.0,0.0
2023-02-16 11:00:00+08:00,27.350000381469727,27.350000381469727,27.299999237060547,27.350000381469727,6003,0.0,0.0
2023-02-16 12:00:00+08:00,27.399999618530273,27.450000762939453,27.350000381469727,27.450000762939453,14182,0.0,0.0
2023-02-16 13:00:00+08:00,27.450000762939453,27.450000762939453,27.399999618530273,27.399999618530273,3003,0.0,0.0
2023-02-17 09:00:00+08:00,27.200000762939453,27.5,27.100000381469727,27.450000762939453,0,0.0,0.0
2023-02-17 10:00:00+08:00,27.450000762939453,27.5,27.450000762939453,27.5,5025,0.0,0.0
2023-02-17 11:00:00+08:00,27.299999237060547,27.5,27.299999237060547,27.5,8060,0.0,0.0
2023-02-17 12:00:00+08:00,27.5,27.600000381469727,27.5,27.600000381469727,5003,0.0,0.0
2023-02-17 13:00:00+08:00,27.600000381469727,27.600000381469727,27.600000381469727,27.600000381469727,5000,0.0,0.0
2023-02-20 09:00:00+08:00,27.649999618530273,28.0,27.649999618530273,28.0,0,0.0,0.0
2023-02-20 10:00:00+08:00,27.950000762939453,28.0,27.950000762939453,28.0,3006,0.0,0.0
2023-02-20 11:00:00+08:00,28.0,28.0,28.0,28.0,3005,0.0,0.0
2023-02-20 12:00:00+08:00,28.049999237060547,28.149999618530273,28.049999237060547,28.149999618530273,7041,0.0,0.0
2023-02-20 13:00:00+08:00,28.049999237060547,28.049999237060547,27.850000381469727,27.850000381469727,5002,0.0,0.0
2023-02-21 09:00:00+08:00,28.399999618530273,28.399999618530273,28.299999237060547,28.299999237060547,0,0.0,0.0
2023-02-21 10:00:00+08:00,28.0,28.200000762939453,28.0,28.149999618530273,3014,0.0,0.0
2023-02-21 12:00:00+08:00,28.049999237060547,28.100000381469727,27.899999618530273,27.899999618530273,8004,0.0,0.0
2023-02-21 13:00:00+08:00,27.950000762939453,27.950000762939453,27.950000762939453,27.950000762939453,1001,0.0,0.0
2023-02-22 09:00:00+08:00,27.899999618530273,28.100000381469727,27.600000381469727,27.600000381469727,0,0.0,0.0
2023-02-22 10:00:00+08:00,27.600000381469727,27.649999618530273,27.600000381469727,27.600000381469727,7002,0.0,0.0
2023-02-22 11:00:00+08:00,27.649999618530273,27.649999618530273,27.649999618530273,27.649999618530273,1007,0.0,0.0
2023-02-22 12:00:00+08:00,27.850000381469727,27.899999618530273,27.850000381469727,27.899999618530273,2002,0.0,0.0
2023-02-22 13:00:00+08:00,27.899999618530273,27.899999618530273,27.899999618530273,27.899999618530273,3000,0.0,0.0
2023-02-23 09:00:00+08:00,27.899999618530273,27.899999618530273,27.899999618530273,27.899999618530273,0,0.0,0.0
2023-02-23 10:00:00+08:00,27.850000381469727,28.0,27.850000381469727,27.899999618530273,9008,0.0,0.0
2023-02-23 11:00:00+08:00,27.899999618530273,27.899999618530273,27.899999618530273,27.899999618530273,10005,0.0,0.0
2023-02-23 12:00:00+08:00,27.850000381469727,27.899999618530273,27.799999237060547,27.850000381469727,15025,0.0,0.0
2023-02-23 13:00:00+08:00,27.850000381469727,27.850000381469727,27.850000381469727,27.850000381469727,2002,0.0,0.0
2023-02-24 09:00:00+08:00,27.850000381469727,27.850000381469727,27.850000381469727,27.850000381469727,0,0.0,0.0
2023-02-24 10:00:00+08:00,27.799999237060547,27.799999237060547,27.75,27.75,3055,0.0,0.0
2023-02-24 11:00:00+08:00,27.75,27.75,27.75,27.75,4011,0.0,0.0
2023-02-24 12:00:00+08:00,27.75,27.75,27.75,27.75,1004,0.0,0.0
2023-02-24 13:00:00+08:00,27.700000762939453,27.700000762939453,27.700000762939453,27.700000762939453,4001,0.0,0.0
2023-03-01 10:00:00+08:00,27.75,27.75,27.600000381469727,27.649999618530273,12004,0.0,0.0
2023-03-01 11:00:00+08:00,27.549999237060547,27.549999237060547,27.549999237060547,27.549999237060547,5066,0.0,0.0
2023-03-01 12:00:00+08:00,27.600000381469727,27.600000381469727,27.600000381469727,27.600000381469727,2001,0.0,0.0
2023-03-01 13:00:00+08:00,27.600000381469727,27.600000381469727,27.600000381469727,27.600000381469727,1001,0.0,0.0
2023-03-02 09:00:00+08:00,27.700000762939453,27.700000762939453,27.649999618530273,27.649999618530273,0,0.0,0.0
2023-03-02 10:00:00+08:00,27.649999618530273,27.649999618530273,27.649999618530273,27.649999618530273,5004,0.0,0.0
2023-03-02 11:00:00+08:00,27.649999618530273,27.649999618530273,27.649999618530273,27.649999618530273,4609,0.0,0.0
2023-03-02 12:00:00+08:00,27.700000762939453,27.700000762939453,27.649999618530273,27.649999618530273,5065,0.0,0.0
2023-03-02 13:00:00+08:00,27.649999618530273,27.700000762939453,27.5,27.700000762939453,11006,0.0,0.0
2023-03-03 09:00:00+08:00,27.700000762939453,27.850000381469727,27.600000381469727,27.600000381469727,0,0.0,0.0
2023-03-03 10:00:00+08:00,27.600000381469727,27.649999618530273,27.600000381469727,27.649999618530273,4005,0.0,0.0
2023-03-03 11:00:00+08:00,27.700000762939453,27.700000762939453,27.700000762939453,27.700000762939453,3005,0.0,0.0
2023-03-03 12:00:00+08:00,27.799999237060547,27.799999237060547,27.700000762939453,27.700000762939453,4008,0.0,0.0
2023-03-06 09:00:00+08:00,27.850000381469727,27.899999618530273,27.850000381469727,27.899999618530273,0,0.0,0.0
2023-03-06 10:00:00+08:00,27.899999618530273,27.899999618530273,27.899999618530273,27.899999618530273,12004,0.0,0.0
2023-03-06 11:00:00+08:00,27.899999618530273,28.100000381469727,27.899999618530273,28.100000381469727,43004,0.0,0.0
2023-03-06 12:00:00+08:00,28.100000381469727,28.149999618530273,28.100000381469727,28.149999618530273,15043,0.0,0.0
2023-03-06 13:00:00+08:00,28.149999618530273,28.149999618530273,28.149999618530273,28.149999618530273,1005,0.0,0.0
2023-03-07 09:00:00+08:00,28.350000381469727,28.350000381469727,28.100000381469727,28.100000381469727,18046,0.0,0.0
2023-03-07 10:00:00+08:00,28.100000381469727,28.25,28.049999237060547,28.25,8028,0.0,0.0
2023-03-07 11:00:00+08:00,28.25,28.25,28.149999618530273,28.149999618530273,5003,0.0,0.0
2023-03-07 12:00:00+08:00,28.200000762939453,28.200000762939453,28.200000762939453,28.200000762939453,7105,0.0,0.0
2023-03-07 13:00:00+08:00,28.149999618530273,28.149999618530273,28.149999618530273,28.149999618530273,4001,0.0,0.0
2023-03-08 09:00:00+08:00,28.100000381469727,28.100000381469727,27.600000381469727,28.0,0,0.0,0.0
2023-03-08 10:00:00+08:00,28.0,28.0,28.0,28.0,8000,0.0,0.0
2023-03-08 11:00:00+08:00,27.899999618530273,28.100000381469727,27.899999618530273,28.100000381469727,20003,0.0,0.0
2023-03-08 12:00:00+08:00,28.100000381469727,28.100000381469727,28.100000381469727,28.100000381469727,2004,0.0,0.0
2023-03-08 13:00:00+08:00,28.049999237060547,28.049999237060547,28.049999237060547,28.049999237060547,7005,0.0,0.0
2023-03-09 09:00:00+08:00,28.299999237060547,28.299999237060547,28.100000381469727,28.200000762939453,0,0.0,0.0
2023-03-09 10:00:00+08:00,28.149999618530273,28.149999618530273,27.899999618530273,27.899999618530273,16072,0.0,0.0
2023-03-09 11:00:00+08:00,28.100000381469727,28.100000381469727,28.049999237060547,28.049999237060547,3002,0.0,0.0
2023-03-09 12:00:00+08:00,28.049999237060547,28.049999237060547,28.049999237060547,28.049999237060547,2005,0.0,0.0
2023-03-09 13:00:00+08:00,28.049999237060547,28.049999237060547,28.049999237060547,28.049999237060547,6002,0.0,0.0
2023-03-10 09:00:00+08:00,27.75,27.75,27.600000381469727,27.600000381469727,0,0.0,0.0
2023-03-10 10:00:00+08:00,27.649999618530273,27.649999618530273,27.649999618530273,27.649999618530273,2006,0.0,0.0
2023-03-10 11:00:00+08:00,27.649999618530273,27.649999618530273,27.549999237060547,27.549999237060547,24004,0.0,0.0
2023-03-10 12:00:00+08:00,27.549999237060547,27.549999237060547,27.5,27.5,10010,0.0,0.0
2023-03-10 13:00:00+08:00,27.649999618530273,27.649999618530273,27.649999618530273,27.649999618530273,3004,0.0,0.0
2023-03-13 09:00:00+08:00,27.450000762939453,27.450000762939453,27.149999618530273,27.200000762939453,0,0.0,0.0
2023-03-13 10:00:00+08:00,27.299999237060547,27.549999237060547,27.299999237060547,27.549999237060547,10005,0.0,0.0
2023-03-13 11:00:00+08:00,27.549999237060547,27.549999237060547,27.5,27.5,11003,0.0,0.0
2023-03-13 12:00:00+08:00,27.5,27.549999237060547,27.5,27.549999237060547,3024,0.0,0.0
2023-03-14 09:00:00+08:00,27.5,27.5,27.5,27.5,0,0.0,0.0
2023-03-14 10:00:00+08:00,27.549999237060547,27.549999237060547,27.5,27.5,6004,0.0,0.0
2023-03-14 11:00:00+08:00,27.75,27.75,27.75,27.75,1011,0.0,0.0
2023-03-14 12:00:00+08:00,27.700000762939453,27.700000762939453,27.700000762939453,27.700000762939453,1006,0.0,0.0
2023-03-15 09:00:00+08:00,27.649999618530273,28.049999237060547,27.649999618530273,27.899999618530273,0,0.0,0.0
2023-03-15 10:00:00+08:00,27.899999618530273,27.899999618530273,27.850000381469727,27.850000381469727,4001,0.0,0.0
2023-03-15 11:00:00+08:00,27.799999237060547,27.799999237060547,27.799999237060547,27.799999237060547,2001,0.0,0.0
2023-03-15 12:00:00+08:00,27.799999237060547,27.799999237060547,27.799999237060547,27.799999237060547,5001,0.0,0.0
2023-03-15 13:00:00+08:00,27.799999237060547,27.850000381469727,27.799999237060547,27.850000381469727,2002,0.0,0.0
2023-03-16 09:00:00+08:00,27.799999237060547,27.799999237060547,27.799999237060547,27.799999237060547,0,0.0,0.0
2023-03-16 10:00:00+08:00,27.75,27.75,27.700000762939453,27.700000762939453,6074,0.0,0.0
2023-03-16 11:00:00+08:00,27.5,27.5,27.5,27.5,9006,0.0,0.0
2023-03-16 12:00:00+08:00,27.549999237060547,27.549999237060547,27.5,27.549999237060547,5005,0.0,0.0
2023-03-16 13:00:00+08:00,27.549999237060547,27.549999237060547,27.5,27.5,5002,0.0,0.0
2023-03-17 09:00:00+08:00,27.549999237060547,27.549999237060547,27.549999237060547,27.549999237060547,0,0.0,0.0
2023-03-17 10:00:00+08:00,27.549999237060547,27.549999237060547,27.350000381469727,27.350000381469727,50115,0.0,0.0
2023-03-17 11:00:00+08:00,27.350000381469727,27.5,27.350000381469727,27.5,19103,0.0,0.0
2023-03-17 12:00:00+08:00,27.450000762939453,27.600000381469727,27.450000762939453,27.600000381469727,3256,0.0,0.0
2023-03-17 13:00:00+08:00,27.600000381469727,27.600000381469727,27.600000381469727,27.600000381469727,2000,0.0,0.0
2023-03-20 09:00:00+08:00,27.649999618530273,27.899999618530273,27.649999618530273,27.700000762939453,0,0.0,0.0
2023-03-20 10:00:00+08:00,27.700000762939453,27.799999237060547,27.700000762939453,27.799999237060547,4016,0.0,0.0
2023-03-20 11:00:00+08:00,27.799999237060547,27.899999618530273,27.799999237060547,27.899999618530273,5006,0.0,0.0
2023-03-20 12:00:00+08:00,27.799999237060547,27.899999618530273,27.75,27.899999618530273,6056,0.0,0.0
2023-03-20 13:00:00+08:00,27.899999618530273,27.899999618530273,27.850000381469727,27.850000381469727,7002,0.0,0.0
2023-03-21 09:00:00+08:00,28.0,28.0,28.0,28.0,0,0.0,0.0
2023-03-21 10:00:00+08:00,28.049999237060547,28.100000381469727,28.049999237060547,28.100000381469727,7004,0.0,0.0
2023-03-21 11:00:00+08:00,28.100000381469727,28.149999618530273,28.049999237060547,28.149999618530273,29435,0.0,0.0
2023-03-21 12:00:00+08:00,28.200000762939453,28.25,28.0,28.200000762939453,22908,0.0,0.0
2023-03-22 09:00:00+08:00,28.350000381469727,28.350000381469727,28.299999237060547,28.299999237060547,0,0.0,0.0
2023-03-22 10:00:00+08:00,28.299999237060547,28.299999237060547,28.299999237060547,28.299999237060547,10320,0.0,0.0
2023-03-22 11:00:00+08:00,28.299999237060547,28.350000381469727,28.25,28.350000381469727,26109,0.0,0.0
2023-03-22 12:00:00+08:00,28.350000381469727,28.399999618530273,28.350000381469727,28.399999618530273,10070,0.0,0.0
2023-03-22 13:00:00+08:00,28.450000762939453,28.549999237060547,28.450000762939453,28.549999237060547,19324,0.0,0.0
2023-03-23 09:00:00+08:00,28.700000762939453,28.850000381469727,28.700000762939453,28.799999237060547,0,0.0,0.0
2023-03-23 10:00:00+08:00,28.799999237060547,29.0,28.799999237060547,28.950000762939453,33331,0.0,0.0
2023-03-23 11:00:00+08:00,28.950000762939453,29.0,28.850000381469727,28.850000381469727,16055,0.0,0.0
2023-03-23 12:00:00+08:00,28.850000381469727,28.850000381469727,28.799999237060547,28.850000381469727,19209,0.0,0.0
2023-03-23 13:00:00+08:00,28.850000381469727,29.0,28.850000381469727,28.950000762939453,17026,0.0,0.0
2023-03-24 09:00:00+08:00,28.950000762939453,28.950000762939453,28.549999237060547,28.850000381469727,0,0.0,0.0
2023-03-24 10:00:00+08:00,28.700000762939453,28.700000762939453,28.600000381469727,28.649999618530273,5116,0.0,0.0
2023-03-24 11:00:00+08:00,28.700000762939453,28.700000762939453,28.600000381469727,28.700000762939453,20200,0.0,0.0
2023-03-24 12:00:00+08:00,28.700000762939453,28.700000762939453,28.600000381469727,28.649999618530273,4021,0.0,0.0
2023-03-24 13:00:00+08:00,28.799999237060547,28.850000381469727,28.649999618530273,28.649999618530273,7009,0.0,0.0
2023-03-27 09:00:00+08:00,28.950000762939453,28.950000762939453,28.799999237060547,28.799999237060547,0,0.0,0.0
2023-03-27 10:00:00+08:00,28.799999237060547,28.850000381469727,28.799999237060547,28.850000381469727,11208,0.0,0.0
2023-03-27 11:00:00+08:00,28.850000381469727,28.850000381469727,28.799999237060547,28.799999237060547,13036,0.0,0.0
2023-03-27 12:00:00+08:00,28.799999237060547,28.850000381469727,28.799999237060547,28.850000381469727,14057,0.0,0.0
2023-03-27 13:00:00+08:00,28.799999237060547,28.799999237060547,28.75,28.75,5020,0.0,0.0
2023-03-28 09:00:00+08:00,28.75,28.75,28.649999618530273,28.649999618530273,0,0.0,0.0
2023-03-28 10:00:00+08:00,28.600000381469727,28.649999618530273,28.600000381469727,28.600000381469727,17029,0.0,0.0
2023-03-28 11:00:00+08:00,28.600000381469727,28.700000762939453,28.600000381469727,28.700000762939453,19025,0.0,0.0
2023-03-28 12:00:00+08:00,28.700000762939453,28.700000762939453,28.700000762939453,28.700000762939453,3163,0.0,0.0
2023-03-28 13:00:00+08:00,28.700000762939453,28.700000762939453,28.600000381469727,28.600000381469727,2003,0.0,0.0
2023-03-29 09:00:00+08:00,28.649999618530273,28.899999618530273,28.649999618530273,28.75,0,0.0,0.0
2023-03-29 10:00:00+08:00,28.600000381469727,28.600000381469727,28.600000381469727,28.600000381469727,5042,0.0,0.0
2023-03-29 11:00:00+08:00,28.549999237060547,28.75,28.549999237060547,28.75,6107,0.0,0.0
2023-03-29 12:00:00+08:00,28.600000381469727,28.75,28.600000381469727,28.75,8029,0.0,0.0
2023-03-29 13:00:00+08:00,28.700000762939453,28.700000762939453,28.700000762939453,28.700000762939453,2006,0.0,0.0
2023-03-30 09:00:00+08:00,28.75,28.75,28.700000762939453,28.700000762939453,0,0.0,0.0
2023-03-30 10:00:00+08:00,28.75,28.75,28.75,28.75,10016,0.0,0.0
2023-03-30 11:00:00+08:00,28.799999237060547,28.799999237060547,28.799999237060547,28.799999237060547,3024,0.0,0.0
2023-03-30 12:00:00+08:00,28.75,28.75,28.75,28.75,9018,0.0,0.0
2023-03-30 13:00:00+08:00,28.799999237060547,28.799999237060547,28.75,28.75,20010,0.0,0.0
2023-03-31 09:00:00+08:00,28.799999237060547,29.049999237060547,28.799999237060547,28.950000762939453,0,0.0,0.0
2023-03-31 10:00:00+08:00,28.899999618530273,28.950000762939453,28.850000381469727,28.850000381469727,14040,0.0,0.0
2023-03-31 11:00:00+08:00,28.850000381469727,28.850000381469727,28.850000381469727,28.850000381469727,2230,0.0,0.0
2023-03-31 13:00:00+08:00,28.850000381469727,28.850000381469727,28.850000381469727,28.850000381469727,7016,0.0,0.0
2023-04-06 09:00:00+08:00,28.899999618530273,28.899999618530273,28.899999618530273,28.899999618530273,0,0.0,0.0
2023-04-06 10:00:00+08:00,28.799999237060547,28.950000762939453,28.799999237060547,28.950000762939453,3044,0.0,0.0
2023-04-06 11:00:00+08:00,28.950000762939453,28.950000762939453,28.899999618530273,28.899999618530273,5048,0.0,0.0
2023-04-06 12:00:00+08:00,28.899999618530273,29.299999237060547,28.899999618530273,29.299999237060547,39848,0.0,0.0
2023-04-06 13:00:00+08:00,29.200000762939453,29.200000762939453,29.200000762939453,29.200000762939453,2011,0.0,0.0
2023-04-07 09:00:00+08:00,29.200000762939453,29.200000762939453,29.0,29.100000381469727,0,0.0,0.0
2023-04-07 10:00:00+08:00,29.100000381469727,29.100000381469727,29.100000381469727,29.100000381469727,2160,0.0,0.0
2023-04-07 11:00:00+08:00,29.100000381469727,29.100000381469727,29.100000381469727,29.100000381469727,6092,0.0,0.0
2023-04-07 12:00:00+08:00,29.100000381469727,29.100000381469727,29.049999237060547,29.049999237060547,10385,0.0,0.0
2023-04-07 13:00:00+08:00,29.100000381469727,29.149999618530273,29.100000381469727,29.149999618530273,5016,0.0,0.0
2023-04-10 09:00:00+08:00,29.200000762939453,29.200000762939453,29.100000381469727,29.200000762939453,0,0.0,0.0
2023-04-10 10:00:00+08:00,29.25,29.299999237060547,29.200000762939453,29.200000762939453,13037,0.0,0.0
2023-04-10 11:00:00+08:00,29.200000762939453,29.200000762939453,29.149999618530273,29.149999618530273,9184,0.0,0.0
2023-04-10 12:00:00+08:00,29.200000762939453,29.200000762939453,29.200000762939453,29.200000762939453,5136,0.0,0.0
2023-04-11 09:00:00+08:00,29.149999618530273,29.149999618530273,29.100000381469727,29.100000381469727,10078,0.0,0.0
2023-04-11 10:00:00+08:00,29.100000381469727,29.100000381469727,29.0,29.0,12088,0.0,0.0
2023-04-11 11:00:00+08:00,29.149999618530273,29.149999618530273,29.149999618530273,29.149999618530273,2010,0.0,0.0
2023-04-11 12:00:00+08:00,29.149999618530273,29.149999618530273,29.149999618530273,29.149999618530273,3121,0.0,0.0
2023-04-11 13:00:00+08:00,29.149999618530273,29.149999618530273,29.149999618530273,29.149999618530273,1033,0.0,0.0
2023-04-12 09:00:00+08:00,29.200000762939453,29.200000762939453,29.149999618530273,29.200000762939453,0,0.0,0.0
2023-04-12 10:00:00+08:00,29.200000762939453,29.200000762939453,29.149999618530273,29.200000762939453,11063,0.0,0.0
2023-04-12 11:00:00+08:00,29.200000762939453,29.200000762939453,29.100000381469727,29.100000381469727,19185,0.0,0.0
2023-04-12 12:00:00+08:00,29.100000381469727,29.149999618530273,29.100000381469727,29.149999618530273,15167,0.0,0.0
2023-04-12 13:00:00+08:00,29.100000381469727,29.100000381469727,29.049999237060547,29.100000381469727,10183,0.0,0.0
2023-04-13 09:00:00+08:00,29.100000381469727,29.100000381469727,29.0,29.0,0,0.0,0.0
2023-04-13 10:00:00+08:00,29.049999237060547,29.100000381469727,29.0,29.100000381469727,34353,0.0,0.0
2023-04-13 12:00:00+08:00,29.100000381469727,29.100000381469727,29.100000381469727,29.100000381469727,20043,0.0,0.0
2023-04-13 13:00:00+08:00,29.100000381469727,29.149999618530273,29.100000381469727,29.149999618530273,16007,0.0,0.0
2023-04-14 09:00:00+08:00,29.100000381469727,29.25,29.100000381469727,29.25,0,0.0,0.0
2023-04-14 10:00:00+08:00,29.25,29.399999618530273,29.25,29.399999618530273,27007,0.0,0.0
2023-04-14 11:00:00+08:00,29.350000381469727,29.399999618530273,29.350000381469727,29.350000381469727,8002,0.0,0.0
2023-04-14 12:00:00+08:00,29.350000381469727,29.350000381469727,29.299999237060547,29.299999237060547,12002,0.0,0.0
2023-04-14 13:00:00+08:00,29.299999237060547,29.399999618530273,29.299999237060547,29.399999618530273,17049,0.0,0.0
2023-04-17 09:00:00+08:00,29.700000762939453,29.700000762939453,29.649999618530273,29.649999618530273,0,0.0,0.0
2023-04-17 10:00:00+08:00,29.649999618530273,29.649999618530273,29.549999237060547,29.549999237060547,9011,0.0,0.0
2023-04-17 11:00:00+08:00,29.549999237060547,30.799999237060547,29.5,29.700000762939453,106106,0.0,0.0
2023-04-17 12:00:00+08:00,29.75,29.899999618530273,29.549999237060547,29.799999237060547,18492,0.0,0.0
2023-04-17 13:00:00+08:00,29.75,29.75,29.700000762939453,29.700000762939453,10002,0.0,0.0
2023-04-18 09:00:00+08:00,29.700000762939453,29.700000762939453,29.700000762939453,29.700000762939453,0,0.0,0.0
2023-04-18 10:00:00+08:00,29.700000762939453,29.700000762939453,29.700000762939453,29.700000762939453,1002,0.0,0.0
2023-04-18 12:00:00+08:00,29.75,29.75,29.649999618530273,29.649999618530273,10128,0.0,0.0
2023-04-18 13:00:00+08:00,29.649999618530273,29.649999618530273,29.649999618530273,29.649999618530273,1011,0.0,0.0
2023-04-19 09:00:00+08:00,29.649999618530273,29.649999618530273,29.649999618530273,29.649999618530273,0,0.0,0.0
2023-04-19 10:00:00+08:00,29.75,29.799999237060547,29.75,29.799999237060547,9004,0.0,0.0
2023-04-19 11:00:00+08:00,29.799999237060547,29.799999237060547,29.700000762939453,29.700000762939453,7000,0.0,0.0
2023-04-19 12:00:00+08:00,29.700000762939453,29.75,29.700000762939453,29.75,4000,0.0,0.0
2023-04-19 13:00:00+08:00,29.700000762939453,29.700000762939453,29.649999618530273,29.649999618530273,4000,0.0,0.0
2023-04-20 09:00:00+08:00,29.799999237060547,29.799999237060547,29.5,29.700000762939453,0,0.0,0.0
2023-04-20 10:00:00+08:00,29.649999618530273,29.700000762939453,29.549999237060547,29.549999237060547,12010,0.0,0.0
2023-04-20 11:00:00+08:00,29.600000381469727,29.649999618530273,29.5,29.5,17001,0.0,0.0
2023-04-20 12:00:00+08:00,29.549999237060547,29.549999237060547,29.5,29.5,13019,0.0,0.0
2023-04-20 13:00:00+08:00,29.5,29.5,29.399999618530273,29.5,8001,0.0,0.0
2023-04-21 09:00:00+08:00,29.899999618530273,29.899999618530273,29.25,29.649999618530273,0,0.0,0.0
2023-04-21 10:00:00+08:00,29.450000762939453,30.450000762939453,29.049999237060547,30.299999237060547,104245,0.0,0.0
2023-04-21 11:00:00+08:00,30.25,31.600000381469727,30.049999237060547,30.700000762939453,290480,0.0,0.0
2023-04-21 12:00:00+08:00,30.700000762939453,31.100000381469727,30.600000381469727,30.649999618530273,130012,0.0,0.0
2023-04-21 13:00:00+08:00,30.649999618530273,30.950000762939453,30.600000381469727,30.950000762939453,68711,0.0,0.0
2023-04-24 09:00:00+08:00,32.04999923706055,33.099998474121094,31.299999237060547,32.349998474121094,852847,0.0,0.0
2023-04-24 10:00:00+08:00,32.400001525878906,32.75,32.20000076293945,32.5,143194,0.0,0.0
2023-04-24 11:00:00+08:00,32.54999923706055,32.95000076293945,32.54999923706055,32.650001525878906,196460,0.0,0.0
2023-04-24 12:00:00+08:00,32.75,32.849998474121094,32.599998474121094,32.79999923706055,145228,0.0,0.0
2023-04-24 13:00:00+08:00,32.79999923706055,32.79999923706055,32.5,32.599998474121094,93381,0.0,0.0
2023-04-25 09:00:00+08:00,31.850000381469727,32.95000076293945,31.100000381469727,31.100000381469727,0,0.0,0.0
2023-04-25 10:00:00+08:00,31.049999237060547,31.049999237060547,29.899999618530273,30.0,370629,0.0,0.0
2023-04-25 11:00:00+08:00,30.049999237060547,30.149999618530273,29.899999618530273,29.950000762939453,90317,0.0,0.0
2023-04-25 12:00:00+08:00,29.950000762939453,29.950000762939453,29.649999618530273,29.700000762939453,91156,0.0,0.0
2023-04-25 13:00:00+08:00,29.700000762939453,29.850000381469727,29.649999618530273,29.850000381469727,44050,0.0,0.0
2023-04-26 09:00:00+08:00,29.850000381469727,29.899999618530273,28.899999618530273,29.049999237060547,0,0.0,0.0
2023-04-26 10:00:00+08:00,29.100000381469727,29.399999618530273,29.100000381469727,29.399999618530273,25255,0.0,0.0
2023-04-26 11:00:00+08:00,29.399999618530273,29.450000762939453,29.149999618530273,29.149999618530273,50000,0.0,0.0
2023-04-26 12:00:00+08:00,29.100000381469727,29.25,29.049999237060547,29.25,24118,0.0,0.0
2023-04-26 13:00:00+08:00,29.25,29.450000762939453,29.25,29.350000381469727,15122,0.0,0.0
2023-04-27 09:00:00+08:00,29.600000381469727,30.600000381469727,29.549999237060547,30.200000762939453,0,0.0,0.0
2023-04-27 10:00:00+08:00,30.299999237060547,30.399999618530273,30.200000762939453,30.200000762939453,12537,0.0,0.0
2023-04-27 11:00:00+08:00,30.200000762939453,30.200000762939453,30.100000381469727,30.100000381469727,14228,0.0,0.0
2023-04-27 12:00:00+08:00,30.200000762939453,30.350000381469727,30.200000762939453,30.350000381469727,14018,0.0,0.0
2023-04-27 13:00:00+08:00,30.200000762939453,30.200000762939453,30.149999618530273,30.149999618530273,7058,0.0,0.0
2023-04-28 09:00:00+08:00,30.600000381469727,30.600000381469727,30.149999618530273,30.200000762939453,0,0.0,0.0
2023-04-28 10:00:00+08:00,30.149999618530273,30.149999618530273,30.100000381469727,30.149999618530273,20068,0.0,0.0
2023-04-28 11:00:00+08:00,30.149999618530273,30.149999618530273,30.100000381469727,30.100000381469727,15013,0.0,0.0
2023-04-28 12:00:00+08:00,30.100000381469727,30.149999618530273,30.0,30.0,59161,0.0,0.0
2023-04-28 13:00:00+08:00,30.0,30.0,29.950000762939453,29.950000762939453,23000,0.0,0.0
2023-05-02 09:00:00+08:00,30.049999237060547,30.549999237060547,30.0,30.049999237060547,0,0.0,0.0
2023-05-02 10:00:00+08:00,30.0,30.049999237060547,29.899999618530273,29.899999618530273,33003,0.0,0.0
2023-05-02 11:00:00+08:00,29.899999618530273,30.0,29.899999618530273,30.0,8003,0.0,0.0
2023-05-02 12:00:00+08:00,30.0,30.0,29.799999237060547,29.950000762939453,26005,0.0,0.0
2023-05-02 13:00:00+08:00,29.850000381469727,30.049999237060547,29.799999237060547,30.049999237060547,15000,0.0,0.0
2023-05-03 09:00:00+08:00,30.049999237060547,30.549999237060547,29.850000381469727,29.899999618530273,0,0.0,0.0
2023-05-03 10:00:00+08:00,30.0,30.0,29.950000762939453,29.950000762939453,4001,0.0,0.0
2023-05-03 11:00:00+08:00,30.0,30.0,29.950000762939453,29.950000762939453,5006,0.0,0.0
2023-05-03 12:00:00+08:00,29.950000762939453,29.950000762939453,29.850000381469727,29.850000381469727,14055,0.0,0.0
2023-05-03 13:00:00+08:00,29.950000762939453,30.049999237060547,29.899999618530273,29.899999618530273,11000,0.0,0.0
2023-05-04 09:00:00+08:00,29.899999618530273,30.350000381469727,29.899999618530273,29.950000762939453,0,0.0,0.0
2023-05-04 11:00:00+08:00,29.950000762939453,30.200000762939453,29.899999618530273,30.200000762939453,0,0.0,0.0
2023-05-04 12:00:00+08:00,30.149999618530273,30.149999618530273,29.950000762939453,29.950000762939453,34145,0.0,0.0
2023-05-04 13:00:00+08:00,30.100000381469727,30.100000381469727,29.950000762939453,30.0,4050,0.0,0.0
2023-05-05 09:00:00+08:00,29.950000762939453,29.950000762939453,29.950000762939453,29.950000762939453,0,0.0,0.0
2023-05-05 10:00:00+08:00,29.950000762939453,29.950000762939453,29.950000762939453,29.950000762939453,7259,0.0,0.0
2023-05-05 12:00:00+08:00,29.950000762939453,29.950000762939453,29.950000762939453,29.950000762939453,0,0.0,0.0
2023-05-05 13:00:00+08:00,29.950000762939453,29.950000762939453,29.899999618530273,29.899999618530273,31288,0.0,0.0
2023-05-08 09:00:00+08:00,30.149999618530273,30.149999618530273,29.950000762939453,29.950000762939453,0,0.0,0.0
2023-05-08 10:00:00+08:00,29.899999618530273,29.899999618530273,29.850000381469727,29.850000381469727,13081,0.0,0.0
2023-05-08 11:00:00+08:00,29.850000381469727,29.899999618530273,29.850000381469727,29.899999618530273,4000,0.0,0.0
2023-05-08 12:00:00+08:00,29.850000381469727,29.850000381469727,29.75,29.850000381469727,39016,0.0,0.0
2023-05-08 13:00:00+08:00,29.799999237060547,29.899999618530273,29.799999237060547,29.899999618530273,4001,0.0,0.0
2023-05-09 09:00:00+08:00,29.899999618530273,30.200000762939453,29.799999237060547,29.799999237060547,0,0.0,0.0
2023-05-09 10:00:00+08:00,29.850000381469727,29.850000381469727,29.799999237060547,29.799999237060547,5001,0.0,0.0
2023-05-09 12:00:00+08:00,29.850000381469727,29.850000381469727,29.799999237060547,29.799999237060547,2102,0.0,0.0
2023-05-09 13:00:00+08:00,29.799999237060547,29.850000381469727,29.799999237060547,29.850000381469727,3001,0.0,0.0
2023-05-10 09:00:00+08:00,29.850000381469727,29.899999618530273,29.850000381469727,29.899999618530273,0,0.0,0.0
2023-05-10 10:00:00+08:00,29.950000762939453,30.0,29.799999237060547,29.799999237060547,21208,0.0,0.0
2023-05-10 11:00:00+08:00,29.799999237060547,29.850000381469727,29.75,29.799999237060547,20001,0.0,0.0
2023-05-10 12:00:00+08:00,29.799999237060547,30.149999618530273,29.75,30.149999618530273,15000,0.0,0.0
2023-05-10 13:00:00+08:00,29.899999618530273,29.899999618530273,29.899999618530273,29.899999618530273,1002,0.0,0.0
2023-05-11 09:00:00+08:00,30.149999618530273,30.149999618530273,29.950000762939453,29.950000762939453,0,0.0,0.0
2023-05-11 10:00:00+08:00,29.950000762939453,29.950000762939453,29.850000381469727,29.850000381469727,8006,0.0,0.0
2023-05-11 11:00:00+08:00,29.850000381469727,29.850000381469727,29.850000381469727,29.850000381469727,3000,0.0,0.0
2023-05-11 12:00:00+08:00,29.850000381469727,29.850000381469727,29.600000381469727,29.600000381469727,25000,0.0,0.0
2023-05-11 13:00:00+08:00,29.600000381469727,29.600000381469727,29.5,29.5,12000,0.0,0.0
2023-05-12 09:00:00+08:00,29.399999618530273,29.399999618530273,29.399999618530273,29.399999618530273,0,0.0,0.0
2023-05-12 10:00:00+08:00,29.399999618530273,29.600000381469727,29.399999618530273,29.600000381469727,5004,0.0,0.0
2023-05-12 11:00:00+08:00,29.600000381469727,29.700000762939453,29.600000381469727,29.700000762939453,6043,0.0,0.0
2023-05-12 12:00:00+08:00,29.549999237060547,29.549999237060547,29.549999237060547,29.549999237060547,1000,0.0,0.0
2023-05-12 13:00:00+08:00,29.700000762939453,29.700000762939453,29.700000762939453,29.700000762939453,6001,0.0,0.0
2023-05-15 10:00:00+08:00,29.600000381469727,29.850000381469727,29.600000381469727,29.799999237060547,14100,0.0,0.0
2023-05-15 11:00:00+08:00,29.850000381469727,29.899999618530273,29.850000381469727,29.899999618530273,6004,0.0,0.0
2023-05-15 12:00:00+08:00,29.799999237060547,29.799999237060547,29.799999237060547,29.799999237060547,5002,0.0,0.0
2023-05-15 13:00:00+08:00,29.799999237060547,29.799999237060547,29.799999237060547,29.799999237060547,1000,0.0,0.0
2023-05-16 09:00:00+08:00,29.850000381469727,29.950000762939453,29.850000381469727,29.850000381469727,0,0.0,0.0
2023-05-16 10:00:00+08:00,29.850000381469727,29.899999618530273,29.850000381469727,29.899999618530273,3007,0.0,0.0
2023-05-16 11:00:00+08:00,29.850000381469727,29.899999618530273,29.850000381469727,29.899999618530273,3002,0.0,0.0
2023-05-16 12:00:00+08:00,29.899999618530273,30.0,29.899999618530273,29.899999618530273,12008,0.0,0.0
2023-05-16 13:00:00+08:00,29.899999618530273,29.899999618530273,29.899999618530273,29.899999618530273,10001,0.0,0.0
2023-05-17 09:00:00+08:00,29.75,29.75,29.700000762939453,29.700000762939453,0,0.0,0.0
2023-05-17 10:00:00+08:00,29.799999237060547,30.0,29.799999237060547,30.0,14005,0.0,0.0
2023-05-17 11:00:00+08:00,30.0,30.049999237060547,30.0,30.0,8007,0.0,0.0
2023-05-17 12:00:00+08:00,30.049999237060547,30.100000381469727,30.049999237060547,30.100000381469727,7003,0.0,0.0
2023-05-17 13:00:00+08:00,30.100000381469727,30.100000381469727,30.0,30.0,8000,0.0,0.0
2023-05-18 09:00:00+08:00,30.200000762939453,30.200000762939453,30.149999618530273,30.149999618530273,11021,0.0,0.0
2023-05-18 10:00:00+08:00,30.200000762939453,30.200000762939453,29.950000762939453,29.950000762939453,38010,0.0,0.0
2023-05-18 11:00:00+08:00,29.950000762939453,30.0,29.950000762939453,30.0,5001,0.0,0.0
2023-05-18 12:00:00+08:00,29.950000762939453,30.100000381469727,29.950000762939453,30.100000381469727,3017,0.0,0.0
2023-05-19 09:00:00+08:00,30.0,30.149999618530273,30.0,30.100000381469727,0,0.0,0.0
2023-05-19 10:00:00+08:00,30.049999237060547,30.100000381469727,30.049999237060547,30.100000381469727,19013,0.0,0.0
2023-05-19 11:00:00+08:00,30.049999237060547,30.049999237060547,30.0,30.0,6000,0.0,0.0
2023-05-19 12:00:00+08:00,30.049999237060547,30.049999237060547,30.049999237060547,30.049999237060547,7003,0.0,0.0
2023-05-19 13:00:00+08:00,30.0,30.049999237060547,30.0,30.049999237060547,5006,0.0,0.0
2023-05-22 09:00:00+08:00,30.100000381469727,30.100000381469727,30.049999237060547,30.049999237060547,0,0.0,0.0
2023-05-22 10:00:00+08:00,30.049999237060547,30.049999237060547,30.049999237060547,30.049999237060547,12133,0.0,0.0
2023-05-22 11:00:00+08:00,30.049999237060547,30.049999237060547,30.049999237060547,30.049999237060547,12025,0.0,0.0
2023-05-22 12:00:00+08:00,30.049999237060547,30.049999237060547,30.049999237060547,30.049999237060547,8007,0.0,0.0
2023-05-22 13:00:00+08:00,30.049999237060547,30.100000381469727,30.049999237060547,30.100000381469727,9005,0.0,0.0
2023-05-23 09:00:00+08:00,30.049999237060547,30.049999237060547,30.0,30.0,0,0.0,0.0
2023-05-23 10:00:00+08:00,30.0,30.049999237060547,30.0,30.0,19022,0.0,0.0
2023-05-23 11:00:00+08:00,30.0,30.0,30.0,30.0,4007,0.0,0.0
2023-05-23 12:00:00+08:00,30.0,30.049999237060547,30.0,30.049999237060547,5003,0.0,0.0
2023-05-24 09:00:00+08:00,30.0,30.399999618530273,30.0,30.100000381469727,0,0.0,0.0
2023-05-24 10:00:00+08:00,30.100000381469727,30.200000762939453,30.100000381469727,30.100000381469727,7001,0.0,0.0
2023-05-24 11:00:00+08:00,30.100000381469727,30.100000381469727,30.100000381469727,30.100000381469727,4004,0.0,0.0
2023-05-24 12:00:00+08:00,30.100000381469727,30.100000381469727,30.049999237060547,30.100000381469727,9198,0.0,0.0
2023-05-24 13:00:00+08:00,30.100000381469727,30.100000381469727,30.049999237060547,30.049999237060547,14000,0.0,0.0
2023-05-25 09:00:00+08:00,30.299999237060547,30.299999237060547,30.100000381469727,30.100000381469727,0,0.0,0.0
2023-05-25 10:00:00+08:00,30.149999618530273,30.200000762939453,30.149999618530273,30.200000762939453,11048,0.0,0.0
2023-05-25 11:00:00+08:00,30.200000762939453,30.25,30.200000762939453,30.200000762939453,8005,0.0,0.0
2023-05-25 12:00:00+08:00,30.100000381469727,30.25,30.100000381469727,30.25,20211,0.0,0.0
2023-05-25 13:00:00+08:00,30.200000762939453,30.200000762939453,30.200000762939453,30.200000762939453,4000,0.0,0.0
2023-05-26 09:00:00+08:00,30.200000762939453,30.899999618530273,30.200000762939453,30.899999618530273,35529,0.0,0.0
2023-05-26 10:00:00+08:00,30.899999618530273,31.5,30.899999618530273,31.399999618530273,60107,0.0,0.0
2023-05-26 11:00:00+08:00,31.399999618530273,31.399999618530273,30.700000762939453,30.700000762939453,43024,0.0,0.0
2023-05-26 12:00:00+08:00,30.75,30.75,30.649999618530273,30.649999618530273,19002,0.0,0.0
2023-05-26 13:00:00+08:00,30.649999618530273,30.799999237060547,30.649999618530273,30.649999618530273,10001,0.0,0.0
2023-05-29 09:00:00+08:00,30.799999237060547,31.200000762939453,30.799999237060547,30.950000762939453,0,0.0,0.0
2023-05-29 10:00:00+08:00,30.950000762939453,31.100000381469727,30.899999618530273,31.100000381469727,9001,0.0,0.0
2023-05-29 11:00:00+08:00,30.950000762939453,31.049999237060547,30.950000762939453,31.049999237060547,3001,0.0,0.0
2023-05-29 12:00:00+08:00,30.950000762939453,31.0,30.950000762939453,30.950000762939453,6090,0.0,0.0
2023-05-29 13:00:00+08:00,31.0,31.100000381469727,30.899999618530273,30.899999618530273,12001,0.0,0.0
2023-05-30 09:00:00+08:00,30.899999618530273,31.200000762939453,30.899999618530273,31.200000762939453,12036,0.0,0.0
2023-05-30 10:00:00+08:00,31.149999618530273,31.149999618530273,31.0,31.0,10000,0.0,0.0
2023-05-30 11:00:00+08:00,31.0,31.0,30.950000762939453,30.950000762939453,9000,0.0,0.0
2023-05-30 12:00:00+08:00,30.950000762939453,30.950000762939453,30.950000762939453,30.950000762939453,3222,0.0,0.0
2023-05-30 13:00:00+08:00,30.950000762939453,31.399999618530273,30.950000762939453,31.350000381469727,39124,0.0,0.0
2023-05-31 09:00:00+08:00,31.200000762939453,31.200000762939453,31.0,31.0,0,0.0,0.0
2023-05-31 10:00:00+08:00,31.200000762939453,31.200000762939453,31.049999237060547,31.200000762939453,12007,0.0,0.0
2023-05-31 11:00:00+08:00,31.200000762939453,31.25,31.049999237060547,31.25,3031,0.0,0.0
2023-05-31 12:00:00+08:00,31.25,31.25,31.200000762939453,31.200000762939453,0,0.0,0.0
2023-05-31 13:00:00+08:00,31.200000762939453,31.200000762939453,31.200000762939453,31.200000762939453,31087,0.0,0.0
2023-06-01 09:00:00+08:00,32.150001525878906,32.150001525878906,31.399999618530273,31.600000381469727,0,0.0,0.0
2023-06-01 10:00:00+08:00,31.649999618530273,31.649999618530273,31.350000381469727,31.350000381469727,25319,0.0,0.0
2023-06-01 11:00:00+08:00,31.350000381469727,31.5,31.350000381469727,31.5,15109,0.0,0.0
2023-06-01 12:00:00+08:00,31.450000762939453,31.450000762939453,31.399999618530273,31.399999618530273,6100,0.0,0.0
2023-06-01 13:00:00+08:00,31.350000381469727,31.399999618530273,31.350000381469727,31.399999618530273,4000,0.0,0.0
2023-06-02 09:00:00+08:00,31.649999618530273,31.850000381469727,31.350000381469727,31.350000381469727,0,0.0,0.0
2023-06-02 10:00:00+08:00,31.5,31.5,31.450000762939453,31.450000762939453,7001,0.0,0.0
2023-06-02 11:00:00+08:00,31.5,31.75,31.5,31.700000762939453,12066,0.0,0.0
2023-06-02 12:00:00+08:00,31.649999618530273,31.649999618530273,31.600000381469727,31.600000381469727,11004,0.0,0.0
2023-06-02 13:00:00+08:00,31.549999237060547,31.549999237060547,31.549999237060547,31.549999237060547,2002,0.0,0.0
2023-06-05 09:00:00+08:00,31.899999618530273,31.899999618530273,31.549999237060547,31.549999237060547,0,0.0,0.0
2023-06-05 10:00:00+08:00,31.549999237060547,31.549999237060547,31.549999237060547,31.549999237060547,7003,0.0,0.0
2023-06-05 11:00:00+08:00,31.549999237060547,31.549999237060547,31.5,31.5,4050,0.0,0.0
2023-06-05 12:00:00+08:00,31.5,31.549999237060547,31.5,31.5,9085,0.0,0.0
2023-06-05 13:00:00+08:00,31.399999618530273,31.450000762939453,31.399999618530273,31.399999618530273,11018,0.0,0.0
2023-06-06 09:00:00+08:00,31.399999618530273,31.399999618530273,31.0,31.0,0,0.0,0.0
2023-06-06 10:00:00+08:00,31.0,31.0,31.0,31.0,2000,0.0,0.0
2023-06-06 11:00:00+08:00,31.0,31.0,30.899999618530273,31.0,13000,0.0,0.0
2023-06-06 12:00:00+08:00,31.0,31.0,30.700000762939453,30.850000381469727,19017,0.0,0.0
2023-06-07 09:00:00+08:00,30.850000381469727,31.5,30.850000381469727,31.399999618530273,0,0.0,0.0
2023-06-07 10:00:00+08:00,31.100000381469727,31.100000381469727,31.0,31.0,2002,0.0,0.0
2023-06-07 11:00:00+08:00,30.850000381469727,30.899999618530273,30.850000381469727,30.899999618530273,3127,0.0,0.0
2023-06-07 12:00:00+08:00,30.899999618530273,30.899999618530273,30.899999618530273,30.899999618530273,11254,0.0,0.0
2023-06-07 13:00:00+08:00,30.899999618530273,30.899999618530273,30.899999618530273,30.899999618530273,2000,0.0,0.0
2023-06-08 09:00:00+08:00,30.899999618530273,30.899999618530273,30.799999237060547,30.899999618530273,0,0.0,0.0
2023-06-08 10:00:00+08:00,30.75,30.75,30.600000381469727,30.649999618530273,7001,0.0,0.0
2023-06-08 11:00:00+08:00,30.799999237060547,30.799999237060547,30.799999237060547,30.799999237060547,1000,0.0,0.0
2023-06-08 12:00:00+08:00,30.700000762939453,30.700000762939453,30.700000762939453,30.700000762939453,3056,0.0,0.0
2023-06-09 09:00:00+08:00,31.25,31.25,31.149999618530273,31.149999618530273,0,0.0,0.0
2023-06-09 10:00:00+08:00,30.950000762939453,31.0,30.950000762939453,31.0,18011,0.0,0.0
2023-06-09 11:00:00+08:00,30.950000762939453,30.950000762939453,30.899999618530273,30.899999618530273,8000,0.0,0.0
2023-06-09 12:00:00+08:00,30.850000381469727,30.850000381469727,30.799999237060547,30.799999237060547,18034,0.0,0.0
2023-06-09 13:00:00+08:00,30.75,30.75,30.75,30.75,3001,0.0,0.0
2023-06-12 09:00:00+08:00,31.350000381469727,31.75,31.299999237060547,31.600000381469727,13958,0.0,0.0
2023-06-12 10:00:00+08:00,31.600000381469727,31.700000762939453,31.600000381469727,31.649999618530273,11105,0.0,0.0
2023-06-12 11:00:00+08:00,31.649999618530273,31.799999237060547,31.649999618530273,31.799999237060547,34202,0.0,0.0
2023-06-12 12:00:00+08:00,31.649999618530273,31.700000762939453,31.649999618530273,31.649999618530273,6669,0.0,0.0
2023-06-12 13:00:00+08:00,31.649999618530273,31.700000762939453,31.649999618530273,31.700000762939453,9002,0.0,0.0
2023-06-13 09:00:00+08:00,31.799999237060547,32.70000076293945,31.799999237060547,32.5,0,0.0,0.0
2023-06-13 10:00:00+08:00,32.5,32.599998474121094,32.150001525878906,32.20000076293945,34119,0.0,0.0
2023-06-13 11:00:00+08:00,32.20000076293945,32.349998474121094,32.20000076293945,32.349998474121094,12415,0.0,0.0
2023-06-13 12:00:00+08:00,32.20000076293945,32.25,32.04999923706055,32.04999923706055,25153,0.0,0.0
2023-06-13 13:00:00+08:00,32.0,32.29999923706055,32.0,32.0,15010,0.0,0.0
2023-06-14 09:00:00+08:00,32.099998474121094,32.099998474121094,32.0,32.04999923706055,0,0.0,0.0
2023-06-14 10:00:00+08:00,32.0,32.0,31.899999618530273,31.899999618530273,23101,0.0,0.0
2023-06-14 11:00:00+08:00,31.899999618530273,31.950000762939453,31.850000381469727,31.899999618530273,11056,0.0,0.0
2023-06-14 12:00:00+08:00,31.899999618530273,31.899999618530273,31.799999237060547,31.850000381469727,24186,0.0,0.0
2023-06-14 13:00:00+08:00,31.799999237060547,31.799999237060547,31.75,31.799999237060547,7003,0.0,0.0
2023-06-15 10:00:00+08:00,31.799999237060547,31.850000381469727,31.799999237060547,31.850000381469727,3004,0.0,0.0
2023-06-15 11:00:00+08:00,31.850000381469727,31.850000381469727,31.850000381469727,31.850000381469727,6150,0.0,0.0
2023-06-15 12:00:00+08:00,31.850000381469727,31.850000381469727,31.799999237060547,31.850000381469727,13011,0.0,0.0
2023-06-15 13:00:00+08:00,31.850000381469727,31.899999618530273,31.799999237060547,31.850000381469727,8000,0.0,0.0
2023-06-16 09:00:00+08:00,31.75,31.75,31.649999618530273,31.649999618530273,0,0.0,0.0
2023-06-16 10:00:00+08:00,31.649999618530273,31.649999618530273,31.600000381469727,31.600000381469727,12244,0.0,0.0
2023-06-16 11:00:00+08:00,31.600000381469727,31.649999618530273,31.600000381469727,31.649999618530273,7565,0.0,0.0
2023-06-16 12:00:00+08:00,31.600000381469727,31.649999618530273,31.600000381469727,31.649999618530273,8003,0.0,0.0
2023-06-16 13:00:00+08:00,31.649999618530273,31.649999618530273,31.649999618530273,31.649999618530273,2000,0.0,0.0
2023-06-19 09:00:00+08:00,31.549999237060547,31.600000381469727,31.549999237060547,31.600000381469727,0,0.0,0.0
2023-06-19 10:00:00+08:00,31.649999618530273,31.649999618530273,31.649999618530273,31.649999618530273,1003,0.0,0.0
2023-06-19 11:00:00+08:00,31.649999618530273,31.649999618530273,31.649999618530273,31.649999618530273,2001,0.0,0.0
2023-06-19 12:00:00+08:00,31.649999618530273,31.649999618530273,31.649999618530273,31.649999618530273,4002,0.0,0.0
2023-06-19 13:00:00+08:00,31.649999618530273,31.649999618530273,31.649999618530273,31.649999618530273,2074,0.0,0.0
2023-06-20 09:00:00+08:00,31.600000381469727,31.600000381469727,31.600000381469727,31.600000381469727,0,0.0,0.0
2023-06-20 10:00:00+08:00,31.649999618530273,31.700000762939453,31.649999618530273,31.700000762939453,2000,0.0,0.0
2023-06-20 12:00:00+08:00,31.700000762939453,31.700000762939453,31.700000762939453,31.700000762939453,8006,0.0,0.0
2023-06-20 13:00:00+08:00,31.75,31.75,31.75,31.75,1000,0.0,0.0
2023-06-21 09:00:00+08:00,31.700000762939453,31.700000762939453,31.600000381469727,31.649999618530273,0,0.0,0.0
2023-06-21 10:00:00+08:00,31.649999618530273,31.649999618530273,31.649999618530273,31.649999618530273,2000,0.0,0.0
2023-06-21 11:00:00+08:00,31.600000381469727,31.700000762939453,31.600000381469727,31.600000381469727,24331,0.0,0.0
2023-06-21 12:00:00+08:00,31.700000762939453,31.700000762939453,31.649999618530273,31.649999618530273,5000,0.0,0.0
2023-06-21 13:00:00+08:00,31.700000762939453,31.700000762939453,31.700000762939453,31.700000762939453,1001,0.0,0.0
2023-06-26 09:00:00+08:00,31.799999237060547,31.799999237060547,31.700000762939453,31.700000762939453,0,0.0,0.0
2023-06-26 10:00:00+08:00,31.700000762939453,31.700000762939453,31.649999618530273,31.649999618530273,10000,0.0,0.0
2023-06-26 11:00:00+08:00,31.700000762939453,31.75,31.700000762939453,31.75,6075,0.0,0.0
2023-06-26 12:00:00+08:00,31.700000762939453,31.700000762939453,31.700000762939453,31.700000762939453,1000,0.0,0.0
2023-06-26 13:00:00+08:00,31.700000762939453,31.700000762939453,31.649999618530273,31.649999618530273,8078,0.0,0.0
2023-06-27 09:00:00+08:00,31.649999618530273,31.649999618530273,31.600000381469727,31.600000381469727,0,0.0,0.0
2023-06-27 10:00:00+08:00,31.649999618530273,31.649999618530273,31.649999618530273,31.649999618530273,1001,0.0,0.0
2023-06-27 11:00:00+08:00,31.649999618530273,31.649999618530273,31.649999618530273,31.649999618530273,3001,0.0,0.0
2023-06-27 12:00:00+08:00,31.649999618530273,31.649999618530273,31.649999618530273,31.649999618530273,34002,0.0,0.0
2023-06-27 13:00:00+08:00,31.649999618530273,31.649999618530273,31.649999618530273,31.649999618530273,2000,0.0,0.0
2023-06-28 09:00:00+08:00,31.700000762939453,31.799999237060547,31.649999618530273,31.700000762939453,0,0.0,0.0
2023-06-28 10:00:00+08:00,31.700000762939453,31.700000762939453,31.700000762939453,31.700000762939453,1021,0.0,0.0
2023-06-28 11:00:00+08:00,31.700000762939453,31.700000762939453,31.649999618530273,31.649999618530273,5000,0.0,0.0
2023-06-28 12:00:00+08:00,31.700000762939453,31.75,31.600000381469727,31.75,18278,0.0,0.0
2023-06-28 13:00:00+08:00,31.700000762939453,31.700000762939453,31.700000762939453,31.700000762939453,1000,0.0,0.0
2023-06-29 09:00:00+08:00,31.700000762939453,31.75,31.700000762939453,31.75,0,0.0,0.0
2023-06-29 10:00:00+08:00,31.700000762939453,31.700000762939453,31.700000762939453,31.700000762939453,6010,0.0,0.0
2023-06-29 11:00:00+08:00,31.75,31.75,31.700000762939453,31.700000762939453,3005,0.0,0.0
2023-06-29 12:00:00+08:00,31.75,31.75,31.75,31.75,6308,0.0,0.0
2023-06-30 09:00:00+08:00,31.75,31.75,31.75,31.75,0,0.0,0.0
2023-06-30 10:00:00+08:00,31.75,31.75,31.75,31.75,1000,0.0,0.0
2023-06-30 11:00:00+08:00,31.75,31.850000381469727,31.75,31.850000381469727,17001,0.0,0.0
2023-06-30 12:00:00+08:00,31.850000381469727,31.850000381469727,31.850000381469727,31.850000381469727,4000,0.0,0.0
2023-06-30 13:00:00+08:00,31.850000381469727,31.850000381469727,31.799999237060547,31.799999237060547,5009,0.0,0.0
2023-07-03 09:00:00+08:00,32.0,32.29999923706055,32.0,32.29999923706055,0,0.0,0.0
2023-07-03 10:00:00+08:00,32.349998474121094,32.349998474121094,32.25,32.349998474121094,16008,0.0,0.0
2023-07-03 11:00:00+08:00,32.29999923706055,32.349998474121094,32.25,32.25,3107,0.0,0.0
2023-07-03 12:00:00+08:00,32.25,32.29999923706055,32.25,32.29999923706055,10120,0.0,0.0
2023-07-03 13:00:00+08:00,32.29999923706055,32.29999923706055,32.29999923706055,32.29999923706055,3002,0.0,0.0
2023-07-04 09:00:00+08:00,32.25,32.25,31.799999237060547,31.799999237060547,0,0.0,0.0
2023-07-04 10:00:00+08:00,32.0,32.20000076293945,32.0,32.150001525878906,23002,0.0,0.0
2023-07-04 11:00:00+08:00,32.20000076293945,32.20000076293945,32.099998474121094,32.150001525878906,10162,0.0,0.0
2023-07-04 12:00:00+08:00,32.150001525878906,32.20000076293945,32.150001525878906,32.150001525878906,16002,0.0,0.0
2023-07-04 13:00:00+08:00,32.20000076293945,32.20000076293945,32.20000076293945,32.20000076293945,2001,0.0,0.0
2023-07-05 09:00:00+08:00,32.20000076293945,32.400001525878906,32.150001525878906,32.400001525878906,0,0.0,0.0
2023-07-05 10:00:00+08:00,32.400001525878906,32.45000076293945,32.400001525878906,32.45000076293945,9000,0.0,0.0
2023-07-05 11:00:00+08:00,32.45000076293945,32.599998474121094,32.45000076293945,32.54999923706055,14162,0.0,0.0
2023-07-05 12:00:00+08:00,32.54999923706055,32.54999923706055,32.45000076293945,32.45000076293945,19001,0.0,0.0
2023-07-05 13:00:00+08:00,32.45000076293945,32.45000076293945,32.349998474121094,32.349998474121094,11001,0.0,0.0
2023-07-06 09:00:00+08:00,32.400001525878906,32.650001525878906,32.400001525878906,32.54999923706055,0,0.0,0.0
2023-07-06 10:00:00+08:00,32.54999923706055,32.54999923706055,32.5,32.5,20012,0.0,0.0
2023-07-06 11:00:00+08:00,32.5,32.5,32.45000076293945,32.5,10004,0.0,0.0
2023-07-06 12:00:00+08:00,32.45000076293945,32.54999923706055,32.45000076293945,32.54999923706055,8001,0.0,0.0
2023-07-06 13:00:00+08:00,32.54999923706055,32.54999923706055,32.400001525878906,32.400001525878906,31003,0.0,0.0
2023-07-07 09:00:00+08:00,32.349998474121094,32.349998474121094,31.899999618530273,31.899999618530273,0,0.0,0.0
2023-07-07 10:00:00+08:00,31.899999618530273,31.950000762939453,31.850000381469727,31.950000762939453,0,0.0,0.0
2023-07-07 11:00:00+08:00,32.04999923706055,32.04999923706055,32.04999923706055,32.04999923706055,39156,0.0,0.0
2023-07-07 12:00:00+08:00,32.04999923706055,32.04999923706055,31.950000762939453,31.950000762939453,12001,0.0,0.0
2023-07-07 13:00:00+08:00,32.0,32.20000076293945,32.0,32.099998474121094,3001,0.0,0.0
2023-07-10 09:00:00+08:00,32.150001525878906,32.25,32.0,32.0,0,0.0,0.0
2023-07-10 10:00:00+08:00,32.04999923706055,32.099998474121094,32.0,32.099998474121094,17001,0.0,0.0
2023-07-10 11:00:00+08:00,31.950000762939453,32.0,31.950000762939453,32.0,6081,0.0,0.0
2023-07-10 12:00:00+08:00,32.04999923706055,32.04999923706055,31.850000381469727,31.950000762939453,30092,0.0,0.0
2023-07-10 13:00:00+08:00,32.0,32.04999923706055,31.950000762939453,32.04999923706055,22013,0.0,0.0
2023-07-11 09:00:00+08:00,31.5,31.5,30.350000381469727,30.5,0,2.1,0.0
2023-07-11 10:00:00+08:00,30.5,30.600000381469727,30.5,30.600000381469727,20020,0.0,0.0
2023-07-11 11:00:00+08:00,30.600000381469727,30.600000381469727,30.549999237060547,30.549999237060547,10418,0.0,0.0
2023-07-11 12:00:00+08:00,30.549999237060547,30.549999237060547,30.350000381469727,30.350000381469727,32000,0.0,0.0
2023-07-11 13:00:00+08:00,30.350000381469727,30.350000381469727,30.25,30.299999237060547,11002,0.0,0.0
2023-07-12 09:00:00+08:00,30.299999237060547,30.399999618530273,30.25,30.25,0,0.0,0.0
2023-07-12 10:00:00+08:00,30.299999237060547,30.299999237060547,30.25,30.299999237060547,9029,0.0,0.0
2023-07-12 11:00:00+08:00,30.299999237060547,30.299999237060547,30.299999237060547,30.299999237060547,3003,0.0,0.0
2023-07-12 12:00:00+08:00,30.25,30.25,30.100000381469727,30.200000762939453,20001,0.0,0.0
2023-07-12 13:00:00+08:00,30.149999618530273,30.149999618530273,30.100000381469727,30.100000381469727,5000,0.0,0.0
2023-07-13 09:00:00+08:00,30.399999618530273,30.700000762939453,30.399999618530273,30.450000762939453,0,0.0,0.0
2023-07-13 10:00:00+08:00,30.399999618530273,30.450000762939453,30.25,30.450000762939453,29001,0.0,0.0
2023-07-13 11:00:00+08:00,30.450000762939453,30.450000762939453,30.399999618530273,30.450000762939453,10001,0.0,0.0
2023-07-13 12:00:00+08:00,30.399999618530273,30.399999618530273,30.299999237060547,30.399999618530273,0,0.0,0.0
2023-07-13 13:00:00+08:00,30.299999237060547,30.299999237060547,30.299999237060547,30.299999237060547,62012,0.0,0.0
2023-07-14 09:00:00+08:00,30.299999237060547,30.5,30.299999237060547,30.5,0,0.0,0.0
2023-07-14 10:00:00+08:00,30.600000381469727,30.799999237060547,30.549999237060547,30.549999237060547,15001,0.0,0.0
2023-07-14 11:00:00+08:00,30.600000381469727,30.600000381469727,30.600000381469727,30.600000381469727,3001,0.0,0.0
2023-07-14 12:00:00+08:00,30.600000381469727,30.600000381469727,30.549999237060547,30.600000381469727,10152,0.0,0.0
2023-07-17 09:00:00+08:00,30.600000381469727,31.200000762939453,30.600000381469727,30.75,0,0.0,0.0
2023-07-17 10:00:00+08:00,30.850000381469727,31.149999618530273,30.799999237060547,31.149999618530273,15572,0.0,0.0
2023-07-17 11:00:00+08:00,31.200000762939453,31.450000762939453,31.049999237060547,31.100000381469727,44457,0.0,0.0
2023-07-17 12:00:00+08:00,31.149999618530273,31.450000762939453,31.100000381469727,31.450000762939453,24096,0.0,0.0
2023-07-17 13:00:00+08:00,31.450000762939453,31.5,31.450000762939453,31.5,0,0.0,0.0
2023-07-18 09:00:00+08:00,31.5,31.5,31.0,31.0,11004,0.0,0.0
2023-07-18 10:00:00+08:00,31.049999237060547,31.049999237060547,31.049999237060547,31.049999237060547,1012,0.0,0.0
2023-07-18 11:00:00+08:00,31.299999237060547,31.600000381469727,31.149999618530273,31.600000381469727,21290,0.0,0.0
2023-07-18 12:00:00+08:00,31.399999618530273,31.399999618530273,31.200000762939453,31.200000762939453,26000,0.0,0.0
2023-07-18 13:00:00+08:00,31.200000762939453,31.350000381469727,31.200000762939453,31.350000381469727,2000,0.0,0.0
2023-07-19 09:00:00+08:00,31.350000381469727,31.399999618530273,31.350000381469727,31.399999618530273,4004,0.0,0.0
2023-07-19 10:00:00+08:00,31.450000762939453,31.450000762939453,31.25,31.25,15003,0.0,0.0
2023-07-19 11:00:00+08:00,31.100000381469727,31.25,31.100000381469727,31.100000381469727,29007,0.0,0.0
2023-07-19 12:00:00+08:00,31.149999618530273,31.149999618530273,30.799999237060547,30.799999237060547,20000,0.0,0.0
2023-07-19 13:00:00+08:00,31.0,31.0,31.0,31.0,1001,0.0,0.0
2023-07-20 09:00:00+08:00,30.850000381469727,30.899999618530273,30.700000762939453,30.799999237060547,25105,0.0,0.0
2023-07-20 10:00:00+08:00,30.799999237060547,33.45000076293945,30.799999237060547,33.150001525878906,218006,0.0,0.0
2023-07-20 11:00:00+08:00,33.04999923706055,33.75,32.849998474121094,33.349998474121094,198219,0.0,0.0
2023-07-20 12:00:00+08:00,33.349998474121094,33.5,33.150001525878906,33.20000076293945,152053,0.0,0.0
2023-07-20 13:00:00+08:00,33.20000076293945,33.349998474121094,33.099998474121094,33.349998474121094,50017,0.0,0.0
2023-07-21 09:00:00+08:00,33.29999923706055,34.099998474121094,32.599998474121094,33.5,650153,0.0,0.0
2023-07-21 10:00:00+08:00,33.5,33.849998474121094,33.400001525878906,33.849998474121094,119200,0.0,0.0
2023-07-21 11:00:00+08:00,33.70000076293945,33.70000076293945,33.400001525878906,33.400001525878906,69002,0.0,0.0
2023-07-21 12:00:00+08:00,33.400001525878906,33.599998474121094,33.099998474121094,33.29999923706055,99002,0.0,0.0
2023-07-21 13:00:00+08:00,33.45000076293945,33.5,33.29999923706055,33.349998474121094,43001,0.0,0.0
2023-07-24 09:00:00+08:00,33.099998474121094,33.5,33.0,33.349998474121094,188254,0.0,0.0
2023-07-24 10:00:00+08:00,33.099998474121094,33.20000076293945,33.0,33.099998474121094,29042,0.0,0.0
2023-07-24 11:00:00+08:00,33.04999923706055,33.400001525878906,32.95000076293945,33.29999923706055,130011,0.0,0.0
2023-07-24 12:00:00+08:00,33.29999923706055,33.95000076293945,32.900001525878906,33.95000076293945,128170,0.0,0.0
2023-07-24 13:00:00+08:00,33.95000076293945,34.04999923706055,33.79999923706055,33.79999923706055,107100,0.0,0.0
2023-07-25 09:00:00+08:00,34.5,35.0,34.0,34.849998474121094,503081,0.0,0.0
2023-07-25 10:00:00+08:00,34.849998474121094,34.900001525878906,34.20000076293945,34.650001525878906,87450,0.0,0.0
2023-07-25 11:00:00+08:00,34.599998474121094,34.599998474121094,34.45000076293945,34.5,53120,0.0,0.0
2023-07-25 12:00:00+08:00,34.54999923706055,34.95000076293945,34.54999923706055,34.79999923706055,153515,0.0,0.0
2023-07-25 13:00:00+08:00,34.75,34.75,34.54999923706055,34.70000076293945,55004,0.0,0.0
2023-07-26 09:00:00+08:00,34.099998474121094,34.79999923706055,34.099998474121094,34.29999923706055,0,0.0,0.0
2023-07-26 10:00:00+08:00,34.25,34.29999923706055,34.099998474121094,34.25,34241,0.0,0.0
2023-07-26 11:00:00+08:00,34.25,34.25,34.20000076293945,34.25,36928,0.0,0.0
2023-07-26 12:00:00+08:00,34.20000076293945,34.20000076293945,34.0,34.0,87036,0.0,0.0
2023-07-26 13:00:00+08:00,34.0,34.20000076293945,33.849998474121094,33.849998474121094,24150,0.0,0.0
2023-07-27 09:00:00+08:00,34.099998474121094,34.099998474121094,33.400001525878906,33.599998474121094,41050,0.0,0.0
2023-07-27 10:00:00+08:00,33.70000076293945,33.70000076293945,33.5,33.5,27033,0.0,0.0
2023-07-27 11:00:00+08:00,33.54999923706055,33.54999923706055,33.29999923706055,33.29999923706055,68109,0.0,0.0
2023-07-27 12:00:00+08:00,33.400001525878906,33.900001525878906,33.29999923706055,33.45000076293945,76166,0.0,0.0
2023-07-27 13:00:00+08:00,33.54999923706055,33.75,33.45000076293945,33.45000076293945,8002,0.0,0.0
2023-07-28 09:00:00+08:00,33.29999923706055,34.0,33.29999923706055,33.79999923706055,47202,0.0,0.0
2023-07-28 10:00:00+08:00,33.79999923706055,34.0,33.79999923706055,33.95000076293945,38052,0.0,0.0
2023-07-28 11:00:00+08:00,33.849998474121094,33.900001525878906,33.79999923706055,33.900001525878906,14239,0.0,0.0
2023-07-28 12:00:00+08:00,33.79999923706055,33.79999923706055,33.599998474121094,33.599998474121094,20002,0.0,0.0
2023-07-28 13:00:00+08:00,33.599998474121094,33.70000076293945,33.599998474121094,33.70000076293945,11000,0.0,0.0
2023-07-31 09:00:00+08:00,33.79999923706055,34.29999923706055,33.79999923706055,34.150001525878906,0,0.0,0.0
2023-07-31 10:00:00+08:00,34.150001525878906,34.150001525878906,34.04999923706055,34.04999923706055,42025,0.0,0.0
2023-07-31 11:00:00+08:00,34.04999923706055,34.04999923706055,33.70000076293945,33.70000076293945,39141,0.0,0.0
2023-07-31 12:00:00+08:00,33.70000076293945,33.79999923706055,33.70000076293945,33.79999923706055,13002,0.0,0.0
2023-07-31 13:00:00+08:00,33.75,33.75,33.650001525878906,33.650001525878906,21000,0.0,0.0
2023-08-01 09:00:00+08:00,33.70000076293945,33.79999923706055,33.650001525878906,33.79999923706055,10000,0.0,0.0
2023-08-01 10:00:00+08:00,33.79999923706055,34.099998474121094,33.79999923706055,33.79999923706055,21140,0.0,0.0
2023-08-01 11:00:00+08:00,33.75,33.900001525878906,33.70000076293945,33.70000076293945,11002,0.0,0.0
2023-08-01 12:00:00+08:00,33.75,33.75,33.650001525878906,33.70000076293945,14001,0.0,0.0
2023-08-01 13:00:00+08:00,33.70000076293945,33.75,33.70000076293945,33.75,9004,0.0,0.0
2023-08-02 09:00:00+08:00,34.099998474121094,34.099998474121094,33.70000076293945,33.70000076293945,18005,0.0,0.0
2023-08-02 10:00:00+08:00,33.599998474121094,33.599998474121094,33.400001525878906,33.400001525878906,31000,0.0,0.0
2023-08-02 11:00:00+08:00,33.45000076293945,33.5,33.25,33.349998474121094,20002,0.0,0.0
2023-08-02 12:00:00+08:00,33.29999923706055,33.29999923706055,33.20000076293945,33.29999923706055,41193,0.0,0.0
2023-08-02 13:00:00+08:00,33.29999923706055,33.400001525878906,33.29999923706055,33.400001525878906,7000,0.0,0.0
2023-08-04 09:00:00+08:00,33.25,33.849998474121094,33.25,33.849998474121094,0,0.0,0.0
2023-08-04 10:00:00+08:00,33.79999923706055,33.849998474121094,33.54999923706055,33.54999923706055,6191,0.0,0.0
2023-08-04 11:00:00+08:00,33.54999923706055,33.599998474121094,33.54999923706055,33.599998474121094,3001,0.0,0.0
2023-08-04 12:00:00+08:00,33.599998474121094,33.70000076293945,33.599998474121094,33.70000076293945,5033,0.0,0.0
2023-08-04 13:00:00+08:00,33.75,33.900001525878906,33.75,33.900001525878906,15000,0.0,0.0
2023-08-07 09:00:00+08:00,34.599998474121094,34.75,34.099998474121094,34.150001525878906,12790,0.0,0.0
2023-08-07 10:00:00+08:00,34.150001525878906,34.20000076293945,34.099998474121094,34.150001525878906,16001,0.0,0.0
2023-08-07 11:00:00+08:00,34.150001525878906,34.20000076293945,34.099998474121094,34.150001525878906,20156,0.0,0.0
2023-08-07 12:00:00+08:00,34.20000076293945,34.29999923706055,34.20000076293945,34.20000076293945,5002,0.0,0.0
2023-08-07 13:00:00+08:00,34.20000076293945,34.349998474121094,34.099998474121094,34.349998474121094,19080,0.0,0.0
2023-08-08 09:00:00+08:00,34.75,34.75,34.04999923706055,34.04999923706055,32041,0.0,0.0
2023-08-08 10:00:00+08:00,33.849998474121094,33.849998474121094,33.70000076293945,33.75,41357,0.0,0.0
2023-08-08 11:00:00+08:00,33.75,33.900001525878906,33.75,33.900001525878906,7001,0.0,0.0
2023-08-08 12:00:00+08:00,34.150001525878906,34.150001525878906,33.75,33.75,15000,0.0,0.0
2023-08-08 13:00:00+08:00,33.75,33.79999923706055,33.70000076293945,33.70000076293945,20000,0.0,0.0
2023-08-09 10:00:00+08:00,33.79999923706055,34.099998474121094,33.400001525878906,33.400001525878906,15116,0.0,0.0
2023-08-09 11:00:00+08:00,33.400001525878906,33.400001525878906,33.349998474121094,33.349998474121094,9188,0.0,0.0
2023-08-09 12:00:00+08:00,33.349998474121094,33.5,33.349998474121094,33.400001525878906,9194,0.0,0.0
2023-08-10 09:00:00+08:00,33.5,33.5,33.0,33.0,26280,0.0,0.0
2023-08-10 10:00:00+08:00,32.95000076293945,32.95000076293945,32.75,32.900001525878906,38010,0.0,0.0
2023-08-10 11:00:00+08:00,32.79999923706055,33.0,32.75,33.0,19000,0.0,0.0
2023-08-10 12:00:00+08:00,33.5,33.5,33.400001525878906,33.5,21132,0.0,0.0
2023-08-10 13:00:00+08:00,33.5,34.0,33.5,34.0,15220,0.0,0.0
2023-08-11 09:00:00+08:00,35.20000076293945,36.849998474121094,34.849998474121094,36.5,1092132,0.0,0.0
2023-08-11 10:00:00+08:00,36.5,37.099998474121094,36.25,36.70000076293945,419681,0.0,0.0
2023-08-11 11:00:00+08:00,36.650001525878906,37.150001525878906,36.400001525878906,36.900001525878906,1038761,0.0,0.0
2023-08-11 12:00:00+08:00,36.900001525878906,37.150001525878906,36.349998474121094,37.04999923706055,280339,0.0,0.0
2023-08-11 13:00:00+08:00,37.04999923706055,37.150001525878906,36.849998474121094,37.04999923706055,675328,0.0,0.0
2023-08-14 09:00:00+08:00,37.25,40.0,37.20000076293945,38.349998474121094,0,0.0,0.0
2023-08-14 10:00:00+08:00,38.349998474121094,39.45000076293945,38.150001525878906,39.150001525878906,760271,0.0,0.0
2023-08-14 11:00:00+08:00,39.099998474121094,39.150001525878906,38.400001525878906,38.70000076293945,427413,0.0,0.0
2023-08-14 12:00:00+08:00,38.79999923706055,39.79999923706055,38.70000076293945,39.25,883111,0.0,0.0
2023-08-14 13:00:00+08:00,39.29999923706055,40.70000076293945,39.0,40.150001525878906,1436306,0.0,0.0
2023-08-15 09:00:00+08:00,40.79999923706055,43.54999923706055,40.650001525878906,41.79999923706055,4097551,0.0,0.0
2023-08-15 10:00:00+08:00,41.75,41.900001525878906,40.79999923706055,41.29999923706055,1076959,0.0,0.0
2023-08-15 11:00:00+08:00,41.25,41.79999923706055,41.25,41.349998474121094,334502,0.0,0.0
2023-08-15 12:00:00+08:00,41.400001525878906,41.599998474121094,40.599998474121094,41.150001525878906,662105,0.0,0.0
2023-08-15 13:00:00+08:00,41.099998474121094,41.25,40.70000076293945,40.900001525878906,545505,0.0,0.0
2023-08-16 09:00:00+08:00,41.0,41.099998474121094,40.0,40.599998474121094,937560,0.0,0.0
2023-08-16 10:00:00+08:00,40.599998474121094,41.900001525878906,40.45000076293945,41.099998474121094,533793,0.0,0.0
2023-08-16 11:00:00+08:00,41.20000076293945,42.400001525878906,41.099998474121094,42.20000076293945,586993,0.0,0.0
2023-08-16 12:00:00+08:00,42.20000076293945,42.5,41.70000076293945,42.0,588944,0.0,0.0
2023-08-16 13:00:00+08:00,42.099998474121094,42.5,42.099998474121094,42.5,286781,0.0,0.0
2023-08-17 09:00:00+08:00,42.400001525878906,43.45000076293945,41.45000076293945,42.650001525878906,1537478,0.0,0.0
2023-08-17 10:00:00+08:00,42.599998474121094,42.70000076293945,42.04999923706055,42.54999923706055,410374,0.0,0.0
2023-08-17 11:00:00+08:00,42.54999923706055,42.599998474121094,42.099998474121094,42.400001525878906,234184,0.0,0.0
2023-08-17 12:00:00+08:00,42.400001525878906,42.54999923706055,42.20000076293945,42.20000076293945,219382,0.0,0.0
2023-08-17 13:00:00+08:00,42.25,42.25,41.599998474121094,41.70000076293945,392237,0.0,0.0
2023-08-18 09:00:00+08:00,41.79999923706055,43.099998474121094,41.79999923706055,42.599998474121094,873925,0.0,0.0
2023-08-18 10:00:00+08:00,42.599998474121094,42.70000076293945,41.79999923706055,42.0,296871,0.0,0.0
2023-08-18 11:00:00+08:00,42.150001525878906,42.400001525878906,40.150001525878906,40.150001525878906,459742,0.0,0.0
2023-08-18 12:00:00+08:00,40.099998474121094,40.099998474121094,39.04999923706055,39.5,545273,0.0,0.0
2023-08-18 13:00:00+08:00,39.5,39.75,39.150001525878906,39.349998474121094,231571,0.0,0.0
2023-08-21 09:00:00+08:00,39.599998474121094,40.849998474121094,38.70000076293945,40.29999923706055,0,0.0,0.0
2023-08-21 10:00:00+08:00,40.29999923706055,40.349998474121094,39.54999923706055,40.150001525878906,198347,0.0,0.0
2023-08-21 11:00:00+08:00,40.20000076293945,40.25,39.79999923706055,39.849998474121094,134172,0.0,0.0
2023-08-21 12:00:00+08:00,39.849998474121094,40.099998474121094,39.849998474121094,40.04999923706055,89040,0.0,0.0
2023-08-21 13:00:00+08:00,40.04999923706055,40.04999923706055,39.599998474121094,39.75,102425,0.0,0.0
2023-08-22 09:00:00+08:00,40.79999923706055,43.70000076293945,40.20000076293945,43.70000076293945,3886435,0.0,0.0
2023-08-22 10:00:00+08:00,43.70000076293945,43.70000076293945,42.04999923706055,43.45000076293945,2378493,0.0,0.0
2023-08-22 11:00:00+08:00,43.5,43.70000076293945,43.349998474121094,43.70000076293945,817148,0.0,0.0
2023-08-22 12:00:00+08:00,43.70000076293945,43.70000076293945,42.5,42.70000076293945,648125,0.0,0.0
2023-08-22 13:00:00+08:00,42.79999923706055,43.70000076293945,42.70000076293945,43.70000076293945,484817,0.0,0.0
2023-08-23 09:00:00+08:00,43.0,43.599998474121094,42.0,43.25,0,0.0,0.0
2023-08-23 10:00:00+08:00,43.150001525878906,46.79999923706055,42.75,46.70000076293945,2338153,0.0,0.0
2023-08-23 11:00:00+08:00,46.599998474121094,47.349998474121094,45.70000076293945,46.599998474121094,1994153,0.0,0.0
2023-08-23 12:00:00+08:00,46.599998474121094,46.599998474121094,43.54999923706055,43.599998474121094,1450152,0.0,0.0
2023-08-23 13:00:00+08:00,43.599998474121094,43.599998474121094,42.5,42.75,962625,0.0,0.0
2023-08-24 09:00:00+08:00,43.849998474121094,44.04999923706055,42.849998474121094,43.5,0,0.0,0.0
2023-08-24 10:00:00+08:00,43.5,43.5,43.0,43.150001525878906,269625,0.0,0.0
2023-08-24 11:00:00+08:00,43.150001525878906,43.45000076293945,42.0,43.400001525878906,743016,0.0,0.0
2023-08-24 12:00:00+08:00,43.45000076293945,44.599998474121094,43.25,44.599998474121094,1189306,0.0,0.0
2023-08-24 13:00:00+08:00,44.54999923706055,44.650001525878906,43.20000076293945,43.29999923706055,513346,0.0,0.0
2023-08-25 09:00:00+08:00,42.099998474121094,44.70000076293945,42.099998474121094,44.0,1661119,0.0,0.0
2023-08-25 10:00:00+08:00,44.04999923706055,44.29999923706055,43.54999923706055,43.599998474121094,230323,0.0,0.0
2023-08-25 11:00:00+08:00,43.25,43.75,43.25,43.54999923706055,231477,0.0,0.0
2023-08-25 12:00:00+08:00,43.5,45.0,43.5,44.29999923706055,828052,0.0,0.0
2023-08-25 13:00:00+08:00,44.29999923706055,44.400001525878906,43.5,44.0,390266,0.0,0.0
2023-08-28 09:00:00+08:00,43.400001525878906,44.0,41.650001525878906,41.900001525878906,0,0.0,0.0
2023-08-28 10:00:00+08:00,42.04999923706055,42.150001525878906,41.04999923706055,41.29999923706055,574464,0.0,0.0
2023-08-28 11:00:00+08:00,41.29999923706055,41.5,39.599998474121094,39.70000076293945,781643,0.0,0.0
2023-08-28 12:00:00+08:00,39.70000076293945,39.849998474121094,39.20000076293945,39.29999923706055,599697,0.0,0.0
2023-08-28 13:00:00+08:00,39.29999923706055,39.400001525878906,39.20000076293945,39.20000076293945,398482,0.0,0.0
2023-08-29 09:00:00+08:00,38.400001525878906,40.0,38.20000076293945,39.54999923706055,1085018,0.0,0.0
2023-08-29 10:00:00+08:00,39.599998474121094,41.79999923706055,39.5,40.0,476894,0.0,0.0
2023-08-29 11:00:00+08:00,39.95000076293945,40.29999923706055,39.900001525878906,40.20000076293945,170521,0.0,0.0
2023-08-29 12:00:00+08:00,40.20000076293945,40.5,40.0,40.20000076293945,111312,0.0,0.0
2023-08-29 13:00:00+08:00,40.20000076293945,40.20000076293945,39.5,39.70000076293945,344107,0.0,0.0
2023-08-30 09:00:00+08:00,40.5,40.900001525878906,39.79999923706055,40.20000076293945,811808,0.0,0.0
2023-08-30 10:00:00+08:00,40.20000076293945,40.25,39.900001525878906,40.099998474121094,157399,0.0,0.0
2023-08-30 11:00:00+08:00,40.0,40.400001525878906,39.599998474121094,40.25,215897,0.0,0.0
2023-08-30 12:00:00+08:00,40.25,40.29999923706055,40.0,40.099998474121094,134816,0.0,0.0
2023-08-30 13:00:00+08:00,40.099998474121094,40.099998474121094,39.849998474121094,39.849998474121094,155233,0.0,0.0
2023-08-31 09:00:00+08:00,39.79999923706055,40.54999923706055,39.650001525878906,40.04999923706055,0,0.0,0.0
2023-08-31 10:00:00+08:00,40.04999923706055,40.20000076293945,39.20000076293945,39.20000076293945,269544,0.0,0.0
2023-08-31 11:00:00+08:00,39.25,39.650001525878906,39.20000076293945,39.599998474121094,144062,0.0,0.0
2023-08-31 12:00:00+08:00,39.599998474121094,40.29999923706055,39.599998474121094,40.20000076293945,190471,0.0,0.0
2023-08-31 13:00:00+08:00,40.20000076293945,40.400001525878906,40.099998474121094,40.29999923706055,195001,0.0,0.0
2023-09-01 09:00:00+08:00,40.54999923706055,41.20000076293945,40.5,40.599998474121094,0,0.0,0.0
2023-09-01 10:00:00+08:00,40.599998474121094,40.75,40.099998474121094,40.150001525878906,162084,0.0,0.0
2023-09-01 11:00:00+08:00,40.150001525878906,40.54999923706055,40.0,40.45000076293945,163860,0.0,0.0
2023-09-01 12:00:00+08:00,40.400001525878906,40.849998474121094,40.20000076293945,40.5,160960,0.0,0.0
2023-09-01 13:00:00+08:00,40.5,40.599998474121094,40.25,40.5,105000,0.0,0.0
2023-09-04 09:00:00+08:00,40.75,43.04999923706055,40.349998474121094,42.900001525878906,382781,0.0,0.0
2023-09-04 10:00:00+08:00,42.900001525878906,43.849998474121094,42.349998474121094,43.20000076293945,1244208,0.0,0.0
2023-09-04 11:00:00+08:00,43.20000076293945,43.70000076293945,43.04999923706055,43.20000076293945,350203,0.0,0.0
2023-09-04 12:00:00+08:00,43.349998474121094,44.29999923706055,43.20000076293945,44.25,782072,0.0,0.0
2023-09-04 13:00:00+08:00,44.25,44.349998474121094,44.150001525878906,44.349998474121094,908228,0.0,0.0
2023-09-05 09:00:00+08:00,46.0,48.75,45.099998474121094,48.75,3048110,0.0,0.0
2023-09-05 10:00:00+08:00,48.75,48.75,48.75,48.75,282345,0.0,0.0
2023-09-05 11:00:00+08:00,48.75,48.75,48.75,48.75,83917,0.0,0.0
2023-09-05 12:00:00+08:00,48.75,48.75,48.75,48.75,71230,0.0,0.0
2023-09-05 13:00:00+08:00,48.75,48.75,48.75,48.75,62534,0.0,0.0
2023-09-06 09:00:00+08:00,49.400001525878906,49.54999923706055,45.599998474121094,46.400001525878906,0,0.0,0.0
2023-09-06 10:00:00+08:00,46.400001525878906,46.599998474121094,45.75,45.79999923706055,896231,0.0,0.0
2023-09-06 11:00:00+08:00,45.79999923706055,46.29999923706055,45.20000076293945,45.900001525878906,884849,0.0,0.0
2023-09-06 12:00:00+08:00,45.849998474121094,45.849998474121094,45.04999923706055,45.25,709338,0.0,0.0
2023-09-06 13:00:00+08:00,45.29999923706055,45.5,44.5,44.5,1259120,0.0,0.0
2023-09-07 09:00:00+08:00,44.5,46.900001525878906,44.45000076293945,46.150001525878906,0,0.0,0.0
2023-09-07 10:00:00+08:00,46.150001525878906,46.79999923706055,45.70000076293945,46.04999923706055,840453,0.0,0.0
2023-09-07 11:00:00+08:00,46.0,46.0,45.599998474121094,45.95000076293945,259395,0.0,0.0
2023-09-07 12:00:00+08:00,45.95000076293945,46.25,45.75,46.0,390061,0.0,0.0
2023-09-07 13:00:00+08:00,46.0,46.0,45.099998474121094,45.25,369178,0.0,0.0
2023-09-08 09:00:00+08:00,45.20000076293945,45.79999923706055,43.25,43.400001525878906,0,0.0,0.0
2023-09-08 10:00:00+08:00,43.5,44.150001525878906,43.5,43.75,278530,0.0,0.0
2023-09-08 11:00:00+08:00,43.79999923706055,44.099998474121094,43.599998474121094,43.650001525878906,241279,0.0,0.0
2023-09-08 12:00:00+08:00,43.650001525878906,43.95000076293945,43.25,43.29999923706055,405490,0.0,0.0
2023-09-08 13:00:00+08:00,43.349998474121094,43.650001525878906,43.29999923706055,43.400001525878906,271274,0.0,0.0
2023-09-11 09:00:00+08:00,46.29999923706055,46.45000076293945,44.79999923706055,45.400001525878906,55889,0.0,0.0
2023-09-11 10:00:00+08:00,45.349998474121094,45.5,45.0,45.29999923706055,271646,0.0,0.0
2023-09-11 11:00:00+08:00,45.29999923706055,45.45000076293945,44.849998474121094,45.099998474121094,317906,0.0,0.0
2023-09-11 12:00:00+08:00,45.150001525878906,47.20000076293945,45.04999923706055,46.599998474121094,1897779,0.0,0.0
2023-09-11 13:00:00+08:00,46.599998474121094,46.599998474121094,45.0,45.150001525878906,533561,0.0,0.0
2023-09-12 09:00:00+08:00,45.0,45.75,44.0,45.400001525878906,0,0.0,0.0
2023-09-12 10:00:00+08:00,45.29999923706055,46.900001525878906,45.099998474121094,46.0,851437,0.0,0.0
2023-09-12 11:00:00+08:00,46.0,46.20000076293945,45.45000076293945,45.54999923706055,309688,0.0,0.0
2023-09-12 12:00:00+08:00,45.5,45.70000076293945,45.150001525878906,45.349998474121094,188321,0.0,0.0
2023-09-12 13:00:00+08:00,45.29999923706055,45.599998474121094,45.099998474121094,45.099998474121094,247020,0.0,0.0
2023-09-13 09:00:00+08:00,45.349998474121094,45.79999923706055,44.70000076293945,45.5,0,0.0,0.0
2023-09-13 10:00:00+08:00,45.5,45.5,44.95000076293945,45.25,108737,0.0,0.0
2023-09-13 11:00:00+08:00,45.25,45.650001525878906,45.20000076293945,45.650001525878906,165151,0.0,0.0
2023-09-13 12:00:00+08:00,45.599998474121094,46.45000076293945,45.5,45.849998474121094,558019,0.0,0.0
2023-09-13 13:00:00+08:00,45.900001525878906,46.20000076293945,45.79999923706055,45.849998474121094,167585,0.0,0.0
2023-09-14 09:00:00+08:00,47.349998474121094,47.849998474121094,46.5,46.70000076293945,0,0.0,0.0
2023-09-14 10:00:00+08:00,46.70000076293945,47.099998474121094,46.5,46.70000076293945,340694,0.0,0.0
2023-09-14 11:00:00+08:00,46.599998474121094,46.70000076293945,46.20000076293945,46.29999923706055,328621,0.0,0.0
2023-09-14 12:00:00+08:00,46.29999923706055,46.45000076293945,45.349998474121094,45.54999923706055,579702,0.0,0.0
2023-09-14 13:00:00+08:00,45.599998474121094,45.650001525878906,45.25,45.54999923706055,333865,0.0,0.0
2023-09-15 09:00:00+08:00,45.5,46.099998474121094,45.0,45.75,0,0.0,0.0
2023-09-15 10:00:00+08:00,45.900001525878906,46.099998474121094,45.349998474121094,45.349998474121094,145323,0.0,0.0
2023-09-15 11:00:00+08:00,45.5,45.70000076293945,45.400001525878906,45.5,73288,0.0,0.0
2023-09-15 12:00:00+08:00,45.400001525878906,45.54999923706055,44.400001525878906,44.599998474121094,413750,0.0,0.0
2023-09-15 13:00:00+08:00,44.650001525878906,44.849998474121094,44.400001525878906,44.54999923706055,234654,0.0,0.0
2023-09-18 09:00:00+08:00,44.79999923706055,44.79999923706055,43.95000076293945,44.099998474121094,0,0.0,0.0
2023-09-18 10:00:00+08:00,44.099998474121094,44.25,43.75,44.20000076293945,185550,0.0,0.0
2023-09-18 11:00:00+08:00,44.099998474121094,44.25,44.0,44.099998474121094,44215,0.0,0.0
2023-09-18 12:00:00+08:00,44.04999923706055,44.25,43.95000076293945,44.150001525878906,100634,0.0,0.0
2023-09-18 13:00:00+08:00,44.099998474121094,44.25,44.0,44.0,98216,0.0,0.0
2023-09-19 09:00:00+08:00,44.45000076293945,46.400001525878906,44.29999923706055,46.20000076293945,1470257,0.0,0.0
2023-09-19 10:00:00+08:00,46.150001525878906,46.150001525878906,45.20000076293945,45.45000076293945,404377,0.0,0.0
2023-09-19 11:00:00+08:00,45.5,45.650001525878906,44.75,44.75,223168,0.0,0.0
2023-09-19 12:00:00+08:00,44.75,44.75,43.79999923706055,44.45000076293945,426751,0.0,0.0
2023-09-19 13:00:00+08:00,44.5,44.5,44.150001525878906,44.45000076293945,169076,0.0,0.0
2023-09-20 09:00:00+08:00,44.20000076293945,45.099998474121094,44.04999923706055,44.79999923706055,0,0.0,0.0
2023-09-20 10:00:00+08:00,44.79999923706055,44.79999923706055,43.95000076293945,44.04999923706055,250348,0.0,0.0
2023-09-20 11:00:00+08:00,44.04999923706055,44.20000076293945,43.900001525878906,44.099998474121094,94290,0.0,0.0
2023-09-20 12:00:00+08:00,44.099998474121094,44.099998474121094,42.95000076293945,42.95000076293945,412953,0.0,0.0
2023-09-20 13:00:00+08:00,43.0,43.29999923706055,42.599998474121094,43.099998474121094,286014,0.0,0.0
2023-09-21 09:00:00+08:00,43.29999923706055,43.29999923706055,41.95000076293945,42.150001525878906,0,0.0,0.0
2023-09-21 10:00:00+08:00,42.150001525878906,42.400001525878906,41.70000076293945,42.099998474121094,231867,0.0,0.0
2023-09-21 11:00:00+08:00,42.099998474121094,42.20000076293945,41.70000076293945,41.79999923706055,195426,0.0,0.0
2023-09-21 12:00:00+08:00,41.79999923706055,42.150001525878906,41.75,42.0,139702,0.0,0.0
2023-09-21 13:00:00+08:00,42.0,42.29999923706055,41.900001525878906,42.25,163002,0.0,0.0
2023-09-22 09:00:00+08:00,40.650001525878906,42.25,40.650001525878906,41.79999923706055,0,0.0,0.0
2023-09-22 10:00:00+08:00,41.849998474121094,42.04999923706055,41.400001525878906,41.400001525878906,363866,0.0,0.0
2023-09-22 11:00:00+08:00,41.400001525878906,41.849998474121094,41.349998474121094,41.849998474121094,144177,0.0,0.0
2023-09-22 12:00:00+08:00,41.79999923706055,42.150001525878906,41.75,41.95000076293945,109565,0.0,0.0
2023-09-22 13:00:00+08:00,42.0,42.29999923706055,41.95000076293945,42.099998474121094,86301,0.0,0.0
2023-09-25 09:00:00+08:00,43.0,44.349998474121094,42.79999923706055,43.04999923706055,0,0.0,0.0
2023-09-25 10:00:00+08:00,43.150001525878906,43.20000076293945,42.79999923706055,43.0,169976,0.0,0.0
2023-09-25 11:00:00+08:00,43.0,43.150001525878906,42.599998474121094,42.599998474121094,158410,0.0,0.0
2023-09-25 12:00:00+08:00,42.70000076293945,42.900001525878906,42.5,42.900001525878906,138412,0.0,0.0
2023-09-25 13:00:00+08:00,42.900001525878906,42.900001525878906,42.599998474121094,42.849998474121094,97204,0.0,0.0
2023-09-26 09:00:00+08:00,42.95000076293945,43.599998474121094,42.650001525878906,42.900001525878906,0,0.0,0.0
2023-09-26 10:00:00+08:00,42.900001525878906,43.29999923706055,42.900001525878906,43.25,71113,0.0,0.0
2023-09-26 11:00:00+08:00,43.150001525878906,43.20000076293945,42.54999923706055,42.70000076293945,148155,0.0,0.0
2023-09-26 12:00:00+08:00,42.70000076293945,42.79999923706055,42.29999923706055,42.349998474121094,93375,0.0,0.0
2023-09-26 13:00:00+08:00,42.349998474121094,42.400001525878906,42.29999923706055,42.349998474121094,32031,0.0,0.0
2023-09-27 09:00:00+08:00,42.29999923706055,42.79999923706055,42.099998474121094,42.400001525878906,0,0.0,0.0
2023-09-27 10:00:00+08:00,42.400001525878906,42.70000076293945,41.79999923706055,41.849998474121094,188426,0.0,0.0
2023-09-27 11:00:00+08:00,41.900001525878906,42.099998474121094,41.75,42.0,61318,0.0,0.0
2023-09-27 12:00:00+08:00,42.0,42.0,41.79999923706055,41.79999923706055,65184,0.0,0.0
2023-09-27 13:00:00+08:00,41.900001525878906,41.900001525878906,41.650001525878906,41.70000076293945,147003,0.0,0.0
2023-09-28 09:00:00+08:00,42.150001525878906,43.20000076293945,42.099998474121094,43.20000076293945,0,0.0,0.0
2023-09-28 10:00:00+08:00,43.150001525878906,43.25,42.650001525878906,42.650001525878906,185572,0.0,0.0
2023-09-28 11:00:00+08:00,42.650001525878906,42.79999923706055,42.400001525878906,42.45000076293945,189154,0.0,0.0
2023-09-28 12:00:00+08:00,42.45000076293945,42.45000076293945,41.95000076293945,42.0,208706,0.0,0.0
2023-09-28 13:00:00+08:00,42.0,42.20000076293945,42.0,42.099998474121094,47030,0.0,0.0
2023-10-02 09:00:00+08:00,42.400001525878906,42.95000076293945,42.349998474121094,42.599998474121094,0,0.0,0.0
2023-10-02 10:00:00+08:00,42.5,43.04999923706055,42.29999923706055,42.79999923706055,222194,0.0,0.0
2023-10-02 11:00:00+08:00,42.79999923706055,43.29999923706055,42.79999923706055,43.25,115433,0.0,0.0
2023-10-02 12:00:00+08:00,43.25,43.349998474121094,42.75,42.900001525878906,110715,0.0,0.0
2023-10-02 13:00:00+08:00,42.95000076293945,42.95000076293945,42.79999923706055,42.900001525878906,49010,0.0,0.0
2023-10-03 09:00:00+08:00,43.0,43.599998474121094,43.0,43.45000076293945,0,0.0,0.0
2023-10-03 10:00:00+08:00,43.400001525878906,43.400001525878906,42.54999923706055,42.650001525878906,182149,0.0,0.0
2023-10-03 11:00:00+08:00,42.70000076293945,43.650001525878906,42.54999923706055,43.400001525878906,174104,0.0,0.0
2023-10-03 12:00:00+08:00,43.5,43.79999923706055,43.400001525878906,43.400001525878906,202541,0.0,0.0
2023-10-03 13:00:00+08:00,43.45000076293945,44.25,43.45000076293945,43.70000076293945,444648,0.0,0.0
2023-10-04 09:00:00+08:00,43.04999923706055,43.150001525878906,42.400001525878906,43.0,0,0.0,0.0
2023-10-04 10:00:00+08:00,42.900001525878906,43.099998474121094,42.79999923706055,42.900001525878906,89007,0.0,0.0
2023-10-04 11:00:00+08:00,42.95000076293945,43.400001525878906,42.900001525878906,43.04999923706055,102602,0.0,0.0
2023-10-04 12:00:00+08:00,43.0,43.95000076293945,43.0,43.5,264638,0.0,0.0
2023-10-04 13:00:00+08:00,43.400001525878906,44.29999923706055,43.349998474121094,44.20000076293945,314676,0.0,0.0
2023-10-05 09:00:00+08:00,44.04999923706055,44.79999923706055,44.04999923706055,44.400001525878906,0,0.0,0.0
2023-10-05 10:00:00+08:00,44.400001525878906,44.45000076293945,43.650001525878906,43.79999923706055,258063,0.0,0.0
2023-10-05 11:00:00+08:00,43.900001525878906,44.25,43.900001525878906,44.25,96723,0.0,0.0
2023-10-05 12:00:00+08:00,44.25,45.25,44.20000076293945,45.25,599030,0.0,0.0
2023-10-05 13:00:00+08:00,45.29999923706055,45.599998474121094,45.0,45.150001525878906,685390,0.0,0.0
2023-10-06 09:00:00+08:00,45.099998474121094,45.29999923706055,44.54999923706055,44.75,0,0.0,0.0
2023-10-06 10:00:00+08:00,44.79999923706055,44.900001525878906,44.650001525878906,44.75,117429,0.0,0.0
2023-10-06 11:00:00+08:00,44.75,45.20000076293945,44.70000076293945,45.04999923706055,189248,0.0,0.0
2023-10-06 12:00:00+08:00,45.04999923706055,45.349998474121094,44.75,44.75,413302,0.0,0.0
2023-10-06 13:00:00+08:00,44.900001525878906,45.29999923706055,44.900001525878906,45.04999923706055,450988,0.0,0.0
2023-10-11 09:00:00+08:00,43.150001525878906,43.150001525878906,40.75,40.79999923706055,404265,0.0,0.0
2023-10-11 10:00:00+08:00,40.79999923706055,41.04999923706055,40.75,40.79999923706055,428996,0.0,0.0
2023-10-11 11:00:00+08:00,40.79999923706055,40.849998474121094,40.75,40.75,236357,0.0,0.0
2023-10-11 12:00:00+08:00,40.75,40.75,40.75,40.75,34641,0.0,0.0
2023-10-11 13:00:00+08:00,40.75,40.75,40.75,40.75,53030,0.0,0.0
2023-10-12 09:00:00+08:00,40.25,40.75,39.25,40.75,526266,0.0,0.0
2023-10-12 10:00:00+08:00,40.75,41.20000076293945,40.400001525878906,40.54999923706055,133140,0.0,0.0
2023-10-12 11:00:00+08:00,40.54999923706055,41.0,40.5,40.95000076293945,127185,0.0,0.0
2023-10-12 12:00:00+08:00,40.95000076293945,41.099998474121094,40.79999923706055,40.95000076293945,123972,0.0,0.0
2023-10-12 13:00:00+08:00,40.95000076293945,41.04999923706055,40.849998474121094,41.0,83176,0.0,0.0
2023-10-13 09:00:00+08:00,41.099998474121094,41.849998474121094,41.099998474121094,41.25,0,0.0,0.0
2023-10-13 10:00:00+08:00,41.25,41.400001525878906,41.20000076293945,41.29999923706055,102171,0.0,0.0
2023-10-13 11:00:00+08:00,41.29999923706055,41.29999923706055,41.20000076293945,41.25,104401,0.0,0.0
2023-10-13 12:00:00+08:00,41.20000076293945,41.20000076293945,40.79999923706055,40.79999923706055,131343,0.0,0.0
2023-10-13 13:00:00+08:00,40.849998474121094,40.849998474121094,40.54999923706055,40.599998474121094,102411,0.0,0.0
2023-10-16 09:00:00+08:00,39.900001525878906,40.70000076293945,39.75,39.75,0,0.0,0.0
2023-10-16 10:00:00+08:00,39.75,39.79999923706055,39.45000076293945,39.45000076293945,229853,0.0,0.0
2023-10-16 11:00:00+08:00,39.5,39.75,39.349998474121094,39.599998474121094,85122,0.0,0.0
2023-10-16 12:00:00+08:00,39.54999923706055,39.54999923706055,39.29999923706055,39.349998474121094,160846,0.0,0.0
2023-10-16 13:00:00+08:00,39.5,39.5,39.25,39.25,61048,0.0,0.0
2023-10-17 09:00:00+08:00,39.70000076293945,39.900001525878906,39.20000076293945,39.400001525878906,0,0.0,0.0
2023-10-17 10:00:00+08:00,39.45000076293945,39.79999923706055,39.45000076293945,39.650001525878906,54218,0.0,0.0
2023-10-17 11:00:00+08:00,39.599998474121094,39.599998474121094,39.29999923706055,39.400001525878906,50204,0.0,0.0
2023-10-17 12:00:00+08:00,39.400001525878906,39.5,38.900001525878906,39.0,151403,0.0,0.0
2023-10-17 13:00:00+08:00,38.900001525878906,39.0,38.45000076293945,38.45000076293945,128402,0.0,0.0
2023-10-18 09:00:00+08:00,39.20000076293945,39.25,38.20000076293945,38.45000076293945,0,0.0,0.0
2023-10-18 10:00:00+08:00,38.45000076293945,38.70000076293945,38.400001525878906,38.45000076293945,69302,0.0,0.0
2023-10-18 11:00:00+08:00,38.45000076293945,38.5,38.400001525878906,38.5,38100,0.0,0.0
2023-10-18 12:00:00+08:00,38.45000076293945,38.70000076293945,38.45000076293945,38.45000076293945,103899,0.0,0.0
2023-10-18 13:00:00+08:00,38.400001525878906,38.5,38.400001525878906,38.45000076293945,42240,0.0,0.0
2023-10-19 09:00:00+08:00,38.599998474121094,38.95000076293945,38.599998474121094,38.95000076293945,0,0.0,0.0
2023-10-19 10:00:00+08:00,38.95000076293945,39.0,38.599998474121094,38.599998474121094,36713,0.0,0.0
2023-10-19 11:00:00+08:00,38.599998474121094,38.599998474121094,38.349998474121094,38.45000076293945,87056,0.0,0.0
2023-10-19 12:00:00+08:00,38.45000076293945,39.099998474121094,38.25,39.099998474121094,146365,0.0,0.0
2023-10-19 13:00:00+08:00,38.900001525878906,39.0,38.79999923706055,38.79999923706055,15068,0.0,0.0
2023-10-20 09:00:00+08:00,39.04999923706055,39.099998474121094,38.0,38.150001525878906,0,0.0,0.0
2023-10-20 10:00:00+08:00,38.150001525878906,38.29999923706055,38.0,38.29999923706055,95003,0.0,0.0
2023-10-20 11:00:00+08:00,38.400001525878906,38.45000076293945,38.25,38.29999923706055,15026,0.0,0.0
2023-10-20 12:00:00+08:00,38.29999923706055,38.29999923706055,38.0,38.20000076293945,55847,0.0,0.0
2023-10-20 13:00:00+08:00,38.25,38.25,38.04999923706055,38.099998474121094,49105,0.0,0.0
2023-10-23 09:00:00+08:00,38.04999923706055,39.20000076293945,38.0,39.0,0,0.0,0.0
2023-10-23 10:00:00+08:00,38.95000076293945,39.650001525878906,38.900001525878906,39.349998474121094,95025,0.0,0.0
2023-10-23 11:00:00+08:00,39.349998474121094,39.349998474121094,38.95000076293945,39.0,15041,0.0,0.0
2023-10-23 12:00:00+08:00,39.0,39.0,38.650001525878906,38.650001525878906,39320,0.0,0.0
2023-10-23 13:00:00+08:00,38.599998474121094,38.650001525878906,38.5,38.650001525878906,37001,0.0,0.0
2023-10-24 09:00:00+08:00,38.70000076293945,39.20000076293945,38.70000076293945,39.0,110061,0.0,0.0
2023-10-24 10:00:00+08:00,39.0,39.29999923706055,38.900001525878906,39.20000076293945,51001,0.0,0.0
2023-10-24 11:00:00+08:00,39.20000076293945,39.25,39.0,39.099998474121094,23004,0.0,0.0
2023-10-24 12:00:00+08:00,39.150001525878906,39.5,39.150001525878906,39.29999923706055,44212,0.0,0.0
2023-10-24 13:00:00+08:00,39.29999923706055,39.400001525878906,39.29999923706055,39.349998474121094,27322,0.0,0.0
2023-10-25 09:00:00+08:00,39.650001525878906,39.849998474121094,39.099998474121094,39.29999923706055,0,0.0,0.0
2023-10-25 10:00:00+08:00,39.29999923706055,39.5,39.25,39.45000076293945,28022,0.0,0.0
2023-10-25 11:00:00+08:00,39.5,39.54999923706055,39.45000076293945,39.45000076293945,18225,0.0,0.0
2023-10-25 12:00:00+08:00,39.45000076293945,39.599998474121094,39.400001525878906,39.54999923706055,56000,0.0,0.0
2023-10-25 13:00:00+08:00,39.5,39.5,39.45000076293945,39.45000076293945,28006,0.0,0.0
2023-10-26 09:00:00+08:00,38.900001525878906,39.25,38.599998474121094,39.04999923706055,0,0.0,0.0
2023-10-26 10:00:00+08:00,39.04999923706055,39.150001525878906,38.95000076293945,39.0,35137,0.0,0.0
2023-10-26 11:00:00+08:00,38.900001525878906,39.0,38.70000076293945,38.70000076293945,39001,0.0,0.0
2023-10-26 12:00:00+08:00,38.70000076293945,38.79999923706055,38.650001525878906,38.70000076293945,43045,0.0,0.0
2023-10-26 13:00:00+08:00,38.70000076293945,38.79999923706055,38.650001525878906,38.650001525878906,45165,0.0,0.0
2023-10-27 09:00:00+08:00,39.0,39.20000076293945,38.849998474121094,39.099998474121094,0,0.0,0.0
2023-10-27 10:00:00+08:00,39.04999923706055,39.04999923706055,38.79999923706055,38.900001525878906,56050,0.0,0.0
2023-10-27 11:00:00+08:00,38.849998474121094,38.849998474121094,38.5,38.599998474121094,74000,0.0,0.0
2023-10-27 12:00:00+08:00,38.650001525878906,38.75,38.5,38.5,101000,0.0,0.0
2023-10-27 13:00:00+08:00,38.45000076293945,38.45000076293945,38.099998474121094,38.25,43021,0.0,0.0
2023-10-30 09:00:00+08:00,38.599998474121094,38.849998474121094,38.25,38.849998474121094,0,0.0,0.0
2023-10-30 10:00:00+08:00,38.849998474121094,39.150001525878906,38.849998474121094,39.150001525878906,47099,0.0,0.0
2023-10-30 11:00:00+08:00,39.150001525878906,39.150001525878906,39.0,39.099998474121094,22000,0.0,0.0
2023-10-30 12:00:00+08:00,39.099998474121094,39.150001525878906,38.95000076293945,39.04999923706055,48097,0.0,0.0
2023-10-30 13:00:00+08:00,39.04999923706055,39.150001525878906,38.849998474121094,39.0,32073,0.0,0.0
2023-10-31 09:00:00+08:00,39.5,40.29999923706055,39.20000076293945,39.25,0,0.0,0.0
2023-10-31 10:00:00+08:00,39.25,39.25,38.400001525878906,38.45000076293945,81114,0.0,0.0
2023-10-31 11:00:00+08:00,38.400001525878906,38.599998474121094,38.25,38.25,70033,0.0,0.0
2023-10-31 12:00:00+08:00,38.25,38.400001525878906,37.599998474121094,37.650001525878906,134351,0.0,0.0
2023-10-31 13:00:00+08:00,37.70000076293945,38.04999923706055,37.650001525878906,37.70000076293945,66308,0.0,0.0
2023-11-01 09:00:00+08:00,38.0,38.099998474121094,37.599998474121094,37.70000076293945,0,0.0,0.0
2023-11-01 10:00:00+08:00,37.70000076293945,37.79999923706055,37.5,37.79999923706055,26005,0.0,0.0
2023-11-01 11:00:00+08:00,37.70000076293945,37.849998474121094,37.70000076293945,37.79999923706055,20113,0.0,0.0
2023-11-01 12:00:00+08:00,37.70000076293945,37.849998474121094,37.650001525878906,37.75,0,0.0,0.0
2023-11-01 13:00:00+08:00,37.75,37.75,37.599998474121094,37.599998474121094,151284,0.0,0.0
2023-11-02 09:00:00+08:00,38.04999923706055,38.5,38.04999923706055,38.5,114025,0.0,0.0
2023-11-02 10:00:00+08:00,38.400001525878906,38.599998474121094,38.349998474121094,38.5,52002,0.0,0.0
2023-11-02 11:00:00+08:00,38.54999923706055,38.900001525878906,38.54999923706055,38.79999923706055,62037,0.0,0.0
2023-11-02 12:00:00+08:00,38.70000076293945,38.849998474121094,38.599998474121094,38.70000076293945,41004,0.0,0.0
2023-11-02 13:00:00+08:00,38.650001525878906,38.849998474121094,38.650001525878906,38.849998474121094,24100,0.0,0.0
2023-11-03 09:00:00+08:00,39.25,39.25,38.79999923706055,38.900001525878906,0,0.0,0.0
2023-11-03 10:00:00+08:00,38.900001525878906,39.0,38.75,38.75,68001,0.0,0.0
2023-11-03 11:00:00+08:00,38.75,38.900001525878906,38.75,38.900001525878906,24100,0.0,0.0
2023-11-03 12:00:00+08:00,38.900001525878906,38.900001525878906,38.5,38.79999923706055,43269,0.0,0.0
2023-11-03 13:00:00+08:00,38.79999923706055,38.849998474121094,38.75,38.75,16010,0.0,0.0
2023-11-06 09:00:00+08:00,42.54999923706055,42.54999923706055,40.79999923706055,41.04999923706055,646383,0.0,0.0
2023-11-06 10:00:00+08:00,41.04999923706055,41.29999923706055,40.79999923706055,41.29999923706055,158186,0.0,0.0
2023-11-06 11:00:00+08:00,41.25,41.29999923706055,40.79999923706055,40.900001525878906,82333,0.0,0.0
2023-11-06 12:00:00+08:00,40.900001525878906,40.95000076293945,40.54999923706055,40.650001525878906,119123,0.0,0.0
2023-11-06 13:00:00+08:00,40.70000076293945,40.75,40.5,40.5,78000,0.0,0.0
2023-11-07 09:00:00+08:00,40.650001525878906,40.849998474121094,40.099998474121094,40.29999923706055,0,0.0,0.0
2023-11-07 10:00:00+08:00,40.29999923706055,40.29999923706055,39.599998474121094,39.900001525878906,174506,0.0,0.0
2023-11-07 11:00:00+08:00,39.95000076293945,39.95000076293945,39.79999923706055,39.79999923706055,33251,0.0,0.0
2023-11-07 12:00:00+08:00,39.849998474121094,39.900001525878906,39.599998474121094,39.79999923706055,112550,0.0,0.0
2023-11-07 13:00:00+08:00,39.79999923706055,39.79999923706055,39.70000076293945,39.79999923706055,58000,0.0,0.0
2023-11-08 09:00:00+08:00,40.54999923706055,40.54999923706055,40.099998474121094,40.29999923706055,0,0.0,0.0
2023-11-08 10:00:00+08:00,40.349998474121094,40.75,40.349998474121094,40.400001525878906,0,0.0,0.0
2023-11-08 11:00:00+08:00,40.400001525878906,40.599998474121094,40.20000076293945,40.20000076293945,295023,0.0,0.0
2023-11-08 12:00:00+08:00,40.20000076293945,40.25,40.0,40.04999923706055,52123,0.0,0.0
2023-11-08 13:00:00+08:00,40.04999923706055,40.150001525878906,40.0,40.0,30108,0.0,0.0
2023-11-09 09:00:00+08:00,40.54999923706055,40.54999923706055,39.849998474121094,40.0,0,0.0,0.0
2023-11-09 10:00:00+08:00,40.0,41.29999923706055,40.0,40.900001525878906,279448,0.0,0.0
2023-11-09 11:00:00+08:00,40.900001525878906,41.150001525878906,40.79999923706055,40.900001525878906,128097,0.0,0.0
2023-11-09 12:00:00+08:00,40.849998474121094,40.95000076293945,40.70000076293945,40.70000076293945,121235,0.0,0.0
2023-11-09 13:00:00+08:00,40.75,41.04999923706055,40.70000076293945,40.95000076293945,63006,0.0,0.0
2023-11-10 09:00:00+08:00,41.25,41.25,40.150001525878906,40.150001525878906,0,0.0,0.0
2023-11-10 10:00:00+08:00,40.099998474121094,40.099998474121094,39.95000076293945,39.95000076293945,382422,0.0,0.0
2023-11-10 11:00:00+08:00,39.900001525878906,40.0,39.79999923706055,39.95000076293945,74169,0.0,0.0
2023-11-10 12:00:00+08:00,39.95000076293945,40.099998474121094,39.95000076293945,40.0,46090,0.0,0.0
2023-11-10 13:00:00+08:00,39.95000076293945,40.04999923706055,39.95000076293945,40.0,47000,0.0,0.0
2023-11-13 09:00:00+08:00,39.0,39.349998474121094,38.5,39.29999923706055,0,0.0,0.0
2023-11-13 10:00:00+08:00,39.29999923706055,39.95000076293945,39.29999923706055,39.849998474121094,108007,0.0,0.0
2023-11-13 11:00:00+08:00,39.79999923706055,39.95000076293945,39.650001525878906,39.95000076293945,45001,0.0,0.0
2023-11-13 12:00:00+08:00,39.900001525878906,39.900001525878906,39.650001525878906,39.79999923706055,48002,0.0,0.0
2023-11-13 13:00:00+08:00,39.79999923706055,40.0,39.650001525878906,39.900001525878906,74013,0.0,0.0
2023-11-14 09:00:00+08:00,40.150001525878906,40.54999923706055,39.849998474121094,40.54999923706055,0,0.0,0.0
2023-11-14 10:00:00+08:00,40.54999923706055,40.54999923706055,40.20000076293945,40.400001525878906,54473,0.0,0.0
2023-11-14 11:00:00+08:00,40.400001525878906,40.75,40.400001525878906,40.650001525878906,128802,0.0,0.0
2023-11-14 12:00:00+08:00,40.650001525878906,40.900001525878906,40.45000076293945,40.849998474121094,117151,0.0,0.0
2023-11-14 13:00:00+08:00,40.79999923706055,41.0,40.79999923706055,40.95000076293945,91098,0.0,0.0
2023-11-15 09:00:00+08:00,41.04999923706055,41.70000076293945,40.5,41.099998474121094,0,0.0,0.0
2023-11-15 10:00:00+08:00,41.150001525878906,41.20000076293945,40.95000076293945,41.099998474121094,110227,0.0,0.0
2023-11-15 11:00:00+08:00,41.04999923706055,41.45000076293945,41.0,41.349998474121094,210825,0.0,0.0
2023-11-15 12:00:00+08:00,41.349998474121094,41.400001525878906,40.95000076293945,41.0,138541,0.0,0.0
2023-11-15 13:00:00+08:00,41.0,41.0,40.599998474121094,40.650001525878906,114160,0.0,0.0
2023-11-16 09:00:00+08:00,41.25,41.29999923706055,40.70000076293945,40.75,0,0.0,0.0
2023-11-16 10:00:00+08:00,40.70000076293945,40.900001525878906,40.650001525878906,40.650001525878906,55380,0.0,0.0
2023-11-16 11:00:00+08:00,40.70000076293945,41.0,40.650001525878906,41.0,31681,0.0,0.0
2023-11-16 12:00:00+08:00,40.95000076293945,41.0,40.650001525878906,40.650001525878906,62150,0.0,0.0
2023-11-16 13:00:00+08:00,40.650001525878906,40.95000076293945,40.650001525878906,40.900001525878906,23052,0.0,0.0
2023-11-17 09:00:00+08:00,41.0,41.400001525878906,41.0,41.099998474121094,0,0.0,0.0
2023-11-17 10:00:00+08:00,41.150001525878906,41.150001525878906,40.650001525878906,40.79999923706055,90106,0.0,0.0
2023-11-17 11:00:00+08:00,40.849998474121094,40.95000076293945,40.79999923706055,40.900001525878906,26103,0.0,0.0
2023-11-17 12:00:00+08:00,40.900001525878906,40.900001525878906,40.79999923706055,40.849998474121094,51851,0.0,0.0
2023-11-17 13:00:00+08:00,40.849998474121094,41.0,40.849998474121094,40.849998474121094,33000,0.0,0.0
2023-11-20 09:00:00+08:00,41.20000076293945,41.20000076293945,40.45000076293945,40.95000076293945,0,0.0,0.0
2023-11-20 10:00:00+08:00,40.900001525878906,41.45000076293945,40.900001525878906,41.349998474121094,178121,0.0,0.0
2023-11-20 11:00:00+08:00,41.349998474121094,41.349998474121094,41.25,41.349998474121094,60486,0.0,0.0
2023-11-20 12:00:00+08:00,41.29999923706055,41.29999923706055,41.099998474121094,41.150001525878906,47538,0.0,0.0
2023-11-20 13:00:00+08:00,41.20000076293945,41.25,41.099998474121094,41.20000076293945,30181,0.0,0.0
2023-11-21 09:00:00+08:00,41.29999923706055,41.599998474121094,41.0,41.20000076293945,0,0.0,0.0
2023-11-21 10:00:00+08:00,41.20000076293945,41.29999923706055,41.150001525878906,41.20000076293945,40311,0.0,0.0
2023-11-21 11:00:00+08:00,41.150001525878906,41.20000076293945,41.04999923706055,41.20000076293945,59033,0.0,0.0
2023-11-21 12:00:00+08:00,41.25,41.349998474121094,41.099998474121094,41.150001525878906,61449,0.0,0.0
2023-11-21 13:00:00+08:00,41.150001525878906,41.349998474121094,41.099998474121094,41.349998474121094,101030,0.0,0.0
2023-11-22 09:00:00+08:00,41.70000076293945,42.0,41.25,41.900001525878906,0,0.0,0.0
2023-11-22 10:00:00+08:00,41.849998474121094,42.04999923706055,41.650001525878906,41.75,206255,0.0,0.0
2023-11-22 11:00:00+08:00,41.70000076293945,42.0,41.70000076293945,41.95000076293945,103535,0.0,0.0
2023-11-22 12:00:00+08:00,41.95000076293945,42.0,41.900001525878906,41.900001525878906,60301,0.0,0.0
2023-11-22 13:00:00+08:00,41.900001525878906,41.900001525878906,41.849998474121094,41.849998474121094,38326,0.0,0.0
2023-11-23 09:00:00+08:00,42.099998474121094,42.5,41.849998474121094,42.29999923706055,0,0.0,0.0
2023-11-23 10:00:00+08:00,42.25,42.599998474121094,41.70000076293945,42.0,227555,0.0,0.0
2023-11-23 11:00:00+08:00,42.099998474121094,42.150001525878906,42.0,42.0,32240,0.0,0.0
2023-11-23 12:00:00+08:00,41.95000076293945,42.04999923706055,41.79999923706055,42.04999923706055,61153,0.0,0.0
2023-11-23 13:00:00+08:00,42.0,42.04999923706055,42.0,42.04999923706055,39106,0.0,0.0
2023-11-24 09:00:00+08:00,41.900001525878906,42.349998474121094,41.650001525878906,42.0,0,0.0,0.0
2023-11-24 10:00:00+08:00,42.0,42.04999923706055,41.79999923706055,41.79999923706055,44490,0.0,0.0
2023-11-24 11:00:00+08:00,41.79999923706055,41.900001525878906,41.79999923706055,41.849998474121094,20003,0.0,0.0
2023-11-24 12:00:00+08:00,41.849998474121094,42.0,41.79999923706055,41.900001525878906,59107,0.0,0.0
2023-11-24 13:00:00+08:00,41.849998474121094,41.849998474121094,41.75,41.849998474121094,44065,0.0,0.0
2023-11-27 09:00:00+08:00,41.79999923706055,41.849998474121094,41.25,41.349998474121094,0,0.0,0.0
2023-11-27 10:00:00+08:00,41.349998474121094,41.349998474121094,41.0,41.099998474121094,111071,0.0,0.0
2023-11-27 11:00:00+08:00,41.099998474121094,41.20000076293945,41.0,41.04999923706055,34447,0.0,0.0
2023-11-27 12:00:00+08:00,41.04999923706055,41.150001525878906,41.0,41.0,50579,0.0,0.0
2023-11-27 13:00:00+08:00,41.0,41.099998474121094,40.849998474121094,40.849998474121094,65140,0.0,0.0
2023-11-28 09:00:00+08:00,40.900001525878906,41.5,40.900001525878906,41.5,0,0.0,0.0
2023-11-28 10:00:00+08:00,41.54999923706055,41.54999923706055,41.099998474121094,41.20000076293945,46094,0.0,0.0
2023-11-28 11:00:00+08:00,41.20000076293945,41.70000076293945,41.099998474121094,41.650001525878906,63120,0.0,0.0
2023-11-28 12:00:00+08:00,41.599998474121094,41.75,41.54999923706055,41.599998474121094,69150,0.0,0.0
2023-11-28 13:00:00+08:00,41.650001525878906,41.70000076293945,41.5,41.70000076293945,37192,0.0,0.0
2023-11-29 09:00:00+08:00,41.95000076293945,42.29999923706055,41.900001525878906,42.25,184455,0.0,0.0
2023-11-29 10:00:00+08:00,42.25,42.5,42.150001525878906,42.25,170041,0.0,0.0
2023-11-29 11:00:00+08:00,42.25,42.349998474121094,42.150001525878906,42.29999923706055,66053,0.0,0.0
2023-11-29 12:00:00+08:00,42.29999923706055,42.29999923706055,42.150001525878906,42.25,44317,0.0,0.0
2023-11-29 13:00:00+08:00,42.25,42.400001525878906,42.20000076293945,42.400001525878906,50059,0.0,0.0
2023-11-30 09:00:00+08:00,43.0,43.29999923706055,42.70000076293945,42.900001525878906,0,0.0,0.0
2023-11-30 10:00:00+08:00,42.849998474121094,43.650001525878906,42.79999923706055,43.45000076293945,247073,0.0,0.0
2023-11-30 11:00:00+08:00,43.5,43.95000076293945,43.29999923706055,43.75,240587,0.0,0.0
2023-11-30 12:00:00+08:00,43.849998474121094,43.95000076293945,43.70000076293945,43.849998474121094,141124,0.0,0.0
2023-11-30 13:00:00+08:00,43.849998474121094,43.900001525878906,43.79999923706055,43.849998474121094,128634,0.0,0.0
2023-12-01 09:00:00+08:00,44.0,44.400001525878906,43.400001525878906,44.29999923706055,0,0.0,0.0
2023-12-01 10:00:00+08:00,44.29999923706055,44.400001525878906,44.099998474121094,44.20000076293945,117224,0.0,0.0
2023-12-01 11:00:00+08:00,44.099998474121094,44.099998474121094,43.599998474121094,43.95000076293945,147283,0.0,0.0
2023-12-01 12:00:00+08:00,43.95000076293945,44.54999923706055,43.900001525878906,44.29999923706055,215928,0.0,0.0
2023-12-01 13:00:00+08:00,44.29999923706055,44.400001525878906,44.25,44.400001525878906,72380,0.0,0.0
2023-12-04 09:00:00+08:00,44.599998474121094,45.75,44.20000076293945,45.20000076293945,0,0.0,0.0
2023-12-04 10:00:00+08:00,45.150001525878906,45.150001525878906,44.70000076293945,44.79999923706055,124422,0.0,0.0
2023-12-04 11:00:00+08:00,44.79999923706055,44.79999923706055,43.849998474121094,44.20000076293945,207827,0.0,0.0
2023-12-04 12:00:00+08:00,44.25,44.79999923706055,44.04999923706055,44.400001525878906,97283,0.0,0.0
2023-12-04 13:00:00+08:00,44.45000076293945,44.45000076293945,44.0,44.150001525878906,89094,0.0,0.0
2023-12-05 09:00:00+08:00,44.0,44.099998474121094,43.400001525878906,43.849998474121094,0,0.0,0.0
2023-12-05 10:00:00+08:00,43.900001525878906,44.0,43.70000076293945,43.70000076293945,34002,0.0,0.0
2023-12-05 11:00:00+08:00,43.599998474121094,44.70000076293945,43.5,44.54999923706055,151465,0.0,0.0
2023-12-05 12:00:00+08:00,44.54999923706055,44.54999923706055,44.0,44.400001525878906,102790,0.0,0.0
2023-12-05 13:00:00+08:00,44.25,44.29999923706055,44.150001525878906,44.20000076293945,48101,0.0,0.0
2023-12-06 09:00:00+08:00,44.79999923706055,45.349998474121094,44.599998474121094,44.849998474121094,0,0.0,0.0
2023-12-06 10:00:00+08:00,44.849998474121094,45.0,44.45000076293945,44.70000076293945,80310,0.0,0.0
2023-12-06 11:00:00+08:00,44.650001525878906,44.95000076293945,44.599998474121094,44.95000076293945,50090,0.0,0.0
2023-12-06 12:00:00+08:00,44.95000076293945,45.150001525878906,44.849998474121094,45.0,146802,0.0,0.0
2023-12-06 13:00:00+08:00,45.0,45.099998474121094,44.900001525878906,45.0,49349,0.0,0.0
2023-12-07 09:00:00+08:00,45.54999923706055,45.70000076293945,45.04999923706055,45.150001525878906,0,0.0,0.0
2023-12-07 10:00:00+08:00,45.150001525878906,45.20000076293945,44.5,44.599998474121094,195345,0.0,0.0
2023-12-07 11:00:00+08:00,44.599998474121094,44.599998474121094,44.29999923706055,44.5,153205,0.0,0.0
2023-12-07 12:00:00+08:00,44.45000076293945,44.5,44.29999923706055,44.29999923706055,70518,0.0,0.0
2023-12-07 13:00:00+08:00,44.29999923706055,44.400001525878906,44.150001525878906,44.150001525878906,113501,0.0,0.0
2023-12-08 09:00:00+08:00,44.400001525878906,44.400001525878906,44.0,44.20000076293945,0,0.0,0.0
2023-12-08 10:00:00+08:00,44.20000076293945,44.20000076293945,43.900001525878906,43.900001525878906,55001,0.0,0.0
2023-12-08 11:00:00+08:00,43.900001525878906,44.29999923706055,43.849998474121094,44.150001525878906,110002,0.0,0.0
2023-12-08 12:00:00+08:00,44.150001525878906,44.25,44.0,44.20000076293945,77001,0.0,0.0
2023-12-08 13:00:00+08:00,44.150001525878906,44.29999923706055,44.150001525878906,44.25,60086,0.0,0.0
2023-12-11 09:00:00+08:00,42.099998474121094,42.900001525878906,42.099998474121094,42.599998474121094,65031,0.0,0.0
2023-12-11 10:00:00+08:00,42.54999923706055,42.54999923706055,42.29999923706055,42.349998474121094,128991,0.0,0.0
2023-12-11 11:00:00+08:00,42.400001525878906,42.849998474121094,42.400001525878906,42.599998474121094,105303,0.0,0.0
2023-12-11 12:00:00+08:00,42.599998474121094,42.599998474121094,42.5,42.54999923706055,89226,0.0,0.0
2023-12-11 13:00:00+08:00,42.54999923706055,42.599998474121094,42.45000076293945,42.5,77000,0.0,0.0
2023-12-12 09:00:00+08:00,42.70000076293945,43.150001525878906,42.20000076293945,42.349998474121094,0,0.0,0.0
2023-12-12 10:00:00+08:00,42.349998474121094,42.349998474121094,42.099998474121094,42.150001525878906,71352,0.0,0.0
2023-12-12 11:00:00+08:00,42.150001525878906,42.150001525878906,41.650001525878906,42.0,153268,0.0,0.0
2023-12-12 12:00:00+08:00,42.0,42.0,41.75,42.0,135331,0.0,0.0
2023-12-12 13:00:00+08:00,42.0,42.349998474121094,42.0,42.25,35001,0.0,0.0
2023-12-13 09:00:00+08:00,42.099998474121094,42.45000076293945,42.099998474121094,42.45000076293945,58443,0.0,0.0
2023-12-13 10:00:00+08:00,42.45000076293945,42.599998474121094,42.400001525878906,42.45000076293945,54052,0.0,0.0
2023-12-13 11:00:00+08:00,42.45000076293945,42.599998474121094,42.400001525878906,42.599998474121094,39556,0.0,0.0
2023-12-13 12:00:00+08:00,42.54999923706055,42.95000076293945,42.54999923706055,42.900001525878906,88327,0.0,0.0
2023-12-13 13:00:00+08:00,42.900001525878906,42.95000076293945,42.79999923706055,42.849998474121094,54104,0.0,0.0
2023-12-14 09:00:00+08:00,43.599998474121094,43.70000076293945,43.04999923706055,43.29999923706055,0,0.0,0.0
2023-12-14 10:00:00+08:00,43.29999923706055,43.29999923706055,42.5,42.599998474121094,83662,0.0,0.0
2023-12-14 11:00:00+08:00,42.650001525878906,42.650001525878906,42.5,42.5,30052,0.0,0.0
2023-12-14 12:00:00+08:00,42.599998474121094,42.75,42.599998474121094,42.650001525878906,23101,0.0,0.0
2023-12-14 13:00:00+08:00,42.650001525878906,42.900001525878906,42.599998474121094,42.79999923706055,46056,0.0,0.0
2023-12-15 09:00:00+08:00,42.900001525878906,43.20000076293945,42.5,42.650001525878906,0,0.0,0.0
2023-12-15 10:00:00+08:00,42.75,43.150001525878906,42.650001525878906,43.150001525878906,96350,0.0,0.0
2023-12-15 11:00:00+08:00,42.900001525878906,43.04999923706055,42.79999923706055,42.900001525878906,33015,0.0,0.0
2023-12-15 12:00:00+08:00,42.900001525878906,43.099998474121094,42.900001525878906,43.0,47615,0.0,0.0
2023-12-15 13:00:00+08:00,42.900001525878906,43.0,42.75,42.79999923706055,51657,0.0,0.0
2023-12-18 09:00:00+08:00,43.29999923706055,43.79999923706055,43.04999923706055,43.400001525878906,0,0.0,0.0
2023-12-18 10:00:00+08:00,43.29999923706055,43.29999923706055,43.04999923706055,43.150001525878906,39251,0.0,0.0
2023-12-18 11:00:00+08:00,43.150001525878906,43.150001525878906,42.75,43.099998474121094,53377,0.0,0.0
2023-12-18 12:00:00+08:00,42.95000076293945,43.0,42.849998474121094,43.0,21000,0.0,0.0
2023-12-18 13:00:00+08:00,43.0,43.0,42.849998474121094,42.900001525878906,17052,0.0,0.0
2023-12-19 09:00:00+08:00,43.0,43.099998474121094,42.599998474121094,42.79999923706055,102031,0.0,0.0
2023-12-19 10:00:00+08:00,42.70000076293945,42.849998474121094,42.54999923706055,42.849998474121094,40103,0.0,0.0
2023-12-19 11:00:00+08:00,42.849998474121094,43.29999923706055,42.849998474121094,43.20000076293945,81002,0.0,0.0
2023-12-19 12:00:00+08:00,43.20000076293945,43.25,42.95000076293945,43.0,68000,0.0,0.0
2023-12-19 13:00:00+08:00,43.0,43.099998474121094,43.0,43.04999923706055,10002,0.0,0.0
2023-12-20 09:00:00+08:00,43.20000076293945,43.54999923706055,43.04999923706055,43.04999923706055,0,0.0,0.0
2023-12-20 10:00:00+08:00,43.04999923706055,43.45000076293945,43.0,43.45000076293945,77002,0.0,0.0
2023-12-20 11:00:00+08:00,43.29999923706055,43.45000076293945,43.29999923706055,43.400001525878906,24052,0.0,0.0
2023-12-20 12:00:00+08:00,43.349998474121094,43.349998474121094,43.099998474121094,43.099998474121094,34069,0.0,0.0
2023-12-20 13:00:00+08:00,43.099998474121094,43.20000076293945,43.04999923706055,43.20000076293945,16050,0.0,0.0
2023-12-21 09:00:00+08:00,43.0,43.0,42.79999923706055,42.79999923706055,0,0.0,0.0
2023-12-21 10:00:00+08:00,42.79999923706055,42.900001525878906,42.75,42.900001525878906,20087,0.0,0.0
2023-12-21 11:00:00+08:00,42.849998474121094,42.849998474121094,42.79999923706055,42.79999923706055,34000,0.0,0.0
2023-12-21 12:00:00+08:00,42.900001525878906,42.900001525878906,42.20000076293945,42.20000076293945,99003,0.0,0.0
2023-12-21 13:00:00+08:00,42.20000076293945,42.5,42.150001525878906,42.25,30320,0.0,0.0
2023-12-22 09:00:00+08:00,42.5,42.79999923706055,42.25,42.400001525878906,41057,0.0,0.0
2023-12-22 10:00:00+08:00,42.349998474121094,42.349998474121094,41.70000076293945,41.900001525878906,84256,0.0,0.0
2023-12-22 11:00:00+08:00,41.95000076293945,42.0,41.900001525878906,41.900001525878906,8152,0.0,0.0
2023-12-22 12:00:00+08:00,41.95000076293945,41.95000076293945,41.75,41.75,48135,0.0,0.0
2023-12-22 13:00:00+08:00,41.79999923706055,41.95000076293945,41.75,41.75,45229,0.0,0.0
2023-12-25 09:00:00+08:00,41.79999923706055,42.25,41.650001525878906,41.95000076293945,0,0.0,0.0
2023-12-25 10:00:00+08:00,41.95000076293945,42.0,41.54999923706055,41.54999923706055,47092,0.0,0.0
2023-12-25 11:00:00+08:00,41.79999923706055,41.95000076293945,41.599998474121094,41.95000076293945,15079,0.0,0.0
2023-12-25 12:00:00+08:00,41.650001525878906,41.650001525878906,41.5,41.650001525878906,20696,0.0,0.0
2023-12-25 13:00:00+08:00,41.599998474121094,41.650001525878906,41.5,41.5,41048,0.0,0.0
2023-12-26 09:00:00+08:00,41.5,41.54999923706055,41.400001525878906,41.5,0,0.0,0.0
2023-12-26 10:00:00+08:00,41.5,41.70000076293945,41.5,41.599998474121094,23000,0.0,0.0
2023-12-26 11:00:00+08:00,41.650001525878906,41.75,41.599998474121094,41.75,16033,0.0,0.0
2023-12-26 12:00:00+08:00,41.75,41.75,41.54999923706055,41.54999923706055,18220,0.0,0.0
2023-12-26 13:00:00+08:00,41.650001525878906,41.75,41.650001525878906,41.75,10001,0.0,0.0
2023-12-27 09:00:00+08:00,42.0,42.400001525878906,41.79999923706055,42.400001525878906,0,0.0,0.0
2023-12-27 10:00:00+08:00,42.45000076293945,42.75,42.29999923706055,42.650001525878906,52363,0.0,0.0
2023-12-27 11:00:00+08:00,42.650001525878906,42.79999923706055,42.5,42.5,60405,0.0,0.0
2023-12-27 12:00:00+08:00,42.54999923706055,42.599998474121094,42.45000076293945,42.599998474121094,36000,0.0,0.0
2023-12-27 13:00:00+08:00,42.599998474121094,42.75,42.599998474121094,42.70000076293945,35051,0.0,0.0
2023-12-28 09:00:00+08:00,43.0,43.0,42.0,42.150001525878906,0,0.0,0.0
2023-12-28 10:00:00+08:00,42.099998474121094,42.20000076293945,41.900001525878906,41.95000076293945,56003,0.0,0.0
2023-12-28 11:00:00+08:00,41.95000076293945,42.20000076293945,41.95000076293945,42.150001525878906,33000,0.0,0.0
2023-12-28 12:00:00+08:00,42.20000076293945,42.25,42.04999923706055,42.20000076293945,51012,0.0,0.0
2023-12-28 13:00:00+08:00,42.20000076293945,42.349998474121094,42.20000076293945,42.20000076293945,16448,0.0,0.0
2023-12-29 09:00:00+08:00,42.70000076293945,42.70000076293945,41.900001525878906,42.0,0,0.0,0.0
2023-12-29 10:00:00+08:00,42.150001525878906,42.25,41.900001525878906,42.04999923706055,48002,0.0,0.0
2023-12-29 11:00:00+08:00,41.95000076293945,42.0,41.95000076293945,41.95000076293945,21003,0.0,0.0
2023-12-29 12:00:00+08:00,41.95000076293945,42.0,41.900001525878906,41.95000076293945,33114,0.0,0.0
2023-12-29 13:00:00+08:00,41.95000076293945,42.0,41.849998474121094,42.0,21001,0.0,0.0
2024-01-02 09:00:00+08:00,42.70000076293945,42.70000076293945,41.95000076293945,42.29999923706055,0,0.0,0.0
2024-01-02 10:00:00+08:00,42.29999923706055,42.29999923706055,42.04999923706055,42.099998474121094,10099,0.0,0.0
2024-01-02 11:00:00+08:00,42.04999923706055,42.20000076293945,42.04999923706055,42.20000076293945,17521,0.0,0.0
2024-01-02 12:00:00+08:00,42.099998474121094,42.29999923706055,42.04999923706055,42.150001525878906,26001,0.0,0.0
2024-01-02 13:00:00+08:00,42.099998474121094,42.25,42.099998474121094,42.25,6000,0.0,0.0
2024-01-03 09:00:00+08:00,42.29999923706055,42.54999923706055,41.849998474121094,42.20000076293945,0,0.0,0.0
2024-01-03 10:00:00+08:00,42.04999923706055,42.400001525878906,41.900001525878906,42.25,69529,0.0,0.0
2024-01-03 11:00:00+08:00,42.099998474121094,42.20000076293945,42.0,42.20000076293945,6053,0.0,0.0
2024-01-03 12:00:00+08:00,42.25,42.25,42.04999923706055,42.04999923706055,13001,0.0,0.0
2024-01-03 13:00:00+08:00,42.0,42.150001525878906,41.900001525878906,41.95000076293945,13096,0.0,0.0
2024-01-04 09:00:00+08:00,42.5,42.5,41.95000076293945,42.04999923706055,49307,0.0,0.0
2024-01-04 10:00:00+08:00,42.04999923706055,42.25,41.95000076293945,42.20000076293945,59038,0.0,0.0
2024-01-04 11:00:00+08:00,42.0,42.04999923706055,42.0,42.04999923706055,3301,0.0,0.0
2024-01-04 12:00:00+08:00,42.04999923706055,42.099998474121094,41.900001525878906,41.95000076293945,44001,0.0,0.0
2024-01-04 13:00:00+08:00,41.900001525878906,42.0,41.849998474121094,42.0,26001,0.0,0.0
2024-01-05 09:00:00+08:00,42.29999923706055,42.29999923706055,41.849998474121094,42.25,0,0.0,0.0
2024-01-05 10:00:00+08:00,42.150001525878906,42.150001525878906,41.95000076293945,42.150001525878906,11115,0.0,0.0
2024-01-05 11:00:00+08:00,42.099998474121094,42.25,42.0,42.150001525878906,15022,0.0,0.0
2024-01-05 12:00:00+08:00,42.04999923706055,42.04999923706055,42.04999923706055,42.04999923706055,6052,0.0,0.0
2024-01-05 13:00:00+08:00,41.95000076293945,42.0,41.95000076293945,42.0,20187,0.0,0.0
2024-01-08 09:00:00+08:00,42.400001525878906,42.400001525878906,41.79999923706055,42.0,0,0.0,0.0
2024-01-08 10:00:00+08:00,41.95000076293945,42.29999923706055,41.95000076293945,42.0,50002,0.0,0.0
2024-01-08 11:00:00+08:00,42.0,42.099998474121094,41.95000076293945,42.099998474121094,47064,0.0,0.0
2024-01-08 12:00:00+08:00,42.20000076293945,42.20000076293945,41.95000076293945,42.04999923706055,14140,0.0,0.0
2024-01-08 13:00:00+08:00,42.0,42.25,42.0,42.25,28106,0.0,0.0
2024-01-09 09:00:00+08:00,42.20000076293945,42.45000076293945,41.79999923706055,41.900001525878906,0,0.0,0.0
2024-01-09 10:00:00+08:00,41.70000076293945,41.75,41.54999923706055,41.75,25001,0.0,0.0
2024-01-09 11:00:00+08:00,41.650001525878906,41.75,41.45000076293945,41.650001525878906,52001,0.0,0.0
2024-01-09 12:00:00+08:00,41.599998474121094,41.599998474121094,41.349998474121094,41.349998474121094,91013,0.0,0.0
2024-01-09 13:00:00+08:00,41.349998474121094,41.349998474121094,41.0,41.04999923706055,73030,0.0,0.0
2024-01-10 09:00:00+08:00,41.0,41.20000076293945,41.0,41.20000076293945,0,0.0,0.0
2024-01-10 10:00:00+08:00,41.20000076293945,41.25,41.0,41.0,25895,0.0,0.0
2024-01-10 11:00:00+08:00,41.0,41.0,40.79999923706055,40.849998474121094,58067,0.0,0.0
2024-01-10 12:00:00+08:00,40.849998474121094,40.849998474121094,40.599998474121094,40.599998474121094,54497,0.0,0.0
2024-01-10 13:00:00+08:00,40.599998474121094,40.650001525878906,40.400001525878906,40.400001525878906,65187,0.0,0.0
2024-01-11 09:00:00+08:00,40.349998474121094,40.900001525878906,40.099998474121094,40.849998474121094,0,0.0,0.0
2024-01-11 10:00:00+08:00,40.849998474121094,40.95000076293945,40.5,40.849998474121094,44039,0.0,0.0
2024-01-11 11:00:00+08:00,40.849998474121094,41.0,40.70000076293945,41.0,38202,0.0,0.0
2024-01-11 12:00:00+08:00,40.95000076293945,41.0,40.75,40.75,26199,0.0,0.0
2024-01-11 13:00:00+08:00,40.79999923706055,40.849998474121094,40.75,40.79999923706055,19046,0.0,0.0
2024-01-12 09:00:00+08:00,41.099998474121094,41.099998474121094,40.849998474121094,40.849998474121094,38092,0.0,0.0
2024-01-12 10:00:00+08:00,40.900001525878906,40.900001525878906,40.849998474121094,40.849998474121094,14091,0.0,0.0
2024-01-12 11:00:00+08:00,40.79999923706055,40.79999923706055,40.45000076293945,40.5,39238,0.0,0.0
2024-01-12 12:00:00+08:00,40.5,40.5,40.29999923706055,40.400001525878906,41058,0.0,0.0
2024-01-12 13:00:00+08:00,40.400001525878906,40.45000076293945,40.349998474121094,40.45000076293945,7000,0.0,0.0
2024-01-15 09:00:00+08:00,40.5,41.0,40.5,41.0,0,0.0,0.0
2024-01-15 10:00:00+08:00,40.900001525878906,41.099998474121094,40.70000076293945,41.099998474121094,26001,0.0,0.0
2024-01-15 11:00:00+08:00,41.099998474121094,41.29999923706055,40.849998474121094,40.849998474121094,23051,0.0,0.0
2024-01-15 12:00:00+08:00,40.849998474121094,40.849998474121094,40.849998474121094,40.849998474121094,2000,0.0,0.0
2024-01-15 13:00:00+08:00,41.0,41.0,41.0,41.0,1000,0.0,0.0
2024-01-16 09:00:00+08:00,41.0,41.0,40.70000076293945,40.849998474121094,0,0.0,0.0
2024-01-16 10:00:00+08:00,40.849998474121094,41.0,40.79999923706055,40.900001525878906,15053,0.0,0.0
2024-01-16 11:00:00+08:00,40.95000076293945,41.0,40.900001525878906,41.0,12001,0.0,0.0
2024-01-16 12:00:00+08:00,41.0,41.20000076293945,40.79999923706055,40.900001525878906,40001,0.0,0.0
2024-01-16 13:00:00+08:00,40.849998474121094,40.849998474121094,40.79999923706055,40.79999923706055,5241,0.0,0.0
2024-01-17 09:00:00+08:00,41.0,41.349998474121094,41.0,41.0,0,0.0,0.0
2024-01-17 10:00:00+08:00,40.900001525878906,40.900001525878906,40.599998474121094,40.650001525878906,31666,0.0,0.0
2024-01-17 11:00:00+08:00,40.599998474121094,40.650001525878906,40.54999923706055,40.650001525878906,26144,0.0,0.0
2024-01-17 12:00:00+08:00,40.599998474121094,40.599998474121094,40.20000076293945,40.25,74368,0.0,0.0
2024-01-17 13:00:00+08:00,40.25,40.25,40.20000076293945,40.25,7000,0.0,0.0
2024-01-18 09:00:00+08:00,40.20000076293945,40.75,39.79999923706055,39.900001525878906,0,0.0,0.0
2024-01-18 10:00:00+08:00,39.79999923706055,40.04999923706055,39.75,39.95000076293945,35002,0.0,0.0
2024-01-18 11:00:00+08:00,39.900001525878906,40.25,39.900001525878906,40.25,34334,0.0,0.0
2024-01-18 12:00:00+08:00,40.150001525878906,40.150001525878906,39.95000076293945,39.95000076293945,24002,0.0,0.0
2024-01-18 13:00:00+08:00,40.0,40.0,39.95000076293945,39.95000076293945,19002,0.0,0.0
2024-01-19 09:00:00+08:00,40.0,40.79999923706055,40.0,40.5,0,0.0,0.0
2024-01-19 10:00:00+08:00,40.54999923706055,40.54999923706055,40.45000076293945,40.45000076293945,22005,0.0,0.0
2024-01-19 11:00:00+08:00,40.45000076293945,40.45000076293945,40.29999923706055,40.400001525878906,12063,0.0,0.0
2024-01-19 12:00:00+08:00,40.29999923706055,40.599998474121094,40.20000076293945,40.599998474121094,41105,0.0,0.0
2024-01-19 13:00:00+08:00,40.650001525878906,40.75,40.599998474121094,40.599998474121094,9000,0.0,0.0
2024-01-22 09:00:00+08:00,40.70000076293945,41.5,40.70000076293945,41.45000076293945,0,0.0,0.0
2024-01-22 10:00:00+08:00,41.45000076293945,41.5,41.349998474121094,41.349998474121094,14003,0.0,0.0
2024-01-22 11:00:00+08:00,41.29999923706055,41.5,41.29999923706055,41.45000076293945,17000,0.0,0.0
2024-01-22 12:00:00+08:00,41.5,41.599998474121094,41.45000076293945,41.5,22058,0.0,0.0
2024-01-22 13:00:00+08:00,41.5,41.5,41.400001525878906,41.400001525878906,12053,0.0,0.0
2024-01-23 09:00:00+08:00,41.79999923706055,42.349998474121094,41.400001525878906,41.400001525878906,0,0.0,0.0
2024-01-23 10:00:00+08:00,41.54999923706055,41.95000076293945,41.54999923706055,41.95000076293945,0,0.0,0.0
2024-01-23 11:00:00+08:00,41.849998474121094,42.0,41.79999923706055,41.95000076293945,103202,0.0,0.0
2024-01-23 12:00:00+08:00,41.849998474121094,41.849998474121094,41.599998474121094,41.75,33003,0.0,0.0
2024-01-23 13:00:00+08:00,41.75,41.75,41.650001525878906,41.650001525878906,10007,0.0,0.0
2024-01-24 09:00:00+08:00,41.650001525878906,41.900001525878906,41.650001525878906,41.849998474121094,11073,0.0,0.0
2024-01-24 10:00:00+08:00,41.849998474121094,41.849998474121094,41.75,41.75,7035,0.0,0.0
2024-01-24 11:00:00+08:00,41.75,42.0,41.75,41.900001525878906,46197,0.0,0.0
2024-01-24 12:00:00+08:00,42.0,42.0,41.75,41.79999923706055,0,0.0,0.0
2024-01-24 13:00:00+08:00,41.79999923706055,41.79999923706055,41.54999923706055,41.54999923706055,124757,0.0,0.0
2024-01-25 09:00:00+08:00,41.75,41.75,41.5,41.5,0,0.0,0.0
2024-01-25 10:00:00+08:00,41.400001525878906,41.400001525878906,41.04999923706055,41.099998474121094,17888,0.0,0.0
2024-01-25 11:00:00+08:00,41.150001525878906,41.150001525878906,41.04999923706055,41.099998474121094,26413,0.0,0.0
2024-01-25 12:00:00+08:00,41.04999923706055,41.099998474121094,40.79999923706055,40.79999923706055,40271,0.0,0.0
2024-01-25 13:00:00+08:00,40.849998474121094,40.849998474121094,40.75,40.79999923706055,21001,0.0,0.0
2024-01-26 09:00:00+08:00,40.900001525878906,41.0,40.79999923706055,41.0,0,0.0,0.0
2024-01-26 10:00:00+08:00,41.099998474121094,41.099998474121094,40.75,40.75,17000,0.0,0.0
2024-01-26 11:00:00+08:00,40.79999923706055,40.79999923706055,40.75,40.75,17203,0.0,0.0
2024-01-26 12:00:00+08:00,40.70000076293945,40.70000076293945,40.650001525878906,40.70000076293945,21012,0.0,0.0
2024-01-26 13:00:00+08:00,40.650001525878906,40.79999923706055,40.5,40.79999923706055,41000,0.0,0.0
2024-01-29 09:00:00+08:00,40.900001525878906,41.150001525878906,40.849998474121094,41.099998474121094,0,0.0,0.0
2024-01-29 10:00:00+08:00,41.099998474121094,41.150001525878906,40.95000076293945,41.099998474121094,9001,0.0,0.0
2024-01-29 11:00:00+08:00,41.150001525878906,41.25,41.0,41.150001525878906,9004,0.0,0.0
2024-01-29 12:00:00+08:00,41.150001525878906,41.150001525878906,40.900001525878906,40.900001525878906,0,0.0,0.0
2024-01-29 13:00:00+08:00,41.0,41.0,40.849998474121094,40.849998474121094,67467,0.0,0.0
2024-01-30 09:00:00+08:00,40.45000076293945,40.95000076293945,40.45000076293945,40.5,0,0.0,0.0
2024-01-30 10:00:00+08:00,40.5,40.54999923706055,40.5,40.54999923706055,30313,0.0,0.0
2024-01-30 11:00:00+08:00,40.650001525878906,40.70000076293945,40.650001525878906,40.70000076293945,11002,0.0,0.0
2024-01-30 12:00:00+08:00,40.849998474121094,40.900001525878906,40.599998474121094,40.70000076293945,13015,0.0,0.0
2024-01-31 09:00:00+08:00,40.70000076293945,40.79999923706055,40.5,40.70000076293945,43103,0.0,0.0
2024-01-31 10:00:00+08:00,40.70000076293945,40.900001525878906,40.599998474121094,40.900001525878906,38032,0.0,0.0
2024-01-31 11:00:00+08:00,40.900001525878906,41.099998474121094,40.79999923706055,41.0,68003,0.0,0.0
2024-01-31 12:00:00+08:00,41.099998474121094,41.20000076293945,41.0,41.0,28104,0.0,0.0
2024-01-31 13:00:00+08:00,41.0,41.04999923706055,40.849998474121094,40.849998474121094,13002,0.0,0.0
2024-02-01 09:00:00+08:00,41.20000076293945,41.20000076293945,40.599998474121094,40.95000076293945,15002,0.0,0.0
2024-02-01 10:00:00+08:00,40.849998474121094,41.0,40.849998474121094,41.0,8010,0.0,0.0
2024-02-01 11:00:00+08:00,41.0,41.400001525878906,41.0,41.099998474121094,34026,0.0,0.0
2024-02-01 12:00:00+08:00,41.349998474121094,41.400001525878906,41.04999923706055,41.20000076293945,29003,0.0,0.0
2024-02-01 13:00:00+08:00,41.20000076293945,41.20000076293945,41.099998474121094,41.099998474121094,8001,0.0,0.0
2024-02-02 09:00:00+08:00,41.29999923706055,41.400001525878906,40.849998474121094,40.849998474121094,28020,0.0,0.0
2024-02-02 10:00:00+08:00,40.849998474121094,41.20000076293945,40.79999923706055,41.20000076293945,22255,0.0,0.0
2024-02-02 11:00:00+08:00,41.150001525878906,41.150001525878906,40.79999923706055,40.849998474121094,22003,0.0,0.0
2024-02-02 12:00:00+08:00,40.900001525878906,40.900001525878906,40.599998474121094,40.650001525878906,52003,0.0,0.0
2024-02-02 13:00:00+08:00,40.70000076293945,40.70000076293945,40.599998474121094,40.70000076293945,27100,0.0,0.0
2024-02-05 09:00:00+08:00,40.70000076293945,40.70000076293945,40.099998474121094,40.150001525878906,0,0.0,0.0
2024-02-05 10:00:00+08:00,40.099998474121094,40.45000076293945,40.099998474121094,40.45000076293945,21003,0.0,0.0
2024-02-05 11:00:00+08:00,40.400001525878906,40.400001525878906,40.099998474121094,40.099998474121094,35003,0.0,0.0
2024-02-05 12:00:00+08:00,40.150001525878906,40.25,40.04999923706055,40.04999923706055,30109,0.0,0.0
2024-02-05 13:00:00+08:00,40.04999923706055,40.099998474121094,40.0,40.0,36000,0.0,0.0
2024-02-15 09:00:00+08:00,40.45000076293945,40.75,40.04999923706055,40.75,0,0.0,0.0
2024-02-15 10:00:00+08:00,40.70000076293945,41.0,40.5,41.0,68124,0.0,0.0
2024-02-15 11:00:00+08:00,40.900001525878906,40.900001525878906,40.5,40.599998474121094,17005,0.0,0.0
2024-02-15 12:00:00+08:00,40.75,40.75,40.349998474121094,40.349998474121094,24122,0.0,0.0
2024-02-15 13:00:00+08:00,40.400001525878906,40.54999923706055,40.400001525878906,40.54999923706055,14041,0.0,0.0
2024-02-16 09:00:00+08:00,40.20000076293945,40.900001525878906,40.20000076293945,40.5,96009,0.0,0.0
2024-02-16 10:00:00+08:00,40.650001525878906,40.79999923706055,40.5,40.599998474121094,75075,0.0,0.0
2024-02-16 11:00:00+08:00,40.75,40.900001525878906,40.599998474121094,40.900001525878906,36101,0.0,0.0
2024-02-16 12:00:00+08:00,40.900001525878906,40.95000076293945,40.75,40.849998474121094,37021,0.0,0.0
2024-02-16 13:00:00+08:00,40.79999923706055,40.95000076293945,40.79999923706055,40.900001525878906,18007,0.0,0.0
2024-02-19 09:00:00+08:00,41.04999923706055,41.599998474121094,40.75,41.45000076293945,0,0.0,0.0
2024-02-19 10:00:00+08:00,41.45000076293945,41.5,41.20000076293945,41.20000076293945,27412,0.0,0.0
2024-02-19 11:00:00+08:00,41.099998474121094,41.20000076293945,41.099998474121094,41.099998474121094,7034,0.0,0.0
2024-02-19 12:00:00+08:00,41.099998474121094,41.29999923706055,41.0,41.29999923706055,14051,0.0,0.0
2024-02-19 13:00:00+08:00,41.25,41.25,41.04999923706055,41.099998474121094,12005,0.0,0.0
2024-02-20 09:00:00+08:00,41.349998474121094,41.54999923706055,40.70000076293945,41.5,0,0.0,0.0
2024-02-20 10:00:00+08:00,41.29999923706055,41.29999923706055,40.95000076293945,40.95000076293945,18543,0.0,0.0
2024-02-20 11:00:00+08:00,41.0,41.0,40.849998474121094,40.849998474121094,36150,0.0,0.0
2024-02-20 12:00:00+08:00,40.79999923706055,40.900001525878906,40.79999923706055,40.849998474121094,16006,0.0,0.0
2024-02-20 13:00:00+08:00,40.849998474121094,41.0,40.849998474121094,41.0,8048,0.0,0.0
2024-02-21 09:00:00+08:00,41.25,41.599998474121094,41.0,41.599998474121094,0,0.0,0.0
2024-02-21 10:00:00+08:00,41.599998474121094,41.70000076293945,41.54999923706055,41.650001525878906,50464,0.0,0.0
2024-02-21 11:00:00+08:00,41.45000076293945,41.79999923706055,41.45000076293945,41.70000076293945,43351,0.0,0.0
2024-02-21 12:00:00+08:00,41.75,41.75,41.5,41.54999923706055,34013,0.0,0.0
2024-02-21 13:00:00+08:00,41.599998474121094,41.75,41.599998474121094,41.75,42107,0.0,0.0
2024-02-22 09:00:00+08:00,41.900001525878906,42.25,41.75,41.79999923706055,0,0.0,0.0
2024-02-22 10:00:00+08:00,41.70000076293945,41.75,41.599998474121094,41.650001525878906,16098,0.0,0.0
2024-02-22 11:00:00+08:00,41.650001525878906,41.75,41.650001525878906,41.75,21008,0.0,0.0
2024-02-22 12:00:00+08:00,41.650001525878906,41.650001525878906,41.400001525878906,41.599998474121094,76224,0.0,0.0
2024-02-22 13:00:00+08:00,41.5,41.599998474121094,41.400001525878906,41.5,23105,0.0,0.0
2024-02-23 09:00:00+08:00,41.849998474121094,41.849998474121094,41.5,41.650001525878906,27042,0.0,0.0
2024-02-23 10:00:00+08:00,41.70000076293945,41.79999923706055,41.400001525878906,41.400001525878906,34240,0.0,0.0
2024-02-23 11:00:00+08:00,41.349998474121094,41.5,41.29999923706055,41.29999923706055,22011,0.0,0.0
2024-02-23 12:00:00+08:00,41.29999923706055,41.29999923706055,41.25,41.25,22358,0.0,0.0
2024-02-23 13:00:00+08:00,41.25,41.25,41.04999923706055,41.04999923706055,44111,0.0,0.0
2024-02-26 09:00:00+08:00,41.20000076293945,41.599998474121094,41.20000076293945,41.599998474121094,0,0.0,0.0
2024-02-26 10:00:00+08:00,41.599998474121094,41.75,41.5,41.75,34010,0.0,0.0
2024-02-26 11:00:00+08:00,41.75,41.79999923706055,41.5,41.70000076293945,49010,0.0,0.0
2024-02-26 12:00:00+08:00,41.70000076293945,41.75,41.650001525878906,41.70000076293945,5005,0.0,0.0
2024-02-26 13:00:00+08:00,41.75,41.75,41.599998474121094,41.70000076293945,10003,0.0,0.0
2024-02-27 09:00:00+08:00,42.400001525878906,42.5,42.0,42.04999923706055,0,0.0,0.0
2024-02-27 10:00:00+08:00,42.0,42.0,41.54999923706055,41.650001525878906,191490,0.0,0.0
2024-02-27 11:00:00+08:00,41.650001525878906,42.0,41.599998474121094,42.0,36075,0.0,0.0
2024-02-27 12:00:00+08:00,41.95000076293945,42.0,41.900001525878906,42.0,25237,0.0,0.0
2024-02-27 13:00:00+08:00,41.95000076293945,41.95000076293945,41.900001525878906,41.95000076293945,5005,0.0,0.0
2024-02-29 09:00:00+08:00,41.95000076293945,42.20000076293945,41.599998474121094,42.0,0,0.0,0.0
2024-02-29 10:00:00+08:00,42.0,42.0,41.849998474121094,42.0,28719,0.0,0.0
2024-02-29 11:00:00+08:00,41.95000076293945,41.95000076293945,41.75,41.95000076293945,22153,0.0,0.0
2024-02-29 12:00:00+08:00,41.95000076293945,42.04999923706055,41.900001525878906,42.04999923706055,36013,0.0,0.0
2024-02-29 13:00:00+08:00,42.0,42.04999923706055,41.95000076293945,41.95000076293945,11262,0.0,0.0
2024-03-01 09:00:00+08:00,42.29999923706055,42.29999923706055,41.95000076293945,41.95000076293945,0,0.0,0.0
2024-03-01 10:00:00+08:00,42.0,42.0,41.900001525878906,41.900001525878906,29007,0.0,0.0
2024-03-01 11:00:00+08:00,41.900001525878906,41.95000076293945,41.79999923706055,41.79999923706055,22129,0.0,0.0
2024-03-01 12:00:00+08:00,41.79999923706055,41.79999923706055,41.70000076293945,41.70000076293945,38114,0.0,0.0
2024-03-01 13:00:00+08:00,41.70000076293945,41.75,41.70000076293945,41.70000076293945,13020,0.0,0.0
2024-03-04 09:00:00+08:00,42.25,42.25,41.70000076293945,41.95000076293945,0,0.0,0.0
2024-03-04 10:00:00+08:00,41.900001525878906,41.900001525878906,41.75,41.79999923706055,28041,0.0,0.0
2024-03-04 11:00:00+08:00,41.79999923706055,41.849998474121094,41.75,41.79999923706055,16305,0.0,0.0
2024-03-04 12:00:00+08:00,41.79999923706055,41.900001525878906,41.75,41.849998474121094,35116,0.0,0.0
2024-03-04 13:00:00+08:00,41.79999923706055,41.79999923706055,41.75,41.75,11005,0.0,0.0
2024-03-05 09:00:00+08:00,41.95000076293945,42.79999923706055,41.95000076293945,42.349998474121094,61740,0.0,0.0
2024-03-05 10:00:00+08:00,42.29999923706055,42.349998474121094,42.150001525878906,42.29999923706055,46010,0.0,0.0
2024-03-05 11:00:00+08:00,42.29999923706055,42.400001525878906,42.150001525878906,42.29999923706055,55013,0.0,0.0
2024-03-05 12:00:00+08:00,42.25,42.25,42.099998474121094,42.20000076293945,49020,0.0,0.0
2024-03-05 13:00:00+08:00,42.20000076293945,42.900001525878906,42.20000076293945,42.900001525878906,174102,0.0,0.0
2024-03-06 09:00:00+08:00,43.5,43.5,42.5,43.04999923706055,0,0.0,0.0
2024-03-06 10:00:00+08:00,43.04999923706055,43.599998474121094,42.95000076293945,43.29999923706055,218612,0.0,0.0
2024-03-06 11:00:00+08:00,43.25,43.54999923706055,43.25,43.45000076293945,97107,0.0,0.0
2024-03-06 12:00:00+08:00,43.45000076293945,43.45000076293945,43.20000076293945,43.25,38203,0.0,0.0
2024-03-06 13:00:00+08:00,43.25,43.25,43.20000076293945,43.20000076293945,19333,0.0,0.0
2024-03-07 09:00:00+08:00,43.5,43.70000076293945,42.900001525878906,43.0,0,0.0,0.0
2024-03-07 10:00:00+08:00,43.04999923706055,43.04999923706055,42.599998474121094,42.900001525878906,74396,0.0,0.0
2024-03-07 11:00:00+08:00,42.900001525878906,43.70000076293945,42.900001525878906,43.349998474121094,234501,0.0,0.0
2024-03-07 12:00:00+08:00,43.29999923706055,43.54999923706055,43.20000076293945,43.400001525878906,101355,0.0,0.0
2024-03-07 13:00:00+08:00,43.349998474121094,43.400001525878906,43.25,43.349998474121094,36004,0.0,0.0
2024-03-08 09:00:00+08:00,43.70000076293945,44.0,43.0,43.0,248667,0.0,0.0
2024-03-08 10:00:00+08:00,43.0,43.099998474121094,41.5,42.0,191303,0.0,0.0
2024-03-08 11:00:00+08:00,42.099998474121094,42.29999923706055,41.650001525878906,41.70000076293945,135491,0.0,0.0
2024-03-08 12:00:00+08:00,41.70000076293945,42.20000076293945,41.70000076293945,42.0,45353,0.0,0.0
2024-03-08 13:00:00+08:00,42.0,42.0,41.900001525878906,41.95000076293945,25002,0.0,0.0
2024-03-11 09:00:00+08:00,42.599998474121094,43.650001525878906,42.400001525878906,43.20000076293945,0,0.0,0.0
2024-03-11 10:00:00+08:00,43.20000076293945,43.29999923706055,42.599998474121094,42.849998474121094,81553,0.0,0.0
2024-03-11 11:00:00+08:00,42.79999923706055,43.20000076293945,42.70000076293945,42.95000076293945,37009,0.0,0.0
2024-03-11 12:00:00+08:00,42.900001525878906,43.04999923706055,42.900001525878906,43.04999923706055,27349,0.0,0.0
2024-03-11 13:00:00+08:00,43.0,43.150001525878906,43.0,43.04999923706055,22616,0.0,0.0
2024-03-12 09:00:00+08:00,43.45000076293945,43.45000076293945,43.20000076293945,43.400001525878906,0,0.0,0.0
2024-03-12 10:00:00+08:00,43.29999923706055,43.5,43.20000076293945,43.400001525878906,113249,0.0,0.0
2024-03-12 11:00:00+08:00,43.400001525878906,43.45000076293945,43.349998474121094,43.349998474121094,46502,0.0,0.0
2024-03-12 12:00:00+08:00,43.400001525878906,43.45000076293945,43.25,43.29999923706055,62705,0.0,0.0
2024-03-12 13:00:00+08:00,43.29999923706055,43.349998474121094,43.29999923706055,43.349998474121094,16005,0.0,0.0
2024-03-13 09:00:00+08:00,43.400001525878906,43.599998474121094,42.849998474121094,42.900001525878906,0,0.0,0.0
2024-03-13 10:00:00+08:00,42.900001525878906,42.900001525878906,42.70000076293945,42.75,80694,0.0,0.0
2024-03-13 11:00:00+08:00,42.70000076293945,42.849998474121094,41.95000076293945,42.70000076293945,148179,0.0,0.0
2024-03-13 12:00:00+08:00,42.70000076293945,42.75,42.0,42.400001525878906,106007,0.0,0.0
2024-03-13 13:00:00+08:00,42.349998474121094,42.349998474121094,42.0,42.099998474121094,173573,0.0,0.0
2024-03-14 09:00:00+08:00,42.5,42.79999923706055,42.150001525878906,42.79999923706055,0,0.0,0.0
2024-03-14 10:00:00+08:00,42.79999923706055,43.0,42.70000076293945,42.70000076293945,53560,0.0,0.0
2024-03-14 11:00:00+08:00,42.75,42.849998474121094,42.599998474121094,42.599998474121094,19388,0.0,0.0
2024-03-14 12:00:00+08:00,42.599998474121094,42.70000076293945,42.54999923706055,42.70000076293945,25209,0.0,0.0
2024-03-14 13:00:00+08:00,42.599998474121094,42.599998474121094,42.5,42.5,21004,0.0,0.0
2024-03-15 09:00:00+08:00,42.900001525878906,43.0,42.349998474121094,42.400001525878906,0,0.0,0.0
2024-03-15 10:00:00+08:00,42.45000076293945,42.45000076293945,42.0,42.0,88052,0.0,0.0
2024-03-15 11:00:00+08:00,42.099998474121094,42.20000076293945,42.0,42.20000076293945,38005,0.0,0.0
2024-03-15 12:00:00+08:00,42.150001525878906,42.20000076293945,41.79999923706055,41.849998474121094,101208,0.0,0.0
2024-03-15 13:00:00+08:00,41.849998474121094,42.04999923706055,41.79999923706055,42.04999923706055,39245,0.0,0.0
2024-03-18 09:00:00+08:00,42.45000076293945,42.79999923706055,42.20000076293945,42.70000076293945,0,0.0,0.0
2024-03-18 10:00:00+08:00,42.70000076293945,42.900001525878906,42.599998474121094,42.75,68182,0.0,0.0
2024-03-18 11:00:00+08:00,42.79999923706055,42.900001525878906,42.54999923706055,42.75,46204,0.0,0.0
2024-03-18 12:00:00+08:00,42.70000076293945,42.70000076293945,42.54999923706055,42.54999923706055,25005,0.0,0.0
2024-03-18 13:00:00+08:00,42.54999923706055,42.650001525878906,42.54999923706055,42.54999923706055,25192,0.0,0.0
2024-03-19 09:00:00+08:00,42.54999923706055,42.900001525878906,42.54999923706055,42.79999923706055,0,0.0,0.0
2024-03-19 10:00:00+08:00,42.75,43.0,42.75,42.900001525878906,53202,0.0,0.0
2024-03-19 11:00:00+08:00,42.900001525878906,42.95000076293945,42.70000076293945,42.70000076293945,46601,0.0,0.0
2024-03-19 12:00:00+08:00,42.650001525878906,42.95000076293945,42.599998474121094,42.900001525878906,33071,0.0,0.0
2024-03-19 13:00:00+08:00,42.900001525878906,42.900001525878906,42.849998474121094,42.849998474121094,14104,0.0,0.0
2024-03-20 09:00:00+08:00,43.20000076293945,43.5,43.099998474121094,43.5,125794,0.0,0.0
2024-03-20 10:00:00+08:00,43.45000076293945,43.5,43.349998474121094,43.45000076293945,66149,0.0,0.0
2024-03-20 11:00:00+08:00,43.400001525878906,44.20000076293945,43.349998474121094,44.0,261655,0.0,0.0
2024-03-20 12:00:00+08:00,44.0,44.75,43.75,44.400001525878906,320548,0.0,0.0
2024-03-20 13:00:00+08:00,44.400001525878906,44.5,44.20000076293945,44.5,119526,0.0,0.0
2024-03-21 09:00:00+08:00,44.95000076293945,45.20000076293945,44.150001525878906,44.25,0,0.0,0.0
2024-03-21 10:00:00+08:00,44.29999923706055,44.79999923706055,44.20000076293945,44.599998474121094,141377,0.0,0.0
2024-03-21 11:00:00+08:00,44.599998474121094,44.599998474121094,44.400001525878906,44.400001525878906,66494,0.0,0.0
2024-03-21 12:00:00+08:00,44.400001525878906,44.5,44.25,44.29999923706055,80315,0.0,0.0
2024-03-21 13:00:00+08:00,44.29999923706055,44.45000076293945,44.25,44.45000076293945,69438,0.0,0.0
2024-03-22 09:00:00+08:00,44.29999923706055,44.29999923706055,43.900001525878906,43.900001525878906,0,0.0,0.0
2024-03-22 10:00:00+08:00,43.95000076293945,44.0,43.70000076293945,43.900001525878906,89462,0.0,0.0
2024-03-22 11:00:00+08:00,43.900001525878906,44.849998474121094,43.900001525878906,44.5,148535,0.0,0.0
2024-03-22 12:00:00+08:00,44.349998474121094,44.5,44.29999923706055,44.5,48681,0.0,0.0
2024-03-22 13:00:00+08:00,44.54999923706055,44.54999923706055,44.400001525878906,44.400001525878906,31544,0.0,0.0
2024-03-25 09:00:00+08:00,44.79999923706055,44.79999923706055,44.04999923706055,44.150001525878906,0,0.0,0.0
2024-03-25 10:00:00+08:00,44.20000076293945,44.20000076293945,44.04999923706055,44.099998474121094,18409,0.0,0.0
2024-03-25 11:00:00+08:00,44.099998474121094,44.25,44.099998474121094,44.150001525878906,34340,0.0,0.0
2024-03-25 12:00:00+08:00,44.150001525878906,44.150001525878906,44.0,44.0,87525,0.0,0.0
2024-03-25 13:00:00+08:00,44.0,44.04999923706055,43.95000076293945,43.95000076293945,30125,0.0,0.0
2024-03-26 09:00:00+08:00,44.099998474121094,44.099998474121094,43.099998474121094,43.349998474121094,0,0.0,0.0
2024-03-26 10:00:00+08:00,43.25,43.45000076293945,43.04999923706055,43.04999923706055,80061,0.0,0.0
2024-03-26 11:00:00+08:00,43.04999923706055,43.150001525878906,42.54999923706055,42.849998474121094,192264,0.0,0.0
2024-03-26 12:00:00+08:00,42.75,43.0,42.650001525878906,42.900001525878906,42277,0.0,0.0
2024-03-26 13:00:00+08:00,42.900001525878906,42.900001525878906,42.75,42.75,32203,0.0,0.0
2024-03-27 09:00:00+08:00,43.04999923706055,43.099998474121094,42.75,42.95000076293945,0,0.0,0.0
2024-03-27 10:00:00+08:00,42.79999923706055,42.900001525878906,42.79999923706055,42.79999923706055,37020,0.0,0.0
2024-03-27 11:00:00+08:00,42.79999923706055,43.0,42.75,43.0,51031,0.0,0.0
2024-03-27 12:00:00+08:00,43.0,43.099998474121094,42.849998474121094,43.0,41714,0.0,0.0
2024-03-27 13:00:00+08:00,43.04999923706055,43.04999923706055,43.0,43.0,11024,0.0,0.0
2024-03-28 09:00:00+08:00,43.349998474121094,43.400001525878906,42.95000076293945,43.20000076293945,0,0.0,0.0
2024-03-28 10:00:00+08:00,43.20000076293945,43.20000076293945,42.75,42.849998474121094,35014,0.0,0.0
2024-03-28 11:00:00+08:00,42.900001525878906,43.099998474121094,42.900001525878906,43.04999923706055,39019,0.0,0.0
2024-03-28 12:00:00+08:00,42.900001525878906,43.0,42.849998474121094,42.95000076293945,30256,0.0,0.0
2024-03-28 13:00:00+08:00,42.95000076293945,43.0,42.95000076293945,42.95000076293945,21066,0.0,0.0
2024-03-29 09:00:00+08:00,43.20000076293945,43.20000076293945,42.900001525878906,42.900001525878906,17129,0.0,0.0
2024-03-29 10:00:00+08:00,43.0,43.0,42.70000076293945,42.849998474121094,46030,0.0,0.0
2024-03-29 11:00:00+08:00,42.849998474121094,43.0,42.849998474121094,42.849998474121094,17023,0.0,0.0
2024-03-29 12:00:00+08:00,42.900001525878906,42.900001525878906,42.79999923706055,42.79999923706055,38034,0.0,0.0
2024-03-29 13:00:00+08:00,42.75,42.900001525878906,42.75,42.900001525878906,9161,0.0,0.0
2024-04-01 09:00:00+08:00,43.150001525878906,43.5,43.099998474121094,43.29999923706055,0,0.0,0.0
2024-04-01 10:00:00+08:00,43.25,43.29999923706055,43.150001525878906,43.29999923706055,17265,0.0,0.0
2024-04-01 11:00:00+08:00,43.25,43.5,43.25,43.29999923706055,58658,0.0,0.0
2024-04-01 12:00:00+08:00,43.25,43.349998474121094,43.150001525878906,43.29999923706055,32017,0.0,0.0
2024-04-01 13:00:00+08:00,43.150001525878906,43.29999923706055,43.099998474121094,43.29999923706055,20044,0.0,0.0
2024-04-02 09:00:00+08:00,43.25,43.45000076293945,43.20000076293945,43.20000076293945,0,0.0,0.0
2024-04-02 10:00:00+08:00,43.25,43.29999923706055,43.20000076293945,43.20000076293945,25586,0.0,0.0
2024-04-02 11:00:00+08:00,43.20000076293945,43.400001525878906,43.150001525878906,43.150001525878906,39215,0.0,0.0
2024-04-02 12:00:00+08:00,43.150001525878906,43.400001525878906,43.099998474121094,43.29999923706055,48139,0.0,0.0
2024-04-02 13:00:00+08:00,43.349998474121094,43.54999923706055,43.29999923706055,43.45000076293945,29028,0.0,0.0
2024-04-03 09:00:00+08:00,43.400001525878906,43.45000076293945,43.04999923706055,43.04999923706055,0,0.0,0.0
2024-04-03 10:00:00+08:00,43.0,43.349998474121094,43.0,43.349998474121094,37018,0.0,0.0
2024-04-03 11:00:00+08:00,43.20000076293945,43.29999923706055,43.20000076293945,43.29999923706055,3016,0.0,0.0
2024-04-03 12:00:00+08:00,43.29999923706055,43.29999923706055,43.150001525878906,43.150001525878906,13062,0.0,0.0
2024-04-03 13:00:00+08:00,43.20000076293945,43.20000076293945,43.04999923706055,43.04999923706055,32023,0.0,0.0
2024-04-08 09:00:00+08:00,43.0,43.0,42.54999923706055,42.70000076293945,0,0.0,0.0
2024-04-08 10:00:00+08:00,42.849998474121094,42.849998474121094,42.75,42.79999923706055,18619,0.0,0.0
2024-04-08 11:00:00+08:00,42.849998474121094,43.0,42.79999923706055,42.79999923706055,38019,0.0,0.0
2024-04-08 12:00:00+08:00,42.849998474121094,43.04999923706055,42.650001525878906,43.0,68277,0.0,0.0
2024-04-08 13:00:00+08:00,43.04999923706055,43.29999923706055,42.900001525878906,43.29999923706055,40110,0.0,0.0
2024-04-09 09:00:00+08:00,43.400001525878906,43.70000076293945,43.400001525878906,43.54999923706055,0,0.0,0.0
2024-04-09 10:00:00+08:00,43.54999923706055,44.25,43.54999923706055,44.25,141709,0.0,0.0
2024-04-09 11:00:00+08:00,44.25,44.25,44.0,44.150001525878906,41357,0.0,0.0
2024-04-09 12:00:00+08:00,44.150001525878906,44.20000076293945,44.0,44.20000076293945,91533,0.0,0.0
2024-04-09 13:00:00+08:00,44.150001525878906,44.150001525878906,44.0,44.0,30370,0.0,0.0
2024-04-10 09:00:00+08:00,44.04999923706055,44.150001525878906,43.849998474121094,43.849998474121094,0,0.0,0.0
2024-04-10 10:00:00+08:00,43.95000076293945,44.0,43.900001525878906,44.0,28272,0.0,0.0
2024-04-10 11:00:00+08:00,43.95000076293945,43.95000076293945,43.900001525878906,43.900001525878906,18008,0.0,0.0
2024-04-10 12:00:00+08:00,43.95000076293945,43.95000076293945,43.650001525878906,43.79999923706055,70377,0.0,0.0
2024-04-10 13:00:00+08:00,43.75,43.75,43.599998474121094,43.70000076293945,38394,0.0,0.0
2024-04-11 09:00:00+08:00,43.599998474121094,43.599998474121094,43.099998474121094,43.29999923706055,0,0.0,0.0
2024-04-11 10:00:00+08:00,43.29999923706055,43.349998474121094,43.25,43.29999923706055,30116,0.0,0.0
2024-04-11 11:00:00+08:00,43.20000076293945,43.25,43.099998474121094,43.099998474121094,71330,0.0,0.0
2024-04-11 12:00:00+08:00,43.150001525878906,43.25,43.150001525878906,43.25,29012,0.0,0.0
2024-04-11 13:00:00+08:00,43.20000076293945,43.29999923706055,43.20000076293945,43.29999923706055,37006,0.0,0.0
2024-04-12 09:00:00+08:00,43.20000076293945,43.349998474121094,43.20000076293945,43.29999923706055,15110,0.0,0.0
2024-04-12 10:00:00+08:00,43.29999923706055,43.29999923706055,43.0,43.099998474121094,70470,0.0,0.0
2024-04-12 11:00:00+08:00,43.099998474121094,43.20000076293945,42.95000076293945,43.0,92127,0.0,0.0
2024-04-12 12:00:00+08:00,42.95000076293945,43.04999923706055,42.79999923706055,43.04999923706055,82228,0.0,0.0
2024-04-12 13:00:00+08:00,43.0,43.04999923706055,42.900001525878906,43.04999923706055,18018,0.0,0.0
2024-04-15 09:00:00+08:00,42.79999923706055,42.79999923706055,42.29999923706055,42.599998474121094,0,0.0,0.0
2024-04-15 10:00:00+08:00,42.599998474121094,42.599998474121094,42.29999923706055,42.349998474121094,53242,0.0,0.0
2024-04-15 11:00:00+08:00,42.349998474121094,42.599998474121094,42.29999923706055,42.599998474121094,32080,0.0,0.0
2024-04-15 12:00:00+08:00,42.599998474121094,42.599998474121094,42.400001525878906,42.54999923706055,0,0.0,0.0
2024-04-15 13:00:00+08:00,42.54999923706055,42.599998474121094,42.5,42.599998474121094,231069,0.0,0.0
2024-04-16 09:00:00+08:00,42.29999923706055,42.5,41.29999923706055,41.5,0,0.0,0.0
2024-04-16 10:00:00+08:00,41.5,41.599998474121094,41.349998474121094,41.599998474121094,32159,0.0,0.0
2024-04-16 11:00:00+08:00,41.70000076293945,41.70000076293945,41.54999923706055,41.54999923706055,17010,0.0,0.0
2024-04-16 12:00:00+08:00,41.5,41.650001525878906,41.349998474121094,41.349998474121094,70043,0.0,0.0
2024-04-16 13:00:00+08:00,41.5,41.95000076293945,41.29999923706055,41.900001525878906,33202,0.0,0.0
2024-04-17 09:00:00+08:00,42.400001525878906,42.400001525878906,42.25,42.29999923706055,0,0.0,0.0
2024-04-17 10:00:00+08:00,42.29999923706055,42.5,42.29999923706055,42.5,19019,0.0,0.0
2024-04-17 11:00:00+08:00,42.400001525878906,42.45000076293945,42.349998474121094,42.400001525878906,10039,0.0,0.0
2024-04-17 12:00:00+08:00,42.400001525878906,42.400001525878906,42.349998474121094,42.349998474121094,18035,0.0,0.0
2024-04-17 13:00:00+08:00,42.29999923706055,42.349998474121094,42.29999923706055,42.29999923706055,12007,0.0,0.0
2024-04-18 09:00:00+08:00,42.20000076293945,42.20000076293945,41.95000076293945,41.95000076293945,31079,0.0,0.0
2024-04-18 10:00:00+08:00,41.95000076293945,42.20000076293945,41.900001525878906,42.099998474121094,20187,0.0,0.0
2024-04-18 11:00:00+08:00,41.95000076293945,42.04999923706055,41.900001525878906,41.95000076293945,23104,0.0,0.0
2024-04-18 12:00:00+08:00,41.95000076293945,41.95000076293945,41.79999923706055,41.849998474121094,0,0.0,0.0
2024-04-18 13:00:00+08:00,41.900001525878906,42.04999923706055,41.79999923706055,41.849998474121094,137563,0.0,0.0
2024-04-19 09:00:00+08:00,41.70000076293945,41.70000076293945,41.04999923706055,41.29999923706055,0,0.0,0.0
2024-04-19 10:00:00+08:00,41.400001525878906,41.400001525878906,40.54999923706055,40.54999923706055,182486,0.0,0.0
2024-04-19 11:00:00+08:00,40.650001525878906,41.099998474121094,40.400001525878906,40.95000076293945,80103,0.0,0.0
2024-04-19 12:00:00+08:00,40.95000076293945,41.25,40.95000076293945,41.150001525878906,19468,0.0,0.0
2024-04-19 13:00:00+08:00,41.150001525878906,41.20000076293945,41.099998474121094,41.20000076293945,26000,0.0,0.0
2024-04-22 09:00:00+08:00,41.099998474121094,41.25,40.79999923706055,40.900001525878906,0,0.0,0.0
2024-04-22 10:00:00+08:00,40.900001525878906,40.95000076293945,40.650001525878906,40.70000076293945,64601,0.0,0.0
2024-04-22 11:00:00+08:00,40.79999923706055,40.79999923706055,40.54999923706055,40.599998474121094,54078,0.0,0.0
2024-04-22 12:00:00+08:00,40.650001525878906,40.75,40.650001525878906,40.70000076293945,5004,0.0,0.0
2024-04-22 13:00:00+08:00,40.70000076293945,40.70000076293945,40.599998474121094,40.650001525878906,17000,0.0,0.0
2024-04-23 09:00:00+08:00,40.70000076293945,40.900001525878906,40.70000076293945,40.70000076293945,35339,0.0,0.0
2024-04-23 10:00:00+08:00,40.70000076293945,40.75,40.70000076293945,40.75,19001,0.0,0.0
2024-04-23 11:00:00+08:00,40.79999923706055,40.79999923706055,40.79999923706055,40.79999923706055,3007,0.0,0.0
2024-04-23 12:00:00+08:00,40.849998474121094,40.849998474121094,40.79999923706055,40.79999923706055,11001,0.0,0.0
2024-04-23 13:00:00+08:00,40.900001525878906,41.099998474121094,40.900001525878906,40.900001525878906,15020,0.0,0.0
2024-04-24 09:00:00+08:00,41.29999923706055,41.29999923706055,41.29999923706055,41.29999923706055,0,0.0,0.0
2024-04-24 10:00:00+08:00,41.349998474121094,41.54999923706055,41.349998474121094,41.54999923706055,14171,0.0,0.0
2024-04-24 11:00:00+08:00,41.70000076293945,41.70000076293945,41.599998474121094,41.599998474121094,2000,0.0,0.0
2024-04-24 12:00:00+08:00,41.599998474121094,41.70000076293945,41.599998474121094,41.599998474121094,17052,0.0,0.0
2024-04-24 13:00:00+08:00,41.599998474121094,41.599998474121094,41.599998474121094,41.599998474121094,4001,0.0,0.0
2024-04-25 09:00:00+08:00,41.650001525878906,41.650001525878906,41.5,41.5,12651,0.0,0.0
2024-04-25 10:00:00+08:00,41.5,41.5,41.400001525878906,41.400001525878906,9010,0.0,0.0
2024-04-25 11:00:00+08:00,41.400001525878906,41.54999923706055,41.400001525878906,41.54999923706055,5000,0.0,0.0
2024-04-25 12:00:00+08:00,41.54999923706055,41.599998474121094,41.45000076293945,41.45000076293945,17001,0.0,0.0
2024-04-25 13:00:00+08:00,41.5,41.5,41.349998474121094,41.349998474121094,16000,0.0,0.0
2024-04-26 09:00:00+08:00,41.400001525878906,41.650001525878906,41.400001525878906,41.5,0,0.0,0.0
2024-04-26 10:00:00+08:00,41.5,41.5,41.400001525878906,41.400001525878906,31163,0.0,0.0
2024-04-26 11:00:00+08:00,41.5,41.650001525878906,41.400001525878906,41.400001525878906,13052,0.0,0.0
2024-04-26 12:00:00+08:00,41.5,41.650001525878906,41.45000076293945,41.45000076293945,25052,0.0,0.0
2024-04-26 13:00:00+08:00,41.5,41.54999923706055,41.5,41.5,6049,0.0,0.0
2024-04-29 09:00:00+08:00,41.599998474121094,41.599998474121094,41.400001525878906,41.599998474121094,0,0.0,0.0
2024-04-29 10:00:00+08:00,41.599998474121094,41.599998474121094,41.45000076293945,41.54999923706055,19016,0.0,0.0
2024-04-29 11:00:00+08:00,41.599998474121094,41.599998474121094,41.54999923706055,41.599998474121094,19174,0.0,0.0
2024-04-29 12:00:00+08:00,41.54999923706055,41.54999923706055,41.5,41.5,26213,0.0,0.0
2024-04-29 13:00:00+08:00,41.54999923706055,41.54999923706055,41.5,41.5,8196,0.0,0.0
2024-04-30 09:00:00+08:00,41.5,41.5,41.29999923706055,41.45000076293945,0,0.0,0.0
2024-04-30 10:00:00+08:00,41.45000076293945,41.79999923706055,41.45000076293945,41.75,37277,0.0,0.0
2024-04-30 11:00:00+08:00,41.70000076293945,41.70000076293945,41.5,41.599998474121094,5001,0.0,0.0
2024-04-30 12:00:00+08:00,41.54999923706055,41.599998474121094,41.5,41.5,16161,0.0,0.0
2024-04-30 13:00:00+08:00,41.5,41.5,41.45000076293945,41.45000076293945,9305,0.0,0.0
2024-05-02 09:00:00+08:00,41.45000076293945,41.45000076293945,41.04999923706055,41.45000076293945,0,0.0,0.0
2024-05-02 10:00:00+08:00,41.45000076293945,41.45000076293945,41.150001525878906,41.150001525878906,13202,0.0,0.0
2024-05-02 11:00:00+08:00,41.20000076293945,41.5,41.20000076293945,41.5,14217,0.0,0.0
2024-05-02 12:00:00+08:00,41.5,41.54999923706055,41.45000076293945,41.45000076293945,28111,0.0,0.0
2024-05-02 13:00:00+08:00,41.54999923706055,41.599998474121094,41.45000076293945,41.54999923706055,22123,0.0,0.0
2024-05-03 09:00:00+08:00,41.599998474121094,42.349998474121094,41.599998474121094,42.0,0,0.0,0.0
2024-05-03 10:00:00+08:00,41.95000076293945,41.95000076293945,41.650001525878906,41.75,23325,0.0,0.0
2024-05-03 11:00:00+08:00,41.849998474121094,41.849998474121094,41.75,41.79999923706055,6072,0.0,0.0
2024-05-03 12:00:00+08:00,41.900001525878906,41.900001525878906,41.849998474121094,41.849998474121094,4055,0.0,0.0
2024-05-03 13:00:00+08:00,41.849998474121094,41.900001525878906,41.75,41.75,17013,0.0,0.0
2024-05-06 09:00:00+08:00,42.04999923706055,42.349998474121094,42.0,42.349998474121094,0,0.0,0.0
2024-05-06 10:00:00+08:00,42.25,42.25,42.099998474121094,42.150001525878906,28474,0.0,0.0
2024-05-06 11:00:00+08:00,42.150001525878906,42.25,42.150001525878906,42.25,17551,0.0,0.0
2024-05-06 12:00:00+08:00,42.150001525878906,42.25,42.099998474121094,42.20000076293945,42169,0.0,0.0
2024-05-06 13:00:00+08:00,42.20000076293945,42.29999923706055,42.20000076293945,42.29999923706055,21001,0.0,0.0
2024-05-07 09:00:00+08:00,42.45000076293945,42.5,42.20000076293945,42.20000076293945,37053,0.0,0.0
2024-05-07 10:00:00+08:00,42.20000076293945,42.29999923706055,41.95000076293945,41.95000076293945,50864,0.0,0.0
2024-05-07 11:00:00+08:00,42.0,42.099998474121094,42.0,42.099998474121094,6145,0.0,0.0
2024-05-07 12:00:00+08:00,42.150001525878906,42.20000076293945,42.150001525878906,42.20000076293945,10023,0.0,0.0
2024-05-07 13:00:00+08:00,42.25,42.25,42.0,42.0,36269,0.0,0.0
2024-05-08 09:00:00+08:00,42.099998474121094,42.29999923706055,42.099998474121094,42.099998474121094,0,0.0,0.0
2024-05-08 10:00:00+08:00,42.150001525878906,42.349998474121094,42.099998474121094,42.349998474121094,53231,0.0,0.0
2024-05-08 11:00:00+08:00,42.349998474121094,42.5,42.20000076293945,42.20000076293945,50195,0.0,0.0
2024-05-08 12:00:00+08:00,42.25,42.29999923706055,42.20000076293945,42.29999923706055,24155,0.0,0.0
2024-05-08 13:00:00+08:00,42.29999923706055,42.349998474121094,42.29999923706055,42.349998474121094,5146,0.0,0.0
2024-05-09 09:00:00+08:00,42.45000076293945,42.5,42.29999923706055,42.349998474121094,34233,0.0,0.0
2024-05-09 10:00:00+08:00,42.29999923706055,42.29999923706055,42.150001525878906,42.150001525878906,44001,0.0,0.0
2024-05-09 11:00:00+08:00,42.150001525878906,42.20000076293945,42.150001525878906,42.20000076293945,8175,0.0,0.0
2024-05-09 12:00:00+08:00,42.150001525878906,42.150001525878906,41.95000076293945,42.0,83046,0.0,0.0
2024-05-09 13:00:00+08:00,42.0,42.0,41.54999923706055,41.54999923706055,39168,0.0,0.0
2024-05-10 09:00:00+08:00,41.599998474121094,41.849998474121094,41.54999923706055,41.599998474121094,0,0.0,0.0
2024-05-10 10:00:00+08:00,41.650001525878906,41.79999923706055,41.599998474121094,41.75,9223,0.0,0.0
2024-05-10 11:00:00+08:00,41.79999923706055,41.79999923706055,41.79999923706055,41.79999923706055,9301,0.0,0.0
2024-05-10 12:00:00+08:00,41.70000076293945,41.79999923706055,41.70000076293945,41.79999923706055,21172,0.0,0.0
2024-05-10 13:00:00+08:00,41.849998474121094,41.849998474121094,41.70000076293945,41.75,10003,0.0,0.0
2024-05-13 09:00:00+08:00,41.75,41.75,41.599998474121094,41.650001525878906,0,0.0,0.0
2024-05-13 10:00:00+08:00,41.70000076293945,41.70000076293945,41.650001525878906,41.650001525878906,18045,0.0,0.0
2024-05-13 11:00:00+08:00,41.650001525878906,41.650001525878906,41.599998474121094,41.650001525878906,27001,0.0,0.0
2024-05-13 12:00:00+08:00,41.599998474121094,41.650001525878906,41.5,41.599998474121094,24002,0.0,0.0
2024-05-13 13:00:00+08:00,41.599998474121094,41.599998474121094,41.45000076293945,41.45000076293945,31032,0.0,0.0
2024-05-14 09:00:00+08:00,41.5,41.5,41.5,41.5,6265,0.0,0.0
2024-05-14 10:00:00+08:00,41.54999923706055,41.54999923706055,41.400001525878906,41.400001525878906,27921,0.0,0.0
2024-05-14 11:00:00+08:00,41.5,41.599998474121094,41.45000076293945,41.45000076293945,36082,0.0,0.0
2024-05-14 12:00:00+08:00,41.5,41.54999923706055,41.5,41.5,10041,0.0,0.0
2024-05-14 13:00:00+08:00,41.5,41.5,41.45000076293945,41.45000076293945,14000,0.0,0.0
2024-05-15 09:00:00+08:00,41.5,41.599998474121094,41.400001525878906,41.54999923706055,22010,0.0,0.0
2024-05-15 10:00:00+08:00,41.54999923706055,41.70000076293945,41.54999923706055,41.650001525878906,16203,0.0,0.0
2024-05-15 11:00:00+08:00,41.650001525878906,41.650001525878906,41.599998474121094,41.599998474121094,34165,0.0,0.0
2024-05-15 12:00:00+08:00,41.599998474121094,41.599998474121094,41.54999923706055,41.54999923706055,9002,0.0,0.0
2024-05-15 13:00:00+08:00,41.54999923706055,41.54999923706055,41.54999923706055,41.54999923706055,4099,0.0,0.0
2024-05-16 09:00:00+08:00,41.54999923706055,41.54999923706055,41.5,41.54999923706055,19017,0.0,0.0
2024-05-16 10:00:00+08:00,41.54999923706055,41.599998474121094,41.54999923706055,41.599998474121094,16043,0.0,0.0
2024-05-16 11:00:00+08:00,41.599998474121094,41.650001525878906,41.5,41.54999923706055,41399,0.0,0.0
2024-05-16 12:00:00+08:00,41.54999923706055,41.650001525878906,41.54999923706055,41.599998474121094,13487,0.0,0.0
2024-05-16 13:00:00+08:00,41.599998474121094,41.599998474121094,41.599998474121094,41.599998474121094,2001,0.0,0.0
2024-05-17 09:00:00+08:00,41.650001525878906,41.650001525878906,41.45000076293945,41.45000076293945,25021,0.0,0.0
2024-05-17 10:00:00+08:00,41.5,41.5,41.45000076293945,41.45000076293945,7005,0.0,0.0
2024-05-17 11:00:00+08:00,41.45000076293945,41.45000076293945,41.349998474121094,41.349998474121094,37880,0.0,0.0
2024-05-17 12:00:00+08:00,41.349998474121094,41.400001525878906,41.25,41.29999923706055,59045,0.0,0.0
2024-05-17 13:00:00+08:00,41.25,41.29999923706055,41.25,41.25,17052,0.0,0.0
2024-05-20 09:00:00+08:00,41.25,41.25,40.900001525878906,40.95000076293945,0,0.0,0.0
2024-05-20 10:00:00+08:00,40.95000076293945,41.150001525878906,40.95000076293945,41.099998474121094,17273,0.0,0.0
2024-05-20 11:00:00+08:00,41.099998474121094,41.099998474121094,41.0,41.0,47101,0.0,0.0
2024-05-20 12:00:00+08:00,41.0,41.0,40.95000076293945,40.95000076293945,23025,0.0,0.0
2024-05-20 13:00:00+08:00,40.95000076293945,41.0,40.95000076293945,41.0,8000,0.0,0.0
2024-05-21 09:00:00+08:00,41.0,41.25,41.0,41.150001525878906,0,0.0,0.0
2024-05-21 10:00:00+08:00,41.099998474121094,41.20000076293945,41.099998474121094,41.150001525878906,15008,0.0,0.0
2024-05-21 11:00:00+08:00,41.150001525878906,41.20000076293945,41.150001525878906,41.150001525878906,13011,0.0,0.0
2024-05-21 12:00:00+08:00,41.099998474121094,41.099998474121094,41.099998474121094,41.099998474121094,10230,0.0,0.0
2024-05-21 13:00:00+08:00,41.20000076293945,41.20000076293945,41.20000076293945,41.20000076293945,2100,0.0,0.0
2024-05-22 09:00:00+08:00,41.25,41.650001525878906,41.20000076293945,41.5,0,0.0,0.0
2024-05-22 10:00:00+08:00,41.5,41.5,41.45000076293945,41.5,7004,0.0,0.0
2024-05-22 11:00:00+08:00,41.54999923706055,41.54999923706055,41.54999923706055,41.54999923706055,4613,0.0,0.0
2024-05-22 12:00:00+08:00,41.599998474121094,41.75,41.599998474121094,41.70000076293945,20310,0.0,0.0
2024-05-22 13:00:00+08:00,41.70000076293945,41.70000076293945,41.70000076293945,41.70000076293945,7136,0.0,0.0
2024-05-23 09:00:00+08:00,41.79999923706055,41.849998474121094,41.599998474121094,41.79999923706055,0,0.0,0.0
2024-05-23 10:00:00+08:00,41.79999923706055,41.849998474121094,41.75,41.75,24661,0.0,0.0
2024-05-23 11:00:00+08:00,41.75,41.900001525878906,41.599998474121094,41.599998474121094,64336,0.0,0.0
2024-05-23 12:00:00+08:00,41.599998474121094,41.70000076293945,41.599998474121094,41.70000076293945,3000,0.0,0.0
2024-05-23 13:00:00+08:00,41.70000076293945,41.70000076293945,41.599998474121094,41.599998474121094,9199,0.0,0.0
2024-05-24 09:00:00+08:00,41.5,41.599998474121094,41.5,41.599998474121094,2511,0.0,0.0
2024-05-24 10:00:00+08:00,41.599998474121094,41.599998474121094,41.5,41.54999923706055,16505,0.0,0.0
2024-05-24 11:00:00+08:00,41.5,41.599998474121094,41.5,41.54999923706055,5003,0.0,0.0
2024-05-24 12:00:00+08:00,41.54999923706055,41.599998474121094,41.54999923706055,41.599998474121094,6306,0.0,0.0
2024-05-24 13:00:00+08:00,41.650001525878906,41.70000076293945,41.650001525878906,41.650001525878906,5100,0.0,0.0
2024-05-27 09:00:00+08:00,41.70000076293945,41.79999923706055,41.650001525878906,41.70000076293945,0,0.0,0.0
2024-05-27 10:00:00+08:00,41.75,41.75,41.650001525878906,41.70000076293945,12153,0.0,0.0
2024-05-27 11:00:00+08:00,41.75,41.79999923706055,41.75,41.75,17228,0.0,0.0
2024-05-27 12:00:00+08:00,41.70000076293945,41.75,41.70000076293945,41.75,7043,0.0,0.0
2024-05-27 13:00:00+08:00,41.75,41.75,41.70000076293945,41.75,9010,0.0,0.0
2024-05-28 09:00:00+08:00,41.75,42.29999923706055,41.75,42.0,0,0.0,0.0
2024-05-28 10:00:00+08:00,42.0,42.150001525878906,41.900001525878906,41.900001525878906,33057,0.0,0.0
2024-05-28 11:00:00+08:00,41.900001525878906,42.20000076293945,41.900001525878906,42.20000076293945,44380,0.0,0.0
2024-05-28 12:00:00+08:00,42.0,42.0,41.849998474121094,41.849998474121094,22178,0.0,0.0
2024-05-29 09:00:00+08:00,42.0,42.099998474121094,41.95000076293945,41.95000076293945,42135,0.0,0.0
2024-05-29 10:00:00+08:00,41.95000076293945,41.95000076293945,41.95000076293945,41.95000076293945,4003,0.0,0.0
2024-05-29 11:00:00+08:00,42.0,42.20000076293945,42.0,42.099998474121094,23097,0.0,0.0
2024-05-29 12:00:00+08:00,42.04999923706055,42.099998474121094,42.0,42.099998474121094,15300,0.0,0.0
2024-05-29 13:00:00+08:00,42.099998474121094,42.150001525878906,42.099998474121094,42.099998474121094,16350,0.0,0.0
2024-05-30 09:00:00+08:00,42.099998474121094,42.099998474121094,41.79999923706055,41.95000076293945,0,0.0,0.0
2024-05-30 10:00:00+08:00,41.95000076293945,41.95000076293945,41.900001525878906,41.900001525878906,5268,0.0,0.0
2024-05-30 11:00:00+08:00,41.95000076293945,41.95000076293945,41.900001525878906,41.900001525878906,17013,0.0,0.0
2024-05-30 12:00:00+08:00,41.849998474121094,41.849998474121094,41.79999923706055,41.79999923706055,36121,0.0,0.0
2024-05-30 13:00:00+08:00,41.75,41.849998474121094,41.75,41.79999923706055,6346,0.0,0.0
2024-05-31 09:00:00+08:00,42.349998474121094,42.349998474121094,42.0,42.0,0,0.0,0.0
2024-05-31 10:00:00+08:00,42.04999923706055,42.04999923706055,42.04999923706055,42.04999923706055,1003,0.0,0.0
2024-05-31 11:00:00+08:00,42.0,42.0,41.75,41.79999923706055,22021,0.0,0.0
2024-05-31 12:00:00+08:00,41.849998474121094,41.849998474121094,41.849998474121094,41.849998474121094,31006,0.0,0.0
2024-06-03 09:00:00+08:00,42.150001525878906,42.150001525878906,42.0,42.099998474121094,0,0.0,0.0
2024-06-03 10:00:00+08:00,42.099998474121094,42.099998474121094,42.0,42.04999923706055,9479,0.0,0.0
2024-06-03 11:00:00+08:00,42.04999923706055,42.04999923706055,41.900001525878906,41.95000076293945,34229,0.0,0.0
2024-06-03 12:00:00+08:00,42.0,42.0,41.95000076293945,41.95000076293945,6103,0.0,0.0
2024-06-03 13:00:00+08:00,42.0,42.04999923706055,42.0,42.0,19002,0.0,0.0
2024-06-04 09:00:00+08:00,42.25,42.54999923706055,42.0,42.54999923706055,0,0.0,0.0
2024-06-04 10:00:00+08:00,42.54999923706055,42.54999923706055,42.400001525878906,42.45000076293945,60112,0.0,0.0
2024-06-04 11:00:00+08:00,42.349998474121094,42.400001525878906,42.349998474121094,42.400001525878906,23152,0.0,0.0
2024-06-04 12:00:00+08:00,42.400001525878906,42.45000076293945,42.400001525878906,42.45000076293945,0,0.0,0.0
2024-06-04 13:00:00+08:00,42.45000076293945,42.45000076293945,42.349998474121094,42.400001525878906,182531,0.0,0.0
2024-06-05 09:00:00+08:00,42.349998474121094,42.5,42.20000076293945,42.20000076293945,0,0.0,0.0
2024-06-05 10:00:00+08:00,42.400001525878906,42.400001525878906,42.0,42.0,39355,0.0,0.0
2024-06-05 11:00:00+08:00,42.04999923706055,42.099998474121094,42.04999923706055,42.04999923706055,5026,0.0,0.0
2024-06-05 12:00:00+08:00,42.04999923706055,42.04999923706055,41.849998474121094,41.849998474121094,33016,0.0,0.0
2024-06-05 13:00:00+08:00,41.849998474121094,41.900001525878906,41.849998474121094,41.900001525878906,7050,0.0,0.0
2024-06-06 09:00:00+08:00,41.849998474121094,41.849998474121094,41.650001525878906,41.70000076293945,32510,0.0,0.0
2024-06-06 10:00:00+08:00,41.70000076293945,41.70000076293945,41.400001525878906,41.599998474121094,40751,0.0,0.0
2024-06-06 11:00:00+08:00,41.599998474121094,41.70000076293945,41.599998474121094,41.599998474121094,19005,0.0,0.0
2024-06-06 12:00:00+08:00,41.599998474121094,41.650001525878906,41.599998474121094,41.650001525878906,9502,0.0,0.0
2024-06-06 13:00:00+08:00,41.650001525878906,41.70000076293945,41.599998474121094,41.599998474121094,11059,0.0,0.0
2024-06-07 09:00:00+08:00,41.650001525878906,41.849998474121094,41.650001525878906,41.849998474121094,0,0.0,0.0
2024-06-07 10:00:00+08:00,41.900001525878906,41.95000076293945,41.849998474121094,41.95000076293945,10552,0.0,0.0
2024-06-07 11:00:00+08:00,41.95000076293945,42.0,41.95000076293945,41.95000076293945,6144,0.0,0.0
2024-06-07 12:00:00+08:00,41.900001525878906,41.95000076293945,41.70000076293945,41.95000076293945,9004,0.0,0.0
2024-06-07 13:00:00+08:00,42.0,42.0,41.70000076293945,41.70000076293945,10002,0.0,0.0
2024-06-11 09:00:00+08:00,41.70000076293945,41.70000076293945,41.0,41.099998474121094,43127,0.0,0.0
2024-06-11 10:00:00+08:00,41.04999923706055,41.04999923706055,40.79999923706055,40.79999923706055,102022,0.0,0.0
2024-06-11 11:00:00+08:00,40.79999923706055,40.95000076293945,40.79999923706055,40.900001525878906,25120,0.0,0.0
2024-06-11 12:00:00+08:00,40.95000076293945,40.95000076293945,40.79999923706055,40.79999923706055,80159,0.0,0.0
2024-06-11 13:00:00+08:00,40.79999923706055,40.849998474121094,40.79999923706055,40.79999923706055,16760,0.0,0.0
2024-06-12 09:00:00+08:00,40.900001525878906,40.900001525878906,40.75,40.75,0,0.0,0.0
2024-06-12 10:00:00+08:00,40.650001525878906,40.650001525878906,40.599998474121094,40.650001525878906,42400,0.0,0.0
2024-06-12 11:00:00+08:00,40.650001525878906,40.650001525878906,40.650001525878906,40.650001525878906,1163,0.0,0.0
2024-06-12 12:00:00+08:00,40.75,40.900001525878906,40.75,40.900001525878906,17100,0.0,0.0
2024-06-12 13:00:00+08:00,40.900001525878906,41.0,40.900001525878906,41.0,6001,0.0,0.0
2024-06-13 09:00:00+08:00,40.849998474121094,41.0,40.849998474121094,41.0,0,0.0,0.0
2024-06-13 10:00:00+08:00,41.0,41.0,40.95000076293945,40.95000076293945,17430,0.0,0.0
2024-06-13 11:00:00+08:00,40.95000076293945,40.95000076293945,40.900001525878906,40.900001525878906,7002,0.0,0.0
2024-06-13 12:00:00+08:00,40.900001525878906,41.04999923706055,40.900001525878906,40.95000076293945,42012,0.0,0.0
2024-06-13 13:00:00+08:00,41.0,41.0,40.95000076293945,41.0,21007,0.0,0.0
2024-06-14 09:00:00+08:00,40.95000076293945,40.95000076293945,40.599998474121094,40.79999923706055,26002,0.0,0.0
2024-06-14 10:00:00+08:00,40.849998474121094,41.150001525878906,40.849998474121094,41.150001525878906,16003,0.0,0.0
2024-06-14 11:00:00+08:00,40.95000076293945,40.95000076293945,40.849998474121094,40.900001525878906,16053,0.0,0.0
2024-06-14 12:00:00+08:00,40.849998474121094,40.95000076293945,40.79999923706055,40.900001525878906,20061,0.0,0.0
2024-06-14 13:00:00+08:00,41.0,41.0,41.0,41.0,4273,0.0,0.0
2024-06-17 09:00:00+08:00,41.0,42.150001525878906,41.0,42.150001525878906,27056,0.0,0.0
2024-06-17 10:00:00+08:00,42.150001525878906,42.45000076293945,42.04999923706055,42.150001525878906,72005,0.0,0.0
2024-06-17 11:00:00+08:00,42.150001525878906,42.150001525878906,42.0,42.099998474121094,34031,0.0,0.0
2024-06-17 12:00:00+08:00,42.099998474121094,42.150001525878906,41.900001525878906,41.900001525878906,36660,0.0,0.0
2024-06-17 13:00:00+08:00,41.900001525878906,42.0,41.900001525878906,41.95000076293945,11261,0.0,0.0
2024-06-18 09:00:00+08:00,42.20000076293945,42.25,41.900001525878906,41.900001525878906,0,0.0,0.0
2024-06-18 10:00:00+08:00,42.0,42.150001525878906,42.0,42.0,30059,0.0,0.0
2024-06-18 11:00:00+08:00,42.0,42.0,41.900001525878906,41.95000076293945,20304,0.0,0.0
2024-06-18 12:00:00+08:00,42.0,42.0,41.900001525878906,41.95000076293945,17002,0.0,0.0
2024-06-18 13:00:00+08:00,41.95000076293945,41.95000076293945,41.900001525878906,41.900001525878906,26002,0.0,0.0
2024-06-19 09:00:00+08:00,41.849998474121094,41.900001525878906,41.70000076293945,41.70000076293945,0,0.0,0.0
2024-06-19 10:00:00+08:00,41.75,41.75,41.70000076293945,41.70000076293945,0,0.0,0.0
2024-06-19 11:00:00+08:00,41.70000076293945,41.70000076293945,41.400001525878906,41.45000076293945,96544,0.0,0.0
2024-06-19 12:00:00+08:00,41.5,41.5,41.45000076293945,41.5,12581,0.0,0.0
2024-06-19 13:00:00+08:00,41.5,41.5,41.400001525878906,41.400001525878906,8011,0.0,0.0
2024-06-20 09:00:00+08:00,41.400001525878906,41.79999923706055,41.400001525878906,41.79999923706055,0,0.0,0.0
2024-06-20 10:00:00+08:00,41.75,41.79999923706055,41.70000076293945,41.79999923706055,16125,0.0,0.0
2024-06-20 11:00:00+08:00,41.79999923706055,41.849998474121094,41.79999923706055,41.79999923706055,8072,0.0,0.0
2024-06-20 12:00:00+08:00,41.79999923706055,41.900001525878906,41.70000076293945,41.70000076293945,56009,0.0,0.0
2024-06-20 13:00:00+08:00,41.75,41.75,41.70000076293945,41.70000076293945,6103,0.0,0.0
2024-06-21 09:00:00+08:00,41.599998474121094,41.900001525878906,41.599998474121094,41.79999923706055,0,0.0,0.0
2024-06-21 10:00:00+08:00,41.900001525878906,41.900001525878906,41.70000076293945,41.79999923706055,96003,0.0,0.0
2024-06-21 11:00:00+08:00,41.79999923706055,42.0,41.75,42.0,60301,0.0,0.0
2024-06-21 12:00:00+08:00,42.0,42.150001525878906,42.0,42.0,33138,0.0,0.0
2024-06-21 13:00:00+08:00,42.0,42.099998474121094,42.0,42.0,9200,0.0,0.0
2024-06-24 09:00:00+08:00,42.20000076293945,42.20000076293945,41.79999923706055,41.79999923706055,0,0.0,0.0
2024-06-24 10:00:00+08:00,41.79999923706055,41.79999923706055,41.75,41.79999923706055,12000,0.0,0.0
2024-06-24 11:00:00+08:00,41.849998474121094,41.849998474121094,41.79999923706055,41.79999923706055,12045,0.0,0.0
2024-06-24 12:00:00+08:00,41.79999923706055,41.79999923706055,41.70000076293945,41.70000076293945,50709,0.0,0.0
2024-06-24 13:00:00+08:00,41.70000076293945,41.70000076293945,41.650001525878906,41.650001525878906,18506,0.0,0.0
2024-06-25 09:00:00+08:00,41.5,41.5,41.0,41.20000076293945,0,0.0,0.0
2024-06-25 10:00:00+08:00,41.25,41.45000076293945,41.25,41.45000076293945,11113,0.0,0.0
2024-06-25 11:00:00+08:00,41.45000076293945,41.45000076293945,41.45000076293945,41.45000076293945,4021,0.0,0.0
2024-06-25 12:00:00+08:00,41.45000076293945,41.650001525878906,41.45000076293945,41.650001525878906,13037,0.0,0.0
2024-06-25 13:00:00+08:00,41.900001525878906,41.900001525878906,41.849998474121094,41.900001525878906,7238,0.0,0.0
2024-06-26 09:00:00+08:00,41.900001525878906,41.900001525878906,41.849998474121094,41.900001525878906,8225,0.0,0.0
2024-06-26 10:00:00+08:00,41.900001525878906,41.900001525878906,41.849998474121094,41.900001525878906,11144,0.0,0.0
2024-06-26 11:00:00+08:00,42.0,42.150001525878906,42.0,42.04999923706055,33000,0.0,0.0
2024-06-26 12:00:00+08:00,42.0,42.099998474121094,41.95000076293945,41.95000076293945,16004,0.0,0.0
2024-06-26 13:00:00+08:00,42.0,42.0,41.95000076293945,42.0,8033,0.0,0.0
2024-06-27 09:00:00+08:00,42.25,42.25,41.900001525878906,42.04999923706055,0,0.0,0.0
2024-06-27 10:00:00+08:00,42.04999923706055,42.04999923706055,42.0,42.04999923706055,6118,0.0,0.0
2024-06-27 11:00:00+08:00,42.0,42.0,42.0,42.0,2036,0.0,0.0
2024-06-27 12:00:00+08:00,42.0,42.0,41.95000076293945,41.95000076293945,13501,0.0,0.0
2024-06-27 13:00:00+08:00,41.95000076293945,41.95000076293945,41.95000076293945,41.95000076293945,4041,0.0,0.0
2024-06-28 09:00:00+08:00,42.0,42.20000076293945,42.0,42.04999923706055,0,0.0,0.0
2024-06-28 10:00:00+08:00,42.04999923706055,42.150001525878906,42.04999923706055,42.099998474121094,16005,0.0,0.0
2024-06-28 11:00:00+08:00,42.099998474121094,42.099998474121094,41.95000076293945,41.95000076293945,95046,0.0,0.0
2024-06-28 12:00:00+08:00,41.95000076293945,42.0,41.95000076293945,41.95000076293945,21117,0.0,0.0
2024-06-28 13:00:00+08:00,42.0,42.0,42.0,42.0,6088,0.0,0.0
2024-07-01 09:00:00+08:00,42.099998474121094,42.099998474121094,41.900001525878906,41.900001525878906,0,0.0,0.0
2024-07-01 10:00:00+08:00,41.900001525878906,42.04999923706055,41.900001525878906,42.0,40208,0.0,0.0
2024-07-01 11:00:00+08:00,42.0,42.099998474121094,42.0,42.0,17356,0.0,0.0
2024-07-01 12:00:00+08:00,42.04999923706055,42.04999923706055,41.95000076293945,41.95000076293945,27387,0.0,0.0
2024-07-01 13:00:00+08:00,41.95000076293945,42.0,41.95000076293945,41.95000076293945,8355,0.0,0.0
2024-07-02 09:00:00+08:00,41.95000076293945,42.45000076293945,41.95000076293945,42.099998474121094,0,0.0,0.0
2024-07-02 10:00:00+08:00,42.099998474121094,42.20000076293945,42.099998474121094,42.20000076293945,0,0.0,0.0
2024-07-02 11:00:00+08:00,42.150001525878906,42.20000076293945,42.099998474121094,42.099998474121094,97413,0.0,0.0
2024-07-02 12:00:00+08:00,42.099998474121094,42.20000076293945,42.099998474121094,42.150001525878906,19346,0.0,0.0
2024-07-02 13:00:00+08:00,42.150001525878906,42.25,42.150001525878906,42.25,17023,0.0,0.0
2024-07-03 09:00:00+08:00,42.400001525878906,42.400001525878906,42.099998474121094,42.150001525878906,18328,0.0,0.0
2024-07-03 10:00:00+08:00,42.20000076293945,42.29999923706055,42.150001525878906,42.29999923706055,34064,0.0,0.0
2024-07-03 11:00:00+08:00,42.29999923706055,42.29999923706055,42.20000076293945,42.25,26008,0.0,0.0
2024-07-03 12:00:00+08:00,42.25,42.25,42.150001525878906,42.25,24457,0.0,0.0
2024-07-03 13:00:00+08:00,42.25,42.29999923706055,42.20000076293945,42.29999923706055,25691,0.0,0.0
2024-07-04 09:00:00+08:00,42.29999923706055,42.29999923706055,42.0,42.25,37230,0.0,0.0
2024-07-04 10:00:00+08:00,42.25,42.349998474121094,42.25,42.349998474121094,63143,0.0,0.0
2024-07-04 11:00:00+08:00,42.400001525878906,42.45000076293945,42.349998474121094,42.45000076293945,52062,0.0,0.0
2024-07-04 12:00:00+08:00,42.45000076293945,43.099998474121094,42.45000076293945,43.0,144968,0.0,0.0
2024-07-04 13:00:00+08:00,43.0,43.150001525878906,42.95000076293945,43.099998474121094,99363,0.0,0.0
2024-07-05 09:00:00+08:00,43.0,43.29999923706055,42.95000076293945,43.0,0,0.0,0.0
2024-07-05 10:00:00+08:00,43.0,43.400001525878906,43.0,43.20000076293945,139006,0.0,0.0
2024-07-05 11:00:00+08:00,43.25,43.25,43.150001525878906,43.150001525878906,25418,0.0,0.0
2024-07-05 12:00:00+08:00,43.099998474121094,43.20000076293945,43.099998474121094,43.150001525878906,31011,0.0,0.0
2024-07-05 13:00:00+08:00,43.150001525878906,43.25,43.150001525878906,43.25,38262,0.0,0.0
2024-07-08 09:00:00+08:00,43.25,43.650001525878906,42.900001525878906,43.0,0,0.0,0.0
2024-07-08 10:00:00+08:00,43.0,43.04999923706055,42.900001525878906,43.04999923706055,27297,0.0,0.0
2024-07-08 11:00:00+08:00,43.0,43.0,42.900001525878906,42.900001525878906,55429,0.0,0.0
2024-07-08 12:00:00+08:00,42.900001525878906,42.95000076293945,42.900001525878906,42.95000076293945,35101,0.0,0.0
2024-07-08 13:00:00+08:00,42.95000076293945,43.0,42.900001525878906,42.900001525878906,17151,0.0,0.0
2024-07-09 09:00:00+08:00,42.900001525878906,42.900001525878906,42.29999923706055,42.29999923706055,184230,0.0,0.0
2024-07-09 10:00:00+08:00,42.29999923706055,42.45000076293945,42.20000076293945,42.349998474121094,39125,0.0,0.0
2024-07-09 11:00:00+08:00,42.400001525878906,42.400001525878906,42.25,42.349998474121094,42913,0.0,0.0
2024-07-09 12:00:00+08:00,42.349998474121094,42.650001525878906,42.349998474121094,42.650001525878906,31296,0.0,0.0
2024-07-09 13:00:00+08:00,42.650001525878906,42.650001525878906,42.599998474121094,42.650001525878906,23064,0.0,0.0
2024-07-10 09:00:00+08:00,42.599998474121094,43.20000076293945,42.599998474121094,43.04999923706055,162846,0.0,0.0
2024-07-10 10:00:00+08:00,43.0,43.29999923706055,43.0,43.20000076293945,147270,0.0,0.0
2024-07-10 11:00:00+08:00,43.150001525878906,43.29999923706055,43.150001525878906,43.20000076293945,126790,0.0,0.0
2024-07-10 12:00:00+08:00,43.25,43.25,43.150001525878906,43.20000076293945,142763,0.0,0.0
2024-07-10 13:00:00+08:00,43.20000076293945,43.25,43.150001525878906,43.20000076293945,96199,0.0,0.0
2024-07-11 09:00:00+08:00,40.29999923706055,40.29999923706055,40.0,40.04999923706055,155003,2.7,0.0
2024-07-11 10:00:00+08:00,40.04999923706055,40.04999923706055,39.599998474121094,39.599998474121094,210078,0.0,0.0
2024-07-11 11:00:00+08:00,39.650001525878906,39.79999923706055,39.54999923706055,39.79999923706055,64573,0.0,0.0
2024-07-11 12:00:00+08:00,39.75,39.75,39.650001525878906,39.650001525878906,43481,0.0,0.0
2024-07-11 13:00:00+08:00,39.650001525878906,39.650001525878906,39.599998474121094,39.650001525878906,29070,0.0,0.0
2024-07-12 09:00:00+08:00,39.54999923706055,39.599998474121094,39.20000076293945,39.349998474121094,82886,0.0,0.0
2024-07-12 10:00:00+08:00,39.349998474121094,39.349998474121094,39.04999923706055,39.04999923706055,101497,0.0,0.0
2024-07-12 11:00:00+08:00,39.0,39.0,38.900001525878906,38.900001525878906,99235,0.0,0.0
2024-07-12 12:00:00+08:00,38.849998474121094,38.900001525878906,38.5,38.599998474121094,101403,0.0,0.0
2024-07-12 13:00:00+08:00,38.54999923706055,38.54999923706055,38.5,38.54999923706055,74251,0.0,0.0
2024-07-15 09:00:00+08:00,38.5,38.5,37.79999923706055,38.0,0,0.0,0.0
2024-07-15 10:00:00+08:00,37.95000076293945,38.0,37.79999923706055,38.0,62622,0.0,0.0
2024-07-15 11:00:00+08:00,37.95000076293945,38.0,37.849998474121094,37.900001525878906,19132,0.0,0.0
2024-07-15 12:00:00+08:00,37.95000076293945,38.0,37.79999923706055,37.95000076293945,36245,0.0,0.0
2024-07-15 13:00:00+08:00,38.04999923706055,38.099998474121094,38.0,38.04999923706055,13336,0.0,0.0
2024-07-16 09:00:00+08:00,38.04999923706055,38.04999923706055,38.0,38.04999923706055,17667,0.0,0.0
2024-07-16 10:00:00+08:00,38.099998474121094,38.25,38.04999923706055,38.099998474121094,34002,0.0,0.0
2024-07-16 11:00:00+08:00,38.099998474121094,38.099998474121094,38.04999923706055,38.04999923706055,19032,0.0,0.0
2024-07-16 12:00:00+08:00,38.099998474121094,38.20000076293945,38.099998474121094,38.099998474121094,0,0.0,0.0
2024-07-16 13:00:00+08:00,38.099998474121094,38.150001525878906,38.099998474121094,38.099998474121094,107902,0.0,0.0
2024-07-17 09:00:00+08:00,38.29999923706055,38.29999923706055,38.099998474121094,38.20000076293945,13042,0.0,0.0
2024-07-17 10:00:00+08:00,38.150001525878906,38.150001525878906,37.95000076293945,38.04999923706055,91228,0.0,0.0
2024-07-17 11:00:00+08:00,38.04999923706055,38.099998474121094,38.04999923706055,38.04999923706055,20002,0.0,0.0
2024-07-17 12:00:00+08:00,38.099998474121094,38.099998474121094,38.0,38.04999923706055,32161,0.0,0.0
2024-07-17 13:00:00+08:00,38.04999923706055,38.099998474121094,38.04999923706055,38.04999923706055,11003,0.0,0.0
2024-07-18 09:00:00+08:00,38.150001525878906,38.150001525878906,37.400001525878906,37.70000076293945,137394,0.0,0.0
2024-07-18 10:00:00+08:00,37.70000076293945,37.75,37.650001525878906,37.70000076293945,32042,0.0,0.0
2024-07-18 11:00:00+08:00,37.70000076293945,37.70000076293945,37.599998474121094,37.650001525878906,32130,0.0,0.0
2024-07-18 12:00:00+08:00,37.650001525878906,37.79999923706055,37.599998474121094,37.79999923706055,36319,0.0,0.0
2024-07-18 13:00:00+08:00,37.75,37.75,37.599998474121094,37.70000076293945,11001,0.0,0.0
2024-07-19 09:00:00+08:00,37.650001525878906,37.650001525878906,37.400001525878906,37.45000076293945,62166,0.0,0.0
2024-07-19 10:00:00+08:00,37.400001525878906,37.45000076293945,37.25,37.349998474121094,134856,0.0,0.0
2024-07-19 11:00:00+08:00,37.45000076293945,37.599998474121094,37.400001525878906,37.400001525878906,5153,0.0,0.0
2024-07-19 12:00:00+08:00,37.349998474121094,37.400001525878906,37.25,37.25,23042,0.0,0.0
2024-07-19 13:00:00+08:00,37.25,37.29999923706055,37.04999923706055,37.099998474121094,43736,0.0,0.0
2024-07-22 09:00:00+08:00,37.79999923706055,37.79999923706055,35.79999923706055,35.95000076293945,0,0.0,0.0
2024-07-22 10:00:00+08:00,35.95000076293945,36.0,35.5,35.79999923706055,49936,0.0,0.0
2024-07-22 11:00:00+08:00,35.79999923706055,35.79999923706055,35.75,35.75,4125,0.0,0.0
2024-07-22 12:00:00+08:00,35.79999923706055,35.79999923706055,35.75,35.79999923706055,9405,0.0,0.0
2024-07-22 13:00:00+08:00,35.79999923706055,36.099998474121094,35.75,35.900001525878906,23010,0.0,0.0
2024-07-23 09:00:00+08:00,36.099998474121094,36.20000076293945,36.04999923706055,36.20000076293945,31096,0.0,0.0
2024-07-23 10:00:00+08:00,36.25,36.349998474121094,36.20000076293945,36.349998474121094,10057,0.0,0.0
2024-07-23 11:00:00+08:00,36.25,36.25,36.25,36.25,0,0.0,0.0
2024-07-23 12:00:00+08:00,36.29999923706055,36.29999923706055,36.25,36.25,64520,0.0,0.0
2024-07-23 13:00:00+08:00,36.20000076293945,36.25,36.20000076293945,36.20000076293945,18299,0.0,0.0
2024-07-26 09:00:00+08:00,36.04999923706055,36.04999923706055,35.349998474121094,35.599998474121094,0,0.0,0.0
2024-07-26 10:00:00+08:00,35.599998474121094,35.70000076293945,35.5,35.70000076293945,9109,0.0,0.0
2024-07-26 11:00:00+08:00,35.70000076293945,35.70000076293945,35.599998474121094,35.599998474121094,7585,0.0,0.0
2024-07-26 12:00:00+08:00,35.599998474121094,35.599998474121094,35.599998474121094,35.599998474121094,6185,0.0,0.0
2024-07-26 13:00:00+08:00,35.599998474121094,35.599998474121094,35.599998474121094,35.599998474121094,3400,0.0,0.0
2024-07-29 09:00:00+08:00,35.70000076293945,36.0,35.650001525878906,35.70000076293945,0,0.0,0.0
2024-07-29 10:00:00+08:00,35.650001525878906,35.650001525878906,34.79999923706055,34.79999923706055,71051,0.0,0.0
2024-07-29 11:00:00+08:00,34.79999923706055,34.849998474121094,34.5,34.849998474121094,10237,0.0,0.0
2024-07-29 12:00:00+08:00,34.79999923706055,34.79999923706055,34.75,34.79999923706055,7241,0.0,0.0
2024-07-29 13:00:00+08:00,34.79999923706055,34.95000076293945,34.79999923706055,34.900001525878906,5000,0.0,0.0
2024-07-30 09:00:00+08:00,35.0,35.0,34.79999923706055,35.0,25493,0.0,0.0
2024-07-30 10:00:00+08:00,34.95000076293945,34.95000076293945,34.900001525878906,34.900001525878906,5050,0.0,0.0
2024-07-30 11:00:00+08:00,34.900001525878906,34.900001525878906,34.900001525878906,34.900001525878906,7174,0.0,0.0
2024-07-30 12:00:00+08:00,34.900001525878906,35.0,34.900001525878906,34.900001525878906,17000,0.0,0.0
2024-07-30 13:00:00+08:00,34.95000076293945,35.0,34.849998474121094,34.849998474121094,35815,0.0,0.0
2024-07-31 09:00:00+08:00,35.099998474121094,35.099998474121094,34.79999923706055,34.79999923706055,17002,0.0,0.0
2024-07-31 10:00:00+08:00,34.70000076293945,35.04999923706055,34.70000076293945,35.0,15003,0.0,0.0
2024-07-31 11:00:00+08:00,35.0,35.099998474121094,35.0,35.099998474121094,8130,0.0,0.0
2024-07-31 12:00:00+08:00,35.0,35.0,34.900001525878906,34.95000076293945,14521,0.0,0.0
2024-07-31 13:00:00+08:00,34.849998474121094,34.849998474121094,34.79999923706055,34.79999923706055,11001,0.0,0.0
2024-08-01 09:00:00+08:00,35.75,35.75,35.20000076293945,35.599998474121094,23202,0.0,0.0
2024-08-01 10:00:00+08:00,35.599998474121094,35.70000076293945,35.599998474121094,35.70000076293945,7031,0.0,0.0
2024-08-01 11:00:00+08:00,35.79999923706055,35.849998474121094,35.70000076293945,35.70000076293945,6024,0.0,0.0
2024-08-01 12:00:00+08:00,35.75,35.849998474121094,35.75,35.849998474121094,4007,0.0,0.0
2024-08-01 13:00:00+08:00,35.79999923706055,35.849998474121094,35.75,35.75,8001,0.0,0.0
2024-08-02 09:00:00+08:00,35.70000076293945,35.70000076293945,35.20000076293945,35.349998474121094,14086,0.0,0.0
2024-08-02 10:00:00+08:00,35.25,35.29999923706055,35.25,35.29999923706055,6417,0.0,0.0
2024-08-02 11:00:00+08:00,35.25,35.25,35.25,35.25,2000,0.0,0.0
2024-08-02 12:00:00+08:00,35.25,35.25,35.0,35.0,44234,0.0,0.0
2024-08-02 13:00:00+08:00,34.95000076293945,35.0,34.849998474121094,34.849998474121094,9000,0.0,0.0
2024-08-05 09:00:00+08:00,35.099998474121094,35.099998474121094,32.29999923706055,32.29999923706055,0,0.0,0.0
2024-08-05 10:00:00+08:00,32.400001525878906,32.70000076293945,32.400001525878906,32.5,37231,0.0,0.0
2024-08-05 11:00:00+08:00,32.45000076293945,32.54999923706055,32.25,32.25,25223,0.0,0.0
2024-08-05 12:00:00+08:00,32.29999923706055,32.29999923706055,31.950000762939453,32.0,62045,0.0,0.0
2024-08-05 13:00:00+08:00,32.0,32.20000076293945,31.950000762939453,32.20000076293945,39176,0.0,0.0
2024-08-06 09:00:00+08:00,32.20000076293945,32.20000076293945,29.700000762939453,30.450000762939453,86201,0.0,0.0
2024-08-06 10:00:00+08:00,30.600000381469727,30.950000762939453,30.049999237060547,30.950000762939453,25578,0.0,0.0
2024-08-06 11:00:00+08:00,30.950000762939453,31.600000381469727,30.799999237060547,31.600000381469727,25271,0.0,0.0
2024-08-06 12:00:00+08:00,31.600000381469727,31.700000762939453,31.350000381469727,31.350000381469727,32000,0.0,0.0
2024-08-06 13:00:00+08:00,31.5,31.850000381469727,31.399999618530273,31.850000381469727,16100,0.0,0.0
2024-08-07 09:00:00+08:00,31.899999618530273,32.900001525878906,31.899999618530273,32.29999923706055,40303,0.0,0.0
2024-08-07 10:00:00+08:00,32.29999923706055,33.0,32.29999923706055,32.900001525878906,34060,0.0,0.0
2024-08-07 11:00:00+08:00,32.900001525878906,32.900001525878906,32.79999923706055,32.79999923706055,8001,0.0,0.0
2024-08-07 12:00:00+08:00,32.95000076293945,33.20000076293945,32.900001525878906,33.20000076293945,0,0.0,0.0
2024-08-07 13:00:00+08:00,33.04999923706055,33.04999923706055,32.75,32.75,121464,0.0,0.0
2024-08-08 09:00:00+08:00,32.75,32.95000076293945,32.0,32.650001525878906,56036,0.0,0.0
2024-08-08 10:00:00+08:00,32.599998474121094,32.900001525878906,32.599998474121094,32.900001525878906,22098,0.0,0.0
2024-08-08 11:00:00+08:00,32.900001525878906,32.95000076293945,32.900001525878906,32.95000076293945,8001,0.0,0.0
2024-08-08 12:00:00+08:00,32.95000076293945,32.95000076293945,32.75,32.95000076293945,16230,0.0,0.0
2024-08-08 13:00:00+08:00,32.75,32.95000076293945,32.75,32.95000076293945,14125,0.0,0.0
2024-08-09 09:00:00+08:00,33.04999923706055,33.29999923706055,33.04999923706055,33.150001525878906,8123,0.0,0.0
2024-08-09 10:00:00+08:00,33.29999923706055,33.400001525878906,33.29999923706055,33.400001525878906,12102,0.0,0.0
2024-08-09 11:00:00+08:00,33.400001525878906,33.45000076293945,33.400001525878906,33.45000076293945,7377,0.0,0.0
2024-08-09 12:00:00+08:00,33.400001525878906,33.45000076293945,33.349998474121094,33.349998474121094,14182,0.0,0.0
2024-08-09 13:00:00+08:00,33.349998474121094,33.349998474121094,33.349998474121094,33.349998474121094,6000,0.0,0.0
2024-08-12 09:00:00+08:00,33.349998474121094,33.349998474121094,33.0,33.20000076293945,0,0.0,0.0
2024-08-12 10:00:00+08:00,33.20000076293945,33.20000076293945,33.0,33.04999923706055,30132,0.0,0.0
2024-08-12 11:00:00+08:00,33.29999923706055,33.29999923706055,33.29999923706055,33.29999923706055,5012,0.0,0.0
2024-08-12 12:00:00+08:00,33.25,33.349998474121094,33.25,33.349998474121094,8000,0.0,0.0
2024-08-12 13:00:00+08:00,33.29999923706055,33.29999923706055,33.099998474121094,33.099998474121094,16014,0.0,0.0
2024-08-13 09:00:00+08:00,32.849998474121094,33.29999923706055,32.849998474121094,33.20000076293945,12061,0.0,0.0
2024-08-13 10:00:00+08:00,33.150001525878906,33.150001525878906,33.150001525878906,33.150001525878906,1080,0.0,0.0
2024-08-13 11:00:00+08:00,33.099998474121094,33.150001525878906,33.0,33.099998474121094,12087,0.0,0.0
2024-08-13 12:00:00+08:00,33.150001525878906,33.150001525878906,33.150001525878906,33.150001525878906,1000,0.0,0.0
2024-08-13 13:00:00+08:00,33.150001525878906,33.29999923706055,33.150001525878906,33.29999923706055,3014,0.0,0.0
2024-08-14 09:00:00+08:00,33.5,33.5,33.25,33.5,18004,0.0,0.0
2024-08-14 10:00:00+08:00,33.45000076293945,33.45000076293945,33.20000076293945,33.20000076293945,22045,0.0,0.0
2024-08-14 11:00:00+08:00,33.20000076293945,33.20000076293945,33.099998474121094,33.20000076293945,9405,0.0,0.0
2024-08-14 12:00:00+08:00,33.29999923706055,33.45000076293945,33.29999923706055,33.400001525878906,5001,0.0,0.0
2024-08-14 13:00:00+08:00,33.349998474121094,33.349998474121094,33.29999923706055,33.29999923706055,7000,0.0,0.0
2024-08-15 09:00:00+08:00,33.20000076293945,33.20000076293945,33.20000076293945,33.20000076293945,4000,0.0,0.0
2024-08-15 10:00:00+08:00,33.20000076293945,33.20000076293945,33.20000076293945,33.20000076293945,2591,0.0,0.0
2024-08-15 11:00:00+08:00,33.20000076293945,33.20000076293945,33.0,33.20000076293945,17034,0.0,0.0
2024-08-15 12:00:00+08:00,33.20000076293945,33.20000076293945,33.04999923706055,33.04999923706055,7182,0.0,0.0
2024-08-15 13:00:00+08:00,33.099998474121094,33.20000076293945,33.099998474121094,33.20000076293945,2000,0.0,0.0
2024-08-16 09:00:00+08:00,33.25,33.70000076293945,33.25,33.5,32000,0.0,0.0
2024-08-16 10:00:00+08:00,33.45000076293945,33.650001525878906,33.45000076293945,33.650001525878906,16101,0.0,0.0
2024-08-16 11:00:00+08:00,33.5,33.5,33.25,33.25,20001,0.0,0.0
2024-08-16 12:00:00+08:00,33.45000076293945,33.54999923706055,33.45000076293945,33.54999923706055,12365,0.0,0.0
2024-08-16 13:00:00+08:00,33.54999923706055,33.54999923706055,33.54999923706055,33.54999923706055,2000,0.0,0.0
2024-08-19 09:00:00+08:00,33.79999923706055,35.5,33.79999923706055,35.400001525878906,0,0.0,0.0
2024-08-19 10:00:00+08:00,35.29999923706055,35.599998474121094,34.95000076293945,35.45000076293945,61086,0.0,0.0
2024-08-19 11:00:00+08:00,35.45000076293945,35.79999923706055,35.45000076293945,35.75,36082,0.0,0.0
2024-08-19 12:00:00+08:00,35.79999923706055,35.79999923706055,35.20000076293945,35.349998474121094,33280,0.0,0.0
2024-08-19 13:00:00+08:00,35.349998474121094,35.599998474121094,35.25,35.54999923706055,18186,0.0,0.0
2024-08-20 09:00:00+08:00,35.75,35.75,34.849998474121094,35.25,43184,0.0,0.0
2024-08-20 10:00:00+08:00,35.25,35.25,35.25,35.25,8179,0.0,0.0
2024-08-20 11:00:00+08:00,35.20000076293945,35.20000076293945,35.0,35.0,13000,0.0,0.0
2024-08-20 12:00:00+08:00,35.04999923706055,35.599998474121094,35.0,35.599998474121094,47417,0.0,0.0
2024-08-20 13:00:00+08:00,35.599998474121094,35.70000076293945,35.400001525878906,35.400001525878906,16135,0.0,0.0
2024-08-21 09:00:00+08:00,35.54999923706055,35.79999923706055,35.29999923706055,35.79999923706055,25151,0.0,0.0
2024-08-21 10:00:00+08:00,35.5,35.599998474121094,35.5,35.599998474121094,8351,0.0,0.0
2024-08-21 11:00:00+08:00,35.54999923706055,35.650001525878906,35.45000076293945,35.54999923706055,6001,0.0,0.0
2024-08-21 12:00:00+08:00,35.400001525878906,35.54999923706055,35.400001525878906,35.5,9419,0.0,0.0
2024-08-21 13:00:00+08:00,35.54999923706055,35.54999923706055,35.45000076293945,35.45000076293945,3000,0.0,0.0
2024-08-22 09:00:00+08:00,35.5,35.79999923706055,35.5,35.79999923706055,21007,0.0,0.0
2024-08-22 10:00:00+08:00,35.79999923706055,36.0,35.70000076293945,36.0,23000,0.0,0.0
2024-08-22 11:00:00+08:00,36.0,36.0,35.70000076293945,35.70000076293945,11151,0.0,0.0
2024-08-22 12:00:00+08:00,35.75,35.849998474121094,35.70000076293945,35.75,14463,0.0,0.0
2024-08-22 13:00:00+08:00,35.849998474121094,35.849998474121094,35.849998474121094,35.849998474121094,6003,0.0,0.0
2024-08-23 09:00:00+08:00,35.900001525878906,36.20000076293945,35.099998474121094,35.79999923706055,34088,0.0,0.0
2024-08-23 10:00:00+08:00,35.70000076293945,35.70000076293945,35.5,35.5,11100,0.0,0.0
2024-08-23 11:00:00+08:00,35.45000076293945,35.45000076293945,35.349998474121094,35.45000076293945,12151,0.0,0.0
2024-08-23 12:00:00+08:00,35.400001525878906,35.400001525878906,35.20000076293945,35.20000076293945,5002,0.0,0.0
2024-08-23 13:00:00+08:00,35.75,35.900001525878906,35.75,35.900001525878906,5010,0.0,0.0
2024-08-26 09:00:00+08:00,36.0,36.20000076293945,35.650001525878906,36.099998474121094,0,0.0,0.0
2024-08-26 10:00:00+08:00,36.04999923706055,36.04999923706055,35.900001525878906,35.900001525878906,5134,0.0,0.0
2024-08-26 11:00:00+08:00,35.900001525878906,35.900001525878906,35.900001525878906,35.900001525878906,1006,0.0,0.0
2024-08-26 12:00:00+08:00,35.900001525878906,35.95000076293945,35.900001525878906,35.95000076293945,6002,0.0,0.0
2024-08-26 13:00:00+08:00,36.0,36.0,35.900001525878906,35.900001525878906,8001,0.0,0.0
2024-08-27 10:00:00+08:00,35.349998474121094,35.349998474121094,35.349998474121094,35.349998474121094,3170,0.0,0.0
2024-08-27 11:00:00+08:00,35.45000076293945,35.5,35.349998474121094,35.349998474121094,14008,0.0,0.0
2024-08-27 12:00:00+08:00,35.5,35.599998474121094,35.5,35.599998474121094,2028,0.0,0.0
2024-08-27 13:00:00+08:00,35.599998474121094,35.599998474121094,35.599998474121094,35.599998474121094,1000,0.0,0.0
2024-08-28 09:00:00+08:00,35.5,35.5,35.400001525878906,35.400001525878906,9003,0.0,0.0
2024-08-28 10:00:00+08:00,35.400001525878906,35.70000076293945,35.400001525878906,35.70000076293945,22032,0.0,0.0
2024-08-28 11:00:00+08:00,35.599998474121094,35.849998474121094,35.599998474121094,35.849998474121094,17007,0.0,0.0
2024-08-28 12:00:00+08:00,35.900001525878906,36.04999923706055,35.79999923706055,35.79999923706055,28070,0.0,0.0
2024-08-28 13:00:00+08:00,35.650001525878906,35.650001525878906,35.650001525878906,35.650001525878906,1000,0.0,0.0
2024-08-29 09:00:00+08:00,36.0,36.0,35.5,35.900001525878906,16330,0.0,0.0
2024-08-29 10:00:00+08:00,35.900001525878906,35.900001525878906,35.5,35.5,21001,0.0,0.0
2024-08-29 12:00:00+08:00,35.54999923706055,35.54999923706055,35.5,35.54999923706055,14646,0.0,0.0
2024-08-29 13:00:00+08:00,35.75,35.75,35.75,35.75,3000,0.0,0.0
2024-08-30 09:00:00+08:00,36.400001525878906,36.5,36.400001525878906,36.400001525878906,10082,0.0,0.0
2024-08-30 10:00:00+08:00,36.29999923706055,36.349998474121094,36.20000076293945,36.25,11086,0.0,0.0
2024-08-30 11:00:00+08:00,36.25,36.25,36.25,36.25,1127,0.0,0.0
2024-08-30 12:00:00+08:00,36.20000076293945,36.29999923706055,36.0,36.0,40000,0.0,0.0
2024-08-30 13:00:00+08:00,36.0,36.0,36.0,36.0,8471,0.0,0.0
2024-09-02 09:00:00+08:00,36.400001525878906,36.400001525878906,36.400001525878906,36.400001525878906,0,0.0,0.0
2024-09-02 11:00:00+08:00,36.349998474121094,36.349998474121094,36.29999923706055,36.29999923706055,4009,0.0,0.0
2024-09-02 13:00:00+08:00,36.20000076293945,36.20000076293945,36.150001525878906,36.150001525878906,5013,0.0,0.0
2024-09-03 09:00:00+08:00,36.0,36.5,36.0,36.349998474121094,14001,0.0,0.0
2024-09-03 10:00:00+08:00,36.29999923706055,36.29999923706055,36.04999923706055,36.04999923706055,7046,0.0,0.0
2024-09-03 11:00:00+08:00,36.04999923706055,36.04999923706055,36.04999923706055,36.04999923706055,2057,0.0,0.0
2024-09-03 12:00:00+08:00,36.04999923706055,36.04999923706055,36.04999923706055,36.04999923706055,2100,0.0,0.0
2024-09-03 13:00:00+08:00,36.0,36.0,36.0,36.0,4000,0.0,0.0
2024-09-04 09:00:00+08:00,35.900001525878906,35.900001525878906,34.75,35.04999923706055,41122,0.0,0.0
2024-09-04 10:00:00+08:00,35.04999923706055,35.20000076293945,35.04999923706055,35.20000076293945,10000,0.0,0.0
2024-09-04 11:00:00+08:00,35.099998474121094,35.099998474121094,35.0,35.0,7100,0.0,0.0
2024-09-04 12:00:00+08:00,35.0,35.0,35.0,35.0,6101,0.0,0.0
2024-09-04 13:00:00+08:00,35.0,35.0,34.75,34.75,0,0.0,0.0
2024-09-05 10:00:00+08:00,35.45000076293945,35.45000076293945,35.25,35.25,2107,0.0,0.0
2024-09-05 11:00:00+08:00,35.150001525878906,35.150001525878906,35.150001525878906,35.150001525878906,1000,0.0,0.0
2024-09-05 12:00:00+08:00,35.099998474121094,35.099998474121094,34.900001525878906,34.900001525878906,5001,0.0,0.0
2024-09-05 13:00:00+08:00,34.849998474121094,34.849998474121094,34.849998474121094,34.849998474121094,2000,0.0,0.0
2024-09-06 09:00:00+08:00,35.150001525878906,35.150001525878906,35.0,35.0,23003,0.0,0.0
2024-09-06 11:00:00+08:00,35.04999923706055,35.04999923706055,34.0,34.0,27051,0.0,0.0
2024-09-06 12:00:00+08:00,34.400001525878906,34.400001525878906,34.400001525878906,34.400001525878906,1334,0.0,0.0
2024-09-09 09:00:00+08:00,34.849998474121094,35.0,34.70000076293945,35.0,0,0.0,0.0
2024-09-09 10:00:00+08:00,35.0,35.0,35.0,35.0,2063,0.0,0.0
2024-09-09 11:00:00+08:00,35.0,35.0,34.900001525878906,34.900001525878906,3649,0.0,0.0
2024-09-09 12:00:00+08:00,35.099998474121094,35.20000076293945,35.099998474121094,35.20000076293945,12001,0.0,0.0
2024-09-10 10:00:00+08:00,34.5,34.70000076293945,34.25,34.70000076293945,36104,0.0,0.0
2024-09-10 11:00:00+08:00,34.70000076293945,34.70000076293945,34.70000076293945,34.70000076293945,6100,0.0,0.0
2024-09-10 12:00:00+08:00,34.54999923706055,34.54999923706055,34.20000076293945,34.20000076293945,17001,0.0,0.0
2024-09-10 13:00:00+08:00,34.20000076293945,34.20000076293945,34.04999923706055,34.04999923706055,0,0.0,0.0
2024-09-11 09:00:00+08:00,34.0,34.0,33.75,33.79999923706055,6100,0.0,0.0
2024-09-11 10:00:00+08:00,33.79999923706055,33.79999923706055,33.79999923706055,33.79999923706055,1001,0.0,0.0
2024-09-11 11:00:00+08:00,33.79999923706055,33.79999923706055,33.75,33.75,7100,0.0,0.0
2024-09-11 12:00:00+08:00,33.849998474121094,33.849998474121094,33.70000076293945,33.70000076293945,13000,0.0,0.0
2024-09-11 13:00:00+08:00,33.70000076293945,33.70000076293945,33.70000076293945,33.70000076293945,1000,0.0,0.0
2024-09-12 09:00:00+08:00,33.70000076293945,34.70000076293945,33.70000076293945,34.04999923706055,13012,0.0,0.0
2024-09-12 10:00:00+08:00,34.150001525878906,34.150001525878906,34.150001525878906,34.150001525878906,1000,0.0,0.0
2024-09-12 11:00:00+08:00,34.20000076293945,34.20000076293945,34.099998474121094,34.099998474121094,5000,0.0,0.0
2024-09-12 12:00:00+08:00,34.099998474121094,34.150001525878906,34.0,34.099998474121094,16100,0.0,0.0
2024-09-12 13:00:00+08:00,34.150001525878906,34.150001525878906,34.150001525878906,34.150001525878906,5000,0.0,0.0
2024-09-13 10:00:00+08:00,33.95000076293945,33.95000076293945,33.95000076293945,33.95000076293945,2002,0.0,0.0
2024-09-13 11:00:00+08:00,33.95000076293945,34.400001525878906,33.95000076293945,34.400001525878906,2100,0.0,0.0
2024-09-13 12:00:00+08:00,34.20000076293945,34.20000076293945,34.099998474121094,34.099998474121094,4003,0.0,0.0
2024-09-13 13:00:00+08:00,34.29999923706055,34.29999923706055,34.29999923706055,34.29999923706055,3049,0.0,0.0
2024-09-16 09:00:00+08:00,33.95000076293945,34.04999923706055,33.95000076293945,34.04999923706055,0,0.0,0.0
2024-09-16 10:00:00+08:00,34.04999923706055,34.04999923706055,34.04999923706055,34.04999923706055,4023,0.0,0.0
2024-09-16 11:00:00+08:00,34.04999923706055,34.29999923706055,34.04999923706055,34.29999923706055,5001,0.0,0.0
2024-09-16 12:00:00+08:00,34.099998474121094,34.099998474121094,33.95000076293945,34.04999923706055,9002,0.0,0.0
2024-09-16 13:00:00+08:00,34.04999923706055,34.099998474121094,34.0,34.0,9002,0.0,0.0
2024-09-18 09:00:00+08:00,34.29999923706055,34.29999923706055,34.29999923706055,34.29999923706055,0,0.0,0.0
2024-09-18 10:00:00+08:00,34.099998474121094,34.099998474121094,34.0,34.0,3030,0.0,0.0
2024-09-18 11:00:00+08:00,34.04999923706055,34.04999923706055,34.0,34.0,6066,0.0,0.0
2024-09-18 12:00:00+08:00,34.0,34.0,33.95000076293945,33.95000076293945,11001,0.0,0.0
2024-09-18 13:00:00+08:00,33.95000076293945,34.0,33.95000076293945,34.0,5000,0.0,0.0
2024-09-19 09:00:00+08:00,34.29999923706055,34.29999923706055,34.0,34.04999923706055,9002,0.0,0.0
2024-09-19 10:00:00+08:00,34.04999923706055,34.29999923706055,34.04999923706055,34.04999923706055,14000,0.0,0.0
2024-09-19 11:00:00+08:00,34.0,34.150001525878906,34.0,34.150001525878906,8001,0.0,0.0
2024-09-19 12:00:00+08:00,34.0,34.0,33.95000076293945,33.95000076293945,12050,0.0,0.0
2024-09-19 13:00:00+08:00,33.95000076293945,34.0,33.95000076293945,33.95000076293945,9200,0.0,0.0
2024-09-20 09:00:00+08:00,34.099998474121094,34.099998474121094,34.0,34.0,26001,0.0,0.0
2024-09-20 10:00:00+08:00,33.95000076293945,33.95000076293945,33.0,33.099998474121094,73002,0.0,0.0
2024-09-20 11:00:00+08:00,33.099998474121094,33.70000076293945,33.099998474121094,33.20000076293945,27101,0.0,0.0
2024-09-20 12:00:00+08:00,33.25,33.29999923706055,33.0,33.150001525878906,80554,0.0,0.0
2024-09-20 13:00:00+08:00,33.599998474121094,33.599998474121094,33.150001525878906,33.150001525878906,27000,0.0,0.0
2024-09-23 09:00:00+08:00,33.45000076293945,34.04999923706055,33.45000076293945,33.900001525878906,0,0.0,0.0
2024-09-23 10:00:00+08:00,33.900001525878906,34.0,33.75,33.75,15296,0.0,0.0
2024-09-23 11:00:00+08:00,33.75,33.75,33.70000076293945,33.70000076293945,6220,0.0,0.0
2024-09-23 12:00:00+08:00,33.650001525878906,33.70000076293945,33.5,33.70000076293945,15523,0.0,0.0
2024-09-24 09:00:00+08:00,34.20000076293945,34.20000076293945,34.0,34.0,32111,0.0,0.0
2024-09-24 10:00:00+08:00,34.0,34.04999923706055,34.0,34.0,24024,0.0,0.0
2024-09-24 12:00:00+08:00,34.150001525878906,34.25,33.95000076293945,33.95000076293945,9000,0.0,0.0
2024-09-24 13:00:00+08:00,33.900001525878906,33.900001525878906,33.900001525878906,33.900001525878906,1000,0.0,0.0
2024-09-25 09:00:00+08:00,34.0,34.0,34.0,34.0,11097,0.0,0.0
2024-09-25 10:00:00+08:00,34.0,34.25,34.0,34.0,7004,0.0,0.0
2024-09-25 11:00:00+08:00,34.150001525878906,34.20000076293945,34.150001525878906,34.20000076293945,4010,0.0,0.0
2024-09-25 12:00:00+08:00,34.099998474121094,34.29999923706055,34.04999923706055,34.29999923706055,32125,0.0,0.0
2024-09-25 13:00:00+08:00,34.349998474121094,34.599998474121094,34.349998474121094,34.5,12001,0.0,0.0
2024-09-26 09:00:00+08:00,34.70000076293945,34.70000076293945,34.5,34.5,3001,0.0,0.0
2024-09-26 10:00:00+08:00,34.5,34.900001525878906,34.5,34.900001525878906,11102,0.0,0.0
2024-09-26 11:00:00+08:00,34.849998474121094,34.849998474121094,34.79999923706055,34.79999923706055,3015,0.0,0.0
2024-09-26 12:00:00+08:00,34.70000076293945,34.70000076293945,34.54999923706055,34.54999923706055,6228,0.0,0.0
2024-09-27 09:00:00+08:00,34.79999923706055,35.099998474121094,34.70000076293945,34.70000076293945,24307,0.0,0.0
2024-09-27 11:00:00+08:00,34.75,35.04999923706055,34.75,35.04999923706055,4004,0.0,0.0
2024-09-27 12:00:00+08:00,34.70000076293945,34.70000076293945,34.5,34.5,14202,0.0,0.0
2024-09-30 09:00:00+08:00,34.5,34.5,33.70000076293945,33.70000076293945,0,0.0,0.0
2024-09-30 10:00:00+08:00,33.75,34.5,33.75,34.099998474121094,14105,0.0,0.0
2024-09-30 11:00:00+08:00,33.95000076293945,33.95000076293945,33.79999923706055,33.79999923706055,10011,0.0,0.0
2024-09-30 12:00:00+08:00,33.849998474121094,33.849998474121094,33.79999923706055,33.79999923706055,4001,0.0,0.0
2024-10-01 09:00:00+08:00,33.900001525878906,33.900001525878906,33.900001525878906,33.900001525878906,3001,0.0,0.0
2024-10-01 10:00:00+08:00,33.900001525878906,34.400001525878906,33.900001525878906,34.400001525878906,10101,0.0,0.0
2024-10-01 11:00:00+08:00,34.349998474121094,34.400001525878906,34.349998474121094,34.400001525878906,2149,0.0,0.0
2024-10-01 12:00:00+08:00,34.150001525878906,34.150001525878906,34.099998474121094,34.099998474121094,2054,0.0,0.0
2024-10-01 13:00:00+08:00,34.04999923706055,34.04999923706055,33.79999923706055,33.79999923706055,9000,0.0,0.0
2024-10-04 09:00:00+08:00,34.599998474121094,34.599998474121094,34.45000076293945,34.45000076293945,0,0.0,0.0
2024-10-04 10:00:00+08:00,33.900001525878906,33.900001525878906,33.79999923706055,33.79999923706055,6074,0.0,0.0
2024-10-04 11:00:00+08:00,33.900001525878906,33.900001525878906,33.79999923706055,33.79999923706055,3000,0.0,0.0
2024-10-04 12:00:00+08:00,33.75,34.25,33.650001525878906,33.650001525878906,26109,0.0,0.0
2024-10-04 13:00:00+08:00,33.70000076293945,33.70000076293945,33.650001525878906,33.650001525878906,5052,0.0,0.0
2024-10-07 09:00:00+08:00,34.0,34.0,32.79999923706055,32.849998474121094,0,0.0,0.0
2024-10-07 10:00:00+08:00,32.95000076293945,33.0,32.900001525878906,33.0,11107,0.0,0.0
2024-10-07 11:00:00+08:00,33.400001525878906,33.400001525878906,33.29999923706055,33.29999923706055,2563,0.0,0.0
2024-10-07 12:00:00+08:00,33.54999923706055,33.599998474121094,33.349998474121094,33.349998474121094,4050,0.0,0.0
2024-10-07 13:00:00+08:00,33.400001525878906,33.45000076293945,33.400001525878906,33.45000076293945,2300,0.0,0.0
2024-10-08 09:00:00+08:00,33.5,33.5,33.5,33.5,2000,0.0,0.0
2024-10-08 10:00:00+08:00,33.5,33.5,33.04999923706055,33.29999923706055,12204,0.0,0.0
2024-10-08 12:00:00+08:00,33.29999923706055,33.29999923706055,33.20000076293945,33.20000076293945,9001,0.0,0.0
2024-10-08 13:00:00+08:00,33.25,33.29999923706055,33.25,33.29999923706055,2000,0.0,0.0
2024-10-09 09:00:00+08:00,33.29999923706055,33.29999923706055,33.29999923706055,33.29999923706055,1000,0.0,0.0
2024-10-09 10:00:00+08:00,33.150001525878906,33.150001525878906,32.95000076293945,33.0,31040,0.0,0.0
2024-10-09 11:00:00+08:00,33.0,33.150001525878906,33.0,33.150001525878906,7298,0.0,0.0
2024-10-09 12:00:00+08:00,33.20000076293945,33.349998474121094,33.0,33.349998474121094,15000,0.0,0.0
2024-10-09 13:00:00+08:00,33.150001525878906,33.150001525878906,33.0,33.0,11050,0.0,0.0
2024-10-11 09:00:00+08:00,32.900001525878906,33.0,32.900001525878906,33.0,0,0.0,0.0
2024-10-11 10:00:00+08:00,32.900001525878906,32.95000076293945,32.900001525878906,32.95000076293945,5216,0.0,0.0
2024-10-11 11:00:00+08:00,32.95000076293945,33.150001525878906,32.95000076293945,33.150001525878906,6135,0.0,0.0
2024-10-11 12:00:00+08:00,33.099998474121094,33.099998474121094,32.849998474121094,32.849998474121094,29365,0.0,0.0
2024-10-11 13:00:00+08:00,32.900001525878906,32.900001525878906,32.900001525878906,32.900001525878906,2066,0.0,0.0
2024-10-14 09:00:00+08:00,32.54999923706055,32.70000076293945,32.5,32.5,0,0.0,0.0
2024-10-14 10:00:00+08:00,32.5,32.5,32.29999923706055,32.29999923706055,33800,0.0,0.0
2024-10-14 11:00:00+08:00,32.349998474121094,32.5,32.20000076293945,32.29999923706055,20676,0.0,0.0
2024-10-14 12:00:00+08:00,32.29999923706055,32.29999923706055,32.20000076293945,32.25,29114,0.0,0.0
2024-10-14 13:00:00+08:00,32.25,32.25,32.20000076293945,32.20000076293945,11000,0.0,0.0
2024-10-15 09:00:00+08:00,32.099998474121094,32.349998474121094,32.099998474121094,32.349998474121094,0,0.0,0.0
2024-10-15 10:00:00+08:00,32.29999923706055,32.29999923706055,32.099998474121094,32.099998474121094,26061,0.0,0.0
2024-10-15 11:00:00+08:00,32.099998474121094,32.29999923706055,32.099998474121094,32.29999923706055,3001,0.0,0.0
2024-10-15 12:00:00+08:00,32.29999923706055,32.29999923706055,32.150001525878906,32.150001525878906,10000,0.0,0.0
2024-10-16 09:00:00+08:00,32.099998474121094,32.099998474121094,31.799999237060547,32.0,0,0.0,0.0
2024-10-16 10:00:00+08:00,32.0,32.25,32.0,32.25,20402,0.0,0.0
2024-10-16 11:00:00+08:00,32.29999923706055,32.29999923706055,32.150001525878906,32.25,8000,0.0,0.0
2024-10-16 12:00:00+08:00,32.150001525878906,32.150001525878906,32.0,32.0,20000,0.0,0.0
2024-10-16 13:00:00+08:00,32.04999923706055,32.150001525878906,32.0,32.150001525878906,12000,0.0,0.0
2024-10-17 09:00:00+08:00,32.29999923706055,32.400001525878906,32.29999923706055,32.400001525878906,0,0.0,0.0
2024-10-17 10:00:00+08:00,32.400001525878906,32.400001525878906,32.29999923706055,32.349998474121094,4001,0.0,0.0
2024-10-17 11:00:00+08:00,32.400001525878906,32.400001525878906,32.29999923706055,32.29999923706055,8088,0.0,0.0
2024-10-17 12:00:00+08:00,32.29999923706055,32.29999923706055,32.150001525878906,32.150001525878906,10565,0.0,0.0
2024-10-17 13:00:00+08:00,32.20000076293945,32.25,32.099998474121094,32.25,13552,0.0,0.0
2024-10-18 09:00:00+08:00,33.0,33.0,33.0,33.0,9178,0.0,0.0
2024-10-18 10:00:00+08:00,32.849998474121094,32.849998474121094,32.849998474121094,32.849998474121094,3316,0.0,0.0
2024-10-18 11:00:00+08:00,32.849998474121094,32.849998474121094,32.79999923706055,32.79999923706055,4001,0.0,0.0
2024-10-18 12:00:00+08:00,32.70000076293945,32.70000076293945,32.70000076293945,32.70000076293945,5001,0.0,0.0
2024-10-18 13:00:00+08:00,32.599998474121094,32.599998474121094,32.599998474121094,32.599998474121094,3000,0.0,0.0
2024-10-21 09:00:00+08:00,32.75,32.75,32.70000076293945,32.70000076293945,0,0.0,0.0
2024-10-21 10:00:00+08:00,32.599998474121094,32.70000076293945,32.599998474121094,32.70000076293945,4071,0.0,0.0
2024-10-21 11:00:00+08:00,32.599998474121094,32.900001525878906,32.599998474121094,32.900001525878906,9542,0.0,0.0
2024-10-21 12:00:00+08:00,32.70000076293945,33.0,32.70000076293945,33.0,8864,0.0,0.0
2024-10-21 13:00:00+08:00,32.75,32.75,32.75,32.75,3017,0.0,0.0
2024-10-22 09:00:00+08:00,32.79999923706055,33.349998474121094,32.79999923706055,33.29999923706055,29148,0.0,0.0
2024-10-22 10:00:00+08:00,33.29999923706055,33.400001525878906,33.0,33.400001525878906,28132,0.0,0.0
2024-10-22 11:00:00+08:00,33.349998474121094,33.349998474121094,33.349998474121094,33.349998474121094,1002,0.0,0.0
2024-10-22 12:00:00+08:00,33.20000076293945,33.20000076293945,33.099998474121094,33.099998474121094,2001,0.0,0.0
2024-10-22 13:00:00+08:00,33.04999923706055,33.25,33.04999923706055,33.25,7100,0.0,0.0
2024-10-23 09:00:00+08:00,33.04999923706055,34.0,33.04999923706055,33.599998474121094,0,0.0,0.0
2024-10-23 10:00:00+08:00,33.599998474121094,33.900001525878906,33.599998474121094,33.900001525878906,11025,0.0,0.0
2024-10-23 11:00:00+08:00,33.900001525878906,33.900001525878906,33.79999923706055,33.79999923706055,5061,0.0,0.0
2024-10-23 12:00:00+08:00,33.849998474121094,33.95000076293945,33.70000076293945,33.95000076293945,37214,0.0,0.0
2024-10-23 13:00:00+08:00,33.70000076293945,33.70000076293945,33.70000076293945,33.70000076293945,1000,0.0,0.0
2024-10-24 10:00:00+08:00,33.70000076293945,33.900001525878906,33.70000076293945,33.900001525878906,6125,0.0,0.0
2024-10-24 11:00:00+08:00,33.849998474121094,33.849998474121094,33.849998474121094,33.849998474121094,5000,0.0,0.0
2024-10-24 12:00:00+08:00,33.70000076293945,33.70000076293945,33.54999923706055,33.54999923706055,11002,0.0,0.0
2024-10-24 13:00:00+08:00,33.650001525878906,33.70000076293945,33.54999923706055,33.70000076293945,8000,0.0,0.0
2024-10-25 09:00:00+08:00,33.70000076293945,33.900001525878906,33.099998474121094,33.75,14102,0.0,0.0
2024-10-25 10:00:00+08:00,33.70000076293945,33.75,33.54999923706055,33.54999923706055,5004,0.0,0.0
2024-10-25 12:00:00+08:00,33.599998474121094,33.599998474121094,33.5,33.5,4000,0.0,0.0
2024-10-25 13:00:00+08:00,33.5,33.75,33.45000076293945,33.75,7705,0.0,0.0
2024-10-28 09:00:00+08:00,33.54999923706055,33.54999923706055,33.54999923706055,33.54999923706055,0,0.0,0.0
2024-10-28 10:00:00+08:00,33.54999923706055,33.54999923706055,33.29999923706055,33.54999923706055,16004,0.0,0.0
2024-10-28 11:00:00+08:00,33.400001525878906,33.400001525878906,33.400001525878906,33.400001525878906,3038,0.0,0.0
2024-10-28 12:00:00+08:00,33.400001525878906,33.400001525878906,33.349998474121094,33.400001525878906,25000,0.0,0.0
2024-10-28 13:00:00+08:00,33.349998474121094,33.349998474121094,33.29999923706055,33.29999923706055,3001,0.0,0.0
2024-10-29 09:00:00+08:00,33.54999923706055,33.54999923706055,33.400001525878906,33.400001525878906,4004,0.0,0.0
2024-10-29 10:00:00+08:00,33.54999923706055,33.849998474121094,33.54999923706055,33.849998474121094,7092,0.0,0.0
2024-10-29 11:00:00+08:00,33.79999923706055,34.849998474121094,33.599998474121094,34.599998474121094,51368,0.0,0.0
2024-10-29 12:00:00+08:00,34.099998474121094,34.45000076293945,34.04999923706055,34.25,27047,0.0,0.0
2024-10-29 13:00:00+08:00,34.04999923706055,34.04999923706055,33.79999923706055,34.0,7001,0.0,0.0
2024-10-30 09:00:00+08:00,34.0,34.0,33.79999923706055,33.849998474121094,0,0.0,0.0
2024-10-30 10:00:00+08:00,33.79999923706055,33.849998474121094,33.5,33.54999923706055,9168,0.0,0.0
2024-10-30 11:00:00+08:00,33.5,33.5,33.5,33.5,1000,0.0,0.0
2024-10-30 12:00:00+08:00,33.5,34.099998474121094,33.400001525878906,34.099998474121094,0,0.0,0.0
2024-10-30 13:00:00+08:00,34.0,34.0,34.0,34.0,73170,0.0,0.0
2024-11-01 09:00:00+08:00,33.599998474121094,33.849998474121094,33.349998474121094,33.849998474121094,0,0.0,0.0
2024-11-01 10:00:00+08:00,33.79999923706055,33.79999923706055,33.79999923706055,33.79999923706055,1000,0.0,0.0
2024-11-01 12:00:00+08:00,33.75,34.25,33.70000076293945,34.25,11751,0.0,0.0
