Datetime,Open,High,Low,Close,Volume,Dividends,Stock Splits
2024-07-11 09:00:00+08:00,0.6549999713897705,0.6600000262260437,0.6549999713897705,0.6600000262260437,0,0.0,0.0
2024-07-11 09:10:00+08:00,0.6600000262260437,0.6600000262260437,0.6549999713897705,0.6600000262260437,91500,0.0,0.0
2024-07-11 09:15:00+08:00,0.6600000262260437,0.6600000262260437,0.6600000262260437,0.6600000262260437,200,0.0,0.0
2024-07-11 09:35:00+08:00,0.6600000262260437,0.6600000262260437,0.6549999713897705,0.6600000262260437,14700,0.0,0.0
2024-07-11 09:55:00+08:00,0.6600000262260437,0.6600000262260437,0.6549999713897705,0.6600000262260437,98900,0.0,0.0
2024-07-11 10:00:00+08:00,0.6600000262260437,0.6600000262260437,0.6600000262260437,0.6600000262260437,100,0.0,0.0
2024-07-11 10:10:00+08:00,0.6600000262260437,0.6600000262260437,0.6600000262260437,0.6600000262260437,1000,0.0,0.0
2024-07-11 10:35:00+08:00,0.6600000262260437,0.6650000214576721,0.6600000262260437,0.6650000214576721,30000,0.0,0.0
2024-07-11 10:45:00+08:00,0.6650000214576721,0.6650000214576721,0.6650000214576721,0.6650000214576721,50000,0.0,0.0
2024-07-11 11:30:00+08:00,0.6650000214576721,0.6650000214576721,0.6600000262260437,0.6600000262260437,42500,0.0,0.0
2024-07-11 11:55:00+08:00,0.6600000262260437,0.6600000262260437,0.6600000262260437,0.6600000262260437,3000,0.0,0.0
2024-07-11 12:55:00+08:00,0.6650000214576721,0.6650000214576721,0.6650000214576721,0.6650000214576721,10100,0.0,0.0
2024-07-11 13:00:00+08:00,0.6650000214576721,0.6650000214576721,0.6600000262260437,0.6600000262260437,6000,0.0,0.0
2024-07-11 13:40:00+08:00,0.6600000262260437,0.6600000262260437,0.6600000262260437,0.6600000262260437,2600,0.0,0.0
2024-07-11 13:55:00+08:00,0.6600000262260437,0.6600000262260437,0.6600000262260437,0.6600000262260437,10000,0.0,0.0
2024-07-11 14:00:00+08:00,0.6600000262260437,0.6600000262260437,0.6600000262260437,0.6600000262260437,27400,0.0,0.0
2024-07-11 14:15:00+08:00,0.6600000262260437,0.6600000262260437,0.6600000262260437,0.6600000262260437,11000,0.0,0.0
2024-07-11 16:50:00+08:00,0.6600000262260437,0.6650000214576721,0.6600000262260437,0.6650000214576721,20100,0.0,0.0
2024-07-11 16:55:00+08:00,0.6650000214576721,0.6650000214576721,0.6650000214576721,0.6650000214576721,2300,0.0,0.0
2024-07-12 09:00:00+08:00,0.6600000262260437,0.6650000214576721,0.6600000262260437,0.6650000214576721,1500,0.0,0.0
2024-07-12 09:20:00+08:00,0.6650000214576721,0.6650000214576721,0.6549999713897705,0.6600000262260437,110600,0.0,0.0
2024-07-12 09:25:00+08:00,0.6600000262260437,0.6650000214576721,0.6549999713897705,0.6650000214576721,117100,0.0,0.0
2024-07-12 09:30:00+08:00,0.6650000214576721,0.6650000214576721,0.6549999713897705,0.6600000262260437,96700,0.0,0.0
2024-07-12 09:35:00+08:00,0.6600000262260437,0.6600000262260437,0.6600000262260437,0.6600000262260437,500,0.0,0.0
2024-07-12 09:40:00+08:00,0.6600000262260437,0.6600000262260437,0.6600000262260437,0.6600000262260437,2000,0.0,0.0
2024-07-12 10:10:00+08:00,0.6600000262260437,0.6650000214576721,0.6600000262260437,0.6600000262260437,48000,0.0,0.0
2024-07-12 10:20:00+08:00,0.6600000262260437,0.6600000262260437,0.6600000262260437,0.6600000262260437,5000,0.0,0.0
2024-07-12 10:30:00+08:00,0.6600000262260437,0.6600000262260437,0.6600000262260437,0.6600000262260437,6000,0.0,0.0
2024-07-12 10:50:00+08:00,0.6600000262260437,0.6650000214576721,0.6600000262260437,0.6650000214576721,25700,0.0,0.0
2024-07-12 10:55:00+08:00,0.6650000214576721,0.6650000214576721,0.6650000214576721,0.6650000214576721,5000,0.0,0.0
2024-07-12 11:25:00+08:00,0.6650000214576721,0.6650000214576721,0.6650000214576721,0.6650000214576721,2000,0.0,0.0
2024-07-12 11:45:00+08:00,0.6650000214576721,0.6650000214576721,0.6650000214576721,0.6650000214576721,300,0.0,0.0
2024-07-12 11:50:00+08:00,0.6650000214576721,0.6650000214576721,0.6650000214576721,0.6650000214576721,1300,0.0,0.0
2024-07-12 12:55:00+08:00,0.6650000214576721,0.6650000214576721,0.6650000214576721,0.6650000214576721,2900,0.0,0.0
2024-07-12 13:10:00+08:00,0.6650000214576721,0.6700000166893005,0.6650000214576721,0.6650000214576721,722500,0.0,0.0
2024-07-12 13:55:00+08:00,0.6650000214576721,0.6650000214576721,0.6650000214576721,0.6650000214576721,10300,0.0,0.0
2024-07-12 14:00:00+08:00,0.6650000214576721,0.6650000214576721,0.6650000214576721,0.6650000214576721,20200,0.0,0.0
2024-07-12 14:05:00+08:00,0.6650000214576721,0.6650000214576721,0.6650000214576721,0.6650000214576721,100,0.0,0.0
2024-07-12 14:25:00+08:00,0.6650000214576721,0.6650000214576721,0.6600000262260437,0.6600000262260437,1500,0.0,0.0
2024-07-12 14:40:00+08:00,0.6600000262260437,0.6650000214576721,0.6600000262260437,0.6600000262260437,5900,0.0,0.0
2024-07-12 14:55:00+08:00,0.6600000262260437,0.6650000214576721,0.6600000262260437,0.6600000262260437,11600,0.0,0.0
2024-07-12 15:05:00+08:00,0.6600000262260437,0.6650000214576721,0.6600000262260437,0.6650000214576721,100,0.0,0.0
2024-07-12 15:15:00+08:00,0.6650000214576721,0.6650000214576721,0.6650000214576721,0.6650000214576721,200,0.0,0.0
2024-07-12 16:15:00+08:00,0.6650000214576721,0.6650000214576721,0.6600000262260437,0.6650000214576721,9500,0.0,0.0
2024-07-12 16:45:00+08:00,0.6650000214576721,0.6650000214576721,0.6600000262260437,0.6600000262260437,18000,0.0,0.0
2024-07-12 16:50:00+08:00,0.6600000262260437,0.6650000214576721,0.6600000262260437,0.6650000214576721,200,0.0,0.0
2024-07-12 16:55:00+08:00,0.6650000214576721,0.6650000214576721,0.6549999713897705,0.6549999713897705,198100,0.0,0.0
2024-07-15 09:05:00+08:00,0.6549999713897705,0.6549999713897705,0.6549999713897705,0.6549999713897705,10000,0.0,0.0
2024-07-15 09:35:00+08:00,0.6549999713897705,0.6549999713897705,0.6549999713897705,0.6549999713897705,46400,0.0,0.0
2024-07-15 09:40:00+08:00,0.6549999713897705,0.6549999713897705,0.6549999713897705,0.6549999713897705,100,0.0,0.0
2024-07-15 10:45:00+08:00,0.6549999713897705,0.6549999713897705,0.6549999713897705,0.6549999713897705,2400,0.0,0.0
2024-07-15 10:50:00+08:00,0.6549999713897705,0.6600000262260437,0.6549999713897705,0.6549999713897705,59000,0.0,0.0
2024-07-15 11:05:00+08:00,0.6549999713897705,0.6549999713897705,0.6549999713897705,0.6549999713897705,100,0.0,0.0
2024-07-15 11:10:00+08:00,0.6549999713897705,0.6549999713897705,0.6549999713897705,0.6549999713897705,100,0.0,0.0
2024-07-15 11:20:00+08:00,0.6549999713897705,0.6600000262260437,0.6549999713897705,0.6600000262260437,100,0.0,0.0
2024-07-15 11:55:00+08:00,0.6600000262260437,0.6600000262260437,0.6549999713897705,0.6600000262260437,10900,0.0,0.0
2024-07-15 15:25:00+08:00,0.6600000262260437,0.6600000262260437,0.6549999713897705,0.6549999713897705,17100,0.0,0.0
2024-07-15 16:05:00+08:00,0.6549999713897705,0.6549999713897705,0.6549999713897705,0.6549999713897705,23500,0.0,0.0
2024-07-15 16:15:00+08:00,0.6549999713897705,0.6549999713897705,0.6549999713897705,0.6549999713897705,100,0.0,0.0
2024-07-16 09:00:00+08:00,0.6600000262260437,0.6600000262260437,0.6600000262260437,0.6600000262260437,19300,0.0,0.0
2024-07-16 09:05:00+08:00,0.6600000262260437,0.6600000262260437,0.6549999713897705,0.6549999713897705,2800,0.0,0.0
2024-07-16 09:20:00+08:00,0.6549999713897705,0.6600000262260437,0.6549999713897705,0.6549999713897705,3700,0.0,0.0
2024-07-16 09:35:00+08:00,0.6549999713897705,0.6549999713897705,0.6549999713897705,0.6549999713897705,34700,0.0,0.0
2024-07-16 10:45:00+08:00,0.6549999713897705,0.6600000262260437,0.6549999713897705,0.6600000262260437,34700,0.0,0.0
2024-07-16 10:50:00+08:00,0.6600000262260437,0.6600000262260437,0.6549999713897705,0.6600000262260437,28900,0.0,0.0
2024-07-16 11:10:00+08:00,0.6600000262260437,0.6600000262260437,0.6549999713897705,0.6549999713897705,33500,0.0,0.0
2024-07-16 11:45:00+08:00,0.6549999713897705,0.6549999713897705,0.6549999713897705,0.6549999713897705,0,0.0,0.0
2024-07-16 12:55:00+08:00,0.6600000262260437,0.6600000262260437,0.6549999713897705,0.6549999713897705,188900,0.0,0.0
2024-07-16 13:05:00+08:00,0.6549999713897705,0.6549999713897705,0.6499999761581421,0.6499999761581421,232800,0.0,0.0
2024-07-16 13:10:00+08:00,0.6499999761581421,0.6549999713897705,0.6499999761581421,0.6499999761581421,9400,0.0,0.0
2024-07-16 13:30:00+08:00,0.6499999761581421,0.6549999713897705,0.6499999761581421,0.6499999761581421,116500,0.0,0.0
2024-07-16 13:35:00+08:00,0.6499999761581421,0.6549999713897705,0.6499999761581421,0.6549999713897705,200,0.0,0.0
2024-07-16 13:45:00+08:00,0.6549999713897705,0.6549999713897705,0.6499999761581421,0.6499999761581421,40700,0.0,0.0
2024-07-16 13:50:00+08:00,0.6499999761581421,0.6549999713897705,0.6499999761581421,0.6499999761581421,36300,0.0,0.0
2024-07-16 14:15:00+08:00,0.6499999761581421,0.6499999761581421,0.6499999761581421,0.6499999761581421,100,0.0,0.0
2024-07-16 14:20:00+08:00,0.6499999761581421,0.6499999761581421,0.6499999761581421,0.6499999761581421,100,0.0,0.0
2024-07-16 14:25:00+08:00,0.6499999761581421,0.6499999761581421,0.6499999761581421,0.6499999761581421,100,0.0,0.0
2024-07-16 14:30:00+08:00,0.6499999761581421,0.6549999713897705,0.6499999761581421,0.6499999761581421,20400,0.0,0.0
2024-07-16 14:35:00+08:00,0.6499999761581421,0.6499999761581421,0.6499999761581421,0.6499999761581421,400,0.0,0.0
2024-07-16 14:40:00+08:00,0.6499999761581421,0.6499999761581421,0.6499999761581421,0.6499999761581421,100,0.0,0.0
2024-07-16 15:10:00+08:00,0.6499999761581421,0.6499999761581421,0.6499999761581421,0.6499999761581421,3000,0.0,0.0
2024-07-16 16:35:00+08:00,0.6499999761581421,0.6499999761581421,0.6499999761581421,0.6499999761581421,30200,0.0,0.0
2024-07-16 16:40:00+08:00,0.6499999761581421,0.6499999761581421,0.6499999761581421,0.6499999761581421,100,0.0,0.0
2024-07-16 16:45:00+08:00,0.6499999761581421,0.6499999761581421,0.6499999761581421,0.6499999761581421,28100,0.0,0.0
2024-07-17 09:05:00+08:00,0.6549999713897705,0.6549999713897705,0.6549999713897705,0.6549999713897705,20000,0.0,0.0
2024-07-17 09:10:00+08:00,0.6549999713897705,0.6600000262260437,0.6499999761581421,0.6549999713897705,208100,0.0,0.0
2024-07-17 09:15:00+08:00,0.6549999713897705,0.6549999713897705,0.6549999713897705,0.6549999713897705,63700,0.0,0.0
2024-07-17 10:05:00+08:00,0.6549999713897705,0.6549999713897705,0.6549999713897705,0.6549999713897705,20000,0.0,0.0
2024-07-17 10:15:00+08:00,0.6549999713897705,0.6549999713897705,0.6549999713897705,0.6549999713897705,10000,0.0,0.0
2024-07-17 10:50:00+08:00,0.6549999713897705,0.6549999713897705,0.6499999761581421,0.6549999713897705,304600,0.0,0.0
2024-07-17 10:55:00+08:00,0.6549999713897705,0.6549999713897705,0.6549999713897705,0.6549999713897705,6000,0.0,0.0
2024-07-17 11:00:00+08:00,0.6549999713897705,0.6600000262260437,0.6549999713897705,0.6549999713897705,27200,0.0,0.0
2024-07-17 11:10:00+08:00,0.6549999713897705,0.6549999713897705,0.6549999713897705,0.6549999713897705,200,0.0,0.0
2024-07-17 11:35:00+08:00,0.6549999713897705,0.6549999713897705,0.6549999713897705,0.6549999713897705,180400,0.0,0.0
2024-07-17 12:55:00+08:00,0.6549999713897705,0.6600000262260437,0.6549999713897705,0.6600000262260437,1000,0.0,0.0
2024-07-17 13:00:00+08:00,0.6600000262260437,0.6600000262260437,0.6549999713897705,0.6549999713897705,900,0.0,0.0
2024-07-17 13:10:00+08:00,0.6549999713897705,0.6549999713897705,0.6549999713897705,0.6549999713897705,69800,0.0,0.0
2024-07-17 14:55:00+08:00,0.6549999713897705,0.6549999713897705,0.6549999713897705,0.6549999713897705,88700,0.0,0.0
2024-07-17 15:15:00+08:00,0.6549999713897705,0.6600000262260437,0.6549999713897705,0.6600000262260437,174600,0.0,0.0
2024-07-17 16:10:00+08:00,0.6600000262260437,0.6600000262260437,0.6600000262260437,0.6600000262260437,250100,0.0,0.0
2024-07-17 16:15:00+08:00,0.6600000262260437,0.6600000262260437,0.6600000262260437,0.6600000262260437,10000,0.0,0.0
2024-07-18 09:00:00+08:00,0.6549999713897705,0.6549999713897705,0.6499999761581421,0.6549999713897705,174500,0.0,0.0
2024-07-18 09:05:00+08:00,0.6549999713897705,0.6549999713897705,0.6499999761581421,0.6549999713897705,64700,0.0,0.0
2024-07-18 09:50:00+08:00,0.6549999713897705,0.6549999713897705,0.6549999713897705,0.6549999713897705,20000,0.0,0.0
2024-07-18 09:55:00+08:00,0.6549999713897705,0.6549999713897705,0.6549999713897705,0.6549999713897705,900,0.0,0.0
2024-07-18 10:00:00+08:00,0.6549999713897705,0.6549999713897705,0.6549999713897705,0.6549999713897705,400,0.0,0.0
2024-07-18 10:05:00+08:00,0.6549999713897705,0.6549999713897705,0.6549999713897705,0.6549999713897705,33400,0.0,0.0
2024-07-18 10:40:00+08:00,0.6549999713897705,0.6549999713897705,0.6549999713897705,0.6549999713897705,600,0.0,0.0
2024-07-18 11:15:00+08:00,0.6549999713897705,0.6549999713897705,0.6549999713897705,0.6549999713897705,10200,0.0,0.0
2024-07-18 11:20:00+08:00,0.6549999713897705,0.6549999713897705,0.6549999713897705,0.6549999713897705,700,0.0,0.0
2024-07-18 11:25:00+08:00,0.6549999713897705,0.6549999713897705,0.6549999713897705,0.6549999713897705,100,0.0,0.0
2024-07-18 11:30:00+08:00,0.6549999713897705,0.6549999713897705,0.6499999761581421,0.6549999713897705,45200,0.0,0.0
2024-07-18 11:55:00+08:00,0.6549999713897705,0.6549999713897705,0.6499999761581421,0.6499999761581421,23100,0.0,0.0
2024-07-18 12:55:00+08:00,0.6499999761581421,0.6549999713897705,0.6499999761581421,0.6549999713897705,35300,0.0,0.0
2024-07-18 13:00:00+08:00,0.6549999713897705,0.6549999713897705,0.6549999713897705,0.6549999713897705,3000,0.0,0.0
2024-07-18 13:05:00+08:00,0.6549999713897705,0.6549999713897705,0.6499999761581421,0.6499999761581421,11400,0.0,0.0
2024-07-18 13:10:00+08:00,0.6499999761581421,0.6549999713897705,0.6499999761581421,0.6549999713897705,20800,0.0,0.0
2024-07-18 13:30:00+08:00,0.6549999713897705,0.6549999713897705,0.6549999713897705,0.6549999713897705,27000,0.0,0.0
2024-07-18 13:40:00+08:00,0.6549999713897705,0.6549999713897705,0.6549999713897705,0.6549999713897705,24100,0.0,0.0
2024-07-18 14:00:00+08:00,0.6549999713897705,0.6549999713897705,0.6499999761581421,0.6499999761581421,86900,0.0,0.0
2024-07-18 15:05:00+08:00,0.6499999761581421,0.6499999761581421,0.6499999761581421,0.6499999761581421,1300,0.0,0.0
2024-07-18 15:25:00+08:00,0.6499999761581421,0.6549999713897705,0.6499999761581421,0.6549999713897705,8800,0.0,0.0
2024-07-18 15:30:00+08:00,0.6549999713897705,0.6549999713897705,0.6499999761581421,0.6549999713897705,1300,0.0,0.0
2024-07-18 15:45:00+08:00,0.6549999713897705,0.6549999713897705,0.6549999713897705,0.6549999713897705,15300,0.0,0.0
2024-07-18 15:50:00+08:00,0.6549999713897705,0.6549999713897705,0.6549999713897705,0.6549999713897705,100,0.0,0.0
2024-07-18 15:55:00+08:00,0.6549999713897705,0.6600000262260437,0.6549999713897705,0.6600000262260437,50000,0.0,0.0
2024-07-18 16:00:00+08:00,0.6600000262260437,0.6600000262260437,0.6600000262260437,0.6600000262260437,300,0.0,0.0
2024-07-18 16:15:00+08:00,0.6600000262260437,0.6600000262260437,0.6600000262260437,0.6600000262260437,300,0.0,0.0
2024-07-18 16:30:00+08:00,0.6600000262260437,0.6600000262260437,0.6600000262260437,0.6600000262260437,300,0.0,0.0
2024-07-18 16:40:00+08:00,0.6600000262260437,0.6600000262260437,0.6600000262260437,0.6600000262260437,300,0.0,0.0
2024-07-18 16:50:00+08:00,0.6600000262260437,0.6600000262260437,0.6600000262260437,0.6600000262260437,300,0.0,0.0
2024-07-18 16:55:00+08:00,0.6600000262260437,0.6600000262260437,0.6600000262260437,0.6600000262260437,400,0.0,0.0
2024-07-19 09:00:00+08:00,0.6549999713897705,0.6600000262260437,0.6549999713897705,0.6600000262260437,0,0.0,0.0
2024-07-19 09:20:00+08:00,0.6600000262260437,0.6600000262260437,0.6499999761581421,0.6499999761581421,3500,0.0,0.0
2024-07-19 09:25:00+08:00,0.6499999761581421,0.6499999761581421,0.6499999761581421,0.6499999761581421,100,0.0,0.0
2024-07-19 10:15:00+08:00,0.6499999761581421,0.6499999761581421,0.6499999761581421,0.6499999761581421,7300,0.0,0.0
2024-07-19 10:20:00+08:00,0.6499999761581421,0.6549999713897705,0.6499999761581421,0.6499999761581421,27000,0.0,0.0
2024-07-19 10:30:00+08:00,0.6499999761581421,0.6499999761581421,0.6499999761581421,0.6499999761581421,4900,0.0,0.0
2024-07-19 10:35:00+08:00,0.6499999761581421,0.6499999761581421,0.6499999761581421,0.6499999761581421,600,0.0,0.0
2024-07-19 11:05:00+08:00,0.6499999761581421,0.6549999713897705,0.6499999761581421,0.6499999761581421,30900,0.0,0.0
2024-07-19 11:10:00+08:00,0.6499999761581421,0.6499999761581421,0.6499999761581421,0.6499999761581421,100,0.0,0.0
2024-07-19 11:30:00+08:00,0.6499999761581421,0.6499999761581421,0.6499999761581421,0.6499999761581421,700,0.0,0.0
2024-07-19 11:45:00+08:00,0.6499999761581421,0.6499999761581421,0.6499999761581421,0.6499999761581421,500,0.0,0.0
2024-07-19 12:55:00+08:00,0.6549999713897705,0.6549999713897705,0.6549999713897705,0.6549999713897705,51000,0.0,0.0
2024-07-19 13:00:00+08:00,0.6549999713897705,0.6549999713897705,0.6499999761581421,0.6499999761581421,1400,0.0,0.0
2024-07-19 13:30:00+08:00,0.6499999761581421,0.6499999761581421,0.6499999761581421,0.6499999761581421,200,0.0,0.0
2024-07-19 13:55:00+08:00,0.6499999761581421,0.6549999713897705,0.6499999761581421,0.6549999713897705,11200,0.0,0.0
2024-07-19 14:00:00+08:00,0.6549999713897705,0.6549999713897705,0.6499999761581421,0.6549999713897705,0,0.0,0.0
2024-07-19 14:05:00+08:00,0.6549999713897705,0.6549999713897705,0.6499999761581421,0.6549999713897705,400900,0.0,0.0
2024-07-19 14:25:00+08:00,0.6549999713897705,0.6549999713897705,0.6499999761581421,0.6499999761581421,1300,0.0,0.0
2024-07-19 14:50:00+08:00,0.6499999761581421,0.6549999713897705,0.6499999761581421,0.6549999713897705,200,0.0,0.0
2024-07-19 15:15:00+08:00,0.6549999713897705,0.6549999713897705,0.6499999761581421,0.6499999761581421,26100,0.0,0.0
2024-07-19 15:20:00+08:00,0.6499999761581421,0.6499999761581421,0.6499999761581421,0.6499999761581421,200,0.0,0.0
2024-07-19 15:50:00+08:00,0.6499999761581421,0.6499999761581421,0.6499999761581421,0.6499999761581421,200,0.0,0.0
2024-07-19 16:15:00+08:00,0.6499999761581421,0.6499999761581421,0.6499999761581421,0.6499999761581421,200,0.0,0.0
2024-07-19 16:20:00+08:00,0.6499999761581421,0.6499999761581421,0.6499999761581421,0.6499999761581421,300,0.0,0.0
2024-07-19 16:30:00+08:00,0.6499999761581421,0.6499999761581421,0.6499999761581421,0.6499999761581421,300,0.0,0.0
2024-07-19 16:35:00+08:00,0.6499999761581421,0.6499999761581421,0.6499999761581421,0.6499999761581421,7600,0.0,0.0
2024-07-19 16:40:00+08:00,0.6499999761581421,0.6499999761581421,0.6499999761581421,0.6499999761581421,1200,0.0,0.0
2024-07-19 16:45:00+08:00,0.6499999761581421,0.6549999713897705,0.6499999761581421,0.6549999713897705,400,0.0,0.0
2024-07-19 16:55:00+08:00,0.6549999713897705,0.6549999713897705,0.6499999761581421,0.6499999761581421,2900,0.0,0.0
2024-07-22 09:00:00+08:00,0.6549999713897705,0.6549999713897705,0.6499999761581421,0.6549999713897705,24600,0.0,0.0
2024-07-22 09:10:00+08:00,0.6549999713897705,0.6549999713897705,0.6499999761581421,0.6549999713897705,0,0.0,0.0
2024-07-22 09:20:00+08:00,0.6549999713897705,0.6549999713897705,0.6499999761581421,0.6549999713897705,65700,0.0,0.0
2024-07-22 09:35:00+08:00,0.6549999713897705,0.6549999713897705,0.6499999761581421,0.6499999761581421,1900,0.0,0.0
2024-07-22 09:40:00+08:00,0.6499999761581421,0.6499999761581421,0.6499999761581421,0.6499999761581421,800,0.0,0.0
2024-07-22 09:45:00+08:00,0.6499999761581421,0.6499999761581421,0.6499999761581421,0.6499999761581421,400,0.0,0.0
2024-07-22 09:50:00+08:00,0.6499999761581421,0.6549999713897705,0.6499999761581421,0.6549999713897705,2900,0.0,0.0
2024-07-22 10:00:00+08:00,0.6549999713897705,0.6549999713897705,0.6499999761581421,0.6499999761581421,132200,0.0,0.0
2024-07-22 10:05:00+08:00,0.6499999761581421,0.6499999761581421,0.6499999761581421,0.6499999761581421,2200,0.0,0.0
2024-07-22 10:10:00+08:00,0.6499999761581421,0.6499999761581421,0.6499999761581421,0.6499999761581421,900,0.0,0.0
2024-07-22 10:15:00+08:00,0.6499999761581421,0.6499999761581421,0.6499999761581421,0.6499999761581421,1200,0.0,0.0
2024-07-22 10:20:00+08:00,0.6499999761581421,0.6499999761581421,0.6499999761581421,0.6499999761581421,200,0.0,0.0
2024-07-22 10:30:00+08:00,0.6499999761581421,0.6499999761581421,0.6499999761581421,0.6499999761581421,600,0.0,0.0
2024-07-22 10:40:00+08:00,0.6499999761581421,0.6499999761581421,0.6499999761581421,0.6499999761581421,2500,0.0,0.0
2024-07-22 10:55:00+08:00,0.6499999761581421,0.6499999761581421,0.6449999809265137,0.6449999809265137,648000,0.0,0.0
2024-07-22 11:05:00+08:00,0.6449999809265137,0.6499999761581421,0.6449999809265137,0.6449999809265137,2500,0.0,0.0
2024-07-22 11:10:00+08:00,0.6449999809265137,0.6449999809265137,0.6449999809265137,0.6449999809265137,500,0.0,0.0
2024-07-22 11:25:00+08:00,0.6449999809265137,0.6449999809265137,0.6449999809265137,0.6449999809265137,14200,0.0,0.0
2024-07-22 11:30:00+08:00,0.6499999761581421,0.6499999761581421,0.6449999809265137,0.6449999809265137,23300,0.0,0.0
2024-07-22 11:40:00+08:00,0.6449999809265137,0.6449999809265137,0.6449999809265137,0.6449999809265137,300,0.0,0.0
2024-07-22 11:45:00+08:00,0.6449999809265137,0.6449999809265137,0.6449999809265137,0.6449999809265137,100,0.0,0.0
2024-07-22 11:50:00+08:00,0.6449999809265137,0.6449999809265137,0.6449999809265137,0.6449999809265137,300,0.0,0.0
2024-07-22 12:55:00+08:00,0.6449999809265137,0.6449999809265137,0.6449999809265137,0.6449999809265137,13100,0.0,0.0
2024-07-22 13:05:00+08:00,0.6449999809265137,0.6499999761581421,0.6449999809265137,0.6499999761581421,100,0.0,0.0
2024-07-22 13:10:00+08:00,0.6499999761581421,0.6499999761581421,0.6449999809265137,0.6499999761581421,34600,0.0,0.0
2024-07-22 13:25:00+08:00,0.6499999761581421,0.6499999761581421,0.6449999809265137,0.6449999809265137,12700,0.0,0.0
2024-07-22 13:45:00+08:00,0.6449999809265137,0.6449999809265137,0.6449999809265137,0.6449999809265137,100,0.0,0.0
2024-07-22 13:55:00+08:00,0.6449999809265137,0.6499999761581421,0.6449999809265137,0.6499999761581421,300,0.0,0.0
2024-07-22 14:00:00+08:00,0.6499999761581421,0.6499999761581421,0.6449999809265137,0.6449999809265137,200,0.0,0.0
2024-07-22 14:05:00+08:00,0.6449999809265137,0.6449999809265137,0.6449999809265137,0.6449999809265137,800,0.0,0.0
2024-07-22 14:10:00+08:00,0.6449999809265137,0.6449999809265137,0.6449999809265137,0.6449999809265137,300,0.0,0.0
2024-07-22 14:15:00+08:00,0.6449999809265137,0.6449999809265137,0.6449999809265137,0.6449999809265137,0,0.0,0.0
2024-07-22 14:25:00+08:00,0.6449999809265137,0.6449999809265137,0.6449999809265137,0.6449999809265137,963100,0.0,0.0
2024-07-22 14:30:00+08:00,0.6449999809265137,0.6449999809265137,0.6449999809265137,0.6449999809265137,400,0.0,0.0
2024-07-22 14:35:00+08:00,0.6449999809265137,0.6449999809265137,0.6449999809265137,0.6449999809265137,5900,0.0,0.0
2024-07-22 14:50:00+08:00,0.6449999809265137,0.6449999809265137,0.6449999809265137,0.6449999809265137,1400,0.0,0.0
2024-07-22 14:55:00+08:00,0.6449999809265137,0.6449999809265137,0.6449999809265137,0.6449999809265137,46300,0.0,0.0
2024-07-22 15:00:00+08:00,0.6449999809265137,0.6449999809265137,0.6399999856948853,0.6449999809265137,419400,0.0,0.0
2024-07-22 15:10:00+08:00,0.6449999809265137,0.6449999809265137,0.6399999856948853,0.6449999809265137,23900,0.0,0.0
2024-07-22 15:15:00+08:00,0.6449999809265137,0.6449999809265137,0.6399999856948853,0.6449999809265137,1000,0.0,0.0
2024-07-22 15:20:00+08:00,0.6449999809265137,0.6449999809265137,0.6449999809265137,0.6449999809265137,300,0.0,0.0
2024-07-22 15:25:00+08:00,0.6449999809265137,0.6499999761581421,0.6399999856948853,0.6449999809265137,34300,0.0,0.0
2024-07-22 16:50:00+08:00,0.6449999809265137,0.6499999761581421,0.6449999809265137,0.6499999761581421,300,0.0,0.0
2024-07-22 16:55:00+08:00,0.6499999761581421,0.6499999761581421,0.6449999809265137,0.6449999809265137,3000,0.0,0.0
2024-07-23 09:00:00+08:00,0.6449999809265137,0.6499999761581421,0.6449999809265137,0.6499999761581421,45500,0.0,0.0
2024-07-23 09:15:00+08:00,0.6499999761581421,0.6499999761581421,0.6449999809265137,0.6449999809265137,10000,0.0,0.0
2024-07-23 09:35:00+08:00,0.6449999809265137,0.6449999809265137,0.6449999809265137,0.6449999809265137,5000,0.0,0.0
2024-07-23 10:00:00+08:00,0.6449999809265137,0.6499999761581421,0.6449999809265137,0.6499999761581421,4200,0.0,0.0
2024-07-23 10:05:00+08:00,0.6499999761581421,0.6499999761581421,0.6449999809265137,0.6499999761581421,8100,0.0,0.0
2024-07-23 10:35:00+08:00,0.6499999761581421,0.6499999761581421,0.6499999761581421,0.6499999761581421,1600,0.0,0.0
2024-07-23 11:10:00+08:00,0.6499999761581421,0.6499999761581421,0.6499999761581421,0.6499999761581421,1400,0.0,0.0
2024-07-23 11:30:00+08:00,0.6499999761581421,0.6499999761581421,0.6499999761581421,0.6499999761581421,1400,0.0,0.0
2024-07-23 11:45:00+08:00,0.6499999761581421,0.6499999761581421,0.6449999809265137,0.6499999761581421,11700,0.0,0.0
2024-07-23 11:55:00+08:00,0.6499999761581421,0.6499999761581421,0.6499999761581421,0.6499999761581421,1300,0.0,0.0
2024-07-23 12:55:00+08:00,0.6499999761581421,0.6499999761581421,0.6499999761581421,0.6499999761581421,500,0.0,0.0
2024-07-23 13:55:00+08:00,0.6499999761581421,0.6499999761581421,0.6449999809265137,0.6499999761581421,16500,0.0,0.0
2024-07-23 14:25:00+08:00,0.6499999761581421,0.6499999761581421,0.6499999761581421,0.6499999761581421,1600,0.0,0.0
2024-07-23 15:00:00+08:00,0.6499999761581421,0.6499999761581421,0.6449999809265137,0.6499999761581421,14100,0.0,0.0
2024-07-23 15:20:00+08:00,0.6499999761581421,0.6499999761581421,0.6449999809265137,0.6449999809265137,1400,0.0,0.0
2024-07-23 15:35:00+08:00,0.6449999809265137,0.6449999809265137,0.6449999809265137,0.6449999809265137,58000,0.0,0.0
2024-07-23 15:45:00+08:00,0.6449999809265137,0.6499999761581421,0.6449999809265137,0.6499999761581421,28900,0.0,0.0
2024-07-23 16:05:00+08:00,0.6499999761581421,0.6499999761581421,0.6499999761581421,0.6499999761581421,1600,0.0,0.0
2024-07-23 16:10:00+08:00,0.6499999761581421,0.6499999761581421,0.6499999761581421,0.6499999761581421,10000,0.0,0.0
2024-07-23 16:15:00+08:00,0.6499999761581421,0.6499999761581421,0.6449999809265137,0.6499999761581421,48100,0.0,0.0
2024-07-23 16:25:00+08:00,0.6499999761581421,0.6499999761581421,0.6499999761581421,0.6499999761581421,10000,0.0,0.0
2024-07-23 16:30:00+08:00,0.6499999761581421,0.6499999761581421,0.6499999761581421,0.6499999761581421,1100,0.0,0.0
2024-07-23 16:35:00+08:00,0.6499999761581421,0.6499999761581421,0.6449999809265137,0.6499999761581421,9800,0.0,0.0
2024-07-23 16:40:00+08:00,0.6499999761581421,0.6499999761581421,0.6499999761581421,0.6499999761581421,3000,0.0,0.0
2024-07-23 16:50:00+08:00,0.6499999761581421,0.6499999761581421,0.6449999809265137,0.6449999809265137,10500,0.0,0.0
2024-07-23 16:55:00+08:00,0.6449999809265137,0.6499999761581421,0.6449999809265137,0.6449999809265137,22800,0.0,0.0
2024-07-24 09:05:00+08:00,0.6499999761581421,0.6499999761581421,0.6499999761581421,0.6499999761581421,0,0.0,0.0
2024-07-24 09:15:00+08:00,0.6499999761581421,0.6499999761581421,0.6449999809265137,0.6449999809265137,25900,0.0,0.0
2024-07-24 09:20:00+08:00,0.6449999809265137,0.6499999761581421,0.6449999809265137,0.6499999761581421,3800,0.0,0.0
2024-07-24 10:00:00+08:00,0.6499999761581421,0.6499999761581421,0.6499999761581421,0.6499999761581421,7000,0.0,0.0
2024-07-24 10:05:00+08:00,0.6499999761581421,0.6499999761581421,0.6449999809265137,0.6499999761581421,69800,0.0,0.0
2024-07-24 10:25:00+08:00,0.6499999761581421,0.6499999761581421,0.6499999761581421,0.6499999761581421,10000,0.0,0.0
2024-07-24 10:35:00+08:00,0.6499999761581421,0.6499999761581421,0.6449999809265137,0.6499999761581421,7600,0.0,0.0
2024-07-24 10:40:00+08:00,0.6499999761581421,0.6499999761581421,0.6499999761581421,0.6499999761581421,5000,0.0,0.0
2024-07-24 10:45:00+08:00,0.6499999761581421,0.6499999761581421,0.6449999809265137,0.6449999809265137,13900,0.0,0.0
2024-07-24 11:45:00+08:00,0.6449999809265137,0.6449999809265137,0.6449999809265137,0.6449999809265137,1700,0.0,0.0
2024-07-24 12:55:00+08:00,0.6449999809265137,0.6499999761581421,0.6449999809265137,0.6499999761581421,100,0.0,0.0
2024-07-24 14:30:00+08:00,0.6499999761581421,0.6499999761581421,0.6449999809265137,0.6499999761581421,12100,0.0,0.0
2024-07-24 14:35:00+08:00,0.6499999761581421,0.6499999761581421,0.6449999809265137,0.6499999761581421,17300,0.0,0.0
2024-07-24 15:05:00+08:00,0.6499999761581421,0.6499999761581421,0.6499999761581421,0.6499999761581421,1600,0.0,0.0
2024-07-24 15:55:00+08:00,0.6499999761581421,0.6499999761581421,0.6449999809265137,0.6499999761581421,36000,0.0,0.0
2024-07-24 16:00:00+08:00,0.6499999761581421,0.6499999761581421,0.6499999761581421,0.6499999761581421,1400,0.0,0.0
2024-07-24 16:15:00+08:00,0.6499999761581421,0.6499999761581421,0.6499999761581421,0.6499999761581421,900,0.0,0.0
2024-07-24 16:20:00+08:00,0.6499999761581421,0.6499999761581421,0.6449999809265137,0.6449999809265137,2300,0.0,0.0
2024-07-24 16:25:00+08:00,0.6449999809265137,0.6449999809265137,0.6449999809265137,0.6449999809265137,100,0.0,0.0
2024-07-24 16:30:00+08:00,0.6449999809265137,0.6449999809265137,0.6399999856948853,0.6399999856948853,318900,0.0,0.0
2024-07-24 16:40:00+08:00,0.6399999856948853,0.6449999809265137,0.6399999856948853,0.6449999809265137,34700,0.0,0.0
2024-07-24 16:50:00+08:00,0.6449999809265137,0.6449999809265137,0.6399999856948853,0.6449999809265137,6800,0.0,0.0
2024-07-24 16:55:00+08:00,0.6449999809265137,0.6449999809265137,0.6399999856948853,0.6399999856948853,4100,0.0,0.0
2024-07-25 09:00:00+08:00,0.6399999856948853,0.6399999856948853,0.6349999904632568,0.6399999856948853,92700,0.0,0.0
2024-07-25 09:05:00+08:00,0.6399999856948853,0.6449999809265137,0.6349999904632568,0.6449999809265137,40400,0.0,0.0
2024-07-25 10:00:00+08:00,0.6449999809265137,0.6449999809265137,0.6399999856948853,0.6449999809265137,1900,0.0,0.0
2024-07-25 10:25:00+08:00,0.6449999809265137,0.6449999809265137,0.6449999809265137,0.6449999809265137,5000,0.0,0.0
2024-07-25 10:30:00+08:00,0.6449999809265137,0.6449999809265137,0.6399999856948853,0.6399999856948853,1400,0.0,0.0
2024-07-25 10:35:00+08:00,0.6399999856948853,0.6399999856948853,0.6399999856948853,0.6399999856948853,200,0.0,0.0
2024-07-25 10:40:00+08:00,0.6399999856948853,0.6399999856948853,0.6399999856948853,0.6399999856948853,600,0.0,0.0
2024-07-25 10:55:00+08:00,0.6399999856948853,0.6449999809265137,0.6399999856948853,0.6399999856948853,1800,0.0,0.0
2024-07-25 11:00:00+08:00,0.6399999856948853,0.6449999809265137,0.6399999856948853,0.6449999809265137,800,0.0,0.0
2024-07-25 11:15:00+08:00,0.6449999809265137,0.6449999809265137,0.6399999856948853,0.6399999856948853,12000,0.0,0.0
2024-07-25 11:20:00+08:00,0.6399999856948853,0.6449999809265137,0.6399999856948853,0.6449999809265137,200,0.0,0.0
2024-07-25 11:25:00+08:00,0.6449999809265137,0.6449999809265137,0.6449999809265137,0.6449999809265137,1500,0.0,0.0
2024-07-25 11:45:00+08:00,0.6449999809265137,0.6449999809265137,0.6399999856948853,0.6399999856948853,1800,0.0,0.0
2024-07-25 12:55:00+08:00,0.6449999809265137,0.6449999809265137,0.6399999856948853,0.6399999856948853,100,0.0,0.0
2024-07-25 13:00:00+08:00,0.6399999856948853,0.6399999856948853,0.6399999856948853,0.6399999856948853,6200,0.0,0.0
2024-07-25 13:20:00+08:00,0.6399999856948853,0.6399999856948853,0.6399999856948853,0.6399999856948853,19700,0.0,0.0
2024-07-25 13:25:00+08:00,0.6399999856948853,0.6399999856948853,0.6399999856948853,0.6399999856948853,10100,0.0,0.0
2024-07-25 13:30:00+08:00,0.6399999856948853,0.6399999856948853,0.6399999856948853,0.6399999856948853,200,0.0,0.0
2024-07-25 13:40:00+08:00,0.6399999856948853,0.6399999856948853,0.6399999856948853,0.6399999856948853,2800,0.0,0.0
2024-07-25 13:45:00+08:00,0.6399999856948853,0.6399999856948853,0.6349999904632568,0.6349999904632568,83600,0.0,0.0
2024-07-25 13:50:00+08:00,0.6349999904632568,0.6349999904632568,0.6349999904632568,0.6349999904632568,2800,0.0,0.0
2024-07-25 14:05:00+08:00,0.6349999904632568,0.6399999856948853,0.6349999904632568,0.6399999856948853,100,0.0,0.0
2024-07-25 14:10:00+08:00,0.6399999856948853,0.6399999856948853,0.6349999904632568,0.6399999856948853,27600,0.0,0.0
2024-07-25 14:15:00+08:00,0.6399999856948853,0.6399999856948853,0.6349999904632568,0.6349999904632568,5100,0.0,0.0
2024-07-25 14:30:00+08:00,0.6349999904632568,0.6399999856948853,0.6349999904632568,0.6399999856948853,100,0.0,0.0
2024-07-25 15:40:00+08:00,0.6399999856948853,0.6399999856948853,0.6399999856948853,0.6399999856948853,1400,0.0,0.0
2024-07-25 15:55:00+08:00,0.6399999856948853,0.6399999856948853,0.6399999856948853,0.6399999856948853,5500,0.0,0.0
2024-07-25 16:15:00+08:00,0.6399999856948853,0.6399999856948853,0.6399999856948853,0.6399999856948853,1500,0.0,0.0
2024-07-25 16:25:00+08:00,0.6399999856948853,0.6399999856948853,0.6399999856948853,0.6399999856948853,50000,0.0,0.0
2024-07-25 16:30:00+08:00,0.6399999856948853,0.6399999856948853,0.6399999856948853,0.6399999856948853,50000,0.0,0.0
2024-07-25 16:35:00+08:00,0.6399999856948853,0.6399999856948853,0.6399999856948853,0.6399999856948853,900,0.0,0.0
2024-07-25 16:40:00+08:00,0.6399999856948853,0.6399999856948853,0.6399999856948853,0.6399999856948853,42600,0.0,0.0
2024-07-25 16:45:00+08:00,0.6399999856948853,0.6449999809265137,0.6399999856948853,0.6449999809265137,7700,0.0,0.0
2024-07-25 16:50:00+08:00,0.6449999809265137,0.6449999809265137,0.6449999809265137,0.6449999809265137,500,0.0,0.0
2024-07-25 16:55:00+08:00,0.6449999809265137,0.6449999809265137,0.6449999809265137,0.6449999809265137,300,0.0,0.0
2024-07-26 09:05:00+08:00,0.6399999856948853,0.6399999856948853,0.6399999856948853,0.6399999856948853,10100,0.0,0.0
2024-07-26 09:40:00+08:00,0.6399999856948853,0.6449999809265137,0.6399999856948853,0.6399999856948853,16800,0.0,0.0
2024-07-26 10:25:00+08:00,0.6399999856948853,0.6399999856948853,0.6399999856948853,0.6399999856948853,32500,0.0,0.0
2024-07-26 10:30:00+08:00,0.6399999856948853,0.6399999856948853,0.6399999856948853,0.6399999856948853,26500,0.0,0.0
2024-07-26 10:35:00+08:00,0.6399999856948853,0.6399999856948853,0.6399999856948853,0.6399999856948853,1900,0.0,0.0
2024-07-26 10:40:00+08:00,0.6399999856948853,0.6399999856948853,0.6399999856948853,0.6399999856948853,14000,0.0,0.0
2024-07-26 10:45:00+08:00,0.6399999856948853,0.6399999856948853,0.6349999904632568,0.6399999856948853,2100,0.0,0.0
2024-07-26 11:15:00+08:00,0.6399999856948853,0.6399999856948853,0.6399999856948853,0.6399999856948853,42000,0.0,0.0
2024-07-26 11:25:00+08:00,0.6399999856948853,0.6399999856948853,0.6399999856948853,0.6399999856948853,1400,0.0,0.0
2024-07-26 11:30:00+08:00,0.6399999856948853,0.6399999856948853,0.6349999904632568,0.6399999856948853,34300,0.0,0.0
2024-07-26 11:35:00+08:00,0.6399999856948853,0.6399999856948853,0.6399999856948853,0.6399999856948853,25000,0.0,0.0
2024-07-26 11:40:00+08:00,0.6399999856948853,0.6399999856948853,0.6399999856948853,0.6399999856948853,30000,0.0,0.0
2024-07-26 12:55:00+08:00,0.6399999856948853,0.6399999856948853,0.6399999856948853,0.6399999856948853,200,0.0,0.0
2024-07-26 13:10:00+08:00,0.6399999856948853,0.6399999856948853,0.6399999856948853,0.6399999856948853,10000,0.0,0.0
2024-07-26 13:15:00+08:00,0.6399999856948853,0.6399999856948853,0.6399999856948853,0.6399999856948853,3000,0.0,0.0
2024-07-26 14:10:00+08:00,0.6399999856948853,0.6399999856948853,0.6399999856948853,0.6399999856948853,1500,0.0,0.0
2024-07-26 14:15:00+08:00,0.6399999856948853,0.6399999856948853,0.6399999856948853,0.6399999856948853,60000,0.0,0.0
2024-07-26 14:20:00+08:00,0.6399999856948853,0.6399999856948853,0.6399999856948853,0.6399999856948853,92400,0.0,0.0
2024-07-26 14:25:00+08:00,0.6399999856948853,0.6399999856948853,0.6399999856948853,0.6399999856948853,10200,0.0,0.0
2024-07-26 14:35:00+08:00,0.6399999856948853,0.6399999856948853,0.6399999856948853,0.6399999856948853,111800,0.0,0.0
2024-07-26 16:45:00+08:00,0.6399999856948853,0.6449999809265137,0.6399999856948853,0.6449999809265137,5000,0.0,0.0
2024-07-29 09:05:00+08:00,0.6449999809265137,0.6449999809265137,0.6449999809265137,0.6449999809265137,10000,0.0,0.0
2024-07-29 10:20:00+08:00,0.6449999809265137,0.6449999809265137,0.6399999856948853,0.6399999856948853,1000,0.0,0.0
2024-07-29 10:50:00+08:00,0.6399999856948853,0.6399999856948853,0.6399999856948853,0.6399999856948853,73300,0.0,0.0
2024-07-29 10:55:00+08:00,0.6399999856948853,0.6449999809265137,0.6399999856948853,0.6449999809265137,30800,0.0,0.0
2024-07-29 11:25:00+08:00,0.6449999809265137,0.6449999809265137,0.6449999809265137,0.6449999809265137,1600,0.0,0.0
2024-07-29 11:50:00+08:00,0.6449999809265137,0.6449999809265137,0.6449999809265137,0.6449999809265137,1500,0.0,0.0
2024-07-29 12:55:00+08:00,0.6449999809265137,0.6449999809265137,0.6449999809265137,0.6449999809265137,100,0.0,0.0
2024-07-29 14:20:00+08:00,0.6449999809265137,0.6449999809265137,0.6399999856948853,0.6399999856948853,1900,0.0,0.0
2024-07-29 14:50:00+08:00,0.6399999856948853,0.6399999856948853,0.6349999904632568,0.6349999904632568,64000,0.0,0.0
2024-07-29 14:55:00+08:00,0.6349999904632568,0.6399999856948853,0.6349999904632568,0.6399999856948853,17100,0.0,0.0
2024-07-29 15:10:00+08:00,0.6399999856948853,0.6399999856948853,0.6399999856948853,0.6399999856948853,10000,0.0,0.0
2024-07-29 15:30:00+08:00,0.6399999856948853,0.6449999809265137,0.6399999856948853,0.6449999809265137,20900,0.0,0.0
2024-07-29 16:05:00+08:00,0.6449999809265137,0.6449999809265137,0.6449999809265137,0.6449999809265137,1600,0.0,0.0
2024-07-29 16:30:00+08:00,0.6449999809265137,0.6449999809265137,0.6399999856948853,0.6449999809265137,1400,0.0,0.0
2024-07-29 16:50:00+08:00,0.6449999809265137,0.6449999809265137,0.6449999809265137,0.6449999809265137,500,0.0,0.0
2024-07-29 16:55:00+08:00,0.6449999809265137,0.6449999809265137,0.6449999809265137,0.6449999809265137,300,0.0,0.0
2024-07-30 13:15:00+08:00,0.6399999856948853,0.6399999856948853,0.6399999856948853,0.6399999856948853,2100,0.0,0.0
2024-07-30 15:50:00+08:00,0.6399999856948853,0.6399999856948853,0.6349999904632568,0.6349999904632568,2100,0.0,0.0
2024-07-30 15:55:00+08:00,0.6349999904632568,0.6349999904632568,0.6349999904632568,0.6349999904632568,100,0.0,0.0
2024-07-30 16:05:00+08:00,0.6349999904632568,0.6349999904632568,0.6349999904632568,0.6349999904632568,200,0.0,0.0
2024-07-30 16:15:00+08:00,0.6349999904632568,0.6399999856948853,0.6349999904632568,0.6399999856948853,100,0.0,0.0
2024-07-30 16:25:00+08:00,0.6399999856948853,0.6399999856948853,0.6349999904632568,0.6349999904632568,1100,0.0,0.0
2024-07-30 16:30:00+08:00,0.6349999904632568,0.6399999856948853,0.6349999904632568,0.6399999856948853,300,0.0,0.0
2024-07-30 16:40:00+08:00,0.6399999856948853,0.6399999856948853,0.6349999904632568,0.6399999856948853,20300,0.0,0.0
2024-07-30 16:45:00+08:00,0.6399999856948853,0.6399999856948853,0.6399999856948853,0.6399999856948853,1400,0.0,0.0
2024-07-30 16:50:00+08:00,0.6399999856948853,0.6399999856948853,0.6349999904632568,0.6349999904632568,2800,0.0,0.0
2024-07-31 09:15:00+08:00,0.6399999856948853,0.6399999856948853,0.6399999856948853,0.6399999856948853,400,0.0,0.0
2024-07-31 09:20:00+08:00,0.6399999856948853,0.6399999856948853,0.6399999856948853,0.6399999856948853,200,0.0,0.0
2024-07-31 09:25:00+08:00,0.6399999856948853,0.6399999856948853,0.6399999856948853,0.6399999856948853,200,0.0,0.0
2024-07-31 09:30:00+08:00,0.6399999856948853,0.6399999856948853,0.6399999856948853,0.6399999856948853,119300,0.0,0.0
2024-07-31 09:45:00+08:00,0.6399999856948853,0.6399999856948853,0.6399999856948853,0.6399999856948853,200,0.0,0.0
2024-07-31 09:50:00+08:00,0.6399999856948853,0.6399999856948853,0.6399999856948853,0.6399999856948853,67000,0.0,0.0
2024-07-31 10:00:00+08:00,0.6399999856948853,0.6399999856948853,0.6349999904632568,0.6399999856948853,10200,0.0,0.0
2024-07-31 10:05:00+08:00,0.6399999856948853,0.6399999856948853,0.6399999856948853,0.6399999856948853,15200,0.0,0.0
2024-07-31 10:35:00+08:00,0.6399999856948853,0.6399999856948853,0.6399999856948853,0.6399999856948853,9800,0.0,0.0
2024-07-31 10:40:00+08:00,0.6399999856948853,0.6399999856948853,0.6399999856948853,0.6399999856948853,200,0.0,0.0
2024-07-31 10:45:00+08:00,0.6399999856948853,0.6399999856948853,0.6399999856948853,0.6399999856948853,200,0.0,0.0
2024-07-31 10:50:00+08:00,0.6399999856948853,0.6399999856948853,0.6399999856948853,0.6399999856948853,24100,0.0,0.0
2024-07-31 10:55:00+08:00,0.6399999856948853,0.6399999856948853,0.6399999856948853,0.6399999856948853,200,0.0,0.0
2024-07-31 11:00:00+08:00,0.6399999856948853,0.6399999856948853,0.6399999856948853,0.6399999856948853,200,0.0,0.0
2024-07-31 11:05:00+08:00,0.6399999856948853,0.6399999856948853,0.6399999856948853,0.6399999856948853,200,0.0,0.0
2024-07-31 11:10:00+08:00,0.6399999856948853,0.6399999856948853,0.6399999856948853,0.6399999856948853,200,0.0,0.0
2024-07-31 11:15:00+08:00,0.6399999856948853,0.6399999856948853,0.6349999904632568,0.6399999856948853,300,0.0,0.0
2024-07-31 11:25:00+08:00,0.6399999856948853,0.6399999856948853,0.6399999856948853,0.6399999856948853,200,0.0,0.0
2024-07-31 11:30:00+08:00,0.6399999856948853,0.6399999856948853,0.6349999904632568,0.6349999904632568,400,0.0,0.0
2024-07-31 11:35:00+08:00,0.6349999904632568,0.6399999856948853,0.6349999904632568,0.6349999904632568,11800,0.0,0.0
2024-07-31 11:40:00+08:00,0.6349999904632568,0.6399999856948853,0.6349999904632568,0.6399999856948853,500,0.0,0.0
2024-07-31 11:45:00+08:00,0.6399999856948853,0.6399999856948853,0.6399999856948853,0.6399999856948853,200,0.0,0.0
2024-07-31 11:50:00+08:00,0.6399999856948853,0.6399999856948853,0.6399999856948853,0.6399999856948853,3300,0.0,0.0
2024-07-31 11:55:00+08:00,0.6399999856948853,0.6399999856948853,0.6399999856948853,0.6399999856948853,1400,0.0,0.0
2024-07-31 12:55:00+08:00,0.6399999856948853,0.6399999856948853,0.6399999856948853,0.6399999856948853,2800,0.0,0.0
2024-07-31 13:10:00+08:00,0.6399999856948853,0.6399999856948853,0.6399999856948853,0.6399999856948853,9000,0.0,0.0
2024-07-31 13:15:00+08:00,0.6399999856948853,0.6399999856948853,0.6399999856948853,0.6399999856948853,300,0.0,0.0
2024-07-31 13:20:00+08:00,0.6399999856948853,0.6399999856948853,0.6399999856948853,0.6399999856948853,300,0.0,0.0
2024-07-31 13:25:00+08:00,0.6399999856948853,0.6399999856948853,0.6399999856948853,0.6399999856948853,400,0.0,0.0
2024-07-31 13:30:00+08:00,0.6399999856948853,0.6399999856948853,0.6399999856948853,0.6399999856948853,16300,0.0,0.0
2024-07-31 13:35:00+08:00,0.6399999856948853,0.6399999856948853,0.6399999856948853,0.6399999856948853,5300,0.0,0.0
2024-07-31 13:40:00+08:00,0.6399999856948853,0.6399999856948853,0.6399999856948853,0.6399999856948853,400,0.0,0.0
2024-07-31 13:45:00+08:00,0.6399999856948853,0.6399999856948853,0.6399999856948853,0.6399999856948853,1200,0.0,0.0
2024-07-31 13:50:00+08:00,0.6399999856948853,0.6399999856948853,0.6399999856948853,0.6399999856948853,8200,0.0,0.0
2024-07-31 13:55:00+08:00,0.6399999856948853,0.6399999856948853,0.6399999856948853,0.6399999856948853,1300,0.0,0.0
2024-07-31 14:00:00+08:00,0.6399999856948853,0.6399999856948853,0.6399999856948853,0.6399999856948853,4500,0.0,0.0
2024-07-31 14:05:00+08:00,0.6399999856948853,0.6399999856948853,0.6399999856948853,0.6399999856948853,400,0.0,0.0
2024-07-31 14:10:00+08:00,0.6399999856948853,0.6399999856948853,0.6399999856948853,0.6399999856948853,8400,0.0,0.0
2024-07-31 14:15:00+08:00,0.6399999856948853,0.6399999856948853,0.6399999856948853,0.6399999856948853,6400,0.0,0.0
2024-07-31 14:20:00+08:00,0.6399999856948853,0.6399999856948853,0.6399999856948853,0.6399999856948853,400,0.0,0.0
2024-07-31 14:25:00+08:00,0.6399999856948853,0.6399999856948853,0.6399999856948853,0.6399999856948853,4300,0.0,0.0
2024-07-31 14:30:00+08:00,0.6399999856948853,0.6399999856948853,0.6399999856948853,0.6399999856948853,5000,0.0,0.0
2024-07-31 14:35:00+08:00,0.6399999856948853,0.6399999856948853,0.6399999856948853,0.6399999856948853,44800,0.0,0.0
2024-07-31 14:45:00+08:00,0.6399999856948853,0.6449999809265137,0.6399999856948853,0.6449999809265137,260800,0.0,0.0
2024-07-31 14:50:00+08:00,0.6449999809265137,0.6449999809265137,0.6399999856948853,0.6449999809265137,20100,0.0,0.0
2024-07-31 14:55:00+08:00,0.6449999809265137,0.6449999809265137,0.6449999809265137,0.6449999809265137,200,0.0,0.0
2024-07-31 15:05:00+08:00,0.6449999809265137,0.6449999809265137,0.6449999809265137,0.6449999809265137,25400,0.0,0.0
2024-07-31 15:15:00+08:00,0.6449999809265137,0.6449999809265137,0.6449999809265137,0.6449999809265137,200,0.0,0.0
2024-07-31 15:20:00+08:00,0.6449999809265137,0.6449999809265137,0.6449999809265137,0.6449999809265137,4200,0.0,0.0
2024-07-31 15:25:00+08:00,0.6449999809265137,0.6449999809265137,0.6449999809265137,0.6449999809265137,0,0.0,0.0
2024-07-31 15:30:00+08:00,0.6449999809265137,0.6449999809265137,0.6449999809265137,0.6449999809265137,809200,0.0,0.0
2024-07-31 15:35:00+08:00,0.6449999809265137,0.6449999809265137,0.6449999809265137,0.6449999809265137,200,0.0,0.0
2024-07-31 15:40:00+08:00,0.6449999809265137,0.6449999809265137,0.6449999809265137,0.6449999809265137,200,0.0,0.0
2024-07-31 15:45:00+08:00,0.6449999809265137,0.6449999809265137,0.6449999809265137,0.6449999809265137,200,0.0,0.0
2024-07-31 15:50:00+08:00,0.6449999809265137,0.6449999809265137,0.6449999809265137,0.6449999809265137,200,0.0,0.0
2024-07-31 15:55:00+08:00,0.6449999809265137,0.6449999809265137,0.6449999809265137,0.6449999809265137,200,0.0,0.0
2024-07-31 16:00:00+08:00,0.6449999809265137,0.6449999809265137,0.6449999809265137,0.6449999809265137,200,0.0,0.0
2024-07-31 16:05:00+08:00,0.6449999809265137,0.6449999809265137,0.6449999809265137,0.6449999809265137,200,0.0,0.0
2024-07-31 16:10:00+08:00,0.6449999809265137,0.6449999809265137,0.6449999809265137,0.6449999809265137,200,0.0,0.0
2024-07-31 16:15:00+08:00,0.6449999809265137,0.6449999809265137,0.6449999809265137,0.6449999809265137,200,0.0,0.0
2024-07-31 16:20:00+08:00,0.6449999809265137,0.6449999809265137,0.6449999809265137,0.6449999809265137,7800,0.0,0.0
2024-07-31 16:25:00+08:00,0.6449999809265137,0.6449999809265137,0.6449999809265137,0.6449999809265137,400,0.0,0.0
2024-07-31 16:30:00+08:00,0.6449999809265137,0.6449999809265137,0.6449999809265137,0.6449999809265137,200,0.0,0.0
2024-07-31 16:35:00+08:00,0.6449999809265137,0.6449999809265137,0.6449999809265137,0.6449999809265137,300,0.0,0.0
2024-07-31 16:40:00+08:00,0.6449999809265137,0.6449999809265137,0.6449999809265137,0.6449999809265137,400,0.0,0.0
2024-07-31 16:45:00+08:00,0.6449999809265137,0.6449999809265137,0.6449999809265137,0.6449999809265137,200,0.0,0.0
2024-07-31 16:50:00+08:00,0.6449999809265137,0.6449999809265137,0.6449999809265137,0.6449999809265137,600,0.0,0.0
2024-07-31 16:55:00+08:00,0.6449999809265137,0.6449999809265137,0.6449999809265137,0.6449999809265137,11100,0.0,0.0
2024-08-01 09:00:00+08:00,0.6449999809265137,0.6499999761581421,0.6399999856948853,0.6499999761581421,340600,0.0,0.0
2024-08-01 10:00:00+08:00,0.6499999761581421,0.6499999761581421,0.6449999809265137,0.6449999809265137,1700,0.0,0.0
2024-08-01 10:30:00+08:00,0.6449999809265137,0.6499999761581421,0.6449999809265137,0.6499999761581421,3000,0.0,0.0
2024-08-01 10:35:00+08:00,0.6499999761581421,0.6499999761581421,0.6499999761581421,0.6499999761581421,1600,0.0,0.0
2024-08-01 11:10:00+08:00,0.6499999761581421,0.6499999761581421,0.6499999761581421,0.6499999761581421,1800,0.0,0.0
2024-08-01 11:35:00+08:00,0.6499999761581421,0.6499999761581421,0.6449999809265137,0.6449999809265137,1800,0.0,0.0
2024-08-01 11:40:00+08:00,0.6449999809265137,0.6449999809265137,0.6449999809265137,0.6449999809265137,100,0.0,0.0
2024-08-01 12:55:00+08:00,0.6499999761581421,0.6499999761581421,0.6449999809265137,0.6449999809265137,100,0.0,0.0
2024-08-01 13:20:00+08:00,0.6449999809265137,0.6449999809265137,0.6449999809265137,0.6449999809265137,300,0.0,0.0
2024-08-01 13:30:00+08:00,0.6449999809265137,0.6449999809265137,0.6399999856948853,0.6399999856948853,51400,0.0,0.0
2024-08-01 13:35:00+08:00,0.6399999856948853,0.6399999856948853,0.6399999856948853,0.6399999856948853,100,0.0,0.0
2024-08-01 13:45:00+08:00,0.6399999856948853,0.6449999809265137,0.6399999856948853,0.6449999809265137,100,0.0,0.0
2024-08-01 14:40:00+08:00,0.6449999809265137,0.6449999809265137,0.6449999809265137,0.6449999809265137,1800,0.0,0.0
2024-08-01 15:25:00+08:00,0.6449999809265137,0.6449999809265137,0.6449999809265137,0.6449999809265137,10500,0.0,0.0
2024-08-01 15:30:00+08:00,0.6449999809265137,0.6449999809265137,0.6449999809265137,0.6449999809265137,1800,0.0,0.0
2024-08-01 16:15:00+08:00,0.6449999809265137,0.6449999809265137,0.6449999809265137,0.6449999809265137,1800,0.0,0.0
2024-08-01 16:35:00+08:00,0.6449999809265137,0.6449999809265137,0.6449999809265137,0.6449999809265137,900,0.0,0.0
2024-08-01 16:50:00+08:00,0.6449999809265137,0.6449999809265137,0.6449999809265137,0.6449999809265137,500,0.0,0.0
2024-08-01 16:55:00+08:00,0.6449999809265137,0.6449999809265137,0.6449999809265137,0.6449999809265137,400,0.0,0.0
2024-08-02 09:00:00+08:00,0.6399999856948853,0.6399999856948853,0.6399999856948853,0.6399999856948853,107300,0.0,0.0
2024-08-02 10:00:00+08:00,0.6399999856948853,0.6399999856948853,0.6349999904632568,0.6349999904632568,54900,0.0,0.0
2024-08-02 10:05:00+08:00,0.6349999904632568,0.6349999904632568,0.6349999904632568,0.6349999904632568,5100,0.0,0.0
2024-08-02 10:15:00+08:00,0.6349999904632568,0.6349999904632568,0.6349999904632568,0.6349999904632568,100,0.0,0.0
2024-08-02 10:20:00+08:00,0.6349999904632568,0.6399999856948853,0.6349999904632568,0.6349999904632568,2600,0.0,0.0
2024-08-02 10:25:00+08:00,0.6349999904632568,0.6349999904632568,0.6349999904632568,0.6349999904632568,200,0.0,0.0
2024-08-02 10:30:00+08:00,0.6349999904632568,0.6349999904632568,0.6349999904632568,0.6349999904632568,19800,0.0,0.0
2024-08-02 10:35:00+08:00,0.6349999904632568,0.6399999856948853,0.6349999904632568,0.6349999904632568,3500,0.0,0.0
2024-08-02 10:40:00+08:00,0.6349999904632568,0.6349999904632568,0.6349999904632568,0.6349999904632568,900,0.0,0.0
2024-08-02 10:45:00+08:00,0.6349999904632568,0.6349999904632568,0.6349999904632568,0.6349999904632568,1000,0.0,0.0
2024-08-02 10:50:00+08:00,0.6349999904632568,0.6449999809265137,0.6349999904632568,0.6449999809265137,202100,0.0,0.0
2024-08-02 10:55:00+08:00,0.6449999809265137,0.6449999809265137,0.6399999856948853,0.6399999856948853,1600,0.0,0.0
2024-08-02 11:20:00+08:00,0.6399999856948853,0.6399999856948853,0.6349999904632568,0.6399999856948853,24700,0.0,0.0
2024-08-02 11:25:00+08:00,0.6399999856948853,0.6399999856948853,0.6399999856948853,0.6399999856948853,500,0.0,0.0
2024-08-02 11:40:00+08:00,0.6399999856948853,0.6399999856948853,0.6399999856948853,0.6399999856948853,1300,0.0,0.0
2024-08-02 11:45:00+08:00,0.6399999856948853,0.6399999856948853,0.6399999856948853,0.6399999856948853,47500,0.0,0.0
2024-08-02 12:55:00+08:00,0.6449999809265137,0.6449999809265137,0.6399999856948853,0.6399999856948853,100,0.0,0.0
2024-08-02 13:55:00+08:00,0.6399999856948853,0.6449999809265137,0.6399999856948853,0.6449999809265137,5900,0.0,0.0
2024-08-02 14:00:00+08:00,0.6449999809265137,0.6449999809265137,0.6399999856948853,0.6449999809265137,44400,0.0,0.0
2024-08-02 14:05:00+08:00,0.6449999809265137,0.6449999809265137,0.6399999856948853,0.6399999856948853,2000,0.0,0.0
2024-08-02 14:35:00+08:00,0.6399999856948853,0.6399999856948853,0.6399999856948853,0.6399999856948853,23600,0.0,0.0
2024-08-02 15:30:00+08:00,0.6399999856948853,0.6399999856948853,0.6399999856948853,0.6399999856948853,2300,0.0,0.0
2024-08-02 15:35:00+08:00,0.6399999856948853,0.6449999809265137,0.6399999856948853,0.6449999809265137,900,0.0,0.0
2024-08-02 15:40:00+08:00,0.6449999809265137,0.6449999809265137,0.6399999856948853,0.6399999856948853,2000,0.0,0.0
2024-08-02 15:45:00+08:00,0.6399999856948853,0.6399999856948853,0.6399999856948853,0.6399999856948853,600,0.0,0.0
2024-08-02 15:50:00+08:00,0.6399999856948853,0.6399999856948853,0.6399999856948853,0.6399999856948853,100,0.0,0.0
2024-08-02 16:00:00+08:00,0.6399999856948853,0.6399999856948853,0.6349999904632568,0.6399999856948853,130900,0.0,0.0
2024-08-02 16:05:00+08:00,0.6399999856948853,0.6399999856948853,0.6399999856948853,0.6399999856948853,1600,0.0,0.0
2024-08-02 16:10:00+08:00,0.6399999856948853,0.6399999856948853,0.6399999856948853,0.6399999856948853,1500,0.0,0.0
2024-08-02 16:15:00+08:00,0.6399999856948853,0.6399999856948853,0.6399999856948853,0.6399999856948853,200,0.0,0.0
2024-08-02 16:20:00+08:00,0.6399999856948853,0.6399999856948853,0.6399999856948853,0.6399999856948853,6300,0.0,0.0
2024-08-02 16:25:00+08:00,0.6399999856948853,0.6399999856948853,0.6399999856948853,0.6399999856948853,1700,0.0,0.0
2024-08-02 16:30:00+08:00,0.6399999856948853,0.6399999856948853,0.6399999856948853,0.6399999856948853,3900,0.0,0.0
2024-08-02 16:35:00+08:00,0.6399999856948853,0.6399999856948853,0.6399999856948853,0.6399999856948853,1700,0.0,0.0
2024-08-02 16:40:00+08:00,0.6399999856948853,0.6399999856948853,0.6399999856948853,0.6399999856948853,4200,0.0,0.0
2024-08-02 16:45:00+08:00,0.6399999856948853,0.6399999856948853,0.6399999856948853,0.6399999856948853,3800,0.0,0.0
2024-08-02 16:50:00+08:00,0.6399999856948853,0.6399999856948853,0.6399999856948853,0.6399999856948853,6700,0.0,0.0
2024-08-02 16:55:00+08:00,0.6399999856948853,0.6399999856948853,0.6349999904632568,0.6399999856948853,322300,0.0,0.0
2024-08-05 09:00:00+08:00,0.6299999952316284,0.6299999952316284,0.625,0.625,143700,0.0,0.0
2024-08-05 09:05:00+08:00,0.625,0.625,0.6200000047683716,0.6200000047683716,21300,0.0,0.0
2024-08-05 09:10:00+08:00,0.6200000047683716,0.625,0.6200000047683716,0.625,5000,0.0,0.0
2024-08-05 09:15:00+08:00,0.625,0.625,0.625,0.625,20000,0.0,0.0
2024-08-05 09:20:00+08:00,0.625,0.625,0.625,0.625,49600,0.0,0.0
2024-08-05 09:25:00+08:00,0.625,0.625,0.625,0.625,10000,0.0,0.0
2024-08-05 09:30:00+08:00,0.625,0.625,0.625,0.625,22000,0.0,0.0
2024-08-05 09:35:00+08:00,0.625,0.625,0.625,0.625,33900,0.0,0.0
2024-08-05 09:50:00+08:00,0.625,0.625,0.625,0.625,1800,0.0,0.0
2024-08-05 10:05:00+08:00,0.625,0.625,0.6200000047683716,0.6200000047683716,2000,0.0,0.0
2024-08-05 10:10:00+08:00,0.6200000047683716,0.6200000047683716,0.6200000047683716,0.6200000047683716,26000,0.0,0.0
2024-08-05 10:15:00+08:00,0.6200000047683716,0.625,0.6200000047683716,0.625,7600,0.0,0.0
2024-08-05 10:45:00+08:00,0.625,0.625,0.625,0.625,2100,0.0,0.0
2024-08-05 10:50:00+08:00,0.625,0.625,0.6200000047683716,0.6200000047683716,500,0.0,0.0
2024-08-05 11:30:00+08:00,0.6200000047683716,0.6200000047683716,0.6200000047683716,0.6200000047683716,220700,0.0,0.0
2024-08-05 11:35:00+08:00,0.6200000047683716,0.6200000047683716,0.6200000047683716,0.6200000047683716,39000,0.0,0.0
2024-08-05 11:45:00+08:00,0.6200000047683716,0.6200000047683716,0.6200000047683716,0.6200000047683716,26700,0.0,0.0
2024-08-05 12:55:00+08:00,0.6200000047683716,0.6200000047683716,0.6200000047683716,0.6200000047683716,3700,0.0,0.0
2024-08-05 13:00:00+08:00,0.6200000047683716,0.6200000047683716,0.6150000095367432,0.6150000095367432,11000,0.0,0.0
2024-08-05 13:05:00+08:00,0.6150000095367432,0.6150000095367432,0.6150000095367432,0.6150000095367432,62200,0.0,0.0
2024-08-05 13:15:00+08:00,0.6150000095367432,0.6150000095367432,0.6150000095367432,0.6150000095367432,5100,0.0,0.0
2024-08-05 13:20:00+08:00,0.6150000095367432,0.6150000095367432,0.6150000095367432,0.6150000095367432,3000,0.0,0.0
2024-08-05 13:25:00+08:00,0.6150000095367432,0.6150000095367432,0.6100000143051147,0.6100000143051147,200,0.0,0.0
2024-08-05 13:40:00+08:00,0.6100000143051147,0.6100000143051147,0.6100000143051147,0.6100000143051147,20000,0.0,0.0
2024-08-05 13:45:00+08:00,0.6100000143051147,0.6100000143051147,0.6100000143051147,0.6100000143051147,86900,0.0,0.0
2024-08-05 13:50:00+08:00,0.6100000143051147,0.6100000143051147,0.6100000143051147,0.6100000143051147,20000,0.0,0.0
2024-08-05 14:00:00+08:00,0.6100000143051147,0.6100000143051147,0.6050000190734863,0.6050000190734863,7500,0.0,0.0
2024-08-05 14:05:00+08:00,0.6050000190734863,0.6100000143051147,0.6050000190734863,0.6100000143051147,21000,0.0,0.0
2024-08-05 14:10:00+08:00,0.6100000143051147,0.6100000143051147,0.6100000143051147,0.6100000143051147,20000,0.0,0.0
2024-08-05 14:20:00+08:00,0.6100000143051147,0.6100000143051147,0.6100000143051147,0.6100000143051147,15000,0.0,0.0
2024-08-05 14:25:00+08:00,0.6100000143051147,0.6100000143051147,0.6100000143051147,0.6100000143051147,20000,0.0,0.0
2024-08-05 14:35:00+08:00,0.6100000143051147,0.6100000143051147,0.6050000190734863,0.6050000190734863,29900,0.0,0.0
2024-08-05 14:40:00+08:00,0.6050000190734863,0.6050000190734863,0.6050000190734863,0.6050000190734863,9900,0.0,0.0
2024-08-05 14:55:00+08:00,0.6050000190734863,0.6050000190734863,0.6050000190734863,0.6050000190734863,50000,0.0,0.0
2024-08-05 15:00:00+08:00,0.6050000190734863,0.6050000190734863,0.6000000238418579,0.6000000238418579,173000,0.0,0.0
2024-08-05 15:10:00+08:00,0.6000000238418579,0.6000000238418579,0.6000000238418579,0.6000000238418579,98400,0.0,0.0
2024-08-05 15:15:00+08:00,0.6000000238418579,0.6050000190734863,0.6000000238418579,0.6050000190734863,5000,0.0,0.0
2024-08-05 15:20:00+08:00,0.6050000190734863,0.6050000190734863,0.6000000238418579,0.6000000238418579,130100,0.0,0.0
2024-08-05 15:35:00+08:00,0.6000000238418579,0.6050000190734863,0.6000000238418579,0.6050000190734863,4100,0.0,0.0
2024-08-05 15:45:00+08:00,0.6050000190734863,0.6050000190734863,0.6050000190734863,0.6050000190734863,1500,0.0,0.0
2024-08-05 15:50:00+08:00,0.6050000190734863,0.6050000190734863,0.6050000190734863,0.6050000190734863,55600,0.0,0.0
2024-08-05 16:15:00+08:00,0.6050000190734863,0.6050000190734863,0.6050000190734863,0.6050000190734863,1000,0.0,0.0
2024-08-05 16:30:00+08:00,0.6050000190734863,0.6100000143051147,0.6050000190734863,0.6050000190734863,6700,0.0,0.0
2024-08-05 16:50:00+08:00,0.6050000190734863,0.6100000143051147,0.6050000190734863,0.6100000143051147,27400,0.0,0.0
2024-08-05 16:55:00+08:00,0.6100000143051147,0.6100000143051147,0.6100000143051147,0.6100000143051147,12200,0.0,0.0
2024-08-06 09:00:00+08:00,0.6100000143051147,0.6100000143051147,0.6050000190734863,0.6050000190734863,10000,0.0,0.0
2024-08-06 09:10:00+08:00,0.6050000190734863,0.6050000190734863,0.6050000190734863,0.6050000190734863,34100,0.0,0.0
2024-08-06 09:15:00+08:00,0.6050000190734863,0.6050000190734863,0.6050000190734863,0.6050000190734863,17600,0.0,0.0
2024-08-06 09:30:00+08:00,0.6050000190734863,0.6050000190734863,0.6050000190734863,0.6050000190734863,3000,0.0,0.0
2024-08-06 09:55:00+08:00,0.6050000190734863,0.6050000190734863,0.6050000190734863,0.6050000190734863,10000,0.0,0.0
2024-08-06 10:30:00+08:00,0.6050000190734863,0.6050000190734863,0.6000000238418579,0.6050000190734863,68600,0.0,0.0
2024-08-06 10:35:00+08:00,0.6050000190734863,0.6050000190734863,0.6050000190734863,0.6050000190734863,27400,0.0,0.0
2024-08-06 11:20:00+08:00,0.6050000190734863,0.6050000190734863,0.6000000238418579,0.6050000190734863,113100,0.0,0.0
2024-08-06 11:25:00+08:00,0.6050000190734863,0.6050000190734863,0.6000000238418579,0.6000000238418579,15000,0.0,0.0
2024-08-06 11:30:00+08:00,0.6000000238418579,0.6050000190734863,0.6000000238418579,0.6050000190734863,2400,0.0,0.0
2024-08-06 11:35:00+08:00,0.6050000190734863,0.6050000190734863,0.6000000238418579,0.6050000190734863,10200,0.0,0.0
2024-08-06 11:40:00+08:00,0.6050000190734863,0.6050000190734863,0.6050000190734863,0.6050000190734863,45300,0.0,0.0
2024-08-06 11:45:00+08:00,0.6050000190734863,0.6050000190734863,0.6050000190734863,0.6050000190734863,13900,0.0,0.0
2024-08-06 11:50:00+08:00,0.6050000190734863,0.6050000190734863,0.6050000190734863,0.6050000190734863,21800,0.0,0.0
2024-08-06 12:55:00+08:00,0.6100000143051147,0.6100000143051147,0.6100000143051147,0.6100000143051147,1000,0.0,0.0
2024-08-06 13:05:00+08:00,0.6050000190734863,0.6050000190734863,0.6050000190734863,0.6050000190734863,0,0.0,0.0
2024-08-06 13:20:00+08:00,0.6050000190734863,0.6050000190734863,0.6050000190734863,0.6050000190734863,578000,0.0,0.0
2024-08-06 13:25:00+08:00,0.6050000190734863,0.6050000190734863,0.6050000190734863,0.6050000190734863,92900,0.0,0.0
2024-08-06 13:50:00+08:00,0.6050000190734863,0.6050000190734863,0.6050000190734863,0.6050000190734863,5000,0.0,0.0
2024-08-06 13:55:00+08:00,0.6050000190734863,0.6050000190734863,0.6050000190734863,0.6050000190734863,107100,0.0,0.0
2024-08-06 14:00:00+08:00,0.6050000190734863,0.6050000190734863,0.6050000190734863,0.6050000190734863,2000,0.0,0.0
2024-08-06 14:05:00+08:00,0.6050000190734863,0.6050000190734863,0.6050000190734863,0.6050000190734863,20000,0.0,0.0
2024-08-06 14:15:00+08:00,0.6050000190734863,0.6050000190734863,0.6050000190734863,0.6050000190734863,46100,0.0,0.0
2024-08-06 14:20:00+08:00,0.6050000190734863,0.6050000190734863,0.6050000190734863,0.6050000190734863,53900,0.0,0.0
2024-08-06 15:00:00+08:00,0.6050000190734863,0.6050000190734863,0.6050000190734863,0.6050000190734863,1100,0.0,0.0
2024-08-06 15:20:00+08:00,0.6050000190734863,0.6100000143051147,0.6050000190734863,0.6100000143051147,50000,0.0,0.0
2024-08-06 15:35:00+08:00,0.6100000143051147,0.6100000143051147,0.6050000190734863,0.6050000190734863,30000,0.0,0.0
2024-08-06 15:45:00+08:00,0.6050000190734863,0.6050000190734863,0.6050000190734863,0.6050000190734863,2500,0.0,0.0
2024-08-06 15:55:00+08:00,0.6050000190734863,0.6050000190734863,0.6050000190734863,0.6050000190734863,50000,0.0,0.0
2024-08-06 16:05:00+08:00,0.6050000190734863,0.6050000190734863,0.6050000190734863,0.6050000190734863,2200,0.0,0.0
2024-08-06 16:15:00+08:00,0.6050000190734863,0.6050000190734863,0.6050000190734863,0.6050000190734863,10000,0.0,0.0
2024-08-06 16:20:00+08:00,0.6050000190734863,0.6100000143051147,0.6050000190734863,0.6100000143051147,59700,0.0,0.0
2024-08-06 16:25:00+08:00,0.6100000143051147,0.6100000143051147,0.6100000143051147,0.6100000143051147,29800,0.0,0.0
2024-08-06 16:45:00+08:00,0.6100000143051147,0.6100000143051147,0.6100000143051147,0.6100000143051147,52500,0.0,0.0
2024-08-06 16:50:00+08:00,0.6100000143051147,0.6150000095367432,0.6100000143051147,0.6150000095367432,28700,0.0,0.0
2024-08-06 16:55:00+08:00,0.6150000095367432,0.6150000095367432,0.6100000143051147,0.6100000143051147,10700,0.0,0.0
2024-08-07 09:40:00+08:00,0.6100000143051147,0.6100000143051147,0.6100000143051147,0.6100000143051147,100,0.0,0.0
2024-08-07 09:50:00+08:00,0.6100000143051147,0.6100000143051147,0.6100000143051147,0.6100000143051147,113200,0.0,0.0
2024-08-07 10:00:00+08:00,0.6100000143051147,0.6100000143051147,0.6100000143051147,0.6100000143051147,800,0.0,0.0
2024-08-07 10:10:00+08:00,0.6100000143051147,0.6150000095367432,0.6100000143051147,0.6150000095367432,17400,0.0,0.0
2024-08-07 10:20:00+08:00,0.6150000095367432,0.6150000095367432,0.6150000095367432,0.6150000095367432,5000,0.0,0.0
2024-08-07 10:55:00+08:00,0.6150000095367432,0.6150000095367432,0.6150000095367432,0.6150000095367432,73500,0.0,0.0
2024-08-07 11:00:00+08:00,0.6150000095367432,0.6150000095367432,0.6150000095367432,0.6150000095367432,50100,0.0,0.0
2024-08-07 11:10:00+08:00,0.6150000095367432,0.6150000095367432,0.6150000095367432,0.6150000095367432,10000,0.0,0.0
2024-08-07 11:55:00+08:00,0.6150000095367432,0.6150000095367432,0.6150000095367432,0.6150000095367432,25600,0.0,0.0
2024-08-07 12:55:00+08:00,0.6200000047683716,0.6200000047683716,0.6200000047683716,0.6200000047683716,65600,0.0,0.0
2024-08-07 13:20:00+08:00,0.6200000047683716,0.6200000047683716,0.6200000047683716,0.6200000047683716,82900,0.0,0.0
2024-08-07 13:55:00+08:00,0.6200000047683716,0.6200000047683716,0.6150000095367432,0.6150000095367432,14200,0.0,0.0
2024-08-07 15:05:00+08:00,0.6150000095367432,0.6200000047683716,0.6150000095367432,0.6200000047683716,10000,0.0,0.0
2024-08-07 15:10:00+08:00,0.6200000047683716,0.6200000047683716,0.6200000047683716,0.6200000047683716,12000,0.0,0.0
2024-08-07 15:40:00+08:00,0.6200000047683716,0.6200000047683716,0.6200000047683716,0.6200000047683716,10000,0.0,0.0
2024-08-07 15:45:00+08:00,0.6200000047683716,0.6200000047683716,0.6200000047683716,0.6200000047683716,10000,0.0,0.0
2024-08-07 15:50:00+08:00,0.6200000047683716,0.6200000047683716,0.6200000047683716,0.6200000047683716,5000,0.0,0.0
2024-08-07 16:10:00+08:00,0.6200000047683716,0.6200000047683716,0.6200000047683716,0.6200000047683716,80700,0.0,0.0
2024-08-07 16:30:00+08:00,0.6200000047683716,0.6200000047683716,0.6200000047683716,0.6200000047683716,37000,0.0,0.0
2024-08-07 16:45:00+08:00,0.6200000047683716,0.6200000047683716,0.6200000047683716,0.6200000047683716,15200,0.0,0.0
2024-08-07 16:50:00+08:00,0.6200000047683716,0.6200000047683716,0.6150000095367432,0.6150000095367432,17500,0.0,0.0
2024-08-07 16:55:00+08:00,0.6150000095367432,0.6200000047683716,0.6150000095367432,0.6200000047683716,200,0.0,0.0
2024-08-08 09:00:00+08:00,0.6000000238418579,0.6000000238418579,0.5849999785423279,0.5849999785423279,249800,0.0,0.0
2024-08-08 09:10:00+08:00,0.5849999785423279,0.5899999737739563,0.5849999785423279,0.5899999737739563,5000,0.0,0.0
2024-08-08 09:15:00+08:00,0.5899999737739563,0.5899999737739563,0.5899999737739563,0.5899999737739563,29300,0.0,0.0
2024-08-08 09:35:00+08:00,0.5899999737739563,0.5899999737739563,0.5899999737739563,0.5899999737739563,17900,0.0,0.0
2024-08-08 10:00:00+08:00,0.5899999737739563,0.5899999737739563,0.5849999785423279,0.5849999785423279,26500,0.0,0.0
2024-08-08 10:05:00+08:00,0.5849999785423279,0.5899999737739563,0.5849999785423279,0.5899999737739563,62100,0.0,0.0
2024-08-08 10:20:00+08:00,0.5899999737739563,0.5899999737739563,0.5899999737739563,0.5899999737739563,18400,0.0,0.0
2024-08-08 10:25:00+08:00,0.5899999737739563,0.5899999737739563,0.5899999737739563,0.5899999737739563,800,0.0,0.0
2024-08-08 10:30:00+08:00,0.5899999737739563,0.5950000286102295,0.5899999737739563,0.5950000286102295,500,0.0,0.0
2024-08-08 11:00:00+08:00,0.5950000286102295,0.5950000286102295,0.5950000286102295,0.5950000286102295,56700,0.0,0.0
2024-08-08 11:15:00+08:00,0.5950000286102295,0.6000000238418579,0.5950000286102295,0.6000000238418579,4000,0.0,0.0
2024-08-08 11:55:00+08:00,0.6000000238418579,0.6000000238418579,0.5950000286102295,0.5950000286102295,7100,0.0,0.0
2024-08-08 13:35:00+08:00,0.5950000286102295,0.5950000286102295,0.5899999737739563,0.5899999737739563,66100,0.0,0.0
2024-08-08 14:05:00+08:00,0.5899999737739563,0.5899999737739563,0.5849999785423279,0.5849999785423279,140900,0.0,0.0
2024-08-08 14:10:00+08:00,0.5849999785423279,0.5899999737739563,0.5849999785423279,0.5899999737739563,300,0.0,0.0
2024-08-08 14:30:00+08:00,0.5899999737739563,0.5899999737739563,0.5849999785423279,0.5899999737739563,31800,0.0,0.0
2024-08-08 14:35:00+08:00,0.5899999737739563,0.5899999737739563,0.5899999737739563,0.5899999737739563,400,0.0,0.0
2024-08-08 15:10:00+08:00,0.5899999737739563,0.5899999737739563,0.5899999737739563,0.5899999737739563,82100,0.0,0.0
2024-08-08 15:25:00+08:00,0.5899999737739563,0.5899999737739563,0.5899999737739563,0.5899999737739563,13000,0.0,0.0
2024-08-08 16:30:00+08:00,0.5899999737739563,0.5899999737739563,0.5899999737739563,0.5899999737739563,1000,0.0,0.0
2024-08-08 16:45:00+08:00,0.5899999737739563,0.5899999737739563,0.5849999785423279,0.5849999785423279,10000,0.0,0.0
2024-08-08 16:50:00+08:00,0.5849999785423279,0.5849999785423279,0.5849999785423279,0.5849999785423279,800,0.0,0.0
