Datetime,Open,High,Low,Close,Volume,Dividends,Stock Splits
2022-11-03 11:30:00-04:00,11.0,11.520000457763672,11.0,11.140000343322754,2429,0.0,0.0
2022-11-04 12:30:00-04:00,10.899999618530273,11.1899995803833,10.880000114440918,11.010000228881836,1018,0.0,0.0
2022-11-07 13:30:00-05:00,10.9399995803833,10.9399995803833,10.930000305175781,10.930000305175781,0,0.0,0.0
2022-11-08 12:30:00-05:00,10.859999656677246,10.899999618530273,10.510000228881836,10.649999618530273,1806,0.0,0.0
2022-11-09 15:30:00-05:00,10.850000381469727,10.850000381469727,10.84000015258789,10.84000015258789,0,0.0,0.0
2022-11-10 12:30:00-05:00,10.619999885559082,10.619999885559082,10.619999885559082,10.619999885559082,442,0.0,0.0
2022-11-11 14:30:00-05:00,10.75,10.75,10.75,10.75,0,0.0,0.0
2022-11-11 15:30:00-05:00,10.845000267028809,10.845000267028809,10.845000267028809,10.845000267028809,112,0.0,0.0
2022-11-14 09:30:00-05:00,10.523300170898438,10.576800346374512,10.523300170898438,10.576800346374512,269,0.0,0.0
2022-11-21 09:30:00-05:00,10.576800346374512,10.576800346374512,10.576800346374512,10.576800346374512,0,0.0,0.0
2022-11-22 09:30:00-05:00,10.576800346374512,10.576800346374512,10.576800346374512,10.576800346374512,0,0.0,0.0
2022-11-23 09:30:00-05:00,10.576800346374512,10.576800346374512,10.576800346374512,10.576800346374512,0,0.0,0.0
2022-11-25 09:30:00-05:00,10.576800346374512,10.576800346374512,10.576800346374512,10.576800346374512,35,0.0,0.0
2022-11-29 15:30:00-05:00,10.699999809265137,10.699999809265137,10.699999809265137,10.699999809265137,259,0.0,0.0
2022-11-30 14:30:00-05:00,10.669099807739258,10.67300033569336,10.669099807739258,10.67300033569336,401,0.0,0.0
2022-12-05 13:30:00-05:00,10.850000381469727,10.850000381469727,10.850000381469727,10.850000381469727,174,0.0,0.0
2022-12-06 09:30:00-05:00,10.859999656677246,10.859999656677246,10.859999656677246,10.859999656677246,0,0.0,0.0
2022-12-07 09:30:00-05:00,10.449999809265137,10.869999885559082,10.449999809265137,10.869999885559082,1683,0.0,0.0
2022-12-07 15:30:00-05:00,10.664999961853027,10.664999961853027,10.510000228881836,10.510000228881836,737,0.0,0.0
2022-12-08 14:30:00-05:00,10.510000228881836,10.510000228881836,10.510000228881836,10.510000228881836,22,0.0,0.0
2022-12-09 09:30:00-05:00,10.760000228881836,10.760000228881836,10.760000228881836,10.760000228881836,0,0.0,0.0
2022-12-13 09:30:00-05:00,10.680000305175781,10.680000305175781,10.680000305175781,10.680000305175781,193,0.0,0.0
2022-12-15 09:30:00-05:00,10.369999885559082,10.369999885559082,10.359999656677246,10.360099792480469,2343,0.0,0.0
2022-12-16 09:30:00-05:00,10.109999656677246,10.260000228881836,10.109999656677246,10.260000228881836,0,0.0,0.0
2022-12-21 12:30:00-05:00,10.0,10.0,10.0,10.0,0,0.0,0.0
2022-12-21 13:30:00-05:00,10.0,10.0,10.0,10.0,406,0.0,0.0
2022-12-21 14:30:00-05:00,10.0,10.0,10.0,10.0,534,0.0,0.0
2022-12-21 15:30:00-05:00,10.0,10.0,10.0,10.0,308,0.0,0.0
2022-12-22 09:30:00-05:00,9.949999809265137,9.949999809265137,9.949999809265137,9.949999809265137,0,0.0,0.0
2022-12-23 12:30:00-05:00,10.100000381469727,10.100000381469727,10.100000381469727,10.100000381469727,0,0.0,0.0
2022-12-28 12:30:00-05:00,10.010000228881836,10.024999618530273,10.0,10.0,362,0.0,0.0
2022-12-28 15:30:00-05:00,10.0,10.0,10.0,10.0,0,0.0,0.0
2022-12-29 09:30:00-05:00,9.930000305175781,9.930100440979004,9.899999618530273,9.899999618530273,1172,0.0,0.0
2022-12-29 14:30:00-05:00,10.113900184631348,10.113900184631348,10.113900184631348,10.113900184631348,100,0.0,0.0
2022-12-30 15:30:00-05:00,9.949999809265137,9.949999809265137,9.949999809265137,9.949999809265137,0,0.0,0.0
2023-01-03 09:30:00-05:00,9.890000343322754,9.899999618530273,9.890000343322754,9.89330005645752,477,0.0,0.0
2023-01-03 13:30:00-05:00,10.069999694824219,10.09000015258789,10.069999694824219,10.087300300598145,939,0.0,0.0
2023-01-03 15:30:00-05:00,10.021699905395508,10.021699905395508,10.021699905395508,10.021699905395508,100,0.0,0.0
2023-01-04 14:30:00-05:00,9.96500015258789,9.96500015258789,9.96500015258789,9.96500015258789,0,0.0,0.0
2023-01-06 11:30:00-05:00,9.92300033569336,9.92300033569336,9.92300033569336,9.92300033569336,66,0.0,0.0
2023-01-06 14:30:00-05:00,10.020000457763672,10.020000457763672,10.020000457763672,10.020000457763672,100,0.0,0.0
2023-01-06 15:30:00-05:00,9.989999771118164,9.989999771118164,9.989999771118164,9.989999771118164,100,0.0,0.0
2023-01-09 09:30:00-05:00,10.010000228881836,10.020000457763672,10.010000228881836,10.020000457763672,10,0.0,0.0
2023-01-10 11:30:00-05:00,10.04740047454834,10.04740047454834,10.04740047454834,10.04740047454834,0,0.0,0.0
2023-01-10 15:30:00-05:00,9.988100051879883,10.0600004196167,9.988100051879883,10.0600004196167,330,0.0,0.0
2023-01-12 12:30:00-05:00,10.260000228881836,10.279999732971191,10.260000228881836,10.279999732971191,511,0.0,0.0
2023-01-12 13:30:00-05:00,10.234700202941895,10.260000228881836,10.135199546813965,10.135199546813965,600,0.0,0.0
2023-01-13 12:30:00-05:00,10.260000228881836,10.497300148010254,10.260000228881836,10.479999542236328,1300,0.0,0.0
2023-01-13 13:30:00-05:00,10.430000305175781,10.489999771118164,10.430000305175781,10.489999771118164,1084,0.0,0.0
2023-01-20 09:30:00-05:00,10.149999618530273,10.350000381469727,9.898699760437012,10.350000381469727,2480,0.0,0.0
2023-01-20 14:30:00-05:00,10.149900436401367,10.149900436401367,10.14169979095459,10.14169979095459,627,0.0,0.0
2023-01-23 11:30:00-05:00,10.45989990234375,10.45989990234375,10.45989990234375,10.45989990234375,0,0.0,0.0
2023-01-23 12:30:00-05:00,10.249899864196777,10.249899864196777,10.249899864196777,10.249899864196777,120,0.0,0.0
2023-01-23 14:30:00-05:00,10.175000190734863,10.1899995803833,10.175000190734863,10.1899995803833,269,0.0,0.0
2023-01-23 15:30:00-05:00,10.15999984741211,10.15999984741211,10.100000381469727,10.140000343322754,1045,0.0,0.0
2023-01-24 09:30:00-05:00,10.180000305175781,10.180000305175781,10.180000305175781,10.180000305175781,0,0.0,0.0
2023-01-25 12:30:00-05:00,10.170000076293945,10.170000076293945,10.010000228881836,10.010000228881836,1025,0.0,0.0
2023-01-25 14:30:00-05:00,10.09000015258789,10.09000015258789,10.09000015258789,10.09000015258789,289,0.0,0.0
2023-01-26 09:30:00-05:00,10.050299644470215,10.069999694824219,9.965900421142578,10.050299644470215,0,0.0,0.0
2023-01-26 10:30:00-05:00,10.050299644470215,10.079999923706055,9.962599754333496,10.045000076293945,1017,0.0,0.0
2023-01-26 12:30:00-05:00,10.027899742126465,10.0600004196167,10.027899742126465,10.029999732971191,1042,0.0,0.0
2023-01-26 15:30:00-05:00,10.038999557495117,10.039999961853027,10.038999557495117,10.039999961853027,407,0.0,0.0
2023-01-27 11:30:00-05:00,10.100000381469727,10.100000381469727,10.025400161743164,10.099900245666504,1522,0.0,0.0
2023-01-30 15:30:00-05:00,9.975000381469727,9.989999771118164,9.975000381469727,9.989999771118164,243,0.0,0.0
2023-01-31 11:30:00-05:00,9.989899635314941,9.989899635314941,9.989899635314941,9.989899635314941,0,0.0,0.0
2023-01-31 12:30:00-05:00,9.989999771118164,9.999899864196777,9.98900032043457,9.999899864196777,706,0.0,0.0
2023-01-31 14:30:00-05:00,9.989899635314941,9.989899635314941,9.989899635314941,9.989899635314941,232,0.0,0.0
2023-02-01 10:30:00-05:00,9.989999771118164,9.989999771118164,9.989999771118164,9.989999771118164,0,0.0,0.0
2023-02-01 14:30:00-05:00,9.949999809265137,9.969900131225586,9.949999809265137,9.969900131225586,350,0.0,0.0
2023-02-02 09:30:00-05:00,10.119999885559082,10.119999885559082,10.119999885559082,10.119999885559082,307,0.0,0.0
2023-02-02 12:30:00-05:00,10.109999656677246,10.109999656677246,10.0600004196167,10.109999656677246,1026,0.0,0.0
2023-02-02 14:30:00-05:00,10.010000228881836,10.079999923706055,10.0,10.079999923706055,631,0.0,0.0
2023-02-02 15:30:00-05:00,10.064800262451172,10.064800262451172,10.064800262451172,10.064800262451172,101,0.0,0.0
2023-02-06 15:30:00-05:00,9.90999984741211,9.90999984741211,9.90999984741211,9.90999984741211,0,0.0,0.0
2023-02-07 09:30:00-05:00,9.850000381469727,9.899999618530273,9.850000381469727,9.899999618530273,3777,0.0,0.0
2023-02-07 11:30:00-05:00,9.869999885559082,9.869999885559082,9.859999656677246,9.859999656677246,1220,0.0,0.0
2023-02-07 12:30:00-05:00,9.850000381469727,9.851099967956543,9.835000038146973,9.835000038146973,1412,0.0,0.0
2023-02-07 13:30:00-05:00,9.829999923706055,9.859999656677246,9.829999923706055,9.85990047454834,1346,0.0,0.0
2023-02-07 14:30:00-05:00,9.833800315856934,9.859999656677246,9.833800315856934,9.859999656677246,1510,0.0,0.0
2023-02-08 09:30:00-05:00,9.8100004196167,9.8100004196167,9.710000038146973,9.710000038146973,0,0.0,0.0
2023-02-08 11:30:00-05:00,9.850000381469727,9.858499526977539,9.850000381469727,9.858499526977539,985,0.0,0.0
2023-02-08 12:30:00-05:00,9.850000381469727,9.850000381469727,9.850000381469727,9.850000381469727,225,0.0,0.0
2023-02-08 13:30:00-05:00,9.850000381469727,9.850000381469727,9.849900245666504,9.849900245666504,202,0.0,0.0
2023-02-08 15:30:00-05:00,9.795000076293945,9.829899787902832,9.795000076293945,9.829899787902832,300,0.0,0.0
2023-02-09 09:30:00-05:00,9.800100326538086,9.800100326538086,9.69789981842041,9.69789981842041,0,0.0,0.0
2023-02-09 11:30:00-05:00,9.652299880981445,9.76710033416748,9.5,9.5,4964,0.0,0.0
2023-02-09 12:30:00-05:00,9.649999618530273,9.649999618530273,9.649999618530273,9.649999618530273,200,0.0,0.0
2023-02-09 13:30:00-05:00,9.829999923706055,9.829999923706055,9.829999923706055,9.829999923706055,100,0.0,0.0
2023-02-09 14:30:00-05:00,9.510000228881836,9.628999710083008,9.510000228881836,9.628999710083008,304,0.0,0.0
2023-02-09 15:30:00-05:00,9.671199798583984,9.671199798583984,9.671199798583984,9.671199798583984,0,0.0,0.0
2023-02-10 09:30:00-05:00,9.890000343322754,9.890000343322754,9.890000343322754,9.890000343322754,100,0.0,0.0
2023-02-10 10:30:00-05:00,9.680000305175781,9.680000305175781,9.680000305175781,9.680000305175781,300,0.0,0.0
2023-02-10 12:30:00-05:00,9.75,9.75,9.75,9.75,200,0.0,0.0
2023-02-10 15:30:00-05:00,9.699999809265137,9.699999809265137,9.699999809265137,9.699999809265137,101,0.0,0.0
2023-02-13 10:30:00-05:00,9.699999809265137,9.699999809265137,9.699999809265137,9.699999809265137,0,0.0,0.0
2023-02-13 11:30:00-05:00,10.000100135803223,10.000100135803223,9.970000267028809,9.970000267028809,7329,0.0,0.0
2023-02-13 15:30:00-05:00,9.819999694824219,9.819999694824219,9.819999694824219,9.819999694824219,166,0.0,0.0
2023-02-14 09:30:00-05:00,9.65999984741211,9.65999984741211,9.649999618530273,9.649999618530273,0,0.0,0.0
2023-02-14 11:30:00-05:00,9.819999694824219,9.819999694824219,9.819999694824219,9.819999694824219,6696,0.0,0.0
2023-02-14 14:30:00-05:00,9.6899995803833,9.6899995803833,9.6899995803833,9.6899995803833,1584,0.0,0.0
2023-02-15 10:30:00-05:00,9.739999771118164,9.739999771118164,9.65999984741211,9.65999984741211,486,0.0,0.0
2023-02-15 12:30:00-05:00,9.673299789428711,9.673299789428711,9.673299789428711,9.673299789428711,13499,0.0,0.0
2023-02-16 12:30:00-05:00,9.930000305175781,10.0,9.930000305175781,10.0,6052,0.0,0.0
2023-02-16 13:30:00-05:00,9.739500045776367,9.739500045776367,9.739500045776367,9.739500045776367,0,0.0,0.0
2023-02-17 12:30:00-05:00,9.699999809265137,9.786700248718262,9.539999961853027,9.630200386047363,1668,0.0,0.0
2023-02-17 13:30:00-05:00,9.646599769592285,9.646599769592285,9.600000381469727,9.600000381469727,459,0.0,0.0
2023-02-21 12:30:00-05:00,9.600099563598633,9.600099563598633,9.600099563598633,9.600099563598633,584,0.0,0.0
2023-02-21 13:30:00-05:00,9.600000381469727,9.723799705505371,9.600000381469727,9.70199966430664,1692,0.0,0.0
2023-02-22 11:30:00-05:00,9.84000015258789,9.84000015258789,9.84000015258789,9.84000015258789,3136,0.0,0.0
2023-02-23 14:30:00-05:00,9.704999923706055,9.704999923706055,9.704999923706055,9.704999923706055,0,0.0,0.0
2023-02-24 09:30:00-05:00,9.699999809265137,9.699999809265137,9.699999809265137,9.699999809265137,826,0.0,0.0
2023-02-24 10:30:00-05:00,9.710000038146973,9.710000038146973,9.710000038146973,9.710000038146973,106,0.0,0.0
2023-02-24 11:30:00-05:00,9.970000267028809,9.970000267028809,9.970000267028809,9.970000267028809,141,0.0,0.0
2023-02-27 13:30:00-05:00,10.20989990234375,10.20989990234375,10.20989990234375,10.20989990234375,241,0.0,0.0
2023-02-28 09:30:00-05:00,9.899999618530273,10.030099868774414,9.899999618530273,10.030099868774414,578,0.0,0.0
2023-02-28 10:30:00-05:00,10.030099868774414,10.030099868774414,10.029999732971191,10.030099868774414,507,0.0,0.0
2023-02-28 11:30:00-05:00,10.029999732971191,10.199999809265137,10.029999732971191,10.199999809265137,0,0.0,0.0
2023-03-03 12:30:00-05:00,9.899999618530273,9.899999618530273,9.899999618530273,9.899999618530273,255,0.0,0.0
2023-03-07 14:30:00-05:00,9.899999618530273,9.930000305175781,9.899999618530273,9.930000305175781,214,0.0,0.0
2023-03-07 15:30:00-05:00,9.650099754333496,9.850000381469727,9.649999618530273,9.850000381469727,0,0.0,0.0
2023-03-08 12:30:00-05:00,9.776900291442871,9.906100273132324,9.75,9.75,1957,0.0,0.0
2023-03-08 13:30:00-05:00,10.029999732971191,10.029999732971191,10.029999732971191,10.029999732971191,128,0.0,0.0
2023-03-08 14:30:00-05:00,10.010000228881836,10.010000228881836,10.010000228881836,10.010000228881836,101,0.0,0.0
2023-03-13 14:30:00-04:00,9.610699653625488,9.610699653625488,9.610699653625488,9.610699653625488,0,0.0,0.0
2023-03-13 15:30:00-04:00,9.600099563598633,9.600099563598633,9.600099563598633,9.600099563598633,0,0.0,0.0
2023-03-14 10:30:00-04:00,9.85789966583252,9.85789966583252,9.85789966583252,9.85789966583252,485,0.0,0.0
2023-03-15 11:30:00-04:00,9.960000038146973,9.960000038146973,9.960000038146973,9.960000038146973,0,0.0,0.0
2023-03-15 12:30:00-04:00,9.59000015258789,9.620400428771973,9.579999923706055,9.579999923706055,1100,0.0,0.0
2023-03-16 14:30:00-04:00,9.859999656677246,9.859999656677246,9.859999656677246,9.859999656677246,0,0.0,0.0
2023-03-20 11:30:00-04:00,9.850000381469727,9.850000381469727,9.850000381469727,9.850000381469727,116,0.0,0.0
2023-03-22 14:30:00-04:00,9.609999656677246,9.8100004196167,9.529999732971191,9.8100004196167,1848,0.0,0.0
2023-03-23 11:30:00-04:00,9.710000038146973,9.713000297546387,9.709500312805176,9.713000297546387,280,0.0,0.0
2023-03-24 10:30:00-04:00,9.65999984741211,9.65999984741211,9.65999984741211,9.65999984741211,296,0.0,0.0
2023-03-24 12:30:00-04:00,9.539999961853027,9.539999961853027,9.539999961853027,9.539999961853027,556,0.0,0.0
2023-03-24 13:30:00-04:00,9.510000228881836,9.510000228881836,9.510000228881836,9.510000228881836,349,0.0,0.0
2023-03-24 15:30:00-04:00,9.510000228881836,9.510000228881836,9.510000228881836,9.510000228881836,102,0.0,0.0
2023-03-27 09:30:00-04:00,9.5,9.5,9.210000038146973,9.244000434875488,0,0.0,0.0
2023-03-27 10:30:00-04:00,9.479999542236328,9.479999542236328,9.479999542236328,9.479999542236328,154,0.0,0.0
2023-03-28 09:30:00-04:00,8.600000381469727,9.180000305175781,8.600000381469727,8.989999771118164,1860,0.0,0.0
2023-03-28 10:30:00-04:00,9.010000228881836,9.25,9.010000228881836,9.1899995803833,1892,0.0,0.0
2023-03-29 15:30:00-04:00,9.210000038146973,9.210000038146973,9.210000038146973,9.210000038146973,0,0.0,0.0
2023-03-30 10:30:00-04:00,9.210000038146973,9.210000038146973,9.210000038146973,9.210000038146973,0,0.0,0.0
2023-03-30 12:30:00-04:00,9.199999809265137,9.199999809265137,9.199999809265137,9.199999809265137,108,0.0,0.0
2023-03-30 15:30:00-04:00,9.095000267028809,9.095000267028809,9.095000267028809,9.095000267028809,0,0.0,0.0
2023-03-31 11:30:00-04:00,9.199999809265137,9.210000038146973,9.199999809265137,9.210000038146973,2395,0.0,0.0
2023-03-31 13:30:00-04:00,9.119999885559082,9.210000038146973,9.0600004196167,9.210000038146973,2150,0.0,0.0
2023-04-03 13:30:00-04:00,9.979900360107422,9.979900360107422,9.979900360107422,9.979900360107422,101,0.0,0.0
2023-04-05 14:30:00-04:00,9.613200187683105,9.613200187683105,9.100099563598633,9.100099563598633,196,0.0,0.0
2023-04-05 15:30:00-04:00,9.150099754333496,9.150099754333496,9.150099754333496,9.150099754333496,100,0.0,0.0
2023-04-11 14:30:00-04:00,9.529999732971191,9.880000114440918,9.529999732971191,9.880000114440918,2631,0.0,0.0
2023-04-13 13:30:00-04:00,9.84000015258789,9.84000015258789,9.84000015258789,9.84000015258789,183,0.0,0.0
2023-04-14 12:30:00-04:00,9.801600456237793,9.829999923706055,9.706000328063965,9.829999923706055,993,0.0,0.0
2023-04-14 14:30:00-04:00,9.5600004196167,9.5600004196167,9.5600004196167,9.5600004196167,290,0.0,0.0
2023-04-17 10:30:00-04:00,9.560099601745605,9.560099601745605,9.560099601745605,9.560099601745605,0,0.0,0.0
2023-04-17 12:30:00-04:00,9.75,9.75,9.75,9.75,134,0.0,0.0
2023-04-18 09:30:00-04:00,9.6899995803833,9.6899995803833,9.6899995803833,9.6899995803833,0,0.0,0.0
2023-04-18 10:30:00-04:00,9.640000343322754,9.640000343322754,9.640000343322754,9.640000343322754,0,0.0,0.0
2023-04-18 12:30:00-04:00,9.569999694824219,9.630000114440918,9.569999694824219,9.630000114440918,994,0.0,0.0
2023-04-18 13:30:00-04:00,9.560099601745605,9.560099601745605,9.560099601745605,9.560099601745605,294,0.0,0.0
2023-04-18 14:30:00-04:00,9.86989974975586,9.869999885559082,9.86989974975586,9.869999885559082,200,0.0,0.0
2023-04-19 12:30:00-04:00,9.850000381469727,9.850000381469727,9.850000381469727,9.850000381469727,287,0.0,0.0
2023-04-20 13:30:00-04:00,9.949999809265137,9.949999809265137,9.949999809265137,9.949999809265137,0,0.0,0.0
2023-04-20 14:30:00-04:00,9.69789981842041,9.69789981842041,9.69789981842041,9.69789981842041,750,0.0,0.0
2023-04-24 14:30:00-04:00,9.5600004196167,9.5600004196167,9.5600004196167,9.5600004196167,0,0.0,0.0
2023-04-24 15:30:00-04:00,9.595199584960938,9.595199584960938,9.595199584960938,9.595199584960938,26,0.0,0.0
2023-04-25 14:30:00-04:00,9.569999694824219,9.569999694824219,9.5600004196167,9.5600004196167,391,0.0,0.0
2023-04-25 15:30:00-04:00,9.560099601745605,9.568300247192383,9.5600004196167,9.5600004196167,0,0.0,0.0
2023-04-26 15:30:00-04:00,9.576399803161621,9.576399803161621,9.576399803161621,9.576399803161621,501,0.0,0.0
2023-04-27 15:30:00-04:00,9.416199684143066,9.416199684143066,9.416199684143066,9.416199684143066,228,0.0,0.0
2023-04-28 12:30:00-04:00,9.563599586486816,9.734999656677246,9.530099868774414,9.530099868774414,1592,0.0,0.0
2023-04-28 15:30:00-04:00,9.9399995803833,9.9399995803833,9.59000015258789,9.760000228881836,725,0.0,0.0
2023-05-02 10:30:00-04:00,9.84000015258789,9.84000015258789,9.745400428771973,9.745400428771973,610,0.0,0.0
2023-05-02 11:30:00-04:00,9.670000076293945,9.670000076293945,9.670000076293945,9.670000076293945,558,0.0,0.0
2023-05-02 13:30:00-04:00,9.664999961853027,9.664999961853027,9.664999961853027,9.664999961853027,0,0.0,0.0
2023-05-03 12:30:00-04:00,9.664999961853027,9.664999961853027,9.664999961853027,9.664999961853027,205,0.0,0.0
2023-05-04 14:30:00-04:00,9.543000221252441,9.543000221252441,9.543000221252441,9.543000221252441,212,0.0,0.0
2023-05-05 14:30:00-04:00,9.54010009765625,9.54010009765625,9.54010009765625,9.54010009765625,0,0.0,0.0
2023-05-10 10:30:00-04:00,9.859999656677246,9.899900436401367,9.625,9.625,3202,0.0,0.0
2023-05-12 10:30:00-04:00,9.620100021362305,9.620100021362305,9.620100021362305,9.620100021362305,0,0.0,0.0
2023-05-12 11:30:00-04:00,9.8100004196167,9.8100004196167,9.8100004196167,9.8100004196167,290,0.0,0.0
2023-05-18 14:30:00-04:00,9.989999771118164,9.989999771118164,9.989999771118164,9.989999771118164,559,0.0,0.0
2023-05-19 09:30:00-04:00,9.817299842834473,9.817299842834473,9.817299842834473,9.817299842834473,0,0.0,0.0
2023-05-19 11:30:00-04:00,9.820500373840332,9.904999732971191,9.820500373840332,9.904999732971191,2251,0.0,0.0
2023-05-19 13:30:00-04:00,9.914799690246582,9.914799690246582,9.914799690246582,9.914799690246582,331,0.0,0.0
2023-05-19 14:30:00-04:00,9.930000305175781,10.0,9.930000305175781,10.0,0,0.0,0.0
2023-05-22 11:30:00-04:00,9.989999771118164,9.989999771118164,9.989999771118164,9.989999771118164,1000,0.0,0.0
2023-05-22 13:30:00-04:00,9.989999771118164,9.989999771118164,9.989999771118164,9.989999771118164,145,0.0,0.0
2023-05-22 14:30:00-04:00,9.958700180053711,9.958700180053711,9.958700180053711,9.958700180053711,0,0.0,0.0
2023-05-22 15:30:00-04:00,10.095999717712402,10.170000076293945,10.095999717712402,10.149999618530273,213,0.0,0.0
2023-05-23 12:30:00-04:00,9.970000267028809,9.970000267028809,9.970000267028809,9.970000267028809,21,0.0,0.0
2023-05-25 14:30:00-04:00,9.800100326538086,9.800100326538086,9.800100326538086,9.800100326538086,117,0.0,0.0
2023-05-26 14:30:00-04:00,9.895000457763672,9.895000457763672,9.895000457763672,9.895000457763672,18,0.0,0.0
2023-05-30 14:30:00-04:00,9.890000343322754,9.890000343322754,9.890000343322754,9.890000343322754,61,0.0,0.0
2023-06-02 13:30:00-04:00,9.989999771118164,9.989999771118164,9.989999771118164,9.989999771118164,261,0.0,0.0
2023-06-02 14:30:00-04:00,9.85789966583252,9.85789966583252,9.85789966583252,9.85789966583252,1048,0.0,0.0
2023-06-05 11:30:00-04:00,10.0,10.0,10.0,10.0,0,0.0,0.0
2023-06-05 15:30:00-04:00,9.989999771118164,10.010000228881836,9.989999771118164,10.010000228881836,1915,0.0,0.0
2023-06-07 13:30:00-04:00,9.83180046081543,9.83180046081543,9.83180046081543,9.83180046081543,0,0.0,0.0
2023-06-07 14:30:00-04:00,9.987299919128418,9.989999771118164,9.987299919128418,9.989999771118164,917,0.0,0.0
2023-06-07 15:30:00-04:00,9.989999771118164,9.989999771118164,9.989999771118164,9.989999771118164,100,0.0,0.0
2023-06-12 10:30:00-04:00,9.899999618530273,9.899999618530273,9.899999618530273,9.899999618530273,181,0.0,0.0
2023-06-13 11:30:00-04:00,9.890000343322754,9.899999618530273,9.890000343322754,9.899999618530273,1835,0.0,0.0
2023-06-14 10:30:00-04:00,9.88539981842041,9.899999618530273,9.88539981842041,9.899999618530273,1321,0.0,0.0
2023-06-14 15:30:00-04:00,9.944700241088867,10.020000457763672,9.944700241088867,10.020000457763672,0,0.0,0.0
2023-06-15 13:30:00-04:00,10.079999923706055,10.079999923706055,10.079999923706055,10.079999923706055,206,0.0,0.0
2023-06-15 14:30:00-04:00,10.010000228881836,10.010000228881836,10.0,10.0,425,0.0,0.0
2023-06-15 15:30:00-04:00,9.899999618530273,9.9399995803833,9.899999618530273,9.9399995803833,799,0.0,0.0
2023-06-16 12:30:00-04:00,10.15999984741211,10.15999984741211,10.15999984741211,10.15999984741211,26,0.0,0.0
2023-06-21 09:30:00-04:00,9.899999618530273,9.899999618530273,9.899999618530273,9.899999618530273,1520,0.0,0.0
2023-06-21 15:30:00-04:00,10.0,10.0,10.0,10.0,100,0.0,0.0
2023-06-22 10:30:00-04:00,9.989999771118164,10.0,9.989999771118164,10.0,316,0.0,0.0
2023-06-26 09:30:00-04:00,10.186200141906738,10.186200141906738,10.186200141906738,10.186200141906738,0,0.0,0.0
2023-06-26 14:30:00-04:00,10.170000076293945,10.1899995803833,10.170000076293945,10.170000076293945,0,0.0,0.0
2023-06-27 10:30:00-04:00,10.100000381469727,10.100000381469727,10.100000381469727,10.100000381469727,150,0.0,0.0
2023-06-27 15:30:00-04:00,10.100000381469727,10.100000381469727,10.100000381469727,10.100000381469727,300,0.0,0.0
2023-06-29 10:30:00-04:00,9.819999694824219,9.819999694824219,9.819999694824219,9.819999694824219,0,0.0,0.0
2023-06-29 13:30:00-04:00,9.960000038146973,9.960000038146973,9.960000038146973,9.960000038146973,0,0.0,0.0
2023-06-30 11:30:00-04:00,9.990099906921387,9.990099906921387,9.990099906921387,9.990099906921387,121,0.0,0.0
2023-07-05 11:30:00-04:00,9.859999656677246,9.859999656677246,9.859999656677246,9.859999656677246,0,0.0,0.0
2023-07-05 14:30:00-04:00,10.000100135803223,10.000100135803223,10.000100135803223,10.000100135803223,402,0.0,0.0
2023-07-06 09:30:00-04:00,10.0,10.0,10.0,10.0,0,0.0,0.0
2023-07-06 15:30:00-04:00,10.000100135803223,10.020000457763672,10.000100135803223,10.020000457763672,1350,0.0,0.0
2023-07-10 09:30:00-04:00,9.90999984741211,9.921199798583984,9.880000114440918,9.890000343322754,0,0.0,0.0
2023-07-10 11:30:00-04:00,10.0600004196167,10.0600004196167,9.912599563598633,9.912599563598633,0,0.0,0.0
2023-07-10 12:30:00-04:00,9.890000343322754,10.0600004196167,9.850000381469727,9.869999885559082,4841,0.0,0.0
2023-07-10 14:30:00-04:00,10.050000190734863,10.050000190734863,10.050000190734863,10.050000190734863,328,0.0,0.0
2023-07-12 12:30:00-04:00,9.829999923706055,9.830100059509277,9.819999694824219,9.819999694824219,0,0.0,0.0
2023-07-12 15:30:00-04:00,9.850000381469727,9.850000381469727,9.850000381469727,9.850000381469727,2159,0.0,0.0
2023-07-19 14:30:00-04:00,9.979999542236328,9.979999542236328,9.979999542236328,9.979999542236328,296,0.0,0.0
2023-07-24 09:30:00-04:00,9.98009967803955,9.98009967803955,9.98009967803955,9.98009967803955,174,0.0,0.0
2023-07-24 15:30:00-04:00,10.0,10.000100135803223,10.0,10.000100135803223,375,0.0,0.0
2023-07-25 09:30:00-04:00,10.074999809265137,10.074999809265137,10.074999809265137,10.074999809265137,0,0.0,0.0
2023-07-28 09:30:00-04:00,9.899999618530273,9.899999618530273,9.899999618530273,9.899999618530273,0,0.0,0.0
2023-07-28 14:30:00-04:00,10.080100059509277,10.084199905395508,10.079999923706055,10.084199905395508,594,0.0,0.0
2023-07-31 12:30:00-04:00,10.145000457763672,10.145000457763672,10.145000457763672,10.145000457763672,0,0.0,0.0
2023-08-01 13:30:00-04:00,10.150099754333496,10.150099754333496,10.150099754333496,10.150099754333496,20,0.0,0.0
2023-08-02 09:30:00-04:00,10.150099754333496,10.150099754333496,10.150099754333496,10.150099754333496,0,0.0,0.0
2023-08-02 11:30:00-04:00,10.150099754333496,10.150099754333496,10.150099754333496,10.150099754333496,0,0.0,0.0
2023-08-03 10:30:00-04:00,10.149999618530273,10.149999618530273,10.149999618530273,10.149999618530273,510,0.0,0.0
2023-08-03 12:30:00-04:00,10.149999618530273,10.149999618530273,10.149999618530273,10.149999618530273,302,0.0,0.0
2023-08-03 15:30:00-04:00,10.069999694824219,10.199999809265137,10.069999694824219,10.069999694824219,0,0.0,0.0
2023-08-04 09:30:00-04:00,10.069999694824219,10.149999618530273,10.069999694824219,10.149999618530273,630,0.0,0.0
2023-08-04 15:30:00-04:00,10.069999694824219,10.069999694824219,10.069999694824219,10.069999694824219,465,0.0,0.0
2023-08-07 09:30:00-04:00,10.050000190734863,10.069999694824219,9.880000114440918,9.880000114440918,0,0.0,0.0
2023-08-07 10:30:00-04:00,9.829999923706055,9.829999923706055,9.829999923706055,9.829999923706055,305,0.0,0.0
2023-08-07 15:30:00-04:00,10.140000343322754,10.140000343322754,10.140000343322754,10.140000343322754,340,0.0,0.0
2023-08-08 12:30:00-04:00,9.850000381469727,9.850000381469727,9.850000381469727,9.850000381469727,0,0.0,0.0
2023-08-08 15:30:00-04:00,10.149999618530273,10.149999618530273,10.149999618530273,10.149999618530273,0,0.0,0.0
2023-08-09 15:30:00-04:00,10.147299766540527,10.149999618530273,10.119999885559082,10.149999618530273,508,0.0,0.0
2023-08-10 14:30:00-04:00,10.149999618530273,10.149999618530273,10.130000114440918,10.149999618530273,501,0.0,0.0
2023-08-11 13:30:00-04:00,10.239999771118164,10.239999771118164,10.229999542236328,10.239999771118164,549,0.0,0.0
2023-08-11 14:30:00-04:00,10.25,10.25,10.25,10.25,501,0.0,0.0
2023-08-14 09:30:00-04:00,10.6899995803833,10.6899995803833,10.6899995803833,10.6899995803833,0,0.0,0.0
2023-08-14 10:30:00-04:00,10.489999771118164,10.489999771118164,10.489999771118164,10.489999771118164,0,0.0,0.0
2023-08-15 13:30:00-04:00,10.34000015258789,10.34000015258789,10.34000015258789,10.34000015258789,120,0.0,0.0
2023-08-15 14:30:00-04:00,10.149999618530273,10.149999618530273,10.149999618530273,10.149999618530273,0,0.0,0.0
2023-08-16 09:30:00-04:00,9.999899864196777,10.0,9.999899864196777,10.0,12,0.0,0.0
2023-08-18 12:30:00-04:00,9.937000274658203,9.949999809265137,9.819999694824219,9.819999694824219,1965,0.0,0.0
2023-08-18 15:30:00-04:00,10.270000457763672,10.279999732971191,10.270000457763672,10.279999732971191,454,0.0,0.0
2023-08-22 09:30:00-04:00,10.239999771118164,10.789999961853027,10.220000267028809,10.600000381469727,5053,0.0,0.0
2023-08-22 10:30:00-04:00,10.600000381469727,10.789899826049805,10.350000381469727,10.789899826049805,3499,0.0,0.0
2023-08-22 11:30:00-04:00,10.789999961853027,10.949999809265137,10.699999809265137,10.699999809265137,2837,0.0,0.0
2023-08-22 12:30:00-04:00,10.949999809265137,11.444999694824219,10.949999809265137,11.050200462341309,4398,0.0,0.0
2023-08-22 13:30:00-04:00,11.100000381469727,11.390000343322754,11.100000381469727,11.389900207519531,1960,0.0,0.0
2023-08-22 14:30:00-04:00,11.420000076293945,11.640000343322754,11.289999961853027,11.289999961853027,5105,0.0,0.0
2023-08-22 15:30:00-04:00,11.628000259399414,11.628000259399414,11.5600004196167,11.600000381469727,1542,0.0,0.0
2023-08-23 09:30:00-04:00,11.829999923706055,12.0,11.653599739074707,11.930000305175781,3574,0.0,0.0
2023-08-23 10:30:00-04:00,11.930000305175781,11.989999771118164,11.930000305175781,11.979999542236328,2035,0.0,0.0
2023-08-23 12:30:00-04:00,11.770000457763672,11.770000457763672,11.75,11.75,3247,0.0,0.0
2023-08-23 15:30:00-04:00,11.710000038146973,11.710000038146973,11.699999809265137,11.699999809265137,0,0.0,0.0
2023-08-24 09:30:00-04:00,11.989999771118164,12.0,11.989999771118164,12.0,2515,0.0,0.0
2023-08-24 10:30:00-04:00,11.975000381469727,12.0,11.949999809265137,11.949999809265137,2431,0.0,0.0
2023-08-24 11:30:00-04:00,11.8100004196167,11.949899673461914,11.8100004196167,11.9399995803833,1103,0.0,0.0
2023-08-24 12:30:00-04:00,11.819999694824219,11.949700355529785,11.8100004196167,11.949700355529785,1353,0.0,0.0
2023-08-24 14:30:00-04:00,11.838000297546387,11.838000297546387,11.8100004196167,11.8100004196167,793,0.0,0.0
2023-08-24 15:30:00-04:00,11.949999809265137,11.949999809265137,11.940199851989746,11.940199851989746,0,0.0,0.0
2023-08-25 09:30:00-04:00,11.990699768066406,12.350000381469727,11.960000038146973,11.960000038146973,16995,0.0,0.0
2023-08-25 10:30:00-04:00,12.0,12.449999809265137,12.0,12.25,5331,0.0,0.0
2023-08-25 12:30:00-04:00,12.119999885559082,12.119999885559082,12.100000381469727,12.100000381469727,256,0.0,0.0
2023-08-25 13:30:00-04:00,12.149999618530273,12.149999618530273,12.015000343322754,12.130000114440918,4543,0.0,0.0
2023-08-25 14:30:00-04:00,12.074999809265137,12.074999809265137,12.074999809265137,12.074999809265137,1484,0.0,0.0
2023-08-25 15:30:00-04:00,12.0,12.349900245666504,12.0,12.349900245666504,605,0.0,0.0
2023-08-28 09:30:00-04:00,12.710000038146973,12.710000038146973,12.670000076293945,12.670100212097168,0,0.0,0.0
2023-08-28 10:30:00-04:00,12.699999809265137,12.75,12.699999809265137,12.75,2284,0.0,0.0
2023-08-28 11:30:00-04:00,12.75,12.949999809265137,12.260000228881836,12.725000381469727,8333,0.0,0.0
2023-08-28 12:30:00-04:00,12.5,12.5,12.5,12.5,4480,0.0,0.0
2023-08-28 14:30:00-04:00,12.5649995803833,12.5649995803833,12.300000190734863,12.470000267028809,1705,0.0,0.0
2023-08-28 15:30:00-04:00,12.29990005493164,12.579999923706055,12.157500267028809,12.579999923706055,2800,0.0,0.0
2023-08-29 09:30:00-04:00,12.350000381469727,12.670000076293945,12.350000381469727,12.649999618530273,0,0.0,0.0
2023-08-29 10:30:00-04:00,12.600000381469727,12.600000381469727,12.600000381469727,12.600000381469727,101,0.0,0.0
2023-08-29 11:30:00-04:00,12.930000305175781,12.930000305175781,12.930000305175781,12.930000305175781,160,0.0,0.0
2023-08-29 13:30:00-04:00,12.510000228881836,12.75,12.510000228881836,12.75,1202,0.0,0.0
2023-08-29 14:30:00-04:00,12.550000190734863,12.550000190734863,12.5,12.5,0,0.0,0.0
2023-08-30 09:30:00-04:00,12.510000228881836,12.510000228881836,12.220000267028809,12.359999656677246,5181,0.0,0.0
2023-08-30 10:30:00-04:00,12.520000457763672,12.520000457763672,12.399999618530273,12.5,1272,0.0,0.0
2023-08-30 12:30:00-04:00,12.260000228881836,12.260000228881836,11.880000114440918,12.0,3131,0.0,0.0
2023-08-30 13:30:00-04:00,12.25,12.25,12.136300086975098,12.136300086975098,291,0.0,0.0
2023-08-30 14:30:00-04:00,12.050000190734863,12.100000381469727,12.050000190734863,12.100000381469727,0,0.0,0.0
2023-08-31 09:30:00-04:00,12.324999809265137,12.324999809265137,12.324999809265137,12.324999809265137,332,0.0,0.0
2023-08-31 10:30:00-04:00,12.149999618530273,12.520000457763672,12.149999618530273,12.399999618530273,2209,0.0,0.0
2023-08-31 12:30:00-04:00,12.300000190734863,12.300000190734863,12.300000190734863,12.300000190734863,133,0.0,0.0
2023-08-31 14:30:00-04:00,12.300000190734863,12.300000190734863,12.050100326538086,12.300000190734863,465,0.0,0.0
2023-08-31 15:30:00-04:00,12.300000190734863,12.300000190734863,12.199999809265137,12.199999809265137,0,0.0,0.0
2023-09-01 11:30:00-04:00,12.44789981842041,12.44789981842041,12.44789981842041,12.44789981842041,256,0.0,0.0
2023-09-01 14:30:00-04:00,12.5,12.5,12.359999656677246,12.359999656677246,1068,0.0,0.0
2023-09-01 15:30:00-04:00,12.489999771118164,12.497300148010254,12.489999771118164,12.497300148010254,1003,0.0,0.0
2023-09-05 09:30:00-04:00,12.359999656677246,12.359999656677246,12.359999656677246,12.359999656677246,0,0.0,0.0
2023-09-05 10:30:00-04:00,12.350000381469727,12.350000381469727,12.302499771118164,12.302499771118164,450,0.0,0.0
2023-09-05 11:30:00-04:00,12.300000190734863,12.399999618530273,12.25,12.25,2447,0.0,0.0
2023-09-05 13:30:00-04:00,12.359999656677246,12.359999656677246,12.359999656677246,12.359999656677246,0,0.0,0.0
2023-09-07 10:30:00-04:00,12.380000114440918,12.380000114440918,12.380000114440918,12.380000114440918,205,0.0,0.0
2023-09-07 15:30:00-04:00,12.449999809265137,12.449999809265137,12.449999809265137,12.449999809265137,0,0.0,0.0
2023-09-08 09:30:00-04:00,12.5,12.75,12.459799766540527,12.729999542236328,4868,0.0,0.0
2023-09-08 10:30:00-04:00,12.949999809265137,12.949999809265137,12.649999618530273,12.850000381469727,3045,0.0,0.0
2023-09-08 11:30:00-04:00,12.75,12.75,12.75,12.75,261,0.0,0.0
2023-09-08 12:30:00-04:00,12.75,12.949999809265137,12.75,12.850000381469727,1110,0.0,0.0
2023-09-11 09:30:00-04:00,12.9399995803833,13.029999732971191,12.850000381469727,12.899999618530273,9034,0.0,0.0
2023-09-11 10:30:00-04:00,13.0,13.0,12.800000190734863,12.819999694824219,2316,0.0,0.0
2023-09-11 11:30:00-04:00,12.75,13.085000038146973,12.75,13.085000038146973,749,0.0,0.0
2023-09-11 12:30:00-04:00,12.9399995803833,12.989999771118164,12.699999809265137,12.770000457763672,2540,0.0,0.0
2023-09-11 13:30:00-04:00,12.899999618530273,12.984999656677246,12.750100135803223,12.984999656677246,1688,0.0,0.0
2023-09-11 14:30:00-04:00,12.760000228881836,12.789999961853027,12.5,12.630000114440918,5649,0.0,0.0
2023-09-11 15:30:00-04:00,12.630000114440918,12.881699562072754,12.630000114440918,12.881699562072754,0,0.0,0.0
2023-09-12 10:30:00-04:00,12.98169994354248,13.0,12.420000076293945,12.899999618530273,3077,0.0,0.0
2023-09-12 12:30:00-04:00,12.850000381469727,12.850000381469727,12.850000381469727,12.850000381469727,512,0.0,0.0
2023-09-12 13:30:00-04:00,12.6899995803833,12.699999809265137,12.6899995803833,12.699999809265137,221,0.0,0.0
2023-09-12 14:30:00-04:00,12.6899995803833,12.8100004196167,12.649999618530273,12.800000190734863,1754,0.0,0.0
2023-09-12 15:30:00-04:00,12.800000190734863,12.800000190734863,12.630000114440918,12.75,0,0.0,0.0
2023-09-13 09:30:00-04:00,12.59000015258789,12.59000015258789,12.579999923706055,12.59000015258789,1313,0.0,0.0
2023-09-13 11:30:00-04:00,12.630000114440918,12.649999618530273,12.600600242614746,12.649999618530273,1213,0.0,0.0
2023-09-13 15:30:00-04:00,12.401000022888184,12.401000022888184,12.401000022888184,12.401000022888184,0,0.0,0.0
2023-09-14 09:30:00-04:00,12.899999618530273,12.899999618530273,12.720000267028809,12.800000190734863,1105,0.0,0.0
2023-09-14 10:30:00-04:00,12.600000381469727,12.652299880981445,12.600000381469727,12.600000381469727,704,0.0,0.0
2023-09-14 13:30:00-04:00,12.600000381469727,12.600000381469727,12.600000381469727,12.600000381469727,225,0.0,0.0
2023-09-14 14:30:00-04:00,12.600000381469727,12.600000381469727,12.600000381469727,12.600000381469727,325,0.0,0.0
2023-09-14 15:30:00-04:00,12.600000381469727,12.79990005493164,12.600000381469727,12.79990005493164,0,0.0,0.0
2023-09-15 10:30:00-04:00,12.699999809265137,12.789999961853027,12.5,12.5,1271,0.0,0.0
2023-09-15 15:30:00-04:00,12.800000190734863,12.800000190734863,12.800000190734863,12.800000190734863,295,0.0,0.0
2023-09-18 09:30:00-04:00,12.8100004196167,12.8100004196167,12.8100004196167,12.8100004196167,112,0.0,0.0
2023-09-18 10:30:00-04:00,12.520000457763672,12.520000457763672,12.520000457763672,12.520000457763672,334,0.0,0.0
2023-09-18 15:30:00-04:00,12.670700073242188,13.039999961853027,12.670700073242188,13.039999961853027,0,0.0,0.0
2023-09-20 09:30:00-04:00,12.979999542236328,12.979999542236328,12.949999809265137,12.949999809265137,935,0.0,0.0
2023-09-20 10:30:00-04:00,12.930000305175781,12.930000305175781,12.90060043334961,12.90060043334961,551,0.0,0.0
2023-09-20 13:30:00-04:00,12.800000190734863,12.800000190734863,12.800000190734863,12.800000190734863,300,0.0,0.0
2023-09-20 14:30:00-04:00,12.800000190734863,12.800000190734863,12.701000213623047,12.701499938964844,0,0.0,0.0
2023-09-22 15:30:00-04:00,12.569499969482422,12.569499969482422,12.569499969482422,12.569499969482422,920,0.0,0.0
2023-09-25 12:30:00-04:00,12.539999961853027,12.539999961853027,12.539999961853027,12.539999961853027,0,0.0,0.0
2023-09-26 09:30:00-04:00,12.800000190734863,12.800000190734863,12.800000190734863,12.800000190734863,2,0.0,0.0
2023-09-26 10:30:00-04:00,12.890000343322754,12.890000343322754,12.890000343322754,12.890000343322754,500,0.0,0.0
2023-09-26 11:30:00-04:00,12.850000381469727,12.880000114440918,12.552000045776367,12.84000015258789,0,0.0,0.0
2023-09-27 11:30:00-04:00,12.774999618530273,12.979999542236328,12.774999618530273,12.979999542236328,100,0.0,0.0
2023-09-29 09:30:00-04:00,13.119999885559082,13.119999885559082,13.119999885559082,13.119999885559082,160,0.0,0.0
2023-10-03 09:30:00-04:00,12.579999923706055,12.800000190734863,12.449999809265137,12.800000190734863,4527,0.0,0.0
2023-10-03 10:30:00-04:00,12.800000190734863,12.949999809265137,12.800000190734863,12.899999618530273,0,0.0,0.0
2023-10-04 10:30:00-04:00,12.800000190734863,12.8100004196167,12.800000190734863,12.8100004196167,308,0.0,0.0
2023-10-04 11:30:00-04:00,12.760000228881836,12.760000228881836,12.760000228881836,12.760000228881836,283,0.0,0.0
2023-10-04 14:30:00-04:00,12.680000305175781,12.680000305175781,12.649999618530273,12.680000305175781,0,0.0,0.0
2023-10-05 09:30:00-04:00,12.75,12.75,12.75,12.75,967,0.0,0.0
2023-10-05 11:30:00-04:00,12.449999809265137,12.59000015258789,12.449999809265137,12.550000190734863,1286,0.0,0.0
2023-10-05 14:30:00-04:00,12.600000381469727,12.600000381469727,12.600000381469727,12.600000381469727,148,0.0,0.0
2023-10-05 15:30:00-04:00,12.699999809265137,12.699999809265137,12.699999809265137,12.699999809265137,116,0.0,0.0
2023-10-06 10:30:00-04:00,12.680000305175781,12.680000305175781,12.680000305175781,12.680000305175781,100,0.0,0.0
2023-10-06 11:30:00-04:00,12.680000305175781,12.680000305175781,12.680000305175781,12.680000305175781,108,0.0,0.0
2023-10-06 13:30:00-04:00,12.680000305175781,12.680000305175781,12.680000305175781,12.680000305175781,166,0.0,0.0
2023-10-06 14:30:00-04:00,12.699999809265137,12.800000190734863,12.65999984741211,12.800000190734863,748,0.0,0.0
2023-10-09 11:30:00-04:00,12.75,12.960000038146973,12.75,12.960000038146973,0,0.0,0.0
2023-10-10 09:30:00-04:00,12.979999542236328,13.029999732971191,12.979999542236328,13.029999732971191,1468,0.0,0.0
2023-10-10 11:30:00-04:00,12.529999732971191,12.529999732971191,12.529999732971191,12.529999732971191,402,0.0,0.0
2023-10-10 12:30:00-04:00,12.6899995803833,12.6899995803833,12.670000076293945,12.670000076293945,424,0.0,0.0
2023-10-10 15:30:00-04:00,13.0,13.25,13.0,13.100000381469727,0,0.0,0.0
2023-10-11 09:30:00-04:00,13.100000381469727,13.239999771118164,13.100000381469727,13.130000114440918,921,0.0,0.0
2023-10-11 10:30:00-04:00,13.170000076293945,13.170000076293945,13.149999618530273,13.149999618530273,673,0.0,0.0
2023-10-11 14:30:00-04:00,13.074999809265137,13.100000381469727,13.0,13.0,0,0.0,0.0
2023-10-12 09:30:00-04:00,12.84000015258789,12.84000015258789,12.84000015258789,12.84000015258789,215,0.0,0.0
2023-10-12 10:30:00-04:00,12.899999618530273,12.949999809265137,12.899999618530273,12.949999809265137,460,0.0,0.0
2023-10-12 12:30:00-04:00,12.800000190734863,12.800000190734863,12.800000190734863,12.800000190734863,223,0.0,0.0
2023-10-12 14:30:00-04:00,12.75,12.800000190734863,12.75,12.800000190734863,2356,0.0,0.0
2023-10-12 15:30:00-04:00,12.90999984741211,12.90999984741211,12.90999984741211,12.90999984741211,0,0.0,0.0
2023-10-16 15:30:00-04:00,12.970000267028809,12.970000267028809,12.970000267028809,12.970000267028809,292,0.0,0.0
2023-10-19 09:30:00-04:00,12.5,12.5,12.5,12.5,0,0.0,0.0
2023-10-19 14:30:00-04:00,12.5,12.5,12.5,12.5,0,0.0,0.0
2023-10-20 15:30:00-04:00,12.58530044555664,12.58530044555664,12.58530044555664,12.58530044555664,108,0.0,0.0
2023-10-23 09:30:00-04:00,12.149999618530273,12.15999984741211,12.109999656677246,12.109999656677246,1837,0.0,0.0
2023-10-23 11:30:00-04:00,12.5,12.5,12.5,12.5,0,0.0,0.0
2023-10-25 09:30:00-04:00,12.486000061035156,12.486000061035156,12.486000061035156,12.486000061035156,263,0.0,0.0
2023-10-27 09:30:00-04:00,12.770000457763672,12.789999961853027,12.414999961853027,12.789999961853027,1336,0.0,0.0
2023-10-27 10:30:00-04:00,12.414999961853027,12.800000190734863,12.414999961853027,12.800000190734863,2370,0.0,0.0
2023-10-27 11:30:00-04:00,12.850000381469727,12.850000381469727,12.84000015258789,12.84000015258789,746,0.0,0.0
2023-10-27 12:30:00-04:00,12.84000015258789,12.84000015258789,12.5,12.5,711,0.0,0.0
2023-10-27 15:30:00-04:00,12.741299629211426,12.741299629211426,12.65999984741211,12.65999984741211,582,0.0,0.0
2023-11-02 11:30:00-04:00,12.632100105285645,12.632100105285645,12.632100105285645,12.632100105285645,0,0.0,0.0
2023-11-06 10:30:00-05:00,12.460000038146973,12.5,12.460000038146973,12.5,262,0.0,0.0
2023-11-06 12:30:00-05:00,12.729999542236328,12.729999542236328,12.729999542236328,12.729999542236328,391,0.0,0.0
2023-11-07 09:30:00-05:00,12.5,12.5,12.5,12.5,0,0.0,0.0
2023-11-08 13:30:00-05:00,12.510000228881836,12.71969985961914,12.510000228881836,12.71969985961914,125,0.0,0.0
2023-11-09 09:30:00-05:00,12.5,12.5,12.499899864196777,12.499899864196777,2064,0.0,0.0
2023-11-09 10:30:00-05:00,12.5,12.5,12.5,12.5,682,0.0,0.0
2023-11-09 15:30:00-05:00,12.550000190734863,12.550000190734863,12.5,12.5,0,0.0,0.0
2023-11-10 09:30:00-05:00,12.300000190734863,12.300000190734863,12.300000190734863,12.300000190734863,474,0.0,0.0
2023-11-10 13:30:00-05:00,12.40999984741211,12.457599639892578,12.399999618530273,12.449999809265137,661,0.0,0.0
2023-11-10 14:30:00-05:00,12.425000190734863,12.449999809265137,12.425000190734863,12.449899673461914,520,0.0,0.0
2023-11-15 11:30:00-05:00,12.579999923706055,12.579999923706055,12.399999618530273,12.399999618530273,0,0.0,0.0
2023-11-21 14:30:00-05:00,12.399999618530273,12.420000076293945,12.206600189208984,12.420000076293945,882,0.0,0.0
2023-11-24 09:30:00-05:00,12.489999771118164,12.489999771118164,12.489999771118164,12.489999771118164,422,0.0,0.0
2023-11-24 12:30:00-05:00,12.59000015258789,12.59000015258789,12.59000015258789,12.59000015258789,0,0.0,0.0
2023-11-27 13:30:00-05:00,12.630000114440918,12.875,12.630000114440918,12.875,2099,0.0,0.0
2023-11-28 09:30:00-05:00,12.619999885559082,12.619999885559082,12.619999885559082,12.619999885559082,164,0.0,0.0
2023-11-28 10:30:00-05:00,12.600000381469727,12.600000381469727,12.600000381469727,12.600000381469727,115,0.0,0.0
2023-11-28 11:30:00-05:00,12.699999809265137,12.699999809265137,12.699999809265137,12.699999809265137,135,0.0,0.0
2023-11-28 12:30:00-05:00,12.744999885559082,12.744999885559082,12.600000381469727,12.600000381469727,308,0.0,0.0
2023-11-28 13:30:00-05:00,12.75,12.75,12.75,12.75,325,0.0,0.0
2023-11-28 15:30:00-05:00,12.600000381469727,12.600000381469727,12.600000381469727,12.600000381469727,101,0.0,0.0
2023-11-29 09:30:00-05:00,12.539999961853027,12.539999961853027,12.5,12.5,0,0.0,0.0
2023-11-29 11:30:00-05:00,12.5,12.5,12.5,12.5,122,0.0,0.0
2023-11-29 12:30:00-05:00,12.5,12.5,12.5,12.5,372,0.0,0.0
2023-11-29 14:30:00-05:00,12.550000190734863,12.550000190734863,12.550000190734863,12.550000190734863,112,0.0,0.0
2023-11-29 15:30:00-05:00,12.510000228881836,12.550000190734863,12.510000228881836,12.550000190734863,0,0.0,0.0
2023-12-01 15:30:00-05:00,12.609999656677246,12.609999656677246,12.609999656677246,12.609999656677246,21,0.0,0.0
2023-12-05 12:30:00-05:00,12.800000190734863,12.800000190734863,12.779999732971191,12.779999732971191,980,0.0,0.0
2023-12-11 15:30:00-05:00,12.779999732971191,12.779999732971191,12.779999732971191,12.779999732971191,20,0.0,0.0
2023-12-12 14:30:00-05:00,13.009599685668945,13.009599685668945,13.009599685668945,13.009599685668945,0,0.0,0.0
2023-12-13 09:30:00-05:00,12.85420036315918,12.85420036315918,12.85420036315918,12.85420036315918,250,0.0,0.0
2023-12-13 10:30:00-05:00,12.899999618530273,12.899999618530273,12.899999618530273,12.899999618530273,340,0.0,0.0
2023-12-15 13:30:00-05:00,13.0600004196167,13.079999923706055,13.0600004196167,13.079999923706055,623,0.0,0.0
2023-12-15 15:30:00-05:00,13.050000190734863,13.050000190734863,13.050000190734863,13.050000190734863,106,0.0,0.0
2023-12-19 10:30:00-05:00,12.779000282287598,12.779000282287598,12.779000282287598,12.779000282287598,0,0.0,0.0
2023-12-19 11:30:00-05:00,12.770000457763672,12.770000457763672,12.770000457763672,12.770000457763672,129,0.0,0.0
2023-12-19 15:30:00-05:00,12.800000190734863,12.920000076293945,12.800000190734863,12.920000076293945,0,0.0,0.0
2023-12-20 09:30:00-05:00,12.970000267028809,12.979999542236328,12.970000267028809,12.979999542236328,274,0.0,0.0
2023-12-20 14:30:00-05:00,12.760000228881836,12.760000228881836,12.48009967803955,12.482500076293945,3998,0.0,0.0
2023-12-20 15:30:00-05:00,12.550000190734863,12.5600004196167,12.510000228881836,12.5600004196167,0,0.0,0.0
2023-12-21 15:30:00-05:00,12.979999542236328,12.979999542236328,12.979999542236328,12.979999542236328,49,0.0,0.0
2023-12-26 09:30:00-05:00,12.850000381469727,12.850000381469727,12.850000381469727,12.850000381469727,88,0.0,0.0
2023-12-26 12:30:00-05:00,12.75,12.75,12.75,12.75,633,0.0,0.0
2023-12-26 15:30:00-05:00,12.649999618530273,12.649999618530273,12.649999618530273,12.649999618530273,0,0.0,0.0
2023-12-27 09:30:00-05:00,12.75,12.75,12.75,12.75,162,0.0,0.0
2023-12-27 11:30:00-05:00,12.84000015258789,12.850000381469727,12.84000015258789,12.850000381469727,359,0.0,0.0
2023-12-27 13:30:00-05:00,12.850000381469727,12.850000381469727,12.850000381469727,12.850000381469727,197,0.0,0.0
2023-12-27 15:30:00-05:00,12.850000381469727,12.850000381469727,12.800000190734863,12.8149995803833,0,0.0,0.0
2023-12-29 10:30:00-05:00,12.899999618530273,12.963700294494629,12.899999618530273,12.963700294494629,108,0.0,0.0
2024-01-02 11:30:00-05:00,12.885000228881836,12.908300399780273,12.885000228881836,12.908300399780273,283,0.0,0.0
2024-01-03 09:30:00-05:00,13.0,13.0,13.0,13.0,339,0.0,0.0
2024-01-03 12:30:00-05:00,12.899999618530273,12.899999618530273,12.899999618530273,12.899999618530273,981,0.0,0.0
2024-01-03 13:30:00-05:00,12.900099754333496,12.900099754333496,12.900099754333496,12.900099754333496,163,0.0,0.0
2024-01-03 14:30:00-05:00,12.949999809265137,12.949999809265137,12.949999809265137,12.949999809265137,0,0.0,0.0
2024-01-04 14:30:00-05:00,12.899999618530273,12.899999618530273,12.899999618530273,12.899999618530273,0,0.0,0.0
2024-01-05 10:30:00-05:00,12.989999771118164,12.989999771118164,12.850000381469727,12.850000381469727,1716,0.0,0.0
2024-01-05 11:30:00-05:00,12.800000190734863,12.800000190734863,12.800000190734863,12.800000190734863,252,0.0,0.0
2024-01-09 10:30:00-05:00,13.0,13.0,13.0,13.0,0,0.0,0.0
2024-01-10 09:30:00-05:00,13.0,13.0,13.0,13.0,0,0.0,0.0
2024-01-10 11:30:00-05:00,12.880000114440918,12.880000114440918,12.880000114440918,12.880000114440918,330,0.0,0.0
2024-01-10 15:30:00-05:00,12.825799942016602,12.825799942016602,12.825799942016602,12.825799942016602,0,0.0,0.0
2024-01-11 14:30:00-05:00,12.970000267028809,12.970000267028809,12.970000267028809,12.970000267028809,144,0.0,0.0
2024-01-16 10:30:00-05:00,12.970000267028809,12.970000267028809,12.969900131225586,12.969900131225586,879,0.0,0.0
2024-01-16 11:30:00-05:00,12.968899726867676,12.970000267028809,12.968899726867676,12.968899726867676,707,0.0,0.0
2024-01-16 14:30:00-05:00,12.904999732971191,13.0,12.904999732971191,13.0,2072,0.0,0.0
2024-01-16 15:30:00-05:00,13.09000015258789,13.09000015258789,13.09000015258789,13.09000015258789,0,0.0,0.0
2024-01-17 09:30:00-05:00,12.916999816894531,12.979999542236328,12.916999816894531,12.979999542236328,506,0.0,0.0
2024-01-17 10:30:00-05:00,13.054300308227539,13.100000381469727,13.054300308227539,13.075200080871582,1439,0.0,0.0
2024-01-17 15:30:00-05:00,13.050000190734863,13.0600004196167,12.907999992370605,12.907999992370605,0,0.0,0.0
2024-01-18 11:30:00-05:00,12.910099983215332,12.910099983215332,12.910099983215332,12.910099983215332,0,0.0,0.0
2024-01-22 11:30:00-05:00,13.021100044250488,13.149900436401367,13.021100044250488,13.149900436401367,399,0.0,0.0
2024-01-23 13:30:00-05:00,13.041999816894531,13.149999618530273,13.041999816894531,13.06190013885498,409,0.0,0.0
2024-01-26 11:30:00-05:00,12.949999809265137,12.949999809265137,12.949999809265137,12.949999809265137,111,0.0,0.0
2024-01-29 10:30:00-05:00,13.239999771118164,13.25,13.09000015258789,13.25,824,0.0,0.0
2024-01-30 10:30:00-05:00,13.073200225830078,13.100000381469727,13.073200225830078,13.100000381469727,449,0.0,0.0
2024-01-30 12:30:00-05:00,13.100000381469727,13.100000381469727,13.100000381469727,13.100000381469727,0,0.0,0.0
2024-01-31 15:30:00-05:00,13.239999771118164,13.239999771118164,13.239999771118164,13.239999771118164,444,0.0,0.0
2024-02-01 12:30:00-05:00,13.25,13.25,13.25,13.25,4,0.0,0.0
2024-02-02 09:30:00-05:00,13.34000015258789,13.359999656677246,13.34000015258789,13.359999656677246,1225,0.0,0.0
2024-02-02 11:30:00-05:00,13.470000267028809,13.470000267028809,13.470000267028809,13.470000267028809,369,0.0,0.0
2024-02-02 12:30:00-05:00,13.460000038146973,13.5,13.37660026550293,13.5,2351,0.0,0.0
2024-02-02 13:30:00-05:00,13.5,13.5,13.5,13.5,3914,0.0,0.0
2024-02-02 14:30:00-05:00,13.5,13.649999618530273,13.5,13.600000381469727,1805,0.0,0.0
2024-02-02 15:30:00-05:00,13.510000228881836,13.510000228881836,13.510000228881836,13.510000228881836,372,0.0,0.0
2024-02-05 09:30:00-05:00,13.718199729919434,13.718199729919434,13.59000015258789,13.59000015258789,750,0.0,0.0
2024-02-05 10:30:00-05:00,13.65999984741211,13.779600143432617,13.65999984741211,13.699999809265137,536,0.0,0.0
2024-02-05 11:30:00-05:00,13.239999771118164,13.692999839782715,13.199999809265137,13.279999732971191,0,0.0,0.0
2024-02-07 15:30:00-05:00,13.084500312805176,13.494999885559082,13.084500312805176,13.494999885559082,9,0.0,0.0
2024-02-08 14:30:00-05:00,13.550000190734863,13.550000190734863,13.54990005493164,13.54990005493164,0,0.0,0.0
2024-02-12 11:30:00-05:00,13.000100135803223,13.000100135803223,13.000100135803223,13.000100135803223,212,0.0,0.0
2024-02-13 13:30:00-05:00,13.100000381469727,13.100000381469727,13.0,13.03499984741211,1716,0.0,0.0
2024-02-13 15:30:00-05:00,13.069999694824219,13.069999694824219,13.069999694824219,13.069999694824219,0,0.0,0.0
2024-02-14 14:30:00-05:00,13.399999618530273,13.399999618530273,13.399999618530273,13.399999618530273,9,0.0,0.0
2024-02-15 15:30:00-05:00,13.5,13.5,13.5,13.5,0,0.0,0.0
2024-02-20 11:30:00-05:00,13.149999618530273,13.149999618530273,13.149999618530273,13.149999618530273,166,0.0,0.0
2024-02-20 12:30:00-05:00,13.510000228881836,13.550000190734863,13.449999809265137,13.449999809265137,9248,0.0,0.0
2024-02-20 13:30:00-05:00,13.550000190734863,13.550000190734863,13.550000190734863,13.550000190734863,793,0.0,0.0
2024-02-20 14:30:00-05:00,13.699899673461914,13.699899673461914,13.699899673461914,13.699899673461914,0,0.0,0.0
2024-02-21 12:30:00-05:00,13.239999771118164,13.239999771118164,13.239999771118164,13.239999771118164,37,0.0,0.0
2024-02-22 14:30:00-05:00,13.649999618530273,13.90999984741211,13.619999885559082,13.619999885559082,7204,0.0,0.0
2024-02-22 15:30:00-05:00,13.710000038146973,13.720000267028809,13.710000038146973,13.720000267028809,0,0.0,0.0
2024-02-23 09:30:00-05:00,13.899999618530273,14.25,13.619999885559082,13.619999885559082,13867,0.0,0.0
2024-02-23 10:30:00-05:00,13.649999618530273,13.770000457763672,13.649999618530273,13.770000457763672,489,0.0,0.0
2024-02-23 14:30:00-05:00,13.699999809265137,13.699999809265137,13.699999809265137,13.699999809265137,232,0.0,0.0
2024-02-23 15:30:00-05:00,13.5,13.5,13.5,13.5,103,0.0,0.0
2024-02-26 09:30:00-05:00,13.739999771118164,13.739999771118164,13.5,13.5,0,0.0,0.0
2024-02-26 12:30:00-05:00,13.729999542236328,13.729999542236328,13.510000228881836,13.510000228881836,1247,0.0,0.0
2024-02-26 13:30:00-05:00,13.5,13.600000381469727,13.5,13.600000381469727,1561,0.0,0.0
2024-02-26 14:30:00-05:00,13.5,13.5,13.359999656677246,13.359999656677246,1172,0.0,0.0
2024-02-26 15:30:00-05:00,13.319999694824219,13.319999694824219,13.319999694824219,13.319999694824219,253,0.0,0.0
2024-02-27 09:30:00-05:00,13.300000190734863,13.460000038146973,13.300000190734863,13.460000038146973,0,0.0,0.0
2024-02-27 10:30:00-05:00,13.300000190734863,13.300000190734863,13.300000190734863,13.300000190734863,100,0.0,0.0
2024-02-27 11:30:00-05:00,13.300000190734863,13.300000190734863,13.300000190734863,13.300000190734863,811,0.0,0.0
2024-02-27 12:30:00-05:00,13.199999809265137,13.199999809265137,13.100000381469727,13.100000381469727,591,0.0,0.0
2024-02-27 13:30:00-05:00,13.23900032043457,13.3100004196167,13.199999809265137,13.199999809265137,1237,0.0,0.0
2024-02-27 14:30:00-05:00,13.260000228881836,13.390000343322754,13.260000228881836,13.390000343322754,1014,0.0,0.0
2024-02-27 15:30:00-05:00,13.289999961853027,13.300000190734863,13.289999961853027,13.300000190734863,0,0.0,0.0
2024-02-28 11:30:00-05:00,13.360099792480469,13.360099792480469,13.360099792480469,13.360099792480469,202,0.0,0.0
2024-02-28 12:30:00-05:00,13.359999656677246,13.359999656677246,13.359999656677246,13.359999656677246,233,0.0,0.0
2024-02-28 15:30:00-05:00,13.5,13.5,13.5,13.5,0,0.0,0.0
2024-02-29 10:30:00-05:00,13.5,13.550000190734863,13.44909954071045,13.44909954071045,1627,0.0,0.0
2024-02-29 11:30:00-05:00,13.25,13.3100004196167,13.25,13.25,439,0.0,0.0
2024-02-29 12:30:00-05:00,13.25,13.25,13.109999656677246,13.109999656677246,1402,0.0,0.0
2024-02-29 13:30:00-05:00,13.210000038146973,13.210100173950195,13.210000038146973,13.210000038146973,867,0.0,0.0
2024-02-29 15:30:00-05:00,13.199999809265137,13.199999809265137,13.199999809265137,13.199999809265137,268,0.0,0.0
2024-03-01 09:30:00-05:00,13.020000457763672,13.020000457763672,13.020000457763672,13.020000457763672,0,0.0,0.0
2024-03-01 11:30:00-05:00,13.569999694824219,13.579999923706055,13.5,13.5,4982,0.0,0.0
2024-03-01 14:30:00-05:00,13.40999984741211,13.40999984741211,13.40999984741211,13.40999984741211,489,0.0,0.0
2024-03-04 09:30:00-05:00,13.449999809265137,13.510000228881836,13.449999809265137,13.449999809265137,0,0.0,0.0
2024-03-04 12:30:00-05:00,13.460000038146973,13.460000038146973,13.399999618530273,13.40999984741211,2283,0.0,0.0
2024-03-04 15:30:00-05:00,13.40999984741211,13.420000076293945,13.40999984741211,13.420000076293945,0,0.0,0.0
2024-03-05 09:30:00-05:00,13.25,13.449999809265137,13.25,13.449999809265137,335,0.0,0.0
2024-03-05 10:30:00-05:00,13.460000038146973,13.460000038146973,13.460000038146973,13.460000038146973,407,0.0,0.0
2024-03-05 12:30:00-05:00,13.460000038146973,13.460000038146973,13.460000038146973,13.460000038146973,0,0.0,0.0
2024-03-07 10:30:00-05:00,13.824999809265137,13.824999809265137,13.824999809265137,13.824999809265137,188,0.0,0.0
2024-03-07 11:30:00-05:00,13.300000190734863,13.300000190734863,13.300000190734863,13.300000190734863,0,0.0,0.0
2024-03-08 09:30:00-05:00,13.350000381469727,13.350000381469727,13.140000343322754,13.140000343322754,886,0.0,0.0
2024-03-08 10:30:00-05:00,13.100000381469727,13.140000343322754,13.0600004196167,13.140000343322754,1084,0.0,0.0
2024-03-08 12:30:00-05:00,13.199999809265137,13.199999809265137,13.199999809265137,13.199999809265137,287,0.0,0.0
2024-03-12 12:30:00-04:00,13.5,13.5,13.5,13.5,0,0.0,0.0
2024-03-14 11:30:00-04:00,13.3100004196167,13.3100004196167,13.199999809265137,13.199999809265137,1562,0.0,0.0
2024-03-14 12:30:00-04:00,13.273599624633789,13.273599624633789,13.273599624633789,13.273599624633789,0,0.0,0.0
2024-03-15 14:30:00-04:00,13.350000381469727,13.720000267028809,13.350000381469727,13.720000267028809,1220,0.0,0.0
2024-03-15 15:30:00-04:00,13.482199668884277,13.482199668884277,13.482199668884277,13.482199668884277,173,0.0,0.0
2024-03-18 09:30:00-04:00,14.100000381469727,14.100000381469727,13.5,13.5,34,0.0,0.0
2024-03-20 09:30:00-04:00,13.5,13.5,13.5,13.5,32,0.0,0.0
2024-03-21 10:30:00-04:00,13.260000228881836,13.369999885559082,13.199999809265137,13.199999809265137,3264,0.0,0.0
2024-03-21 13:30:00-04:00,13.261899948120117,13.261899948120117,13.261899948120117,13.261899948120117,136,0.0,0.0
2024-03-21 15:30:00-04:00,13.350000381469727,13.350000381469727,13.3100004196167,13.3100004196167,0,0.0,0.0
2024-03-25 09:30:00-04:00,13.319999694824219,13.319999694824219,13.180000305175781,13.180000305175781,1341,0.0,0.0
2024-03-25 10:30:00-04:00,13.180000305175781,13.199999809265137,13.149999618530273,13.149999618530273,1799,0.0,0.0
2024-03-25 11:30:00-04:00,13.176899909973145,13.176899909973145,13.176899909973145,13.176899909973145,227,0.0,0.0
2024-03-25 13:30:00-04:00,13.172200202941895,13.180000305175781,13.137499809265137,13.137499809265137,1131,0.0,0.0
2024-03-26 09:30:00-04:00,13.199999809265137,13.460000038146973,13.199999809265137,13.460000038146973,0,0.0,0.0
2024-03-26 15:30:00-04:00,13.300000190734863,13.300000190734863,13.199999809265137,13.199999809265137,1420,0.0,0.0
2024-03-27 09:30:00-04:00,13.449999809265137,13.449999809265137,13.3149995803833,13.3149995803833,0,0.0,0.0
2024-03-27 14:30:00-04:00,13.225000381469727,13.225000381469727,13.225000381469727,13.225000381469727,200,0.0,0.0
2024-03-27 15:30:00-04:00,13.149999618530273,13.15999984741211,13.149999618530273,13.15999984741211,0,0.0,0.0
2024-03-28 09:30:00-04:00,13.15999984741211,13.25,13.15999984741211,13.170000076293945,2295,0.0,0.0
2024-03-28 13:30:00-04:00,13.199999809265137,13.199999809265137,13.199999809265137,13.199999809265137,638,0.0,0.0
2024-03-28 14:30:00-04:00,13.199999809265137,13.199999809265137,13.199999809265137,13.199999809265137,119,0.0,0.0
2024-03-28 15:30:00-04:00,13.255000114440918,13.289899826049805,13.199999809265137,13.199999809265137,608,0.0,0.0
2024-04-01 09:30:00-04:00,13.24370002746582,13.774999618530273,13.199999809265137,13.774999618530273,0,0.0,0.0
2024-04-01 10:30:00-04:00,13.550000190734863,13.550000190734863,13.550000190734863,13.550000190734863,404,0.0,0.0
2024-04-01 15:30:00-04:00,13.350000381469727,13.350000381469727,13.350000381469727,13.350000381469727,0,0.0,0.0
2024-04-02 09:30:00-04:00,13.211999893188477,13.479999542236328,13.210000038146973,13.479999542236328,507,0.0,0.0
2024-04-02 10:30:00-04:00,13.479999542236328,13.479999542236328,13.479999542236328,13.479999542236328,391,0.0,0.0
2024-04-02 11:30:00-04:00,13.25,13.25,13.25,13.25,648,0.0,0.0
2024-04-02 13:30:00-04:00,13.199999809265137,13.199999809265137,13.199999809265137,13.199999809265137,686,0.0,0.0
2024-04-02 15:30:00-04:00,13.324999809265137,13.329999923706055,13.324999809265137,13.329999923706055,315,0.0,0.0
2024-04-03 09:30:00-04:00,13.359999656677246,13.359999656677246,13.359999656677246,13.359999656677246,155,0.0,0.0
2024-04-03 10:30:00-04:00,13.34000015258789,13.34000015258789,13.34000015258789,13.34000015258789,100,0.0,0.0
2024-04-03 11:30:00-04:00,13.380000114440918,13.5,13.379799842834473,13.5,609,0.0,0.0
2024-04-03 12:30:00-04:00,13.510000228881836,13.510000228881836,13.449999809265137,13.449999809265137,0,0.0,0.0
2024-04-04 12:30:00-04:00,13.48169994354248,13.48169994354248,13.48169994354248,13.48169994354248,219,0.0,0.0
2024-04-04 14:30:00-04:00,13.5,13.5,13.5,13.5,0,0.0,0.0
2024-04-05 13:30:00-04:00,13.390000343322754,13.390000343322754,13.390000343322754,13.390000343322754,200,0.0,0.0
2024-04-05 14:30:00-04:00,13.369999885559082,13.369999885559082,13.369999885559082,13.369999885559082,199,0.0,0.0
2024-04-08 12:30:00-04:00,13.420000076293945,13.420000076293945,13.420000076293945,13.420000076293945,0,0.0,0.0
2024-04-09 13:30:00-04:00,13.430000305175781,13.430000305175781,13.430000305175781,13.430000305175781,10,0.0,0.0
2024-04-10 12:30:00-04:00,13.609999656677246,13.609999656677246,13.609999656677246,13.609999656677246,162,0.0,0.0
2024-04-11 09:30:00-04:00,13.539899826049805,13.539899826049805,13.539899826049805,13.539899826049805,0,0.0,0.0
2024-04-12 09:30:00-04:00,13.430000305175781,13.430000305175781,13.430000305175781,13.430000305175781,290,0.0,0.0
2024-04-15 11:30:00-04:00,13.420000076293945,13.420000076293945,13.420000076293945,13.420000076293945,0,0.0,0.0
2024-04-15 13:30:00-04:00,13.25,13.25,13.25,13.25,555,0.0,0.0
2024-04-15 15:30:00-04:00,13.395000457763672,13.510000228881836,13.395000457763672,13.510000228881836,373,0.0,0.0
2024-04-16 09:30:00-04:00,13.239999771118164,13.239999771118164,13.239999771118164,13.239999771118164,0,0.0,0.0
2024-04-16 10:30:00-04:00,13.229999542236328,13.229999542236328,13.229999542236328,13.229999542236328,163,0.0,0.0
2024-04-16 11:30:00-04:00,13.460000038146973,13.460000038146973,13.460000038146973,13.460000038146973,185,0.0,0.0
2024-04-16 13:30:00-04:00,13.449999809265137,13.449999809265137,13.449999809265137,13.449999809265137,0,0.0,0.0
2024-04-18 14:30:00-04:00,13.229999542236328,13.229999542236328,13.229999542236328,13.229999542236328,388,0.0,0.0
2024-04-18 15:30:00-04:00,13.229999542236328,13.229999542236328,13.229999542236328,13.229999542236328,113,0.0,0.0
2024-04-19 09:30:00-04:00,13.359999656677246,13.464799880981445,13.350000381469727,13.350000381469727,2055,0.0,0.0
2024-04-19 10:30:00-04:00,13.489999771118164,13.5,13.449999809265137,13.5,1507,0.0,0.0
2024-04-19 12:30:00-04:00,13.681599617004395,13.681599617004395,13.681599617004395,13.681599617004395,456,0.0,0.0
2024-04-22 09:30:00-04:00,13.880000114440918,14.25,13.869999885559082,14.25,1408,0.0,0.0
2024-04-22 10:30:00-04:00,14.1899995803833,14.25,14.1899995803833,14.25,1803,0.0,0.0
2024-04-22 11:30:00-04:00,14.239999771118164,14.25,14.187999725341797,14.25,962,0.0,0.0
2024-04-22 12:30:00-04:00,14.25,14.25,14.249500274658203,14.249500274658203,416,0.0,0.0
2024-04-22 13:30:00-04:00,14.25,14.34000015258789,14.203900337219238,14.34000015258789,5361,0.0,0.0
2024-04-22 14:30:00-04:00,14.23289966583252,14.327099800109863,14.23289966583252,14.25,1255,0.0,0.0
2024-04-22 15:30:00-04:00,14.260000228881836,14.260000228881836,14.260000228881836,14.260000228881836,0,0.0,0.0
2024-04-23 09:30:00-04:00,14.420000076293945,14.420000076293945,14.396599769592285,14.396599769592285,33,0.0,0.0
2024-04-24 09:30:00-04:00,14.229999542236328,14.350000381469727,14.229999542236328,14.350000381469727,2246,0.0,0.0
2024-04-24 10:30:00-04:00,14.251999855041504,14.251999855041504,14.25,14.25,445,0.0,0.0
2024-04-24 13:30:00-04:00,14.369999885559082,14.369999885559082,14.2947998046875,14.356800079345703,0,0.0,0.0
2024-04-25 09:30:00-04:00,14.25,14.25,13.899999618530273,13.899999618530273,975,0.0,0.0
2024-04-26 09:30:00-04:00,13.715999603271484,14.439900398254395,13.640000343322754,14.439900398254395,0,0.0,0.0
2024-04-29 12:30:00-04:00,14.430000305175781,14.430000305175781,14.430000305175781,14.430000305175781,0,0.0,0.0
2024-04-30 15:30:00-04:00,13.890000343322754,14.050000190734863,13.890000343322754,14.050000190734863,104,0.0,0.0
2024-05-02 12:30:00-04:00,14.0,14.0,14.0,14.0,298,0.0,0.0
2024-05-02 14:30:00-04:00,13.81779956817627,13.81779956817627,13.774999618530273,13.774999618530273,92,0.0,0.0
2024-05-06 10:30:00-04:00,13.75,13.75,13.75,13.75,156,0.0,0.0
2024-05-07 09:30:00-04:00,13.5,14.359999656677246,13.5,14.359999656677246,551,0.0,0.0
2024-05-07 14:30:00-04:00,13.729999542236328,13.729999542236328,13.729999542236328,13.729999542236328,113,0.0,0.0
2024-05-08 14:30:00-04:00,14.329999923706055,14.329999923706055,14.329999923706055,14.329999923706055,133,0.0,0.0
2024-05-08 15:30:00-04:00,14.34000015258789,14.390000343322754,14.0,14.390000343322754,0,0.0,0.0
2024-05-09 14:30:00-04:00,14.119999885559082,14.119999885559082,14.100000381469727,14.100000381469727,665,0.0,0.0
2024-05-10 09:30:00-04:00,14.100000381469727,14.100000381469727,14.100000381469727,14.100000381469727,0,0.0,0.0
2024-05-10 10:30:00-04:00,14.149999618530273,14.149999618530273,14.149999618530273,14.149999618530273,200,0.0,0.0
2024-05-10 11:30:00-04:00,14.1899995803833,14.1899995803833,14.1899995803833,14.1899995803833,300,0.0,0.0
2024-05-14 12:30:00-04:00,13.765000343322754,13.765000343322754,13.765000343322754,13.765000343322754,0,0.0,0.0
2024-05-15 13:30:00-04:00,13.972200393676758,13.972200393676758,13.972200393676758,13.972200393676758,37,0.0,0.0
2024-05-16 14:30:00-04:00,14.270000457763672,14.270000457763672,13.9399995803833,13.9399995803833,0,0.0,0.0
2024-05-17 09:30:00-04:00,13.9399995803833,13.9399995803833,13.9399995803833,13.9399995803833,634,0.0,0.0
2024-05-20 09:30:00-04:00,13.914999961853027,13.914999961853027,13.914999961853027,13.914999961853027,0,0.0,0.0
2024-05-20 13:30:00-04:00,13.579999923706055,13.600000381469727,13.569999694824219,13.569999694824219,0,0.0,0.0
2024-05-21 10:30:00-04:00,14.260000228881836,14.270000457763672,13.860799789428711,13.860799789428711,392,0.0,0.0
2024-05-21 13:30:00-04:00,13.904999732971191,13.904999732971191,13.904999732971191,13.904999732971191,821,0.0,0.0
2024-05-21 14:30:00-04:00,14.25,14.25,14.25,14.25,0,0.0,0.0
2024-05-22 15:30:00-04:00,14.289999961853027,14.289999961853027,14.289999961853027,14.289999961853027,0,0.0,0.0
2024-05-28 11:30:00-04:00,13.829000473022461,13.829000473022461,13.829000473022461,13.829000473022461,0,0.0,0.0
2024-05-29 14:30:00-04:00,13.623499870300293,13.623499870300293,13.569999694824219,13.569999694824219,114,0.0,0.0
2024-05-30 13:30:00-04:00,14.033100128173828,14.140000343322754,14.033100128173828,14.140000343322754,536,0.0,0.0
2024-05-30 14:30:00-04:00,14.104999542236328,14.130000114440918,13.5,13.5,324,0.0,0.0
2024-05-30 15:30:00-04:00,14.089799880981445,14.089799880981445,14.089799880981445,14.089799880981445,0,0.0,0.0
2024-05-31 14:30:00-04:00,13.890000343322754,13.890000343322754,13.63010025024414,13.63010025024414,454,0.0,0.0
2024-05-31 15:30:00-04:00,13.630000114440918,14.050000190734863,13.630000114440918,14.050000190734863,736,0.0,0.0
2024-06-03 12:30:00-04:00,13.572400093078613,13.572400093078613,13.479999542236328,13.479999542236328,253,0.0,0.0
2024-06-03 13:30:00-04:00,13.589900016784668,13.589900016784668,13.589900016784668,13.589900016784668,153,0.0,0.0
2024-06-03 15:30:00-04:00,13.479999542236328,13.600000381469727,13.479999542236328,13.600000381469727,0,0.0,0.0
2024-06-04 10:30:00-04:00,13.979999542236328,13.979999542236328,13.979999542236328,13.979999542236328,130,0.0,0.0
2024-06-04 14:30:00-04:00,13.899999618530273,13.899999618530273,13.899999618530273,13.899999618530273,0,0.0,0.0
2024-06-05 14:30:00-04:00,13.899999618530273,13.899999618530273,13.899999618530273,13.899999618530273,80,0.0,0.0
2024-06-06 14:30:00-04:00,13.899999618530273,13.899999618530273,13.899999618530273,13.899999618530273,96,0.0,0.0
2024-06-07 15:30:00-04:00,13.489999771118164,13.489999771118164,13.489999771118164,13.489999771118164,109,0.0,0.0
2024-06-10 11:30:00-04:00,13.899999618530273,13.899999618530273,13.899999618530273,13.899999618530273,0,0.0,0.0
2024-06-11 13:30:00-04:00,13.727899551391602,13.746999740600586,13.727899551391602,13.746999740600586,0,0.0,0.0
2024-06-12 13:30:00-04:00,13.704999923706055,13.899999618530273,13.704999923706055,13.899999618530273,227,0.0,0.0
2024-06-17 14:30:00-04:00,13.774999618530273,13.774999618530273,13.774999618530273,13.774999618530273,299,0.0,0.0
2024-06-18 14:30:00-04:00,13.600000381469727,13.6850004196167,13.600000381469727,13.6850004196167,341,0.0,0.0
2024-06-20 14:30:00-04:00,13.619999885559082,13.619999885559082,13.619999885559082,13.619999885559082,0,0.0,0.0
2024-06-21 10:30:00-04:00,13.5,13.5,13.5,13.5,128,0.0,0.0
2024-06-21 13:30:00-04:00,13.5,13.5,13.5,13.5,200,0.0,0.0
2024-06-21 14:30:00-04:00,13.65999984741211,13.960000038146973,13.65999984741211,13.960000038146973,2066,0.0,0.0
2024-06-21 15:30:00-04:00,13.989999771118164,14.0,13.989999771118164,14.0,300,0.0,0.0
2024-06-25 09:30:00-04:00,13.520099639892578,13.520099639892578,13.520099639892578,13.520099639892578,2317,0.0,0.0
2024-06-25 13:30:00-04:00,13.444999694824219,13.444999694824219,13.444999694824219,13.444999694824219,204,0.0,0.0
2024-06-25 15:30:00-04:00,13.680000305175781,13.729999542236328,13.550000190734863,13.600000381469727,0,0.0,0.0
2024-06-26 09:30:00-04:00,13.199999809265137,13.479999542236328,13.199999809265137,13.479999542236328,233,0.0,0.0
2024-06-26 10:30:00-04:00,13.479999542236328,13.5,13.479999542236328,13.5,1777,0.0,0.0
2024-06-26 11:30:00-04:00,13.350000381469727,13.5,13.350000381469727,13.5,1458,0.0,0.0
2024-06-26 13:30:00-04:00,13.600000381469727,13.609999656677246,13.600000381469727,13.609999656677246,497,0.0,0.0
2024-06-26 14:30:00-04:00,13.220000267028809,13.25,13.199999809265137,13.199999809265137,0,0.0,0.0
2024-06-27 09:30:00-04:00,13.579999923706055,13.600000381469727,13.579999923706055,13.600000381469727,300,0.0,0.0
2024-06-27 10:30:00-04:00,13.579999923706055,13.579999923706055,13.579999923706055,13.579999923706055,113,0.0,0.0
2024-06-27 11:30:00-04:00,13.600000381469727,13.600000381469727,13.40999984741211,13.600000381469727,2407,0.0,0.0
2024-06-27 12:30:00-04:00,13.505000114440918,13.525199890136719,13.505000114440918,13.525199890136719,0,0.0,0.0
2024-06-28 13:30:00-04:00,13.520000457763672,13.520000457763672,13.500100135803223,13.500100135803223,256,0.0,0.0
2024-07-02 13:30:00-04:00,13.260000228881836,13.260000228881836,13.199999809265137,13.199999809265137,1673,0.0,0.0
2024-07-02 14:30:00-04:00,13.199999809265137,13.199999809265137,13.199999809265137,13.199999809265137,715,0.0,0.0
2024-07-02 15:30:00-04:00,13.199999809265137,13.220000267028809,13.199999809265137,13.220000267028809,1467,0.0,0.0
2024-07-03 09:30:00-04:00,13.199999809265137,13.199999809265137,13.0,13.035300254821777,1860,0.0,0.0
2024-07-05 09:30:00-04:00,13.039899826049805,13.039999961853027,13.0,13.0,0,0.0,0.0
2024-07-05 12:30:00-04:00,12.822099685668945,12.822099685668945,12.822099685668945,12.822099685668945,715,0.0,0.0
2024-07-08 09:30:00-04:00,12.899999618530273,12.899999618530273,12.899999618530273,12.899999618530273,0,0.0,0.0
2024-07-08 11:30:00-04:00,12.898699760437012,12.899999618530273,12.898699760437012,12.899999618530273,510,0.0,0.0
2024-07-09 11:30:00-04:00,13.027999877929688,13.027999877929688,13.027999877929688,13.027999877929688,323,0.0,0.0
2024-07-09 15:30:00-04:00,13.0,13.0,13.0,13.0,0,0.0,0.0
2024-07-10 13:30:00-04:00,13.000100135803223,13.000100135803223,13.000100135803223,13.000100135803223,0,0.0,0.0
2024-07-10 15:30:00-04:00,13.0,13.0,13.0,13.0,1,0.0,0.0
2024-07-12 10:30:00-04:00,13.0,13.0,13.0,13.0,117,0.0,0.0
2024-07-12 13:30:00-04:00,13.0,13.199999809265137,13.0,13.199999809265137,249,0.0,0.0
2024-07-12 14:30:00-04:00,13.199999809265137,13.199999809265137,13.1899995803833,13.1899995803833,300,0.0,0.0
2024-07-15 15:30:00-04:00,13.005000114440918,13.005000114440918,13.005000114440918,13.005000114440918,0,0.0,0.0
2024-07-16 13:30:00-04:00,13.14799976348877,13.14799976348877,13.14799976348877,13.14799976348877,150,0.0,0.0
2024-07-17 10:30:00-04:00,13.369999885559082,13.369999885559082,13.369999885559082,13.369999885559082,21,0.0,0.0
2024-07-18 09:30:00-04:00,13.104999542236328,13.104999542236328,13.104999542236328,13.104999542236328,354,0.0,0.0
2024-07-18 14:30:00-04:00,13.149999618530273,13.149999618530273,13.149999618530273,13.149999618530273,0,0.0,0.0
2024-07-22 09:30:00-04:00,13.199999809265137,13.199999809265137,13.15999984741211,13.195699691772461,6299,0.0,0.0
2024-07-22 14:30:00-04:00,13.199999809265137,13.199999809265137,13.199999809265137,13.199999809265137,5196,0.0,0.0
2024-07-22 15:30:00-04:00,13.199999809265137,13.199999809265137,13.199999809265137,13.199999809265137,0,0.0,0.0
2024-07-23 10:30:00-04:00,13.199999809265137,13.199999809265137,13.199999809265137,13.199999809265137,919,0.0,0.0
2024-07-23 12:30:00-04:00,13.136699676513672,13.136699676513672,13.100000381469727,13.100000381469727,1893,0.0,0.0
2024-07-23 14:30:00-04:00,13.099900245666504,13.099900245666504,13.099900245666504,13.099900245666504,0,0.0,0.0
2024-07-23 15:30:00-04:00,13.0600004196167,13.100000381469727,13.0600004196167,13.099900245666504,31,0.0,0.0
2024-07-24 09:30:00-04:00,13.289999961853027,13.380000114440918,13.289999961853027,13.362000465393066,728,0.0,0.0
2024-07-24 10:30:00-04:00,13.5,13.520000457763672,13.5,13.5,4974,0.0,0.0
2024-07-24 11:30:00-04:00,13.5,13.5,13.199999809265137,13.21500015258789,3678,0.0,0.0
2024-07-24 12:30:00-04:00,13.220000267028809,13.25,13.180000305175781,13.180000305175781,800,0.0,0.0
2024-07-24 13:30:00-04:00,13.180000305175781,13.180000305175781,13.180000305175781,13.180000305175781,101,0.0,0.0
2024-07-24 14:30:00-04:00,13.25,13.25,13.199999809265137,13.199999809265137,789,0.0,0.0
2024-07-25 09:30:00-04:00,13.111700057983398,13.199999809265137,13.111700057983398,13.199999809265137,0,0.0,0.0
2024-07-25 10:30:00-04:00,13.1899995803833,13.199999809265137,13.170000076293945,13.180100440979004,1592,0.0,0.0
2024-07-25 11:30:00-04:00,13.199999809265137,13.199999809265137,13.199999809265137,13.199999809265137,264,0.0,0.0
2024-07-25 12:30:00-04:00,13.180100440979004,13.180100440979004,13.180100440979004,13.180100440979004,361,0.0,0.0
2024-07-25 13:30:00-04:00,13.180000305175781,13.180000305175781,13.020000457763672,13.020000457763672,1602,0.0,0.0
2024-07-25 15:30:00-04:00,13.020000457763672,13.020000457763672,13.020000457763672,13.020000457763672,556,0.0,0.0
2024-07-26 09:30:00-04:00,12.989999771118164,12.989999771118164,12.989999771118164,12.989999771118164,0,0.0,0.0
2024-07-26 11:30:00-04:00,13.100000381469727,13.100000381469727,13.010000228881836,13.010000228881836,610,0.0,0.0
2024-07-26 12:30:00-04:00,13.127599716186523,13.127599716186523,13.127599716186523,13.127599716186523,246,0.0,0.0
2024-07-26 13:30:00-04:00,13.104999542236328,13.104999542236328,13.104999542236328,13.104999542236328,104,0.0,0.0
2024-07-26 14:30:00-04:00,13.100000381469727,13.100000381469727,13.100000381469727,13.100000381469727,895,0.0,0.0
2024-07-26 15:30:00-04:00,13.100000381469727,13.100000381469727,13.100000381469727,13.100000381469727,102,0.0,0.0
2024-07-29 10:30:00-04:00,13.175200462341309,13.180000305175781,13.175200462341309,13.180000305175781,1582,0.0,0.0
2024-07-29 12:30:00-04:00,13.180000305175781,13.1899995803833,13.180000305175781,13.1899995803833,513,0.0,0.0
2024-07-29 14:30:00-04:00,13.150300025939941,13.150300025939941,13.150300025939941,13.150300025939941,0,0.0,0.0
2024-07-30 09:30:00-04:00,13.1899995803833,13.1899995803833,13.1899995803833,13.1899995803833,0,0.0,0.0
2024-07-30 12:30:00-04:00,13.1899995803833,13.1899995803833,13.130000114440918,13.1899995803833,125,0.0,0.0
2024-08-02 11:30:00-04:00,13.15999984741211,13.15999984741211,13.15999984741211,13.15999984741211,714,0.0,0.0
2024-08-05 09:30:00-04:00,12.869999885559082,12.869999885559082,12.869999885559082,12.869999885559082,0,0.0,0.0
2024-08-07 10:30:00-04:00,13.08080005645752,13.199999809265137,13.08080005645752,13.199999809265137,644,0.0,0.0
2024-08-08 10:30:00-04:00,12.925000190734863,12.925000190734863,12.925000190734863,12.925000190734863,452,0.0,0.0
2024-08-09 09:30:00-04:00,12.93019962310791,12.93019962310791,12.93019962310791,12.93019962310791,419,0.0,0.0
2024-08-09 12:30:00-04:00,12.930000305175781,12.930000305175781,12.930000305175781,12.930000305175781,536,0.0,0.0
2024-08-09 13:30:00-04:00,12.930000305175781,12.930000305175781,12.930000305175781,12.930000305175781,600,0.0,0.0
2024-08-09 14:30:00-04:00,12.930000305175781,12.930000305175781,12.930000305175781,12.930000305175781,1235,0.0,0.0
2024-08-09 15:30:00-04:00,13.199999809265137,13.199999809265137,12.869999885559082,12.869999885559082,1691,0.0,0.0
2024-08-12 09:30:00-04:00,13.0,13.047100067138672,12.920000076293945,13.047100067138672,0,0.0,0.0
2024-08-12 11:30:00-04:00,12.920000076293945,12.920000076293945,12.920000076293945,12.920000076293945,953,0.0,0.0
2024-08-12 13:30:00-04:00,13.050000190734863,13.050000190734863,13.050000190734863,13.050000190734863,0,0.0,0.0
2024-08-13 09:30:00-04:00,13.043999671936035,13.104999542236328,12.920000076293945,13.024999618530273,5539,0.0,0.0
2024-08-13 14:30:00-04:00,13.050000190734863,13.050000190734863,13.050000190734863,13.050000190734863,299,0.0,0.0
2024-08-13 15:30:00-04:00,13.039999961853027,13.039999961853027,13.039999961853027,13.039999961853027,0,0.0,0.0
2024-08-14 11:30:00-04:00,13.050000190734863,13.050000190734863,13.050000190734863,13.050000190734863,125,0.0,0.0
2024-08-14 12:30:00-04:00,13.050000190734863,13.050000190734863,13.050000190734863,13.050000190734863,915,0.0,0.0
2024-08-14 15:30:00-04:00,13.149900436401367,13.149900436401367,13.149900436401367,13.149900436401367,0,0.0,0.0
2024-08-15 12:30:00-04:00,13.0,13.0,13.0,13.0,100,0.0,0.0
2024-08-15 13:30:00-04:00,13.0,13.0,13.0,13.0,0,0.0,0.0
2024-08-16 13:30:00-04:00,13.0,13.0,13.0,13.0,301,0.0,0.0
2024-08-16 14:30:00-04:00,13.0,13.0,13.0,13.0,402,0.0,0.0
2024-08-19 13:30:00-04:00,13.13949966430664,13.149999618530273,13.13949966430664,13.149999618530273,457,0.0,0.0
2024-08-19 14:30:00-04:00,13.180000305175781,13.180000305175781,13.140000343322754,13.180000305175781,2374,0.0,0.0
2024-08-20 09:30:00-04:00,13.180000305175781,13.180000305175781,13.163900375366211,13.163900375366211,99,0.0,0.0
2024-08-21 13:30:00-04:00,13.169699668884277,13.169699668884277,13.169699668884277,13.169699668884277,202,0.0,0.0
2024-08-21 14:30:00-04:00,13.045000076293945,13.180000305175781,13.045000076293945,13.180000305175781,2344,0.0,0.0
2024-08-22 09:30:00-04:00,13.199999809265137,13.199999809265137,13.199999809265137,13.199999809265137,0,0.0,0.0
2024-08-22 11:30:00-04:00,13.220000267028809,13.220000267028809,13.220000267028809,13.220000267028809,100,0.0,0.0
2024-08-22 12:30:00-04:00,13.220000267028809,13.220000267028809,13.220000267028809,13.220000267028809,100,0.0,0.0
2024-08-22 13:30:00-04:00,13.220000267028809,13.220000267028809,13.220000267028809,13.220000267028809,266,0.0,0.0
2024-08-22 14:30:00-04:00,13.220000267028809,13.220000267028809,13.170000076293945,13.170100212097168,1039,0.0,0.0
2024-08-22 15:30:00-04:00,13.170000076293945,13.170000076293945,13.170000076293945,13.170000076293945,0,0.0,0.0
2024-08-23 14:30:00-04:00,13.210200309753418,13.210200309753418,13.210200309753418,13.210200309753418,202,0.0,0.0
2024-08-26 11:30:00-04:00,13.338600158691406,13.338600158691406,13.338600158691406,13.338600158691406,320,0.0,0.0
2024-08-26 12:30:00-04:00,13.489999771118164,13.489999771118164,13.489999771118164,13.489999771118164,100,0.0,0.0
2024-08-26 13:30:00-04:00,13.5,13.600000381469727,13.479999542236328,13.5,1965,0.0,0.0
2024-08-26 14:30:00-04:00,13.470000267028809,13.5,13.470000267028809,13.5,1500,0.0,0.0
2024-08-27 09:30:00-04:00,13.119999885559082,13.119999885559082,13.119999885559082,13.119999885559082,0,0.0,0.0
2024-08-27 10:30:00-04:00,13.609999656677246,13.649999618530273,13.609999656677246,13.619999885559082,1509,0.0,0.0
2024-08-27 11:30:00-04:00,13.5,13.5,13.5,13.5,0,0.0,0.0
2024-08-28 11:30:00-04:00,13.329999923706055,13.550000190734863,13.329999923706055,13.329999923706055,2058,0.0,0.0
2024-08-29 11:30:00-04:00,13.477899551391602,13.477899551391602,13.477899551391602,13.477899551391602,0,0.0,0.0
2024-09-03 12:30:00-04:00,13.529999732971191,13.529999732971191,13.529999732971191,13.529999732971191,94,0.0,0.0
2024-09-04 11:30:00-04:00,13.300000190734863,13.300000190734863,13.300000190734863,13.300000190734863,441,0.0,0.0
2024-09-04 14:30:00-04:00,13.5,13.529999732971191,13.5,13.529999732971191,1226,0.0,0.0
2024-09-05 09:30:00-04:00,13.550000190734863,13.589900016784668,13.550000190734863,13.589900016784668,0,0.0,0.0
2024-09-09 09:30:00-04:00,13.47599983215332,13.47599983215332,13.399999618530273,13.399999618530273,3116,0.0,0.0
2024-09-09 12:30:00-04:00,13.399999618530273,13.399999618530273,13.199999809265137,13.199999809265137,810,0.0,0.0
2024-09-10 09:30:00-04:00,13.337499618530273,13.337499618530273,13.337499618530273,13.337499618530273,0,0.0,0.0
2024-09-10 14:30:00-04:00,13.270000457763672,13.270000457763672,13.270000457763672,13.270000457763672,307,0.0,0.0
2024-09-11 10:30:00-04:00,13.425000190734863,13.425000190734863,13.425000190734863,13.425000190734863,931,0.0,0.0
2024-09-11 12:30:00-04:00,13.425000190734863,13.649999618530273,13.425000190734863,13.430000305175781,2271,0.0,0.0
2024-09-11 13:30:00-04:00,13.649999618530273,13.649999618530273,13.649999618530273,13.649999618530273,0,0.0,0.0
2024-09-12 10:30:00-04:00,13.229999542236328,13.229999542236328,13.210100173950195,13.210100173950195,48,0.0,0.0
2024-09-13 12:30:00-04:00,13.460000038146973,13.942999839782715,13.460000038146973,13.569999694824219,611,0.0,0.0
2024-09-13 15:30:00-04:00,13.699999809265137,13.699999809265137,13.699999809265137,13.699999809265137,993,0.0,0.0
2024-09-16 09:30:00-04:00,13.699999809265137,13.699999809265137,13.699999809265137,13.699999809265137,0,0.0,0.0
2024-09-16 10:30:00-04:00,13.699999809265137,13.699999809265137,13.699999809265137,13.699999809265137,0,0.0,0.0
2024-09-16 11:30:00-04:00,13.699999809265137,13.699999809265137,13.699999809265137,13.699999809265137,743,0.0,0.0
2024-09-16 12:30:00-04:00,13.699999809265137,13.699999809265137,13.260000228881836,13.260000228881836,0,0.0,0.0
2024-09-16 13:30:00-04:00,13.789999961853027,13.789999961853027,13.789999961853027,13.789999961853027,1468,0.0,0.0
2024-09-16 14:30:00-04:00,13.84000015258789,13.84000015258789,13.829999923706055,13.829999923706055,204,0.0,0.0
2024-09-16 15:30:00-04:00,13.789999961853027,13.789999961853027,13.789999961853027,13.789999961853027,108,0.0,0.0
2024-09-19 10:30:00-04:00,13.260000228881836,13.27869987487793,13.260000228881836,13.27869987487793,271,0.0,0.0
2024-09-19 12:30:00-04:00,13.23009967803955,13.23009967803955,13.23009967803955,13.23009967803955,0,0.0,0.0
2024-09-20 10:30:00-04:00,13.5,13.5,13.5,13.5,429,0.0,0.0
2024-09-20 14:30:00-04:00,13.5,13.5,13.5,13.5,1107,0.0,0.0
2024-09-20 15:30:00-04:00,13.489999771118164,13.5,13.489999771118164,13.5,738,0.0,0.0
2024-09-23 09:30:00-04:00,13.75,13.75,13.75,13.75,0,0.0,0.0
2024-09-23 11:30:00-04:00,13.545000076293945,13.545000076293945,13.545000076293945,13.545000076293945,2755,0.0,0.0
2024-09-23 15:30:00-04:00,13.609999656677246,13.609999656677246,13.609999656677246,13.609999656677246,100,0.0,0.0
2024-09-24 10:30:00-04:00,13.625,13.899999618530273,13.625,13.625,706,0.0,0.0
2024-09-24 11:30:00-04:00,13.920000076293945,13.930000305175781,13.920000076293945,13.930000305175781,0,0.0,0.0
2024-09-26 09:30:00-04:00,13.5,13.5,13.5,13.5,941,0.0,0.0
2024-09-26 13:30:00-04:00,13.5,13.5,13.5,13.5,0,0.0,0.0
2024-09-27 11:30:00-04:00,13.699999809265137,13.720000267028809,13.65999984741211,13.65999984741211,1028,0.0,0.0
2024-09-30 15:30:00-04:00,13.920000076293945,13.920000076293945,13.920000076293945,13.920000076293945,21,0.0,0.0
2024-10-02 11:30:00-04:00,13.699999809265137,13.819999694824219,13.699999809265137,13.760000228881836,995,0.0,0.0
2024-10-03 09:30:00-04:00,13.779999732971191,13.779999732971191,13.779999732971191,13.779999732971191,407,0.0,0.0
2024-10-03 12:30:00-04:00,13.75,13.75,13.75,13.75,0,0.0,0.0
2024-10-08 11:30:00-04:00,13.699999809265137,13.699999809265137,13.5,13.5,556,0.0,0.0
2024-10-08 12:30:00-04:00,13.470000267028809,13.470000267028809,13.470000267028809,13.470000267028809,0,0.0,0.0
2024-10-11 12:30:00-04:00,13.279999732971191,13.279999732971191,13.23009967803955,13.23009967803955,893,0.0,0.0
2024-10-21 11:30:00-04:00,13.6899995803833,13.6899995803833,13.609999656677246,13.609999656677246,897,0.0,0.0
2024-10-21 12:30:00-04:00,13.5,13.510000228881836,13.5,13.510000228881836,310,0.0,0.0
2024-10-21 14:30:00-04:00,13.5,13.5,13.5,13.5,158,0.0,0.0
2024-10-21 15:30:00-04:00,13.5,13.59280014038086,13.5,13.59280014038086,543,0.0,0.0
2024-10-22 09:30:00-04:00,13.600000381469727,13.600000381469727,13.600000381469727,13.600000381469727,0,0.0,0.0
2024-10-22 14:30:00-04:00,13.491999626159668,13.491999626159668,13.491999626159668,13.491999626159668,0,0.0,0.0
2024-10-29 09:30:00-04:00,13.210000038146973,13.210000038146973,13.210000038146973,13.210000038146973,0,0.0,0.0
2024-10-29 11:30:00-04:00,13.420000076293945,13.470000267028809,13.420000076293945,13.470000267028809,1053,0.0,0.0
2024-10-29 13:30:00-04:00,13.220000267028809,13.220000267028809,13.220000267028809,13.220000267028809,185,0.0,0.0
2024-10-29 15:30:00-04:00,13.210000038146973,13.210000038146973,13.020000457763672,13.020000457763672,0,0.0,0.0
2024-10-31 09:30:00-04:00,12.962499618530273,12.962499618530273,12.962499618530273,12.962499618530273,0,0.0,0.0
2024-11-01 09:30:00-04:00,13.010000228881836,13.010000228881836,13.010000228881836,13.010000228881836,200,0.0,0.0
