Datetime,Open,High,Low,Close,Volume,Dividends,Stock Splits,Capital Gains
2022-11-03 11:30:00-04:00,23.22170066833496,23.295000076293945,23.22170066833496,23.295000076293945,429,0.0,0.0,0.0
2022-11-03 15:30:00-04:00,23.309999465942383,23.309999465942383,23.218000411987305,23.218000411987305,200,0.0,0.0,0.0
2022-11-04 09:30:00-04:00,23.75,23.75,23.75,23.75,0,0.0,0.0,0.0
2022-11-04 11:30:00-04:00,22.94499969482422,22.950000762939453,22.8700008392334,22.950000762939453,506,0.0,0.0,0.0
2022-11-04 12:30:00-04:00,22.891000747680664,22.94499969482422,22.829999923706055,22.93000030517578,20582,0.0,0.0,0.0
2022-11-04 14:30:00-04:00,23.0,23.20050048828125,22.989999771118164,23.20050048828125,3341,0.0,0.0,0.0
2022-11-07 09:30:00-05:00,23.25,23.25,23.25,23.25,0,0.0,0.0,0.0
2022-11-07 11:30:00-05:00,23.329999923706055,23.329999923706055,23.200000762939453,23.269899368286133,2443,0.0,0.0,0.0
2022-11-07 12:30:00-05:00,23.22800064086914,23.22800064086914,23.22800064086914,23.22800064086914,241,0.0,0.0,0.0
2022-11-07 13:30:00-05:00,23.236799240112305,23.270000457763672,23.236799240112305,23.270000457763672,770,0.0,0.0,0.0
2022-11-07 14:30:00-05:00,23.36590003967285,23.36590003967285,23.36590003967285,23.36590003967285,311,0.0,0.0,0.0
2022-11-07 15:30:00-05:00,23.440000534057617,23.459999084472656,23.368200302124023,23.368200302124023,200,0.0,0.0,0.0
2022-11-08 09:30:00-05:00,23.18000030517578,23.18000030517578,23.15999984741211,23.174999237060547,0,0.0,0.0,0.0
2022-11-08 10:30:00-05:00,23.155000686645508,23.155000686645508,23.155000686645508,23.155000686645508,489,0.0,0.0,0.0
2022-11-08 11:30:00-05:00,23.450000762939453,23.450000762939453,23.450000762939453,23.450000762939453,641,0.0,0.0,0.0
2022-11-08 12:30:00-05:00,23.469999313354492,23.469999313354492,23.424999237060547,23.424999237060547,0,0.0,0.0,0.0
2022-11-09 11:30:00-05:00,23.31999969482422,23.395000457763672,23.214500427246094,23.214500427246094,595,0.0,0.0,0.0
2022-11-09 12:30:00-05:00,23.2721004486084,23.274999618530273,23.2721004486084,23.274999618530273,335,0.0,0.0,0.0
2022-11-09 13:30:00-05:00,23.12809944152832,23.12809944152832,23.12809944152832,23.12809944152832,104,0.0,0.0,0.0
2022-11-09 14:30:00-05:00,23.085599899291992,23.085599899291992,23.045000076293945,23.048799514770508,851,0.0,0.0,0.0
2022-11-10 09:30:00-05:00,24.52989959716797,24.52989959716797,24.479999542236328,24.489999771118164,0,0.0,0.0,0.0
2022-11-10 12:30:00-05:00,24.510000228881836,24.510000228881836,24.399999618530273,24.405000686645508,940,0.0,0.0,0.0
2022-11-10 13:30:00-05:00,24.4950008392334,24.4950008392334,24.4950008392334,24.4950008392334,204,0.0,0.0,0.0
2022-11-10 15:30:00-05:00,24.722999572753906,24.729999542236328,24.709999084472656,24.729999542236328,0,0.0,0.0,0.0
2022-11-11 09:30:00-05:00,24.729999542236328,25.030000686645508,24.729999542236328,25.030000686645508,677,0.0,0.0,0.0
2022-11-11 10:30:00-05:00,25.283599853515625,25.283599853515625,25.283599853515625,25.283599853515625,304,0.0,0.0,0.0
2022-11-11 11:30:00-05:00,25.084999084472656,25.084999084472656,25.084999084472656,25.084999084472656,114,0.0,0.0,0.0
2022-11-11 13:30:00-05:00,25.17289924621582,25.17289924621582,25.170000076293945,25.170000076293945,710,0.0,0.0,0.0
2022-11-11 15:30:00-05:00,25.09910011291504,25.18429946899414,25.09910011291504,25.18429946899414,855,0.0,0.0,0.0
2022-11-14 09:30:00-05:00,25.0,25.0,25.0,25.0,0,0.0,0.0,0.0
2022-11-14 10:30:00-05:00,25.0,25.0,24.91010093688965,24.91010093688965,381,0.0,0.0,0.0
2022-11-14 13:30:00-05:00,25.007999420166016,25.007999420166016,25.007999420166016,25.007999420166016,306,0.0,0.0,0.0
2022-11-14 14:30:00-05:00,25.0674991607666,25.0674991607666,24.937999725341797,24.937999725341797,709,0.0,0.0,0.0
2022-11-14 15:30:00-05:00,24.850500106811523,24.88990020751953,24.850500106811523,24.850500106811523,102,0.0,0.0,0.0
2022-11-15 09:30:00-05:00,24.940000534057617,25.30459976196289,24.940000534057617,25.30459976196289,0,0.0,0.0,0.0
2022-11-15 10:30:00-05:00,25.368999481201172,25.368999481201172,25.264999389648438,25.29319953918457,589,0.0,0.0,0.0
2022-11-15 13:30:00-05:00,25.079999923706055,25.131000518798828,25.079999923706055,25.13010025024414,1691,0.0,0.0,0.0
2022-11-15 14:30:00-05:00,25.193199157714844,25.27680015563965,25.193199157714844,25.27680015563965,893,0.0,0.0,0.0
2022-11-15 15:30:00-05:00,25.15999984741211,25.228900909423828,25.15999984741211,25.228900909423828,100,0.0,0.0,0.0
2022-11-16 09:30:00-05:00,24.979999542236328,24.979999542236328,24.979999542236328,24.979999542236328,0,0.0,0.0,0.0
2022-11-16 12:30:00-05:00,24.85759925842285,24.85759925842285,24.85759925842285,24.85759925842285,1053,0.0,0.0,0.0
2022-11-16 13:30:00-05:00,24.799999237060547,24.799999237060547,24.799999237060547,24.799999237060547,202,0.0,0.0,0.0
2022-11-16 14:30:00-05:00,24.74679946899414,24.74679946899414,24.74679946899414,24.74679946899414,263,0.0,0.0,0.0
2022-11-16 15:30:00-05:00,24.75,24.760000228881836,24.75,24.760000228881836,152,0.0,0.0,0.0
2022-11-17 09:30:00-05:00,24.280000686645508,24.33340072631836,24.280000686645508,24.33340072631836,0,0.0,0.0,0.0
2022-11-18 09:30:00-05:00,24.389999389648438,24.389999389648438,24.389999389648438,24.389999389648438,0,0.0,0.0,0.0
2022-11-18 10:30:00-05:00,24.352500915527344,24.352500915527344,24.352500915527344,24.352500915527344,800,0.0,0.0,0.0
2022-11-18 11:30:00-05:00,24.329999923706055,24.329999923706055,24.329999923706055,24.329999923706055,236,0.0,0.0,0.0
2022-11-18 12:30:00-05:00,24.20400047302246,24.20400047302246,24.20400047302246,24.20400047302246,657,0.0,0.0,0.0
2022-11-18 13:30:00-05:00,24.225000381469727,24.225000381469727,24.225000381469727,24.225000381469727,204,0.0,0.0,0.0
2022-11-18 14:30:00-05:00,24.139999389648438,24.139999389648438,24.139999389648438,24.139999389648438,100,0.0,0.0,0.0
2022-11-18 15:30:00-05:00,24.290000915527344,24.290000915527344,24.290000915527344,24.290000915527344,242,0.0,0.0,0.0
2022-11-21 09:30:00-05:00,24.020000457763672,24.219999313354492,24.020000457763672,24.219999313354492,995,0.0,0.0,0.0
2022-11-21 10:30:00-05:00,24.1299991607666,24.27989959716797,24.1299991607666,24.27989959716797,706,0.0,0.0,0.0
2022-11-21 11:30:00-05:00,24.26849937438965,24.26849937438965,24.18720054626465,24.18720054626465,293,0.0,0.0,0.0
2022-11-21 12:30:00-05:00,24.149999618530273,24.219999313354492,24.149999618530273,24.219999313354492,979,0.0,0.0,0.0
2022-11-21 14:30:00-05:00,24.26740074157715,24.26740074157715,24.239999771118164,24.239999771118164,514,0.0,0.0,0.0
2022-11-21 15:30:00-05:00,24.290000915527344,24.30970001220703,24.290000915527344,24.30970001220703,401,0.0,0.0,0.0
2022-11-22 09:30:00-05:00,24.131500244140625,24.131500244140625,24.131500244140625,24.131500244140625,0,0.0,0.0,0.0
2022-11-22 10:30:00-05:00,24.13010025024414,24.162900924682617,24.1299991607666,24.162900924682617,1150,0.0,0.0,0.0
2022-11-22 11:30:00-05:00,24.116500854492188,24.16670036315918,24.116500854492188,24.16670036315918,686,0.0,0.0,0.0
2022-11-22 13:30:00-05:00,24.110000610351562,24.229999542236328,24.110000610351562,24.229999542236328,1949,0.0,0.0,0.0
2022-11-22 14:30:00-05:00,24.239999771118164,24.319900512695312,24.239999771118164,24.319900512695312,1066,0.0,0.0,0.0
2022-11-22 15:30:00-05:00,24.31999969482422,24.31999969482422,24.311100006103516,24.311100006103516,100,0.0,0.0,0.0
2022-11-23 09:30:00-05:00,24.110000610351562,24.3799991607666,24.110000610351562,24.3799991607666,0,0.0,0.0,0.0
2022-11-23 10:30:00-05:00,24.489999771118164,24.489999771118164,24.489999771118164,24.489999771118164,152,0.0,0.0,0.0
2022-11-23 12:30:00-05:00,24.431499481201172,24.431499481201172,24.431499481201172,24.431499481201172,194,0.0,0.0,0.0
2022-11-23 13:30:00-05:00,24.465599060058594,24.465599060058594,24.390100479125977,24.390100479125977,1618,0.0,0.0,0.0
2022-11-23 14:30:00-05:00,24.56999969482422,24.56999969482422,24.56999969482422,24.56999969482422,148,0.0,0.0,0.0
2022-11-23 15:30:00-05:00,24.559999465942383,24.559999465942383,24.530000686645508,24.530000686645508,256,0.0,0.0,0.0
2022-11-28 09:30:00-05:00,23.899999618530273,24.3799991607666,23.899999618530273,24.3799991607666,16410,0.0,0.0,0.0
2022-11-28 12:30:00-05:00,24.200000762939453,24.309999465942383,24.18000030517578,24.309999465942383,595,0.0,0.0,0.0
2022-11-28 14:30:00-05:00,24.0,24.0049991607666,23.979999542236328,24.0049991607666,2197,0.0,0.0,0.0
2022-11-28 15:30:00-05:00,24.0,24.100000381469727,23.8799991607666,24.010000228881836,6551,0.0,0.0,0.0
2022-11-29 09:30:00-05:00,24.28499984741211,24.34269905090332,24.28499984741211,24.34269905090332,0,0.0,0.0,0.0
2022-11-29 10:30:00-05:00,24.325000762939453,24.325000762939453,24.325000762939453,24.325000762939453,1086,0.0,0.0,0.0
2022-11-29 12:30:00-05:00,24.3700008392334,24.3700008392334,24.3700008392334,24.3700008392334,167,0.0,0.0,0.0
2022-11-29 13:30:00-05:00,24.33169937133789,24.33169937133789,24.33169937133789,24.33169937133789,100,0.0,0.0,0.0
2022-11-29 14:30:00-05:00,24.270599365234375,24.270599365234375,24.270000457763672,24.270000457763672,832,0.0,0.0,0.0
2022-11-29 15:30:00-05:00,24.3799991607666,24.3799991607666,24.3700008392334,24.3700008392334,300,0.0,0.0,0.0
2022-11-30 09:30:00-05:00,24.020000457763672,24.209999084472656,24.020000457763672,24.139999389648438,0,0.0,0.0,0.0
2022-11-30 10:30:00-05:00,24.179899215698242,24.243799209594727,24.124000549316406,24.243799209594727,1562,0.0,0.0,0.0
2022-11-30 11:30:00-05:00,24.077800750732422,24.077800750732422,24.077800750732422,24.077800750732422,217,0.0,0.0,0.0
2022-11-30 12:30:00-05:00,24.06999969482422,24.06999969482422,24.045000076293945,24.045000076293945,1326,0.0,0.0,0.0
2022-11-30 13:30:00-05:00,24.6299991607666,24.6299991607666,24.6299991607666,24.6299991607666,637,0.0,0.0,0.0
2022-11-30 14:30:00-05:00,24.655000686645508,24.913000106811523,24.655000686645508,24.913000106811523,0,0.0,0.0,0.0
2022-12-01 09:30:00-05:00,24.979999542236328,25.28499984741211,24.979999542236328,25.155399322509766,2438,0.0,0.0,0.0
2022-12-01 10:30:00-05:00,25.123600006103516,25.123600006103516,25.04450035095215,25.117900848388672,8507,0.0,0.0,0.0
2022-12-01 12:30:00-05:00,25.209999084472656,25.222700119018555,25.209999084472656,25.209999084472656,3604,0.0,0.0,0.0
2022-12-01 13:30:00-05:00,25.12689971923828,25.19499969482422,25.12689971923828,25.19499969482422,1167,0.0,0.0,0.0
2022-12-01 14:30:00-05:00,25.2450008392334,25.305599212646484,25.238300323486328,25.305599212646484,1750,0.0,0.0,0.0
2022-12-02 09:30:00-05:00,24.860000610351562,25.09149932861328,24.860000610351562,25.09149932861328,0,0.0,0.0,0.0
2022-12-02 10:30:00-05:00,25.27989959716797,25.27989959716797,25.222200393676758,25.222200393676758,535,0.0,0.0,0.0
2022-12-02 11:30:00-05:00,25.299999237060547,25.34429931640625,25.299999237060547,25.34429931640625,1372,0.0,0.0,0.0
2022-12-02 12:30:00-05:00,25.220699310302734,25.280000686645508,25.220699310302734,25.280000686645508,497,0.0,0.0,0.0
2022-12-02 13:30:00-05:00,25.368600845336914,25.368600845336914,25.368600845336914,25.368600845336914,142,0.0,0.0,0.0
2022-12-02 14:30:00-05:00,25.350000381469727,25.393199920654297,25.350000381469727,25.393199920654297,102,0.0,0.0,0.0
2022-12-05 09:30:00-05:00,25.049999237060547,25.144800186157227,24.889999389648438,24.961000442504883,0,0.0,0.0,0.0
2022-12-05 10:30:00-05:00,25.0,25.029199600219727,25.0,25.029199600219727,500,0.0,0.0,0.0
2022-12-05 11:30:00-05:00,25.0,25.0,25.0,25.0,418,0.0,0.0,0.0
2022-12-05 13:30:00-05:00,24.940000534057617,24.940000534057617,24.926700592041016,24.926700592041016,297,0.0,0.0,0.0
2022-12-06 09:30:00-05:00,24.75,24.764999389648438,24.719999313354492,24.764999389648438,1022,0.0,0.0,0.0
2022-12-06 11:30:00-05:00,24.56999969482422,24.575000762939453,24.56999969482422,24.575000762939453,623,0.0,0.0,0.0
2022-12-06 13:30:00-05:00,24.4689998626709,24.4689998626709,24.4689998626709,24.4689998626709,254,0.0,0.0,0.0
2022-12-06 14:30:00-05:00,24.364599227905273,24.415000915527344,24.360000610351562,24.415000915527344,0,0.0,0.0,0.0
2022-12-06 15:30:00-05:00,24.479999542236328,24.505199432373047,24.479999542236328,24.505199432373047,14,0.0,0.0,0.0
2022-12-07 11:30:00-05:00,24.490100860595703,24.575000762939453,24.490100860595703,24.52829933166504,1634,0.0,0.0,0.0
2022-12-07 12:30:00-05:00,24.639999389648438,24.639999389648438,24.569900512695312,24.569900512695312,575,0.0,0.0,0.0
2022-12-08 09:30:00-05:00,24.6299991607666,24.930099487304688,24.6299991607666,24.930099487304688,933,0.0,0.0,0.0
2022-12-08 10:30:00-05:00,24.950199127197266,24.950199127197266,24.926000595092773,24.926000595092773,1139,0.0,0.0,0.0
2022-12-08 11:30:00-05:00,24.935100555419922,24.935100555419922,24.900999069213867,24.90999984741211,1110,0.0,0.0,0.0
2022-12-08 12:30:00-05:00,24.90999984741211,24.90999984741211,24.90999984741211,24.90999984741211,621,0.0,0.0,0.0
2022-12-08 13:30:00-05:00,24.985000610351562,25.030000686645508,24.899999618530273,24.899999618530273,16802,0.0,0.0,0.0
2022-12-08 15:30:00-05:00,24.893400192260742,24.921300888061523,24.893400192260742,24.921300888061523,257,0.0,0.0,0.0
2022-12-09 09:30:00-05:00,24.610000610351562,24.889999389648438,24.610000610351562,24.889999389648438,0,0.0,0.0,0.0
2022-12-09 10:30:00-05:00,24.969999313354492,24.969999313354492,24.969999313354492,24.969999313354492,211,0.0,0.0,0.0
2022-12-09 12:30:00-05:00,24.940000534057617,24.940000534057617,24.872299194335938,24.872299194335938,379,0.0,0.0,0.0
2022-12-09 13:30:00-05:00,24.868000030517578,24.868000030517578,24.868000030517578,24.868000030517578,215,0.0,0.0,0.0
2022-12-09 14:30:00-05:00,24.87179946899414,24.969999313354492,24.80940055847168,24.80940055847168,552,0.0,0.0,0.0
2022-12-12 09:30:00-05:00,24.579999923706055,24.825000762939453,24.579999923706055,24.825000762939453,425,0.0,0.0,0.0
2022-12-12 13:30:00-05:00,24.905000686645508,24.905000686645508,24.905000686645508,24.905000686645508,588,0.0,0.0,0.0
2022-12-12 14:30:00-05:00,24.905000686645508,25.01020050048828,24.905000686645508,25.01020050048828,1466,0.0,0.0,0.0
2022-12-13 09:30:00-05:00,25.68000030517578,26.0,25.68000030517578,26.0,5619,0.0,0.0,0.0
2022-12-13 10:30:00-05:00,25.649999618530273,25.649999618530273,25.649999618530273,25.649999618530273,345,0.0,0.0,0.0
2022-12-13 12:30:00-05:00,25.334999084472656,25.334999084472656,25.334999084472656,25.334999084472656,186,0.0,0.0,0.0
2022-12-13 13:30:00-05:00,25.464599609375,25.464599609375,25.41010093688965,25.41010093688965,488,0.0,0.0,0.0
2022-12-13 14:30:00-05:00,25.6200008392334,25.6200008392334,25.475000381469727,25.49090003967285,300,0.0,0.0,0.0
2022-12-14 09:30:00-05:00,25.5,25.5,25.5,25.5,0,0.0,0.0,0.0
2022-12-14 10:30:00-05:00,25.559999465942383,25.639999389648438,25.559999465942383,25.639999389648438,773,0.0,0.0,0.0
2022-12-14 13:30:00-05:00,25.639999389648438,25.639999389648438,25.639999389648438,25.639999389648438,682,0.0,0.0,0.0
2022-12-14 14:30:00-05:00,25.31999969482422,25.61669921875,25.31999969482422,25.450000762939453,6552,0.0,0.0,0.0
2022-12-14 15:30:00-05:00,25.250999450683594,25.36479949951172,25.250999450683594,25.36479949951172,109,0.0,0.0,0.0
2022-12-15 09:30:00-05:00,25.110000610351562,25.110000610351562,24.860000610351562,24.939699172973633,0,0.0,0.0,0.0
2022-12-15 10:30:00-05:00,24.90999984741211,24.90999984741211,24.90999984741211,24.90999984741211,130,0.0,0.0,0.0
2022-12-15 11:30:00-05:00,24.809999465942383,24.809999465942383,24.809999465942383,24.809999465942383,284,0.0,0.0,0.0
2022-12-15 12:30:00-05:00,24.787599563598633,24.787599563598633,24.787599563598633,24.787599563598633,146,0.0,0.0,0.0
2022-12-15 14:30:00-05:00,24.735000610351562,24.735000610351562,24.735000610351562,24.735000610351562,411,0.0,0.0,0.0
2022-12-15 15:30:00-05:00,24.71929931640625,24.71929931640625,24.690000534057617,24.701900482177734,412,0.0,0.0,0.0
2022-12-16 09:30:00-05:00,24.65999984741211,24.665000915527344,24.56999969482422,24.588300704956055,0,0.0,0.0,0.0
2022-12-16 10:30:00-05:00,24.40999984741211,24.530000686645508,24.40999984741211,24.475000381469727,5154,0.0,0.0,0.0
2022-12-16 11:30:00-05:00,24.489999771118164,24.489999771118164,24.489999771118164,24.489999771118164,128,0.0,0.0,0.0
2022-12-16 12:30:00-05:00,24.5,24.5,24.5,24.5,103,0.0,0.0,0.0
2022-12-16 13:30:00-05:00,24.510000228881836,24.510000228881836,24.510000228881836,24.510000228881836,109,0.0,0.0,0.0
2022-12-16 14:30:00-05:00,24.520000457763672,24.61479949951172,24.520000457763672,24.61479949951172,1306,0.0,0.0,0.0
2022-12-19 09:30:00-05:00,24.469999313354492,24.469999313354492,24.368600845336914,24.43000030517578,0,0.0,0.0,0.0
2022-12-19 10:30:00-05:00,24.46619987487793,24.46619987487793,24.33639907836914,24.33639907836914,3089,0.0,0.0,0.0
2022-12-19 11:30:00-05:00,24.34000015258789,24.34000015258789,24.260000228881836,24.291000366210938,903,0.0,0.0,0.0
2022-12-19 12:30:00-05:00,24.268199920654297,24.274999618530273,24.268199920654297,24.274999618530273,591,0.0,0.0,0.0
2022-12-19 14:30:00-05:00,24.110000610351562,24.110000610351562,24.110000610351562,24.110000610351562,103,0.0,0.0,0.0
2022-12-19 15:30:00-05:00,24.187999725341797,24.187999725341797,24.187999725341797,24.187999725341797,120,0.0,0.0,0.0
2022-12-20 09:30:00-05:00,23.979999542236328,24.18000030517578,23.959999084472656,24.149999618530273,0,0.0,0.0,0.0
2022-12-20 10:30:00-05:00,24.239599227905273,24.264999389648438,24.239599227905273,24.264999389648438,358,0.0,0.0,0.0
2022-12-20 11:30:00-05:00,24.2731990814209,24.2731990814209,24.2731990814209,24.2731990814209,234,0.0,0.0,0.0
2022-12-20 13:30:00-05:00,24.329999923706055,24.329999923706055,24.25,24.25,654,0.0,0.0,0.0
2022-12-20 14:30:00-05:00,24.209999084472656,24.26759910583496,24.209999084472656,24.26759910583496,182,0.0,0.0,0.0
2022-12-21 09:30:00-05:00,24.34000015258789,24.479999542236328,24.34000015258789,24.46649932861328,4097,0.0,0.0,0.0
2022-12-21 10:30:00-05:00,24.56999969482422,24.56999969482422,24.56999969482422,24.56999969482422,448,0.0,0.0,0.0
2022-12-21 11:30:00-05:00,24.69540023803711,24.69540023803711,24.69540023803711,24.69540023803711,459,0.0,0.0,0.0
2022-12-21 14:30:00-05:00,24.5,24.5,24.5,24.5,505,0.0,0.0,0.0
2022-12-21 15:30:00-05:00,24.520000457763672,24.552600860595703,24.450700759887695,24.552600860595703,401,0.0,0.0,0.0
2022-12-22 09:30:00-05:00,24.260000228881836,24.260000228881836,24.260000228881836,24.260000228881836,0,0.0,0.0,0.0
2022-12-22 11:30:00-05:00,24.18000030517578,24.259899139404297,24.059999465942383,24.059999465942383,1413,0.0,0.0,0.0
2022-12-22 12:30:00-05:00,24.0,24.0,24.0,24.0,387,0.0,0.0,0.0
2022-12-22 13:30:00-05:00,23.969999313354492,24.024999618530273,23.95199966430664,24.024999618530273,677,0.0,0.0,0.0
2022-12-22 14:30:00-05:00,24.12619972229004,24.216899871826172,24.12619972229004,24.216899871826172,1244,0.0,0.0,0.0
2022-12-22 15:30:00-05:00,24.229999542236328,24.290199279785156,24.229999542236328,24.290199279785156,1531,0.0,0.0,0.0
2022-12-23 09:30:00-05:00,24.139999389648438,24.229999542236328,24.139999389648438,24.229999542236328,0,0.0,0.0,0.0
2022-12-23 11:30:00-05:00,24.33799934387207,24.33799934387207,24.33799934387207,24.33799934387207,142,0.0,0.0,0.0
2022-12-23 12:30:00-05:00,24.291000366210938,24.364999771118164,24.290000915527344,24.363500595092773,4023,0.0,0.0,0.0
2022-12-23 13:30:00-05:00,24.303600311279297,24.40019989013672,24.303600311279297,24.40019989013672,703,0.0,0.0,0.0
2022-12-27 09:30:00-05:00,24.309999465942383,24.329999923706055,24.010000228881836,24.13089942932129,0,0.0,0.0,0.0
2022-12-27 10:30:00-05:00,24.330299377441406,24.330299377441406,24.253799438476562,24.253799438476562,223,0.0,0.0,0.0
2022-12-27 11:30:00-05:00,24.16010093688965,24.2450008392334,24.15999984741211,24.2450008392334,2703,0.0,0.0,0.0
2022-12-27 13:30:00-05:00,24.192100524902344,24.192100524902344,24.192100524902344,24.192100524902344,230,0.0,0.0,0.0
2022-12-27 14:30:00-05:00,24.070100784301758,24.155000686645508,24.070100784301758,24.155000686645508,0,0.0,0.0,0.0
2022-12-28 09:30:00-05:00,24.169300079345703,24.28499984741211,24.169300079345703,24.28499984741211,733,0.0,0.0,0.0
2022-12-28 10:30:00-05:00,24.071399688720703,24.071399688720703,24.0,24.0,3838,0.0,0.0,0.0
2022-12-28 11:30:00-05:00,23.90250015258789,23.90250015258789,23.799999237060547,23.799999237060547,1201,0.0,0.0,0.0
2022-12-28 12:30:00-05:00,23.899999618530273,24.049999237060547,23.899999618530273,24.049999237060547,2341,0.0,0.0,0.0
2022-12-28 13:30:00-05:00,23.950000762939453,23.950000762939453,23.850000381469727,23.860000610351562,13804,0.0,0.0,0.0
2022-12-28 14:30:00-05:00,23.901899337768555,23.901899337768555,23.75,23.75,5277,0.0,0.0,0.0
2022-12-28 15:30:00-05:00,23.75,23.82509994506836,23.75,23.82509994506836,201,0.0,0.0,0.0
2022-12-29 09:30:00-05:00,23.899999618530273,24.428800582885742,23.899999618530273,24.428800582885742,0,0.0,0.0,0.0
2022-12-29 10:30:00-05:00,24.54990005493164,24.54990005493164,24.54990005493164,24.54990005493164,369,0.0,0.0,0.0
2022-12-29 11:30:00-05:00,24.5,24.5,24.5,24.5,191,0.0,0.0,0.0
2022-12-29 12:30:00-05:00,24.500999450683594,24.579999923706055,24.5,24.579999923706055,1741,0.0,0.0,0.0
2022-12-29 13:30:00-05:00,24.5,24.5,24.5,24.5,600,0.0,0.0,0.0
2022-12-29 14:30:00-05:00,24.58449935913086,24.58449935913086,24.58449935913086,24.58449935913086,220,0.0,0.0,0.0
2022-12-29 15:30:00-05:00,24.575000762939453,24.599899291992188,24.575000762939453,24.575000762939453,185,0.0,0.0,0.0
2022-12-30 09:30:00-05:00,24.280000686645508,24.35770034790039,24.280000686645508,24.35770034790039,0,0.0,0.0,0.0
2022-12-30 10:30:00-05:00,24.385000228881836,24.388200759887695,24.309999465942383,24.34000015258789,1171,0.0,0.0,0.0
2022-12-30 11:30:00-05:00,24.332700729370117,24.332700729370117,24.25,24.273500442504883,3380,0.0,0.0,0.0
2022-12-30 12:30:00-05:00,24.33329963684082,24.33329963684082,24.306800842285156,24.306800842285156,1103,0.0,0.0,0.0
2022-12-30 13:30:00-05:00,24.209999084472656,24.209999084472656,24.200000762939453,24.200000762939453,2112,0.0,0.0,0.0
2022-12-30 15:30:00-05:00,24.329999923706055,24.449899673461914,24.329999923706055,24.449899673461914,176,0.0,0.0,0.0
2023-01-03 09:30:00-05:00,24.56999969482422,24.799999237060547,24.469999313354492,24.559900283813477,0,0.0,0.0,0.0
2023-01-03 10:30:00-05:00,24.38010025024414,24.59440040588379,24.38010025024414,24.59440040588379,346,0.0,0.0,0.0
2023-01-03 12:30:00-05:00,24.350000381469727,24.46500015258789,24.3075008392334,24.46500015258789,1895,0.0,0.0,0.0
2023-01-04 10:30:00-05:00,24.66670036315918,24.66670036315918,24.66670036315918,24.66670036315918,556,0.0,0.0,0.0
2023-01-04 11:30:00-05:00,24.860000610351562,24.861900329589844,24.860000610351562,24.860000610351562,2221,0.0,0.0,0.0
2023-01-04 12:30:00-05:00,24.82360076904297,24.862699508666992,24.82360076904297,24.862699508666992,1093,0.0,0.0,0.0
2023-01-04 13:30:00-05:00,24.729999542236328,24.729999542236328,24.729999542236328,24.729999542236328,168,0.0,0.0,0.0
2023-01-04 15:30:00-05:00,24.67099952697754,24.7460994720459,24.649999618530273,24.7460994720459,1105,0.0,0.0,0.0
2023-01-05 09:30:00-05:00,24.34000015258789,24.485000610351562,24.34000015258789,24.46500015258789,0,0.0,0.0,0.0
2023-01-05 10:30:00-05:00,24.322900772094727,24.38290023803711,24.322900772094727,24.38290023803711,355,0.0,0.0,0.0
2023-01-05 11:30:00-05:00,24.36590003967285,24.36590003967285,24.229999542236328,24.24250030517578,16539,0.0,0.0,0.0
2023-01-05 12:30:00-05:00,24.347000122070312,24.3700008392334,24.30590057373047,24.3700008392334,841,0.0,0.0,0.0
2023-01-05 13:30:00-05:00,24.420000076293945,24.420000076293945,24.40019989013672,24.40019989013672,955,0.0,0.0,0.0
2023-01-06 11:30:00-05:00,24.760000228881836,24.760000228881836,24.760000228881836,24.760000228881836,0,0.0,0.0,0.0
2023-01-06 12:30:00-05:00,24.69499969482422,24.700000762939453,24.69499969482422,24.700000762939453,1846,0.0,0.0,0.0
2023-01-06 13:30:00-05:00,24.75,24.82029914855957,24.75,24.82029914855957,1129,0.0,0.0,0.0
2023-01-06 15:30:00-05:00,24.989999771118164,24.989999771118164,24.85460090637207,24.899799346923828,288,0.0,0.0,0.0
2023-01-09 09:30:00-05:00,25.1200008392334,25.1200008392334,25.1200008392334,25.1200008392334,0,0.0,0.0,0.0
2023-01-09 10:30:00-05:00,25.399900436401367,25.399900436401367,25.399900436401367,25.399900436401367,174,0.0,0.0,0.0
2023-01-09 11:30:00-05:00,25.456199645996094,25.456199645996094,25.456199645996094,25.456199645996094,171,0.0,0.0,0.0
2023-01-09 12:30:00-05:00,25.454299926757812,25.454299926757812,25.454299926757812,25.454299926757812,643,0.0,0.0,0.0
2023-01-09 13:30:00-05:00,25.30500030517578,25.30500030517578,25.30500030517578,25.30500030517578,927,0.0,0.0,0.0
2023-01-09 14:30:00-05:00,25.170499801635742,25.170499801635742,25.1200008392334,25.1200008392334,221,0.0,0.0,0.0
2023-01-10 09:30:00-05:00,25.229999542236328,25.350000381469727,25.229999542236328,25.350000381469727,0,0.0,0.0,0.0
2023-01-10 10:30:00-05:00,25.248899459838867,25.25,25.248899459838867,25.25,323,0.0,0.0,0.0
2023-01-10 11:30:00-05:00,25.23110008239746,25.23110008239746,25.23110008239746,25.23110008239746,342,0.0,0.0,0.0
2023-01-10 14:30:00-05:00,25.434999465942383,25.49340057373047,25.434999465942383,25.434999465942383,400,0.0,0.0,0.0
2023-01-11 09:30:00-05:00,25.530000686645508,25.686599731445312,25.530000686645508,25.686599731445312,0,0.0,0.0,0.0
2023-01-11 10:30:00-05:00,25.62070083618164,25.62070083618164,25.62070083618164,25.62070083618164,461,0.0,0.0,0.0
2023-01-11 12:30:00-05:00,25.73150062561035,25.73150062561035,25.709999084472656,25.709999084472656,485,0.0,0.0,0.0
2023-01-11 13:30:00-05:00,25.809900283813477,25.809900283813477,25.809900283813477,25.809900283813477,202,0.0,0.0,0.0
2023-01-11 15:30:00-05:00,25.719999313354492,25.79159927368164,25.719999313354492,25.79159927368164,200,0.0,0.0,0.0
2023-01-12 09:30:00-05:00,25.809999465942383,25.809999465942383,25.809999465942383,25.809999465942383,0,0.0,0.0,0.0
2023-01-12 10:30:00-05:00,25.83099937438965,25.885299682617188,25.83099937438965,25.885299682617188,2093,0.0,0.0,0.0
2023-01-12 11:30:00-05:00,25.950000762939453,25.950000762939453,25.950000762939453,25.950000762939453,201,0.0,0.0,0.0
2023-01-12 14:30:00-05:00,26.15999984741211,26.15999984741211,26.15999984741211,26.15999984741211,253,0.0,0.0,0.0
2023-01-12 15:30:00-05:00,26.040000915527344,26.09000015258789,26.020000457763672,26.09000015258789,0,0.0,0.0,0.0
2023-01-13 09:30:00-05:00,26.09000015258789,26.200000762939453,26.09000015258789,26.200000762939453,326,0.0,0.0,0.0
2023-01-13 12:30:00-05:00,26.260000228881836,26.260000228881836,26.260000228881836,26.260000228881836,183,0.0,0.0,0.0
2023-01-13 14:30:00-05:00,26.329999923706055,26.43000030517578,26.31999969482422,26.43000030517578,525,0.0,0.0,0.0
2023-01-17 09:30:00-05:00,26.270000457763672,26.270000457763672,26.149999618530273,26.190000534057617,1059,0.0,0.0,0.0
2023-01-17 10:30:00-05:00,26.25,26.279699325561523,26.25,26.279699325561523,2984,0.0,0.0,0.0
2023-01-17 12:30:00-05:00,26.309999465942383,26.309999465942383,26.309999465942383,26.309999465942383,122,0.0,0.0,0.0
2023-01-17 13:30:00-05:00,26.321199417114258,26.321199417114258,26.25,26.315000534057617,1311,0.0,0.0,0.0
2023-01-17 14:30:00-05:00,26.25,26.314300537109375,26.25,26.314300537109375,110,0.0,0.0,0.0
2023-01-18 09:30:00-05:00,26.309999465942383,26.68000030517578,26.309999465942383,26.68000030517578,0,0.0,0.0,0.0
2023-01-18 10:30:00-05:00,26.6200008392334,26.6200008392334,26.549999237060547,26.549999237060547,506,0.0,0.0,0.0
2023-01-18 11:30:00-05:00,26.272300720214844,26.272300720214844,26.272300720214844,26.272300720214844,462,0.0,0.0,0.0
2023-01-18 14:30:00-05:00,26.272300720214844,26.31399917602539,26.229799270629883,26.229799270629883,1588,0.0,0.0,0.0
2023-01-19 09:30:00-05:00,26.080400466918945,26.080400466918945,26.080400466918945,26.080400466918945,0,0.0,0.0,0.0
2023-01-19 14:30:00-05:00,26.02400016784668,26.069400787353516,26.02400016784668,26.069400787353516,0,0.0,0.0,0.0
2023-01-20 09:30:00-05:00,25.989999771118164,25.989999771118164,25.989999771118164,25.989999771118164,2913,0.0,0.0,0.0
2023-01-20 13:30:00-05:00,26.1299991607666,26.149999618530273,26.1299991607666,26.149999618530273,520,0.0,0.0,0.0
2023-01-20 14:30:00-05:00,26.200000762939453,26.334999084472656,26.200000762939453,26.334999084472656,760,0.0,0.0,0.0
2023-01-23 09:30:00-05:00,26.5049991607666,26.5049991607666,26.489999771118164,26.5,0,0.0,0.0,0.0
2023-01-23 10:30:00-05:00,26.584199905395508,26.584199905395508,26.575000762939453,26.575000762939453,327,0.0,0.0,0.0
2023-01-23 11:30:00-05:00,26.663799285888672,26.663799285888672,26.656700134277344,26.656700134277344,218,0.0,0.0,0.0
2023-01-23 12:30:00-05:00,26.752300262451172,26.752300262451172,26.67919921875,26.67919921875,571,0.0,0.0,0.0
2023-01-23 13:30:00-05:00,26.700000762939453,26.721099853515625,26.700000762939453,26.721099853515625,262,0.0,0.0,0.0
2023-01-24 09:30:00-05:00,26.61199951171875,26.61199951171875,26.579999923706055,26.579999923706055,0,0.0,0.0,0.0
2023-01-24 10:30:00-05:00,26.625,26.625,26.60409927368164,26.60409927368164,411,0.0,0.0,0.0
2023-01-24 11:30:00-05:00,26.57990074157715,26.57990074157715,26.57990074157715,26.57990074157715,0,0.0,0.0,0.0
2023-01-25 10:30:00-05:00,26.024999618530273,26.09000015258789,26.024999618530273,26.09000015258789,622,0.0,0.0,0.0
2023-01-25 12:30:00-05:00,26.090499877929688,26.090499877929688,26.090499877929688,26.090499877929688,211,0.0,0.0,0.0
2023-01-25 13:30:00-05:00,26.175600051879883,26.200000762939453,26.175600051879883,26.200000762939453,410,0.0,0.0,0.0
2023-01-25 14:30:00-05:00,26.25790023803711,26.309999465942383,26.190799713134766,26.309999465942383,1128,0.0,0.0,0.0
2023-01-26 09:30:00-05:00,26.442100524902344,26.442100524902344,26.442100524902344,26.442100524902344,0,0.0,0.0,0.0
2023-01-26 13:30:00-05:00,26.479999542236328,26.479999542236328,26.41010093688965,26.4601993560791,2041,0.0,0.0,0.0
2023-01-26 14:30:00-05:00,26.610000610351562,26.6200008392334,26.56920051574707,26.6200008392334,1055,0.0,0.0,0.0
2023-01-26 15:30:00-05:00,26.61199951171875,26.61199951171875,26.61199951171875,26.61199951171875,300,0.0,0.0,0.0
2023-01-27 09:30:00-05:00,26.746599197387695,26.850400924682617,26.746599197387695,26.850400924682617,0,0.0,0.0,0.0
2023-01-27 10:30:00-05:00,26.704200744628906,26.704200744628906,26.704200744628906,26.704200744628906,300,0.0,0.0,0.0
2023-01-27 13:30:00-05:00,26.959999084472656,26.994800567626953,26.959999084472656,26.994800567626953,456,0.0,0.0,0.0
2023-01-30 09:30:00-05:00,26.93000030517578,26.93000030517578,26.647499084472656,26.809600830078125,10884,0.0,0.0,0.0
2023-01-30 11:30:00-05:00,26.71299934387207,26.71299934387207,26.71299934387207,26.71299934387207,385,0.0,0.0,0.0
2023-01-30 13:30:00-05:00,26.719999313354492,26.719999313354492,26.719999313354492,26.719999313354492,150,0.0,0.0,0.0
2023-01-30 14:30:00-05:00,26.670000076293945,26.670000076293945,26.60849952697754,26.60849952697754,219,0.0,0.0,0.0
2023-01-31 12:30:00-05:00,27.045000076293945,27.045000076293945,27.010000228881836,27.010000228881836,205,0.0,0.0,0.0
2023-01-31 14:30:00-05:00,27.1200008392334,27.196800231933594,27.1200008392334,27.196800231933594,135,0.0,0.0,0.0
2023-02-01 09:30:00-05:00,27.247900009155273,27.247900009155273,27.247900009155273,27.247900009155273,603,0.0,0.0,0.0
2023-02-01 11:30:00-05:00,27.299999237060547,27.299999237060547,27.299999237060547,27.299999237060547,1102,0.0,0.0,0.0
2023-02-01 14:30:00-05:00,27.25,27.635299682617188,27.25,27.635299682617188,0,0.0,0.0,0.0
2023-02-02 09:30:00-05:00,28.229999542236328,28.25,28.229999542236328,28.25,631,0.0,0.0,0.0
2023-02-02 10:30:00-05:00,28.399999618530273,28.399999618530273,28.399999618530273,28.399999618530273,445,0.0,0.0,0.0
2023-02-02 11:30:00-05:00,28.3700008392334,28.469999313354492,28.36009979248047,28.469999313354492,1087,0.0,0.0,0.0
2023-02-02 12:30:00-05:00,28.558399200439453,28.575899124145508,28.370100021362305,28.575899124145508,2886,0.0,0.0,0.0
2023-02-02 13:30:00-05:00,28.600000381469727,28.600000381469727,28.600000381469727,28.600000381469727,233,0.0,0.0,0.0
2023-02-02 14:30:00-05:00,28.420000076293945,28.420000076293945,28.280000686645508,28.41990089416504,464,0.0,0.0,0.0
2023-02-02 15:30:00-05:00,28.350000381469727,28.420000076293945,28.350000381469727,28.420000076293945,882,0.0,0.0,0.0
2023-02-03 09:30:00-05:00,28.1200008392334,28.268400192260742,28.1200008392334,28.268400192260742,0,0.0,0.0,0.0
2023-02-03 10:30:00-05:00,28.334999084472656,28.380399703979492,28.290000915527344,28.290000915527344,936,0.0,0.0,0.0
2023-02-03 11:30:00-05:00,28.440000534057617,28.440000534057617,28.143400192260742,28.143400192260742,520,0.0,0.0,0.0
2023-02-06 09:30:00-05:00,27.75,27.90239906311035,27.75,27.853599548339844,0,0.0,0.0,0.0
2023-02-06 10:30:00-05:00,27.821699142456055,27.854000091552734,27.821699142456055,27.854000091552734,292,0.0,0.0,0.0
2023-02-06 12:30:00-05:00,27.700000762939453,27.700000762939453,27.700000762939453,27.700000762939453,675,0.0,0.0,0.0
2023-02-06 14:30:00-05:00,27.889999389648438,27.889999389648438,27.689899444580078,27.689899444580078,869,0.0,0.0,0.0
2023-02-07 09:30:00-05:00,27.418100357055664,27.475000381469727,27.418100357055664,27.475000381469727,0,0.0,0.0,0.0
2023-02-07 11:30:00-05:00,27.58650016784668,27.58650016784668,27.58650016784668,27.58650016784668,605,0.0,0.0,0.0
2023-02-07 12:30:00-05:00,27.600000381469727,27.709999084472656,27.600000381469727,27.709999084472656,248,0.0,0.0,0.0
2023-02-07 13:30:00-05:00,27.5,27.66469955444336,27.5,27.66469955444336,403,0.0,0.0,0.0
2023-02-07 14:30:00-05:00,27.774999618530273,27.985000610351562,27.774999618530273,27.985000610351562,0,0.0,0.0,0.0
2023-02-08 09:30:00-05:00,27.969999313354492,27.969999313354492,27.8799991607666,27.8799991607666,394,0.0,0.0,0.0
2023-02-08 10:30:00-05:00,27.774999618530273,27.774999618530273,27.774999618530273,27.774999618530273,250,0.0,0.0,0.0
2023-02-08 11:30:00-05:00,27.790000915527344,27.790000915527344,27.790000915527344,27.790000915527344,414,0.0,0.0,0.0
2023-02-08 13:30:00-05:00,27.617599487304688,27.664899826049805,27.617599487304688,27.664899826049805,573,0.0,0.0,0.0
2023-02-09 09:30:00-05:00,27.809999465942383,27.809999465942383,27.809999465942383,27.809999465942383,290,0.0,0.0,0.0
2023-02-09 10:30:00-05:00,27.400100708007812,27.510000228881836,27.31999969482422,27.31999969482422,3894,0.0,0.0,0.0
2023-02-09 11:30:00-05:00,27.29010009765625,27.31999969482422,27.270000457763672,27.270000457763672,1807,0.0,0.0,0.0
2023-02-09 12:30:00-05:00,27.170000076293945,27.170000076293945,27.100000381469727,27.100000381469727,398,0.0,0.0,0.0
2023-02-09 14:30:00-05:00,27.0,27.079999923706055,26.989999771118164,27.079999923706055,1022,0.0,0.0,0.0
2023-02-09 15:30:00-05:00,26.8700008392334,26.989900588989258,26.860000610351562,26.989900588989258,933,0.0,0.0,0.0
2023-02-10 09:30:00-05:00,26.959999084472656,26.959999084472656,26.959999084472656,26.959999084472656,0,0.0,0.0,0.0
2023-02-10 10:30:00-05:00,26.84000015258789,26.899999618530273,26.829999923706055,26.899999618530273,1350,0.0,0.0,0.0
2023-02-10 11:30:00-05:00,26.70009994506836,26.70009994506836,26.70009994506836,26.70009994506836,430,0.0,0.0,0.0
2023-02-10 12:30:00-05:00,26.799999237060547,26.799999237060547,26.700000762939453,26.700000762939453,697,0.0,0.0,0.0
2023-02-10 13:30:00-05:00,26.700000762939453,26.700000762939453,26.700000762939453,26.700000762939453,0,0.0,0.0,0.0
2023-02-10 14:30:00-05:00,26.74090003967285,26.84980010986328,26.74090003967285,26.84980010986328,3637,0.0,0.0,0.0
2023-02-13 09:30:00-05:00,26.780000686645508,26.780000686645508,26.780000686645508,26.780000686645508,0,0.0,0.0,0.0
2023-02-13 11:30:00-05:00,27.110000610351562,27.110000610351562,27.110000610351562,27.110000610351562,199,0.0,0.0,0.0
2023-02-13 13:30:00-05:00,27.1200008392334,27.1200008392334,27.1200008392334,27.1200008392334,801,0.0,0.0,0.0
2023-02-13 14:30:00-05:00,27.131900787353516,27.131900787353516,27.1072998046875,27.12820053100586,1295,0.0,0.0,0.0
2023-02-14 09:30:00-05:00,26.809999465942383,26.809999465942383,26.809999465942383,26.809999465942383,0,0.0,0.0,0.0
2023-02-14 11:30:00-05:00,26.925199508666992,26.925199508666992,26.925199508666992,26.925199508666992,204,0.0,0.0,0.0
2023-02-14 13:30:00-05:00,27.16029930114746,27.200000762939453,27.16029930114746,27.190000534057617,890,0.0,0.0,0.0
2023-02-14 14:30:00-05:00,27.000099182128906,27.219900131225586,27.000099182128906,27.219900131225586,0,0.0,0.0,0.0
2023-02-15 12:30:00-05:00,27.350000381469727,27.48080062866211,27.241300582885742,27.48080062866211,2363,0.0,0.0,0.0
2023-02-16 09:30:00-05:00,26.8799991607666,26.8799991607666,26.8799991607666,26.8799991607666,0,0.0,0.0,0.0
2023-02-16 11:30:00-05:00,27.548500061035156,27.548500061035156,27.440099716186523,27.49489974975586,903,0.0,0.0,0.0
2023-02-16 12:30:00-05:00,27.540000915527344,27.600000381469727,27.514999389648438,27.559999465942383,2335,0.0,0.0,0.0
2023-02-16 13:30:00-05:00,27.464000701904297,27.5049991607666,27.40999984741211,27.40999984741211,723,0.0,0.0,0.0
2023-02-16 15:30:00-05:00,27.285200119018555,27.325000762939453,27.285200119018555,27.285200119018555,120,0.0,0.0,0.0
2023-02-17 09:30:00-05:00,27.270000457763672,27.270000457763672,26.989999771118164,27.05389976501465,2130,0.0,0.0,0.0
2023-02-17 10:30:00-05:00,27.086999893188477,27.093399047851562,26.989999771118164,27.06999969482422,1177,0.0,0.0,0.0
2023-02-17 11:30:00-05:00,26.920000076293945,27.0,26.920000076293945,27.0,540,0.0,0.0,0.0
2023-02-17 12:30:00-05:00,27.025299072265625,27.065000534057617,26.95359992980957,26.95359992980957,1703,0.0,0.0,0.0
2023-02-17 13:30:00-05:00,27.030000686645508,27.1299991607666,26.989999771118164,27.09000015258789,1204,0.0,0.0,0.0
2023-02-17 14:30:00-05:00,27.190000534057617,27.259700775146484,27.145000457763672,27.219999313354492,3162,0.0,0.0,0.0
2023-02-21 09:30:00-05:00,26.84760093688965,26.989999771118164,26.65999984741211,26.65999984741211,0,0.0,0.0,0.0
2023-02-21 10:30:00-05:00,26.78510093688965,26.78510093688965,26.643699645996094,26.643699645996094,426,0.0,0.0,0.0
2023-02-21 12:30:00-05:00,26.579999923706055,26.579999923706055,26.549999237060547,26.579999923706055,516,0.0,0.0,0.0
2023-02-21 13:30:00-05:00,26.565000534057617,26.565000534057617,26.565000534057617,26.565000534057617,252,0.0,0.0,0.0
2023-02-21 14:30:00-05:00,26.600000381469727,26.68000030517578,26.600000381469727,26.68000030517578,334,0.0,0.0,0.0
2023-02-21 15:30:00-05:00,26.6299991607666,26.6299991607666,26.6299991607666,26.6299991607666,375,0.0,0.0,0.0
2023-02-22 09:30:00-05:00,26.649999618530273,26.649999618530273,26.649999618530273,26.649999618530273,0,0.0,0.0,0.0
2023-02-22 10:30:00-05:00,26.559999465942383,26.639999389648438,26.559999465942383,26.639999389648438,1894,0.0,0.0,0.0
2023-02-22 11:30:00-05:00,26.728300094604492,26.728300094604492,26.728300094604492,26.728300094604492,350,0.0,0.0,0.0
2023-02-22 12:30:00-05:00,26.780000686645508,26.780000686645508,26.780000686645508,26.780000686645508,469,0.0,0.0,0.0
2023-02-22 13:30:00-05:00,26.719999313354492,26.719999313354492,26.56999969482422,26.684999465942383,5466,0.0,0.0,0.0
2023-02-22 14:30:00-05:00,26.520000457763672,26.660200119018555,26.520000457763672,26.660200119018555,0,0.0,0.0,0.0
2023-02-23 09:30:00-05:00,26.90999984741211,26.90999984741211,26.90999984741211,26.90999984741211,538,0.0,0.0,0.0
2023-02-23 10:30:00-05:00,26.75,26.75,26.75,26.75,103,0.0,0.0,0.0
2023-02-23 11:30:00-05:00,26.850000381469727,26.850000381469727,26.75979995727539,26.75979995727539,1103,0.0,0.0,0.0
2023-02-23 12:30:00-05:00,26.610000610351562,26.610000610351562,26.5,26.5,1055,0.0,0.0,0.0
2023-02-23 13:30:00-05:00,26.780000686645508,26.950199127197266,26.780000686645508,26.950199127197266,0,0.0,0.0,0.0
2023-02-24 09:30:00-05:00,26.219999313354492,26.219999313354492,26.219999313354492,26.219999313354492,402,0.0,0.0,0.0
2023-02-24 10:30:00-05:00,26.299999237060547,26.299999237060547,26.299999237060547,26.299999237060547,675,0.0,0.0,0.0
2023-02-24 12:30:00-05:00,26.290000915527344,26.290000915527344,26.290000915527344,26.290000915527344,283,0.0,0.0,0.0
2023-02-24 13:30:00-05:00,26.360000610351562,26.360000610351562,26.360000610351562,26.360000610351562,801,0.0,0.0,0.0
2023-02-24 14:30:00-05:00,26.299999237060547,26.360000610351562,26.299999237060547,26.360000610351562,220,0.0,0.0,0.0
2023-02-24 15:30:00-05:00,26.389999389648438,26.389999389648438,26.37030029296875,26.37030029296875,100,0.0,0.0,0.0
2023-02-27 09:30:00-05:00,26.549999237060547,26.549999237060547,26.403900146484375,26.403900146484375,0,0.0,0.0,0.0
2023-02-28 09:30:00-05:00,26.520000457763672,26.520000457763672,26.520000457763672,26.520000457763672,500,0.0,0.0,0.0
2023-02-28 10:30:00-05:00,26.563100814819336,26.563100814819336,26.563100814819336,26.563100814819336,200,0.0,0.0,0.0
2023-02-28 11:30:00-05:00,26.635000228881836,26.635000228881836,26.635000228881836,26.635000228881836,136,0.0,0.0,0.0
2023-02-28 14:30:00-05:00,26.614999771118164,26.614999771118164,26.614999771118164,26.614999771118164,167,0.0,0.0,0.0
2023-02-28 15:30:00-05:00,26.530000686645508,26.530000686645508,26.530000686645508,26.530000686645508,0,0.0,0.0,0.0
2023-03-01 09:30:00-05:00,26.360000610351562,26.719999313354492,26.360000610351562,26.719999313354492,478,0.0,0.0,0.0
2023-03-01 10:30:00-05:00,26.700000762939453,26.719999313354492,26.700000762939453,26.719999313354492,1518,0.0,0.0,0.0
2023-03-01 11:30:00-05:00,26.64419937133789,26.729999542236328,26.64419937133789,26.729999542236328,685,0.0,0.0,0.0
2023-03-01 13:30:00-05:00,26.600099563598633,26.697999954223633,26.600099563598633,26.697999954223633,627,0.0,0.0,0.0
2023-03-01 14:30:00-05:00,26.59000015258789,26.675100326538086,26.59000015258789,26.675100326538086,400,0.0,0.0,0.0
2023-03-02 09:30:00-05:00,26.280000686645508,26.605899810791016,26.280000686645508,26.605899810791016,0,0.0,0.0,0.0
2023-03-02 10:30:00-05:00,26.549999237060547,26.600000381469727,26.549999237060547,26.600000381469727,40096,0.0,0.0,0.0
2023-03-02 12:30:00-05:00,26.700000762939453,26.700000762939453,26.556900024414062,26.556900024414062,773,0.0,0.0,0.0
2023-03-02 13:30:00-05:00,26.700000762939453,26.747800827026367,26.700000762939453,26.747800827026367,1522,0.0,0.0,0.0
2023-03-02 14:30:00-05:00,26.7450008392334,26.850000381469727,26.700000762939453,26.7549991607666,8764,0.0,0.0,0.0
2023-03-02 15:30:00-05:00,26.814300537109375,26.850000381469727,26.805099487304688,26.805099487304688,300,0.0,0.0,0.0
2023-03-03 09:30:00-05:00,26.93000030517578,27.0,26.90999984741211,26.90999984741211,0,0.0,0.0,0.0
2023-03-03 11:30:00-05:00,27.1200008392334,27.1200008392334,27.1200008392334,27.1200008392334,1730,0.0,0.0,0.0
2023-03-03 13:30:00-05:00,27.25,27.25,27.149999618530273,27.149999618530273,1447,0.0,0.0,0.0
2023-03-03 14:30:00-05:00,27.21190071105957,27.34000015258789,27.150100708007812,27.239900588989258,5898,0.0,0.0,0.0
2023-03-06 09:30:00-05:00,27.049999237060547,27.049999237060547,27.049999237060547,27.049999237060547,312,0.0,0.0,0.0
2023-03-06 10:30:00-05:00,27.299999237060547,27.299999237060547,27.299999237060547,27.299999237060547,155,0.0,0.0,0.0
2023-03-06 12:30:00-05:00,27.020000457763672,27.020000457763672,27.020000457763672,27.020000457763672,200,0.0,0.0,0.0
2023-03-06 13:30:00-05:00,26.91699981689453,26.954999923706055,26.91699981689453,26.954999923706055,859,0.0,0.0,0.0
2023-03-06 14:30:00-05:00,26.979900360107422,26.979900360107422,26.894899368286133,26.979900360107422,1003,0.0,0.0,0.0
2023-03-07 09:30:00-05:00,26.75,26.821199417114258,26.75,26.795799255371094,1815,0.0,0.0,0.0
2023-03-07 14:30:00-05:00,26.63010025024414,26.63010025024414,26.63010025024414,26.63010025024414,100,0.0,0.0,0.0
2023-03-07 15:30:00-05:00,26.697999954223633,26.725400924682617,26.697999954223633,26.725400924682617,114,0.0,0.0,0.0
2023-03-08 10:30:00-05:00,26.740100860595703,26.868600845336914,26.740100860595703,26.868600845336914,0,0.0,0.0,0.0
2023-03-08 12:30:00-05:00,26.700000762939453,26.700000762939453,26.700000762939453,26.700000762939453,143,0.0,0.0,0.0
2023-03-08 13:30:00-05:00,26.75,26.75,26.75,26.75,710,0.0,0.0,0.0
2023-03-08 14:30:00-05:00,26.600000381469727,26.662200927734375,26.590099334716797,26.652000427246094,1391,0.0,0.0,0.0
2023-03-08 15:30:00-05:00,26.68000030517578,26.759899139404297,26.670000076293945,26.759899139404297,2000,0.0,0.0,0.0
2023-03-09 09:30:00-05:00,26.809999465942383,26.809999465942383,26.809999465942383,26.809999465942383,0,0.0,0.0,0.0
2023-03-09 10:30:00-05:00,26.739999771118164,26.739999771118164,26.739999771118164,26.739999771118164,308,0.0,0.0,0.0
2023-03-09 11:30:00-05:00,26.600000381469727,26.600000381469727,26.600000381469727,26.600000381469727,506,0.0,0.0,0.0
2023-03-09 12:30:00-05:00,26.525999069213867,26.525999069213867,26.525999069213867,26.525999069213867,568,0.0,0.0,0.0
2023-03-09 15:30:00-05:00,26.247600555419922,26.25749969482422,26.247600555419922,26.25749969482422,0,0.0,0.0,0.0
2023-03-10 09:30:00-05:00,26.0,26.18000030517578,26.0,26.0,1434,0.0,0.0,0.0
2023-03-10 11:30:00-05:00,25.760000228881836,25.760000228881836,25.75,25.75,640,0.0,0.0,0.0
2023-03-10 12:30:00-05:00,25.559999465942383,25.559999465942383,25.559999465942383,25.559999465942383,342,0.0,0.0,0.0
2023-03-10 13:30:00-05:00,25.389999389648438,25.389999389648438,25.229999542236328,25.34000015258789,689,0.0,0.0,0.0
2023-03-10 15:30:00-05:00,25.342500686645508,25.36199951171875,25.34000015258789,25.36199951171875,800,0.0,0.0,0.0
2023-03-13 09:30:00-04:00,24.899999618530273,25.170000076293945,24.81999969482422,24.979999542236328,4618,0.0,0.0,0.0
2023-03-13 12:30:00-04:00,25.270000457763672,25.270000457763672,25.270000457763672,25.270000457763672,150,0.0,0.0,0.0
2023-03-13 13:30:00-04:00,25.420000076293945,25.420000076293945,25.420000076293945,25.420000076293945,801,0.0,0.0,0.0
2023-03-13 14:30:00-04:00,25.459999084472656,25.459999084472656,25.459999084472656,25.459999084472656,317,0.0,0.0,0.0
2023-03-13 15:30:00-04:00,25.260000228881836,25.309999465942383,25.260000228881836,25.309999465942383,160,0.0,0.0,0.0
2023-03-14 09:30:00-04:00,25.799999237060547,25.799999237060547,25.729999542236328,25.729999542236328,0,0.0,0.0,0.0
2023-03-14 10:30:00-04:00,25.764999389648438,25.920000076293945,25.764999389648438,25.920000076293945,200,0.0,0.0,0.0
2023-03-14 11:30:00-04:00,25.730100631713867,25.730100631713867,25.680099487304688,25.680099487304688,249,0.0,0.0,0.0
2023-03-14 12:30:00-04:00,25.6200008392334,25.6200008392334,25.53499984741211,25.53499984741211,255,0.0,0.0,0.0
2023-03-14 13:30:00-04:00,25.430099487304688,25.459999084472656,25.420000076293945,25.459999084472656,1985,0.0,0.0,0.0
2023-03-14 14:30:00-04:00,25.420000076293945,25.542800903320312,25.399999618530273,25.542800903320312,0,0.0,0.0,0.0
2023-03-15 09:30:00-04:00,24.950000762939453,25.392799377441406,24.90999984741211,25.392799377441406,1638,0.0,0.0,0.0
2023-03-16 11:30:00-04:00,25.795000076293945,25.795000076293945,25.795000076293945,25.795000076293945,0,0.0,0.0,0.0
2023-03-16 12:30:00-04:00,25.884599685668945,25.88520050048828,25.884599685668945,25.88520050048828,0,0.0,0.0,0.0
2023-03-17 10:30:00-04:00,25.399999618530273,25.540000915527344,25.399999618530273,25.540000915527344,584,0.0,0.0,0.0
2023-03-17 13:30:00-04:00,25.540000915527344,25.54010009765625,25.399200439453125,25.399200439453125,353,0.0,0.0,0.0
2023-03-20 09:30:00-04:00,25.739999771118164,25.739999771118164,25.594200134277344,25.594200134277344,4,0.0,0.0,0.0
2023-03-20 10:30:00-04:00,25.600000381469727,25.75,25.600000381469727,25.75,1732,0.0,0.0,0.0
2023-03-20 12:30:00-04:00,25.6200008392334,25.6200008392334,25.6200008392334,25.6200008392334,325,0.0,0.0,0.0
2023-03-20 14:30:00-04:00,25.639999389648438,25.639999389648438,25.639999389648438,25.639999389648438,140,0.0,0.0,0.0
2023-03-20 15:30:00-04:00,25.520000457763672,25.594900131225586,25.490100860595703,25.594900131225586,3186,0.0,0.0,0.0
2023-03-21 09:30:00-04:00,25.700000762939453,25.709999084472656,25.700000762939453,25.709999084472656,396,0.0,0.0,0.0
2023-03-21 10:30:00-04:00,25.950000762939453,25.950000762939453,25.950000762939453,25.950000762939453,990,0.0,0.0,0.0
2023-03-21 13:30:00-04:00,25.95009994506836,26.09480094909668,25.949199676513672,26.09480094909668,2178,0.0,0.0,0.0
2023-03-22 09:30:00-04:00,25.940000534057617,25.940000534057617,25.940000534057617,25.940000534057617,0,0.0,0.0,0.0
2023-03-22 13:30:00-04:00,25.829999923706055,26.010000228881836,25.829999923706055,26.010000228881836,493,0.0,0.0,0.0
2023-03-22 14:30:00-04:00,26.010000228881836,26.010000228881836,25.920000076293945,25.969999313354492,1459,0.0,0.0,0.0
2023-03-22 15:30:00-04:00,25.84160041809082,25.84160041809082,25.566699981689453,25.566699981689453,2380,0.0,0.0,0.0
2023-03-23 09:30:00-04:00,25.799999237060547,25.799999237060547,25.799999237060547,25.799999237060547,0,0.0,0.0,0.0
2023-03-23 10:30:00-04:00,25.895000457763672,25.895000457763672,25.895000457763672,25.895000457763672,101,0.0,0.0,0.0
2023-03-23 11:30:00-04:00,25.93600082397461,25.93600082397461,25.93600082397461,25.93600082397461,231,0.0,0.0,0.0
2023-03-23 12:30:00-04:00,25.700000762939453,25.700000762939453,25.700000762939453,25.700000762939453,102,0.0,0.0,0.0
2023-03-23 13:30:00-04:00,25.68000030517578,25.68000030517578,25.68000030517578,25.68000030517578,952,0.0,0.0,0.0
2023-03-23 14:30:00-04:00,25.459999084472656,25.635799407958984,25.459999084472656,25.635799407958984,140,0.0,0.0,0.0
2023-03-24 10:30:00-04:00,25.3799991607666,25.3799991607666,25.350000381469727,25.350000381469727,239,0.0,0.0,0.0
2023-03-24 11:30:00-04:00,25.480100631713867,25.480100631713867,25.480100631713867,25.480100631713867,254,0.0,0.0,0.0
2023-03-24 12:30:00-04:00,25.559999465942383,25.559999465942383,25.489999771118164,25.533599853515625,1856,0.0,0.0,0.0
2023-03-24 13:30:00-04:00,25.559999465942383,25.619600296020508,25.559999465942383,25.619600296020508,361,0.0,0.0,0.0
2023-03-24 14:30:00-04:00,25.68000030517578,25.690000534057617,25.59000015258789,25.59000015258789,3242,0.0,0.0,0.0
2023-03-24 15:30:00-04:00,25.717100143432617,25.829999923706055,25.650400161743164,25.71109962463379,4993,0.0,0.0,0.0
2023-03-27 09:30:00-04:00,25.860000610351562,25.860000610351562,25.809999465942383,25.809999465942383,0,0.0,0.0,0.0
2023-03-27 10:30:00-04:00,25.889999389648438,25.889999389648438,25.863000869750977,25.863000869750977,895,0.0,0.0,0.0
2023-03-27 14:30:00-04:00,25.972999572753906,26.1299991607666,25.959999084472656,25.99250030517578,0,0.0,0.0,0.0
2023-03-28 09:30:00-04:00,25.975000381469727,25.975000381469727,25.975000381469727,25.975000381469727,344,0.0,0.0,0.0
2023-03-28 10:30:00-04:00,25.950000762939453,25.950000762939453,25.950000762939453,25.950000762939453,136,0.0,0.0,0.0
2023-03-28 12:30:00-04:00,25.829999923706055,25.829999923706055,25.829999923706055,25.829999923706055,412,0.0,0.0,0.0
2023-03-28 14:30:00-04:00,25.770000457763672,25.834999084472656,25.75,25.834999084472656,552,0.0,0.0,0.0
2023-03-28 15:30:00-04:00,25.860000610351562,25.860000610351562,25.780000686645508,25.780099868774414,0,0.0,0.0,0.0
2023-03-29 10:30:00-04:00,26.040000915527344,26.040000915527344,26.040000915527344,26.040000915527344,1006,0.0,0.0,0.0
2023-03-29 11:30:00-04:00,25.899999618530273,25.899999618530273,25.899999618530273,25.899999618530273,404,0.0,0.0,0.0
2023-03-29 12:30:00-04:00,25.989999771118164,25.989999771118164,25.989999771118164,25.989999771118164,119,0.0,0.0,0.0
2023-03-29 13:30:00-04:00,26.041799545288086,26.041799545288086,26.041799545288086,26.041799545288086,161,0.0,0.0,0.0
2023-03-29 14:30:00-04:00,26.040000915527344,26.079999923706055,26.040000915527344,26.079999923706055,1303,0.0,0.0,0.0
2023-03-29 15:30:00-04:00,26.0,26.099899291992188,25.989999771118164,26.099899291992188,900,0.0,0.0,0.0
2023-03-30 09:30:00-04:00,26.3799991607666,26.3799991607666,26.3799991607666,26.3799991607666,0,0.0,0.0,0.0
2023-03-30 10:30:00-04:00,26.270099639892578,26.379899978637695,26.270099639892578,26.379899978637695,772,0.0,0.0,0.0
2023-03-30 11:30:00-04:00,26.19029998779297,26.19029998779297,26.170000076293945,26.170000076293945,764,0.0,0.0,0.0
2023-03-30 12:30:00-04:00,26.143999099731445,26.143999099731445,26.110000610351562,26.110000610351562,2649,0.0,0.0,0.0
2023-03-30 13:30:00-04:00,26.299999237060547,26.299999237060547,26.299999237060547,26.299999237060547,358,0.0,0.0,0.0
2023-03-30 15:30:00-04:00,26.229999542236328,26.229999542236328,26.229999542236328,26.229999542236328,0,0.0,0.0,0.0
2023-03-31 10:30:00-04:00,26.665700912475586,26.665700912475586,26.56999969482422,26.56999969482422,667,0.0,0.0,0.0
2023-03-31 13:30:00-04:00,26.600000381469727,26.674999237060547,26.600000381469727,26.600000381469727,1605,0.0,0.0,0.0
2023-03-31 14:30:00-04:00,26.610000610351562,26.75,26.610000610351562,26.75,485,0.0,0.0,0.0
2023-03-31 15:30:00-04:00,26.65999984741211,26.69179916381836,26.635499954223633,26.69179916381836,471,0.0,0.0,0.0
2023-04-03 09:30:00-04:00,26.809999465942383,26.959999084472656,26.809999465942383,26.959999084472656,0,0.0,0.0,0.0
2023-04-03 10:30:00-04:00,26.979999542236328,26.979999542236328,26.979999542236328,26.979999542236328,1079,0.0,0.0,0.0
2023-04-03 11:30:00-04:00,26.770000457763672,26.770000457763672,26.770000457763672,26.770000457763672,498,0.0,0.0,0.0
2023-04-03 12:30:00-04:00,26.75790023803711,26.75790023803711,26.75790023803711,26.75790023803711,599,0.0,0.0,0.0
2023-04-03 14:30:00-04:00,26.740100860595703,26.825000762939453,26.740100860595703,26.825000762939453,616,0.0,0.0,0.0
2023-04-03 15:30:00-04:00,26.8700008392334,27.0,26.8700008392334,26.90999984741211,971,0.0,0.0,0.0
2023-04-04 09:30:00-04:00,26.838300704956055,26.838300704956055,26.838300704956055,26.838300704956055,0,0.0,0.0,0.0
2023-04-04 11:30:00-04:00,26.70400047302246,26.70400047302246,26.68000030517578,26.68000030517578,653,0.0,0.0,0.0
2023-04-04 12:30:00-04:00,26.690000534057617,26.70669937133789,26.66010093688965,26.66010093688965,680,0.0,0.0,0.0
2023-04-04 13:30:00-04:00,26.770000457763672,26.770000457763672,26.739999771118164,26.739999771118164,1191,0.0,0.0,0.0
2023-04-04 14:30:00-04:00,26.631000518798828,26.713499069213867,26.631000518798828,26.713499069213867,1588,0.0,0.0,0.0
2023-04-04 15:30:00-04:00,26.639999389648438,26.73080062866211,26.6200008392334,26.720600128173828,2448,0.0,0.0,0.0
2023-04-05 09:30:00-04:00,26.479999542236328,26.65999984741211,26.451799392700195,26.451799392700195,0,0.0,0.0,0.0
2023-04-05 10:30:00-04:00,26.320999145507812,26.320999145507812,26.320999145507812,26.320999145507812,594,0.0,0.0,0.0
2023-04-05 13:30:00-04:00,26.459999084472656,26.459999084472656,26.340900421142578,26.340900421142578,331,0.0,0.0,0.0
2023-04-05 14:30:00-04:00,26.350000381469727,26.4552001953125,26.350000381469727,26.4552001953125,224,0.0,0.0,0.0
2023-04-06 09:30:00-04:00,26.459999084472656,26.47010040283203,26.459999084472656,26.459999084472656,0,0.0,0.0,0.0
2023-04-06 10:30:00-04:00,26.401899337768555,26.401899337768555,26.401899337768555,26.401899337768555,511,0.0,0.0,0.0
2023-04-06 11:30:00-04:00,26.4950008392334,26.4950008392334,26.4950008392334,26.4950008392334,135,0.0,0.0,0.0
2023-04-06 13:30:00-04:00,26.583099365234375,26.583099365234375,26.5,26.524999618530273,664,0.0,0.0,0.0
2023-04-10 09:30:00-04:00,26.56999969482422,26.679899215698242,26.549999237060547,26.679899215698242,1196,0.0,0.0,0.0
2023-04-10 10:30:00-04:00,26.579999923706055,26.680400848388672,26.579999923706055,26.680400848388672,1326,0.0,0.0,0.0
2023-04-10 11:30:00-04:00,26.639999389648438,26.639999389648438,26.572999954223633,26.572999954223633,411,0.0,0.0,0.0
2023-04-10 12:30:00-04:00,26.549999237060547,26.682600021362305,26.549999237060547,26.682600021362305,1240,0.0,0.0,0.0
2023-04-10 15:30:00-04:00,26.68000030517578,26.68000030517578,26.68000030517578,26.68000030517578,277,0.0,0.0,0.0
2023-04-11 09:30:00-04:00,26.899999618530273,26.899999618530273,26.899999618530273,26.899999618530273,0,0.0,0.0,0.0
2023-04-11 10:30:00-04:00,26.97920036315918,26.97920036315918,26.959999084472656,26.959999084472656,300,0.0,0.0,0.0
2023-04-11 11:30:00-04:00,26.986499786376953,27.093700408935547,26.986499786376953,27.093700408935547,894,0.0,0.0,0.0
2023-04-11 13:30:00-04:00,27.135000228881836,27.135000228881836,27.135000228881836,27.135000228881836,105,0.0,0.0,0.0
2023-04-11 14:30:00-04:00,27.18000030517578,27.180099487304688,27.18000030517578,27.180099487304688,0,0.0,0.0,0.0
2023-04-12 10:30:00-04:00,27.13010025024414,27.13010025024414,27.13010025024414,27.13010025024414,612,0.0,0.0,0.0
2023-04-12 11:30:00-04:00,27.084999084472656,27.084999084472656,27.084999084472656,27.084999084472656,106,0.0,0.0,0.0
2023-04-12 13:30:00-04:00,27.135000228881836,27.135000228881836,27.135000228881836,27.135000228881836,268,0.0,0.0,0.0
2023-04-12 14:30:00-04:00,27.049999237060547,27.049999237060547,27.049999237060547,27.049999237060547,182,0.0,0.0,0.0
2023-04-12 15:30:00-04:00,26.89590072631836,26.89590072631836,26.886899948120117,26.886899948120117,534,0.0,0.0,0.0
2023-04-13 09:30:00-04:00,26.66010093688965,27.175399780273438,26.66010093688965,27.125,0,0.0,0.0,0.0
2023-04-13 12:30:00-04:00,26.969999313354492,27.03499984741211,26.969999313354492,26.969999313354492,903,0.0,0.0,0.0
2023-04-13 13:30:00-04:00,27.049999237060547,27.1200008392334,27.049999237060547,27.1200008392334,4102,0.0,0.0,0.0
2023-04-13 14:30:00-04:00,27.15730094909668,27.200000762939453,27.110000610351562,27.110000610351562,2341,0.0,0.0,0.0
2023-04-13 15:30:00-04:00,27.11050033569336,27.110599517822266,27.11050033569336,27.110599517822266,1708,0.0,0.0,0.0
2023-04-14 11:30:00-04:00,26.883899688720703,26.883899688720703,26.883899688720703,26.883899688720703,0,0.0,0.0,0.0
2023-04-14 14:30:00-04:00,26.829999923706055,26.829999923706055,26.829999923706055,26.829999923706055,106,0.0,0.0,0.0
2023-04-14 15:30:00-04:00,26.90999984741211,26.90999984741211,26.857999801635742,26.90999984741211,500,0.0,0.0,0.0
2023-04-17 09:30:00-04:00,26.81999969482422,26.81999969482422,26.81999969482422,26.81999969482422,0,0.0,0.0,0.0
2023-04-17 11:30:00-04:00,26.94099998474121,26.94099998474121,26.94099998474121,26.94099998474121,423,0.0,0.0,0.0
2023-04-17 13:30:00-04:00,27.110000610351562,27.110000610351562,26.90999984741211,26.90999984741211,594,0.0,0.0,0.0
2023-04-17 14:30:00-04:00,26.969999313354492,27.020000457763672,26.969999313354492,26.97010040283203,1922,0.0,0.0,0.0
2023-04-17 15:30:00-04:00,27.110000610351562,27.12980079650879,27.110000610351562,27.12980079650879,153,0.0,0.0,0.0
2023-04-18 09:30:00-04:00,27.139999389648438,27.145000457763672,27.139999389648438,27.145000457763672,0,0.0,0.0,0.0
2023-04-18 12:30:00-04:00,27.100000381469727,27.15999984741211,27.030000686645508,27.05229949951172,2945,0.0,0.0,0.0
2023-04-18 14:30:00-04:00,27.136899948120117,27.15489959716797,27.136899948120117,27.15489959716797,226,0.0,0.0,0.0
2023-04-19 09:30:00-04:00,27.18000030517578,27.18000030517578,27.18000030517578,27.18000030517578,0,0.0,0.0,0.0
2023-04-19 10:30:00-04:00,27.200000762939453,27.222000122070312,27.200000762939453,27.204999923706055,0,0.0,0.0,0.0
2023-04-19 11:30:00-04:00,27.186800003051758,27.200000762939453,27.186800003051758,27.200000762939453,1264,0.0,0.0,0.0
2023-04-19 12:30:00-04:00,27.225000381469727,27.225000381469727,27.225000381469727,27.225000381469727,434,0.0,0.0,0.0
2023-04-19 13:30:00-04:00,27.260000228881836,27.260000228881836,27.260000228881836,27.260000228881836,2043,0.0,0.0,0.0
2023-04-19 14:30:00-04:00,27.33300018310547,27.33300018310547,27.170000076293945,27.27519989013672,2010,0.0,0.0,0.0
2023-04-20 09:30:00-04:00,27.11009979248047,27.1200008392334,27.11009979248047,27.1200008392334,0,0.0,0.0,0.0
2023-04-20 10:30:00-04:00,27.25,27.25,27.25,27.25,114,0.0,0.0,0.0
2023-04-20 11:30:00-04:00,27.176700592041016,27.176700592041016,27.176700592041016,27.176700592041016,308,0.0,0.0,0.0
2023-04-20 15:30:00-04:00,27.209999084472656,27.220199584960938,27.209999084472656,27.220199584960938,0,0.0,0.0,0.0
2023-04-21 12:30:00-04:00,27.150100708007812,27.275999069213867,27.149999618530273,27.275999069213867,1457,0.0,0.0,0.0
2023-04-21 13:30:00-04:00,27.360000610351562,27.360000610351562,27.340200424194336,27.340200424194336,0,0.0,0.0,0.0
2023-04-24 13:30:00-04:00,27.270000457763672,27.270000457763672,27.270000457763672,27.270000457763672,417,0.0,0.0,0.0
2023-04-24 14:30:00-04:00,27.302000045776367,27.36989974975586,27.302000045776367,27.36989974975586,354,0.0,0.0,0.0
2023-04-25 09:30:00-04:00,27.229999542236328,27.229999542236328,27.067699432373047,27.100000381469727,1058,0.0,0.0,0.0
2023-04-25 11:30:00-04:00,27.149999618530273,27.149999618530273,27.149999618530273,27.149999618530273,524,0.0,0.0,0.0
2023-04-25 13:30:00-04:00,26.88290023803711,26.9060001373291,26.780099868774414,26.9060001373291,3018,0.0,0.0,0.0
2023-04-25 14:30:00-04:00,26.850000381469727,26.864999771118164,26.850000381469727,26.864999771118164,804,0.0,0.0,0.0
2023-04-25 15:30:00-04:00,26.790000915527344,26.875,26.790000915527344,26.875,268,0.0,0.0,0.0
2023-04-26 09:30:00-04:00,26.469999313354492,26.469999313354492,26.469999313354492,26.469999313354492,159,0.0,0.0,0.0
2023-04-26 12:30:00-04:00,26.80500030517578,26.80500030517578,26.80500030517578,26.80500030517578,207,0.0,0.0,0.0
2023-04-26 13:30:00-04:00,26.8700008392334,26.8700008392334,26.8700008392334,26.8700008392334,0,0.0,0.0,0.0
2023-04-26 15:30:00-04:00,26.645200729370117,26.645200729370117,26.59000015258789,26.59000015258789,1028,0.0,0.0,0.0
2023-04-27 10:30:00-04:00,26.885000228881836,26.885000228881836,26.885000228881836,26.885000228881836,144,0.0,0.0,0.0
2023-04-27 12:30:00-04:00,27.046100616455078,27.069900512695312,27.046100616455078,27.069900512695312,1099,0.0,0.0,0.0
2023-04-27 15:30:00-04:00,27.091999053955078,27.172100067138672,27.091999053955078,27.091999053955078,248,0.0,0.0,0.0
2023-04-28 09:30:00-04:00,26.84000015258789,27.31999969482422,26.84000015258789,27.31999969482422,0,0.0,0.0,0.0
2023-04-28 10:30:00-04:00,27.260000228881836,27.260000228881836,27.139699935913086,27.139699935913086,455,0.0,0.0,0.0
2023-04-28 12:30:00-04:00,27.3799991607666,27.3799991607666,27.3799991607666,27.3799991607666,255,0.0,0.0,0.0
2023-04-28 13:30:00-04:00,27.238000869750977,27.238000869750977,27.238000869750977,27.238000869750977,326,0.0,0.0,0.0
2023-04-28 14:30:00-04:00,27.200000762939453,27.200000762939453,27.200000762939453,27.200000762939453,1800,0.0,0.0,0.0
2023-04-28 15:30:00-04:00,27.149999618530273,27.19499969482422,27.149999618530273,27.19499969482422,109,0.0,0.0,0.0
2023-05-01 09:30:00-04:00,26.979999542236328,27.280000686645508,26.979999542236328,27.280000686645508,0,0.0,0.0,0.0
2023-05-01 10:30:00-04:00,27.389999389648438,27.389999389648438,27.299999237060547,27.299999237060547,2131,0.0,0.0,0.0
2023-05-01 11:30:00-04:00,27.2450008392334,27.2450008392334,27.2450008392334,27.2450008392334,490,0.0,0.0,0.0
2023-05-01 13:30:00-04:00,27.229999542236328,27.270000457763672,27.229999542236328,27.270000457763672,544,0.0,0.0,0.0
2023-05-01 14:30:00-04:00,27.169200897216797,27.169200897216797,27.169200897216797,27.169200897216797,174,0.0,0.0,0.0
2023-05-01 15:30:00-04:00,27.149999618530273,27.303699493408203,27.149999618530273,27.254899978637695,1321,0.0,0.0,0.0
2023-05-02 09:30:00-04:00,27.0,27.0,26.895000457763672,26.895000457763672,0,0.0,0.0,0.0
2023-05-02 13:30:00-04:00,26.850000381469727,26.855199813842773,26.850000381469727,26.855199813842773,107,0.0,0.0,0.0
2023-05-03 09:30:00-04:00,27.110000610351562,27.110000610351562,27.110000610351562,27.110000610351562,260,0.0,0.0,0.0
2023-05-03 10:30:00-04:00,27.079999923706055,27.079999923706055,27.079999923706055,27.079999923706055,247,0.0,0.0,0.0
2023-05-03 12:30:00-04:00,27.149999618530273,27.149999618530273,27.149999618530273,27.149999618530273,1673,0.0,0.0,0.0
2023-05-03 15:30:00-04:00,26.992700576782227,26.999799728393555,26.992700576782227,26.992700576782227,727,0.0,0.0,0.0
2023-05-04 12:30:00-04:00,26.829999923706055,26.829999923706055,26.790000915527344,26.790000915527344,1188,0.0,0.0,0.0
2023-05-04 13:30:00-04:00,26.850000381469727,26.850000381469727,26.792600631713867,26.792600631713867,771,0.0,0.0,0.0
2023-05-05 09:30:00-04:00,27.190000534057617,27.190000534057617,26.760000228881836,26.899999618530273,1407,0.0,0.0,0.0
2023-05-05 11:30:00-04:00,26.926799774169922,26.926799774169922,26.926799774169922,26.926799774169922,635,0.0,0.0,0.0
2023-05-05 12:30:00-04:00,26.959999084472656,26.969999313354492,26.959999084472656,26.969999313354492,539,0.0,0.0,0.0
2023-05-05 13:30:00-04:00,27.0,27.0,27.0,27.0,279,0.0,0.0,0.0
2023-05-05 14:30:00-04:00,27.079999923706055,27.116600036621094,27.079999923706055,27.116600036621094,507,0.0,0.0,0.0
2023-05-08 09:30:00-04:00,27.09000015258789,27.09000015258789,27.09000015258789,27.09000015258789,725,0.0,0.0,0.0
2023-05-08 10:30:00-04:00,27.0492000579834,27.100000381469727,27.0492000579834,27.100000381469727,514,0.0,0.0,0.0
2023-05-08 13:30:00-04:00,27.09709930419922,27.09709930419922,27.09709930419922,27.09709930419922,270,0.0,0.0,0.0
2023-05-08 15:30:00-04:00,27.079999923706055,27.110000610351562,27.079999923706055,27.110000610351562,213,0.0,0.0,0.0
2023-05-09 09:30:00-04:00,26.709999084472656,26.790000915527344,26.709999084472656,26.790000915527344,0,0.0,0.0,0.0
2023-05-09 10:30:00-04:00,27.008100509643555,27.008100509643555,27.008100509643555,27.008100509643555,0,0.0,0.0,0.0
2023-05-09 15:30:00-04:00,27.190000534057617,27.190000534057617,27.146099090576172,27.146099090576172,0,0.0,0.0,0.0
2023-05-10 09:30:00-04:00,27.25,27.25,27.247299194335938,27.247299194335938,953,0.0,0.0,0.0
2023-05-10 11:30:00-04:00,27.239999771118164,27.280000686645508,27.239999771118164,27.280000686645508,1881,0.0,0.0,0.0
2023-05-10 12:30:00-04:00,27.299999237060547,27.299999237060547,27.299999237060547,27.299999237060547,363,0.0,0.0,0.0
2023-05-10 13:30:00-04:00,27.190000534057617,27.190000534057617,27.190000534057617,27.190000534057617,263,0.0,0.0,0.0
2023-05-10 15:30:00-04:00,27.2549991607666,27.2549991607666,27.2549991607666,27.2549991607666,403,0.0,0.0,0.0
2023-05-11 09:30:00-04:00,27.139999389648438,27.219999313354492,27.139999389648438,27.219999313354492,0,0.0,0.0,0.0
2023-05-11 11:30:00-04:00,27.0,27.0,27.0,27.0,383,0.0,0.0,0.0
2023-05-11 12:30:00-04:00,27.051000595092773,27.1299991607666,27.050100326538086,27.050100326538086,406,0.0,0.0,0.0
2023-05-11 14:30:00-04:00,27.09000015258789,27.110000610351562,27.09000015258789,27.09000015258789,6812,0.0,0.0,0.0
2023-05-11 15:30:00-04:00,27.100000381469727,27.13330078125,27.06999969482422,27.13330078125,3867,0.0,0.0,0.0
2023-05-12 09:30:00-04:00,27.010000228881836,27.270000457763672,26.950000762939453,27.18000030517578,2644,0.0,0.0,0.0
2023-05-12 11:30:00-04:00,27.020099639892578,27.020099639892578,27.020099639892578,27.020099639892578,415,0.0,0.0,0.0
2023-05-12 15:30:00-04:00,27.056400299072266,27.100000381469727,27.056400299072266,27.100000381469727,1063,0.0,0.0,0.0
2023-05-15 09:30:00-04:00,27.235000610351562,27.27440071105957,27.235000610351562,27.27440071105957,0,0.0,0.0,0.0
2023-05-15 10:30:00-04:00,27.270000457763672,27.270000457763672,27.270000457763672,27.270000457763672,256,0.0,0.0,0.0
2023-05-15 11:30:00-04:00,27.40999984741211,27.40999984741211,27.402599334716797,27.402599334716797,849,0.0,0.0,0.0
2023-05-15 12:30:00-04:00,27.471099853515625,27.5,27.471099853515625,27.479400634765625,2306,0.0,0.0,0.0
2023-05-15 13:30:00-04:00,27.530000686645508,27.530000686645508,27.43000030517578,27.4375,475,0.0,0.0,0.0
2023-05-16 12:30:00-04:00,27.1299991607666,27.18000030517578,27.110000610351562,27.1299991607666,3710,0.0,0.0,0.0
2023-05-16 13:30:00-04:00,27.06999969482422,27.080400466918945,27.06999969482422,27.080400466918945,0,0.0,0.0,0.0
2023-05-17 09:30:00-04:00,27.149999618530273,27.20599937438965,27.149999618530273,27.20599937438965,866,0.0,0.0,0.0
2023-05-17 10:30:00-04:00,27.290000915527344,27.290000915527344,27.290000915527344,27.290000915527344,200,0.0,0.0,0.0
2023-05-17 11:30:00-04:00,27.329999923706055,27.354999542236328,27.329999923706055,27.354999542236328,3260,0.0,0.0,0.0
2023-05-17 12:30:00-04:00,27.450000762939453,27.475000381469727,27.450000762939453,27.465499877929688,1380,0.0,0.0,0.0
2023-05-17 13:30:00-04:00,27.52549934387207,27.52549934387207,27.52549934387207,27.52549934387207,513,0.0,0.0,0.0
2023-05-17 14:30:00-04:00,27.49519920349121,27.49519920349121,27.469999313354492,27.469999313354492,100,0.0,0.0,0.0
2023-05-18 09:30:00-04:00,27.229999542236328,27.579999923706055,27.229999542236328,27.392200469970703,1485,0.0,0.0,0.0
2023-05-18 10:30:00-04:00,27.5,27.5,27.5,27.5,125,0.0,0.0,0.0
2023-05-18 11:30:00-04:00,27.559900283813477,27.56559944152832,27.55500030517578,27.56559944152832,1211,0.0,0.0,0.0
2023-05-18 12:30:00-04:00,27.407899856567383,27.469999313354492,27.407899856567383,27.459199905395508,786,0.0,0.0,0.0
2023-05-18 13:30:00-04:00,27.469999313354492,27.5,27.43000030517578,27.43000030517578,38539,0.0,0.0,0.0
2023-05-18 14:30:00-04:00,27.510000228881836,27.510000228881836,27.486400604248047,27.486400604248047,341,0.0,0.0,0.0
2023-05-18 15:30:00-04:00,27.69890022277832,27.69890022277832,27.69890022277832,27.69890022277832,0,0.0,0.0,0.0
2023-05-19 09:30:00-04:00,27.93000030517578,27.93000030517578,27.660400390625,27.660400390625,871,0.0,0.0,0.0
2023-05-19 12:30:00-04:00,27.469999313354492,27.52680015563965,27.469999313354492,27.52680015563965,1010,0.0,0.0,0.0
2023-05-19 15:30:00-04:00,27.44339942932129,27.44339942932129,27.44339942932129,27.44339942932129,1066,0.0,0.0,0.0
2023-05-22 11:30:00-04:00,27.739999771118164,27.739999771118164,27.739999771118164,27.739999771118164,398,0.0,0.0,0.0
2023-05-22 15:30:00-04:00,27.639999389648438,27.679000854492188,27.639999389648438,27.65999984741211,2610,0.0,0.0,0.0
2023-05-23 09:30:00-04:00,27.760000228881836,27.773399353027344,27.6299991607666,27.773399353027344,0,0.0,0.0,0.0
2023-05-23 10:30:00-04:00,27.829999923706055,27.829999923706055,27.829999923706055,27.829999923706055,174,0.0,0.0,0.0
2023-05-23 11:30:00-04:00,27.68000030517578,27.68000030517578,27.68000030517578,27.68000030517578,120,0.0,0.0,0.0
2023-05-23 12:30:00-04:00,27.45989990234375,27.459999084472656,27.350000381469727,27.424999237060547,6253,0.0,0.0,0.0
2023-05-23 13:30:00-04:00,27.375499725341797,27.420000076293945,27.375499725341797,27.420000076293945,441,0.0,0.0,0.0
2023-05-23 14:30:00-04:00,27.34000015258789,27.34000015258789,27.2810001373291,27.2810001373291,1225,0.0,0.0,0.0
2023-05-23 15:30:00-04:00,27.329999923706055,27.360000610351562,27.269100189208984,27.269100189208984,2029,0.0,0.0,0.0
2023-05-24 09:30:00-04:00,26.73200035095215,26.73200035095215,26.73200035095215,26.73200035095215,863,0.0,0.0,0.0
2023-05-24 10:30:00-04:00,26.83799934387207,26.83799934387207,26.83799934387207,26.83799934387207,398,0.0,0.0,0.0
2023-05-24 12:30:00-04:00,26.809999465942383,26.809999465942383,26.809999465942383,26.809999465942383,0,0.0,0.0,0.0
2023-05-24 15:30:00-04:00,26.860000610351562,26.860000610351562,26.836000442504883,26.836000442504883,3911,0.0,0.0,0.0
2023-05-25 09:30:00-04:00,26.63010025024414,26.63010025024414,26.63010025024414,26.63010025024414,0,0.0,0.0,0.0
2023-05-25 10:30:00-04:00,26.57699966430664,26.57699966430664,26.57699966430664,26.57699966430664,301,0.0,0.0,0.0
2023-05-25 11:30:00-04:00,26.540000915527344,26.540000915527344,26.540000915527344,26.540000915527344,755,0.0,0.0,0.0
2023-05-25 14:30:00-04:00,26.475000381469727,26.501399993896484,26.440000534057617,26.501399993896484,0,0.0,0.0,0.0
2023-05-26 09:30:00-04:00,26.670000076293945,26.670000076293945,26.670000076293945,26.670000076293945,742,0.0,0.0,0.0
2023-05-26 10:30:00-04:00,26.69569969177246,26.69569969177246,26.69569969177246,26.69569969177246,255,0.0,0.0,0.0
2023-05-26 11:30:00-04:00,26.639999389648438,26.729999542236328,26.639999389648438,26.729999542236328,3581,0.0,0.0,0.0
2023-05-26 12:30:00-04:00,26.790000915527344,26.790000915527344,26.790000915527344,26.790000915527344,414,0.0,0.0,0.0
2023-05-26 13:30:00-04:00,26.719999313354492,26.719999313354492,26.719999313354492,26.719999313354492,820,0.0,0.0,0.0
2023-05-26 14:30:00-04:00,26.766399383544922,26.766399383544922,26.766399383544922,26.766399383544922,518,0.0,0.0,0.0
2023-05-26 15:30:00-04:00,26.700000762939453,26.733299255371094,26.700000762939453,26.733299255371094,1629,0.0,0.0,0.0
2023-05-30 09:30:00-04:00,26.700000762939453,26.989999771118164,26.700000762939453,26.989999771118164,530,0.0,0.0,0.0
2023-05-30 10:30:00-04:00,26.80459976196289,26.80459976196289,26.80459976196289,26.80459976196289,188,0.0,0.0,0.0
2023-05-30 13:30:00-04:00,26.650100708007812,26.700000762939453,26.639999389648438,26.67060089111328,2142,0.0,0.0,0.0
2023-05-30 14:30:00-04:00,26.75,26.75,26.732500076293945,26.732500076293945,723,0.0,0.0,0.0
2023-05-31 09:30:00-04:00,26.790000915527344,26.829999923706055,26.6200008392334,26.6200008392334,0,0.0,0.0,0.0
2023-05-31 15:30:00-04:00,26.649999618530273,26.709699630737305,26.649999618530273,26.709699630737305,2121,0.0,0.0,0.0
2023-06-01 09:30:00-04:00,26.559999465942383,26.594999313354492,26.559999465942383,26.59000015258789,1037,0.0,0.0,0.0
2023-06-01 10:30:00-04:00,26.75079917907715,26.75079917907715,26.75079917907715,26.75079917907715,143,0.0,0.0,0.0
2023-06-01 11:30:00-04:00,26.884300231933594,26.910999298095703,26.884300231933594,26.910999298095703,1045,0.0,0.0,0.0
2023-06-01 12:30:00-04:00,26.93000030517578,26.93000030517578,26.93000030517578,26.93000030517578,165,0.0,0.0,0.0
2023-06-01 13:30:00-04:00,26.925500869750977,26.925500869750977,26.925500869750977,26.925500869750977,630,0.0,0.0,0.0
2023-06-01 14:30:00-04:00,26.918800354003906,26.989999771118164,26.916000366210938,26.916000366210938,0,0.0,0.0,0.0
2023-06-02 09:30:00-04:00,27.3799991607666,27.3799991607666,27.188600540161133,27.229999542236328,2859,0.0,0.0,0.0
2023-06-02 11:30:00-04:00,27.43000030517578,27.43000030517578,27.42180061340332,27.42180061340332,480,0.0,0.0,0.0
2023-06-02 12:30:00-04:00,27.451000213623047,27.520000457763672,27.451000213623047,27.520000457763672,3638,0.0,0.0,0.0
2023-06-02 13:30:00-04:00,27.55500030517578,27.611600875854492,27.53059959411621,27.611600875854492,296,0.0,0.0,0.0
2023-06-05 09:30:00-04:00,27.40999984741211,27.5,27.280000686645508,27.280000686645508,2699,0.0,0.0,0.0
2023-06-05 10:30:00-04:00,27.399499893188477,27.399499893188477,27.399499893188477,27.399499893188477,325,0.0,0.0,0.0
2023-06-05 13:30:00-04:00,27.467500686645508,27.467500686645508,27.429000854492188,27.429000854492188,0,0.0,0.0,0.0
2023-06-06 09:30:00-04:00,27.309999465942383,27.728500366210938,27.309999465942383,27.6875,1117,0.0,0.0,0.0
2023-06-06 10:30:00-04:00,28.0,28.15999984741211,27.979999542236328,27.979999542236328,601,0.0,0.0,0.0
2023-06-06 12:30:00-04:00,28.0,28.110000610351562,28.0,28.000999450683594,1334,0.0,0.0,0.0
2023-06-06 14:30:00-04:00,28.050100326538086,28.109600067138672,28.050100326538086,28.109600067138672,0,0.0,0.0,0.0
2023-06-07 09:30:00-04:00,28.309999465942383,28.440000534057617,28.309999465942383,28.440000534057617,2260,0.0,0.0,0.0
2023-06-07 10:30:00-04:00,28.255699157714844,28.264400482177734,28.160999298095703,28.264400482177734,910,0.0,0.0,0.0
2023-06-07 11:30:00-04:00,28.24850082397461,28.24850082397461,28.24850082397461,28.24850082397461,404,0.0,0.0,0.0
2023-06-07 14:30:00-04:00,28.19540023803711,28.290000915527344,28.19540023803711,28.19540023803711,150,0.0,0.0,0.0
2023-06-08 09:30:00-04:00,27.88599967956543,27.889999389648438,27.757699966430664,27.790000915527344,0,0.0,0.0,0.0
2023-06-08 10:30:00-04:00,27.809999465942383,27.809999465942383,27.739999771118164,27.780000686645508,675,0.0,0.0,0.0
2023-06-08 11:30:00-04:00,27.93000030517578,27.93000030517578,27.850900650024414,27.850900650024414,582,0.0,0.0,0.0
2023-06-08 12:30:00-04:00,27.864999771118164,27.864999771118164,27.864999771118164,27.864999771118164,268,0.0,0.0,0.0
2023-06-08 15:30:00-04:00,27.925899505615234,27.94700050354004,27.90999984741211,27.90999984741211,1000,0.0,0.0,0.0
2023-06-09 09:30:00-04:00,27.8700008392334,28.0,27.8700008392334,28.0,0,0.0,0.0,0.0
2023-06-09 10:30:00-04:00,27.93400001525879,27.93400001525879,27.93400001525879,27.93400001525879,303,0.0,0.0,0.0
2023-06-09 11:30:00-04:00,27.790000915527344,27.790000915527344,27.729999542236328,27.761600494384766,4770,0.0,0.0,0.0
2023-06-09 13:30:00-04:00,27.799999237060547,27.799999237060547,27.719999313354492,27.739999771118164,1771,0.0,0.0,0.0
2023-06-09 15:30:00-04:00,27.690000534057617,27.690000534057617,27.690000534057617,27.690000534057617,339,0.0,0.0,0.0
2023-06-12 09:30:00-04:00,27.84000015258789,27.879899978637695,27.82830047607422,27.82830047607422,1042,0.0,0.0,0.0
2023-06-12 12:30:00-04:00,27.79840087890625,27.827299118041992,27.79840087890625,27.827299118041992,0,0.0,0.0,0.0
2023-06-13 09:30:00-04:00,28.0,28.170000076293945,28.0,28.170000076293945,701,0.0,0.0,0.0
2023-06-13 10:30:00-04:00,28.219999313354492,28.219999313354492,28.219999313354492,28.219999313354492,235,0.0,0.0,0.0
2023-06-13 11:30:00-04:00,28.100000381469727,28.100000381469727,28.07349967956543,28.07349967956543,754,0.0,0.0,0.0
2023-06-13 13:30:00-04:00,28.090299606323242,28.090299606323242,28.090299606323242,28.090299606323242,592,0.0,0.0,0.0
2023-06-13 14:30:00-04:00,28.06879997253418,28.114999771118164,28.06879997253418,28.110000610351562,0,0.0,0.0,0.0
2023-06-13 15:30:00-04:00,28.137800216674805,28.137800216674805,28.110000610351562,28.110000610351562,5032,0.0,0.0,0.0
2023-06-14 09:30:00-04:00,28.079999923706055,28.239999771118164,28.079999923706055,28.214099884033203,1937,0.0,0.0,0.0
2023-06-14 10:30:00-04:00,28.195999145507812,28.195999145507812,28.195999145507812,28.195999145507812,1189,0.0,0.0,0.0
2023-06-14 11:30:00-04:00,28.28820037841797,28.28820037841797,28.170000076293945,28.200000762939453,1118,0.0,0.0,0.0
2023-06-14 13:30:00-04:00,28.094499588012695,28.094499588012695,28.049999237060547,28.049999237060547,335,0.0,0.0,0.0
2023-06-14 14:30:00-04:00,27.980499267578125,27.980499267578125,27.980499267578125,27.980499267578125,0,0.0,0.0,0.0
2023-06-15 09:30:00-04:00,28.0,28.09000015258789,28.0,28.09000015258789,2092,0.0,0.0,0.0
2023-06-15 10:30:00-04:00,28.049999237060547,28.049999237060547,28.049999237060547,28.049999237060547,475,0.0,0.0,0.0
2023-06-15 11:30:00-04:00,28.190000534057617,28.190000534057617,28.190000534057617,28.190000534057617,308,0.0,0.0,0.0
2023-06-15 12:30:00-04:00,28.174299240112305,28.174299240112305,28.131000518798828,28.131000518798828,295,0.0,0.0,0.0
2023-06-15 13:30:00-04:00,28.252599716186523,28.252599716186523,28.252599716186523,28.252599716186523,187,0.0,0.0,0.0
2023-06-15 14:30:00-04:00,28.35569953918457,28.35569953918457,28.309999465942383,28.309999465942383,956,0.0,0.0,0.0
2023-06-15 15:30:00-04:00,28.33989906311035,28.350000381469727,28.290000915527344,28.309099197387695,1826,0.0,0.0,0.0
2023-06-16 09:30:00-04:00,28.372299194335938,28.372299194335938,28.311599731445312,28.311599731445312,0,0.0,0.0,0.0
2023-06-16 10:30:00-04:00,28.211999893188477,28.277799606323242,28.211999893188477,28.277799606323242,491,0.0,0.0,0.0
2023-06-16 11:30:00-04:00,28.112600326538086,28.112600326538086,28.112600326538086,28.112600326538086,274,0.0,0.0,0.0
2023-06-16 13:30:00-04:00,28.155500411987305,28.170000076293945,28.14900016784668,28.170000076293945,1294,0.0,0.0,0.0
2023-06-16 14:30:00-04:00,28.114999771118164,28.27519989013672,28.114999771118164,28.139999389648438,492,0.0,0.0,0.0
2023-06-20 09:30:00-04:00,28.049999237060547,28.100000381469727,28.049999237060547,28.100000381469727,0,0.0,0.0,0.0
2023-06-20 10:30:00-04:00,28.024999618530273,28.024999618530273,27.985000610351562,27.985000610351562,386,0.0,0.0,0.0
2023-06-20 12:30:00-04:00,28.091100692749023,28.091100692749023,28.091100692749023,28.091100692749023,600,0.0,0.0,0.0
2023-06-20 13:30:00-04:00,28.14349937438965,28.14349937438965,28.14349937438965,28.14349937438965,272,0.0,0.0,0.0
2023-06-20 15:30:00-04:00,28.149999618530273,28.1919002532959,28.149999618530273,28.1919002532959,0,0.0,0.0,0.0
2023-06-21 09:30:00-04:00,28.014999389648438,28.079999923706055,28.014999389648438,28.06290054321289,1012,0.0,0.0,0.0
2023-06-21 11:30:00-04:00,28.049999237060547,28.049999237060547,28.049999237060547,28.049999237060547,165,0.0,0.0,0.0
2023-06-21 12:30:00-04:00,28.040000915527344,28.040000915527344,28.040000915527344,28.040000915527344,431,0.0,0.0,0.0
2023-06-21 13:30:00-04:00,28.163400650024414,28.174999237060547,28.139999389648438,28.174999237060547,1026,0.0,0.0,0.0
2023-06-21 14:30:00-04:00,28.239900588989258,28.239900588989258,28.239900588989258,28.239900588989258,317,0.0,0.0,0.0
2023-06-21 15:30:00-04:00,28.110000610351562,28.1200008392334,28.091800689697266,28.091800689697266,2100,0.0,0.0,0.0
2023-06-22 09:30:00-04:00,27.799999237060547,27.8799991607666,27.799999237060547,27.8799991607666,0,0.0,0.0,0.0
2023-06-22 11:30:00-04:00,27.991899490356445,27.991899490356445,27.991899490356445,27.991899490356445,352,0.0,0.0,0.0
2023-06-22 13:30:00-04:00,27.94099998474121,27.94099998474121,27.94099998474121,27.94099998474121,110,0.0,0.0,0.0
2023-06-22 14:30:00-04:00,28.040000915527344,28.040000915527344,27.959999084472656,27.959999084472656,546,0.0,0.0,0.0
2023-06-22 15:30:00-04:00,27.913700103759766,27.913700103759766,27.899999618530273,27.913700103759766,1000,0.0,0.0,0.0
2023-06-23 09:30:00-04:00,27.700000762939453,27.700000762939453,27.700000762939453,27.700000762939453,582,0.0,0.0,0.0
2023-06-23 10:30:00-04:00,27.760000228881836,27.760000228881836,27.68000030517578,27.68000030517578,454,0.0,0.0,0.0
2023-06-23 12:30:00-04:00,27.77120018005371,27.77120018005371,27.77120018005371,27.77120018005371,143,0.0,0.0,0.0
2023-06-23 13:30:00-04:00,27.801000595092773,27.801000595092773,27.801000595092773,27.801000595092773,685,0.0,0.0,0.0
2023-06-23 14:30:00-04:00,27.63330078125,27.63330078125,27.63330078125,27.63330078125,522,0.0,0.0,0.0
2023-06-23 15:30:00-04:00,27.700000762939453,27.700000762939453,27.683399200439453,27.683399200439453,183,0.0,0.0,0.0
2023-06-26 09:30:00-04:00,27.59000015258789,27.82670021057129,27.59000015258789,27.783000946044922,0,0.0,0.0,0.0
2023-06-26 11:30:00-04:00,27.780000686645508,27.780000686645508,27.76300048828125,27.76300048828125,1364,0.0,0.0,0.0
2023-06-26 12:30:00-04:00,27.650999069213867,27.650999069213867,27.639999389648438,27.639999389648438,1138,0.0,0.0,0.0
2023-06-26 14:30:00-04:00,27.799999237060547,27.815500259399414,27.691099166870117,27.691099166870117,0,0.0,0.0,0.0
2023-06-27 09:30:00-04:00,27.765399932861328,27.765399932861328,27.765399932861328,27.765399932861328,624,0.0,0.0,0.0
2023-06-27 11:30:00-04:00,27.992000579833984,28.0,27.989999771118164,28.0,1155,0.0,0.0,0.0
2023-06-27 14:30:00-04:00,28.083099365234375,28.083099365234375,28.074199676513672,28.083099365234375,271,0.0,0.0,0.0
2023-06-28 09:30:00-04:00,28.190000534057617,28.190000534057617,28.190000534057617,28.190000534057617,0,0.0,0.0,0.0
2023-06-28 14:30:00-04:00,28.14780044555664,28.14780044555664,28.14780044555664,28.14780044555664,617,0.0,0.0,0.0
2023-06-28 15:30:00-04:00,28.14550018310547,28.190000534057617,28.1200008392334,28.166900634765625,0,0.0,0.0,0.0
2023-06-29 09:30:00-04:00,28.1200008392334,28.59149932861328,28.1200008392334,28.59149932861328,1048,0.0,0.0,0.0
2023-06-29 11:30:00-04:00,28.479000091552734,28.479000091552734,28.479000091552734,28.479000091552734,282,0.0,0.0,0.0
2023-06-29 13:30:00-04:00,28.540000915527344,28.540000915527344,28.540000915527344,28.540000915527344,105,0.0,0.0,0.0
2023-06-29 14:30:00-04:00,28.440000534057617,28.5674991607666,28.440000534057617,28.5674991607666,0,0.0,0.0,0.0
2023-06-30 09:30:00-04:00,28.959999084472656,28.959999084472656,28.959999084472656,28.959999084472656,1213,0.0,0.0,0.0
2023-06-30 10:30:00-04:00,28.75,28.799999237060547,28.662500381469727,28.799999237060547,3372,0.0,0.0,0.0
2023-06-30 12:30:00-04:00,28.812599182128906,28.812599182128906,28.812599182128906,28.812599182128906,661,0.0,0.0,0.0
2023-06-30 14:30:00-04:00,28.833900451660156,28.850000381469727,28.73200035095215,28.73200035095215,439,0.0,0.0,0.0
2023-07-03 09:30:00-04:00,28.790000915527344,28.790000915527344,28.739999771118164,28.749000549316406,1170,0.0,0.0,0.0
2023-07-03 10:30:00-04:00,28.712499618530273,28.729999542236328,28.712499618530273,28.729999542236328,1173,0.0,0.0,0.0
2023-07-03 11:30:00-04:00,28.655000686645508,28.655000686645508,28.60890007019043,28.60890007019043,1200,0.0,0.0,0.0
2023-07-03 12:30:00-04:00,28.6299991607666,28.67639923095703,28.6299991607666,28.67639923095703,1124,0.0,0.0,0.0
2023-07-05 10:30:00-04:00,28.47369956970215,28.47369956970215,28.47369956970215,28.47369956970215,0,0.0,0.0,0.0
2023-07-05 12:30:00-04:00,28.44099998474121,28.44099998474121,28.43000030517578,28.440000534057617,7412,0.0,0.0,0.0
2023-07-05 13:30:00-04:00,28.440000534057617,28.440000534057617,28.440000534057617,28.440000534057617,5218,0.0,0.0,0.0
2023-07-05 14:30:00-04:00,28.540000915527344,28.540000915527344,28.540000915527344,28.540000915527344,145,0.0,0.0,0.0
2023-07-05 15:30:00-04:00,28.459999084472656,28.468599319458008,28.459999084472656,28.468599319458008,200,0.0,0.0,0.0
2023-07-06 09:30:00-04:00,28.25,28.25,28.0,28.0,1092,0.0,0.0,0.0
2023-07-06 13:30:00-04:00,28.055200576782227,28.093299865722656,28.055200576782227,28.093299865722656,0,0.0,0.0,0.0
2023-07-07 10:30:00-04:00,28.290000915527344,28.341699600219727,28.290000915527344,28.341699600219727,1439,0.0,0.0,0.0
2023-07-07 11:30:00-04:00,28.38279914855957,28.38279914855957,28.35070037841797,28.35070037841797,778,0.0,0.0,0.0
2023-07-07 12:30:00-04:00,28.4424991607666,28.4424991607666,28.4424991607666,28.4424991607666,1253,0.0,0.0,0.0
2023-07-07 13:30:00-04:00,28.420000076293945,28.420000076293945,28.420000076293945,28.420000076293945,133,0.0,0.0,0.0
2023-07-07 14:30:00-04:00,28.40999984741211,28.40999984741211,28.21339988708496,28.21339988708496,3434,0.0,0.0,0.0
2023-07-10 09:30:00-04:00,28.209999084472656,28.30500030517578,28.209999084472656,28.30500030517578,0,0.0,0.0,0.0
2023-07-10 10:30:00-04:00,28.597999572753906,28.597999572753906,28.597999572753906,28.597999572753906,380,0.0,0.0,0.0
2023-07-10 15:30:00-04:00,28.579999923706055,28.579999923706055,28.579999923706055,28.579999923706055,996,0.0,0.0,0.0
2023-07-11 09:30:00-04:00,28.770000457763672,28.81999969482422,28.760099411010742,28.760099411010742,699,0.0,0.0,0.0
2023-07-11 11:30:00-04:00,28.795799255371094,28.795799255371094,28.795799255371094,28.795799255371094,0,0.0,0.0,0.0
2023-07-11 12:30:00-04:00,28.815000534057617,28.815000534057617,28.815000534057617,28.815000534057617,0,0.0,0.0,0.0
2023-07-11 14:30:00-04:00,28.850000381469727,28.850000381469727,28.850000381469727,28.850000381469727,1704,0.0,0.0,0.0
2023-07-11 15:30:00-04:00,28.943899154663086,28.943899154663086,28.899999618530273,28.943899154663086,150,0.0,0.0,0.0
2023-07-12 09:30:00-04:00,29.239999771118164,29.239999771118164,29.16010093688965,29.16010093688965,0,0.0,0.0,0.0
2023-07-12 10:30:00-04:00,29.234500885009766,29.234500885009766,29.21500015258789,29.21500015258789,1099,0.0,0.0,0.0
2023-07-12 11:30:00-04:00,29.173599243164062,29.173599243164062,29.173599243164062,29.173599243164062,668,0.0,0.0,0.0
2023-07-12 12:30:00-04:00,29.249000549316406,29.249000549316406,29.249000549316406,29.249000549316406,126,0.0,0.0,0.0
2023-07-12 13:30:00-04:00,29.25,29.276500701904297,29.25,29.276500701904297,674,0.0,0.0,0.0
2023-07-12 14:30:00-04:00,29.260499954223633,29.312999725341797,29.24139976501465,29.25,1119,0.0,0.0,0.0
2023-07-12 15:30:00-04:00,29.18000030517578,29.18000030517578,29.18000030517578,29.18000030517578,0,0.0,0.0,0.0
2023-07-13 09:30:00-04:00,29.329999923706055,29.34000015258789,29.329999923706055,29.34000015258789,498,0.0,0.0,0.0
2023-07-13 11:30:00-04:00,29.33989906311035,29.350000381469727,29.33989906311035,29.350000381469727,250,0.0,0.0,0.0
2023-07-13 13:30:00-04:00,29.448200225830078,29.448200225830078,29.448200225830078,29.448200225830078,193,0.0,0.0,0.0
2023-07-13 14:30:00-04:00,29.3700008392334,29.385000228881836,29.3700008392334,29.385000228881836,547,0.0,0.0,0.0
2023-07-13 15:30:00-04:00,29.387500762939453,29.387500762939453,29.3700008392334,29.3700008392334,100,0.0,0.0,0.0
2023-07-14 09:30:00-04:00,29.440000534057617,29.440000534057617,29.209999084472656,29.209999084472656,0,0.0,0.0,0.0
2023-07-14 10:30:00-04:00,29.059999465942383,29.125,29.059999465942383,29.125,742,0.0,0.0,0.0
2023-07-14 11:30:00-04:00,29.100000381469727,29.100000381469727,29.050199508666992,29.050500869750977,1259,0.0,0.0,0.0
2023-07-14 13:30:00-04:00,29.124399185180664,29.124399185180664,29.124399185180664,29.124399185180664,456,0.0,0.0,0.0
2023-07-14 14:30:00-04:00,29.094999313354492,29.094999313354492,29.094999313354492,29.094999313354492,200,0.0,0.0,0.0
2023-07-14 15:30:00-04:00,29.106399536132812,29.106399536132812,29.106399536132812,29.106399536132812,192,0.0,0.0,0.0
2023-07-17 09:30:00-04:00,29.020000457763672,29.239999771118164,29.020000457763672,29.239999771118164,0,0.0,0.0,0.0
2023-07-17 10:30:00-04:00,29.15999984741211,29.209999084472656,29.15999984741211,29.209999084472656,2679,0.0,0.0,0.0
2023-07-17 11:30:00-04:00,29.210399627685547,29.25,29.210399627685547,29.25,657,0.0,0.0,0.0
2023-07-17 12:30:00-04:00,29.347200393676758,29.3799991607666,29.309999465942383,29.309999465942383,757,0.0,0.0,0.0
2023-07-17 13:30:00-04:00,29.350000381469727,29.350000381469727,29.350000381469727,29.350000381469727,245,0.0,0.0,0.0
2023-07-17 14:30:00-04:00,29.389999389648438,29.399999618530273,29.346599578857422,29.346599578857422,0,0.0,0.0,0.0
2023-07-18 09:30:00-04:00,29.280000686645508,29.280000686645508,29.280000686645508,29.280000686645508,318,0.0,0.0,0.0
2023-07-18 10:30:00-04:00,29.514999389648438,29.5575008392334,29.514999389648438,29.5575008392334,658,0.0,0.0,0.0
2023-07-18 12:30:00-04:00,29.53420066833496,29.549999237060547,29.514999389648438,29.549999237060547,2001,0.0,0.0,0.0
2023-07-18 15:30:00-04:00,29.580699920654297,29.580699920654297,29.580699920654297,29.580699920654297,0,0.0,0.0,0.0
2023-07-19 11:30:00-04:00,29.6968994140625,29.6968994140625,29.6299991607666,29.6299991607666,1571,0.0,0.0,0.0
2023-07-19 12:30:00-04:00,29.645000457763672,29.649999618530273,29.59429931640625,29.59429931640625,1395,0.0,0.0,0.0
2023-07-19 13:30:00-04:00,29.559999465942383,29.559999465942383,29.559999465942383,29.559999465942383,727,0.0,0.0,0.0
2023-07-19 14:30:00-04:00,29.583499908447266,29.68000030517578,29.530000686645508,29.68000030517578,2393,0.0,0.0,0.0
2023-07-20 10:30:00-04:00,29.407699584960938,29.407699584960938,29.378400802612305,29.378400802612305,233,0.0,0.0,0.0
2023-07-20 11:30:00-04:00,29.3700008392334,29.399999618530273,29.36009979248047,29.36009979248047,2110,0.0,0.0,0.0
2023-07-20 12:30:00-04:00,29.277700424194336,29.277700424194336,29.277700424194336,29.277700424194336,498,0.0,0.0,0.0
2023-07-20 13:30:00-04:00,29.290700912475586,29.391399383544922,29.290700912475586,29.391399383544922,0,0.0,0.0,0.0
2023-07-21 10:30:00-04:00,29.469999313354492,29.469999313354492,29.469999313354492,29.469999313354492,702,0.0,0.0,0.0
2023-07-21 11:30:00-04:00,29.474000930786133,29.474000930786133,29.454999923706055,29.454999923706055,510,0.0,0.0,0.0
2023-07-21 12:30:00-04:00,29.43000030517578,29.43000030517578,29.43000030517578,29.43000030517578,143,0.0,0.0,0.0
2023-07-21 13:30:00-04:00,29.45989990234375,29.45989990234375,29.45989990234375,29.45989990234375,101,0.0,0.0,0.0
2023-07-21 15:30:00-04:00,29.346799850463867,29.347700119018555,29.346799850463867,29.347700119018555,102,0.0,0.0,0.0
2023-07-24 10:30:00-04:00,29.31999969482422,29.31999969482422,29.31999969482422,29.31999969482422,0,0.0,0.0,0.0
2023-07-24 11:30:00-04:00,29.330699920654297,29.350099563598633,29.330699920654297,29.350099563598633,464,0.0,0.0,0.0
2023-07-24 12:30:00-04:00,29.31999969482422,29.405500411987305,29.31999969482422,29.405500411987305,0,0.0,0.0,0.0
2023-07-25 09:30:00-04:00,29.450000762939453,29.489999771118164,29.420000076293945,29.489999771118164,3206,0.0,0.0,0.0
2023-07-25 11:30:00-04:00,29.485000610351562,29.485000610351562,29.485000610351562,29.485000610351562,508,0.0,0.0,0.0
2023-07-25 13:30:00-04:00,29.549999237060547,29.549999237060547,29.549999237060547,29.549999237060547,172,0.0,0.0,0.0
2023-07-25 14:30:00-04:00,29.600000381469727,29.610000610351562,29.56999969482422,29.56999969482422,1451,0.0,0.0,0.0
2023-07-25 15:30:00-04:00,29.469999313354492,29.479999542236328,29.469999313354492,29.479999542236328,1550,0.0,0.0,0.0
2023-07-26 09:30:00-04:00,29.540000915527344,29.690000534057617,29.540000915527344,29.690000534057617,754,0.0,0.0,0.0
2023-07-26 10:30:00-04:00,29.700000762939453,29.700000762939453,29.700000762939453,29.700000762939453,602,0.0,0.0,0.0
2023-07-26 11:30:00-04:00,29.700000762939453,29.700000762939453,29.700000762939453,29.700000762939453,1456,0.0,0.0,0.0
2023-07-26 12:30:00-04:00,29.799999237060547,29.799999237060547,29.75,29.750099182128906,3577,0.0,0.0,0.0
2023-07-26 13:30:00-04:00,29.75,29.79990005493164,29.739999771118164,29.79990005493164,2057,0.0,0.0,0.0
2023-07-26 14:30:00-04:00,29.8700008392334,29.903099060058594,29.8700008392334,29.903099060058594,1109,0.0,0.0,0.0
2023-07-26 15:30:00-04:00,29.849899291992188,29.8799991607666,29.849899291992188,29.8799991607666,0,0.0,0.0,0.0
2023-07-27 09:30:00-04:00,30.0,30.114999771118164,29.924999237060547,29.955400466918945,2489,0.0,0.0,0.0
2023-07-27 10:30:00-04:00,30.0,30.0,29.920000076293945,29.93000030517578,1253,0.0,0.0,0.0
2023-07-27 11:30:00-04:00,29.866600036621094,29.889999389648438,29.866600036621094,29.889999389648438,0,0.0,0.0,0.0
2023-07-27 12:30:00-04:00,29.920000076293945,29.920000076293945,29.920000076293945,29.920000076293945,4702,0.0,0.0,0.0
2023-07-27 13:30:00-04:00,29.750099182128906,29.792299270629883,29.750099182128906,29.792299270629883,675,0.0,0.0,0.0
2023-07-27 15:30:00-04:00,29.6200008392334,29.6200008392334,29.6200008392334,29.6200008392334,302,0.0,0.0,0.0
2023-07-28 09:30:00-04:00,29.940000534057617,30.059999465942383,29.940000534057617,30.03019905090332,0,0.0,0.0,0.0
2023-07-28 10:30:00-04:00,29.947900772094727,29.947900772094727,29.947900772094727,29.947900772094727,1001,0.0,0.0,0.0
2023-07-28 11:30:00-04:00,29.94969940185547,30.0,29.94969940185547,30.0,304,0.0,0.0,0.0
2023-07-28 12:30:00-04:00,29.949399948120117,30.023700714111328,29.949399948120117,30.023700714111328,970,0.0,0.0,0.0
2023-07-28 13:30:00-04:00,30.040000915527344,30.04990005493164,30.040000915527344,30.048999786376953,1016,0.0,0.0,0.0
2023-07-28 14:30:00-04:00,30.030000686645508,30.039899826049805,29.989999771118164,29.989999771118164,571,0.0,0.0,0.0
2023-07-28 15:30:00-04:00,29.989999771118164,29.989999771118164,29.989999771118164,29.989999771118164,900,0.0,0.0,0.0
2023-07-31 09:30:00-04:00,30.1299991607666,30.1299991607666,30.1299991607666,30.1299991607666,1362,0.0,0.0,0.0
2023-07-31 10:30:00-04:00,30.126800537109375,30.126800537109375,30.12529945373535,30.12529945373535,750,0.0,0.0,0.0
2023-07-31 11:30:00-04:00,30.1299991607666,30.14940071105957,30.1299991607666,30.14940071105957,272,0.0,0.0,0.0
2023-07-31 12:30:00-04:00,30.123300552368164,30.123300552368164,30.05270004272461,30.05270004272461,478,0.0,0.0,0.0
2023-07-31 14:30:00-04:00,30.139999389648438,30.15530014038086,30.1200008392334,30.15530014038086,2422,0.0,0.0,0.0
2023-07-31 15:30:00-04:00,30.1299991607666,30.1299991607666,30.1299991607666,30.1299991607666,219,0.0,0.0,0.0
2023-08-01 09:30:00-04:00,29.969999313354492,30.049999237060547,29.969999313354492,30.020000457763672,2524,0.0,0.0,0.0
2023-08-01 12:30:00-04:00,29.924999237060547,29.924999237060547,29.924999237060547,29.924999237060547,310,0.0,0.0,0.0
2023-08-01 14:30:00-04:00,29.985000610351562,30.013399124145508,29.985000610351562,30.013399124145508,198,0.0,0.0,0.0
2023-08-02 09:30:00-04:00,29.700000762939453,29.700000762939453,29.469999313354492,29.469999313354492,571,0.0,0.0,0.0
2023-08-02 10:30:00-04:00,29.320100784301758,29.360000610351562,29.31999969482422,29.33009910583496,1343,0.0,0.0,0.0
2023-08-02 11:30:00-04:00,29.3799991607666,29.3799991607666,29.309999465942383,29.344999313354492,1091,0.0,0.0,0.0
2023-08-02 13:30:00-04:00,29.349899291992188,29.40999984741211,29.349899291992188,29.40999984741211,2540,0.0,0.0,0.0
2023-08-02 14:30:00-04:00,29.389999389648438,29.41990089416504,29.389999389648438,29.41990089416504,888,0.0,0.0,0.0
2023-08-02 15:30:00-04:00,29.350000381469727,29.41119956970215,29.350000381469727,29.40239906311035,599,0.0,0.0,0.0
2023-08-03 09:30:00-04:00,29.420000076293945,29.420000076293945,29.420000076293945,29.420000076293945,0,0.0,0.0,0.0
2023-08-03 10:30:00-04:00,29.281200408935547,29.415800094604492,29.281200408935547,29.375,777,0.0,0.0,0.0
2023-08-03 12:30:00-04:00,29.450000762939453,29.450000762939453,29.428699493408203,29.450000762939453,606,0.0,0.0,0.0
2023-08-03 13:30:00-04:00,29.469999313354492,29.469999313354492,29.34119987487793,29.34119987487793,0,0.0,0.0,0.0
2023-08-04 09:30:00-04:00,29.280000686645508,29.40089988708496,29.22260093688965,29.280000686645508,3391,0.0,0.0,0.0
2023-08-04 10:30:00-04:00,29.399999618530273,29.399999618530273,29.399999618530273,29.399999618530273,402,0.0,0.0,0.0
2023-08-04 11:30:00-04:00,29.431800842285156,29.431800842285156,29.431800842285156,29.431800842285156,733,0.0,0.0,0.0
2023-08-04 13:30:00-04:00,29.47949981689453,29.47949981689453,29.33970069885254,29.33970069885254,2616,0.0,0.0,0.0
2023-08-04 14:30:00-04:00,29.267499923706055,29.267499923706055,29.267499923706055,29.267499923706055,201,0.0,0.0,0.0
2023-08-04 15:30:00-04:00,29.290000915527344,29.290000915527344,29.27669906616211,29.27669906616211,222,0.0,0.0,0.0
2023-08-07 09:30:00-04:00,29.290000915527344,29.290000915527344,29.290000915527344,29.290000915527344,372,0.0,0.0,0.0
2023-08-07 10:30:00-04:00,29.450000762939453,29.450000762939453,29.450000762939453,29.450000762939453,1396,0.0,0.0,0.0
2023-08-07 11:30:00-04:00,29.452999114990234,29.46980094909668,29.440000534057617,29.46980094909668,1205,0.0,0.0,0.0
2023-08-07 12:30:00-04:00,29.5,29.5,29.5,29.5,155,0.0,0.0,0.0
2023-08-07 13:30:00-04:00,29.47960090637207,29.559900283813477,29.47960090637207,29.530000686645508,1212,0.0,0.0,0.0
2023-08-07 14:30:00-04:00,29.520000457763672,29.520000457763672,29.510000228881836,29.510000228881836,395,0.0,0.0,0.0
2023-08-07 15:30:00-04:00,29.5,29.5,29.5,29.5,200,0.0,0.0,0.0
2023-08-08 09:30:00-04:00,29.31999969482422,29.31999969482422,29.019100189208984,29.033300399780273,1362,0.0,0.0,0.0
2023-08-08 11:30:00-04:00,28.960100173950195,28.960100173950195,28.960100173950195,28.960100173950195,433,0.0,0.0,0.0
2023-08-08 12:30:00-04:00,29.014999389648438,29.027999877929688,28.96500015258789,29.014999389648438,1829,0.0,0.0,0.0
2023-08-08 13:30:00-04:00,29.13050079345703,29.13050079345703,29.048099517822266,29.048099517822266,471,0.0,0.0,0.0
2023-08-09 09:30:00-04:00,29.100000381469727,29.100000381469727,29.100000381469727,29.100000381469727,0,0.0,0.0,0.0
2023-08-09 10:30:00-04:00,29.0,29.0,29.0,29.0,117,0.0,0.0,0.0
2023-08-09 11:30:00-04:00,28.889999389648438,28.969999313354492,28.790000915527344,28.790000915527344,0,0.0,0.0,0.0
2023-08-09 12:30:00-04:00,29.0,29.049400329589844,28.980600357055664,28.980600357055664,2382,0.0,0.0,0.0
2023-08-09 14:30:00-04:00,29.139999389648438,29.139999389648438,29.110000610351562,29.110000610351562,2287,0.0,0.0,0.0
2023-08-09 15:30:00-04:00,29.00790023803711,29.107799530029297,29.00790023803711,29.107799530029297,150,0.0,0.0,0.0
2023-08-10 09:30:00-04:00,29.474700927734375,29.474700927734375,29.474700927734375,29.474700927734375,0,0.0,0.0,0.0
2023-08-10 10:30:00-04:00,29.450000762939453,29.450000762939453,29.450000762939453,29.450000762939453,374,0.0,0.0,0.0
2023-08-10 11:30:00-04:00,29.350000381469727,29.350000381469727,29.350000381469727,29.350000381469727,483,0.0,0.0,0.0
2023-08-10 13:30:00-04:00,29.290199279785156,29.290199279785156,29.28499984741211,29.28499984741211,863,0.0,0.0,0.0
2023-08-10 14:30:00-04:00,29.3125,29.3125,29.3125,29.3125,0,0.0,0.0,0.0
2023-08-11 09:30:00-04:00,29.1200008392334,29.360000610351562,29.1200008392334,29.360000610351562,2472,0.0,0.0,0.0
2023-08-11 10:30:00-04:00,29.3700008392334,29.415000915527344,29.3700008392334,29.399999618530273,3035,0.0,0.0,0.0
2023-08-11 11:30:00-04:00,29.350000381469727,29.3700008392334,29.350000381469727,29.36199951171875,0,0.0,0.0,0.0
2023-08-11 12:30:00-04:00,29.280099868774414,29.280099868774414,29.280099868774414,29.280099868774414,7079,0.0,0.0,0.0
2023-08-11 13:30:00-04:00,29.395000457763672,29.395000457763672,29.395000457763672,29.395000457763672,110,0.0,0.0,0.0
2023-08-11 14:30:00-04:00,29.398000717163086,29.398000717163086,29.380199432373047,29.380199432373047,682,0.0,0.0,0.0
2023-08-14 09:30:00-04:00,29.18000030517578,29.18000030517578,29.18000030517578,29.18000030517578,615,0.0,0.0,0.0
2023-08-14 10:30:00-04:00,29.295000076293945,29.295000076293945,29.295000076293945,29.295000076293945,1098,0.0,0.0,0.0
2023-08-14 12:30:00-04:00,29.3700008392334,29.3700008392334,29.3700008392334,29.3700008392334,207,0.0,0.0,0.0
2023-08-14 14:30:00-04:00,29.34280014038086,29.34280014038086,29.34280014038086,29.34280014038086,0,0.0,0.0,0.0
2023-08-15 09:30:00-04:00,29.229999542236328,29.229999542236328,29.229999542236328,29.229999542236328,166,0.0,0.0,0.0
2023-08-15 13:30:00-04:00,29.094999313354492,29.094999313354492,29.094999313354492,29.094999313354492,231,0.0,0.0,0.0
2023-08-15 15:30:00-04:00,29.044300079345703,29.044300079345703,29.044300079345703,29.044300079345703,0,0.0,0.0,0.0
2023-08-16 09:30:00-04:00,28.920000076293945,28.99530029296875,28.920000076293945,28.99530029296875,490,0.0,0.0,0.0
2023-08-16 10:30:00-04:00,28.94230079650879,28.94230079650879,28.94230079650879,28.94230079650879,123,0.0,0.0,0.0
2023-08-16 12:30:00-04:00,28.800100326538086,28.80030059814453,28.799999237060547,28.800199508666992,2501,0.0,0.0,0.0
2023-08-16 13:30:00-04:00,28.827999114990234,28.90999984741211,28.827999114990234,28.86949920654297,3205,0.0,0.0,0.0
2023-08-16 14:30:00-04:00,28.889999389648438,28.889999389648438,28.754499435424805,28.754499435424805,3005,0.0,0.0,0.0
2023-08-16 15:30:00-04:00,28.725500106811523,28.725500106811523,28.725500106811523,28.725500106811523,0,0.0,0.0,0.0
2023-08-17 09:30:00-04:00,28.5851993560791,28.5851993560791,28.5851993560791,28.5851993560791,133,0.0,0.0,0.0
2023-08-17 10:30:00-04:00,28.5,28.5,28.5,28.5,0,0.0,0.0,0.0
2023-08-17 11:30:00-04:00,28.438199996948242,28.5,28.438199996948242,28.5,934,0.0,0.0,0.0
2023-08-17 12:30:00-04:00,28.524999618530273,28.559999465942383,28.4950008392334,28.52869987487793,3304,0.0,0.0,0.0
2023-08-17 13:30:00-04:00,28.469900131225586,28.469900131225586,28.460399627685547,28.460399627685547,200,0.0,0.0,0.0
2023-08-17 15:30:00-04:00,28.30780029296875,28.350000381469727,28.30780029296875,28.30780029296875,234,0.0,0.0,0.0
2023-08-18 09:30:00-04:00,27.960100173950195,28.38159942626953,27.960100173950195,28.31999969482422,0,0.0,0.0,0.0
2023-08-18 10:30:00-04:00,28.31999969482422,28.31999969482422,28.31999969482422,28.31999969482422,0,0.0,0.0,0.0
2023-08-18 11:30:00-04:00,28.31999969482422,28.440000534057617,28.31999969482422,28.440000534057617,17105,0.0,0.0,0.0
2023-08-18 12:30:00-04:00,28.377500534057617,28.377500534057617,28.377500534057617,28.377500534057617,385,0.0,0.0,0.0
2023-08-18 13:30:00-04:00,28.420400619506836,28.420400619506836,28.420400619506836,28.420400619506836,165,0.0,0.0,0.0
2023-08-18 15:30:00-04:00,28.443599700927734,28.443599700927734,28.37809944152832,28.37809944152832,347,0.0,0.0,0.0
2023-08-21 09:30:00-04:00,28.2893009185791,28.2893009185791,28.2893009185791,28.2893009185791,0,0.0,0.0,0.0
2023-08-21 10:30:00-04:00,28.403400421142578,28.403400421142578,28.403400421142578,28.403400421142578,459,0.0,0.0,0.0
2023-08-21 12:30:00-04:00,28.360000610351562,28.360000610351562,28.360000610351562,28.360000610351562,962,0.0,0.0,0.0
2023-08-21 13:30:00-04:00,28.380199432373047,28.500900268554688,28.380199432373047,28.500900268554688,0,0.0,0.0,0.0
2023-08-22 09:30:00-04:00,28.49340057373047,28.49340057373047,28.49340057373047,28.49340057373047,210,0.0,0.0,0.0
2023-08-22 10:30:00-04:00,28.400999069213867,28.489999771118164,28.400999069213867,28.489999771118164,210,0.0,0.0,0.0
2023-08-22 11:30:00-04:00,28.450000762939453,28.450000762939453,28.450000762939453,28.450000762939453,509,0.0,0.0,0.0
2023-08-22 13:30:00-04:00,28.379899978637695,28.391199111938477,28.379899978637695,28.391199111938477,0,0.0,0.0,0.0
2023-08-23 09:30:00-04:00,28.389999389648438,28.49850082397461,28.389999389648438,28.49850082397461,516,0.0,0.0,0.0
2023-08-23 10:30:00-04:00,28.6299991607666,28.6299991607666,28.6299991607666,28.6299991607666,0,0.0,0.0,0.0
2023-08-23 12:30:00-04:00,28.6299991607666,28.679899215698242,28.6299991607666,28.679899215698242,1243,0.0,0.0,0.0
2023-08-23 14:30:00-04:00,28.707300186157227,28.729900360107422,28.678600311279297,28.678600311279297,0,0.0,0.0,0.0
2023-08-24 09:30:00-04:00,28.510099411010742,28.510099411010742,28.510099411010742,28.510099411010742,320,0.0,0.0,0.0
2023-08-24 12:30:00-04:00,28.40410041809082,28.40410041809082,28.396499633789062,28.396499633789062,934,0.0,0.0,0.0
2023-08-24 14:30:00-04:00,28.334999084472656,28.334999084472656,28.329999923706055,28.329999923706055,800,0.0,0.0,0.0
2023-08-24 15:30:00-04:00,28.3031005859375,28.3031005859375,28.3031005859375,28.3031005859375,0,0.0,0.0,0.0
2023-08-25 09:30:00-04:00,28.31999969482422,28.31999969482422,28.31999969482422,28.31999969482422,203,0.0,0.0,0.0
2023-08-25 10:30:00-04:00,28.25,28.25,28.140100479125977,28.177000045776367,1101,0.0,0.0,0.0
2023-08-25 11:30:00-04:00,28.321300506591797,28.334999084472656,28.29010009765625,28.334999084472656,1849,0.0,0.0,0.0
2023-08-25 13:30:00-04:00,28.40999984741211,28.450000762939453,28.40999984741211,28.450000762939453,505,0.0,0.0,0.0
2023-08-25 14:30:00-04:00,28.545000076293945,28.61989974975586,28.498199462890625,28.498199462890625,850,0.0,0.0,0.0
2023-08-28 09:30:00-04:00,28.69580078125,28.69580078125,28.69580078125,28.69580078125,0,0.0,0.0,0.0
2023-08-28 10:30:00-04:00,28.753999710083008,28.753999710083008,28.66010093688965,28.66010093688965,653,0.0,0.0,0.0
2023-08-28 12:30:00-04:00,28.68000030517578,28.68000030517578,28.68000030517578,28.68000030517578,107,0.0,0.0,0.0
2023-08-28 13:30:00-04:00,28.520099639892578,28.565000534057617,28.520099639892578,28.565000534057617,481,0.0,0.0,0.0
2023-08-28 14:30:00-04:00,28.562000274658203,28.61989974975586,28.51930046081543,28.51930046081543,0,0.0,0.0,0.0
2023-08-29 09:30:00-04:00,28.56999969482422,28.69499969482422,28.56999969482422,28.69499969482422,532,0.0,0.0,0.0
2023-08-29 12:30:00-04:00,29.010000228881836,29.040000915527344,28.99720001220703,29.040000915527344,0,0.0,0.0,0.0
2023-08-29 13:30:00-04:00,29.040000915527344,29.040000915527344,29.020000457763672,29.020000457763672,2922,0.0,0.0,0.0
2023-08-29 14:30:00-04:00,29.062700271606445,29.062700271606445,28.993999481201172,28.993999481201172,2810,0.0,0.0,0.0
2023-08-29 15:30:00-04:00,28.99209976196289,28.99209976196289,28.99209976196289,28.99209976196289,0,0.0,0.0,0.0
2023-08-30 09:30:00-04:00,29.049999237060547,29.20639991760254,28.940099716186523,29.165000915527344,2241,0.0,0.0,0.0
2023-08-30 10:30:00-04:00,29.14240074157715,29.239900588989258,29.100000381469727,29.228700637817383,2173,0.0,0.0,0.0
2023-08-30 11:30:00-04:00,29.225000381469727,29.231700897216797,29.225000381469727,29.231399536132812,1189,0.0,0.0,0.0
2023-08-30 15:30:00-04:00,29.190000534057617,29.200000762939453,29.190000534057617,29.200000762939453,1476,0.0,0.0,0.0
2023-08-31 09:30:00-04:00,29.190000534057617,29.344999313354492,29.190000534057617,29.344999313354492,0,0.0,0.0,0.0
2023-08-31 10:30:00-04:00,29.350000381469727,29.350000381469727,29.350000381469727,29.350000381469727,309,0.0,0.0,0.0
2023-08-31 11:30:00-04:00,29.354999542236328,29.354999542236328,29.354999542236328,29.354999542236328,170,0.0,0.0,0.0
2023-08-31 12:30:00-04:00,29.18000030517578,29.231000900268555,29.18000030517578,29.231000900268555,1290,0.0,0.0,0.0
2023-08-31 13:30:00-04:00,29.290000915527344,29.29990005493164,29.260000228881836,29.299699783325195,1340,0.0,0.0,0.0
2023-08-31 15:30:00-04:00,29.170000076293945,29.170000076293945,29.170000076293945,29.170000076293945,552,0.0,0.0,0.0
2023-09-01 09:30:00-04:00,29.540000915527344,29.540000915527344,29.299999237060547,29.360000610351562,4472,0.0,0.0,0.0
2023-09-01 11:30:00-04:00,29.40999984741211,29.40999984741211,29.364200592041016,29.364200592041016,247,0.0,0.0,0.0
2023-09-01 12:30:00-04:00,29.43000030517578,29.43000030517578,29.3700008392334,29.3700008392334,1005,0.0,0.0,0.0
2023-09-01 14:30:00-04:00,29.3700008392334,29.370899200439453,29.3435001373291,29.370899200439453,1661,0.0,0.0,0.0
2023-09-05 09:30:00-04:00,29.1200008392334,29.1200008392334,29.1200008392334,29.1200008392334,0,0.0,0.0,0.0
2023-09-05 10:30:00-04:00,28.860000610351562,28.870100021362305,28.860000610351562,28.870100021362305,451,0.0,0.0,0.0
2023-09-05 11:30:00-04:00,28.959999084472656,28.959999084472656,28.959999084472656,28.959999084472656,341,0.0,0.0,0.0
2023-09-05 13:30:00-04:00,28.941299438476562,28.941299438476562,28.87529945373535,28.87529945373535,505,0.0,0.0,0.0
2023-09-05 15:30:00-04:00,28.815000534057617,28.815000534057617,28.785200119018555,28.785200119018555,0,0.0,0.0,0.0
2023-09-06 09:30:00-04:00,28.899999618530273,28.90999984741211,28.829999923706055,28.829999923706055,902,0.0,0.0,0.0
2023-09-06 10:30:00-04:00,28.86750030517578,28.86750030517578,28.86750030517578,28.86750030517578,200,0.0,0.0,0.0
2023-09-06 11:30:00-04:00,28.75,28.769500732421875,28.75,28.769500732421875,270,0.0,0.0,0.0
2023-09-06 12:30:00-04:00,28.684499740600586,28.709999084472656,28.684499740600586,28.709999084472656,286,0.0,0.0,0.0
2023-09-06 13:30:00-04:00,28.75,28.774999618530273,28.75,28.774999618530273,1886,0.0,0.0,0.0
2023-09-06 15:30:00-04:00,28.770000457763672,28.810100555419922,28.770000457763672,28.810100555419922,0,0.0,0.0,0.0
2023-09-07 09:30:00-04:00,28.6299991607666,28.6299991607666,28.6299991607666,28.6299991607666,1663,0.0,0.0,0.0
2023-09-07 14:30:00-04:00,28.75,28.829999923706055,28.75,28.82029914855957,0,0.0,0.0,0.0
2023-09-08 09:30:00-04:00,28.909400939941406,28.909400939941406,28.909400939941406,28.909400939941406,1434,0.0,0.0,0.0
2023-09-08 12:30:00-04:00,28.81999969482422,28.84000015258789,28.809999465942383,28.809999465942383,8509,0.0,0.0,0.0
2023-09-08 13:30:00-04:00,28.799999237060547,28.799999237060547,28.739999771118164,28.739999771118164,465,0.0,0.0,0.0
2023-09-08 14:30:00-04:00,28.719999313354492,28.75,28.678499221801758,28.678499221801758,1522,0.0,0.0,0.0
2023-09-11 09:30:00-04:00,28.809999465942383,28.92569923400879,28.790000915527344,28.92569923400879,0,0.0,0.0,0.0
2023-09-11 10:30:00-04:00,28.8700008392334,28.8700008392334,28.8700008392334,28.8700008392334,402,0.0,0.0,0.0
2023-09-11 11:30:00-04:00,28.825000762939453,28.825000762939453,28.825000762939453,28.825000762939453,166,0.0,0.0,0.0
2023-09-11 12:30:00-04:00,28.899999618530273,28.899999618530273,28.899999618530273,28.899999618530273,277,0.0,0.0,0.0
2023-09-11 15:30:00-04:00,28.850000381469727,28.850000381469727,28.84000015258789,28.84000015258789,0,0.0,0.0,0.0
2023-09-12 09:30:00-04:00,28.87619972229004,28.87619972229004,28.87619972229004,28.87619972229004,418,0.0,0.0,0.0
2023-09-12 11:30:00-04:00,28.799999237060547,28.844999313354492,28.799999237060547,28.844999313354492,545,0.0,0.0,0.0
2023-09-12 15:30:00-04:00,28.760000228881836,28.779800415039062,28.760000228881836,28.779800415039062,175,0.0,0.0,0.0
2023-09-13 09:30:00-04:00,28.709999084472656,28.736299514770508,28.709999084472656,28.736299514770508,0,0.0,0.0,0.0
2023-09-13 11:30:00-04:00,28.61440086364746,28.61440086364746,28.61440086364746,28.61440086364746,240,0.0,0.0,0.0
2023-09-13 12:30:00-04:00,28.63920021057129,28.63920021057129,28.63920021057129,28.63920021057129,201,0.0,0.0,0.0
2023-09-13 13:30:00-04:00,28.600099563598633,28.600099563598633,28.600099563598633,28.600099563598633,188,0.0,0.0,0.0
2023-09-13 14:30:00-04:00,28.520000457763672,28.520000457763672,28.492700576782227,28.492700576782227,0,0.0,0.0,0.0
2023-09-14 09:30:00-04:00,28.739999771118164,28.739999771118164,28.739999771118164,28.739999771118164,599,0.0,0.0,0.0
2023-09-14 10:30:00-04:00,28.59000015258789,28.59000015258789,28.55500030517578,28.55500030517578,2257,0.0,0.0,0.0
2023-09-14 12:30:00-04:00,28.59000015258789,28.59000015258789,28.59000015258789,28.59000015258789,2037,0.0,0.0,0.0
2023-09-14 13:30:00-04:00,28.609699249267578,28.609699249267578,28.609699249267578,28.609699249267578,338,0.0,0.0,0.0
2023-09-14 15:30:00-04:00,28.600000381469727,28.600000381469727,28.57830047607422,28.57830047607422,810,0.0,0.0,0.0
2023-09-15 09:30:00-04:00,28.290000915527344,28.309999465942383,28.290000915527344,28.309999465942383,0,0.0,0.0,0.0
2023-09-15 12:30:00-04:00,28.23710060119629,28.23710060119629,28.23710060119629,28.23710060119629,233,0.0,0.0,0.0
2023-09-15 13:30:00-04:00,28.25,28.313199996948242,28.25,28.313199996948242,264,0.0,0.0,0.0
2023-09-18 09:30:00-04:00,28.219999313354492,28.219999313354492,28.190000534057617,28.190000534057617,977,0.0,0.0,0.0
2023-09-18 10:30:00-04:00,28.270000457763672,28.270000457763672,28.235000610351562,28.235000610351562,1699,0.0,0.0,0.0
2023-09-18 11:30:00-04:00,28.253999710083008,28.253999710083008,28.253999710083008,28.253999710083008,489,0.0,0.0,0.0
2023-09-18 13:30:00-04:00,28.257600784301758,28.257600784301758,28.213600158691406,28.213600158691406,0,0.0,0.0,0.0
2023-09-19 10:30:00-04:00,28.109899520874023,28.109899520874023,28.109899520874023,28.109899520874023,106,0.0,0.0,0.0
2023-09-19 11:30:00-04:00,28.090599060058594,28.090599060058594,28.090599060058594,28.090599060058594,150,0.0,0.0,0.0
2023-09-19 12:30:00-04:00,28.104400634765625,28.104400634765625,28.094900131225586,28.094900131225586,409,0.0,0.0,0.0
2023-09-19 13:30:00-04:00,28.140100479125977,28.140100479125977,28.140100479125977,28.140100479125977,262,0.0,0.0,0.0
2023-09-19 14:30:00-04:00,28.280000686645508,28.280000686645508,28.234899520874023,28.234899520874023,0,0.0,0.0,0.0
2023-09-20 11:30:00-04:00,28.530000686645508,28.610000610351562,28.5,28.520000457763672,14170,0.0,0.0,0.0
2023-09-20 12:30:00-04:00,28.530000686645508,28.559999465942383,28.510000228881836,28.530000686645508,30404,0.0,0.0,0.0
2023-09-20 13:30:00-04:00,28.530000686645508,28.540000915527344,28.450000762939453,28.510000228881836,4808,0.0,0.0,0.0
2023-09-20 14:30:00-04:00,28.5,28.549999237060547,28.354999542236328,28.389999389648438,5225,0.0,0.0,0.0
2023-09-20 15:30:00-04:00,28.3799991607666,28.3799991607666,28.25,28.25,0,0.0,0.0,0.0
2023-09-21 09:30:00-04:00,27.895000457763672,27.90999984741211,27.895000457763672,27.90999984741211,351,0.0,0.0,0.0
2023-09-21 10:30:00-04:00,27.92639923095703,27.92639923095703,27.82990074157715,27.82990074157715,966,0.0,0.0,0.0
2023-09-21 12:30:00-04:00,27.781299591064453,27.781299591064453,27.76959991455078,27.76959991455078,0,0.0,0.0,0.0
2023-09-22 09:30:00-04:00,27.846200942993164,27.846200942993164,27.846200942993164,27.846200942993164,368,0.0,0.0,0.0
2023-09-22 11:30:00-04:00,27.799999237060547,27.799999237060547,27.780000686645508,27.799999237060547,6906,0.0,0.0,0.0
2023-09-22 12:30:00-04:00,27.845300674438477,27.845300674438477,27.845300674438477,27.845300674438477,193,0.0,0.0,0.0
2023-09-22 14:30:00-04:00,27.719999313354492,27.719999313354492,27.7189998626709,27.7189998626709,233,0.0,0.0,0.0
2023-09-25 09:30:00-04:00,27.700000762939453,27.700000762939453,27.700000762939453,27.700000762939453,0,0.0,0.0,0.0
2023-09-25 10:30:00-04:00,27.665300369262695,27.665300369262695,27.65999984741211,27.65999984741211,706,0.0,0.0,0.0
2023-09-25 11:30:00-04:00,27.813199996948242,27.833599090576172,27.793899536132812,27.793899536132812,1427,0.0,0.0,0.0
2023-09-25 12:30:00-04:00,27.829299926757812,27.83370018005371,27.785200119018555,27.810100555419922,1209,0.0,0.0,0.0
2023-09-25 13:30:00-04:00,27.847299575805664,27.847299575805664,27.847299575805664,27.847299575805664,270,0.0,0.0,0.0
2023-09-25 14:30:00-04:00,27.79210090637207,27.798900604248047,27.770099639892578,27.770099639892578,472,0.0,0.0,0.0
2023-09-26 10:30:00-04:00,27.674999237060547,27.674999237060547,27.674999237060547,27.674999237060547,0,0.0,0.0,0.0
2023-09-26 11:30:00-04:00,27.614999771118164,27.614999771118164,27.614999771118164,27.614999771118164,385,0.0,0.0,0.0
2023-09-26 14:30:00-04:00,27.6299991607666,27.6299991607666,27.568899154663086,27.568899154663086,145,0.0,0.0,0.0
2023-09-27 09:30:00-04:00,27.645000457763672,27.746599197387695,27.645000457763672,27.746599197387695,0,0.0,0.0,0.0
2023-09-27 11:30:00-04:00,27.743900299072266,27.743900299072266,27.743900299072266,27.743900299072266,500,0.0,0.0,0.0
2023-09-27 12:30:00-04:00,27.684999465942383,27.684999465942383,27.614999771118164,27.614999771118164,558,0.0,0.0,0.0
2023-09-27 13:30:00-04:00,27.60849952697754,27.60849952697754,27.60849952697754,27.60849952697754,164,0.0,0.0,0.0
2023-09-27 14:30:00-04:00,27.719999313354492,27.885000228881836,27.719999313354492,27.885000228881836,631,0.0,0.0,0.0
2023-09-28 09:30:00-04:00,27.760000228881836,27.920000076293945,27.760000228881836,27.853099822998047,0,0.0,0.0,0.0
2023-09-28 10:30:00-04:00,27.8351993560791,27.8351993560791,27.8351993560791,27.8351993560791,318,0.0,0.0,0.0
2023-09-28 11:30:00-04:00,27.975000381469727,28.09239959716797,27.975000381469727,28.09239959716797,8210,0.0,0.0,0.0
2023-09-28 12:30:00-04:00,28.131999969482422,28.131999969482422,28.049999237060547,28.049999237060547,78571,0.0,0.0,0.0
2023-09-28 14:30:00-04:00,27.95170021057129,27.95170021057129,27.95170021057129,27.95170021057129,146,0.0,0.0,0.0
2023-09-28 15:30:00-04:00,27.950000762939453,27.950000762939453,27.909500122070312,27.909500122070312,0,0.0,0.0,0.0
2023-09-29 12:30:00-04:00,27.939899444580078,27.939899444580078,27.939899444580078,27.939899444580078,2078,0.0,0.0,0.0
2023-09-29 14:30:00-04:00,27.844999313354492,27.873899459838867,27.844999313354492,27.873899459838867,275,0.0,0.0,0.0
2023-10-02 09:30:00-04:00,27.719999313354492,27.719999313354492,27.719999313354492,27.719999313354492,0,0.0,0.0,0.0
2023-10-02 10:30:00-04:00,27.61989974975586,27.61989974975586,27.619699478149414,27.619699478149414,1334,0.0,0.0,0.0
2023-10-02 14:30:00-04:00,27.459999084472656,27.53860092163086,27.440000534057617,27.440000534057617,3718,0.0,0.0,0.0
2023-10-03 09:30:00-04:00,27.399999618530273,27.399999618530273,27.290000915527344,27.290000915527344,0,0.0,0.0,0.0
2023-10-03 10:30:00-04:00,27.204999923706055,27.204999923706055,27.204999923706055,27.204999923706055,355,0.0,0.0,0.0
2023-10-03 11:30:00-04:00,27.229999542236328,27.229999542236328,27.229999542236328,27.229999542236328,285,0.0,0.0,0.0
2023-10-03 13:30:00-04:00,27.079999923706055,27.104999542236328,27.079999923706055,27.104999542236328,1761,0.0,0.0,0.0
2023-10-03 14:30:00-04:00,27.149999618530273,27.158000946044922,27.149999618530273,27.158000946044922,0,0.0,0.0,0.0
2023-10-04 09:30:00-04:00,27.229999542236328,27.23940086364746,27.094999313354492,27.094999313354492,4481,0.0,0.0,0.0
2023-10-04 11:30:00-04:00,27.100000381469727,27.100000381469727,27.100000381469727,27.100000381469727,482,0.0,0.0,0.0
2023-10-04 15:30:00-04:00,27.25,27.2716007232666,27.25,27.2716007232666,1800,0.0,0.0,0.0
2023-10-05 09:30:00-04:00,27.21500015258789,27.270000457763672,27.21500015258789,27.270000457763672,0,0.0,0.0,0.0
2023-10-05 11:30:00-04:00,27.06730079650879,27.06730079650879,27.06730079650879,27.06730079650879,208,0.0,0.0,0.0
2023-10-05 12:30:00-04:00,27.0408992767334,27.0408992767334,27.0408992767334,27.0408992767334,779,0.0,0.0,0.0
2023-10-05 13:30:00-04:00,27.176000595092773,27.190000534057617,27.176000595092773,27.18000030517578,5435,0.0,0.0,0.0
2023-10-05 14:30:00-04:00,27.17020034790039,27.225000381469727,27.17020034790039,27.212299346923828,450,0.0,0.0,0.0
2023-10-06 09:30:00-04:00,27.079999923706055,27.1200008392334,27.079999923706055,27.1200008392334,0,0.0,0.0,0.0
2023-10-06 10:30:00-04:00,27.11009979248047,27.23889923095703,27.110000610351562,27.23889923095703,3261,0.0,0.0,0.0
2023-10-06 11:30:00-04:00,27.524700164794922,27.524700164794922,27.524700164794922,27.524700164794922,257,0.0,0.0,0.0
2023-10-06 13:30:00-04:00,27.50279998779297,27.50279998779297,27.50279998779297,27.50279998779297,1026,0.0,0.0,0.0
2023-10-06 15:30:00-04:00,27.59000015258789,27.59000015258789,27.479000091552734,27.479000091552734,200,0.0,0.0,0.0
2023-10-09 09:30:00-04:00,27.200000762939453,27.200000762939453,27.200000762939453,27.200000762939453,0,0.0,0.0,0.0
2023-10-09 10:30:00-04:00,27.454200744628906,27.454200744628906,27.454200744628906,27.454200744628906,1004,0.0,0.0,0.0
2023-10-09 11:30:00-04:00,27.5,27.5,27.490100860595703,27.490100860595703,675,0.0,0.0,0.0
2023-10-09 13:30:00-04:00,27.729900360107422,27.729999542236328,27.729799270629883,27.729900360107422,2100,0.0,0.0,0.0
2023-10-09 14:30:00-04:00,27.670000076293945,27.68199920654297,27.670000076293945,27.68199920654297,0,0.0,0.0,0.0
2023-10-10 09:30:00-04:00,28.0,28.079999923706055,28.0,28.079999923706055,912,0.0,0.0,0.0
2023-10-10 13:30:00-04:00,28.1299991607666,28.189899444580078,28.1299991607666,28.189899444580078,1349,0.0,0.0,0.0
2023-10-10 14:30:00-04:00,28.04800033569336,28.04800033569336,28.01689910888672,28.01689910888672,0,0.0,0.0,0.0
2023-10-11 09:30:00-04:00,28.04010009765625,28.04010009765625,28.04010009765625,28.04010009765625,441,0.0,0.0,0.0
2023-10-11 14:30:00-04:00,27.714799880981445,27.764999389648438,27.680099487304688,27.764999389648438,0,0.0,0.0,0.0
2023-10-12 12:30:00-04:00,27.388200759887695,27.388200759887695,27.04960060119629,27.04960060119629,262,0.0,0.0,0.0
2023-10-13 09:30:00-04:00,27.190000534057617,27.190000534057617,26.959999084472656,26.959999084472656,1767,0.0,0.0,0.0
2023-10-13 10:30:00-04:00,27.028200149536133,27.028200149536133,27.028200149536133,27.028200149536133,234,0.0,0.0,0.0
2023-10-13 11:30:00-04:00,26.899999618530273,26.899999618530273,26.899999618530273,26.899999618530273,128,0.0,0.0,0.0
2023-10-13 12:30:00-04:00,26.954500198364258,26.954500198364258,26.954500198364258,26.954500198364258,372,0.0,0.0,0.0
2023-10-13 13:30:00-04:00,26.850000381469727,26.920000076293945,26.850000381469727,26.875200271606445,985,0.0,0.0,0.0
2023-10-13 14:30:00-04:00,26.91309928894043,26.91309928894043,26.884599685668945,26.884599685668945,1494,0.0,0.0,0.0
2023-10-13 15:30:00-04:00,26.850400924682617,26.891399383544922,26.850400924682617,26.891399383544922,692,0.0,0.0,0.0
2023-10-16 09:30:00-04:00,27.06999969482422,27.194599151611328,26.959999084472656,27.194599151611328,998,0.0,0.0,0.0
2023-10-16 10:30:00-04:00,27.34000015258789,27.34000015258789,27.310100555419922,27.310100555419922,455,0.0,0.0,0.0
2023-10-16 11:30:00-04:00,27.386999130249023,27.389999389648438,27.386999130249023,27.389999389648438,503,0.0,0.0,0.0
2023-10-16 12:30:00-04:00,27.450000762939453,27.450000762939453,27.40999984741211,27.44339942932129,2031,0.0,0.0,0.0
2023-10-16 13:30:00-04:00,27.440000534057617,27.440000534057617,27.440000534057617,27.440000534057617,764,0.0,0.0,0.0
2023-10-16 14:30:00-04:00,27.44610023498535,27.449899673461914,27.414600372314453,27.414600372314453,0,0.0,0.0,0.0
2023-10-17 09:30:00-04:00,27.309999465942383,27.650100708007812,27.309999465942383,27.650100708007812,2348,0.0,0.0,0.0
2023-10-17 11:30:00-04:00,27.924999237060547,27.968299865722656,27.7637996673584,27.7637996673584,3346,0.0,0.0,0.0
2023-10-18 09:30:00-04:00,27.5,27.5,27.350000381469727,27.43000030517578,0,0.0,0.0,0.0
2023-10-18 10:30:00-04:00,27.265199661254883,27.265199661254883,27.265199661254883,27.265199661254883,578,0.0,0.0,0.0
2023-10-18 12:30:00-04:00,27.28700065612793,27.28700065612793,27.058300018310547,27.058300018310547,0,0.0,0.0,0.0
2023-10-19 09:30:00-04:00,27.100000381469727,27.100000381469727,26.989999771118164,27.07029914855957,8707,0.0,0.0,0.0
2023-10-19 12:30:00-04:00,27.183700561523438,27.183700561523438,27.183700561523438,27.183700561523438,0,0.0,0.0,0.0
2023-10-19 13:30:00-04:00,27.134000778198242,27.134000778198242,27.134000778198242,27.134000778198242,9111,0.0,0.0,0.0
2023-10-19 14:30:00-04:00,26.889999389648438,26.889999389648438,26.790000915527344,26.809999465942383,2598,0.0,0.0,0.0
2023-10-19 15:30:00-04:00,26.750099182128906,26.763399124145508,26.680099487304688,26.763399124145508,0,0.0,0.0,0.0
2023-10-20 09:30:00-04:00,26.760000228881836,26.770000457763672,26.6200008392334,26.6200008392334,14166,0.0,0.0,0.0
2023-10-20 10:30:00-04:00,26.46940040588379,26.46940040588379,26.450000762939453,26.450000762939453,1151,0.0,0.0,0.0
2023-10-20 11:30:00-04:00,26.459999084472656,26.480100631713867,26.459999084472656,26.480100631713867,1743,0.0,0.0,0.0
2023-10-20 13:30:00-04:00,26.6299991607666,26.6299991607666,26.393600463867188,26.393600463867188,153,0.0,0.0,0.0
2023-10-23 09:30:00-04:00,26.190000534057617,26.389999389648438,26.18000030517578,26.389999389648438,0,0.0,0.0,0.0
2023-10-23 10:30:00-04:00,26.399900436401367,26.399900436401367,26.379899978637695,26.379899978637695,573,0.0,0.0,0.0
2023-10-23 11:30:00-04:00,26.440000534057617,26.440000534057617,26.42259979248047,26.42259979248047,3236,0.0,0.0,0.0
2023-10-23 14:30:00-04:00,26.38990020751953,26.389999389648438,26.350000381469727,26.350299835205078,3833,0.0,0.0,0.0
2023-10-23 15:30:00-04:00,26.243499755859375,26.2549991607666,26.190000534057617,26.190000534057617,0,0.0,0.0,0.0
2023-10-24 09:30:00-04:00,26.399999618530273,26.540000915527344,26.399999618530273,26.540000915527344,1275,0.0,0.0,0.0
2023-10-24 10:30:00-04:00,26.520000457763672,26.543699264526367,26.520000457763672,26.520099639892578,600,0.0,0.0,0.0
2023-10-24 11:30:00-04:00,26.432600021362305,26.489900588989258,26.432600021362305,26.445199966430664,1953,0.0,0.0,0.0
2023-10-25 09:30:00-04:00,26.170000076293945,26.31999969482422,26.170000076293945,26.31999969482422,0,0.0,0.0,0.0
2023-10-25 13:30:00-04:00,26.0,26.0,25.959999084472656,25.989999771118164,840,0.0,0.0,0.0
2023-10-25 15:30:00-04:00,26.0,26.024999618530273,25.973600387573242,25.973600387573242,1930,0.0,0.0,0.0
2023-10-26 09:30:00-04:00,26.030000686645508,26.149999618530273,26.030000686645508,26.149999618530273,6384,0.0,0.0,0.0
2023-10-26 14:30:00-04:00,26.010099411010742,26.010099411010742,25.937599182128906,25.937599182128906,0,0.0,0.0,0.0
2023-10-27 09:30:00-04:00,25.670000076293945,25.670000076293945,25.670000076293945,25.670000076293945,299,0.0,0.0,0.0
2023-10-27 10:30:00-04:00,25.690000534057617,25.780000686645508,25.690000534057617,25.780000686645508,1626,0.0,0.0,0.0
2023-10-27 11:30:00-04:00,25.77560043334961,25.77560043334961,25.655000686645508,25.655000686645508,725,0.0,0.0,0.0
2023-10-27 13:30:00-04:00,25.600000381469727,25.600000381469727,25.600000381469727,25.600000381469727,2657,0.0,0.0,0.0
2023-10-27 14:30:00-04:00,25.56999969482422,25.56999969482422,25.56999969482422,25.56999969482422,224,0.0,0.0,0.0
2023-10-27 15:30:00-04:00,25.56999969482422,25.579999923706055,25.541400909423828,25.541400909423828,1704,0.0,0.0,0.0
2023-10-30 09:30:00-04:00,25.690000534057617,25.73200035095215,25.674999237060547,25.674999237060547,0,0.0,0.0,0.0
2023-10-30 14:30:00-04:00,25.709999084472656,25.768400192260742,25.688100814819336,25.688100814819336,0,0.0,0.0,0.0
2023-10-31 09:30:00-04:00,25.850000381469727,25.850000381469727,25.850000381469727,25.850000381469727,500,0.0,0.0,0.0
2023-10-31 10:30:00-04:00,25.95330047607422,25.95330047607422,25.95330047607422,25.95330047607422,232,0.0,0.0,0.0
2023-10-31 13:30:00-04:00,25.905799865722656,25.90999984741211,25.905799865722656,25.90999984741211,593,0.0,0.0,0.0
2023-10-31 14:30:00-04:00,25.970500946044922,25.970500946044922,25.936100006103516,25.936100006103516,0,0.0,0.0,0.0
2023-11-01 09:30:00-04:00,25.93000030517578,25.93000030517578,25.745399475097656,25.745399475097656,9162,0.0,0.0,0.0
2023-11-01 10:30:00-04:00,25.91990089416504,25.91990089416504,25.91990089416504,25.91990089416504,455,0.0,0.0,0.0
2023-11-01 11:30:00-04:00,25.819900512695312,25.819900512695312,25.752899169921875,25.752899169921875,1376,0.0,0.0,0.0
2023-11-01 14:30:00-04:00,25.697900772094727,25.75,25.697900772094727,25.744600296020508,679,0.0,0.0,0.0
2023-11-01 15:30:00-04:00,25.809999465942383,25.860000610351562,25.809999465942383,25.854900360107422,2907,0.0,0.0,0.0
2023-11-02 09:30:00-04:00,26.030000686645508,26.209999084472656,26.030000686645508,26.063800811767578,0,0.0,0.0,0.0
2023-11-02 10:30:00-04:00,26.219999313354492,26.23590087890625,26.219999313354492,26.23590087890625,534,0.0,0.0,0.0
2023-11-02 11:30:00-04:00,26.235000610351562,26.235000610351562,26.235000610351562,26.235000610351562,265,0.0,0.0,0.0
2023-11-02 13:30:00-04:00,26.379199981689453,26.379199981689453,26.379199981689453,26.379199981689453,247,0.0,0.0,0.0
2023-11-02 14:30:00-04:00,26.364999771118164,26.435699462890625,26.364999771118164,26.435699462890625,780,0.0,0.0,0.0
2023-11-03 09:30:00-04:00,26.75,26.83970069885254,26.600000381469727,26.760000228881836,0,0.0,0.0,0.0
2023-11-03 11:30:00-04:00,26.748199462890625,26.748199462890625,26.748199462890625,26.748199462890625,398,0.0,0.0,0.0
2023-11-03 13:30:00-04:00,26.75,26.75,26.75,26.75,100,0.0,0.0,0.0
2023-11-03 15:30:00-04:00,26.739999771118164,26.739999771118164,26.673999786376953,26.673999786376953,473,0.0,0.0,0.0
2023-11-06 09:30:00-05:00,26.81999969482422,26.81999969482422,26.81999969482422,26.81999969482422,0,0.0,0.0,0.0
2023-11-06 10:30:00-05:00,26.545000076293945,26.545000076293945,26.43000030517578,26.43000030517578,727,0.0,0.0,0.0
2023-11-06 11:30:00-05:00,26.460399627685547,26.530000686645508,26.450000762939453,26.450000762939453,1327,0.0,0.0,0.0
2023-11-06 12:30:00-05:00,26.420000076293945,26.44499969482422,26.40999984741211,26.40999984741211,1096,0.0,0.0,0.0
2023-11-06 13:30:00-05:00,26.350000381469727,26.43000030517578,26.350000381469727,26.43000030517578,2992,0.0,0.0,0.0
2023-11-06 14:30:00-05:00,26.43000030517578,26.5,26.43000030517578,26.5,984,0.0,0.0,0.0
2023-11-06 15:30:00-05:00,26.469999313354492,26.484699249267578,26.462600708007812,26.484699249267578,3390,0.0,0.0,0.0
2023-11-07 09:30:00-05:00,26.34000015258789,26.463499069213867,26.206199645996094,26.463499069213867,0,0.0,0.0,0.0
2023-11-07 11:30:00-05:00,26.485000610351562,26.485000610351562,26.485000610351562,26.485000610351562,183,0.0,0.0,0.0
2023-11-07 12:30:00-05:00,26.395000457763672,26.43000030517578,26.395000457763672,26.43000030517578,2368,0.0,0.0,0.0
2023-11-07 13:30:00-05:00,26.460100173950195,26.46150016784668,26.460100173950195,26.46030044555664,910,0.0,0.0,0.0
2023-11-07 14:30:00-05:00,26.497499465942383,26.497499465942383,26.497499465942383,26.497499465942383,100,0.0,0.0,0.0
2023-11-07 15:30:00-05:00,26.5,26.5,26.46980094909668,26.46980094909668,460,0.0,0.0,0.0
2023-11-08 09:30:00-05:00,26.450000762939453,26.490999221801758,26.43790054321289,26.45009994506836,0,0.0,0.0,0.0
2023-11-08 10:30:00-05:00,26.270000457763672,26.270000457763672,26.270000457763672,26.270000457763672,349,0.0,0.0,0.0
2023-11-08 11:30:00-05:00,26.232500076293945,26.232500076293945,26.18000030517578,26.18000030517578,67391,0.0,0.0,0.0
2023-11-08 12:30:00-05:00,26.206100463867188,26.206100463867188,26.206100463867188,26.206100463867188,753,0.0,0.0,0.0
2023-11-08 13:30:00-05:00,26.309999465942383,26.309999465942383,26.309999465942383,26.309999465942383,286,0.0,0.0,0.0
2023-11-08 15:30:00-05:00,26.276199340820312,26.29829978942871,26.270000457763672,26.29829978942871,0,0.0,0.0,0.0
2023-11-09 09:30:00-05:00,26.190000534057617,26.190000534057617,26.190000534057617,26.190000534057617,308,0.0,0.0,0.0
2023-11-09 10:30:00-05:00,26.043800354003906,26.043800354003906,26.043800354003906,26.043800354003906,551,0.0,0.0,0.0
2023-11-09 11:30:00-05:00,26.13909912109375,26.145000457763672,26.125900268554688,26.125900268554688,1053,0.0,0.0,0.0
2023-11-09 12:30:00-05:00,26.0,26.09000015258789,26.0,26.07539939880371,1233,0.0,0.0,0.0
2023-11-09 13:30:00-05:00,26.0,26.0,25.840099334716797,25.840099334716797,9451,0.0,0.0,0.0
2023-11-09 14:30:00-05:00,25.82469940185547,25.82469940185547,25.755699157714844,25.755699157714844,0,0.0,0.0,0.0
2023-11-10 09:30:00-05:00,25.979999542236328,26.0,25.889999389648438,26.0,18831,0.0,0.0,0.0
2023-11-10 10:30:00-05:00,25.850000381469727,25.850000381469727,25.850000381469727,25.850000381469727,586,0.0,0.0,0.0
2023-11-10 11:30:00-05:00,25.859600067138672,25.859600067138672,25.859600067138672,25.859600067138672,152,0.0,0.0,0.0
2023-11-10 13:30:00-05:00,26.09000015258789,26.16990089416504,26.09000015258789,26.16990089416504,1941,0.0,0.0,0.0
2023-11-10 15:30:00-05:00,26.100000381469727,26.132099151611328,26.100000381469727,26.130599975585938,3201,0.0,0.0,0.0
2023-11-13 09:30:00-05:00,26.040000915527344,26.1299991607666,26.040000915527344,26.1299991607666,0,0.0,0.0,0.0
2023-11-13 10:30:00-05:00,26.210100173950195,26.210100173950195,26.210100173950195,26.210100173950195,101,0.0,0.0,0.0
2023-11-13 11:30:00-05:00,26.300899505615234,26.300899505615234,26.300899505615234,26.300899505615234,563,0.0,0.0,0.0
2023-11-13 12:30:00-05:00,26.309999465942383,26.309999465942383,26.309999465942383,26.309999465942383,468,0.0,0.0,0.0
2023-11-13 13:30:00-05:00,26.266799926757812,26.295900344848633,26.266799926757812,26.270000457763672,994,0.0,0.0,0.0
2023-11-13 14:30:00-05:00,26.265399932861328,26.288700103759766,26.265399932861328,26.288700103759766,981,0.0,0.0,0.0
2023-11-14 09:30:00-05:00,26.989999771118164,27.18950080871582,26.8799991607666,27.18950080871582,12190,0.0,0.0,0.0
2023-11-14 10:30:00-05:00,27.259199142456055,27.344999313354492,27.259199142456055,27.344999313354492,1295,0.0,0.0,0.0
2023-11-14 11:30:00-05:00,27.379899978637695,27.379899978637695,27.22559928894043,27.239900588989258,3537,0.0,0.0,0.0
2023-11-14 12:30:00-05:00,27.299999237060547,27.360000610351562,27.274999618530273,27.336000442504883,3855,0.0,0.0,0.0
2023-11-14 13:30:00-05:00,27.3799991607666,27.389999389648438,27.309999465942383,27.32069969177246,4849,0.0,0.0,0.0
2023-11-14 14:30:00-05:00,27.31999969482422,27.43000030517578,27.270000457763672,27.4153995513916,11233,0.0,0.0,0.0
2023-11-14 15:30:00-05:00,27.405799865722656,27.420000076293945,27.39900016784668,27.39900016784668,0,0.0,0.0,0.0
2023-11-15 09:30:00-05:00,27.610000610351562,27.850000381469727,27.43000030517578,27.81999969482422,28310,0.0,0.0,0.0
2023-11-15 10:30:00-05:00,27.856599807739258,27.939899444580078,27.84000015258789,27.850000381469727,11589,0.0,0.0,0.0
2023-11-15 11:30:00-05:00,27.850000381469727,27.850000381469727,27.637500762939453,27.731300354003906,0,0.0,0.0,0.0
2023-11-15 12:30:00-05:00,27.719999313354492,27.75,27.540000915527344,27.549999237060547,60319,0.0,0.0,0.0
2023-11-15 13:30:00-05:00,27.540000915527344,27.62529945373535,27.540000915527344,27.549999237060547,6209,0.0,0.0,0.0
2023-11-15 14:30:00-05:00,27.59000015258789,27.59000015258789,27.540000915527344,27.540000915527344,3870,0.0,0.0,0.0
2023-11-15 15:30:00-05:00,27.520000457763672,27.53219985961914,27.489999771118164,27.5,0,0.0,0.0,0.0
2023-11-16 09:30:00-05:00,27.56999969482422,27.56999969482422,27.103599548339844,27.15999984741211,28170,0.0,0.0,0.0
2023-11-16 10:30:00-05:00,27.1200008392334,27.18000030517578,27.060699462890625,27.06999969482422,7181,0.0,0.0,0.0
2023-11-16 11:30:00-05:00,27.059999465942383,27.076000213623047,27.0,27.076000213623047,2950,0.0,0.0,0.0
2023-11-16 12:30:00-05:00,27.091999053955078,27.145000457763672,27.082500457763672,27.082500457763672,13975,0.0,0.0,0.0
2023-11-16 13:30:00-05:00,27.109899520874023,27.1200008392334,27.049999237060547,27.049999237060547,3468,0.0,0.0,0.0
2023-11-16 14:30:00-05:00,27.020000457763672,27.1200008392334,27.020000457763672,27.110000610351562,3443,0.0,0.0,0.0
2023-11-16 15:30:00-05:00,27.09000015258789,27.100000381469727,27.079999923706055,27.100000381469727,4927,0.0,0.0,0.0
2023-11-17 09:30:00-05:00,27.389999389648438,27.389999389648438,27.174999237060547,27.290000915527344,0,0.0,0.0,0.0
2023-11-17 10:30:00-05:00,27.31999969482422,27.350000381469727,27.235000610351562,27.26569938659668,4446,0.0,0.0,0.0
2023-11-17 11:30:00-05:00,27.280000686645508,27.292600631713867,27.2731990814209,27.292600631713867,518,0.0,0.0,0.0
2023-11-17 12:30:00-05:00,27.271900177001953,27.309900283813477,27.270000457763672,27.2903995513916,1955,0.0,0.0,0.0
2023-11-17 13:30:00-05:00,27.305999755859375,27.305999755859375,27.290000915527344,27.294300079345703,2039,0.0,0.0,0.0
2023-11-17 14:30:00-05:00,27.290000915527344,27.290000915527344,27.27869987487793,27.27869987487793,1112,0.0,0.0,0.0
2023-11-17 15:30:00-05:00,27.270000457763672,27.299999237060547,27.25,27.299999237060547,1865,0.0,0.0,0.0
2023-11-20 09:30:00-05:00,27.479999542236328,27.510000228881836,27.25749969482422,27.450000762939453,10102,0.0,0.0,0.0
2023-11-20 10:30:00-05:00,27.390100479125977,27.489999771118164,27.390100479125977,27.459999084472656,2170,0.0,0.0,0.0
2023-11-20 11:30:00-05:00,27.479999542236328,27.479999542236328,27.424999237060547,27.469499588012695,2397,0.0,0.0,0.0
2023-11-20 12:30:00-05:00,27.45840072631836,27.489999771118164,27.45840072631836,27.469999313354492,1234,0.0,0.0,0.0
2023-11-20 13:30:00-05:00,27.46969985961914,27.485000610351562,27.45009994506836,27.45009994506836,2600,0.0,0.0,0.0
2023-11-20 14:30:00-05:00,27.44569969177246,27.468599319458008,27.44569969177246,27.450300216674805,845,0.0,0.0,0.0
2023-11-20 15:30:00-05:00,27.473100662231445,27.479999542236328,27.43000030517578,27.450000762939453,8435,0.0,0.0,0.0
2023-11-21 09:30:00-05:00,27.459999084472656,27.459999084472656,27.25,27.350000381469727,4127,0.0,0.0,0.0
2023-11-21 10:30:00-05:00,27.16010093688965,27.25,27.16010093688965,27.25,389,0.0,0.0,0.0
2023-11-21 11:30:00-05:00,27.25,27.25,27.25,27.25,508,0.0,0.0,0.0
2023-11-21 12:30:00-05:00,27.247100830078125,27.350000381469727,27.247100830078125,27.350000381469727,1507,0.0,0.0,0.0
2023-11-21 13:30:00-05:00,27.239999771118164,27.301300048828125,27.204999923706055,27.204999923706055,1847,0.0,0.0,0.0
2023-11-21 15:30:00-05:00,27.239999771118164,27.299999237060547,27.1835994720459,27.1835994720459,1937,0.0,0.0,0.0
2023-11-22 09:30:00-05:00,27.489999771118164,27.5,27.278900146484375,27.319599151611328,24470,0.0,0.0,0.0
2023-11-22 10:30:00-05:00,27.390499114990234,27.390499114990234,27.360000610351562,27.360000610351562,355,0.0,0.0,0.0
2023-11-22 11:30:00-05:00,27.450000762939453,27.450000762939453,27.385000228881836,27.420000076293945,4889,0.0,0.0,0.0
2023-11-22 12:30:00-05:00,27.314899444580078,27.314899444580078,27.298500061035156,27.298500061035156,601,0.0,0.0,0.0
2023-11-22 13:30:00-05:00,27.329999923706055,27.329999923706055,27.319599151611328,27.319599151611328,1176,0.0,0.0,0.0
2023-11-22 14:30:00-05:00,27.290000915527344,27.290000915527344,27.22170066833496,27.27989959716797,1836,0.0,0.0,0.0
2023-11-22 15:30:00-05:00,27.280000686645508,27.299999237060547,27.264999389648438,27.280000686645508,9012,0.0,0.0,0.0
2023-11-24 09:30:00-05:00,27.350000381469727,27.4950008392334,27.280000686645508,27.4950008392334,0,0.0,0.0,0.0
2023-11-24 10:30:00-05:00,27.49570083618164,27.49570083618164,27.489999771118164,27.489999771118164,543,0.0,0.0,0.0
2023-11-24 12:30:00-05:00,27.479999542236328,27.489999771118164,27.479999542236328,27.48270034790039,0,0.0,0.0,0.0
2023-11-27 09:30:00-05:00,27.469999313354492,27.469999313354492,27.299999237060547,27.3799991607666,2884,0.0,0.0,0.0
2023-11-27 10:30:00-05:00,27.405099868774414,27.405099868774414,27.405099868774414,27.405099868774414,223,0.0,0.0,0.0
2023-11-27 11:30:00-05:00,27.377500534057617,27.395000457763672,27.377500534057617,27.395000457763672,1447,0.0,0.0,0.0
2023-11-27 12:30:00-05:00,27.415000915527344,27.415000915527344,27.3799991607666,27.389999389648438,619,0.0,0.0,0.0
2023-11-27 13:30:00-05:00,27.40089988708496,27.40089988708496,27.389999389648438,27.389999389648438,2420,0.0,0.0,0.0
2023-11-27 14:30:00-05:00,27.406099319458008,27.406099319458008,27.406099319458008,27.406099319458008,722,0.0,0.0,0.0
2023-11-27 15:30:00-05:00,27.43000030517578,27.43000030517578,27.360000610351562,27.360000610351562,3115,0.0,0.0,0.0
2023-11-28 09:30:00-05:00,27.90999984741211,27.90999984741211,27.149999618530273,27.218399047851562,7705,0.0,0.0,0.0
2023-11-28 10:30:00-05:00,27.290000915527344,27.290000915527344,27.290000915527344,27.290000915527344,567,0.0,0.0,0.0
2023-11-28 11:30:00-05:00,27.3218994140625,27.3218994140625,27.3218994140625,27.3218994140625,0,0.0,0.0,0.0
2023-11-28 12:30:00-05:00,27.15999984741211,27.15999984741211,27.134899139404297,27.134899139404297,9445,0.0,0.0,0.0
2023-11-28 13:30:00-05:00,27.149900436401367,27.149999618530273,27.14699935913086,27.14699935913086,5047,0.0,0.0,0.0
2023-11-28 14:30:00-05:00,27.113800048828125,27.16950035095215,27.113800048828125,27.16950035095215,1443,0.0,0.0,0.0
2023-11-28 15:30:00-05:00,27.139999389648438,27.170000076293945,27.1299991607666,27.170000076293945,0,0.0,0.0,0.0
2023-11-29 09:30:00-05:00,27.399999618530273,27.63089942932129,27.389999389648438,27.44230079650879,16507,0.0,0.0,0.0
2023-11-29 10:30:00-05:00,27.488300323486328,27.488300323486328,27.350000381469727,27.3700008392334,2906,0.0,0.0,0.0
2023-11-29 12:30:00-05:00,27.434999465942383,27.46500015258789,27.415000915527344,27.415000915527344,2150,0.0,0.0,0.0
2023-11-29 13:30:00-05:00,27.4468994140625,27.4468994140625,27.4468994140625,27.4468994140625,250,0.0,0.0,0.0
2023-11-29 14:30:00-05:00,27.426000595092773,27.426000595092773,27.41010093688965,27.41010093688965,14762,0.0,0.0,0.0
2023-11-29 15:30:00-05:00,27.31999969482422,27.31999969482422,27.309999465942383,27.31999969482422,0,0.0,0.0,0.0
2023-11-30 09:30:00-05:00,27.559999465942383,27.559999465942383,27.329999923706055,27.34000015258789,3516,0.0,0.0,0.0
2023-11-30 10:30:00-05:00,27.420000076293945,27.520000457763672,27.420000076293945,27.468700408935547,2285,0.0,0.0,0.0
2023-11-30 11:30:00-05:00,27.440000534057617,27.440000534057617,27.3799991607666,27.3799991607666,559,0.0,0.0,0.0
2023-11-30 12:30:00-05:00,27.360000610351562,27.3700008392334,27.329999923706055,27.360000610351562,2935,0.0,0.0,0.0
2023-11-30 13:30:00-05:00,27.3799991607666,27.3799991607666,27.31999969482422,27.363100051879883,1637,0.0,0.0,0.0
2023-11-30 14:30:00-05:00,27.398099899291992,27.398099899291992,27.350000381469727,27.350000381469727,634,0.0,0.0,0.0
2023-11-30 15:30:00-05:00,27.329999923706055,27.363000869750977,27.31999969482422,27.363000869750977,0,0.0,0.0,0.0
2023-12-01 09:30:00-05:00,27.31999969482422,27.48509979248047,27.299999237060547,27.48509979248047,1346,0.0,0.0,0.0
2023-12-01 10:30:00-05:00,27.572099685668945,27.610000610351562,27.572099685668945,27.610000610351562,370,0.0,0.0,0.0
2023-12-01 11:30:00-05:00,27.780000686645508,27.829999923706055,27.780000686645508,27.829999923706055,924,0.0,0.0,0.0
2023-12-01 12:30:00-05:00,27.92300033569336,27.97949981689453,27.920000076293945,27.932199478149414,7387,0.0,0.0,0.0
2023-12-01 13:30:00-05:00,27.939899444580078,27.940000534057617,27.899999618530273,27.940000534057617,2279,0.0,0.0,0.0
2023-12-01 14:30:00-05:00,27.940000534057617,27.940000534057617,27.940000534057617,27.940000534057617,1167,0.0,0.0,0.0
2023-12-01 15:30:00-05:00,28.03499984741211,28.076499938964844,28.020000457763672,28.076499938964844,2361,0.0,0.0,0.0
2023-12-04 09:30:00-05:00,28.059999465942383,28.280000686645508,27.920000076293945,28.209999084472656,0,0.0,0.0,0.0
2023-12-04 10:30:00-05:00,28.20490074157715,28.20490074157715,28.13010025024414,28.13010025024414,3643,0.0,0.0,0.0
2023-12-04 11:30:00-05:00,28.239999771118164,28.329999923706055,28.239999771118164,28.329999923706055,553,0.0,0.0,0.0
2023-12-04 12:30:00-05:00,28.33989906311035,28.33989906311035,28.280000686645508,28.280000686645508,3518,0.0,0.0,0.0
2023-12-04 13:30:00-05:00,28.25,28.2549991607666,28.209999084472656,28.209999084472656,7755,0.0,0.0,0.0
2023-12-04 14:30:00-05:00,28.22010040283203,28.309999465942383,28.22010040283203,28.309999465942383,3406,0.0,0.0,0.0
2023-12-04 15:30:00-05:00,28.299999237060547,28.385000228881836,28.299999237060547,28.3700008392334,0,0.0,0.0,0.0
2023-12-05 09:30:00-05:00,28.31999969482422,28.350000381469727,28.09000015258789,28.209699630737305,3101,0.0,0.0,0.0
2023-12-05 10:30:00-05:00,28.149999618530273,28.200000762939453,28.110000610351562,28.110000610351562,1500,0.0,0.0,0.0
2023-12-05 11:30:00-05:00,28.079999923706055,28.079999923706055,28.079999923706055,28.079999923706055,427,0.0,0.0,0.0
2023-12-05 12:30:00-05:00,28.0,28.059999465942383,28.0,28.059999465942383,544,0.0,0.0,0.0
2023-12-05 13:30:00-05:00,28.09000015258789,28.09000015258789,28.09000015258789,28.09000015258789,428,0.0,0.0,0.0
2023-12-05 14:30:00-05:00,28.05389976501465,28.05389976501465,28.05389976501465,28.05389976501465,579,0.0,0.0,0.0
2023-12-05 15:30:00-05:00,28.049999237060547,28.069499969482422,28.049999237060547,28.059999465942383,647,0.0,0.0,0.0
2023-12-06 09:30:00-05:00,28.229999542236328,28.34000015258789,28.229999542236328,28.34000015258789,0,0.0,0.0,0.0
2023-12-06 10:30:00-05:00,28.30900001525879,28.30900001525879,28.280000686645508,28.280000686645508,2346,0.0,0.0,0.0
2023-12-06 12:30:00-05:00,28.149999618530273,28.149999618530273,28.149999618530273,28.149999618530273,580,0.0,0.0,0.0
2023-12-06 13:30:00-05:00,28.170000076293945,28.170000076293945,28.170000076293945,28.170000076293945,133,0.0,0.0,0.0
2023-12-06 14:30:00-05:00,28.165000915527344,28.170000076293945,28.15239906311035,28.15239906311035,1280,0.0,0.0,0.0
2023-12-06 15:30:00-05:00,28.0,28.0,27.959999084472656,27.969999313354492,2985,0.0,0.0,0.0
2023-12-07 09:30:00-05:00,27.979999542236328,28.0,27.889999389648438,27.889999389648438,0,0.0,0.0,0.0
2023-12-07 10:30:00-05:00,27.943599700927734,27.993000030517578,27.90999984741211,27.91010093688965,1994,0.0,0.0,0.0
2023-12-07 11:30:00-05:00,27.997400283813477,28.019899368286133,27.975000381469727,28.019899368286133,3195,0.0,0.0,0.0
2023-12-07 12:30:00-05:00,28.040000915527344,28.09000015258789,28.040000915527344,28.09000015258789,1246,0.0,0.0,0.0
2023-12-07 13:30:00-05:00,28.1299991607666,28.131200790405273,28.12969970703125,28.131200790405273,654,0.0,0.0,0.0
2023-12-07 14:30:00-05:00,28.1299991607666,28.1299991607666,28.1200008392334,28.1200008392334,389,0.0,0.0,0.0
2023-12-07 15:30:00-05:00,28.139999389648438,28.170000076293945,28.110000610351562,28.170000076293945,0,0.0,0.0,0.0
2023-12-08 09:30:00-05:00,28.110000610351562,28.32550048828125,28.110000610351562,28.270000457763672,2001,0.0,0.0,0.0
2023-12-08 10:30:00-05:00,28.360000610351562,28.360000610351562,28.11050033569336,28.200000762939453,2664,0.0,0.0,0.0
2023-12-08 11:30:00-05:00,28.209999084472656,28.219999313354492,28.110000610351562,28.110000610351562,7291,0.0,0.0,0.0
2023-12-08 12:30:00-05:00,28.14080047607422,28.209999084472656,28.14080047607422,28.209999084472656,705,0.0,0.0,0.0
2023-12-08 13:30:00-05:00,28.21500015258789,28.21500015258789,28.189899444580078,28.189899444580078,1674,0.0,0.0,0.0
2023-12-08 14:30:00-05:00,28.221599578857422,28.248899459838867,28.20009994506836,28.235000610351562,5058,0.0,0.0,0.0
2023-12-08 15:30:00-05:00,28.270000457763672,28.270000457763672,28.22800064086914,28.22800064086914,1950,0.0,0.0,0.0
2023-12-11 09:30:00-05:00,28.229999542236328,28.296100616455078,28.1200008392334,28.28510093688965,0,0.0,0.0,0.0
2023-12-11 10:30:00-05:00,28.32430076599121,28.32430076599121,28.32430076599121,28.32430076599121,333,0.0,0.0,0.0
2023-12-11 12:30:00-05:00,28.357099533081055,28.357099533081055,28.357099533081055,28.357099533081055,460,0.0,0.0,0.0
2023-12-11 13:30:00-05:00,28.3799991607666,28.40999984741211,28.3799991607666,28.409900665283203,5090,0.0,0.0,0.0
2023-12-11 14:30:00-05:00,28.40999984741211,28.459999084472656,28.395000457763672,28.459999084472656,6174,0.0,0.0,0.0
2023-12-11 15:30:00-05:00,28.450000762939453,28.450000762939453,28.389999389648438,28.389999389648438,679,0.0,0.0,0.0
2023-12-12 09:30:00-05:00,28.360000610351562,28.3700008392334,28.237499237060547,28.34000015258789,0,0.0,0.0,0.0
2023-12-12 10:30:00-05:00,28.34000015258789,28.38990020751953,28.34000015258789,28.383699417114258,3308,0.0,0.0,0.0
2023-12-12 11:30:00-05:00,28.399999618530273,28.399999618530273,28.399999618530273,28.399999618530273,142,0.0,0.0,0.0
2023-12-12 12:30:00-05:00,28.450000762939453,28.450000762939453,28.450000762939453,28.450000762939453,344,0.0,0.0,0.0
2023-12-12 13:30:00-05:00,28.450000762939453,28.489900588989258,28.420000076293945,28.459999084472656,1389,0.0,0.0,0.0
2023-12-12 14:30:00-05:00,28.540000915527344,28.614999771118164,28.540000915527344,28.614999771118164,0,0.0,0.0,0.0
2023-12-12 15:30:00-05:00,28.49169921875,28.49169921875,28.469999313354492,28.469999313354492,16062,0.0,0.0,0.0
2023-12-13 09:30:00-05:00,28.579999923706055,28.579999923706055,28.5,28.559799194335938,0,0.0,0.0,0.0
2023-12-13 10:30:00-05:00,28.502300262451172,28.610000610351562,28.502300262451172,28.553199768066406,2784,0.0,0.0,0.0
2023-12-13 11:30:00-05:00,28.540000915527344,28.540000915527344,28.479999542236328,28.479999542236328,503,0.0,0.0,0.0
2023-12-13 12:30:00-05:00,28.489999771118164,28.489999771118164,28.3799991607666,28.3799991607666,1929,0.0,0.0,0.0
2023-12-13 13:30:00-05:00,28.372699737548828,28.795000076293945,28.372699737548828,28.795000076293945,1230,0.0,0.0,0.0
2023-12-13 14:30:00-05:00,28.815000534057617,29.280000686645508,28.803699493408203,29.265399932861328,4545,0.0,0.0,0.0
2023-12-13 15:30:00-05:00,29.084999084472656,29.299999237060547,29.084999084472656,29.280000686645508,0,0.0,0.0,0.0
2023-12-14 09:30:00-05:00,29.770000457763672,30.00629997253418,29.670000076293945,29.809999465942383,8885,0.0,0.0,0.0
2023-12-14 10:30:00-05:00,29.850099563598633,29.885000228881836,29.815000534057617,29.875,1482,0.0,0.0,0.0
2023-12-14 11:30:00-05:00,30.025699615478516,30.02989959716797,30.0049991607666,30.010000228881836,2155,0.0,0.0,0.0
2023-12-14 12:30:00-05:00,30.027099609375,30.029399871826172,29.850000381469727,29.850000381469727,4465,0.0,0.0,0.0
2023-12-14 13:30:00-05:00,29.84939956665039,29.861900329589844,29.832700729370117,29.861900329589844,1405,0.0,0.0,0.0
2023-12-14 14:30:00-05:00,29.809999465942383,30.0,29.809999465942383,30.0,3382,0.0,0.0,0.0
2023-12-14 15:30:00-05:00,30.030000686645508,30.030000686645508,29.969999313354492,30.020000457763672,0,0.0,0.0,0.0
2023-12-15 09:30:00-05:00,30.079999923706055,30.100000381469727,29.93600082397461,29.959999084472656,6934,0.0,0.0,0.0
2023-12-15 10:30:00-05:00,30.059999465942383,30.079999923706055,30.0,30.0,946,0.0,0.0,0.0
2023-12-15 11:30:00-05:00,30.02739906311035,30.02739906311035,29.969200134277344,30.0,2178,0.0,0.0,0.0
2023-12-15 12:30:00-05:00,29.989999771118164,29.989999771118164,29.958499908447266,29.958499908447266,2216,0.0,0.0,0.0
2023-12-15 13:30:00-05:00,29.760000228881836,29.7908992767334,29.72130012512207,29.789899826049805,3531,0.0,0.0,0.0
2023-12-15 14:30:00-05:00,29.78350067138672,29.84939956665039,29.78350067138672,29.84939956665039,786,0.0,0.0,0.0
2023-12-15 15:30:00-05:00,29.859600067138672,29.920000076293945,29.859600067138672,29.920000076293945,2494,0.0,0.0,0.0
2023-12-18 09:30:00-05:00,29.93000030517578,30.059999465942383,29.84000015258789,30.059999465942383,7767,0.0,0.0,0.0
2023-12-18 10:30:00-05:00,29.93000030517578,29.969900131225586,29.87030029296875,29.969900131225586,878,0.0,0.0,0.0
2023-12-18 11:30:00-05:00,29.923999786376953,29.966299057006836,29.923999786376953,29.966299057006836,2080,0.0,0.0,0.0
2023-12-18 12:30:00-05:00,30.049999237060547,30.049999237060547,29.989999771118164,29.989999771118164,749,0.0,0.0,0.0
2023-12-18 13:30:00-05:00,29.98699951171875,30.02989959716797,29.98699951171875,29.989299774169922,1156,0.0,0.0,0.0
2023-12-18 14:30:00-05:00,29.999300003051758,30.04990005493164,29.959999084472656,30.030000686645508,2421,0.0,0.0,0.0
2023-12-18 15:30:00-05:00,30.020000457763672,30.040000915527344,29.9862003326416,29.9862003326416,0,0.0,0.0,0.0
2023-12-19 09:30:00-05:00,30.010000228881836,30.422100067138672,30.0,30.42169952392578,22239,0.0,0.0,0.0
2023-12-19 10:30:00-05:00,30.420000076293945,30.5,30.420000076293945,30.489999771118164,799,0.0,0.0,0.0
2023-12-19 11:30:00-05:00,30.43000030517578,30.43000030517578,30.411300659179688,30.411300659179688,1124,0.0,0.0,0.0
2023-12-19 12:30:00-05:00,30.370100021362305,30.459999084472656,30.370100021362305,30.434999465942383,41902,0.0,0.0,0.0
2023-12-19 13:30:00-05:00,30.459999084472656,30.5,30.459999084472656,30.489999771118164,3601,0.0,0.0,0.0
2023-12-19 14:30:00-05:00,30.479999542236328,30.479999542236328,30.467899322509766,30.467899322509766,1146,0.0,0.0,0.0
2023-12-19 15:30:00-05:00,30.579999923706055,30.600000381469727,30.579999923706055,30.600000381469727,0,0.0,0.0,0.0
2023-12-20 09:30:00-05:00,30.649999618530273,30.649999618530273,30.5,30.549999237060547,4139,0.0,0.0,0.0
2023-12-20 10:30:00-05:00,30.735000610351562,30.753400802612305,30.63680076599121,30.63680076599121,4032,0.0,0.0,0.0
2023-12-20 11:30:00-05:00,30.655000686645508,30.670000076293945,30.649999618530273,30.649999618530273,1229,0.0,0.0,0.0
2023-12-20 12:30:00-05:00,30.649999618530273,30.690000534057617,30.6200008392334,30.6299991607666,3642,0.0,0.0,0.0
2023-12-20 13:30:00-05:00,30.635000228881836,30.64620018005371,30.610000610351562,30.6299991607666,2826,0.0,0.0,0.0
2023-12-20 14:30:00-05:00,30.510000228881836,30.510000228881836,30.079999923706055,30.079999923706055,3566,0.0,0.0,0.0
2023-12-20 15:30:00-05:00,30.030000686645508,30.030000686645508,29.882999420166016,29.889999389648438,1796,0.0,0.0,0.0
2023-12-21 09:30:00-05:00,30.2549991607666,30.304000854492188,30.18000030517578,30.18000030517578,0,0.0,0.0,0.0
2023-12-21 10:30:00-05:00,30.229999542236328,30.290000915527344,30.219999313354492,30.290000915527344,1333,0.0,0.0,0.0
2023-12-21 11:30:00-05:00,30.212499618530273,30.260400772094727,30.212499618530273,30.260400772094727,256,0.0,0.0,0.0
2023-12-21 12:30:00-05:00,30.243799209594727,30.243799209594727,30.162099838256836,30.18000030517578,1074,0.0,0.0,0.0
2023-12-21 13:30:00-05:00,30.229999542236328,30.289499282836914,30.229999542236328,30.280000686645508,4099,0.0,0.0,0.0
2023-12-21 14:30:00-05:00,30.329999923706055,30.368999481201172,30.329700469970703,30.350000381469727,9267,0.0,0.0,0.0
2023-12-21 15:30:00-05:00,30.450000762939453,30.479999542236328,30.450000762939453,30.479999542236328,0,0.0,0.0,0.0
2023-12-22 09:30:00-05:00,30.690000534057617,30.750499725341797,30.549999237060547,30.729999542236328,28541,0.0,0.0,0.0
2023-12-22 10:30:00-05:00,30.684999465942383,30.700000762939453,30.56999969482422,30.6200008392334,2692,0.0,0.0,0.0
2023-12-22 11:30:00-05:00,30.639999389648438,30.639999389648438,30.600000381469727,30.61949920654297,885,0.0,0.0,0.0
2023-12-22 12:30:00-05:00,30.6200008392334,30.684499740600586,30.6200008392334,30.684499740600586,654,0.0,0.0,0.0
2023-12-22 13:30:00-05:00,30.690000534057617,30.690000534057617,30.610000610351562,30.610000610351562,794,0.0,0.0,0.0
2023-12-22 14:30:00-05:00,30.479999542236328,30.65999984741211,30.45009994506836,30.65999984741211,969,0.0,0.0,0.0
2023-12-22 15:30:00-05:00,30.639999389648438,30.68000030517578,30.639999389648438,30.68000030517578,934,0.0,0.0,0.0
2023-12-26 09:30:00-05:00,30.65999984741211,30.814899444580078,30.639999389648438,30.79010009765625,0,0.0,0.0,0.0
2023-12-26 10:30:00-05:00,30.753999710083008,30.770000457763672,30.730100631713867,30.739999771118164,4675,0.0,0.0,0.0
2023-12-26 11:30:00-05:00,30.77989959716797,30.77989959716797,30.77989959716797,30.77989959716797,669,0.0,0.0,0.0
2023-12-26 13:30:00-05:00,30.844999313354492,30.8700008392334,30.844999313354492,30.8700008392334,2073,0.0,0.0,0.0
2023-12-26 14:30:00-05:00,30.889999389648438,30.921499252319336,30.889999389648438,30.920499801635742,1263,0.0,0.0,0.0
2023-12-26 15:30:00-05:00,30.889999389648438,30.934999465942383,30.850000381469727,30.850000381469727,0,0.0,0.0,0.0
2023-12-27 09:30:00-05:00,30.979999542236328,30.979999542236328,30.90999984741211,30.959999084472656,5010,0.0,0.0,0.0
2023-12-27 10:30:00-05:00,30.814899444580078,30.841999053955078,30.814899444580078,30.84000015258789,2109,0.0,0.0,0.0
2023-12-27 11:30:00-05:00,30.883499145507812,30.908700942993164,30.8700008392334,30.8700008392334,1615,0.0,0.0,0.0
2023-12-27 12:30:00-05:00,30.889999389648438,30.940000534057617,30.829999923706055,30.905399322509766,5300,0.0,0.0,0.0
2023-12-27 13:30:00-05:00,30.889999389648438,30.94099998474121,30.81999969482422,30.81999969482422,3695,0.0,0.0,0.0
2023-12-27 14:30:00-05:00,30.905000686645508,30.933000564575195,30.905000686645508,30.933000564575195,771,0.0,0.0,0.0
2023-12-27 15:30:00-05:00,30.940000534057617,30.989999771118164,30.940000534057617,30.989999771118164,0,0.0,0.0,0.0
2023-12-28 09:30:00-05:00,30.940000534057617,31.02090072631836,30.90999984741211,31.02090072631836,3928,0.0,0.0,0.0
2023-12-28 10:30:00-05:00,30.933700561523438,30.940000534057617,30.90999984741211,30.90999984741211,812,0.0,0.0,0.0
2023-12-28 11:30:00-05:00,30.90999984741211,30.920000076293945,30.873899459838867,30.904199600219727,3239,0.0,0.0,0.0
2023-12-28 12:30:00-05:00,30.90999984741211,30.90999984741211,30.850000381469727,30.90999984741211,5137,0.0,0.0,0.0
2023-12-28 13:30:00-05:00,30.899999618530273,30.899999618530273,30.889999389648438,30.889999389648438,980,0.0,0.0,0.0
2023-12-28 14:30:00-05:00,30.88170051574707,30.920000076293945,30.88170051574707,30.899999618530273,1327,0.0,0.0,0.0
2023-12-28 15:30:00-05:00,30.940000534057617,30.969999313354492,30.925199508666992,30.959999084472656,2421,0.0,0.0,0.0
2023-12-29 09:30:00-05:00,31.010000228881836,31.04330062866211,30.829999923706055,30.899999618530273,0,0.0,0.0,0.0
2023-12-29 10:30:00-05:00,30.850000381469727,30.850000381469727,30.68000030517578,30.68000030517578,667,0.0,0.0,0.0
2023-12-29 11:30:00-05:00,30.68939971923828,30.68939971923828,30.68939971923828,30.68939971923828,121,0.0,0.0,0.0
2023-12-29 12:30:00-05:00,30.70400047302246,30.70400047302246,30.69499969482422,30.69499969482422,576,0.0,0.0,0.0
2023-12-29 13:30:00-05:00,30.75,30.75,30.75,30.75,396,0.0,0.0,0.0
2023-12-29 14:30:00-05:00,30.75309944152832,30.75309944152832,30.75,30.75,1255,0.0,0.0,0.0
2023-12-29 15:30:00-05:00,30.75,30.766000747680664,30.65999984741211,30.65999984741211,2008,0.0,0.0,0.0
2024-01-02 09:30:00-05:00,30.5,30.546600341796875,30.309999465942383,30.3700008392334,17270,0.0,0.0,0.0
2024-01-02 10:30:00-05:00,30.225000381469727,30.37969970703125,30.200000762939453,30.375,737,0.0,0.0,0.0
2024-01-02 11:30:00-05:00,30.3700008392334,30.479999542236328,30.3700008392334,30.479999542236328,1994,0.0,0.0,0.0
2024-01-02 12:30:00-05:00,30.439899444580078,30.439899444580078,30.439899444580078,30.439899444580078,222,0.0,0.0,0.0
2024-01-02 13:30:00-05:00,30.349599838256836,30.349599838256836,30.18000030517578,30.18000030517578,5509,0.0,0.0,0.0
2024-01-02 14:30:00-05:00,30.225000381469727,30.225000381469727,30.149999618530273,30.149999618530273,795,0.0,0.0,0.0
2024-01-02 15:30:00-05:00,30.121599197387695,30.209999084472656,30.121599197387695,30.209999084472656,811,0.0,0.0,0.0
2024-01-03 09:30:00-05:00,29.989999771118164,30.0,29.739999771118164,29.77989959716797,0,0.0,0.0,0.0
2024-01-03 10:30:00-05:00,29.648300170898438,29.72010040283203,29.55109977722168,29.72010040283203,2735,0.0,0.0,0.0
2024-01-03 11:30:00-05:00,29.7450008392334,29.7450008392334,29.635000228881836,29.635000228881836,2276,0.0,0.0,0.0
2024-01-03 12:30:00-05:00,29.665000915527344,29.665000915527344,29.6200008392334,29.6200008392334,523,0.0,0.0,0.0
2024-01-03 13:30:00-05:00,29.729999542236328,29.729999542236328,29.5,29.5,4485,0.0,0.0,0.0
2024-01-03 14:30:00-05:00,29.389999389648438,29.389999389648438,29.38010025024414,29.38010025024414,477,0.0,0.0,0.0
2024-01-03 15:30:00-05:00,29.420000076293945,29.43000030517578,29.309999465942383,29.309999465942383,2015,0.0,0.0,0.0
2024-01-04 09:30:00-05:00,29.31999969482422,29.43000030517578,29.31999969482422,29.40999984741211,0,0.0,0.0,0.0
2024-01-04 10:30:00-05:00,29.506000518798828,29.506000518798828,29.506000518798828,29.506000518798828,172,0.0,0.0,0.0
2024-01-04 11:30:00-05:00,29.50309944152832,29.50309944152832,29.50309944152832,29.50309944152832,175,0.0,0.0,0.0
2024-01-04 12:30:00-05:00,29.483699798583984,29.483699798583984,29.450000762939453,29.469999313354492,2235,0.0,0.0,0.0
2024-01-04 13:30:00-05:00,29.479999542236328,29.50349998474121,29.43000030517578,29.44499969482422,1112,0.0,0.0,0.0
2024-01-04 14:30:00-05:00,29.459999084472656,29.510000228881836,29.459999084472656,29.510000228881836,1434,0.0,0.0,0.0
2024-01-04 15:30:00-05:00,29.437999725341797,29.437999725341797,29.420000076293945,29.420000076293945,581,0.0,0.0,0.0
2024-01-05 09:30:00-05:00,29.389999389648438,29.46500015258789,29.229999542236328,29.46500015258789,4573,0.0,0.0,0.0
2024-01-05 10:30:00-05:00,29.509899139404297,29.520000457763672,29.459999084472656,29.459999084472656,1707,0.0,0.0,0.0
2024-01-05 11:30:00-05:00,29.399999618530273,29.399999618530273,29.34000015258789,29.34000015258789,1592,0.0,0.0,0.0
2024-01-05 12:30:00-05:00,29.357099533081055,29.389999389648438,29.357099533081055,29.389999389648438,12505,0.0,0.0,0.0
2024-01-05 13:30:00-05:00,29.438400268554688,29.438400268554688,29.438400268554688,29.438400268554688,7221,0.0,0.0,0.0
2024-01-05 15:30:00-05:00,29.40999984741211,29.40999984741211,29.360000610351562,29.3789005279541,845,0.0,0.0,0.0
2024-01-08 09:30:00-05:00,29.3700008392334,29.540000915527344,29.299999237060547,29.540000915527344,0,0.0,0.0,0.0
2024-01-08 10:30:00-05:00,29.597200393676758,29.614099502563477,29.597200393676758,29.614099502563477,4253,0.0,0.0,0.0
2024-01-08 11:30:00-05:00,29.6299991607666,29.690000534057617,29.59000015258789,29.59000015258789,10292,0.0,0.0,0.0
2024-01-08 12:30:00-05:00,29.65999984741211,29.71500015258789,29.65999984741211,29.71500015258789,379,0.0,0.0,0.0
2024-01-08 13:30:00-05:00,29.7539005279541,29.795000076293945,29.7539005279541,29.795000076293945,909,0.0,0.0,0.0
2024-01-08 14:30:00-05:00,29.834999084472656,29.834999084472656,29.82979965209961,29.829999923706055,1013,0.0,0.0,0.0
2024-01-08 15:30:00-05:00,29.82390022277832,29.90999984741211,29.82390022277832,29.90999984741211,3747,0.0,0.0,0.0
2024-01-09 09:30:00-05:00,29.530000686645508,29.662900924682617,29.5,29.662900924682617,0,0.0,0.0,0.0
2024-01-09 10:30:00-05:00,29.625,29.639999389648438,29.59000015258789,29.59000015258789,3339,0.0,0.0,0.0
2024-01-09 11:30:00-05:00,29.68000030517578,29.700000762939453,29.642000198364258,29.642000198364258,1740,0.0,0.0,0.0
2024-01-09 12:30:00-05:00,29.665000915527344,29.700000762939453,29.665000915527344,29.691200256347656,985,0.0,0.0,0.0
2024-01-09 13:30:00-05:00,29.59269905090332,29.666099548339844,29.59269905090332,29.600000381469727,5213,0.0,0.0,0.0
2024-01-09 14:30:00-05:00,29.59000015258789,29.59000015258789,29.59000015258789,29.59000015258789,161,0.0,0.0,0.0
2024-01-09 15:30:00-05:00,29.540000915527344,29.54990005493164,29.521499633789062,29.521499633789062,0,0.0,0.0,0.0
2024-01-10 09:30:00-05:00,29.559999465942383,29.56999969482422,29.3799991607666,29.3799991607666,760,0.0,0.0,0.0
2024-01-10 10:30:00-05:00,29.469999313354492,29.5,29.44379997253418,29.471200942993164,4576,0.0,0.0,0.0
2024-01-10 11:30:00-05:00,29.591999053955078,29.591999053955078,29.591999053955078,29.591999053955078,268,0.0,0.0,0.0
2024-01-10 12:30:00-05:00,29.700000762939453,29.709999084472656,29.63010025024414,29.63010025024414,1505,0.0,0.0,0.0
2024-01-10 13:30:00-05:00,29.750499725341797,29.770000457763672,29.750499725341797,29.770000457763672,454,0.0,0.0,0.0
2024-01-10 14:30:00-05:00,29.80500030517578,29.80500030517578,29.760000228881836,29.774799346923828,1091,0.0,0.0,0.0
2024-01-10 15:30:00-05:00,29.83609962463379,29.93000030517578,29.83609962463379,29.93000030517578,0,0.0,0.0,0.0
2024-01-11 09:30:00-05:00,29.889999389648438,29.899999618530273,29.594999313354492,29.610000610351562,2709,0.0,0.0,0.0
2024-01-11 10:30:00-05:00,29.591699600219727,29.610000610351562,29.530099868774414,29.600000381469727,12439,0.0,0.0,0.0
2024-01-11 11:30:00-05:00,29.600000381469727,29.600000381469727,29.55500030517578,29.55500030517578,253,0.0,0.0,0.0
2024-01-11 12:30:00-05:00,29.786500930786133,29.786500930786133,29.786500930786133,29.786500930786133,628,0.0,0.0,0.0
2024-01-11 13:30:00-05:00,29.809999465942383,29.809999465942383,29.760000228881836,29.799999237060547,20100,0.0,0.0,0.0
2024-01-11 14:30:00-05:00,29.809999465942383,29.809999465942383,29.709999084472656,29.790000915527344,15271,0.0,0.0,0.0
2024-01-11 15:30:00-05:00,29.787500381469727,29.81999969482422,29.770000457763672,29.790000915527344,0,0.0,0.0,0.0
2024-01-12 09:30:00-05:00,30.06999969482422,30.08989906311035,30.059999465942383,30.079999923706055,1533,0.0,0.0,0.0
2024-01-12 11:30:00-05:00,29.688899993896484,29.688899993896484,29.688899993896484,29.688899993896484,203,0.0,0.0,0.0
2024-01-12 12:30:00-05:00,29.75,29.75,29.75,29.75,171,0.0,0.0,0.0
2024-01-12 15:30:00-05:00,29.700000762939453,29.729799270629883,29.700000762939453,29.729799270629883,366,0.0,0.0,0.0
2024-01-16 09:30:00-05:00,29.450000762939453,29.509899139404297,29.397899627685547,29.509899139404297,0,0.0,0.0,0.0
2024-01-16 10:30:00-05:00,29.420000076293945,29.49530029296875,29.420000076293945,29.49530029296875,456,0.0,0.0,0.0
2024-01-16 11:30:00-05:00,29.439599990844727,29.439599990844727,29.399999618530273,29.399999618530273,640,0.0,0.0,0.0
2024-01-16 12:30:00-05:00,29.434999465942383,29.434999465942383,29.3700008392334,29.37649917602539,1995,0.0,0.0,0.0
2024-01-16 13:30:00-05:00,29.540000915527344,29.540000915527344,29.334999084472656,29.334999084472656,948,0.0,0.0,0.0
2024-01-16 14:30:00-05:00,29.469999313354492,29.469999313354492,29.3612003326416,29.3612003326416,868,0.0,0.0,0.0
2024-01-16 15:30:00-05:00,29.375,29.40999984741211,29.375,29.399999618530273,845,0.0,0.0,0.0
2024-01-17 09:30:00-05:00,29.09000015258789,29.19219970703125,29.09000015258789,29.19219970703125,0,0.0,0.0,0.0
2024-01-17 10:30:00-05:00,29.12849998474121,29.12849998474121,29.12849998474121,29.12849998474121,1065,0.0,0.0,0.0
2024-01-17 11:30:00-05:00,29.179899215698242,29.179899215698242,29.174999237060547,29.174999237060547,7182,0.0,0.0,0.0
2024-01-17 12:30:00-05:00,29.07040023803711,29.07040023803711,29.07040023803711,29.07040023803711,516,0.0,0.0,0.0
2024-01-17 13:30:00-05:00,29.040000915527344,29.040000915527344,29.03499984741211,29.03499984741211,428,0.0,0.0,0.0
2024-01-17 14:30:00-05:00,29.083599090576172,29.179500579833984,29.083599090576172,29.179500579833984,0,0.0,0.0,0.0
2024-01-18 09:30:00-05:00,29.34000015258789,29.34000015258789,29.19499969482422,29.290000915527344,4156,0.0,0.0,0.0
2024-01-18 11:30:00-05:00,29.10770034790039,29.10770034790039,29.10770034790039,29.10770034790039,1502,0.0,0.0,0.0
2024-01-18 12:30:00-05:00,29.049999237060547,29.049999237060547,29.020000457763672,29.020000457763672,281,0.0,0.0,0.0
2024-01-18 13:30:00-05:00,29.020000457763672,29.090999603271484,29.020000457763672,29.090999603271484,2439,0.0,0.0,0.0
2024-01-18 14:30:00-05:00,29.26140022277832,29.26140022277832,29.26140022277832,29.26140022277832,1400,0.0,0.0,0.0
2024-01-18 15:30:00-05:00,29.25,29.309999465942383,29.235700607299805,29.270000457763672,1329,0.0,0.0,0.0
2024-01-19 09:30:00-05:00,29.34000015258789,29.43000030517578,29.09000015258789,29.09000015258789,10105,0.0,0.0,0.0
2024-01-19 10:30:00-05:00,29.1289005279541,29.17009925842285,29.1289005279541,29.17009925842285,2882,0.0,0.0,0.0
2024-01-19 11:30:00-05:00,29.139999389648438,29.139999389648438,29.09589958190918,29.114900588989258,2559,0.0,0.0,0.0
2024-01-19 12:30:00-05:00,29.209999084472656,29.309999465942383,29.209999084472656,29.280099868774414,2463,0.0,0.0,0.0
2024-01-19 13:30:00-05:00,29.360000610351562,29.459999084472656,29.360000610351562,29.459999084472656,848,0.0,0.0,0.0
2024-01-19 14:30:00-05:00,29.453100204467773,29.453100204467773,29.434999465942383,29.434999465942383,3061,0.0,0.0,0.0
2024-01-19 15:30:00-05:00,29.440000534057617,29.459999084472656,29.399999618530273,29.399999618530273,1129,0.0,0.0,0.0
2024-01-22 09:30:00-05:00,29.739999771118164,30.0,29.739999771118164,30.0,4549,0.0,0.0,0.0
2024-01-22 10:30:00-05:00,29.959999084472656,29.969600677490234,29.89310073852539,29.90999984741211,847,0.0,0.0,0.0
2024-01-22 11:30:00-05:00,29.889999389648438,29.889999389648438,29.855199813842773,29.855199813842773,380,0.0,0.0,0.0
2024-01-22 12:30:00-05:00,29.81290054321289,29.81290054321289,29.75,29.75,243,0.0,0.0,0.0
2024-01-22 13:30:00-05:00,29.75790023803711,29.80590057373047,29.729999542236328,29.729999542236328,959,0.0,0.0,0.0
2024-01-22 14:30:00-05:00,29.78860092163086,29.78860092163086,29.78860092163086,29.78860092163086,176,0.0,0.0,0.0
2024-01-22 15:30:00-05:00,29.959999084472656,29.979999542236328,29.920000076293945,29.920000076293945,3992,0.0,0.0,0.0
2024-01-23 09:30:00-05:00,30.170000076293945,30.170000076293945,30.006099700927734,30.006099700927734,0,0.0,0.0,0.0
2024-01-23 10:30:00-05:00,29.829999923706055,29.829999923706055,29.829999923706055,29.829999923706055,151,0.0,0.0,0.0
2024-01-23 11:30:00-05:00,29.724000930786133,29.760000228881836,29.724000930786133,29.760000228881836,562,0.0,0.0,0.0
2024-01-23 12:30:00-05:00,29.72010040283203,29.72010040283203,29.714799880981445,29.714799880981445,820,0.0,0.0,0.0
2024-01-23 13:30:00-05:00,29.650100708007812,29.674999237060547,29.650100708007812,29.65999984741211,1287,0.0,0.0,0.0
2024-01-23 14:30:00-05:00,29.775699615478516,29.834800720214844,29.75,29.834800720214844,1832,0.0,0.0,0.0
2024-01-23 15:30:00-05:00,29.80500030517578,29.850000381469727,29.739999771118164,29.739999771118164,1290,0.0,0.0,0.0
2024-01-24 09:30:00-05:00,30.09000015258789,30.110000610351562,29.732999801635742,29.732999801635742,0,0.0,0.0,0.0
2024-01-24 10:30:00-05:00,29.78499984741211,29.850000381469727,29.78499984741211,29.850000381469727,888,0.0,0.0,0.0
2024-01-24 12:30:00-05:00,29.850000381469727,29.850000381469727,29.70680046081543,29.70680046081543,608,0.0,0.0,0.0
2024-01-24 13:30:00-05:00,29.674999237060547,29.700000762939453,29.6200008392334,29.64150047302246,2215,0.0,0.0,0.0
2024-01-24 14:30:00-05:00,29.6299991607666,29.68000030517578,29.6299991607666,29.68000030517578,1297,0.0,0.0,0.0
2024-01-24 15:30:00-05:00,29.550600051879883,29.59000015258789,29.550600051879883,29.59000015258789,504,0.0,0.0,0.0
2024-01-25 09:30:00-05:00,30.0,30.0,29.709999084472656,29.824600219726562,3083,0.0,0.0,0.0
2024-01-25 10:30:00-05:00,29.66069984436035,29.66069984436035,29.66069984436035,29.66069984436035,109,0.0,0.0,0.0
2024-01-25 11:30:00-05:00,29.674299240112305,29.674299240112305,29.59000015258789,29.649999618530273,2024,0.0,0.0,0.0
2024-01-25 12:30:00-05:00,29.579999923706055,29.719999313354492,29.579999923706055,29.719999313354492,737,0.0,0.0,0.0
2024-01-25 13:30:00-05:00,29.550399780273438,29.599000930786133,29.550399780273438,29.599000930786133,1270,0.0,0.0,0.0
2024-01-25 14:30:00-05:00,29.65880012512207,29.65880012512207,29.65880012512207,29.65880012512207,368,0.0,0.0,0.0
2024-01-25 15:30:00-05:00,29.655000686645508,29.670000076293945,29.655000686645508,29.670000076293945,0,0.0,0.0,0.0
2024-01-26 09:30:00-05:00,29.790000915527344,29.959999084472656,29.790000915527344,29.84000015258789,13019,0.0,0.0,0.0
2024-01-26 10:30:00-05:00,29.864999771118164,29.906400680541992,29.84000015258789,29.84000015258789,2479,0.0,0.0,0.0
2024-01-26 11:30:00-05:00,29.799999237060547,29.908899307250977,29.799999237060547,29.829999923706055,2259,0.0,0.0,0.0
2024-01-26 12:30:00-05:00,29.7450008392334,29.7450008392334,29.739999771118164,29.739999771118164,769,0.0,0.0,0.0
2024-01-26 13:30:00-05:00,29.795000076293945,29.795000076293945,29.795000076293945,29.795000076293945,583,0.0,0.0,0.0
2024-01-26 14:30:00-05:00,29.815000534057617,29.83989906311035,29.7450008392334,29.7450008392334,1618,0.0,0.0,0.0
2024-01-26 15:30:00-05:00,29.72010040283203,29.770000457763672,29.72010040283203,29.770000457763672,502,0.0,0.0,0.0
2024-01-29 09:30:00-05:00,29.760000228881836,29.790000915527344,29.700000762939453,29.74920082092285,0,0.0,0.0,0.0
2024-01-29 10:30:00-05:00,29.825000762939453,29.825000762939453,29.825000762939453,29.825000762939453,437,0.0,0.0,0.0
2024-01-29 11:30:00-05:00,29.8528995513916,29.8528995513916,29.844999313354492,29.844999313354492,1034,0.0,0.0,0.0
2024-01-29 12:30:00-05:00,29.915000915527344,29.915000915527344,29.915000915527344,29.915000915527344,290,0.0,0.0,0.0
2024-01-29 13:30:00-05:00,29.899999618530273,29.940000534057617,29.899999618530273,29.940000534057617,2407,0.0,0.0,0.0
2024-01-29 14:30:00-05:00,30.0,30.020000457763672,30.0,30.020000457763672,2319,0.0,0.0,0.0
2024-01-29 15:30:00-05:00,30.149999618530273,30.209999084472656,30.094999313354492,30.209999084472656,1748,0.0,0.0,0.0
2024-01-30 09:30:00-05:00,30.079999923706055,30.079999923706055,29.959999084472656,29.959999084472656,0,0.0,0.0,0.0
2024-01-30 10:30:00-05:00,29.926599502563477,29.926599502563477,29.926599502563477,29.926599502563477,350,0.0,0.0,0.0
2024-01-30 11:30:00-05:00,29.969999313354492,30.049999237060547,29.969999313354492,30.049999237060547,3504,0.0,0.0,0.0
2024-01-30 13:30:00-05:00,29.915000915527344,29.959299087524414,29.895000457763672,29.959299087524414,2635,0.0,0.0,0.0
2024-01-30 14:30:00-05:00,29.91670036315918,29.95989990234375,29.91670036315918,29.950000762939453,1781,0.0,0.0,0.0
2024-01-30 15:30:00-05:00,29.91510009765625,29.959999084472656,29.91510009765625,29.959999084472656,1065,0.0,0.0,0.0
2024-01-31 09:30:00-05:00,29.790000915527344,29.875,29.790000915527344,29.829999923706055,1537,0.0,0.0,0.0
2024-01-31 10:30:00-05:00,29.750999450683594,29.815000534057617,29.750999450683594,29.815000534057617,595,0.0,0.0,0.0
2024-01-31 11:30:00-05:00,29.700000762939453,29.700000762939453,29.700000762939453,29.700000762939453,156,0.0,0.0,0.0
2024-01-31 12:30:00-05:00,29.799999237060547,29.799999237060547,29.799999237060547,29.799999237060547,861,0.0,0.0,0.0
2024-01-31 13:30:00-05:00,29.670000076293945,29.670000076293945,29.59000015258789,29.59000015258789,417,0.0,0.0,0.0
2024-01-31 14:30:00-05:00,29.6200008392334,29.65410041809082,29.530000686645508,29.530000686645508,2356,0.0,0.0,0.0
2024-01-31 15:30:00-05:00,29.389999389648438,29.39389991760254,29.25,29.309999465942383,0,0.0,0.0,0.0
2024-02-01 09:30:00-05:00,29.389999389648438,29.399999618530273,29.25,29.25,2353,0.0,0.0,0.0
2024-02-01 11:30:00-05:00,29.200000762939453,29.387500762939453,29.200000762939453,29.310100555419922,2290,0.0,0.0,0.0
2024-02-01 12:30:00-05:00,29.380699157714844,29.418500900268555,29.380699157714844,29.418500900268555,461,0.0,0.0,0.0
2024-02-01 13:30:00-05:00,29.420000076293945,29.50749969482422,29.420000076293945,29.50749969482422,1943,0.0,0.0,0.0
2024-02-01 14:30:00-05:00,29.524999618530273,29.524999618530273,29.520000457763672,29.520000457763672,516,0.0,0.0,0.0
2024-02-01 15:30:00-05:00,29.549999237060547,29.56999969482422,29.52790069580078,29.56999969482422,3963,0.0,0.0,0.0
2024-02-02 09:30:00-05:00,29.329999923706055,29.329999923706055,29.197999954223633,29.309999465942383,1894,0.0,0.0,0.0
2024-02-02 11:30:00-05:00,29.44770050048828,29.459999084472656,29.360000610351562,29.38010025024414,2766,0.0,0.0,0.0
2024-02-02 12:30:00-05:00,29.460100173950195,29.460100173950195,29.460100173950195,29.460100173950195,131,0.0,0.0,0.0
2024-02-02 13:30:00-05:00,29.390499114990234,29.502700805664062,29.390499114990234,29.502700805664062,597,0.0,0.0,0.0
2024-02-02 14:30:00-05:00,29.566600799560547,29.611000061035156,29.549999237060547,29.611000061035156,3585,0.0,0.0,0.0
2024-02-02 15:30:00-05:00,29.514999389648438,29.579999923706055,29.514999389648438,29.540000915527344,1017,0.0,0.0,0.0
2024-02-05 09:30:00-05:00,29.260000228881836,29.260000228881836,29.020000457763672,29.06599998474121,2680,0.0,0.0,0.0
2024-02-05 10:30:00-05:00,29.184999465942383,29.184999465942383,29.184999465942383,29.184999465942383,176,0.0,0.0,0.0
2024-02-05 11:30:00-05:00,29.219900131225586,29.219999313354492,29.14430046081543,29.200000762939453,2142,0.0,0.0,0.0
2024-02-05 12:30:00-05:00,29.280000686645508,29.350000381469727,29.280000686645508,29.350000381469727,775,0.0,0.0,0.0
2024-02-05 13:30:00-05:00,29.299999237060547,29.34000015258789,29.299999237060547,29.34000015258789,823,0.0,0.0,0.0
2024-02-05 14:30:00-05:00,29.385000228881836,29.389999389648438,29.3700008392334,29.3700008392334,2267,0.0,0.0,0.0
2024-02-05 15:30:00-05:00,29.270000457763672,29.270000457763672,29.270000457763672,29.270000457763672,250,0.0,0.0,0.0
2024-02-06 09:30:00-05:00,29.260000228881836,29.499000549316406,29.240100860595703,29.475000381469727,0,0.0,0.0,0.0
2024-02-06 10:30:00-05:00,29.559999465942383,29.559999465942383,29.559999465942383,29.559999465942383,706,0.0,0.0,0.0
2024-02-06 13:30:00-05:00,29.590299606323242,29.590299606323242,29.590299606323242,29.590299606323242,156,0.0,0.0,0.0
2024-02-06 14:30:00-05:00,29.520000457763672,29.579999923706055,29.520000457763672,29.579999923706055,1149,0.0,0.0,0.0
2024-02-06 15:30:00-05:00,29.65999984741211,29.65999984741211,29.65999984741211,29.65999984741211,384,0.0,0.0,0.0
2024-02-07 09:30:00-05:00,29.799999237060547,29.799999237060547,29.563499450683594,29.774999618530273,0,0.0,0.0,0.0
2024-02-07 10:30:00-05:00,29.790000915527344,29.82159996032715,29.760099411010742,29.82159996032715,747,0.0,0.0,0.0
2024-02-07 12:30:00-05:00,29.871000289916992,29.924999237060547,29.871000289916992,29.924999237060547,455,0.0,0.0,0.0
2024-02-07 13:30:00-05:00,29.960100173950195,29.9601993560791,29.959999084472656,29.959999084472656,2191,0.0,0.0,0.0
2024-02-07 14:30:00-05:00,29.969900131225586,29.969900131225586,29.969900131225586,29.969900131225586,569,0.0,0.0,0.0
2024-02-07 15:30:00-05:00,29.809999465942383,29.809999465942383,29.780000686645508,29.78070068359375,11302,0.0,0.0,0.0
2024-02-08 09:30:00-05:00,29.75,29.905000686645508,29.71299934387207,29.90489959716797,0,0.0,0.0,0.0
2024-02-08 11:30:00-05:00,29.954999923706055,29.959999084472656,29.935300827026367,29.949899673461914,952,0.0,0.0,0.0
2024-02-08 13:30:00-05:00,30.049999237060547,30.049999237060547,30.049999237060547,30.049999237060547,153,0.0,0.0,0.0
2024-02-08 15:30:00-05:00,29.989999771118164,30.059999465942383,29.989999771118164,30.059999465942383,0,0.0,0.0,0.0
2024-02-09 09:30:00-05:00,30.100000381469727,30.139999389648438,30.100000381469727,30.139999389648438,876,0.0,0.0,0.0
2024-02-09 10:30:00-05:00,30.16010093688965,30.16010093688965,30.16010093688965,30.16010093688965,733,0.0,0.0,0.0
2024-02-09 13:30:00-05:00,30.3799991607666,30.3799991607666,30.364999771118164,30.364999771118164,1282,0.0,0.0,0.0
2024-02-09 14:30:00-05:00,30.40399932861328,30.40399932861328,30.344999313354492,30.344999313354492,888,0.0,0.0,0.0
2024-02-09 15:30:00-05:00,30.41699981689453,30.43000030517578,30.415000915527344,30.420000076293945,821,0.0,0.0,0.0
2024-02-12 09:30:00-05:00,30.469999313354492,30.670000076293945,30.3700008392334,30.529300689697266,2790,0.0,0.0,0.0
2024-02-12 10:30:00-05:00,30.649999618530273,30.684999465942383,30.649999618530273,30.67009925842285,1001,0.0,0.0,0.0
2024-02-12 11:30:00-05:00,30.719999313354492,30.719999313354492,30.719999313354492,30.719999313354492,282,0.0,0.0,0.0
2024-02-12 12:30:00-05:00,30.753999710083008,30.766000747680664,30.753999710083008,30.766000747680664,503,0.0,0.0,0.0
2024-02-12 13:30:00-05:00,30.743099212646484,30.743099212646484,30.63010025024414,30.679899215698242,3580,0.0,0.0,0.0
2024-02-12 14:30:00-05:00,30.747699737548828,30.747699737548828,30.713699340820312,30.71579933166504,836,0.0,0.0,0.0
2024-02-12 15:30:00-05:00,30.76740074157715,30.76740074157715,30.729999542236328,30.729999542236328,0,0.0,0.0,0.0
2024-02-13 09:30:00-05:00,30.0,30.030000686645508,29.75,29.870100021362305,1077,0.0,0.0,0.0
2024-02-13 10:30:00-05:00,29.989999771118164,30.174299240112305,29.989900588989258,30.174299240112305,7120,0.0,0.0,0.0
2024-02-13 11:30:00-05:00,30.15999984741211,30.200000762939453,30.0,30.002700805664062,999,0.0,0.0,0.0
2024-02-13 12:30:00-05:00,29.990100860595703,30.079999923706055,29.990100860595703,30.020000457763672,2232,0.0,0.0,0.0
2024-02-13 13:30:00-05:00,29.980100631713867,29.980100631713867,29.899999618530273,29.899999618530273,2586,0.0,0.0,0.0
2024-02-13 14:30:00-05:00,29.905000686645508,29.905000686645508,29.905000686645508,29.905000686645508,334,0.0,0.0,0.0
2024-02-13 15:30:00-05:00,29.75,29.889999389648438,29.739999771118164,29.889999389648438,5791,0.0,0.0,0.0
2024-02-14 09:30:00-05:00,30.239999771118164,30.239999771118164,30.110000610351562,30.177200317382812,0,0.0,0.0,0.0
2024-02-14 10:30:00-05:00,30.180099487304688,30.180099487304688,30.18000030517578,30.18000030517578,1317,0.0,0.0,0.0
2024-02-14 11:30:00-05:00,30.254499435424805,30.28569984436035,30.2455997467041,30.2810001373291,1408,0.0,0.0,0.0
2024-02-14 12:30:00-05:00,30.36549949645996,30.3700008392334,30.350000381469727,30.350000381469727,736,0.0,0.0,0.0
2024-02-14 14:30:00-05:00,30.520099639892578,30.604999542236328,30.520099639892578,30.604999542236328,732,0.0,0.0,0.0
2024-02-14 15:30:00-05:00,30.649999618530273,30.68000030517578,30.649999618530273,30.68000030517578,0,0.0,0.0,0.0
2024-02-15 09:30:00-05:00,30.93000030517578,30.979999542236328,30.93000030517578,30.940000534057617,1612,0.0,0.0,0.0
2024-02-15 10:30:00-05:00,30.899999618530273,30.915000915527344,30.84000015258789,30.86949920654297,1572,0.0,0.0,0.0
2024-02-15 11:30:00-05:00,30.890300750732422,30.890300750732422,30.889999389648438,30.889999389648438,351,0.0,0.0,0.0
2024-02-15 12:30:00-05:00,30.850400924682617,30.9950008392334,30.850400924682617,30.9950008392334,2164,0.0,0.0,0.0
2024-02-15 13:30:00-05:00,31.020000457763672,31.170000076293945,31.010000228881836,31.170000076293945,1591,0.0,0.0,0.0
2024-02-15 14:30:00-05:00,31.1299991607666,31.1299991607666,31.05500030517578,31.05500030517578,971,0.0,0.0,0.0
2024-02-15 15:30:00-05:00,31.099899291992188,31.100000381469727,31.049999237060547,31.049999237060547,781,0.0,0.0,0.0
2024-02-16 09:30:00-05:00,31.0,31.1200008392334,30.989999771118164,31.059999465942383,0,0.0,0.0,0.0
2024-02-16 10:30:00-05:00,31.20989990234375,31.20989990234375,31.19499969482422,31.19499969482422,704,0.0,0.0,0.0
2024-02-16 11:30:00-05:00,31.33009910583496,31.33009910583496,31.33009910583496,31.33009910583496,496,0.0,0.0,0.0
2024-02-16 12:30:00-05:00,31.219999313354492,31.219999313354492,31.219999313354492,31.219999313354492,358,0.0,0.0,0.0
2024-02-16 13:30:00-05:00,31.34000015258789,31.34000015258789,31.29199981689453,31.29199981689453,1693,0.0,0.0,0.0
2024-02-16 15:30:00-05:00,31.049999237060547,31.049999237060547,31.049999237060547,31.049999237060547,490,0.0,0.0,0.0
2024-02-20 09:30:00-05:00,30.739999771118164,30.739999771118164,30.64900016784668,30.68000030517578,2634,0.0,0.0,0.0
2024-02-20 10:30:00-05:00,30.724000930786133,30.73349952697754,30.724000930786133,30.724000930786133,859,0.0,0.0,0.0
2024-02-20 12:30:00-05:00,30.699899673461914,30.699899673461914,30.699899673461914,30.699899673461914,671,0.0,0.0,0.0
2024-02-20 13:30:00-05:00,30.6200008392334,30.674999237060547,30.6200008392334,30.674999237060547,432,0.0,0.0,0.0
2024-02-20 14:30:00-05:00,30.666000366210938,30.689699172973633,30.666000366210938,30.689699172973633,689,0.0,0.0,0.0
2024-02-20 15:30:00-05:00,30.639999389648438,30.68000030517578,30.639999389648438,30.66950035095215,352,0.0,0.0,0.0
2024-02-21 09:30:00-05:00,30.3799991607666,30.559999465942383,30.3799991607666,30.440099716186523,0,0.0,0.0,0.0
2024-02-21 13:30:00-05:00,30.5,30.5,30.5,30.5,281,0.0,0.0,0.0
2024-02-21 14:30:00-05:00,30.350000381469727,30.423599243164062,30.34000015258789,30.34000015258789,798,0.0,0.0,0.0
2024-02-21 15:30:00-05:00,30.40999984741211,30.549999237060547,30.40999984741211,30.549999237060547,1331,0.0,0.0,0.0
2024-02-22 09:30:00-05:00,30.360000610351562,30.6200008392334,30.270000457763672,30.56060028076172,0,0.0,0.0,0.0
2024-02-22 10:30:00-05:00,30.420000076293945,30.526399612426758,30.420000076293945,30.508899688720703,733,0.0,0.0,0.0
2024-02-22 12:30:00-05:00,30.559999465942383,30.559999465942383,30.559999465942383,30.559999465942383,426,0.0,0.0,0.0
2024-02-22 13:30:00-05:00,30.61009979248047,30.670000076293945,30.600000381469727,30.639999389648438,42282,0.0,0.0,0.0
2024-02-22 14:30:00-05:00,30.59819984436035,30.59819984436035,30.582399368286133,30.59000015258789,2626,0.0,0.0,0.0
2024-02-22 15:30:00-05:00,30.607799530029297,30.648399353027344,30.607799530029297,30.6200008392334,1581,0.0,0.0,0.0
2024-02-23 09:30:00-05:00,30.540000915527344,30.540000915527344,30.5,30.530000686645508,0,0.0,0.0,0.0
2024-02-23 10:30:00-05:00,30.56999969482422,30.584999084472656,30.56999969482422,30.584999084472656,600,0.0,0.0,0.0
2024-02-23 11:30:00-05:00,30.639999389648438,30.639999389648438,30.6299991607666,30.6299991607666,2114,0.0,0.0,0.0
2024-02-23 12:30:00-05:00,30.702899932861328,30.719900131225586,30.702899932861328,30.719900131225586,1467,0.0,0.0,0.0
2024-02-23 13:30:00-05:00,30.7322998046875,30.7322998046875,30.7322998046875,30.7322998046875,100,0.0,0.0,0.0
2024-02-23 14:30:00-05:00,30.68000030517578,30.68000030517578,30.670000076293945,30.670000076293945,1111,0.0,0.0,0.0
2024-02-23 15:30:00-05:00,30.610000610351562,30.639999389648438,30.607900619506836,30.639999389648438,2980,0.0,0.0,0.0
2024-02-26 09:30:00-05:00,30.600000381469727,30.74810028076172,30.600000381469727,30.74810028076172,1558,0.0,0.0,0.0
2024-02-26 10:30:00-05:00,30.729999542236328,30.729999542236328,30.68000030517578,30.68000030517578,1289,0.0,0.0,0.0
2024-02-26 11:30:00-05:00,30.694599151611328,30.694599151611328,30.688100814819336,30.688100814819336,733,0.0,0.0,0.0
2024-02-26 12:30:00-05:00,30.701000213623047,30.701000213623047,30.701000213623047,30.701000213623047,358,0.0,0.0,0.0
2024-02-26 13:30:00-05:00,30.574899673461914,30.574899673461914,30.574899673461914,30.574899673461914,784,0.0,0.0,0.0
2024-02-26 14:30:00-05:00,30.600400924682617,30.71809959411621,30.600400924682617,30.71809959411621,0,0.0,0.0,0.0
2024-02-27 09:30:00-05:00,30.899999618530273,30.899999618530273,30.841999053955078,30.841999053955078,3556,0.0,0.0,0.0
2024-02-27 10:30:00-05:00,30.790000915527344,30.840099334716797,30.790000915527344,30.825899124145508,572,0.0,0.0,0.0
2024-02-27 12:30:00-05:00,30.902799606323242,30.902799606323242,30.902799606323242,30.902799606323242,156,0.0,0.0,0.0
2024-02-27 13:30:00-05:00,30.87470054626465,30.889999389648438,30.87470054626465,30.889999389648438,1659,0.0,0.0,0.0
2024-02-27 14:30:00-05:00,30.876699447631836,30.974199295043945,30.876699447631836,30.974199295043945,444,0.0,0.0,0.0
2024-02-28 09:30:00-05:00,30.809999465942383,30.932899475097656,30.809999465942383,30.932899475097656,0,0.0,0.0,0.0
2024-02-28 10:30:00-05:00,31.010000228881836,31.010000228881836,31.010000228881836,31.010000228881836,451,0.0,0.0,0.0
2024-02-28 11:30:00-05:00,31.02400016784668,31.04199981689453,31.02400016784668,31.04199981689453,1559,0.0,0.0,0.0
2024-02-28 12:30:00-05:00,30.980300903320312,31.030000686645508,30.979999542236328,31.030000686645508,3974,0.0,0.0,0.0
2024-02-28 13:30:00-05:00,31.020000457763672,31.040000915527344,30.989900588989258,30.989900588989258,500,0.0,0.0,0.0
2024-02-28 14:30:00-05:00,31.020000457763672,31.040000915527344,31.0,31.040000915527344,2598,0.0,0.0,0.0
2024-02-28 15:30:00-05:00,30.940000534057617,30.964599609375,30.93000030517578,30.964599609375,2828,0.0,0.0,0.0
2024-02-29 09:30:00-05:00,31.209999084472656,31.209999084472656,31.13990020751953,31.15920066833496,2535,0.0,0.0,0.0
2024-02-29 11:30:00-05:00,30.816999435424805,30.816999435424805,30.816999435424805,30.816999435424805,465,0.0,0.0,0.0
2024-02-29 12:30:00-05:00,30.854000091552734,30.854000091552734,30.854000091552734,30.854000091552734,537,0.0,0.0,0.0
2024-02-29 13:30:00-05:00,30.84000015258789,30.84000015258789,30.799999237060547,30.799999237060547,1473,0.0,0.0,0.0
2024-02-29 14:30:00-05:00,30.8700008392334,30.889999389648438,30.86520004272461,30.86520004272461,0,0.0,0.0,0.0
2024-03-01 09:30:00-05:00,30.747499465942383,30.747499465942383,30.700000762939453,30.700000762939453,1746,0.0,0.0,0.0
2024-03-01 10:30:00-05:00,30.996299743652344,30.996299743652344,30.996299743652344,30.996299743652344,156,0.0,0.0,0.0
2024-03-01 12:30:00-05:00,31.020000457763672,31.049999237060547,31.020000457763672,31.049999237060547,860,0.0,0.0,0.0
2024-03-01 13:30:00-05:00,31.040000915527344,31.040000915527344,31.030000686645508,31.030000686645508,1088,0.0,0.0,0.0
2024-03-01 14:30:00-05:00,31.04840087890625,31.04840087890625,31.02630043029785,31.02630043029785,765,0.0,0.0,0.0
2024-03-01 15:30:00-05:00,31.022499084472656,31.072399139404297,31.022499084472656,31.072399139404297,100,0.0,0.0,0.0
2024-03-04 09:30:00-05:00,31.18000030517578,31.18000030517578,31.020099639892578,31.020099639892578,0,0.0,0.0,0.0
2024-03-04 10:30:00-05:00,30.940099716186523,31.0049991607666,30.940099716186523,31.0049991607666,432,0.0,0.0,0.0
2024-03-04 11:30:00-05:00,31.016000747680664,31.016000747680664,31.016000747680664,31.016000747680664,370,0.0,0.0,0.0
2024-03-04 12:30:00-05:00,31.110000610351562,31.110000610351562,31.110000610351562,31.110000610351562,401,0.0,0.0,0.0
2024-03-04 14:30:00-05:00,31.11009979248047,31.13800048828125,31.11009979248047,31.13800048828125,524,0.0,0.0,0.0
2024-03-04 15:30:00-05:00,31.059999465942383,31.059999465942383,31.040000915527344,31.05190086364746,654,0.0,0.0,0.0
2024-03-05 09:30:00-05:00,30.8799991607666,30.8799991607666,30.81999969482422,30.850000381469727,1315,0.0,0.0,0.0
2024-03-05 10:30:00-05:00,30.65169906616211,30.665000915527344,30.65169906616211,30.665000915527344,550,0.0,0.0,0.0
2024-03-05 11:30:00-05:00,30.65999984741211,30.65999984741211,30.65999984741211,30.65999984741211,353,0.0,0.0,0.0
2024-03-05 14:30:00-05:00,30.670000076293945,30.670000076293945,30.670000076293945,30.670000076293945,256,0.0,0.0,0.0
2024-03-05 15:30:00-05:00,30.593799591064453,30.700000762939453,30.593799591064453,30.690000534057617,13261,0.0,0.0,0.0
2024-03-06 09:30:00-05:00,30.969999313354492,30.969999313354492,30.867700576782227,30.924800872802734,0,0.0,0.0,0.0
2024-03-06 11:30:00-05:00,31.020099639892578,31.020099639892578,31.020099639892578,31.020099639892578,229,0.0,0.0,0.0
2024-03-06 12:30:00-05:00,31.040000915527344,31.040000915527344,31.003599166870117,31.003599166870117,771,0.0,0.0,0.0
2024-03-06 13:30:00-05:00,31.04400062561035,31.04400062561035,31.04400062561035,31.04400062561035,110,0.0,0.0,0.0
2024-03-06 14:30:00-05:00,31.030000686645508,31.030000686645508,31.0,31.010000228881836,3921,0.0,0.0,0.0
2024-03-06 15:30:00-05:00,30.97719955444336,30.97719955444336,30.94499969482422,30.97719955444336,0,0.0,0.0,0.0
2024-03-07 09:30:00-05:00,31.209999084472656,31.209999084472656,31.209999084472656,31.209999084472656,1054,0.0,0.0,0.0
2024-03-07 10:30:00-05:00,31.235000610351562,31.289899826049805,31.235000610351562,31.289899826049805,1610,0.0,0.0,0.0
2024-03-07 11:30:00-05:00,31.23550033569336,31.308900833129883,31.23550033569336,31.308900833129883,2046,0.0,0.0,0.0
2024-03-07 12:30:00-05:00,31.27519989013672,31.299999237060547,31.27519989013672,31.299999237060547,383,0.0,0.0,0.0
2024-03-07 13:30:00-05:00,31.325000762939453,31.325000762939453,31.315900802612305,31.315900802612305,599,0.0,0.0,0.0
2024-03-07 14:30:00-05:00,31.256200790405273,31.260499954223633,31.256200790405273,31.260499954223633,512,0.0,0.0,0.0
2024-03-07 15:30:00-05:00,31.260000228881836,31.260000228881836,31.249900817871094,31.249900817871094,136,0.0,0.0,0.0
2024-03-08 09:30:00-05:00,31.450000762939453,31.585800170898438,31.450000762939453,31.569900512695312,0,0.0,0.0,0.0
2024-03-08 10:30:00-05:00,31.5,31.507200241088867,31.36669921875,31.36669921875,2400,0.0,0.0,0.0
2024-03-08 12:30:00-05:00,31.385700225830078,31.385700225830078,31.243499755859375,31.243499755859375,702,0.0,0.0,0.0
2024-03-08 13:30:00-05:00,31.16010093688965,31.190000534057617,31.15130043029785,31.15130043029785,453,0.0,0.0,0.0
2024-03-11 09:30:00-04:00,30.9950008392334,30.9950008392334,30.9950008392334,30.9950008392334,0,0.0,0.0,0.0
2024-03-11 10:30:00-04:00,31.003700256347656,31.024599075317383,31.003700256347656,31.024599075317383,934,0.0,0.0,0.0
2024-03-11 12:30:00-04:00,31.020000457763672,31.030000686645508,31.020000457763672,31.030000686645508,263,0.0,0.0,0.0
2024-03-11 13:30:00-04:00,30.959999084472656,30.989999771118164,30.959999084472656,30.989999771118164,2505,0.0,0.0,0.0
2024-03-11 14:30:00-04:00,31.009599685668945,31.010000228881836,30.959999084472656,30.959999084472656,1319,0.0,0.0,0.0
2024-03-11 15:30:00-04:00,30.939899444580078,30.939899444580078,30.93000030517578,30.93000030517578,322,0.0,0.0,0.0
2024-03-12 09:30:00-04:00,30.989999771118164,30.989999771118164,30.989999771118164,30.989999771118164,0,0.0,0.0,0.0
2024-03-12 10:30:00-04:00,31.083599090576172,31.083599090576172,31.061399459838867,31.061399459838867,574,0.0,0.0,0.0
2024-03-12 11:30:00-04:00,30.969999313354492,30.979999542236328,30.90049934387207,30.90049934387207,837,0.0,0.0,0.0
2024-03-12 12:30:00-04:00,30.850000381469727,30.850000381469727,30.850000381469727,30.850000381469727,598,0.0,0.0,0.0
2024-03-12 13:30:00-04:00,30.908000946044922,30.924999237060547,30.908000946044922,30.913999557495117,1012,0.0,0.0,0.0
2024-03-12 15:30:00-04:00,31.020000457763672,31.020000457763672,30.99570083618164,31.010000228881836,685,0.0,0.0,0.0
2024-03-13 09:30:00-04:00,31.040000915527344,31.1299991607666,31.040000915527344,31.1299991607666,370,0.0,0.0,0.0
2024-03-13 10:30:00-04:00,31.04450035095215,31.087099075317383,31.04450035095215,31.087099075317383,420,0.0,0.0,0.0
2024-03-13 11:30:00-04:00,31.079999923706055,31.079999923706055,31.079999923706055,31.079999923706055,350,0.0,0.0,0.0
2024-03-13 12:30:00-04:00,31.09600067138672,31.1299991607666,31.09000015258789,31.114999771118164,980,0.0,0.0,0.0
2024-03-13 13:30:00-04:00,31.100000381469727,31.110000610351562,31.100000381469727,31.110000610351562,400,0.0,0.0,0.0
2024-03-13 15:30:00-04:00,30.985000610351562,30.997699737548828,30.985000610351562,30.997699737548828,100,0.0,0.0,0.0
2024-03-14 09:30:00-04:00,31.020000457763672,31.020000457763672,30.579999923706055,30.579999923706055,0,0.0,0.0,0.0
2024-03-14 10:30:00-04:00,30.56999969482422,30.56999969482422,30.56999969482422,30.56999969482422,261,0.0,0.0,0.0
2024-03-14 12:30:00-04:00,30.496000289916992,30.496000289916992,30.420000076293945,30.42009925842285,5178,0.0,0.0,0.0
2024-03-14 13:30:00-04:00,30.420000076293945,30.469999313354492,30.420000076293945,30.45800018310547,2611,0.0,0.0,0.0
2024-03-14 14:30:00-04:00,30.299999237060547,30.346900939941406,30.299999237060547,30.346900939941406,0,0.0,0.0,0.0
2024-03-15 09:30:00-04:00,30.15999984741211,30.3799991607666,30.15999984741211,30.28499984741211,6178,0.0,0.0,0.0
2024-03-15 10:30:00-04:00,30.325000762939453,30.334999084472656,30.280000686645508,30.31999969482422,2084,0.0,0.0,0.0
2024-03-15 11:30:00-04:00,30.31439971923828,30.31439971923828,30.281700134277344,30.281700134277344,855,0.0,0.0,0.0
2024-03-15 12:30:00-04:00,30.229999542236328,30.2450008392334,30.229999542236328,30.2450008392334,606,0.0,0.0,0.0
2024-03-15 13:30:00-04:00,30.305099487304688,30.329999923706055,30.305099487304688,30.329999923706055,1417,0.0,0.0,0.0
2024-03-15 14:30:00-04:00,30.356399536132812,30.356399536132812,30.356399536132812,30.356399536132812,270,0.0,0.0,0.0
2024-03-15 15:30:00-04:00,30.350000381469727,30.350000381469727,30.30780029296875,30.30780029296875,306,0.0,0.0,0.0
2024-03-18 09:30:00-04:00,30.489999771118164,30.489999771118164,30.334999084472656,30.405000686645508,0,0.0,0.0,0.0
2024-03-18 10:30:00-04:00,30.434999465942383,30.485000610351562,30.420000076293945,30.43090057373047,1271,0.0,0.0,0.0
2024-03-18 12:30:00-04:00,30.46500015258789,30.46500015258789,30.46500015258789,30.46500015258789,198,0.0,0.0,0.0
2024-03-18 13:30:00-04:00,30.5,30.540000915527344,30.4950008392334,30.540000915527344,2463,0.0,0.0,0.0
2024-03-18 14:30:00-04:00,30.569900512695312,30.569900512695312,30.540000915527344,30.540000915527344,735,0.0,0.0,0.0
2024-03-18 15:30:00-04:00,30.500099182128906,30.500099182128906,30.414899826049805,30.414899826049805,0,0.0,0.0,0.0
2024-03-19 09:30:00-04:00,30.350000381469727,30.450000762939453,30.350000381469727,30.400999069213867,869,0.0,0.0,0.0
2024-03-19 10:30:00-04:00,30.469999313354492,30.469999313354492,30.469999313354492,30.469999313354492,116,0.0,0.0,0.0
2024-03-19 12:30:00-04:00,30.615699768066406,30.719999313354492,30.615699768066406,30.719999313354492,455,0.0,0.0,0.0
2024-03-19 13:30:00-04:00,30.7726993560791,30.7726993560791,30.7726993560791,30.7726993560791,281,0.0,0.0,0.0
2024-03-19 14:30:00-04:00,30.77429962158203,30.780000686645508,30.77429962158203,30.780000686645508,728,0.0,0.0,0.0
2024-03-19 15:30:00-04:00,30.760000228881836,30.78619956970215,30.740299224853516,30.78619956970215,0,0.0,0.0,0.0
2024-03-20 09:30:00-04:00,30.760000228881836,30.81999969482422,30.760000228881836,30.780000686645508,388,0.0,0.0,0.0
2024-03-20 10:30:00-04:00,30.792800903320312,30.82069969177246,30.792800903320312,30.799999237060547,10513,0.0,0.0,0.0
2024-03-20 11:30:00-04:00,30.790000915527344,30.790000915527344,30.760000228881836,30.760000228881836,302,0.0,0.0,0.0
2024-03-20 12:30:00-04:00,30.770000457763672,30.770000457763672,30.770000457763672,30.770000457763672,116,0.0,0.0,0.0
2024-03-20 13:30:00-04:00,30.774999618530273,30.774999618530273,30.774999618530273,30.774999618530273,329,0.0,0.0,0.0
2024-03-20 14:30:00-04:00,30.719999313354492,30.8799991607666,30.719999313354492,30.8799991607666,746,0.0,0.0,0.0
2024-03-20 15:30:00-04:00,31.170000076293945,31.170000076293945,31.090900421142578,31.090900421142578,607,0.0,0.0,0.0
2024-03-21 09:30:00-04:00,31.309999465942383,31.319799423217773,31.309999465942383,31.319799423217773,971,0.0,0.0,0.0
2024-03-21 10:30:00-04:00,31.449899673461914,31.449899673461914,31.449899673461914,31.449899673461914,290,0.0,0.0,0.0
2024-03-21 11:30:00-04:00,31.355300903320312,31.355300903320312,31.355300903320312,31.355300903320312,301,0.0,0.0,0.0
2024-03-21 12:30:00-04:00,31.33679962158203,31.33679962158203,31.33679962158203,31.33679962158203,270,0.0,0.0,0.0
2024-03-21 13:30:00-04:00,31.37030029296875,31.399999618530273,31.3700008392334,31.3700008392334,1300,0.0,0.0,0.0
2024-03-21 14:30:00-04:00,31.450000762939453,31.454999923706055,31.43320083618164,31.43320083618164,919,0.0,0.0,0.0
2024-03-21 15:30:00-04:00,31.429899215698242,31.429899215698242,31.396900177001953,31.396900177001953,335,0.0,0.0,0.0
2024-03-22 09:30:00-04:00,31.40999984741211,31.40999984741211,31.350000381469727,31.350000381469727,0,0.0,0.0,0.0
2024-03-22 11:30:00-04:00,31.065000534057617,31.065000534057617,31.065000534057617,31.065000534057617,3253,0.0,0.0,0.0
2024-03-22 12:30:00-04:00,31.06999969482422,31.07670021057129,31.06999969482422,31.07670021057129,496,0.0,0.0,0.0
2024-03-22 13:30:00-04:00,31.100000381469727,31.100000381469727,31.100000381469727,31.100000381469727,186,0.0,0.0,0.0
2024-03-22 14:30:00-04:00,31.1200008392334,31.1200008392334,31.1200008392334,31.1200008392334,147,0.0,0.0,0.0
2024-03-22 15:30:00-04:00,31.040000915527344,31.049999237060547,31.040000915527344,31.049999237060547,356,0.0,0.0,0.0
2024-03-25 09:30:00-04:00,31.100000381469727,31.170000076293945,31.045000076293945,31.05069923400879,0,0.0,0.0,0.0
2024-03-25 10:30:00-04:00,30.974899291992188,30.985000610351562,30.974899291992188,30.985000610351562,418,0.0,0.0,0.0
2024-03-25 11:30:00-04:00,30.94499969482422,30.94499969482422,30.94499969482422,30.94499969482422,386,0.0,0.0,0.0
2024-03-25 12:30:00-04:00,30.915000915527344,30.915000915527344,30.915000915527344,30.915000915527344,526,0.0,0.0,0.0
2024-03-25 15:30:00-04:00,30.8799991607666,30.8799991607666,30.86009979248047,30.86009979248047,0,0.0,0.0,0.0
2024-03-26 09:30:00-04:00,31.020000457763672,31.020000457763672,30.940000534057617,30.969200134277344,1139,0.0,0.0,0.0
2024-03-26 10:30:00-04:00,30.920000076293945,30.924299240112305,30.895700454711914,30.895700454711914,3450,0.0,0.0,0.0
2024-03-26 11:30:00-04:00,30.90999984741211,30.90999984741211,30.90999984741211,30.90999984741211,386,0.0,0.0,0.0
2024-03-26 12:30:00-04:00,30.8799991607666,30.90999984741211,30.87030029296875,30.90999984741211,1123,0.0,0.0,0.0
2024-03-26 13:30:00-04:00,30.940000534057617,31.045000076293945,30.940000534057617,31.045000076293945,410,0.0,0.0,0.0
2024-03-26 14:30:00-04:00,31.049999237060547,31.120500564575195,30.969999313354492,31.0,1198,0.0,0.0,0.0
2024-03-26 15:30:00-04:00,31.010000228881836,31.010000228881836,30.90999984741211,30.911699295043945,1506,0.0,0.0,0.0
2024-03-27 09:30:00-04:00,31.110000610351562,31.280000686645508,31.110000610351562,31.229999542236328,0,0.0,0.0,0.0
2024-03-27 11:30:00-04:00,31.290000915527344,31.31999969482422,31.290000915527344,31.315000534057617,796,0.0,0.0,0.0
2024-03-27 13:30:00-04:00,31.324100494384766,31.324100494384766,31.324100494384766,31.324100494384766,306,0.0,0.0,0.0
2024-03-27 14:30:00-04:00,31.364999771118164,31.40999984741211,31.34000015258789,31.360000610351562,3617,0.0,0.0,0.0
2024-03-27 15:30:00-04:00,31.434099197387695,31.508399963378906,31.43000030517578,31.508399963378906,0,0.0,0.0,0.0
2024-03-28 09:30:00-04:00,31.850000381469727,31.850000381469727,31.850000381469727,31.850000381469727,411,0.0,0.0,0.0
2024-03-28 10:30:00-04:00,31.864999771118164,31.889999389648438,31.864999771118164,31.889999389648438,725,0.0,0.0,0.0
2024-03-28 11:30:00-04:00,31.97010040283203,32.0,31.97010040283203,31.979999542236328,720,0.0,0.0,0.0
2024-03-28 12:30:00-04:00,31.90999984741211,31.950000762939453,31.90999984741211,31.950000762939453,1269,0.0,0.0,0.0
2024-03-28 14:30:00-04:00,31.889999389648438,31.889999389648438,31.889999389648438,31.889999389648438,378,0.0,0.0,0.0
2024-03-28 15:30:00-04:00,31.860000610351562,31.874900817871094,31.860000610351562,31.874900817871094,248,0.0,0.0,0.0
2024-04-01 09:30:00-04:00,31.950000762939453,31.950000762939453,31.510099411010742,31.510099411010742,2194,0.0,0.0,0.0
2024-04-01 11:30:00-04:00,31.56999969482422,31.56999969482422,31.56999969482422,31.56999969482422,170,0.0,0.0,0.0
2024-04-01 12:30:00-04:00,31.543500900268555,31.543500900268555,31.514999389648438,31.514999389648438,779,0.0,0.0,0.0
2024-04-01 14:30:00-04:00,31.541400909423828,31.57990074157715,31.541400909423828,31.57990074157715,906,0.0,0.0,0.0
2024-04-01 15:30:00-04:00,31.549400329589844,31.590099334716797,31.530000686645508,31.590099334716797,0,0.0,0.0,0.0
2024-04-02 09:30:00-04:00,31.200000762939453,31.200000762939453,31.0,31.020000457763672,895,0.0,0.0,0.0
2024-04-02 11:30:00-04:00,30.93000030517578,30.93000030517578,30.917200088500977,30.917200088500977,379,0.0,0.0,0.0
2024-04-02 12:30:00-04:00,30.92799949645996,30.93000030517578,30.92799949645996,30.93000030517578,1853,0.0,0.0,0.0
2024-04-02 14:30:00-04:00,30.940000534057617,30.940000534057617,30.90999984741211,30.940000534057617,875,0.0,0.0,0.0
2024-04-02 15:30:00-04:00,30.940099716186523,30.940099716186523,30.940099716186523,30.940099716186523,190,0.0,0.0,0.0
2024-04-03 09:30:00-04:00,30.979999542236328,31.020000457763672,30.979999542236328,31.010000228881836,17631,0.0,0.0,0.0
2024-04-03 10:30:00-04:00,31.010099411010742,31.059999465942383,31.010099411010742,31.059900283813477,675,0.0,0.0,0.0
2024-04-03 11:30:00-04:00,31.035499572753906,31.035499572753906,30.93000030517578,30.940099716186523,1973,0.0,0.0,0.0
2024-04-03 12:30:00-04:00,30.959999084472656,30.959999084472656,30.959999084472656,30.959999084472656,212,0.0,0.0,0.0
2024-04-03 14:30:00-04:00,30.889999389648438,30.920000076293945,30.799999237060547,30.81999969482422,10837,0.0,0.0,0.0
2024-04-03 15:30:00-04:00,30.850000381469727,30.859100341796875,30.850000381469727,30.859100341796875,0,0.0,0.0,0.0
2024-04-04 09:30:00-04:00,31.170000076293945,31.170000076293945,31.145000457763672,31.145000457763672,461,0.0,0.0,0.0
2024-04-04 10:30:00-04:00,31.200000762939453,31.22719955444336,31.200000762939453,31.22719955444336,768,0.0,0.0,0.0
2024-04-04 13:30:00-04:00,31.22010040283203,31.229999542236328,31.20009994506836,31.229999542236328,919,0.0,0.0,0.0
2024-04-04 14:30:00-04:00,30.905000686645508,30.905000686645508,30.905000686645508,30.905000686645508,429,0.0,0.0,0.0
2024-04-04 15:30:00-04:00,30.614999771118164,30.687299728393555,30.614999771118164,30.687299728393555,0,0.0,0.0,0.0
2024-04-05 09:30:00-04:00,30.56999969482422,30.665300369262695,30.56999969482422,30.665300369262695,842,0.0,0.0,0.0
2024-04-05 10:30:00-04:00,30.75749969482422,30.75749969482422,30.75749969482422,30.75749969482422,395,0.0,0.0,0.0
2024-04-05 11:30:00-04:00,30.809900283813477,30.809900283813477,30.809900283813477,30.809900283813477,227,0.0,0.0,0.0
2024-04-05 12:30:00-04:00,30.959999084472656,31.0,30.959999084472656,31.0,272,0.0,0.0,0.0
2024-04-05 13:30:00-04:00,30.890100479125977,30.890100479125977,30.890100479125977,30.890100479125977,440,0.0,0.0,0.0
2024-04-05 14:30:00-04:00,30.920000076293945,30.920000076293945,30.920000076293945,30.920000076293945,159,0.0,0.0,0.0
2024-04-05 15:30:00-04:00,30.920000076293945,30.920000076293945,30.91390037536621,30.91390037536621,145,0.0,0.0,0.0
2024-04-08 09:30:00-04:00,31.049999237060547,31.049999237060547,31.035499572753906,31.035499572753906,351,0.0,0.0,0.0
2024-04-08 10:30:00-04:00,31.05500030517578,31.05500030517578,31.05500030517578,31.05500030517578,319,0.0,0.0,0.0
2024-04-08 11:30:00-04:00,31.05500030517578,31.05500030517578,31.03179931640625,31.03179931640625,433,0.0,0.0,0.0
2024-04-08 12:30:00-04:00,31.174999237060547,31.174999237060547,31.174999237060547,31.174999237060547,175,0.0,0.0,0.0
2024-04-08 14:30:00-04:00,31.15369987487793,31.155000686645508,31.074600219726562,31.074600219726562,693,0.0,0.0,0.0
2024-04-09 09:30:00-04:00,31.1200008392334,31.235000610351562,31.1200008392334,31.200000762939453,986,0.0,0.0,0.0
2024-04-09 10:30:00-04:00,31.160600662231445,31.160600662231445,31.160600662231445,31.160600662231445,393,0.0,0.0,0.0
2024-04-09 12:30:00-04:00,31.250099182128906,31.250099182128906,31.18790054321289,31.18790054321289,1156,0.0,0.0,0.0
2024-04-09 14:30:00-04:00,31.184999465942383,31.184999465942383,31.18000030517578,31.18000030517578,346,0.0,0.0,0.0
2024-04-09 15:30:00-04:00,31.240100860595703,31.271699905395508,31.240100860595703,31.271699905395508,0,0.0,0.0,0.0
2024-04-10 09:30:00-04:00,30.739999771118164,30.739999771118164,30.610000610351562,30.665000915527344,2068,0.0,0.0,0.0
2024-04-10 10:30:00-04:00,30.680299758911133,30.700000762939453,30.650999069213867,30.700000762939453,1904,0.0,0.0,0.0
2024-04-10 11:30:00-04:00,30.625099182128906,30.640600204467773,30.618000030517578,30.640600204467773,532,0.0,0.0,0.0
2024-04-10 14:30:00-04:00,30.540000915527344,30.59819984436035,30.530000686645508,30.59819984436035,2931,0.0,0.0,0.0
2024-04-10 15:30:00-04:00,30.540000915527344,30.635000228881836,30.540000915527344,30.635000228881836,244,0.0,0.0,0.0
2024-04-11 09:30:00-04:00,30.7450008392334,30.7450008392334,30.498300552368164,30.498300552368164,0,0.0,0.0,0.0
2024-04-11 10:30:00-04:00,30.520000457763672,30.52669906616211,30.47010040283203,30.484100341796875,2539,0.0,0.0,0.0
2024-04-11 11:30:00-04:00,30.510000228881836,30.614999771118164,30.510000228881836,30.614999771118164,645,0.0,0.0,0.0
2024-04-11 12:30:00-04:00,30.584999084472656,30.65999984741211,30.584999084472656,30.65999984741211,413,0.0,0.0,0.0
2024-04-11 13:30:00-04:00,30.7549991607666,30.7549991607666,30.7549991607666,30.7549991607666,0,0.0,0.0,0.0
2024-04-11 14:30:00-04:00,30.790000915527344,30.80820083618164,30.77280044555664,30.77280044555664,237,0.0,0.0,0.0
2024-04-12 11:30:00-04:00,30.302000045776367,30.302000045776367,30.25,30.25,7334,0.0,0.0,0.0
2024-04-12 13:30:00-04:00,30.15999984741211,30.15999984741211,30.15999984741211,30.15999984741211,109,0.0,0.0,0.0
2024-04-12 14:30:00-04:00,30.06999969482422,30.06999969482422,30.06999969482422,30.06999969482422,155,0.0,0.0,0.0
2024-04-12 15:30:00-04:00,30.110000610351562,30.110000610351562,30.110000610351562,30.110000610351562,121,0.0,0.0,0.0
2024-04-15 09:30:00-04:00,30.309999465942383,30.309999465942383,29.959999084472656,29.959999084472656,4361,0.0,0.0,0.0
2024-04-15 10:30:00-04:00,29.860000610351562,29.860000610351562,29.860000610351562,29.860000610351562,949,0.0,0.0,0.0
2024-04-15 12:30:00-04:00,29.86009979248047,29.90999984741211,29.844999313354492,29.844999313354492,692,0.0,0.0,0.0
2024-04-15 13:30:00-04:00,29.6299991607666,29.709999084472656,29.602500915527344,29.602500915527344,0,0.0,0.0,0.0
2024-04-16 09:30:00-04:00,29.450000762939453,29.450000762939453,29.329999923706055,29.38010025024414,2390,0.0,0.0,0.0
2024-04-16 10:30:00-04:00,29.440000534057617,29.450000762939453,29.440000534057617,29.450000762939453,1153,0.0,0.0,0.0
2024-04-16 13:30:00-04:00,29.57990074157715,29.579999923706055,29.55500030517578,29.579999923706055,1994,0.0,0.0,0.0
2024-04-16 14:30:00-04:00,29.510099411010742,29.510099411010742,29.4424991607666,29.4424991607666,0,0.0,0.0,0.0
2024-04-17 09:30:00-04:00,29.503599166870117,29.503599166870117,29.382699966430664,29.420000076293945,7639,0.0,0.0,0.0
2024-04-17 10:30:00-04:00,29.364999771118164,29.399999618530273,29.364999771118164,29.399999618530273,1168,0.0,0.0,0.0
2024-04-17 13:30:00-04:00,29.395099639892578,29.395099639892578,29.360000610351562,29.360000610351562,342,0.0,0.0,0.0
2024-04-17 14:30:00-04:00,29.389999389648438,29.440000534057617,29.239999771118164,29.260000228881836,2713,0.0,0.0,0.0
2024-04-17 15:30:00-04:00,29.25,29.280000686645508,29.209999084472656,29.251100540161133,0,0.0,0.0,0.0
2024-04-18 09:30:00-04:00,29.209999084472656,29.209999084472656,29.209999084472656,29.209999084472656,132,0.0,0.0,0.0
2024-04-18 10:30:00-04:00,29.46500015258789,29.46500015258789,29.46500015258789,29.46500015258789,117,0.0,0.0,0.0
2024-04-18 12:30:00-04:00,29.33009910583496,29.33009910583496,29.28499984741211,29.28499984741211,782,0.0,0.0,0.0
2024-04-18 13:30:00-04:00,29.06999969482422,29.139999389648438,29.06999969482422,29.139999389648438,1187,0.0,0.0,0.0
2024-04-18 14:30:00-04:00,29.0,29.0,28.950599670410156,28.97920036315918,0,0.0,0.0,0.0
2024-04-19 09:30:00-04:00,28.809999465942383,28.959999084472656,28.809999465942383,28.959999084472656,1649,0.0,0.0,0.0
2024-04-19 10:30:00-04:00,29.06999969482422,29.110000610351562,29.045499801635742,29.045499801635742,5535,0.0,0.0,0.0
2024-04-19 11:30:00-04:00,29.05470085144043,29.090099334716797,29.05470085144043,29.079999923706055,2753,0.0,0.0,0.0
2024-04-19 12:30:00-04:00,29.065000534057617,29.065000534057617,29.065000534057617,29.065000534057617,138,0.0,0.0,0.0
2024-04-19 13:30:00-04:00,29.024999618530273,29.024999618530273,29.024999618530273,29.024999618530273,285,0.0,0.0,0.0
2024-04-19 14:30:00-04:00,28.860000610351562,29.004899978637695,28.860000610351562,29.004899978637695,346,0.0,0.0,0.0
2024-04-22 09:30:00-04:00,29.229999542236328,29.229999542236328,29.229999542236328,29.229999542236328,0,0.0,0.0,0.0
2024-04-22 10:30:00-04:00,29.180500030517578,29.180500030517578,29.180500030517578,29.180500030517578,375,0.0,0.0,0.0
2024-04-22 11:30:00-04:00,29.219999313354492,29.219999313354492,29.219999313354492,29.219999313354492,191,0.0,0.0,0.0
2024-04-22 12:30:00-04:00,29.290000915527344,29.290000915527344,29.290000915527344,29.290000915527344,288,0.0,0.0,0.0
2024-04-22 15:30:00-04:00,29.34939956665039,29.34939956665039,29.308000564575195,29.308000564575195,108,0.0,0.0,0.0
2024-04-23 09:30:00-04:00,29.350000381469727,29.704999923706055,29.350000381469727,29.701000213623047,0,0.0,0.0,0.0
2024-04-23 10:30:00-04:00,29.69809913635254,29.69809913635254,29.69809913635254,29.69809913635254,393,0.0,0.0,0.0
2024-04-23 11:30:00-04:00,29.739999771118164,29.770000457763672,29.709299087524414,29.770000457763672,1611,0.0,0.0,0.0
2024-04-23 12:30:00-04:00,29.726600646972656,29.726600646972656,29.726600646972656,29.726600646972656,869,0.0,0.0,0.0
2024-04-23 13:30:00-04:00,29.84000015258789,29.860000610351562,29.809999465942383,29.860000610351562,2159,0.0,0.0,0.0
2024-04-23 14:30:00-04:00,29.799999237060547,29.799999237060547,29.724599838256836,29.724599838256836,0,0.0,0.0,0.0
2024-04-24 09:30:00-04:00,29.719999313354492,29.899999618530273,29.719999313354492,29.899999618530273,1135,0.0,0.0,0.0
2024-04-24 10:30:00-04:00,29.64419937133789,29.64419937133789,29.64419937133789,29.64419937133789,256,0.0,0.0,0.0
2024-04-24 12:30:00-04:00,29.530099868774414,29.635400772094727,29.530099868774414,29.635400772094727,768,0.0,0.0,0.0
2024-04-24 15:30:00-04:00,29.709999084472656,29.76460075378418,29.700000762939453,29.76460075378418,25136,0.0,0.0,0.0
2024-04-25 09:30:00-04:00,29.399999618530273,29.399999618530273,29.1299991607666,29.1299991607666,0,0.0,0.0,0.0
2024-04-25 15:30:00-04:00,29.396499633789062,29.453800201416016,29.396499633789062,29.453800201416016,100,0.0,0.0,0.0
2024-04-26 09:30:00-04:00,29.579999923706055,29.70479965209961,29.40999984741211,29.6200008392334,0,0.0,0.0,0.0
2024-04-26 10:30:00-04:00,29.6299991607666,29.639999389648438,29.6299991607666,29.639999389648438,1132,0.0,0.0,0.0
2024-04-26 11:30:00-04:00,29.700000762939453,29.700000762939453,29.700000762939453,29.700000762939453,760,0.0,0.0,0.0
2024-04-26 13:30:00-04:00,29.75,29.7549991607666,29.75,29.7549991607666,600,0.0,0.0,0.0
2024-04-26 14:30:00-04:00,29.704999923706055,29.729299545288086,29.704999923706055,29.729299545288086,197,0.0,0.0,0.0
2024-04-29 09:30:00-04:00,29.8799991607666,29.8799991607666,29.8700008392334,29.8700008392334,0,0.0,0.0,0.0
2024-04-29 10:30:00-04:00,29.92009925842285,29.969999313354492,29.92009925842285,29.92919921875,2541,0.0,0.0,0.0
2024-04-29 11:30:00-04:00,29.969999313354492,30.030000686645508,29.969999313354492,30.030000686645508,750,0.0,0.0,0.0
2024-04-29 13:30:00-04:00,30.030000686645508,30.044599533081055,30.0216007232666,30.0216007232666,397,0.0,0.0,0.0
2024-04-29 14:30:00-04:00,29.989999771118164,30.0,29.989999771118164,30.0,674,0.0,0.0,0.0
2024-04-29 15:30:00-04:00,29.899999618530273,30.0,29.899999618530273,30.0,5501,0.0,0.0,0.0
2024-04-30 09:30:00-04:00,29.649999618530273,29.790000915527344,29.615699768066406,29.739999771118164,0,0.0,0.0,0.0
2024-04-30 10:30:00-04:00,29.653799057006836,29.68280029296875,29.653799057006836,29.68280029296875,293,0.0,0.0,0.0
2024-04-30 12:30:00-04:00,29.645099639892578,29.645099639892578,29.645099639892578,29.645099639892578,524,0.0,0.0,0.0
2024-04-30 13:30:00-04:00,29.68000030517578,29.68000030517578,29.68000030517578,29.68000030517578,185,0.0,0.0,0.0
2024-04-30 15:30:00-04:00,29.549999237060547,29.55120086669922,29.435699462890625,29.435699462890625,2216,0.0,0.0,0.0
2024-05-01 09:30:00-04:00,29.43000030517578,29.643699645996094,29.43000030517578,29.643699645996094,0,0.0,0.0,0.0
2024-05-01 10:30:00-04:00,29.655000686645508,29.700000762939453,29.62579917907715,29.62579917907715,1748,0.0,0.0,0.0
2024-05-01 11:30:00-04:00,29.610000610351562,29.610000610351562,29.610000610351562,29.610000610351562,170,0.0,0.0,0.0
2024-05-01 12:30:00-04:00,29.690000534057617,29.690000534057617,29.690000534057617,29.690000534057617,369,0.0,0.0,0.0
2024-05-01 13:30:00-04:00,29.639999389648438,29.75,29.639999389648438,29.714599609375,1374,0.0,0.0,0.0
2024-05-01 14:30:00-04:00,30.140100479125977,30.140100479125977,30.140100479125977,30.140100479125977,131,0.0,0.0,0.0
2024-05-01 15:30:00-04:00,29.860000610351562,29.860000610351562,29.68000030517578,29.68000030517578,0,0.0,0.0,0.0
2024-05-02 09:30:00-04:00,29.78499984741211,29.799800872802734,29.78499984741211,29.799800872802734,745,0.0,0.0,0.0
2024-05-02 10:30:00-04:00,29.985000610351562,30.020000457763672,29.979999542236328,30.020000457763672,1436,0.0,0.0,0.0
2024-05-02 11:30:00-04:00,30.010000228881836,30.024999618530273,30.010000228881836,30.010000228881836,850,0.0,0.0,0.0
2024-05-02 12:30:00-04:00,30.040000915527344,30.040000915527344,30.040000915527344,30.040000915527344,103,0.0,0.0,0.0
2024-05-02 13:30:00-04:00,30.091800689697266,30.1200008392334,30.0846004486084,30.09939956665039,2274,0.0,0.0,0.0
2024-05-02 14:30:00-04:00,30.110000610351562,30.15999984741211,30.110000610351562,30.149499893188477,1761,0.0,0.0,0.0
2024-05-02 15:30:00-04:00,30.18000030517578,30.20319938659668,30.18000030517578,30.20319938659668,0,0.0,0.0,0.0
2024-05-03 09:30:00-04:00,30.676700592041016,30.676700592041016,30.559999465942383,30.559999465942383,814,0.0,0.0,0.0
2024-05-03 11:30:00-04:00,30.40999984741211,30.459999084472656,30.40999984741211,30.42930030822754,1886,0.0,0.0,0.0
2024-05-03 12:30:00-04:00,30.360000610351562,30.360000610351562,30.360000610351562,30.360000610351562,453,0.0,0.0,0.0
2024-05-03 13:30:00-04:00,30.450000762939453,30.5,30.450000762939453,30.47960090637207,2100,0.0,0.0,0.0
2024-05-03 14:30:00-04:00,30.506999969482422,30.506999969482422,30.506999969482422,30.506999969482422,314,0.0,0.0,0.0
2024-05-03 15:30:00-04:00,30.399999618530273,30.46030044555664,30.399999618530273,30.46030044555664,302,0.0,0.0,0.0
2024-05-06 09:30:00-04:00,30.6299991607666,30.770000457763672,30.6299991607666,30.770000457763672,2872,0.0,0.0,0.0
2024-05-06 10:30:00-04:00,30.729999542236328,30.729999542236328,30.729999542236328,30.729999542236328,239,0.0,0.0,0.0
2024-05-06 11:30:00-04:00,30.680999755859375,30.71500015258789,30.680999755859375,30.71500015258789,1910,0.0,0.0,0.0
2024-05-06 13:30:00-04:00,30.729999542236328,30.780000686645508,30.729999542236328,30.780000686645508,1362,0.0,0.0,0.0
2024-05-06 14:30:00-04:00,30.758800506591797,30.758800506591797,30.729999542236328,30.729999542236328,1354,0.0,0.0,0.0
2024-05-06 15:30:00-04:00,30.75,30.812999725341797,30.75,30.812999725341797,0,0.0,0.0,0.0
2024-05-07 10:30:00-04:00,30.973600387573242,30.973600387573242,30.973600387573242,30.973600387573242,431,0.0,0.0,0.0
2024-05-07 12:30:00-04:00,31.055099487304688,31.055099487304688,31.055099487304688,31.055099487304688,256,0.0,0.0,0.0
2024-05-07 13:30:00-04:00,30.952499389648438,30.952499389648438,30.952499389648438,30.952499389648438,100,0.0,0.0,0.0
2024-05-07 14:30:00-04:00,30.91010093688965,30.965099334716797,30.91010093688965,30.965099334716797,493,0.0,0.0,0.0
2024-05-07 15:30:00-04:00,30.934999465942383,30.950000762939453,30.882999420166016,30.882999420166016,378,0.0,0.0,0.0
2024-05-08 09:30:00-04:00,30.549999237060547,30.924999237060547,30.549999237060547,30.924999237060547,0,0.0,0.0,0.0
2024-05-08 10:30:00-04:00,30.96500015258789,30.96500015258789,30.90999984741211,30.90999984741211,637,0.0,0.0,0.0
2024-05-08 11:30:00-04:00,30.881200790405273,30.881200790405273,30.881200790405273,30.881200790405273,183,0.0,0.0,0.0
2024-05-08 12:30:00-04:00,30.700000762939453,30.73430061340332,30.700000762939453,30.73430061340332,1128,0.0,0.0,0.0
2024-05-08 13:30:00-04:00,30.790000915527344,30.823200225830078,30.790000915527344,30.823200225830078,1233,0.0,0.0,0.0
2024-05-08 14:30:00-04:00,30.76889991760254,30.76889991760254,30.76889991760254,30.76889991760254,236,0.0,0.0,0.0
2024-05-08 15:30:00-04:00,30.768400192260742,30.768400192260742,30.768400192260742,30.768400192260742,0,0.0,0.0,0.0
2024-05-09 10:30:00-04:00,31.16010093688965,31.16010093688965,31.15999984741211,31.15999984741211,442,0.0,0.0,0.0
2024-05-09 12:30:00-04:00,31.18000030517578,31.209999084472656,31.179899215698242,31.209999084472656,3764,0.0,0.0,0.0
2024-05-09 13:30:00-04:00,31.260000228881836,31.260000228881836,31.260000228881836,31.260000228881836,485,0.0,0.0,0.0
2024-05-09 14:30:00-04:00,31.37849998474121,31.37849998474121,31.37849998474121,31.37849998474121,156,0.0,0.0,0.0
2024-05-10 09:30:00-04:00,31.489999771118164,31.489999771118164,31.25,31.273700714111328,2741,0.0,0.0,0.0
2024-05-10 11:30:00-04:00,31.204999923706055,31.204999923706055,31.204999923706055,31.204999923706055,744,0.0,0.0,0.0
2024-05-10 13:30:00-04:00,31.18000030517578,31.256200790405273,31.18000030517578,31.256200790405273,1100,0.0,0.0,0.0
2024-05-13 09:30:00-04:00,31.360000610351562,31.530000686645508,31.360000610351562,31.530000686645508,1775,0.0,0.0,0.0
2024-05-13 13:30:00-04:00,31.324899673461914,31.324899673461914,31.324899673461914,31.324899673461914,602,0.0,0.0,0.0
2024-05-13 14:30:00-04:00,31.35770034790039,31.360000610351562,31.35770034790039,31.360000610351562,1738,0.0,0.0,0.0
2024-05-13 15:30:00-04:00,31.219499588012695,31.22920036315918,31.219499588012695,31.22920036315918,204,0.0,0.0,0.0
2024-05-14 09:30:00-04:00,31.40999984741211,31.524999618530273,31.40999984741211,31.524999618530273,0,0.0,0.0,0.0
2024-05-14 10:30:00-04:00,31.412200927734375,31.412200927734375,31.412200927734375,31.412200927734375,463,0.0,0.0,0.0
2024-05-14 12:30:00-04:00,31.350000381469727,31.350000381469727,31.350000381469727,31.350000381469727,113,0.0,0.0,0.0
2024-05-14 13:30:00-04:00,31.375,31.375,31.320199966430664,31.329999923706055,3466,0.0,0.0,0.0
2024-05-14 14:30:00-04:00,31.329999923706055,31.36009979248047,31.329999923706055,31.357500076293945,0,0.0,0.0,0.0
2024-05-15 09:30:00-04:00,31.600000381469727,31.600000381469727,31.441099166870117,31.459999084472656,3480,0.0,0.0,0.0
2024-05-15 10:30:00-04:00,31.48859977722168,31.504600524902344,31.48859977722168,31.490100860595703,0,0.0,0.0,0.0
2024-05-15 11:30:00-04:00,31.540000915527344,31.559999465942383,31.5,31.5,5016,0.0,0.0,0.0
2024-05-15 12:30:00-04:00,31.531999588012695,31.531999588012695,31.531999588012695,31.531999588012695,606,0.0,0.0,0.0
2024-05-15 13:30:00-04:00,31.514999389648438,31.514999389648438,31.514999389648438,31.514999389648438,103,0.0,0.0,0.0
2024-05-15 14:30:00-04:00,31.489999771118164,31.5,31.479999542236328,31.5,2455,0.0,0.0,0.0
2024-05-15 15:30:00-04:00,31.548900604248047,31.548900604248047,31.510000228881836,31.510000228881836,0,0.0,0.0,0.0
2024-05-16 09:30:00-04:00,31.3700008392334,31.540000915527344,31.3700008392334,31.471099853515625,2378,0.0,0.0,0.0
2024-05-16 10:30:00-04:00,31.469999313354492,31.469999313354492,31.469999313354492,31.469999313354492,212,0.0,0.0,0.0
2024-05-16 11:30:00-04:00,31.5049991607666,31.5049991607666,31.5049991607666,31.5049991607666,357,0.0,0.0,0.0
2024-05-16 13:30:00-04:00,31.5,31.549999237060547,31.5,31.549999237060547,712,0.0,0.0,0.0
2024-05-16 14:30:00-04:00,31.540000915527344,31.559999465942383,31.540000915527344,31.559999465942383,298,0.0,0.0,0.0
2024-05-16 15:30:00-04:00,31.546300888061523,31.546300888061523,31.527999877929688,31.527999877929688,0,0.0,0.0,0.0
2024-05-17 09:30:00-04:00,31.459999084472656,31.49449920654297,31.459999084472656,31.49449920654297,1126,0.0,0.0,0.0
2024-05-17 10:30:00-04:00,31.464099884033203,31.464099884033203,31.464099884033203,31.464099884033203,595,0.0,0.0,0.0
2024-05-17 11:30:00-04:00,31.478099822998047,31.478099822998047,31.478099822998047,31.478099822998047,455,0.0,0.0,0.0
2024-05-17 12:30:00-04:00,31.40999984741211,31.40999984741211,31.40999984741211,31.40999984741211,497,0.0,0.0,0.0
2024-05-17 15:30:00-04:00,31.465900421142578,31.469999313354492,31.465900421142578,31.469999313354492,822,0.0,0.0,0.0
2024-05-20 09:30:00-04:00,31.31999969482422,31.52050018310547,31.31999969482422,31.52050018310547,1890,0.0,0.0,0.0
2024-05-20 10:30:00-04:00,31.559999465942383,31.575000762939453,31.559999465942383,31.575000762939453,366,0.0,0.0,0.0
2024-05-20 12:30:00-04:00,31.65999984741211,31.65999984741211,31.65999984741211,31.65999984741211,222,0.0,0.0,0.0
2024-05-20 13:30:00-04:00,31.59000015258789,31.594999313354492,31.56999969482422,31.594999313354492,1274,0.0,0.0,0.0
2024-05-20 14:30:00-04:00,31.559999465942383,31.614999771118164,31.559999465942383,31.614999771118164,485,0.0,0.0,0.0
2024-05-20 15:30:00-04:00,31.559999465942383,31.57430076599121,31.559999465942383,31.57430076599121,307,0.0,0.0,0.0
2024-05-21 09:30:00-04:00,31.290000915527344,31.453699111938477,31.290000915527344,31.388200759887695,1157,0.0,0.0,0.0
2024-05-21 10:30:00-04:00,31.399999618530273,31.399999618530273,31.389999389648438,31.389999389648438,449,0.0,0.0,0.0
2024-05-21 13:30:00-04:00,31.389999389648438,31.389999389648438,31.389999389648438,31.389999389648438,199,0.0,0.0,0.0
2024-05-21 14:30:00-04:00,31.3799991607666,31.453500747680664,31.3799991607666,31.453500747680664,0,0.0,0.0,0.0
2024-05-22 09:30:00-04:00,31.200000762939453,31.459999084472656,31.200000762939453,31.459999084472656,4811,0.0,0.0,0.0
2024-05-22 12:30:00-04:00,31.458900451660156,31.458900451660156,31.43000030517578,31.446699142456055,1502,0.0,0.0,0.0
2024-05-22 13:30:00-04:00,31.3700008392334,31.439899444580078,31.3700008392334,31.439899444580078,4453,0.0,0.0,0.0
2024-05-22 14:30:00-04:00,31.309999465942383,31.309999465942383,31.292800903320312,31.299999237060547,727,0.0,0.0,0.0
2024-05-22 15:30:00-04:00,31.329700469970703,31.329700469970703,31.299999237060547,31.329700469970703,443,0.0,0.0,0.0
2024-05-23 09:30:00-04:00,31.299999237060547,31.329999923706055,31.209999084472656,31.209999084472656,0,0.0,0.0,0.0
2024-05-23 11:30:00-04:00,31.084999084472656,31.113100051879883,31.05459976196289,31.06999969482422,2800,0.0,0.0,0.0
2024-05-23 12:30:00-04:00,31.1200008392334,31.1200008392334,30.850000381469727,30.940000534057617,21254,0.0,0.0,0.0
2024-05-23 13:30:00-04:00,30.896499633789062,30.939899444580078,30.68829917907715,30.7549991607666,69487,0.0,0.0,0.0
2024-05-23 15:30:00-04:00,30.722000122070312,30.739999771118164,30.722000122070312,30.739999771118164,391,0.0,0.0,0.0
2024-05-24 09:30:00-04:00,30.93000030517578,30.94499969482422,30.8799991607666,30.909500122070312,0,0.0,0.0,0.0
2024-05-24 10:30:00-04:00,30.950000762939453,31.10070037841797,30.950000762939453,31.10070037841797,972,0.0,0.0,0.0
2024-05-24 11:30:00-04:00,31.06369972229004,31.15019989013672,31.06369972229004,31.15019989013672,1524,0.0,0.0,0.0
2024-05-24 14:30:00-04:00,31.059999465942383,31.09630012512207,31.059999465942383,31.09630012512207,1818,0.0,0.0,0.0
2024-05-28 09:30:00-04:00,31.290000915527344,31.290000915527344,31.059999465942383,31.059999465942383,0,0.0,0.0,0.0
2024-05-28 10:30:00-04:00,30.990100860595703,31.104999542236328,30.989999771118164,31.104999542236328,1754,0.0,0.0,0.0
2024-05-28 11:30:00-04:00,31.090099334716797,31.090099334716797,31.059999465942383,31.059999465942383,889,0.0,0.0,0.0
2024-05-28 12:30:00-04:00,31.110000610351562,31.110000610351562,31.110000610351562,31.110000610351562,172,0.0,0.0,0.0
2024-05-28 13:30:00-04:00,31.118900299072266,31.118900299072266,31.07509994506836,31.079999923706055,1352,0.0,0.0,0.0
2024-05-28 14:30:00-04:00,31.024999618530273,31.03510093688965,31.010000228881836,31.010000228881836,1100,0.0,0.0,0.0
2024-05-28 15:30:00-04:00,31.049999237060547,31.083099365234375,31.049999237060547,31.083099365234375,0,0.0,0.0,0.0
2024-05-29 09:30:00-04:00,30.59000015258789,30.80229949951172,30.59000015258789,30.709999084472656,1756,0.0,0.0,0.0
2024-05-29 10:30:00-04:00,30.68000030517578,30.71500015258789,30.670000076293945,30.678699493408203,4062,0.0,0.0,0.0
2024-05-29 12:30:00-04:00,30.700000762939453,30.700000762939453,30.700000762939453,30.700000762939453,307,0.0,0.0,0.0
2024-05-29 13:30:00-04:00,30.760000228881836,30.760000228881836,30.709999084472656,30.75200080871582,1355,0.0,0.0,0.0
2024-05-29 14:30:00-04:00,30.68000030517578,30.708499908447266,30.68000030517578,30.708499908447266,481,0.0,0.0,0.0
2024-05-29 15:30:00-04:00,30.709999084472656,30.729999542236328,30.709999084472656,30.729299545288086,446,0.0,0.0,0.0
2024-05-30 09:30:00-04:00,30.8700008392334,30.8700008392334,30.760400772094727,30.760400772094727,261,0.0,0.0,0.0
2024-05-30 10:30:00-04:00,30.841699600219727,30.841699600219727,30.841699600219727,30.841699600219727,170,0.0,0.0,0.0
2024-05-30 12:30:00-04:00,30.892000198364258,30.892000198364258,30.892000198364258,30.892000198364258,356,0.0,0.0,0.0
2024-05-30 13:30:00-04:00,30.8799991607666,30.8799991607666,30.8799991607666,30.8799991607666,220,0.0,0.0,0.0
2024-05-30 15:30:00-04:00,30.760000228881836,30.770000457763672,30.729999542236328,30.770000457763672,857,0.0,0.0,0.0
2024-05-31 09:30:00-04:00,30.989999771118164,30.989999771118164,30.860000610351562,30.860000610351562,861,0.0,0.0,0.0
2024-05-31 10:30:00-04:00,30.815000534057617,30.815000534057617,30.760000228881836,30.809999465942383,960,0.0,0.0,0.0
2024-05-31 11:30:00-04:00,30.711000442504883,30.711000442504883,30.711000442504883,30.711000442504883,200,0.0,0.0,0.0
2024-05-31 12:30:00-04:00,30.622299194335938,30.622299194335938,30.622299194335938,30.622299194335938,374,0.0,0.0,0.0
2024-05-31 14:30:00-04:00,30.713699340820312,30.72249984741211,30.713699340820312,30.713699340820312,1306,0.0,0.0,0.0
2024-05-31 15:30:00-04:00,30.680099487304688,30.94300079345703,30.680099487304688,30.94300079345703,1549,0.0,0.0,0.0
2024-06-03 09:30:00-04:00,31.110000610351562,31.110000610351562,30.889999389648438,30.889999389648438,0,0.0,0.0,0.0
2024-06-03 10:30:00-04:00,30.809999465942383,30.878299713134766,30.809999465942383,30.878299713134766,409,0.0,0.0,0.0
2024-06-03 11:30:00-04:00,30.844999313354492,30.844999313354492,30.729999542236328,30.729999542236328,448,0.0,0.0,0.0
2024-06-03 12:30:00-04:00,30.709999084472656,30.739999771118164,30.709999084472656,30.739999771118164,576,0.0,0.0,0.0
2024-06-03 13:30:00-04:00,30.770000457763672,30.770000457763672,30.760000228881836,30.760000228881836,350,0.0,0.0,0.0
2024-06-03 14:30:00-04:00,30.829999923706055,30.829999923706055,30.780000686645508,30.802499771118164,634,0.0,0.0,0.0
2024-06-03 15:30:00-04:00,30.799999237060547,30.799999237060547,30.799999237060547,30.799999237060547,300,0.0,0.0,0.0
2024-06-04 09:30:00-04:00,30.579999923706055,30.690000534057617,30.579999923706055,30.690000534057617,2282,0.0,0.0,0.0
2024-06-04 12:30:00-04:00,30.559999465942383,30.559999465942383,30.5,30.5,653,0.0,0.0,0.0
2024-06-04 13:30:00-04:00,30.54990005493164,30.550600051879883,30.54990005493164,30.550600051879883,632,0.0,0.0,0.0
2024-06-04 14:30:00-04:00,30.559999465942383,30.559999465942383,30.42840003967285,30.42840003967285,192,0.0,0.0,0.0
2024-06-05 09:30:00-04:00,30.469999313354492,30.469999313354492,30.422000885009766,30.459999084472656,2073,0.0,0.0,0.0
2024-06-05 11:30:00-04:00,30.7450008392334,30.7450008392334,30.7450008392334,30.7450008392334,377,0.0,0.0,0.0
2024-06-05 12:30:00-04:00,30.690000534057617,30.701200485229492,30.690000534057617,30.690000534057617,463,0.0,0.0,0.0
2024-06-05 13:30:00-04:00,30.767900466918945,30.78499984741211,30.767900466918945,30.78499984741211,779,0.0,0.0,0.0
2024-06-05 14:30:00-04:00,30.809900283813477,30.814300537109375,30.805099487304688,30.814300537109375,0,0.0,0.0,0.0
2024-06-06 09:30:00-04:00,30.649999618530273,30.649999618530273,30.649999618530273,30.649999618530273,414,0.0,0.0,0.0
2024-06-06 10:30:00-04:00,30.850000381469727,30.875,30.850000381469727,30.856599807739258,490,0.0,0.0,0.0
2024-06-06 11:30:00-04:00,30.907499313354492,30.907499313354492,30.907499313354492,30.907499313354492,538,0.0,0.0,0.0
2024-06-06 14:30:00-04:00,30.795000076293945,30.804800033569336,30.795000076293945,30.804800033569336,594,0.0,0.0,0.0
2024-06-07 09:30:00-04:00,30.549999237060547,30.760000228881836,30.549999237060547,30.729999542236328,0,0.0,0.0,0.0
2024-06-07 12:30:00-04:00,30.645000457763672,30.645000457763672,30.645000457763672,30.645000457763672,1013,0.0,0.0,0.0
2024-06-07 13:30:00-04:00,30.625,30.625,30.495399475097656,30.495399475097656,647,0.0,0.0,0.0
2024-06-07 14:30:00-04:00,30.559999465942383,30.568599700927734,30.541799545288086,30.568599700927734,1186,0.0,0.0,0.0
2024-06-10 09:30:00-04:00,30.399999618530273,30.399999618530273,30.299999237060547,30.299999237060547,0,0.0,0.0,0.0
2024-06-10 10:30:00-04:00,30.475000381469727,30.475000381469727,30.42449951171875,30.42449951171875,372,0.0,0.0,0.0
2024-06-10 11:30:00-04:00,30.43600082397461,30.454999923706055,30.43600082397461,30.454999923706055,581,0.0,0.0,0.0
2024-06-10 13:30:00-04:00,30.524999618530273,30.524999618530273,30.524999618530273,30.524999618530273,385,0.0,0.0,0.0
2024-06-10 14:30:00-04:00,30.579999923706055,30.579999923706055,30.579999923706055,30.579999923706055,980,0.0,0.0,0.0
2024-06-10 15:30:00-04:00,30.584999084472656,30.584999084472656,30.559999465942383,30.559999465942383,307,0.0,0.0,0.0
2024-06-11 09:30:00-04:00,30.350000381469727,30.350000381469727,30.25,30.25,0,0.0,0.0,0.0
2024-06-11 11:30:00-04:00,30.22010040283203,30.31049919128418,30.22010040283203,30.31049919128418,357,0.0,0.0,0.0
2024-06-11 13:30:00-04:00,30.3799991607666,30.59000015258789,30.3799991607666,30.59000015258789,1187,0.0,0.0,0.0
2024-06-11 14:30:00-04:00,30.538700103759766,30.538700103759766,30.5221004486084,30.5221004486084,0,0.0,0.0,0.0
2024-06-12 09:30:00-04:00,31.049999237060547,31.1200008392334,31.049999237060547,31.1200008392334,2802,0.0,0.0,0.0
2024-06-12 10:30:00-04:00,31.135000228881836,31.135000228881836,31.116899490356445,31.1200008392334,2122,0.0,0.0,0.0
2024-06-12 11:30:00-04:00,31.139999389648438,31.155000686645508,31.139999389648438,31.155000686645508,490,0.0,0.0,0.0
2024-06-12 12:30:00-04:00,31.139999389648438,31.165000915527344,31.139999389648438,31.165000915527344,754,0.0,0.0,0.0
2024-06-12 13:30:00-04:00,31.165000915527344,31.165000915527344,31.165000915527344,31.165000915527344,414,0.0,0.0,0.0
2024-06-12 14:30:00-04:00,31.04010009765625,31.04010009765625,30.979999542236328,31.01409912109375,0,0.0,0.0,0.0
2024-06-13 09:30:00-04:00,30.59000015258789,30.59000015258789,30.559999465942383,30.59000015258789,992,0.0,0.0,0.0
2024-06-13 10:30:00-04:00,30.44499969482422,30.469999313354492,30.35610008239746,30.35610008239746,2245,0.0,0.0,0.0
2024-06-13 12:30:00-04:00,30.41469955444336,30.440099716186523,30.40999984741211,30.440099716186523,2604,0.0,0.0,0.0
2024-06-13 13:30:00-04:00,30.499099731445312,30.499099731445312,30.475900650024414,30.475900650024414,501,0.0,0.0,0.0
2024-06-13 14:30:00-04:00,30.530000686645508,30.630699157714844,30.530000686645508,30.630699157714844,1890,0.0,0.0,0.0
2024-06-14 09:30:00-04:00,30.190000534057617,30.190000534057617,30.190000534057617,30.190000534057617,639,0.0,0.0,0.0
2024-06-14 10:30:00-04:00,30.180099487304688,30.180099487304688,30.180099487304688,30.180099487304688,312,0.0,0.0,0.0
2024-06-14 12:30:00-04:00,30.11009979248047,30.11009979248047,30.11009979248047,30.11009979248047,1265,0.0,0.0,0.0
2024-06-14 13:30:00-04:00,30.160400390625,30.160400390625,30.14590072631836,30.14590072631836,3093,0.0,0.0,0.0
2024-06-14 14:30:00-04:00,30.149999618530273,30.193300247192383,30.1200008392334,30.193300247192383,2288,0.0,0.0,0.0
2024-06-17 09:30:00-04:00,30.139999389648438,30.139999389648438,30.020000457763672,30.020099639892578,0,0.0,0.0,0.0
2024-06-17 10:30:00-04:00,30.010000228881836,30.010900497436523,29.969999313354492,29.979999542236328,4755,0.0,0.0,0.0
2024-06-17 11:30:00-04:00,30.020000457763672,30.020000457763672,30.020000457763672,30.020000457763672,153,0.0,0.0,0.0
2024-06-17 12:30:00-04:00,30.209999084472656,30.209999084472656,30.209999084472656,30.209999084472656,173,0.0,0.0,0.0
2024-06-17 13:30:00-04:00,30.310100555419922,30.31999969482422,30.309999465942383,30.31999969482422,355,0.0,0.0,0.0
2024-06-17 14:30:00-04:00,30.260000228881836,30.299999237060547,30.25,30.25,1052,0.0,0.0,0.0
2024-06-17 15:30:00-04:00,30.290000915527344,30.31999969482422,30.25,30.309999465942383,6429,0.0,0.0,0.0
2024-06-18 09:30:00-04:00,30.15999984741211,30.424999237060547,30.15999984741211,30.34000015258789,0,0.0,0.0,0.0
2024-06-18 10:30:00-04:00,30.475099563598633,30.475099563598633,30.475099563598633,30.475099563598633,687,0.0,0.0,0.0
2024-06-18 12:30:00-04:00,30.489999771118164,30.489999771118164,30.44879913330078,30.44879913330078,3734,0.0,0.0,0.0
2024-06-18 13:30:00-04:00,30.43000030517578,30.43000030517578,30.43000030517578,30.43000030517578,318,0.0,0.0,0.0
2024-06-18 14:30:00-04:00,30.450000762939453,30.472700119018555,30.450000762939453,30.472700119018555,304,0.0,0.0,0.0
2024-06-18 15:30:00-04:00,30.33049964904785,30.33049964904785,30.290000915527344,30.31100082397461,2128,0.0,0.0,0.0
2024-06-20 09:30:00-04:00,30.110000610351562,30.3799991607666,30.110000610351562,30.31999969482422,13596,0.0,0.0,0.0
2024-06-20 10:30:00-04:00,30.359899520874023,30.359899520874023,30.359899520874023,30.359899520874023,152,0.0,0.0,0.0
2024-06-20 14:30:00-04:00,30.28059959411621,30.28059959411621,30.20599937438965,30.209999084472656,2042,0.0,0.0,0.0
2024-06-20 15:30:00-04:00,30.200000762939453,30.28499984741211,30.200000762939453,30.28499984741211,1571,0.0,0.0,0.0
2024-06-21 09:30:00-04:00,30.200000762939453,30.225000381469727,30.079999923706055,30.225000381469727,0,0.0,0.0,0.0
2024-06-21 10:30:00-04:00,30.23509979248047,30.23509979248047,30.23509979248047,30.23509979248047,185,0.0,0.0,0.0
2024-06-21 11:30:00-04:00,30.274999618530273,30.290000915527344,30.229999542236328,30.249000549316406,2385,0.0,0.0,0.0
2024-06-21 12:30:00-04:00,30.329999923706055,30.329999923706055,30.32990074157715,30.32990074157715,722,0.0,0.0,0.0
2024-06-21 13:30:00-04:00,30.31999969482422,30.33810043334961,30.31999969482422,30.33810043334961,530,0.0,0.0,0.0
2024-06-21 15:30:00-04:00,30.270000457763672,30.39929962158203,30.260000228881836,30.39929962158203,500,0.0,0.0,0.0
2024-06-24 09:30:00-04:00,30.360000610351562,30.549999237060547,30.360000610351562,30.549999237060547,2732,0.0,0.0,0.0
2024-06-24 10:30:00-04:00,30.940000534057617,30.940000534057617,30.940000534057617,30.940000534057617,101,0.0,0.0,0.0
2024-06-24 11:30:00-04:00,30.911800384521484,30.911800384521484,30.911800384521484,30.911800384521484,280,0.0,0.0,0.0
2024-06-24 12:30:00-04:00,30.8700008392334,30.889999389648438,30.8700008392334,30.889999389648438,790,0.0,0.0,0.0
2024-06-24 13:30:00-04:00,30.760000228881836,30.760000228881836,30.760000228881836,30.760000228881836,663,0.0,0.0,0.0
2024-06-24 15:30:00-04:00,30.770000457763672,30.777299880981445,30.739999771118164,30.739999771118164,0,0.0,0.0,0.0
2024-06-25 11:30:00-04:00,30.510099411010742,30.510099411010742,30.510099411010742,30.510099411010742,430,0.0,0.0,0.0
2024-06-25 13:30:00-04:00,30.55500030517578,30.55500030517578,30.530000686645508,30.540000915527344,938,0.0,0.0,0.0
2024-06-25 14:30:00-04:00,30.549999237060547,30.549999237060547,30.549999237060547,30.549999237060547,199,0.0,0.0,0.0
2024-06-25 15:30:00-04:00,30.59000015258789,30.59000015258789,30.539400100708008,30.539400100708008,0,0.0,0.0,0.0
2024-06-26 09:30:00-04:00,30.280000686645508,30.55459976196289,30.280000686645508,30.540000915527344,2655,0.0,0.0,0.0
2024-06-26 10:30:00-04:00,30.55500030517578,30.55500030517578,30.510099411010742,30.510099411010742,934,0.0,0.0,0.0
2024-06-26 11:30:00-04:00,30.649999618530273,30.649999618530273,30.6200008392334,30.6200008392334,291,0.0,0.0,0.0
2024-06-26 13:30:00-04:00,30.549999237060547,30.566699981689453,30.549999237060547,30.566699981689453,1553,0.0,0.0,0.0
2024-06-26 14:30:00-04:00,30.570100784301758,30.570100784301758,30.570100784301758,30.570100784301758,155,0.0,0.0,0.0
2024-06-26 15:30:00-04:00,30.59000015258789,30.655000686645508,30.579999923706055,30.639999389648438,2772,0.0,0.0,0.0
2024-06-27 09:30:00-04:00,30.739999771118164,30.739999771118164,30.729999542236328,30.729999542236328,0,0.0,0.0,0.0
2024-06-27 10:30:00-04:00,30.719999313354492,30.719999313354492,30.709999084472656,30.709999084472656,3837,0.0,0.0,0.0
2024-06-27 11:30:00-04:00,30.69230079650879,30.790000915527344,30.69230079650879,30.790000915527344,2258,0.0,0.0,0.0
2024-06-27 13:30:00-04:00,30.790000915527344,30.809999465942383,30.790000915527344,30.809999465942383,1466,0.0,0.0,0.0
2024-06-27 14:30:00-04:00,30.770000457763672,30.790000915527344,30.770000457763672,30.790000915527344,459,0.0,0.0,0.0
2024-06-27 15:30:00-04:00,30.82040023803711,30.82040023803711,30.82040023803711,30.82040023803711,189,0.0,0.0,0.0
2024-06-28 09:30:00-04:00,31.020000457763672,31.1299991607666,31.020000457763672,31.1299991607666,0,0.0,0.0,0.0
2024-06-28 10:30:00-04:00,31.190000534057617,31.190000534057617,31.190000534057617,31.190000534057617,264,0.0,0.0,0.0
2024-06-28 11:30:00-04:00,31.161699295043945,31.161699295043945,31.114999771118164,31.114999771118164,724,0.0,0.0,0.0
2024-06-28 14:30:00-04:00,31.049999237060547,31.111099243164062,31.049999237060547,31.111099243164062,238,0.0,0.0,0.0
2024-07-01 09:30:00-04:00,31.020000457763672,31.200000762939453,31.020000457763672,31.15999984741211,0,0.0,0.0,0.0
2024-07-01 13:30:00-04:00,31.045000076293945,31.11199951171875,31.045000076293945,31.11199951171875,1021,0.0,0.0,0.0
2024-07-01 14:30:00-04:00,31.075000762939453,31.075000762939453,31.075000762939453,31.075000762939453,719,0.0,0.0,0.0
2024-07-01 15:30:00-04:00,31.079999923706055,31.110000610351562,31.065399169921875,31.110000610351562,2016,0.0,0.0,0.0
2024-07-02 09:30:00-04:00,31.040000915527344,31.15999984741211,31.040000915527344,31.111900329589844,0,0.0,0.0,0.0
2024-07-02 10:30:00-04:00,31.1200008392334,31.1200008392334,31.1200008392334,31.1200008392334,428,0.0,0.0,0.0
2024-07-02 13:30:00-04:00,31.24799919128418,31.24799919128418,31.24799919128418,31.24799919128418,813,0.0,0.0,0.0
2024-07-02 14:30:00-04:00,31.264999389648438,31.299999237060547,31.264999389648438,31.299999237060547,407,0.0,0.0,0.0
2024-07-02 15:30:00-04:00,31.34000015258789,31.34000015258789,31.34000015258789,31.34000015258789,469,0.0,0.0,0.0
2024-07-03 09:30:00-04:00,31.360000610351562,31.360000610351562,31.360000610351562,31.360000610351562,0,0.0,0.0,0.0
2024-07-03 10:30:00-04:00,31.349899291992188,31.349899291992188,31.349899291992188,31.349899291992188,432,0.0,0.0,0.0
2024-07-03 11:30:00-04:00,31.3799991607666,31.3799991607666,31.316699981689453,31.316699981689453,1567,0.0,0.0,0.0
2024-07-05 09:30:00-04:00,31.0,31.229999542236328,31.0,31.174999237060547,2219,0.0,0.0,0.0
2024-07-05 10:30:00-04:00,31.280000686645508,31.280000686645508,31.280000686645508,31.280000686645508,212,0.0,0.0,0.0
2024-07-05 11:30:00-04:00,31.2549991607666,31.2549991607666,31.22170066833496,31.22170066833496,646,0.0,0.0,0.0
2024-07-05 12:30:00-04:00,31.219999313354492,31.219999313354492,31.20400047302246,31.20400047302246,443,0.0,0.0,0.0
2024-07-05 13:30:00-04:00,31.2450008392334,31.2450008392334,31.209999084472656,31.233699798583984,878,0.0,0.0,0.0
2024-07-05 14:30:00-04:00,31.25349998474121,31.25349998474121,31.25349998474121,31.25349998474121,188,0.0,0.0,0.0
2024-07-05 15:30:00-04:00,31.270000457763672,31.31909942626953,31.270000457763672,31.31909942626953,248,0.0,0.0,0.0
2024-07-08 09:30:00-04:00,31.31999969482422,31.559900283813477,31.31999969482422,31.514999389648438,8515,0.0,0.0,0.0
2024-07-08 10:30:00-04:00,31.5,31.5,31.5,31.5,111,0.0,0.0,0.0
2024-07-08 11:30:00-04:00,31.420000076293945,31.42020034790039,31.385000228881836,31.42020034790039,1711,0.0,0.0,0.0
2024-07-08 14:30:00-04:00,31.48509979248047,31.499900817871094,31.48509979248047,31.499900817871094,419,0.0,0.0,0.0
2024-07-08 15:30:00-04:00,31.43000030517578,31.43000030517578,31.43000030517578,31.43000030517578,0,0.0,0.0,0.0
2024-07-09 12:30:00-04:00,31.270299911499023,31.270299911499023,31.270299911499023,31.270299911499023,790,0.0,0.0,0.0
2024-07-09 14:30:00-04:00,31.170000076293945,31.170000076293945,31.103900909423828,31.103900909423828,0,0.0,0.0,0.0
2024-07-10 10:30:00-04:00,31.09000015258789,31.09000015258789,31.05500030517578,31.05500030517578,866,0.0,0.0,0.0
2024-07-10 12:30:00-04:00,31.100000381469727,31.100000381469727,31.100000381469727,31.100000381469727,110,0.0,0.0,0.0
2024-07-10 13:30:00-04:00,31.114999771118164,31.114999771118164,31.077499389648438,31.077499389648438,1604,0.0,0.0,0.0
2024-07-10 15:30:00-04:00,31.149999618530273,31.26799964904785,31.149999618530273,31.26799964904785,0,0.0,0.0,0.0
2024-07-11 09:30:00-04:00,31.649999618530273,32.0,31.6299991607666,32.0,3764,0.0,0.0,0.0
2024-07-11 10:30:00-04:00,32.09389877319336,32.149898529052734,32.06999969482422,32.06999969482422,1573,0.0,0.0,0.0
2024-07-11 12:30:00-04:00,32.06990051269531,32.06990051269531,32.04240036010742,32.04240036010742,1235,0.0,0.0,0.0
2024-07-11 13:30:00-04:00,32.04999923706055,32.04999923706055,32.04999923706055,32.04999923706055,432,0.0,0.0,0.0
2024-07-11 15:30:00-04:00,32.0900993347168,32.0900993347168,32.08769989013672,32.08769989013672,0,0.0,0.0,0.0
2024-07-12 09:30:00-04:00,32.369998931884766,32.41120147705078,32.349998474121094,32.38600158691406,2591,0.0,0.0,0.0
2024-07-12 12:30:00-04:00,32.43560028076172,32.494998931884766,32.43560028076172,32.494998931884766,1442,0.0,0.0,0.0
2024-07-12 13:30:00-04:00,32.45000076293945,32.45000076293945,32.45000076293945,32.45000076293945,0,0.0,0.0,0.0
2024-07-12 14:30:00-04:00,32.51190185546875,32.51190185546875,32.51190185546875,32.51190185546875,6453,0.0,0.0,0.0
2024-07-12 15:30:00-04:00,32.369998931884766,32.369998931884766,32.369998931884766,32.369998931884766,280,0.0,0.0,0.0
2024-07-15 09:30:00-04:00,32.599998474121094,32.81829833984375,32.599998474121094,32.81829833984375,1303,0.0,0.0,0.0
2024-07-15 10:30:00-04:00,32.88610076904297,32.97200012207031,32.834999084472656,32.97200012207031,5048,0.0,0.0,0.0
2024-07-15 11:30:00-04:00,32.970001220703125,33.025001525878906,32.970001220703125,33.025001525878906,3452,0.0,0.0,0.0
2024-07-15 12:30:00-04:00,32.84000015258789,32.84000015258789,32.84000015258789,32.84000015258789,348,0.0,0.0,0.0
2024-07-15 14:30:00-04:00,32.939998626708984,33.02000045776367,32.939998626708984,32.989601135253906,3127,0.0,0.0,0.0
2024-07-15 15:30:00-04:00,32.959999084472656,32.999298095703125,32.81100082397461,32.939998626708984,0,0.0,0.0,0.0
2024-07-16 09:30:00-04:00,33.11000061035156,33.595001220703125,33.11000061035156,33.494998931884766,5787,0.0,0.0,0.0
2024-07-16 10:30:00-04:00,33.46500015258789,33.62310028076172,33.46500015258789,33.62310028076172,1475,0.0,0.0,0.0
2024-07-16 11:30:00-04:00,33.5900993347168,33.60499954223633,33.5900993347168,33.60499954223633,566,0.0,0.0,0.0
2024-07-16 12:30:00-04:00,33.650001525878906,33.65850067138672,33.599998474121094,33.614898681640625,2535,0.0,0.0,0.0
2024-07-16 13:30:00-04:00,33.63349914550781,33.73820114135742,33.63349914550781,33.73820114135742,4280,0.0,0.0,0.0
2024-07-16 14:30:00-04:00,33.79999923706055,33.8650016784668,33.79499816894531,33.8650016784668,763,0.0,0.0,0.0
2024-07-16 15:30:00-04:00,33.939998626708984,33.959999084472656,33.9114990234375,33.939998626708984,0,0.0,0.0,0.0
2024-07-17 09:30:00-04:00,33.560001373291016,34.02000045776367,33.560001373291016,34.01499938964844,2250,0.0,0.0,0.0
2024-07-17 10:30:00-04:00,33.90629959106445,33.90629959106445,33.89500045776367,33.89500045776367,720,0.0,0.0,0.0
2024-07-17 11:30:00-04:00,33.79999923706055,33.81999969482422,33.79999923706055,33.81999969482422,577,0.0,0.0,0.0
2024-07-17 12:30:00-04:00,33.739601135253906,33.739601135253906,33.66210174560547,33.72999954223633,1013,0.0,0.0,0.0
2024-07-17 14:30:00-04:00,33.81999969482422,33.81999969482422,33.810001373291016,33.810001373291016,605,0.0,0.0,0.0
2024-07-17 15:30:00-04:00,33.70000076293945,33.720001220703125,33.70000076293945,33.720001220703125,0,0.0,0.0,0.0
2024-07-18 09:30:00-04:00,33.720001220703125,34.019901275634766,33.720001220703125,33.96910095214844,2545,0.0,0.0,0.0
2024-07-18 10:30:00-04:00,33.94599914550781,33.94599914550781,33.57709884643555,33.57709884643555,3196,0.0,0.0,0.0
2024-07-18 11:30:00-04:00,33.540000915527344,33.540000915527344,33.36009979248047,33.37409973144531,1412,0.0,0.0,0.0
2024-07-18 12:30:00-04:00,33.37900161743164,33.5099983215332,33.37900161743164,33.5099983215332,1039,0.0,0.0,0.0
2024-07-18 13:30:00-04:00,33.44499969482422,33.44499969482422,33.44499969482422,33.44499969482422,261,0.0,0.0,0.0
2024-07-18 14:30:00-04:00,33.08000183105469,33.198001861572266,32.970001220703125,33.198001861572266,522,0.0,0.0,0.0
2024-07-19 09:30:00-04:00,33.22999954223633,33.22999954223633,33.07780075073242,33.194698333740234,0,0.0,0.0,0.0
2024-07-19 11:30:00-04:00,33.03070068359375,33.03070068359375,33.03070068359375,33.03070068359375,309,0.0,0.0,0.0
2024-07-19 13:30:00-04:00,32.959999084472656,32.959999084472656,32.959999084472656,32.959999084472656,211,0.0,0.0,0.0
2024-07-19 14:30:00-04:00,32.93000030517578,32.93000030517578,32.93000030517578,32.93000030517578,431,0.0,0.0,0.0
2024-07-19 15:30:00-04:00,32.9900016784668,32.9900016784668,32.9900016784668,32.9900016784668,195,0.0,0.0,0.0
2024-07-22 09:30:00-04:00,33.22999954223633,33.22999954223633,33.20000076293945,33.20000076293945,0,0.0,0.0,0.0
2024-07-22 10:30:00-04:00,33.220001220703125,33.220001220703125,33.220001220703125,33.220001220703125,112,0.0,0.0,0.0
2024-07-22 11:30:00-04:00,33.18840026855469,33.18840026855469,33.18840026855469,33.18840026855469,501,0.0,0.0,0.0
2024-07-22 12:30:00-04:00,33.30270004272461,33.30270004272461,33.30270004272461,33.30270004272461,473,0.0,0.0,0.0
2024-07-22 13:30:00-04:00,33.29999923706055,33.34000015258789,33.29999923706055,33.34000015258789,1256,0.0,0.0,0.0
2024-07-22 15:30:00-04:00,33.519901275634766,33.519901275634766,33.459999084472656,33.507999420166016,0,0.0,0.0,0.0
2024-07-23 09:30:00-04:00,33.5099983215332,33.5099983215332,33.5099983215332,33.5099983215332,293,0.0,0.0,0.0
2024-07-23 10:30:00-04:00,33.72999954223633,33.72999954223633,33.529998779296875,33.599998474121094,2119,0.0,0.0,0.0
2024-07-23 11:30:00-04:00,33.61000061035156,33.61000061035156,33.470001220703125,33.470001220703125,201,0.0,0.0,0.0
2024-07-23 12:30:00-04:00,33.540000915527344,33.540000915527344,33.540000915527344,33.540000915527344,195,0.0,0.0,0.0
2024-07-23 13:30:00-04:00,33.65999984741211,33.65999984741211,33.65999984741211,33.65999984741211,182,0.0,0.0,0.0
2024-07-23 14:30:00-04:00,33.642398834228516,33.642398834228516,33.642398834228516,33.642398834228516,0,0.0,0.0,0.0
2024-07-23 15:30:00-04:00,33.65999984741211,33.65999984741211,33.532501220703125,33.532501220703125,4322,0.0,0.0,0.0
2024-07-24 09:30:00-04:00,33.27000045776367,33.43519973754883,33.27000045776367,33.310001373291016,0,0.0,0.0,0.0
2024-07-24 10:30:00-04:00,33.33000183105469,33.33000183105469,33.33000183105469,33.33000183105469,190,0.0,0.0,0.0
2024-07-24 11:30:00-04:00,33.34000015258789,33.34000015258789,33.34000015258789,33.34000015258789,114,0.0,0.0,0.0
2024-07-24 12:30:00-04:00,33.34989929199219,33.34989929199219,33.22990036010742,33.249900817871094,1351,0.0,0.0,0.0
2024-07-24 13:30:00-04:00,33.20000076293945,33.20000076293945,33.20000076293945,33.20000076293945,191,0.0,0.0,0.0
2024-07-24 14:30:00-04:00,33.04999923706055,33.04999923706055,32.9900016784668,32.9900016784668,1360,0.0,0.0,0.0
2024-07-24 15:30:00-04:00,32.939998626708984,32.939998626708984,32.75090026855469,32.75090026855469,0,0.0,0.0,0.0
2024-07-25 09:30:00-04:00,32.880001068115234,33.38999938964844,32.880001068115234,33.345001220703125,8046,0.0,0.0,0.0
2024-07-25 11:30:00-04:00,33.71480178833008,33.72629928588867,33.71480178833008,33.724998474121094,2509,0.0,0.0,0.0
2024-07-25 12:30:00-04:00,33.880001068115234,33.880001068115234,33.880001068115234,33.880001068115234,151,0.0,0.0,0.0
2024-07-25 13:30:00-04:00,33.834999084472656,33.87990188598633,33.79499816894531,33.79499816894531,2133,0.0,0.0,0.0
2024-07-25 14:30:00-04:00,33.77220153808594,33.77220153808594,33.5098991394043,33.5098991394043,0,0.0,0.0,0.0
2024-07-26 09:30:00-04:00,34.04999923706055,34.04999923706055,33.814998626708984,34.0099983215332,1998,0.0,0.0,0.0
2024-07-26 10:30:00-04:00,33.79499816894531,33.79499816894531,33.79499816894531,33.79499816894531,625,0.0,0.0,0.0
2024-07-26 12:30:00-04:00,34.06610107421875,34.06610107421875,34.03010177612305,34.03010177612305,461,0.0,0.0,0.0
2024-07-26 13:30:00-04:00,34.029998779296875,34.029998779296875,33.93000030517578,34.0,1156,0.0,0.0,0.0
2024-07-26 14:30:00-04:00,33.9900016784668,33.9900016784668,33.951499938964844,33.97990036010742,986,0.0,0.0,0.0
2024-07-26 15:30:00-04:00,33.95000076293945,33.95000076293945,33.94279861450195,33.94279861450195,127,0.0,0.0,0.0
2024-07-29 09:30:00-04:00,34.05009841918945,34.149898529052734,34.02000045776367,34.025001525878906,0,0.0,0.0,0.0
2024-07-29 10:30:00-04:00,33.9099006652832,33.9099006652832,33.9099006652832,33.9099006652832,522,0.0,0.0,0.0
2024-07-29 12:30:00-04:00,33.86000061035156,33.86000061035156,33.80500030517578,33.80500030517578,441,0.0,0.0,0.0
2024-07-29 14:30:00-04:00,33.852500915527344,33.852500915527344,33.852500915527344,33.852500915527344,0,0.0,0.0,0.0
2024-07-30 09:30:00-04:00,33.9900016784668,34.15999984741211,33.9900016784668,34.04999923706055,0,0.0,0.0,0.0
2024-07-30 10:30:00-04:00,33.90999984741211,33.90999984741211,33.665000915527344,33.665000915527344,1374,0.0,0.0,0.0
2024-07-30 13:30:00-04:00,33.63999938964844,33.63999938964844,33.63999938964844,33.63999938964844,791,0.0,0.0,0.0
2024-07-30 14:30:00-04:00,33.621700286865234,33.621700286865234,33.621700286865234,33.621700286865234,100,0.0,0.0,0.0
2024-07-30 15:30:00-04:00,33.65589904785156,33.68519973754883,33.65589904785156,33.669498443603516,522,0.0,0.0,0.0
2024-07-31 09:30:00-04:00,33.68000030517578,33.709999084472656,33.5,33.59000015258789,5102,0.0,0.0,0.0
2024-07-31 10:30:00-04:00,33.900001525878906,33.900001525878906,33.830101013183594,33.858001708984375,809,0.0,0.0,0.0
2024-07-31 11:30:00-04:00,33.84880065917969,33.89939880371094,33.84880065917969,33.89939880371094,1875,0.0,0.0,0.0
2024-07-31 12:30:00-04:00,34.004398345947266,34.004398345947266,33.994998931884766,33.994998931884766,1662,0.0,0.0,0.0
2024-07-31 13:30:00-04:00,33.91999816894531,33.91999816894531,33.82500076293945,33.82500076293945,246,0.0,0.0,0.0
2024-07-31 14:30:00-04:00,33.87900161743164,34.29999923706055,33.87900161743164,34.185001373291016,0,0.0,0.0,0.0
2024-07-31 15:30:00-04:00,33.90999984741211,33.90999984741211,33.739200592041016,33.739200592041016,44,0.0,0.0,0.0
2024-08-01 09:30:00-04:00,33.810001373291016,33.979698181152344,33.400001525878906,33.400001525878906,4302,0.0,0.0,0.0
2024-08-01 11:30:00-04:00,32.900001525878906,33.0,32.900001525878906,33.0,1435,0.0,0.0,0.0
2024-08-01 12:30:00-04:00,32.93000030517578,32.939998626708984,32.87969970703125,32.89509963989258,1267,0.0,0.0,0.0
2024-08-01 13:30:00-04:00,32.7692985534668,32.88560104370117,32.7692985534668,32.79499816894531,1044,0.0,0.0,0.0
2024-08-01 14:30:00-04:00,32.75,32.90530014038086,32.6875,32.90530014038086,0,0.0,0.0,0.0
2024-08-02 09:30:00-04:00,32.099998474121094,32.099998474121094,31.530000686645508,31.530000686645508,4818,0.0,0.0,0.0
2024-08-02 10:30:00-04:00,31.636600494384766,31.636899948120117,31.604999542236328,31.636899948120117,1201,0.0,0.0,0.0
2024-08-02 12:30:00-04:00,31.924999237060547,31.924999237060547,31.8799991607666,31.8799991607666,1583,0.0,0.0,0.0
2024-08-02 13:30:00-04:00,31.700000762939453,31.79199981689453,31.65999984741211,31.79199981689453,1158,0.0,0.0,0.0
2024-08-02 14:30:00-04:00,31.815000534057617,31.859699249267578,31.815000534057617,31.829999923706055,501,0.0,0.0,0.0
2024-08-02 15:30:00-04:00,31.899999618530273,31.920000076293945,31.850000381469727,31.8799991607666,4072,0.0,0.0,0.0
2024-08-05 09:30:00-04:00,30.0,30.600000381469727,30.0,30.56999969482422,0,0.0,0.0,0.0
2024-08-05 10:30:00-04:00,30.735000610351562,31.07550048828125,30.651399612426758,31.07550048828125,5481,0.0,0.0,0.0
2024-08-05 11:30:00-04:00,31.040000915527344,31.29680061340332,31.040000915527344,31.29680061340332,3708,0.0,0.0,0.0
2024-08-05 12:30:00-04:00,31.0802001953125,31.0802001953125,31.0802001953125,31.0802001953125,419,0.0,0.0,0.0
2024-08-05 13:30:00-04:00,31.170000076293945,31.170000076293945,31.079999923706055,31.079999923706055,625,0.0,0.0,0.0
2024-08-05 14:30:00-04:00,30.979999542236328,30.979999542236328,30.979999542236328,30.979999542236328,103,0.0,0.0,0.0
2024-08-05 15:30:00-04:00,31.002500534057617,31.002500534057617,30.968000411987305,31.002500534057617,200,0.0,0.0,0.0
2024-08-06 09:30:00-04:00,31.040000915527344,31.040000915527344,30.950000762939453,30.950000762939453,4993,0.0,0.0,0.0
2024-08-06 10:30:00-04:00,31.479999542236328,31.5,31.348899841308594,31.348899841308594,0,0.0,0.0,0.0
2024-08-06 11:30:00-04:00,31.32990074157715,31.32990074157715,31.28499984741211,31.28499984741211,6675,0.0,0.0,0.0
2024-08-06 13:30:00-04:00,31.635000228881836,31.635000228881836,31.635000228881836,31.635000228881836,639,0.0,0.0,0.0
2024-08-06 14:30:00-04:00,31.415000915527344,31.536800384521484,31.415000915527344,31.536800384521484,1616,0.0,0.0,0.0
2024-08-06 15:30:00-04:00,31.489999771118164,31.489999771118164,31.280000686645508,31.280000686645508,353,0.0,0.0,0.0
2024-08-07 09:30:00-04:00,31.690000534057617,31.84000015258789,31.601499557495117,31.601499557495117,0,0.0,0.0,0.0
2024-08-07 10:30:00-04:00,31.57200050354004,31.57200050354004,31.57200050354004,31.57200050354004,2027,0.0,0.0,0.0
2024-08-07 11:30:00-04:00,31.739900588989258,31.739900588989258,31.739900588989258,31.739900588989258,750,0.0,0.0,0.0
2024-08-07 12:30:00-04:00,31.65999984741211,31.690000534057617,31.469999313354492,31.469999313354492,1646,0.0,0.0,0.0
2024-08-07 13:30:00-04:00,31.0,31.019699096679688,30.989999771118164,30.989999771118164,1403,0.0,0.0,0.0
2024-08-07 15:30:00-04:00,31.01110076904297,31.01110076904297,31.01110076904297,31.01110076904297,0,0.0,0.0,0.0
2024-08-08 09:30:00-04:00,31.138099670410156,31.138099670410156,31.138099670410156,31.138099670410156,1610,0.0,0.0,0.0
2024-08-08 11:30:00-04:00,31.431800842285156,31.469999313354492,31.431800842285156,31.46500015258789,741,0.0,0.0,0.0
2024-08-08 13:30:00-04:00,31.704700469970703,31.704700469970703,31.704700469970703,31.704700469970703,700,0.0,0.0,0.0
2024-08-08 14:30:00-04:00,31.684999465942383,31.684999465942383,31.6299991607666,31.6299991607666,671,0.0,0.0,0.0
2024-08-08 15:30:00-04:00,31.59000015258789,31.59000015258789,31.59000015258789,31.59000015258789,0,0.0,0.0,0.0
2024-08-09 09:30:00-04:00,31.41349983215332,31.41349983215332,31.41349983215332,31.41349983215332,1927,0.0,0.0,0.0
2024-08-09 10:30:00-04:00,31.420000076293945,31.469999313354492,31.420000076293945,31.469999313354492,1378,0.0,0.0,0.0
2024-08-09 14:30:00-04:00,31.360200881958008,31.360200881958008,31.260000228881836,31.29800033569336,1964,0.0,0.0,0.0
2024-08-12 09:30:00-04:00,31.40999984741211,31.40999984741211,31.290000915527344,31.290000915527344,0,0.0,0.0,0.0
2024-08-12 11:30:00-04:00,31.059999465942383,31.149999618530273,31.059999465942383,31.149999618530273,2121,0.0,0.0,0.0
2024-08-12 12:30:00-04:00,31.07469940185547,31.07469940185547,31.07469940185547,31.07469940185547,0,0.0,0.0,0.0
2024-08-13 11:30:00-04:00,31.344999313354492,31.344999313354492,31.344999313354492,31.344999313354492,191,0.0,0.0,0.0
2024-08-13 12:30:00-04:00,31.360000610351562,31.360000610351562,31.360000610351562,31.360000610351562,732,0.0,0.0,0.0
2024-08-13 13:30:00-04:00,31.3799991607666,31.3799991607666,31.3799991607666,31.3799991607666,301,0.0,0.0,0.0
2024-08-13 14:30:00-04:00,31.469999313354492,31.469999313354492,31.3700008392334,31.39550018310547,635,0.0,0.0,0.0
2024-08-13 15:30:00-04:00,31.5,31.5,31.4950008392334,31.4950008392334,517,0.0,0.0,0.0
2024-08-14 10:30:00-04:00,31.36039924621582,31.399999618530273,31.36039924621582,31.392000198364258,420,0.0,0.0,0.0
2024-08-14 11:30:00-04:00,31.399999618530273,31.44499969482422,31.399999618530273,31.44499969482422,2586,0.0,0.0,0.0
2024-08-14 14:30:00-04:00,31.330799102783203,31.330799102783203,31.330799102783203,31.330799102783203,1142,0.0,0.0,0.0
2024-08-14 15:30:00-04:00,31.260000228881836,31.396099090576172,31.260000228881836,31.396099090576172,0,0.0,0.0,0.0
2024-08-15 09:30:00-04:00,32.0,32.03120040893555,32.0,32.03120040893555,691,0.0,0.0,0.0
2024-08-15 10:30:00-04:00,32.149898529052734,32.149898529052734,32.120601654052734,32.120601654052734,708,0.0,0.0,0.0
2024-08-15 12:30:00-04:00,32.19499969482422,32.19499969482422,32.19499969482422,32.19499969482422,150,0.0,0.0,0.0
2024-08-15 13:30:00-04:00,32.17020034790039,32.170501708984375,32.16999816894531,32.170501708984375,1514,0.0,0.0,0.0
2024-08-15 14:30:00-04:00,32.16999816894531,32.16999816894531,32.16999816894531,32.16999816894531,210,0.0,0.0,0.0
2024-08-15 15:30:00-04:00,32.099998474121094,32.099998474121094,32.095001220703125,32.095001220703125,828,0.0,0.0,0.0
2024-08-16 09:30:00-04:00,31.8799991607666,31.93000030517578,31.8799991607666,31.93000030517578,1172,0.0,0.0,0.0
2024-08-16 10:30:00-04:00,32.02009963989258,32.02009963989258,31.989999771118164,32.010101318359375,3223,0.0,0.0,0.0
2024-08-16 12:30:00-04:00,32.18389892578125,32.20989990234375,32.17499923706055,32.20989990234375,3396,0.0,0.0,0.0
2024-08-16 13:30:00-04:00,32.185001373291016,32.185001373291016,32.185001373291016,32.185001373291016,263,0.0,0.0,0.0
2024-08-16 15:30:00-04:00,32.14500045776367,32.14500045776367,32.13859939575195,32.13859939575195,223,0.0,0.0,0.0
2024-08-19 09:30:00-04:00,32.150001525878906,32.3120002746582,32.13999938964844,32.2234992980957,0,0.0,0.0,0.0
2024-08-19 10:30:00-04:00,32.26499938964844,32.28010177612305,32.2400016784668,32.28010177612305,792,0.0,0.0,0.0
2024-08-19 11:30:00-04:00,32.34450149536133,32.34450149536133,32.3291015625,32.3291015625,1054,0.0,0.0,0.0
2024-08-19 12:30:00-04:00,32.33209991455078,32.33209991455078,32.33209991455078,32.33209991455078,185,0.0,0.0,0.0
2024-08-19 13:30:00-04:00,32.349998474121094,32.380001068115234,32.32500076293945,32.380001068115234,1514,0.0,0.0,0.0
2024-08-19 14:30:00-04:00,32.34000015258789,32.400299072265625,32.34000015258789,32.400299072265625,0,0.0,0.0,0.0
2024-08-20 09:30:00-04:00,32.38180160522461,32.38180160522461,32.265201568603516,32.265201568603516,384,0.0,0.0,0.0
2024-08-20 10:30:00-04:00,32.15140151977539,32.15140151977539,32.15140151977539,32.15140151977539,567,0.0,0.0,0.0
2024-08-20 11:30:00-04:00,32.04999923706055,32.05970001220703,32.04999923706055,32.05970001220703,523,0.0,0.0,0.0
2024-08-20 12:30:00-04:00,32.02000045776367,32.060001373291016,32.02000045776367,32.060001373291016,1319,0.0,0.0,0.0
2024-08-20 15:30:00-04:00,32.11000061035156,32.11000061035156,32.073699951171875,32.073699951171875,130,0.0,0.0,0.0
2024-08-21 09:30:00-04:00,32.25,32.25,32.25,32.25,0,0.0,0.0,0.0
2024-08-21 10:30:00-04:00,32.25,32.25,32.25,32.25,399,0.0,0.0,0.0
2024-08-21 11:30:00-04:00,32.23500061035156,32.23500061035156,32.23500061035156,32.23500061035156,264,0.0,0.0,0.0
2024-08-21 14:30:00-04:00,32.290000915527344,32.290000915527344,32.290000915527344,32.290000915527344,109,0.0,0.0,0.0
2024-08-21 15:30:00-04:00,32.37630081176758,32.40290069580078,32.31999969482422,32.40290069580078,0,0.0,0.0,0.0
2024-08-22 09:30:00-04:00,32.5,32.5,32.290000915527344,32.290000915527344,982,0.0,0.0,0.0
2024-08-22 10:30:00-04:00,32.40999984741211,32.40999984741211,32.40999984741211,32.40999984741211,386,0.0,0.0,0.0
2024-08-22 11:30:00-04:00,32.28030014038086,32.28030014038086,32.28030014038086,32.28030014038086,721,0.0,0.0,0.0
2024-08-22 12:30:00-04:00,32.278099060058594,32.278099060058594,32.278099060058594,32.278099060058594,243,0.0,0.0,0.0
2024-08-22 13:30:00-04:00,32.2400016784668,32.2400016784668,32.2400016784668,32.2400016784668,229,0.0,0.0,0.0
2024-08-22 14:30:00-04:00,32.310001373291016,32.310001373291016,32.310001373291016,32.310001373291016,788,0.0,0.0,0.0
2024-08-22 15:30:00-04:00,32.169498443603516,32.209999084472656,32.165000915527344,32.209999084472656,1399,0.0,0.0,0.0
2024-08-23 09:30:00-04:00,32.290000915527344,32.66999816894531,32.290000915527344,32.66999816894531,0,0.0,0.0,0.0
2024-08-23 10:30:00-04:00,32.86000061035156,32.88850021362305,32.86000061035156,32.88850021362305,1405,0.0,0.0,0.0
2024-08-23 11:30:00-04:00,32.869998931884766,32.869998931884766,32.869998931884766,32.869998931884766,164,0.0,0.0,0.0
2024-08-23 12:30:00-04:00,32.850101470947266,32.850101470947266,32.850101470947266,32.850101470947266,223,0.0,0.0,0.0
2024-08-23 13:30:00-04:00,32.8931999206543,32.8931999206543,32.869998931884766,32.8931999206543,343,0.0,0.0,0.0
2024-08-23 14:30:00-04:00,32.83000183105469,32.89250183105469,32.822200775146484,32.89250183105469,667,0.0,0.0,0.0
2024-08-26 09:30:00-04:00,33.099998474121094,33.099998474121094,32.977901458740234,33.040000915527344,0,0.0,0.0,0.0
2024-08-26 10:30:00-04:00,32.97999954223633,33.01839828491211,32.77000045776367,32.79999923706055,2666,0.0,0.0,0.0
2024-08-26 11:30:00-04:00,32.834999084472656,32.834999084472656,32.834999084472656,32.834999084472656,102,0.0,0.0,0.0
2024-08-26 12:30:00-04:00,32.790000915527344,32.83000183105469,32.790000915527344,32.810001373291016,955,0.0,0.0,0.0
2024-08-26 13:30:00-04:00,32.7776985168457,32.7776985168457,32.7776985168457,32.7776985168457,453,0.0,0.0,0.0
2024-08-26 14:30:00-04:00,32.779998779296875,32.810001373291016,32.77000045776367,32.810001373291016,2226,0.0,0.0,0.0
2024-08-26 15:30:00-04:00,32.779998779296875,32.83150100708008,32.71799850463867,32.71799850463867,0,0.0,0.0,0.0
2024-08-27 09:30:00-04:00,32.39849853515625,32.39849853515625,32.37189865112305,32.37189865112305,2276,0.0,0.0,0.0
2024-08-27 11:30:00-04:00,32.380001068115234,32.380001068115234,32.380001068115234,32.380001068115234,107,0.0,0.0,0.0
2024-08-27 12:30:00-04:00,32.43000030517578,32.52399826049805,32.43000030517578,32.470001220703125,2589,0.0,0.0,0.0
2024-08-27 13:30:00-04:00,32.564998626708984,32.564998626708984,32.540000915527344,32.540000915527344,313,0.0,0.0,0.0
2024-08-27 14:30:00-04:00,32.52000045776367,32.535701751708984,32.52000045776367,32.535701751708984,0,0.0,0.0,0.0
2024-08-28 09:30:00-04:00,32.439998626708984,32.49850082397461,32.439998626708984,32.49850082397461,1040,0.0,0.0,0.0
2024-08-28 10:30:00-04:00,32.5,32.5,32.5,32.5,1074,0.0,0.0,0.0
2024-08-28 11:30:00-04:00,32.3109016418457,32.3109016418457,32.3109016418457,32.3109016418457,190,0.0,0.0,0.0
2024-08-28 13:30:00-04:00,32.2765998840332,32.290000915527344,32.11000061035156,32.11989974975586,12814,0.0,0.0,0.0
2024-08-28 14:30:00-04:00,32.27000045776367,32.27000045776367,32.22520065307617,32.22520065307617,0,0.0,0.0,0.0
2024-08-29 09:30:00-04:00,32.4900016784668,32.540000915527344,32.4900016784668,32.540000915527344,1272,0.0,0.0,0.0
2024-08-29 10:30:00-04:00,32.6150016784668,32.65420150756836,32.56380081176758,32.56380081176758,4132,0.0,0.0,0.0
2024-08-29 11:30:00-04:00,32.62009811401367,32.70989990234375,32.62009811401367,32.69599914550781,1771,0.0,0.0,0.0
2024-08-29 12:30:00-04:00,32.70000076293945,32.70000076293945,32.69990158081055,32.69990158081055,649,0.0,0.0,0.0
2024-08-29 13:30:00-04:00,32.7400016784668,32.7400016784668,32.68000030517578,32.68000030517578,1124,0.0,0.0,0.0
2024-08-29 14:30:00-04:00,32.560001373291016,32.560001373291016,32.529998779296875,32.529998779296875,353,0.0,0.0,0.0
2024-08-29 15:30:00-04:00,32.584999084472656,32.630001068115234,32.46220016479492,32.46220016479492,0,0.0,0.0,0.0
2024-08-30 09:30:00-04:00,32.619998931884766,32.619998931884766,32.619998931884766,32.619998931884766,368,0.0,0.0,0.0
2024-08-30 10:30:00-04:00,32.55500030517578,32.55500030517578,32.514801025390625,32.514801025390625,566,0.0,0.0,0.0
2024-08-30 11:30:00-04:00,32.326499938964844,32.326499938964844,32.290000915527344,32.290000915527344,256,0.0,0.0,0.0
2024-08-30 12:30:00-04:00,32.28820037841797,32.28820037841797,32.28820037841797,32.28820037841797,445,0.0,0.0,0.0
2024-08-30 13:30:00-04:00,32.36000061035156,32.36000061035156,32.36000061035156,32.36000061035156,347,0.0,0.0,0.0
2024-08-30 14:30:00-04:00,32.52000045776367,32.529998779296875,32.47999954223633,32.529998779296875,1720,0.0,0.0,0.0
2024-08-30 15:30:00-04:00,32.540000915527344,32.60340118408203,32.494998931884766,32.60340118408203,441,0.0,0.0,0.0
2024-09-03 09:30:00-04:00,32.25,32.310001373291016,32.25,32.310001373291016,0,0.0,0.0,0.0
2024-09-03 11:30:00-04:00,32.16189956665039,32.16189956665039,32.16189956665039,32.16189956665039,305,0.0,0.0,0.0
2024-09-03 13:30:00-04:00,31.969900131225586,31.969900131225586,31.829999923706055,31.829999923706055,999,0.0,0.0,0.0
2024-09-03 14:30:00-04:00,31.799999237060547,31.799999237060547,31.799999237060547,31.799999237060547,524,0.0,0.0,0.0
2024-09-03 15:30:00-04:00,31.799999237060547,31.799999237060547,31.78499984741211,31.799299240112305,0,0.0,0.0,0.0
2024-09-04 10:30:00-04:00,32.070098876953125,32.070098876953125,32.06999969482422,32.06999969482422,336,0.0,0.0,0.0
2024-09-04 11:30:00-04:00,31.90999984741211,31.90999984741211,31.899999618530273,31.899999618530273,467,0.0,0.0,0.0
2024-09-04 12:30:00-04:00,31.899999618530273,31.899999618530273,31.899999618530273,31.899999618530273,301,0.0,0.0,0.0
2024-09-04 14:30:00-04:00,31.770000457763672,31.770000457763672,31.770000457763672,31.770000457763672,147,0.0,0.0,0.0
2024-09-04 15:30:00-04:00,31.809999465942383,31.93000030517578,31.809999465942383,31.93000030517578,0,0.0,0.0,0.0
2024-09-05 10:30:00-04:00,31.69499969482422,31.69499969482422,31.69499969482422,31.69499969482422,186,0.0,0.0,0.0
2024-09-05 11:30:00-04:00,31.5049991607666,31.530000686645508,31.5049991607666,31.530000686645508,390,0.0,0.0,0.0
2024-09-05 12:30:00-04:00,31.61039924621582,31.690000534057617,31.61039924621582,31.690000534057617,868,0.0,0.0,0.0
2024-09-05 13:30:00-04:00,31.780000686645508,31.780000686645508,31.756399154663086,31.756399154663086,1304,0.0,0.0,0.0
2024-09-05 14:30:00-04:00,31.809999465942383,31.809999465942383,31.639999389648438,31.639999389648438,311,0.0,0.0,0.0
2024-09-05 15:30:00-04:00,31.68269920349121,31.68269920349121,31.610000610351562,31.65850067138672,1095,0.0,0.0,0.0
2024-09-06 09:30:00-04:00,31.690000534057617,31.8700008392334,31.690000534057617,31.69499969482422,2330,0.0,0.0,0.0
2024-09-06 10:30:00-04:00,31.329999923706055,31.329999923706055,31.329999923706055,31.329999923706055,632,0.0,0.0,0.0
2024-09-06 11:30:00-04:00,31.239900588989258,31.239900588989258,31.219999313354492,31.219999313354492,568,0.0,0.0,0.0
2024-09-06 12:30:00-04:00,31.29170036315918,31.29170036315918,31.29170036315918,31.29170036315918,535,0.0,0.0,0.0
2024-09-06 14:30:00-04:00,31.280000686645508,31.290000915527344,31.280000686645508,31.280399322509766,1153,0.0,0.0,0.0
2024-09-06 15:30:00-04:00,31.329999923706055,31.329999923706055,31.216800689697266,31.216800689697266,168,0.0,0.0,0.0
2024-09-09 09:30:00-04:00,31.399999618530273,31.49679946899414,31.389999389648438,31.440099716186523,0,0.0,0.0,0.0
2024-09-09 10:30:00-04:00,31.46660041809082,31.46660041809082,31.413299560546875,31.413299560546875,1321,0.0,0.0,0.0
2024-09-09 13:30:00-04:00,31.389999389648438,31.434999465942383,31.389999389648438,31.399999618530273,4507,0.0,0.0,0.0
2024-09-09 14:30:00-04:00,31.378700256347656,31.399999618530273,31.378700256347656,31.399999618530273,382,0.0,0.0,0.0
2024-09-09 15:30:00-04:00,31.31999969482422,31.34000015258789,31.31999969482422,31.34000015258789,687,0.0,0.0,0.0
2024-09-10 09:30:00-04:00,31.23969268798828,31.23969268798828,31.23969268798828,31.23969268798828,578,0.0,0.0,0.0
2024-09-10 10:30:00-04:00,31.170000076293945,31.170000076293945,31.170000076293945,31.170000076293945,289,0.0,0.0,0.0
2024-09-10 11:30:00-04:00,31.148000717163086,31.148000717163086,31.0,31.0,499,0.0,0.0,0.0
2024-09-10 12:30:00-04:00,30.8799991607666,30.8799991607666,30.84000015258789,30.84000015258789,1197,0.0,0.0,0.0
2024-09-10 13:30:00-04:00,30.899999618530273,30.899999618530273,30.899999618530273,30.899999618530273,104,0.0,0.0,0.0
2024-09-10 14:30:00-04:00,30.969900131225586,30.969900131225586,30.969900131225586,30.969900131225586,304,0.0,0.0,0.0
2024-09-10 15:30:00-04:00,30.950000762939453,30.950000762939453,30.94930076599121,30.94930076599121,0,0.0,0.0,0.0
2024-09-11 09:30:00-04:00,30.639999389648438,30.639999389648438,30.40180015563965,30.40180015563965,680,0.0,0.0,0.0
2024-09-11 13:30:00-04:00,31.020000457763672,31.020000457763672,30.979999542236328,30.979999542236328,644,0.0,0.0,0.0
2024-09-11 14:30:00-04:00,31.100000381469727,31.100000381469727,31.100000381469727,31.100000381469727,0,0.0,0.0,0.0
2024-09-11 15:30:00-04:00,31.09000015258789,31.119800567626953,31.057199478149414,31.119800567626953,0,0.0,0.0,0.0
2024-09-12 09:30:00-04:00,31.290000915527344,31.299999237060547,31.079999923706055,31.299999237060547,2975,0.0,0.0,0.0
2024-09-12 11:30:00-04:00,31.308000564575195,31.308000564575195,31.299999237060547,31.299999237060547,244,0.0,0.0,0.0
2024-09-12 12:30:00-04:00,31.299999237060547,31.299999237060547,31.299999237060547,31.299999237060547,0,0.0,0.0,0.0
2024-09-12 13:30:00-04:00,31.542200088500977,31.542200088500977,31.542200088500977,31.542200088500977,3619,0.0,0.0,0.0
2024-09-12 14:30:00-04:00,31.531999588012695,31.54199981689453,31.531999588012695,31.54199981689453,205,0.0,0.0,0.0
2024-09-12 15:30:00-04:00,31.53730010986328,31.53730010986328,31.520000457763672,31.53730010986328,0,0.0,0.0,0.0
2024-09-13 09:30:00-04:00,31.790000915527344,31.93000030517578,31.790000915527344,31.93000030517578,2011,0.0,0.0,0.0
2024-09-13 11:30:00-04:00,32.18000030517578,32.18000030517578,32.18000030517578,32.18000030517578,216,0.0,0.0,0.0
2024-09-13 12:30:00-04:00,32.18000030517578,32.18000030517578,32.15299987792969,32.15299987792969,505,0.0,0.0,0.0
2024-09-13 13:30:00-04:00,32.160099029541016,32.160099029541016,32.05500030517578,32.05500030517578,438,0.0,0.0,0.0
2024-09-13 14:30:00-04:00,32.08000183105469,32.08000183105469,32.08000183105469,32.08000183105469,134,0.0,0.0,0.0
2024-09-13 15:30:00-04:00,32.08000183105469,32.099998474121094,32.08000183105469,32.099998474121094,780,0.0,0.0,0.0
2024-09-16 09:30:00-04:00,32.20000076293945,32.20000076293945,32.20000076293945,32.20000076293945,346,0.0,0.0,0.0
2024-09-16 10:30:00-04:00,32.099998474121094,32.099998474121094,32.099998474121094,32.099998474121094,702,0.0,0.0,0.0
2024-09-16 12:30:00-04:00,32.172698974609375,32.172698974609375,32.172698974609375,32.172698974609375,152,0.0,0.0,0.0
2024-09-16 13:30:00-04:00,32.17499923706055,32.20000076293945,32.17499923706055,32.20000076293945,1730,0.0,0.0,0.0
2024-09-16 15:30:00-04:00,32.30099868774414,32.30099868774414,32.30099868774414,32.30099868774414,0,0.0,0.0,0.0
2024-09-17 09:30:00-04:00,32.560001373291016,32.560001373291016,32.560001373291016,32.560001373291016,255,0.0,0.0,0.0
2024-09-17 10:30:00-04:00,32.84989929199219,32.84989929199219,32.84989929199219,32.84989929199219,378,0.0,0.0,0.0
2024-09-17 12:30:00-04:00,32.47930145263672,32.47930145263672,32.47930145263672,32.47930145263672,113,0.0,0.0,0.0
2024-09-17 13:30:00-04:00,32.53799819946289,32.53799819946289,32.53799819946289,32.53799819946289,0,0.0,0.0,0.0
2024-09-17 14:30:00-04:00,32.47809982299805,32.47809982299805,32.47809982299805,32.47809982299805,0,0.0,0.0,0.0
2024-09-18 10:30:00-04:00,32.54499816894531,32.54499816894531,32.54499816894531,32.54499816894531,321,0.0,0.0,0.0
2024-09-18 11:30:00-04:00,32.40700149536133,32.40700149536133,32.40700149536133,32.40700149536133,173,0.0,0.0,0.0
2024-09-18 12:30:00-04:00,32.53260040283203,32.53260040283203,32.53260040283203,32.53260040283203,0,0.0,0.0,0.0
2024-09-18 13:30:00-04:00,32.81169891357422,32.89500045776367,32.81169891357422,32.89500045776367,1671,0.0,0.0,0.0
2024-09-18 14:30:00-04:00,32.929901123046875,32.929901123046875,32.77009963989258,32.77009963989258,806,0.0,0.0,0.0
2024-09-19 09:30:00-04:00,33.220001220703125,33.220001220703125,33.0099983215332,33.0099983215332,1511,0.0,0.0,0.0
2024-09-19 10:30:00-04:00,33.20000076293945,33.20000076293945,33.119998931884766,33.119998931884766,582,0.0,0.0,0.0
2024-09-19 11:30:00-04:00,33.15999984741211,33.15999984741211,33.15999984741211,33.15999984741211,740,0.0,0.0,0.0
2024-09-19 12:30:00-04:00,33.26499938964844,33.26499938964844,33.23500061035156,33.23500061035156,608,0.0,0.0,0.0
2024-09-19 13:30:00-04:00,33.349998474121094,33.349998474121094,33.21979904174805,33.21979904174805,506,0.0,0.0,0.0
2024-09-19 14:30:00-04:00,33.22050094604492,33.26369857788086,33.22050094604492,33.26369857788086,764,0.0,0.0,0.0
2024-09-20 09:30:00-04:00,33.31999969482422,33.31999969482422,33.08000183105469,33.130001068115234,2509,0.0,0.0,0.0
2024-09-20 10:30:00-04:00,33.22999954223633,33.22999954223633,33.02009963989258,33.02009963989258,1293,0.0,0.0,0.0
2024-09-20 11:30:00-04:00,33.040000915527344,33.11000061035156,33.040000915527344,33.11000061035156,1297,0.0,0.0,0.0
2024-09-20 13:30:00-04:00,33.136600494384766,33.136600494384766,33.135101318359375,33.135101318359375,760,0.0,0.0,0.0
2024-09-20 14:30:00-04:00,33.081199645996094,33.11980056762695,33.081199645996094,33.11980056762695,0,0.0,0.0,0.0
2024-09-23 09:30:00-04:00,33.2599983215332,33.31999969482422,33.189998626708984,33.189998626708984,1102,0.0,0.0,0.0
2024-09-23 10:30:00-04:00,33.19409942626953,33.19409942626953,33.07040023803711,33.07040023803711,1206,0.0,0.0,0.0
2024-09-23 12:30:00-04:00,33.132198333740234,33.132198333740234,33.130001068115234,33.130001068115234,411,0.0,0.0,0.0
2024-09-23 13:30:00-04:00,33.13399887084961,33.13399887084961,33.13209915161133,33.13209915161133,572,0.0,0.0,0.0
2024-09-23 14:30:00-04:00,33.12009811401367,33.18989944458008,33.12009811401367,33.18989944458008,313,0.0,0.0,0.0
2024-09-23 15:30:00-04:00,33.119998931884766,33.119998931884766,33.119998931884766,33.119998931884766,946,0.0,0.0,0.0
2024-09-24 09:30:00-04:00,33.20000076293945,33.20000076293945,33.20000076293945,33.20000076293945,0,0.0,0.0,0.0
2024-09-24 12:30:00-04:00,33.130001068115234,33.130001068115234,33.130001068115234,33.130001068115234,104,0.0,0.0,0.0
2024-09-24 13:30:00-04:00,33.13010025024414,33.16999816894531,33.13010025024414,33.1327018737793,662,0.0,0.0,0.0
2024-09-24 14:30:00-04:00,33.13999938964844,33.13999938964844,33.13999938964844,33.13999938964844,585,0.0,0.0,0.0
2024-09-24 15:30:00-04:00,33.11000061035156,33.1338996887207,33.11000061035156,33.1338996887207,0,0.0,0.0,0.0
2024-09-25 11:30:00-04:00,33.025001525878906,33.025001525878906,33.025001525878906,33.025001525878906,897,0.0,0.0,0.0
2024-09-25 12:30:00-04:00,32.88999938964844,32.88999938964844,32.833499908447266,32.833499908447266,828,0.0,0.0,0.0
2024-09-25 13:30:00-04:00,32.80289840698242,32.80289840698242,32.790000915527344,32.790000915527344,474,0.0,0.0,0.0
2024-09-25 14:30:00-04:00,32.84339904785156,32.869998931884766,32.779598236083984,32.779598236083984,0,0.0,0.0,0.0
2024-09-26 09:30:00-04:00,33.189998626708984,33.189998626708984,32.97999954223633,32.97999954223633,795,0.0,0.0,0.0
2024-09-26 11:30:00-04:00,32.88999938964844,32.88999938964844,32.88999938964844,32.88999938964844,224,0.0,0.0,0.0
2024-09-26 13:30:00-04:00,32.93000030517578,32.93000030517578,32.93000030517578,32.93000030517578,181,0.0,0.0,0.0
2024-09-26 14:30:00-04:00,32.91999816894531,32.91999816894531,32.904701232910156,32.904701232910156,0,0.0,0.0,0.0
2024-09-27 09:30:00-04:00,33.15999984741211,33.31999969482422,33.15999984741211,33.31999969482422,971,0.0,0.0,0.0
2024-09-27 10:30:00-04:00,33.5,33.5,33.5,33.5,507,0.0,0.0,0.0
2024-09-27 12:30:00-04:00,33.286399841308594,33.286399841308594,33.27009963989258,33.27009963989258,374,0.0,0.0,0.0
2024-09-27 13:30:00-04:00,33.180301666259766,33.180301666259766,33.180301666259766,33.180301666259766,281,0.0,0.0,0.0
2024-09-27 14:30:00-04:00,33.134700775146484,33.134700775146484,33.13460159301758,33.13460159301758,870,0.0,0.0,0.0
2024-09-27 15:30:00-04:00,33.125,33.190101623535156,33.125,33.190101623535156,201,0.0,0.0,0.0
2024-09-30 09:30:00-04:00,33.060001373291016,33.369998931884766,33.060001373291016,33.369998931884766,1765,0.0,0.0,0.0
2024-09-30 11:30:00-04:00,33.2400016784668,33.280399322509766,33.2400016784668,33.280399322509766,346,0.0,0.0,0.0
2024-09-30 12:30:00-04:00,33.34989929199219,33.34989929199219,33.34989929199219,33.34989929199219,184,0.0,0.0,0.0
2024-09-30 13:30:00-04:00,33.19150161743164,33.19150161743164,33.19150161743164,33.19150161743164,134,0.0,0.0,0.0
2024-09-30 14:30:00-04:00,33.00270080566406,33.027400970458984,33.00270080566406,33.025001525878906,389,0.0,0.0,0.0
2024-09-30 15:30:00-04:00,33.130001068115234,33.19070053100586,33.130001068115234,33.19070053100586,203,0.0,0.0,0.0
2024-10-01 09:30:00-04:00,33.209999084472656,33.209999084472656,32.60499954223633,32.60499954223633,0,0.0,0.0,0.0
2024-10-01 13:30:00-04:00,32.81999969482422,32.81999969482422,32.7400016784668,32.81999969482422,3196,0.0,0.0,0.0
2024-10-01 14:30:00-04:00,32.92839813232422,32.92839813232422,32.92839813232422,32.92839813232422,0,0.0,0.0,0.0
2024-10-02 11:30:00-04:00,32.891998291015625,32.891998291015625,32.891998291015625,32.891998291015625,393,0.0,0.0,0.0
2024-10-02 13:30:00-04:00,32.90999984741211,32.90999984741211,32.90999984741211,32.90999984741211,485,0.0,0.0,0.0
2024-10-02 15:30:00-04:00,32.89929962158203,32.89929962158203,32.870399475097656,32.870399475097656,0,0.0,0.0,0.0
2024-10-03 09:30:00-04:00,32.65489959716797,32.7400016784668,32.55070114135742,32.7400016784668,842,0.0,0.0,0.0
2024-10-03 10:30:00-04:00,32.7224006652832,32.7224006652832,32.7224006652832,32.7224006652832,162,0.0,0.0,0.0
2024-10-03 12:30:00-04:00,32.82120132446289,32.82120132446289,32.82120132446289,32.82120132446289,1814,0.0,0.0,0.0
2024-10-03 13:30:00-04:00,32.68149948120117,32.68149948120117,32.68149948120117,32.68149948120117,200,0.0,0.0,0.0
2024-10-03 15:30:00-04:00,32.69309997558594,32.72460174560547,32.69309997558594,32.72460174560547,0,0.0,0.0,0.0
2024-10-04 09:30:00-04:00,33.178001403808594,33.178001403808594,33.178001403808594,33.178001403808594,353,0.0,0.0,0.0
2024-10-04 11:30:00-04:00,32.93000030517578,33.1150016784668,32.93000030517578,33.1150016784668,2127,0.0,0.0,0.0
2024-10-04 12:30:00-04:00,33.165000915527344,33.165000915527344,33.165000915527344,33.165000915527344,141,0.0,0.0,0.0
2024-10-04 13:30:00-04:00,33.13180160522461,33.13180160522461,33.13180160522461,33.13180160522461,414,0.0,0.0,0.0
2024-10-04 14:30:00-04:00,33.06999969482422,33.099998474121094,33.06999969482422,33.099998474121094,807,0.0,0.0,0.0
2024-10-04 15:30:00-04:00,33.09000015258789,33.14950180053711,33.09000015258789,33.14950180053711,152,0.0,0.0,0.0
2024-10-07 10:30:00-04:00,32.90999984741211,32.90999984741211,32.90999984741211,32.90999984741211,0,0.0,0.0,0.0
2024-10-07 11:30:00-04:00,32.880001068115234,32.90999984741211,32.880001068115234,32.90999984741211,687,0.0,0.0,0.0
2024-10-07 14:30:00-04:00,32.80799865722656,32.82149887084961,32.80799865722656,32.82149887084961,272,0.0,0.0,0.0
2024-10-07 15:30:00-04:00,32.856300354003906,32.856300354003906,32.856300354003906,32.856300354003906,0,0.0,0.0,0.0
2024-10-08 09:30:00-04:00,32.83000183105469,33.05929946899414,32.83000183105469,33.05929946899414,302,0.0,0.0,0.0
2024-10-08 10:30:00-04:00,33.11000061035156,33.119998931884766,33.11000061035156,33.119998931884766,474,0.0,0.0,0.0
2024-10-08 13:30:00-04:00,33.150001525878906,33.188499450683594,33.13999938964844,33.160099029541016,1130,0.0,0.0,0.0
2024-10-08 15:30:00-04:00,33.189998626708984,33.21200180053711,33.189998626708984,33.21200180053711,0,0.0,0.0,0.0
2024-10-09 09:30:00-04:00,33.25,33.25,33.241798400878906,33.241798400878906,910,0.0,0.0,0.0
2024-10-09 10:30:00-04:00,33.310001373291016,33.3385009765625,33.310001373291016,33.3385009765625,1499,0.0,0.0,0.0
2024-10-09 11:30:00-04:00,33.43000030517578,33.43000030517578,33.43000030517578,33.43000030517578,2398,0.0,0.0,0.0
2024-10-09 15:30:00-04:00,33.28889846801758,33.37160110473633,33.28889846801758,33.37160110473633,645,0.0,0.0,0.0
2024-10-10 09:30:00-04:00,33.27000045776367,33.310001373291016,33.16999816894531,33.310001373291016,962,0.0,0.0,0.0
2024-10-10 11:30:00-04:00,33.419898986816406,33.419898986816406,33.419898986816406,33.419898986816406,235,0.0,0.0,0.0
2024-10-10 12:30:00-04:00,33.349998474121094,33.349998474121094,33.349998474121094,33.349998474121094,211,0.0,0.0,0.0
2024-10-10 13:30:00-04:00,33.34000015258789,33.342498779296875,33.29819869995117,33.29819869995117,2725,0.0,0.0,0.0
2024-10-10 14:30:00-04:00,33.31269836425781,33.31269836425781,33.30929946899414,33.30929946899414,428,0.0,0.0,0.0
2024-10-10 15:30:00-04:00,33.314998626708984,33.38169860839844,33.314998626708984,33.38169860839844,0,0.0,0.0,0.0
2024-10-11 09:30:00-04:00,33.599998474121094,33.900001525878906,33.599998474121094,33.89500045776367,1056,0.0,0.0,0.0
2024-10-11 10:30:00-04:00,33.91999816894531,33.91999816894531,33.91999816894531,33.91999816894531,254,0.0,0.0,0.0
2024-10-11 11:30:00-04:00,34.0,34.005001068115234,33.972198486328125,33.972198486328125,1461,0.0,0.0,0.0
2024-10-11 12:30:00-04:00,33.963199615478516,33.963199615478516,33.963199615478516,33.963199615478516,198,0.0,0.0,0.0
2024-10-11 13:30:00-04:00,34.02640151977539,34.02640151977539,34.02640151977539,34.02640151977539,186,0.0,0.0,0.0
2024-10-11 14:30:00-04:00,34.04999923706055,34.09479904174805,34.04999923706055,34.09479904174805,227,0.0,0.0,0.0
2024-10-14 09:30:00-04:00,34.16999816894531,34.20000076293945,34.095001220703125,34.1150016784668,0,0.0,0.0,0.0
2024-10-14 10:30:00-04:00,34.30160140991211,34.30160140991211,34.30160140991211,34.30160140991211,512,0.0,0.0,0.0
2024-10-14 11:30:00-04:00,34.19260025024414,34.19260025024414,34.19260025024414,34.19260025024414,421,0.0,0.0,0.0
2024-10-14 13:30:00-04:00,34.16999816894531,34.236900329589844,34.16999816894531,34.236900329589844,799,0.0,0.0,0.0
2024-10-14 14:30:00-04:00,34.302799224853516,34.302799224853516,34.302799224853516,34.302799224853516,186,0.0,0.0,0.0
2024-10-14 15:30:00-04:00,34.25,34.25,34.25,34.25,1375,0.0,0.0,0.0
2024-10-15 09:30:00-04:00,34.25,34.400001525878906,34.25,34.400001525878906,1540,0.0,0.0,0.0
2024-10-15 10:30:00-04:00,34.43000030517578,34.4463005065918,34.43000030517578,34.4463005065918,709,0.0,0.0,0.0
2024-10-15 11:30:00-04:00,34.470001220703125,34.470001220703125,34.470001220703125,34.470001220703125,288,0.0,0.0,0.0
2024-10-15 12:30:00-04:00,34.41999816894531,34.441898345947266,34.36000061035156,34.36000061035156,1420,0.0,0.0,0.0
2024-10-15 14:30:00-04:00,34.400001525878906,34.41849899291992,34.390098571777344,34.390098571777344,615,0.0,0.0,0.0
2024-10-15 15:30:00-04:00,34.32609939575195,34.32609939575195,34.25,34.25,1588,0.0,0.0,0.0
2024-10-16 09:30:00-04:00,34.52000045776367,34.52000045776367,34.52000045776367,34.52000045776367,704,0.0,0.0,0.0
2024-10-16 10:30:00-04:00,34.70000076293945,34.70000076293945,34.70000076293945,34.70000076293945,427,0.0,0.0,0.0
2024-10-16 12:30:00-04:00,34.70000076293945,34.70000076293945,34.70000076293945,34.70000076293945,157,0.0,0.0,0.0
2024-10-16 14:30:00-04:00,34.650001525878906,34.650001525878906,34.650001525878906,34.650001525878906,2191,0.0,0.0,0.0
2024-10-16 15:30:00-04:00,34.650001525878906,34.65340042114258,34.650001525878906,34.65340042114258,0,0.0,0.0,0.0
2024-10-17 10:30:00-04:00,34.474998474121094,34.474998474121094,34.4192008972168,34.4192008972168,546,0.0,0.0,0.0
2024-10-17 11:30:00-04:00,34.39120101928711,34.400001525878906,34.39120101928711,34.400001525878906,676,0.0,0.0,0.0
2024-10-17 13:30:00-04:00,34.506500244140625,34.510101318359375,34.506500244140625,34.510101318359375,692,0.0,0.0,0.0
2024-10-17 14:30:00-04:00,34.5099983215332,34.59659957885742,34.5099983215332,34.59659957885742,0,0.0,0.0,0.0
2024-10-18 09:30:00-04:00,34.64500045776367,34.64500045776367,34.64500045776367,34.64500045776367,345,0.0,0.0,0.0
2024-10-18 10:30:00-04:00,34.609798431396484,34.609798431396484,34.56999969482422,34.58399963378906,720,0.0,0.0,0.0
2024-10-18 11:30:00-04:00,34.599998474121094,34.599998474121094,34.58380126953125,34.58380126953125,1067,0.0,0.0,0.0
2024-10-18 13:30:00-04:00,34.650001525878906,34.650001525878906,34.650001525878906,34.650001525878906,137,0.0,0.0,0.0
2024-10-18 14:30:00-04:00,34.63999938964844,34.63999938964844,34.61600112915039,34.61600112915039,1136,0.0,0.0,0.0
2024-10-18 15:30:00-04:00,34.585201263427734,34.62289810180664,34.585201263427734,34.62289810180664,850,0.0,0.0,0.0
2024-10-21 09:30:00-04:00,34.595001220703125,34.595001220703125,34.47549819946289,34.47549819946289,0,0.0,0.0,0.0
2024-10-21 10:30:00-04:00,34.29999923706055,34.29999923706055,34.29999923706055,34.29999923706055,347,0.0,0.0,0.0
2024-10-21 11:30:00-04:00,34.209999084472656,34.272499084472656,34.1697998046875,34.272499084472656,622,0.0,0.0,0.0
2024-10-21 12:30:00-04:00,34.320098876953125,34.32040023803711,34.31999969482422,34.3202018737793,3801,0.0,0.0,0.0
2024-10-21 15:30:00-04:00,34.2588005065918,34.313499450683594,34.2588005065918,34.313499450683594,0,0.0,0.0,0.0
2024-10-22 10:30:00-04:00,34.25,34.310001373291016,34.25,34.310001373291016,458,0.0,0.0,0.0
2024-10-22 11:30:00-04:00,34.279998779296875,34.279998779296875,34.279998779296875,34.279998779296875,225,0.0,0.0,0.0
2024-10-22 13:30:00-04:00,34.33000183105469,34.38999938964844,34.33000183105469,34.38999938964844,1163,0.0,0.0,0.0
2024-10-22 15:30:00-04:00,34.33000183105469,34.33000183105469,34.29999923706055,34.31669998168945,0,0.0,0.0,0.0
2024-10-23 10:30:00-04:00,34.183536529541016,34.183536529541016,34.183536529541016,34.183536529541016,260,0.0,0.0,0.0
2024-10-23 12:30:00-04:00,34.09519958496094,34.09519958496094,34.0,34.06990051269531,12219,0.0,0.0,0.0
2024-10-23 13:30:00-04:00,34.0,34.0,34.0,34.0,467,0.0,0.0,0.0
2024-10-23 15:30:00-04:00,34.119998931884766,34.119998931884766,34.119998931884766,34.119998931884766,0,0.0,0.0,0.0
2024-10-24 09:30:00-04:00,34.279998779296875,34.279998779296875,34.279998779296875,34.279998779296875,174,0.0,0.0,0.0
2024-10-24 10:30:00-04:00,34.34000015258789,34.37990188598633,34.314998626708984,34.314998626708984,2160,0.0,0.0,0.0
2024-10-24 11:30:00-04:00,34.167301177978516,34.167301177978516,34.13750076293945,34.13750076293945,2288,0.0,0.0,0.0
2024-10-24 14:30:00-04:00,34.34000015258789,34.34000015258789,34.34000015258789,34.34000015258789,390,0.0,0.0,0.0
2024-10-24 15:30:00-04:00,34.33000183105469,34.364601135253906,34.33000183105469,34.364601135253906,0,0.0,0.0,0.0
2024-10-25 09:30:00-04:00,34.560001373291016,34.58599853515625,34.560001373291016,34.58599853515625,257,0.0,0.0,0.0
2024-10-25 10:30:00-04:00,34.580101013183594,34.580101013183594,34.580101013183594,34.580101013183594,139,0.0,0.0,0.0
2024-10-25 11:30:00-04:00,34.380001068115234,34.470001220703125,34.380001068115234,34.470001220703125,1399,0.0,0.0,0.0
2024-10-25 14:30:00-04:00,34.380001068115234,34.380001068115234,34.29899978637695,34.29899978637695,173,0.0,0.0,0.0
2024-10-28 09:30:00-04:00,34.689998626708984,34.689998626708984,34.689998626708984,34.689998626708984,384,0.0,0.0,0.0
2024-10-28 10:30:00-04:00,34.709999084472656,34.709999084472656,34.709999084472656,34.709999084472656,159,0.0,0.0,0.0
2024-10-28 12:30:00-04:00,34.67679977416992,34.6875,34.67679977416992,34.68730163574219,1019,0.0,0.0,0.0
2024-10-28 13:30:00-04:00,34.69200134277344,34.69200134277344,34.69200134277344,34.69200134277344,0,0.0,0.0,0.0
2024-10-29 09:30:00-04:00,34.5,34.5,34.5,34.5,1598,0.0,0.0,0.0
2024-10-29 11:30:00-04:00,34.79999923706055,34.79999923706055,34.757198333740234,34.757198333740234,6029,0.0,0.0,0.0
2024-10-29 12:30:00-04:00,34.650001525878906,34.650001525878906,34.650001525878906,34.650001525878906,193,0.0,0.0,0.0
2024-10-29 13:30:00-04:00,34.697601318359375,34.70000076293945,34.697601318359375,34.70000076293945,549,0.0,0.0,0.0
2024-10-29 14:30:00-04:00,34.7400016784668,34.7400016784668,34.7400016784668,34.7400016784668,104,0.0,0.0,0.0
2024-10-29 15:30:00-04:00,34.70000076293945,34.756900787353516,34.70000076293945,34.756900787353516,360,0.0,0.0,0.0
2024-10-30 09:30:00-04:00,34.810001373291016,35.20500183105469,34.810001373291016,35.20500183105469,1678,0.0,0.0,0.0
2024-10-30 10:30:00-04:00,35.109901428222656,35.109901428222656,35.0,35.0,1827,0.0,0.0,0.0
2024-10-30 11:30:00-04:00,35.02579879760742,35.02579879760742,34.959999084472656,34.959999084472656,453,0.0,0.0,0.0
2024-10-30 12:30:00-04:00,34.93000030517578,34.960601806640625,34.93000030517578,34.960601806640625,493,0.0,0.0,0.0
2024-10-30 13:30:00-04:00,34.986900329589844,34.986900329589844,34.780399322509766,34.780399322509766,626,0.0,0.0,0.0
2024-10-31 09:30:00-04:00,34.66999816894531,34.66999816894531,34.66999816894531,34.66999816894531,0,0.0,0.0,0.0
2024-10-31 10:30:00-04:00,34.609901428222656,34.609901428222656,34.609901428222656,34.609901428222656,539,0.0,0.0,0.0
2024-10-31 14:30:00-04:00,34.459999084472656,34.459999084472656,34.41619873046875,34.41619873046875,420,0.0,0.0,0.0
2024-10-31 15:30:00-04:00,34.369998931884766,34.369998931884766,34.3286018371582,34.3286018371582,0,0.0,0.0,0.0
2024-11-01 09:30:00-04:00,34.45000076293945,34.52040100097656,34.45000076293945,34.52040100097656,1095,0.0,0.0,0.0
2024-11-01 11:30:00-04:00,34.630001068115234,34.630001068115234,34.630001068115234,34.630001068115234,297,0.0,0.0,0.0
2024-11-01 13:30:00-04:00,34.356201171875,34.45000076293945,34.356201171875,34.45000076293945,855,0.0,0.0,0.0
2024-11-01 14:30:00-04:00,34.439998626708984,34.439998626708984,34.41559982299805,34.41559982299805,188,0.0,0.0,0.0
