Datetime,Open,High,Low,Close,Volume,Dividends,Stock Splits
2022-10-05 09:00:00+08:00,1270.0,1270.0,1220.0,1265.0,0,0.0,0.0
2022-10-05 10:00:00+08:00,1265.0,1265.0,1240.0,1265.0,303757,0.0,0.0
2022-10-05 11:00:00+08:00,1265.0,1265.0,1230.0,1240.0,191376,0.0,0.0
2022-10-05 12:00:00+08:00,1235.0,1235.0,1215.0,1225.0,201840,0.0,0.0
2022-10-05 13:00:00+08:00,1230.0,1245.0,1230.0,1235.0,199073,0.0,0.0
2022-10-06 09:00:00+08:00,1265.0,1285.0,1245.0,1285.0,0,0.0,0.0
2022-10-06 10:00:00+08:00,1285.0,1285.0,1240.0,1260.0,333473,0.0,0.0
2022-10-06 11:00:00+08:00,1265.0,1285.0,1265.0,1285.0,245491,0.0,0.0
2022-10-06 12:00:00+08:00,1285.0,1320.0,1270.0,1310.0,303379,0.0,0.0
2022-10-06 13:00:00+08:00,1310.0,1310.0,1285.0,1300.0,134495,0.0,0.0
2022-10-07 09:00:00+08:00,1295.0,1295.0,1245.0,1250.0,0,0.0,0.0
2022-10-07 10:00:00+08:00,1250.0,1260.0,1245.0,1260.0,143220,0.0,0.0
2022-10-07 11:00:00+08:00,1255.0,1255.0,1245.0,1255.0,82646,0.0,0.0
2022-10-07 12:00:00+08:00,1255.0,1255.0,1240.0,1245.0,116052,0.0,0.0
2022-10-07 13:00:00+08:00,1245.0,1250.0,1240.0,1245.0,136235,0.0,0.0
2022-10-11 09:00:00+08:00,1135.0,1190.0,1130.0,1135.0,0,0.0,0.0
2022-10-11 10:00:00+08:00,1140.0,1140.0,1120.0,1120.0,246208,0.0,0.0
2022-10-11 11:00:00+08:00,1120.0,1120.0,1120.0,1120.0,14669,0.0,0.0
2022-10-11 12:00:00+08:00,1120.0,1120.0,1120.0,1120.0,54989,0.0,0.0
2022-10-11 13:00:00+08:00,1120.0,1120.0,1120.0,1120.0,7985,0.0,0.0
2022-10-12 09:00:00+08:00,1080.0,1095.0,1030.0,1050.0,0,0.0,0.0
2022-10-12 10:00:00+08:00,1050.0,1050.0,1010.0,1045.0,717820,0.0,0.0
2022-10-12 11:00:00+08:00,1045.0,1055.0,1020.0,1025.0,288486,0.0,0.0
2022-10-12 12:00:00+08:00,1025.0,1030.0,1010.0,1020.0,228290,0.0,0.0
2022-10-12 13:00:00+08:00,1020.0,1020.0,1010.0,1010.0,101570,0.0,0.0
2022-10-13 09:00:00+08:00,1030.0,1070.0,1015.0,1040.0,0,0.0,0.0
2022-10-13 10:00:00+08:00,1035.0,1045.0,1020.0,1030.0,415689,0.0,0.0
2022-10-13 11:00:00+08:00,1025.0,1030.0,1010.0,1015.0,277707,0.0,0.0
2022-10-13 12:00:00+08:00,1010.0,1020.0,1000.0,1000.0,251162,0.0,0.0
2022-10-13 13:00:00+08:00,1000.0,1005.0,985.0,989.0,259813,0.0,0.0
2022-10-14 09:00:00+08:00,1070.0,1080.0,1050.0,1065.0,0,0.0,0.0
2022-10-14 10:00:00+08:00,1065.0,1085.0,1065.0,1080.0,246843,0.0,0.0
2022-10-14 11:00:00+08:00,1075.0,1080.0,1075.0,1075.0,74333,0.0,0.0
2022-10-14 12:00:00+08:00,1075.0,1075.0,1060.0,1065.0,101518,0.0,0.0
2022-10-14 13:00:00+08:00,1060.0,1070.0,1050.0,1055.0,141012,0.0,0.0
2022-10-17 09:00:00+08:00,1020.0,1030.0,1010.0,1020.0,0,0.0,0.0
2022-10-17 10:00:00+08:00,1020.0,1025.0,990.0,994.0,351488,0.0,0.0
2022-10-17 11:00:00+08:00,995.0,1025.0,987.0,1020.0,506334,0.0,0.0
2022-10-17 12:00:00+08:00,1020.0,1020.0,1005.0,1010.0,204453,0.0,0.0
2022-10-17 13:00:00+08:00,1005.0,1030.0,1005.0,1030.0,171858,0.0,0.0
2022-10-18 09:00:00+08:00,1080.0,1080.0,1000.0,1010.0,0,0.0,0.0
2022-10-18 10:00:00+08:00,1005.0,1015.0,995.0,1010.0,296585,0.0,0.0
2022-10-18 11:00:00+08:00,1010.0,1025.0,999.0,1015.0,220148,0.0,0.0
2022-10-18 12:00:00+08:00,1015.0,1045.0,1010.0,1040.0,380430,0.0,0.0
2022-10-18 13:00:00+08:00,1040.0,1055.0,1040.0,1055.0,221978,0.0,0.0
2022-10-19 09:00:00+08:00,1050.0,1075.0,1035.0,1060.0,0,0.0,0.0
2022-10-19 10:00:00+08:00,1055.0,1055.0,1040.0,1045.0,249305,0.0,0.0
2022-10-19 11:00:00+08:00,1045.0,1045.0,1030.0,1035.0,168296,0.0,0.0
2022-10-19 12:00:00+08:00,1030.0,1035.0,1030.0,1035.0,137172,0.0,0.0
2022-10-19 13:00:00+08:00,1030.0,1040.0,1025.0,1030.0,133585,0.0,0.0
2022-10-20 09:00:00+08:00,1015.0,1020.0,996.0,1010.0,0,0.0,0.0
2022-10-20 10:00:00+08:00,1005.0,1030.0,1000.0,1025.0,305595,0.0,0.0
2022-10-20 11:00:00+08:00,1025.0,1025.0,1010.0,1015.0,73305,0.0,0.0
2022-10-20 12:00:00+08:00,1010.0,1025.0,1005.0,1025.0,116101,0.0,0.0
2022-10-20 13:00:00+08:00,1025.0,1035.0,1020.0,1030.0,116677,0.0,0.0
2022-10-21 09:00:00+08:00,1030.0,1030.0,1010.0,1015.0,0,0.0,0.0
2022-10-21 10:00:00+08:00,1015.0,1015.0,999.0,1000.0,279553,0.0,0.0
2022-10-21 11:00:00+08:00,1000.0,1010.0,1000.0,1005.0,101959,0.0,0.0
2022-10-21 12:00:00+08:00,1005.0,1005.0,997.0,1000.0,174605,0.0,0.0
2022-10-21 13:00:00+08:00,1000.0,1000.0,985.0,987.0,187678,0.0,0.0
2022-10-24 09:00:00+08:00,1020.0,1070.0,1020.0,1060.0,0,0.0,0.0
2022-10-24 10:00:00+08:00,1055.0,1060.0,1045.0,1050.0,168432,0.0,0.0
2022-10-24 11:00:00+08:00,1050.0,1050.0,1030.0,1030.0,201470,0.0,0.0
2022-10-24 12:00:00+08:00,1030.0,1040.0,1025.0,1025.0,131040,0.0,0.0
2022-10-24 13:00:00+08:00,1025.0,1030.0,1015.0,1015.0,115705,0.0,0.0
2022-10-25 09:00:00+08:00,1020.0,1030.0,1000.0,1005.0,0,0.0,0.0
2022-10-25 10:00:00+08:00,1000.0,1000.0,955.0,963.0,638630,0.0,0.0
2022-10-25 11:00:00+08:00,965.0,973.0,933.0,969.0,477402,0.0,0.0
2022-10-25 12:00:00+08:00,969.0,979.0,966.0,976.0,229878,0.0,0.0
2022-10-25 13:00:00+08:00,975.0,975.0,962.0,972.0,232780,0.0,0.0
2022-10-26 09:00:00+08:00,989.0,989.0,943.0,947.0,0,0.0,0.0
2022-10-26 10:00:00+08:00,948.0,985.0,937.0,984.0,520590,0.0,0.0
2022-10-26 11:00:00+08:00,984.0,985.0,966.0,971.0,234509,0.0,0.0
2022-10-26 12:00:00+08:00,971.0,977.0,967.0,973.0,119160,0.0,0.0
2022-10-26 13:00:00+08:00,969.0,975.0,969.0,973.0,146966,0.0,0.0
2022-10-27 09:00:00+08:00,1005.0,1050.0,997.0,1050.0,0,0.0,0.0
2022-10-27 10:00:00+08:00,1050.0,1065.0,1045.0,1060.0,293450,0.0,0.0
2022-10-27 11:00:00+08:00,1060.0,1075.0,1060.0,1075.0,444579,0.0,0.0
2022-10-27 12:00:00+08:00,1075.0,1075.0,1075.0,1075.0,8722,0.0,0.0
2022-10-27 13:00:00+08:00,1075.0,1075.0,1075.0,1075.0,8200,0.0,0.0
2022-10-28 09:00:00+08:00,1065.0,1105.0,1050.0,1095.0,0,0.0,0.0
2022-10-28 10:00:00+08:00,1095.0,1105.0,1065.0,1075.0,405659,0.0,0.0
2022-10-28 11:00:00+08:00,1070.0,1085.0,1060.0,1080.0,230200,0.0,0.0
2022-10-28 12:00:00+08:00,1080.0,1090.0,1070.0,1090.0,156439,0.0,0.0
2022-10-28 13:00:00+08:00,1085.0,1090.0,1080.0,1085.0,112628,0.0,0.0
2022-10-31 09:00:00+08:00,1145.0,1150.0,1095.0,1100.0,0,0.0,0.0
2022-10-31 10:00:00+08:00,1100.0,1110.0,1085.0,1090.0,275630,0.0,0.0
2022-10-31 11:00:00+08:00,1085.0,1100.0,1085.0,1090.0,99370,0.0,0.0
2022-10-31 12:00:00+08:00,1090.0,1095.0,1070.0,1085.0,249229,0.0,0.0
2022-10-31 13:00:00+08:00,1085.0,1085.0,1065.0,1070.0,202217,0.0,0.0
2022-11-01 09:00:00+08:00,1075.0,1120.0,1075.0,1115.0,0,0.0,0.0
2022-11-01 10:00:00+08:00,1115.0,1120.0,1110.0,1115.0,139642,0.0,0.0
2022-11-01 11:00:00+08:00,1120.0,1125.0,1110.0,1120.0,130248,0.0,0.0
2022-11-01 12:00:00+08:00,1115.0,1135.0,1115.0,1130.0,210252,0.0,0.0
2022-11-01 13:00:00+08:00,1135.0,1135.0,1125.0,1130.0,140694,0.0,0.0
2022-11-02 09:00:00+08:00,1125.0,1135.0,1100.0,1105.0,0,0.0,0.0
2022-11-02 10:00:00+08:00,1105.0,1110.0,1090.0,1100.0,218160,0.0,0.0
2022-11-02 11:00:00+08:00,1090.0,1120.0,1090.0,1115.0,219517,0.0,0.0
2022-11-02 12:00:00+08:00,1115.0,1125.0,1115.0,1120.0,118337,0.0,0.0
2022-11-02 13:00:00+08:00,1120.0,1120.0,1115.0,1120.0,72184,0.0,0.0
2022-11-03 09:00:00+08:00,1100.0,1130.0,1085.0,1105.0,0,0.0,0.0
2022-11-03 10:00:00+08:00,1105.0,1135.0,1105.0,1130.0,171372,0.0,0.0
2022-11-03 11:00:00+08:00,1125.0,1130.0,1120.0,1120.0,61199,0.0,0.0
2022-11-03 12:00:00+08:00,1120.0,1150.0,1120.0,1145.0,237630,0.0,0.0
2022-11-03 13:00:00+08:00,1150.0,1160.0,1140.0,1150.0,185964,0.0,0.0
2022-11-04 09:00:00+08:00,1115.0,1155.0,1115.0,1140.0,0,0.0,0.0
2022-11-04 10:00:00+08:00,1140.0,1150.0,1140.0,1150.0,113261,0.0,0.0
2022-11-04 11:00:00+08:00,1150.0,1150.0,1145.0,1145.0,38645,0.0,0.0
2022-11-04 12:00:00+08:00,1140.0,1155.0,1140.0,1155.0,116371,0.0,0.0
2022-11-04 13:00:00+08:00,1155.0,1160.0,1150.0,1155.0,152447,0.0,0.0
2022-11-07 09:00:00+08:00,1195.0,1220.0,1180.0,1205.0,0,0.0,0.0
2022-11-07 10:00:00+08:00,1200.0,1200.0,1170.0,1180.0,382472,0.0,0.0
2022-11-07 11:00:00+08:00,1180.0,1185.0,1175.0,1180.0,105197,0.0,0.0
2022-11-07 12:00:00+08:00,1180.0,1190.0,1175.0,1175.0,120836,0.0,0.0
2022-11-07 13:00:00+08:00,1175.0,1180.0,1165.0,1170.0,193019,0.0,0.0
2022-11-08 09:00:00+08:00,1215.0,1270.0,1210.0,1210.0,0,0.0,0.0
2022-11-08 10:00:00+08:00,1220.0,1220.0,1185.0,1195.0,346156,0.0,0.0
2022-11-08 11:00:00+08:00,1195.0,1210.0,1195.0,1195.0,121528,0.0,0.0
2022-11-08 12:00:00+08:00,1195.0,1200.0,1170.0,1180.0,157885,0.0,0.0
2022-11-08 13:00:00+08:00,1185.0,1190.0,1175.0,1175.0,101587,0.0,0.0
2022-11-09 09:00:00+08:00,1205.0,1230.0,1195.0,1210.0,0,0.0,0.0
2022-11-09 10:00:00+08:00,1205.0,1240.0,1195.0,1230.0,425983,0.0,0.0
2022-11-09 11:00:00+08:00,1235.0,1255.0,1225.0,1250.0,282201,0.0,0.0
2022-11-09 12:00:00+08:00,1250.0,1260.0,1235.0,1260.0,159897,0.0,0.0
2022-11-09 13:00:00+08:00,1260.0,1260.0,1250.0,1255.0,131035,0.0,0.0
2022-11-10 09:00:00+08:00,1240.0,1255.0,1230.0,1250.0,0,0.0,0.0
2022-11-10 10:00:00+08:00,1250.0,1270.0,1240.0,1260.0,295579,0.0,0.0
2022-11-10 11:00:00+08:00,1260.0,1280.0,1260.0,1265.0,184000,0.0,0.0
2022-11-10 12:00:00+08:00,1265.0,1270.0,1255.0,1265.0,83674,0.0,0.0
2022-11-10 13:00:00+08:00,1265.0,1275.0,1260.0,1270.0,117514,0.0,0.0
2022-11-11 09:00:00+08:00,1400.0,1400.0,1360.0,1395.0,0,0.0,0.0
2022-11-11 10:00:00+08:00,1395.0,1400.0,1380.0,1395.0,190606,0.0,0.0
2022-11-11 11:00:00+08:00,1400.0,1400.0,1395.0,1400.0,141257,0.0,0.0
2022-11-11 12:00:00+08:00,1395.0,1400.0,1390.0,1400.0,151488,0.0,0.0
2022-11-11 13:00:00+08:00,1400.0,1400.0,1380.0,1400.0,138714,0.0,0.0
2022-11-14 09:00:00+08:00,1415.0,1430.0,1400.0,1420.0,0,0.0,0.0
2022-11-14 10:00:00+08:00,1420.0,1420.0,1400.0,1405.0,216985,0.0,0.0
2022-11-14 11:00:00+08:00,1405.0,1410.0,1400.0,1410.0,112174,0.0,0.0
2022-11-14 12:00:00+08:00,1410.0,1410.0,1395.0,1395.0,299903,0.0,0.0
2022-11-14 13:00:00+08:00,1395.0,1415.0,1390.0,1410.0,155074,0.0,0.0
2022-11-15 09:00:00+08:00,1425.0,1435.0,1395.0,1405.0,0,0.0,0.0
2022-11-15 10:00:00+08:00,1405.0,1440.0,1400.0,1420.0,386465,0.0,0.0
2022-11-15 11:00:00+08:00,1425.0,1430.0,1420.0,1425.0,94573,0.0,0.0
2022-11-15 12:00:00+08:00,1420.0,1465.0,1420.0,1455.0,485985,0.0,0.0
2022-11-15 13:00:00+08:00,1450.0,1475.0,1450.0,1465.0,187790,0.0,0.0
2022-11-16 09:00:00+08:00,1460.0,1510.0,1455.0,1485.0,0,0.0,0.0
2022-11-16 10:00:00+08:00,1490.0,1515.0,1485.0,1510.0,421187,0.0,0.0
2022-11-16 11:00:00+08:00,1510.0,1510.0,1495.0,1500.0,147348,0.0,0.0
2022-11-16 12:00:00+08:00,1500.0,1520.0,1500.0,1515.0,201634,0.0,0.0
2022-11-16 13:00:00+08:00,1520.0,1525.0,1510.0,1520.0,236148,0.0,0.0
2022-11-17 09:00:00+08:00,1550.0,1575.0,1525.0,1570.0,0,0.0,0.0
2022-11-17 10:00:00+08:00,1570.0,1575.0,1535.0,1540.0,335325,0.0,0.0
2022-11-17 11:00:00+08:00,1540.0,1545.0,1535.0,1540.0,239826,0.0,0.0
2022-11-17 12:00:00+08:00,1545.0,1550.0,1535.0,1535.0,198633,0.0,0.0
2022-11-17 13:00:00+08:00,1535.0,1550.0,1530.0,1540.0,168356,0.0,0.0
2022-11-18 09:00:00+08:00,1540.0,1555.0,1530.0,1540.0,0,0.0,0.0
2022-11-18 10:00:00+08:00,1540.0,1550.0,1525.0,1535.0,238575,0.0,0.0
2022-11-18 11:00:00+08:00,1530.0,1540.0,1525.0,1535.0,52527,0.0,0.0
2022-11-18 12:00:00+08:00,1535.0,1535.0,1515.0,1515.0,110781,0.0,0.0
2022-11-18 13:00:00+08:00,1515.0,1530.0,1515.0,1525.0,122134,0.0,0.0
2022-11-21 09:00:00+08:00,1535.0,1565.0,1525.0,1535.0,0,0.0,0.0
2022-11-21 10:00:00+08:00,1535.0,1545.0,1530.0,1535.0,63165,0.0,0.0
2022-11-21 11:00:00+08:00,1535.0,1535.0,1520.0,1520.0,117210,0.0,0.0
2022-11-21 12:00:00+08:00,1520.0,1530.0,1520.0,1525.0,93143,0.0,0.0
2022-11-21 13:00:00+08:00,1520.0,1525.0,1515.0,1515.0,72486,0.0,0.0
2022-11-22 09:00:00+08:00,1500.0,1515.0,1485.0,1485.0,0,0.0,0.0
2022-11-22 10:00:00+08:00,1485.0,1485.0,1445.0,1470.0,380832,0.0,0.0
2022-11-22 11:00:00+08:00,1470.0,1505.0,1465.0,1485.0,265095,0.0,0.0
2022-11-22 12:00:00+08:00,1480.0,1485.0,1470.0,1480.0,127774,0.0,0.0
2022-11-22 13:00:00+08:00,1475.0,1490.0,1475.0,1480.0,96529,0.0,0.0
2022-11-23 09:00:00+08:00,1510.0,1525.0,1475.0,1495.0,0,0.0,0.0
2022-11-23 10:00:00+08:00,1495.0,1495.0,1465.0,1485.0,157718,0.0,0.0
2022-11-23 11:00:00+08:00,1485.0,1495.0,1480.0,1490.0,59164,0.0,0.0
2022-11-23 12:00:00+08:00,1490.0,1505.0,1485.0,1485.0,109328,0.0,0.0
2022-11-23 13:00:00+08:00,1485.0,1490.0,1470.0,1480.0,102258,0.0,0.0
2022-11-24 09:00:00+08:00,1495.0,1540.0,1495.0,1530.0,0,0.0,0.0
2022-11-24 10:00:00+08:00,1530.0,1555.0,1530.0,1545.0,167850,0.0,0.0
2022-11-24 11:00:00+08:00,1550.0,1560.0,1545.0,1550.0,138286,0.0,0.0
2022-11-24 12:00:00+08:00,1545.0,1550.0,1535.0,1550.0,85601,0.0,0.0
2022-11-24 13:00:00+08:00,1545.0,1550.0,1535.0,1545.0,79229,0.0,0.0
2022-11-25 09:00:00+08:00,1550.0,1555.0,1525.0,1530.0,0,0.0,0.0
2022-11-25 10:00:00+08:00,1530.0,1530.0,1495.0,1495.0,172310,0.0,0.0
2022-11-25 11:00:00+08:00,1495.0,1510.0,1490.0,1510.0,109368,0.0,0.0
2022-11-25 12:00:00+08:00,1510.0,1510.0,1495.0,1495.0,70209,0.0,0.0
2022-11-25 13:00:00+08:00,1495.0,1505.0,1490.0,1490.0,92589,0.0,0.0
2022-11-28 09:00:00+08:00,1470.0,1515.0,1470.0,1500.0,0,0.0,0.0
2022-11-28 10:00:00+08:00,1505.0,1505.0,1490.0,1495.0,110150,0.0,0.0
2022-11-28 11:00:00+08:00,1495.0,1500.0,1490.0,1500.0,59052,0.0,0.0
2022-11-28 12:00:00+08:00,1500.0,1500.0,1490.0,1490.0,62827,0.0,0.0
2022-11-28 13:00:00+08:00,1490.0,1500.0,1485.0,1490.0,85206,0.0,0.0
2022-11-29 09:00:00+08:00,1480.0,1480.0,1445.0,1465.0,0,0.0,0.0
2022-11-29 10:00:00+08:00,1470.0,1490.0,1465.0,1470.0,176438,0.0,0.0
2022-11-29 11:00:00+08:00,1470.0,1470.0,1460.0,1460.0,90806,0.0,0.0
2022-11-29 12:00:00+08:00,1460.0,1460.0,1450.0,1450.0,79991,0.0,0.0
2022-11-29 13:00:00+08:00,1455.0,1465.0,1450.0,1460.0,97426,0.0,0.0
2022-11-30 09:00:00+08:00,1455.0,1480.0,1455.0,1465.0,0,0.0,0.0
2022-11-30 10:00:00+08:00,1465.0,1465.0,1450.0,1460.0,103383,0.0,0.0
2022-11-30 11:00:00+08:00,1460.0,1465.0,1455.0,1465.0,36109,0.0,0.0
2022-11-30 12:00:00+08:00,1470.0,1475.0,1460.0,1460.0,88508,0.0,0.0
2022-11-30 13:00:00+08:00,1460.0,1475.0,1460.0,1475.0,94895,0.0,0.0
2022-12-01 09:00:00+08:00,1515.0,1555.0,1515.0,1530.0,0,0.0,0.0
2022-12-01 10:00:00+08:00,1535.0,1545.0,1520.0,1525.0,141074,0.0,0.0
2022-12-01 11:00:00+08:00,1525.0,1530.0,1510.0,1520.0,107183,0.0,0.0
2022-12-01 12:00:00+08:00,1515.0,1520.0,1505.0,1505.0,121882,0.0,0.0
2022-12-01 13:00:00+08:00,1510.0,1515.0,1505.0,1505.0,66363,0.0,0.0
2022-12-02 09:00:00+08:00,1475.0,1525.0,1470.0,1510.0,0,0.0,0.0
2022-12-02 10:00:00+08:00,1505.0,1515.0,1495.0,1510.0,167740,0.0,0.0
2022-12-02 11:00:00+08:00,1510.0,1520.0,1505.0,1520.0,100317,0.0,0.0
2022-12-02 12:00:00+08:00,1515.0,1535.0,1515.0,1525.0,196469,0.0,0.0
2022-12-02 13:00:00+08:00,1520.0,1535.0,1520.0,1535.0,91804,0.0,0.0
2022-12-05 09:00:00+08:00,1545.0,1555.0,1525.0,1535.0,0,0.0,0.0
2022-12-05 10:00:00+08:00,1535.0,1535.0,1500.0,1500.0,257820,0.0,0.0
2022-12-05 11:00:00+08:00,1495.0,1500.0,1480.0,1490.0,138070,0.0,0.0
2022-12-05 12:00:00+08:00,1485.0,1485.0,1480.0,1480.0,70385,0.0,0.0
2022-12-05 13:00:00+08:00,1480.0,1490.0,1475.0,1480.0,89859,0.0,0.0
2022-12-06 09:00:00+08:00,1490.0,1500.0,1465.0,1470.0,0,0.0,0.0
2022-12-06 10:00:00+08:00,1470.0,1490.0,1470.0,1475.0,92276,0.0,0.0
2022-12-06 11:00:00+08:00,1475.0,1480.0,1470.0,1470.0,26339,0.0,0.0
2022-12-06 12:00:00+08:00,1475.0,1475.0,1465.0,1470.0,48224,0.0,0.0
2022-12-06 13:00:00+08:00,1465.0,1465.0,1455.0,1455.0,87210,0.0,0.0
2022-12-07 09:00:00+08:00,1460.0,1465.0,1430.0,1455.0,0,0.0,0.0
2022-12-07 10:00:00+08:00,1455.0,1465.0,1425.0,1430.0,168357,0.0,0.0
2022-12-07 11:00:00+08:00,1430.0,1440.0,1420.0,1440.0,64573,0.0,0.0
2022-12-07 12:00:00+08:00,1435.0,1445.0,1435.0,1435.0,36153,0.0,0.0
2022-12-07 13:00:00+08:00,1435.0,1435.0,1425.0,1425.0,64177,0.0,0.0
2022-12-08 09:00:00+08:00,1420.0,1440.0,1405.0,1435.0,0,0.0,0.0
2022-12-08 10:00:00+08:00,1430.0,1435.0,1420.0,1420.0,68317,0.0,0.0
2022-12-08 11:00:00+08:00,1425.0,1435.0,1425.0,1430.0,37997,0.0,0.0
2022-12-08 12:00:00+08:00,1435.0,1445.0,1430.0,1430.0,68207,0.0,0.0
2022-12-08 13:00:00+08:00,1430.0,1445.0,1430.0,1445.0,54314,0.0,0.0
2022-12-09 09:00:00+08:00,1475.0,1480.0,1450.0,1455.0,0,0.0,0.0
2022-12-09 10:00:00+08:00,1455.0,1495.0,1455.0,1495.0,249058,0.0,0.0
2022-12-09 11:00:00+08:00,1490.0,1490.0,1480.0,1480.0,30133,0.0,0.0
2022-12-09 12:00:00+08:00,1485.0,1495.0,1485.0,1490.0,61381,0.0,0.0
2022-12-09 13:00:00+08:00,1490.0,1495.0,1485.0,1490.0,64292,0.0,0.0
2022-12-12 09:00:00+08:00,1480.0,1490.0,1455.0,1460.0,0,0.0,0.0
2022-12-12 10:00:00+08:00,1460.0,1460.0,1445.0,1450.0,168395,0.0,0.0
2022-12-12 11:00:00+08:00,1450.0,1455.0,1435.0,1445.0,84724,0.0,0.0
2022-12-12 12:00:00+08:00,1440.0,1455.0,1440.0,1445.0,72546,0.0,0.0
2022-12-12 13:00:00+08:00,1450.0,1450.0,1440.0,1445.0,53626,0.0,0.0
2022-12-13 09:00:00+08:00,1455.0,1475.0,1450.0,1450.0,0,0.0,0.0
2022-12-13 10:00:00+08:00,1450.0,1455.0,1440.0,1445.0,71327,0.0,0.0
2022-12-13 11:00:00+08:00,1450.0,1450.0,1445.0,1450.0,25029,0.0,0.0
2022-12-13 12:00:00+08:00,1445.0,1445.0,1435.0,1435.0,51558,0.0,0.0
2022-12-13 13:00:00+08:00,1435.0,1435.0,1415.0,1420.0,91376,0.0,0.0
2022-12-14 09:00:00+08:00,1445.0,1490.0,1440.0,1475.0,0,0.0,0.0
2022-12-14 10:00:00+08:00,1480.0,1510.0,1480.0,1505.0,274956,0.0,0.0
2022-12-14 11:00:00+08:00,1510.0,1510.0,1500.0,1505.0,60472,0.0,0.0
2022-12-14 12:00:00+08:00,1505.0,1505.0,1495.0,1495.0,56490,0.0,0.0
2022-12-14 13:00:00+08:00,1495.0,1505.0,1495.0,1500.0,72164,0.0,0.0
2022-12-15 09:00:00+08:00,1505.0,1505.0,1475.0,1485.0,0,0.0,0.0
2022-12-15 10:00:00+08:00,1485.0,1495.0,1470.0,1495.0,111533,0.0,0.0
2022-12-15 11:00:00+08:00,1490.0,1495.0,1485.0,1495.0,34722,0.0,0.0
2022-12-15 12:00:00+08:00,1490.0,1490.0,1485.0,1485.0,23141,0.0,0.0
2022-12-15 13:00:00+08:00,1485.0,1505.0,1485.0,1500.0,79777,0.0,0.0
2022-12-16 09:00:00+08:00,1465.0,1480.0,1440.0,1440.0,0,0.0,0.0
2022-12-16 10:00:00+08:00,1435.0,1460.0,1430.0,1455.0,171081,0.0,0.0
2022-12-16 11:00:00+08:00,1455.0,1465.0,1450.0,1465.0,89185,0.0,0.0
2022-12-16 12:00:00+08:00,1465.0,1470.0,1460.0,1465.0,65832,0.0,0.0
2022-12-16 13:00:00+08:00,1465.0,1470.0,1460.0,1470.0,89194,0.0,0.0
2022-12-19 09:00:00+08:00,1460.0,1480.0,1445.0,1470.0,0,0.0,0.0
2022-12-19 10:00:00+08:00,1475.0,1490.0,1465.0,1480.0,65615,0.0,0.0
2022-12-19 11:00:00+08:00,1480.0,1485.0,1475.0,1475.0,31471,0.0,0.0
2022-12-19 12:00:00+08:00,1475.0,1475.0,1460.0,1460.0,70019,0.0,0.0
2022-12-19 13:00:00+08:00,1460.0,1465.0,1455.0,1460.0,50590,0.0,0.0
2022-12-20 09:00:00+08:00,1460.0,1485.0,1450.0,1450.0,0,0.0,0.0
2022-12-20 10:00:00+08:00,1445.0,1455.0,1420.0,1430.0,0,0.0,0.0
2022-12-20 11:00:00+08:00,1430.0,1430.0,1410.0,1410.0,499633,0.0,0.0
2022-12-20 12:00:00+08:00,1410.0,1410.0,1375.0,1375.0,242665,0.0,0.0
2022-12-20 13:00:00+08:00,1385.0,1385.0,1370.0,1370.0,137651,0.0,0.0
2022-12-21 09:00:00+08:00,1395.0,1410.0,1360.0,1365.0,0,0.0,0.0
2022-12-21 10:00:00+08:00,1365.0,1380.0,1355.0,1375.0,147795,0.0,0.0
2022-12-21 11:00:00+08:00,1380.0,1385.0,1370.0,1380.0,68161,0.0,0.0
2022-12-21 12:00:00+08:00,1375.0,1380.0,1365.0,1375.0,0,0.0,0.0
2022-12-21 13:00:00+08:00,1370.0,1375.0,1365.0,1370.0,764474,0.0,0.0
2022-12-22 09:00:00+08:00,1410.0,1420.0,1380.0,1380.0,0,0.0,0.0
2022-12-22 10:00:00+08:00,1375.0,1375.0,1350.0,1350.0,169924,0.0,0.0
2022-12-22 11:00:00+08:00,1350.0,1355.0,1335.0,1335.0,147542,0.0,0.0
2022-12-22 12:00:00+08:00,1335.0,1345.0,1330.0,1335.0,162557,0.0,0.0
2022-12-22 13:00:00+08:00,1330.0,1335.0,1325.0,1335.0,108427,0.0,0.0
2022-12-23 09:00:00+08:00,1310.0,1340.0,1305.0,1330.0,0,0.0,0.0
2022-12-23 10:00:00+08:00,1325.0,1330.0,1315.0,1315.0,85418,0.0,0.0
2022-12-23 11:00:00+08:00,1315.0,1340.0,1315.0,1335.0,103407,0.0,0.0
2022-12-23 12:00:00+08:00,1335.0,1340.0,1325.0,1325.0,87595,0.0,0.0
2022-12-23 13:00:00+08:00,1325.0,1340.0,1320.0,1335.0,67452,0.0,0.0
2022-12-26 09:00:00+08:00,1340.0,1340.0,1280.0,1310.0,0,0.0,0.0
2022-12-26 10:00:00+08:00,1305.0,1305.0,1290.0,1295.0,91470,0.0,0.0
2022-12-26 11:00:00+08:00,1295.0,1295.0,1290.0,1290.0,54592,0.0,0.0
2022-12-26 12:00:00+08:00,1290.0,1295.0,1285.0,1290.0,37341,0.0,0.0
2022-12-26 13:00:00+08:00,1290.0,1300.0,1290.0,1300.0,58410,0.0,0.0
2022-12-27 09:00:00+08:00,1305.0,1315.0,1280.0,1310.0,0,0.0,0.0
2022-12-27 10:00:00+08:00,1310.0,1335.0,1310.0,1325.0,129452,0.0,0.0
2022-12-27 11:00:00+08:00,1325.0,1330.0,1320.0,1320.0,45043,0.0,0.0
2022-12-27 12:00:00+08:00,1320.0,1330.0,1320.0,1325.0,27482,0.0,0.0
2022-12-27 13:00:00+08:00,1330.0,1345.0,1330.0,1345.0,74828,0.0,0.0
2022-12-28 09:00:00+08:00,1300.0,1310.0,1220.0,1235.0,144802,0.0,0.0
2022-12-28 10:00:00+08:00,1235.0,1250.0,1230.0,1250.0,274237,0.0,0.0
2022-12-28 11:00:00+08:00,1255.0,1275.0,1245.0,1270.0,159235,0.0,0.0
2022-12-28 12:00:00+08:00,1270.0,1275.0,1265.0,1275.0,73994,0.0,0.0
2022-12-28 13:00:00+08:00,1275.0,1275.0,1265.0,1270.0,98520,0.0,0.0
2022-12-29 09:00:00+08:00,1250.0,1275.0,1245.0,1275.0,0,0.0,0.0
2022-12-29 10:00:00+08:00,1270.0,1300.0,1270.0,1300.0,155511,0.0,0.0
2022-12-29 11:00:00+08:00,1295.0,1305.0,1290.0,1295.0,118324,0.0,0.0
2022-12-29 12:00:00+08:00,1295.0,1335.0,1295.0,1330.0,213983,0.0,0.0
2022-12-29 13:00:00+08:00,1335.0,1335.0,1325.0,1335.0,92796,0.0,0.0
2022-12-30 09:00:00+08:00,1350.0,1370.0,1330.0,1335.0,0,0.0,0.0
2022-12-30 10:00:00+08:00,1330.0,1335.0,1310.0,1325.0,144671,0.0,0.0
2022-12-30 11:00:00+08:00,1330.0,1335.0,1325.0,1330.0,56446,0.0,0.0
2022-12-30 12:00:00+08:00,1330.0,1350.0,1330.0,1350.0,194741,0.0,0.0
2022-12-30 13:00:00+08:00,1350.0,1350.0,1340.0,1340.0,84199,0.0,0.0
2023-01-03 09:00:00+08:00,1320.0,1355.0,1320.0,1350.0,0,0.0,0.0
2023-01-03 10:00:00+08:00,1350.0,1375.0,1345.0,1365.0,168881,0.0,0.0
2023-01-03 11:00:00+08:00,1365.0,1375.0,1365.0,1370.0,83388,0.0,0.0
2023-01-03 12:00:00+08:00,1370.0,1380.0,1365.0,1380.0,91513,0.0,0.0
2023-01-03 13:00:00+08:00,1375.0,1395.0,1375.0,1395.0,192848,0.0,0.0
2023-01-04 09:00:00+08:00,1365.0,1390.0,1360.0,1385.0,0,0.0,0.0
2023-01-04 10:00:00+08:00,1380.0,1410.0,1365.0,1405.0,182846,0.0,0.0
2023-01-04 11:00:00+08:00,1405.0,1405.0,1390.0,1400.0,60602,0.0,0.0
2023-01-04 12:00:00+08:00,1405.0,1405.0,1400.0,1400.0,63181,0.0,0.0
2023-01-04 13:00:00+08:00,1400.0,1410.0,1400.0,1405.0,50212,0.0,0.0
2023-01-05 09:00:00+08:00,1420.0,1440.0,1405.0,1405.0,0,0.0,0.0
2023-01-05 10:00:00+08:00,1405.0,1430.0,1405.0,1420.0,78735,0.0,0.0
2023-01-05 11:00:00+08:00,1420.0,1420.0,1405.0,1410.0,26136,0.0,0.0
2023-01-05 12:00:00+08:00,1410.0,1415.0,1405.0,1410.0,40283,0.0,0.0
2023-01-05 13:00:00+08:00,1410.0,1410.0,1405.0,1405.0,59348,0.0,0.0
2023-01-06 09:00:00+08:00,1395.0,1435.0,1395.0,1425.0,0,0.0,0.0
2023-01-06 10:00:00+08:00,1430.0,1435.0,1425.0,1435.0,46809,0.0,0.0
2023-01-06 11:00:00+08:00,1435.0,1445.0,1430.0,1435.0,82674,0.0,0.0
2023-01-06 12:00:00+08:00,1435.0,1445.0,1435.0,1440.0,63277,0.0,0.0
2023-01-06 13:00:00+08:00,1440.0,1440.0,1430.0,1435.0,46684,0.0,0.0
2023-01-09 09:00:00+08:00,1480.0,1500.0,1465.0,1495.0,0,0.0,0.0
2023-01-09 10:00:00+08:00,1495.0,1495.0,1485.0,1485.0,82611,0.0,0.0
2023-01-09 11:00:00+08:00,1485.0,1495.0,1480.0,1485.0,49427,0.0,0.0
2023-01-09 12:00:00+08:00,1490.0,1495.0,1485.0,1490.0,43610,0.0,0.0
2023-01-09 13:00:00+08:00,1495.0,1495.0,1490.0,1495.0,38348,0.0,0.0
2023-01-10 09:00:00+08:00,1505.0,1515.0,1495.0,1505.0,0,0.0,0.0
2023-01-10 10:00:00+08:00,1505.0,1510.0,1480.0,1505.0,206947,0.0,0.0
2023-01-10 11:00:00+08:00,1505.0,1505.0,1495.0,1505.0,56363,0.0,0.0
2023-01-10 12:00:00+08:00,1505.0,1505.0,1490.0,1495.0,95822,0.0,0.0
2023-01-10 13:00:00+08:00,1490.0,1505.0,1490.0,1500.0,62366,0.0,0.0
2023-01-11 09:00:00+08:00,1515.0,1525.0,1480.0,1485.0,0,0.0,0.0
2023-01-11 10:00:00+08:00,1485.0,1485.0,1480.0,1480.0,56992,0.0,0.0
2023-01-11 11:00:00+08:00,1480.0,1485.0,1475.0,1485.0,30461,0.0,0.0
2023-01-11 12:00:00+08:00,1475.0,1485.0,1475.0,1480.0,48386,0.0,0.0
2023-01-11 13:00:00+08:00,1480.0,1490.0,1480.0,1485.0,57272,0.0,0.0
2023-01-12 09:00:00+08:00,1495.0,1500.0,1485.0,1490.0,0,0.0,0.0
2023-01-12 10:00:00+08:00,1490.0,1490.0,1480.0,1485.0,42392,0.0,0.0
2023-01-12 11:00:00+08:00,1485.0,1485.0,1485.0,1485.0,26199,0.0,0.0
2023-01-12 12:00:00+08:00,1485.0,1485.0,1475.0,1480.0,63679,0.0,0.0
2023-01-12 13:00:00+08:00,1480.0,1485.0,1475.0,1475.0,21429,0.0,0.0
2023-01-13 09:00:00+08:00,1500.0,1530.0,1500.0,1525.0,190705,0.0,0.0
2023-01-13 10:00:00+08:00,1520.0,1530.0,1515.0,1520.0,146445,0.0,0.0
2023-01-13 11:00:00+08:00,1515.0,1525.0,1515.0,1520.0,105049,0.0,0.0
2023-01-13 12:00:00+08:00,1520.0,1525.0,1515.0,1520.0,64578,0.0,0.0
2023-01-13 13:00:00+08:00,1520.0,1520.0,1515.0,1520.0,91117,0.0,0.0
2023-01-16 09:00:00+08:00,1525.0,1535.0,1510.0,1530.0,0,0.0,0.0
2023-01-16 10:00:00+08:00,1535.0,1545.0,1525.0,1535.0,100048,0.0,0.0
2023-01-16 11:00:00+08:00,1530.0,1530.0,1515.0,1515.0,65080,0.0,0.0
2023-01-16 12:00:00+08:00,1520.0,1520.0,1515.0,1515.0,38074,0.0,0.0
2023-01-16 13:00:00+08:00,1515.0,1515.0,1505.0,1505.0,63538,0.0,0.0
2023-01-17 09:00:00+08:00,1510.0,1510.0,1490.0,1495.0,0,0.0,0.0
2023-01-17 10:00:00+08:00,1495.0,1500.0,1485.0,1495.0,93167,0.0,0.0
2023-01-17 11:00:00+08:00,1500.0,1515.0,1495.0,1515.0,134048,0.0,0.0
2023-01-17 12:00:00+08:00,1520.0,1525.0,1505.0,1505.0,55249,0.0,0.0
2023-01-17 13:00:00+08:00,1505.0,1505.0,1485.0,1485.0,95882,0.0,0.0
2023-01-30 09:00:00+08:00,1575.0,1635.0,1560.0,1630.0,11497,0.0,0.0
2023-01-30 10:00:00+08:00,1625.0,1630.0,1590.0,1605.0,213108,0.0,0.0
2023-01-30 11:00:00+08:00,1605.0,1605.0,1590.0,1595.0,103744,0.0,0.0
2023-01-30 12:00:00+08:00,1595.0,1610.0,1585.0,1605.0,126584,0.0,0.0
2023-01-30 13:00:00+08:00,1605.0,1620.0,1605.0,1610.0,142776,0.0,0.0
2023-01-31 09:00:00+08:00,1600.0,1625.0,1590.0,1615.0,0,0.0,0.0
2023-01-31 10:00:00+08:00,1610.0,1620.0,1600.0,1620.0,71400,0.0,0.0
2023-01-31 11:00:00+08:00,1625.0,1625.0,1615.0,1620.0,39338,0.0,0.0
2023-01-31 12:00:00+08:00,1620.0,1625.0,1615.0,1615.0,34598,0.0,0.0
2023-01-31 13:00:00+08:00,1615.0,1630.0,1615.0,1625.0,74611,0.0,0.0
2023-02-01 09:00:00+08:00,1630.0,1640.0,1615.0,1630.0,0,0.0,0.0
2023-02-01 10:00:00+08:00,1630.0,1630.0,1620.0,1630.0,49384,0.0,0.0
2023-02-01 11:00:00+08:00,1625.0,1635.0,1625.0,1630.0,75286,0.0,0.0
2023-02-01 12:00:00+08:00,1630.0,1630.0,1625.0,1630.0,15559,0.0,0.0
2023-02-01 13:00:00+08:00,1630.0,1635.0,1625.0,1625.0,81052,0.0,0.0
2023-02-02 09:00:00+08:00,1640.0,1690.0,1640.0,1690.0,0,0.0,0.0
2023-02-02 10:00:00+08:00,1690.0,1710.0,1685.0,1695.0,172513,0.0,0.0
2023-02-02 11:00:00+08:00,1695.0,1720.0,1695.0,1715.0,165540,0.0,0.0
2023-02-02 12:00:00+08:00,1710.0,1725.0,1705.0,1720.0,141054,0.0,0.0
2023-02-02 13:00:00+08:00,1725.0,1730.0,1720.0,1725.0,120622,0.0,0.0
2023-02-03 09:00:00+08:00,1715.0,1735.0,1695.0,1715.0,0,0.0,0.0
2023-02-03 10:00:00+08:00,1715.0,1730.0,1710.0,1720.0,57396,0.0,0.0
2023-02-03 11:00:00+08:00,1730.0,1735.0,1725.0,1730.0,72920,0.0,0.0
2023-02-03 12:00:00+08:00,1730.0,1730.0,1700.0,1700.0,112573,0.0,0.0
2023-02-03 13:00:00+08:00,1710.0,1710.0,1695.0,1700.0,76786,0.0,0.0
2023-02-06 09:00:00+08:00,1680.0,1710.0,1655.0,1710.0,0,0.0,0.0
2023-02-06 10:00:00+08:00,1715.0,1735.0,1715.0,1720.0,114893,0.0,0.0
2023-02-06 11:00:00+08:00,1715.0,1750.0,1715.0,1750.0,111713,0.0,0.0
2023-02-06 12:00:00+08:00,1750.0,1750.0,1720.0,1730.0,68559,0.0,0.0
2023-02-06 13:00:00+08:00,1730.0,1735.0,1725.0,1730.0,55870,0.0,0.0
2023-02-07 09:00:00+08:00,1700.0,1715.0,1685.0,1695.0,0,0.0,0.0
2023-02-07 10:00:00+08:00,1700.0,1705.0,1695.0,1695.0,111472,0.0,0.0
2023-02-07 11:00:00+08:00,1700.0,1710.0,1695.0,1700.0,172274,0.0,0.0
2023-02-07 12:00:00+08:00,1700.0,1705.0,1695.0,1700.0,61460,0.0,0.0
2023-02-07 13:00:00+08:00,1700.0,1705.0,1695.0,1705.0,95649,0.0,0.0
2023-02-08 09:00:00+08:00,1710.0,1720.0,1660.0,1675.0,0,0.0,0.0
2023-02-08 10:00:00+08:00,1675.0,1710.0,1675.0,1685.0,384100,0.0,0.0
2023-02-08 11:00:00+08:00,1685.0,1750.0,1680.0,1740.0,467898,0.0,0.0
2023-02-08 12:00:00+08:00,1740.0,1755.0,1735.0,1740.0,188753,0.0,0.0
2023-02-08 13:00:00+08:00,1740.0,1740.0,1710.0,1725.0,124225,0.0,0.0
2023-02-09 09:00:00+08:00,1685.0,1735.0,1685.0,1685.0,0,0.0,0.0
2023-02-09 10:00:00+08:00,1685.0,1690.0,1665.0,1670.0,258809,0.0,0.0
2023-02-09 11:00:00+08:00,1675.0,1680.0,1665.0,1670.0,123376,0.0,0.0
2023-02-09 12:00:00+08:00,1670.0,1675.0,1665.0,1665.0,87973,0.0,0.0
2023-02-09 13:00:00+08:00,1665.0,1670.0,1660.0,1665.0,124544,0.0,0.0
2023-02-10 09:00:00+08:00,1640.0,1645.0,1585.0,1610.0,0,0.0,0.0
2023-02-10 10:00:00+08:00,1610.0,1655.0,1600.0,1650.0,357226,0.0,0.0
2023-02-10 11:00:00+08:00,1650.0,1680.0,1640.0,1675.0,209078,0.0,0.0
2023-02-10 12:00:00+08:00,1675.0,1675.0,1660.0,1660.0,60390,0.0,0.0
2023-02-10 13:00:00+08:00,1660.0,1670.0,1660.0,1660.0,78610,0.0,0.0
2023-02-13 09:00:00+08:00,1655.0,1685.0,1650.0,1670.0,0,0.0,0.0
2023-02-13 10:00:00+08:00,1670.0,1670.0,1635.0,1645.0,139164,0.0,0.0
2023-02-13 11:00:00+08:00,1640.0,1650.0,1625.0,1635.0,107843,0.0,0.0
2023-02-13 12:00:00+08:00,1635.0,1635.0,1625.0,1625.0,32224,0.0,0.0
2023-02-13 13:00:00+08:00,1630.0,1635.0,1620.0,1620.0,69140,0.0,0.0
2023-02-14 09:00:00+08:00,1650.0,1660.0,1620.0,1630.0,0,0.0,0.0
2023-02-14 10:00:00+08:00,1635.0,1640.0,1620.0,1625.0,54732,0.0,0.0
2023-02-14 11:00:00+08:00,1625.0,1645.0,1625.0,1630.0,77153,0.0,0.0
2023-02-14 12:00:00+08:00,1630.0,1635.0,1625.0,1625.0,72570,0.0,0.0
2023-02-14 13:00:00+08:00,1625.0,1625.0,1610.0,1620.0,66259,0.0,0.0
2023-02-15 09:00:00+08:00,1600.0,1620.0,1600.0,1600.0,0,0.0,0.0
2023-02-15 10:00:00+08:00,1600.0,1600.0,1565.0,1575.0,218058,0.0,0.0
2023-02-15 11:00:00+08:00,1575.0,1620.0,1575.0,1605.0,148199,0.0,0.0
2023-02-15 12:00:00+08:00,1610.0,1630.0,1605.0,1605.0,133475,0.0,0.0
2023-02-15 13:00:00+08:00,1605.0,1605.0,1590.0,1600.0,73378,0.0,0.0
2023-02-16 09:00:00+08:00,1625.0,1630.0,1610.0,1625.0,0,0.0,0.0
2023-02-16 10:00:00+08:00,1625.0,1655.0,1625.0,1650.0,163529,0.0,0.0
2023-02-16 11:00:00+08:00,1655.0,1660.0,1650.0,1655.0,123268,0.0,0.0
2023-02-16 12:00:00+08:00,1655.0,1655.0,1635.0,1635.0,60295,0.0,0.0
2023-02-16 13:00:00+08:00,1635.0,1635.0,1630.0,1630.0,26032,0.0,0.0
2023-02-17 09:00:00+08:00,1620.0,1630.0,1595.0,1600.0,0,0.0,0.0
2023-02-17 10:00:00+08:00,1605.0,1620.0,1600.0,1610.0,71595,0.0,0.0
2023-02-17 11:00:00+08:00,1610.0,1615.0,1600.0,1610.0,37195,0.0,0.0
2023-02-17 12:00:00+08:00,1615.0,1615.0,1600.0,1600.0,39826,0.0,0.0
2023-02-17 13:00:00+08:00,1600.0,1605.0,1595.0,1600.0,35284,0.0,0.0
2023-02-20 09:00:00+08:00,1605.0,1705.0,1605.0,1700.0,576052,0.0,0.0
2023-02-20 10:00:00+08:00,1700.0,1705.0,1685.0,1695.0,96867,0.0,0.0
2023-02-20 11:00:00+08:00,1695.0,1695.0,1685.0,1695.0,50801,0.0,0.0
2023-02-20 12:00:00+08:00,1695.0,1695.0,1680.0,1685.0,80060,0.0,0.0
2023-02-20 13:00:00+08:00,1685.0,1690.0,1680.0,1685.0,61263,0.0,0.0
2023-02-21 09:00:00+08:00,1705.0,1725.0,1705.0,1715.0,0,0.0,0.0
2023-02-21 10:00:00+08:00,1710.0,1730.0,1710.0,1720.0,181579,0.0,0.0
2023-02-21 11:00:00+08:00,1720.0,1735.0,1715.0,1735.0,107489,0.0,0.0
2023-02-21 12:00:00+08:00,1735.0,1735.0,1725.0,1730.0,83864,0.0,0.0
2023-02-21 13:00:00+08:00,1730.0,1730.0,1715.0,1715.0,31198,0.0,0.0
2023-02-22 09:00:00+08:00,1690.0,1695.0,1660.0,1660.0,0,0.0,0.0
2023-02-22 10:00:00+08:00,1665.0,1670.0,1655.0,1655.0,70646,0.0,0.0
2023-02-22 11:00:00+08:00,1655.0,1660.0,1650.0,1650.0,60162,0.0,0.0
2023-02-22 12:00:00+08:00,1650.0,1655.0,1645.0,1655.0,30688,0.0,0.0
2023-02-22 13:00:00+08:00,1650.0,1655.0,1645.0,1650.0,40695,0.0,0.0
2023-02-23 09:00:00+08:00,1675.0,1725.0,1670.0,1720.0,0,0.0,0.0
2023-02-23 10:00:00+08:00,1720.0,1760.0,1720.0,1745.0,271277,0.0,0.0
2023-02-23 11:00:00+08:00,1740.0,1790.0,1735.0,1790.0,243981,0.0,0.0
2023-02-23 12:00:00+08:00,1790.0,1795.0,1775.0,1775.0,65836,0.0,0.0
2023-02-23 13:00:00+08:00,1770.0,1785.0,1760.0,1775.0,65759,0.0,0.0
2023-02-24 09:00:00+08:00,1785.0,1860.0,1775.0,1810.0,0,0.0,0.0
2023-02-24 10:00:00+08:00,1810.0,1885.0,1790.0,1860.0,303942,0.0,0.0
2023-02-24 11:00:00+08:00,1860.0,1890.0,1855.0,1875.0,164947,0.0,0.0
2023-02-24 12:00:00+08:00,1875.0,1875.0,1855.0,1860.0,95551,0.0,0.0
2023-02-24 13:00:00+08:00,1860.0,1885.0,1855.0,1880.0,126654,0.0,0.0
2023-03-01 09:00:00+08:00,1850.0,1890.0,1830.0,1880.0,0,0.0,0.0
2023-03-01 10:00:00+08:00,1875.0,1915.0,1865.0,1905.0,174853,0.0,0.0
2023-03-01 11:00:00+08:00,1900.0,1950.0,1900.0,1940.0,198338,0.0,0.0
2023-03-01 12:00:00+08:00,1945.0,1950.0,1935.0,1945.0,97236,0.0,0.0
2023-03-01 13:00:00+08:00,1945.0,1955.0,1940.0,1945.0,88953,0.0,0.0
2023-03-02 09:00:00+08:00,1960.0,1975.0,1915.0,1915.0,0,0.0,0.0
2023-03-02 10:00:00+08:00,1915.0,1930.0,1915.0,1930.0,53754,0.0,0.0
2023-03-02 11:00:00+08:00,1930.0,1955.0,1930.0,1945.0,65399,0.0,0.0
2023-03-02 12:00:00+08:00,1950.0,1955.0,1935.0,1945.0,69934,0.0,0.0
2023-03-02 13:00:00+08:00,1950.0,1955.0,1940.0,1955.0,67044,0.0,0.0
2023-03-03 09:00:00+08:00,1965.0,2075.0,1965.0,2035.0,0,0.0,0.0
2023-03-03 10:00:00+08:00,2030.0,2030.0,2000.0,2010.0,59644,0.0,0.0
2023-03-03 11:00:00+08:00,2015.0,2020.0,2010.0,2010.0,25390,0.0,0.0
2023-03-03 12:00:00+08:00,2015.0,2015.0,1910.0,1940.0,172559,0.0,0.0
2023-03-03 13:00:00+08:00,1940.0,1985.0,1925.0,1980.0,87728,0.0,0.0
2023-03-06 09:00:00+08:00,2010.0,2025.0,1920.0,1950.0,0,0.0,0.0
2023-03-06 10:00:00+08:00,1955.0,1980.0,1945.0,1970.0,111832,0.0,0.0
2023-03-06 11:00:00+08:00,1970.0,1970.0,1960.0,1960.0,34564,0.0,0.0
2023-03-06 12:00:00+08:00,1960.0,1960.0,1935.0,1935.0,53257,0.0,0.0
2023-03-06 13:00:00+08:00,1935.0,1955.0,1935.0,1945.0,45909,0.0,0.0
2023-03-07 09:00:00+08:00,1920.0,1945.0,1885.0,1930.0,0,0.0,0.0
2023-03-07 10:00:00+08:00,1935.0,1985.0,1935.0,1980.0,226930,0.0,0.0
2023-03-07 11:00:00+08:00,1980.0,1980.0,1970.0,1970.0,69263,0.0,0.0
2023-03-07 12:00:00+08:00,1970.0,1980.0,1965.0,1965.0,76846,0.0,0.0
2023-03-07 13:00:00+08:00,1965.0,1975.0,1960.0,1975.0,63416,0.0,0.0
2023-03-08 09:00:00+08:00,1945.0,1985.0,1940.0,1980.0,0,0.0,0.0
2023-03-08 10:00:00+08:00,1980.0,1990.0,1950.0,1950.0,102980,0.0,0.0
2023-03-08 11:00:00+08:00,1960.0,1970.0,1955.0,1960.0,46115,0.0,0.0
2023-03-08 12:00:00+08:00,1960.0,1975.0,1950.0,1960.0,75461,0.0,0.0
2023-03-08 13:00:00+08:00,1960.0,1975.0,1960.0,1970.0,51979,0.0,0.0
2023-03-09 09:00:00+08:00,1965.0,2015.0,1965.0,1985.0,0,0.0,0.0
2023-03-09 10:00:00+08:00,1990.0,1995.0,1985.0,1995.0,35138,0.0,0.0
2023-03-09 11:00:00+08:00,1990.0,2010.0,1985.0,2005.0,45263,0.0,0.0
2023-03-09 12:00:00+08:00,2005.0,2005.0,1995.0,2000.0,13360,0.0,0.0
2023-03-09 13:00:00+08:00,1995.0,2005.0,1975.0,1990.0,70523,0.0,0.0
2023-03-10 09:00:00+08:00,1940.0,1975.0,1935.0,1960.0,0,0.0,0.0
2023-03-10 10:00:00+08:00,1955.0,1960.0,1935.0,1935.0,79397,0.0,0.0
2023-03-10 11:00:00+08:00,1935.0,1945.0,1920.0,1930.0,104997,0.0,0.0
2023-03-10 12:00:00+08:00,1930.0,1940.0,1920.0,1925.0,51405,0.0,0.0
2023-03-10 13:00:00+08:00,1920.0,1940.0,1920.0,1930.0,50835,0.0,0.0
2023-03-13 09:00:00+08:00,1925.0,1950.0,1890.0,1905.0,0,0.0,0.0
2023-03-13 10:00:00+08:00,1900.0,1950.0,1900.0,1945.0,110692,0.0,0.0
2023-03-13 11:00:00+08:00,1940.0,1940.0,1930.0,1935.0,28145,0.0,0.0
2023-03-13 12:00:00+08:00,1935.0,1935.0,1920.0,1925.0,28093,0.0,0.0
2023-03-13 13:00:00+08:00,1930.0,1950.0,1930.0,1940.0,49015,0.0,0.0
2023-03-14 09:00:00+08:00,1930.0,1945.0,1910.0,1915.0,0,0.0,0.0
2023-03-14 10:00:00+08:00,1915.0,1930.0,1905.0,1915.0,94857,0.0,0.0
2023-03-14 11:00:00+08:00,1915.0,1920.0,1905.0,1920.0,51349,0.0,0.0
2023-03-14 12:00:00+08:00,1925.0,1925.0,1895.0,1895.0,92510,0.0,0.0
2023-03-14 13:00:00+08:00,1895.0,1905.0,1890.0,1895.0,48884,0.0,0.0
2023-03-15 09:00:00+08:00,1920.0,2000.0,1920.0,1985.0,0,0.0,0.0
2023-03-15 10:00:00+08:00,1985.0,2000.0,1970.0,1975.0,94686,0.0,0.0
2023-03-15 11:00:00+08:00,1975.0,1975.0,1955.0,1960.0,69270,0.0,0.0
2023-03-15 12:00:00+08:00,1960.0,1965.0,1930.0,1930.0,89113,0.0,0.0
2023-03-15 13:00:00+08:00,1935.0,1950.0,1930.0,1940.0,55147,0.0,0.0
2023-03-16 09:00:00+08:00,1920.0,1950.0,1900.0,1900.0,0,0.0,0.0
2023-03-16 10:00:00+08:00,1895.0,1920.0,1890.0,1905.0,83927,0.0,0.0
2023-03-16 11:00:00+08:00,1910.0,1910.0,1890.0,1900.0,38642,0.0,0.0
2023-03-16 12:00:00+08:00,1905.0,1910.0,1895.0,1905.0,71113,0.0,0.0
2023-03-16 13:00:00+08:00,1905.0,1910.0,1900.0,1900.0,43896,0.0,0.0
2023-03-17 09:00:00+08:00,1965.0,2010.0,1960.0,2000.0,0,0.0,0.0
2023-03-17 10:00:00+08:00,2000.0,2015.0,1965.0,1975.0,211930,0.0,0.0
2023-03-17 11:00:00+08:00,1975.0,1975.0,1965.0,1970.0,55243,0.0,0.0
2023-03-17 12:00:00+08:00,1975.0,1980.0,1970.0,1975.0,53647,0.0,0.0
2023-03-17 13:00:00+08:00,1975.0,1980.0,1975.0,1980.0,90197,0.0,0.0
2023-03-20 09:00:00+08:00,1985.0,2010.0,1985.0,1995.0,0,0.0,0.0
2023-03-20 10:00:00+08:00,1990.0,2005.0,1990.0,2000.0,149635,0.0,0.0
2023-03-20 11:00:00+08:00,2000.0,2000.0,1985.0,1995.0,42526,0.0,0.0
2023-03-20 12:00:00+08:00,1990.0,1995.0,1985.0,1990.0,48493,0.0,0.0
2023-03-20 13:00:00+08:00,1990.0,1990.0,1985.0,1990.0,46565,0.0,0.0
2023-03-21 09:00:00+08:00,2030.0,2055.0,1975.0,1985.0,0,0.0,0.0
2023-03-21 10:00:00+08:00,1990.0,2005.0,1980.0,1985.0,79545,0.0,0.0
2023-03-21 11:00:00+08:00,1990.0,1990.0,1975.0,1980.0,32600,0.0,0.0
2023-03-21 12:00:00+08:00,1975.0,1975.0,1960.0,1960.0,60499,0.0,0.0
2023-03-21 13:00:00+08:00,1960.0,1960.0,1945.0,1960.0,87959,0.0,0.0
2023-03-22 09:00:00+08:00,1970.0,1985.0,1955.0,1975.0,0,0.0,0.0
2023-03-22 10:00:00+08:00,1980.0,1980.0,1965.0,1975.0,37310,0.0,0.0
2023-03-22 11:00:00+08:00,1975.0,1980.0,1970.0,1975.0,27256,0.0,0.0
2023-03-22 12:00:00+08:00,1975.0,1975.0,1965.0,1975.0,48506,0.0,0.0
2023-03-22 13:00:00+08:00,1980.0,1985.0,1975.0,1985.0,35282,0.0,0.0
2023-03-23 09:00:00+08:00,1975.0,1990.0,1950.0,1960.0,0,0.0,0.0
2023-03-23 10:00:00+08:00,1960.0,1990.0,1955.0,1985.0,103254,0.0,0.0
2023-03-23 11:00:00+08:00,1980.0,1990.0,1975.0,1990.0,56300,0.0,0.0
2023-03-23 12:00:00+08:00,1990.0,2005.0,1990.0,2005.0,72107,0.0,0.0
2023-03-23 13:00:00+08:00,2005.0,2005.0,1990.0,2000.0,44518,0.0,0.0
2023-03-24 09:00:00+08:00,2015.0,2030.0,1990.0,1995.0,0,0.0,0.0
2023-03-24 10:00:00+08:00,1995.0,2000.0,1960.0,1970.0,118620,0.0,0.0
2023-03-24 11:00:00+08:00,1975.0,1980.0,1965.0,1965.0,54733,0.0,0.0
2023-03-24 12:00:00+08:00,1965.0,1975.0,1965.0,1970.0,36161,0.0,0.0
2023-03-24 13:00:00+08:00,1965.0,1975.0,1960.0,1965.0,52439,0.0,0.0
2023-03-27 09:00:00+08:00,1970.0,1995.0,1960.0,1985.0,0,0.0,0.0
2023-03-27 10:00:00+08:00,1985.0,2010.0,1980.0,2005.0,122802,0.0,0.0
2023-03-27 11:00:00+08:00,2000.0,2020.0,2000.0,2015.0,118457,0.0,0.0
2023-03-27 12:00:00+08:00,2015.0,2015.0,2005.0,2010.0,35438,0.0,0.0
2023-03-27 13:00:00+08:00,2010.0,2020.0,2010.0,2015.0,80089,0.0,0.0
2023-03-28 09:00:00+08:00,2000.0,2020.0,1985.0,1990.0,0,0.0,0.0
2023-03-28 10:00:00+08:00,1985.0,1995.0,1980.0,1985.0,68269,0.0,0.0
2023-03-28 11:00:00+08:00,1985.0,1990.0,1980.0,1990.0,27177,0.0,0.0
2023-03-28 12:00:00+08:00,1985.0,1985.0,1970.0,1970.0,81839,0.0,0.0
2023-03-28 13:00:00+08:00,1970.0,1975.0,1965.0,1970.0,50636,0.0,0.0
2023-03-29 09:00:00+08:00,1990.0,2000.0,1930.0,1935.0,0,0.0,0.0
2023-03-29 10:00:00+08:00,1935.0,1935.0,1860.0,1875.0,269966,0.0,0.0
2023-03-29 11:00:00+08:00,1875.0,1880.0,1835.0,1845.0,166637,0.0,0.0
2023-03-29 12:00:00+08:00,1840.0,1855.0,1835.0,1845.0,99433,0.0,0.0
2023-03-29 13:00:00+08:00,1850.0,1860.0,1850.0,1860.0,76603,0.0,0.0
2023-03-30 09:00:00+08:00,1880.0,1900.0,1850.0,1865.0,0,0.0,0.0
2023-03-30 10:00:00+08:00,1870.0,1875.0,1855.0,1855.0,107118,0.0,0.0
2023-03-30 11:00:00+08:00,1855.0,1865.0,1850.0,1865.0,58310,0.0,0.0
2023-03-30 12:00:00+08:00,1865.0,1865.0,1850.0,1850.0,48746,0.0,0.0
2023-03-30 13:00:00+08:00,1845.0,1845.0,1840.0,1840.0,57929,0.0,0.0
2023-03-31 09:00:00+08:00,1850.0,1855.0,1825.0,1845.0,0,0.0,0.0
2023-03-31 10:00:00+08:00,1845.0,1860.0,1845.0,1855.0,124222,0.0,0.0
2023-03-31 11:00:00+08:00,1855.0,1905.0,1855.0,1880.0,183501,0.0,0.0
2023-03-31 12:00:00+08:00,1885.0,1895.0,1865.0,1870.0,66119,0.0,0.0
2023-03-31 13:00:00+08:00,1870.0,1875.0,1860.0,1860.0,46381,0.0,0.0
2023-04-06 09:00:00+08:00,1885.0,1885.0,1820.0,1845.0,0,0.0,0.0
2023-04-06 10:00:00+08:00,1845.0,1850.0,1830.0,1835.0,59276,0.0,0.0
2023-04-06 11:00:00+08:00,1835.0,1850.0,1835.0,1840.0,56168,0.0,0.0
2023-04-06 12:00:00+08:00,1835.0,1840.0,1835.0,1840.0,44490,0.0,0.0
2023-04-06 13:00:00+08:00,1840.0,1840.0,1830.0,1835.0,48216,0.0,0.0
2023-04-07 09:00:00+08:00,1855.0,1875.0,1825.0,1875.0,0,0.0,0.0
2023-04-07 10:00:00+08:00,1875.0,1885.0,1855.0,1860.0,56517,0.0,0.0
2023-04-07 11:00:00+08:00,1860.0,1860.0,1855.0,1855.0,19143,0.0,0.0
2023-04-07 12:00:00+08:00,1860.0,1865.0,1855.0,1865.0,9154,0.0,0.0
2023-04-07 13:00:00+08:00,1860.0,1860.0,1850.0,1850.0,19187,0.0,0.0
2023-04-10 09:00:00+08:00,1875.0,1935.0,1875.0,1935.0,0,0.0,0.0
2023-04-10 10:00:00+08:00,1930.0,1930.0,1910.0,1930.0,76172,0.0,0.0
2023-04-10 11:00:00+08:00,1935.0,1950.0,1930.0,1940.0,133282,0.0,0.0
2023-04-10 12:00:00+08:00,1940.0,1945.0,1935.0,1935.0,53696,0.0,0.0
2023-04-10 13:00:00+08:00,1935.0,1945.0,1935.0,1940.0,41204,0.0,0.0
2023-04-11 09:00:00+08:00,1955.0,1990.0,1955.0,1985.0,0,0.0,0.0
2023-04-11 10:00:00+08:00,1985.0,2000.0,1985.0,1990.0,129391,0.0,0.0
2023-04-11 11:00:00+08:00,1995.0,2025.0,1995.0,2025.0,215014,0.0,0.0
2023-04-11 12:00:00+08:00,2025.0,2030.0,2020.0,2030.0,104254,0.0,0.0
2023-04-11 13:00:00+08:00,2030.0,2045.0,2025.0,2045.0,119568,0.0,0.0
2023-04-12 09:00:00+08:00,2035.0,2085.0,2010.0,2035.0,0,0.0,0.0
2023-04-12 10:00:00+08:00,2035.0,2055.0,2015.0,2045.0,168879,0.0,0.0
2023-04-12 11:00:00+08:00,2045.0,2045.0,2035.0,2040.0,57396,0.0,0.0
2023-04-12 12:00:00+08:00,2040.0,2045.0,2035.0,2045.0,53560,0.0,0.0
2023-04-12 13:00:00+08:00,2045.0,2045.0,2030.0,2035.0,97349,0.0,0.0
2023-04-13 09:00:00+08:00,2040.0,2045.0,2015.0,2025.0,0,0.0,0.0
2023-04-13 10:00:00+08:00,2030.0,2030.0,2005.0,2005.0,87492,0.0,0.0
2023-04-13 11:00:00+08:00,2000.0,2065.0,2000.0,2060.0,189578,0.0,0.0
2023-04-13 12:00:00+08:00,2060.0,2060.0,2040.0,2045.0,44213,0.0,0.0
2023-04-13 13:00:00+08:00,2040.0,2060.0,2040.0,2040.0,63903,0.0,0.0
2023-04-14 09:00:00+08:00,2065.0,2080.0,2050.0,2060.0,0,0.0,0.0
2023-04-14 10:00:00+08:00,2060.0,2060.0,2040.0,2055.0,63664,0.0,0.0
2023-04-14 11:00:00+08:00,2055.0,2060.0,2050.0,2055.0,30333,0.0,0.0
2023-04-14 12:00:00+08:00,2050.0,2055.0,2040.0,2050.0,41209,0.0,0.0
2023-04-14 13:00:00+08:00,2050.0,2050.0,2040.0,2050.0,44323,0.0,0.0
2023-04-17 09:00:00+08:00,2030.0,2065.0,2020.0,2050.0,0,0.0,0.0
2023-04-17 10:00:00+08:00,2050.0,2075.0,2045.0,2065.0,96393,0.0,0.0
2023-04-17 11:00:00+08:00,2060.0,2070.0,2060.0,2070.0,34138,0.0,0.0
2023-04-17 12:00:00+08:00,2070.0,2085.0,2060.0,2085.0,91741,0.0,0.0
2023-04-17 13:00:00+08:00,2080.0,2085.0,2070.0,2080.0,51493,0.0,0.0
2023-04-18 09:00:00+08:00,2095.0,2125.0,2075.0,2075.0,0,0.0,0.0
2023-04-18 10:00:00+08:00,2075.0,2075.0,2040.0,2040.0,98524,0.0,0.0
2023-04-18 11:00:00+08:00,2045.0,2050.0,2030.0,2035.0,65492,0.0,0.0
2023-04-18 12:00:00+08:00,2035.0,2035.0,2030.0,2030.0,42696,0.0,0.0
2023-04-18 13:00:00+08:00,2025.0,2040.0,2025.0,2030.0,63361,0.0,0.0
2023-04-19 09:00:00+08:00,2010.0,2075.0,2010.0,2040.0,154670,0.0,0.0
2023-04-19 10:00:00+08:00,2040.0,2045.0,2030.0,2045.0,32478,0.0,0.0
2023-04-19 11:00:00+08:00,2040.0,2045.0,2030.0,2045.0,22134,0.0,0.0
2023-04-19 12:00:00+08:00,2040.0,2040.0,2020.0,2025.0,28207,0.0,0.0
2023-04-19 13:00:00+08:00,2025.0,2040.0,2025.0,2035.0,53302,0.0,0.0
2023-04-20 09:00:00+08:00,2050.0,2050.0,2020.0,2025.0,0,0.0,0.0
2023-04-20 10:00:00+08:00,2030.0,2035.0,2020.0,2030.0,41522,0.0,0.0
2023-04-20 11:00:00+08:00,2025.0,2030.0,2015.0,2020.0,73263,0.0,0.0
2023-04-20 12:00:00+08:00,2020.0,2025.0,2010.0,2010.0,37380,0.0,0.0
2023-04-20 13:00:00+08:00,2010.0,2015.0,2000.0,2010.0,43683,0.0,0.0
2023-04-21 09:00:00+08:00,2010.0,2025.0,1930.0,1950.0,0,0.0,0.0
2023-04-21 10:00:00+08:00,1950.0,1950.0,1915.0,1925.0,92599,0.0,0.0
2023-04-21 11:00:00+08:00,1920.0,1940.0,1920.0,1920.0,63817,0.0,0.0
2023-04-21 12:00:00+08:00,1915.0,1930.0,1915.0,1920.0,68040,0.0,0.0
2023-04-21 13:00:00+08:00,1920.0,1925.0,1910.0,1915.0,69580,0.0,0.0
2023-04-24 09:00:00+08:00,1920.0,1930.0,1885.0,1890.0,0,0.0,0.0
2023-04-24 10:00:00+08:00,1900.0,1935.0,1900.0,1925.0,72152,0.0,0.0
2023-04-24 11:00:00+08:00,1925.0,1950.0,1920.0,1935.0,70731,0.0,0.0
2023-04-24 12:00:00+08:00,1935.0,1960.0,1925.0,1960.0,65384,0.0,0.0
2023-04-24 13:00:00+08:00,1960.0,1960.0,1935.0,1935.0,58209,0.0,0.0
2023-04-25 09:00:00+08:00,1945.0,1950.0,1870.0,1870.0,0,0.0,0.0
2023-04-25 10:00:00+08:00,1865.0,1875.0,1835.0,1855.0,174894,0.0,0.0
2023-04-25 11:00:00+08:00,1850.0,1855.0,1830.0,1830.0,74783,0.0,0.0
2023-04-25 12:00:00+08:00,1830.0,1835.0,1790.0,1805.0,196760,0.0,0.0
2023-04-25 13:00:00+08:00,1810.0,1820.0,1800.0,1815.0,34757,0.0,0.0
2023-04-26 09:00:00+08:00,1700.0,1780.0,1700.0,1745.0,0,0.0,0.0
2023-04-26 10:00:00+08:00,1745.0,1765.0,1730.0,1740.0,143894,0.0,0.0
2023-04-26 11:00:00+08:00,1740.0,1750.0,1730.0,1735.0,81979,0.0,0.0
2023-04-26 12:00:00+08:00,1740.0,1745.0,1730.0,1740.0,110976,0.0,0.0
2023-04-26 13:00:00+08:00,1740.0,1745.0,1730.0,1730.0,106318,0.0,0.0
2023-04-27 09:00:00+08:00,1765.0,1800.0,1750.0,1795.0,0,0.0,0.0
2023-04-27 10:00:00+08:00,1795.0,1850.0,1790.0,1805.0,211150,0.0,0.0
2023-04-27 11:00:00+08:00,1805.0,1815.0,1790.0,1790.0,68266,0.0,0.0
2023-04-27 12:00:00+08:00,1800.0,1805.0,1790.0,1790.0,56330,0.0,0.0
2023-04-27 13:00:00+08:00,1790.0,1795.0,1780.0,1780.0,58527,0.0,0.0
2023-04-28 09:00:00+08:00,1840.0,1865.0,1825.0,1840.0,0,0.0,0.0
2023-04-28 10:00:00+08:00,1840.0,1840.0,1815.0,1820.0,115470,0.0,0.0
2023-04-28 11:00:00+08:00,1820.0,1820.0,1805.0,1815.0,50207,0.0,0.0
2023-04-28 12:00:00+08:00,1820.0,1820.0,1805.0,1805.0,30682,0.0,0.0
2023-04-28 13:00:00+08:00,1805.0,1830.0,1805.0,1825.0,71661,0.0,0.0
2023-05-02 09:00:00+08:00,1840.0,1865.0,1810.0,1850.0,0,0.0,0.0
2023-05-02 10:00:00+08:00,1850.0,1895.0,1850.0,1885.0,164554,0.0,0.0
2023-05-02 11:00:00+08:00,1885.0,1895.0,1880.0,1890.0,75015,0.0,0.0
2023-05-02 12:00:00+08:00,1890.0,1895.0,1890.0,1895.0,64412,0.0,0.0
2023-05-02 13:00:00+08:00,1895.0,1895.0,1885.0,1890.0,45481,0.0,0.0
2023-05-03 09:00:00+08:00,1855.0,1895.0,1855.0,1880.0,0,0.0,0.0
2023-05-03 10:00:00+08:00,1880.0,1885.0,1875.0,1880.0,24134,0.0,0.0
2023-05-03 11:00:00+08:00,1880.0,1905.0,1870.0,1900.0,68568,0.0,0.0
2023-05-03 12:00:00+08:00,1890.0,1900.0,1885.0,1895.0,14071,0.0,0.0
2023-05-03 13:00:00+08:00,1890.0,1895.0,1885.0,1890.0,35848,0.0,0.0
2023-05-04 09:00:00+08:00,1890.0,1920.0,1850.0,1855.0,0,0.0,0.0
2023-05-04 10:00:00+08:00,1860.0,1875.0,1860.0,1870.0,28160,0.0,0.0
2023-05-04 11:00:00+08:00,1865.0,1875.0,1865.0,1875.0,25172,0.0,0.0
2023-05-04 12:00:00+08:00,1870.0,1875.0,1870.0,1875.0,17259,0.0,0.0
2023-05-04 13:00:00+08:00,1870.0,1875.0,1865.0,1865.0,22670,0.0,0.0
2023-05-05 09:00:00+08:00,1870.0,1895.0,1870.0,1880.0,0,0.0,0.0
2023-05-05 10:00:00+08:00,1880.0,1880.0,1850.0,1855.0,70068,0.0,0.0
2023-05-05 11:00:00+08:00,1860.0,1890.0,1860.0,1880.0,47241,0.0,0.0
2023-05-05 12:00:00+08:00,1880.0,1905.0,1880.0,1905.0,72548,0.0,0.0
2023-05-05 13:00:00+08:00,1905.0,1910.0,1895.0,1895.0,33043,0.0,0.0
2023-05-08 09:00:00+08:00,1940.0,1960.0,1905.0,1920.0,0,0.0,0.0
2023-05-08 10:00:00+08:00,1915.0,1925.0,1910.0,1915.0,41145,0.0,0.0
2023-05-08 11:00:00+08:00,1915.0,1915.0,1905.0,1910.0,27292,0.0,0.0
2023-05-08 12:00:00+08:00,1910.0,1910.0,1895.0,1895.0,35397,0.0,0.0
2023-05-08 13:00:00+08:00,1895.0,1895.0,1885.0,1885.0,43199,0.0,0.0
2023-05-09 09:00:00+08:00,1875.0,1890.0,1810.0,1835.0,0,0.0,0.0
2023-05-09 10:00:00+08:00,1835.0,1855.0,1820.0,1845.0,0,0.0,0.0
2023-05-09 11:00:00+08:00,1845.0,1845.0,1825.0,1840.0,310720,0.0,0.0
2023-05-09 12:00:00+08:00,1845.0,1850.0,1845.0,1845.0,20064,0.0,0.0
2023-05-09 13:00:00+08:00,1845.0,1850.0,1835.0,1850.0,53429,0.0,0.0
2023-05-10 09:00:00+08:00,1840.0,1855.0,1815.0,1825.0,0,0.0,0.0
2023-05-10 10:00:00+08:00,1830.0,1860.0,1830.0,1845.0,96288,0.0,0.0
2023-05-10 11:00:00+08:00,1850.0,1855.0,1850.0,1855.0,40070,0.0,0.0
2023-05-10 12:00:00+08:00,1860.0,1860.0,1850.0,1860.0,43663,0.0,0.0
2023-05-10 13:00:00+08:00,1860.0,1860.0,1850.0,1855.0,39482,0.0,0.0
2023-05-11 09:00:00+08:00,1865.0,1875.0,1815.0,1815.0,0,0.0,0.0
2023-05-11 10:00:00+08:00,1815.0,1830.0,1815.0,1825.0,50396,0.0,0.0
2023-05-11 11:00:00+08:00,1820.0,1830.0,1815.0,1815.0,56283,0.0,0.0
2023-05-11 12:00:00+08:00,1815.0,1820.0,1800.0,1810.0,67094,0.0,0.0
2023-05-11 13:00:00+08:00,1810.0,1810.0,1800.0,1805.0,47727,0.0,0.0
2023-05-12 09:00:00+08:00,1795.0,1830.0,1795.0,1805.0,0,0.0,0.0
2023-05-12 10:00:00+08:00,1805.0,1805.0,1785.0,1800.0,90046,0.0,0.0
2023-05-12 11:00:00+08:00,1795.0,1815.0,1795.0,1800.0,45274,0.0,0.0
2023-05-12 12:00:00+08:00,1805.0,1820.0,1805.0,1815.0,48596,0.0,0.0
2023-05-12 13:00:00+08:00,1815.0,1815.0,1810.0,1810.0,31048,0.0,0.0
2023-05-15 09:00:00+08:00,1805.0,1820.0,1785.0,1820.0,0,0.0,0.0
2023-05-15 10:00:00+08:00,1820.0,1830.0,1815.0,1820.0,64446,0.0,0.0
2023-05-15 11:00:00+08:00,1825.0,1850.0,1825.0,1845.0,65430,0.0,0.0
2023-05-15 12:00:00+08:00,1845.0,1845.0,1835.0,1845.0,31181,0.0,0.0
2023-05-15 13:00:00+08:00,1840.0,1840.0,1835.0,1840.0,29503,0.0,0.0
2023-05-16 09:00:00+08:00,1865.0,1875.0,1830.0,1865.0,0,0.0,0.0
2023-05-16 10:00:00+08:00,1865.0,1865.0,1840.0,1840.0,60668,0.0,0.0
2023-05-16 11:00:00+08:00,1845.0,1845.0,1810.0,1815.0,125942,0.0,0.0
2023-05-16 12:00:00+08:00,1815.0,1820.0,1805.0,1810.0,61845,0.0,0.0
2023-05-16 13:00:00+08:00,1810.0,1815.0,1805.0,1805.0,62438,0.0,0.0
2023-05-17 09:00:00+08:00,1800.0,1815.0,1790.0,1795.0,0,0.0,0.0
2023-05-17 10:00:00+08:00,1795.0,1815.0,1795.0,1800.0,0,0.0,0.0
2023-05-17 11:00:00+08:00,1805.0,1805.0,1800.0,1800.0,270382,0.0,0.0
2023-05-17 12:00:00+08:00,1800.0,1805.0,1795.0,1805.0,46525,0.0,0.0
2023-05-17 13:00:00+08:00,1805.0,1805.0,1795.0,1800.0,23702,0.0,0.0
2023-05-18 09:00:00+08:00,1840.0,1840.0,1805.0,1825.0,153182,0.0,0.0
2023-05-18 10:00:00+08:00,1825.0,1830.0,1815.0,1820.0,35189,0.0,0.0
2023-05-18 11:00:00+08:00,1820.0,1845.0,1815.0,1845.0,103585,0.0,0.0
2023-05-18 12:00:00+08:00,1845.0,1855.0,1840.0,1855.0,118241,0.0,0.0
2023-05-18 13:00:00+08:00,1855.0,1855.0,1840.0,1845.0,29088,0.0,0.0
2023-05-19 09:00:00+08:00,1870.0,1925.0,1870.0,1925.0,0,0.0,0.0
2023-05-19 10:00:00+08:00,1925.0,1925.0,1915.0,1925.0,83176,0.0,0.0
2023-05-19 11:00:00+08:00,1925.0,1965.0,1920.0,1960.0,180118,0.0,0.0
2023-05-19 12:00:00+08:00,1960.0,1960.0,1945.0,1950.0,114129,0.0,0.0
2023-05-19 13:00:00+08:00,1945.0,1955.0,1945.0,1955.0,73235,0.0,0.0
2023-05-22 09:00:00+08:00,1940.0,1950.0,1895.0,1895.0,0,0.0,0.0
2023-05-22 10:00:00+08:00,1895.0,1905.0,1890.0,1900.0,68520,0.0,0.0
2023-05-22 11:00:00+08:00,1895.0,1895.0,1890.0,1895.0,32837,0.0,0.0
2023-05-22 12:00:00+08:00,1895.0,1895.0,1890.0,1890.0,40804,0.0,0.0
2023-05-22 13:00:00+08:00,1895.0,1895.0,1885.0,1890.0,34842,0.0,0.0
2023-05-23 09:00:00+08:00,1885.0,1915.0,1885.0,1905.0,0,0.0,0.0
2023-05-23 10:00:00+08:00,1905.0,1910.0,1890.0,1900.0,64204,0.0,0.0
2023-05-23 11:00:00+08:00,1900.0,1900.0,1895.0,1895.0,18209,0.0,0.0
2023-05-23 12:00:00+08:00,1895.0,1910.0,1895.0,1905.0,82840,0.0,0.0
2023-05-23 13:00:00+08:00,1905.0,1915.0,1905.0,1910.0,42535,0.0,0.0
2023-05-24 09:00:00+08:00,1910.0,1920.0,1810.0,1830.0,0,0.0,0.0
2023-05-24 10:00:00+08:00,1825.0,1830.0,1800.0,1810.0,209273,0.0,0.0
2023-05-24 11:00:00+08:00,1815.0,1815.0,1800.0,1810.0,76765,0.0,0.0
2023-05-24 12:00:00+08:00,1810.0,1825.0,1805.0,1825.0,85345,0.0,0.0
2023-05-24 13:00:00+08:00,1825.0,1845.0,1825.0,1840.0,77622,0.0,0.0
2023-05-25 09:00:00+08:00,1865.0,1905.0,1825.0,1840.0,0,0.0,0.0
2023-05-25 10:00:00+08:00,1840.0,1855.0,1815.0,1825.0,104018,0.0,0.0
2023-05-25 11:00:00+08:00,1820.0,1830.0,1815.0,1825.0,51674,0.0,0.0
2023-05-25 12:00:00+08:00,1825.0,1835.0,1820.0,1825.0,66619,0.0,0.0
2023-05-25 13:00:00+08:00,1830.0,1835.0,1825.0,1825.0,50285,0.0,0.0
2023-05-26 09:00:00+08:00,1865.0,1925.0,1860.0,1905.0,0,0.0,0.0
2023-05-26 10:00:00+08:00,1905.0,1910.0,1860.0,1865.0,158069,0.0,0.0
2023-05-26 11:00:00+08:00,1865.0,1865.0,1850.0,1855.0,80363,0.0,0.0
2023-05-26 12:00:00+08:00,1855.0,1860.0,1845.0,1855.0,59740,0.0,0.0
2023-05-26 13:00:00+08:00,1855.0,1865.0,1855.0,1855.0,37205,0.0,0.0
2023-05-29 09:00:00+08:00,1900.0,2000.0,1880.0,1985.0,0,0.0,0.0
2023-05-29 10:00:00+08:00,1985.0,1985.0,1925.0,1955.0,107225,0.0,0.0
2023-05-29 11:00:00+08:00,1950.0,1955.0,1935.0,1950.0,47751,0.0,0.0
2023-05-29 12:00:00+08:00,1945.0,1950.0,1935.0,1935.0,37813,0.0,0.0
2023-05-29 13:00:00+08:00,1930.0,1940.0,1920.0,1920.0,71769,0.0,0.0
2023-05-30 09:00:00+08:00,1930.0,1960.0,1890.0,1895.0,0,0.0,0.0
2023-05-30 10:00:00+08:00,1895.0,1940.0,1895.0,1930.0,132955,0.0,0.0
2023-05-30 11:00:00+08:00,1935.0,1945.0,1905.0,1905.0,59193,0.0,0.0
2023-05-30 12:00:00+08:00,1910.0,1925.0,1910.0,1925.0,45434,0.0,0.0
2023-05-30 13:00:00+08:00,1925.0,1935.0,1925.0,1930.0,58300,0.0,0.0
2023-05-31 09:00:00+08:00,1950.0,1950.0,1890.0,1890.0,0,0.0,0.0
2023-05-31 10:00:00+08:00,1890.0,1895.0,1840.0,1860.0,274034,0.0,0.0
2023-05-31 11:00:00+08:00,1855.0,1855.0,1820.0,1830.0,184994,0.0,0.0
2023-05-31 12:00:00+08:00,1830.0,1835.0,1825.0,1835.0,76444,0.0,0.0
2023-05-31 13:00:00+08:00,1835.0,1835.0,1830.0,1835.0,52480,0.0,0.0
2023-06-01 09:00:00+08:00,1840.0,1850.0,1820.0,1845.0,0,0.0,0.0
2023-06-01 10:00:00+08:00,1850.0,1870.0,1840.0,1870.0,79503,0.0,0.0
2023-06-01 11:00:00+08:00,1870.0,1890.0,1870.0,1890.0,94776,0.0,0.0
2023-06-01 12:00:00+08:00,1890.0,1895.0,1880.0,1895.0,56726,0.0,0.0
2023-06-01 13:00:00+08:00,1895.0,1895.0,1885.0,1890.0,40883,0.0,0.0
2023-06-02 09:00:00+08:00,1895.0,1930.0,1880.0,1915.0,0,0.0,0.0
2023-06-02 10:00:00+08:00,1915.0,1925.0,1915.0,1920.0,66431,0.0,0.0
2023-06-02 11:00:00+08:00,1920.0,1925.0,1915.0,1920.0,47242,0.0,0.0
2023-06-02 12:00:00+08:00,1920.0,1930.0,1910.0,1915.0,73952,0.0,0.0
2023-06-02 13:00:00+08:00,1915.0,1925.0,1910.0,1915.0,53204,0.0,0.0
2023-06-05 09:00:00+08:00,1925.0,1940.0,1890.0,1910.0,0,0.0,0.0
2023-06-05 10:00:00+08:00,1910.0,1935.0,1900.0,1930.0,99801,0.0,0.0
2023-06-05 11:00:00+08:00,1920.0,1925.0,1920.0,1920.0,18190,0.0,0.0
2023-06-05 12:00:00+08:00,1920.0,1925.0,1915.0,1920.0,78366,0.0,0.0
2023-06-05 13:00:00+08:00,1920.0,1920.0,1905.0,1915.0,49935,0.0,0.0
2023-06-06 09:00:00+08:00,1915.0,1925.0,1870.0,1880.0,0,0.0,0.0
2023-06-06 10:00:00+08:00,1885.0,1935.0,1885.0,1935.0,100716,0.0,0.0
2023-06-06 11:00:00+08:00,1930.0,1930.0,1920.0,1925.0,31304,0.0,0.0
2023-06-06 12:00:00+08:00,1925.0,1940.0,1920.0,1920.0,68276,0.0,0.0
2023-06-06 13:00:00+08:00,1925.0,1930.0,1920.0,1930.0,21319,0.0,0.0
2023-06-07 09:00:00+08:00,1925.0,1960.0,1910.0,1960.0,0,0.0,0.0
2023-06-07 10:00:00+08:00,1960.0,2020.0,1955.0,2020.0,343349,0.0,0.0
2023-06-07 11:00:00+08:00,2020.0,2055.0,2000.0,2020.0,308833,0.0,0.0
2023-06-07 12:00:00+08:00,2025.0,2025.0,1995.0,2005.0,118944,0.0,0.0
2023-06-07 13:00:00+08:00,2000.0,2000.0,1985.0,1985.0,66553,0.0,0.0
2023-06-08 09:00:00+08:00,1965.0,2030.0,1965.0,1985.0,0,0.0,0.0
2023-06-08 10:00:00+08:00,1990.0,2015.0,1985.0,1995.0,98427,0.0,0.0
2023-06-08 11:00:00+08:00,2000.0,2005.0,1985.0,1990.0,93146,0.0,0.0
2023-06-08 12:00:00+08:00,1995.0,2000.0,1990.0,2000.0,86796,0.0,0.0
2023-06-08 13:00:00+08:00,2005.0,2010.0,2000.0,2005.0,110575,0.0,0.0
2023-06-09 09:00:00+08:00,2030.0,2195.0,2020.0,2185.0,0,0.0,0.0
2023-06-09 10:00:00+08:00,2190.0,2200.0,2180.0,2195.0,123172,0.0,0.0
2023-06-09 11:00:00+08:00,2195.0,2200.0,2185.0,2190.0,46505,0.0,0.0
2023-06-09 12:00:00+08:00,2190.0,2190.0,2165.0,2185.0,68046,0.0,0.0
2023-06-09 13:00:00+08:00,2190.0,2190.0,2165.0,2175.0,49761,0.0,0.0
2023-06-12 09:00:00+08:00,2180.0,2270.0,2150.0,2220.0,0,0.0,0.0
2023-06-12 10:00:00+08:00,2220.0,2230.0,2190.0,2195.0,97373,0.0,0.0
2023-06-12 11:00:00+08:00,2200.0,2210.0,2190.0,2200.0,64413,0.0,0.0
2023-06-12 12:00:00+08:00,2200.0,2215.0,2180.0,2205.0,87172,0.0,0.0
2023-06-12 13:00:00+08:00,2210.0,2210.0,2200.0,2200.0,46337,0.0,0.0
2023-06-13 09:00:00+08:00,2265.0,2330.0,2265.0,2320.0,0,0.0,0.0
2023-06-13 10:00:00+08:00,2320.0,2340.0,2315.0,2335.0,144120,0.0,0.0
2023-06-13 11:00:00+08:00,2340.0,2350.0,2330.0,2345.0,121189,0.0,0.0
2023-06-13 12:00:00+08:00,2345.0,2375.0,2335.0,2375.0,203805,0.0,0.0
2023-06-13 13:00:00+08:00,2375.0,2375.0,2360.0,2370.0,63716,0.0,0.0
2023-06-14 09:00:00+08:00,2345.0,2345.0,2280.0,2305.0,0,0.0,0.0
2023-06-14 10:00:00+08:00,2300.0,2305.0,2290.0,2295.0,71217,0.0,0.0
2023-06-14 11:00:00+08:00,2295.0,2310.0,2295.0,2305.0,95472,0.0,0.0
2023-06-14 12:00:00+08:00,2310.0,2315.0,2305.0,2310.0,87506,0.0,0.0
2023-06-14 13:00:00+08:00,2315.0,2320.0,2305.0,2310.0,54940,0.0,0.0
2023-06-15 09:00:00+08:00,2340.0,2355.0,2310.0,2310.0,0,0.0,0.0
2023-06-15 10:00:00+08:00,2310.0,2335.0,2275.0,2285.0,105346,0.0,0.0
2023-06-15 11:00:00+08:00,2290.0,2330.0,2290.0,2330.0,78375,0.0,0.0
2023-06-15 12:00:00+08:00,2330.0,2340.0,2310.0,2310.0,92660,0.0,0.0
2023-06-15 13:00:00+08:00,2315.0,2335.0,2315.0,2325.0,47375,0.0,0.0
2023-06-16 09:00:00+08:00,2330.0,2340.0,2275.0,2295.0,0,0.0,0.0
2023-06-16 10:00:00+08:00,2290.0,2305.0,2270.0,2305.0,72520,0.0,0.0
2023-06-16 11:00:00+08:00,2300.0,2300.0,2285.0,2300.0,47217,0.0,0.0
2023-06-16 12:00:00+08:00,2300.0,2300.0,2290.0,2290.0,28526,0.0,0.0
2023-06-16 13:00:00+08:00,2285.0,2300.0,2285.0,2295.0,47692,0.0,0.0
2023-06-19 09:00:00+08:00,2245.0,2295.0,2230.0,2295.0,0,0.0,0.0
2023-06-19 10:00:00+08:00,2290.0,2305.0,2280.0,2290.0,61701,0.0,0.0
2023-06-19 11:00:00+08:00,2290.0,2300.0,2285.0,2295.0,16337,0.0,0.0
2023-06-19 12:00:00+08:00,2295.0,2295.0,2290.0,2290.0,13719,0.0,0.0
2023-06-19 13:00:00+08:00,2290.0,2295.0,2285.0,2290.0,26613,0.0,0.0
2023-06-20 09:00:00+08:00,2290.0,2295.0,2255.0,2255.0,0,0.0,0.0
2023-06-20 10:00:00+08:00,2255.0,2275.0,2250.0,2275.0,63992,0.0,0.0
2023-06-20 11:00:00+08:00,2275.0,2290.0,2275.0,2285.0,49248,0.0,0.0
2023-06-20 12:00:00+08:00,2285.0,2300.0,2285.0,2290.0,73455,0.0,0.0
2023-06-20 13:00:00+08:00,2295.0,2300.0,2285.0,2290.0,50482,0.0,0.0
2023-06-21 09:00:00+08:00,2295.0,2295.0,2220.0,2220.0,0,0.0,0.0
2023-06-21 10:00:00+08:00,2220.0,2240.0,2215.0,2240.0,72130,0.0,0.0
2023-06-21 11:00:00+08:00,2235.0,2245.0,2230.0,2240.0,41139,0.0,0.0
2023-06-21 12:00:00+08:00,2240.0,2245.0,2235.0,2235.0,47351,0.0,0.0
2023-06-21 13:00:00+08:00,2245.0,2250.0,2235.0,2235.0,40416,0.0,0.0
2023-06-26 09:00:00+08:00,2200.0,2235.0,2185.0,2185.0,0,0.0,0.0
2023-06-26 10:00:00+08:00,2180.0,2205.0,2175.0,2190.0,57462,0.0,0.0
2023-06-26 11:00:00+08:00,2195.0,2200.0,2190.0,2190.0,13275,0.0,0.0
2023-06-26 12:00:00+08:00,2190.0,2190.0,2185.0,2190.0,13295,0.0,0.0
2023-06-26 13:00:00+08:00,2185.0,2190.0,2175.0,2180.0,24639,0.0,0.0
2023-06-27 09:00:00+08:00,2160.0,2175.0,2140.0,2165.0,0,0.0,0.0
2023-06-27 10:00:00+08:00,2170.0,2175.0,2150.0,2150.0,31389,0.0,0.0
2023-06-27 11:00:00+08:00,2145.0,2145.0,2115.0,2125.0,73902,0.0,0.0
2023-06-27 12:00:00+08:00,2120.0,2125.0,2110.0,2125.0,60392,0.0,0.0
2023-06-27 13:00:00+08:00,2120.0,2125.0,2110.0,2115.0,30235,0.0,0.0
2023-06-28 09:00:00+08:00,2135.0,2165.0,2115.0,2115.0,0,0.0,0.0
2023-06-28 10:00:00+08:00,2115.0,2130.0,2095.0,2120.0,54513,0.0,0.0
2023-06-28 11:00:00+08:00,2115.0,2120.0,2100.0,2110.0,25122,0.0,0.0
2023-06-28 12:00:00+08:00,2105.0,2105.0,2100.0,2100.0,20581,0.0,0.0
2023-06-28 13:00:00+08:00,2100.0,2105.0,2095.0,2100.0,39355,0.0,0.0
2023-06-29 09:00:00+08:00,2110.0,2230.0,2105.0,2200.0,0,20.49944,0.0
2023-06-29 10:00:00+08:00,2210.0,2210.0,2140.0,2140.0,100747,0.0,0.0
2023-06-29 11:00:00+08:00,2135.0,2160.0,2130.0,2150.0,36333,0.0,0.0
2023-06-29 12:00:00+08:00,2160.0,2175.0,2160.0,2170.0,37514,0.0,0.0
2023-06-29 13:00:00+08:00,2170.0,2175.0,2165.0,2170.0,41806,0.0,0.0
2023-06-30 09:00:00+08:00,2170.0,2215.0,2150.0,2200.0,0,0.0,0.0
2023-06-30 10:00:00+08:00,2205.0,2215.0,2205.0,2205.0,35911,0.0,0.0
2023-06-30 11:00:00+08:00,2210.0,2235.0,2210.0,2225.0,73875,0.0,0.0
2023-06-30 12:00:00+08:00,2215.0,2220.0,2215.0,2215.0,18441,0.0,0.0
2023-06-30 13:00:00+08:00,2220.0,2220.0,2210.0,2210.0,21508,0.0,0.0
2023-07-03 09:00:00+08:00,2255.0,2285.0,2235.0,2270.0,0,0.0,0.0
2023-07-03 10:00:00+08:00,2265.0,2270.0,2255.0,2260.0,56789,0.0,0.0
2023-07-03 11:00:00+08:00,2260.0,2265.0,2250.0,2265.0,27681,0.0,0.0
2023-07-03 12:00:00+08:00,2260.0,2260.0,2255.0,2255.0,25628,0.0,0.0
2023-07-03 13:00:00+08:00,2255.0,2255.0,2245.0,2255.0,32185,0.0,0.0
2023-07-04 09:00:00+08:00,2250.0,2295.0,2250.0,2270.0,0,0.0,0.0
2023-07-04 10:00:00+08:00,2270.0,2275.0,2255.0,2260.0,35475,0.0,0.0
2023-07-04 11:00:00+08:00,2255.0,2260.0,2245.0,2255.0,28467,0.0,0.0
2023-07-04 12:00:00+08:00,2255.0,2265.0,2250.0,2260.0,24211,0.0,0.0
2023-07-04 13:00:00+08:00,2260.0,2265.0,2255.0,2265.0,21309,0.0,0.0
2023-07-05 09:00:00+08:00,2235.0,2235.0,2120.0,2210.0,0,0.0,0.0
2023-07-05 10:00:00+08:00,2215.0,2220.0,2195.0,2220.0,23284,0.0,0.0
2023-07-05 11:00:00+08:00,2225.0,2235.0,2215.0,2235.0,37389,0.0,0.0
2023-07-05 12:00:00+08:00,2230.0,2230.0,2220.0,2225.0,32165,0.0,0.0
2023-07-05 13:00:00+08:00,2220.0,2230.0,2220.0,2225.0,28097,0.0,0.0
2023-07-06 09:00:00+08:00,2155.0,2225.0,2155.0,2220.0,0,0.0,0.0
2023-07-06 10:00:00+08:00,2225.0,2235.0,2195.0,2195.0,43280,0.0,0.0
2023-07-06 11:00:00+08:00,2190.0,2190.0,2165.0,2170.0,49880,0.0,0.0
2023-07-06 12:00:00+08:00,2170.0,2180.0,2170.0,2180.0,19065,0.0,0.0
2023-07-06 13:00:00+08:00,2180.0,2190.0,2175.0,2185.0,24825,0.0,0.0
2023-07-07 09:00:00+08:00,2145.0,2145.0,2105.0,2105.0,0,0.0,0.0
2023-07-07 10:00:00+08:00,2110.0,2120.0,2090.0,2115.0,70207,0.0,0.0
2023-07-07 11:00:00+08:00,2115.0,2115.0,2100.0,2105.0,28757,0.0,0.0
2023-07-07 12:00:00+08:00,2100.0,2100.0,2075.0,2075.0,77102,0.0,0.0
2023-07-07 13:00:00+08:00,2075.0,2100.0,2075.0,2100.0,48867,0.0,0.0
2023-07-10 09:00:00+08:00,2095.0,2125.0,2095.0,2125.0,0,0.0,0.0
2023-07-10 10:00:00+08:00,2120.0,2140.0,2115.0,2120.0,42307,0.0,0.0
2023-07-10 11:00:00+08:00,2115.0,2115.0,2085.0,2105.0,28294,0.0,0.0
2023-07-10 12:00:00+08:00,2105.0,2110.0,2100.0,2100.0,10120,0.0,0.0
2023-07-10 13:00:00+08:00,2105.0,2105.0,2090.0,2095.0,21317,0.0,0.0
2023-07-11 09:00:00+08:00,2135.0,2145.0,2075.0,2075.0,0,0.0,0.0
2023-07-11 10:00:00+08:00,2070.0,2080.0,2045.0,2075.0,94782,0.0,0.0
2023-07-11 11:00:00+08:00,2075.0,2080.0,2065.0,2065.0,23788,0.0,0.0
2023-07-11 12:00:00+08:00,2065.0,2065.0,2050.0,2060.0,40738,0.0,0.0
2023-07-11 13:00:00+08:00,2060.0,2070.0,2040.0,2040.0,39333,0.0,0.0
2023-07-12 09:00:00+08:00,2035.0,2060.0,2010.0,2020.0,0,0.0,0.0
2023-07-12 10:00:00+08:00,2015.0,2070.0,2010.0,2060.0,112906,0.0,0.0
2023-07-12 11:00:00+08:00,2060.0,2075.0,2055.0,2070.0,53833,0.0,0.0
2023-07-12 12:00:00+08:00,2075.0,2095.0,2075.0,2085.0,74805,0.0,0.0
2023-07-12 13:00:00+08:00,2085.0,2100.0,2080.0,2080.0,42483,0.0,0.0
2023-07-13 09:00:00+08:00,2140.0,2215.0,2130.0,2160.0,0,0.0,0.0
2023-07-13 10:00:00+08:00,2165.0,2175.0,2155.0,2165.0,40465,0.0,0.0
2023-07-13 11:00:00+08:00,2160.0,2185.0,2160.0,2180.0,49534,0.0,0.0
2023-07-13 12:00:00+08:00,2180.0,2185.0,2105.0,2125.0,98039,0.0,0.0
2023-07-13 13:00:00+08:00,2125.0,2125.0,2090.0,2090.0,42894,0.0,0.0
2023-07-14 09:00:00+08:00,2160.0,2195.0,2130.0,2185.0,0,0.0,0.0
2023-07-14 10:00:00+08:00,2185.0,2230.0,2180.0,2225.0,167023,0.0,0.0
2023-07-14 11:00:00+08:00,2225.0,2250.0,2225.0,2250.0,62974,0.0,0.0
2023-07-14 12:00:00+08:00,2250.0,2265.0,2230.0,2230.0,119500,0.0,0.0
2023-07-14 13:00:00+08:00,2235.0,2240.0,2230.0,2240.0,18750,0.0,0.0
2023-07-17 09:00:00+08:00,2235.0,2245.0,2150.0,2155.0,0,0.0,0.0
2023-07-17 10:00:00+08:00,2160.0,2170.0,2155.0,2165.0,56356,0.0,0.0
2023-07-17 11:00:00+08:00,2170.0,2175.0,2150.0,2155.0,41227,0.0,0.0
2023-07-17 12:00:00+08:00,2155.0,2170.0,2155.0,2165.0,22685,0.0,0.0
2023-07-17 13:00:00+08:00,2160.0,2160.0,2145.0,2150.0,31377,0.0,0.0
2023-07-18 09:00:00+08:00,2155.0,2190.0,2115.0,2125.0,143823,0.0,0.0
2023-07-18 10:00:00+08:00,2125.0,2135.0,2115.0,2135.0,36856,0.0,0.0
2023-07-18 11:00:00+08:00,2140.0,2145.0,2125.0,2125.0,20122,0.0,0.0
2023-07-18 12:00:00+08:00,2125.0,2125.0,2110.0,2125.0,31202,0.0,0.0
2023-07-18 13:00:00+08:00,2125.0,2125.0,2115.0,2120.0,26839,0.0,0.0
2023-07-19 09:00:00+08:00,2130.0,2160.0,2120.0,2140.0,136412,0.0,0.0
2023-07-19 10:00:00+08:00,2145.0,2145.0,2080.0,2085.0,210633,0.0,0.0
2023-07-19 11:00:00+08:00,2090.0,2090.0,2070.0,2075.0,83320,0.0,0.0
2023-07-19 12:00:00+08:00,2075.0,2075.0,2065.0,2070.0,50613,0.0,0.0
2023-07-19 13:00:00+08:00,2065.0,2065.0,2055.0,2055.0,47950,0.0,0.0
2023-07-20 09:00:00+08:00,2090.0,2090.0,2005.0,2020.0,160731,0.0,0.0
2023-07-20 10:00:00+08:00,2020.0,2065.0,1995.0,2055.0,132803,0.0,0.0
2023-07-20 11:00:00+08:00,2050.0,2070.0,2050.0,2055.0,48186,0.0,0.0
2023-07-20 12:00:00+08:00,2055.0,2070.0,2050.0,2065.0,42881,0.0,0.0
2023-07-20 13:00:00+08:00,2070.0,2075.0,2070.0,2070.0,17582,0.0,0.0
2023-07-21 09:00:00+08:00,2010.0,2045.0,1980.0,2010.0,237651,0.0,0.0
2023-07-21 10:00:00+08:00,2005.0,2065.0,2000.0,2055.0,171307,0.0,0.0
2023-07-21 11:00:00+08:00,2060.0,2070.0,2040.0,2050.0,109327,0.0,0.0
2023-07-21 12:00:00+08:00,2050.0,2060.0,2040.0,2050.0,90688,0.0,0.0
2023-07-21 13:00:00+08:00,2050.0,2055.0,2030.0,2040.0,68954,0.0,0.0
2023-07-24 09:00:00+08:00,2035.0,2035.0,1975.0,1990.0,0,0.0,0.0
2023-07-24 10:00:00+08:00,1995.0,1995.0,1945.0,1965.0,191218,0.0,0.0
2023-07-24 11:00:00+08:00,1970.0,1980.0,1950.0,1950.0,112235,0.0,0.0
2023-07-24 12:00:00+08:00,1950.0,1965.0,1950.0,1960.0,52422,0.0,0.0
2023-07-24 13:00:00+08:00,1965.0,1975.0,1960.0,1970.0,59030,0.0,0.0
2023-07-25 09:00:00+08:00,1980.0,1990.0,1940.0,1940.0,207146,0.0,0.0
2023-07-25 10:00:00+08:00,1940.0,1945.0,1905.0,1915.0,200440,0.0,0.0
2023-07-25 11:00:00+08:00,1910.0,1940.0,1910.0,1920.0,111457,0.0,0.0
2023-07-25 12:00:00+08:00,1930.0,1935.0,1915.0,1920.0,84002,0.0,0.0
2023-07-25 13:00:00+08:00,1925.0,1925.0,1900.0,1900.0,79028,0.0,0.0
2023-07-26 09:00:00+08:00,1930.0,1935.0,1870.0,1885.0,0,0.0,0.0
2023-07-26 10:00:00+08:00,1890.0,1910.0,1875.0,1900.0,68022,0.0,0.0
2023-07-26 11:00:00+08:00,1905.0,1905.0,1895.0,1895.0,15318,0.0,0.0
2023-07-26 12:00:00+08:00,1900.0,1900.0,1880.0,1880.0,80940,0.0,0.0
2023-07-26 13:00:00+08:00,1880.0,1890.0,1870.0,1875.0,39948,0.0,0.0
2023-07-27 09:00:00+08:00,1880.0,1925.0,1875.0,1895.0,176734,0.0,0.0
2023-07-27 10:00:00+08:00,1890.0,1910.0,1890.0,1895.0,59813,0.0,0.0
2023-07-27 11:00:00+08:00,1890.0,1910.0,1890.0,1910.0,55586,0.0,0.0
2023-07-27 12:00:00+08:00,1900.0,1915.0,1900.0,1905.0,58180,0.0,0.0
2023-07-27 13:00:00+08:00,1910.0,1910.0,1895.0,1905.0,18672,0.0,0.0
2023-07-28 09:00:00+08:00,1915.0,1915.0,1875.0,1900.0,73721,0.0,0.0
2023-07-28 10:00:00+08:00,1895.0,1905.0,1880.0,1900.0,51684,0.0,0.0
2023-07-28 11:00:00+08:00,1900.0,1905.0,1890.0,1895.0,27316,0.0,0.0
2023-07-28 12:00:00+08:00,1895.0,1910.0,1895.0,1910.0,42149,0.0,0.0
2023-07-28 13:00:00+08:00,1905.0,1920.0,1905.0,1920.0,50452,0.0,0.0
2023-07-31 09:00:00+08:00,1935.0,1935.0,1860.0,1905.0,0,0.0,0.0
2023-07-31 10:00:00+08:00,1905.0,1910.0,1890.0,1890.0,23066,0.0,0.0
2023-07-31 11:00:00+08:00,1890.0,1890.0,1835.0,1855.0,83465,0.0,0.0
2023-07-31 12:00:00+08:00,1850.0,1855.0,1845.0,1850.0,38909,0.0,0.0
2023-07-31 13:00:00+08:00,1850.0,1855.0,1840.0,1845.0,34419,0.0,0.0
2023-08-01 09:00:00+08:00,1855.0,1890.0,1850.0,1860.0,87577,0.0,0.0
2023-08-01 10:00:00+08:00,1860.0,1860.0,1815.0,1815.0,69829,0.0,0.0
2023-08-01 11:00:00+08:00,1820.0,1830.0,1805.0,1820.0,59660,0.0,0.0
2023-08-01 12:00:00+08:00,1825.0,1835.0,1815.0,1835.0,37612,0.0,0.0
2023-08-01 13:00:00+08:00,1825.0,1835.0,1825.0,1835.0,18640,0.0,0.0
2023-08-02 09:00:00+08:00,1840.0,1855.0,1810.0,1820.0,70930,0.0,0.0
2023-08-02 10:00:00+08:00,1815.0,1830.0,1775.0,1795.0,103330,0.0,0.0
2023-08-02 11:00:00+08:00,1785.0,1790.0,1745.0,1755.0,116847,0.0,0.0
2023-08-02 12:00:00+08:00,1755.0,1760.0,1710.0,1745.0,106587,0.0,0.0
2023-08-02 13:00:00+08:00,1755.0,1755.0,1720.0,1750.0,62655,0.0,0.0
2023-08-04 09:00:00+08:00,1745.0,1745.0,1685.0,1690.0,0,0.0,0.0
2023-08-04 10:00:00+08:00,1695.0,1745.0,1695.0,1745.0,124587,0.0,0.0
2023-08-04 11:00:00+08:00,1750.0,1760.0,1730.0,1730.0,60087,0.0,0.0
2023-08-04 12:00:00+08:00,1730.0,1760.0,1720.0,1720.0,88045,0.0,0.0
2023-08-04 13:00:00+08:00,1720.0,1730.0,1720.0,1730.0,19563,0.0,0.0
2023-08-07 09:00:00+08:00,1740.0,1760.0,1695.0,1705.0,100716,0.0,0.0
2023-08-07 10:00:00+08:00,1710.0,1735.0,1700.0,1720.0,92284,0.0,0.0
2023-08-07 11:00:00+08:00,1730.0,1750.0,1715.0,1740.0,121221,0.0,0.0
2023-08-07 12:00:00+08:00,1740.0,1750.0,1735.0,1735.0,51702,0.0,0.0
2023-08-07 13:00:00+08:00,1735.0,1745.0,1730.0,1730.0,22699,0.0,0.0
2023-08-08 09:00:00+08:00,1730.0,1810.0,1730.0,1760.0,229639,0.0,0.0
2023-08-08 10:00:00+08:00,1760.0,1780.0,1755.0,1770.0,70147,0.0,0.0
2023-08-08 11:00:00+08:00,1760.0,1760.0,1745.0,1755.0,81985,0.0,0.0
2023-08-08 12:00:00+08:00,1755.0,1760.0,1745.0,1755.0,50227,0.0,0.0
2023-08-08 13:00:00+08:00,1750.0,1755.0,1740.0,1740.0,33565,0.0,0.0
2023-08-09 09:00:00+08:00,1740.0,1775.0,1720.0,1775.0,117957,0.0,0.0
2023-08-09 10:00:00+08:00,1780.0,1840.0,1780.0,1825.0,225643,0.0,0.0
2023-08-09 11:00:00+08:00,1830.0,1880.0,1825.0,1865.0,180574,0.0,0.0
2023-08-09 12:00:00+08:00,1865.0,1875.0,1840.0,1845.0,89863,0.0,0.0
2023-08-09 13:00:00+08:00,1845.0,1850.0,1825.0,1825.0,55286,0.0,0.0
2023-08-10 09:00:00+08:00,1835.0,1915.0,1820.0,1840.0,509658,0.0,0.0
2023-08-10 10:00:00+08:00,1840.0,1855.0,1780.0,1810.0,248360,0.0,0.0
2023-08-10 11:00:00+08:00,1810.0,1845.0,1810.0,1845.0,90432,0.0,0.0
2023-08-10 12:00:00+08:00,1845.0,1865.0,1845.0,1855.0,162360,0.0,0.0
2023-08-10 13:00:00+08:00,1860.0,1860.0,1840.0,1850.0,73978,0.0,0.0
2023-08-11 09:00:00+08:00,1880.0,1960.0,1880.0,1945.0,414176,0.0,0.0
2023-08-11 10:00:00+08:00,1940.0,1965.0,1935.0,1940.0,169154,0.0,0.0
2023-08-11 11:00:00+08:00,1945.0,1945.0,1935.0,1945.0,92313,0.0,0.0
2023-08-11 12:00:00+08:00,1945.0,1950.0,1940.0,1945.0,58712,0.0,0.0
2023-08-11 13:00:00+08:00,1945.0,1955.0,1945.0,1950.0,68691,0.0,0.0
2023-08-14 09:00:00+08:00,1945.0,1945.0,1845.0,1845.0,215613,0.0,0.0
2023-08-14 10:00:00+08:00,1850.0,1860.0,1820.0,1850.0,134441,0.0,0.0
2023-08-14 11:00:00+08:00,1850.0,1850.0,1835.0,1840.0,54690,0.0,0.0
2023-08-14 12:00:00+08:00,1845.0,1855.0,1835.0,1845.0,41587,0.0,0.0
2023-08-14 13:00:00+08:00,1840.0,1840.0,1815.0,1820.0,72345,0.0,0.0
2023-08-15 09:00:00+08:00,1860.0,1885.0,1805.0,1810.0,187900,0.0,0.0
2023-08-15 10:00:00+08:00,1810.0,1810.0,1760.0,1775.0,184507,0.0,0.0
2023-08-15 11:00:00+08:00,1780.0,1805.0,1780.0,1805.0,73364,0.0,0.0
2023-08-15 12:00:00+08:00,1805.0,1840.0,1805.0,1830.0,114575,0.0,0.0
2023-08-15 13:00:00+08:00,1830.0,1840.0,1825.0,1840.0,37241,0.0,0.0
2023-08-16 09:00:00+08:00,1795.0,1825.0,1785.0,1805.0,139453,0.0,0.0
2023-08-16 10:00:00+08:00,1805.0,1810.0,1780.0,1780.0,73540,0.0,0.0
2023-08-16 11:00:00+08:00,1775.0,1780.0,1770.0,1780.0,62132,0.0,0.0
2023-08-16 12:00:00+08:00,1775.0,1780.0,1770.0,1775.0,31919,0.0,0.0
2023-08-16 13:00:00+08:00,1775.0,1775.0,1760.0,1765.0,58661,0.0,0.0
2023-08-17 09:00:00+08:00,1745.0,1830.0,1745.0,1830.0,187659,0.0,0.0
2023-08-17 10:00:00+08:00,1830.0,1845.0,1810.0,1810.0,112613,0.0,0.0
2023-08-17 11:00:00+08:00,1815.0,1815.0,1800.0,1810.0,27113,0.0,0.0
2023-08-17 12:00:00+08:00,1805.0,1815.0,1800.0,1815.0,23264,0.0,0.0
2023-08-17 13:00:00+08:00,1815.0,1820.0,1795.0,1810.0,56495,0.0,0.0
2023-08-18 09:00:00+08:00,1790.0,1835.0,1790.0,1820.0,96932,0.0,0.0
2023-08-18 10:00:00+08:00,1825.0,1830.0,1815.0,1830.0,53647,0.0,0.0
2023-08-18 11:00:00+08:00,1830.0,1840.0,1825.0,1830.0,36186,0.0,0.0
2023-08-18 12:00:00+08:00,1830.0,1830.0,1805.0,1810.0,67615,0.0,0.0
2023-08-18 13:00:00+08:00,1810.0,1825.0,1810.0,1825.0,29039,0.0,0.0
2023-08-21 09:00:00+08:00,1830.0,1845.0,1750.0,1755.0,0,0.0,0.0
2023-08-21 10:00:00+08:00,1755.0,1765.0,1735.0,1750.0,98569,0.0,0.0
2023-08-21 11:00:00+08:00,1750.0,1750.0,1715.0,1735.0,122202,0.0,0.0
2023-08-21 12:00:00+08:00,1735.0,1740.0,1730.0,1735.0,34796,0.0,0.0
2023-08-21 13:00:00+08:00,1735.0,1735.0,1725.0,1735.0,39985,0.0,0.0
2023-08-22 09:00:00+08:00,1780.0,1780.0,1730.0,1740.0,115975,0.0,0.0
2023-08-22 10:00:00+08:00,1740.0,1745.0,1725.0,1730.0,61803,0.0,0.0
2023-08-22 11:00:00+08:00,1735.0,1745.0,1730.0,1735.0,27366,0.0,0.0
2023-08-22 12:00:00+08:00,1735.0,1745.0,1730.0,1745.0,36390,0.0,0.0
2023-08-22 13:00:00+08:00,1740.0,1745.0,1740.0,1745.0,25639,0.0,0.0
2023-08-23 09:00:00+08:00,1740.0,1755.0,1710.0,1710.0,61948,0.0,0.0
2023-08-23 10:00:00+08:00,1715.0,1720.0,1705.0,1720.0,109196,0.0,0.0
2023-08-23 11:00:00+08:00,1720.0,1720.0,1700.0,1700.0,68493,0.0,0.0
2023-08-23 12:00:00+08:00,1700.0,1710.0,1695.0,1700.0,68981,0.0,0.0
2023-08-23 13:00:00+08:00,1705.0,1715.0,1700.0,1710.0,24141,0.0,0.0
2023-08-24 09:00:00+08:00,1760.0,1800.0,1750.0,1790.0,0,0.0,0.0
2023-08-24 10:00:00+08:00,1795.0,1820.0,1790.0,1815.0,188713,0.0,0.0
2023-08-24 11:00:00+08:00,1815.0,1815.0,1780.0,1795.0,108407,0.0,0.0
2023-08-24 12:00:00+08:00,1795.0,1805.0,1790.0,1795.0,86448,0.0,0.0
2023-08-24 13:00:00+08:00,1795.0,1805.0,1790.0,1795.0,48813,0.0,0.0
2023-08-25 09:00:00+08:00,1750.0,1780.0,1750.0,1780.0,69908,0.0,0.0
2023-08-25 10:00:00+08:00,1775.0,1785.0,1765.0,1770.0,20449,0.0,0.0
2023-08-25 11:00:00+08:00,1750.0,1760.0,1750.0,1760.0,33185,0.0,0.0
2023-08-25 12:00:00+08:00,1760.0,1760.0,1755.0,1755.0,11511,0.0,0.0
2023-08-25 13:00:00+08:00,1750.0,1760.0,1745.0,1760.0,24263,0.0,0.0
2023-08-28 09:00:00+08:00,1770.0,1770.0,1730.0,1750.0,0,0.0,0.0
2023-08-28 10:00:00+08:00,1755.0,1785.0,1755.0,1780.0,65344,0.0,0.0
2023-08-28 11:00:00+08:00,1780.0,1790.0,1770.0,1770.0,36633,0.0,0.0
2023-08-28 12:00:00+08:00,1770.0,1795.0,1770.0,1775.0,41208,0.0,0.0
2023-08-28 13:00:00+08:00,1780.0,1785.0,1775.0,1775.0,13202,0.0,0.0
2023-08-29 09:00:00+08:00,1800.0,1800.0,1730.0,1735.0,136677,0.0,0.0
2023-08-29 10:00:00+08:00,1735.0,1760.0,1735.0,1755.0,55240,0.0,0.0
2023-08-29 11:00:00+08:00,1760.0,1780.0,1760.0,1770.0,60122,0.0,0.0
2023-08-29 12:00:00+08:00,1770.0,1790.0,1770.0,1790.0,50190,0.0,0.0
2023-08-29 13:00:00+08:00,1785.0,1805.0,1785.0,1795.0,80289,0.0,0.0
2023-08-30 09:00:00+08:00,1805.0,1815.0,1780.0,1810.0,348686,0.0,0.0
2023-08-30 10:00:00+08:00,1815.0,1845.0,1810.0,1815.0,190700,0.0,0.0
2023-08-30 11:00:00+08:00,1815.0,1815.0,1805.0,1810.0,33585,0.0,0.0
2023-08-30 12:00:00+08:00,1815.0,1815.0,1795.0,1800.0,85690,0.0,0.0
2023-08-30 13:00:00+08:00,1800.0,1800.0,1785.0,1785.0,58894,0.0,0.0
2023-08-31 09:00:00+08:00,1790.0,1800.0,1765.0,1775.0,0,0.0,0.0
2023-08-31 10:00:00+08:00,1775.0,1780.0,1750.0,1780.0,53749,0.0,0.0
2023-08-31 11:00:00+08:00,1780.0,1805.0,1780.0,1785.0,48975,0.0,0.0
2023-08-31 12:00:00+08:00,1790.0,1810.0,1790.0,1805.0,49552,0.0,0.0
2023-08-31 13:00:00+08:00,1805.0,1810.0,1795.0,1805.0,37254,0.0,0.0
2023-09-01 09:00:00+08:00,1830.0,1885.0,1830.0,1880.0,0,0.0,0.0
2023-09-01 10:00:00+08:00,1880.0,1920.0,1875.0,1900.0,239645,0.0,0.0
2023-09-01 11:00:00+08:00,1905.0,1915.0,1905.0,1910.0,42922,0.0,0.0
2023-09-01 12:00:00+08:00,1910.0,1910.0,1895.0,1895.0,72580,0.0,0.0
2023-09-01 13:00:00+08:00,1895.0,1895.0,1880.0,1880.0,60502,0.0,0.0
2023-09-04 09:00:00+08:00,1890.0,1915.0,1860.0,1865.0,0,0.0,0.0
2023-09-04 10:00:00+08:00,1870.0,1885.0,1855.0,1860.0,61512,0.0,0.0
2023-09-04 11:00:00+08:00,1855.0,1865.0,1850.0,1855.0,35520,0.0,0.0
2023-09-04 12:00:00+08:00,1855.0,1855.0,1850.0,1855.0,26525,0.0,0.0
2023-09-04 13:00:00+08:00,1860.0,1860.0,1840.0,1860.0,48876,0.0,0.0
2023-09-05 09:00:00+08:00,1855.0,1900.0,1855.0,1885.0,0,0.0,0.0
2023-09-05 10:00:00+08:00,1885.0,1885.0,1865.0,1885.0,61358,0.0,0.0
2023-09-05 11:00:00+08:00,1885.0,1885.0,1870.0,1875.0,22239,0.0,0.0
2023-09-05 12:00:00+08:00,1880.0,1900.0,1880.0,1890.0,46488,0.0,0.0
2023-09-05 13:00:00+08:00,1895.0,1895.0,1890.0,1895.0,25206,0.0,0.0
2023-09-06 09:00:00+08:00,1900.0,1940.0,1895.0,1910.0,0,0.0,0.0
2023-09-06 10:00:00+08:00,1915.0,1930.0,1905.0,1920.0,43332,0.0,0.0
2023-09-06 11:00:00+08:00,1920.0,1930.0,1910.0,1910.0,55157,0.0,0.0
2023-09-06 12:00:00+08:00,1910.0,1915.0,1910.0,1910.0,27608,0.0,0.0
2023-09-06 13:00:00+08:00,1910.0,1910.0,1895.0,1895.0,42316,0.0,0.0
2023-09-07 09:00:00+08:00,1900.0,1900.0,1860.0,1875.0,0,0.0,0.0
2023-09-07 10:00:00+08:00,1875.0,1875.0,1850.0,1870.0,54881,0.0,0.0
2023-09-07 11:00:00+08:00,1870.0,1875.0,1870.0,1875.0,14432,0.0,0.0
2023-09-07 12:00:00+08:00,1875.0,1885.0,1870.0,1880.0,31161,0.0,0.0
2023-09-07 13:00:00+08:00,1880.0,1890.0,1875.0,1890.0,32188,0.0,0.0
2023-09-08 09:00:00+08:00,1875.0,1880.0,1850.0,1870.0,0,0.0,0.0
2023-09-08 10:00:00+08:00,1865.0,1870.0,1855.0,1865.0,15898,0.0,0.0
2023-09-08 11:00:00+08:00,1855.0,1860.0,1840.0,1845.0,56441,0.0,0.0
2023-09-08 12:00:00+08:00,1845.0,1850.0,1830.0,1840.0,58837,0.0,0.0
2023-09-08 13:00:00+08:00,1840.0,1840.0,1830.0,1835.0,24820,0.0,0.0
2023-09-11 09:00:00+08:00,1845.0,1845.0,1815.0,1830.0,0,0.0,0.0
2023-09-11 10:00:00+08:00,1830.0,1840.0,1830.0,1835.0,22235,0.0,0.0
2023-09-11 11:00:00+08:00,1830.0,1835.0,1825.0,1835.0,34158,0.0,0.0
2023-09-11 12:00:00+08:00,1830.0,1830.0,1825.0,1825.0,14155,0.0,0.0
2023-09-11 13:00:00+08:00,1825.0,1830.0,1825.0,1830.0,33404,0.0,0.0
2023-09-12 09:00:00+08:00,1850.0,1895.0,1835.0,1895.0,0,0.0,0.0
2023-09-12 10:00:00+08:00,1895.0,1910.0,1890.0,1890.0,117158,0.0,0.0
2023-09-12 11:00:00+08:00,1890.0,1900.0,1885.0,1900.0,34975,0.0,0.0
2023-09-12 12:00:00+08:00,1900.0,1900.0,1880.0,1885.0,55457,0.0,0.0
2023-09-12 13:00:00+08:00,1885.0,1895.0,1875.0,1880.0,40229,0.0,0.0
2023-09-13 09:00:00+08:00,1880.0,2020.0,1880.0,2015.0,314960,0.0,0.0
2023-09-13 10:00:00+08:00,2010.0,2030.0,1990.0,2025.0,255317,0.0,0.0
2023-09-13 11:00:00+08:00,2025.0,2035.0,2010.0,2030.0,130916,0.0,0.0
2023-09-13 12:00:00+08:00,2030.0,2060.0,2020.0,2040.0,228789,0.0,0.0
2023-09-13 13:00:00+08:00,2050.0,2055.0,2040.0,2050.0,72018,0.0,0.0
2023-09-14 09:00:00+08:00,2060.0,2160.0,2060.0,2155.0,0,0.0,0.0
2023-09-14 10:00:00+08:00,2150.0,2185.0,2130.0,2175.0,291327,0.0,0.0
2023-09-14 11:00:00+08:00,2180.0,2190.0,2120.0,2165.0,217785,0.0,0.0
2023-09-14 12:00:00+08:00,2165.0,2180.0,2160.0,2175.0,125778,0.0,0.0
2023-09-14 13:00:00+08:00,2180.0,2200.0,2170.0,2200.0,130237,0.0,0.0
2023-09-15 09:00:00+08:00,2205.0,2225.0,2140.0,2185.0,0,0.0,0.0
2023-09-15 10:00:00+08:00,2185.0,2185.0,2130.0,2135.0,135951,0.0,0.0
2023-09-15 11:00:00+08:00,2135.0,2135.0,2105.0,2110.0,149276,0.0,0.0
2023-09-15 12:00:00+08:00,2110.0,2130.0,2100.0,2125.0,129550,0.0,0.0
2023-09-15 13:00:00+08:00,2130.0,2130.0,2115.0,2120.0,63036,0.0,0.0
2023-09-18 09:00:00+08:00,2115.0,2205.0,2110.0,2205.0,0,0.0,0.0
2023-09-18 10:00:00+08:00,2210.0,2210.0,2165.0,2170.0,127886,0.0,0.0
2023-09-18 11:00:00+08:00,2170.0,2190.0,2165.0,2180.0,67971,0.0,0.0
2023-09-18 12:00:00+08:00,2175.0,2195.0,2175.0,2190.0,73502,0.0,0.0
2023-09-18 13:00:00+08:00,2195.0,2195.0,2185.0,2190.0,60069,0.0,0.0
2023-09-19 09:00:00+08:00,2200.0,2230.0,2180.0,2210.0,327368,0.0,0.0
2023-09-19 10:00:00+08:00,2210.0,2260.0,2170.0,2170.0,370162,0.0,0.0
2023-09-19 11:00:00+08:00,2175.0,2185.0,2155.0,2165.0,117697,0.0,0.0
2023-09-19 12:00:00+08:00,2165.0,2175.0,2155.0,2160.0,113505,0.0,0.0
2023-09-19 13:00:00+08:00,2165.0,2165.0,2150.0,2160.0,68548,0.0,0.0
2023-09-20 09:00:00+08:00,2155.0,2175.0,2090.0,2090.0,0,0.0,0.0
2023-09-20 10:00:00+08:00,2095.0,2105.0,2085.0,2085.0,119197,0.0,0.0
2023-09-20 11:00:00+08:00,2085.0,2105.0,2080.0,2095.0,93004,0.0,0.0
2023-09-20 12:00:00+08:00,2100.0,2110.0,2090.0,2105.0,113365,0.0,0.0
2023-09-20 13:00:00+08:00,2105.0,2130.0,2105.0,2130.0,63860,0.0,0.0
2023-09-21 09:00:00+08:00,2070.0,2080.0,1990.0,1995.0,0,0.0,0.0
2023-09-21 10:00:00+08:00,1995.0,1995.0,1960.0,1975.0,243050,0.0,0.0
2023-09-21 11:00:00+08:00,1970.0,2000.0,1970.0,1995.0,160265,0.0,0.0
2023-09-21 12:00:00+08:00,1995.0,1995.0,1970.0,1975.0,146412,0.0,0.0
2023-09-21 13:00:00+08:00,1980.0,1980.0,1970.0,1975.0,68916,0.0,0.0
2023-09-22 09:00:00+08:00,1940.0,2060.0,1940.0,2040.0,0,0.0,0.0
2023-09-22 10:00:00+08:00,2045.0,2165.0,2040.0,2130.0,501436,0.0,0.0
2023-09-22 11:00:00+08:00,2130.0,2160.0,2125.0,2150.0,110127,0.0,0.0
2023-09-22 12:00:00+08:00,2150.0,2165.0,2145.0,2155.0,59467,0.0,0.0
2023-09-22 13:00:00+08:00,2160.0,2165.0,2155.0,2165.0,92357,0.0,0.0
2023-09-25 09:00:00+08:00,2145.0,2195.0,2135.0,2155.0,386192,0.0,0.0
2023-09-25 10:00:00+08:00,2150.0,2185.0,2150.0,2165.0,108620,0.0,0.0
2023-09-25 11:00:00+08:00,2160.0,2160.0,2130.0,2135.0,44453,0.0,0.0
2023-09-25 12:00:00+08:00,2135.0,2135.0,2110.0,2120.0,67591,0.0,0.0
2023-09-25 13:00:00+08:00,2120.0,2125.0,2105.0,2115.0,61533,0.0,0.0
2023-09-26 09:00:00+08:00,2090.0,2105.0,2065.0,2065.0,0,0.0,0.0
2023-09-26 10:00:00+08:00,2065.0,2065.0,2035.0,2040.0,119436,0.0,0.0
2023-09-26 11:00:00+08:00,2040.0,2040.0,2025.0,2025.0,74886,0.0,0.0
2023-09-26 12:00:00+08:00,2025.0,2040.0,2020.0,2030.0,96771,0.0,0.0
2023-09-26 13:00:00+08:00,2030.0,2045.0,2025.0,2035.0,42228,0.0,0.0
2023-09-27 09:00:00+08:00,1995.0,2070.0,1980.0,1990.0,0,0.0,0.0
2023-09-27 10:00:00+08:00,1985.0,1990.0,1965.0,1975.0,160730,0.0,0.0
2023-09-27 11:00:00+08:00,1975.0,1980.0,1965.0,1965.0,102733,0.0,0.0
2023-09-27 12:00:00+08:00,1970.0,1980.0,1960.0,1980.0,101189,0.0,0.0
2023-09-27 13:00:00+08:00,1980.0,1990.0,1970.0,1980.0,91657,0.0,0.0
2023-09-28 09:00:00+08:00,2005.0,2095.0,2000.0,2080.0,0,0.0,0.0
2023-09-28 10:00:00+08:00,2080.0,2080.0,2025.0,2030.0,126342,0.0,0.0
2023-09-28 11:00:00+08:00,2025.0,2040.0,2020.0,2025.0,65297,0.0,0.0
2023-09-28 12:00:00+08:00,2025.0,2030.0,2010.0,2030.0,94666,0.0,0.0
2023-09-28 13:00:00+08:00,2035.0,2035.0,2010.0,2010.0,53149,0.0,0.0
2023-10-02 09:00:00+08:00,2055.0,2120.0,2040.0,2100.0,0,0.0,0.0
2023-10-02 10:00:00+08:00,2100.0,2120.0,2075.0,2100.0,152188,0.0,0.0
2023-10-02 11:00:00+08:00,2105.0,2115.0,2095.0,2105.0,103868,0.0,0.0
2023-10-02 12:00:00+08:00,2100.0,2115.0,2100.0,2115.0,85358,0.0,0.0
2023-10-02 13:00:00+08:00,2110.0,2115.0,2105.0,2115.0,52951,0.0,0.0
2023-10-03 09:00:00+08:00,2095.0,2285.0,2095.0,2275.0,131114,0.0,0.0
2023-10-03 10:00:00+08:00,2280.0,2285.0,2190.0,2195.0,391499,0.0,0.0
2023-10-03 11:00:00+08:00,2195.0,2215.0,2190.0,2195.0,158736,0.0,0.0
2023-10-03 12:00:00+08:00,2200.0,2200.0,2150.0,2150.0,233311,0.0,0.0
2023-10-03 13:00:00+08:00,2150.0,2155.0,2140.0,2145.0,94365,0.0,0.0
2023-10-04 09:00:00+08:00,2100.0,2140.0,2080.0,2115.0,0,0.0,0.0
2023-10-04 10:00:00+08:00,2110.0,2145.0,2110.0,2125.0,128438,0.0,0.0
2023-10-04 11:00:00+08:00,2130.0,2135.0,2120.0,2120.0,38178,0.0,0.0
2023-10-04 12:00:00+08:00,2125.0,2145.0,2115.0,2140.0,75616,0.0,0.0
2023-10-04 13:00:00+08:00,2140.0,2145.0,2130.0,2140.0,49151,0.0,0.0
2023-10-05 09:00:00+08:00,2165.0,2190.0,2115.0,2170.0,0,0.0,0.0
2023-10-05 10:00:00+08:00,2170.0,2175.0,2145.0,2160.0,147802,0.0,0.0
2023-10-05 11:00:00+08:00,2150.0,2160.0,2150.0,2155.0,40717,0.0,0.0
2023-10-05 12:00:00+08:00,2150.0,2160.0,2135.0,2150.0,128984,0.0,0.0
2023-10-05 13:00:00+08:00,2150.0,2165.0,2145.0,2150.0,78343,0.0,0.0
2023-10-06 09:00:00+08:00,2180.0,2190.0,2100.0,2115.0,0,0.0,0.0
2023-10-06 10:00:00+08:00,2110.0,2125.0,2080.0,2125.0,102635,0.0,0.0
2023-10-06 11:00:00+08:00,2115.0,2145.0,2115.0,2140.0,84326,0.0,0.0
2023-10-06 12:00:00+08:00,2140.0,2150.0,2135.0,2145.0,63439,0.0,0.0
2023-10-06 13:00:00+08:00,2150.0,2160.0,2145.0,2160.0,64327,0.0,0.0
2023-10-11 09:00:00+08:00,2200.0,2250.0,2180.0,2210.0,0,0.0,0.0
2023-10-11 10:00:00+08:00,2210.0,2240.0,2200.0,2230.0,203666,0.0,0.0
2023-10-11 11:00:00+08:00,2225.0,2260.0,2225.0,2255.0,204215,0.0,0.0
2023-10-11 12:00:00+08:00,2250.0,2255.0,2240.0,2240.0,102374,0.0,0.0
2023-10-11 13:00:00+08:00,2245.0,2250.0,2235.0,2240.0,61873,0.0,0.0
2023-10-12 09:00:00+08:00,2240.0,2280.0,2220.0,2240.0,274542,0.0,0.0
2023-10-12 10:00:00+08:00,2245.0,2290.0,2245.0,2285.0,179132,0.0,0.0
2023-10-12 11:00:00+08:00,2285.0,2295.0,2275.0,2295.0,119045,0.0,0.0
2023-10-12 12:00:00+08:00,2295.0,2310.0,2290.0,2300.0,168902,0.0,0.0
2023-10-12 13:00:00+08:00,2300.0,2310.0,2300.0,2310.0,82579,0.0,0.0
2023-10-13 09:00:00+08:00,2300.0,2325.0,2275.0,2295.0,0,0.0,0.0
2023-10-13 10:00:00+08:00,2300.0,2300.0,2235.0,2255.0,222287,0.0,0.0
2023-10-13 11:00:00+08:00,2245.0,2300.0,2245.0,2300.0,107606,0.0,0.0
2023-10-13 12:00:00+08:00,2300.0,2320.0,2295.0,2310.0,109119,0.0,0.0
2023-10-13 13:00:00+08:00,2305.0,2320.0,2300.0,2315.0,57301,0.0,0.0
2023-10-16 09:00:00+08:00,2295.0,2295.0,2195.0,2295.0,0,0.0,0.0
2023-10-16 10:00:00+08:00,2295.0,2300.0,2260.0,2275.0,91874,0.0,0.0
2023-10-16 11:00:00+08:00,2275.0,2290.0,2270.0,2270.0,36255,0.0,0.0
2023-10-16 12:00:00+08:00,2265.0,2285.0,2265.0,2265.0,0,0.0,0.0
2023-10-16 13:00:00+08:00,2265.0,2270.0,2255.0,2255.0,620417,0.0,0.0
2023-10-17 09:00:00+08:00,2305.0,2360.0,2305.0,2335.0,0,0.0,0.0
2023-10-17 10:00:00+08:00,2335.0,2380.0,2315.0,2320.0,298469,0.0,0.0
2023-10-17 11:00:00+08:00,2320.0,2340.0,2305.0,2320.0,118924,0.0,0.0
2023-10-17 12:00:00+08:00,2320.0,2320.0,2280.0,2290.0,100771,0.0,0.0
2023-10-17 13:00:00+08:00,2285.0,2295.0,2280.0,2290.0,63972,0.0,0.0
2023-10-18 09:00:00+08:00,2310.0,2335.0,2220.0,2225.0,0,0.0,0.0
2023-10-18 10:00:00+08:00,2235.0,2255.0,2210.0,2230.0,78404,0.0,0.0
2023-10-18 11:00:00+08:00,2230.0,2265.0,2220.0,2255.0,51492,0.0,0.0
2023-10-18 12:00:00+08:00,2255.0,2295.0,2240.0,2285.0,110470,0.0,0.0
2023-10-18 13:00:00+08:00,2285.0,2295.0,2275.0,2295.0,87951,0.0,0.0
2023-10-19 09:00:00+08:00,2270.0,2385.0,2270.0,2360.0,0,0.0,0.0
2023-10-19 10:00:00+08:00,2360.0,2385.0,2355.0,2365.0,0,0.0,0.0
2023-10-19 11:00:00+08:00,2360.0,2360.0,2320.0,2330.0,610250,0.0,0.0
2023-10-19 12:00:00+08:00,2330.0,2370.0,2325.0,2360.0,95920,0.0,0.0
2023-10-19 13:00:00+08:00,2355.0,2375.0,2355.0,2370.0,74885,0.0,0.0
2023-10-20 09:00:00+08:00,2355.0,2395.0,2280.0,2310.0,0,0.0,0.0
2023-10-20 10:00:00+08:00,2310.0,2335.0,2300.0,2335.0,86885,0.0,0.0
2023-10-20 11:00:00+08:00,2335.0,2335.0,2305.0,2305.0,76342,0.0,0.0
2023-10-20 12:00:00+08:00,2305.0,2315.0,2305.0,2310.0,48267,0.0,0.0
2023-10-20 13:00:00+08:00,2310.0,2310.0,2295.0,2305.0,186963,0.0,0.0
2023-10-23 09:00:00+08:00,2285.0,2300.0,2225.0,2250.0,0,0.0,0.0
2023-10-23 10:00:00+08:00,2255.0,2260.0,2235.0,2240.0,66772,0.0,0.0
2023-10-23 11:00:00+08:00,2240.0,2255.0,2235.0,2240.0,45532,0.0,0.0
2023-10-23 12:00:00+08:00,2240.0,2245.0,2225.0,2225.0,67047,0.0,0.0
2023-10-23 13:00:00+08:00,2220.0,2225.0,2190.0,2205.0,132212,0.0,0.0
2023-10-24 09:00:00+08:00,2265.0,2265.0,2190.0,2225.0,214413,0.0,0.0
2023-10-24 10:00:00+08:00,2220.0,2230.0,2220.0,2230.0,62585,0.0,0.0
2023-10-24 11:00:00+08:00,2230.0,2230.0,2215.0,2220.0,56550,0.0,0.0
2023-10-24 12:00:00+08:00,2225.0,2240.0,2215.0,2240.0,67485,0.0,0.0
2023-10-24 13:00:00+08:00,2240.0,2265.0,2240.0,2265.0,82480,0.0,0.0
2023-10-25 09:00:00+08:00,2285.0,2370.0,2280.0,2350.0,0,0.0,0.0
2023-10-25 10:00:00+08:00,2345.0,2365.0,2335.0,2335.0,36607,0.0,0.0
2023-10-25 11:00:00+08:00,2340.0,2345.0,2325.0,2330.0,29529,0.0,0.0
2023-10-25 12:00:00+08:00,2330.0,2330.0,2315.0,2315.0,26206,0.0,0.0
2023-10-25 13:00:00+08:00,2310.0,2320.0,2305.0,2320.0,31148,0.0,0.0
2023-10-26 09:00:00+08:00,2240.0,2270.0,2180.0,2215.0,0,0.0,0.0
2023-10-26 10:00:00+08:00,2215.0,2215.0,2185.0,2190.0,121771,0.0,0.0
2023-10-26 11:00:00+08:00,2190.0,2190.0,2155.0,2160.0,108674,0.0,0.0
2023-10-26 12:00:00+08:00,2165.0,2165.0,2120.0,2120.0,175225,0.0,0.0
2023-10-26 13:00:00+08:00,2120.0,2130.0,2110.0,2110.0,108968,0.0,0.0
2023-10-27 09:00:00+08:00,2160.0,2190.0,2125.0,2125.0,0,0.0,0.0
2023-10-27 10:00:00+08:00,2125.0,2170.0,2125.0,2160.0,74039,0.0,0.0
2023-10-27 11:00:00+08:00,2150.0,2180.0,2145.0,2150.0,62242,0.0,0.0
2023-10-27 12:00:00+08:00,2145.0,2145.0,2130.0,2130.0,33321,0.0,0.0
2023-10-27 13:00:00+08:00,2125.0,2135.0,2125.0,2125.0,50773,0.0,0.0
2023-10-30 09:00:00+08:00,2165.0,2185.0,2110.0,2175.0,0,0.0,0.0
2023-10-30 10:00:00+08:00,2165.0,2170.0,2135.0,2150.0,56372,0.0,0.0
2023-10-30 11:00:00+08:00,2155.0,2160.0,2135.0,2140.0,28278,0.0,0.0
2023-10-30 12:00:00+08:00,2145.0,2150.0,2140.0,2140.0,22050,0.0,0.0
2023-10-30 13:00:00+08:00,2140.0,2150.0,2140.0,2150.0,31312,0.0,0.0
2023-10-31 09:00:00+08:00,2100.0,2120.0,2045.0,2120.0,196128,0.0,0.0
2023-10-31 10:00:00+08:00,2120.0,2120.0,2080.0,2080.0,147089,0.0,0.0
2023-10-31 11:00:00+08:00,2080.0,2080.0,2040.0,2045.0,122265,0.0,0.0
2023-10-31 12:00:00+08:00,2045.0,2055.0,2015.0,2015.0,132102,0.0,0.0
2023-10-31 13:00:00+08:00,2020.0,2030.0,2005.0,2015.0,127078,0.0,0.0
2023-11-01 09:00:00+08:00,2050.0,2090.0,2030.0,2060.0,0,0.0,0.0
2023-11-01 10:00:00+08:00,2065.0,2085.0,2050.0,2070.0,84283,0.0,0.0
2023-11-01 11:00:00+08:00,2075.0,2095.0,2070.0,2085.0,77960,0.0,0.0
2023-11-01 12:00:00+08:00,2085.0,2105.0,2080.0,2085.0,74831,0.0,0.0
2023-11-01 13:00:00+08:00,2090.0,2100.0,2085.0,2095.0,72458,0.0,0.0
2023-11-02 09:00:00+08:00,2160.0,2185.0,2130.0,2140.0,246019,0.0,0.0
2023-11-02 10:00:00+08:00,2140.0,2140.0,2090.0,2120.0,114724,0.0,0.0
2023-11-02 11:00:00+08:00,2120.0,2125.0,2105.0,2120.0,40578,0.0,0.0
2023-11-02 12:00:00+08:00,2120.0,2130.0,2120.0,2125.0,27322,0.0,0.0
2023-11-02 13:00:00+08:00,2125.0,2125.0,2110.0,2115.0,39369,0.0,0.0
2023-11-03 09:00:00+08:00,2145.0,2160.0,2125.0,2145.0,0,0.0,0.0
2023-11-03 10:00:00+08:00,2140.0,2145.0,2125.0,2140.0,36323,0.0,0.0
2023-11-03 11:00:00+08:00,2140.0,2145.0,2125.0,2125.0,24150,0.0,0.0
2023-11-03 12:00:00+08:00,2125.0,2130.0,2110.0,2115.0,43720,0.0,0.0
2023-11-03 13:00:00+08:00,2115.0,2125.0,2115.0,2120.0,39287,0.0,0.0
2023-11-06 09:00:00+08:00,2160.0,2185.0,2130.0,2140.0,0,0.0,0.0
2023-11-06 10:00:00+08:00,2135.0,2185.0,2135.0,2170.0,99803,0.0,0.0
2023-11-06 11:00:00+08:00,2165.0,2165.0,2155.0,2160.0,35649,0.0,0.0
2023-11-06 12:00:00+08:00,2155.0,2170.0,2155.0,2160.0,25167,0.0,0.0
2023-11-06 13:00:00+08:00,2165.0,2165.0,2160.0,2160.0,18033,0.0,0.0
2023-11-07 09:00:00+08:00,2190.0,2240.0,2165.0,2210.0,0,0.0,0.0
2023-11-07 10:00:00+08:00,2210.0,2225.0,2175.0,2175.0,115335,0.0,0.0
2023-11-07 11:00:00+08:00,2180.0,2190.0,2175.0,2190.0,58769,0.0,0.0
2023-11-07 12:00:00+08:00,2190.0,2190.0,2185.0,2185.0,31164,0.0,0.0
2023-11-07 13:00:00+08:00,2190.0,2190.0,2180.0,2180.0,47348,0.0,0.0
2023-11-08 09:00:00+08:00,2190.0,2205.0,2145.0,2155.0,0,0.0,0.0
2023-11-08 10:00:00+08:00,2155.0,2180.0,2155.0,2175.0,53604,0.0,0.0
2023-11-08 11:00:00+08:00,2175.0,2175.0,2165.0,2175.0,29720,0.0,0.0
2023-11-08 12:00:00+08:00,2170.0,2210.0,2170.0,2195.0,126908,0.0,0.0
2023-11-08 13:00:00+08:00,2200.0,2200.0,2190.0,2190.0,42879,0.0,0.0
2023-11-09 09:00:00+08:00,2240.0,2240.0,2175.0,2230.0,0,0.0,0.0
2023-11-09 10:00:00+08:00,2235.0,2300.0,2235.0,2295.0,357223,0.0,0.0
2023-11-09 11:00:00+08:00,2295.0,2345.0,2270.0,2345.0,299085,0.0,0.0
2023-11-09 12:00:00+08:00,2335.0,2350.0,2320.0,2325.0,168191,0.0,0.0
2023-11-09 13:00:00+08:00,2325.0,2340.0,2320.0,2325.0,122248,0.0,0.0
2023-11-10 09:00:00+08:00,2285.0,2370.0,2280.0,2295.0,0,0.0,0.0
2023-11-10 10:00:00+08:00,2290.0,2335.0,2265.0,2305.0,174631,0.0,0.0
2023-11-10 11:00:00+08:00,2310.0,2330.0,2285.0,2285.0,66593,0.0,0.0
2023-11-10 12:00:00+08:00,2290.0,2310.0,2290.0,2300.0,53518,0.0,0.0
2023-11-10 13:00:00+08:00,2300.0,2305.0,2295.0,2300.0,58191,0.0,0.0
2023-11-13 09:00:00+08:00,2360.0,2470.0,2360.0,2435.0,0,0.0,0.0
2023-11-13 10:00:00+08:00,2445.0,2460.0,2400.0,2415.0,164006,0.0,0.0
2023-11-13 11:00:00+08:00,2405.0,2430.0,2400.0,2430.0,79014,0.0,0.0
2023-11-13 12:00:00+08:00,2425.0,2430.0,2405.0,2430.0,89066,0.0,0.0
2023-11-13 13:00:00+08:00,2425.0,2425.0,2405.0,2405.0,70683,0.0,0.0
2023-11-14 09:00:00+08:00,2410.0,2435.0,2365.0,2410.0,0,0.0,0.0
2023-11-14 10:00:00+08:00,2410.0,2420.0,2400.0,2415.0,82194,0.0,0.0
2023-11-14 11:00:00+08:00,2420.0,2430.0,2410.0,2420.0,75967,0.0,0.0
2023-11-14 12:00:00+08:00,2420.0,2425.0,2405.0,2410.0,41139,0.0,0.0
2023-11-14 13:00:00+08:00,2415.0,2415.0,2400.0,2405.0,47416,0.0,0.0
2023-11-15 09:00:00+08:00,2495.0,2505.0,2450.0,2495.0,0,0.0,0.0
2023-11-15 10:00:00+08:00,2490.0,2500.0,2460.0,2470.0,127560,0.0,0.0
2023-11-15 11:00:00+08:00,2470.0,2480.0,2460.0,2460.0,54327,0.0,0.0
2023-11-15 12:00:00+08:00,2460.0,2480.0,2460.0,2475.0,81539,0.0,0.0
2023-11-15 13:00:00+08:00,2475.0,2480.0,2460.0,2465.0,59682,0.0,0.0
2023-11-16 09:00:00+08:00,2475.0,2480.0,2435.0,2445.0,0,0.0,0.0
2023-11-16 10:00:00+08:00,2445.0,2470.0,2420.0,2450.0,118377,0.0,0.0
2023-11-16 11:00:00+08:00,2455.0,2480.0,2455.0,2470.0,54608,0.0,0.0
2023-11-16 12:00:00+08:00,2470.0,2500.0,2470.0,2490.0,113186,0.0,0.0
2023-11-16 13:00:00+08:00,2495.0,2500.0,2485.0,2495.0,56767,0.0,0.0
2023-11-17 09:00:00+08:00,2500.0,2500.0,2470.0,2490.0,0,0.0,0.0
2023-11-17 10:00:00+08:00,2485.0,2485.0,2430.0,2455.0,159168,0.0,0.0
2023-11-17 11:00:00+08:00,2455.0,2465.0,2455.0,2465.0,33382,0.0,0.0
2023-11-17 12:00:00+08:00,2455.0,2480.0,2455.0,2470.0,45452,0.0,0.0
2023-11-17 13:00:00+08:00,2465.0,2485.0,2460.0,2470.0,86893,0.0,0.0
2023-11-20 09:00:00+08:00,2475.0,2495.0,2415.0,2420.0,0,0.0,0.0
2023-11-20 10:00:00+08:00,2420.0,2445.0,2410.0,2430.0,68454,0.0,0.0
2023-11-20 11:00:00+08:00,2430.0,2435.0,2420.0,2420.0,44349,0.0,0.0
2023-11-20 12:00:00+08:00,2415.0,2425.0,2405.0,2410.0,59936,0.0,0.0
2023-11-20 13:00:00+08:00,2410.0,2415.0,2405.0,2410.0,42889,0.0,0.0
2023-11-21 09:00:00+08:00,2430.0,2455.0,2410.0,2420.0,0,0.0,0.0
2023-11-21 10:00:00+08:00,2430.0,2435.0,2415.0,2425.0,56220,0.0,0.0
2023-11-21 11:00:00+08:00,2420.0,2425.0,2395.0,2400.0,104554,0.0,0.0
2023-11-21 12:00:00+08:00,2400.0,2410.0,2400.0,2405.0,42165,0.0,0.0
2023-11-21 13:00:00+08:00,2400.0,2415.0,2400.0,2415.0,50443,0.0,0.0
2023-11-22 09:00:00+08:00,2395.0,2425.0,2385.0,2415.0,0,0.0,0.0
2023-11-22 10:00:00+08:00,2420.0,2450.0,2420.0,2440.0,124698,0.0,0.0
2023-11-22 11:00:00+08:00,2445.0,2445.0,2425.0,2440.0,51892,0.0,0.0
2023-11-22 12:00:00+08:00,2445.0,2445.0,2435.0,2445.0,51859,0.0,0.0
2023-11-22 13:00:00+08:00,2445.0,2445.0,2435.0,2445.0,39412,0.0,0.0
2023-11-23 09:00:00+08:00,2470.0,2470.0,2430.0,2435.0,0,0.0,0.0
2023-11-23 10:00:00+08:00,2430.0,2435.0,2405.0,2410.0,76653,0.0,0.0
2023-11-23 11:00:00+08:00,2410.0,2420.0,2410.0,2415.0,35100,0.0,0.0
2023-11-23 12:00:00+08:00,2415.0,2420.0,2410.0,2415.0,32211,0.0,0.0
2023-11-23 13:00:00+08:00,2415.0,2420.0,2400.0,2420.0,52536,0.0,0.0
2023-11-24 09:00:00+08:00,2415.0,2435.0,2395.0,2420.0,0,0.0,0.0
2023-11-24 10:00:00+08:00,2425.0,2425.0,2410.0,2410.0,19535,0.0,0.0
2023-11-24 11:00:00+08:00,2405.0,2405.0,2380.0,2405.0,71166,0.0,0.0
2023-11-24 12:00:00+08:00,2405.0,2405.0,2370.0,2370.0,50879,0.0,0.0
2023-11-24 13:00:00+08:00,2370.0,2385.0,2370.0,2380.0,32897,0.0,0.0
2023-11-27 09:00:00+08:00,2395.0,2425.0,2380.0,2425.0,0,0.0,0.0
2023-11-27 10:00:00+08:00,2425.0,2435.0,2420.0,2430.0,38329,0.0,0.0
2023-11-27 11:00:00+08:00,2430.0,2445.0,2410.0,2410.0,55572,0.0,0.0
2023-11-27 12:00:00+08:00,2410.0,2410.0,2375.0,2380.0,51404,0.0,0.0
2023-11-27 13:00:00+08:00,2380.0,2385.0,2365.0,2385.0,34898,0.0,0.0
2023-11-28 09:00:00+08:00,2415.0,2425.0,2390.0,2420.0,0,0.0,0.0
2023-11-28 10:00:00+08:00,2420.0,2500.0,2420.0,2500.0,183838,0.0,0.0
2023-11-28 11:00:00+08:00,2500.0,2540.0,2490.0,2530.0,227168,0.0,0.0
2023-11-28 12:00:00+08:00,2525.0,2540.0,2525.0,2535.0,84268,0.0,0.0
2023-11-28 13:00:00+08:00,2535.0,2550.0,2535.0,2545.0,100679,0.0,0.0
2023-11-29 09:00:00+08:00,2550.0,2590.0,2530.0,2580.0,203486,0.0,0.0
2023-11-29 10:00:00+08:00,2580.0,2590.0,2550.0,2550.0,93529,0.0,0.0
2023-11-29 11:00:00+08:00,2550.0,2575.0,2550.0,2565.0,66503,0.0,0.0
2023-11-29 12:00:00+08:00,2570.0,2585.0,2565.0,2580.0,57590,0.0,0.0
2023-11-29 13:00:00+08:00,2575.0,2575.0,2565.0,2570.0,61291,0.0,0.0
2023-11-30 09:00:00+08:00,2585.0,2640.0,2540.0,2540.0,0,0.0,0.0
2023-11-30 10:00:00+08:00,2545.0,2560.0,2520.0,2530.0,120655,0.0,0.0
2023-11-30 11:00:00+08:00,2530.0,2535.0,2500.0,2515.0,106836,0.0,0.0
2023-11-30 12:00:00+08:00,2515.0,2515.0,2505.0,2505.0,36970,0.0,0.0
2023-11-30 13:00:00+08:00,2505.0,2515.0,2505.0,2515.0,49518,0.0,0.0
2023-12-01 09:00:00+08:00,2480.0,2515.0,2435.0,2445.0,0,0.0,0.0
2023-12-01 10:00:00+08:00,2445.0,2450.0,2395.0,2410.0,298581,0.0,0.0
2023-12-01 11:00:00+08:00,2410.0,2435.0,2410.0,2420.0,102241,0.0,0.0
2023-12-01 12:00:00+08:00,2425.0,2430.0,2400.0,2430.0,129775,0.0,0.0
2023-12-01 13:00:00+08:00,2430.0,2435.0,2415.0,2420.0,97913,0.0,0.0
2023-12-04 09:00:00+08:00,2470.0,2470.0,2420.0,2455.0,0,0.0,0.0
2023-12-04 10:00:00+08:00,2455.0,2470.0,2450.0,2465.0,75206,0.0,0.0
2023-12-04 11:00:00+08:00,2465.0,2465.0,2430.0,2450.0,54645,0.0,0.0
2023-12-04 12:00:00+08:00,2450.0,2455.0,2440.0,2450.0,42454,0.0,0.0
2023-12-04 13:00:00+08:00,2455.0,2455.0,2445.0,2450.0,36672,0.0,0.0
2023-12-05 09:00:00+08:00,2405.0,2455.0,2405.0,2450.0,0,0.0,0.0
2023-12-05 10:00:00+08:00,2460.0,2465.0,2445.0,2445.0,38949,0.0,0.0
2023-12-05 11:00:00+08:00,2445.0,2465.0,2445.0,2455.0,30335,0.0,0.0
2023-12-05 12:00:00+08:00,2455.0,2455.0,2445.0,2450.0,29153,0.0,0.0
2023-12-05 13:00:00+08:00,2455.0,2460.0,2450.0,2455.0,24261,0.0,0.0
2023-12-06 09:00:00+08:00,2470.0,2495.0,2445.0,2475.0,0,0.0,0.0
2023-12-06 10:00:00+08:00,2475.0,2480.0,2450.0,2450.0,30986,0.0,0.0
2023-12-06 11:00:00+08:00,2445.0,2450.0,2445.0,2450.0,16291,0.0,0.0
2023-12-06 12:00:00+08:00,2450.0,2450.0,2415.0,2430.0,60775,0.0,0.0
2023-12-06 13:00:00+08:00,2430.0,2440.0,2420.0,2420.0,28255,0.0,0.0
2023-12-07 09:00:00+08:00,2425.0,2445.0,2400.0,2415.0,0,0.0,0.0
2023-12-07 10:00:00+08:00,2415.0,2435.0,2410.0,2420.0,54231,0.0,0.0
2023-12-07 11:00:00+08:00,2420.0,2420.0,2395.0,2410.0,58990,0.0,0.0
2023-12-07 12:00:00+08:00,2415.0,2420.0,2415.0,2420.0,28316,0.0,0.0
2023-12-07 13:00:00+08:00,2420.0,2425.0,2405.0,2410.0,29185,0.0,0.0
2023-12-08 09:00:00+08:00,2470.0,2495.0,2450.0,2450.0,0,0.0,0.0
2023-12-08 10:00:00+08:00,2455.0,2475.0,2450.0,2470.0,66847,0.0,0.0
2023-12-08 11:00:00+08:00,2470.0,2480.0,2470.0,2480.0,58832,0.0,0.0
2023-12-08 12:00:00+08:00,2480.0,2480.0,2460.0,2465.0,30370,0.0,0.0
2023-12-08 13:00:00+08:00,2465.0,2470.0,2460.0,2460.0,25208,0.0,0.0
2023-12-11 09:00:00+08:00,2470.0,2550.0,2470.0,2535.0,0,0.0,0.0
2023-12-11 10:00:00+08:00,2535.0,2600.0,2535.0,2555.0,275389,0.0,0.0
2023-12-11 11:00:00+08:00,2560.0,2580.0,2560.0,2580.0,47722,0.0,0.0
2023-12-11 12:00:00+08:00,2580.0,2585.0,2555.0,2555.0,82553,0.0,0.0
2023-12-11 13:00:00+08:00,2550.0,2560.0,2540.0,2560.0,58648,0.0,0.0
2023-12-12 09:00:00+08:00,2570.0,2625.0,2570.0,2620.0,0,0.0,0.0
2023-12-12 10:00:00+08:00,2620.0,2625.0,2575.0,2575.0,82505,0.0,0.0
2023-12-12 11:00:00+08:00,2580.0,2590.0,2575.0,2585.0,40602,0.0,0.0
2023-12-12 12:00:00+08:00,2590.0,2590.0,2560.0,2560.0,51694,0.0,0.0
2023-12-12 13:00:00+08:00,2560.0,2600.0,2560.0,2570.0,81060,0.0,0.0
2023-12-13 09:00:00+08:00,2570.0,2620.0,2550.0,2610.0,131729,0.0,0.0
2023-12-13 10:00:00+08:00,2615.0,2640.0,2605.0,2620.0,88847,0.0,0.0
2023-12-13 11:00:00+08:00,2620.0,2630.0,2610.0,2630.0,15152,0.0,0.0
2023-12-13 12:00:00+08:00,2625.0,2625.0,2595.0,2595.0,34392,0.0,0.0
2023-12-13 13:00:00+08:00,2595.0,2600.0,2580.0,2595.0,45224,0.0,0.0
2023-12-14 09:00:00+08:00,2655.0,2680.0,2580.0,2580.0,0,0.0,0.0
2023-12-14 10:00:00+08:00,2580.0,2580.0,2485.0,2495.0,168641,0.0,0.0
2023-12-14 11:00:00+08:00,2490.0,2505.0,2455.0,2490.0,150901,0.0,0.0
2023-12-14 12:00:00+08:00,2490.0,2495.0,2480.0,2495.0,70289,0.0,0.0
2023-12-14 13:00:00+08:00,2495.0,2505.0,2485.0,2490.0,82976,0.0,0.0
2023-12-15 09:00:00+08:00,2525.0,2580.0,2515.0,2580.0,0,0.0,0.0
2023-12-15 10:00:00+08:00,2580.0,2600.0,2520.0,2530.0,135284,0.0,0.0
2023-12-15 11:00:00+08:00,2525.0,2525.0,2485.0,2490.0,103752,0.0,0.0
2023-12-15 12:00:00+08:00,2495.0,2520.0,2490.0,2505.0,42508,0.0,0.0
2023-12-15 13:00:00+08:00,2505.0,2510.0,2485.0,2490.0,49282,0.0,0.0
2023-12-18 09:00:00+08:00,2505.0,2515.0,2460.0,2475.0,0,0.0,0.0
2023-12-18 10:00:00+08:00,2475.0,2475.0,2430.0,2445.0,88980,0.0,0.0
2023-12-18 11:00:00+08:00,2445.0,2445.0,2435.0,2445.0,49171,0.0,0.0
2023-12-18 12:00:00+08:00,2445.0,2460.0,2445.0,2460.0,22517,0.0,0.0
2023-12-18 13:00:00+08:00,2465.0,2480.0,2445.0,2450.0,46221,0.0,0.0
2023-12-19 09:00:00+08:00,2465.0,2480.0,2340.0,2345.0,362998,0.0,0.0
2023-12-19 10:00:00+08:00,2345.0,2380.0,2330.0,2355.0,292003,0.0,0.0
2023-12-19 11:00:00+08:00,2355.0,2365.0,2340.0,2365.0,96818,0.0,0.0
2023-12-19 12:00:00+08:00,2365.0,2365.0,2350.0,2360.0,67520,0.0,0.0
2023-12-19 13:00:00+08:00,2355.0,2355.0,2345.0,2345.0,45693,0.0,0.0
2023-12-20 09:00:00+08:00,2410.0,2420.0,2380.0,2395.0,0,0.0,0.0
2023-12-20 10:00:00+08:00,2395.0,2405.0,2370.0,2380.0,79858,0.0,0.0
2023-12-20 11:00:00+08:00,2380.0,2385.0,2355.0,2355.0,83192,0.0,0.0
2023-12-20 12:00:00+08:00,2360.0,2390.0,2360.0,2380.0,83552,0.0,0.0
2023-12-20 13:00:00+08:00,2385.0,2385.0,2375.0,2375.0,74194,0.0,0.0
2023-12-21 09:00:00+08:00,2330.0,2350.0,2300.0,2345.0,0,0.0,0.0
2023-12-21 10:00:00+08:00,2350.0,2400.0,2350.0,2395.0,126887,0.0,0.0
2023-12-21 11:00:00+08:00,2395.0,2420.0,2385.0,2390.0,123919,0.0,0.0
2023-12-21 12:00:00+08:00,2390.0,2395.0,2385.0,2390.0,42806,0.0,0.0
2023-12-21 13:00:00+08:00,2390.0,2400.0,2385.0,2400.0,32785,0.0,0.0
2023-12-22 09:00:00+08:00,2375.0,2450.0,2375.0,2450.0,160306,0.0,0.0
2023-12-22 10:00:00+08:00,2450.0,2450.0,2435.0,2450.0,40919,0.0,0.0
2023-12-22 11:00:00+08:00,2445.0,2460.0,2445.0,2460.0,30884,0.0,0.0
2023-12-22 12:00:00+08:00,2455.0,2460.0,2445.0,2460.0,47246,0.0,0.0
2023-12-22 13:00:00+08:00,2460.0,2460.0,2445.0,2445.0,35468,0.0,0.0
2023-12-25 09:00:00+08:00,2465.0,2520.0,2465.0,2480.0,0,0.0,0.0
2023-12-25 10:00:00+08:00,2470.0,2495.0,2470.0,2475.0,39150,0.0,0.0
2023-12-25 11:00:00+08:00,2475.0,2495.0,2470.0,2490.0,30645,0.0,0.0
2023-12-25 12:00:00+08:00,2485.0,2495.0,2485.0,2495.0,17393,0.0,0.0
2023-12-25 13:00:00+08:00,2490.0,2495.0,2490.0,2495.0,23873,0.0,0.0
2023-12-26 09:00:00+08:00,2500.0,2580.0,2500.0,2550.0,0,0.0,0.0
2023-12-26 10:00:00+08:00,2550.0,2555.0,2540.0,2550.0,36029,0.0,0.0
2023-12-26 11:00:00+08:00,2550.0,2550.0,2530.0,2535.0,43336,0.0,0.0
2023-12-26 12:00:00+08:00,2540.0,2540.0,2520.0,2525.0,31863,0.0,0.0
2023-12-26 13:00:00+08:00,2525.0,2535.0,2515.0,2535.0,36009,0.0,0.0
2023-12-27 09:00:00+08:00,2560.0,2580.0,2480.0,2485.0,0,0.0,0.0
2023-12-27 10:00:00+08:00,2485.0,2495.0,2475.0,2485.0,70392,0.0,0.0
2023-12-27 11:00:00+08:00,2485.0,2485.0,2455.0,2470.0,67156,0.0,0.0
2023-12-27 12:00:00+08:00,2470.0,2475.0,2465.0,2475.0,32991,0.0,0.0
2023-12-27 13:00:00+08:00,2470.0,2470.0,2460.0,2470.0,58526,0.0,0.0
2023-12-28 09:00:00+08:00,2505.0,2515.0,2440.0,2445.0,0,0.0,0.0
2023-12-28 10:00:00+08:00,2440.0,2450.0,2425.0,2440.0,104938,0.0,0.0
2023-12-28 11:00:00+08:00,2430.0,2470.0,2430.0,2470.0,83640,0.0,0.0
2023-12-28 12:00:00+08:00,2465.0,2465.0,2460.0,2460.0,31298,0.0,0.0
2023-12-28 13:00:00+08:00,2460.0,2475.0,2460.0,2475.0,62924,0.0,0.0
2023-12-29 09:00:00+08:00,2490.0,2500.0,2450.0,2460.0,0,0.0,0.0
2023-12-29 10:00:00+08:00,2460.0,2460.0,2440.0,2445.0,46503,0.0,0.0
2023-12-29 11:00:00+08:00,2445.0,2450.0,2425.0,2435.0,64721,0.0,0.0
2023-12-29 12:00:00+08:00,2430.0,2445.0,2425.0,2435.0,76529,0.0,0.0
2023-12-29 13:00:00+08:00,2435.0,2440.0,2430.0,2430.0,44812,0.0,0.0
2024-01-02 09:00:00+08:00,2460.0,2480.0,2400.0,2415.0,0,0.0,0.0
2024-01-02 10:00:00+08:00,2415.0,2415.0,2365.0,2375.0,134062,0.0,0.0
2024-01-02 11:00:00+08:00,2375.0,2395.0,2365.0,2390.0,47999,0.0,0.0
2024-01-02 12:00:00+08:00,2385.0,2395.0,2380.0,2390.0,33764,0.0,0.0
2024-01-02 13:00:00+08:00,2395.0,2400.0,2385.0,2385.0,37348,0.0,0.0
2024-01-03 09:00:00+08:00,2400.0,2405.0,2370.0,2385.0,0,0.0,0.0
2024-01-03 10:00:00+08:00,2380.0,2395.0,2370.0,2370.0,65380,0.0,0.0
2024-01-03 11:00:00+08:00,2370.0,2375.0,2355.0,2370.0,81837,0.0,0.0
2024-01-03 12:00:00+08:00,2370.0,2385.0,2370.0,2375.0,66247,0.0,0.0
2024-01-03 13:00:00+08:00,2375.0,2385.0,2375.0,2380.0,35393,0.0,0.0
2024-01-04 09:00:00+08:00,2395.0,2410.0,2365.0,2385.0,113351,0.0,0.0
2024-01-04 10:00:00+08:00,2385.0,2390.0,2370.0,2370.0,35476,0.0,0.0
2024-01-04 11:00:00+08:00,2370.0,2370.0,2340.0,2345.0,92877,0.0,0.0
2024-01-04 12:00:00+08:00,2345.0,2345.0,2335.0,2335.0,34904,0.0,0.0
2024-01-04 13:00:00+08:00,2335.0,2345.0,2335.0,2345.0,43672,0.0,0.0
2024-01-05 09:00:00+08:00,2345.0,2365.0,2320.0,2335.0,0,0.0,0.0
2024-01-05 10:00:00+08:00,2335.0,2335.0,2305.0,2310.0,112399,0.0,0.0
2024-01-05 11:00:00+08:00,2315.0,2330.0,2310.0,2330.0,36296,0.0,0.0
2024-01-05 12:00:00+08:00,2330.0,2375.0,2330.0,2355.0,97129,0.0,0.0
2024-01-05 13:00:00+08:00,2360.0,2370.0,2355.0,2355.0,30291,0.0,0.0
2024-01-08 09:00:00+08:00,2395.0,2490.0,2395.0,2455.0,0,0.0,0.0
2024-01-08 10:00:00+08:00,2455.0,2455.0,2445.0,2445.0,53257,0.0,0.0
2024-01-08 11:00:00+08:00,2445.0,2450.0,2435.0,2445.0,33478,0.0,0.0
2024-01-08 12:00:00+08:00,2440.0,2450.0,2440.0,2445.0,23532,0.0,0.0
2024-01-08 13:00:00+08:00,2450.0,2455.0,2435.0,2455.0,50225,0.0,0.0
2024-01-09 09:00:00+08:00,2530.0,2610.0,2525.0,2560.0,126606,0.0,0.0
2024-01-09 10:00:00+08:00,2565.0,2565.0,2545.0,2555.0,77056,0.0,0.0
2024-01-09 11:00:00+08:00,2550.0,2550.0,2540.0,2540.0,39745,0.0,0.0
2024-01-09 12:00:00+08:00,2540.0,2570.0,2535.0,2570.0,90489,0.0,0.0
2024-01-09 13:00:00+08:00,2565.0,2570.0,2550.0,2565.0,38997,0.0,0.0
2024-01-10 09:00:00+08:00,2560.0,2590.0,2535.0,2555.0,0,0.0,0.0
2024-01-10 10:00:00+08:00,2550.0,2570.0,2550.0,2555.0,41861,0.0,0.0
2024-01-10 11:00:00+08:00,2550.0,2565.0,2545.0,2560.0,40157,0.0,0.0
2024-01-10 12:00:00+08:00,2560.0,2560.0,2550.0,2555.0,46636,0.0,0.0
2024-01-10 13:00:00+08:00,2555.0,2565.0,2550.0,2560.0,20665,0.0,0.0
2024-01-11 09:00:00+08:00,2575.0,2625.0,2525.0,2615.0,0,0.0,0.0
2024-01-11 10:00:00+08:00,2615.0,2620.0,2600.0,2610.0,74186,0.0,0.0
2024-01-11 11:00:00+08:00,2615.0,2630.0,2610.0,2625.0,79959,0.0,0.0
2024-01-11 12:00:00+08:00,2625.0,2630.0,2610.0,2615.0,53213,0.0,0.0
2024-01-11 13:00:00+08:00,2620.0,2620.0,2615.0,2620.0,34009,0.0,0.0
2024-01-12 09:00:00+08:00,2620.0,2645.0,2580.0,2630.0,163191,0.0,0.0
2024-01-12 10:00:00+08:00,2635.0,2640.0,2610.0,2630.0,36627,0.0,0.0
2024-01-12 11:00:00+08:00,2620.0,2620.0,2595.0,2595.0,36545,0.0,0.0
2024-01-12 12:00:00+08:00,2590.0,2600.0,2590.0,2590.0,17958,0.0,0.0
2024-01-12 13:00:00+08:00,2595.0,2600.0,2590.0,2600.0,17550,0.0,0.0
2024-01-15 09:00:00+08:00,2605.0,2605.0,2515.0,2535.0,0,0.0,0.0
2024-01-15 10:00:00+08:00,2535.0,2610.0,2535.0,2595.0,130344,0.0,0.0
2024-01-15 11:00:00+08:00,2595.0,2595.0,2585.0,2595.0,38068,0.0,0.0
2024-01-15 12:00:00+08:00,2595.0,2600.0,2590.0,2595.0,28251,0.0,0.0
2024-01-15 13:00:00+08:00,2590.0,2595.0,2580.0,2595.0,33212,0.0,0.0
2024-01-16 09:00:00+08:00,2555.0,2570.0,2530.0,2555.0,0,0.0,0.0
2024-01-16 10:00:00+08:00,2555.0,2590.0,2555.0,2580.0,48551,0.0,0.0
2024-01-16 11:00:00+08:00,2580.0,2600.0,2570.0,2570.0,57705,0.0,0.0
2024-01-16 12:00:00+08:00,2570.0,2600.0,2565.0,2600.0,83157,0.0,0.0
2024-01-16 13:00:00+08:00,2600.0,2615.0,2590.0,2600.0,91667,0.0,0.0
2024-01-17 09:00:00+08:00,2615.0,2615.0,2550.0,2550.0,0,0.0,0.0
2024-01-17 10:00:00+08:00,2550.0,2580.0,2540.0,2540.0,123737,0.0,0.0
2024-01-17 11:00:00+08:00,2540.0,2540.0,2510.0,2510.0,92504,0.0,0.0
2024-01-17 12:00:00+08:00,2510.0,2510.0,2485.0,2505.0,115544,0.0,0.0
2024-01-17 13:00:00+08:00,2505.0,2525.0,2505.0,2515.0,53462,0.0,0.0
2024-01-18 09:00:00+08:00,2540.0,2580.0,2500.0,2505.0,0,0.0,0.0
2024-01-18 10:00:00+08:00,2505.0,2515.0,2485.0,2500.0,68795,0.0,0.0
2024-01-18 11:00:00+08:00,2500.0,2530.0,2490.0,2515.0,179495,0.0,0.0
2024-01-18 12:00:00+08:00,2515.0,2520.0,2505.0,2505.0,37366,0.0,0.0
2024-01-18 13:00:00+08:00,2505.0,2510.0,2505.0,2510.0,35041,0.0,0.0
2024-01-19 09:00:00+08:00,2580.0,2600.0,2565.0,2580.0,0,0.0,0.0
2024-01-19 10:00:00+08:00,2585.0,2590.0,2520.0,2520.0,100500,0.0,0.0
2024-01-19 11:00:00+08:00,2520.0,2520.0,2490.0,2515.0,121570,0.0,0.0
2024-01-19 12:00:00+08:00,2515.0,2555.0,2510.0,2550.0,83527,0.0,0.0
2024-01-19 13:00:00+08:00,2550.0,2555.0,2535.0,2540.0,47232,0.0,0.0
2024-01-22 09:00:00+08:00,2580.0,2635.0,2560.0,2615.0,217516,0.0,0.0
2024-01-22 10:00:00+08:00,2615.0,2615.0,2600.0,2610.0,40811,0.0,0.0
2024-01-22 11:00:00+08:00,2615.0,2635.0,2610.0,2620.0,64284,0.0,0.0
2024-01-22 12:00:00+08:00,2620.0,2635.0,2620.0,2635.0,38460,0.0,0.0
2024-01-22 13:00:00+08:00,2625.0,2650.0,2625.0,2645.0,86060,0.0,0.0
2024-01-23 09:00:00+08:00,2645.0,2745.0,2620.0,2655.0,0,0.0,0.0
2024-01-23 10:00:00+08:00,2660.0,2675.0,2635.0,2640.0,73925,0.0,0.0
2024-01-23 11:00:00+08:00,2635.0,2655.0,2635.0,2655.0,38485,0.0,0.0
2024-01-23 12:00:00+08:00,2655.0,2655.0,2630.0,2640.0,42154,0.0,0.0
2024-01-23 13:00:00+08:00,2645.0,2650.0,2640.0,2640.0,37538,0.0,0.0
2024-01-24 09:00:00+08:00,2635.0,2660.0,2565.0,2575.0,146737,0.0,0.0
2024-01-24 10:00:00+08:00,2575.0,2580.0,2550.0,2575.0,81337,0.0,0.0
2024-01-24 11:00:00+08:00,2575.0,2580.0,2570.0,2575.0,22632,0.0,0.0
2024-01-24 12:00:00+08:00,2570.0,2580.0,2565.0,2570.0,23300,0.0,0.0
2024-01-24 13:00:00+08:00,2570.0,2580.0,2565.0,2565.0,22545,0.0,0.0
2024-01-25 09:00:00+08:00,2585.0,2620.0,2575.0,2590.0,0,0.0,0.0
2024-01-25 10:00:00+08:00,2590.0,2590.0,2575.0,2580.0,17544,0.0,0.0
2024-01-25 11:00:00+08:00,2580.0,2600.0,2580.0,2600.0,17422,0.0,0.0
2024-01-25 12:00:00+08:00,2600.0,2600.0,2590.0,2595.0,13622,0.0,0.0
2024-01-25 13:00:00+08:00,2590.0,2600.0,2580.0,2600.0,15483,0.0,0.0
2024-01-26 09:00:00+08:00,2630.0,2685.0,2600.0,2680.0,57553,0.0,0.0
2024-01-26 10:00:00+08:00,2685.0,2705.0,2670.0,2685.0,113319,0.0,0.0
2024-01-26 11:00:00+08:00,2680.0,2690.0,2650.0,2660.0,66364,0.0,0.0
2024-01-26 12:00:00+08:00,2665.0,2665.0,2645.0,2650.0,38318,0.0,0.0
2024-01-26 13:00:00+08:00,2645.0,2660.0,2630.0,2660.0,39413,0.0,0.0
2024-01-29 09:00:00+08:00,2695.0,2695.0,2605.0,2610.0,0,0.0,0.0
2024-01-29 10:00:00+08:00,2610.0,2630.0,2590.0,2610.0,60849,0.0,0.0
2024-01-29 11:00:00+08:00,2615.0,2615.0,2600.0,2605.0,20750,0.0,0.0
2024-01-29 12:00:00+08:00,2605.0,2610.0,2605.0,2605.0,22605,0.0,0.0
2024-01-29 13:00:00+08:00,2610.0,2610.0,2600.0,2600.0,29107,0.0,0.0
2024-01-30 09:00:00+08:00,2630.0,2670.0,2615.0,2655.0,0,0.0,0.0
2024-01-30 10:00:00+08:00,2655.0,2720.0,2650.0,2715.0,151072,0.0,0.0
2024-01-30 11:00:00+08:00,2715.0,2720.0,2705.0,2710.0,65298,0.0,0.0
2024-01-30 12:00:00+08:00,2705.0,2720.0,2705.0,2710.0,54128,0.0,0.0
2024-01-30 13:00:00+08:00,2710.0,2710.0,2695.0,2695.0,42865,0.0,0.0
2024-01-31 09:00:00+08:00,2670.0,2825.0,2645.0,2800.0,516379,0.0,0.0
2024-01-31 10:00:00+08:00,2800.0,2810.0,2775.0,2800.0,88368,0.0,0.0
2024-01-31 11:00:00+08:00,2800.0,2830.0,2785.0,2805.0,135106,0.0,0.0
2024-01-31 12:00:00+08:00,2805.0,2810.0,2790.0,2800.0,60637,0.0,0.0
2024-01-31 13:00:00+08:00,2795.0,2810.0,2790.0,2790.0,80517,0.0,0.0
2024-02-01 09:00:00+08:00,2785.0,2820.0,2735.0,2770.0,0,0.0,0.0
2024-02-01 10:00:00+08:00,2780.0,2815.0,2780.0,2815.0,92571,0.0,0.0
2024-02-01 11:00:00+08:00,2815.0,2840.0,2815.0,2830.0,120176,0.0,0.0
2024-02-01 12:00:00+08:00,2835.0,2850.0,2800.0,2800.0,75622,0.0,0.0
2024-02-01 13:00:00+08:00,2810.0,2815.0,2805.0,2805.0,40272,0.0,0.0
2024-02-02 09:00:00+08:00,2840.0,2985.0,2830.0,2965.0,342355,0.0,0.0
2024-02-02 10:00:00+08:00,2975.0,3080.0,2975.0,3055.0,424248,0.0,0.0
2024-02-02 11:00:00+08:00,3045.0,3050.0,3020.0,3035.0,66811,0.0,0.0
2024-02-02 12:00:00+08:00,3045.0,3055.0,3040.0,3040.0,49501,0.0,0.0
2024-02-02 13:00:00+08:00,3045.0,3050.0,3035.0,3035.0,31834,0.0,0.0
2024-02-05 09:00:00+08:00,3005.0,3035.0,2955.0,2970.0,0,0.0,0.0
2024-02-05 10:00:00+08:00,2970.0,2995.0,2950.0,2950.0,82270,0.0,0.0
2024-02-05 11:00:00+08:00,2945.0,2965.0,2905.0,2905.0,137056,0.0,0.0
2024-02-05 12:00:00+08:00,2900.0,2925.0,2895.0,2920.0,78653,0.0,0.0
2024-02-05 13:00:00+08:00,2920.0,2935.0,2905.0,2930.0,39843,0.0,0.0
2024-02-15 09:00:00+08:00,3250.0,3250.0,3070.0,3125.0,0,0.0,0.0
2024-02-15 10:00:00+08:00,3130.0,3150.0,3055.0,3075.0,151413,0.0,0.0
2024-02-15 11:00:00+08:00,3075.0,3145.0,3065.0,3140.0,116077,0.0,0.0
2024-02-15 12:00:00+08:00,3135.0,3185.0,3135.0,3185.0,108852,0.0,0.0
2024-02-15 13:00:00+08:00,3185.0,3240.0,3180.0,3230.0,163176,0.0,0.0
2024-02-16 09:00:00+08:00,3200.0,3200.0,3015.0,3015.0,462851,0.0,0.0
2024-02-16 10:00:00+08:00,3015.0,3015.0,2935.0,2935.0,280678,0.0,0.0
2024-02-16 11:00:00+08:00,2935.0,2940.0,2925.0,2930.0,224893,0.0,0.0
2024-02-16 12:00:00+08:00,2930.0,2935.0,2925.0,2925.0,77242,0.0,0.0
2024-02-16 13:00:00+08:00,2925.0,2925.0,2925.0,2925.0,25443,0.0,0.0
2024-02-19 09:00:00+08:00,2800.0,2925.0,2795.0,2880.0,0,0.0,0.0
2024-02-19 10:00:00+08:00,2880.0,2880.0,2825.0,2840.0,141216,0.0,0.0
2024-02-19 11:00:00+08:00,2840.0,2870.0,2830.0,2850.0,79886,0.0,0.0
2024-02-19 12:00:00+08:00,2855.0,2865.0,2850.0,2860.0,46707,0.0,0.0
2024-02-19 13:00:00+08:00,2865.0,2885.0,2865.0,2880.0,74003,0.0,0.0
2024-02-20 09:00:00+08:00,2870.0,2960.0,2870.0,2915.0,0,0.0,0.0
2024-02-20 10:00:00+08:00,2915.0,2915.0,2890.0,2895.0,72547,0.0,0.0
2024-02-20 11:00:00+08:00,2900.0,2900.0,2880.0,2880.0,70369,0.0,0.0
2024-02-20 12:00:00+08:00,2880.0,2900.0,2880.0,2900.0,59241,0.0,0.0
2024-02-20 13:00:00+08:00,2900.0,2920.0,2890.0,2910.0,71123,0.0,0.0
2024-02-21 09:00:00+08:00,2885.0,2905.0,2820.0,2845.0,0,0.0,0.0
2024-02-21 10:00:00+08:00,2840.0,2850.0,2825.0,2850.0,53658,0.0,0.0
2024-02-21 11:00:00+08:00,2840.0,2840.0,2815.0,2820.0,51373,0.0,0.0
2024-02-21 12:00:00+08:00,2820.0,2830.0,2815.0,2820.0,34989,0.0,0.0
2024-02-21 13:00:00+08:00,2820.0,2820.0,2800.0,2800.0,85627,0.0,0.0
2024-02-22 09:00:00+08:00,2820.0,2920.0,2820.0,2875.0,0,0.0,0.0
2024-02-22 10:00:00+08:00,2870.0,2890.0,2870.0,2880.0,71391,0.0,0.0
2024-02-22 11:00:00+08:00,2880.0,2890.0,2880.0,2885.0,49509,0.0,0.0
2024-02-22 12:00:00+08:00,2885.0,2885.0,2830.0,2830.0,91297,0.0,0.0
2024-02-22 13:00:00+08:00,2825.0,2830.0,2780.0,2800.0,87880,0.0,0.0
2024-02-23 09:00:00+08:00,2895.0,2900.0,2745.0,2765.0,303260,0.0,0.0
2024-02-23 10:00:00+08:00,2765.0,2845.0,2760.0,2835.0,147265,0.0,0.0
2024-02-23 11:00:00+08:00,2835.0,2845.0,2790.0,2795.0,93956,0.0,0.0
2024-02-23 12:00:00+08:00,2790.0,2790.0,2760.0,2770.0,91382,0.0,0.0
2024-02-23 13:00:00+08:00,2775.0,2790.0,2755.0,2755.0,79409,0.0,0.0
2024-02-26 09:00:00+08:00,2760.0,2770.0,2725.0,2735.0,0,0.0,0.0
2024-02-26 10:00:00+08:00,2735.0,2735.0,2670.0,2700.0,290633,0.0,0.0
2024-02-26 11:00:00+08:00,2695.0,2725.0,2695.0,2705.0,87908,0.0,0.0
2024-02-26 12:00:00+08:00,2710.0,2730.0,2700.0,2720.0,69722,0.0,0.0
2024-02-26 13:00:00+08:00,2725.0,2735.0,2720.0,2725.0,34028,0.0,0.0
2024-02-27 09:00:00+08:00,2770.0,2775.0,2700.0,2705.0,0,0.0,0.0
2024-02-27 10:00:00+08:00,2705.0,2705.0,2645.0,2680.0,184449,0.0,0.0
2024-02-27 11:00:00+08:00,2680.0,2680.0,2665.0,2665.0,77343,0.0,0.0
2024-02-27 12:00:00+08:00,2665.0,2715.0,2665.0,2700.0,112478,0.0,0.0
2024-02-27 13:00:00+08:00,2700.0,2705.0,2685.0,2690.0,57182,0.0,0.0
2024-02-29 09:00:00+08:00,2650.0,2675.0,2615.0,2665.0,0,0.0,0.0
2024-02-29 10:00:00+08:00,2670.0,2725.0,2670.0,2690.0,139963,0.0,0.0
2024-02-29 11:00:00+08:00,2695.0,2705.0,2690.0,2700.0,42278,0.0,0.0
2024-02-29 12:00:00+08:00,2700.0,2720.0,2695.0,2710.0,48469,0.0,0.0
2024-02-29 13:00:00+08:00,2710.0,2725.0,2705.0,2710.0,61254,0.0,0.0
2024-03-01 09:00:00+08:00,2740.0,2815.0,2740.0,2790.0,0,0.0,0.0
2024-03-01 10:00:00+08:00,2800.0,2865.0,2800.0,2860.0,210202,0.0,0.0
2024-03-01 11:00:00+08:00,2855.0,2865.0,2850.0,2855.0,72255,0.0,0.0
2024-03-01 12:00:00+08:00,2860.0,2860.0,2845.0,2860.0,88179,0.0,0.0
2024-03-01 13:00:00+08:00,2860.0,2860.0,2850.0,2855.0,42827,0.0,0.0
2024-03-04 09:00:00+08:00,2910.0,2985.0,2890.0,2965.0,0,0.0,0.0
2024-03-04 10:00:00+08:00,2960.0,2970.0,2915.0,2950.0,161877,0.0,0.0
2024-03-04 11:00:00+08:00,2950.0,2960.0,2935.0,2935.0,53171,0.0,0.0
2024-03-04 12:00:00+08:00,2935.0,2950.0,2930.0,2930.0,74335,0.0,0.0
2024-03-04 13:00:00+08:00,2930.0,2945.0,2925.0,2945.0,51648,0.0,0.0
2024-03-05 09:00:00+08:00,2950.0,2995.0,2895.0,2910.0,0,0.0,0.0
2024-03-05 10:00:00+08:00,2915.0,2935.0,2900.0,2905.0,47300,0.0,0.0
2024-03-05 11:00:00+08:00,2905.0,2910.0,2890.0,2890.0,70023,0.0,0.0
2024-03-05 12:00:00+08:00,2890.0,2910.0,2885.0,2905.0,62316,0.0,0.0
2024-03-05 13:00:00+08:00,2910.0,2920.0,2900.0,2915.0,51785,0.0,0.0
2024-03-06 09:00:00+08:00,2880.0,2920.0,2850.0,2880.0,0,0.0,0.0
2024-03-06 10:00:00+08:00,2885.0,2925.0,2860.0,2900.0,84839,0.0,0.0
2024-03-06 11:00:00+08:00,2900.0,2915.0,2900.0,2910.0,14996,0.0,0.0
2024-03-06 12:00:00+08:00,2905.0,2905.0,2890.0,2905.0,38773,0.0,0.0
2024-03-06 13:00:00+08:00,2900.0,2905.0,2895.0,2900.0,45276,0.0,0.0
2024-03-07 09:00:00+08:00,2930.0,2960.0,2840.0,2840.0,0,0.0,0.0
2024-03-07 10:00:00+08:00,2840.0,2865.0,2825.0,2860.0,93286,0.0,0.0
2024-03-07 11:00:00+08:00,2860.0,2865.0,2850.0,2850.0,25408,0.0,0.0
2024-03-07 12:00:00+08:00,2855.0,2855.0,2835.0,2850.0,38072,0.0,0.0
2024-03-07 13:00:00+08:00,2850.0,2860.0,2845.0,2845.0,42253,0.0,0.0
2024-03-08 09:00:00+08:00,2840.0,2890.0,2765.0,2795.0,332960,0.0,0.0
2024-03-08 10:00:00+08:00,2790.0,2790.0,2725.0,2725.0,202784,0.0,0.0
2024-03-08 11:00:00+08:00,2720.0,2735.0,2695.0,2720.0,188458,0.0,0.0
2024-03-08 12:00:00+08:00,2710.0,2740.0,2710.0,2740.0,45129,0.0,0.0
2024-03-08 13:00:00+08:00,2750.0,2780.0,2750.0,2755.0,65063,0.0,0.0
2024-03-11 09:00:00+08:00,2750.0,2820.0,2740.0,2765.0,0,0.0,0.0
2024-03-11 10:00:00+08:00,2755.0,2765.0,2685.0,2690.0,131212,0.0,0.0
2024-03-11 11:00:00+08:00,2690.0,2720.0,2685.0,2700.0,64212,0.0,0.0
2024-03-11 12:00:00+08:00,2700.0,2720.0,2700.0,2710.0,31463,0.0,0.0
2024-03-11 13:00:00+08:00,2710.0,2735.0,2710.0,2725.0,76268,0.0,0.0
2024-03-12 09:00:00+08:00,2780.0,2785.0,2665.0,2665.0,0,0.0,0.0
2024-03-12 10:00:00+08:00,2665.0,2685.0,2660.0,2670.0,134825,0.0,0.0
2024-03-12 11:00:00+08:00,2670.0,2675.0,2660.0,2665.0,64149,0.0,0.0
2024-03-12 12:00:00+08:00,2665.0,2685.0,2660.0,2675.0,67335,0.0,0.0
2024-03-12 13:00:00+08:00,2680.0,2685.0,2670.0,2680.0,38025,0.0,0.0
2024-03-13 09:00:00+08:00,2680.0,2715.0,2640.0,2665.0,0,0.0,0.0
2024-03-13 10:00:00+08:00,2660.0,2680.0,2630.0,2635.0,134223,0.0,0.0
2024-03-13 11:00:00+08:00,2640.0,2660.0,2640.0,2660.0,45569,0.0,0.0
2024-03-13 12:00:00+08:00,2655.0,2655.0,2610.0,2610.0,88431,0.0,0.0
2024-03-13 13:00:00+08:00,2610.0,2615.0,2605.0,2615.0,37151,0.0,0.0
2024-03-14 09:00:00+08:00,2640.0,2740.0,2580.0,2735.0,0,0.0,0.0
2024-03-14 10:00:00+08:00,2735.0,2775.0,2715.0,2755.0,174816,0.0,0.0
2024-03-14 11:00:00+08:00,2760.0,2775.0,2750.0,2755.0,59442,0.0,0.0
2024-03-14 12:00:00+08:00,2755.0,2760.0,2720.0,2730.0,75264,0.0,0.0
2024-03-14 13:00:00+08:00,2730.0,2735.0,2710.0,2735.0,49046,0.0,0.0
2024-03-15 09:00:00+08:00,2705.0,2745.0,2690.0,2705.0,0,0.0,0.0
2024-03-15 10:00:00+08:00,2695.0,2695.0,2660.0,2670.0,97581,0.0,0.0
2024-03-15 11:00:00+08:00,2680.0,2690.0,2680.0,2685.0,27880,0.0,0.0
2024-03-15 12:00:00+08:00,2685.0,2720.0,2680.0,2680.0,47289,0.0,0.0
2024-03-15 13:00:00+08:00,2690.0,2690.0,2680.0,2690.0,19747,0.0,0.0
2024-03-18 09:00:00+08:00,2735.0,2740.0,2705.0,2720.0,0,0.0,0.0
2024-03-18 10:00:00+08:00,2720.0,2775.0,2720.0,2750.0,73920,0.0,0.0
2024-03-18 11:00:00+08:00,2750.0,2750.0,2700.0,2710.0,43816,0.0,0.0
2024-03-18 12:00:00+08:00,2710.0,2715.0,2690.0,2695.0,22194,0.0,0.0
2024-03-18 13:00:00+08:00,2690.0,2705.0,2685.0,2695.0,15011,0.0,0.0
2024-03-19 09:00:00+08:00,2690.0,2715.0,2600.0,2600.0,0,0.0,0.0
2024-03-19 10:00:00+08:00,2600.0,2610.0,2545.0,2560.0,201504,0.0,0.0
2024-03-19 11:00:00+08:00,2560.0,2560.0,2450.0,2460.0,289552,0.0,0.0
2024-03-19 12:00:00+08:00,2460.0,2540.0,2455.0,2525.0,137739,0.0,0.0
2024-03-19 13:00:00+08:00,2525.0,2550.0,2525.0,2550.0,52517,0.0,0.0
2024-03-20 09:00:00+08:00,2570.0,2615.0,2525.0,2555.0,153302,0.0,0.0
2024-03-20 10:00:00+08:00,2555.0,2560.0,2515.0,2520.0,92048,0.0,0.0
2024-03-20 11:00:00+08:00,2515.0,2525.0,2500.0,2515.0,89190,0.0,0.0
2024-03-20 12:00:00+08:00,2515.0,2525.0,2500.0,2515.0,52067,0.0,0.0
2024-03-20 13:00:00+08:00,2515.0,2515.0,2500.0,2505.0,90125,0.0,0.0
2024-03-21 09:00:00+08:00,2585.0,2630.0,2535.0,2585.0,0,0.0,0.0
2024-03-21 10:00:00+08:00,2585.0,2585.0,2545.0,2545.0,44420,0.0,0.0
2024-03-21 11:00:00+08:00,2545.0,2550.0,2510.0,2520.0,57678,0.0,0.0
2024-03-21 12:00:00+08:00,2525.0,2540.0,2505.0,2505.0,62066,0.0,0.0
2024-03-21 13:00:00+08:00,2505.0,2520.0,2505.0,2515.0,39230,0.0,0.0
2024-03-22 09:00:00+08:00,2495.0,2530.0,2440.0,2480.0,0,0.0,0.0
2024-03-22 10:00:00+08:00,2470.0,2485.0,2450.0,2475.0,82382,0.0,0.0
2024-03-22 11:00:00+08:00,2470.0,2490.0,2455.0,2460.0,121495,0.0,0.0
2024-03-22 12:00:00+08:00,2465.0,2505.0,2460.0,2490.0,117469,0.0,0.0
2024-03-22 13:00:00+08:00,2485.0,2500.0,2485.0,2495.0,31726,0.0,0.0
2024-03-25 09:00:00+08:00,2520.0,2610.0,2520.0,2565.0,0,0.0,0.0
2024-03-25 10:00:00+08:00,2560.0,2575.0,2535.0,2545.0,93029,0.0,0.0
2024-03-25 11:00:00+08:00,2540.0,2545.0,2530.0,2530.0,58766,0.0,0.0
2024-03-25 12:00:00+08:00,2525.0,2535.0,2510.0,2520.0,67194,0.0,0.0
2024-03-25 13:00:00+08:00,2520.0,2525.0,2510.0,2510.0,39776,0.0,0.0
2024-03-26 09:00:00+08:00,2550.0,2665.0,2525.0,2530.0,0,0.0,0.0
2024-03-26 10:00:00+08:00,2530.0,2550.0,2480.0,2545.0,198551,0.0,0.0
2024-03-26 11:00:00+08:00,2540.0,2545.0,2520.0,2520.0,43491,0.0,0.0
2024-03-26 12:00:00+08:00,2520.0,2540.0,2520.0,2520.0,49704,0.0,0.0
2024-03-26 13:00:00+08:00,2525.0,2535.0,2515.0,2520.0,33402,0.0,0.0
2024-03-27 09:00:00+08:00,2550.0,2575.0,2460.0,2475.0,0,0.0,0.0
2024-03-27 10:00:00+08:00,2475.0,2475.0,2440.0,2440.0,148460,0.0,0.0
2024-03-27 11:00:00+08:00,2445.0,2450.0,2390.0,2420.0,249641,0.0,0.0
2024-03-27 12:00:00+08:00,2430.0,2505.0,2430.0,2465.0,206486,0.0,0.0
2024-03-27 13:00:00+08:00,2465.0,2485.0,2455.0,2485.0,77485,0.0,0.0
2024-03-28 09:00:00+08:00,2475.0,2515.0,2405.0,2435.0,0,0.0,0.0
2024-03-28 10:00:00+08:00,2430.0,2445.0,2415.0,2420.0,81633,0.0,0.0
2024-03-28 11:00:00+08:00,2420.0,2435.0,2415.0,2415.0,26423,0.0,0.0
2024-03-28 12:00:00+08:00,2420.0,2425.0,2395.0,2400.0,90922,0.0,0.0
2024-03-28 13:00:00+08:00,2400.0,2415.0,2400.0,2400.0,67022,0.0,0.0
2024-03-29 09:00:00+08:00,2430.0,2540.0,2430.0,2510.0,410864,0.0,0.0
2024-03-29 10:00:00+08:00,2510.0,2535.0,2500.0,2515.0,110667,0.0,0.0
2024-03-29 11:00:00+08:00,2515.0,2515.0,2480.0,2490.0,95050,0.0,0.0
2024-03-29 12:00:00+08:00,2490.0,2500.0,2475.0,2495.0,51632,0.0,0.0
2024-03-29 13:00:00+08:00,2495.0,2510.0,2495.0,2495.0,52418,0.0,0.0
2024-04-01 09:00:00+08:00,2530.0,2580.0,2500.0,2540.0,0,0.0,0.0
2024-04-01 10:00:00+08:00,2540.0,2555.0,2535.0,2535.0,20471,0.0,0.0
2024-04-01 11:00:00+08:00,2535.0,2540.0,2530.0,2530.0,19203,0.0,0.0
2024-04-01 12:00:00+08:00,2530.0,2545.0,2530.0,2540.0,25682,0.0,0.0
2024-04-01 13:00:00+08:00,2535.0,2535.0,2525.0,2525.0,27228,0.0,0.0
2024-04-02 09:00:00+08:00,2535.0,2590.0,2515.0,2535.0,0,0.0,0.0
2024-04-02 10:00:00+08:00,2535.0,2560.0,2530.0,2540.0,57001,0.0,0.0
2024-04-02 11:00:00+08:00,2540.0,2550.0,2520.0,2525.0,37901,0.0,0.0
2024-04-02 12:00:00+08:00,2520.0,2535.0,2510.0,2530.0,55655,0.0,0.0
2024-04-02 13:00:00+08:00,2535.0,2540.0,2520.0,2535.0,42451,0.0,0.0
2024-04-03 09:00:00+08:00,2480.0,2540.0,2420.0,2540.0,0,0.0,0.0
2024-04-03 10:00:00+08:00,2540.0,2550.0,2505.0,2550.0,50265,0.0,0.0
2024-04-03 11:00:00+08:00,2550.0,2560.0,2540.0,2545.0,47913,0.0,0.0
2024-04-03 12:00:00+08:00,2540.0,2540.0,2510.0,2520.0,69555,0.0,0.0
2024-04-03 13:00:00+08:00,2525.0,2530.0,2515.0,2515.0,24684,0.0,0.0
2024-04-08 09:00:00+08:00,2610.0,2660.0,2525.0,2570.0,0,0.0,0.0
2024-04-08 10:00:00+08:00,2570.0,2580.0,2555.0,2560.0,49548,0.0,0.0
2024-04-08 11:00:00+08:00,2560.0,2575.0,2555.0,2565.0,21356,0.0,0.0
2024-04-08 12:00:00+08:00,2565.0,2565.0,2545.0,2545.0,47818,0.0,0.0
2024-04-08 13:00:00+08:00,2545.0,2545.0,2540.0,2545.0,20877,0.0,0.0
2024-04-09 09:00:00+08:00,2500.0,2565.0,2430.0,2440.0,0,0.0,0.0
2024-04-09 10:00:00+08:00,2440.0,2460.0,2415.0,2430.0,112654,0.0,0.0
2024-04-09 11:00:00+08:00,2430.0,2435.0,2375.0,2380.0,144650,0.0,0.0
2024-04-09 12:00:00+08:00,2380.0,2390.0,2360.0,2370.0,135496,0.0,0.0
2024-04-09 13:00:00+08:00,2365.0,2365.0,2350.0,2355.0,86550,0.0,0.0
2024-04-10 09:00:00+08:00,2360.0,2415.0,2295.0,2315.0,0,0.0,0.0
2024-04-10 10:00:00+08:00,2310.0,2325.0,2270.0,2320.0,211830,0.0,0.0
2024-04-10 11:00:00+08:00,2325.0,2340.0,2310.0,2320.0,93635,0.0,0.0
2024-04-10 12:00:00+08:00,2315.0,2320.0,2305.0,2310.0,135972,0.0,0.0
2024-04-10 13:00:00+08:00,2310.0,2340.0,2310.0,2320.0,69702,0.0,0.0
2024-04-11 09:00:00+08:00,2300.0,2375.0,2300.0,2355.0,0,0.0,0.0
2024-04-11 10:00:00+08:00,2360.0,2380.0,2285.0,2305.0,154659,0.0,0.0
2024-04-11 11:00:00+08:00,2300.0,2335.0,2290.0,2305.0,49223,0.0,0.0
2024-04-11 12:00:00+08:00,2315.0,2340.0,2315.0,2330.0,47021,0.0,0.0
2024-04-11 13:00:00+08:00,2335.0,2340.0,2330.0,2340.0,30729,0.0,0.0
2024-04-12 09:00:00+08:00,2385.0,2470.0,2370.0,2450.0,455011,0.0,0.0
2024-04-12 10:00:00+08:00,2455.0,2505.0,2440.0,2485.0,241897,0.0,0.0
2024-04-12 11:00:00+08:00,2495.0,2510.0,2475.0,2485.0,206048,0.0,0.0
2024-04-12 12:00:00+08:00,2490.0,2500.0,2475.0,2480.0,68911,0.0,0.0
2024-04-12 13:00:00+08:00,2485.0,2505.0,2480.0,2505.0,79637,0.0,0.0
2024-04-15 09:00:00+08:00,2440.0,2465.0,2395.0,2400.0,0,0.0,0.0
2024-04-15 10:00:00+08:00,2400.0,2400.0,2355.0,2360.0,181819,0.0,0.0
2024-04-15 11:00:00+08:00,2360.0,2360.0,2310.0,2330.0,201480,0.0,0.0
2024-04-15 12:00:00+08:00,2335.0,2390.0,2335.0,2390.0,91568,0.0,0.0
2024-04-15 13:00:00+08:00,2390.0,2395.0,2370.0,2395.0,64973,0.0,0.0
2024-04-16 09:00:00+08:00,2300.0,2325.0,2290.0,2325.0,0,0.0,0.0
2024-04-16 10:00:00+08:00,2325.0,2395.0,2295.0,2380.0,144848,0.0,0.0
2024-04-16 11:00:00+08:00,2375.0,2375.0,2305.0,2335.0,121957,0.0,0.0
2024-04-16 12:00:00+08:00,2330.0,2335.0,2295.0,2295.0,126412,0.0,0.0
2024-04-16 13:00:00+08:00,2290.0,2310.0,2290.0,2295.0,63438,0.0,0.0
2024-04-17 09:00:00+08:00,2315.0,2330.0,2275.0,2310.0,0,0.0,0.0
2024-04-17 10:00:00+08:00,2305.0,2320.0,2290.0,2300.0,53359,0.0,0.0
2024-04-17 11:00:00+08:00,2315.0,2350.0,2310.0,2345.0,72106,0.0,0.0
2024-04-17 12:00:00+08:00,2345.0,2395.0,2345.0,2390.0,107005,0.0,0.0
2024-04-17 13:00:00+08:00,2395.0,2410.0,2390.0,2405.0,49020,0.0,0.0
2024-04-18 09:00:00+08:00,2350.0,2485.0,2345.0,2460.0,266419,0.0,0.0
2024-04-18 10:00:00+08:00,2470.0,2500.0,2460.0,2485.0,123370,0.0,0.0
2024-04-18 11:00:00+08:00,2485.0,2510.0,2475.0,2480.0,127252,0.0,0.0
2024-04-18 12:00:00+08:00,2485.0,2490.0,2445.0,2455.0,73057,0.0,0.0
2024-04-18 13:00:00+08:00,2450.0,2455.0,2425.0,2430.0,49683,0.0,0.0
2024-04-19 09:00:00+08:00,2395.0,2440.0,2245.0,2260.0,0,0.0,0.0
2024-04-19 10:00:00+08:00,2255.0,2255.0,2190.0,2190.0,416154,0.0,0.0
2024-04-19 11:00:00+08:00,2195.0,2220.0,2190.0,2190.0,200023,0.0,0.0
2024-04-19 12:00:00+08:00,2190.0,2200.0,2190.0,2190.0,95819,0.0,0.0
2024-04-19 13:00:00+08:00,2190.0,2190.0,2190.0,2190.0,14035,0.0,0.0
2024-04-22 09:00:00+08:00,2160.0,2185.0,2110.0,2130.0,0,0.0,0.0
2024-04-22 10:00:00+08:00,2130.0,2130.0,1975.0,1990.0,861504,0.0,0.0
2024-04-22 11:00:00+08:00,1990.0,1995.0,1975.0,1975.0,137756,0.0,0.0
2024-04-22 12:00:00+08:00,1975.0,1975.0,1975.0,1975.0,66418,0.0,0.0
2024-04-22 13:00:00+08:00,1975.0,1975.0,1975.0,1975.0,11564,0.0,0.0
2024-04-23 09:00:00+08:00,1995.0,2065.0,1975.0,2060.0,0,0.0,0.0
2024-04-23 10:00:00+08:00,2065.0,2070.0,2035.0,2065.0,163860,0.0,0.0
2024-04-23 11:00:00+08:00,2055.0,2070.0,2045.0,2055.0,79066,0.0,0.0
2024-04-23 12:00:00+08:00,2050.0,2070.0,2050.0,2055.0,73445,0.0,0.0
2024-04-23 13:00:00+08:00,2055.0,2075.0,2055.0,2070.0,47849,0.0,0.0
2024-04-24 09:00:00+08:00,2100.0,2190.0,2100.0,2125.0,0,0.0,0.0
2024-04-24 10:00:00+08:00,2120.0,2120.0,2090.0,2115.0,133624,0.0,0.0
2024-04-24 11:00:00+08:00,2115.0,2120.0,2100.0,2120.0,83750,0.0,0.0
2024-04-24 12:00:00+08:00,2120.0,2145.0,2105.0,2120.0,148434,0.0,0.0
2024-04-24 13:00:00+08:00,2115.0,2140.0,2115.0,2140.0,53348,0.0,0.0
2024-04-25 09:00:00+08:00,2100.0,2110.0,1990.0,2005.0,387136,0.0,0.0
2024-04-25 10:00:00+08:00,2000.0,2025.0,1975.0,1985.0,325386,0.0,0.0
2024-04-25 11:00:00+08:00,1985.0,1985.0,1930.0,1930.0,424271,0.0,0.0
2024-04-25 12:00:00+08:00,1930.0,1935.0,1930.0,1930.0,117896,0.0,0.0
2024-04-25 13:00:00+08:00,1930.0,1930.0,1930.0,1930.0,18243,0.0,0.0
2024-04-26 09:00:00+08:00,1980.0,2075.0,1965.0,2075.0,0,0.0,0.0
2024-04-26 10:00:00+08:00,2070.0,2110.0,2050.0,2095.0,261091,0.0,0.0
2024-04-26 11:00:00+08:00,2090.0,2095.0,2080.0,2080.0,82970,0.0,0.0
2024-04-26 12:00:00+08:00,2080.0,2095.0,2080.0,2090.0,82077,0.0,0.0
2024-04-26 13:00:00+08:00,2095.0,2100.0,2080.0,2080.0,59012,0.0,0.0
2024-04-29 09:00:00+08:00,2165.0,2250.0,2165.0,2210.0,0,0.0,0.0
2024-04-29 10:00:00+08:00,2215.0,2235.0,2195.0,2235.0,144569,0.0,0.0
2024-04-29 11:00:00+08:00,2230.0,2240.0,2215.0,2220.0,96787,0.0,0.0
2024-04-29 12:00:00+08:00,2220.0,2240.0,2215.0,2230.0,121073,0.0,0.0
2024-04-29 13:00:00+08:00,2235.0,2240.0,2220.0,2225.0,81323,0.0,0.0
2024-04-30 09:00:00+08:00,2225.0,2245.0,2200.0,2225.0,0,0.0,0.0
2024-04-30 10:00:00+08:00,2215.0,2230.0,2215.0,2225.0,32343,0.0,0.0
2024-04-30 11:00:00+08:00,2230.0,2245.0,2230.0,2245.0,46365,0.0,0.0
2024-04-30 12:00:00+08:00,2245.0,2250.0,2235.0,2245.0,63583,0.0,0.0
2024-04-30 13:00:00+08:00,2245.0,2245.0,2235.0,2235.0,43253,0.0,0.0
2024-05-02 09:00:00+08:00,2215.0,2300.0,2210.0,2295.0,0,0.0,0.0
2024-05-02 10:00:00+08:00,2295.0,2355.0,2270.0,2340.0,279751,0.0,0.0
2024-05-02 11:00:00+08:00,2340.0,2350.0,2330.0,2345.0,59624,0.0,0.0
2024-05-02 12:00:00+08:00,2345.0,2350.0,2320.0,2330.0,94129,0.0,0.0
2024-05-02 13:00:00+08:00,2335.0,2340.0,2325.0,2325.0,61957,0.0,0.0
2024-05-03 09:00:00+08:00,2435.0,2435.0,2265.0,2275.0,0,0.0,0.0
2024-05-03 10:00:00+08:00,2280.0,2285.0,2250.0,2255.0,109964,0.0,0.0
2024-05-03 11:00:00+08:00,2255.0,2265.0,2240.0,2250.0,53452,0.0,0.0
2024-05-03 12:00:00+08:00,2240.0,2255.0,2240.0,2245.0,104350,0.0,0.0
2024-05-03 13:00:00+08:00,2245.0,2245.0,2230.0,2235.0,89357,0.0,0.0
2024-05-06 09:00:00+08:00,2290.0,2290.0,2200.0,2245.0,0,0.0,0.0
2024-05-06 10:00:00+08:00,2245.0,2280.0,2240.0,2250.0,66943,0.0,0.0
2024-05-06 11:00:00+08:00,2250.0,2255.0,2250.0,2255.0,12662,0.0,0.0
2024-05-06 12:00:00+08:00,2255.0,2255.0,2250.0,2250.0,19385,0.0,0.0
2024-05-06 13:00:00+08:00,2250.0,2265.0,2240.0,2260.0,41977,0.0,0.0
2024-05-07 09:00:00+08:00,2240.0,2260.0,2130.0,2230.0,535610,0.0,0.0
2024-05-07 10:00:00+08:00,2225.0,2270.0,2215.0,2230.0,91421,0.0,0.0
2024-05-07 11:00:00+08:00,2235.0,2255.0,2230.0,2250.0,34331,0.0,0.0
2024-05-07 12:00:00+08:00,2255.0,2265.0,2245.0,2255.0,79836,0.0,0.0
2024-05-07 13:00:00+08:00,2260.0,2270.0,2245.0,2255.0,56124,0.0,0.0
2024-05-08 09:00:00+08:00,2275.0,2315.0,2265.0,2295.0,0,0.0,0.0
2024-05-08 10:00:00+08:00,2295.0,2310.0,2280.0,2290.0,93576,0.0,0.0
2024-05-08 11:00:00+08:00,2285.0,2305.0,2285.0,2300.0,65446,0.0,0.0
2024-05-08 12:00:00+08:00,2300.0,2310.0,2295.0,2305.0,58710,0.0,0.0
2024-05-08 13:00:00+08:00,2305.0,2310.0,2300.0,2305.0,36667,0.0,0.0
2024-05-09 09:00:00+08:00,2345.0,2350.0,2185.0,2205.0,0,0.0,0.0
2024-05-09 10:00:00+08:00,2205.0,2245.0,2200.0,2225.0,148452,0.0,0.0
2024-05-09 11:00:00+08:00,2230.0,2240.0,2220.0,2230.0,42690,0.0,0.0
2024-05-09 12:00:00+08:00,2230.0,2260.0,2220.0,2260.0,151998,0.0,0.0
2024-05-09 13:00:00+08:00,2265.0,2265.0,2250.0,2260.0,74046,0.0,0.0
2024-05-10 09:00:00+08:00,2270.0,2320.0,2210.0,2225.0,0,0.0,0.0
2024-05-10 10:00:00+08:00,2225.0,2260.0,2200.0,2235.0,180437,0.0,0.0
2024-05-10 11:00:00+08:00,2230.0,2240.0,2215.0,2220.0,43277,0.0,0.0
2024-05-10 12:00:00+08:00,2220.0,2230.0,2215.0,2215.0,54894,0.0,0.0
2024-05-10 13:00:00+08:00,2210.0,2220.0,2200.0,2210.0,62284,0.0,0.0
2024-05-13 09:00:00+08:00,2210.0,2290.0,2210.0,2265.0,0,0.0,0.0
2024-05-13 10:00:00+08:00,2270.0,2290.0,2265.0,2265.0,50040,0.0,0.0
2024-05-13 11:00:00+08:00,2270.0,2310.0,2260.0,2300.0,151461,0.0,0.0
2024-05-13 12:00:00+08:00,2300.0,2325.0,2295.0,2310.0,85710,0.0,0.0
2024-05-13 13:00:00+08:00,2315.0,2325.0,2315.0,2325.0,66636,0.0,0.0
2024-05-14 09:00:00+08:00,2310.0,2475.0,2310.0,2470.0,0,0.0,0.0
2024-05-14 10:00:00+08:00,2470.0,2475.0,2435.0,2465.0,187580,0.0,0.0
2024-05-14 11:00:00+08:00,2455.0,2460.0,2440.0,2445.0,115004,0.0,0.0
2024-05-14 12:00:00+08:00,2440.0,2445.0,2430.0,2440.0,118889,0.0,0.0
2024-05-14 13:00:00+08:00,2445.0,2450.0,2430.0,2440.0,56020,0.0,0.0
2024-05-15 09:00:00+08:00,2510.0,2540.0,2405.0,2425.0,0,0.0,0.0
2024-05-15 10:00:00+08:00,2425.0,2460.0,2425.0,2435.0,95679,0.0,0.0
2024-05-15 11:00:00+08:00,2440.0,2440.0,2430.0,2435.0,45919,0.0,0.0
2024-05-15 12:00:00+08:00,2430.0,2435.0,2425.0,2430.0,43390,0.0,0.0
2024-05-15 13:00:00+08:00,2430.0,2430.0,2420.0,2425.0,61130,0.0,0.0
2024-05-16 09:00:00+08:00,2445.0,2470.0,2415.0,2425.0,179869,0.0,0.0
2024-05-16 10:00:00+08:00,2425.0,2430.0,2410.0,2420.0,72659,0.0,0.0
2024-05-16 11:00:00+08:00,2425.0,2430.0,2415.0,2415.0,39394,0.0,0.0
2024-05-16 12:00:00+08:00,2415.0,2440.0,2415.0,2435.0,47759,0.0,0.0
2024-05-16 13:00:00+08:00,2435.0,2445.0,2430.0,2430.0,39616,0.0,0.0
2024-05-17 09:00:00+08:00,2440.0,2440.0,2400.0,2410.0,0,0.0,0.0
2024-05-17 10:00:00+08:00,2410.0,2420.0,2410.0,2420.0,10481,0.0,0.0
2024-05-17 11:00:00+08:00,2420.0,2430.0,2420.0,2425.0,12972,0.0,0.0
2024-05-17 12:00:00+08:00,2425.0,2440.0,2420.0,2430.0,39674,0.0,0.0
2024-05-17 13:00:00+08:00,2430.0,2450.0,2420.0,2420.0,50817,0.0,0.0
2024-05-20 09:00:00+08:00,2400.0,2425.0,2380.0,2405.0,0,0.0,0.0
2024-05-20 10:00:00+08:00,2415.0,2425.0,2400.0,2410.0,30730,0.0,0.0
2024-05-20 11:00:00+08:00,2405.0,2405.0,2370.0,2380.0,60952,0.0,0.0
2024-05-20 12:00:00+08:00,2385.0,2385.0,2375.0,2380.0,16469,0.0,0.0
2024-05-20 13:00:00+08:00,2380.0,2385.0,2375.0,2380.0,18222,0.0,0.0
2024-05-21 09:00:00+08:00,2390.0,2395.0,2300.0,2305.0,0,0.0,0.0
2024-05-21 10:00:00+08:00,2305.0,2320.0,2295.0,2300.0,80725,0.0,0.0
2024-05-21 11:00:00+08:00,2305.0,2305.0,2295.0,2300.0,33605,0.0,0.0
2024-05-21 12:00:00+08:00,2295.0,2300.0,2290.0,2300.0,45624,0.0,0.0
2024-05-21 13:00:00+08:00,2305.0,2310.0,2295.0,2300.0,50666,0.0,0.0
2024-05-22 09:00:00+08:00,2320.0,2325.0,2295.0,2315.0,0,0.0,0.0
2024-05-22 10:00:00+08:00,2310.0,2330.0,2310.0,2325.0,46347,0.0,0.0
2024-05-22 11:00:00+08:00,2330.0,2360.0,2330.0,2330.0,67509,0.0,0.0
2024-05-22 12:00:00+08:00,2340.0,2365.0,2335.0,2345.0,47760,0.0,0.0
2024-05-22 13:00:00+08:00,2340.0,2350.0,2330.0,2330.0,54725,0.0,0.0
2024-05-23 09:00:00+08:00,2320.0,2350.0,2280.0,2290.0,0,0.0,0.0
2024-05-23 10:00:00+08:00,2295.0,2305.0,2275.0,2290.0,86525,0.0,0.0
2024-05-23 11:00:00+08:00,2290.0,2300.0,2275.0,2290.0,60554,0.0,0.0
2024-05-23 12:00:00+08:00,2290.0,2295.0,2285.0,2295.0,52198,0.0,0.0
2024-05-23 13:00:00+08:00,2300.0,2305.0,2295.0,2295.0,32432,0.0,0.0
2024-05-24 09:00:00+08:00,2285.0,2400.0,2260.0,2370.0,239466,0.0,0.0
2024-05-24 10:00:00+08:00,2370.0,2370.0,2340.0,2350.0,38776,0.0,0.0
2024-05-24 11:00:00+08:00,2360.0,2375.0,2350.0,2375.0,31685,0.0,0.0
2024-05-24 12:00:00+08:00,2375.0,2375.0,2355.0,2375.0,30560,0.0,0.0
2024-05-24 13:00:00+08:00,2375.0,2380.0,2365.0,2375.0,35166,0.0,0.0
2024-05-27 09:00:00+08:00,2385.0,2445.0,2385.0,2405.0,0,0.0,0.0
2024-05-27 10:00:00+08:00,2410.0,2415.0,2400.0,2400.0,33315,0.0,0.0
2024-05-27 11:00:00+08:00,2400.0,2400.0,2310.0,2310.0,161346,0.0,0.0
2024-05-27 12:00:00+08:00,2310.0,2315.0,2280.0,2300.0,205861,0.0,0.0
2024-05-27 13:00:00+08:00,2300.0,2310.0,2295.0,2300.0,32257,0.0,0.0
2024-05-28 09:00:00+08:00,2310.0,2325.0,2280.0,2310.0,0,0.0,0.0
2024-05-28 10:00:00+08:00,2315.0,2355.0,2315.0,2335.0,98542,0.0,0.0
2024-05-28 11:00:00+08:00,2335.0,2350.0,2330.0,2340.0,53857,0.0,0.0
2024-05-28 12:00:00+08:00,2340.0,2340.0,2325.0,2325.0,55120,0.0,0.0
2024-05-28 13:00:00+08:00,2330.0,2335.0,2320.0,2325.0,33856,0.0,0.0
2024-05-29 09:00:00+08:00,2330.0,2420.0,2305.0,2325.0,0,0.0,0.0
2024-05-29 10:00:00+08:00,2325.0,2340.0,2290.0,2310.0,100421,0.0,0.0
2024-05-29 11:00:00+08:00,2310.0,2310.0,2295.0,2310.0,42193,0.0,0.0
2024-05-29 12:00:00+08:00,2300.0,2305.0,2290.0,2290.0,64023,0.0,0.0
2024-05-29 13:00:00+08:00,2290.0,2310.0,2290.0,2300.0,47068,0.0,0.0
2024-05-30 09:00:00+08:00,2260.0,2300.0,2245.0,2275.0,0,0.0,0.0
2024-05-30 10:00:00+08:00,2275.0,2275.0,2255.0,2265.0,38789,0.0,0.0
2024-05-30 11:00:00+08:00,2270.0,2280.0,2260.0,2280.0,37070,0.0,0.0
2024-05-30 12:00:00+08:00,2275.0,2285.0,2270.0,2275.0,45472,0.0,0.0
2024-05-30 13:00:00+08:00,2275.0,2280.0,2265.0,2270.0,43538,0.0,0.0
2024-05-31 09:00:00+08:00,2280.0,2330.0,2250.0,2255.0,0,0.0,0.0
2024-05-31 10:00:00+08:00,2260.0,2265.0,2220.0,2230.0,111286,0.0,0.0
2024-05-31 11:00:00+08:00,2230.0,2235.0,2210.0,2220.0,104327,0.0,0.0
2024-05-31 12:00:00+08:00,2220.0,2265.0,2200.0,2205.0,43177,0.0,0.0
2024-05-31 13:00:00+08:00,2205.0,2225.0,2205.0,2215.0,64310,0.0,0.0
2024-06-03 09:00:00+08:00,2220.0,2235.0,2180.0,2185.0,0,0.0,0.0
2024-06-03 10:00:00+08:00,2190.0,2200.0,2185.0,2200.0,42595,0.0,0.0
2024-06-03 11:00:00+08:00,2200.0,2205.0,2195.0,2195.0,26678,0.0,0.0
2024-06-03 12:00:00+08:00,2190.0,2195.0,2190.0,2195.0,36696,0.0,0.0
2024-06-03 13:00:00+08:00,2195.0,2200.0,2195.0,2195.0,26321,0.0,0.0
2024-06-04 09:00:00+08:00,2200.0,2255.0,2165.0,2255.0,0,0.0,0.0
2024-06-04 10:00:00+08:00,2255.0,2275.0,2225.0,2225.0,121656,0.0,0.0
2024-06-04 11:00:00+08:00,2225.0,2230.0,2215.0,2215.0,41408,0.0,0.0
2024-06-04 12:00:00+08:00,2215.0,2235.0,2215.0,2230.0,32065,0.0,0.0
2024-06-04 13:00:00+08:00,2230.0,2235.0,2220.0,2225.0,25149,0.0,0.0
2024-06-05 09:00:00+08:00,2225.0,2320.0,2225.0,2315.0,0,0.0,0.0
2024-06-05 10:00:00+08:00,2315.0,2380.0,2315.0,2350.0,190606,0.0,0.0
2024-06-05 11:00:00+08:00,2350.0,2375.0,2330.0,2355.0,71658,0.0,0.0
2024-06-05 12:00:00+08:00,2355.0,2380.0,2355.0,2370.0,66921,0.0,0.0
2024-06-05 13:00:00+08:00,2370.0,2385.0,2370.0,2385.0,63723,0.0,0.0
2024-06-06 09:00:00+08:00,2405.0,2435.0,2365.0,2375.0,0,0.0,0.0
2024-06-06 10:00:00+08:00,2375.0,2400.0,2355.0,2385.0,49618,0.0,0.0
2024-06-06 11:00:00+08:00,2380.0,2385.0,2360.0,2380.0,24748,0.0,0.0
2024-06-06 12:00:00+08:00,2375.0,2380.0,2365.0,2375.0,28554,0.0,0.0
2024-06-06 13:00:00+08:00,2380.0,2385.0,2365.0,2370.0,38637,0.0,0.0
2024-06-07 09:00:00+08:00,2375.0,2385.0,2360.0,2370.0,0,0.0,0.0
2024-06-07 10:00:00+08:00,2365.0,2370.0,2330.0,2330.0,73345,0.0,0.0
2024-06-07 11:00:00+08:00,2330.0,2345.0,2325.0,2335.0,40143,0.0,0.0
2024-06-07 12:00:00+08:00,2335.0,2385.0,2335.0,2370.0,78828,0.0,0.0
2024-06-07 13:00:00+08:00,2370.0,2380.0,2365.0,2380.0,28400,0.0,0.0
2024-06-11 09:00:00+08:00,2360.0,2395.0,2305.0,2305.0,0,0.0,0.0
2024-06-11 10:00:00+08:00,2310.0,2360.0,2310.0,2355.0,104057,0.0,0.0
2024-06-11 11:00:00+08:00,2350.0,2355.0,2330.0,2345.0,82203,0.0,0.0
2024-06-11 12:00:00+08:00,2350.0,2350.0,2330.0,2330.0,56177,0.0,0.0
2024-06-11 13:00:00+08:00,2340.0,2350.0,2330.0,2350.0,41455,0.0,0.0
2024-06-12 09:00:00+08:00,2375.0,2475.0,2360.0,2450.0,0,0.0,0.0
2024-06-12 10:00:00+08:00,2455.0,2485.0,2415.0,2475.0,118138,0.0,0.0
2024-06-12 11:00:00+08:00,2470.0,2490.0,2465.0,2485.0,109354,0.0,0.0
2024-06-12 12:00:00+08:00,2485.0,2510.0,2480.0,2490.0,144276,0.0,0.0
2024-06-12 13:00:00+08:00,2495.0,2520.0,2490.0,2510.0,113308,0.0,0.0
2024-06-13 09:00:00+08:00,2580.0,2630.0,2530.0,2615.0,0,0.0,0.0
2024-06-13 10:00:00+08:00,2615.0,2690.0,2610.0,2685.0,316758,0.0,0.0
2024-06-13 11:00:00+08:00,2690.0,2740.0,2690.0,2720.0,312820,0.0,0.0
2024-06-13 12:00:00+08:00,2720.0,2735.0,2720.0,2720.0,124375,0.0,0.0
2024-06-13 13:00:00+08:00,2720.0,2720.0,2695.0,2700.0,79494,0.0,0.0
2024-06-14 09:00:00+08:00,2670.0,2690.0,2620.0,2680.0,0,0.0,0.0
2024-06-14 10:00:00+08:00,2680.0,2750.0,2680.0,2740.0,161390,0.0,0.0
2024-06-14 11:00:00+08:00,2750.0,2750.0,2690.0,2695.0,76230,0.0,0.0
2024-06-14 12:00:00+08:00,2695.0,2695.0,2665.0,2680.0,55824,0.0,0.0
2024-06-14 13:00:00+08:00,2680.0,2695.0,2670.0,2685.0,49002,0.0,0.0
2024-06-17 09:00:00+08:00,2720.0,2720.0,2655.0,2665.0,0,0.0,0.0
2024-06-17 10:00:00+08:00,2670.0,2730.0,2670.0,2710.0,56636,0.0,0.0
2024-06-17 11:00:00+08:00,2715.0,2720.0,2690.0,2695.0,37851,0.0,0.0
2024-06-17 12:00:00+08:00,2705.0,2705.0,2695.0,2705.0,24722,0.0,0.0
2024-06-17 13:00:00+08:00,2705.0,2710.0,2695.0,2710.0,37906,0.0,0.0
2024-06-18 09:00:00+08:00,2750.0,2790.0,2730.0,2765.0,0,0.0,0.0
2024-06-18 10:00:00+08:00,2760.0,2795.0,2760.0,2785.0,147542,0.0,0.0
2024-06-18 11:00:00+08:00,2780.0,2800.0,2755.0,2800.0,135479,0.0,0.0
2024-06-18 12:00:00+08:00,2800.0,2805.0,2770.0,2780.0,89362,0.0,0.0
2024-06-18 13:00:00+08:00,2785.0,2790.0,2780.0,2780.0,43196,0.0,0.0
2024-06-19 09:00:00+08:00,2820.0,2825.0,2740.0,2760.0,0,0.0,0.0
2024-06-19 10:00:00+08:00,2760.0,2795.0,2760.0,2775.0,62294,0.0,0.0
2024-06-19 11:00:00+08:00,2775.0,2785.0,2750.0,2760.0,62837,0.0,0.0
2024-06-19 12:00:00+08:00,2765.0,2780.0,2755.0,2765.0,47535,0.0,0.0
2024-06-19 13:00:00+08:00,2770.0,2770.0,2745.0,2745.0,55182,0.0,0.0
2024-06-20 09:00:00+08:00,2775.0,2840.0,2765.0,2785.0,0,0.0,0.0
2024-06-20 10:00:00+08:00,2785.0,2800.0,2760.0,2770.0,80319,0.0,0.0
2024-06-20 11:00:00+08:00,2770.0,2780.0,2715.0,2720.0,107508,0.0,0.0
2024-06-20 12:00:00+08:00,2730.0,2730.0,2670.0,2670.0,142259,0.0,0.0
2024-06-20 13:00:00+08:00,2680.0,2680.0,2655.0,2665.0,60789,0.0,0.0
2024-06-21 09:00:00+08:00,2675.0,2700.0,2655.0,2670.0,0,0.0,0.0
2024-06-21 10:00:00+08:00,2675.0,2685.0,2615.0,2630.0,116400,0.0,0.0
2024-06-21 11:00:00+08:00,2635.0,2640.0,2605.0,2620.0,73887,0.0,0.0
2024-06-21 12:00:00+08:00,2625.0,2635.0,2605.0,2625.0,88508,0.0,0.0
2024-06-21 13:00:00+08:00,2625.0,2650.0,2615.0,2615.0,59612,0.0,0.0
2024-06-24 09:00:00+08:00,2600.0,2615.0,2545.0,2560.0,0,0.0,0.0
2024-06-24 10:00:00+08:00,2570.0,2570.0,2550.0,2570.0,39490,0.0,0.0
2024-06-24 11:00:00+08:00,2570.0,2570.0,2560.0,2565.0,16407,0.0,0.0
2024-06-24 12:00:00+08:00,2560.0,2595.0,2560.0,2590.0,57510,0.0,0.0
2024-06-24 13:00:00+08:00,2595.0,2600.0,2565.0,2570.0,52506,0.0,0.0
2024-06-25 09:00:00+08:00,2775.0,2775.0,2565.0,2630.0,0,0.0,0.0
2024-06-25 10:00:00+08:00,2625.0,2625.0,2575.0,2585.0,59702,0.0,0.0
2024-06-25 11:00:00+08:00,2595.0,2610.0,2590.0,2595.0,39129,0.0,0.0
2024-06-25 12:00:00+08:00,2595.0,2605.0,2595.0,2605.0,36342,0.0,0.0
2024-06-25 13:00:00+08:00,2605.0,2605.0,2575.0,2575.0,54479,0.0,0.0
2024-06-26 09:00:00+08:00,2605.0,2680.0,2575.0,2650.0,0,0.0,0.0
2024-06-26 10:00:00+08:00,2640.0,2670.0,2640.0,2655.0,39384,0.0,0.0
2024-06-26 11:00:00+08:00,2645.0,2680.0,2640.0,2680.0,60207,0.0,0.0
2024-06-26 12:00:00+08:00,2670.0,2710.0,2665.0,2695.0,88567,0.0,0.0
2024-06-26 13:00:00+08:00,2695.0,2715.0,2695.0,2715.0,71218,0.0,0.0
2024-06-27 09:00:00+08:00,2645.0,2645.0,2570.0,2570.0,0,0.0,0.0
2024-06-27 10:00:00+08:00,2565.0,2580.0,2550.0,2555.0,75647,0.0,0.0
2024-06-27 11:00:00+08:00,2560.0,2560.0,2540.0,2545.0,45783,0.0,0.0
2024-06-27 12:00:00+08:00,2550.0,2550.0,2525.0,2525.0,51629,0.0,0.0
2024-06-27 13:00:00+08:00,2525.0,2535.0,2525.0,2535.0,43755,0.0,0.0
2024-06-28 09:00:00+08:00,2570.0,2620.0,2560.0,2580.0,0,0.0,0.0
2024-06-28 10:00:00+08:00,2580.0,2595.0,2565.0,2580.0,34825,0.0,0.0
2024-06-28 11:00:00+08:00,2575.0,2600.0,2575.0,2580.0,34613,0.0,0.0
2024-06-28 12:00:00+08:00,2590.0,2595.0,2585.0,2590.0,23753,0.0,0.0
2024-06-28 13:00:00+08:00,2590.0,2600.0,2580.0,2580.0,43561,0.0,0.0
2024-07-01 09:00:00+08:00,2600.0,2630.0,2590.0,2610.0,0,0.0,0.0
2024-07-01 10:00:00+08:00,2605.0,2605.0,2575.0,2585.0,13605,0.0,0.0
2024-07-01 11:00:00+08:00,2580.0,2590.0,2530.0,2530.0,37700,0.0,0.0
2024-07-01 12:00:00+08:00,2540.0,2555.0,2520.0,2525.0,48664,0.0,0.0
2024-07-01 13:00:00+08:00,2540.0,2580.0,2540.0,2580.0,12696,0.0,0.0
2024-07-02 09:00:00+08:00,2540.0,2595.0,2505.0,2585.0,0,0.0,0.0
2024-07-02 10:00:00+08:00,2590.0,2625.0,2590.0,2590.0,54021,0.0,0.0
2024-07-02 11:00:00+08:00,2585.0,2585.0,2570.0,2585.0,12489,0.0,0.0
2024-07-02 12:00:00+08:00,2580.0,2600.0,2575.0,2600.0,20500,0.0,0.0
2024-07-02 13:00:00+08:00,2590.0,2595.0,2580.0,2585.0,20364,0.0,0.0
2024-07-03 09:00:00+08:00,2630.0,2635.0,2570.0,2570.0,62681,0.0,0.0
2024-07-03 10:00:00+08:00,2575.0,2585.0,2575.0,2585.0,17480,0.0,0.0
2024-07-03 11:00:00+08:00,2580.0,2590.0,2580.0,2590.0,13291,0.0,0.0
2024-07-03 12:00:00+08:00,2575.0,2585.0,2545.0,2550.0,51785,0.0,0.0
2024-07-03 13:00:00+08:00,2550.0,2560.0,2545.0,2560.0,19425,0.0,0.0
2024-07-04 09:00:00+08:00,2605.0,2615.0,2575.0,2595.0,77230,17.49899,0.0
2024-07-04 10:00:00+08:00,2590.0,2660.0,2590.0,2645.0,150849,0.0,0.0
2024-07-04 11:00:00+08:00,2635.0,2650.0,2625.0,2630.0,35711,0.0,0.0
2024-07-04 12:00:00+08:00,2635.0,2660.0,2635.0,2650.0,32369,0.0,0.0
2024-07-04 13:00:00+08:00,2660.0,2660.0,2625.0,2625.0,18832,0.0,0.0
2024-07-05 09:00:00+08:00,2695.0,2730.0,2585.0,2590.0,0,0.0,0.0
2024-07-05 10:00:00+08:00,2585.0,2630.0,2570.0,2620.0,40110,0.0,0.0
2024-07-05 11:00:00+08:00,2620.0,2630.0,2615.0,2620.0,9510,0.0,0.0
2024-07-05 12:00:00+08:00,2620.0,2620.0,2585.0,2585.0,10831,0.0,0.0
2024-07-05 13:00:00+08:00,2590.0,2600.0,2580.0,2580.0,12560,0.0,0.0
2024-07-08 09:00:00+08:00,2555.0,2635.0,2555.0,2610.0,0,0.0,0.0
2024-07-08 10:00:00+08:00,2610.0,2610.0,2605.0,2610.0,11361,0.0,0.0
2024-07-08 11:00:00+08:00,2610.0,2620.0,2600.0,2620.0,19012,0.0,0.0
2024-07-08 12:00:00+08:00,2610.0,2620.0,2610.0,2620.0,7713,0.0,0.0
2024-07-08 13:00:00+08:00,2610.0,2625.0,2605.0,2605.0,14810,0.0,0.0
2024-07-09 09:00:00+08:00,2600.0,2640.0,2590.0,2605.0,101212,0.0,0.0
2024-07-09 10:00:00+08:00,2615.0,2740.0,2615.0,2715.0,206413,0.0,0.0
2024-07-09 11:00:00+08:00,2720.0,2770.0,2710.0,2770.0,120064,0.0,0.0
2024-07-09 12:00:00+08:00,2770.0,2800.0,2760.0,2785.0,114422,0.0,0.0
2024-07-09 13:00:00+08:00,2780.0,2800.0,2780.0,2795.0,52820,0.0,0.0
2024-07-10 09:00:00+08:00,2770.0,2805.0,2735.0,2760.0,193179,0.0,0.0
2024-07-10 10:00:00+08:00,2750.0,2765.0,2720.0,2760.0,91254,0.0,0.0
2024-07-10 11:00:00+08:00,2760.0,2770.0,2745.0,2770.0,63003,0.0,0.0
2024-07-10 12:00:00+08:00,2760.0,2775.0,2760.0,2770.0,42827,0.0,0.0
2024-07-10 13:00:00+08:00,2765.0,2775.0,2760.0,2770.0,24709,0.0,0.0
2024-07-11 09:00:00+08:00,2780.0,2920.0,2780.0,2890.0,398215,0.0,0.0
2024-07-11 10:00:00+08:00,2890.0,2905.0,2860.0,2875.0,140529,0.0,0.0
2024-07-11 11:00:00+08:00,2880.0,2905.0,2865.0,2905.0,117601,0.0,0.0
2024-07-11 12:00:00+08:00,2905.0,2910.0,2895.0,2910.0,73988,0.0,0.0
2024-07-11 13:00:00+08:00,2905.0,2920.0,2905.0,2915.0,87268,0.0,0.0
2024-07-12 09:00:00+08:00,2890.0,2930.0,2830.0,2840.0,274751,0.0,0.0
2024-07-12 10:00:00+08:00,2840.0,2865.0,2815.0,2820.0,100663,0.0,0.0
2024-07-12 11:00:00+08:00,2835.0,2845.0,2755.0,2760.0,178161,0.0,0.0
2024-07-12 12:00:00+08:00,2760.0,2770.0,2655.0,2655.0,218171,0.0,0.0
2024-07-12 13:00:00+08:00,2665.0,2675.0,2650.0,2670.0,72703,0.0,0.0
2024-07-15 09:00:00+08:00,2735.0,2750.0,2690.0,2725.0,0,0.0,0.0
2024-07-15 10:00:00+08:00,2730.0,2745.0,2730.0,2730.0,25092,0.0,0.0
2024-07-15 11:00:00+08:00,2720.0,2735.0,2720.0,2735.0,17140,0.0,0.0
2024-07-15 12:00:00+08:00,2740.0,2740.0,2715.0,2715.0,31760,0.0,0.0
2024-07-15 13:00:00+08:00,2710.0,2735.0,2710.0,2725.0,25276,0.0,0.0
2024-07-16 09:00:00+08:00,2760.0,2775.0,2720.0,2760.0,98065,0.0,0.0
2024-07-16 10:00:00+08:00,2765.0,2770.0,2745.0,2745.0,18436,0.0,0.0
2024-07-16 11:00:00+08:00,2745.0,2745.0,2660.0,2695.0,70416,0.0,0.0
2024-07-16 12:00:00+08:00,2700.0,2700.0,2670.0,2675.0,43733,0.0,0.0
2024-07-16 13:00:00+08:00,2685.0,2685.0,2670.0,2685.0,20061,0.0,0.0
2024-07-17 09:00:00+08:00,2700.0,2700.0,2595.0,2610.0,191767,0.0,0.0
2024-07-17 10:00:00+08:00,2610.0,2610.0,2590.0,2600.0,76456,0.0,0.0
2024-07-17 11:00:00+08:00,2600.0,2620.0,2565.0,2615.0,157402,0.0,0.0
2024-07-17 12:00:00+08:00,2620.0,2635.0,2600.0,2610.0,79913,0.0,0.0
2024-07-17 13:00:00+08:00,2610.0,2615.0,2595.0,2605.0,68209,0.0,0.0
2024-07-18 09:00:00+08:00,2550.0,2555.0,2440.0,2515.0,276673,0.0,0.0
2024-07-18 10:00:00+08:00,2510.0,2520.0,2500.0,2515.0,61032,0.0,0.0
2024-07-18 11:00:00+08:00,2510.0,2570.0,2510.0,2570.0,55778,0.0,0.0
2024-07-18 12:00:00+08:00,2570.0,2570.0,2545.0,2565.0,30852,0.0,0.0
2024-07-18 13:00:00+08:00,2560.0,2585.0,2560.0,2580.0,32752,0.0,0.0
2024-07-19 09:00:00+08:00,2580.0,2590.0,2500.0,2500.0,158251,0.0,0.0
2024-07-19 10:00:00+08:00,2500.0,2525.0,2500.0,2505.0,129213,0.0,0.0
2024-07-19 11:00:00+08:00,2505.0,2505.0,2470.0,2475.0,138245,0.0,0.0
2024-07-19 12:00:00+08:00,2475.0,2495.0,2465.0,2465.0,77883,0.0,0.0
2024-07-19 13:00:00+08:00,2465.0,2465.0,2450.0,2455.0,58422,0.0,0.0
2024-07-22 09:00:00+08:00,2455.0,2485.0,2440.0,2460.0,0,0.0,0.0
2024-07-22 10:00:00+08:00,2460.0,2465.0,2435.0,2445.0,107366,0.0,0.0
2024-07-22 11:00:00+08:00,2455.0,2455.0,2400.0,2415.0,93045,0.0,0.0
2024-07-22 12:00:00+08:00,2410.0,2425.0,2400.0,2420.0,125201,0.0,0.0
2024-07-22 13:00:00+08:00,2420.0,2440.0,2415.0,2415.0,58768,0.0,0.0
2024-07-23 09:00:00+08:00,2450.0,2500.0,2450.0,2475.0,114504,0.0,0.0
2024-07-23 10:00:00+08:00,2465.0,2505.0,2465.0,2475.0,53877,0.0,0.0
2024-07-23 11:00:00+08:00,2470.0,2475.0,2465.0,2465.0,21455,0.0,0.0
2024-07-23 12:00:00+08:00,2465.0,2465.0,2445.0,2450.0,62078,0.0,0.0
2024-07-23 13:00:00+08:00,2455.0,2460.0,2450.0,2455.0,24259,0.0,0.0
2024-07-26 09:00:00+08:00,2325.0,2350.0,2270.0,2280.0,249345,0.0,0.0
2024-07-26 10:00:00+08:00,2275.0,2325.0,2275.0,2320.0,112360,0.0,0.0
2024-07-26 11:00:00+08:00,2310.0,2310.0,2275.0,2280.0,76250,0.0,0.0
2024-07-26 12:00:00+08:00,2280.0,2290.0,2270.0,2285.0,80013,0.0,0.0
2024-07-26 13:00:00+08:00,2290.0,2300.0,2280.0,2285.0,43503,0.0,0.0
2024-07-29 09:00:00+08:00,2335.0,2425.0,2260.0,2400.0,0,0.0,0.0
2024-07-29 10:00:00+08:00,2410.0,2420.0,2325.0,2325.0,100012,0.0,0.0
2024-07-29 11:00:00+08:00,2335.0,2370.0,2320.0,2325.0,37451,0.0,0.0
2024-07-29 12:00:00+08:00,2325.0,2335.0,2310.0,2320.0,33105,0.0,0.0
2024-07-29 13:00:00+08:00,2325.0,2340.0,2325.0,2335.0,24549,0.0,0.0
2024-07-30 09:00:00+08:00,2340.0,2340.0,2260.0,2260.0,115118,0.0,0.0
2024-07-30 10:00:00+08:00,2260.0,2290.0,2260.0,2265.0,31144,0.0,0.0
2024-07-30 11:00:00+08:00,2270.0,2285.0,2265.0,2270.0,23243,0.0,0.0
2024-07-30 12:00:00+08:00,2275.0,2300.0,2270.0,2300.0,48978,0.0,0.0
2024-07-30 13:00:00+08:00,2300.0,2315.0,2295.0,2300.0,55415,0.0,0.0
2024-07-31 09:00:00+08:00,2250.0,2310.0,2250.0,2285.0,74402,0.0,0.0
2024-07-31 10:00:00+08:00,2285.0,2320.0,2275.0,2305.0,38221,0.0,0.0
2024-07-31 11:00:00+08:00,2300.0,2310.0,2290.0,2300.0,22432,0.0,0.0
2024-07-31 12:00:00+08:00,2300.0,2300.0,2290.0,2290.0,25257,0.0,0.0
2024-07-31 13:00:00+08:00,2295.0,2320.0,2295.0,2305.0,28271,0.0,0.0
2024-08-01 09:00:00+08:00,2375.0,2400.0,2305.0,2325.0,172582,0.0,0.0
2024-08-01 10:00:00+08:00,2310.0,2325.0,2300.0,2310.0,66698,0.0,0.0
2024-08-01 11:00:00+08:00,2320.0,2320.0,2290.0,2295.0,70486,0.0,0.0
2024-08-01 12:00:00+08:00,2290.0,2305.0,2275.0,2275.0,50724,0.0,0.0
2024-08-01 13:00:00+08:00,2270.0,2295.0,2255.0,2255.0,75662,0.0,0.0
2024-08-02 09:00:00+08:00,2130.0,2230.0,2095.0,2195.0,193985,0.0,0.0
2024-08-02 10:00:00+08:00,2185.0,2190.0,2135.0,2145.0,62972,0.0,0.0
2024-08-02 11:00:00+08:00,2150.0,2155.0,2130.0,2140.0,44807,0.0,0.0
2024-08-02 12:00:00+08:00,2130.0,2135.0,2110.0,2110.0,53017,0.0,0.0
2024-08-02 13:00:00+08:00,2110.0,2115.0,2095.0,2110.0,44336,0.0,0.0
2024-08-05 09:00:00+08:00,1995.0,2005.0,1935.0,1950.0,0,0.0,0.0
2024-08-05 10:00:00+08:00,1955.0,1995.0,1915.0,1985.0,245457,0.0,0.0
2024-08-05 11:00:00+08:00,1990.0,1990.0,1955.0,1975.0,59141,0.0,0.0
2024-08-05 12:00:00+08:00,1975.0,1975.0,1950.0,1950.0,76637,0.0,0.0
2024-08-05 13:00:00+08:00,1950.0,1975.0,1935.0,1975.0,79022,0.0,0.0
2024-08-06 09:00:00+08:00,2075.0,2110.0,1885.0,1950.0,282483,0.0,0.0
2024-08-06 10:00:00+08:00,1950.0,2035.0,1950.0,2005.0,110993,0.0,0.0
2024-08-06 11:00:00+08:00,2015.0,2065.0,2005.0,2040.0,62200,0.0,0.0
2024-08-06 12:00:00+08:00,2035.0,2035.0,2015.0,2015.0,33454,0.0,0.0
2024-08-06 13:00:00+08:00,2020.0,2020.0,2010.0,2020.0,18395,0.0,0.0
2024-08-07 09:00:00+08:00,1990.0,2135.0,1955.0,2135.0,376107,0.0,0.0
2024-08-07 10:00:00+08:00,2125.0,2155.0,2105.0,2150.0,96816,0.0,0.0
2024-08-07 11:00:00+08:00,2155.0,2195.0,2100.0,2100.0,205683,0.0,0.0
2024-08-07 12:00:00+08:00,2100.0,2185.0,2090.0,2130.0,212779,0.0,0.0
2024-08-07 13:00:00+08:00,2140.0,2145.0,2130.0,2145.0,39040,0.0,0.0
2024-08-08 09:00:00+08:00,2065.0,2255.0,2005.0,2235.0,544762,0.0,0.0
2024-08-08 10:00:00+08:00,2235.0,2330.0,2235.0,2270.0,391328,0.0,0.0
2024-08-08 11:00:00+08:00,2270.0,2270.0,2225.0,2255.0,85765,0.0,0.0
2024-08-08 12:00:00+08:00,2250.0,2260.0,2235.0,2245.0,51397,0.0,0.0
2024-08-08 13:00:00+08:00,2235.0,2255.0,2230.0,2255.0,32400,0.0,0.0
2024-08-09 09:00:00+08:00,2285.0,2320.0,2255.0,2275.0,159585,0.0,0.0
2024-08-09 10:00:00+08:00,2280.0,2310.0,2270.0,2300.0,79090,0.0,0.0
2024-08-09 11:00:00+08:00,2300.0,2325.0,2280.0,2280.0,96204,0.0,0.0
2024-08-09 12:00:00+08:00,2280.0,2280.0,2240.0,2240.0,78441,0.0,0.0
2024-08-09 13:00:00+08:00,2240.0,2255.0,2230.0,2245.0,66397,0.0,0.0
2024-08-12 09:00:00+08:00,2275.0,2315.0,2240.0,2250.0,91152,0.0,0.0
2024-08-12 10:00:00+08:00,2245.0,2260.0,2215.0,2230.0,75625,0.0,0.0
2024-08-12 11:00:00+08:00,2230.0,2275.0,2225.0,2275.0,80750,0.0,0.0
2024-08-12 12:00:00+08:00,2275.0,2275.0,2235.0,2235.0,49674,0.0,0.0
2024-08-12 13:00:00+08:00,2240.0,2240.0,2225.0,2235.0,23074,0.0,0.0
2024-08-13 09:00:00+08:00,2240.0,2295.0,2220.0,2265.0,126200,0.0,0.0
2024-08-13 10:00:00+08:00,2275.0,2345.0,2275.0,2340.0,133159,0.0,0.0
2024-08-13 11:00:00+08:00,2340.0,2390.0,2335.0,2365.0,131670,0.0,0.0
2024-08-13 12:00:00+08:00,2370.0,2400.0,2350.0,2350.0,89516,0.0,0.0
2024-08-13 13:00:00+08:00,2355.0,2355.0,2335.0,2340.0,36513,0.0,0.0
2024-08-14 09:00:00+08:00,2390.0,2480.0,2355.0,2470.0,202928,0.0,0.0
2024-08-14 10:00:00+08:00,2470.0,2495.0,2430.0,2430.0,166537,0.0,0.0
2024-08-14 11:00:00+08:00,2430.0,2440.0,2415.0,2425.0,33790,0.0,0.0
2024-08-14 12:00:00+08:00,2425.0,2440.0,2420.0,2420.0,20370,0.0,0.0
2024-08-14 13:00:00+08:00,2425.0,2430.0,2420.0,2430.0,22059,0.0,0.0
2024-08-15 09:00:00+08:00,2460.0,2490.0,2415.0,2430.0,116122,0.0,0.0
2024-08-15 10:00:00+08:00,2435.0,2500.0,2430.0,2495.0,93706,0.0,0.0
2024-08-15 11:00:00+08:00,2495.0,2505.0,2475.0,2490.0,65073,0.0,0.0
2024-08-15 12:00:00+08:00,2490.0,2495.0,2465.0,2470.0,18348,0.0,0.0
2024-08-15 13:00:00+08:00,2475.0,2475.0,2460.0,2460.0,31480,0.0,0.0
2024-08-16 09:00:00+08:00,2510.0,2525.0,2460.0,2465.0,97988,0.0,0.0
2024-08-16 10:00:00+08:00,2475.0,2520.0,2475.0,2520.0,56675,0.0,0.0
2024-08-16 11:00:00+08:00,2520.0,2580.0,2520.0,2560.0,147196,0.0,0.0
2024-08-16 12:00:00+08:00,2565.0,2595.0,2560.0,2570.0,95144,0.0,0.0
2024-08-16 13:00:00+08:00,2575.0,2590.0,2570.0,2585.0,41243,0.0,0.0
2024-08-19 09:00:00+08:00,2580.0,2645.0,2580.0,2630.0,184922,0.0,0.0
2024-08-19 10:00:00+08:00,2620.0,2625.0,2595.0,2600.0,59666,0.0,0.0
2024-08-19 11:00:00+08:00,2605.0,2615.0,2585.0,2595.0,34766,0.0,0.0
2024-08-19 12:00:00+08:00,2600.0,2610.0,2590.0,2590.0,22526,0.0,0.0
2024-08-19 13:00:00+08:00,2595.0,2610.0,2585.0,2600.0,41594,0.0,0.0
2024-08-20 09:00:00+08:00,2620.0,2670.0,2615.0,2665.0,134510,0.0,0.0
2024-08-20 10:00:00+08:00,2670.0,2700.0,2665.0,2695.0,113515,0.0,0.0
2024-08-20 11:00:00+08:00,2695.0,2695.0,2675.0,2685.0,45809,0.0,0.0
2024-08-20 12:00:00+08:00,2675.0,2685.0,2655.0,2655.0,29553,0.0,0.0
2024-08-20 13:00:00+08:00,2655.0,2660.0,2640.0,2650.0,24019,0.0,0.0
2024-08-21 09:00:00+08:00,2600.0,2625.0,2565.0,2570.0,140712,0.0,0.0
2024-08-21 10:00:00+08:00,2570.0,2570.0,2560.0,2565.0,51346,0.0,0.0
2024-08-21 11:00:00+08:00,2570.0,2645.0,2550.0,2565.0,66356,0.0,0.0
2024-08-21 12:00:00+08:00,2565.0,2580.0,2550.0,2550.0,47893,0.0,0.0
2024-08-21 13:00:00+08:00,2550.0,2570.0,2550.0,2550.0,48305,0.0,0.0
2024-08-22 09:00:00+08:00,2555.0,2630.0,2555.0,2620.0,0,0.0,0.0
2024-08-22 10:00:00+08:00,2610.0,2610.0,2585.0,2605.0,27667,0.0,0.0
2024-08-22 11:00:00+08:00,2605.0,2615.0,2605.0,2610.0,11445,0.0,0.0
2024-08-22 12:00:00+08:00,2600.0,2605.0,2595.0,2605.0,13500,0.0,0.0
2024-08-22 13:00:00+08:00,2605.0,2605.0,2590.0,2595.0,15180,0.0,0.0
2024-08-23 09:00:00+08:00,2590.0,2605.0,2550.0,2590.0,73458,0.0,0.0
2024-08-23 10:00:00+08:00,2590.0,2600.0,2570.0,2575.0,43537,0.0,0.0
2024-08-23 11:00:00+08:00,2570.0,2570.0,2560.0,2570.0,30152,0.0,0.0
2024-08-23 12:00:00+08:00,2570.0,2580.0,2535.0,2545.0,60793,0.0,0.0
2024-08-23 13:00:00+08:00,2545.0,2545.0,2535.0,2540.0,30394,0.0,0.0
2024-08-26 09:00:00+08:00,2615.0,2650.0,2585.0,2590.0,0,0.0,0.0
2024-08-26 10:00:00+08:00,2585.0,2585.0,2535.0,2560.0,41514,0.0,0.0
2024-08-26 11:00:00+08:00,2565.0,2580.0,2555.0,2560.0,13139,0.0,0.0
2024-08-26 12:00:00+08:00,2565.0,2570.0,2550.0,2550.0,24044,0.0,0.0
2024-08-26 13:00:00+08:00,2550.0,2565.0,2545.0,2545.0,28863,0.0,0.0
2024-08-27 09:00:00+08:00,2540.0,2615.0,2530.0,2615.0,60991,0.0,0.0
2024-08-27 10:00:00+08:00,2600.0,2600.0,2560.0,2600.0,22064,0.0,0.0
2024-08-27 11:00:00+08:00,2585.0,2595.0,2575.0,2580.0,22049,0.0,0.0
2024-08-27 12:00:00+08:00,2580.0,2580.0,2580.0,2580.0,5264,0.0,0.0
2024-08-27 13:00:00+08:00,2580.0,2585.0,2570.0,2570.0,11628,0.0,0.0
2024-08-28 09:00:00+08:00,2595.0,2630.0,2565.0,2565.0,81420,0.0,0.0
2024-08-28 10:00:00+08:00,2560.0,2560.0,2540.0,2555.0,17749,0.0,0.0
2024-08-28 11:00:00+08:00,2555.0,2575.0,2555.0,2570.0,21090,0.0,0.0
2024-08-28 12:00:00+08:00,2570.0,2580.0,2570.0,2575.0,25555,0.0,0.0
2024-08-28 13:00:00+08:00,2575.0,2575.0,2555.0,2560.0,19373,0.0,0.0
2024-08-29 09:00:00+08:00,2545.0,2605.0,2545.0,2570.0,0,0.0,0.0
2024-08-29 10:00:00+08:00,2575.0,2585.0,2560.0,2585.0,23254,0.0,0.0
2024-08-29 11:00:00+08:00,2590.0,2590.0,2570.0,2580.0,20304,0.0,0.0
2024-08-29 12:00:00+08:00,2585.0,2595.0,2575.0,2590.0,31789,0.0,0.0
2024-08-29 13:00:00+08:00,2595.0,2595.0,2580.0,2580.0,29362,0.0,0.0
2024-08-30 09:00:00+08:00,2610.0,2645.0,2585.0,2645.0,86052,0.0,0.0
2024-08-30 10:00:00+08:00,2645.0,2675.0,2645.0,2655.0,58350,0.0,0.0
2024-08-30 11:00:00+08:00,2655.0,2655.0,2630.0,2630.0,27612,0.0,0.0
2024-08-30 12:00:00+08:00,2645.0,2655.0,2645.0,2655.0,25284,0.0,0.0
2024-08-30 13:00:00+08:00,2650.0,2650.0,2635.0,2635.0,20289,0.0,0.0
2024-09-02 09:00:00+08:00,2675.0,2675.0,2620.0,2630.0,0,0.0,0.0
2024-09-02 10:00:00+08:00,2625.0,2635.0,2605.0,2635.0,20511,0.0,0.0
2024-09-02 11:00:00+08:00,2635.0,2645.0,2615.0,2620.0,52643,0.0,0.0
2024-09-02 12:00:00+08:00,2610.0,2610.0,2570.0,2575.0,28969,0.0,0.0
2024-09-02 13:00:00+08:00,2570.0,2580.0,2565.0,2580.0,13404,0.0,0.0
2024-09-03 09:00:00+08:00,2605.0,2640.0,2560.0,2575.0,0,0.0,0.0
2024-09-03 10:00:00+08:00,2570.0,2570.0,2540.0,2560.0,36460,0.0,0.0
2024-09-03 11:00:00+08:00,2560.0,2570.0,2555.0,2555.0,4142,0.0,0.0
2024-09-03 12:00:00+08:00,2555.0,2555.0,2545.0,2545.0,18082,0.0,0.0
2024-09-03 13:00:00+08:00,2540.0,2540.0,2530.0,2540.0,25407,0.0,0.0
2024-09-04 09:00:00+08:00,2365.0,2435.0,2300.0,2435.0,283107,0.0,0.0
2024-09-04 10:00:00+08:00,2435.0,2470.0,2425.0,2450.0,76626,0.0,0.0
2024-09-04 11:00:00+08:00,2445.0,2465.0,2440.0,2440.0,37710,0.0,0.0
2024-09-04 12:00:00+08:00,2450.0,2450.0,2430.0,2430.0,32870,0.0,0.0
2024-09-04 13:00:00+08:00,2435.0,2445.0,2430.0,2430.0,32480,0.0,0.0
2024-09-05 09:00:00+08:00,2450.0,2450.0,2380.0,2435.0,171367,0.0,0.0
2024-09-05 10:00:00+08:00,2435.0,2435.0,2370.0,2385.0,87662,0.0,0.0
2024-09-05 11:00:00+08:00,2380.0,2385.0,2375.0,2375.0,36278,0.0,0.0
2024-09-05 12:00:00+08:00,2380.0,2385.0,2370.0,2380.0,40054,0.0,0.0
2024-09-05 13:00:00+08:00,2375.0,2375.0,2355.0,2355.0,24246,0.0,0.0
2024-09-06 09:00:00+08:00,2370.0,2405.0,2350.0,2370.0,71334,0.0,0.0
2024-09-06 10:00:00+08:00,2370.0,2385.0,2370.0,2375.0,21260,0.0,0.0
2024-09-06 11:00:00+08:00,2375.0,2375.0,2320.0,2320.0,55191,0.0,0.0
2024-09-06 12:00:00+08:00,2320.0,2345.0,2320.0,2320.0,33458,0.0,0.0
2024-09-06 13:00:00+08:00,2320.0,2320.0,2305.0,2305.0,33131,0.0,0.0
2024-09-09 09:00:00+08:00,2250.0,2350.0,2250.0,2315.0,0,0.0,0.0
2024-09-09 10:00:00+08:00,2310.0,2310.0,2205.0,2225.0,170035,0.0,0.0
2024-09-09 11:00:00+08:00,2225.0,2250.0,2210.0,2235.0,114103,0.0,0.0
2024-09-09 12:00:00+08:00,2235.0,2270.0,2220.0,2230.0,88986,0.0,0.0
2024-09-09 13:00:00+08:00,2235.0,2255.0,2230.0,2250.0,36640,0.0,0.0
2024-09-10 09:00:00+08:00,2295.0,2300.0,2205.0,2215.0,110609,0.0,0.0
2024-09-10 10:00:00+08:00,2215.0,2215.0,2190.0,2205.0,63175,0.0,0.0
2024-09-10 11:00:00+08:00,2205.0,2215.0,2180.0,2180.0,37933,0.0,0.0
2024-09-10 12:00:00+08:00,2180.0,2185.0,2155.0,2155.0,85950,0.0,0.0
2024-09-10 13:00:00+08:00,2160.0,2175.0,2160.0,2160.0,34825,0.0,0.0
2024-09-11 09:00:00+08:00,2165.0,2190.0,2135.0,2160.0,60165,0.0,0.0
2024-09-11 10:00:00+08:00,2155.0,2185.0,2145.0,2185.0,33649,0.0,0.0
2024-09-11 11:00:00+08:00,2190.0,2195.0,2160.0,2170.0,25857,0.0,0.0
2024-09-11 12:00:00+08:00,2170.0,2175.0,2165.0,2165.0,40140,0.0,0.0
2024-09-11 13:00:00+08:00,2160.0,2180.0,2160.0,2170.0,41212,0.0,0.0
2024-09-12 09:00:00+08:00,2250.0,2400.0,2235.0,2400.0,276370,0.0,0.0
2024-09-12 10:00:00+08:00,2400.0,2400.0,2375.0,2390.0,55208,0.0,0.0
2024-09-12 11:00:00+08:00,2390.0,2400.0,2385.0,2390.0,30302,0.0,0.0
2024-09-12 12:00:00+08:00,2385.0,2395.0,2375.0,2375.0,30269,0.0,0.0
2024-09-12 13:00:00+08:00,2375.0,2375.0,2365.0,2365.0,12365,0.0,0.0
2024-09-13 09:00:00+08:00,2390.0,2445.0,2360.0,2360.0,126573,0.0,0.0
2024-09-13 10:00:00+08:00,2355.0,2380.0,2345.0,2360.0,33591,0.0,0.0
2024-09-13 11:00:00+08:00,2360.0,2380.0,2360.0,2380.0,15335,0.0,0.0
2024-09-13 12:00:00+08:00,2370.0,2370.0,2360.0,2370.0,8414,0.0,0.0
2024-09-13 13:00:00+08:00,2370.0,2370.0,2365.0,2370.0,19347,0.0,0.0
2024-09-16 09:00:00+08:00,2380.0,2385.0,2300.0,2310.0,0,0.0,0.0
2024-09-16 10:00:00+08:00,2320.0,2335.0,2305.0,2325.0,19474,0.0,0.0
2024-09-16 11:00:00+08:00,2330.0,2350.0,2330.0,2340.0,15223,0.0,0.0
2024-09-16 12:00:00+08:00,2325.0,2330.0,2305.0,2320.0,19380,0.0,0.0
2024-09-16 13:00:00+08:00,2325.0,2340.0,2320.0,2320.0,9935,0.0,0.0
2024-09-18 09:00:00+08:00,2335.0,2335.0,2235.0,2275.0,0,0.0,0.0
2024-09-18 10:00:00+08:00,2280.0,2280.0,2235.0,2235.0,25021,0.0,0.0
2024-09-18 11:00:00+08:00,2235.0,2270.0,2235.0,2255.0,12091,0.0,0.0
2024-09-18 12:00:00+08:00,2260.0,2285.0,2245.0,2280.0,38194,0.0,0.0
2024-09-18 13:00:00+08:00,2280.0,2300.0,2275.0,2275.0,27228,0.0,0.0
2024-09-19 09:00:00+08:00,2265.0,2295.0,2220.0,2240.0,138503,0.0,0.0
2024-09-19 10:00:00+08:00,2255.0,2285.0,2240.0,2260.0,111622,0.0,0.0
2024-09-19 11:00:00+08:00,2265.0,2275.0,2250.0,2270.0,54681,0.0,0.0
2024-09-19 12:00:00+08:00,2270.0,2275.0,2255.0,2260.0,53158,0.0,0.0
2024-09-19 13:00:00+08:00,2265.0,2275.0,2260.0,2265.0,44489,0.0,0.0
2024-09-20 09:00:00+08:00,2315.0,2330.0,2185.0,2195.0,321595,0.0,0.0
2024-09-20 10:00:00+08:00,2195.0,2195.0,2125.0,2175.0,273704,0.0,0.0
2024-09-20 11:00:00+08:00,2175.0,2175.0,2065.0,2115.0,322229,0.0,0.0
2024-09-20 12:00:00+08:00,2115.0,2165.0,2115.0,2160.0,122756,0.0,0.0
2024-09-20 13:00:00+08:00,2155.0,2155.0,2130.0,2155.0,71652,0.0,0.0
2024-09-23 09:00:00+08:00,2180.0,2230.0,2160.0,2190.0,0,0.0,0.0
2024-09-23 10:00:00+08:00,2195.0,2220.0,2195.0,2220.0,34261,0.0,0.0
2024-09-23 11:00:00+08:00,2225.0,2240.0,2220.0,2220.0,62755,0.0,0.0
2024-09-23 12:00:00+08:00,2230.0,2230.0,2215.0,2220.0,31709,0.0,0.0
2024-09-23 13:00:00+08:00,2220.0,2220.0,2200.0,2215.0,23624,0.0,0.0
2024-09-24 09:00:00+08:00,2200.0,2200.0,2130.0,2145.0,192526,0.0,0.0
2024-09-24 10:00:00+08:00,2135.0,2145.0,2080.0,2090.0,201562,0.0,0.0
2024-09-24 11:00:00+08:00,2090.0,2175.0,2085.0,2175.0,180389,0.0,0.0
2024-09-24 12:00:00+08:00,2160.0,2180.0,2150.0,2170.0,91561,0.0,0.0
2024-09-24 13:00:00+08:00,2175.0,2190.0,2170.0,2170.0,57214,0.0,0.0
2024-09-25 09:00:00+08:00,2395.0,2395.0,2395.0,2395.0,244135,0.0,0.0
2024-09-25 10:00:00+08:00,2395.0,2395.0,2395.0,2395.0,34248,0.0,0.0
2024-09-25 11:00:00+08:00,2395.0,2395.0,2395.0,2395.0,4434,0.0,0.0
2024-09-25 12:00:00+08:00,2395.0,2395.0,2395.0,2395.0,1734,0.0,0.0
2024-09-25 13:00:00+08:00,2395.0,2395.0,2395.0,2395.0,2114,0.0,0.0
2024-09-26 09:00:00+08:00,2630.0,2630.0,2630.0,2630.0,170306,0.0,0.0
2024-09-26 10:00:00+08:00,2630.0,2630.0,2630.0,2630.0,18646,0.0,0.0
2024-09-26 11:00:00+08:00,2630.0,2630.0,2630.0,2630.0,19997,0.0,0.0
2024-09-26 12:00:00+08:00,2630.0,2630.0,2630.0,2630.0,7761,0.0,0.0
2024-09-26 13:00:00+08:00,2630.0,2630.0,2630.0,2630.0,2103,0.0,0.0
2024-09-27 09:00:00+08:00,2710.0,2875.0,2630.0,2700.0,1276460,0.0,0.0
2024-09-27 10:00:00+08:00,2705.0,2785.0,2690.0,2740.0,289631,0.0,0.0
2024-09-27 11:00:00+08:00,2740.0,2740.0,2680.0,2695.0,200209,0.0,0.0
2024-09-27 12:00:00+08:00,2695.0,2705.0,2640.0,2640.0,182228,0.0,0.0
2024-09-27 13:00:00+08:00,2650.0,2700.0,2645.0,2695.0,102039,0.0,0.0
2024-09-30 09:00:00+08:00,2730.0,2745.0,2650.0,2710.0,0,0.0,0.0
2024-09-30 10:00:00+08:00,2710.0,2710.0,2570.0,2640.0,313593,0.0,0.0
2024-09-30 11:00:00+08:00,2635.0,2645.0,2605.0,2640.0,55799,0.0,0.0
2024-09-30 12:00:00+08:00,2635.0,2675.0,2625.0,2650.0,75043,0.0,0.0
2024-09-30 13:00:00+08:00,2645.0,2655.0,2645.0,2650.0,27902,0.0,0.0
2024-10-01 09:00:00+08:00,2695.0,2790.0,2675.0,2765.0,414377,0.0,0.0
2024-10-01 10:00:00+08:00,2770.0,2775.0,2740.0,2775.0,121706,0.0,0.0
2024-10-01 11:00:00+08:00,2770.0,2770.0,2750.0,2755.0,41472,0.0,0.0
2024-10-01 12:00:00+08:00,2760.0,2760.0,2715.0,2735.0,104330,0.0,0.0
2024-10-01 13:00:00+08:00,2730.0,2750.0,2720.0,2750.0,49121,0.0,0.0
2024-10-04 09:00:00+08:00,2740.0,2820.0,2665.0,2795.0,490859,0.0,0.0
2024-10-04 10:00:00+08:00,2800.0,3000.0,2775.0,2995.0,720367,0.0,0.0
2024-10-04 11:00:00+08:00,2990.0,2990.0,2920.0,2960.0,170314,0.0,0.0
2024-10-04 12:00:00+08:00,2965.0,3010.0,2945.0,3010.0,477426,0.0,0.0
2024-10-04 13:00:00+08:00,3010.0,3010.0,2990.0,2995.0,149803,0.0,0.0
