Datetime,Open,High,Low,Close,Volume,Dividends,Stock Splits
2024-06-07 09:00:00+09:00,2159.0,2163.0,2153.0,2160.0,5000,0.0,0.0
2024-06-07 09:10:00+09:00,2158.0,2158.0,2158.0,2158.0,100,0.0,0.0
2024-06-07 09:15:00+09:00,2154.0,2170.0,2153.0,2168.0,1900,0.0,0.0
2024-06-07 09:20:00+09:00,2167.0,2174.0,2160.0,2160.0,4600,0.0,0.0
2024-06-07 09:25:00+09:00,2162.0,2168.0,2160.0,2168.0,1500,0.0,0.0
2024-06-07 09:30:00+09:00,2165.0,2173.0,2165.0,2173.0,1200,0.0,0.0
2024-06-07 09:35:00+09:00,2174.0,2179.0,2174.0,2179.0,1300,0.0,0.0
2024-06-07 09:40:00+09:00,2180.0,2180.0,2176.0,2177.0,1300,0.0,0.0
2024-06-07 09:45:00+09:00,2175.0,2176.0,2172.0,2176.0,800,0.0,0.0
2024-06-07 09:50:00+09:00,2175.0,2177.0,2173.0,2173.0,700,0.0,0.0
2024-06-07 09:55:00+09:00,2173.0,2178.0,2173.0,2178.0,200,0.0,0.0
2024-06-07 10:00:00+09:00,2178.0,2178.0,2176.0,2176.0,400,0.0,0.0
2024-06-07 10:05:00+09:00,2174.0,2174.0,2169.0,2169.0,700,0.0,0.0
2024-06-07 10:10:00+09:00,2172.0,2173.0,2170.0,2170.0,1100,0.0,0.0
2024-06-07 10:15:00+09:00,2174.0,2175.0,2174.0,2175.0,200,0.0,0.0
2024-06-07 10:20:00+09:00,2175.0,2176.0,2174.0,2174.0,1500,0.0,0.0
2024-06-07 10:25:00+09:00,2176.0,2178.0,2176.0,2178.0,200,0.0,0.0
2024-06-07 10:30:00+09:00,2173.0,2177.0,2173.0,2177.0,200,0.0,0.0
2024-06-07 10:35:00+09:00,2176.0,2176.0,2167.0,2167.0,1800,0.0,0.0
2024-06-07 10:40:00+09:00,2170.0,2172.0,2170.0,2172.0,300,0.0,0.0
2024-06-07 10:45:00+09:00,2171.0,2171.0,2171.0,2171.0,100,0.0,0.0
2024-06-07 10:50:00+09:00,2169.0,2170.0,2168.0,2168.0,500,0.0,0.0
2024-06-07 10:55:00+09:00,2167.0,2167.0,2167.0,2167.0,100,0.0,0.0
2024-06-07 11:00:00+09:00,2166.0,2167.0,2166.0,2167.0,600,0.0,0.0
2024-06-07 11:05:00+09:00,2167.0,2167.0,2167.0,2167.0,100,0.0,0.0
2024-06-07 11:15:00+09:00,2174.0,2174.0,2171.0,2171.0,200,0.0,0.0
2024-06-07 11:20:00+09:00,2174.0,2174.0,2174.0,2174.0,200,0.0,0.0
2024-06-07 11:25:00+09:00,2174.0,2174.0,2170.0,2170.0,900,0.0,0.0
2024-06-07 11:30:00+09:00,2175.0,2175.0,2175.0,2175.0,200,0.0,0.0
2024-06-07 11:35:00+09:00,2175.0,2175.0,2175.0,2175.0,0,0.0,0.0
2024-06-07 12:30:00+09:00,2176.0,2176.0,2165.0,2166.0,31000,0.0,0.0
2024-06-07 12:35:00+09:00,2172.0,2172.0,2169.0,2170.0,600,0.0,0.0
2024-06-07 12:40:00+09:00,2170.0,2171.0,2167.0,2171.0,1400,0.0,0.0
2024-06-07 12:45:00+09:00,2171.0,2172.0,2171.0,2171.0,300,0.0,0.0
2024-06-07 12:50:00+09:00,2171.0,2172.0,2170.0,2172.0,600,0.0,0.0
2024-06-07 12:55:00+09:00,2171.0,2171.0,2170.0,2170.0,400,0.0,0.0
2024-06-07 13:00:00+09:00,2170.0,2172.0,2170.0,2172.0,700,0.0,0.0
2024-06-07 13:05:00+09:00,2172.0,2175.0,2172.0,2174.0,2000,0.0,0.0
2024-06-07 13:10:00+09:00,2173.0,2173.0,2173.0,2173.0,200,0.0,0.0
2024-06-07 13:15:00+09:00,2173.0,2173.0,2172.0,2172.0,1000,0.0,0.0
2024-06-07 13:20:00+09:00,2171.0,2171.0,2171.0,2171.0,100,0.0,0.0
2024-06-07 13:25:00+09:00,2170.0,2170.0,2170.0,2170.0,100,0.0,0.0
2024-06-07 13:30:00+09:00,2171.0,2171.0,2170.0,2170.0,300,0.0,0.0
2024-06-07 13:35:00+09:00,2169.0,2170.0,2168.0,2168.0,500,0.0,0.0
2024-06-07 13:40:00+09:00,2168.0,2168.0,2168.0,2168.0,300,0.0,0.0
2024-06-07 13:45:00+09:00,2168.0,2168.0,2166.0,2166.0,400,0.0,0.0
2024-06-07 13:50:00+09:00,2166.0,2166.0,2165.0,2165.0,200,0.0,0.0
2024-06-07 13:55:00+09:00,2165.0,2165.0,2165.0,2165.0,800,0.0,0.0
2024-06-07 14:00:00+09:00,2166.0,2166.0,2166.0,2166.0,300,0.0,0.0
2024-06-07 14:05:00+09:00,2166.0,2166.0,2166.0,2166.0,400,0.0,0.0
2024-06-07 14:10:00+09:00,2165.0,2166.0,2165.0,2165.0,600,0.0,0.0
2024-06-07 14:15:00+09:00,2164.0,2165.0,2164.0,2164.0,400,0.0,0.0
2024-06-07 14:20:00+09:00,2165.0,2166.0,2165.0,2165.0,2400,0.0,0.0
2024-06-07 14:25:00+09:00,2165.0,2165.0,2164.0,2164.0,1000,0.0,0.0
2024-06-07 14:30:00+09:00,2165.0,2169.0,2165.0,2169.0,1400,0.0,0.0
2024-06-07 14:35:00+09:00,2170.0,2170.0,2168.0,2169.0,600,0.0,0.0
2024-06-07 14:40:00+09:00,2170.0,2170.0,2169.0,2169.0,800,0.0,0.0
2024-06-07 14:45:00+09:00,2168.0,2169.0,2168.0,2169.0,200,0.0,0.0
2024-06-07 14:50:00+09:00,2169.0,2169.0,2168.0,2168.0,1300,0.0,0.0
2024-06-07 14:55:00+09:00,2168.0,2173.0,2168.0,2173.0,1100,0.0,0.0
2024-06-10 09:00:00+09:00,2186.0,2193.0,2183.0,2183.0,0,0.0,0.0
2024-06-10 09:05:00+09:00,2181.0,2183.0,2181.0,2182.0,300,0.0,0.0
2024-06-10 09:10:00+09:00,2183.0,2186.0,2183.0,2186.0,900,0.0,0.0
2024-06-10 09:15:00+09:00,2187.0,2196.0,2187.0,2196.0,1700,0.0,0.0
2024-06-10 09:20:00+09:00,2196.0,2196.0,2193.0,2194.0,700,0.0,0.0
2024-06-10 09:25:00+09:00,2197.0,2199.0,2192.0,2192.0,2000,0.0,0.0
2024-06-10 09:30:00+09:00,2190.0,2192.0,2189.0,2190.0,900,0.0,0.0
2024-06-10 09:35:00+09:00,2190.0,2191.0,2188.0,2188.0,400,0.0,0.0
2024-06-10 09:40:00+09:00,2187.0,2193.0,2187.0,2193.0,1900,0.0,0.0
2024-06-10 09:45:00+09:00,2190.0,2190.0,2188.0,2190.0,1200,0.0,0.0
2024-06-10 09:50:00+09:00,2191.0,2207.0,2191.0,2207.0,4100,0.0,0.0
2024-06-10 09:55:00+09:00,2205.0,2205.0,2193.0,2193.0,1900,0.0,0.0
2024-06-10 10:00:00+09:00,2192.0,2193.0,2192.0,2193.0,600,0.0,0.0
2024-06-10 10:05:00+09:00,2191.0,2191.0,2190.0,2190.0,600,0.0,0.0
2024-06-10 10:10:00+09:00,2193.0,2201.0,2193.0,2200.0,3300,0.0,0.0
2024-06-10 10:15:00+09:00,2198.0,2199.0,2198.0,2199.0,300,0.0,0.0
2024-06-10 10:20:00+09:00,2197.0,2203.0,2197.0,2203.0,600,0.0,0.0
2024-06-10 10:25:00+09:00,2198.0,2205.0,2196.0,2203.0,4600,0.0,0.0
2024-06-10 10:30:00+09:00,2205.0,2205.0,2205.0,2205.0,300,0.0,0.0
2024-06-10 10:35:00+09:00,2203.0,2203.0,2201.0,2203.0,600,0.0,0.0
2024-06-10 10:40:00+09:00,2203.0,2204.0,2203.0,2204.0,200,0.0,0.0
2024-06-10 10:45:00+09:00,2206.0,2206.0,2206.0,2206.0,100,0.0,0.0
2024-06-10 10:50:00+09:00,2207.0,2208.0,2206.0,2206.0,1400,0.0,0.0
2024-06-10 11:00:00+09:00,2204.0,2204.0,2204.0,2204.0,200,0.0,0.0
2024-06-10 11:05:00+09:00,2206.0,2212.0,2206.0,2210.0,2200,0.0,0.0
2024-06-10 11:10:00+09:00,2210.0,2212.0,2209.0,2212.0,400,0.0,0.0
2024-06-10 11:15:00+09:00,2213.0,2214.0,2212.0,2214.0,300,0.0,0.0
2024-06-10 11:20:00+09:00,2213.0,2216.0,2213.0,2216.0,900,0.0,0.0
2024-06-10 11:25:00+09:00,2216.0,2220.0,2216.0,2218.0,2000,0.0,0.0
2024-06-10 11:30:00+09:00,2219.0,2221.0,2219.0,2221.0,1500,0.0,0.0
2024-06-10 11:35:00+09:00,2221.0,2221.0,2221.0,2221.0,0,0.0,0.0
2024-06-10 12:30:00+09:00,2229.0,2229.0,2227.0,2227.0,0,0.0,0.0
2024-06-10 12:35:00+09:00,2223.0,2223.0,2220.0,2220.0,51400,0.0,0.0
2024-06-10 12:40:00+09:00,2220.0,2224.0,2220.0,2224.0,500,0.0,0.0
2024-06-10 12:45:00+09:00,2220.0,2221.0,2220.0,2221.0,400,0.0,0.0
2024-06-10 12:50:00+09:00,2222.0,2222.0,2221.0,2221.0,300,0.0,0.0
2024-06-10 12:55:00+09:00,2220.0,2222.0,2220.0,2222.0,500,0.0,0.0
2024-06-10 13:00:00+09:00,2222.0,2223.0,2222.0,2223.0,500,0.0,0.0
2024-06-10 13:05:00+09:00,2223.0,2223.0,2223.0,2223.0,300,0.0,0.0
2024-06-10 13:15:00+09:00,2221.0,2221.0,2221.0,2221.0,400,0.0,0.0
2024-06-10 13:20:00+09:00,2222.0,2225.0,2222.0,2225.0,1100,0.0,0.0
2024-06-10 13:25:00+09:00,2227.0,2227.0,2225.0,2225.0,300,0.0,0.0
2024-06-10 13:30:00+09:00,2224.0,2229.0,2223.0,2229.0,1800,0.0,0.0
2024-06-10 13:35:00+09:00,2229.0,2230.0,2229.0,2229.0,1200,0.0,0.0
2024-06-10 13:40:00+09:00,2228.0,2228.0,2228.0,2228.0,100,0.0,0.0
2024-06-10 13:45:00+09:00,2231.0,2232.0,2230.0,2230.0,1500,0.0,0.0
2024-06-10 13:50:00+09:00,2232.0,2234.0,2232.0,2234.0,700,0.0,0.0
2024-06-10 13:55:00+09:00,2233.0,2234.0,2233.0,2233.0,500,0.0,0.0
2024-06-10 14:00:00+09:00,2234.0,2235.0,2234.0,2234.0,1200,0.0,0.0
2024-06-10 14:05:00+09:00,2235.0,2235.0,2231.0,2231.0,1700,0.0,0.0
2024-06-10 14:10:00+09:00,2232.0,2233.0,2232.0,2233.0,400,0.0,0.0
2024-06-10 14:15:00+09:00,2231.0,2231.0,2227.0,2231.0,2600,0.0,0.0
2024-06-10 14:20:00+09:00,2228.0,2228.0,2228.0,2228.0,300,0.0,0.0
2024-06-10 14:25:00+09:00,2227.0,2228.0,2226.0,2226.0,1000,0.0,0.0
2024-06-10 14:30:00+09:00,2227.0,2228.0,2227.0,2228.0,300,0.0,0.0
2024-06-10 14:35:00+09:00,2226.0,2226.0,2226.0,2226.0,100,0.0,0.0
2024-06-10 14:40:00+09:00,2226.0,2228.0,2226.0,2228.0,1100,0.0,0.0
2024-06-10 14:45:00+09:00,2228.0,2229.0,2228.0,2229.0,500,0.0,0.0
2024-06-10 14:50:00+09:00,2229.0,2229.0,2228.0,2228.0,1700,0.0,0.0
2024-06-10 14:55:00+09:00,2229.0,2230.0,2228.0,2230.0,1900,0.0,0.0
2024-06-11 09:00:00+09:00,2231.0,2231.0,2223.0,2223.0,3800,0.0,0.0
2024-06-11 09:05:00+09:00,2230.0,2235.0,2228.0,2235.0,3700,0.0,0.0
2024-06-11 09:10:00+09:00,2239.0,2239.0,2233.0,2238.0,1200,0.0,0.0
2024-06-11 09:15:00+09:00,2236.0,2241.0,2235.0,2240.0,1700,0.0,0.0
2024-06-11 09:20:00+09:00,2238.0,2246.0,2237.0,2246.0,4300,0.0,0.0
2024-06-11 09:25:00+09:00,2247.0,2249.0,2245.0,2245.0,2900,0.0,0.0
2024-06-11 09:30:00+09:00,2245.0,2249.0,2245.0,2246.0,1400,0.0,0.0
2024-06-11 09:35:00+09:00,2246.0,2250.0,2244.0,2247.0,4700,0.0,0.0
2024-06-11 09:40:00+09:00,2249.0,2249.0,2249.0,2249.0,100,0.0,0.0
2024-06-11 09:45:00+09:00,2246.0,2248.0,2246.0,2247.0,1100,0.0,0.0
2024-06-11 09:50:00+09:00,2248.0,2248.0,2244.0,2246.0,2800,0.0,0.0
2024-06-11 09:55:00+09:00,2246.0,2246.0,2246.0,2246.0,600,0.0,0.0
2024-06-11 10:00:00+09:00,2246.0,2246.0,2245.0,2245.0,1100,0.0,0.0
2024-06-11 10:05:00+09:00,2245.0,2247.0,2245.0,2246.0,1500,0.0,0.0
2024-06-11 10:10:00+09:00,2245.0,2245.0,2241.0,2241.0,700,0.0,0.0
2024-06-11 10:15:00+09:00,2243.0,2244.0,2243.0,2244.0,500,0.0,0.0
2024-06-11 10:20:00+09:00,2243.0,2246.0,2243.0,2246.0,1200,0.0,0.0
2024-06-11 10:25:00+09:00,2244.0,2244.0,2241.0,2241.0,900,0.0,0.0
2024-06-11 10:30:00+09:00,2240.0,2240.0,2239.0,2240.0,700,0.0,0.0
2024-06-11 10:35:00+09:00,2239.0,2242.0,2239.0,2241.0,1700,0.0,0.0
2024-06-11 10:40:00+09:00,2242.0,2244.0,2242.0,2244.0,200,0.0,0.0
2024-06-11 10:45:00+09:00,2242.0,2242.0,2242.0,2242.0,100,0.0,0.0
2024-06-11 10:50:00+09:00,2241.0,2241.0,2239.0,2239.0,500,0.0,0.0
2024-06-11 10:55:00+09:00,2238.0,2238.0,2238.0,2238.0,100,0.0,0.0
2024-06-11 11:00:00+09:00,2238.0,2239.0,2238.0,2238.0,1700,0.0,0.0
2024-06-11 11:05:00+09:00,2237.0,2237.0,2236.0,2236.0,300,0.0,0.0
2024-06-11 11:10:00+09:00,2236.0,2236.0,2232.0,2232.0,1500,0.0,0.0
2024-06-11 11:15:00+09:00,2231.0,2231.0,2222.0,2225.0,3400,0.0,0.0
2024-06-11 11:20:00+09:00,2223.0,2227.0,2221.0,2227.0,1900,0.0,0.0
2024-06-11 11:30:00+09:00,2228.0,2228.0,2228.0,2228.0,200,0.0,0.0
2024-06-11 11:35:00+09:00,2228.0,2228.0,2228.0,2228.0,0,0.0,0.0
2024-06-11 12:30:00+09:00,2224.0,2224.0,2224.0,2224.0,47700,0.0,0.0
2024-06-11 12:35:00+09:00,2225.0,2228.0,2225.0,2226.0,1900,0.0,0.0
2024-06-11 12:40:00+09:00,2227.0,2228.0,2225.0,2227.0,2700,0.0,0.0
2024-06-11 12:45:00+09:00,2229.0,2230.0,2227.0,2227.0,1400,0.0,0.0
2024-06-11 12:50:00+09:00,2229.0,2231.0,2229.0,2229.0,1500,0.0,0.0
2024-06-11 12:55:00+09:00,2229.0,2229.0,2228.0,2228.0,700,0.0,0.0
2024-06-11 13:00:00+09:00,2227.0,2228.0,2225.0,2225.0,1100,0.0,0.0
2024-06-11 13:05:00+09:00,2226.0,2226.0,2222.0,2222.0,800,0.0,0.0
2024-06-11 13:10:00+09:00,2224.0,2224.0,2224.0,2224.0,400,0.0,0.0
2024-06-11 13:15:00+09:00,2224.0,2224.0,2222.0,2222.0,300,0.0,0.0
2024-06-11 13:20:00+09:00,2224.0,2224.0,2224.0,2224.0,1700,0.0,0.0
2024-06-11 13:25:00+09:00,2223.0,2223.0,2223.0,2223.0,600,0.0,0.0
2024-06-11 13:35:00+09:00,2223.0,2223.0,2222.0,2222.0,600,0.0,0.0
2024-06-11 13:40:00+09:00,2223.0,2224.0,2223.0,2224.0,1400,0.0,0.0
2024-06-11 13:45:00+09:00,2222.0,2223.0,2222.0,2223.0,600,0.0,0.0
2024-06-11 13:50:00+09:00,2223.0,2223.0,2221.0,2223.0,1900,0.0,0.0
2024-06-11 13:55:00+09:00,2221.0,2221.0,2221.0,2221.0,200,0.0,0.0
2024-06-11 14:00:00+09:00,2221.0,2223.0,2221.0,2222.0,1000,0.0,0.0
2024-06-11 14:05:00+09:00,2222.0,2222.0,2222.0,2222.0,100,0.0,0.0
2024-06-11 14:10:00+09:00,2223.0,2223.0,2222.0,2222.0,2300,0.0,0.0
2024-06-11 14:15:00+09:00,2223.0,2223.0,2222.0,2222.0,1300,0.0,0.0
2024-06-11 14:20:00+09:00,2221.0,2222.0,2221.0,2222.0,200,0.0,0.0
2024-06-11 14:25:00+09:00,2221.0,2221.0,2219.0,2220.0,2900,0.0,0.0
2024-06-11 14:30:00+09:00,2218.0,2220.0,2218.0,2220.0,1300,0.0,0.0
2024-06-11 14:35:00+09:00,2219.0,2219.0,2219.0,2219.0,300,0.0,0.0
2024-06-11 14:40:00+09:00,2219.0,2220.0,2219.0,2219.0,700,0.0,0.0
2024-06-11 14:45:00+09:00,2219.0,2219.0,2211.0,2211.0,8800,0.0,0.0
2024-06-11 14:50:00+09:00,2211.0,2212.0,2209.0,2209.0,2500,0.0,0.0
2024-06-11 14:55:00+09:00,2208.0,2209.0,2204.0,2207.0,5500,0.0,0.0
2024-06-12 09:00:00+09:00,2185.0,2202.0,2180.0,2202.0,6600,0.0,0.0
2024-06-12 09:05:00+09:00,2206.0,2209.0,2201.0,2207.0,1700,0.0,0.0
2024-06-12 09:10:00+09:00,2209.0,2214.0,2206.0,2214.0,1800,0.0,0.0
2024-06-12 09:15:00+09:00,2217.0,2217.0,2211.0,2213.0,2200,0.0,0.0
2024-06-12 09:20:00+09:00,2211.0,2217.0,2208.0,2217.0,1800,0.0,0.0
2024-06-12 09:25:00+09:00,2218.0,2219.0,2216.0,2216.0,800,0.0,0.0
2024-06-12 09:30:00+09:00,2216.0,2216.0,2214.0,2214.0,400,0.0,0.0
2024-06-12 09:35:00+09:00,2216.0,2217.0,2216.0,2217.0,600,0.0,0.0
2024-06-12 09:40:00+09:00,2222.0,2222.0,2220.0,2220.0,200,0.0,0.0
2024-06-12 09:45:00+09:00,2223.0,2223.0,2217.0,2217.0,1400,0.0,0.0
2024-06-12 09:50:00+09:00,2221.0,2222.0,2219.0,2219.0,1300,0.0,0.0
2024-06-12 09:55:00+09:00,2220.0,2221.0,2217.0,2217.0,2300,0.0,0.0
2024-06-12 10:00:00+09:00,2217.0,2217.0,2214.0,2214.0,300,0.0,0.0
2024-06-12 10:10:00+09:00,2213.0,2215.0,2212.0,2213.0,1300,0.0,0.0
2024-06-12 10:15:00+09:00,2212.0,2212.0,2212.0,2212.0,200,0.0,0.0
2024-06-12 10:20:00+09:00,2212.0,2212.0,2210.0,2212.0,900,0.0,0.0
2024-06-12 10:30:00+09:00,2212.0,2213.0,2212.0,2213.0,1100,0.0,0.0
2024-06-12 10:35:00+09:00,2214.0,2214.0,2213.0,2213.0,700,0.0,0.0
2024-06-12 10:45:00+09:00,2210.0,2210.0,2208.0,2208.0,1400,0.0,0.0
2024-06-12 10:55:00+09:00,2207.0,2207.0,2205.0,2205.0,400,0.0,0.0
2024-06-12 11:05:00+09:00,2203.0,2203.0,2203.0,2203.0,200,0.0,0.0
2024-06-12 11:10:00+09:00,2203.0,2203.0,2203.0,2203.0,200,0.0,0.0
2024-06-12 11:15:00+09:00,2204.0,2210.0,2204.0,2210.0,1000,0.0,0.0
2024-06-12 11:20:00+09:00,2213.0,2213.0,2212.0,2212.0,500,0.0,0.0
2024-06-12 11:30:00+09:00,2212.0,2212.0,2210.0,2210.0,1200,0.0,0.0
2024-06-12 11:35:00+09:00,2210.0,2210.0,2210.0,2210.0,0,0.0,0.0
2024-06-12 12:30:00+09:00,2205.0,2208.0,2205.0,2207.0,33300,0.0,0.0
2024-06-12 12:35:00+09:00,2209.0,2210.0,2209.0,2210.0,200,0.0,0.0
2024-06-12 12:40:00+09:00,2209.0,2209.0,2209.0,2209.0,100,0.0,0.0
2024-06-12 12:45:00+09:00,2208.0,2211.0,2208.0,2211.0,600,0.0,0.0
2024-06-12 12:50:00+09:00,2212.0,2212.0,2210.0,2210.0,700,0.0,0.0
2024-06-12 12:55:00+09:00,2208.0,2209.0,2207.0,2207.0,900,0.0,0.0
2024-06-12 13:00:00+09:00,2204.0,2204.0,2204.0,2204.0,300,0.0,0.0
2024-06-12 13:10:00+09:00,2203.0,2203.0,2203.0,2203.0,600,0.0,0.0
2024-06-12 13:15:00+09:00,2204.0,2204.0,2204.0,2204.0,100,0.0,0.0
2024-06-12 13:20:00+09:00,2203.0,2203.0,2199.0,2199.0,2400,0.0,0.0
2024-06-12 13:25:00+09:00,2199.0,2199.0,2199.0,2199.0,400,0.0,0.0
2024-06-12 13:30:00+09:00,2198.0,2198.0,2197.0,2197.0,300,0.0,0.0
2024-06-12 13:35:00+09:00,2197.0,2197.0,2196.0,2196.0,400,0.0,0.0
2024-06-12 13:45:00+09:00,2196.0,2196.0,2195.0,2195.0,1300,0.0,0.0
2024-06-12 13:50:00+09:00,2195.0,2195.0,2195.0,2195.0,100,0.0,0.0
2024-06-12 13:55:00+09:00,2196.0,2198.0,2196.0,2198.0,1200,0.0,0.0
2024-06-12 14:00:00+09:00,2198.0,2199.0,2198.0,2199.0,600,0.0,0.0
2024-06-12 14:05:00+09:00,2199.0,2199.0,2198.0,2198.0,400,0.0,0.0
2024-06-12 14:10:00+09:00,2198.0,2198.0,2198.0,2198.0,100,0.0,0.0
2024-06-12 14:15:00+09:00,2198.0,2199.0,2198.0,2199.0,600,0.0,0.0
2024-06-12 14:20:00+09:00,2199.0,2200.0,2199.0,2200.0,400,0.0,0.0
2024-06-12 14:25:00+09:00,2198.0,2199.0,2197.0,2199.0,1200,0.0,0.0
2024-06-12 14:30:00+09:00,2197.0,2200.0,2197.0,2200.0,800,0.0,0.0
2024-06-12 14:35:00+09:00,2200.0,2200.0,2198.0,2198.0,1700,0.0,0.0
2024-06-12 14:40:00+09:00,2199.0,2201.0,2199.0,2201.0,1900,0.0,0.0
2024-06-12 14:45:00+09:00,2199.0,2199.0,2197.0,2197.0,900,0.0,0.0
2024-06-12 14:50:00+09:00,2198.0,2199.0,2198.0,2199.0,1100,0.0,0.0
2024-06-12 14:55:00+09:00,2198.0,2202.0,2195.0,2202.0,11600,0.0,0.0
2024-06-13 09:00:00+09:00,2198.0,2204.0,2190.0,2190.0,3300,0.0,0.0
2024-06-13 09:05:00+09:00,2190.0,2194.0,2188.0,2194.0,1000,0.0,0.0
2024-06-13 09:10:00+09:00,2193.0,2193.0,2184.0,2184.0,1800,0.0,0.0
2024-06-13 09:15:00+09:00,2184.0,2191.0,2183.0,2187.0,7300,0.0,0.0
2024-06-13 09:20:00+09:00,2186.0,2193.0,2184.0,2190.0,2700,0.0,0.0
2024-06-13 09:25:00+09:00,2188.0,2189.0,2184.0,2184.0,1900,0.0,0.0
2024-06-13 09:30:00+09:00,2185.0,2191.0,2185.0,2191.0,900,0.0,0.0
2024-06-13 09:35:00+09:00,2192.0,2192.0,2186.0,2188.0,800,0.0,0.0
2024-06-13 09:40:00+09:00,2186.0,2186.0,2178.0,2178.0,1900,0.0,0.0
2024-06-13 09:45:00+09:00,2178.0,2178.0,2172.0,2172.0,1700,0.0,0.0
2024-06-13 09:50:00+09:00,2170.0,2172.0,2170.0,2172.0,0,0.0,0.0
2024-06-13 09:55:00+09:00,2171.0,2177.0,2171.0,2177.0,25200,0.0,0.0
2024-06-13 10:05:00+09:00,2172.0,2172.0,2172.0,2172.0,100,0.0,0.0
2024-06-13 10:10:00+09:00,2173.0,2173.0,2173.0,2173.0,0,0.0,0.0
2024-06-13 10:15:00+09:00,2173.0,2173.0,2172.0,2172.0,27000,0.0,0.0
2024-06-13 10:20:00+09:00,2170.0,2170.0,2168.0,2168.0,600,0.0,0.0
2024-06-13 10:25:00+09:00,2166.0,2166.0,2156.0,2158.0,5900,0.0,0.0
2024-06-13 10:30:00+09:00,2160.0,2163.0,2160.0,2163.0,1200,0.0,0.0
2024-06-13 10:35:00+09:00,2160.0,2160.0,2157.0,2157.0,900,0.0,0.0
2024-06-13 10:40:00+09:00,2156.0,2158.0,2155.0,2158.0,2000,0.0,0.0
2024-06-13 10:45:00+09:00,2159.0,2159.0,2158.0,2159.0,400,0.0,0.0
2024-06-13 10:50:00+09:00,2159.0,2161.0,2159.0,2160.0,700,0.0,0.0
2024-06-13 10:55:00+09:00,2162.0,2162.0,2159.0,2159.0,400,0.0,0.0
2024-06-13 11:00:00+09:00,2163.0,2163.0,2160.0,2160.0,700,0.0,0.0
2024-06-13 11:05:00+09:00,2162.0,2168.0,2162.0,2168.0,1000,0.0,0.0
2024-06-13 11:10:00+09:00,2168.0,2170.0,2165.0,2165.0,700,0.0,0.0
2024-06-13 11:15:00+09:00,2164.0,2164.0,2160.0,2163.0,1100,0.0,0.0
2024-06-13 11:20:00+09:00,2161.0,2161.0,2161.0,2161.0,200,0.0,0.0
2024-06-13 11:25:00+09:00,2160.0,2162.0,2159.0,2159.0,900,0.0,0.0
2024-06-13 11:30:00+09:00,2161.0,2161.0,2161.0,2161.0,800,0.0,0.0
2024-06-13 11:35:00+09:00,2161.0,2161.0,2161.0,2161.0,0,0.0,0.0
2024-06-13 12:30:00+09:00,2154.0,2154.0,2146.0,2146.0,51000,0.0,0.0
2024-06-13 12:35:00+09:00,2146.0,2146.0,2142.0,2142.0,1100,0.0,0.0
2024-06-13 12:40:00+09:00,2141.0,2143.0,2137.0,2143.0,3000,0.0,0.0
2024-06-13 12:45:00+09:00,2143.0,2145.0,2141.0,2141.0,700,0.0,0.0
2024-06-13 12:50:00+09:00,2141.0,2143.0,2141.0,2143.0,1100,0.0,0.0
2024-06-13 12:55:00+09:00,2143.0,2145.0,2143.0,2145.0,500,0.0,0.0
2024-06-13 13:00:00+09:00,2142.0,2142.0,2140.0,2142.0,2200,0.0,0.0
2024-06-13 13:05:00+09:00,2141.0,2141.0,2140.0,2140.0,400,0.0,0.0
2024-06-13 13:10:00+09:00,2139.0,2139.0,2136.0,2136.0,500,0.0,0.0
2024-06-13 13:15:00+09:00,2137.0,2137.0,2133.0,2133.0,3300,0.0,0.0
2024-06-13 13:20:00+09:00,2132.0,2132.0,2128.0,2130.0,3600,0.0,0.0
2024-06-13 13:25:00+09:00,2130.0,2134.0,2130.0,2132.0,4300,0.0,0.0
2024-06-13 13:30:00+09:00,2131.0,2132.0,2129.0,2132.0,1100,0.0,0.0
2024-06-13 13:35:00+09:00,2132.0,2135.0,2132.0,2133.0,900,0.0,0.0
2024-06-13 13:40:00+09:00,2133.0,2138.0,2133.0,2138.0,600,0.0,0.0
2024-06-13 13:45:00+09:00,2139.0,2140.0,2139.0,2140.0,400,0.0,0.0
2024-06-13 13:50:00+09:00,2141.0,2142.0,2141.0,2142.0,300,0.0,0.0
2024-06-13 14:00:00+09:00,2142.0,2142.0,2138.0,2139.0,2200,0.0,0.0
2024-06-13 14:05:00+09:00,2138.0,2138.0,2138.0,2138.0,400,0.0,0.0
2024-06-13 14:10:00+09:00,2137.0,2137.0,2135.0,2135.0,500,0.0,0.0
2024-06-13 14:15:00+09:00,2133.0,2133.0,2131.0,2131.0,1600,0.0,0.0
2024-06-13 14:20:00+09:00,2131.0,2133.0,2131.0,2133.0,2400,0.0,0.0
2024-06-13 14:25:00+09:00,2134.0,2134.0,2133.0,2133.0,1500,0.0,0.0
2024-06-13 14:30:00+09:00,2132.0,2132.0,2131.0,2131.0,1000,0.0,0.0
2024-06-13 14:35:00+09:00,2132.0,2134.0,2132.0,2134.0,3600,0.0,0.0
2024-06-13 14:40:00+09:00,2133.0,2133.0,2132.0,2132.0,1000,0.0,0.0
2024-06-13 14:45:00+09:00,2131.0,2131.0,2129.0,2129.0,2100,0.0,0.0
2024-06-13 14:50:00+09:00,2129.0,2133.0,2129.0,2133.0,3000,0.0,0.0
2024-06-13 14:55:00+09:00,2132.0,2133.0,2130.0,2131.0,4400,0.0,0.0
2024-06-14 09:00:00+09:00,2107.0,2145.0,2106.0,2140.0,49500,0.0,0.0
2024-06-14 09:05:00+09:00,2136.0,2136.0,2131.0,2134.0,1500,0.0,0.0
2024-06-14 09:10:00+09:00,2134.0,2138.0,2129.0,2137.0,2400,0.0,0.0
2024-06-14 09:15:00+09:00,2135.0,2140.0,2134.0,2140.0,1400,0.0,0.0
2024-06-14 09:20:00+09:00,2142.0,2142.0,2138.0,2138.0,1400,0.0,0.0
2024-06-14 09:25:00+09:00,2146.0,2146.0,2145.0,2145.0,500,0.0,0.0
2024-06-14 09:30:00+09:00,2144.0,2144.0,2138.0,2138.0,900,0.0,0.0
2024-06-14 09:40:00+09:00,2140.0,2145.0,2139.0,2145.0,900,0.0,0.0
2024-06-14 09:45:00+09:00,2144.0,2149.0,2142.0,2143.0,4800,0.0,0.0
2024-06-14 09:50:00+09:00,2144.0,2148.0,2144.0,2147.0,800,0.0,0.0
2024-06-14 09:55:00+09:00,2145.0,2147.0,2145.0,2147.0,300,0.0,0.0
2024-06-14 10:00:00+09:00,2147.0,2156.0,2147.0,2156.0,1100,0.0,0.0
2024-06-14 10:05:00+09:00,2155.0,2157.0,2147.0,2149.0,4200,0.0,0.0
2024-06-14 10:10:00+09:00,2151.0,2151.0,2149.0,2149.0,800,0.0,0.0
2024-06-14 10:15:00+09:00,2149.0,2149.0,2144.0,2144.0,900,0.0,0.0
2024-06-14 10:20:00+09:00,2146.0,2148.0,2146.0,2147.0,1200,0.0,0.0
2024-06-14 10:25:00+09:00,2149.0,2149.0,2147.0,2147.0,600,0.0,0.0
2024-06-14 10:30:00+09:00,2149.0,2151.0,2149.0,2150.0,500,0.0,0.0
2024-06-14 10:45:00+09:00,2154.0,2154.0,2148.0,2148.0,1100,0.0,0.0
2024-06-14 10:50:00+09:00,2151.0,2151.0,2149.0,2149.0,0,0.0,0.0
2024-06-14 10:55:00+09:00,2152.0,2152.0,2144.0,2144.0,76700,0.0,0.0
2024-06-14 11:00:00+09:00,2144.0,2146.0,2141.0,2146.0,1600,0.0,0.0
2024-06-14 11:05:00+09:00,2144.0,2144.0,2143.0,2143.0,400,0.0,0.0
2024-06-14 11:10:00+09:00,2145.0,2149.0,2145.0,2149.0,1100,0.0,0.0
2024-06-14 11:15:00+09:00,2148.0,2148.0,2140.0,2142.0,4300,0.0,0.0
2024-06-14 11:20:00+09:00,2143.0,2148.0,2143.0,2148.0,1300,0.0,0.0
2024-06-14 11:25:00+09:00,2145.0,2145.0,2144.0,2144.0,700,0.0,0.0
2024-06-14 11:30:00+09:00,2145.0,2145.0,2145.0,2145.0,200,0.0,0.0
2024-06-14 11:35:00+09:00,2145.0,2145.0,2145.0,2145.0,0,0.0,0.0
2024-06-14 12:30:00+09:00,2147.0,2161.0,2146.0,2152.0,92500,0.0,0.0
2024-06-14 12:35:00+09:00,2153.0,2153.0,2150.0,2152.0,700,0.0,0.0
2024-06-14 12:40:00+09:00,2156.0,2156.0,2156.0,2156.0,200,0.0,0.0
2024-06-14 12:45:00+09:00,2155.0,2157.0,2155.0,2156.0,800,0.0,0.0
2024-06-14 12:50:00+09:00,2157.0,2163.0,2153.0,2163.0,3200,0.0,0.0
2024-06-14 12:55:00+09:00,2164.0,2164.0,2162.0,2162.0,200,0.0,0.0
2024-06-14 13:00:00+09:00,2164.0,2164.0,2162.0,2162.0,800,0.0,0.0
2024-06-14 13:05:00+09:00,2162.0,2165.0,2162.0,2165.0,1400,0.0,0.0
2024-06-14 13:10:00+09:00,2163.0,2164.0,2163.0,2164.0,400,0.0,0.0
2024-06-14 13:15:00+09:00,2165.0,2165.0,2164.0,2165.0,800,0.0,0.0
2024-06-14 13:20:00+09:00,2164.0,2166.0,2164.0,2165.0,1400,0.0,0.0
2024-06-14 13:25:00+09:00,2166.0,2167.0,2164.0,2164.0,2400,0.0,0.0
2024-06-14 13:30:00+09:00,2166.0,2166.0,2166.0,2166.0,300,0.0,0.0
2024-06-14 13:35:00+09:00,2167.0,2168.0,2165.0,2165.0,1600,0.0,0.0
2024-06-14 13:40:00+09:00,2165.0,2165.0,2164.0,2164.0,300,0.0,0.0
2024-06-14 13:45:00+09:00,2164.0,2166.0,2164.0,2166.0,500,0.0,0.0
2024-06-14 13:55:00+09:00,2167.0,2168.0,2165.0,2165.0,1300,0.0,0.0
2024-06-14 14:00:00+09:00,2165.0,2170.0,2165.0,2170.0,1000,0.0,0.0
2024-06-14 14:05:00+09:00,2170.0,2170.0,2167.0,2169.0,1300,0.0,0.0
2024-06-14 14:10:00+09:00,2170.0,2171.0,2169.0,2171.0,2100,0.0,0.0
2024-06-14 14:15:00+09:00,2170.0,2170.0,2169.0,2169.0,1200,0.0,0.0
2024-06-14 14:20:00+09:00,2169.0,2169.0,2168.0,2169.0,700,0.0,0.0
2024-06-14 14:25:00+09:00,2170.0,2170.0,2170.0,2170.0,100,0.0,0.0
2024-06-14 14:30:00+09:00,2171.0,2171.0,2169.0,2169.0,1300,0.0,0.0
2024-06-14 14:35:00+09:00,2168.0,2168.0,2165.0,2165.0,2000,0.0,0.0
2024-06-14 14:40:00+09:00,2165.0,2169.0,2165.0,2169.0,1600,0.0,0.0
2024-06-14 14:45:00+09:00,2170.0,2170.0,2167.0,2168.0,1300,0.0,0.0
2024-06-14 14:50:00+09:00,2169.0,2171.0,2168.0,2168.0,2800,0.0,0.0
2024-06-14 14:55:00+09:00,2167.0,2172.0,2166.0,2166.0,6600,0.0,0.0
2024-06-17 09:00:00+09:00,2160.0,2160.0,2126.0,2126.0,5800,0.0,0.0
2024-06-17 09:05:00+09:00,2126.0,2142.0,2126.0,2128.0,3300,0.0,0.0
2024-06-17 09:10:00+09:00,2126.0,2126.0,2120.0,2120.0,3300,0.0,0.0
2024-06-17 09:15:00+09:00,2117.0,2118.0,2110.0,2118.0,3000,0.0,0.0
2024-06-17 09:20:00+09:00,2116.0,2119.0,2109.0,2109.0,2800,0.0,0.0
2024-06-17 09:25:00+09:00,2111.0,2115.0,2110.0,2115.0,1400,0.0,0.0
2024-06-17 09:30:00+09:00,2115.0,2115.0,2107.0,2108.0,2100,0.0,0.0
2024-06-17 09:35:00+09:00,2108.0,2110.0,2104.0,2110.0,4100,0.0,0.0
2024-06-17 09:40:00+09:00,2111.0,2112.0,2110.0,2110.0,600,0.0,0.0
2024-06-17 09:45:00+09:00,2110.0,2110.0,2105.0,2107.0,3800,0.0,0.0
2024-06-17 09:50:00+09:00,2104.0,2111.0,2103.0,2111.0,1800,0.0,0.0
2024-06-17 09:55:00+09:00,2108.0,2108.0,2102.0,2102.0,3800,0.0,0.0
2024-06-17 10:00:00+09:00,2103.0,2105.0,2095.0,2098.0,9800,0.0,0.0
2024-06-17 10:05:00+09:00,2096.0,2097.0,2092.0,2094.0,0,0.0,0.0
2024-06-17 10:10:00+09:00,2092.0,2093.0,2090.0,2093.0,50100,0.0,0.0
2024-06-17 10:15:00+09:00,2093.0,2097.0,2093.0,2097.0,2300,0.0,0.0
2024-06-17 10:20:00+09:00,2096.0,2096.0,2094.0,2094.0,600,0.0,0.0
2024-06-17 10:25:00+09:00,2094.0,2096.0,2092.0,2094.0,2800,0.0,0.0
2024-06-17 10:30:00+09:00,2095.0,2097.0,2094.0,2095.0,2300,0.0,0.0
2024-06-17 10:35:00+09:00,2094.0,2094.0,2092.0,2094.0,1600,0.0,0.0
2024-06-17 10:40:00+09:00,2093.0,2098.0,2093.0,2098.0,1100,0.0,0.0
2024-06-17 10:45:00+09:00,2098.0,2098.0,2097.0,2098.0,1100,0.0,0.0
2024-06-17 10:50:00+09:00,2101.0,2101.0,2096.0,2098.0,1200,0.0,0.0
2024-06-17 10:55:00+09:00,2097.0,2101.0,2097.0,2101.0,700,0.0,0.0
2024-06-17 11:00:00+09:00,2104.0,2108.0,2104.0,2105.0,700,0.0,0.0
2024-06-17 11:05:00+09:00,2106.0,2106.0,2105.0,2105.0,300,0.0,0.0
2024-06-17 11:10:00+09:00,2107.0,2108.0,2106.0,2108.0,2200,0.0,0.0
2024-06-17 11:15:00+09:00,2105.0,2105.0,2105.0,2105.0,500,0.0,0.0
2024-06-17 11:20:00+09:00,2106.0,2108.0,2106.0,2108.0,1000,0.0,0.0
2024-06-17 11:25:00+09:00,2106.0,2109.0,2104.0,2109.0,1600,0.0,0.0
2024-06-17 11:30:00+09:00,2109.0,2109.0,2109.0,2109.0,200,0.0,0.0
2024-06-17 11:35:00+09:00,2109.0,2109.0,2109.0,2109.0,0,0.0,0.0
2024-06-17 12:30:00+09:00,2105.0,2106.0,2105.0,2106.0,73900,0.0,0.0
2024-06-17 12:35:00+09:00,2104.0,2104.0,2093.0,2095.0,4200,0.0,0.0
2024-06-17 12:40:00+09:00,2095.0,2097.0,2095.0,2097.0,700,0.0,0.0
2024-06-17 12:45:00+09:00,2097.0,2097.0,2097.0,2097.0,900,0.0,0.0
2024-06-17 12:50:00+09:00,2096.0,2098.0,2096.0,2098.0,900,0.0,0.0
2024-06-17 12:55:00+09:00,2097.0,2098.0,2094.0,2094.0,2300,0.0,0.0
2024-06-17 13:00:00+09:00,2096.0,2096.0,2095.0,2095.0,1200,0.0,0.0
2024-06-17 13:05:00+09:00,2097.0,2097.0,2091.0,2091.0,2600,0.0,0.0
2024-06-17 13:10:00+09:00,2090.0,2091.0,2090.0,2091.0,1600,0.0,0.0
2024-06-17 13:15:00+09:00,2091.0,2092.0,2091.0,2092.0,1000,0.0,0.0
2024-06-17 13:20:00+09:00,2092.0,2092.0,2092.0,2092.0,1000,0.0,0.0
2024-06-17 13:25:00+09:00,2093.0,2094.0,2092.0,2094.0,2000,0.0,0.0
2024-06-17 13:30:00+09:00,2093.0,2093.0,2093.0,2093.0,700,0.0,0.0
2024-06-17 13:35:00+09:00,2093.0,2093.0,2093.0,2093.0,800,0.0,0.0
2024-06-17 13:40:00+09:00,2094.0,2094.0,2093.0,2094.0,1700,0.0,0.0
2024-06-17 13:45:00+09:00,2094.0,2097.0,2094.0,2096.0,1300,0.0,0.0
2024-06-17 13:50:00+09:00,2097.0,2097.0,2096.0,2096.0,1000,0.0,0.0
2024-06-17 13:55:00+09:00,2096.0,2097.0,2096.0,2097.0,700,0.0,0.0
2024-06-17 14:00:00+09:00,2096.0,2099.0,2096.0,2099.0,900,0.0,0.0
2024-06-17 14:05:00+09:00,2098.0,2102.0,2097.0,2102.0,1200,0.0,0.0
2024-06-17 14:10:00+09:00,2103.0,2103.0,2101.0,2102.0,1000,0.0,0.0
2024-06-17 14:15:00+09:00,2102.0,2102.0,2101.0,2102.0,2500,0.0,0.0
2024-06-17 14:20:00+09:00,2103.0,2105.0,2103.0,2103.0,800,0.0,0.0
2024-06-17 14:25:00+09:00,2105.0,2106.0,2104.0,2104.0,1800,0.0,0.0
2024-06-17 14:30:00+09:00,2104.0,2104.0,2104.0,2104.0,900,0.0,0.0
2024-06-17 14:35:00+09:00,2103.0,2104.0,2103.0,2104.0,2000,0.0,0.0
2024-06-17 14:40:00+09:00,2104.0,2104.0,2103.0,2103.0,900,0.0,0.0
2024-06-17 14:45:00+09:00,2104.0,2104.0,2102.0,2102.0,2000,0.0,0.0
2024-06-17 14:50:00+09:00,2101.0,2104.0,2101.0,2104.0,2200,0.0,0.0
2024-06-17 14:55:00+09:00,2105.0,2106.0,2103.0,2104.0,3000,0.0,0.0
2024-06-18 09:00:00+09:00,2114.0,2117.0,2108.0,2117.0,4200,0.0,0.0
2024-06-18 09:05:00+09:00,2119.0,2119.0,2112.0,2116.0,1500,0.0,0.0
2024-06-18 09:10:00+09:00,2116.0,2117.0,2108.0,2114.0,4000,0.0,0.0
2024-06-18 09:15:00+09:00,2115.0,2119.0,2114.0,2119.0,2100,0.0,0.0
2024-06-18 09:20:00+09:00,2116.0,2118.0,2115.0,2118.0,1300,0.0,0.0
2024-06-18 09:25:00+09:00,2118.0,2126.0,2118.0,2123.0,4700,0.0,0.0
2024-06-18 09:30:00+09:00,2123.0,2123.0,2119.0,2119.0,1100,0.0,0.0
2024-06-18 09:35:00+09:00,2114.0,2116.0,2113.0,2115.0,1600,0.0,0.0
2024-06-18 09:40:00+09:00,2115.0,2116.0,2115.0,2115.0,700,0.0,0.0
2024-06-18 09:45:00+09:00,2115.0,2117.0,2115.0,2117.0,900,0.0,0.0
2024-06-18 09:50:00+09:00,2116.0,2117.0,2115.0,2117.0,0,0.0,0.0
2024-06-18 09:55:00+09:00,2117.0,2121.0,2116.0,2121.0,23600,0.0,0.0
2024-06-18 10:00:00+09:00,2120.0,2121.0,2118.0,2118.0,1300,0.0,0.0
2024-06-18 10:05:00+09:00,2118.0,2119.0,2118.0,2118.0,600,0.0,0.0
2024-06-18 10:10:00+09:00,2120.0,2122.0,2115.0,2115.0,1600,0.0,0.0
2024-06-18 10:15:00+09:00,2114.0,2114.0,2113.0,2114.0,800,0.0,0.0
2024-06-18 10:20:00+09:00,2115.0,2119.0,2115.0,2117.0,1200,0.0,0.0
2024-06-18 10:25:00+09:00,2117.0,2124.0,2117.0,2121.0,1100,0.0,0.0
2024-06-18 10:30:00+09:00,2120.0,2120.0,2116.0,2116.0,1300,0.0,0.0
2024-06-18 10:35:00+09:00,2116.0,2116.0,2114.0,2116.0,1000,0.0,0.0
2024-06-18 10:40:00+09:00,2116.0,2116.0,2115.0,2115.0,600,0.0,0.0
2024-06-18 10:45:00+09:00,2114.0,2121.0,2114.0,2121.0,1000,0.0,0.0
2024-06-18 10:50:00+09:00,2122.0,2124.0,2120.0,2120.0,700,0.0,0.0
2024-06-18 10:55:00+09:00,2119.0,2119.0,2114.0,2116.0,1200,0.0,0.0
2024-06-18 11:00:00+09:00,2120.0,2121.0,2119.0,2119.0,300,0.0,0.0
2024-06-18 11:05:00+09:00,2119.0,2120.0,2119.0,2120.0,900,0.0,0.0
2024-06-18 11:10:00+09:00,2121.0,2121.0,2121.0,2121.0,400,0.0,0.0
2024-06-18 11:15:00+09:00,2122.0,2125.0,2121.0,2125.0,1000,0.0,0.0
2024-06-18 11:20:00+09:00,2125.0,2126.0,2124.0,2126.0,700,0.0,0.0
2024-06-18 11:25:00+09:00,2126.0,2132.0,2126.0,2132.0,1100,0.0,0.0
2024-06-18 11:30:00+09:00,2132.0,2132.0,2132.0,2132.0,200,0.0,0.0
2024-06-18 11:35:00+09:00,2132.0,2132.0,2132.0,2132.0,0,0.0,0.0
2024-06-18 12:30:00+09:00,2130.0,2132.0,2122.0,2122.0,44100,0.0,0.0
2024-06-18 12:35:00+09:00,2121.0,2125.0,2120.0,2125.0,2100,0.0,0.0
2024-06-18 12:40:00+09:00,2127.0,2128.0,2123.0,2123.0,1100,0.0,0.0
2024-06-18 12:45:00+09:00,2122.0,2123.0,2122.0,2123.0,800,0.0,0.0
2024-06-18 12:50:00+09:00,2123.0,2125.0,2122.0,2125.0,600,0.0,0.0
2024-06-18 12:55:00+09:00,2125.0,2128.0,2124.0,2128.0,1100,0.0,0.0
2024-06-18 13:00:00+09:00,2128.0,2128.0,2126.0,2126.0,1200,0.0,0.0
2024-06-18 13:05:00+09:00,2125.0,2126.0,2125.0,2125.0,400,0.0,0.0
2024-06-18 13:10:00+09:00,2125.0,2125.0,2124.0,2124.0,500,0.0,0.0
2024-06-18 13:15:00+09:00,2124.0,2125.0,2124.0,2125.0,400,0.0,0.0
2024-06-18 13:20:00+09:00,2125.0,2125.0,2122.0,2122.0,1200,0.0,0.0
2024-06-18 13:25:00+09:00,2122.0,2123.0,2122.0,2122.0,600,0.0,0.0
2024-06-18 13:30:00+09:00,2122.0,2122.0,2121.0,2121.0,1400,0.0,0.0
2024-06-18 13:35:00+09:00,2122.0,2122.0,2121.0,2121.0,600,0.0,0.0
2024-06-18 13:40:00+09:00,2120.0,2121.0,2120.0,2121.0,300,0.0,0.0
2024-06-18 13:45:00+09:00,2121.0,2121.0,2120.0,2120.0,600,0.0,0.0
2024-06-18 13:50:00+09:00,2121.0,2121.0,2117.0,2117.0,1300,0.0,0.0
2024-06-18 13:55:00+09:00,2119.0,2119.0,2118.0,2119.0,900,0.0,0.0
2024-06-18 14:00:00+09:00,2119.0,2120.0,2119.0,2120.0,500,0.0,0.0
2024-06-18 14:05:00+09:00,2121.0,2121.0,2121.0,2121.0,600,0.0,0.0
2024-06-18 14:10:00+09:00,2124.0,2124.0,2120.0,2121.0,2200,0.0,0.0
2024-06-18 14:15:00+09:00,2122.0,2124.0,2122.0,2123.0,900,0.0,0.0
2024-06-18 14:20:00+09:00,2123.0,2125.0,2122.0,2123.0,2000,0.0,0.0
2024-06-18 14:25:00+09:00,2122.0,2123.0,2122.0,2123.0,700,0.0,0.0
2024-06-18 14:30:00+09:00,2123.0,2124.0,2122.0,2124.0,1100,0.0,0.0
2024-06-18 14:35:00+09:00,2124.0,2127.0,2124.0,2126.0,800,0.0,0.0
2024-06-18 14:40:00+09:00,2126.0,2126.0,2125.0,2126.0,2900,0.0,0.0
2024-06-18 14:45:00+09:00,2126.0,2126.0,2125.0,2126.0,1400,0.0,0.0
2024-06-18 14:50:00+09:00,2126.0,2128.0,2126.0,2127.0,1800,0.0,0.0
2024-06-18 14:55:00+09:00,2129.0,2130.0,2127.0,2130.0,5000,0.0,0.0
2024-06-19 09:00:00+09:00,2141.0,2154.0,2134.0,2134.0,6900,0.0,0.0
2024-06-19 09:05:00+09:00,2135.0,2150.0,2135.0,2150.0,2400,0.0,0.0
2024-06-19 09:10:00+09:00,2148.0,2150.0,2148.0,2150.0,1300,0.0,0.0
2024-06-19 09:15:00+09:00,2151.0,2156.0,2151.0,2155.0,5500,0.0,0.0
2024-06-19 09:20:00+09:00,2154.0,2159.0,2154.0,2159.0,2400,0.0,0.0
2024-06-19 09:25:00+09:00,2158.0,2158.0,2152.0,2153.0,3200,0.0,0.0
2024-06-19 09:30:00+09:00,2156.0,2160.0,2156.0,2157.0,2000,0.0,0.0
2024-06-19 09:35:00+09:00,2158.0,2160.0,2157.0,2159.0,1700,0.0,0.0
2024-06-19 09:40:00+09:00,2159.0,2160.0,2159.0,2159.0,1200,0.0,0.0
2024-06-19 09:45:00+09:00,2162.0,2163.0,2162.0,2163.0,900,0.0,0.0
2024-06-19 09:50:00+09:00,2162.0,2163.0,2159.0,2159.0,0,0.0,0.0
2024-06-19 09:55:00+09:00,2161.0,2163.0,2161.0,2162.0,30100,0.0,0.0
2024-06-19 10:00:00+09:00,2162.0,2164.0,2161.0,2161.0,1800,0.0,0.0
2024-06-19 10:05:00+09:00,2160.0,2160.0,2160.0,2160.0,0,0.0,0.0
2024-06-19 10:10:00+09:00,2160.0,2160.0,2155.0,2155.0,33600,0.0,0.0
2024-06-19 10:15:00+09:00,2154.0,2154.0,2151.0,2152.0,1400,0.0,0.0
2024-06-19 10:20:00+09:00,2153.0,2156.0,2153.0,2155.0,800,0.0,0.0
2024-06-19 10:25:00+09:00,2156.0,2157.0,2156.0,2157.0,700,0.0,0.0
2024-06-19 10:30:00+09:00,2158.0,2158.0,2157.0,2158.0,1200,0.0,0.0
2024-06-19 10:35:00+09:00,2157.0,2157.0,2155.0,2155.0,1300,0.0,0.0
2024-06-19 10:40:00+09:00,2156.0,2158.0,2139.0,2150.0,22700,0.0,0.0
2024-06-19 10:45:00+09:00,2150.0,2152.0,2149.0,2149.0,1200,0.0,0.0
2024-06-19 10:50:00+09:00,2148.0,2148.0,2142.0,2145.0,1800,0.0,0.0
2024-06-19 10:55:00+09:00,2144.0,2147.0,2144.0,2147.0,1600,0.0,0.0
2024-06-19 11:00:00+09:00,2147.0,2148.0,2147.0,2148.0,400,0.0,0.0
2024-06-19 11:05:00+09:00,2147.0,2147.0,2144.0,2145.0,1100,0.0,0.0
2024-06-19 11:15:00+09:00,2144.0,2144.0,2140.0,2142.0,1000,0.0,0.0
2024-06-19 11:20:00+09:00,2141.0,2141.0,2139.0,2139.0,500,0.0,0.0
2024-06-19 11:25:00+09:00,2140.0,2142.0,2140.0,2142.0,1100,0.0,0.0
2024-06-19 11:30:00+09:00,2140.0,2140.0,2140.0,2140.0,400,0.0,0.0
2024-06-19 11:35:00+09:00,2140.0,2140.0,2140.0,2140.0,0,0.0,0.0
2024-06-19 12:30:00+09:00,2140.0,2141.0,2140.0,2140.0,73600,0.0,0.0
2024-06-19 12:35:00+09:00,2141.0,2141.0,2137.0,2137.0,2700,0.0,0.0
2024-06-19 12:40:00+09:00,2137.0,2138.0,2137.0,2138.0,500,0.0,0.0
2024-06-19 12:45:00+09:00,2137.0,2138.0,2137.0,2138.0,600,0.0,0.0
2024-06-19 12:50:00+09:00,2139.0,2139.0,2138.0,2138.0,300,0.0,0.0
2024-06-19 12:55:00+09:00,2138.0,2143.0,2138.0,2143.0,1400,0.0,0.0
2024-06-19 13:00:00+09:00,2144.0,2145.0,2142.0,2145.0,1300,0.0,0.0
2024-06-19 13:05:00+09:00,2145.0,2145.0,2145.0,2145.0,200,0.0,0.0
2024-06-19 13:10:00+09:00,2143.0,2143.0,2142.0,2142.0,1600,0.0,0.0
2024-06-19 13:15:00+09:00,2142.0,2142.0,2141.0,2142.0,1200,0.0,0.0
2024-06-19 13:25:00+09:00,2142.0,2143.0,2142.0,2143.0,800,0.0,0.0
2024-06-19 13:30:00+09:00,2144.0,2144.0,2140.0,2141.0,1900,0.0,0.0
2024-06-19 13:35:00+09:00,2141.0,2142.0,2141.0,2142.0,700,0.0,0.0
2024-06-19 13:40:00+09:00,2142.0,2143.0,2142.0,2142.0,400,0.0,0.0
2024-06-19 13:50:00+09:00,2142.0,2143.0,2142.0,2143.0,0,0.0,0.0
2024-06-19 13:55:00+09:00,2142.0,2143.0,2142.0,2142.0,88200,0.0,0.0
2024-06-19 14:00:00+09:00,2143.0,2143.0,2143.0,2143.0,300,0.0,0.0
2024-06-19 14:05:00+09:00,2142.0,2142.0,2140.0,2140.0,1000,0.0,0.0
2024-06-19 14:10:00+09:00,2141.0,2142.0,2141.0,2142.0,300,0.0,0.0
2024-06-19 14:15:00+09:00,2141.0,2141.0,2140.0,2140.0,700,0.0,0.0
2024-06-19 14:20:00+09:00,2139.0,2140.0,2138.0,2140.0,1500,0.0,0.0
2024-06-19 14:25:00+09:00,2140.0,2140.0,2140.0,2140.0,700,0.0,0.0
2024-06-19 14:30:00+09:00,2140.0,2140.0,2139.0,2139.0,1000,0.0,0.0
2024-06-19 14:35:00+09:00,2138.0,2139.0,2138.0,2139.0,1400,0.0,0.0
2024-06-19 14:40:00+09:00,2140.0,2145.0,2140.0,2145.0,1900,0.0,0.0
2024-06-19 14:45:00+09:00,2145.0,2145.0,2144.0,2144.0,1200,0.0,0.0
2024-06-19 14:50:00+09:00,2145.0,2146.0,2143.0,2144.0,2400,0.0,0.0
2024-06-19 14:55:00+09:00,2146.0,2149.0,2145.0,2148.0,3700,0.0,0.0
2024-06-20 09:00:00+09:00,2139.0,2139.0,2139.0,2139.0,2100,0.0,0.0
2024-06-20 09:05:00+09:00,2149.0,2153.0,2147.0,2147.0,1100,0.0,0.0
2024-06-20 09:10:00+09:00,2144.0,2144.0,2144.0,2144.0,100,0.0,0.0
2024-06-20 09:15:00+09:00,2145.0,2151.0,2145.0,2151.0,400,0.0,0.0
2024-06-20 09:20:00+09:00,2152.0,2152.0,2136.0,2136.0,1900,0.0,0.0
2024-06-20 09:25:00+09:00,2135.0,2135.0,2131.0,2132.0,1000,0.0,0.0
2024-06-20 09:35:00+09:00,2135.0,2135.0,2135.0,2135.0,200,0.0,0.0
2024-06-20 09:40:00+09:00,2132.0,2142.0,2132.0,2135.0,3400,0.0,0.0
2024-06-20 09:45:00+09:00,2134.0,2134.0,2132.0,2132.0,300,0.0,0.0
2024-06-20 09:50:00+09:00,2131.0,2131.0,2130.0,2130.0,500,0.0,0.0
2024-06-20 09:55:00+09:00,2131.0,2134.0,2131.0,2134.0,1100,0.0,0.0
2024-06-20 10:00:00+09:00,2134.0,2134.0,2132.0,2132.0,400,0.0,0.0
2024-06-20 10:05:00+09:00,2136.0,2136.0,2136.0,2136.0,0,0.0,0.0
2024-06-20 10:10:00+09:00,2134.0,2134.0,2130.0,2130.0,13200,0.0,0.0
2024-06-20 10:15:00+09:00,2130.0,2130.0,2127.0,2127.0,1600,0.0,0.0
2024-06-20 10:20:00+09:00,2129.0,2129.0,2128.0,2128.0,600,0.0,0.0
2024-06-20 10:25:00+09:00,2129.0,2129.0,2126.0,2126.0,900,0.0,0.0
2024-06-20 10:30:00+09:00,2125.0,2125.0,2122.0,2122.0,1200,0.0,0.0
2024-06-20 10:35:00+09:00,2122.0,2124.0,2119.0,2119.0,3500,0.0,0.0
2024-06-20 10:40:00+09:00,2118.0,2118.0,2118.0,2118.0,200,0.0,0.0
2024-06-20 10:45:00+09:00,2117.0,2117.0,2116.0,2117.0,800,0.0,0.0
2024-06-20 10:50:00+09:00,2117.0,2117.0,2115.0,2117.0,800,0.0,0.0
2024-06-20 10:55:00+09:00,2116.0,2117.0,2114.0,2116.0,800,0.0,0.0
2024-06-20 11:00:00+09:00,2115.0,2115.0,2113.0,2114.0,500,0.0,0.0
2024-06-20 11:05:00+09:00,2115.0,2116.0,2112.0,2112.0,1700,0.0,0.0
2024-06-20 11:10:00+09:00,2111.0,2111.0,2105.0,2107.0,1300,0.0,0.0
2024-06-20 11:15:00+09:00,2107.0,2111.0,2107.0,2108.0,2100,0.0,0.0
2024-06-20 11:20:00+09:00,2108.0,2108.0,2105.0,2105.0,800,0.0,0.0
2024-06-20 11:25:00+09:00,2105.0,2105.0,2105.0,2105.0,100,0.0,0.0
2024-06-20 11:30:00+09:00,2107.0,2107.0,2107.0,2107.0,300,0.0,0.0
2024-06-20 11:35:00+09:00,2107.0,2107.0,2107.0,2107.0,0,0.0,0.0
2024-06-20 12:30:00+09:00,2105.0,2106.0,2102.0,2103.0,35100,0.0,0.0
2024-06-20 12:35:00+09:00,2103.0,2103.0,2102.0,2103.0,1800,0.0,0.0
2024-06-20 12:40:00+09:00,2104.0,2109.0,2104.0,2107.0,2700,0.0,0.0
2024-06-20 12:45:00+09:00,2108.0,2109.0,2107.0,2107.0,1000,0.0,0.0
2024-06-20 12:50:00+09:00,2107.0,2108.0,2104.0,2108.0,1600,0.0,0.0
2024-06-20 12:55:00+09:00,2108.0,2109.0,2108.0,2109.0,800,0.0,0.0
2024-06-20 13:00:00+09:00,2108.0,2108.0,2107.0,2108.0,600,0.0,0.0
2024-06-20 13:05:00+09:00,2108.0,2108.0,2108.0,2108.0,200,0.0,0.0
2024-06-20 13:10:00+09:00,2107.0,2108.0,2107.0,2107.0,300,0.0,0.0
2024-06-20 13:15:00+09:00,2109.0,2109.0,2108.0,2109.0,2000,0.0,0.0
2024-06-20 13:20:00+09:00,2109.0,2112.0,2109.0,2110.0,900,0.0,0.0
2024-06-20 13:25:00+09:00,2112.0,2114.0,2111.0,2111.0,1500,0.0,0.0
2024-06-20 13:30:00+09:00,2112.0,2113.0,2109.0,2109.0,500,0.0,0.0
2024-06-20 13:35:00+09:00,2110.0,2110.0,2107.0,2107.0,800,0.0,0.0
2024-06-20 13:40:00+09:00,2107.0,2107.0,2106.0,2106.0,500,0.0,0.0
2024-06-20 13:45:00+09:00,2105.0,2109.0,2103.0,2109.0,6800,0.0,0.0
2024-06-20 13:50:00+09:00,2109.0,2110.0,2109.0,2110.0,200,0.0,0.0
2024-06-20 13:55:00+09:00,2110.0,2110.0,2109.0,2109.0,1500,0.0,0.0
2024-06-20 14:05:00+09:00,2108.0,2108.0,2107.0,2108.0,800,0.0,0.0
2024-06-20 14:10:00+09:00,2108.0,2108.0,2108.0,2108.0,100,0.0,0.0
2024-06-20 14:15:00+09:00,2108.0,2110.0,2108.0,2109.0,1200,0.0,0.0
2024-06-20 14:20:00+09:00,2108.0,2110.0,2108.0,2109.0,2100,0.0,0.0
2024-06-20 14:25:00+09:00,2109.0,2109.0,2109.0,2109.0,300,0.0,0.0
2024-06-20 14:30:00+09:00,2109.0,2109.0,2109.0,2109.0,400,0.0,0.0
2024-06-20 14:35:00+09:00,2108.0,2111.0,2108.0,2110.0,2000,0.0,0.0
2024-06-20 14:40:00+09:00,2111.0,2111.0,2110.0,2110.0,900,0.0,0.0
2024-06-20 14:45:00+09:00,2110.0,2111.0,2109.0,2111.0,1500,0.0,0.0
2024-06-20 14:50:00+09:00,2110.0,2112.0,2110.0,2111.0,1300,0.0,0.0
2024-06-20 14:55:00+09:00,2111.0,2112.0,2109.0,2109.0,2800,0.0,0.0
2024-06-21 09:00:00+09:00,2103.0,2115.0,2103.0,2103.0,3900,0.0,0.0
2024-06-21 09:05:00+09:00,2107.0,2107.0,2107.0,2107.0,200,0.0,0.0
2024-06-21 09:10:00+09:00,2108.0,2115.0,2108.0,2115.0,800,0.0,0.0
2024-06-21 09:15:00+09:00,2116.0,2116.0,2115.0,2115.0,700,0.0,0.0
2024-06-21 09:20:00+09:00,2112.0,2119.0,2112.0,2115.0,1200,0.0,0.0
2024-06-21 09:25:00+09:00,2111.0,2111.0,2105.0,2105.0,700,0.0,0.0
2024-06-21 09:30:00+09:00,2102.0,2106.0,2102.0,2105.0,400,0.0,0.0
2024-06-21 09:35:00+09:00,2104.0,2107.0,2103.0,2106.0,1000,0.0,0.0
2024-06-21 09:40:00+09:00,2103.0,2103.0,2096.0,2096.0,0,0.0,0.0
2024-06-21 09:45:00+09:00,2098.0,2098.0,2091.0,2093.0,15300,0.0,0.0
2024-06-21 09:50:00+09:00,2092.0,2092.0,2082.0,2091.0,10000,0.0,0.0
2024-06-21 09:55:00+09:00,2090.0,2090.0,2087.0,2090.0,600,0.0,0.0
2024-06-21 10:00:00+09:00,2087.0,2087.0,2085.0,2085.0,0,0.0,0.0
2024-06-21 10:05:00+09:00,2084.0,2084.0,2075.0,2083.0,0,0.0,0.0
2024-06-21 10:10:00+09:00,2084.0,2084.0,2084.0,2084.0,37900,0.0,0.0
2024-06-21 10:15:00+09:00,2083.0,2087.0,2083.0,2084.0,2100,0.0,0.0
2024-06-21 10:20:00+09:00,2086.0,2090.0,2086.0,2089.0,1000,0.0,0.0
2024-06-21 10:25:00+09:00,2090.0,2090.0,2088.0,2088.0,800,0.0,0.0
2024-06-21 10:30:00+09:00,2087.0,2087.0,2085.0,2085.0,1200,0.0,0.0
2024-06-21 10:35:00+09:00,2084.0,2085.0,2084.0,2085.0,300,0.0,0.0
2024-06-21 10:40:00+09:00,2086.0,2087.0,2086.0,2087.0,400,0.0,0.0
2024-06-21 10:45:00+09:00,2088.0,2090.0,2087.0,2090.0,2200,0.0,0.0
2024-06-21 10:50:00+09:00,2090.0,2091.0,2090.0,2091.0,200,0.0,0.0
2024-06-21 10:55:00+09:00,2091.0,2092.0,2091.0,2092.0,1800,0.0,0.0
2024-06-21 11:00:00+09:00,2093.0,2093.0,2092.0,2093.0,1400,0.0,0.0
2024-06-21 11:05:00+09:00,2094.0,2094.0,2093.0,2093.0,600,0.0,0.0
2024-06-21 11:10:00+09:00,2095.0,2096.0,2095.0,2096.0,500,0.0,0.0
2024-06-21 11:15:00+09:00,2096.0,2096.0,2096.0,2096.0,500,0.0,0.0
2024-06-21 11:20:00+09:00,2094.0,2094.0,2093.0,2093.0,200,0.0,0.0
2024-06-21 11:25:00+09:00,2094.0,2096.0,2094.0,2095.0,500,0.0,0.0
2024-06-21 11:30:00+09:00,2094.0,2094.0,2094.0,2094.0,100,0.0,0.0
2024-06-21 11:35:00+09:00,2094.0,2094.0,2094.0,2094.0,0,0.0,0.0
2024-06-21 12:30:00+09:00,2097.0,2097.0,2094.0,2096.0,54400,0.0,0.0
2024-06-21 12:35:00+09:00,2095.0,2095.0,2089.0,2089.0,3200,0.0,0.0
2024-06-21 12:40:00+09:00,2091.0,2091.0,2091.0,2091.0,200,0.0,0.0
2024-06-21 12:45:00+09:00,2090.0,2093.0,2090.0,2093.0,1300,0.0,0.0
2024-06-21 12:50:00+09:00,2093.0,2094.0,2093.0,2094.0,300,0.0,0.0
2024-06-21 12:55:00+09:00,2096.0,2096.0,2096.0,2096.0,100,0.0,0.0
2024-06-21 13:00:00+09:00,2097.0,2098.0,2095.0,2095.0,1600,0.0,0.0
2024-06-21 13:05:00+09:00,2097.0,2097.0,2097.0,2097.0,100,0.0,0.0
2024-06-21 13:10:00+09:00,2099.0,2099.0,2099.0,2099.0,100,0.0,0.0
2024-06-21 13:15:00+09:00,2098.0,2098.0,2092.0,2092.0,1600,0.0,0.0
2024-06-21 13:20:00+09:00,2092.0,2093.0,2092.0,2093.0,500,0.0,0.0
2024-06-21 13:25:00+09:00,2095.0,2096.0,2095.0,2095.0,800,0.0,0.0
2024-06-21 13:30:00+09:00,2096.0,2096.0,2096.0,2096.0,200,0.0,0.0
2024-06-21 13:35:00+09:00,2095.0,2095.0,2094.0,2094.0,900,0.0,0.0
2024-06-21 13:40:00+09:00,2091.0,2091.0,2091.0,2091.0,100,0.0,0.0
2024-06-21 13:45:00+09:00,2092.0,2092.0,2091.0,2091.0,600,0.0,0.0
2024-06-21 13:50:00+09:00,2092.0,2092.0,2090.0,2091.0,1500,0.0,0.0
2024-06-21 14:00:00+09:00,2089.0,2089.0,2089.0,2089.0,100,0.0,0.0
2024-06-21 14:05:00+09:00,2090.0,2091.0,2090.0,2090.0,300,0.0,0.0
2024-06-21 14:10:00+09:00,2090.0,2090.0,2088.0,2088.0,1200,0.0,0.0
2024-06-21 14:15:00+09:00,2088.0,2090.0,2088.0,2089.0,1100,0.0,0.0
2024-06-21 14:20:00+09:00,2086.0,2086.0,2086.0,2086.0,100,0.0,0.0
2024-06-21 14:25:00+09:00,2088.0,2089.0,2088.0,2089.0,600,0.0,0.0
2024-06-21 14:30:00+09:00,2090.0,2090.0,2090.0,2090.0,100,0.0,0.0
2024-06-21 14:35:00+09:00,2088.0,2088.0,2087.0,2088.0,1300,0.0,0.0
2024-06-21 14:40:00+09:00,2088.0,2089.0,2086.0,2089.0,0,0.0,0.0
2024-06-21 14:45:00+09:00,2088.0,2088.0,2086.0,2086.0,75200,0.0,0.0
2024-06-21 14:50:00+09:00,2085.0,2085.0,2081.0,2081.0,2000,0.0,0.0
2024-06-21 14:55:00+09:00,2081.0,2083.0,2065.0,2078.0,10600,0.0,0.0
2024-06-24 09:00:00+09:00,2066.0,2079.0,2065.0,2070.0,0,0.0,0.0
2024-06-24 09:05:00+09:00,2070.0,2081.0,2070.0,2081.0,1100,0.0,0.0
2024-06-24 09:10:00+09:00,2080.0,2082.0,2079.0,2080.0,1300,0.0,0.0
2024-06-24 09:15:00+09:00,2082.0,2085.0,2079.0,2079.0,1200,0.0,0.0
2024-06-24 09:20:00+09:00,2080.0,2083.0,2080.0,2083.0,1100,0.0,0.0
2024-06-24 09:25:00+09:00,2081.0,2085.0,2081.0,2085.0,900,0.0,0.0
2024-06-24 09:30:00+09:00,2088.0,2088.0,2085.0,2085.0,1000,0.0,0.0
2024-06-24 09:35:00+09:00,2085.0,2093.0,2084.0,2084.0,5300,0.0,0.0
2024-06-24 09:40:00+09:00,2083.0,2083.0,2082.0,2082.0,200,0.0,0.0
2024-06-24 09:45:00+09:00,2084.0,2084.0,2083.0,2083.0,900,0.0,0.0
2024-06-24 09:50:00+09:00,2081.0,2082.0,2080.0,2081.0,800,0.0,0.0
2024-06-24 09:55:00+09:00,2082.0,2082.0,2072.0,2080.0,4300,0.0,0.0
2024-06-24 10:00:00+09:00,2083.0,2085.0,2083.0,2085.0,200,0.0,0.0
2024-06-24 10:05:00+09:00,2082.0,2084.0,2082.0,2084.0,800,0.0,0.0
2024-06-24 10:10:00+09:00,2083.0,2083.0,2078.0,2078.0,2600,0.0,0.0
2024-06-24 10:15:00+09:00,2078.0,2078.0,2076.0,2076.0,900,0.0,0.0
2024-06-24 10:20:00+09:00,2075.0,2076.0,2075.0,2076.0,400,0.0,0.0
2024-06-24 10:25:00+09:00,2078.0,2085.0,2078.0,2085.0,1400,0.0,0.0
2024-06-24 10:30:00+09:00,2085.0,2085.0,2082.0,2082.0,400,0.0,0.0
2024-06-24 10:35:00+09:00,2081.0,2081.0,2081.0,2081.0,100,0.0,0.0
2024-06-24 10:40:00+09:00,2081.0,2084.0,2081.0,2084.0,300,0.0,0.0
2024-06-24 10:45:00+09:00,2083.0,2087.0,2083.0,2087.0,1400,0.0,0.0
2024-06-24 10:50:00+09:00,2087.0,2087.0,2083.0,2084.0,1700,0.0,0.0
2024-06-24 10:55:00+09:00,2086.0,2091.0,2086.0,2087.0,3500,0.0,0.0
2024-06-24 11:00:00+09:00,2086.0,2086.0,2086.0,2086.0,100,0.0,0.0
2024-06-24 11:05:00+09:00,2084.0,2085.0,2084.0,2085.0,300,0.0,0.0
2024-06-24 11:10:00+09:00,2083.0,2083.0,2083.0,2083.0,400,0.0,0.0
2024-06-24 11:15:00+09:00,2083.0,2083.0,2083.0,2083.0,100,0.0,0.0
2024-06-24 11:20:00+09:00,2082.0,2082.0,2081.0,2081.0,600,0.0,0.0
2024-06-24 11:25:00+09:00,2083.0,2083.0,2080.0,2081.0,1000,0.0,0.0
2024-06-24 11:30:00+09:00,2079.0,2079.0,2079.0,2079.0,200,0.0,0.0
2024-06-24 11:35:00+09:00,2079.0,2079.0,2079.0,2079.0,0,0.0,0.0
2024-06-24 12:30:00+09:00,2089.0,2089.0,2084.0,2084.0,45900,0.0,0.0
2024-06-24 12:35:00+09:00,2085.0,2087.0,2085.0,2087.0,300,0.0,0.0
2024-06-24 12:40:00+09:00,2087.0,2092.0,2087.0,2092.0,1200,0.0,0.0
2024-06-24 12:45:00+09:00,2090.0,2092.0,2089.0,2089.0,1900,0.0,0.0
2024-06-24 12:50:00+09:00,2088.0,2088.0,2087.0,2088.0,500,0.0,0.0
2024-06-24 12:55:00+09:00,2088.0,2090.0,2088.0,2089.0,1900,0.0,0.0
2024-06-24 13:00:00+09:00,2089.0,2089.0,2089.0,2089.0,400,0.0,0.0
2024-06-24 13:05:00+09:00,2089.0,2091.0,2089.0,2091.0,1700,0.0,0.0
2024-06-24 13:10:00+09:00,2091.0,2093.0,2091.0,2093.0,700,0.0,0.0
2024-06-24 13:15:00+09:00,2093.0,2096.0,2092.0,2096.0,800,0.0,0.0
2024-06-24 13:20:00+09:00,2097.0,2097.0,2097.0,2097.0,100,0.0,0.0
2024-06-24 13:25:00+09:00,2099.0,2100.0,2091.0,2091.0,4100,0.0,0.0
2024-06-24 13:30:00+09:00,2093.0,2094.0,2093.0,2093.0,600,0.0,0.0
2024-06-24 13:35:00+09:00,2096.0,2097.0,2095.0,2096.0,500,0.0,0.0
2024-06-24 13:40:00+09:00,2097.0,2097.0,2097.0,2097.0,700,0.0,0.0
2024-06-24 13:45:00+09:00,2096.0,2097.0,2096.0,2096.0,700,0.0,0.0
2024-06-24 13:50:00+09:00,2097.0,2097.0,2097.0,2097.0,100,0.0,0.0
2024-06-24 13:55:00+09:00,2097.0,2097.0,2095.0,2096.0,1300,0.0,0.0
2024-06-24 14:00:00+09:00,2096.0,2096.0,2095.0,2096.0,500,0.0,0.0
2024-06-24 14:10:00+09:00,2097.0,2097.0,2095.0,2095.0,1700,0.0,0.0
2024-06-24 14:15:00+09:00,2094.0,2096.0,2094.0,2096.0,1500,0.0,0.0
2024-06-24 14:20:00+09:00,2096.0,2096.0,2095.0,2095.0,300,0.0,0.0
2024-06-24 14:25:00+09:00,2096.0,2096.0,2093.0,2093.0,1900,0.0,0.0
2024-06-24 14:30:00+09:00,2092.0,2092.0,2088.0,2090.0,1500,0.0,0.0
2024-06-24 14:35:00+09:00,2089.0,2091.0,2088.0,2088.0,2600,0.0,0.0
2024-06-24 14:40:00+09:00,2088.0,2088.0,2086.0,2088.0,1600,0.0,0.0
2024-06-24 14:45:00+09:00,2087.0,2089.0,2087.0,2087.0,2300,0.0,0.0
2024-06-24 14:50:00+09:00,2087.0,2090.0,2086.0,2090.0,4600,0.0,0.0
2024-06-24 14:55:00+09:00,2090.0,2091.0,2085.0,2085.0,2800,0.0,0.0
2024-06-25 09:00:00+09:00,2099.0,2104.0,2088.0,2104.0,3800,0.0,0.0
2024-06-25 09:05:00+09:00,2106.0,2111.0,2105.0,2105.0,2300,0.0,0.0
2024-06-25 09:10:00+09:00,2101.0,2109.0,2101.0,2107.0,1100,0.0,0.0
2024-06-25 09:15:00+09:00,2110.0,2113.0,2107.0,2107.0,1000,0.0,0.0
2024-06-25 09:20:00+09:00,2105.0,2106.0,2104.0,2106.0,400,0.0,0.0
2024-06-25 09:25:00+09:00,2106.0,2112.0,2106.0,2112.0,700,0.0,0.0
2024-06-25 09:30:00+09:00,2114.0,2115.0,2105.0,2105.0,1800,0.0,0.0
2024-06-25 09:35:00+09:00,2108.0,2109.0,2108.0,2109.0,500,0.0,0.0
2024-06-25 09:40:00+09:00,2110.0,2110.0,2109.0,2109.0,400,0.0,0.0
2024-06-25 09:45:00+09:00,2108.0,2113.0,2108.0,2113.0,600,0.0,0.0
2024-06-25 09:50:00+09:00,2111.0,2112.0,2110.0,2111.0,700,0.0,0.0
2024-06-25 09:55:00+09:00,2108.0,2109.0,2105.0,2109.0,1200,0.0,0.0
2024-06-25 10:00:00+09:00,2112.0,2113.0,2107.0,2107.0,1300,0.0,0.0
2024-06-25 10:05:00+09:00,2109.0,2110.0,2109.0,2110.0,300,0.0,0.0
2024-06-25 10:10:00+09:00,2111.0,2113.0,2111.0,2112.0,1100,0.0,0.0
2024-06-25 10:15:00+09:00,2113.0,2115.0,2113.0,2115.0,2500,0.0,0.0
2024-06-25 10:20:00+09:00,2115.0,2119.0,2114.0,2119.0,1500,0.0,0.0
2024-06-25 10:25:00+09:00,2119.0,2120.0,2119.0,2119.0,1500,0.0,0.0
2024-06-25 10:30:00+09:00,2120.0,2122.0,2119.0,2119.0,1800,0.0,0.0
2024-06-25 10:35:00+09:00,2118.0,2118.0,2117.0,2117.0,900,0.0,0.0
2024-06-25 10:40:00+09:00,2118.0,2118.0,2116.0,2116.0,400,0.0,0.0
2024-06-25 10:45:00+09:00,2114.0,2115.0,2113.0,2113.0,500,0.0,0.0
2024-06-25 10:50:00+09:00,2115.0,2115.0,2115.0,2115.0,100,0.0,0.0
2024-06-25 10:55:00+09:00,2113.0,2113.0,2111.0,2111.0,1500,0.0,0.0
2024-06-25 11:00:00+09:00,2109.0,2112.0,2109.0,2111.0,700,0.0,0.0
2024-06-25 11:05:00+09:00,2112.0,2112.0,2111.0,2111.0,1500,0.0,0.0
2024-06-25 11:10:00+09:00,2112.0,2113.0,2112.0,2113.0,1200,0.0,0.0
2024-06-25 11:15:00+09:00,2113.0,2115.0,2113.0,2115.0,500,0.0,0.0
2024-06-25 11:20:00+09:00,2114.0,2115.0,2114.0,2114.0,400,0.0,0.0
2024-06-25 11:25:00+09:00,2116.0,2116.0,2111.0,2111.0,300,0.0,0.0
2024-06-25 11:30:00+09:00,2116.0,2116.0,2116.0,2116.0,300,0.0,0.0
2024-06-25 11:35:00+09:00,2116.0,2116.0,2116.0,2116.0,0,0.0,0.0
2024-06-25 12:30:00+09:00,2119.0,2119.0,2113.0,2113.0,37300,0.0,0.0
2024-06-25 12:35:00+09:00,2111.0,2111.0,2107.0,2107.0,1200,0.0,0.0
2024-06-25 12:40:00+09:00,2108.0,2113.0,2107.0,2110.0,4400,0.0,0.0
2024-06-25 12:45:00+09:00,2110.0,2112.0,2110.0,2112.0,300,0.0,0.0
2024-06-25 12:50:00+09:00,2111.0,2111.0,2110.0,2110.0,300,0.0,0.0
2024-06-25 12:55:00+09:00,2109.0,2109.0,2109.0,2109.0,100,0.0,0.0
2024-06-25 13:00:00+09:00,2112.0,2112.0,2111.0,2111.0,500,0.0,0.0
2024-06-25 13:05:00+09:00,2112.0,2112.0,2112.0,2112.0,100,0.0,0.0
2024-06-25 13:10:00+09:00,2112.0,2113.0,2112.0,2113.0,400,0.0,0.0
2024-06-25 13:15:00+09:00,2115.0,2117.0,2114.0,2114.0,1900,0.0,0.0
2024-06-25 13:20:00+09:00,2116.0,2117.0,2116.0,2117.0,200,0.0,0.0
2024-06-25 13:25:00+09:00,2116.0,2116.0,2114.0,2115.0,900,0.0,0.0
2024-06-25 13:30:00+09:00,2116.0,2118.0,2115.0,2118.0,1100,0.0,0.0
2024-06-25 13:35:00+09:00,2120.0,2121.0,2118.0,2121.0,800,0.0,0.0
2024-06-25 13:40:00+09:00,2122.0,2124.0,2122.0,2124.0,200,0.0,0.0
2024-06-25 13:45:00+09:00,2123.0,2125.0,2123.0,2125.0,800,0.0,0.0
2024-06-25 13:50:00+09:00,2126.0,2126.0,2126.0,2126.0,100,0.0,0.0
2024-06-25 13:55:00+09:00,2124.0,2125.0,2124.0,2125.0,500,0.0,0.0
2024-06-25 14:00:00+09:00,2125.0,2125.0,2117.0,2117.0,2500,0.0,0.0
2024-06-25 14:05:00+09:00,2118.0,2118.0,2118.0,2118.0,200,0.0,0.0
2024-06-25 14:10:00+09:00,2120.0,2120.0,2119.0,2119.0,400,0.0,0.0
2024-06-25 14:15:00+09:00,2118.0,2118.0,2113.0,2113.0,2800,0.0,0.0
2024-06-25 14:20:00+09:00,2113.0,2113.0,2110.0,2111.0,1900,0.0,0.0
2024-06-25 14:25:00+09:00,2110.0,2115.0,2110.0,2114.0,900,0.0,0.0
2024-06-25 14:30:00+09:00,2117.0,2121.0,2116.0,2118.0,1900,0.0,0.0
2024-06-25 14:35:00+09:00,2118.0,2119.0,2118.0,2119.0,1900,0.0,0.0
2024-06-25 14:40:00+09:00,2121.0,2122.0,2120.0,2121.0,500,0.0,0.0
2024-06-25 14:45:00+09:00,2121.0,2122.0,2120.0,2120.0,2900,0.0,0.0
2024-06-25 14:50:00+09:00,2121.0,2121.0,2121.0,2121.0,1300,0.0,0.0
2024-06-25 14:55:00+09:00,2120.0,2123.0,2120.0,2121.0,2400,0.0,0.0
2024-06-26 09:00:00+09:00,2120.0,2120.0,2114.0,2114.0,1800,0.0,0.0
2024-06-26 09:05:00+09:00,2109.0,2114.0,2109.0,2114.0,500,0.0,0.0
2024-06-26 09:10:00+09:00,2112.0,2112.0,2112.0,2112.0,100,0.0,0.0
2024-06-26 09:15:00+09:00,2112.0,2120.0,2112.0,2120.0,1100,0.0,0.0
2024-06-26 09:20:00+09:00,2116.0,2116.0,2115.0,2115.0,200,0.0,0.0
2024-06-26 09:25:00+09:00,2115.0,2118.0,2114.0,2116.0,600,0.0,0.0
2024-06-26 09:35:00+09:00,2123.0,2123.0,2109.0,2109.0,5400,0.0,0.0
2024-06-26 09:40:00+09:00,2109.0,2109.0,2105.0,2106.0,1200,0.0,0.0
2024-06-26 09:50:00+09:00,2108.0,2109.0,2106.0,2109.0,2500,0.0,0.0
2024-06-26 09:55:00+09:00,2110.0,2112.0,2110.0,2112.0,400,0.0,0.0
2024-06-26 10:00:00+09:00,2111.0,2111.0,2109.0,2109.0,1000,0.0,0.0
2024-06-26 10:05:00+09:00,2115.0,2115.0,2115.0,2115.0,0,0.0,0.0
2024-06-26 10:10:00+09:00,2116.0,2118.0,2116.0,2118.0,15900,0.0,0.0
2024-06-26 10:15:00+09:00,2119.0,2119.0,2117.0,2118.0,900,0.0,0.0
2024-06-26 10:20:00+09:00,2118.0,2120.0,2118.0,2120.0,500,0.0,0.0
2024-06-26 10:25:00+09:00,2121.0,2121.0,2120.0,2120.0,1500,0.0,0.0
2024-06-26 10:30:00+09:00,2119.0,2120.0,2118.0,2120.0,700,0.0,0.0
2024-06-26 10:35:00+09:00,2118.0,2120.0,2118.0,2120.0,300,0.0,0.0
2024-06-26 10:40:00+09:00,2120.0,2122.0,2119.0,2122.0,1600,0.0,0.0
2024-06-26 10:45:00+09:00,2123.0,2123.0,2122.0,2122.0,500,0.0,0.0
2024-06-26 10:50:00+09:00,2123.0,2123.0,2122.0,2123.0,800,0.0,0.0
2024-06-26 10:55:00+09:00,2124.0,2124.0,2123.0,2123.0,300,0.0,0.0
2024-06-26 11:00:00+09:00,2124.0,2125.0,2123.0,2124.0,600,0.0,0.0
2024-06-26 11:05:00+09:00,2123.0,2123.0,2123.0,2123.0,0,0.0,0.0
2024-06-26 11:10:00+09:00,2116.0,2116.0,2116.0,2116.0,25800,0.0,0.0
2024-06-26 11:15:00+09:00,2117.0,2118.0,2116.0,2118.0,500,0.0,0.0
2024-06-26 11:20:00+09:00,2116.0,2116.0,2116.0,2116.0,200,0.0,0.0
2024-06-26 11:25:00+09:00,2118.0,2119.0,2118.0,2119.0,200,0.0,0.0
2024-06-26 11:30:00+09:00,2116.0,2116.0,2113.0,2113.0,500,0.0,0.0
2024-06-26 11:35:00+09:00,2113.0,2113.0,2113.0,2113.0,0,0.0,0.0
2024-06-26 12:30:00+09:00,2114.0,2114.0,2107.0,2107.0,29900,0.0,0.0
2024-06-26 12:35:00+09:00,2105.0,2107.0,2105.0,2107.0,2100,0.0,0.0
2024-06-26 12:40:00+09:00,2106.0,2106.0,2102.0,2105.0,1400,0.0,0.0
2024-06-26 12:45:00+09:00,2106.0,2107.0,2106.0,2107.0,700,0.0,0.0
2024-06-26 12:50:00+09:00,2107.0,2110.0,2106.0,2110.0,1200,0.0,0.0
2024-06-26 12:55:00+09:00,2110.0,2110.0,2110.0,2110.0,300,0.0,0.0
2024-06-26 13:00:00+09:00,2109.0,2109.0,2107.0,2107.0,400,0.0,0.0
2024-06-26 13:10:00+09:00,2109.0,2109.0,2109.0,2109.0,100,0.0,0.0
2024-06-26 13:15:00+09:00,2110.0,2110.0,2109.0,2109.0,700,0.0,0.0
2024-06-26 13:20:00+09:00,2112.0,2112.0,2110.0,2110.0,400,0.0,0.0
2024-06-26 13:25:00+09:00,2111.0,2113.0,2109.0,2113.0,1600,0.0,0.0
2024-06-26 13:30:00+09:00,2113.0,2117.0,2111.0,2111.0,2600,0.0,0.0
2024-06-26 13:35:00+09:00,2112.0,2112.0,2111.0,2111.0,200,0.0,0.0
2024-06-26 13:40:00+09:00,2110.0,2110.0,2107.0,2107.0,700,0.0,0.0
2024-06-26 13:45:00+09:00,2107.0,2107.0,2107.0,2107.0,100,0.0,0.0
2024-06-26 13:50:00+09:00,2108.0,2108.0,2106.0,2106.0,1300,0.0,0.0
2024-06-26 13:55:00+09:00,2108.0,2108.0,2104.0,2107.0,1400,0.0,0.0
2024-06-26 14:05:00+09:00,2107.0,2108.0,2105.0,2105.0,1100,0.0,0.0
2024-06-26 14:15:00+09:00,2106.0,2108.0,2106.0,2108.0,800,0.0,0.0
2024-06-26 14:20:00+09:00,2108.0,2108.0,2107.0,2107.0,700,0.0,0.0
2024-06-26 14:25:00+09:00,2107.0,2107.0,2107.0,2107.0,200,0.0,0.0
2024-06-26 14:30:00+09:00,2106.0,2106.0,2101.0,2105.0,3300,0.0,0.0
2024-06-26 14:35:00+09:00,2106.0,2107.0,2104.0,2105.0,800,0.0,0.0
2024-06-26 14:40:00+09:00,2105.0,2107.0,2104.0,2107.0,800,0.0,0.0
2024-06-26 14:45:00+09:00,2106.0,2107.0,2106.0,2106.0,300,0.0,0.0
2024-06-26 14:50:00+09:00,2106.0,2106.0,2105.0,2106.0,1400,0.0,0.0
2024-06-26 14:55:00+09:00,2109.0,2114.0,2107.0,2114.0,3600,0.0,0.0
2024-06-27 09:00:00+09:00,2096.0,2104.0,2094.0,2101.0,12000,0.0,0.0
2024-06-27 09:05:00+09:00,2107.0,2108.0,2103.0,2103.0,500,0.0,0.0
2024-06-27 09:10:00+09:00,2100.0,2107.0,2100.0,2105.0,600,0.0,0.0
2024-06-27 09:15:00+09:00,2104.0,2104.0,2102.0,2102.0,500,0.0,0.0
2024-06-27 09:20:00+09:00,2104.0,2110.0,2104.0,2107.0,1200,0.0,0.0
2024-06-27 09:25:00+09:00,2110.0,2114.0,2110.0,2110.0,700,0.0,0.0
2024-06-27 09:30:00+09:00,2109.0,2109.0,2107.0,2107.0,300,0.0,0.0
2024-06-27 09:35:00+09:00,2112.0,2113.0,2112.0,2113.0,800,0.0,0.0
2024-06-27 09:40:00+09:00,2116.0,2116.0,2113.0,2114.0,800,0.0,0.0
2024-06-27 09:45:00+09:00,2112.0,2112.0,2110.0,2110.0,500,0.0,0.0
2024-06-27 09:50:00+09:00,2114.0,2116.0,2112.0,2116.0,1000,0.0,0.0
2024-06-27 09:55:00+09:00,2118.0,2119.0,2118.0,2119.0,500,0.0,0.0
2024-06-27 10:00:00+09:00,2120.0,2123.0,2120.0,2122.0,900,0.0,0.0
2024-06-27 10:05:00+09:00,2119.0,2119.0,2119.0,2119.0,100,0.0,0.0
2024-06-27 10:10:00+09:00,2119.0,2123.0,2119.0,2123.0,300,0.0,0.0
2024-06-27 10:15:00+09:00,2124.0,2126.0,2123.0,2126.0,1200,0.0,0.0
2024-06-27 10:20:00+09:00,2127.0,2127.0,2125.0,2127.0,600,0.0,0.0
2024-06-27 10:25:00+09:00,2127.0,2129.0,2127.0,2129.0,1800,0.0,0.0
2024-06-27 10:30:00+09:00,2130.0,2130.0,2128.0,2128.0,700,0.0,0.0
2024-06-27 10:35:00+09:00,2130.0,2130.0,2130.0,2130.0,200,0.0,0.0
2024-06-27 10:40:00+09:00,2131.0,2131.0,2130.0,2130.0,800,0.0,0.0
2024-06-27 10:45:00+09:00,2128.0,2128.0,2127.0,2127.0,200,0.0,0.0
2024-06-27 10:50:00+09:00,2127.0,2129.0,2126.0,2129.0,900,0.0,0.0
2024-06-27 10:55:00+09:00,2129.0,2129.0,2129.0,2129.0,200,0.0,0.0
2024-06-27 11:00:00+09:00,2130.0,2130.0,2130.0,2130.0,300,0.0,0.0
2024-06-27 11:05:00+09:00,2131.0,2132.0,2131.0,2132.0,200,0.0,0.0
2024-06-27 11:10:00+09:00,2132.0,2133.0,2132.0,2133.0,200,0.0,0.0
2024-06-27 11:15:00+09:00,2134.0,2134.0,2130.0,2132.0,600,0.0,0.0
2024-06-27 11:20:00+09:00,2129.0,2129.0,2128.0,2128.0,400,0.0,0.0
2024-06-27 11:25:00+09:00,2131.0,2131.0,2131.0,2131.0,100,0.0,0.0
2024-06-27 11:30:00+09:00,2132.0,2133.0,2132.0,2133.0,400,0.0,0.0
2024-06-27 11:35:00+09:00,2133.0,2133.0,2133.0,2133.0,0,0.0,0.0
2024-06-27 12:30:00+09:00,2133.0,2133.0,2125.0,2125.0,0,0.0,0.0
2024-06-27 12:35:00+09:00,2124.0,2124.0,2113.0,2118.0,33600,0.0,0.0
2024-06-27 12:40:00+09:00,2116.0,2116.0,2114.0,2114.0,800,0.0,0.0
2024-06-27 12:45:00+09:00,2116.0,2116.0,2114.0,2115.0,900,0.0,0.0
2024-06-27 12:50:00+09:00,2117.0,2118.0,2116.0,2117.0,600,0.0,0.0
2024-06-27 12:55:00+09:00,2118.0,2118.0,2116.0,2118.0,500,0.0,0.0
2024-06-27 13:00:00+09:00,2118.0,2119.0,2117.0,2118.0,900,0.0,0.0
2024-06-27 13:05:00+09:00,2118.0,2120.0,2118.0,2120.0,500,0.0,0.0
2024-06-27 13:10:00+09:00,2120.0,2121.0,2120.0,2120.0,1200,0.0,0.0
2024-06-27 13:15:00+09:00,2121.0,2122.0,2121.0,2122.0,400,0.0,0.0
2024-06-27 13:20:00+09:00,2121.0,2121.0,2117.0,2117.0,1500,0.0,0.0
2024-06-27 13:25:00+09:00,2118.0,2119.0,2118.0,2118.0,600,0.0,0.0
2024-06-27 13:30:00+09:00,2119.0,2120.0,2118.0,2120.0,300,0.0,0.0
2024-06-27 13:35:00+09:00,2119.0,2119.0,2118.0,2118.0,400,0.0,0.0
2024-06-27 13:40:00+09:00,2118.0,2118.0,2117.0,2117.0,600,0.0,0.0
2024-06-27 13:45:00+09:00,2118.0,2118.0,2117.0,2117.0,600,0.0,0.0
2024-06-27 13:55:00+09:00,2116.0,2116.0,2116.0,2116.0,400,0.0,0.0
2024-06-27 14:00:00+09:00,2116.0,2116.0,2112.0,2112.0,1200,0.0,0.0
2024-06-27 14:05:00+09:00,2113.0,2114.0,2113.0,2113.0,400,0.0,0.0
2024-06-27 14:10:00+09:00,2112.0,2112.0,2111.0,2112.0,1100,0.0,0.0
2024-06-27 14:15:00+09:00,2112.0,2113.0,2112.0,2113.0,1000,0.0,0.0
2024-06-27 14:20:00+09:00,2112.0,2118.0,2112.0,2117.0,4800,0.0,0.0
2024-06-27 14:25:00+09:00,2118.0,2118.0,2117.0,2117.0,1300,0.0,0.0
2024-06-27 14:30:00+09:00,2118.0,2120.0,2118.0,2120.0,1100,0.0,0.0
2024-06-27 14:35:00+09:00,2120.0,2121.0,2120.0,2121.0,1000,0.0,0.0
2024-06-27 14:40:00+09:00,2123.0,2123.0,2123.0,2123.0,700,0.0,0.0
2024-06-27 14:45:00+09:00,2124.0,2124.0,2122.0,2123.0,1300,0.0,0.0
2024-06-27 14:50:00+09:00,2122.0,2124.0,2122.0,2124.0,1200,0.0,0.0
2024-06-27 14:55:00+09:00,2123.0,2128.0,2121.0,2128.0,2500,0.0,0.0
2024-06-28 09:00:00+09:00,2120.0,2129.0,2119.0,2129.0,2000,0.0,0.0
2024-06-28 09:05:00+09:00,2129.0,2131.0,2127.0,2129.0,900,0.0,0.0
2024-06-28 09:10:00+09:00,2127.0,2127.0,2121.0,2125.0,1700,0.0,0.0
2024-06-28 09:15:00+09:00,2128.0,2128.0,2126.0,2127.0,500,0.0,0.0
2024-06-28 09:20:00+09:00,2125.0,2128.0,2120.0,2123.0,1800,0.0,0.0
2024-06-28 09:25:00+09:00,2126.0,2130.0,2122.0,2125.0,3300,0.0,0.0
2024-06-28 09:30:00+09:00,2122.0,2122.0,2119.0,2119.0,900,0.0,0.0
2024-06-28 09:35:00+09:00,2120.0,2126.0,2120.0,2126.0,1000,0.0,0.0
2024-06-28 09:40:00+09:00,2124.0,2126.0,2124.0,2126.0,400,0.0,0.0
2024-06-28 09:45:00+09:00,2127.0,2129.0,2127.0,2129.0,1900,0.0,0.0
2024-06-28 09:50:00+09:00,2130.0,2133.0,2130.0,2133.0,2700,0.0,0.0
2024-06-28 09:55:00+09:00,2132.0,2132.0,2130.0,2130.0,700,0.0,0.0
2024-06-28 10:00:00+09:00,2129.0,2131.0,2128.0,2131.0,600,0.0,0.0
2024-06-28 10:05:00+09:00,2130.0,2130.0,2126.0,2126.0,2100,0.0,0.0
2024-06-28 10:10:00+09:00,2128.0,2131.0,2128.0,2131.0,600,0.0,0.0
2024-06-28 10:15:00+09:00,2131.0,2131.0,2130.0,2130.0,600,0.0,0.0
2024-06-28 10:25:00+09:00,2129.0,2129.0,2123.0,2123.0,1100,0.0,0.0
2024-06-28 10:30:00+09:00,2120.0,2120.0,2120.0,2120.0,200,0.0,0.0
2024-06-28 10:35:00+09:00,2119.0,2122.0,2118.0,2121.0,1000,0.0,0.0
2024-06-28 10:40:00+09:00,2120.0,2120.0,2120.0,2120.0,200,0.0,0.0
2024-06-28 10:45:00+09:00,2120.0,2120.0,2118.0,2118.0,500,0.0,0.0
2024-06-28 10:50:00+09:00,2120.0,2122.0,2120.0,2121.0,800,0.0,0.0
2024-06-28 10:55:00+09:00,2120.0,2122.0,2120.0,2122.0,200,0.0,0.0
2024-06-28 11:00:00+09:00,2121.0,2124.0,2120.0,2124.0,1100,0.0,0.0
2024-06-28 11:05:00+09:00,2122.0,2122.0,2120.0,2120.0,2100,0.0,0.0
2024-06-28 11:10:00+09:00,2121.0,2121.0,2121.0,2121.0,200,0.0,0.0
2024-06-28 11:15:00+09:00,2122.0,2122.0,2122.0,2122.0,100,0.0,0.0
2024-06-28 11:20:00+09:00,2121.0,2122.0,2119.0,2119.0,1000,0.0,0.0
2024-06-28 11:25:00+09:00,2121.0,2122.0,2119.0,2119.0,300,0.0,0.0
2024-06-28 11:30:00+09:00,2123.0,2123.0,2123.0,2123.0,100,0.0,0.0
2024-06-28 11:35:00+09:00,2123.0,2123.0,2123.0,2123.0,0,0.0,0.0
2024-06-28 12:30:00+09:00,2118.0,2121.0,2117.0,2121.0,32700,0.0,0.0
2024-06-28 12:35:00+09:00,2122.0,2122.0,2122.0,2122.0,300,0.0,0.0
2024-06-28 12:40:00+09:00,2123.0,2123.0,2122.0,2122.0,500,0.0,0.0
2024-06-28 12:45:00+09:00,2122.0,2122.0,2120.0,2120.0,1000,0.0,0.0
2024-06-28 12:50:00+09:00,2120.0,2120.0,2119.0,2119.0,300,0.0,0.0
2024-06-28 12:55:00+09:00,2119.0,2119.0,2119.0,2119.0,500,0.0,0.0
2024-06-28 13:00:00+09:00,2121.0,2122.0,2119.0,2122.0,600,0.0,0.0
2024-06-28 13:05:00+09:00,2120.0,2120.0,2120.0,2120.0,100,0.0,0.0
2024-06-28 13:10:00+09:00,2121.0,2121.0,2121.0,2121.0,300,0.0,0.0
2024-06-28 13:15:00+09:00,2121.0,2123.0,2121.0,2123.0,1100,0.0,0.0
2024-06-28 13:20:00+09:00,2122.0,2122.0,2122.0,2122.0,100,0.0,0.0
2024-06-28 13:25:00+09:00,2123.0,2123.0,2123.0,2123.0,200,0.0,0.0
2024-06-28 13:30:00+09:00,2123.0,2123.0,2123.0,2123.0,200,0.0,0.0
2024-06-28 13:35:00+09:00,2122.0,2128.0,2122.0,2126.0,2400,0.0,0.0
2024-06-28 13:40:00+09:00,2125.0,2125.0,2125.0,2125.0,200,0.0,0.0
2024-06-28 13:45:00+09:00,2126.0,2126.0,2125.0,2125.0,400,0.0,0.0
2024-06-28 13:50:00+09:00,2125.0,2126.0,2123.0,2123.0,600,0.0,0.0
2024-06-28 13:55:00+09:00,2125.0,2126.0,2125.0,2125.0,900,0.0,0.0
2024-06-28 14:00:00+09:00,2126.0,2126.0,2121.0,2121.0,800,0.0,0.0
2024-06-28 14:05:00+09:00,2124.0,2125.0,2124.0,2125.0,200,0.0,0.0
2024-06-28 14:10:00+09:00,2123.0,2125.0,2123.0,2125.0,4300,0.0,0.0
2024-06-28 14:15:00+09:00,2126.0,2126.0,2126.0,2126.0,100,0.0,0.0
2024-06-28 14:20:00+09:00,2127.0,2127.0,2126.0,2127.0,700,0.0,0.0
2024-06-28 14:25:00+09:00,2127.0,2127.0,2125.0,2126.0,600,0.0,0.0
2024-06-28 14:30:00+09:00,2127.0,2127.0,2125.0,2125.0,700,0.0,0.0
2024-06-28 14:35:00+09:00,2126.0,2127.0,2126.0,2127.0,1000,0.0,0.0
2024-06-28 14:40:00+09:00,2128.0,2129.0,2127.0,2128.0,1200,0.0,0.0
2024-06-28 14:45:00+09:00,2129.0,2129.0,2126.0,2126.0,1100,0.0,0.0
2024-06-28 14:50:00+09:00,2125.0,2125.0,2124.0,2125.0,800,0.0,0.0
2024-06-28 14:55:00+09:00,2123.0,2128.0,2123.0,2128.0,2500,0.0,0.0
2024-07-01 09:00:00+09:00,2127.0,2127.0,2121.0,2123.0,0,0.0,0.0
2024-07-01 09:05:00+09:00,2122.0,2126.0,2120.0,2125.0,2200,0.0,0.0
2024-07-01 09:10:00+09:00,2126.0,2126.0,2119.0,2120.0,1500,0.0,0.0
2024-07-01 09:15:00+09:00,2121.0,2121.0,2114.0,2116.0,4300,0.0,0.0
2024-07-01 09:20:00+09:00,2119.0,2121.0,2116.0,2121.0,2800,0.0,0.0
2024-07-01 09:25:00+09:00,2118.0,2118.0,2116.0,2116.0,1100,0.0,0.0
2024-07-01 09:30:00+09:00,2115.0,2115.0,2107.0,2107.0,3000,0.0,0.0
2024-07-01 09:35:00+09:00,2108.0,2109.0,2107.0,2108.0,3200,0.0,0.0
2024-07-01 09:40:00+09:00,2107.0,2107.0,2105.0,2105.0,500,0.0,0.0
2024-07-01 09:45:00+09:00,2105.0,2106.0,2105.0,2106.0,1100,0.0,0.0
2024-07-01 09:50:00+09:00,2108.0,2110.0,2108.0,2110.0,2400,0.0,0.0
2024-07-01 09:55:00+09:00,2110.0,2110.0,2109.0,2109.0,500,0.0,0.0
2024-07-01 10:00:00+09:00,2111.0,2111.0,2106.0,2106.0,800,0.0,0.0
2024-07-01 10:05:00+09:00,2105.0,2105.0,2102.0,2103.0,3200,0.0,0.0
2024-07-01 10:10:00+09:00,2104.0,2105.0,2104.0,2105.0,200,0.0,0.0
2024-07-01 10:15:00+09:00,2104.0,2109.0,2104.0,2109.0,1400,0.0,0.0
2024-07-01 10:20:00+09:00,2107.0,2111.0,2107.0,2111.0,1100,0.0,0.0
2024-07-01 10:25:00+09:00,2112.0,2112.0,2108.0,2108.0,1100,0.0,0.0
2024-07-01 10:30:00+09:00,2107.0,2107.0,2106.0,2106.0,800,0.0,0.0
2024-07-01 10:35:00+09:00,2105.0,2105.0,2103.0,2103.0,400,0.0,0.0
2024-07-01 10:40:00+09:00,2102.0,2107.0,2102.0,2106.0,4300,0.0,0.0
2024-07-01 10:45:00+09:00,2104.0,2104.0,2103.0,2104.0,600,0.0,0.0
2024-07-01 10:50:00+09:00,2105.0,2109.0,2105.0,2109.0,1400,0.0,0.0
2024-07-01 10:55:00+09:00,2109.0,2111.0,2109.0,2111.0,900,0.0,0.0
2024-07-01 11:00:00+09:00,2113.0,2118.0,2113.0,2118.0,1600,0.0,0.0
2024-07-01 11:05:00+09:00,2118.0,2118.0,2118.0,2118.0,400,0.0,0.0
2024-07-01 11:15:00+09:00,2120.0,2120.0,2120.0,2120.0,500,0.0,0.0
2024-07-01 11:20:00+09:00,2121.0,2121.0,2121.0,2121.0,500,0.0,0.0
2024-07-01 11:25:00+09:00,2122.0,2124.0,2121.0,2124.0,900,0.0,0.0
2024-07-01 11:30:00+09:00,2122.0,2122.0,2122.0,2122.0,100,0.0,0.0
2024-07-01 11:35:00+09:00,2122.0,2122.0,2122.0,2122.0,0,0.0,0.0
2024-07-01 12:30:00+09:00,2122.0,2122.0,2119.0,2120.0,50100,0.0,0.0
2024-07-01 12:35:00+09:00,2120.0,2120.0,2118.0,2118.0,600,0.0,0.0
2024-07-01 12:40:00+09:00,2117.0,2117.0,2114.0,2117.0,1400,0.0,0.0
2024-07-01 12:45:00+09:00,2118.0,2118.0,2117.0,2117.0,800,0.0,0.0
2024-07-01 12:50:00+09:00,2115.0,2115.0,2115.0,2115.0,100,0.0,0.0
2024-07-01 12:55:00+09:00,2114.0,2114.0,2114.0,2114.0,600,0.0,0.0
2024-07-01 13:00:00+09:00,2113.0,2113.0,2110.0,2113.0,2000,0.0,0.0
2024-07-01 13:05:00+09:00,2114.0,2114.0,2114.0,2114.0,500,0.0,0.0
2024-07-01 13:10:00+09:00,2113.0,2113.0,2113.0,2113.0,800,0.0,0.0
2024-07-01 13:20:00+09:00,2114.0,2116.0,2114.0,2116.0,1300,0.0,0.0
2024-07-01 13:25:00+09:00,2116.0,2116.0,2116.0,2116.0,400,0.0,0.0
2024-07-01 13:30:00+09:00,2115.0,2115.0,2115.0,2115.0,300,0.0,0.0
2024-07-01 13:35:00+09:00,2113.0,2114.0,2113.0,2113.0,600,0.0,0.0
2024-07-01 13:40:00+09:00,2114.0,2114.0,2113.0,2113.0,900,0.0,0.0
2024-07-01 13:45:00+09:00,2113.0,2113.0,2113.0,2113.0,100,0.0,0.0
2024-07-01 13:50:00+09:00,2112.0,2113.0,2112.0,2113.0,600,0.0,0.0
2024-07-01 13:55:00+09:00,2113.0,2113.0,2113.0,2113.0,100,0.0,0.0
2024-07-01 14:00:00+09:00,2112.0,2112.0,2109.0,2109.0,1700,0.0,0.0
2024-07-01 14:05:00+09:00,2109.0,2109.0,2109.0,2109.0,100,0.0,0.0
2024-07-01 14:10:00+09:00,2107.0,2107.0,2106.0,2107.0,800,0.0,0.0
2024-07-01 14:15:00+09:00,2108.0,2108.0,2107.0,2107.0,2000,0.0,0.0
2024-07-01 14:20:00+09:00,2107.0,2107.0,2107.0,2107.0,1100,0.0,0.0
2024-07-01 14:25:00+09:00,2106.0,2106.0,2106.0,2106.0,400,0.0,0.0
2024-07-01 14:30:00+09:00,2105.0,2106.0,2104.0,2104.0,2300,0.0,0.0
2024-07-01 14:40:00+09:00,2105.0,2109.0,2104.0,2109.0,4300,0.0,0.0
2024-07-01 14:45:00+09:00,2106.0,2107.0,2106.0,2107.0,900,0.0,0.0
2024-07-01 14:50:00+09:00,2108.0,2108.0,2107.0,2107.0,1200,0.0,0.0
2024-07-01 14:55:00+09:00,2108.0,2109.0,2104.0,2104.0,2000,0.0,0.0
2024-07-02 09:00:00+09:00,2105.0,2108.0,2102.0,2102.0,3200,0.0,0.0
2024-07-02 09:05:00+09:00,2105.0,2105.0,2101.0,2101.0,900,0.0,0.0
2024-07-02 09:10:00+09:00,2101.0,2103.0,2101.0,2101.0,400,0.0,0.0
2024-07-02 09:15:00+09:00,2100.0,2105.0,2100.0,2103.0,2600,0.0,0.0
2024-07-02 09:20:00+09:00,2102.0,2105.0,2100.0,2105.0,2700,0.0,0.0
2024-07-02 09:25:00+09:00,2105.0,2105.0,2100.0,2100.0,500,0.0,0.0
2024-07-02 09:30:00+09:00,2100.0,2100.0,2088.0,2088.0,10700,0.0,0.0
2024-07-02 09:35:00+09:00,2092.0,2094.0,2092.0,2094.0,500,0.0,0.0
2024-07-02 09:40:00+09:00,2092.0,2092.0,2091.0,2092.0,800,0.0,0.0
2024-07-02 09:45:00+09:00,2092.0,2092.0,2092.0,2092.0,100,0.0,0.0
2024-07-02 09:50:00+09:00,2093.0,2093.0,2093.0,2093.0,200,0.0,0.0
2024-07-02 09:55:00+09:00,2094.0,2094.0,2094.0,2094.0,200,0.0,0.0
2024-07-02 10:00:00+09:00,2095.0,2101.0,2095.0,2101.0,2100,0.0,0.0
2024-07-02 10:05:00+09:00,2100.0,2103.0,2100.0,2103.0,600,0.0,0.0
2024-07-02 10:10:00+09:00,2104.0,2107.0,2104.0,2105.0,700,0.0,0.0
2024-07-02 10:15:00+09:00,2108.0,2111.0,2107.0,2107.0,1100,0.0,0.0
2024-07-02 10:20:00+09:00,2107.0,2109.0,2107.0,2109.0,700,0.0,0.0
2024-07-02 10:25:00+09:00,2110.0,2111.0,2109.0,2109.0,2100,0.0,0.0
2024-07-02 10:30:00+09:00,2111.0,2111.0,2109.0,2109.0,300,0.0,0.0
2024-07-02 10:35:00+09:00,2109.0,2109.0,2108.0,2109.0,900,0.0,0.0
2024-07-02 10:40:00+09:00,2109.0,2111.0,2109.0,2110.0,1700,0.0,0.0
2024-07-02 10:45:00+09:00,2110.0,2110.0,2110.0,2110.0,200,0.0,0.0
2024-07-02 10:50:00+09:00,2109.0,2109.0,2107.0,2107.0,1000,0.0,0.0
2024-07-02 10:55:00+09:00,2106.0,2107.0,2106.0,2107.0,900,0.0,0.0
2024-07-02 11:00:00+09:00,2107.0,2108.0,2107.0,2108.0,500,0.0,0.0
2024-07-02 11:05:00+09:00,2108.0,2108.0,2107.0,2107.0,200,0.0,0.0
2024-07-02 11:10:00+09:00,2107.0,2107.0,2107.0,2107.0,100,0.0,0.0
2024-07-02 11:15:00+09:00,2106.0,2106.0,2105.0,2106.0,1200,0.0,0.0
2024-07-02 11:20:00+09:00,2105.0,2105.0,2104.0,2104.0,400,0.0,0.0
2024-07-02 11:25:00+09:00,2104.0,2104.0,2104.0,2104.0,100,0.0,0.0
2024-07-02 11:30:00+09:00,2104.0,2104.0,2104.0,2104.0,100,0.0,0.0
2024-07-02 11:35:00+09:00,2104.0,2104.0,2104.0,2104.0,0,0.0,0.0
2024-07-02 12:30:00+09:00,2102.0,2102.0,2097.0,2100.0,40600,0.0,0.0
2024-07-02 12:35:00+09:00,2102.0,2102.0,2102.0,2102.0,600,0.0,0.0
2024-07-02 12:40:00+09:00,2102.0,2102.0,2102.0,2102.0,800,0.0,0.0
2024-07-02 12:45:00+09:00,2102.0,2102.0,2100.0,2100.0,800,0.0,0.0
2024-07-02 12:50:00+09:00,2101.0,2102.0,2101.0,2102.0,600,0.0,0.0
2024-07-02 12:55:00+09:00,2103.0,2103.0,2102.0,2102.0,700,0.0,0.0
2024-07-02 13:00:00+09:00,2102.0,2105.0,2102.0,2105.0,1100,0.0,0.0
2024-07-02 13:05:00+09:00,2107.0,2110.0,2106.0,2110.0,300,0.0,0.0
2024-07-02 13:10:00+09:00,2108.0,2111.0,2107.0,2107.0,1500,0.0,0.0
2024-07-02 13:15:00+09:00,2107.0,2109.0,2107.0,2109.0,400,0.0,0.0
2024-07-02 13:20:00+09:00,2110.0,2111.0,2108.0,2108.0,1800,0.0,0.0
2024-07-02 13:25:00+09:00,2108.0,2110.0,2108.0,2110.0,500,0.0,0.0
2024-07-02 13:30:00+09:00,2111.0,2112.0,2110.0,2112.0,1400,0.0,0.0
2024-07-02 13:35:00+09:00,2112.0,2113.0,2111.0,2113.0,1000,0.0,0.0
2024-07-02 13:40:00+09:00,2113.0,2113.0,2113.0,2113.0,100,0.0,0.0
2024-07-02 13:45:00+09:00,2113.0,2113.0,2113.0,2113.0,500,0.0,0.0
2024-07-02 13:50:00+09:00,2112.0,2112.0,2112.0,2112.0,400,0.0,0.0
2024-07-02 13:55:00+09:00,2111.0,2111.0,2107.0,2107.0,1000,0.0,0.0
2024-07-02 14:00:00+09:00,2108.0,2110.0,2107.0,2107.0,500,0.0,0.0
2024-07-02 14:05:00+09:00,2107.0,2107.0,2107.0,2107.0,200,0.0,0.0
2024-07-02 14:10:00+09:00,2106.0,2106.0,2104.0,2104.0,700,0.0,0.0
2024-07-02 14:15:00+09:00,2105.0,2105.0,2104.0,2104.0,1100,0.0,0.0
2024-07-02 14:20:00+09:00,2106.0,2106.0,2105.0,2105.0,700,0.0,0.0
2024-07-02 14:25:00+09:00,2107.0,2110.0,2107.0,2108.0,1900,0.0,0.0
2024-07-02 14:30:00+09:00,2110.0,2111.0,2109.0,2110.0,1300,0.0,0.0
2024-07-02 14:35:00+09:00,2110.0,2110.0,2108.0,2108.0,1200,0.0,0.0
2024-07-02 14:40:00+09:00,2109.0,2110.0,2109.0,2109.0,600,0.0,0.0
2024-07-02 14:45:00+09:00,2111.0,2112.0,2111.0,2112.0,1100,0.0,0.0
2024-07-02 14:50:00+09:00,2111.0,2112.0,2111.0,2111.0,0,0.0,0.0
2024-07-02 14:55:00+09:00,2110.0,2111.0,2108.0,2108.0,67500,0.0,0.0
2024-07-03 09:00:00+09:00,2104.0,2104.0,2104.0,2104.0,2500,0.0,0.0
2024-07-03 09:05:00+09:00,2109.0,2110.0,2108.0,2110.0,700,0.0,0.0
2024-07-03 09:10:00+09:00,2110.0,2120.0,2110.0,2120.0,1900,0.0,0.0
2024-07-03 09:15:00+09:00,2118.0,2123.0,2118.0,2123.0,1100,0.0,0.0
2024-07-03 09:20:00+09:00,2123.0,2127.0,2122.0,2126.0,1200,0.0,0.0
2024-07-03 09:25:00+09:00,2123.0,2123.0,2121.0,2121.0,600,0.0,0.0
2024-07-03 09:30:00+09:00,2121.0,2134.0,2121.0,2133.0,5900,0.0,0.0
2024-07-03 09:35:00+09:00,2131.0,2131.0,2130.0,2130.0,600,0.0,0.0
2024-07-03 09:40:00+09:00,2129.0,2129.0,2128.0,2128.0,300,0.0,0.0
2024-07-03 09:45:00+09:00,2130.0,2130.0,2130.0,2130.0,200,0.0,0.0
2024-07-03 09:50:00+09:00,2130.0,2131.0,2130.0,2131.0,600,0.0,0.0
2024-07-03 09:55:00+09:00,2131.0,2132.0,2131.0,2132.0,200,0.0,0.0
2024-07-03 10:00:00+09:00,2132.0,2133.0,2132.0,2132.0,1000,0.0,0.0
2024-07-03 10:05:00+09:00,2131.0,2131.0,2131.0,2131.0,600,0.0,0.0
2024-07-03 10:10:00+09:00,2129.0,2129.0,2124.0,2128.0,2700,0.0,0.0
2024-07-03 10:15:00+09:00,2128.0,2128.0,2123.0,2126.0,1900,0.0,0.0
2024-07-03 10:20:00+09:00,2127.0,2136.0,2127.0,2136.0,3500,0.0,0.0
2024-07-03 10:25:00+09:00,2138.0,2138.0,2129.0,2130.0,5200,0.0,0.0
2024-07-03 10:30:00+09:00,2136.0,2137.0,2130.0,2134.0,3800,0.0,0.0
2024-07-03 10:40:00+09:00,2137.0,2139.0,2137.0,2139.0,200,0.0,0.0
2024-07-03 10:45:00+09:00,2139.0,2140.0,2137.0,2137.0,1600,0.0,0.0
2024-07-03 10:50:00+09:00,2137.0,2138.0,2137.0,2138.0,400,0.0,0.0
2024-07-03 10:55:00+09:00,2138.0,2138.0,2138.0,2138.0,100,0.0,0.0
2024-07-03 11:00:00+09:00,2140.0,2142.0,2140.0,2141.0,600,0.0,0.0
2024-07-03 11:05:00+09:00,2143.0,2143.0,2143.0,2143.0,100,0.0,0.0
2024-07-03 11:10:00+09:00,2143.0,2143.0,2138.0,2138.0,1500,0.0,0.0
2024-07-03 11:15:00+09:00,2142.0,2142.0,2142.0,2142.0,100,0.0,0.0
2024-07-03 11:20:00+09:00,2143.0,2143.0,2140.0,2143.0,600,0.0,0.0
2024-07-03 11:25:00+09:00,2144.0,2147.0,2144.0,2147.0,700,0.0,0.0
2024-07-03 11:30:00+09:00,2147.0,2147.0,2147.0,2147.0,2000,0.0,0.0
2024-07-03 11:35:00+09:00,2147.0,2147.0,2147.0,2147.0,0,0.0,0.0
2024-07-03 12:30:00+09:00,2147.0,2147.0,2143.0,2143.0,46600,0.0,0.0
2024-07-03 12:35:00+09:00,2144.0,2144.0,2144.0,2144.0,200,0.0,0.0
2024-07-03 12:40:00+09:00,2142.0,2142.0,2139.0,2139.0,1100,0.0,0.0
2024-07-03 12:45:00+09:00,2141.0,2141.0,2140.0,2140.0,300,0.0,0.0
2024-07-03 12:55:00+09:00,2139.0,2141.0,2139.0,2141.0,2300,0.0,0.0
2024-07-03 13:00:00+09:00,2142.0,2142.0,2140.0,2140.0,800,0.0,0.0
2024-07-03 13:05:00+09:00,2140.0,2141.0,2140.0,2141.0,900,0.0,0.0
2024-07-03 13:15:00+09:00,2142.0,2143.0,2142.0,2143.0,300,0.0,0.0
2024-07-03 13:20:00+09:00,2144.0,2145.0,2143.0,2144.0,2900,0.0,0.0
2024-07-03 13:25:00+09:00,2147.0,2147.0,2147.0,2147.0,100,0.0,0.0
2024-07-03 13:35:00+09:00,2148.0,2149.0,2148.0,2149.0,900,0.0,0.0
2024-07-03 13:40:00+09:00,2149.0,2152.0,2149.0,2152.0,2200,0.0,0.0
2024-07-03 13:45:00+09:00,2152.0,2155.0,2152.0,2152.0,2000,0.0,0.0
2024-07-03 13:50:00+09:00,2153.0,2156.0,2153.0,2155.0,2800,0.0,0.0
2024-07-03 14:00:00+09:00,2154.0,2154.0,2154.0,2154.0,300,0.0,0.0
2024-07-03 14:05:00+09:00,2154.0,2156.0,2153.0,2154.0,2600,0.0,0.0
2024-07-03 14:10:00+09:00,2154.0,2155.0,2154.0,2155.0,600,0.0,0.0
2024-07-03 14:15:00+09:00,2156.0,2156.0,2155.0,2156.0,1300,0.0,0.0
2024-07-03 14:20:00+09:00,2158.0,2160.0,2158.0,2158.0,900,0.0,0.0
2024-07-03 14:25:00+09:00,2158.0,2159.0,2158.0,2159.0,900,0.0,0.0
2024-07-03 14:30:00+09:00,2160.0,2161.0,2159.0,2161.0,1500,0.0,0.0
2024-07-03 14:35:00+09:00,2161.0,2165.0,2161.0,2162.0,2900,0.0,0.0
2024-07-03 14:40:00+09:00,2163.0,2165.0,2163.0,2163.0,1400,0.0,0.0
2024-07-03 14:45:00+09:00,2163.0,2163.0,2161.0,2162.0,2000,0.0,0.0
2024-07-03 14:50:00+09:00,2162.0,2162.0,2160.0,2160.0,1800,0.0,0.0
2024-07-03 14:55:00+09:00,2160.0,2163.0,2160.0,2163.0,2800,0.0,0.0
2024-07-04 09:00:00+09:00,2154.0,2158.0,2151.0,2158.0,3700,0.0,0.0
2024-07-04 09:05:00+09:00,2156.0,2156.0,2152.0,2153.0,1100,0.0,0.0
2024-07-04 09:10:00+09:00,2153.0,2153.0,2140.0,2140.0,1500,0.0,0.0
2024-07-04 09:15:00+09:00,2139.0,2139.0,2132.0,2134.0,1900,0.0,0.0
2024-07-04 09:20:00+09:00,2139.0,2143.0,2138.0,2141.0,1300,0.0,0.0
2024-07-04 09:25:00+09:00,2144.0,2149.0,2142.0,2144.0,2000,0.0,0.0
2024-07-04 09:30:00+09:00,2145.0,2146.0,2143.0,2145.0,900,0.0,0.0
2024-07-04 09:35:00+09:00,2143.0,2143.0,2139.0,2139.0,2100,0.0,0.0
2024-07-04 09:40:00+09:00,2142.0,2148.0,2142.0,2148.0,1700,0.0,0.0
2024-07-04 09:45:00+09:00,2149.0,2152.0,2149.0,2152.0,700,0.0,0.0
2024-07-04 09:50:00+09:00,2151.0,2153.0,2151.0,2153.0,300,0.0,0.0
2024-07-04 09:55:00+09:00,2155.0,2155.0,2155.0,2155.0,200,0.0,0.0
2024-07-04 10:05:00+09:00,2155.0,2159.0,2155.0,2156.0,800,0.0,0.0
2024-07-04 10:10:00+09:00,2158.0,2160.0,2158.0,2160.0,700,0.0,0.0
2024-07-04 10:15:00+09:00,2160.0,2161.0,2159.0,2159.0,500,0.0,0.0
2024-07-04 10:20:00+09:00,2156.0,2156.0,2153.0,2155.0,500,0.0,0.0
2024-07-04 10:25:00+09:00,2151.0,2151.0,2150.0,2150.0,200,0.0,0.0
2024-07-04 10:30:00+09:00,2149.0,2152.0,2149.0,2152.0,1300,0.0,0.0
2024-07-04 10:35:00+09:00,2153.0,2154.0,2151.0,2154.0,1900,0.0,0.0
2024-07-04 10:40:00+09:00,2156.0,2156.0,2156.0,2156.0,100,0.0,0.0
2024-07-04 10:45:00+09:00,2155.0,2160.0,2155.0,2160.0,1600,0.0,0.0
2024-07-04 10:50:00+09:00,2155.0,2155.0,2151.0,2151.0,900,0.0,0.0
2024-07-04 10:55:00+09:00,2150.0,2156.0,2150.0,2155.0,3900,0.0,0.0
2024-07-04 11:00:00+09:00,2150.0,2150.0,2144.0,2144.0,2200,0.0,0.0
2024-07-04 11:05:00+09:00,2144.0,2144.0,2141.0,2144.0,600,0.0,0.0
2024-07-04 11:10:00+09:00,2143.0,2143.0,2138.0,2138.0,400,0.0,0.0
2024-07-04 11:15:00+09:00,2138.0,2138.0,2135.0,2135.0,900,0.0,0.0
2024-07-04 11:20:00+09:00,2138.0,2138.0,2135.0,2136.0,2900,0.0,0.0
2024-07-04 11:25:00+09:00,2137.0,2142.0,2137.0,2140.0,2400,0.0,0.0
2024-07-04 11:30:00+09:00,2139.0,2139.0,2139.0,2139.0,700,0.0,0.0
2024-07-04 11:35:00+09:00,2139.0,2139.0,2139.0,2139.0,0,0.0,0.0
2024-07-04 12:30:00+09:00,2139.0,2145.0,2139.0,2144.0,45100,0.0,0.0
2024-07-04 12:35:00+09:00,2146.0,2150.0,2144.0,2144.0,2800,0.0,0.0
2024-07-04 12:40:00+09:00,2145.0,2146.0,2145.0,2145.0,1100,0.0,0.0
2024-07-04 12:45:00+09:00,2148.0,2148.0,2145.0,2145.0,500,0.0,0.0
2024-07-04 12:50:00+09:00,2144.0,2146.0,2144.0,2145.0,1200,0.0,0.0
2024-07-04 12:55:00+09:00,2146.0,2149.0,2146.0,2147.0,1100,0.0,0.0
2024-07-04 13:00:00+09:00,2148.0,2149.0,2148.0,2149.0,800,0.0,0.0
2024-07-04 13:05:00+09:00,2150.0,2151.0,2149.0,2149.0,1200,0.0,0.0
2024-07-04 13:10:00+09:00,2150.0,2151.0,2149.0,2151.0,1200,0.0,0.0
2024-07-04 13:15:00+09:00,2153.0,2153.0,2152.0,2153.0,500,0.0,0.0
2024-07-04 13:20:00+09:00,2152.0,2157.0,2152.0,2157.0,2300,0.0,0.0
2024-07-04 13:25:00+09:00,2158.0,2161.0,2158.0,2161.0,1500,0.0,0.0
2024-07-04 13:30:00+09:00,2159.0,2161.0,2154.0,2156.0,2100,0.0,0.0
2024-07-04 13:35:00+09:00,2157.0,2157.0,2156.0,2157.0,700,0.0,0.0
2024-07-04 13:40:00+09:00,2157.0,2158.0,2157.0,2158.0,300,0.0,0.0
2024-07-04 13:45:00+09:00,2158.0,2158.0,2155.0,2155.0,800,0.0,0.0
2024-07-04 13:50:00+09:00,2155.0,2158.0,2155.0,2158.0,900,0.0,0.0
2024-07-04 13:55:00+09:00,2157.0,2159.0,2156.0,2158.0,1500,0.0,0.0
2024-07-04 14:00:00+09:00,2156.0,2158.0,2156.0,2158.0,800,0.0,0.0
2024-07-04 14:05:00+09:00,2157.0,2159.0,2157.0,2159.0,1100,0.0,0.0
2024-07-04 14:10:00+09:00,2159.0,2159.0,2158.0,2158.0,700,0.0,0.0
2024-07-04 14:15:00+09:00,2158.0,2158.0,2155.0,2155.0,1000,0.0,0.0
2024-07-04 14:20:00+09:00,2155.0,2155.0,2152.0,2154.0,600,0.0,0.0
2024-07-04 14:25:00+09:00,2153.0,2154.0,2153.0,2154.0,700,0.0,0.0
2024-07-04 14:30:00+09:00,2155.0,2155.0,2152.0,2152.0,900,0.0,0.0
2024-07-04 14:35:00+09:00,2152.0,2154.0,2152.0,2154.0,1700,0.0,0.0
2024-07-04 14:40:00+09:00,2156.0,2156.0,2154.0,2155.0,2100,0.0,0.0
2024-07-04 14:45:00+09:00,2154.0,2157.0,2154.0,2156.0,2600,0.0,0.0
2024-07-04 14:50:00+09:00,2156.0,2158.0,2153.0,2153.0,2700,0.0,0.0
2024-07-04 14:55:00+09:00,2152.0,2155.0,2152.0,2153.0,3200,0.0,0.0
2024-07-05 09:00:00+09:00,2145.0,2145.0,2138.0,2144.0,7000,0.0,0.0
2024-07-05 09:05:00+09:00,2146.0,2147.0,2138.0,2138.0,1000,0.0,0.0
2024-07-05 09:10:00+09:00,2137.0,2143.0,2137.0,2140.0,1200,0.0,0.0
2024-07-05 09:15:00+09:00,2139.0,2139.0,2132.0,2132.0,1500,0.0,0.0
2024-07-05 09:20:00+09:00,2134.0,2137.0,2134.0,2137.0,500,0.0,0.0
2024-07-05 09:25:00+09:00,2135.0,2135.0,2128.0,2132.0,1200,0.0,0.0
2024-07-05 09:30:00+09:00,2130.0,2130.0,2123.0,2123.0,1100,0.0,0.0
2024-07-05 09:35:00+09:00,2124.0,2124.0,2123.0,2123.0,300,0.0,0.0
2024-07-05 09:40:00+09:00,2123.0,2127.0,2123.0,2127.0,800,0.0,0.0
2024-07-05 09:50:00+09:00,2126.0,2131.0,2124.0,2124.0,2300,0.0,0.0
2024-07-05 09:55:00+09:00,2125.0,2125.0,2124.0,2124.0,200,0.0,0.0
2024-07-05 10:00:00+09:00,2122.0,2122.0,2117.0,2117.0,900,0.0,0.0
2024-07-05 10:05:00+09:00,2117.0,2117.0,2116.0,2116.0,0,0.0,0.0
2024-07-05 10:10:00+09:00,2115.0,2115.0,2115.0,2115.0,18600,0.0,0.0
2024-07-05 10:15:00+09:00,2113.0,2113.0,2106.0,2106.0,1900,0.0,0.0
2024-07-05 10:20:00+09:00,2106.0,2110.0,2106.0,2110.0,1200,0.0,0.0
2024-07-05 10:25:00+09:00,2110.0,2111.0,2110.0,2111.0,200,0.0,0.0
2024-07-05 10:30:00+09:00,2111.0,2111.0,2110.0,2110.0,300,0.0,0.0
2024-07-05 10:35:00+09:00,2112.0,2112.0,2112.0,2112.0,200,0.0,0.0
2024-07-05 10:40:00+09:00,2112.0,2113.0,2112.0,2113.0,400,0.0,0.0
2024-07-05 10:45:00+09:00,2113.0,2113.0,2108.0,2108.0,1900,0.0,0.0
2024-07-05 10:55:00+09:00,2110.0,2110.0,2110.0,2110.0,500,0.0,0.0
2024-07-05 11:00:00+09:00,2109.0,2109.0,2106.0,2107.0,1900,0.0,0.0
2024-07-05 11:05:00+09:00,2108.0,2111.0,2108.0,2111.0,1000,0.0,0.0
2024-07-05 11:10:00+09:00,2113.0,2113.0,2112.0,2112.0,600,0.0,0.0
2024-07-05 11:15:00+09:00,2112.0,2112.0,2112.0,2112.0,300,0.0,0.0
2024-07-05 11:20:00+09:00,2114.0,2114.0,2111.0,2111.0,300,0.0,0.0
2024-07-05 11:30:00+09:00,2110.0,2110.0,2110.0,2110.0,200,0.0,0.0
2024-07-05 11:35:00+09:00,2110.0,2110.0,2110.0,2110.0,0,0.0,0.0
2024-07-05 12:30:00+09:00,2110.0,2118.0,2110.0,2118.0,33800,0.0,0.0
2024-07-05 12:35:00+09:00,2116.0,2116.0,2112.0,2114.0,1100,0.0,0.0
2024-07-05 12:40:00+09:00,2114.0,2114.0,2114.0,2114.0,100,0.0,0.0
2024-07-05 12:45:00+09:00,2113.0,2115.0,2113.0,2115.0,400,0.0,0.0
2024-07-05 12:50:00+09:00,2114.0,2114.0,2114.0,2114.0,300,0.0,0.0
2024-07-05 12:55:00+09:00,2114.0,2114.0,2114.0,2114.0,100,0.0,0.0
2024-07-05 13:00:00+09:00,2114.0,2115.0,2113.0,2115.0,1600,0.0,0.0
2024-07-05 13:05:00+09:00,2116.0,2120.0,2116.0,2118.0,1600,0.0,0.0
2024-07-05 13:10:00+09:00,2118.0,2118.0,2118.0,2118.0,100,0.0,0.0
2024-07-05 13:15:00+09:00,2121.0,2121.0,2117.0,2117.0,600,0.0,0.0
2024-07-05 13:20:00+09:00,2117.0,2117.0,2115.0,2115.0,400,0.0,0.0
2024-07-05 13:25:00+09:00,2117.0,2118.0,2117.0,2117.0,1300,0.0,0.0
2024-07-05 13:30:00+09:00,2116.0,2116.0,2113.0,2113.0,1000,0.0,0.0
2024-07-05 13:35:00+09:00,2112.0,2112.0,2112.0,2112.0,400,0.0,0.0
2024-07-05 13:40:00+09:00,2112.0,2113.0,2112.0,2113.0,800,0.0,0.0
2024-07-05 13:45:00+09:00,2113.0,2113.0,2112.0,2113.0,800,0.0,0.0
2024-07-05 13:50:00+09:00,2113.0,2115.0,2113.0,2115.0,1000,0.0,0.0
2024-07-05 14:00:00+09:00,2113.0,2113.0,2113.0,2113.0,200,0.0,0.0
2024-07-05 14:05:00+09:00,2112.0,2112.0,2112.0,2112.0,300,0.0,0.0
2024-07-05 14:10:00+09:00,2111.0,2111.0,2111.0,2111.0,100,0.0,0.0
2024-07-05 14:15:00+09:00,2113.0,2114.0,2112.0,2114.0,1300,0.0,0.0
2024-07-05 14:20:00+09:00,2113.0,2113.0,2111.0,2111.0,800,0.0,0.0
2024-07-05 14:25:00+09:00,2111.0,2111.0,2110.0,2110.0,400,0.0,0.0
2024-07-05 14:30:00+09:00,2111.0,2111.0,2110.0,2110.0,700,0.0,0.0
2024-07-05 14:35:00+09:00,2111.0,2111.0,2110.0,2111.0,700,0.0,0.0
2024-07-05 14:40:00+09:00,2110.0,2111.0,2110.0,2111.0,400,0.0,0.0
2024-07-05 14:45:00+09:00,2111.0,2115.0,2111.0,2112.0,2500,0.0,0.0
2024-07-05 14:50:00+09:00,2112.0,2114.0,2112.0,2113.0,800,0.0,0.0
2024-07-05 14:55:00+09:00,2113.0,2116.0,2113.0,2113.0,1600,0.0,0.0
