Datetime,Open,High,Low,Close,Volume,Dividends,Stock Splits
2024-06-07 09:00:00+09:00,1216.0,1216.0,1215.0,1215.0,500,0.0,0.0
2024-06-07 09:20:00+09:00,1212.0,1212.0,1205.0,1208.0,4500,0.0,0.0
2024-06-07 09:30:00+09:00,1204.0,1205.0,1204.0,1205.0,400,0.0,0.0
2024-06-07 09:35:00+09:00,1203.0,1206.0,1203.0,1206.0,400,0.0,0.0
2024-06-07 09:45:00+09:00,1205.0,1213.0,1205.0,1213.0,1400,0.0,0.0
2024-06-07 09:55:00+09:00,1214.0,1214.0,1214.0,1214.0,100,0.0,0.0
2024-06-07 10:00:00+09:00,1213.0,1213.0,1213.0,1213.0,100,0.0,0.0
2024-06-07 10:05:00+09:00,1212.0,1212.0,1212.0,1212.0,400,0.0,0.0
2024-06-07 10:25:00+09:00,1213.0,1215.0,1213.0,1215.0,300,0.0,0.0
2024-06-07 10:30:00+09:00,1214.0,1214.0,1214.0,1214.0,100,0.0,0.0
2024-06-07 10:35:00+09:00,1215.0,1215.0,1215.0,1215.0,500,0.0,0.0
2024-06-07 10:40:00+09:00,1211.0,1211.0,1211.0,1211.0,100,0.0,0.0
2024-06-07 10:50:00+09:00,1214.0,1214.0,1214.0,1214.0,100,0.0,0.0
2024-06-07 10:55:00+09:00,1214.0,1215.0,1214.0,1215.0,600,0.0,0.0
2024-06-07 11:00:00+09:00,1216.0,1216.0,1216.0,1216.0,100,0.0,0.0
2024-06-07 11:35:00+09:00,1216.0,1216.0,1216.0,1216.0,0,0.0,0.0
2024-06-07 12:30:00+09:00,1221.0,1221.0,1221.0,1221.0,10600,0.0,0.0
2024-06-07 13:10:00+09:00,1219.0,1219.0,1219.0,1219.0,100,0.0,0.0
2024-06-07 13:35:00+09:00,1218.0,1218.0,1218.0,1218.0,100,0.0,0.0
2024-06-07 14:20:00+09:00,1218.0,1218.0,1218.0,1218.0,100,0.0,0.0
2024-06-07 14:25:00+09:00,1218.0,1218.0,1216.0,1216.0,1600,0.0,0.0
2024-06-07 14:45:00+09:00,1216.0,1216.0,1214.0,1216.0,1700,0.0,0.0
2024-06-07 14:50:00+09:00,1217.0,1217.0,1217.0,1217.0,200,0.0,0.0
2024-06-07 14:55:00+09:00,1219.0,1220.0,1219.0,1220.0,400,0.0,0.0
2024-06-10 09:00:00+09:00,1217.0,1223.0,1217.0,1218.0,4300,0.0,0.0
2024-06-10 09:10:00+09:00,1217.0,1217.0,1217.0,1217.0,100,0.0,0.0
2024-06-10 09:15:00+09:00,1213.0,1213.0,1213.0,1213.0,200,0.0,0.0
2024-06-10 09:20:00+09:00,1216.0,1216.0,1216.0,1216.0,100,0.0,0.0
2024-06-10 09:30:00+09:00,1211.0,1211.0,1211.0,1211.0,200,0.0,0.0
2024-06-10 09:35:00+09:00,1214.0,1214.0,1213.0,1213.0,300,0.0,0.0
2024-06-10 09:40:00+09:00,1217.0,1219.0,1217.0,1219.0,300,0.0,0.0
2024-06-10 09:45:00+09:00,1220.0,1220.0,1220.0,1220.0,200,0.0,0.0
2024-06-10 09:50:00+09:00,1221.0,1228.0,1221.0,1228.0,700,0.0,0.0
2024-06-10 09:55:00+09:00,1229.0,1230.0,1228.0,1229.0,1100,0.0,0.0
2024-06-10 10:00:00+09:00,1229.0,1229.0,1229.0,1229.0,100,0.0,0.0
2024-06-10 10:05:00+09:00,1230.0,1233.0,1229.0,1231.0,800,0.0,0.0
2024-06-10 10:10:00+09:00,1231.0,1234.0,1231.0,1231.0,600,0.0,0.0
2024-06-10 10:15:00+09:00,1232.0,1232.0,1227.0,1227.0,700,0.0,0.0
2024-06-10 10:30:00+09:00,1224.0,1224.0,1224.0,1224.0,300,0.0,0.0
2024-06-10 10:40:00+09:00,1223.0,1223.0,1223.0,1223.0,100,0.0,0.0
2024-06-10 10:50:00+09:00,1224.0,1224.0,1224.0,1224.0,200,0.0,0.0
2024-06-10 11:05:00+09:00,1225.0,1229.0,1225.0,1229.0,1000,0.0,0.0
2024-06-10 11:20:00+09:00,1230.0,1230.0,1230.0,1230.0,100,0.0,0.0
2024-06-10 11:25:00+09:00,1230.0,1230.0,1229.0,1229.0,200,0.0,0.0
2024-06-10 11:35:00+09:00,1229.0,1229.0,1229.0,1229.0,0,0.0,0.0
2024-06-10 12:30:00+09:00,1239.0,1239.0,1231.0,1234.0,13200,0.0,0.0
2024-06-10 12:55:00+09:00,1232.0,1232.0,1232.0,1232.0,100,0.0,0.0
2024-06-10 13:05:00+09:00,1235.0,1235.0,1235.0,1235.0,100,0.0,0.0
2024-06-10 13:25:00+09:00,1235.0,1235.0,1235.0,1235.0,100,0.0,0.0
2024-06-10 13:40:00+09:00,1235.0,1235.0,1235.0,1235.0,100,0.0,0.0
2024-06-10 13:45:00+09:00,1235.0,1242.0,1235.0,1241.0,1900,0.0,0.0
2024-06-10 13:50:00+09:00,1240.0,1242.0,1240.0,1242.0,500,0.0,0.0
2024-06-10 14:00:00+09:00,1243.0,1243.0,1242.0,1242.0,500,0.0,0.0
2024-06-10 14:05:00+09:00,1244.0,1244.0,1240.0,1241.0,2300,0.0,0.0
2024-06-10 14:10:00+09:00,1240.0,1240.0,1240.0,1240.0,300,0.0,0.0
2024-06-10 14:20:00+09:00,1241.0,1241.0,1241.0,1241.0,100,0.0,0.0
2024-06-10 14:25:00+09:00,1239.0,1239.0,1239.0,1239.0,100,0.0,0.0
2024-06-10 14:30:00+09:00,1241.0,1241.0,1241.0,1241.0,100,0.0,0.0
2024-06-10 14:35:00+09:00,1239.0,1239.0,1239.0,1239.0,100,0.0,0.0
2024-06-10 14:40:00+09:00,1238.0,1240.0,1238.0,1240.0,700,0.0,0.0
2024-06-10 14:45:00+09:00,1240.0,1240.0,1240.0,1240.0,700,0.0,0.0
2024-06-10 14:50:00+09:00,1240.0,1241.0,1239.0,1239.0,500,0.0,0.0
2024-06-10 14:55:00+09:00,1239.0,1244.0,1239.0,1242.0,1200,0.0,0.0
2024-06-11 09:00:00+09:00,1243.0,1243.0,1243.0,1243.0,1000,0.0,0.0
2024-06-11 09:40:00+09:00,1242.0,1242.0,1242.0,1242.0,100,0.0,0.0
2024-06-11 09:50:00+09:00,1242.0,1243.0,1240.0,1240.0,1200,0.0,0.0
2024-06-11 10:10:00+09:00,1240.0,1240.0,1239.0,1239.0,200,0.0,0.0
2024-06-11 10:15:00+09:00,1239.0,1241.0,1239.0,1241.0,2100,0.0,0.0
2024-06-11 10:20:00+09:00,1241.0,1242.0,1239.0,1242.0,500,0.0,0.0
2024-06-11 10:50:00+09:00,1238.0,1238.0,1238.0,1238.0,200,0.0,0.0
2024-06-11 11:05:00+09:00,1235.0,1235.0,1235.0,1235.0,100,0.0,0.0
2024-06-11 11:15:00+09:00,1234.0,1234.0,1234.0,1234.0,100,0.0,0.0
2024-06-11 11:25:00+09:00,1232.0,1232.0,1232.0,1232.0,100,0.0,0.0
2024-06-11 11:30:00+09:00,1235.0,1235.0,1235.0,1235.0,1000,0.0,0.0
2024-06-11 11:35:00+09:00,1235.0,1235.0,1235.0,1235.0,0,0.0,0.0
2024-06-11 12:30:00+09:00,1231.0,1231.0,1230.0,1230.0,7100,0.0,0.0
2024-06-11 12:35:00+09:00,1229.0,1233.0,1229.0,1233.0,200,0.0,0.0
2024-06-11 13:30:00+09:00,1231.0,1232.0,1231.0,1232.0,500,0.0,0.0
2024-06-11 13:50:00+09:00,1229.0,1229.0,1229.0,1229.0,200,0.0,0.0
2024-06-11 14:20:00+09:00,1230.0,1230.0,1227.0,1228.0,1300,0.0,0.0
2024-06-11 14:30:00+09:00,1227.0,1230.0,1227.0,1230.0,1100,0.0,0.0
2024-06-11 14:35:00+09:00,1231.0,1231.0,1231.0,1231.0,100,0.0,0.0
2024-06-11 14:45:00+09:00,1229.0,1229.0,1229.0,1229.0,100,0.0,0.0
2024-06-11 14:50:00+09:00,1229.0,1229.0,1229.0,1229.0,200,0.0,0.0
2024-06-11 14:55:00+09:00,1231.0,1236.0,1231.0,1233.0,1600,0.0,0.0
2024-06-12 09:00:00+09:00,1229.0,1229.0,1229.0,1229.0,300,0.0,0.0
2024-06-12 09:15:00+09:00,1231.0,1231.0,1231.0,1231.0,200,0.0,0.0
2024-06-12 09:30:00+09:00,1231.0,1231.0,1230.0,1230.0,200,0.0,0.0
2024-06-12 10:05:00+09:00,1229.0,1229.0,1229.0,1229.0,100,0.0,0.0
2024-06-12 10:55:00+09:00,1227.0,1228.0,1227.0,1228.0,300,0.0,0.0
2024-06-12 11:05:00+09:00,1226.0,1226.0,1226.0,1226.0,100,0.0,0.0
2024-06-12 11:10:00+09:00,1229.0,1229.0,1229.0,1229.0,400,0.0,0.0
2024-06-12 11:35:00+09:00,1229.0,1229.0,1229.0,1229.0,0,0.0,0.0
2024-06-12 12:30:00+09:00,1232.0,1232.0,1226.0,1226.0,2500,0.0,0.0
2024-06-12 12:45:00+09:00,1226.0,1228.0,1226.0,1228.0,800,0.0,0.0
2024-06-12 12:50:00+09:00,1229.0,1230.0,1228.0,1230.0,400,0.0,0.0
2024-06-12 12:55:00+09:00,1229.0,1229.0,1228.0,1228.0,900,0.0,0.0
2024-06-12 13:05:00+09:00,1226.0,1226.0,1226.0,1226.0,100,0.0,0.0
2024-06-12 13:25:00+09:00,1226.0,1226.0,1226.0,1226.0,200,0.0,0.0
2024-06-12 13:45:00+09:00,1228.0,1228.0,1228.0,1228.0,200,0.0,0.0
2024-06-12 14:10:00+09:00,1228.0,1228.0,1228.0,1228.0,100,0.0,0.0
2024-06-12 14:20:00+09:00,1229.0,1229.0,1229.0,1229.0,100,0.0,0.0
2024-06-12 14:25:00+09:00,1229.0,1229.0,1229.0,1229.0,100,0.0,0.0
2024-06-12 14:35:00+09:00,1227.0,1228.0,1226.0,1227.0,700,0.0,0.0
2024-06-12 14:40:00+09:00,1227.0,1227.0,1226.0,1226.0,1200,0.0,0.0
2024-06-12 14:55:00+09:00,1225.0,1228.0,1225.0,1226.0,5100,0.0,0.0
2024-06-13 09:00:00+09:00,1226.0,1226.0,1226.0,1226.0,1400,0.0,0.0
2024-06-13 09:05:00+09:00,1221.0,1221.0,1220.0,1220.0,200,0.0,0.0
2024-06-13 09:10:00+09:00,1219.0,1219.0,1218.0,1219.0,900,0.0,0.0
2024-06-13 09:15:00+09:00,1219.0,1219.0,1219.0,1219.0,300,0.0,0.0
2024-06-13 09:20:00+09:00,1221.0,1221.0,1221.0,1221.0,400,0.0,0.0
2024-06-13 09:25:00+09:00,1220.0,1220.0,1218.0,1218.0,600,0.0,0.0
2024-06-13 09:40:00+09:00,1216.0,1217.0,1216.0,1217.0,900,0.0,0.0
2024-06-13 09:45:00+09:00,1214.0,1215.0,1212.0,1212.0,2300,0.0,0.0
2024-06-13 09:50:00+09:00,1212.0,1213.0,1212.0,1213.0,1100,0.0,0.0
2024-06-13 09:55:00+09:00,1214.0,1214.0,1214.0,1214.0,100,0.0,0.0
2024-06-13 10:00:00+09:00,1211.0,1211.0,1211.0,1211.0,500,0.0,0.0
2024-06-13 10:25:00+09:00,1211.0,1212.0,1211.0,1212.0,200,0.0,0.0
2024-06-13 10:35:00+09:00,1210.0,1210.0,1208.0,1208.0,1700,0.0,0.0
2024-06-13 10:40:00+09:00,1207.0,1207.0,1207.0,1207.0,100,0.0,0.0
2024-06-13 10:45:00+09:00,1208.0,1208.0,1208.0,1208.0,100,0.0,0.0
2024-06-13 10:55:00+09:00,1205.0,1205.0,1205.0,1205.0,100,0.0,0.0
2024-06-13 11:00:00+09:00,1206.0,1207.0,1206.0,1206.0,900,0.0,0.0
2024-06-13 11:05:00+09:00,1207.0,1210.0,1207.0,1210.0,400,0.0,0.0
2024-06-13 11:10:00+09:00,1210.0,1210.0,1210.0,1210.0,100,0.0,0.0
2024-06-13 11:20:00+09:00,1207.0,1207.0,1207.0,1207.0,100,0.0,0.0
2024-06-13 11:30:00+09:00,1207.0,1207.0,1207.0,1207.0,800,0.0,0.0
2024-06-13 11:35:00+09:00,1207.0,1207.0,1207.0,1207.0,0,0.0,0.0
2024-06-13 12:30:00+09:00,1207.0,1209.0,1207.0,1209.0,14300,0.0,0.0
2024-06-13 12:50:00+09:00,1210.0,1210.0,1210.0,1210.0,500,0.0,0.0
2024-06-13 12:55:00+09:00,1211.0,1211.0,1211.0,1211.0,100,0.0,0.0
2024-06-13 13:15:00+09:00,1211.0,1211.0,1209.0,1210.0,1600,0.0,0.0
2024-06-13 13:20:00+09:00,1208.0,1208.0,1208.0,1208.0,100,0.0,0.0
2024-06-13 13:40:00+09:00,1206.0,1206.0,1206.0,1206.0,300,0.0,0.0
2024-06-13 13:45:00+09:00,1207.0,1207.0,1207.0,1207.0,400,0.0,0.0
2024-06-13 14:05:00+09:00,1206.0,1206.0,1206.0,1206.0,100,0.0,0.0
2024-06-13 14:15:00+09:00,1205.0,1205.0,1205.0,1205.0,100,0.0,0.0
2024-06-13 14:20:00+09:00,1205.0,1205.0,1204.0,1204.0,200,0.0,0.0
2024-06-13 14:25:00+09:00,1203.0,1203.0,1203.0,1203.0,200,0.0,0.0
2024-06-13 14:30:00+09:00,1205.0,1205.0,1205.0,1205.0,300,0.0,0.0
2024-06-13 14:45:00+09:00,1204.0,1204.0,1204.0,1204.0,100,0.0,0.0
2024-06-13 14:50:00+09:00,1203.0,1206.0,1203.0,1205.0,1900,0.0,0.0
2024-06-13 14:55:00+09:00,1205.0,1213.0,1205.0,1213.0,1100,0.0,0.0
2024-06-14 09:00:00+09:00,1214.0,1240.0,1214.0,1237.0,24800,0.0,0.0
2024-06-14 09:05:00+09:00,1238.0,1239.0,1238.0,1239.0,200,0.0,0.0
2024-06-14 09:10:00+09:00,1238.0,1238.0,1234.0,1235.0,1100,0.0,0.0
2024-06-14 09:15:00+09:00,1235.0,1235.0,1233.0,1233.0,800,0.0,0.0
2024-06-14 09:25:00+09:00,1234.0,1234.0,1234.0,1234.0,200,0.0,0.0
2024-06-14 09:35:00+09:00,1235.0,1236.0,1233.0,1233.0,1300,0.0,0.0
2024-06-14 09:40:00+09:00,1233.0,1233.0,1233.0,1233.0,100,0.0,0.0
2024-06-14 09:50:00+09:00,1231.0,1231.0,1231.0,1231.0,300,0.0,0.0
2024-06-14 09:55:00+09:00,1233.0,1233.0,1233.0,1233.0,100,0.0,0.0
2024-06-14 10:00:00+09:00,1233.0,1233.0,1233.0,1233.0,100,0.0,0.0
2024-06-14 10:10:00+09:00,1233.0,1233.0,1233.0,1233.0,0,0.0,0.0
2024-06-14 10:35:00+09:00,1233.0,1233.0,1233.0,1233.0,29200,0.0,0.0
2024-06-14 10:40:00+09:00,1234.0,1235.0,1234.0,1235.0,200,0.0,0.0
2024-06-14 10:50:00+09:00,1235.0,1236.0,1235.0,1236.0,300,0.0,0.0
2024-06-14 11:00:00+09:00,1235.0,1240.0,1235.0,1238.0,2300,0.0,0.0
2024-06-14 11:05:00+09:00,1236.0,1238.0,1236.0,1237.0,400,0.0,0.0
2024-06-14 11:20:00+09:00,1239.0,1239.0,1239.0,1239.0,100,0.0,0.0
2024-06-14 11:35:00+09:00,1239.0,1239.0,1239.0,1239.0,0,0.0,0.0
2024-06-14 12:30:00+09:00,1240.0,1242.0,1240.0,1242.0,34200,0.0,0.0
2024-06-14 12:35:00+09:00,1242.0,1242.0,1241.0,1242.0,300,0.0,0.0
2024-06-14 12:40:00+09:00,1243.0,1244.0,1243.0,1244.0,1700,0.0,0.0
2024-06-14 12:45:00+09:00,1245.0,1245.0,1243.0,1243.0,700,0.0,0.0
2024-06-14 12:55:00+09:00,1244.0,1244.0,1244.0,1244.0,200,0.0,0.0
2024-06-14 13:00:00+09:00,1244.0,1244.0,1244.0,1244.0,100,0.0,0.0
2024-06-14 13:05:00+09:00,1243.0,1244.0,1243.0,1244.0,200,0.0,0.0
2024-06-14 13:10:00+09:00,1243.0,1243.0,1243.0,1243.0,100,0.0,0.0
2024-06-14 13:25:00+09:00,1242.0,1242.0,1242.0,1242.0,100,0.0,0.0
2024-06-14 13:30:00+09:00,1243.0,1243.0,1243.0,1243.0,200,0.0,0.0
2024-06-14 13:40:00+09:00,1243.0,1243.0,1243.0,1243.0,0,0.0,0.0
2024-06-14 13:45:00+09:00,1242.0,1242.0,1242.0,1242.0,38100,0.0,0.0
2024-06-14 13:50:00+09:00,1242.0,1242.0,1240.0,1240.0,700,0.0,0.0
2024-06-14 14:05:00+09:00,1239.0,1240.0,1239.0,1240.0,800,0.0,0.0
2024-06-14 14:20:00+09:00,1240.0,1240.0,1239.0,1239.0,700,0.0,0.0
2024-06-14 14:25:00+09:00,1240.0,1241.0,1240.0,1241.0,400,0.0,0.0
2024-06-14 14:30:00+09:00,1242.0,1242.0,1242.0,1242.0,300,0.0,0.0
2024-06-14 14:40:00+09:00,1241.0,1241.0,1240.0,1240.0,500,0.0,0.0
2024-06-14 14:45:00+09:00,1241.0,1241.0,1241.0,1241.0,100,0.0,0.0
2024-06-14 14:50:00+09:00,1241.0,1242.0,1240.0,1242.0,700,0.0,0.0
2024-06-14 14:55:00+09:00,1241.0,1244.0,1241.0,1243.0,2600,0.0,0.0
2024-06-17 09:00:00+09:00,1239.0,1239.0,1237.0,1237.0,700,0.0,0.0
2024-06-17 09:10:00+09:00,1227.0,1228.0,1227.0,1228.0,300,0.0,0.0
2024-06-17 09:25:00+09:00,1226.0,1226.0,1223.0,1223.0,700,0.0,0.0
2024-06-17 09:55:00+09:00,1221.0,1222.0,1220.0,1222.0,1400,0.0,0.0
2024-06-17 10:00:00+09:00,1219.0,1220.0,1219.0,1219.0,400,0.0,0.0
2024-06-17 10:05:00+09:00,1217.0,1217.0,1217.0,1217.0,100,0.0,0.0
2024-06-17 10:15:00+09:00,1217.0,1217.0,1214.0,1216.0,700,0.0,0.0
2024-06-17 10:20:00+09:00,1216.0,1216.0,1214.0,1214.0,1600,0.0,0.0
2024-06-17 10:25:00+09:00,1218.0,1218.0,1218.0,1218.0,100,0.0,0.0
2024-06-17 10:35:00+09:00,1215.0,1215.0,1212.0,1212.0,300,0.0,0.0
2024-06-17 10:40:00+09:00,1212.0,1212.0,1211.0,1211.0,1300,0.0,0.0
2024-06-17 10:45:00+09:00,1212.0,1212.0,1212.0,1212.0,100,0.0,0.0
2024-06-17 10:50:00+09:00,1212.0,1215.0,1212.0,1214.0,1700,0.0,0.0
2024-06-17 11:00:00+09:00,1214.0,1214.0,1214.0,1214.0,100,0.0,0.0
2024-06-17 11:10:00+09:00,1215.0,1215.0,1215.0,1215.0,200,0.0,0.0
2024-06-17 11:25:00+09:00,1214.0,1216.0,1213.0,1215.0,500,0.0,0.0
2024-06-17 11:30:00+09:00,1217.0,1217.0,1217.0,1217.0,100,0.0,0.0
2024-06-17 11:35:00+09:00,1217.0,1217.0,1217.0,1217.0,0,0.0,0.0
2024-06-17 12:30:00+09:00,1232.0,1232.0,1232.0,1232.0,10800,0.0,0.0
2024-06-17 12:35:00+09:00,1219.0,1219.0,1218.0,1218.0,300,0.0,0.0
2024-06-17 12:50:00+09:00,1217.0,1217.0,1217.0,1217.0,100,0.0,0.0
2024-06-17 12:55:00+09:00,1217.0,1220.0,1217.0,1220.0,600,0.0,0.0
2024-06-17 13:15:00+09:00,1216.0,1218.0,1216.0,1217.0,400,0.0,0.0
2024-06-17 13:30:00+09:00,1218.0,1218.0,1218.0,1218.0,100,0.0,0.0
2024-06-17 13:40:00+09:00,1217.0,1217.0,1217.0,1217.0,100,0.0,0.0
2024-06-17 13:45:00+09:00,1217.0,1222.0,1217.0,1222.0,1200,0.0,0.0
2024-06-17 13:55:00+09:00,1221.0,1221.0,1221.0,1221.0,100,0.0,0.0
2024-06-17 14:00:00+09:00,1222.0,1222.0,1222.0,1222.0,100,0.0,0.0
2024-06-17 14:05:00+09:00,1222.0,1223.0,1222.0,1223.0,200,0.0,0.0
2024-06-17 14:10:00+09:00,1223.0,1223.0,1221.0,1221.0,700,0.0,0.0
2024-06-17 14:15:00+09:00,1223.0,1223.0,1223.0,1223.0,200,0.0,0.0
2024-06-17 14:25:00+09:00,1222.0,1222.0,1222.0,1222.0,100,0.0,0.0
2024-06-17 14:35:00+09:00,1223.0,1223.0,1223.0,1223.0,100,0.0,0.0
2024-06-17 14:40:00+09:00,1223.0,1224.0,1222.0,1223.0,1800,0.0,0.0
2024-06-17 14:45:00+09:00,1222.0,1222.0,1220.0,1220.0,300,0.0,0.0
2024-06-17 14:50:00+09:00,1220.0,1223.0,1220.0,1223.0,500,0.0,0.0
2024-06-17 14:55:00+09:00,1222.0,1224.0,1221.0,1224.0,1700,0.0,0.0
2024-06-18 09:00:00+09:00,1219.0,1233.0,1219.0,1233.0,3600,0.0,0.0
2024-06-18 09:05:00+09:00,1233.0,1240.0,1233.0,1236.0,1400,0.0,0.0
2024-06-18 09:10:00+09:00,1233.0,1234.0,1222.0,1222.0,2800,0.0,0.0
2024-06-18 09:15:00+09:00,1221.0,1224.0,1217.0,1220.0,2100,0.0,0.0
2024-06-18 09:20:00+09:00,1220.0,1222.0,1220.0,1222.0,1400,0.0,0.0
2024-06-18 09:25:00+09:00,1220.0,1223.0,1217.0,1222.0,2200,0.0,0.0
2024-06-18 09:35:00+09:00,1220.0,1220.0,1217.0,1220.0,2000,0.0,0.0
2024-06-18 09:45:00+09:00,1218.0,1219.0,1217.0,1217.0,600,0.0,0.0
2024-06-18 09:50:00+09:00,1216.0,1218.0,1216.0,1217.0,1400,0.0,0.0
2024-06-18 09:55:00+09:00,1217.0,1219.0,1217.0,1219.0,1200,0.0,0.0
2024-06-18 10:00:00+09:00,1219.0,1220.0,1219.0,1220.0,400,0.0,0.0
2024-06-18 10:05:00+09:00,1221.0,1221.0,1220.0,1220.0,400,0.0,0.0
2024-06-18 10:10:00+09:00,1221.0,1224.0,1221.0,1224.0,1500,0.0,0.0
2024-06-18 10:15:00+09:00,1223.0,1223.0,1223.0,1223.0,100,0.0,0.0
2024-06-18 10:20:00+09:00,1223.0,1223.0,1220.0,1220.0,700,0.0,0.0
2024-06-18 10:25:00+09:00,1219.0,1219.0,1219.0,1219.0,200,0.0,0.0
2024-06-18 10:30:00+09:00,1220.0,1220.0,1219.0,1219.0,800,0.0,0.0
2024-06-18 10:35:00+09:00,1219.0,1220.0,1218.0,1218.0,1800,0.0,0.0
2024-06-18 10:40:00+09:00,1216.0,1216.0,1213.0,1213.0,600,0.0,0.0
2024-06-18 10:45:00+09:00,1213.0,1215.0,1213.0,1215.0,700,0.0,0.0
2024-06-18 10:50:00+09:00,1216.0,1216.0,1215.0,1215.0,1300,0.0,0.0
2024-06-18 10:55:00+09:00,1213.0,1213.0,1212.0,1212.0,800,0.0,0.0
2024-06-18 11:00:00+09:00,1213.0,1215.0,1213.0,1213.0,900,0.0,0.0
2024-06-18 11:05:00+09:00,1213.0,1213.0,1213.0,1213.0,500,0.0,0.0
2024-06-18 11:10:00+09:00,1214.0,1216.0,1214.0,1216.0,1000,0.0,0.0
2024-06-18 11:15:00+09:00,1214.0,1215.0,1213.0,1215.0,700,0.0,0.0
2024-06-18 11:25:00+09:00,1216.0,1220.0,1216.0,1220.0,600,0.0,0.0
2024-06-18 11:30:00+09:00,1223.0,1223.0,1223.0,1223.0,200,0.0,0.0
2024-06-18 11:35:00+09:00,1223.0,1223.0,1223.0,1223.0,0,0.0,0.0
2024-06-18 12:30:00+09:00,1229.0,1229.0,1226.0,1229.0,33200,0.0,0.0
2024-06-18 12:40:00+09:00,1224.0,1224.0,1218.0,1218.0,700,0.0,0.0
2024-06-18 12:45:00+09:00,1218.0,1220.0,1217.0,1217.0,1600,0.0,0.0
2024-06-18 12:50:00+09:00,1215.0,1217.0,1215.0,1217.0,700,0.0,0.0
2024-06-18 12:55:00+09:00,1217.0,1219.0,1217.0,1219.0,1800,0.0,0.0
2024-06-18 13:00:00+09:00,1219.0,1219.0,1219.0,1219.0,400,0.0,0.0
2024-06-18 13:05:00+09:00,1218.0,1218.0,1218.0,1218.0,500,0.0,0.0
2024-06-18 13:10:00+09:00,1216.0,1216.0,1214.0,1216.0,1100,0.0,0.0
2024-06-18 13:15:00+09:00,1217.0,1217.0,1216.0,1216.0,500,0.0,0.0
2024-06-18 13:20:00+09:00,1215.0,1215.0,1215.0,1215.0,100,0.0,0.0
2024-06-18 13:25:00+09:00,1215.0,1215.0,1215.0,1215.0,700,0.0,0.0
2024-06-18 13:30:00+09:00,1213.0,1214.0,1213.0,1214.0,500,0.0,0.0
2024-06-18 13:35:00+09:00,1215.0,1217.0,1215.0,1215.0,1000,0.0,0.0
2024-06-18 13:45:00+09:00,1217.0,1217.0,1217.0,1217.0,100,0.0,0.0
2024-06-18 13:50:00+09:00,1216.0,1218.0,1216.0,1216.0,400,0.0,0.0
2024-06-18 13:55:00+09:00,1215.0,1217.0,1214.0,1217.0,3300,0.0,0.0
2024-06-18 14:00:00+09:00,1216.0,1216.0,1216.0,1216.0,500,0.0,0.0
2024-06-18 14:05:00+09:00,1216.0,1216.0,1216.0,1216.0,1100,0.0,0.0
2024-06-18 14:10:00+09:00,1217.0,1217.0,1217.0,1217.0,100,0.0,0.0
2024-06-18 14:15:00+09:00,1217.0,1217.0,1217.0,1217.0,100,0.0,0.0
2024-06-18 14:20:00+09:00,1216.0,1216.0,1215.0,1215.0,1000,0.0,0.0
2024-06-18 14:25:00+09:00,1215.0,1215.0,1215.0,1215.0,1100,0.0,0.0
2024-06-18 14:30:00+09:00,1215.0,1216.0,1215.0,1215.0,300,0.0,0.0
2024-06-18 14:35:00+09:00,1215.0,1215.0,1215.0,1215.0,1100,0.0,0.0
2024-06-18 14:40:00+09:00,1215.0,1215.0,1215.0,1215.0,1200,0.0,0.0
2024-06-18 14:45:00+09:00,1214.0,1217.0,1214.0,1217.0,1300,0.0,0.0
2024-06-18 14:55:00+09:00,1217.0,1218.0,1216.0,1218.0,1000,0.0,0.0
2024-06-19 09:00:00+09:00,1238.0,1238.0,1238.0,1238.0,3100,0.0,0.0
2024-06-19 09:05:00+09:00,1236.0,1236.0,1235.0,1235.0,400,0.0,0.0
2024-06-19 09:10:00+09:00,1235.0,1235.0,1235.0,1235.0,400,0.0,0.0
2024-06-19 09:15:00+09:00,1238.0,1244.0,1238.0,1244.0,2000,0.0,0.0
2024-06-19 09:20:00+09:00,1244.0,1245.0,1244.0,1245.0,500,0.0,0.0
2024-06-19 09:25:00+09:00,1245.0,1248.0,1244.0,1245.0,2100,0.0,0.0
2024-06-19 09:30:00+09:00,1248.0,1254.0,1248.0,1254.0,1900,0.0,0.0
2024-06-19 09:35:00+09:00,1254.0,1255.0,1254.0,1254.0,1100,0.0,0.0
2024-06-19 09:45:00+09:00,1253.0,1255.0,1253.0,1255.0,1200,0.0,0.0
2024-06-19 09:50:00+09:00,1256.0,1256.0,1256.0,1256.0,300,0.0,0.0
2024-06-19 09:55:00+09:00,1256.0,1256.0,1256.0,1256.0,100,0.0,0.0
2024-06-19 10:00:00+09:00,1256.0,1265.0,1256.0,1262.0,6700,0.0,0.0
2024-06-19 10:10:00+09:00,1263.0,1263.0,1262.0,1262.0,300,0.0,0.0
2024-06-19 10:15:00+09:00,1262.0,1262.0,1260.0,1260.0,800,0.0,0.0
2024-06-19 10:25:00+09:00,1261.0,1262.0,1261.0,1262.0,200,0.0,0.0
2024-06-19 10:40:00+09:00,1263.0,1263.0,1263.0,1263.0,100,0.0,0.0
2024-06-19 10:45:00+09:00,1263.0,1263.0,1262.0,1263.0,700,0.0,0.0
2024-06-19 10:50:00+09:00,1261.0,1264.0,1261.0,1264.0,1100,0.0,0.0
2024-06-19 10:55:00+09:00,1264.0,1265.0,1264.0,1265.0,1400,0.0,0.0
2024-06-19 11:00:00+09:00,1265.0,1266.0,1264.0,1264.0,1000,0.0,0.0
2024-06-19 11:05:00+09:00,1263.0,1263.0,1263.0,1263.0,100,0.0,0.0
2024-06-19 11:10:00+09:00,1262.0,1262.0,1262.0,1262.0,300,0.0,0.0
2024-06-19 11:25:00+09:00,1263.0,1265.0,1263.0,1265.0,200,0.0,0.0
2024-06-19 11:35:00+09:00,1265.0,1265.0,1265.0,1265.0,0,0.0,0.0
2024-06-19 12:30:00+09:00,1266.0,1266.0,1264.0,1264.0,27400,0.0,0.0
2024-06-19 12:35:00+09:00,1263.0,1263.0,1263.0,1263.0,300,0.0,0.0
2024-06-19 12:40:00+09:00,1262.0,1262.0,1262.0,1262.0,300,0.0,0.0
2024-06-19 12:45:00+09:00,1262.0,1262.0,1262.0,1262.0,800,0.0,0.0
2024-06-19 13:00:00+09:00,1261.0,1261.0,1260.0,1260.0,900,0.0,0.0
2024-06-19 13:05:00+09:00,1260.0,1260.0,1260.0,1260.0,200,0.0,0.0
2024-06-19 13:20:00+09:00,1260.0,1260.0,1260.0,1260.0,200,0.0,0.0
2024-06-19 13:30:00+09:00,1259.0,1259.0,1259.0,1259.0,700,0.0,0.0
2024-06-19 13:50:00+09:00,1259.0,1259.0,1259.0,1259.0,0,0.0,0.0
2024-06-19 13:55:00+09:00,1258.0,1260.0,1258.0,1259.0,31400,0.0,0.0
2024-06-19 14:05:00+09:00,1260.0,1260.0,1260.0,1260.0,100,0.0,0.0
2024-06-19 14:10:00+09:00,1261.0,1261.0,1261.0,1261.0,100,0.0,0.0
2024-06-19 14:15:00+09:00,1259.0,1259.0,1259.0,1259.0,100,0.0,0.0
2024-06-19 14:20:00+09:00,1261.0,1261.0,1260.0,1260.0,300,0.0,0.0
2024-06-19 14:25:00+09:00,1261.0,1261.0,1261.0,1261.0,500,0.0,0.0
2024-06-19 14:30:00+09:00,1263.0,1263.0,1263.0,1263.0,100,0.0,0.0
2024-06-19 14:35:00+09:00,1263.0,1263.0,1260.0,1260.0,1300,0.0,0.0
2024-06-19 14:40:00+09:00,1261.0,1261.0,1261.0,1261.0,600,0.0,0.0
2024-06-19 14:45:00+09:00,1262.0,1262.0,1261.0,1261.0,400,0.0,0.0
2024-06-19 14:50:00+09:00,1260.0,1260.0,1260.0,1260.0,100,0.0,0.0
2024-06-19 14:55:00+09:00,1261.0,1266.0,1260.0,1266.0,3600,0.0,0.0
2024-06-20 09:00:00+09:00,1271.0,1271.0,1271.0,1271.0,7600,0.0,0.0
2024-06-20 09:05:00+09:00,1273.0,1274.0,1265.0,1265.0,1700,0.0,0.0
2024-06-20 09:15:00+09:00,1267.0,1270.0,1267.0,1269.0,400,0.0,0.0
2024-06-20 09:20:00+09:00,1270.0,1271.0,1269.0,1269.0,700,0.0,0.0
2024-06-20 09:25:00+09:00,1269.0,1271.0,1267.0,1270.0,600,0.0,0.0
2024-06-20 09:30:00+09:00,1271.0,1271.0,1270.0,1270.0,300,0.0,0.0
2024-06-20 09:35:00+09:00,1270.0,1270.0,1268.0,1268.0,300,0.0,0.0
2024-06-20 09:40:00+09:00,1269.0,1269.0,1269.0,1269.0,100,0.0,0.0
2024-06-20 09:45:00+09:00,1266.0,1267.0,1266.0,1267.0,300,0.0,0.0
2024-06-20 09:50:00+09:00,1267.0,1267.0,1267.0,1267.0,200,0.0,0.0
2024-06-20 09:55:00+09:00,1268.0,1268.0,1268.0,1268.0,100,0.0,0.0
2024-06-20 10:00:00+09:00,1267.0,1268.0,1267.0,1268.0,300,0.0,0.0
2024-06-20 10:05:00+09:00,1267.0,1268.0,1267.0,1268.0,200,0.0,0.0
2024-06-20 10:10:00+09:00,1265.0,1265.0,1261.0,1261.0,1400,0.0,0.0
2024-06-20 10:25:00+09:00,1263.0,1263.0,1263.0,1263.0,200,0.0,0.0
2024-06-20 10:30:00+09:00,1263.0,1263.0,1263.0,1263.0,100,0.0,0.0
2024-06-20 10:35:00+09:00,1261.0,1261.0,1261.0,1261.0,300,0.0,0.0
2024-06-20 10:40:00+09:00,1259.0,1259.0,1259.0,1259.0,200,0.0,0.0
2024-06-20 10:45:00+09:00,1258.0,1260.0,1258.0,1260.0,500,0.0,0.0
2024-06-20 10:50:00+09:00,1260.0,1260.0,1260.0,1260.0,200,0.0,0.0
2024-06-20 11:10:00+09:00,1258.0,1258.0,1257.0,1258.0,500,0.0,0.0
2024-06-20 11:25:00+09:00,1258.0,1258.0,1258.0,1258.0,100,0.0,0.0
2024-06-20 11:35:00+09:00,1258.0,1258.0,1258.0,1258.0,0,0.0,0.0
2024-06-20 12:30:00+09:00,1253.0,1260.0,1253.0,1260.0,18500,0.0,0.0
2024-06-20 12:35:00+09:00,1258.0,1258.0,1258.0,1258.0,0,0.0,0.0
2024-06-20 12:45:00+09:00,1257.0,1259.0,1257.0,1259.0,19200,0.0,0.0
2024-06-20 12:55:00+09:00,1259.0,1260.0,1259.0,1259.0,800,0.0,0.0
2024-06-20 13:00:00+09:00,1259.0,1259.0,1259.0,1259.0,100,0.0,0.0
2024-06-20 13:05:00+09:00,1260.0,1260.0,1260.0,1260.0,200,0.0,0.0
2024-06-20 13:10:00+09:00,1259.0,1259.0,1259.0,1259.0,400,0.0,0.0
2024-06-20 13:15:00+09:00,1260.0,1260.0,1260.0,1260.0,100,0.0,0.0
2024-06-20 13:20:00+09:00,1260.0,1263.0,1260.0,1260.0,1200,0.0,0.0
2024-06-20 13:25:00+09:00,1259.0,1259.0,1259.0,1259.0,100,0.0,0.0
2024-06-20 13:45:00+09:00,1259.0,1259.0,1259.0,1259.0,600,0.0,0.0
2024-06-20 13:50:00+09:00,1261.0,1261.0,1261.0,1261.0,0,0.0,0.0
2024-06-20 13:55:00+09:00,1261.0,1261.0,1261.0,1261.0,23800,0.0,0.0
2024-06-20 14:05:00+09:00,1260.0,1261.0,1260.0,1261.0,300,0.0,0.0
2024-06-20 14:10:00+09:00,1262.0,1262.0,1262.0,1262.0,300,0.0,0.0
2024-06-20 14:15:00+09:00,1263.0,1263.0,1262.0,1262.0,600,0.0,0.0
2024-06-20 14:30:00+09:00,1261.0,1261.0,1261.0,1261.0,300,0.0,0.0
2024-06-20 14:35:00+09:00,1261.0,1261.0,1261.0,1261.0,100,0.0,0.0
2024-06-20 14:45:00+09:00,1261.0,1263.0,1261.0,1263.0,1400,0.0,0.0
2024-06-20 14:50:00+09:00,1262.0,1264.0,1262.0,1263.0,600,0.0,0.0
2024-06-20 14:55:00+09:00,1262.0,1280.0,1262.0,1271.0,6200,0.0,0.0
2024-06-21 09:00:00+09:00,1279.0,1281.0,1271.0,1281.0,3000,0.0,0.0
2024-06-21 09:05:00+09:00,1281.0,1281.0,1279.0,1279.0,500,0.0,0.0
2024-06-21 09:10:00+09:00,1281.0,1281.0,1272.0,1272.0,800,0.0,0.0
2024-06-21 09:15:00+09:00,1273.0,1274.0,1273.0,1274.0,500,0.0,0.0
2024-06-21 09:20:00+09:00,1269.0,1269.0,1269.0,1269.0,100,0.0,0.0
2024-06-21 09:30:00+09:00,1267.0,1267.0,1267.0,1267.0,100,0.0,0.0
2024-06-21 09:40:00+09:00,1267.0,1270.0,1267.0,1269.0,2000,0.0,0.0
2024-06-21 09:45:00+09:00,1271.0,1271.0,1271.0,1271.0,200,0.0,0.0
2024-06-21 09:50:00+09:00,1268.0,1270.0,1268.0,1270.0,200,0.0,0.0
2024-06-21 09:55:00+09:00,1270.0,1270.0,1270.0,1270.0,100,0.0,0.0
2024-06-21 10:00:00+09:00,1271.0,1271.0,1269.0,1269.0,0,0.0,0.0
2024-06-21 10:15:00+09:00,1269.0,1269.0,1267.0,1267.0,8400,0.0,0.0
2024-06-21 10:25:00+09:00,1268.0,1268.0,1268.0,1268.0,400,0.0,0.0
2024-06-21 10:30:00+09:00,1265.0,1265.0,1265.0,1265.0,200,0.0,0.0
2024-06-21 10:45:00+09:00,1265.0,1266.0,1265.0,1266.0,200,0.0,0.0
2024-06-21 10:50:00+09:00,1266.0,1266.0,1266.0,1266.0,100,0.0,0.0
2024-06-21 10:55:00+09:00,1266.0,1266.0,1265.0,1265.0,200,0.0,0.0
2024-06-21 11:00:00+09:00,1263.0,1264.0,1262.0,1264.0,1400,0.0,0.0
2024-06-21 11:15:00+09:00,1265.0,1265.0,1265.0,1265.0,100,0.0,0.0
2024-06-21 11:25:00+09:00,1265.0,1265.0,1264.0,1264.0,200,0.0,0.0
2024-06-21 11:30:00+09:00,1262.0,1262.0,1262.0,1262.0,300,0.0,0.0
2024-06-21 11:35:00+09:00,1262.0,1262.0,1262.0,1262.0,0,0.0,0.0
2024-06-21 12:30:00+09:00,1267.0,1272.0,1267.0,1272.0,14300,0.0,0.0
2024-06-21 12:40:00+09:00,1270.0,1270.0,1262.0,1262.0,1700,0.0,0.0
2024-06-21 12:50:00+09:00,1270.0,1271.0,1270.0,1271.0,300,0.0,0.0
2024-06-21 13:05:00+09:00,1269.0,1269.0,1269.0,1269.0,300,0.0,0.0
2024-06-21 13:15:00+09:00,1270.0,1270.0,1270.0,1270.0,400,0.0,0.0
2024-06-21 13:20:00+09:00,1271.0,1271.0,1270.0,1270.0,300,0.0,0.0
2024-06-21 13:25:00+09:00,1270.0,1270.0,1270.0,1270.0,100,0.0,0.0
2024-06-21 13:30:00+09:00,1269.0,1269.0,1269.0,1269.0,200,0.0,0.0
2024-06-21 13:45:00+09:00,1268.0,1268.0,1268.0,1268.0,300,0.0,0.0
2024-06-21 13:50:00+09:00,1267.0,1267.0,1267.0,1267.0,100,0.0,0.0
2024-06-21 13:55:00+09:00,1268.0,1272.0,1268.0,1271.0,1300,0.0,0.0
2024-06-21 14:10:00+09:00,1268.0,1268.0,1268.0,1268.0,100,0.0,0.0
2024-06-21 14:15:00+09:00,1272.0,1272.0,1270.0,1270.0,300,0.0,0.0
2024-06-21 14:20:00+09:00,1272.0,1272.0,1270.0,1270.0,300,0.0,0.0
2024-06-21 14:35:00+09:00,1271.0,1271.0,1271.0,1271.0,100,0.0,0.0
2024-06-21 14:40:00+09:00,1266.0,1268.0,1266.0,1267.0,0,0.0,0.0
2024-06-21 14:45:00+09:00,1268.0,1268.0,1268.0,1268.0,20700,0.0,0.0
2024-06-21 14:50:00+09:00,1267.0,1268.0,1267.0,1268.0,200,0.0,0.0
2024-06-21 14:55:00+09:00,1267.0,1275.0,1267.0,1275.0,4300,0.0,0.0
2024-06-24 09:00:00+09:00,1269.0,1269.0,1268.0,1268.0,1600,0.0,0.0
2024-06-24 09:05:00+09:00,1271.0,1271.0,1271.0,1271.0,100,0.0,0.0
2024-06-24 09:10:00+09:00,1275.0,1275.0,1269.0,1269.0,600,0.0,0.0
2024-06-24 09:15:00+09:00,1270.0,1270.0,1270.0,1270.0,300,0.0,0.0
2024-06-24 09:20:00+09:00,1269.0,1269.0,1269.0,1269.0,200,0.0,0.0
2024-06-24 09:25:00+09:00,1268.0,1268.0,1263.0,1263.0,4600,0.0,0.0
2024-06-24 09:30:00+09:00,1265.0,1265.0,1260.0,1260.0,200,0.0,0.0
2024-06-24 09:35:00+09:00,1260.0,1273.0,1254.0,1273.0,2900,0.0,0.0
2024-06-24 09:40:00+09:00,1271.0,1273.0,1268.0,1273.0,1600,0.0,0.0
2024-06-24 09:50:00+09:00,1275.0,1278.0,1275.0,1277.0,400,0.0,0.0
2024-06-24 09:55:00+09:00,1275.0,1275.0,1274.0,1274.0,500,0.0,0.0
2024-06-24 10:05:00+09:00,1272.0,1278.0,1272.0,1277.0,1500,0.0,0.0
2024-06-24 10:10:00+09:00,1271.0,1271.0,1271.0,1271.0,200,0.0,0.0
2024-06-24 10:20:00+09:00,1267.0,1270.0,1267.0,1270.0,300,0.0,0.0
2024-06-24 10:25:00+09:00,1271.0,1271.0,1271.0,1271.0,300,0.0,0.0
2024-06-24 10:35:00+09:00,1270.0,1270.0,1270.0,1270.0,100,0.0,0.0
2024-06-24 10:50:00+09:00,1270.0,1270.0,1269.0,1269.0,400,0.0,0.0
2024-06-24 11:00:00+09:00,1269.0,1269.0,1269.0,1269.0,100,0.0,0.0
2024-06-24 11:05:00+09:00,1271.0,1271.0,1271.0,1271.0,100,0.0,0.0
2024-06-24 11:10:00+09:00,1270.0,1270.0,1270.0,1270.0,100,0.0,0.0
2024-06-24 11:15:00+09:00,1271.0,1271.0,1271.0,1271.0,100,0.0,0.0
2024-06-24 11:20:00+09:00,1270.0,1271.0,1269.0,1270.0,700,0.0,0.0
2024-06-24 11:25:00+09:00,1270.0,1270.0,1270.0,1270.0,100,0.0,0.0
2024-06-24 11:35:00+09:00,1270.0,1270.0,1270.0,1270.0,0,0.0,0.0
2024-06-24 12:30:00+09:00,1272.0,1274.0,1272.0,1273.0,18600,0.0,0.0
2024-06-24 12:35:00+09:00,1274.0,1276.0,1274.0,1276.0,400,0.0,0.0
2024-06-24 12:45:00+09:00,1274.0,1274.0,1274.0,1274.0,100,0.0,0.0
2024-06-24 12:50:00+09:00,1275.0,1275.0,1274.0,1274.0,400,0.0,0.0
2024-06-24 12:55:00+09:00,1274.0,1274.0,1274.0,1274.0,100,0.0,0.0
2024-06-24 13:00:00+09:00,1276.0,1276.0,1275.0,1275.0,500,0.0,0.0
2024-06-24 13:05:00+09:00,1275.0,1275.0,1275.0,1275.0,200,0.0,0.0
2024-06-24 13:15:00+09:00,1275.0,1275.0,1275.0,1275.0,200,0.0,0.0
2024-06-24 13:20:00+09:00,1276.0,1276.0,1276.0,1276.0,700,0.0,0.0
2024-06-24 13:25:00+09:00,1273.0,1274.0,1271.0,1274.0,1300,0.0,0.0
2024-06-24 13:35:00+09:00,1276.0,1276.0,1276.0,1276.0,200,0.0,0.0
2024-06-24 13:40:00+09:00,1277.0,1277.0,1277.0,1277.0,400,0.0,0.0
2024-06-24 13:45:00+09:00,1276.0,1276.0,1274.0,1275.0,1600,0.0,0.0
2024-06-24 14:05:00+09:00,1276.0,1276.0,1276.0,1276.0,800,0.0,0.0
2024-06-24 14:15:00+09:00,1276.0,1277.0,1276.0,1277.0,700,0.0,0.0
2024-06-24 14:20:00+09:00,1276.0,1276.0,1276.0,1276.0,500,0.0,0.0
2024-06-24 14:30:00+09:00,1275.0,1275.0,1269.0,1269.0,400,0.0,0.0
2024-06-24 14:35:00+09:00,1274.0,1274.0,1274.0,1274.0,100,0.0,0.0
2024-06-24 14:40:00+09:00,1274.0,1275.0,1274.0,1275.0,200,0.0,0.0
2024-06-24 14:45:00+09:00,1274.0,1274.0,1273.0,1273.0,200,0.0,0.0
2024-06-24 14:50:00+09:00,1273.0,1273.0,1271.0,1273.0,1400,0.0,0.0
2024-06-24 14:55:00+09:00,1273.0,1274.0,1271.0,1273.0,1700,0.0,0.0
2024-06-25 09:00:00+09:00,1280.0,1282.0,1280.0,1282.0,2300,0.0,0.0
2024-06-25 09:05:00+09:00,1286.0,1294.0,1286.0,1288.0,2800,0.0,0.0
2024-06-25 09:10:00+09:00,1288.0,1291.0,1288.0,1291.0,400,0.0,0.0
2024-06-25 09:15:00+09:00,1289.0,1292.0,1285.0,1292.0,3100,0.0,0.0
2024-06-25 09:20:00+09:00,1293.0,1293.0,1292.0,1292.0,300,0.0,0.0
2024-06-25 09:25:00+09:00,1294.0,1294.0,1294.0,1294.0,200,0.0,0.0
2024-06-25 09:30:00+09:00,1292.0,1293.0,1292.0,1292.0,400,0.0,0.0
2024-06-25 09:40:00+09:00,1293.0,1293.0,1292.0,1292.0,500,0.0,0.0
2024-06-25 09:45:00+09:00,1294.0,1295.0,1294.0,1295.0,800,0.0,0.0
2024-06-25 09:50:00+09:00,1295.0,1298.0,1295.0,1297.0,1700,0.0,0.0
2024-06-25 10:00:00+09:00,1297.0,1297.0,1297.0,1297.0,300,0.0,0.0
2024-06-25 10:05:00+09:00,1295.0,1295.0,1295.0,1295.0,100,0.0,0.0
2024-06-25 10:10:00+09:00,1297.0,1299.0,1297.0,1299.0,900,0.0,0.0
2024-06-25 10:15:00+09:00,1300.0,1300.0,1297.0,1299.0,11300,0.0,0.0
2024-06-25 10:20:00+09:00,1299.0,1299.0,1299.0,1299.0,100,0.0,0.0
2024-06-25 10:25:00+09:00,1300.0,1313.0,1300.0,1310.0,25100,0.0,0.0
2024-06-25 10:30:00+09:00,1310.0,1310.0,1310.0,1310.0,300,0.0,0.0
2024-06-25 10:35:00+09:00,1304.0,1304.0,1304.0,1304.0,300,0.0,0.0
2024-06-25 10:45:00+09:00,1303.0,1304.0,1303.0,1304.0,300,0.0,0.0
2024-06-25 10:50:00+09:00,1303.0,1303.0,1302.0,1302.0,400,0.0,0.0
2024-06-25 10:55:00+09:00,1302.0,1307.0,1302.0,1306.0,1800,0.0,0.0
2024-06-25 11:05:00+09:00,1307.0,1307.0,1307.0,1307.0,100,0.0,0.0
2024-06-25 11:10:00+09:00,1305.0,1306.0,1304.0,1306.0,500,0.0,0.0
2024-06-25 11:15:00+09:00,1306.0,1306.0,1304.0,1304.0,400,0.0,0.0
2024-06-25 11:25:00+09:00,1304.0,1304.0,1304.0,1304.0,100,0.0,0.0
2024-06-25 11:30:00+09:00,1304.0,1305.0,1304.0,1305.0,400,0.0,0.0
2024-06-25 11:35:00+09:00,1305.0,1305.0,1305.0,1305.0,0,0.0,0.0
2024-06-25 12:30:00+09:00,1305.0,1305.0,1299.0,1299.0,57500,0.0,0.0
2024-06-25 12:35:00+09:00,1297.0,1297.0,1297.0,1297.0,200,0.0,0.0
2024-06-25 12:40:00+09:00,1297.0,1297.0,1297.0,1297.0,100,0.0,0.0
2024-06-25 12:50:00+09:00,1299.0,1300.0,1299.0,1300.0,300,0.0,0.0
2024-06-25 12:55:00+09:00,1299.0,1299.0,1287.0,1291.0,2100,0.0,0.0
2024-06-25 13:00:00+09:00,1293.0,1293.0,1293.0,1293.0,100,0.0,0.0
2024-06-25 13:10:00+09:00,1293.0,1293.0,1293.0,1293.0,400,0.0,0.0
2024-06-25 13:15:00+09:00,1291.0,1291.0,1291.0,1291.0,100,0.0,0.0
2024-06-25 13:20:00+09:00,1290.0,1291.0,1290.0,1291.0,200,0.0,0.0
2024-06-25 13:25:00+09:00,1288.0,1288.0,1286.0,1286.0,400,0.0,0.0
2024-06-25 13:30:00+09:00,1287.0,1287.0,1287.0,1287.0,200,0.0,0.0
2024-06-25 13:35:00+09:00,1286.0,1286.0,1286.0,1286.0,100,0.0,0.0
2024-06-25 13:40:00+09:00,1286.0,1286.0,1286.0,1286.0,100,0.0,0.0
2024-06-25 13:45:00+09:00,1287.0,1288.0,1287.0,1287.0,700,0.0,0.0
2024-06-25 13:55:00+09:00,1287.0,1287.0,1286.0,1286.0,600,0.0,0.0
2024-06-25 14:05:00+09:00,1286.0,1286.0,1285.0,1285.0,300,0.0,0.0
2024-06-25 14:10:00+09:00,1285.0,1285.0,1285.0,1285.0,100,0.0,0.0
2024-06-25 14:15:00+09:00,1285.0,1286.0,1285.0,1286.0,400,0.0,0.0
2024-06-25 14:20:00+09:00,1287.0,1288.0,1287.0,1288.0,1000,0.0,0.0
2024-06-25 14:25:00+09:00,1288.0,1292.0,1288.0,1291.0,2900,0.0,0.0
2024-06-25 14:30:00+09:00,1292.0,1292.0,1292.0,1292.0,400,0.0,0.0
2024-06-25 14:35:00+09:00,1292.0,1296.0,1292.0,1296.0,500,0.0,0.0
2024-06-25 14:40:00+09:00,1293.0,1293.0,1292.0,1292.0,1800,0.0,0.0
2024-06-25 14:45:00+09:00,1292.0,1293.0,1292.0,1293.0,800,0.0,0.0
2024-06-25 14:50:00+09:00,1293.0,1293.0,1291.0,1291.0,1500,0.0,0.0
2024-06-25 14:55:00+09:00,1288.0,1291.0,1288.0,1291.0,1000,0.0,0.0
2024-06-26 09:00:00+09:00,1304.0,1304.0,1290.0,1290.0,1400,0.0,0.0
2024-06-26 09:10:00+09:00,1289.0,1289.0,1289.0,1289.0,200,0.0,0.0
2024-06-26 09:15:00+09:00,1290.0,1293.0,1290.0,1293.0,1000,0.0,0.0
2024-06-26 09:20:00+09:00,1292.0,1295.0,1292.0,1295.0,200,0.0,0.0
2024-06-26 09:25:00+09:00,1295.0,1295.0,1293.0,1294.0,900,0.0,0.0
2024-06-26 09:35:00+09:00,1295.0,1297.0,1293.0,1294.0,600,0.0,0.0
2024-06-26 09:40:00+09:00,1293.0,1293.0,1293.0,1293.0,100,0.0,0.0
2024-06-26 09:45:00+09:00,1293.0,1294.0,1293.0,1294.0,400,0.0,0.0
2024-06-26 09:50:00+09:00,1296.0,1296.0,1295.0,1295.0,200,0.0,0.0
2024-06-26 09:55:00+09:00,1295.0,1297.0,1295.0,1297.0,0,0.0,0.0
2024-06-26 10:00:00+09:00,1295.0,1297.0,1295.0,1296.0,6100,0.0,0.0
2024-06-26 10:05:00+09:00,1297.0,1297.0,1297.0,1297.0,400,0.0,0.0
2024-06-26 10:10:00+09:00,1296.0,1296.0,1296.0,1296.0,100,0.0,0.0
2024-06-26 10:20:00+09:00,1298.0,1298.0,1297.0,1297.0,200,0.0,0.0
2024-06-26 10:25:00+09:00,1298.0,1298.0,1298.0,1298.0,100,0.0,0.0
2024-06-26 10:30:00+09:00,1297.0,1297.0,1297.0,1297.0,100,0.0,0.0
2024-06-26 10:35:00+09:00,1298.0,1298.0,1297.0,1297.0,300,0.0,0.0
2024-06-26 10:40:00+09:00,1296.0,1297.0,1296.0,1297.0,200,0.0,0.0
2024-06-26 10:50:00+09:00,1297.0,1297.0,1297.0,1297.0,100,0.0,0.0
2024-06-26 10:55:00+09:00,1298.0,1298.0,1298.0,1298.0,200,0.0,0.0
2024-06-26 11:05:00+09:00,1297.0,1297.0,1297.0,1297.0,0,0.0,0.0
2024-06-26 11:15:00+09:00,1297.0,1297.0,1297.0,1297.0,9000,0.0,0.0
2024-06-26 11:20:00+09:00,1296.0,1298.0,1295.0,1298.0,1000,0.0,0.0
2024-06-26 11:30:00+09:00,1299.0,1299.0,1299.0,1299.0,200,0.0,0.0
2024-06-26 11:35:00+09:00,1299.0,1299.0,1299.0,1299.0,0,0.0,0.0
2024-06-26 12:30:00+09:00,1299.0,1299.0,1299.0,1299.0,11300,0.0,0.0
2024-06-26 12:35:00+09:00,1296.0,1296.0,1294.0,1294.0,300,0.0,0.0
2024-06-26 12:45:00+09:00,1293.0,1295.0,1293.0,1295.0,400,0.0,0.0
2024-06-26 12:50:00+09:00,1295.0,1295.0,1295.0,1295.0,200,0.0,0.0
2024-06-26 12:55:00+09:00,1296.0,1298.0,1296.0,1298.0,1900,0.0,0.0
2024-06-26 13:00:00+09:00,1298.0,1301.0,1298.0,1299.0,1400,0.0,0.0
2024-06-26 13:05:00+09:00,1298.0,1298.0,1296.0,1296.0,300,0.0,0.0
2024-06-26 13:10:00+09:00,1296.0,1299.0,1296.0,1299.0,200,0.0,0.0
2024-06-26 13:20:00+09:00,1298.0,1300.0,1298.0,1300.0,400,0.0,0.0
2024-06-26 13:25:00+09:00,1302.0,1302.0,1302.0,1302.0,200,0.0,0.0
2024-06-26 13:30:00+09:00,1301.0,1301.0,1300.0,1300.0,1200,0.0,0.0
2024-06-26 13:40:00+09:00,1301.0,1301.0,1301.0,1301.0,100,0.0,0.0
2024-06-26 13:50:00+09:00,1301.0,1301.0,1301.0,1301.0,100,0.0,0.0
2024-06-26 13:55:00+09:00,1300.0,1300.0,1300.0,1300.0,100,0.0,0.0
2024-06-26 14:10:00+09:00,1301.0,1305.0,1301.0,1303.0,5400,0.0,0.0
2024-06-26 14:15:00+09:00,1302.0,1303.0,1302.0,1303.0,300,0.0,0.0
2024-06-26 14:25:00+09:00,1302.0,1302.0,1301.0,1301.0,500,0.0,0.0
2024-06-26 14:30:00+09:00,1299.0,1299.0,1299.0,1299.0,400,0.0,0.0
2024-06-26 14:35:00+09:00,1300.0,1300.0,1298.0,1299.0,600,0.0,0.0
2024-06-26 14:40:00+09:00,1299.0,1299.0,1298.0,1299.0,700,0.0,0.0
2024-06-26 14:45:00+09:00,1300.0,1300.0,1299.0,1299.0,1000,0.0,0.0
2024-06-26 14:50:00+09:00,1298.0,1300.0,1298.0,1300.0,800,0.0,0.0
2024-06-26 14:55:00+09:00,1300.0,1302.0,1300.0,1302.0,1600,0.0,0.0
2024-06-27 09:00:00+09:00,1305.0,1305.0,1305.0,1305.0,800,0.0,0.0
2024-06-27 09:05:00+09:00,1300.0,1300.0,1300.0,1300.0,100,0.0,0.0
2024-06-27 09:10:00+09:00,1305.0,1305.0,1305.0,1305.0,600,0.0,0.0
2024-06-27 09:15:00+09:00,1304.0,1312.0,1304.0,1310.0,1400,0.0,0.0
2024-06-27 09:20:00+09:00,1310.0,1310.0,1307.0,1307.0,600,0.0,0.0
2024-06-27 09:25:00+09:00,1308.0,1313.0,1308.0,1310.0,700,0.0,0.0
2024-06-27 09:30:00+09:00,1310.0,1310.0,1308.0,1308.0,500,0.0,0.0
2024-06-27 09:35:00+09:00,1309.0,1309.0,1309.0,1309.0,200,0.0,0.0
2024-06-27 09:40:00+09:00,1308.0,1308.0,1308.0,1308.0,100,0.0,0.0
2024-06-27 09:45:00+09:00,1307.0,1308.0,1307.0,1308.0,800,0.0,0.0
2024-06-27 09:50:00+09:00,1308.0,1309.0,1307.0,1309.0,700,0.0,0.0
2024-06-27 09:55:00+09:00,1308.0,1308.0,1307.0,1307.0,500,0.0,0.0
2024-06-27 10:00:00+09:00,1308.0,1309.0,1307.0,1309.0,1000,0.0,0.0
2024-06-27 10:05:00+09:00,1306.0,1306.0,1306.0,1306.0,100,0.0,0.0
2024-06-27 10:10:00+09:00,1307.0,1307.0,1307.0,1307.0,200,0.0,0.0
2024-06-27 10:15:00+09:00,1308.0,1308.0,1307.0,1307.0,200,0.0,0.0
2024-06-27 10:20:00+09:00,1307.0,1310.0,1307.0,1310.0,2800,0.0,0.0
2024-06-27 10:25:00+09:00,1307.0,1307.0,1307.0,1307.0,100,0.0,0.0
2024-06-27 10:45:00+09:00,1310.0,1310.0,1310.0,1310.0,100,0.0,0.0
2024-06-27 10:50:00+09:00,1307.0,1307.0,1307.0,1307.0,100,0.0,0.0
2024-06-27 11:00:00+09:00,1309.0,1309.0,1309.0,1309.0,100,0.0,0.0
2024-06-27 11:05:00+09:00,1309.0,1313.0,1309.0,1313.0,500,0.0,0.0
2024-06-27 11:10:00+09:00,1313.0,1313.0,1312.0,1313.0,500,0.0,0.0
2024-06-27 11:20:00+09:00,1313.0,1313.0,1313.0,1313.0,100,0.0,0.0
2024-06-27 11:30:00+09:00,1314.0,1314.0,1314.0,1314.0,100,0.0,0.0
2024-06-27 11:35:00+09:00,1314.0,1314.0,1314.0,1314.0,0,0.0,0.0
2024-06-27 12:30:00+09:00,1315.0,1317.0,1308.0,1313.0,15700,0.0,0.0
2024-06-27 12:35:00+09:00,1310.0,1310.0,1310.0,1310.0,100,0.0,0.0
2024-06-27 12:45:00+09:00,1309.0,1309.0,1309.0,1309.0,300,0.0,0.0
2024-06-27 12:55:00+09:00,1312.0,1312.0,1310.0,1310.0,700,0.0,0.0
2024-06-27 13:05:00+09:00,1309.0,1309.0,1309.0,1309.0,200,0.0,0.0
2024-06-27 13:15:00+09:00,1310.0,1310.0,1310.0,1310.0,100,0.0,0.0
2024-06-27 13:25:00+09:00,1310.0,1311.0,1310.0,1311.0,600,0.0,0.0
2024-06-27 13:30:00+09:00,1312.0,1312.0,1312.0,1312.0,100,0.0,0.0
2024-06-27 13:40:00+09:00,1310.0,1311.0,1310.0,1311.0,700,0.0,0.0
2024-06-27 13:45:00+09:00,1310.0,1310.0,1310.0,1310.0,100,0.0,0.0
2024-06-27 13:50:00+09:00,1310.0,1312.0,1310.0,1312.0,500,0.0,0.0
2024-06-27 14:00:00+09:00,1312.0,1313.0,1312.0,1313.0,300,0.0,0.0
2024-06-27 14:10:00+09:00,1311.0,1311.0,1310.0,1311.0,800,0.0,0.0
2024-06-27 14:15:00+09:00,1312.0,1312.0,1312.0,1312.0,600,0.0,0.0
2024-06-27 14:20:00+09:00,1313.0,1315.0,1312.0,1315.0,2500,0.0,0.0
2024-06-27 14:25:00+09:00,1317.0,1318.0,1316.0,1317.0,1100,0.0,0.0
2024-06-27 14:30:00+09:00,1318.0,1318.0,1314.0,1317.0,1900,0.0,0.0
2024-06-27 14:35:00+09:00,1317.0,1319.0,1317.0,1319.0,2500,0.0,0.0
2024-06-27 14:40:00+09:00,1319.0,1319.0,1318.0,1318.0,500,0.0,0.0
2024-06-27 14:45:00+09:00,1320.0,1320.0,1318.0,1319.0,500,0.0,0.0
2024-06-27 14:50:00+09:00,1318.0,1318.0,1317.0,1317.0,1100,0.0,0.0
2024-06-27 14:55:00+09:00,1317.0,1323.0,1315.0,1323.0,2900,0.0,0.0
2024-06-28 09:00:00+09:00,1324.0,1324.0,1320.0,1320.0,5000,0.0,0.0
2024-06-28 09:20:00+09:00,1316.0,1316.0,1315.0,1315.0,200,0.0,0.0
2024-06-28 09:25:00+09:00,1315.0,1315.0,1310.0,1314.0,1100,0.0,0.0
2024-06-28 09:30:00+09:00,1309.0,1309.0,1306.0,1306.0,700,0.0,0.0
2024-06-28 09:40:00+09:00,1309.0,1311.0,1307.0,1307.0,600,0.0,0.0
2024-06-28 09:45:00+09:00,1308.0,1308.0,1307.0,1307.0,600,0.0,0.0
2024-06-28 09:50:00+09:00,1310.0,1311.0,1310.0,1311.0,300,0.0,0.0
2024-06-28 09:55:00+09:00,1311.0,1313.0,1311.0,1313.0,200,0.0,0.0
2024-06-28 10:00:00+09:00,1315.0,1315.0,1315.0,1315.0,200,0.0,0.0
2024-06-28 10:10:00+09:00,1313.0,1313.0,1313.0,1313.0,100,0.0,0.0
2024-06-28 10:15:00+09:00,1313.0,1313.0,1310.0,1310.0,400,0.0,0.0
2024-06-28 10:25:00+09:00,1309.0,1309.0,1309.0,1309.0,100,0.0,0.0
2024-06-28 10:30:00+09:00,1308.0,1308.0,1306.0,1306.0,700,0.0,0.0
2024-06-28 10:35:00+09:00,1306.0,1306.0,1305.0,1305.0,1400,0.0,0.0
2024-06-28 10:55:00+09:00,1305.0,1305.0,1304.0,1304.0,300,0.0,0.0
2024-06-28 11:00:00+09:00,1303.0,1304.0,1302.0,1304.0,1200,0.0,0.0
2024-06-28 11:05:00+09:00,1302.0,1305.0,1300.0,1305.0,1300,0.0,0.0
2024-06-28 11:35:00+09:00,1305.0,1305.0,1305.0,1305.0,0,0.0,0.0
2024-06-28 12:30:00+09:00,1306.0,1306.0,1300.0,1300.0,15800,0.0,0.0
2024-06-28 12:50:00+09:00,1303.0,1303.0,1300.0,1300.0,200,0.0,0.0
2024-06-28 13:00:00+09:00,1303.0,1303.0,1303.0,1303.0,100,0.0,0.0
2024-06-28 13:05:00+09:00,1299.0,1299.0,1299.0,1299.0,800,0.0,0.0
2024-06-28 13:10:00+09:00,1302.0,1304.0,1301.0,1304.0,500,0.0,0.0
2024-06-28 13:20:00+09:00,1305.0,1305.0,1305.0,1305.0,200,0.0,0.0
2024-06-28 13:25:00+09:00,1305.0,1305.0,1304.0,1305.0,900,0.0,0.0
2024-06-28 13:45:00+09:00,1305.0,1305.0,1305.0,1305.0,100,0.0,0.0
2024-06-28 13:50:00+09:00,1305.0,1305.0,1305.0,1305.0,100,0.0,0.0
2024-06-28 14:00:00+09:00,1300.0,1300.0,1300.0,1300.0,100,0.0,0.0
2024-06-28 14:15:00+09:00,1304.0,1304.0,1304.0,1304.0,100,0.0,0.0
2024-06-28 14:20:00+09:00,1301.0,1301.0,1301.0,1301.0,100,0.0,0.0
2024-06-28 14:25:00+09:00,1300.0,1300.0,1300.0,1300.0,200,0.0,0.0
2024-06-28 14:30:00+09:00,1300.0,1300.0,1300.0,1300.0,100,0.0,0.0
2024-06-28 14:35:00+09:00,1300.0,1301.0,1300.0,1301.0,700,0.0,0.0
2024-06-28 14:45:00+09:00,1299.0,1299.0,1299.0,1299.0,200,0.0,0.0
2024-06-28 14:55:00+09:00,1300.0,1304.0,1297.0,1304.0,1300,0.0,0.0
2024-07-01 09:00:00+09:00,1310.0,1312.0,1308.0,1308.0,3400,0.0,0.0
2024-07-01 09:05:00+09:00,1309.0,1314.0,1306.0,1314.0,1800,0.0,0.0
2024-07-01 09:10:00+09:00,1311.0,1323.0,1309.0,1321.0,3700,0.0,0.0
2024-07-01 09:15:00+09:00,1320.0,1322.0,1320.0,1322.0,700,0.0,0.0
2024-07-01 09:20:00+09:00,1317.0,1317.0,1317.0,1317.0,100,0.0,0.0
2024-07-01 09:25:00+09:00,1322.0,1322.0,1317.0,1317.0,800,0.0,0.0
2024-07-01 09:30:00+09:00,1316.0,1316.0,1312.0,1313.0,1100,0.0,0.0
2024-07-01 09:45:00+09:00,1310.0,1311.0,1308.0,1311.0,1000,0.0,0.0
2024-07-01 09:50:00+09:00,1310.0,1310.0,1309.0,1309.0,200,0.0,0.0
2024-07-01 09:55:00+09:00,1309.0,1311.0,1309.0,1311.0,300,0.0,0.0
2024-07-01 10:00:00+09:00,1312.0,1312.0,1312.0,1312.0,600,0.0,0.0
2024-07-01 10:05:00+09:00,1313.0,1313.0,1313.0,1313.0,200,0.0,0.0
2024-07-01 10:15:00+09:00,1311.0,1313.0,1311.0,1313.0,200,0.0,0.0
2024-07-01 10:20:00+09:00,1315.0,1315.0,1315.0,1315.0,200,0.0,0.0
2024-07-01 10:25:00+09:00,1314.0,1314.0,1312.0,1312.0,200,0.0,0.0
2024-07-01 10:30:00+09:00,1310.0,1310.0,1309.0,1309.0,200,0.0,0.0
2024-07-01 10:40:00+09:00,1309.0,1310.0,1309.0,1310.0,200,0.0,0.0
2024-07-01 10:45:00+09:00,1308.0,1308.0,1307.0,1307.0,400,0.0,0.0
2024-07-01 10:55:00+09:00,1308.0,1309.0,1308.0,1309.0,800,0.0,0.0
2024-07-01 11:05:00+09:00,1310.0,1310.0,1309.0,1309.0,400,0.0,0.0
2024-07-01 11:20:00+09:00,1309.0,1309.0,1307.0,1307.0,400,0.0,0.0
2024-07-01 11:35:00+09:00,1307.0,1307.0,1307.0,1307.0,0,0.0,0.0
2024-07-01 12:30:00+09:00,1299.0,1310.0,1299.0,1303.0,21600,0.0,0.0
2024-07-01 12:35:00+09:00,1303.0,1303.0,1302.0,1303.0,500,0.0,0.0
2024-07-01 12:40:00+09:00,1305.0,1305.0,1305.0,1305.0,300,0.0,0.0
2024-07-01 12:45:00+09:00,1304.0,1304.0,1303.0,1303.0,200,0.0,0.0
2024-07-01 12:55:00+09:00,1303.0,1303.0,1303.0,1303.0,100,0.0,0.0
2024-07-01 13:00:00+09:00,1305.0,1305.0,1305.0,1305.0,300,0.0,0.0
2024-07-01 13:15:00+09:00,1303.0,1304.0,1302.0,1303.0,1500,0.0,0.0
2024-07-01 13:25:00+09:00,1302.0,1302.0,1302.0,1302.0,300,0.0,0.0
2024-07-01 13:30:00+09:00,1302.0,1302.0,1302.0,1302.0,1000,0.0,0.0
2024-07-01 13:35:00+09:00,1301.0,1301.0,1301.0,1301.0,100,0.0,0.0
2024-07-01 13:45:00+09:00,1303.0,1303.0,1303.0,1303.0,400,0.0,0.0
2024-07-01 13:50:00+09:00,1301.0,1301.0,1301.0,1301.0,700,0.0,0.0
2024-07-01 14:00:00+09:00,1301.0,1301.0,1301.0,1301.0,300,0.0,0.0
2024-07-01 14:15:00+09:00,1302.0,1302.0,1302.0,1302.0,100,0.0,0.0
2024-07-01 14:20:00+09:00,1300.0,1300.0,1300.0,1300.0,100,0.0,0.0
2024-07-01 14:25:00+09:00,1302.0,1302.0,1302.0,1302.0,100,0.0,0.0
2024-07-01 14:35:00+09:00,1300.0,1300.0,1300.0,1300.0,100,0.0,0.0
2024-07-01 14:40:00+09:00,1302.0,1302.0,1302.0,1302.0,100,0.0,0.0
2024-07-01 14:45:00+09:00,1302.0,1302.0,1301.0,1301.0,500,0.0,0.0
2024-07-01 14:50:00+09:00,1301.0,1301.0,1301.0,1301.0,300,0.0,0.0
2024-07-01 14:55:00+09:00,1300.0,1302.0,1300.0,1302.0,500,0.0,0.0
2024-07-02 09:00:00+09:00,1303.0,1303.0,1303.0,1303.0,700,0.0,0.0
2024-07-02 09:10:00+09:00,1308.0,1308.0,1308.0,1308.0,100,0.0,0.0
2024-07-02 09:15:00+09:00,1304.0,1304.0,1304.0,1304.0,100,0.0,0.0
2024-07-02 09:25:00+09:00,1302.0,1302.0,1302.0,1302.0,400,0.0,0.0
2024-07-02 09:50:00+09:00,1298.0,1298.0,1298.0,1298.0,100,0.0,0.0
2024-07-02 09:55:00+09:00,1297.0,1297.0,1295.0,1295.0,700,0.0,0.0
2024-07-02 10:00:00+09:00,1296.0,1296.0,1293.0,1293.0,200,0.0,0.0
2024-07-02 10:05:00+09:00,1294.0,1294.0,1294.0,1294.0,300,0.0,0.0
2024-07-02 10:10:00+09:00,1295.0,1295.0,1295.0,1295.0,100,0.0,0.0
2024-07-02 10:20:00+09:00,1293.0,1293.0,1292.0,1292.0,500,0.0,0.0
2024-07-02 10:30:00+09:00,1296.0,1298.0,1296.0,1298.0,400,0.0,0.0
2024-07-02 10:35:00+09:00,1296.0,1296.0,1295.0,1295.0,800,0.0,0.0
2024-07-02 10:40:00+09:00,1296.0,1299.0,1296.0,1299.0,900,0.0,0.0
2024-07-02 10:45:00+09:00,1298.0,1298.0,1298.0,1298.0,100,0.0,0.0
2024-07-02 11:05:00+09:00,1298.0,1298.0,1298.0,1298.0,100,0.0,0.0
2024-07-02 11:15:00+09:00,1297.0,1297.0,1296.0,1296.0,700,0.0,0.0
2024-07-02 11:25:00+09:00,1298.0,1298.0,1298.0,1298.0,200,0.0,0.0
2024-07-02 11:30:00+09:00,1300.0,1300.0,1300.0,1300.0,100,0.0,0.0
2024-07-02 11:35:00+09:00,1300.0,1300.0,1300.0,1300.0,0,0.0,0.0
2024-07-02 12:30:00+09:00,1300.0,1300.0,1300.0,1300.0,8900,0.0,0.0
2024-07-02 12:45:00+09:00,1300.0,1300.0,1300.0,1300.0,100,0.0,0.0
2024-07-02 13:00:00+09:00,1301.0,1301.0,1301.0,1301.0,100,0.0,0.0
2024-07-02 13:15:00+09:00,1303.0,1303.0,1300.0,1300.0,300,0.0,0.0
2024-07-02 13:25:00+09:00,1303.0,1303.0,1303.0,1303.0,100,0.0,0.0
2024-07-02 13:35:00+09:00,1305.0,1306.0,1305.0,1306.0,500,0.0,0.0
2024-07-02 13:40:00+09:00,1305.0,1306.0,1305.0,1306.0,400,0.0,0.0
2024-07-02 13:50:00+09:00,1307.0,1307.0,1305.0,1305.0,200,0.0,0.0
2024-07-02 13:55:00+09:00,1304.0,1304.0,1304.0,1304.0,400,0.0,0.0
2024-07-02 14:05:00+09:00,1301.0,1301.0,1300.0,1301.0,600,0.0,0.0
2024-07-02 14:10:00+09:00,1302.0,1302.0,1302.0,1302.0,300,0.0,0.0
2024-07-02 14:15:00+09:00,1303.0,1303.0,1303.0,1303.0,100,0.0,0.0
2024-07-02 14:20:00+09:00,1303.0,1303.0,1302.0,1302.0,300,0.0,0.0
2024-07-02 14:30:00+09:00,1303.0,1303.0,1303.0,1303.0,600,0.0,0.0
2024-07-02 14:40:00+09:00,1303.0,1304.0,1303.0,1304.0,200,0.0,0.0
2024-07-02 14:45:00+09:00,1304.0,1304.0,1303.0,1303.0,300,0.0,0.0
2024-07-02 14:50:00+09:00,1305.0,1305.0,1302.0,1303.0,2100,0.0,0.0
2024-07-02 14:55:00+09:00,1302.0,1303.0,1299.0,1302.0,1200,0.0,0.0
2024-07-03 09:00:00+09:00,1301.0,1301.0,1296.0,1296.0,900,0.0,0.0
2024-07-03 09:15:00+09:00,1301.0,1301.0,1301.0,1301.0,100,0.0,0.0
2024-07-03 09:25:00+09:00,1302.0,1302.0,1302.0,1302.0,100,0.0,0.0
2024-07-03 09:35:00+09:00,1303.0,1303.0,1302.0,1302.0,300,0.0,0.0
2024-07-03 09:40:00+09:00,1304.0,1304.0,1304.0,1304.0,0,0.0,0.0
2024-07-03 09:50:00+09:00,1304.0,1304.0,1304.0,1304.0,1800,0.0,0.0
2024-07-03 09:55:00+09:00,1301.0,1301.0,1301.0,1301.0,100,0.0,0.0
2024-07-03 10:05:00+09:00,1302.0,1302.0,1302.0,1302.0,300,0.0,0.0
2024-07-03 10:15:00+09:00,1305.0,1305.0,1302.0,1302.0,300,0.0,0.0
2024-07-03 10:35:00+09:00,1303.0,1304.0,1303.0,1303.0,400,0.0,0.0
2024-07-03 10:45:00+09:00,1304.0,1310.0,1304.0,1306.0,1800,0.0,0.0
2024-07-03 11:00:00+09:00,1310.0,1310.0,1310.0,1310.0,100,0.0,0.0
2024-07-03 11:20:00+09:00,1309.0,1312.0,1308.0,1312.0,500,0.0,0.0
2024-07-03 11:25:00+09:00,1313.0,1313.0,1312.0,1312.0,300,0.0,0.0
2024-07-03 11:30:00+09:00,1312.0,1312.0,1312.0,1312.0,800,0.0,0.0
2024-07-03 11:35:00+09:00,1312.0,1312.0,1312.0,1312.0,0,0.0,0.0
2024-07-03 12:30:00+09:00,1311.0,1317.0,1311.0,1317.0,8600,0.0,0.0
2024-07-03 12:40:00+09:00,1315.0,1315.0,1314.0,1314.0,300,0.0,0.0
2024-07-03 12:45:00+09:00,1314.0,1317.0,1314.0,1314.0,3700,0.0,0.0
2024-07-03 12:50:00+09:00,1313.0,1313.0,1313.0,1313.0,600,0.0,0.0
2024-07-03 12:55:00+09:00,1313.0,1313.0,1313.0,1313.0,100,0.0,0.0
2024-07-03 13:00:00+09:00,1313.0,1313.0,1313.0,1313.0,400,0.0,0.0
2024-07-03 13:05:00+09:00,1312.0,1312.0,1312.0,1312.0,100,0.0,0.0
2024-07-03 13:10:00+09:00,1315.0,1316.0,1315.0,1316.0,400,0.0,0.0
2024-07-03 13:15:00+09:00,1315.0,1316.0,1315.0,1316.0,400,0.0,0.0
2024-07-03 13:25:00+09:00,1316.0,1316.0,1316.0,1316.0,100,0.0,0.0
2024-07-03 13:30:00+09:00,1316.0,1316.0,1315.0,1315.0,300,0.0,0.0
2024-07-03 13:45:00+09:00,1317.0,1319.0,1317.0,1319.0,1700,0.0,0.0
2024-07-03 13:50:00+09:00,1318.0,1321.0,1318.0,1321.0,1400,0.0,0.0
2024-07-03 14:00:00+09:00,1322.0,1322.0,1322.0,1322.0,200,0.0,0.0
2024-07-03 14:05:00+09:00,1322.0,1322.0,1322.0,1322.0,100,0.0,0.0
2024-07-03 14:10:00+09:00,1323.0,1323.0,1323.0,1323.0,200,0.0,0.0
2024-07-03 14:15:00+09:00,1323.0,1323.0,1322.0,1322.0,700,0.0,0.0
2024-07-03 14:20:00+09:00,1324.0,1324.0,1322.0,1322.0,200,0.0,0.0
2024-07-03 14:30:00+09:00,1323.0,1323.0,1323.0,1323.0,100,0.0,0.0
2024-07-03 14:35:00+09:00,1324.0,1325.0,1323.0,1325.0,1400,0.0,0.0
2024-07-03 14:45:00+09:00,1324.0,1324.0,1323.0,1323.0,700,0.0,0.0
2024-07-03 14:55:00+09:00,1322.0,1324.0,1322.0,1324.0,600,0.0,0.0
2024-07-04 09:00:00+09:00,1322.0,1350.0,1321.0,1350.0,9400,0.0,0.0
2024-07-04 09:05:00+09:00,1350.0,1351.0,1349.0,1351.0,900,0.0,0.0
2024-07-04 09:10:00+09:00,1350.0,1350.0,1346.0,1346.0,2700,0.0,0.0
2024-07-04 09:15:00+09:00,1346.0,1350.0,1346.0,1350.0,1700,0.0,0.0
2024-07-04 09:20:00+09:00,1350.0,1351.0,1350.0,1350.0,1100,0.0,0.0
2024-07-04 09:25:00+09:00,1352.0,1353.0,1352.0,1353.0,300,0.0,0.0
2024-07-04 09:35:00+09:00,1353.0,1353.0,1350.0,1350.0,900,0.0,0.0
2024-07-04 09:40:00+09:00,1352.0,1352.0,1351.0,1351.0,300,0.0,0.0
2024-07-04 09:45:00+09:00,1351.0,1351.0,1351.0,1351.0,100,0.0,0.0
2024-07-04 09:50:00+09:00,1352.0,1352.0,1352.0,1352.0,0,0.0,0.0
2024-07-04 10:05:00+09:00,1352.0,1353.0,1351.0,1352.0,18600,0.0,0.0
2024-07-04 10:15:00+09:00,1351.0,1351.0,1349.0,1349.0,600,0.0,0.0
2024-07-04 10:25:00+09:00,1346.0,1346.0,1345.0,1345.0,400,0.0,0.0
2024-07-04 10:40:00+09:00,1343.0,1351.0,1342.0,1351.0,2400,0.0,0.0
2024-07-04 10:45:00+09:00,1352.0,1352.0,1352.0,1352.0,100,0.0,0.0
2024-07-04 11:05:00+09:00,1352.0,1352.0,1351.0,1351.0,1200,0.0,0.0
2024-07-04 11:15:00+09:00,1350.0,1350.0,1350.0,1350.0,100,0.0,0.0
2024-07-04 11:25:00+09:00,1351.0,1351.0,1350.0,1350.0,500,0.0,0.0
2024-07-04 11:35:00+09:00,1350.0,1350.0,1350.0,1350.0,0,0.0,0.0
2024-07-04 12:30:00+09:00,1355.0,1357.0,1353.0,1357.0,26300,0.0,0.0
2024-07-04 12:35:00+09:00,1357.0,1357.0,1357.0,1357.0,500,0.0,0.0
2024-07-04 12:45:00+09:00,1356.0,1356.0,1356.0,1356.0,100,0.0,0.0
2024-07-04 12:55:00+09:00,1356.0,1356.0,1356.0,1356.0,200,0.0,0.0
2024-07-04 13:00:00+09:00,1355.0,1355.0,1354.0,1354.0,1000,0.0,0.0
2024-07-04 13:10:00+09:00,1354.0,1354.0,1354.0,1354.0,300,0.0,0.0
2024-07-04 13:15:00+09:00,1355.0,1355.0,1354.0,1354.0,200,0.0,0.0
2024-07-04 13:20:00+09:00,1355.0,1355.0,1355.0,1355.0,200,0.0,0.0
2024-07-04 13:30:00+09:00,1355.0,1356.0,1355.0,1356.0,400,0.0,0.0
2024-07-04 13:35:00+09:00,1356.0,1356.0,1356.0,1356.0,100,0.0,0.0
2024-07-04 13:45:00+09:00,1356.0,1356.0,1355.0,1355.0,400,0.0,0.0
2024-07-04 13:55:00+09:00,1355.0,1355.0,1355.0,1355.0,100,0.0,0.0
2024-07-04 14:00:00+09:00,1355.0,1355.0,1355.0,1355.0,100,0.0,0.0
2024-07-04 14:10:00+09:00,1356.0,1356.0,1356.0,1356.0,300,0.0,0.0
2024-07-04 14:15:00+09:00,1356.0,1356.0,1356.0,1356.0,100,0.0,0.0
2024-07-04 14:20:00+09:00,1356.0,1356.0,1356.0,1356.0,400,0.0,0.0
2024-07-04 14:25:00+09:00,1355.0,1355.0,1355.0,1355.0,700,0.0,0.0
2024-07-04 14:30:00+09:00,1354.0,1354.0,1354.0,1354.0,200,0.0,0.0
2024-07-04 14:35:00+09:00,1355.0,1355.0,1355.0,1355.0,400,0.0,0.0
2024-07-04 14:40:00+09:00,1354.0,1355.0,1354.0,1355.0,700,0.0,0.0
2024-07-04 14:45:00+09:00,1355.0,1355.0,1355.0,1355.0,300,0.0,0.0
2024-07-04 14:55:00+09:00,1352.0,1354.0,1352.0,1354.0,1500,0.0,0.0
2024-07-05 09:00:00+09:00,1369.0,1374.0,1367.0,1373.0,11200,0.0,0.0
2024-07-05 09:05:00+09:00,1372.0,1372.0,1372.0,1372.0,100,0.0,0.0
2024-07-05 09:10:00+09:00,1370.0,1370.0,1363.0,1368.0,1400,0.0,0.0
2024-07-05 09:15:00+09:00,1360.0,1360.0,1358.0,1358.0,800,0.0,0.0
2024-07-05 09:20:00+09:00,1357.0,1357.0,1357.0,1357.0,100,0.0,0.0
2024-07-05 09:30:00+09:00,1355.0,1356.0,1351.0,1351.0,1000,0.0,0.0
2024-07-05 09:35:00+09:00,1351.0,1355.0,1344.0,1354.0,3900,0.0,0.0
2024-07-05 09:40:00+09:00,1351.0,1351.0,1351.0,1351.0,100,0.0,0.0
2024-07-05 10:00:00+09:00,1348.0,1348.0,1348.0,1348.0,100,0.0,0.0
2024-07-05 10:10:00+09:00,1347.0,1347.0,1347.0,1347.0,100,0.0,0.0
2024-07-05 10:15:00+09:00,1346.0,1358.0,1338.0,1351.0,22400,0.0,0.0
2024-07-05 10:25:00+09:00,1350.0,1351.0,1350.0,1351.0,300,0.0,0.0
2024-07-05 10:30:00+09:00,1352.0,1355.0,1352.0,1355.0,200,0.0,0.0
2024-07-05 10:40:00+09:00,1352.0,1352.0,1352.0,1352.0,200,0.0,0.0
2024-07-05 10:45:00+09:00,1351.0,1356.0,1351.0,1352.0,800,0.0,0.0
2024-07-05 10:50:00+09:00,1350.0,1350.0,1350.0,1350.0,200,0.0,0.0
2024-07-05 11:00:00+09:00,1347.0,1347.0,1345.0,1345.0,200,0.0,0.0
2024-07-05 11:05:00+09:00,1345.0,1345.0,1344.0,1344.0,200,0.0,0.0
2024-07-05 11:10:00+09:00,1341.0,1344.0,1341.0,1344.0,200,0.0,0.0
2024-07-05 11:15:00+09:00,1345.0,1345.0,1345.0,1345.0,100,0.0,0.0
2024-07-05 11:25:00+09:00,1345.0,1346.0,1345.0,1345.0,500,0.0,0.0
2024-07-05 11:30:00+09:00,1348.0,1348.0,1348.0,1348.0,200,0.0,0.0
2024-07-05 11:35:00+09:00,1348.0,1348.0,1348.0,1348.0,0,0.0,0.0
2024-07-05 12:30:00+09:00,1350.0,1350.0,1350.0,1350.0,45100,0.0,0.0
2024-07-05 12:35:00+09:00,1340.0,1342.0,1337.0,1342.0,700,0.0,0.0
2024-07-05 12:40:00+09:00,1340.0,1340.0,1340.0,1340.0,100,0.0,0.0
2024-07-05 12:45:00+09:00,1334.0,1344.0,1334.0,1343.0,4000,0.0,0.0
2024-07-05 12:50:00+09:00,1342.0,1345.0,1342.0,1345.0,300,0.0,0.0
2024-07-05 12:55:00+09:00,1343.0,1344.0,1339.0,1339.0,2500,0.0,0.0
2024-07-05 13:00:00+09:00,1338.0,1339.0,1338.0,1339.0,200,0.0,0.0
2024-07-05 13:10:00+09:00,1335.0,1339.0,1335.0,1339.0,1700,0.0,0.0
2024-07-05 13:20:00+09:00,1335.0,1339.0,1334.0,1339.0,2400,0.0,0.0
2024-07-05 13:25:00+09:00,1338.0,1338.0,1336.0,1336.0,500,0.0,0.0
2024-07-05 13:30:00+09:00,1335.0,1336.0,1334.0,1336.0,1000,0.0,0.0
2024-07-05 13:35:00+09:00,1336.0,1342.0,1336.0,1336.0,12200,0.0,0.0
2024-07-05 13:45:00+09:00,1336.0,1336.0,1332.0,1332.0,400,0.0,0.0
2024-07-05 13:50:00+09:00,1337.0,1337.0,1337.0,1337.0,100,0.0,0.0
2024-07-05 13:55:00+09:00,1333.0,1335.0,1333.0,1335.0,300,0.0,0.0
2024-07-05 14:20:00+09:00,1332.0,1332.0,1332.0,1332.0,200,0.0,0.0
2024-07-05 14:25:00+09:00,1334.0,1334.0,1329.0,1332.0,700,0.0,0.0
2024-07-05 14:35:00+09:00,1333.0,1335.0,1331.0,1335.0,800,0.0,0.0
2024-07-05 14:40:00+09:00,1332.0,1332.0,1332.0,1332.0,100,0.0,0.0
2024-07-05 14:50:00+09:00,1334.0,1336.0,1334.0,1336.0,400,0.0,0.0
2024-07-05 14:55:00+09:00,1337.0,1338.0,1333.0,1338.0,500,0.0,0.0
