Datetime,Open,High,Low,Close,Volume,Dividends,Stock Splits
2022-07-21 09:00:00+08:00,21.25,21.25,21.25,21.25,0,0.0,0.0
2022-07-21 10:00:00+08:00,21.200000762939453,21.200000762939453,21.200000762939453,21.200000762939453,3000,0.0,0.0
2022-07-21 11:00:00+08:00,21.200000762939453,21.200000762939453,21.200000762939453,21.200000762939453,2000,0.0,0.0
2022-07-22 09:00:00+08:00,21.100000381469727,21.100000381469727,21.100000381469727,21.100000381469727,0,0.0,0.0
2022-07-22 10:00:00+08:00,21.299999237060547,21.299999237060547,21.299999237060547,21.299999237060547,1000,0.0,0.0
2022-07-22 11:00:00+08:00,21.25,21.25,21.25,21.25,10000,0.0,0.0
2022-07-22 12:00:00+08:00,21.299999237060547,21.549999237060547,21.25,21.299999237060547,53500,0.0,0.0
2022-07-22 13:00:00+08:00,21.299999237060547,21.299999237060547,21.25,21.25,5000,0.0,0.0
2022-07-25 09:00:00+08:00,21.149999618530273,21.149999618530273,21.149999618530273,21.149999618530273,0,0.0,0.0
2022-07-25 10:00:00+08:00,21.350000381469727,21.350000381469727,21.149999618530273,21.149999618530273,51000,0.0,0.0
2022-07-25 11:00:00+08:00,21.149999618530273,21.149999618530273,21.049999237060547,21.049999237060547,12000,0.0,0.0
2022-07-25 12:00:00+08:00,21.25,21.25,21.25,21.25,1000,0.0,0.0
2022-07-26 09:00:00+08:00,21.100000381469727,21.100000381469727,21.100000381469727,21.100000381469727,0,0.0,0.0
2022-07-26 10:00:00+08:00,21.0,21.0,20.899999618530273,20.899999618530273,7217,0.0,0.0
2022-07-26 12:00:00+08:00,20.899999618530273,20.899999618530273,20.899999618530273,20.899999618530273,2001,0.0,0.0
2022-07-26 13:00:00+08:00,20.899999618530273,21.0,20.850000381469727,21.0,4000,0.0,0.0
2022-07-27 10:00:00+08:00,21.0,21.0,20.799999237060547,20.799999237060547,1088,0.0,0.0
2022-07-27 12:00:00+08:00,20.950000762939453,21.149999618530273,20.950000762939453,21.100000381469727,6000,0.0,0.0
2022-07-27 13:00:00+08:00,21.100000381469727,21.100000381469727,21.100000381469727,21.100000381469727,4000,0.0,0.0
2022-07-28 09:00:00+08:00,21.299999237060547,21.799999237060547,21.299999237060547,21.799999237060547,0,0.0,0.0
2022-07-28 10:00:00+08:00,21.75,21.75,21.75,21.75,1000,0.0,0.0
2022-07-28 11:00:00+08:00,21.649999618530273,21.700000762939453,21.649999618530273,21.700000762939453,3000,0.0,0.0
2022-07-28 12:00:00+08:00,21.5,21.5,21.049999237060547,21.049999237060547,46000,0.0,0.0
2022-07-28 13:00:00+08:00,21.100000381469727,21.100000381469727,21.100000381469727,21.100000381469727,1000,0.0,0.0
2022-07-29 09:00:00+08:00,21.600000381469727,21.600000381469727,21.450000762939453,21.450000762939453,0,0.0,0.0
2022-07-29 10:00:00+08:00,21.399999618530273,21.399999618530273,21.399999618530273,21.399999618530273,1000,0.0,0.0
2022-07-29 11:00:00+08:00,21.5,21.5,21.450000762939453,21.450000762939453,2576,0.0,0.0
2022-07-29 12:00:00+08:00,21.399999618530273,21.399999618530273,21.350000381469727,21.350000381469727,3000,0.0,0.0
2022-07-29 13:00:00+08:00,21.350000381469727,21.399999618530273,21.350000381469727,21.399999618530273,7000,0.0,0.0
2022-08-01 09:00:00+08:00,21.450000762939453,21.450000762939453,21.450000762939453,21.450000762939453,0,0.0,0.0
2022-08-01 10:00:00+08:00,21.450000762939453,21.450000762939453,21.450000762939453,21.450000762939453,2112,0.0,0.0
2022-08-01 11:00:00+08:00,21.450000762939453,21.450000762939453,21.450000762939453,21.450000762939453,1000,0.0,0.0
2022-08-01 12:00:00+08:00,21.450000762939453,21.450000762939453,21.450000762939453,21.450000762939453,1000,0.0,0.0
2022-08-01 13:00:00+08:00,21.5,21.5,21.5,21.5,1000,0.0,0.0
2022-08-02 09:00:00+08:00,21.399999618530273,21.399999618530273,21.100000381469727,21.100000381469727,6920,0.0,0.0
2022-08-02 13:00:00+08:00,21.350000381469727,21.350000381469727,21.299999237060547,21.350000381469727,11001,0.0,0.0
2022-08-03 09:00:00+08:00,20.0,21.899999618530273,20.0,21.899999618530273,17967,0.0,0.0
2022-08-03 10:00:00+08:00,21.350000381469727,21.350000381469727,21.100000381469727,21.100000381469727,4000,0.0,0.0
2022-08-03 11:00:00+08:00,21.600000381469727,21.600000381469727,21.600000381469727,21.600000381469727,1000,0.0,0.0
2022-08-03 12:00:00+08:00,21.5,21.600000381469727,21.5,21.600000381469727,16000,0.0,0.0
2022-08-04 10:00:00+08:00,21.100000381469727,21.149999618530273,21.100000381469727,21.149999618530273,1000,0.0,0.0
2022-08-04 11:00:00+08:00,21.149999618530273,21.149999618530273,21.149999618530273,21.149999618530273,3000,0.0,0.0
2022-08-04 12:00:00+08:00,21.100000381469727,21.100000381469727,21.049999237060547,21.049999237060547,3000,0.0,0.0
2022-08-04 13:00:00+08:00,21.200000762939453,21.200000762939453,21.200000762939453,21.200000762939453,1000,0.0,0.0
2022-08-05 09:00:00+08:00,20.899999618530273,21.200000762939453,20.799999237060547,21.0,20150,0.0,0.0
2022-08-05 10:00:00+08:00,21.0,21.049999237060547,20.700000762939453,20.899999618530273,33089,0.0,0.0
2022-08-05 11:00:00+08:00,20.799999237060547,20.799999237060547,20.350000381469727,20.600000381469727,41050,0.0,0.0
2022-08-05 12:00:00+08:00,20.649999618530273,20.700000762939453,20.5,20.700000762939453,21000,0.0,0.0
2022-08-05 13:00:00+08:00,20.700000762939453,20.700000762939453,20.700000762939453,20.700000762939453,1000,0.0,0.0
2022-08-08 09:00:00+08:00,20.649999618530273,20.950000762939453,20.649999618530273,20.950000762939453,0,0.0,0.0
2022-08-08 10:00:00+08:00,20.950000762939453,21.0,20.950000762939453,20.950000762939453,33000,0.0,0.0
2022-08-08 11:00:00+08:00,21.0,21.0,21.0,21.0,5000,0.0,0.0
2022-08-08 12:00:00+08:00,21.049999237060547,21.649999618530273,21.049999237060547,21.299999237060547,18000,0.0,0.0
2022-08-08 13:00:00+08:00,21.299999237060547,21.299999237060547,21.299999237060547,21.299999237060547,1000,0.0,0.0
2022-08-09 09:00:00+08:00,21.399999618530273,21.399999618530273,21.299999237060547,21.299999237060547,0,0.0,0.0
2022-08-09 10:00:00+08:00,21.5,21.5,21.5,21.5,1080,0.0,0.0
2022-08-09 11:00:00+08:00,21.5,21.5,21.399999618530273,21.399999618530273,6004,0.0,0.0
2022-08-09 12:00:00+08:00,21.450000762939453,21.450000762939453,21.450000762939453,21.450000762939453,8000,0.0,0.0
2022-08-09 13:00:00+08:00,21.450000762939453,21.5,21.350000381469727,21.350000381469727,18165,0.0,0.0
2022-08-10 09:00:00+08:00,20.549999237060547,20.549999237060547,20.299999237060547,20.450000762939453,0,0.0,0.0
2022-08-10 10:00:00+08:00,20.399999618530273,20.399999618530273,20.399999618530273,20.399999618530273,1000,0.0,0.0
2022-08-10 11:00:00+08:00,20.399999618530273,20.450000762939453,20.399999618530273,20.450000762939453,3000,0.0,0.0
2022-08-10 12:00:00+08:00,20.399999618530273,20.399999618530273,20.399999618530273,20.399999618530273,3077,0.0,0.0
2022-08-11 09:00:00+08:00,20.700000762939453,20.700000762939453,20.700000762939453,20.700000762939453,0,0.0,0.0
2022-08-11 10:00:00+08:00,20.600000381469727,20.600000381469727,20.5,20.5,5024,0.0,0.0
2022-08-11 12:00:00+08:00,20.450000762939453,20.450000762939453,20.350000381469727,20.350000381469727,13000,0.0,0.0
2022-08-11 13:00:00+08:00,20.350000381469727,20.350000381469727,20.299999237060547,20.299999237060547,8000,0.0,0.0
2022-08-12 10:00:00+08:00,20.399999618530273,20.399999618530273,20.299999237060547,20.299999237060547,4000,0.0,0.0
2022-08-12 11:00:00+08:00,20.399999618530273,20.399999618530273,20.399999618530273,20.399999618530273,1000,0.0,0.0
2022-08-12 12:00:00+08:00,20.399999618530273,20.399999618530273,20.350000381469727,20.350000381469727,2000,0.0,0.0
2022-08-15 10:00:00+08:00,20.600000381469727,20.600000381469727,20.350000381469727,20.399999618530273,4000,0.0,0.0
2022-08-15 11:00:00+08:00,20.399999618530273,20.399999618530273,20.399999618530273,20.399999618530273,1000,0.0,0.0
2022-08-15 12:00:00+08:00,20.5,20.600000381469727,20.5,20.600000381469727,3000,0.0,0.0
2022-08-15 13:00:00+08:00,20.700000762939453,20.700000762939453,20.700000762939453,20.700000762939453,1000,0.0,0.0
2022-08-16 09:00:00+08:00,20.350000381469727,20.450000762939453,20.350000381469727,20.450000762939453,0,0.0,0.0
2022-08-16 10:00:00+08:00,20.5,20.5,20.5,20.5,1000,0.0,0.0
2022-08-16 11:00:00+08:00,20.5,20.5,20.5,20.5,1000,0.0,0.0
2022-08-16 13:00:00+08:00,20.5,20.649999618530273,20.5,20.649999618530273,4000,0.0,0.0
2022-08-17 09:00:00+08:00,20.649999618530273,20.649999618530273,20.649999618530273,20.649999618530273,0,0.0,0.0
2022-08-17 11:00:00+08:00,20.700000762939453,20.700000762939453,20.700000762939453,20.700000762939453,5000,0.0,0.0
2022-08-17 12:00:00+08:00,20.700000762939453,20.700000762939453,20.700000762939453,20.700000762939453,6000,0.0,0.0
2022-08-17 13:00:00+08:00,20.700000762939453,20.700000762939453,20.600000381469727,20.600000381469727,5000,0.0,0.0
2022-08-18 09:00:00+08:00,20.899999618530273,20.899999618530273,20.899999618530273,20.899999618530273,0,0.0,0.0
2022-08-18 11:00:00+08:00,20.850000381469727,20.850000381469727,20.850000381469727,20.850000381469727,2003,0.0,0.0
2022-08-18 13:00:00+08:00,20.850000381469727,21.0,20.850000381469727,21.0,18000,0.0,0.0
2022-08-19 09:00:00+08:00,22.0,23.100000381469727,22.0,23.100000381469727,183357,0.0,0.0
2022-08-19 10:00:00+08:00,23.100000381469727,23.100000381469727,23.100000381469727,23.100000381469727,1000,0.0,0.0
2022-08-19 11:00:00+08:00,23.100000381469727,23.100000381469727,23.100000381469727,23.100000381469727,4000,0.0,0.0
2022-08-19 12:00:00+08:00,23.100000381469727,23.100000381469727,23.100000381469727,23.100000381469727,24014,0.0,0.0
2022-08-19 13:00:00+08:00,23.100000381469727,23.100000381469727,23.100000381469727,23.100000381469727,3000,0.0,0.0
2022-08-22 09:00:00+08:00,24.549999237060547,24.799999237060547,24.0,24.399999618530273,181007,0.0,0.0
2022-08-22 10:00:00+08:00,24.350000381469727,24.350000381469727,23.549999237060547,23.899999618530273,99354,0.0,0.0
2022-08-22 11:00:00+08:00,23.950000762939453,23.950000762939453,23.200000762939453,23.399999618530273,61000,0.0,0.0
2022-08-22 12:00:00+08:00,23.450000762939453,23.549999237060547,23.149999618530273,23.350000381469727,72192,0.0,0.0
2022-08-22 13:00:00+08:00,23.200000762939453,23.200000762939453,22.700000762939453,22.700000762939453,48000,0.0,0.0
2022-08-23 09:00:00+08:00,23.0,23.049999237060547,22.850000381469727,22.899999618530273,0,0.0,0.0
2022-08-23 10:00:00+08:00,22.899999618530273,22.899999618530273,22.799999237060547,22.899999618530273,10130,0.0,0.0
2022-08-23 11:00:00+08:00,22.799999237060547,22.850000381469727,22.799999237060547,22.799999237060547,5006,0.0,0.0
2022-08-23 12:00:00+08:00,22.850000381469727,22.899999618530273,22.850000381469727,22.899999618530273,3384,0.0,0.0
2022-08-23 13:00:00+08:00,22.950000762939453,22.950000762939453,22.899999618530273,22.899999618530273,4000,0.0,0.0
2022-08-24 09:00:00+08:00,23.200000762939453,23.200000762939453,22.899999618530273,22.899999618530273,0,0.0,0.0
2022-08-24 10:00:00+08:00,23.0,23.0,23.0,23.0,7000,0.0,0.0
2022-08-24 11:00:00+08:00,23.0,23.0,23.0,23.0,4185,0.0,0.0
2022-08-24 12:00:00+08:00,23.0,23.0,23.0,23.0,3000,0.0,0.0
2022-08-24 13:00:00+08:00,23.0,23.200000762939453,23.0,23.200000762939453,10000,0.0,0.0
2022-08-25 09:00:00+08:00,24.0,25.450000762939453,24.0,25.450000762939453,350968,0.0,0.0
2022-08-25 10:00:00+08:00,25.450000762939453,25.450000762939453,25.450000762939453,25.450000762939453,58313,0.0,0.0
2022-08-25 11:00:00+08:00,25.450000762939453,25.450000762939453,23.799999237060547,24.0,465000,0.0,0.0
2022-08-25 12:00:00+08:00,23.899999618530273,23.950000762939453,23.350000381469727,23.799999237060547,286289,0.0,0.0
2022-08-25 13:00:00+08:00,23.799999237060547,23.799999237060547,23.5,23.600000381469727,52000,0.0,0.0
2022-08-26 09:00:00+08:00,23.649999618530273,24.149999618530273,23.399999618530273,23.5,0,0.0,0.0
2022-08-26 10:00:00+08:00,23.5,24.649999618530273,23.450000762939453,24.600000381469727,100000,0.0,0.0
2022-08-26 11:00:00+08:00,24.5,24.600000381469727,24.149999618530273,24.149999618530273,63100,0.0,0.0
2022-08-26 12:00:00+08:00,24.149999618530273,24.149999618530273,24.0,24.0,11040,0.0,0.0
2022-08-26 13:00:00+08:00,23.950000762939453,23.950000762939453,23.700000762939453,23.700000762939453,7000,0.0,0.0
2022-08-29 09:00:00+08:00,23.600000381469727,23.600000381469727,22.950000762939453,23.049999237060547,0,0.0,0.0
2022-08-29 10:00:00+08:00,23.049999237060547,23.100000381469727,23.049999237060547,23.049999237060547,9000,0.0,0.0
2022-08-29 11:00:00+08:00,23.25,23.25,23.25,23.25,1000,0.0,0.0
2022-08-29 12:00:00+08:00,23.149999618530273,23.25,23.149999618530273,23.149999618530273,6000,0.0,0.0
2022-08-29 13:00:00+08:00,23.100000381469727,23.299999237060547,23.100000381469727,23.299999237060547,2000,0.0,0.0
2022-08-30 09:00:00+08:00,23.399999618530273,23.399999618530273,23.299999237060547,23.299999237060547,0,0.0,0.0
2022-08-30 10:00:00+08:00,23.25,23.25,23.25,23.25,4000,0.0,0.0
2022-08-30 11:00:00+08:00,23.25,23.25,23.25,23.25,1000,0.0,0.0
2022-08-30 12:00:00+08:00,23.5,23.649999618530273,23.5,23.649999618530273,2000,0.0,0.0
2022-08-30 13:00:00+08:00,23.649999618530273,23.649999618530273,23.649999618530273,23.649999618530273,1000,0.0,0.0
2022-08-31 10:00:00+08:00,23.549999237060547,23.549999237060547,23.5,23.5,12000,0.0,0.0
2022-08-31 11:00:00+08:00,23.5,23.5,23.450000762939453,23.5,8000,0.0,0.0
2022-08-31 12:00:00+08:00,23.450000762939453,23.5,23.450000762939453,23.450000762939453,5060,0.0,0.0
2022-08-31 13:00:00+08:00,23.450000762939453,23.450000762939453,23.450000762939453,23.450000762939453,0,0.0,0.0
2022-09-01 12:00:00+08:00,23.200000762939453,23.25,23.100000381469727,23.100000381469727,7000,0.0,0.0
2022-09-01 13:00:00+08:00,23.0,23.049999237060547,23.0,23.049999237060547,14000,0.0,0.0
2022-09-02 09:00:00+08:00,24.0,24.0,23.350000381469727,23.350000381469727,0,0.0,0.0
2022-09-02 10:00:00+08:00,23.299999237060547,23.299999237060547,23.299999237060547,23.299999237060547,1004,0.0,0.0
2022-09-02 11:00:00+08:00,23.450000762939453,23.5,23.450000762939453,23.5,5000,0.0,0.0
2022-09-02 12:00:00+08:00,23.450000762939453,23.450000762939453,23.350000381469727,23.350000381469727,5500,0.0,0.0
2022-09-02 13:00:00+08:00,23.350000381469727,23.350000381469727,23.299999237060547,23.299999237060547,6000,0.0,0.0
2022-09-05 09:00:00+08:00,23.25,23.450000762939453,23.200000762939453,23.299999237060547,0,0.0,0.0
2022-09-05 10:00:00+08:00,23.299999237060547,23.299999237060547,23.200000762939453,23.200000762939453,12000,0.0,0.0
2022-09-05 11:00:00+08:00,23.0,23.0,22.850000381469727,22.850000381469727,4000,0.0,0.0
2022-09-05 12:00:00+08:00,22.899999618530273,22.899999618530273,22.75,22.75,8000,0.0,0.0
2022-09-05 13:00:00+08:00,22.75,22.75,22.700000762939453,22.700000762939453,8020,0.0,0.0
2022-09-06 09:00:00+08:00,22.700000762939453,22.75,22.5,22.649999618530273,0,0.0,0.0
2022-09-06 10:00:00+08:00,22.649999618530273,22.649999618530273,22.299999237060547,22.299999237060547,8000,0.0,0.0
2022-09-06 11:00:00+08:00,22.299999237060547,22.299999237060547,22.149999618530273,22.149999618530273,5000,0.0,0.0
2022-09-06 13:00:00+08:00,22.200000762939453,22.200000762939453,22.149999618530273,22.149999618530273,8007,0.0,0.0
2022-09-07 09:00:00+08:00,22.299999237060547,22.299999237060547,21.0,21.0,0,0.0,0.0
2022-09-07 10:00:00+08:00,21.200000762939453,21.299999237060547,21.149999618530273,21.299999237060547,5000,0.0,0.0
2022-09-07 11:00:00+08:00,21.25,21.25,21.149999618530273,21.149999618530273,13000,0.0,0.0
2022-09-07 12:00:00+08:00,21.200000762939453,21.200000762939453,21.200000762939453,21.200000762939453,1108,0.0,0.0
2022-09-08 09:00:00+08:00,22.600000381469727,22.600000381469727,21.5,21.5,0,0.0,0.0
2022-09-08 10:00:00+08:00,21.600000381469727,21.600000381469727,21.549999237060547,21.549999237060547,2000,0.0,0.0
2022-09-08 11:00:00+08:00,21.649999618530273,23.399999618530273,21.649999618530273,23.049999237060547,900022,0.0,0.0
2022-09-08 12:00:00+08:00,23.100000381469727,23.399999618530273,23.0,23.299999237060547,198003,0.0,0.0
2022-09-08 13:00:00+08:00,23.25,23.399999618530273,23.100000381469727,23.399999618530273,109247,0.0,0.0
2022-09-12 09:00:00+08:00,23.600000381469727,23.850000381469727,22.799999237060547,23.0,0,0.0,0.0
2022-09-12 10:00:00+08:00,22.950000762939453,23.25,22.950000762939453,23.100000381469727,6100,0.0,0.0
2022-09-12 11:00:00+08:00,23.100000381469727,23.100000381469727,23.049999237060547,23.049999237060547,6000,0.0,0.0
2022-09-12 12:00:00+08:00,23.0,23.600000381469727,23.0,23.100000381469727,23000,0.0,0.0
2022-09-12 13:00:00+08:00,23.299999237060547,23.299999237060547,23.049999237060547,23.049999237060547,11000,0.0,0.0
2022-09-13 09:00:00+08:00,23.950000762939453,23.950000762939453,23.0,23.0,0,0.0,0.0
2022-09-13 10:00:00+08:00,23.049999237060547,23.299999237060547,22.950000762939453,22.950000762939453,22000,0.0,0.0
2022-09-13 11:00:00+08:00,23.0,23.0,22.950000762939453,22.950000762939453,4000,0.0,0.0
2022-09-13 12:00:00+08:00,22.950000762939453,22.950000762939453,22.950000762939453,22.950000762939453,3000,0.0,0.0
2022-09-13 13:00:00+08:00,23.200000762939453,23.200000762939453,22.899999618530273,22.950000762939453,12000,0.0,0.0
2022-09-14 10:00:00+08:00,22.450000762939453,22.549999237060547,22.450000762939453,22.549999237060547,10000,0.0,0.0
2022-09-14 12:00:00+08:00,22.649999618530273,22.75,22.549999237060547,22.75,12000,0.0,0.0
2022-09-15 09:00:00+08:00,22.600000381469727,22.600000381469727,22.600000381469727,22.600000381469727,0,0.0,0.0
2022-09-15 10:00:00+08:00,22.899999618530273,22.899999618530273,22.799999237060547,22.799999237060547,2000,0.0,0.0
2022-09-15 11:00:00+08:00,22.799999237060547,22.799999237060547,22.799999237060547,22.799999237060547,3000,0.0,0.0
2022-09-15 12:00:00+08:00,22.700000762939453,22.700000762939453,22.649999618530273,22.649999618530273,2000,0.0,0.0
2022-09-15 13:00:00+08:00,22.649999618530273,22.649999618530273,22.649999618530273,22.649999618530273,3000,0.0,0.0
2022-09-16 10:00:00+08:00,22.600000381469727,22.600000381469727,22.5,22.5,11000,0.0,0.0
2022-09-16 11:00:00+08:00,22.5,22.5,22.5,22.5,1000,0.0,0.0
2022-09-16 12:00:00+08:00,22.299999237060547,22.299999237060547,22.299999237060547,22.299999237060547,2000,0.0,0.0
2022-09-16 13:00:00+08:00,22.350000381469727,22.350000381469727,22.299999237060547,22.299999237060547,3000,0.0,0.0
2022-09-19 09:00:00+08:00,22.299999237060547,22.299999237060547,22.049999237060547,22.049999237060547,0,0.0,0.0
2022-09-19 10:00:00+08:00,22.100000381469727,22.299999237060547,22.049999237060547,22.299999237060547,6000,0.0,0.0
2022-09-19 12:00:00+08:00,22.149999618530273,22.149999618530273,22.100000381469727,22.100000381469727,3000,0.0,0.0
2022-09-20 09:00:00+08:00,22.200000762939453,22.549999237060547,22.049999237060547,22.049999237060547,8000,0.0,0.0
2022-09-20 10:00:00+08:00,22.200000762939453,22.200000762939453,22.200000762939453,22.200000762939453,1000,0.0,0.0
2022-09-20 11:00:00+08:00,22.200000762939453,22.200000762939453,22.200000762939453,22.200000762939453,4000,0.0,0.0
2022-09-20 12:00:00+08:00,22.350000381469727,22.350000381469727,22.350000381469727,22.350000381469727,1000,0.0,0.0
2022-09-20 13:00:00+08:00,22.200000762939453,22.200000762939453,22.200000762939453,22.200000762939453,1000,0.0,0.0
2022-09-21 12:00:00+08:00,22.100000381469727,22.350000381469727,22.049999237060547,22.350000381469727,4000,0.0,0.0
2022-09-22 09:00:00+08:00,22.0,22.0,21.5,21.600000381469727,2000,0.0,0.0
2022-09-22 11:00:00+08:00,21.799999237060547,21.799999237060547,21.700000762939453,21.700000762939453,4000,0.0,0.0
2022-09-22 12:00:00+08:00,21.700000762939453,21.799999237060547,21.700000762939453,21.799999237060547,10000,0.0,0.0
2022-09-23 09:00:00+08:00,21.549999237060547,21.549999237060547,21.549999237060547,21.549999237060547,0,0.0,0.0
2022-09-23 11:00:00+08:00,21.549999237060547,21.549999237060547,21.549999237060547,21.549999237060547,2000,0.0,0.0
2022-09-23 12:00:00+08:00,21.549999237060547,21.700000762939453,21.549999237060547,21.700000762939453,8000,0.0,0.0
2022-09-26 09:00:00+08:00,21.049999237060547,21.149999618530273,20.899999618530273,20.899999618530273,3000,0.0,0.0
2022-09-26 10:00:00+08:00,20.899999618530273,20.899999618530273,20.799999237060547,20.799999237060547,5000,0.0,0.0
2022-09-26 11:00:00+08:00,20.799999237060547,20.799999237060547,20.299999237060547,20.5,35000,0.0,0.0
2022-09-26 12:00:00+08:00,20.5,20.5,20.350000381469727,20.350000381469727,6000,0.0,0.0
2022-09-26 13:00:00+08:00,20.5,20.5,20.5,20.5,4000,0.0,0.0
2022-09-27 09:00:00+08:00,20.549999237060547,20.600000381469727,20.549999237060547,20.600000381469727,0,0.0,0.0
2022-09-27 10:00:00+08:00,20.5,20.600000381469727,20.5,20.600000381469727,8000,0.0,0.0
2022-09-27 11:00:00+08:00,20.700000762939453,20.700000762939453,20.600000381469727,20.700000762939453,4000,0.0,0.0
2022-09-27 12:00:00+08:00,20.5,20.700000762939453,20.5,20.700000762939453,9000,0.0,0.0
2022-09-28 10:00:00+08:00,20.5,20.5,20.399999618530273,20.399999618530273,1000,0.0,0.0
2022-09-28 11:00:00+08:00,20.350000381469727,20.350000381469727,20.299999237060547,20.299999237060547,3000,0.0,0.0
2022-09-28 12:00:00+08:00,20.350000381469727,20.350000381469727,20.350000381469727,20.350000381469727,1000,0.0,0.0
2022-09-28 13:00:00+08:00,20.350000381469727,20.350000381469727,20.350000381469727,20.350000381469727,1000,0.0,0.0
2022-09-29 09:00:00+08:00,20.350000381469727,20.350000381469727,20.299999237060547,20.350000381469727,0,0.0,0.0
2022-09-29 10:00:00+08:00,20.299999237060547,20.299999237060547,20.049999237060547,20.100000381469727,35000,0.0,0.0
2022-09-29 11:00:00+08:00,20.049999237060547,20.25,20.0,20.25,21000,0.0,0.0
2022-09-29 12:00:00+08:00,20.100000381469727,20.299999237060547,20.100000381469727,20.299999237060547,5000,0.0,0.0
2022-09-29 13:00:00+08:00,20.299999237060547,20.299999237060547,20.299999237060547,20.299999237060547,1000,0.0,0.0
2022-09-30 09:00:00+08:00,19.799999237060547,20.0,19.799999237060547,20.0,0,0.0,0.0
2022-09-30 10:00:00+08:00,20.0,20.0,20.0,20.0,9000,0.0,0.0
2022-09-30 11:00:00+08:00,20.049999237060547,20.25,20.049999237060547,20.25,2000,0.0,0.0
2022-09-30 12:00:00+08:00,20.25,20.25,20.25,20.25,1000,0.0,0.0
2022-09-30 13:00:00+08:00,20.25,20.75,20.25,20.75,9000,0.0,0.0
2022-10-04 09:00:00+08:00,20.700000762939453,20.700000762939453,20.700000762939453,20.700000762939453,0,0.0,0.0
2022-10-04 10:00:00+08:00,20.700000762939453,21.100000381469727,20.600000381469727,20.600000381469727,7000,0.0,0.0
2022-10-04 11:00:00+08:00,20.649999618530273,20.700000762939453,20.649999618530273,20.700000762939453,6000,0.0,0.0
2022-10-04 13:00:00+08:00,20.5,20.649999618530273,20.5,20.649999618530273,2000,0.0,0.0
2022-10-05 09:00:00+08:00,20.950000762939453,21.350000381469727,20.850000381469727,20.850000381469727,0,0.0,0.0
2022-10-05 10:00:00+08:00,20.899999618530273,20.899999618530273,20.799999237060547,20.799999237060547,3000,0.0,0.0
2022-10-05 11:00:00+08:00,20.799999237060547,20.799999237060547,20.799999237060547,20.799999237060547,1000,0.0,0.0
2022-10-05 12:00:00+08:00,20.700000762939453,20.700000762939453,20.649999618530273,20.649999618530273,2000,0.0,0.0
2022-10-06 12:00:00+08:00,20.649999618530273,20.700000762939453,20.549999237060547,20.700000762939453,4000,0.0,0.0
2022-10-07 10:00:00+08:00,20.700000762939453,20.700000762939453,20.299999237060547,20.399999618530273,31000,0.0,0.0
2022-10-07 11:00:00+08:00,20.450000762939453,21.0,20.399999618530273,21.0,25000,0.0,0.0
2022-10-07 12:00:00+08:00,21.0,21.0,20.950000762939453,20.950000762939453,5000,0.0,0.0
2022-10-07 13:00:00+08:00,20.950000762939453,20.950000762939453,20.950000762939453,20.950000762939453,3000,0.0,0.0
2022-10-11 09:00:00+08:00,20.350000381469727,20.350000381469727,20.200000762939453,20.200000762939453,0,0.0,0.0
2022-10-11 11:00:00+08:00,20.399999618530273,20.399999618530273,20.299999237060547,20.299999237060547,2000,0.0,0.0
2022-10-11 13:00:00+08:00,20.299999237060547,20.299999237060547,20.299999237060547,20.299999237060547,3000,0.0,0.0
2022-10-12 10:00:00+08:00,20.299999237060547,20.299999237060547,20.299999237060547,20.299999237060547,0,0.0,0.0
2022-10-12 12:00:00+08:00,20.200000762939453,20.25,20.200000762939453,20.25,4000,0.0,0.0
2022-10-12 13:00:00+08:00,20.25,20.299999237060547,20.100000381469727,20.299999237060547,7000,0.0,0.0
2022-10-13 09:00:00+08:00,20.100000381469727,20.100000381469727,20.0,20.0,0,0.0,0.0
2022-10-13 10:00:00+08:00,20.0,20.0,19.700000762939453,19.700000762939453,5000,0.0,0.0
2022-10-13 11:00:00+08:00,18.950000762939453,18.950000762939453,18.950000762939453,18.950000762939453,1000,0.0,0.0
2022-10-13 12:00:00+08:00,19.200000762939453,19.200000762939453,18.850000381469727,18.899999618530273,9000,0.0,0.0
2022-10-13 13:00:00+08:00,18.799999237060547,18.799999237060547,18.299999237060547,18.5,25000,0.0,0.0
2022-10-14 09:00:00+08:00,18.700000762939453,18.899999618530273,18.700000762939453,18.850000381469727,0,0.0,0.0
2022-10-14 10:00:00+08:00,18.899999618530273,19.149999618530273,18.850000381469727,19.100000381469727,0,0.0,0.0
2022-10-14 11:00:00+08:00,19.100000381469727,19.100000381469727,18.850000381469727,18.850000381469727,14434,0.0,0.0
2022-10-14 13:00:00+08:00,18.899999618530273,18.899999618530273,18.899999618530273,18.899999618530273,1000,0.0,0.0
2022-10-17 10:00:00+08:00,19.0,19.0,19.0,19.0,0,0.0,0.0
2022-10-17 12:00:00+08:00,18.700000762939453,18.700000762939453,18.649999618530273,18.649999618530273,5000,0.0,0.0
2022-10-17 13:00:00+08:00,18.950000762939453,18.950000762939453,18.950000762939453,18.950000762939453,1000,0.0,0.0
2022-10-18 10:00:00+08:00,19.0,19.0,18.799999237060547,18.799999237060547,5000,0.0,0.0
2022-10-18 11:00:00+08:00,18.799999237060547,18.899999618530273,18.799999237060547,18.899999618530273,2000,0.0,0.0
2022-10-18 12:00:00+08:00,19.0,19.299999237060547,19.0,19.299999237060547,6000,0.0,0.0
2022-10-18 13:00:00+08:00,19.200000762939453,19.200000762939453,19.200000762939453,19.200000762939453,1000,0.0,0.0
2022-10-19 12:00:00+08:00,20.200000762939453,20.200000762939453,19.850000381469727,19.850000381469727,0,0.0,0.0
2022-10-19 13:00:00+08:00,19.299999237060547,19.850000381469727,19.200000762939453,19.850000381469727,7001,0.0,0.0
2022-10-20 09:00:00+08:00,19.0,19.0,18.950000762939453,19.0,0,0.0,0.0
2022-10-20 11:00:00+08:00,19.0,19.0,19.0,19.0,1002,0.0,0.0
2022-10-20 12:00:00+08:00,19.0,19.0,19.0,19.0,1000,0.0,0.0
2022-10-21 09:00:00+08:00,18.5,18.600000381469727,18.5,18.600000381469727,0,0.0,0.0
2022-10-21 10:00:00+08:00,18.700000762939453,18.700000762939453,18.700000762939453,18.700000762939453,1000,0.0,0.0
2022-10-21 12:00:00+08:00,18.700000762939453,18.700000762939453,18.649999618530273,18.649999618530273,2000,0.0,0.0
2022-10-21 13:00:00+08:00,18.649999618530273,18.649999618530273,18.649999618530273,18.649999618530273,1000,0.0,0.0
2022-10-24 09:00:00+08:00,19.0,19.0,18.600000381469727,18.600000381469727,5001,0.0,0.0
2022-10-24 10:00:00+08:00,18.899999618530273,18.899999618530273,18.899999618530273,18.899999618530273,1000,0.0,0.0
2022-10-24 11:00:00+08:00,18.649999618530273,18.649999618530273,18.649999618530273,18.649999618530273,1000,0.0,0.0
2022-10-24 12:00:00+08:00,18.649999618530273,18.649999618530273,18.600000381469727,18.600000381469727,6000,0.0,0.0
2022-10-24 13:00:00+08:00,18.649999618530273,18.649999618530273,18.549999237060547,18.549999237060547,4000,0.0,0.0
2022-10-25 10:00:00+08:00,18.600000381469727,18.600000381469727,18.600000381469727,18.600000381469727,0,0.0,0.0
2022-10-25 11:00:00+08:00,18.600000381469727,18.600000381469727,18.600000381469727,18.600000381469727,2000,0.0,0.0
2022-10-25 12:00:00+08:00,18.600000381469727,18.600000381469727,18.5,18.600000381469727,11201,0.0,0.0
2022-10-25 13:00:00+08:00,18.600000381469727,18.600000381469727,18.549999237060547,18.549999237060547,4000,0.0,0.0
2022-10-26 09:00:00+08:00,18.25,18.850000381469727,18.25,18.850000381469727,0,0.0,0.0
2022-10-26 10:00:00+08:00,18.600000381469727,18.600000381469727,18.299999237060547,18.299999237060547,22000,0.0,0.0
2022-10-26 11:00:00+08:00,18.5,18.5,18.5,18.5,2000,0.0,0.0
2022-10-26 12:00:00+08:00,18.5,18.600000381469727,18.5,18.600000381469727,4000,0.0,0.0
2022-10-26 13:00:00+08:00,18.5,18.5,18.399999618530273,18.399999618530273,4000,0.0,0.0
2022-10-27 09:00:00+08:00,18.350000381469727,18.350000381469727,18.350000381469727,18.350000381469727,0,0.0,0.0
2022-10-27 11:00:00+08:00,18.549999237060547,18.549999237060547,18.5,18.5,6000,0.0,0.0
2022-10-27 12:00:00+08:00,18.5,18.549999237060547,18.5,18.549999237060547,4000,0.0,0.0
2022-10-27 13:00:00+08:00,18.5,18.5,18.5,18.5,1000,0.0,0.0
2022-10-28 11:00:00+08:00,18.399999618530273,18.399999618530273,18.299999237060547,18.299999237060547,0,0.0,0.0
2022-10-28 12:00:00+08:00,18.600000381469727,18.600000381469727,18.049999237060547,18.049999237060547,6000,0.0,0.0
2022-10-28 13:00:00+08:00,18.049999237060547,18.25,18.049999237060547,18.25,4000,0.0,0.0
2022-11-01 09:00:00+08:00,18.299999237060547,18.299999237060547,18.299999237060547,18.299999237060547,0,0.0,0.0
2022-11-01 10:00:00+08:00,18.200000762939453,18.25,18.200000762939453,18.25,9000,0.0,0.0
2022-11-01 12:00:00+08:00,18.600000381469727,18.850000381469727,18.600000381469727,18.850000381469727,6000,0.0,0.0
2022-11-02 09:00:00+08:00,18.649999618530273,18.649999618530273,18.649999618530273,18.649999618530273,0,0.0,0.0
2022-11-02 11:00:00+08:00,18.799999237060547,18.799999237060547,18.75,18.75,3000,0.0,0.0
2022-11-02 12:00:00+08:00,18.850000381469727,19.299999237060547,18.649999618530273,18.649999618530273,16000,0.0,0.0
2022-11-03 09:00:00+08:00,18.700000762939453,18.700000762939453,18.700000762939453,18.700000762939453,0,0.0,0.0
2022-11-04 10:00:00+08:00,18.799999237060547,18.799999237060547,18.799999237060547,18.799999237060547,0,0.0,0.0
2022-11-04 11:00:00+08:00,18.700000762939453,18.700000762939453,18.700000762939453,18.700000762939453,3000,0.0,0.0
2022-11-04 12:00:00+08:00,18.75,18.75,18.75,18.75,4000,0.0,0.0
2022-11-04 13:00:00+08:00,18.75,18.75,18.75,18.75,2000,0.0,0.0
2022-11-07 09:00:00+08:00,19.0,19.0,19.0,19.0,0,0.0,0.0
2022-11-07 11:00:00+08:00,19.299999237060547,19.600000381469727,19.299999237060547,19.600000381469727,17000,0.0,0.0
2022-11-07 12:00:00+08:00,19.299999237060547,19.350000381469727,19.299999237060547,19.350000381469727,2000,0.0,0.0
2022-11-08 09:00:00+08:00,19.25,19.450000762939453,19.25,19.350000381469727,0,0.0,0.0
2022-11-08 10:00:00+08:00,19.450000762939453,20.950000762939453,19.450000762939453,20.0,12000,0.0,0.0
2022-11-08 11:00:00+08:00,20.0,20.0,19.700000762939453,19.75,5001,0.0,0.0
2022-11-08 12:00:00+08:00,19.700000762939453,19.700000762939453,19.600000381469727,19.600000381469727,3038,0.0,0.0
2022-11-08 13:00:00+08:00,19.600000381469727,19.600000381469727,19.600000381469727,19.600000381469727,2000,0.0,0.0
2022-11-09 09:00:00+08:00,20.600000381469727,20.600000381469727,20.549999237060547,20.549999237060547,0,0.0,0.0
2022-11-09 10:00:00+08:00,20.299999237060547,20.350000381469727,19.899999618530273,19.899999618530273,4000,0.0,0.0
2022-11-09 11:00:00+08:00,20.0,20.0,19.899999618530273,19.899999618530273,5000,0.0,0.0
2022-11-09 12:00:00+08:00,19.850000381469727,19.850000381469727,19.850000381469727,19.850000381469727,2000,0.0,0.0
2022-11-09 13:00:00+08:00,19.799999237060547,19.799999237060547,19.75,19.75,4000,0.0,0.0
2022-11-10 10:00:00+08:00,19.899999618530273,20.0,19.850000381469727,19.899999618530273,17000,0.0,0.0
2022-11-10 11:00:00+08:00,19.950000762939453,19.950000762939453,19.950000762939453,19.950000762939453,1000,0.0,0.0
2022-11-10 12:00:00+08:00,19.950000762939453,19.950000762939453,19.950000762939453,19.950000762939453,1000,0.0,0.0
2022-11-10 13:00:00+08:00,19.899999618530273,19.899999618530273,19.899999618530273,19.899999618530273,1000,0.0,0.0
2022-11-11 09:00:00+08:00,20.5,20.5,20.0,20.0,0,0.0,0.0
2022-11-11 10:00:00+08:00,20.049999237060547,20.100000381469727,19.799999237060547,20.100000381469727,27000,0.0,0.0
2022-11-11 11:00:00+08:00,20.100000381469727,20.100000381469727,20.100000381469727,20.100000381469727,4000,0.0,0.0
2022-11-11 12:00:00+08:00,20.200000762939453,20.200000762939453,20.100000381469727,20.100000381469727,3000,0.0,0.0
2022-11-11 13:00:00+08:00,20.100000381469727,20.100000381469727,20.100000381469727,20.100000381469727,2000,0.0,0.0
2022-11-14 09:00:00+08:00,20.149999618530273,20.149999618530273,19.850000381469727,19.850000381469727,0,0.0,0.0
2022-11-14 10:00:00+08:00,20.0,20.0,20.0,20.0,4000,0.0,0.0
2022-11-14 11:00:00+08:00,20.0,20.0,20.0,20.0,1000,0.0,0.0
2022-11-14 12:00:00+08:00,20.0,20.0,20.0,20.0,2001,0.0,0.0
2022-11-14 13:00:00+08:00,20.049999237060547,20.149999618530273,20.049999237060547,20.149999618530273,3000,0.0,0.0
2022-11-15 09:00:00+08:00,20.049999237060547,20.049999237060547,20.049999237060547,20.049999237060547,0,0.0,0.0
2022-11-15 10:00:00+08:00,20.149999618530273,20.149999618530273,20.149999618530273,20.149999618530273,0,0.0,0.0
2022-11-15 11:00:00+08:00,20.149999618530273,20.149999618530273,20.149999618530273,20.149999618530273,6000,0.0,0.0
2022-11-15 13:00:00+08:00,20.100000381469727,20.100000381469727,20.100000381469727,20.100000381469727,2000,0.0,0.0
2022-11-16 10:00:00+08:00,20.100000381469727,20.399999618530273,20.100000381469727,20.350000381469727,9000,0.0,0.0
2022-11-16 11:00:00+08:00,20.25,20.25,20.25,20.25,2000,0.0,0.0
2022-11-16 12:00:00+08:00,20.25,20.25,20.25,20.25,3000,0.0,0.0
2022-11-16 13:00:00+08:00,20.200000762939453,20.200000762939453,20.200000762939453,20.200000762939453,3500,0.0,0.0
2022-11-17 09:00:00+08:00,20.200000762939453,20.200000762939453,20.200000762939453,20.200000762939453,0,0.0,0.0
2022-11-17 10:00:00+08:00,20.299999237060547,20.350000381469727,20.299999237060547,20.350000381469727,4000,0.0,0.0
2022-11-17 11:00:00+08:00,20.049999237060547,20.049999237060547,20.049999237060547,20.049999237060547,13000,0.0,0.0
2022-11-17 12:00:00+08:00,20.350000381469727,20.350000381469727,20.25,20.25,3000,0.0,0.0
2022-11-18 09:00:00+08:00,20.399999618530273,20.399999618530273,20.299999237060547,20.299999237060547,0,0.0,0.0
2022-11-18 10:00:00+08:00,20.299999237060547,20.299999237060547,20.299999237060547,20.299999237060547,3000,0.0,0.0
2022-11-18 11:00:00+08:00,20.299999237060547,20.299999237060547,20.299999237060547,20.299999237060547,2000,0.0,0.0
2022-11-18 12:00:00+08:00,20.350000381469727,20.350000381469727,20.100000381469727,20.100000381469727,23000,0.0,0.0
2022-11-21 09:00:00+08:00,20.299999237060547,20.299999237060547,20.299999237060547,20.299999237060547,0,0.0,0.0
2022-11-21 10:00:00+08:00,20.299999237060547,20.350000381469727,20.299999237060547,20.350000381469727,11001,0.0,0.0
2022-11-21 11:00:00+08:00,20.25,20.25,20.25,20.25,7000,0.0,0.0
2022-11-21 12:00:00+08:00,20.350000381469727,20.399999618530273,20.350000381469727,20.399999618530273,8000,0.0,0.0
2022-11-21 13:00:00+08:00,20.399999618530273,20.399999618530273,20.25,20.25,3000,0.0,0.0
2022-11-23 09:00:00+08:00,20.100000381469727,20.350000381469727,20.100000381469727,20.350000381469727,0,0.0,0.0
2022-11-23 10:00:00+08:00,20.700000762939453,20.799999237060547,20.350000381469727,20.350000381469727,4000,0.0,0.0
2022-11-23 11:00:00+08:00,20.399999618530273,20.450000762939453,20.399999618530273,20.450000762939453,3000,0.0,0.0
2022-11-23 12:00:00+08:00,20.450000762939453,20.700000762939453,20.450000762939453,20.700000762939453,16000,0.0,0.0
2022-11-23 13:00:00+08:00,20.700000762939453,20.799999237060547,20.700000762939453,20.75,7000,0.0,0.0
2022-11-24 10:00:00+08:00,20.799999237060547,20.799999237060547,20.700000762939453,20.799999237060547,8000,0.0,0.0
2022-11-24 11:00:00+08:00,20.700000762939453,20.950000762939453,20.700000762939453,20.950000762939453,7000,0.0,0.0
2022-11-24 12:00:00+08:00,20.899999618530273,20.899999618530273,20.899999618530273,20.899999618530273,2000,0.0,0.0
2022-11-24 13:00:00+08:00,20.899999618530273,20.950000762939453,20.899999618530273,20.950000762939453,4000,0.0,0.0
2022-11-25 09:00:00+08:00,21.049999237060547,21.049999237060547,21.0,21.0,0,0.0,0.0
2022-11-25 10:00:00+08:00,20.850000381469727,20.850000381469727,20.850000381469727,20.850000381469727,2000,0.0,0.0
2022-11-25 12:00:00+08:00,21.0,21.049999237060547,20.899999618530273,21.049999237060547,4000,0.0,0.0
2022-11-25 13:00:00+08:00,21.0,21.200000762939453,21.0,21.049999237060547,8000,0.0,0.0
2022-11-28 09:00:00+08:00,21.200000762939453,21.200000762939453,21.200000762939453,21.200000762939453,0,0.0,0.0
2022-11-28 10:00:00+08:00,21.149999618530273,21.149999618530273,21.149999618530273,21.149999618530273,2000,0.0,0.0
2022-11-28 12:00:00+08:00,21.200000762939453,21.200000762939453,21.149999618530273,21.149999618530273,3000,0.0,0.0
2022-11-28 13:00:00+08:00,21.149999618530273,22.0,21.149999618530273,22.0,21001,0.0,0.0
2022-11-29 11:00:00+08:00,21.600000381469727,21.600000381469727,21.600000381469727,21.600000381469727,0,0.0,0.0
2022-11-29 12:00:00+08:00,21.700000762939453,21.700000762939453,21.600000381469727,21.600000381469727,3001,0.0,0.0
2022-11-29 13:00:00+08:00,21.549999237060547,21.549999237060547,21.5,21.5,3190,0.0,0.0
2022-11-30 09:00:00+08:00,21.649999618530273,21.649999618530273,21.649999618530273,21.649999618530273,0,0.0,0.0
2022-11-30 10:00:00+08:00,21.649999618530273,21.649999618530273,21.549999237060547,21.549999237060547,4000,0.0,0.0
2022-11-30 11:00:00+08:00,21.549999237060547,21.649999618530273,21.549999237060547,21.649999618530273,3000,0.0,0.0
2022-11-30 12:00:00+08:00,21.549999237060547,21.649999618530273,21.5,21.649999618530273,7000,0.0,0.0
2022-11-30 13:00:00+08:00,21.700000762939453,21.75,21.700000762939453,21.75,3000,0.0,0.0
2022-12-01 11:00:00+08:00,21.75,21.75,21.649999618530273,21.700000762939453,6000,0.0,0.0
2022-12-01 13:00:00+08:00,21.700000762939453,21.700000762939453,21.649999618530273,21.649999618530273,3000,0.0,0.0
2022-12-02 09:00:00+08:00,21.799999237060547,21.850000381469727,21.799999237060547,21.850000381469727,0,0.0,0.0
2022-12-02 10:00:00+08:00,21.850000381469727,21.850000381469727,21.850000381469727,21.850000381469727,1000,0.0,0.0
2022-12-02 11:00:00+08:00,21.850000381469727,22.100000381469727,21.850000381469727,22.100000381469727,3000,0.0,0.0
2022-12-05 09:00:00+08:00,22.0,22.0,22.0,22.0,0,0.0,0.0
2022-12-05 10:00:00+08:00,22.0,22.0,21.799999237060547,21.799999237060547,3000,0.0,0.0
2022-12-05 11:00:00+08:00,22.0,22.0,22.0,22.0,1000,0.0,0.0
2022-12-05 12:00:00+08:00,22.0,22.0,22.0,22.0,1000,0.0,0.0
2022-12-05 13:00:00+08:00,22.0,22.0,22.0,22.0,6000,0.0,0.0
2022-12-06 09:00:00+08:00,21.850000381469727,21.850000381469727,21.799999237060547,21.799999237060547,0,0.0,0.0
2022-12-06 10:00:00+08:00,21.850000381469727,21.850000381469727,21.799999237060547,21.850000381469727,9000,0.0,0.0
2022-12-06 11:00:00+08:00,21.850000381469727,21.850000381469727,21.850000381469727,21.850000381469727,1000,0.0,0.0
2022-12-06 12:00:00+08:00,22.299999237060547,22.299999237060547,22.200000762939453,22.200000762939453,6000,0.0,0.0
2022-12-06 13:00:00+08:00,22.200000762939453,22.200000762939453,21.899999618530273,21.899999618530273,5000,0.0,0.0
2022-12-07 09:00:00+08:00,22.0,22.0,22.0,22.0,0,0.0,0.0
2022-12-07 10:00:00+08:00,22.299999237060547,22.299999237060547,21.850000381469727,21.850000381469727,6185,0.0,0.0
2022-12-07 11:00:00+08:00,21.850000381469727,22.200000762939453,21.799999237060547,22.149999618530273,14000,0.0,0.0
2022-12-07 12:00:00+08:00,22.100000381469727,22.100000381469727,22.100000381469727,22.100000381469727,1000,0.0,0.0
2022-12-07 13:00:00+08:00,21.899999618530273,21.899999618530273,21.850000381469727,21.850000381469727,5000,0.0,0.0
2022-12-08 09:00:00+08:00,21.649999618530273,21.649999618530273,21.649999618530273,21.649999618530273,0,0.0,0.0
2022-12-08 13:00:00+08:00,21.899999618530273,21.899999618530273,21.799999237060547,21.799999237060547,2250,0.0,0.0
2022-12-09 09:00:00+08:00,21.799999237060547,22.049999237060547,21.799999237060547,22.0,3750,0.0,0.0
2022-12-09 10:00:00+08:00,22.0,22.0,22.0,22.0,8000,0.0,0.0
2022-12-09 11:00:00+08:00,22.0,22.0,22.0,22.0,10000,0.0,0.0
2022-12-09 12:00:00+08:00,22.0,22.0,21.950000762939453,21.950000762939453,4000,0.0,0.0
2022-12-12 09:00:00+08:00,23.600000381469727,24.200000762939453,22.649999618530273,22.75,154392,0.0,0.0
2022-12-12 10:00:00+08:00,22.75,22.75,22.649999618530273,22.649999618530273,32366,0.0,0.0
2022-12-12 11:00:00+08:00,22.799999237060547,22.799999237060547,22.649999618530273,22.649999618530273,20000,0.0,0.0
2022-12-12 12:00:00+08:00,22.700000762939453,23.049999237060547,22.649999618530273,23.049999237060547,34040,0.0,0.0
2022-12-12 13:00:00+08:00,23.049999237060547,23.100000381469727,23.0,23.100000381469727,17348,0.0,0.0
2022-12-13 09:00:00+08:00,23.149999618530273,23.350000381469727,22.75,22.75,0,0.0,0.0
2022-12-13 10:00:00+08:00,22.75,22.75,22.600000381469727,22.700000762939453,20050,0.0,0.0
2022-12-13 11:00:00+08:00,22.75,22.799999237060547,22.75,22.799999237060547,9130,0.0,0.0
2022-12-13 12:00:00+08:00,22.799999237060547,22.799999237060547,22.700000762939453,22.700000762939453,20152,0.0,0.0
2022-12-13 13:00:00+08:00,22.649999618530273,22.649999618530273,22.649999618530273,22.649999618530273,10000,0.0,0.0
2022-12-14 09:00:00+08:00,22.75,22.850000381469727,22.75,22.850000381469727,0,0.0,0.0
2022-12-14 10:00:00+08:00,22.75,22.799999237060547,22.75,22.799999237060547,4000,0.0,0.0
2022-12-14 11:00:00+08:00,22.799999237060547,22.799999237060547,22.799999237060547,22.799999237060547,2000,0.0,0.0
2022-12-14 13:00:00+08:00,22.850000381469727,22.850000381469727,22.799999237060547,22.850000381469727,7000,0.0,0.0
2022-12-15 09:00:00+08:00,22.850000381469727,22.899999618530273,22.850000381469727,22.850000381469727,0,0.0,0.0
2022-12-15 10:00:00+08:00,22.850000381469727,22.850000381469727,22.850000381469727,22.850000381469727,1010,0.0,0.0
2022-12-15 11:00:00+08:00,22.850000381469727,22.850000381469727,22.799999237060547,22.799999237060547,4000,0.0,0.0
2022-12-15 12:00:00+08:00,22.850000381469727,22.850000381469727,22.700000762939453,22.700000762939453,11000,0.0,0.0
2022-12-15 13:00:00+08:00,22.700000762939453,22.700000762939453,22.600000381469727,22.600000381469727,7000,0.0,0.0
2022-12-16 09:00:00+08:00,22.799999237060547,22.899999618530273,22.799999237060547,22.899999618530273,0,0.0,0.0
2022-12-16 10:00:00+08:00,22.799999237060547,22.850000381469727,22.299999237060547,22.850000381469727,32000,0.0,0.0
2022-12-16 11:00:00+08:00,22.850000381469727,22.850000381469727,22.75,22.799999237060547,3000,0.0,0.0
2022-12-16 13:00:00+08:00,22.850000381469727,22.850000381469727,22.75,22.75,4000,0.0,0.0
2022-12-19 09:00:00+08:00,22.649999618530273,22.649999618530273,22.549999237060547,22.549999237060547,0,0.0,0.0
2022-12-19 10:00:00+08:00,22.5,22.549999237060547,22.5,22.549999237060547,5020,0.0,0.0
2022-12-19 12:00:00+08:00,22.549999237060547,22.549999237060547,22.549999237060547,22.549999237060547,6000,0.0,0.0
2022-12-20 09:00:00+08:00,22.399999618530273,22.700000762939453,22.399999618530273,22.700000762939453,0,0.0,0.0
2022-12-20 11:00:00+08:00,22.399999618530273,22.399999618530273,22.049999237060547,22.049999237060547,6000,0.0,0.0
2022-12-20 12:00:00+08:00,21.850000381469727,22.0,21.850000381469727,21.899999618530273,3000,0.0,0.0
2022-12-20 13:00:00+08:00,21.799999237060547,21.899999618530273,21.649999618530273,21.649999618530273,7000,0.0,0.0
2022-12-21 10:00:00+08:00,21.899999618530273,21.899999618530273,21.899999618530273,21.899999618530273,0,0.0,0.0
2022-12-21 12:00:00+08:00,21.700000762939453,21.700000762939453,21.700000762939453,21.700000762939453,1000,0.0,0.0
2022-12-21 13:00:00+08:00,21.850000381469727,21.850000381469727,21.850000381469727,21.850000381469727,2000,0.0,0.0
2022-12-22 09:00:00+08:00,21.850000381469727,21.850000381469727,21.850000381469727,21.850000381469727,0,0.0,0.0
2022-12-22 10:00:00+08:00,21.850000381469727,21.850000381469727,21.850000381469727,21.850000381469727,0,0.0,0.0
2022-12-22 11:00:00+08:00,21.850000381469727,21.850000381469727,21.850000381469727,21.850000381469727,4474,0.0,0.0
2022-12-22 12:00:00+08:00,21.850000381469727,21.850000381469727,21.75,21.75,3000,0.0,0.0
2022-12-23 09:00:00+08:00,21.850000381469727,21.850000381469727,21.5,21.5,0,0.0,0.0
2022-12-23 12:00:00+08:00,21.700000762939453,21.700000762939453,21.700000762939453,21.700000762939453,5000,0.0,0.0
2022-12-26 09:00:00+08:00,22.350000381469727,22.350000381469727,22.350000381469727,22.350000381469727,0,0.0,0.0
2022-12-26 12:00:00+08:00,22.0,22.0,21.950000762939453,21.950000762939453,6000,0.0,0.0
2022-12-26 13:00:00+08:00,21.950000762939453,21.950000762939453,21.950000762939453,21.950000762939453,1000,0.0,0.0
2022-12-27 11:00:00+08:00,22.049999237060547,22.049999237060547,22.0,22.0,1000,0.0,0.0
2022-12-27 13:00:00+08:00,21.899999618530273,21.899999618530273,21.899999618530273,21.899999618530273,2000,0.0,0.0
2022-12-28 09:00:00+08:00,22.049999237060547,22.049999237060547,21.899999618530273,21.899999618530273,0,0.0,0.0
2022-12-28 11:00:00+08:00,21.75,21.75,21.700000762939453,21.700000762939453,4000,0.0,0.0
2022-12-28 12:00:00+08:00,21.700000762939453,21.700000762939453,21.700000762939453,21.700000762939453,1000,0.0,0.0
2022-12-28 13:00:00+08:00,21.700000762939453,21.700000762939453,21.700000762939453,21.700000762939453,2000,0.0,0.0
2022-12-29 09:00:00+08:00,21.700000762939453,21.700000762939453,21.700000762939453,21.700000762939453,0,0.0,0.0
2022-12-29 11:00:00+08:00,21.649999618530273,21.649999618530273,21.649999618530273,21.649999618530273,1000,0.0,0.0
2022-12-29 13:00:00+08:00,21.649999618530273,21.649999618530273,21.600000381469727,21.600000381469727,3000,0.0,0.0
2023-01-03 09:00:00+08:00,21.549999237060547,21.549999237060547,21.5,21.5,0,0.0,0.0
2023-01-03 10:00:00+08:00,21.549999237060547,21.549999237060547,21.549999237060547,21.549999237060547,1000,0.0,0.0
2023-01-03 12:00:00+08:00,21.850000381469727,21.850000381469727,21.549999237060547,21.549999237060547,8000,0.0,0.0
2023-01-03 13:00:00+08:00,21.549999237060547,21.549999237060547,21.5,21.5,2000,0.0,0.0
2023-01-04 10:00:00+08:00,21.600000381469727,21.600000381469727,21.600000381469727,21.600000381469727,1000,0.0,0.0
2023-01-04 11:00:00+08:00,21.600000381469727,21.600000381469727,21.549999237060547,21.549999237060547,4000,0.0,0.0
2023-01-04 13:00:00+08:00,21.549999237060547,21.549999237060547,21.5,21.5,6000,0.0,0.0
2023-01-05 11:00:00+08:00,21.5,21.5,21.5,21.5,3000,0.0,0.0
2023-01-05 12:00:00+08:00,21.5,21.5,21.450000762939453,21.450000762939453,3008,0.0,0.0
2023-01-05 13:00:00+08:00,21.5,21.5,21.5,21.5,2000,0.0,0.0
2023-01-06 09:00:00+08:00,21.950000762939453,21.950000762939453,21.950000762939453,21.950000762939453,0,0.0,0.0
2023-01-06 10:00:00+08:00,21.549999237060547,21.549999237060547,21.549999237060547,21.549999237060547,1000,0.0,0.0
2023-01-06 11:00:00+08:00,21.600000381469727,21.600000381469727,21.549999237060547,21.549999237060547,2001,0.0,0.0
2023-01-09 09:00:00+08:00,21.649999618530273,21.649999618530273,21.549999237060547,21.649999618530273,0,0.0,0.0
2023-01-09 10:00:00+08:00,21.700000762939453,21.700000762939453,21.700000762939453,21.700000762939453,1000,0.0,0.0
2023-01-09 13:00:00+08:00,21.700000762939453,21.700000762939453,21.700000762939453,21.700000762939453,1000,0.0,0.0
2023-01-10 09:00:00+08:00,21.450000762939453,21.5,21.299999237060547,21.399999618530273,9000,0.0,0.0
2023-01-10 10:00:00+08:00,21.399999618530273,21.5,21.350000381469727,21.350000381469727,26000,0.0,0.0
2023-01-10 11:00:00+08:00,21.350000381469727,21.350000381469727,21.299999237060547,21.299999237060547,13000,0.0,0.0
2023-01-10 12:00:00+08:00,21.25,21.350000381469727,21.25,21.299999237060547,3000,0.0,0.0
2023-01-10 13:00:00+08:00,21.350000381469727,21.350000381469727,21.299999237060547,21.299999237060547,2001,0.0,0.0
2023-01-11 09:00:00+08:00,21.299999237060547,21.299999237060547,21.25,21.25,0,0.0,0.0
2023-01-11 10:00:00+08:00,21.25,21.25,21.149999618530273,21.200000762939453,5000,0.0,0.0
2023-01-11 11:00:00+08:00,21.200000762939453,21.25,21.149999618530273,21.25,7000,0.0,0.0
2023-01-11 12:00:00+08:00,21.25,21.299999237060547,21.25,21.299999237060547,8000,0.0,0.0
2023-01-11 13:00:00+08:00,21.299999237060547,21.299999237060547,21.299999237060547,21.299999237060547,2000,0.0,0.0
2023-01-12 10:00:00+08:00,21.350000381469727,21.350000381469727,21.350000381469727,21.350000381469727,0,0.0,0.0
2023-01-12 11:00:00+08:00,21.350000381469727,21.350000381469727,21.350000381469727,21.350000381469727,1000,0.0,0.0
2023-01-12 12:00:00+08:00,21.350000381469727,21.350000381469727,21.299999237060547,21.299999237060547,3000,0.0,0.0
2023-01-13 09:00:00+08:00,21.299999237060547,21.299999237060547,21.299999237060547,21.299999237060547,0,0.0,0.0
2023-01-13 10:00:00+08:00,21.25,21.25,21.25,21.25,2000,0.0,0.0
2023-01-13 11:00:00+08:00,21.299999237060547,21.299999237060547,21.299999237060547,21.299999237060547,1000,0.0,0.0
2023-01-13 12:00:00+08:00,21.25,21.25,21.25,21.25,2000,0.0,0.0
2023-01-13 13:00:00+08:00,21.299999237060547,21.299999237060547,21.049999237060547,21.049999237060547,35000,0.0,0.0
2023-01-16 09:00:00+08:00,21.350000381469727,21.350000381469727,21.350000381469727,21.350000381469727,0,0.0,0.0
2023-01-16 10:00:00+08:00,21.350000381469727,21.350000381469727,20.799999237060547,21.0,12000,0.0,0.0
2023-01-16 11:00:00+08:00,20.850000381469727,21.049999237060547,20.850000381469727,21.049999237060547,2000,0.0,0.0
2023-01-16 12:00:00+08:00,20.899999618530273,20.899999618530273,20.799999237060547,20.799999237060547,14000,0.0,0.0
2023-01-16 13:00:00+08:00,21.049999237060547,21.100000381469727,21.049999237060547,21.100000381469727,3000,0.0,0.0
2023-01-17 09:00:00+08:00,21.600000381469727,22.149999618530273,21.600000381469727,22.100000381469727,0,0.0,0.0
2023-01-17 11:00:00+08:00,21.450000762939453,21.5,21.399999618530273,21.399999618530273,4000,0.0,0.0
2023-01-17 13:00:00+08:00,21.350000381469727,21.350000381469727,21.200000762939453,21.200000762939453,4000,0.0,0.0
2023-01-30 09:00:00+08:00,21.25,21.25,21.25,21.25,0,0.0,0.0
2023-01-30 10:00:00+08:00,21.25,21.25,21.25,21.25,3000,0.0,0.0
2023-01-30 11:00:00+08:00,21.200000762939453,21.200000762939453,21.200000762939453,21.200000762939453,2000,0.0,0.0
2023-01-30 13:00:00+08:00,21.200000762939453,21.200000762939453,21.200000762939453,21.200000762939453,1000,0.0,0.0
2023-01-31 10:00:00+08:00,21.350000381469727,21.350000381469727,21.350000381469727,21.350000381469727,0,0.0,0.0
2023-01-31 11:00:00+08:00,21.350000381469727,21.350000381469727,21.25,21.25,2000,0.0,0.0
2023-01-31 12:00:00+08:00,21.450000762939453,21.450000762939453,21.450000762939453,21.450000762939453,2000,0.0,0.0
2023-02-01 09:00:00+08:00,21.350000381469727,21.350000381469727,21.350000381469727,21.350000381469727,0,0.0,0.0
2023-02-01 10:00:00+08:00,21.399999618530273,21.399999618530273,21.399999618530273,21.399999618530273,2000,0.0,0.0
2023-02-01 11:00:00+08:00,21.450000762939453,21.450000762939453,21.450000762939453,21.450000762939453,3000,0.0,0.0
2023-02-01 12:00:00+08:00,21.5,21.75,21.5,21.75,6574,0.0,0.0
2023-02-01 13:00:00+08:00,21.75,22.100000381469727,21.75,22.100000381469727,14000,0.0,0.0
2023-02-02 09:00:00+08:00,22.149999618530273,22.149999618530273,22.149999618530273,22.149999618530273,0,0.0,0.0
2023-02-02 10:00:00+08:00,22.149999618530273,22.350000381469727,22.149999618530273,22.350000381469727,7000,0.0,0.0
2023-02-02 11:00:00+08:00,22.399999618530273,22.5,22.200000762939453,22.200000762939453,4000,0.0,0.0
2023-02-02 12:00:00+08:00,22.149999618530273,22.450000762939453,22.149999618530273,22.450000762939453,4000,0.0,0.0
2023-02-02 13:00:00+08:00,22.100000381469727,22.100000381469727,21.649999618530273,21.649999618530273,16000,0.0,0.0
2023-02-03 09:00:00+08:00,22.5,22.5,22.5,22.5,0,0.0,0.0
2023-02-03 10:00:00+08:00,22.5,22.5,22.5,22.5,4000,0.0,0.0
2023-02-03 11:00:00+08:00,22.5,22.5,22.399999618530273,22.399999618530273,7000,0.0,0.0
2023-02-03 13:00:00+08:00,22.399999618530273,22.399999618530273,22.399999618530273,22.399999618530273,9000,0.0,0.0
2023-02-06 11:00:00+08:00,21.899999618530273,21.899999618530273,21.899999618530273,21.899999618530273,0,0.0,0.0
2023-02-06 12:00:00+08:00,22.0,22.0,21.950000762939453,21.950000762939453,2000,0.0,0.0
2023-02-07 10:00:00+08:00,22.0,22.049999237060547,22.0,22.049999237060547,2050,0.0,0.0
2023-02-07 11:00:00+08:00,21.950000762939453,22.0,21.850000381469727,22.0,4000,0.0,0.0
2023-02-07 13:00:00+08:00,21.950000762939453,21.950000762939453,21.950000762939453,21.950000762939453,3000,0.0,0.0
2023-02-08 10:00:00+08:00,22.149999618530273,22.149999618530273,22.149999618530273,22.149999618530273,0,0.0,0.0
2023-02-08 11:00:00+08:00,22.100000381469727,22.100000381469727,22.0,22.0,0,0.0,0.0
2023-02-08 12:00:00+08:00,22.100000381469727,22.100000381469727,22.100000381469727,22.100000381469727,4000,0.0,0.0
2023-02-08 13:00:00+08:00,22.049999237060547,22.049999237060547,22.049999237060547,22.049999237060547,3000,0.0,0.0
2023-02-09 11:00:00+08:00,22.0,22.0,21.950000762939453,22.0,2000,0.0,0.0
2023-02-09 13:00:00+08:00,21.950000762939453,21.950000762939453,21.950000762939453,21.950000762939453,1000,0.0,0.0
2023-02-10 09:00:00+08:00,23.299999237060547,24.299999237060547,23.149999618530273,23.600000381469727,738000,0.0,0.0
2023-02-10 10:00:00+08:00,23.600000381469727,23.600000381469727,23.350000381469727,23.399999618530273,54450,0.0,0.0
2023-02-10 11:00:00+08:00,23.399999618530273,23.850000381469727,23.399999618530273,23.799999237060547,56113,0.0,0.0
2023-02-10 12:00:00+08:00,23.799999237060547,23.799999237060547,23.200000762939453,23.299999237060547,72003,0.0,0.0
2023-02-10 13:00:00+08:00,23.25,23.25,22.649999618530273,22.700000762939453,135012,0.0,0.0
2023-02-13 09:00:00+08:00,22.600000381469727,22.850000381469727,22.25,22.600000381469727,0,0.0,0.0
2023-02-13 10:00:00+08:00,22.600000381469727,22.600000381469727,22.299999237060547,22.399999618530273,15000,0.0,0.0
2023-02-13 11:00:00+08:00,22.399999618530273,22.549999237060547,22.399999618530273,22.549999237060547,13000,0.0,0.0
2023-02-13 12:00:00+08:00,22.450000762939453,22.700000762939453,22.399999618530273,22.700000762939453,16000,0.0,0.0
2023-02-13 13:00:00+08:00,22.600000381469727,22.799999237060547,22.600000381469727,22.799999237060547,17000,0.0,0.0
2023-02-14 09:00:00+08:00,22.850000381469727,23.399999618530273,22.850000381469727,22.950000762939453,0,0.0,0.0
2023-02-14 10:00:00+08:00,22.950000762939453,23.0,22.899999618530273,23.0,10000,0.0,0.0
2023-02-14 11:00:00+08:00,22.850000381469727,22.850000381469727,22.850000381469727,22.850000381469727,6000,0.0,0.0
2023-02-14 13:00:00+08:00,22.850000381469727,22.850000381469727,22.850000381469727,22.850000381469727,5000,0.0,0.0
2023-02-15 09:00:00+08:00,23.149999618530273,23.149999618530273,23.149999618530273,23.149999618530273,0,0.0,0.0
2023-02-15 10:00:00+08:00,23.0,23.0,22.75,23.0,7407,0.0,0.0
2023-02-15 11:00:00+08:00,23.0,23.0,23.0,23.0,3000,0.0,0.0
2023-02-15 12:00:00+08:00,23.0,23.0,22.700000762939453,22.700000762939453,12000,0.0,0.0
2023-02-15 13:00:00+08:00,22.700000762939453,22.899999618530273,22.700000762939453,22.75,8000,0.0,0.0
2023-02-16 09:00:00+08:00,23.5,23.5,22.799999237060547,22.799999237060547,0,0.0,0.0
2023-02-16 10:00:00+08:00,23.0,23.0,22.850000381469727,22.850000381469727,13000,0.0,0.0
2023-02-16 11:00:00+08:00,22.850000381469727,22.850000381469727,22.850000381469727,22.850000381469727,4000,0.0,0.0
2023-02-16 12:00:00+08:00,22.850000381469727,22.850000381469727,22.850000381469727,22.850000381469727,2000,0.0,0.0
2023-02-16 13:00:00+08:00,22.899999618530273,22.899999618530273,22.899999618530273,22.899999618530273,1000,0.0,0.0
2023-02-17 09:00:00+08:00,23.100000381469727,23.100000381469727,22.75,22.75,0,0.0,0.0
2023-02-17 10:00:00+08:00,23.100000381469727,23.100000381469727,22.850000381469727,22.850000381469727,0,0.0,0.0
2023-02-17 12:00:00+08:00,23.100000381469727,23.100000381469727,23.100000381469727,23.100000381469727,13000,0.0,0.0
2023-02-20 09:00:00+08:00,23.149999618530273,23.25,23.149999618530273,23.200000762939453,5000,0.0,0.0
2023-02-20 10:00:00+08:00,23.299999237060547,23.299999237060547,23.0,23.0,23000,0.0,0.0
2023-02-20 11:00:00+08:00,23.049999237060547,23.100000381469727,23.0,23.100000381469727,17000,0.0,0.0
2023-02-20 12:00:00+08:00,23.200000762939453,23.200000762939453,23.200000762939453,23.200000762939453,4004,0.0,0.0
2023-02-20 13:00:00+08:00,23.149999618530273,23.200000762939453,23.149999618530273,23.200000762939453,8000,0.0,0.0
2023-02-21 09:00:00+08:00,22.899999618530273,23.149999618530273,22.899999618530273,23.100000381469727,0,0.0,0.0
2023-02-21 10:00:00+08:00,23.049999237060547,23.049999237060547,23.0,23.0,3000,0.0,0.0
2023-02-21 11:00:00+08:00,23.0,23.049999237060547,23.0,23.049999237060547,3000,0.0,0.0
2023-02-21 12:00:00+08:00,23.0,23.0,22.850000381469727,22.950000762939453,14000,0.0,0.0
2023-02-21 13:00:00+08:00,23.049999237060547,23.049999237060547,23.049999237060547,23.049999237060547,1000,0.0,0.0
2023-02-22 09:00:00+08:00,22.700000762939453,22.700000762939453,22.5,22.700000762939453,0,0.0,0.0
2023-02-22 10:00:00+08:00,22.649999618530273,22.649999618530273,22.649999618530273,22.649999618530273,1000,0.0,0.0
2023-02-23 10:00:00+08:00,22.850000381469727,22.850000381469727,22.5,22.600000381469727,19000,0.0,0.0
2023-02-23 11:00:00+08:00,22.649999618530273,22.850000381469727,22.5,22.850000381469727,24000,0.0,0.0
2023-02-23 12:00:00+08:00,22.850000381469727,22.850000381469727,22.549999237060547,22.549999237060547,12000,0.0,0.0
2023-02-23 13:00:00+08:00,22.700000762939453,22.700000762939453,22.700000762939453,22.700000762939453,1000,0.0,0.0
2023-02-24 09:00:00+08:00,22.700000762939453,23.0,22.700000762939453,22.799999237060547,0,0.0,0.0
2023-02-24 10:00:00+08:00,22.75,22.899999618530273,22.75,22.899999618530273,4000,0.0,0.0
2023-02-24 11:00:00+08:00,22.799999237060547,22.799999237060547,22.799999237060547,22.799999237060547,1000,0.0,0.0
2023-02-24 12:00:00+08:00,22.799999237060547,22.799999237060547,22.75,22.799999237060547,5000,0.0,0.0
2023-03-01 09:00:00+08:00,22.75,22.75,22.75,22.75,0,0.0,0.0
2023-03-01 11:00:00+08:00,22.75,22.75,22.75,22.75,3000,0.0,0.0
2023-03-01 12:00:00+08:00,22.75,23.0,22.75,23.0,4000,0.0,0.0
2023-03-01 13:00:00+08:00,22.799999237060547,22.799999237060547,22.799999237060547,22.799999237060547,3000,0.0,0.0
2023-03-02 09:00:00+08:00,22.600000381469727,22.649999618530273,22.600000381469727,22.649999618530273,0,0.0,0.0
2023-03-02 11:00:00+08:00,22.75,22.899999618530273,22.649999618530273,22.899999618530273,9000,0.0,0.0
2023-03-02 12:00:00+08:00,22.950000762939453,23.100000381469727,22.799999237060547,22.799999237060547,20000,0.0,0.0
2023-03-03 10:00:00+08:00,23.0,23.0,23.0,23.0,0,0.0,0.0
2023-03-03 11:00:00+08:00,23.0,23.0,23.0,23.0,1000,0.0,0.0
2023-03-03 12:00:00+08:00,23.0,23.0,22.950000762939453,23.0,0,0.0,0.0
2023-03-06 09:00:00+08:00,23.200000762939453,23.299999237060547,23.200000762939453,23.299999237060547,0,0.0,0.0
2023-03-06 10:00:00+08:00,23.299999237060547,23.299999237060547,23.200000762939453,23.200000762939453,5000,0.0,0.0
2023-03-06 12:00:00+08:00,23.200000762939453,23.25,23.049999237060547,23.25,5000,0.0,0.0
2023-03-06 13:00:00+08:00,23.149999618530273,23.200000762939453,23.149999618530273,23.200000762939453,4000,0.0,0.0
2023-03-07 10:00:00+08:00,23.100000381469727,23.100000381469727,23.0,23.0,15000,0.0,0.0
2023-03-07 11:00:00+08:00,23.0,23.0,23.0,23.0,0,0.0,0.0
2023-03-07 12:00:00+08:00,23.149999618530273,23.200000762939453,23.149999618530273,23.200000762939453,32000,0.0,0.0
2023-03-07 13:00:00+08:00,23.149999618530273,23.149999618530273,23.0,23.149999618530273,7000,0.0,0.0
2023-03-08 10:00:00+08:00,23.049999237060547,23.149999618530273,23.0,23.149999618530273,1000,0.0,0.0
2023-03-08 11:00:00+08:00,23.049999237060547,23.049999237060547,23.0,23.0,6000,0.0,0.0
2023-03-08 12:00:00+08:00,22.950000762939453,23.0,22.950000762939453,23.0,3000,0.0,0.0
2023-03-08 13:00:00+08:00,23.049999237060547,23.049999237060547,23.0,23.0,5000,0.0,0.0
2023-03-09 09:00:00+08:00,23.0,23.0,22.950000762939453,23.0,8000,0.0,0.0
2023-03-09 10:00:00+08:00,23.0,23.0,22.950000762939453,22.950000762939453,16000,0.0,0.0
2023-03-09 11:00:00+08:00,22.950000762939453,22.950000762939453,22.950000762939453,22.950000762939453,2000,0.0,0.0
2023-03-09 12:00:00+08:00,23.0,23.049999237060547,23.0,23.049999237060547,8000,0.0,0.0
2023-03-09 13:00:00+08:00,23.049999237060547,23.049999237060547,23.0,23.0,4000,0.0,0.0
2023-03-10 09:00:00+08:00,23.100000381469727,23.149999618530273,22.649999618530273,22.899999618530273,0,0.0,0.0
2023-03-10 10:00:00+08:00,23.0,23.0,23.0,23.0,1000,0.0,0.0
2023-03-10 11:00:00+08:00,22.950000762939453,22.950000762939453,22.649999618530273,22.649999618530273,15000,0.0,0.0
2023-03-10 12:00:00+08:00,22.799999237060547,22.799999237060547,22.700000762939453,22.75,4000,0.0,0.0
2023-03-10 13:00:00+08:00,22.75,22.799999237060547,22.75,22.799999237060547,7000,0.0,0.0
2023-03-13 09:00:00+08:00,23.0,23.0,22.649999618530273,22.649999618530273,6000,0.0,0.0
2023-03-13 10:00:00+08:00,22.649999618530273,22.649999618530273,22.649999618530273,22.649999618530273,5000,0.0,0.0
2023-03-13 12:00:00+08:00,22.649999618530273,23.0,22.649999618530273,23.0,12000,0.0,0.0
2023-03-14 12:00:00+08:00,22.450000762939453,22.5,22.450000762939453,22.5,3000,0.0,0.0
2023-03-14 13:00:00+08:00,22.5,22.5,22.5,22.5,1000,0.0,0.0
2023-03-15 09:00:00+08:00,22.799999237060547,22.799999237060547,22.799999237060547,22.799999237060547,0,0.0,0.0
2023-03-15 10:00:00+08:00,22.799999237060547,23.299999237060547,22.799999237060547,23.299999237060547,21000,0.0,0.0
2023-03-15 11:00:00+08:00,23.299999237060547,23.399999618530273,23.25,23.25,24000,0.0,0.0
2023-03-15 12:00:00+08:00,23.25,23.350000381469727,23.25,23.299999237060547,21000,0.0,0.0
2023-03-15 13:00:00+08:00,23.0,23.299999237060547,23.0,23.25,10000,0.0,0.0
2023-03-16 09:00:00+08:00,22.75,23.0,22.75,23.0,0,0.0,0.0
2023-03-16 10:00:00+08:00,22.799999237060547,22.799999237060547,22.399999618530273,22.399999618530273,17000,0.0,0.0
2023-03-16 11:00:00+08:00,22.399999618530273,22.5,22.399999618530273,22.450000762939453,15000,0.0,0.0
2023-03-16 12:00:00+08:00,22.450000762939453,22.700000762939453,21.700000762939453,21.700000762939453,108000,0.0,0.0
2023-03-16 13:00:00+08:00,22.049999237060547,22.049999237060547,22.049999237060547,22.049999237060547,2000,0.0,0.0
2023-03-17 11:00:00+08:00,22.100000381469727,22.100000381469727,22.100000381469727,22.100000381469727,0,0.0,0.0
2023-03-17 12:00:00+08:00,22.200000762939453,22.299999237060547,22.200000762939453,22.299999237060547,3000,0.0,0.0
2023-03-17 13:00:00+08:00,22.350000381469727,22.350000381469727,22.350000381469727,22.350000381469727,1000,0.0,0.0
2023-03-20 09:00:00+08:00,22.350000381469727,22.350000381469727,22.350000381469727,22.350000381469727,0,0.0,0.0
2023-03-22 09:00:00+08:00,22.100000381469727,22.5,22.100000381469727,22.450000762939453,14998,0.0,0.0
2023-03-22 10:00:00+08:00,22.399999618530273,22.5,22.200000762939453,22.5,16000,0.0,0.0
2023-03-22 11:00:00+08:00,22.5,22.5,22.5,22.5,1000,0.0,0.0
2023-03-22 13:00:00+08:00,22.450000762939453,22.450000762939453,22.450000762939453,22.450000762939453,1000,0.0,0.0
2023-03-23 12:00:00+08:00,22.5,22.5,22.399999618530273,22.399999618530273,5000,0.0,0.0
2023-03-23 13:00:00+08:00,22.350000381469727,22.350000381469727,22.350000381469727,22.350000381469727,1000,0.0,0.0
2023-03-24 10:00:00+08:00,22.350000381469727,22.350000381469727,22.350000381469727,22.350000381469727,5000,0.0,0.0
2023-03-24 11:00:00+08:00,22.350000381469727,22.350000381469727,22.350000381469727,22.350000381469727,1000,0.0,0.0
2023-03-24 12:00:00+08:00,22.299999237060547,22.350000381469727,22.299999237060547,22.350000381469727,2000,0.0,0.0
2023-03-24 13:00:00+08:00,22.350000381469727,22.350000381469727,22.350000381469727,22.350000381469727,6000,0.0,0.0
2023-03-27 09:00:00+08:00,22.299999237060547,22.299999237060547,21.75,21.850000381469727,0,0.0,0.0
2023-03-27 10:00:00+08:00,21.899999618530273,21.899999618530273,21.850000381469727,21.850000381469727,7000,0.0,0.0
2023-03-27 11:00:00+08:00,21.799999237060547,21.799999237060547,21.799999237060547,21.799999237060547,5002,0.0,0.0
2023-03-27 13:00:00+08:00,22.200000762939453,22.200000762939453,22.200000762939453,22.200000762939453,1000,0.0,0.0
2023-03-28 09:00:00+08:00,22.0,22.0,22.0,22.0,0,0.0,0.0
2023-03-28 10:00:00+08:00,22.0,22.0,22.0,22.0,3000,0.0,0.0
2023-03-29 09:00:00+08:00,22.350000381469727,22.350000381469727,22.350000381469727,22.350000381469727,0,0.0,0.0
2023-03-29 10:00:00+08:00,22.0,22.0,21.899999618530273,21.899999618530273,2000,0.0,0.0
2023-03-29 11:00:00+08:00,21.850000381469727,21.850000381469727,21.850000381469727,21.850000381469727,1000,0.0,0.0
2023-03-29 12:00:00+08:00,21.899999618530273,21.899999618530273,21.899999618530273,21.899999618530273,1000,0.0,0.0
2023-03-30 12:00:00+08:00,21.899999618530273,21.950000762939453,21.899999618530273,21.899999618530273,4000,0.0,0.0
2023-03-30 13:00:00+08:00,21.899999618530273,21.899999618530273,21.899999618530273,21.899999618530273,3000,0.0,0.0
2023-03-31 09:00:00+08:00,21.850000381469727,22.299999237060547,21.850000381469727,22.100000381469727,0,0.0,0.0
2023-03-31 10:00:00+08:00,22.100000381469727,22.100000381469727,22.100000381469727,22.100000381469727,3000,0.0,0.0
2023-03-31 12:00:00+08:00,22.100000381469727,22.100000381469727,22.0,22.0,4000,0.0,0.0
2023-03-31 13:00:00+08:00,22.0,22.0,22.0,22.0,1000,0.0,0.0
2023-04-06 09:00:00+08:00,21.950000762939453,22.350000381469727,21.950000762939453,22.350000381469727,0,0.0,0.0
2023-04-06 10:00:00+08:00,22.200000762939453,22.200000762939453,22.0,22.0,5014,0.0,0.0
2023-04-06 11:00:00+08:00,22.299999237060547,22.299999237060547,22.299999237060547,22.299999237060547,1001,0.0,0.0
2023-04-06 13:00:00+08:00,22.200000762939453,22.200000762939453,22.200000762939453,22.200000762939453,1000,0.0,0.0
2023-04-07 09:00:00+08:00,22.299999237060547,22.299999237060547,22.299999237060547,22.299999237060547,0,0.0,0.0
2023-04-07 12:00:00+08:00,22.200000762939453,22.200000762939453,22.200000762939453,22.200000762939453,2000,0.0,0.0
2023-04-07 13:00:00+08:00,21.850000381469727,22.049999237060547,21.600000381469727,22.049999237060547,8000,0.0,0.0
2023-04-10 09:00:00+08:00,22.0,22.0,21.799999237060547,21.799999237060547,0,0.0,0.0
2023-04-10 12:00:00+08:00,22.299999237060547,22.299999237060547,22.0,22.100000381469727,4000,0.0,0.0
2023-04-11 09:00:00+08:00,22.350000381469727,22.350000381469727,22.350000381469727,22.350000381469727,1000,0.0,0.0
2023-04-11 10:00:00+08:00,22.100000381469727,22.100000381469727,22.049999237060547,22.049999237060547,12000,0.0,0.0
2023-04-11 11:00:00+08:00,22.25,22.25,22.049999237060547,22.25,3001,0.0,0.0
2023-04-11 12:00:00+08:00,22.25,22.299999237060547,22.25,22.299999237060547,4000,0.0,0.0
2023-04-11 13:00:00+08:00,22.299999237060547,22.299999237060547,22.200000762939453,22.200000762939453,3000,0.0,0.0
2023-04-12 10:00:00+08:00,22.100000381469727,22.350000381469727,22.049999237060547,22.350000381469727,1000,0.0,0.0
2023-04-12 11:00:00+08:00,22.299999237060547,22.299999237060547,22.200000762939453,22.200000762939453,4000,0.0,0.0
2023-04-12 12:00:00+08:00,22.200000762939453,22.350000381469727,22.200000762939453,22.350000381469727,8000,0.0,0.0
2023-04-13 09:00:00+08:00,22.5,22.649999618530273,22.450000762939453,22.649999618530273,1000,0.0,0.0
2023-04-13 10:00:00+08:00,22.649999618530273,22.700000762939453,22.600000381469727,22.700000762939453,13000,0.0,0.0
2023-04-13 11:00:00+08:00,22.549999237060547,22.75,22.299999237060547,22.75,36000,0.0,0.0
2023-04-13 12:00:00+08:00,22.799999237060547,22.799999237060547,22.700000762939453,22.700000762939453,0,0.0,0.0
2023-04-13 13:00:00+08:00,22.700000762939453,22.799999237060547,22.700000762939453,22.799999237060547,80000,0.0,0.0
2023-04-14 09:00:00+08:00,22.75,22.799999237060547,22.75,22.75,0,0.0,0.0
2023-04-14 10:00:00+08:00,22.799999237060547,23.399999618530273,22.75,23.299999237060547,39000,0.0,0.0
2023-04-14 11:00:00+08:00,23.200000762939453,23.350000381469727,23.200000762939453,23.200000762939453,18000,0.0,0.0
2023-04-14 12:00:00+08:00,23.25,23.399999618530273,23.200000762939453,23.200000762939453,12061,0.0,0.0
2023-04-14 13:00:00+08:00,23.25,23.25,23.200000762939453,23.200000762939453,6000,0.0,0.0
2023-04-17 09:00:00+08:00,23.200000762939453,23.200000762939453,23.200000762939453,23.200000762939453,0,0.0,0.0
2023-04-17 10:00:00+08:00,23.200000762939453,23.200000762939453,22.950000762939453,22.950000762939453,11000,0.0,0.0
2023-04-17 11:00:00+08:00,23.049999237060547,23.200000762939453,23.0,23.200000762939453,10000,0.0,0.0
2023-04-17 12:00:00+08:00,23.149999618530273,23.149999618530273,23.149999618530273,23.149999618530273,3000,0.0,0.0
2023-04-17 13:00:00+08:00,23.100000381469727,23.200000762939453,23.100000381469727,23.200000762939453,18000,0.0,0.0
2023-04-18 09:00:00+08:00,23.200000762939453,23.200000762939453,23.049999237060547,23.100000381469727,0,0.0,0.0
2023-04-18 10:00:00+08:00,23.149999618530273,23.149999618530273,23.100000381469727,23.100000381469727,0,0.0,0.0
2023-04-18 11:00:00+08:00,23.100000381469727,23.100000381469727,23.100000381469727,23.100000381469727,10000,0.0,0.0
2023-04-18 12:00:00+08:00,23.100000381469727,23.100000381469727,23.049999237060547,23.049999237060547,2000,0.0,0.0
2023-04-18 13:00:00+08:00,23.049999237060547,23.049999237060547,23.049999237060547,23.049999237060547,1000,0.0,0.0
2023-04-19 09:00:00+08:00,23.299999237060547,23.299999237060547,23.25,23.25,0,0.0,0.0
2023-04-19 10:00:00+08:00,23.100000381469727,23.100000381469727,23.0,23.0,4000,0.0,0.0
2023-04-19 11:00:00+08:00,23.049999237060547,23.049999237060547,23.049999237060547,23.049999237060547,9000,0.0,0.0
2023-04-19 12:00:00+08:00,23.0,23.049999237060547,23.0,23.049999237060547,8000,0.0,0.0
2023-04-19 13:00:00+08:00,23.049999237060547,23.049999237060547,23.049999237060547,23.049999237060547,5000,0.0,0.0
2023-04-20 09:00:00+08:00,22.899999618530273,22.899999618530273,22.799999237060547,22.799999237060547,0,0.0,0.0
2023-04-20 11:00:00+08:00,22.850000381469727,22.850000381469727,22.700000762939453,22.700000762939453,40000,0.0,0.0
2023-04-20 12:00:00+08:00,22.850000381469727,23.0,22.850000381469727,23.0,5000,0.0,0.0
2023-04-21 09:00:00+08:00,22.899999618530273,22.899999618530273,22.899999618530273,22.899999618530273,0,0.0,0.0
2023-04-21 10:00:00+08:00,22.700000762939453,22.700000762939453,22.700000762939453,22.700000762939453,5000,0.0,0.0
2023-04-21 11:00:00+08:00,22.700000762939453,22.700000762939453,22.700000762939453,22.700000762939453,3000,0.0,0.0
2023-04-21 12:00:00+08:00,22.700000762939453,22.700000762939453,22.549999237060547,22.549999237060547,22000,0.0,0.0
2023-04-21 13:00:00+08:00,22.549999237060547,23.0,22.5,23.0,10000,0.0,0.0
2023-04-24 10:00:00+08:00,22.25,22.399999618530273,22.25,22.399999618530273,2000,0.0,0.0
2023-04-24 12:00:00+08:00,22.600000381469727,22.600000381469727,22.5,22.5,6000,0.0,0.0
2023-04-25 09:00:00+08:00,22.950000762939453,22.950000762939453,22.600000381469727,22.600000381469727,6000,0.0,0.0
2023-04-25 10:00:00+08:00,22.600000381469727,22.600000381469727,22.5,22.5,14029,0.0,0.0
2023-04-25 11:00:00+08:00,22.5,22.5,22.399999618530273,22.399999618530273,25000,0.0,0.0
2023-04-25 12:00:00+08:00,22.5,22.5,22.450000762939453,22.5,0,0.0,0.0
2023-04-25 13:00:00+08:00,22.450000762939453,22.549999237060547,22.450000762939453,22.549999237060547,68029,0.0,0.0
2023-04-26 09:00:00+08:00,22.399999618530273,22.399999618530273,22.299999237060547,22.299999237060547,0,0.0,0.0
2023-04-26 10:00:00+08:00,22.350000381469727,22.350000381469727,22.299999237060547,22.299999237060547,3000,0.0,0.0
2023-04-26 11:00:00+08:00,22.299999237060547,22.299999237060547,22.200000762939453,22.200000762939453,12000,0.0,0.0
2023-04-26 12:00:00+08:00,22.299999237060547,22.299999237060547,22.299999237060547,22.299999237060547,18000,0.0,0.0
2023-04-26 13:00:00+08:00,22.399999618530273,22.75,22.399999618530273,22.649999618530273,9000,0.0,0.0
2023-04-27 12:00:00+08:00,22.450000762939453,22.450000762939453,22.399999618530273,22.450000762939453,1000,0.0,0.0
2023-04-27 13:00:00+08:00,22.450000762939453,22.450000762939453,22.450000762939453,22.450000762939453,1000,0.0,0.0
2023-04-28 09:00:00+08:00,22.600000381469727,22.600000381469727,22.600000381469727,22.600000381469727,0,0.0,0.0
2023-04-28 10:00:00+08:00,22.600000381469727,22.600000381469727,22.549999237060547,22.549999237060547,3000,0.0,0.0
2023-04-28 11:00:00+08:00,22.549999237060547,22.549999237060547,22.450000762939453,22.450000762939453,5033,0.0,0.0
2023-04-28 12:00:00+08:00,22.450000762939453,22.450000762939453,22.399999618530273,22.399999618530273,12000,0.0,0.0
2023-04-28 13:00:00+08:00,22.600000381469727,22.600000381469727,22.600000381469727,22.600000381469727,1000,0.0,0.0
2023-05-02 09:00:00+08:00,22.700000762939453,22.850000381469727,22.700000762939453,22.850000381469727,0,0.0,0.0
2023-05-02 11:00:00+08:00,22.850000381469727,22.850000381469727,22.75,22.75,8000,0.0,0.0
2023-05-02 12:00:00+08:00,22.700000762939453,22.700000762939453,22.700000762939453,22.700000762939453,15000,0.0,0.0
2023-05-03 09:00:00+08:00,22.950000762939453,23.200000762939453,22.700000762939453,23.200000762939453,0,0.0,0.0
2023-05-03 10:00:00+08:00,23.149999618530273,23.149999618530273,23.0,23.0,11000,0.0,0.0
2023-05-03 11:00:00+08:00,23.049999237060547,23.049999237060547,23.0,23.0,12091,0.0,0.0
2023-05-03 12:00:00+08:00,22.950000762939453,22.950000762939453,22.899999618530273,22.899999618530273,7000,0.0,0.0
2023-05-04 09:00:00+08:00,23.350000381469727,23.350000381469727,22.899999618530273,22.899999618530273,0,0.0,0.0
2023-05-04 10:00:00+08:00,23.0,23.0,23.0,23.0,2000,0.0,0.0
2023-05-04 11:00:00+08:00,23.0,23.100000381469727,23.0,23.100000381469727,5000,0.0,0.0
2023-05-04 12:00:00+08:00,23.049999237060547,23.100000381469727,23.049999237060547,23.049999237060547,16100,0.0,0.0
2023-05-05 09:00:00+08:00,23.100000381469727,23.299999237060547,23.100000381469727,23.299999237060547,0,0.0,0.0
2023-05-05 10:00:00+08:00,23.25,23.25,23.25,23.25,1000,0.0,0.0
2023-05-05 11:00:00+08:00,23.25,23.299999237060547,23.25,23.299999237060547,10000,0.0,0.0
2023-05-05 12:00:00+08:00,23.299999237060547,23.399999618530273,23.299999237060547,23.399999618530273,13000,0.0,0.0
2023-05-05 13:00:00+08:00,23.450000762939453,23.549999237060547,23.450000762939453,23.5,8000,0.0,0.0
2023-05-08 09:00:00+08:00,23.600000381469727,23.799999237060547,23.600000381469727,23.649999618530273,0,0.0,0.0
2023-05-08 10:00:00+08:00,23.700000762939453,23.75,23.600000381469727,23.600000381469727,17005,0.0,0.0
2023-05-08 11:00:00+08:00,23.600000381469727,23.700000762939453,23.600000381469727,23.649999618530273,8000,0.0,0.0
2023-05-08 12:00:00+08:00,23.549999237060547,23.600000381469727,23.5,23.5,11000,0.0,0.0
2023-05-08 13:00:00+08:00,23.549999237060547,23.549999237060547,23.5,23.5,10000,0.0,0.0
2023-05-09 09:00:00+08:00,23.399999618530273,23.399999618530273,23.0,23.0,0,0.0,0.0
2023-05-09 10:00:00+08:00,23.0,23.0,22.950000762939453,22.950000762939453,0,0.0,0.0
2023-05-09 11:00:00+08:00,23.25,23.25,23.25,23.25,31396,0.0,0.0
2023-05-09 12:00:00+08:00,23.100000381469727,23.100000381469727,23.100000381469727,23.100000381469727,2000,0.0,0.0
2023-05-09 13:00:00+08:00,23.100000381469727,23.100000381469727,23.0,23.0,7000,0.0,0.0
2023-05-10 09:00:00+08:00,22.899999618530273,22.950000762939453,22.899999618530273,22.899999618530273,0,0.0,0.0
2023-05-10 10:00:00+08:00,22.850000381469727,22.899999618530273,22.850000381469727,22.899999618530273,8000,0.0,0.0
2023-05-10 11:00:00+08:00,22.950000762939453,22.950000762939453,22.899999618530273,22.899999618530273,15000,0.0,0.0
2023-05-10 12:00:00+08:00,22.899999618530273,23.0,22.899999618530273,23.0,3000,0.0,0.0
2023-05-10 13:00:00+08:00,23.0,23.149999618530273,23.0,23.149999618530273,7000,0.0,0.0
2023-05-11 09:00:00+08:00,23.0,23.0,22.700000762939453,22.700000762939453,0,0.0,0.0
2023-05-11 11:00:00+08:00,22.850000381469727,22.850000381469727,22.799999237060547,22.799999237060547,3000,0.0,0.0
2023-05-12 10:00:00+08:00,22.950000762939453,22.950000762939453,22.600000381469727,22.600000381469727,2000,0.0,0.0
2023-05-12 11:00:00+08:00,22.649999618530273,22.649999618530273,22.649999618530273,22.649999618530273,5000,0.0,0.0
2023-05-12 12:00:00+08:00,22.899999618530273,22.899999618530273,22.899999618530273,22.899999618530273,1000,0.0,0.0
2023-05-12 13:00:00+08:00,22.899999618530273,23.899999618530273,22.899999618530273,23.799999237060547,9000,0.0,0.0
2023-05-15 09:00:00+08:00,23.25,23.25,22.899999618530273,22.950000762939453,0,0.0,0.0
2023-05-15 10:00:00+08:00,22.899999618530273,22.899999618530273,22.899999618530273,22.899999618530273,2000,0.0,0.0
2023-05-15 12:00:00+08:00,22.950000762939453,23.0,22.799999237060547,23.0,12249,0.0,0.0
2023-05-15 13:00:00+08:00,22.799999237060547,23.0,22.799999237060547,23.0,4000,0.0,0.0
2023-05-16 09:00:00+08:00,23.299999237060547,23.399999618530273,23.0,23.0,0,0.0,0.0
2023-05-16 10:00:00+08:00,23.25,23.25,23.25,23.25,1000,0.0,0.0
2023-05-16 11:00:00+08:00,23.299999237060547,23.299999237060547,23.299999237060547,23.299999237060547,6147,0.0,0.0
2023-05-16 12:00:00+08:00,23.299999237060547,23.299999237060547,23.299999237060547,23.299999237060547,3000,0.0,0.0
2023-05-16 13:00:00+08:00,23.200000762939453,23.299999237060547,23.100000381469727,23.299999237060547,10000,0.0,0.0
2023-05-17 09:00:00+08:00,22.950000762939453,23.0,22.950000762939453,23.0,0,0.0,0.0
2023-05-17 12:00:00+08:00,23.149999618530273,23.149999618530273,23.149999618530273,23.149999618530273,1000,0.0,0.0
2023-05-17 13:00:00+08:00,23.149999618530273,23.149999618530273,23.149999618530273,23.149999618530273,1000,0.0,0.0
2023-05-18 09:00:00+08:00,23.149999618530273,23.149999618530273,23.149999618530273,23.149999618530273,0,0.0,0.0
2023-05-18 11:00:00+08:00,23.149999618530273,23.149999618530273,23.149999618530273,23.149999618530273,0,0.0,0.0
2023-05-19 09:00:00+08:00,23.049999237060547,23.049999237060547,23.049999237060547,23.049999237060547,2000,0.0,0.0
2023-05-19 10:00:00+08:00,23.049999237060547,23.049999237060547,23.0,23.0,10000,0.0,0.0
2023-05-19 11:00:00+08:00,22.799999237060547,22.850000381469727,22.75,22.75,16000,0.0,0.0
2023-05-19 12:00:00+08:00,22.700000762939453,22.700000762939453,22.649999618530273,22.700000762939453,0,0.0,0.0
2023-05-19 13:00:00+08:00,22.600000381469727,22.75,22.600000381469727,22.700000762939453,55025,0.0,0.0
2023-05-22 09:00:00+08:00,22.700000762939453,22.899999618530273,22.700000762939453,22.899999618530273,0,0.0,0.0
2023-05-22 10:00:00+08:00,22.899999618530273,23.0,22.899999618530273,23.0,3000,0.0,0.0
2023-05-22 11:00:00+08:00,22.899999618530273,22.899999618530273,22.799999237060547,22.799999237060547,18000,0.0,0.0
2023-05-22 12:00:00+08:00,22.799999237060547,22.799999237060547,22.75,22.75,9000,0.0,0.0
2023-05-22 13:00:00+08:00,22.799999237060547,22.950000762939453,22.799999237060547,22.950000762939453,2000,0.0,0.0
2023-05-23 09:00:00+08:00,23.049999237060547,23.049999237060547,23.0,23.049999237060547,0,0.0,0.0
2023-05-23 10:00:00+08:00,23.049999237060547,23.049999237060547,23.0,23.0,30000,0.0,0.0
2023-05-23 11:00:00+08:00,23.0,23.049999237060547,23.0,23.0,7000,0.0,0.0
2023-05-23 12:00:00+08:00,23.0,23.0,22.899999618530273,22.899999618530273,8000,0.0,0.0
2023-05-23 13:00:00+08:00,22.850000381469727,22.850000381469727,22.850000381469727,22.850000381469727,3000,0.0,0.0
2023-05-24 09:00:00+08:00,23.049999237060547,23.049999237060547,22.799999237060547,22.850000381469727,0,0.0,0.0
2023-05-24 10:00:00+08:00,22.799999237060547,22.799999237060547,22.75,22.75,5000,0.0,0.0
2023-05-24 11:00:00+08:00,22.799999237060547,22.799999237060547,22.799999237060547,22.799999237060547,5000,0.0,0.0
2023-05-24 12:00:00+08:00,22.850000381469727,22.899999618530273,22.850000381469727,22.899999618530273,2000,0.0,0.0
2023-05-25 09:00:00+08:00,22.850000381469727,22.850000381469727,22.850000381469727,22.850000381469727,0,0.0,0.0
2023-05-25 10:00:00+08:00,22.850000381469727,22.850000381469727,22.799999237060547,22.799999237060547,3000,0.0,0.0
2023-05-25 11:00:00+08:00,22.75,22.75,22.700000762939453,22.700000762939453,8000,0.0,0.0
2023-05-25 12:00:00+08:00,22.799999237060547,22.799999237060547,22.799999237060547,22.799999237060547,1000,0.0,0.0
2023-05-25 13:00:00+08:00,22.850000381469727,23.049999237060547,22.850000381469727,23.0,34000,0.0,0.0
2023-05-26 09:00:00+08:00,23.049999237060547,23.049999237060547,22.799999237060547,22.799999237060547,0,0.0,0.0
2023-05-26 10:00:00+08:00,22.799999237060547,22.799999237060547,22.799999237060547,22.799999237060547,6000,0.0,0.0
2023-05-26 11:00:00+08:00,22.799999237060547,22.799999237060547,22.799999237060547,22.799999237060547,1000,0.0,0.0
2023-05-26 13:00:00+08:00,22.799999237060547,22.799999237060547,22.799999237060547,22.799999237060547,3000,0.0,0.0
2023-05-29 09:00:00+08:00,22.799999237060547,22.799999237060547,22.649999618530273,22.700000762939453,0,0.0,0.0
2023-05-29 10:00:00+08:00,22.649999618530273,22.899999618530273,22.600000381469727,22.649999618530273,20000,0.0,0.0
2023-05-29 11:00:00+08:00,22.649999618530273,22.850000381469727,22.649999618530273,22.850000381469727,8000,0.0,0.0
2023-05-29 12:00:00+08:00,22.700000762939453,22.75,22.700000762939453,22.75,7000,0.0,0.0
2023-05-29 13:00:00+08:00,22.700000762939453,22.700000762939453,22.700000762939453,22.700000762939453,7000,0.0,0.0
2023-05-30 09:00:00+08:00,22.799999237060547,22.799999237060547,22.700000762939453,22.700000762939453,0,0.0,0.0
2023-05-30 10:00:00+08:00,22.700000762939453,22.700000762939453,22.5,22.5,40000,0.0,0.0
2023-05-30 12:00:00+08:00,22.549999237060547,22.549999237060547,22.5,22.549999237060547,14000,0.0,0.0
2023-05-30 13:00:00+08:00,22.600000381469727,22.700000762939453,22.600000381469727,22.700000762939453,3000,0.0,0.0
2023-05-31 09:00:00+08:00,22.649999618530273,23.5,22.649999618530273,23.5,0,0.0,0.0
2023-05-31 10:00:00+08:00,23.350000381469727,23.450000762939453,22.850000381469727,22.850000381469727,22000,0.0,0.0
2023-05-31 11:00:00+08:00,22.850000381469727,22.899999618530273,22.850000381469727,22.899999618530273,22000,0.0,0.0
2023-05-31 12:00:00+08:00,23.0,23.0,22.899999618530273,22.899999618530273,7000,0.0,0.0
2023-05-31 13:00:00+08:00,22.850000381469727,22.850000381469727,22.850000381469727,22.850000381469727,2000,0.0,0.0
2023-06-01 09:00:00+08:00,23.100000381469727,23.100000381469727,22.75,23.0,0,0.0,0.0
2023-06-01 10:00:00+08:00,23.0,23.0,23.0,23.0,14000,0.0,0.0
2023-06-01 11:00:00+08:00,22.799999237060547,22.799999237060547,22.799999237060547,22.799999237060547,1000,0.0,0.0
2023-06-01 12:00:00+08:00,22.799999237060547,22.799999237060547,22.799999237060547,22.799999237060547,5043,0.0,0.0
2023-06-01 13:00:00+08:00,22.950000762939453,23.0,22.950000762939453,23.0,6000,0.0,0.0
2023-06-02 09:00:00+08:00,22.799999237060547,22.850000381469727,22.799999237060547,22.850000381469727,0,0.0,0.0
2023-06-02 10:00:00+08:00,22.899999618530273,22.899999618530273,22.899999618530273,22.899999618530273,16000,0.0,0.0
2023-06-02 11:00:00+08:00,22.899999618530273,23.0,22.850000381469727,23.0,11000,0.0,0.0
2023-06-05 09:00:00+08:00,22.899999618530273,23.100000381469727,22.899999618530273,23.100000381469727,0,0.0,0.0
2023-06-05 10:00:00+08:00,23.100000381469727,23.100000381469727,23.0,23.0,4050,0.0,0.0
2023-06-05 12:00:00+08:00,23.0,23.0,23.0,23.0,1000,0.0,0.0
2023-06-05 13:00:00+08:00,23.0,23.100000381469727,23.0,23.100000381469727,3000,0.0,0.0
2023-06-06 09:00:00+08:00,23.149999618530273,23.149999618530273,23.149999618530273,23.149999618530273,0,0.0,0.0
2023-06-06 10:00:00+08:00,23.049999237060547,23.100000381469727,23.049999237060547,23.100000381469727,7000,0.0,0.0
2023-06-06 11:00:00+08:00,23.049999237060547,23.100000381469727,23.0,23.100000381469727,5000,0.0,0.0
2023-06-06 12:00:00+08:00,23.149999618530273,23.649999618530273,23.149999618530273,23.600000381469727,18000,0.0,0.0
2023-06-06 13:00:00+08:00,23.450000762939453,23.450000762939453,23.450000762939453,23.450000762939453,1000,0.0,0.0
2023-06-07 09:00:00+08:00,23.399999618530273,23.399999618530273,23.100000381469727,23.350000381469727,0,0.0,0.0
2023-06-07 10:00:00+08:00,23.350000381469727,23.399999618530273,23.100000381469727,23.100000381469727,7000,0.0,0.0
2023-06-07 11:00:00+08:00,23.100000381469727,23.100000381469727,23.100000381469727,23.100000381469727,2000,0.0,0.0
2023-06-07 12:00:00+08:00,23.25,23.5,23.25,23.5,0,0.0,0.0
2023-06-07 13:00:00+08:00,23.399999618530273,23.399999618530273,23.25,23.399999618530273,43491,0.0,0.0
2023-06-08 09:00:00+08:00,23.399999618530273,23.399999618530273,23.299999237060547,23.299999237060547,0,0.0,0.0
2023-06-08 10:00:00+08:00,23.200000762939453,23.200000762939453,23.0,23.0,17000,0.0,0.0
2023-06-08 12:00:00+08:00,23.149999618530273,23.200000762939453,23.0,23.0,22000,0.0,0.0
2023-06-08 13:00:00+08:00,23.0,23.100000381469727,23.0,23.100000381469727,7000,0.0,0.0
2023-06-09 10:00:00+08:00,23.100000381469727,23.100000381469727,23.100000381469727,23.100000381469727,0,0.0,0.0
2023-06-09 11:00:00+08:00,23.100000381469727,23.100000381469727,23.0,23.0,4000,0.0,0.0
2023-06-09 12:00:00+08:00,23.100000381469727,23.100000381469727,23.100000381469727,23.100000381469727,1000,0.0,0.0
2023-06-09 13:00:00+08:00,23.100000381469727,23.200000762939453,23.100000381469727,23.200000762939453,4000,0.0,0.0
2023-06-12 09:00:00+08:00,23.200000762939453,23.200000762939453,23.200000762939453,23.200000762939453,0,0.0,0.0
2023-06-12 10:00:00+08:00,23.049999237060547,23.049999237060547,22.899999618530273,22.899999618530273,6000,0.0,0.0
2023-06-12 11:00:00+08:00,22.899999618530273,22.899999618530273,22.799999237060547,22.799999237060547,12000,0.0,0.0
2023-06-12 12:00:00+08:00,22.850000381469727,22.850000381469727,22.799999237060547,22.850000381469727,6000,0.0,0.0
2023-06-12 13:00:00+08:00,22.850000381469727,22.850000381469727,22.850000381469727,22.850000381469727,2000,0.0,0.0
2023-06-13 09:00:00+08:00,22.799999237060547,23.149999618530273,22.799999237060547,23.149999618530273,0,0.0,0.0
2023-06-13 10:00:00+08:00,22.850000381469727,23.049999237060547,22.850000381469727,23.049999237060547,5000,0.0,0.0
2023-06-13 11:00:00+08:00,22.899999618530273,22.899999618530273,22.899999618530273,22.899999618530273,5000,0.0,0.0
2023-06-13 12:00:00+08:00,22.899999618530273,22.899999618530273,22.899999618530273,22.899999618530273,2000,0.0,0.0
2023-06-13 13:00:00+08:00,22.899999618530273,22.950000762939453,22.899999618530273,22.950000762939453,2000,0.0,0.0
2023-06-14 09:00:00+08:00,22.950000762939453,22.950000762939453,22.950000762939453,22.950000762939453,0,0.0,0.0
2023-06-14 10:00:00+08:00,22.850000381469727,22.899999618530273,22.850000381469727,22.899999618530273,2000,0.0,0.0
2023-06-14 11:00:00+08:00,22.899999618530273,22.950000762939453,22.799999237060547,22.799999237060547,8000,0.0,0.0
2023-06-14 13:00:00+08:00,22.950000762939453,22.950000762939453,22.950000762939453,22.950000762939453,4000,0.0,0.0
2023-06-15 09:00:00+08:00,23.0,23.0,22.899999618530273,22.899999618530273,0,0.0,0.0
2023-06-15 10:00:00+08:00,22.850000381469727,22.899999618530273,22.799999237060547,22.899999618530273,10000,0.0,0.0
2023-06-15 12:00:00+08:00,22.850000381469727,22.850000381469727,22.850000381469727,22.850000381469727,1000,0.0,0.0
2023-06-15 13:00:00+08:00,22.899999618530273,22.899999618530273,22.850000381469727,22.899999618530273,11000,0.0,0.0
2023-06-16 09:00:00+08:00,22.950000762939453,22.950000762939453,22.950000762939453,22.950000762939453,0,0.0,0.0
2023-06-16 10:00:00+08:00,22.950000762939453,22.950000762939453,22.950000762939453,22.950000762939453,1000,0.0,0.0
2023-06-16 11:00:00+08:00,22.950000762939453,22.950000762939453,22.950000762939453,22.950000762939453,9000,0.0,0.0
2023-06-16 12:00:00+08:00,22.950000762939453,23.0,22.950000762939453,23.0,7000,0.0,0.0
2023-06-16 13:00:00+08:00,22.950000762939453,22.950000762939453,22.950000762939453,22.950000762939453,1000,0.0,0.0
2023-06-19 09:00:00+08:00,22.950000762939453,22.950000762939453,22.950000762939453,22.950000762939453,0,0.0,0.0
2023-06-19 11:00:00+08:00,23.049999237060547,23.100000381469727,23.049999237060547,23.100000381469727,14000,0.0,0.0
2023-06-19 12:00:00+08:00,23.049999237060547,23.049999237060547,22.950000762939453,22.950000762939453,6000,0.0,0.0
2023-06-19 13:00:00+08:00,23.0,23.0,23.0,23.0,1000,0.0,0.0
2023-06-20 09:00:00+08:00,23.399999618530273,25.299999237060547,23.399999618530273,25.0,1776795,0.0,0.0
2023-06-20 10:00:00+08:00,25.049999237060547,25.299999237060547,24.649999618530273,25.0,392201,0.0,0.0
2023-06-20 11:00:00+08:00,25.0,25.299999237060547,24.700000762939453,25.299999237060547,252278,0.0,0.0
2023-06-20 12:00:00+08:00,25.299999237060547,25.299999237060547,25.200000762939453,25.299999237060547,190018,0.0,0.0
2023-06-20 13:00:00+08:00,25.299999237060547,25.299999237060547,25.299999237060547,25.299999237060547,9065,0.0,0.0
2023-06-21 09:00:00+08:00,25.649999618530273,26.100000381469727,24.5,25.0,0,0.0,0.0
2023-06-21 10:00:00+08:00,24.950000762939453,25.100000381469727,24.850000381469727,25.100000381469727,52000,0.0,0.0
2023-06-21 11:00:00+08:00,25.049999237060547,25.299999237060547,25.049999237060547,25.299999237060547,91000,0.0,0.0
2023-06-21 12:00:00+08:00,25.299999237060547,25.299999237060547,24.950000762939453,24.950000762939453,111007,0.0,0.0
2023-06-21 13:00:00+08:00,25.049999237060547,25.200000762939453,24.799999237060547,24.799999237060547,93087,0.0,0.0
2023-06-26 09:00:00+08:00,25.399999618530273,25.450000762939453,24.600000381469727,24.899999618530273,0,0.0,0.0
2023-06-26 10:00:00+08:00,24.899999618530273,24.899999618530273,24.5,24.549999237060547,102060,0.0,0.0
2023-06-26 11:00:00+08:00,24.549999237060547,24.549999237060547,23.899999618530273,23.899999618530273,125027,0.0,0.0
2023-06-26 12:00:00+08:00,23.950000762939453,24.149999618530273,23.850000381469727,23.950000762939453,83322,0.0,0.0
2023-06-26 13:00:00+08:00,24.0,24.149999618530273,23.899999618530273,23.950000762939453,23000,0.0,0.0
2023-06-27 09:00:00+08:00,23.950000762939453,25.399999618530273,23.649999618530273,25.049999237060547,0,0.0,0.0
2023-06-27 10:00:00+08:00,25.0,26.149999618530273,24.799999237060547,25.450000762939453,301068,0.0,0.0
2023-06-27 11:00:00+08:00,25.450000762939453,26.299999237060547,25.450000762939453,25.799999237060547,504070,0.0,0.0
2023-06-27 12:00:00+08:00,25.75,25.799999237060547,25.0,25.399999618530273,209100,0.0,0.0
2023-06-27 13:00:00+08:00,25.399999618530273,25.399999618530273,25.049999237060547,25.049999237060547,102000,0.0,0.0
2023-06-28 09:00:00+08:00,25.799999237060547,25.850000381469727,25.100000381469727,25.149999618530273,0,0.0,0.0
2023-06-28 10:00:00+08:00,25.100000381469727,25.200000762939453,24.950000762939453,25.200000762939453,56015,0.0,0.0
2023-06-28 11:00:00+08:00,25.049999237060547,25.600000381469727,25.049999237060547,25.600000381469727,72050,0.0,0.0
2023-06-28 12:00:00+08:00,25.5,25.5,24.950000762939453,25.0,79000,0.0,0.0
2023-06-28 13:00:00+08:00,25.0,25.200000762939453,24.799999237060547,24.799999237060547,35000,0.0,0.0
2023-06-29 09:00:00+08:00,24.350000381469727,25.0,24.350000381469727,24.950000762939453,0,0.0,0.0
2023-06-29 10:00:00+08:00,24.850000381469727,24.850000381469727,24.350000381469727,24.350000381469727,39052,0.0,0.0
2023-06-29 11:00:00+08:00,24.399999618530273,24.399999618530273,24.0,24.149999618530273,93007,0.0,0.0
2023-06-29 12:00:00+08:00,24.200000762939453,24.350000381469727,24.200000762939453,24.25,25005,0.0,0.0
2023-06-29 13:00:00+08:00,24.200000762939453,24.200000762939453,24.149999618530273,24.200000762939453,26050,0.0,0.0
2023-06-30 09:00:00+08:00,24.100000381469727,24.799999237060547,24.049999237060547,24.600000381469727,0,0.0,0.0
2023-06-30 10:00:00+08:00,24.700000762939453,24.850000381469727,24.350000381469727,24.350000381469727,44000,0.0,0.0
2023-06-30 11:00:00+08:00,24.350000381469727,24.399999618530273,24.350000381469727,24.399999618530273,10200,0.0,0.0
2023-06-30 12:00:00+08:00,24.399999618530273,24.5,24.350000381469727,24.350000381469727,16000,0.0,0.0
2023-06-30 13:00:00+08:00,24.350000381469727,24.5,24.350000381469727,24.450000762939453,32000,0.0,0.0
2023-07-03 09:00:00+08:00,24.799999237060547,24.850000381469727,24.200000762939453,24.450000762939453,0,0.0,0.0
2023-07-03 10:00:00+08:00,24.450000762939453,24.450000762939453,24.350000381469727,24.350000381469727,39017,0.0,0.0
2023-07-03 11:00:00+08:00,24.350000381469727,24.450000762939453,24.350000381469727,24.450000762939453,36010,0.0,0.0
2023-07-03 12:00:00+08:00,24.450000762939453,24.450000762939453,24.350000381469727,24.399999618530273,32000,0.0,0.0
2023-07-03 13:00:00+08:00,24.450000762939453,24.450000762939453,24.399999618530273,24.450000762939453,13000,0.0,0.0
2023-07-04 09:00:00+08:00,24.299999237060547,24.299999237060547,23.799999237060547,23.799999237060547,0,0.0,0.0
2023-07-04 10:00:00+08:00,23.850000381469727,24.0,23.850000381469727,23.850000381469727,18370,0.0,0.0
2023-07-04 11:00:00+08:00,23.899999618530273,23.899999618530273,23.799999237060547,23.850000381469727,60000,0.0,0.0
2023-07-04 12:00:00+08:00,23.899999618530273,24.0,23.899999618530273,24.0,24210,0.0,0.0
2023-07-04 13:00:00+08:00,23.950000762939453,24.0,23.899999618530273,23.899999618530273,19040,0.0,0.0
2023-07-05 09:00:00+08:00,24.100000381469727,24.399999618530273,24.100000381469727,24.149999618530273,0,0.0,0.0
2023-07-05 10:00:00+08:00,24.149999618530273,24.350000381469727,24.149999618530273,24.350000381469727,12202,0.0,0.0
2023-07-05 11:00:00+08:00,24.299999237060547,24.299999237060547,24.149999618530273,24.149999618530273,10021,0.0,0.0
2023-07-05 12:00:00+08:00,24.149999618530273,24.149999618530273,24.049999237060547,24.049999237060547,22000,0.0,0.0
2023-07-05 13:00:00+08:00,24.0,24.0,24.0,24.0,14000,0.0,0.0
2023-07-06 09:00:00+08:00,24.100000381469727,24.299999237060547,24.100000381469727,24.299999237060547,0,0.0,0.0
2023-07-06 10:00:00+08:00,24.299999237060547,24.299999237060547,24.100000381469727,24.149999618530273,10042,0.0,0.0
2023-07-06 11:00:00+08:00,24.149999618530273,24.149999618530273,24.0,24.0,32059,0.0,0.0
2023-07-06 12:00:00+08:00,24.0,24.0,23.899999618530273,23.899999618530273,14000,0.0,0.0
2023-07-06 13:00:00+08:00,23.899999618530273,24.100000381469727,23.899999618530273,24.100000381469727,10078,0.0,0.0
2023-07-07 09:00:00+08:00,24.299999237060547,26.200000762939453,24.299999237060547,25.100000381469727,434879,0.0,0.0
2023-07-07 10:00:00+08:00,25.100000381469727,25.600000381469727,24.950000762939453,25.600000381469727,110610,0.0,0.0
2023-07-07 11:00:00+08:00,25.549999237060547,25.549999237060547,25.299999237060547,25.299999237060547,37000,0.0,0.0
2023-07-07 12:00:00+08:00,25.299999237060547,25.299999237060547,24.450000762939453,24.600000381469727,96121,0.0,0.0
2023-07-07 13:00:00+08:00,24.549999237060547,24.700000762939453,24.200000762939453,24.25,48000,0.0,0.0
2023-07-10 09:00:00+08:00,24.299999237060547,24.600000381469727,24.299999237060547,24.350000381469727,0,0.0,0.0
2023-07-10 10:00:00+08:00,24.399999618530273,24.399999618530273,24.149999618530273,24.149999618530273,61058,0.0,0.0
2023-07-10 11:00:00+08:00,24.149999618530273,24.200000762939453,24.049999237060547,24.049999237060547,29000,0.0,0.0
2023-07-10 12:00:00+08:00,24.049999237060547,24.149999618530273,24.049999237060547,24.149999618530273,11000,0.0,0.0
2023-07-10 13:00:00+08:00,24.149999618530273,24.200000762939453,24.100000381469727,24.100000381469727,18000,0.0,0.0
2023-07-11 09:00:00+08:00,25.100000381469727,25.350000381469727,24.799999237060547,24.950000762939453,0,0.0,0.0
2023-07-11 10:00:00+08:00,24.850000381469727,24.850000381469727,24.799999237060547,24.799999237060547,18005,0.0,0.0
2023-07-11 11:00:00+08:00,24.75,24.75,24.600000381469727,24.700000762939453,18073,0.0,0.0
2023-07-11 12:00:00+08:00,24.649999618530273,24.649999618530273,24.5,24.549999237060547,33018,0.0,0.0
2023-07-11 13:00:00+08:00,24.549999237060547,24.649999618530273,24.5,24.649999618530273,14000,0.0,0.0
2023-07-12 09:00:00+08:00,25.0,25.0,24.549999237060547,24.799999237060547,0,0.0,0.0
2023-07-12 10:00:00+08:00,24.799999237060547,24.799999237060547,24.549999237060547,24.600000381469727,36000,0.0,0.0
2023-07-12 11:00:00+08:00,24.549999237060547,24.600000381469727,24.450000762939453,24.450000762939453,32000,0.0,0.0
2023-07-12 12:00:00+08:00,24.399999618530273,24.649999618530273,24.399999618530273,24.649999618530273,28000,0.0,0.0
2023-07-12 13:00:00+08:00,24.700000762939453,24.700000762939453,24.450000762939453,24.450000762939453,19052,0.0,0.0
2023-07-13 09:00:00+08:00,23.899999618530273,23.899999618530273,23.850000381469727,23.850000381469727,0,0.0,0.0
2023-07-13 10:00:00+08:00,23.899999618530273,24.5,23.850000381469727,24.100000381469727,54002,0.0,0.0
2023-07-13 11:00:00+08:00,24.100000381469727,24.350000381469727,24.0,24.0,0,0.0,0.0
2023-07-13 12:00:00+08:00,24.049999237060547,24.049999237060547,23.700000762939453,23.700000762939453,135013,0.0,0.0
2023-07-13 13:00:00+08:00,23.75,23.75,23.75,23.75,10000,0.0,0.0
2023-07-14 09:00:00+08:00,24.049999237060547,24.100000381469727,23.950000762939453,23.950000762939453,0,0.0,0.0
2023-07-14 10:00:00+08:00,23.950000762939453,24.0,23.950000762939453,23.950000762939453,7000,0.0,0.0
2023-07-14 11:00:00+08:00,23.899999618530273,23.899999618530273,23.799999237060547,23.850000381469727,24000,0.0,0.0
2023-07-14 12:00:00+08:00,23.799999237060547,23.850000381469727,23.799999237060547,23.850000381469727,0,0.0,0.0
2023-07-14 13:00:00+08:00,23.850000381469727,24.049999237060547,23.799999237060547,24.049999237060547,82000,0.0,0.0
2023-07-17 09:00:00+08:00,23.899999618530273,23.899999618530273,23.549999237060547,23.75,0,0.0,0.0
2023-07-17 10:00:00+08:00,23.700000762939453,23.799999237060547,23.600000381469727,23.600000381469727,44000,0.0,0.0
2023-07-17 11:00:00+08:00,23.649999618530273,23.799999237060547,23.600000381469727,23.700000762939453,39600,0.0,0.0
2023-07-17 12:00:00+08:00,23.700000762939453,23.75,23.700000762939453,23.75,9000,0.0,0.0
2023-07-17 13:00:00+08:00,23.75,23.799999237060547,23.75,23.75,23000,0.0,0.0
2023-07-18 09:00:00+08:00,23.850000381469727,23.850000381469727,23.450000762939453,23.450000762939453,62000,0.0,0.0
2023-07-18 10:00:00+08:00,23.399999618530273,23.450000762939453,23.200000762939453,23.350000381469727,96032,0.0,0.0
2023-07-18 11:00:00+08:00,23.25,23.5,23.25,23.25,23002,0.0,0.0
2023-07-18 12:00:00+08:00,23.25,23.350000381469727,23.25,23.25,5000,0.0,0.0
2023-07-18 13:00:00+08:00,23.299999237060547,23.649999618530273,23.299999237060547,23.299999237060547,20200,0.0,0.0
2023-07-19 09:00:00+08:00,23.399999618530273,23.399999618530273,23.350000381469727,23.350000381469727,6000,0.0,0.0
2023-07-19 10:00:00+08:00,23.350000381469727,23.350000381469727,23.299999237060547,23.299999237060547,11000,0.0,0.0
2023-07-19 11:00:00+08:00,23.399999618530273,23.399999618530273,23.350000381469727,23.350000381469727,8010,0.0,0.0
2023-07-19 12:00:00+08:00,23.350000381469727,23.399999618530273,23.350000381469727,23.399999618530273,12100,0.0,0.0
2023-07-19 13:00:00+08:00,23.399999618530273,23.399999618530273,23.350000381469727,23.399999618530273,6000,0.0,0.0
2023-07-20 09:00:00+08:00,23.5,23.5,23.350000381469727,23.399999618530273,13000,0.0,0.0
2023-07-20 10:00:00+08:00,23.5,25.399999618530273,23.399999618530273,24.549999237060547,249197,0.0,0.0
2023-07-20 11:00:00+08:00,24.450000762939453,25.700000762939453,24.399999618530273,25.700000762939453,470531,0.0,0.0
2023-07-20 12:00:00+08:00,25.700000762939453,25.700000762939453,25.399999618530273,25.5,230384,0.0,0.0
2023-07-20 13:00:00+08:00,25.549999237060547,25.700000762939453,25.399999618530273,25.700000762939453,161342,0.0,0.0
2023-07-21 09:00:00+08:00,25.899999618530273,27.799999237060547,25.25,27.100000381469727,1778178,0.0,0.0
2023-07-21 10:00:00+08:00,27.0,27.950000762939453,27.0,27.799999237060547,599164,0.0,0.0
2023-07-21 11:00:00+08:00,27.799999237060547,28.100000381469727,26.049999237060547,26.049999237060547,832605,0.0,0.0
2023-07-21 12:00:00+08:00,26.149999618530273,26.950000762939453,26.049999237060547,26.75,377312,0.0,0.0
2023-07-21 13:00:00+08:00,26.75,26.950000762939453,26.5,26.649999618530273,130417,0.0,0.0
2023-07-24 09:00:00+08:00,27.100000381469727,28.450000762939453,27.049999237060547,28.25,0,0.0,0.0
2023-07-24 10:00:00+08:00,28.25,28.799999237060547,27.950000762939453,28.149999618530273,477053,0.0,0.0
2023-07-24 11:00:00+08:00,28.149999618530273,28.149999618530273,27.600000381469727,27.950000762939453,182647,0.0,0.0
2023-07-24 12:00:00+08:00,27.899999618530273,27.899999618530273,27.399999618530273,27.799999237060547,176374,0.0,0.0
2023-07-24 13:00:00+08:00,27.799999237060547,28.149999618530273,27.700000762939453,28.149999618530273,114840,0.0,0.0
2023-07-25 09:00:00+08:00,27.700000762939453,28.049999237060547,27.149999618530273,27.600000381469727,312613,0.0,0.0
2023-07-25 10:00:00+08:00,27.549999237060547,27.700000762939453,27.450000762939453,27.5,76423,0.0,0.0
2023-07-25 11:00:00+08:00,27.5,27.649999618530273,27.450000762939453,27.649999618530273,49785,0.0,0.0
2023-07-25 12:00:00+08:00,27.649999618530273,27.700000762939453,27.25,27.399999618530273,73549,0.0,0.0
2023-07-25 13:00:00+08:00,27.399999618530273,27.399999618530273,26.649999618530273,26.75,231455,0.0,0.0
2023-07-26 09:00:00+08:00,28.25,28.25,26.5,27.200000762939453,0,0.0,0.0
2023-07-26 10:00:00+08:00,27.200000762939453,27.200000762939453,26.549999237060547,26.950000762939453,73840,0.0,0.0
2023-07-26 11:00:00+08:00,27.0,27.5,27.0,27.299999237060547,56300,0.0,0.0
2023-07-26 12:00:00+08:00,27.149999618530273,27.149999618530273,26.649999618530273,26.649999618530273,62000,0.0,0.0
2023-07-26 13:00:00+08:00,26.649999618530273,26.75,26.549999237060547,26.549999237060547,43000,0.0,0.0
2023-07-27 09:00:00+08:00,26.950000762939453,26.950000762939453,26.25,26.399999618530273,63000,0.0,0.0
2023-07-27 10:00:00+08:00,26.450000762939453,26.700000762939453,26.450000762939453,26.5,32220,0.0,0.0
2023-07-27 11:00:00+08:00,26.5,26.700000762939453,26.450000762939453,26.700000762939453,34615,0.0,0.0
2023-07-27 12:00:00+08:00,26.549999237060547,26.649999618530273,26.5,26.649999618530273,21050,0.0,0.0
2023-07-27 13:00:00+08:00,26.600000381469727,26.649999618530273,26.549999237060547,26.549999237060547,22065,0.0,0.0
2023-07-28 09:00:00+08:00,27.149999618530273,29.25,27.049999237060547,29.049999237060547,2916081,0.0,0.0
2023-07-28 10:00:00+08:00,29.0,29.25,28.850000381469727,29.25,407291,0.0,0.0
2023-07-28 11:00:00+08:00,29.25,29.25,28.350000381469727,28.5,966141,0.0,0.0
2023-07-28 12:00:00+08:00,28.399999618530273,28.75,28.0,28.5,378117,0.0,0.0
2023-07-28 13:00:00+08:00,28.450000762939453,28.700000762939453,27.5,28.100000381469727,461266,0.0,0.0
2023-07-31 09:00:00+08:00,29.700000762939453,31.450000762939453,29.700000762939453,31.450000762939453,0,0.0,0.0
2023-07-31 10:00:00+08:00,31.450000762939453,31.450000762939453,31.049999237060547,31.450000762939453,977785,0.0,0.0
2023-07-31 11:00:00+08:00,31.450000762939453,31.450000762939453,31.450000762939453,31.450000762939453,342459,0.0,0.0
2023-07-31 12:00:00+08:00,31.450000762939453,31.450000762939453,31.450000762939453,31.450000762939453,83272,0.0,0.0
2023-07-31 13:00:00+08:00,31.450000762939453,31.450000762939453,31.450000762939453,31.450000762939453,24050,0.0,0.0
2023-08-01 09:00:00+08:00,30.5,31.200000762939453,28.5,29.600000381469727,2439065,0.0,0.0
2023-08-01 10:00:00+08:00,29.549999237060547,30.299999237060547,29.049999237060547,29.399999618530273,484919,0.0,0.0
2023-08-01 11:00:00+08:00,29.399999618530273,30.0,29.0,29.649999618530273,177441,0.0,0.0
2023-08-01 12:00:00+08:00,29.649999618530273,29.649999618530273,29.100000381469727,29.149999618530273,203248,0.0,0.0
2023-08-01 13:00:00+08:00,29.200000762939453,29.75,29.100000381469727,29.549999237060547,126100,0.0,0.0
2023-08-02 09:00:00+08:00,29.850000381469727,31.75,29.600000381469727,29.850000381469727,1830196,0.0,0.0
2023-08-02 10:00:00+08:00,29.850000381469727,30.299999237060547,29.200000762939453,29.899999618530273,410221,0.0,0.0
2023-08-02 11:00:00+08:00,29.850000381469727,30.100000381469727,29.700000762939453,29.799999237060547,105336,0.0,0.0
2023-08-02 12:00:00+08:00,29.799999237060547,29.850000381469727,28.600000381469727,29.450000762939453,325450,0.0,0.0
2023-08-02 13:00:00+08:00,29.350000381469727,29.350000381469727,28.850000381469727,29.100000381469727,139700,0.0,0.0
2023-08-04 09:00:00+08:00,29.950000762939453,31.649999618530273,29.950000762939453,31.299999237060547,0,0.0,0.0
2023-08-04 10:00:00+08:00,31.350000381469727,31.549999237060547,30.850000381469727,31.450000762939453,699205,0.0,0.0
2023-08-04 11:00:00+08:00,31.450000762939453,31.549999237060547,30.350000381469727,30.450000762939453,566362,0.0,0.0
2023-08-04 12:00:00+08:00,30.450000762939453,31.350000381469727,30.450000762939453,31.299999237060547,377312,0.0,0.0
2023-08-04 13:00:00+08:00,31.25,32.849998474121094,31.149999618530273,32.849998474121094,1616755,0.0,0.0
2023-08-07 09:00:00+08:00,34.099998474121094,34.5,30.899999618530273,32.29999923706055,0,0.0,0.0
2023-08-07 10:00:00+08:00,32.5,32.5,31.649999618530273,32.099998474121094,222778,0.0,0.0
2023-08-07 11:00:00+08:00,32.099998474121094,32.599998474121094,32.0,32.599998474121094,238282,0.0,0.0
2023-08-07 12:00:00+08:00,32.650001525878906,33.150001525878906,32.400001525878906,32.849998474121094,665895,0.0,0.0
2023-08-07 13:00:00+08:00,32.849998474121094,32.849998474121094,32.20000076293945,32.400001525878906,404634,0.0,0.0
2023-08-08 09:00:00+08:00,32.25,33.099998474121094,31.899999618530273,32.099998474121094,702607,0.0,0.0
2023-08-08 10:00:00+08:00,32.099998474121094,34.349998474121094,32.099998474121094,33.75,1276664,0.0,0.0
2023-08-08 11:00:00+08:00,33.849998474121094,34.20000076293945,33.0,33.900001525878906,1255510,0.0,0.0
2023-08-08 12:00:00+08:00,33.79999923706055,34.150001525878906,33.650001525878906,34.0,407072,0.0,0.0
2023-08-08 13:00:00+08:00,33.95000076293945,34.0,33.599998474121094,33.849998474121094,440210,0.0,0.0
2023-08-09 09:00:00+08:00,32.900001525878906,34.900001525878906,32.5,34.29999923706055,2530505,0.0,0.0
2023-08-09 10:00:00+08:00,34.349998474121094,34.54999923706055,33.5,34.099998474121094,474848,0.0,0.0
2023-08-09 11:00:00+08:00,34.099998474121094,34.79999923706055,34.0,34.150001525878906,396350,0.0,0.0
2023-08-09 12:00:00+08:00,34.099998474121094,34.29999923706055,33.349998474121094,33.75,417369,0.0,0.0
2023-08-09 13:00:00+08:00,33.75,34.0,33.54999923706055,33.650001525878906,183978,0.0,0.0
2023-08-10 09:00:00+08:00,32.099998474121094,32.70000076293945,31.149999618530273,31.350000381469727,1380246,0.0,0.0
2023-08-10 10:00:00+08:00,31.399999618530273,32.150001525878906,31.200000762939453,32.0,312145,0.0,0.0
2023-08-10 11:00:00+08:00,32.0,33.0,31.950000762939453,32.849998474121094,1008889,0.0,0.0
2023-08-10 12:00:00+08:00,32.849998474121094,32.95000076293945,32.45000076293945,32.54999923706055,504093,0.0,0.0
2023-08-10 13:00:00+08:00,32.5,32.599998474121094,32.45000076293945,32.599998474121094,133182,0.0,0.0
2023-08-11 09:00:00+08:00,33.150001525878906,35.150001525878906,32.79999923706055,34.54999923706055,2834430,0.0,0.0
2023-08-11 10:00:00+08:00,34.599998474121094,34.650001525878906,33.79999923706055,34.099998474121094,562328,0.0,0.0
2023-08-11 11:00:00+08:00,34.099998474121094,34.20000076293945,33.54999923706055,33.599998474121094,333945,0.0,0.0
2023-08-11 12:00:00+08:00,33.599998474121094,33.900001525878906,32.849998474121094,33.20000076293945,442955,0.0,0.0
2023-08-11 13:00:00+08:00,33.150001525878906,33.599998474121094,33.099998474121094,33.5,340355,0.0,0.0
2023-08-14 09:00:00+08:00,33.54999923706055,34.95000076293945,33.0,34.25,0,0.0,0.0
2023-08-14 10:00:00+08:00,34.25,34.5,34.0,34.29999923706055,495691,0.0,0.0
2023-08-14 11:00:00+08:00,34.29999923706055,34.29999923706055,33.79999923706055,34.150001525878906,259609,0.0,0.0
2023-08-14 12:00:00+08:00,34.099998474121094,34.20000076293945,33.54999923706055,33.650001525878906,293920,0.0,0.0
2023-08-14 13:00:00+08:00,33.70000076293945,34.099998474121094,33.599998474121094,33.79999923706055,346660,0.0,0.0
2023-08-15 09:00:00+08:00,34.0,34.650001525878906,33.20000076293945,33.849998474121094,817204,0.0,0.0
2023-08-15 10:00:00+08:00,33.79999923706055,33.900001525878906,33.349998474121094,33.400001525878906,220819,0.0,0.0
2023-08-15 11:00:00+08:00,33.5,33.54999923706055,33.29999923706055,33.349998474121094,117505,0.0,0.0
2023-08-15 12:00:00+08:00,33.349998474121094,33.75,32.79999923706055,33.5,511039,0.0,0.0
2023-08-15 13:00:00+08:00,33.5,33.650001525878906,33.400001525878906,33.45000076293945,203539,0.0,0.0
2023-08-16 09:00:00+08:00,33.349998474121094,33.349998474121094,32.54999923706055,32.70000076293945,365690,0.0,0.0
2023-08-16 10:00:00+08:00,32.70000076293945,32.70000076293945,32.20000076293945,32.25,435475,0.0,0.0
2023-08-16 11:00:00+08:00,32.29999923706055,32.5,31.700000762939453,32.150001525878906,316634,0.0,0.0
2023-08-16 12:00:00+08:00,32.150001525878906,32.25,31.600000381469727,31.700000762939453,481256,0.0,0.0
2023-08-16 13:00:00+08:00,31.700000762939453,31.75,31.600000381469727,31.700000762939453,198457,0.0,0.0
2023-08-17 09:00:00+08:00,31.600000381469727,32.5,31.600000381469727,31.850000381469727,618549,0.0,0.0
2023-08-17 10:00:00+08:00,31.850000381469727,32.0,31.549999237060547,31.799999237060547,237522,0.0,0.0
2023-08-17 11:00:00+08:00,31.850000381469727,32.0,31.549999237060547,31.649999618530273,145098,0.0,0.0
2023-08-17 12:00:00+08:00,31.700000762939453,31.850000381469727,31.600000381469727,31.799999237060547,100222,0.0,0.0
2023-08-17 13:00:00+08:00,31.799999237060547,31.950000762939453,31.700000762939453,31.799999237060547,154570,0.0,0.0
2023-08-18 09:00:00+08:00,31.549999237060547,32.0,31.399999618530273,31.799999237060547,219829,0.0,0.0
2023-08-18 10:00:00+08:00,31.799999237060547,31.799999237060547,31.0,31.649999618530273,312155,0.0,0.0
2023-08-18 11:00:00+08:00,31.600000381469727,31.799999237060547,31.350000381469727,31.399999618530273,61001,0.0,0.0
2023-08-18 12:00:00+08:00,31.350000381469727,31.350000381469727,31.049999237060547,31.149999618530273,234158,0.0,0.0
2023-08-18 13:00:00+08:00,31.149999618530273,31.350000381469727,31.149999618530273,31.299999237060547,76559,0.0,0.0
2023-08-21 09:00:00+08:00,30.799999237060547,31.200000762939453,30.600000381469727,30.850000381469727,0,0.0,0.0
2023-08-21 10:00:00+08:00,30.850000381469727,30.950000762939453,30.75,30.899999618530273,26266,0.0,0.0
2023-08-21 11:00:00+08:00,30.899999618530273,31.649999618530273,30.899999618530273,31.149999618530273,204958,0.0,0.0
2023-08-21 12:00:00+08:00,31.25,31.5,31.25,31.450000762939453,65001,0.0,0.0
2023-08-21 13:00:00+08:00,31.350000381469727,31.399999618530273,31.299999237060547,31.299999237060547,49111,0.0,0.0
2023-08-22 09:00:00+08:00,31.799999237060547,32.849998474121094,31.5,31.5,622420,0.0,0.0
2023-08-22 10:00:00+08:00,31.5,31.600000381469727,31.299999237060547,31.299999237060547,104500,0.0,0.0
2023-08-22 11:00:00+08:00,31.25,31.5,31.25,31.399999618530273,52100,0.0,0.0
2023-08-22 12:00:00+08:00,31.299999237060547,31.399999618530273,30.950000762939453,31.0,133345,0.0,0.0
2023-08-22 13:00:00+08:00,31.0,31.0,30.600000381469727,30.649999618530273,149209,0.0,0.0
2023-08-23 09:00:00+08:00,30.950000762939453,31.5,30.799999237060547,31.200000762939453,0,0.0,0.0
2023-08-23 10:00:00+08:00,31.149999618530273,32.29999923706055,31.149999618530273,32.099998474121094,440225,0.0,0.0
2023-08-23 11:00:00+08:00,32.0,32.5,32.0,32.20000076293945,535520,0.0,0.0
2023-08-23 12:00:00+08:00,32.20000076293945,32.20000076293945,31.899999618530273,32.0,132457,0.0,0.0
2023-08-23 13:00:00+08:00,32.0,32.400001525878906,32.0,32.400001525878906,181778,0.0,0.0
2023-08-24 09:00:00+08:00,33.70000076293945,33.70000076293945,32.5,32.54999923706055,0,0.0,0.0
2023-08-24 10:00:00+08:00,32.54999923706055,33.099998474121094,32.29999923706055,32.349998474121094,281635,0.0,0.0
2023-08-24 11:00:00+08:00,32.349998474121094,32.349998474121094,31.399999618530273,31.700000762939453,271868,0.0,0.0
2023-08-24 12:00:00+08:00,31.649999618530273,31.850000381469727,31.399999618530273,31.75,240833,0.0,0.0
2023-08-24 13:00:00+08:00,31.649999618530273,31.649999618530273,31.350000381469727,31.600000381469727,121000,0.0,0.0
2023-08-25 09:00:00+08:00,31.049999237060547,32.849998474121094,31.0,32.25,781317,0.0,0.0
2023-08-25 10:00:00+08:00,32.150001525878906,32.150001525878906,31.649999618530273,31.649999618530273,94310,0.0,0.0
2023-08-25 11:00:00+08:00,31.600000381469727,31.649999618530273,31.549999237060547,31.649999618530273,86100,0.0,0.0
2023-08-25 12:00:00+08:00,31.649999618530273,31.850000381469727,31.450000762939453,31.450000762939453,154000,0.0,0.0
2023-08-25 13:00:00+08:00,31.549999237060547,31.649999618530273,31.399999618530273,31.5,51000,0.0,0.0
2023-08-28 09:00:00+08:00,31.399999618530273,31.700000762939453,31.0,31.0,0,0.0,0.0
2023-08-28 10:00:00+08:00,31.0,31.0,30.649999618530273,30.950000762939453,112300,0.0,0.0
2023-08-28 11:00:00+08:00,30.950000762939453,30.950000762939453,30.700000762939453,30.799999237060547,83170,0.0,0.0
2023-08-28 12:00:00+08:00,30.75,30.799999237060547,30.0,30.0,236066,0.0,0.0
2023-08-28 13:00:00+08:00,29.950000762939453,29.950000762939453,29.549999237060547,29.549999237060547,201117,0.0,0.0
2023-08-29 09:00:00+08:00,29.700000762939453,30.0,29.5,29.649999618530273,147346,0.0,0.0
2023-08-29 10:00:00+08:00,29.5,29.700000762939453,29.450000762939453,29.5,50030,0.0,0.0
2023-08-29 11:00:00+08:00,29.549999237060547,29.549999237060547,29.299999237060547,29.299999237060547,21000,0.0,0.0
2023-08-29 12:00:00+08:00,29.200000762939453,29.5,29.0,29.399999618530273,118920,0.0,0.0
2023-08-29 13:00:00+08:00,29.399999618530273,29.5,29.149999618530273,29.149999618530273,79180,0.0,0.0
2023-08-30 09:00:00+08:00,29.799999237060547,29.899999618530273,29.0,29.299999237060547,181694,0.0,0.0
2023-08-30 10:00:00+08:00,29.25,29.700000762939453,29.200000762939453,29.25,98428,0.0,0.0
2023-08-30 11:00:00+08:00,29.299999237060547,29.600000381469727,29.25,29.600000381469727,56213,0.0,0.0
2023-08-30 12:00:00+08:00,29.600000381469727,29.600000381469727,29.399999618530273,29.549999237060547,90150,0.0,0.0
2023-08-30 13:00:00+08:00,29.549999237060547,29.549999237060547,29.299999237060547,29.549999237060547,183000,0.0,0.0
2023-08-31 09:00:00+08:00,29.899999618530273,29.899999618530273,29.350000381469727,29.600000381469727,0,0.0,0.0
2023-08-31 10:00:00+08:00,29.649999618530273,29.649999618530273,29.450000762939453,29.450000762939453,26150,0.0,0.0
2023-08-31 11:00:00+08:00,29.450000762939453,29.549999237060547,29.350000381469727,29.350000381469727,47078,0.0,0.0
2023-08-31 12:00:00+08:00,29.350000381469727,29.5,29.350000381469727,29.399999618530273,31286,0.0,0.0
2023-08-31 13:00:00+08:00,29.399999618530273,29.600000381469727,29.399999618530273,29.600000381469727,20205,0.0,0.0
2023-09-01 09:00:00+08:00,29.399999618530273,29.600000381469727,29.200000762939453,29.350000381469727,0,0.0,0.0
2023-09-01 10:00:00+08:00,29.350000381469727,29.799999237060547,29.350000381469727,29.450000762939453,60930,0.0,0.0
2023-09-01 11:00:00+08:00,29.450000762939453,29.549999237060547,29.350000381469727,29.399999618530273,20113,0.0,0.0
2023-09-01 12:00:00+08:00,29.399999618530273,29.399999618530273,29.25,29.25,37032,0.0,0.0
2023-09-01 13:00:00+08:00,29.200000762939453,29.299999237060547,29.149999618530273,29.149999618530273,46062,0.0,0.0
2023-09-04 09:00:00+08:00,28.950000762939453,29.0,28.399999618530273,28.5,0,0.0,0.0
2023-09-04 10:00:00+08:00,28.5,28.700000762939453,28.5,28.600000381469727,26280,0.0,0.0
2023-09-04 11:00:00+08:00,28.600000381469727,28.75,28.5,28.600000381469727,33531,0.0,0.0
2023-09-04 12:00:00+08:00,28.600000381469727,28.700000762939453,28.350000381469727,28.649999618530273,56252,0.0,0.0
2023-09-04 13:00:00+08:00,28.700000762939453,28.850000381469727,28.600000381469727,28.799999237060547,38888,0.0,0.0
2023-09-05 09:00:00+08:00,29.0,29.600000381469727,28.799999237060547,29.5,0,0.0,0.0
2023-09-05 10:00:00+08:00,29.5,29.600000381469727,29.399999618530273,29.399999618530273,66003,0.0,0.0
2023-09-05 11:00:00+08:00,29.399999618530273,29.399999618530273,29.299999237060547,29.299999237060547,39089,0.0,0.0
2023-09-05 12:00:00+08:00,29.299999237060547,29.299999237060547,29.0,29.100000381469727,51020,0.0,0.0
2023-09-05 13:00:00+08:00,29.049999237060547,29.100000381469727,28.950000762939453,28.950000762939453,32000,0.0,0.0
2023-09-06 09:00:00+08:00,30.0,31.0,29.850000381469727,29.950000762939453,733876,0.0,0.0
2023-09-06 10:00:00+08:00,29.950000762939453,30.200000762939453,29.950000762939453,30.049999237060547,60122,0.0,0.0
2023-09-06 11:00:00+08:00,30.100000381469727,30.100000381469727,29.850000381469727,29.899999618530273,125450,0.0,0.0
2023-09-06 12:00:00+08:00,29.899999618530273,30.200000762939453,29.899999618530273,30.0,125000,0.0,0.0
2023-09-06 13:00:00+08:00,30.0,30.0,29.799999237060547,29.850000381469727,116230,0.0,0.0
2023-09-07 09:00:00+08:00,29.600000381469727,29.75,29.299999237060547,29.450000762939453,0,0.0,0.0
2023-09-07 10:00:00+08:00,29.5,29.5,29.25,29.25,49158,0.0,0.0
2023-09-07 11:00:00+08:00,29.299999237060547,29.399999618530273,29.0,29.200000762939453,56000,0.0,0.0
2023-09-07 12:00:00+08:00,29.200000762939453,29.200000762939453,29.049999237060547,29.100000381469727,46483,0.0,0.0
2023-09-07 13:00:00+08:00,29.100000381469727,29.100000381469727,28.850000381469727,28.850000381469727,85200,0.0,0.0
2023-09-08 09:00:00+08:00,28.5,28.649999618530273,28.049999237060547,28.049999237060547,0,0.0,0.0
2023-09-08 10:00:00+08:00,28.100000381469727,28.299999237060547,28.100000381469727,28.100000381469727,78100,0.0,0.0
2023-09-08 11:00:00+08:00,28.100000381469727,28.200000762939453,28.100000381469727,28.149999618530273,30200,0.0,0.0
2023-09-08 12:00:00+08:00,28.100000381469727,28.149999618530273,28.0,28.0,67120,0.0,0.0
2023-09-08 13:00:00+08:00,28.0,28.200000762939453,28.0,28.049999237060547,49355,0.0,0.0
2023-09-11 09:00:00+08:00,28.049999237060547,28.049999237060547,27.399999618530273,27.899999618530273,0,0.0,0.0
2023-09-11 10:00:00+08:00,27.899999618530273,27.899999618530273,27.450000762939453,27.5,56459,0.0,0.0
2023-09-11 11:00:00+08:00,27.5,27.549999237060547,27.299999237060547,27.299999237060547,49000,0.0,0.0
2023-09-11 12:00:00+08:00,27.299999237060547,27.399999618530273,27.25,27.350000381469727,71620,0.0,0.0
2023-09-11 13:00:00+08:00,27.399999618530273,27.549999237060547,27.200000762939453,27.299999237060547,47426,0.0,0.0
2023-09-12 09:00:00+08:00,28.299999237060547,28.299999237060547,27.200000762939453,27.350000381469727,0,0.0,0.0
2023-09-12 10:00:00+08:00,27.350000381469727,27.700000762939453,27.350000381469727,27.549999237060547,22121,0.0,0.0
2023-09-12 11:00:00+08:00,27.5,27.5,27.350000381469727,27.350000381469727,23272,0.0,0.0
2023-09-12 12:00:00+08:00,27.299999237060547,27.350000381469727,27.149999618530273,27.149999618530273,44022,0.0,0.0
2023-09-12 13:00:00+08:00,27.149999618530273,27.149999618530273,27.100000381469727,27.100000381469727,11305,0.0,0.0
2023-09-13 09:00:00+08:00,27.149999618530273,27.600000381469727,27.149999618530273,27.399999618530273,0,0.0,0.0
2023-09-13 10:00:00+08:00,27.450000762939453,27.450000762939453,27.100000381469727,27.299999237060547,19000,0.0,0.0
2023-09-13 11:00:00+08:00,27.350000381469727,27.549999237060547,27.299999237060547,27.350000381469727,29000,0.0,0.0
2023-09-13 12:00:00+08:00,27.450000762939453,27.5,27.450000762939453,27.450000762939453,16020,0.0,0.0
2023-09-13 13:00:00+08:00,27.450000762939453,27.5,27.350000381469727,27.450000762939453,27050,0.0,0.0
2023-09-14 09:00:00+08:00,27.799999237060547,28.100000381469727,27.799999237060547,27.950000762939453,0,0.0,0.0
2023-09-14 10:00:00+08:00,27.950000762939453,28.299999237060547,27.899999618530273,28.0,54122,0.0,0.0
2023-09-14 11:00:00+08:00,28.0,28.049999237060547,27.899999618530273,28.049999237060547,23000,0.0,0.0
2023-09-14 12:00:00+08:00,28.049999237060547,28.100000381469727,27.899999618530273,28.0,23500,0.0,0.0
2023-09-14 13:00:00+08:00,28.0,28.149999618530273,28.0,28.149999618530273,29000,0.0,0.0
2023-09-15 09:00:00+08:00,28.0,28.100000381469727,27.850000381469727,27.950000762939453,0,0.0,0.0
2023-09-15 10:00:00+08:00,27.950000762939453,28.100000381469727,27.799999237060547,27.799999237060547,37000,0.0,0.0
2023-09-15 11:00:00+08:00,27.700000762939453,27.75,27.700000762939453,27.700000762939453,21334,0.0,0.0
2023-09-15 12:00:00+08:00,27.649999618530273,27.75,27.649999618530273,27.700000762939453,18000,0.0,0.0
2023-09-15 13:00:00+08:00,27.75,28.149999618530273,27.75,28.100000381469727,45000,0.0,0.0
2023-09-18 09:00:00+08:00,27.700000762939453,28.450000762939453,27.600000381469727,28.299999237060547,0,0.0,0.0
2023-09-18 10:00:00+08:00,28.299999237060547,28.5,28.049999237060547,28.100000381469727,75000,0.0,0.0
2023-09-18 11:00:00+08:00,27.899999618530273,28.25,27.899999618530273,28.049999237060547,100000,0.0,0.0
2023-09-18 12:00:00+08:00,28.0,28.0,27.75,27.850000381469727,79000,0.0,0.0
2023-09-18 13:00:00+08:00,27.950000762939453,27.950000762939453,27.899999618530273,27.899999618530273,17000,0.0,0.0
2023-09-19 09:00:00+08:00,28.25,28.350000381469727,28.0,28.0,15000,0.0,0.0
2023-09-19 10:00:00+08:00,28.049999237060547,28.049999237060547,27.75,27.75,34485,0.0,0.0
2023-09-19 11:00:00+08:00,27.75,27.75,27.549999237060547,27.549999237060547,27000,0.0,0.0
2023-09-19 12:00:00+08:00,27.549999237060547,27.549999237060547,27.399999618530273,27.399999618530273,33166,0.0,0.0
2023-09-19 13:00:00+08:00,27.450000762939453,27.450000762939453,27.350000381469727,27.399999618530273,24000,0.0,0.0
2023-09-20 09:00:00+08:00,27.350000381469727,27.350000381469727,26.950000762939453,27.350000381469727,0,0.0,0.0
2023-09-20 10:00:00+08:00,27.25,27.25,27.0,27.0,17000,0.0,0.0
2023-09-20 11:00:00+08:00,27.0,27.0,26.950000762939453,26.950000762939453,16300,0.0,0.0
2023-09-20 12:00:00+08:00,27.0,27.0,26.700000762939453,26.799999237060547,47088,0.0,0.0
2023-09-20 13:00:00+08:00,26.700000762939453,26.850000381469727,26.5,26.600000381469727,30000,0.0,0.0
2023-09-21 09:00:00+08:00,26.649999618530273,26.649999618530273,26.149999618530273,26.450000762939453,0,0.0,0.0
2023-09-21 10:00:00+08:00,26.450000762939453,26.700000762939453,26.399999618530273,26.399999618530273,46000,0.0,0.0
2023-09-21 11:00:00+08:00,26.399999618530273,26.399999618530273,26.350000381469727,26.350000381469727,14000,0.0,0.0
2023-09-21 12:00:00+08:00,26.350000381469727,26.5,26.299999237060547,26.5,52101,0.0,0.0
2023-09-21 13:00:00+08:00,26.399999618530273,26.450000762939453,26.399999618530273,26.450000762939453,10000,0.0,0.0
2023-09-22 09:00:00+08:00,26.399999618530273,26.799999237060547,26.399999618530273,26.799999237060547,0,0.0,0.0
2023-09-22 10:00:00+08:00,26.799999237060547,26.850000381469727,26.799999237060547,26.850000381469727,7000,0.0,0.0
2023-09-22 11:00:00+08:00,26.75,26.75,26.75,26.75,2000,0.0,0.0
2023-09-22 12:00:00+08:00,26.600000381469727,26.75,26.600000381469727,26.600000381469727,17000,0.0,0.0
2023-09-22 13:00:00+08:00,26.700000762939453,26.700000762939453,26.600000381469727,26.600000381469727,18030,0.0,0.0
2023-09-25 09:00:00+08:00,26.600000381469727,27.350000381469727,26.600000381469727,27.299999237060547,0,0.0,0.0
2023-09-25 10:00:00+08:00,27.25,27.450000762939453,27.149999618530273,27.450000762939453,0,0.0,0.0
2023-09-25 11:00:00+08:00,27.450000762939453,28.200000762939453,27.399999618530273,28.0,150603,0.0,0.0
2023-09-25 12:00:00+08:00,28.0,28.100000381469727,27.649999618530273,27.700000762939453,47104,0.0,0.0
2023-09-25 13:00:00+08:00,27.700000762939453,27.700000762939453,27.600000381469727,27.600000381469727,17000,0.0,0.0
2023-09-26 09:00:00+08:00,27.899999618530273,27.899999618530273,27.5,27.5,0,0.0,0.0
2023-09-26 10:00:00+08:00,27.5,27.5,27.299999237060547,27.299999237060547,9000,0.0,0.0
2023-09-26 11:00:00+08:00,27.450000762939453,27.450000762939453,27.25,27.25,27050,0.0,0.0
2023-09-26 12:00:00+08:00,27.25,27.25,27.149999618530273,27.149999618530273,29492,0.0,0.0
2023-09-26 13:00:00+08:00,27.149999618530273,27.350000381469727,27.149999618530273,27.350000381469727,9295,0.0,0.0
2023-09-27 09:00:00+08:00,27.0,27.149999618530273,27.0,27.100000381469727,0,0.0,0.0
2023-09-27 10:00:00+08:00,27.200000762939453,27.200000762939453,27.100000381469727,27.100000381469727,7050,0.0,0.0
2023-09-27 11:00:00+08:00,27.100000381469727,27.100000381469727,27.049999237060547,27.049999237060547,11159,0.0,0.0
2023-09-27 12:00:00+08:00,27.049999237060547,27.049999237060547,27.049999237060547,27.049999237060547,3060,0.0,0.0
2023-09-27 13:00:00+08:00,27.100000381469727,27.200000762939453,27.0,27.049999237060547,19000,0.0,0.0
2023-09-28 09:00:00+08:00,27.450000762939453,27.450000762939453,27.200000762939453,27.25,0,0.0,0.0
2023-09-28 10:00:00+08:00,27.350000381469727,27.350000381469727,27.200000762939453,27.200000762939453,16000,0.0,0.0
2023-09-28 11:00:00+08:00,27.200000762939453,27.200000762939453,27.149999618530273,27.200000762939453,15000,0.0,0.0
2023-09-28 12:00:00+08:00,27.200000762939453,27.200000762939453,27.149999618530273,27.149999618530273,5000,0.0,0.0
2023-09-28 13:00:00+08:00,27.299999237060547,27.299999237060547,27.200000762939453,27.25,4030,0.0,0.0
2023-10-02 09:00:00+08:00,27.100000381469727,27.600000381469727,27.0,27.450000762939453,0,0.0,0.0
2023-10-02 10:00:00+08:00,27.5,27.899999618530273,27.25,27.75,36410,0.0,0.0
2023-10-02 11:00:00+08:00,27.600000381469727,28.100000381469727,27.600000381469727,28.049999237060547,96051,0.0,0.0
2023-10-02 12:00:00+08:00,28.0,28.100000381469727,27.899999618530273,27.950000762939453,42054,0.0,0.0
2023-10-02 13:00:00+08:00,27.950000762939453,28.049999237060547,27.950000762939453,28.0,11000,0.0,0.0
2023-10-03 09:00:00+08:00,28.049999237060547,28.049999237060547,27.799999237060547,27.899999618530273,0,0.0,0.0
2023-10-03 10:00:00+08:00,27.899999618530273,27.899999618530273,27.700000762939453,27.75,22000,0.0,0.0
2023-10-03 11:00:00+08:00,27.850000381469727,27.850000381469727,27.549999237060547,27.549999237060547,18000,0.0,0.0
2023-10-03 12:00:00+08:00,27.549999237060547,27.549999237060547,27.549999237060547,27.549999237060547,13010,0.0,0.0
2023-10-03 13:00:00+08:00,27.549999237060547,27.549999237060547,27.450000762939453,27.450000762939453,31000,0.0,0.0
2023-10-04 09:00:00+08:00,27.350000381469727,27.350000381469727,27.049999237060547,27.049999237060547,14214,0.0,0.0
2023-10-04 10:00:00+08:00,27.049999237060547,27.049999237060547,27.0,27.0,9004,0.0,0.0
2023-10-04 11:00:00+08:00,26.950000762939453,27.0,26.600000381469727,26.75,49090,0.0,0.0
2023-10-04 12:00:00+08:00,26.799999237060547,26.799999237060547,26.799999237060547,26.799999237060547,2000,0.0,0.0
2023-10-04 13:00:00+08:00,26.850000381469727,26.899999618530273,26.850000381469727,26.850000381469727,22028,0.0,0.0
2023-10-05 09:00:00+08:00,27.0,27.200000762939453,26.850000381469727,27.149999618530273,0,0.0,0.0
2023-10-05 10:00:00+08:00,27.149999618530273,27.149999618530273,26.700000762939453,27.0,39213,0.0,0.0
2023-10-05 11:00:00+08:00,26.899999618530273,26.899999618530273,26.799999237060547,26.799999237060547,33233,0.0,0.0
2023-10-05 12:00:00+08:00,26.799999237060547,26.799999237060547,26.799999237060547,26.799999237060547,15000,0.0,0.0
2023-10-05 13:00:00+08:00,26.799999237060547,26.950000762939453,26.799999237060547,26.950000762939453,18000,0.0,0.0
2023-10-06 09:00:00+08:00,26.75,26.899999618530273,26.75,26.899999618530273,0,0.0,0.0
2023-10-06 10:00:00+08:00,26.950000762939453,27.299999237060547,26.950000762939453,27.100000381469727,34086,0.0,0.0
2023-10-06 11:00:00+08:00,27.200000762939453,27.200000762939453,27.200000762939453,27.200000762939453,9000,0.0,0.0
2023-10-06 12:00:00+08:00,27.200000762939453,27.200000762939453,27.100000381469727,27.100000381469727,10010,0.0,0.0
2023-10-06 13:00:00+08:00,27.100000381469727,27.100000381469727,27.0,27.0,12050,0.0,0.0
2023-10-11 09:00:00+08:00,27.100000381469727,27.100000381469727,26.25,26.25,0,0.0,0.0
2023-10-11 10:00:00+08:00,26.450000762939453,26.450000762939453,26.0,26.399999618530273,79050,0.0,0.0
2023-10-11 11:00:00+08:00,26.200000762939453,26.350000381469727,26.049999237060547,26.049999237060547,37000,0.0,0.0
2023-10-11 12:00:00+08:00,26.100000381469727,26.200000762939453,26.049999237060547,26.200000762939453,36000,0.0,0.0
2023-10-11 13:00:00+08:00,26.149999618530273,26.149999618530273,26.049999237060547,26.049999237060547,12047,0.0,0.0
2023-10-12 09:00:00+08:00,26.0,26.299999237060547,26.0,26.299999237060547,29000,0.0,0.0
2023-10-12 10:00:00+08:00,26.299999237060547,26.600000381469727,26.299999237060547,26.5,33000,0.0,0.0
2023-10-12 11:00:00+08:00,26.5,26.600000381469727,26.5,26.5,12111,0.0,0.0
2023-10-12 12:00:00+08:00,26.5,26.850000381469727,26.5,26.850000381469727,22000,0.0,0.0
2023-10-12 13:00:00+08:00,26.700000762939453,26.799999237060547,26.700000762939453,26.799999237060547,5052,0.0,0.0
2023-10-13 09:00:00+08:00,26.450000762939453,26.450000762939453,26.299999237060547,26.450000762939453,0,0.0,0.0
2023-10-13 10:00:00+08:00,26.450000762939453,26.600000381469727,26.450000762939453,26.450000762939453,24050,0.0,0.0
2023-10-13 11:00:00+08:00,26.450000762939453,26.450000762939453,26.450000762939453,26.450000762939453,2000,0.0,0.0
2023-10-13 12:00:00+08:00,26.450000762939453,26.5,26.450000762939453,26.450000762939453,16000,0.0,0.0
2023-10-13 13:00:00+08:00,26.549999237060547,26.549999237060547,26.549999237060547,26.549999237060547,1000,0.0,0.0
2023-10-16 09:00:00+08:00,26.350000381469727,26.399999618530273,26.200000762939453,26.399999618530273,0,0.0,0.0
2023-10-16 10:00:00+08:00,26.350000381469727,26.399999618530273,26.299999237060547,26.299999237060547,12000,0.0,0.0
2023-10-16 11:00:00+08:00,26.299999237060547,26.299999237060547,26.299999237060547,26.299999237060547,2040,0.0,0.0
2023-10-16 12:00:00+08:00,26.25,26.299999237060547,26.100000381469727,26.200000762939453,11130,0.0,0.0
2023-10-16 13:00:00+08:00,26.25,26.25,26.25,26.25,2000,0.0,0.0
2023-10-17 09:00:00+08:00,26.200000762939453,26.200000762939453,26.100000381469727,26.100000381469727,0,0.0,0.0
2023-10-17 10:00:00+08:00,26.100000381469727,26.100000381469727,25.799999237060547,25.799999237060547,49000,0.0,0.0
2023-10-17 11:00:00+08:00,25.700000762939453,25.799999237060547,25.600000381469727,25.649999618530273,15000,0.0,0.0
2023-10-17 12:00:00+08:00,25.600000381469727,25.600000381469727,25.299999237060547,25.299999237060547,82500,0.0,0.0
2023-10-17 13:00:00+08:00,25.299999237060547,25.299999237060547,25.049999237060547,25.049999237060547,36000,0.0,0.0
2023-10-18 09:00:00+08:00,25.049999237060547,25.049999237060547,24.299999237060547,24.299999237060547,0,0.0,0.0
2023-10-18 10:00:00+08:00,24.299999237060547,24.649999618530273,24.299999237060547,24.5,41078,0.0,0.0
2023-10-18 11:00:00+08:00,24.450000762939453,25.0,24.450000762939453,24.950000762939453,88050,0.0,0.0
2023-10-18 12:00:00+08:00,24.950000762939453,25.25,24.649999618530273,25.25,106445,0.0,0.0
2023-10-18 13:00:00+08:00,24.899999618530273,25.049999237060547,24.649999618530273,24.649999618530273,12020,0.0,0.0
2023-10-19 09:00:00+08:00,25.950000762939453,25.950000762939453,25.299999237060547,25.5,0,0.0,0.0
2023-10-19 10:00:00+08:00,25.350000381469727,25.350000381469727,25.25,25.25,11060,0.0,0.0
2023-10-19 11:00:00+08:00,25.25,25.25,25.149999618530273,25.149999618530273,29124,0.0,0.0
2023-10-19 12:00:00+08:00,25.149999618530273,25.350000381469727,25.149999618530273,25.299999237060547,10000,0.0,0.0
2023-10-19 13:00:00+08:00,25.299999237060547,25.299999237060547,24.950000762939453,24.950000762939453,16000,0.0,0.0
2023-10-20 09:00:00+08:00,24.700000762939453,25.049999237060547,24.700000762939453,25.049999237060547,0,0.0,0.0
2023-10-20 10:00:00+08:00,25.0,25.100000381469727,24.799999237060547,25.100000381469727,78004,0.0,0.0
2023-10-20 11:00:00+08:00,25.25,25.399999618530273,25.200000762939453,25.200000762939453,18000,0.0,0.0
2023-10-20 12:00:00+08:00,25.200000762939453,25.600000381469727,25.200000762939453,25.5,25105,0.0,0.0
2023-10-20 13:00:00+08:00,25.450000762939453,25.450000762939453,25.299999237060547,25.299999237060547,9000,0.0,0.0
2023-10-23 09:00:00+08:00,25.0,25.399999618530273,25.0,25.399999618530273,0,0.0,0.0
2023-10-23 10:00:00+08:00,25.600000381469727,25.600000381469727,25.450000762939453,25.5,8000,0.0,0.0
2023-10-23 11:00:00+08:00,25.450000762939453,26.299999237060547,25.450000762939453,26.299999237060547,84200,0.0,0.0
2023-10-23 12:00:00+08:00,26.450000762939453,26.450000762939453,26.149999618530273,26.200000762939453,41846,0.0,0.0
2023-10-23 13:00:00+08:00,26.100000381469727,26.149999618530273,26.0,26.049999237060547,25000,0.0,0.0
2023-10-24 09:00:00+08:00,26.200000762939453,26.25,25.700000762939453,26.0,27000,0.0,0.0
2023-10-24 10:00:00+08:00,26.0,26.100000381469727,25.200000762939453,25.899999618530273,53000,0.0,0.0
2023-10-24 11:00:00+08:00,25.899999618530273,25.899999618530273,25.75,25.799999237060547,8000,0.0,0.0
2023-10-24 12:00:00+08:00,25.799999237060547,25.950000762939453,25.799999237060547,25.950000762939453,9000,0.0,0.0
2023-10-24 13:00:00+08:00,25.850000381469727,25.850000381469727,25.600000381469727,25.75,21000,0.0,0.0
2023-10-25 09:00:00+08:00,25.799999237060547,26.100000381469727,25.799999237060547,26.0,0,0.0,0.0
2023-10-25 10:00:00+08:00,25.899999618530273,25.899999618530273,25.799999237060547,25.899999618530273,0,0.0,0.0
2023-10-25 11:00:00+08:00,25.899999618530273,25.899999618530273,25.899999618530273,25.899999618530273,33100,0.0,0.0
2023-10-25 12:00:00+08:00,25.899999618530273,25.899999618530273,25.700000762939453,25.700000762939453,9030,0.0,0.0
2023-10-25 13:00:00+08:00,25.75,25.899999618530273,25.75,25.75,4000,0.0,0.0
2023-10-26 09:00:00+08:00,25.399999618530273,25.649999618530273,25.299999237060547,25.649999618530273,0,0.0,0.0
2023-10-26 10:00:00+08:00,25.450000762939453,25.450000762939453,25.299999237060547,25.299999237060547,10000,0.0,0.0
2023-10-26 11:00:00+08:00,25.299999237060547,25.299999237060547,25.299999237060547,25.299999237060547,1121,0.0,0.0
2023-10-26 12:00:00+08:00,25.299999237060547,25.5,25.299999237060547,25.5,6000,0.0,0.0
2023-10-26 13:00:00+08:00,25.399999618530273,25.399999618530273,25.299999237060547,25.299999237060547,13000,0.0,0.0
2023-10-27 09:00:00+08:00,25.5,25.5,25.200000762939453,25.299999237060547,0,0.0,0.0
2023-10-27 10:00:00+08:00,25.299999237060547,25.299999237060547,25.25,25.299999237060547,10000,0.0,0.0
2023-10-27 11:00:00+08:00,25.299999237060547,25.299999237060547,25.100000381469727,25.100000381469727,25028,0.0,0.0
2023-10-27 12:00:00+08:00,25.100000381469727,25.200000762939453,25.049999237060547,25.200000762939453,8002,0.0,0.0
2023-10-27 13:00:00+08:00,25.200000762939453,25.299999237060547,25.100000381469727,25.100000381469727,7000,0.0,0.0
2023-10-30 09:00:00+08:00,25.450000762939453,25.450000762939453,25.049999237060547,25.100000381469727,0,0.0,0.0
2023-10-30 10:00:00+08:00,25.200000762939453,25.25,25.200000762939453,25.25,7000,0.0,0.0
2023-10-30 11:00:00+08:00,25.200000762939453,25.200000762939453,25.200000762939453,25.200000762939453,5000,0.0,0.0
2023-10-30 12:00:00+08:00,25.25,25.350000381469727,25.100000381469727,25.350000381469727,16000,0.0,0.0
2023-10-30 13:00:00+08:00,25.200000762939453,25.399999618530273,25.200000762939453,25.399999618530273,11000,0.0,0.0
2023-10-31 09:00:00+08:00,25.299999237060547,25.399999618530273,25.100000381469727,25.299999237060547,0,0.0,0.0
2023-10-31 10:00:00+08:00,25.25,25.299999237060547,25.100000381469727,25.100000381469727,33000,0.0,0.0
2023-10-31 11:00:00+08:00,25.200000762939453,25.200000762939453,24.899999618530273,24.899999618530273,20150,0.0,0.0
2023-10-31 12:00:00+08:00,24.850000381469727,25.0,24.600000381469727,24.649999618530273,65051,0.0,0.0
2023-10-31 13:00:00+08:00,24.649999618530273,24.799999237060547,24.600000381469727,24.600000381469727,38035,0.0,0.0
2023-11-01 09:00:00+08:00,24.649999618530273,24.649999618530273,24.450000762939453,24.450000762939453,0,0.0,0.0
2023-11-01 10:00:00+08:00,24.5,24.549999237060547,24.149999618530273,24.399999618530273,29010,0.0,0.0
2023-11-01 11:00:00+08:00,24.5,24.649999618530273,24.399999618530273,24.5,11000,0.0,0.0
2023-11-01 12:00:00+08:00,24.399999618530273,24.399999618530273,24.299999237060547,24.350000381469727,13000,0.0,0.0
2023-11-01 13:00:00+08:00,24.399999618530273,24.549999237060547,24.350000381469727,24.549999237060547,4000,0.0,0.0
2023-11-02 09:00:00+08:00,24.899999618530273,24.899999618530273,24.700000762939453,24.700000762939453,4000,0.0,0.0
2023-11-02 10:00:00+08:00,24.700000762939453,24.799999237060547,24.700000762939453,24.799999237060547,0,0.0,0.0
2023-11-02 11:00:00+08:00,24.799999237060547,25.299999237060547,24.799999237060547,25.25,60047,0.0,0.0
2023-11-02 12:00:00+08:00,25.200000762939453,25.25,25.049999237060547,25.049999237060547,24000,0.0,0.0
2023-11-02 13:00:00+08:00,25.049999237060547,25.149999618530273,24.899999618530273,25.149999618530273,17000,0.0,0.0
2023-11-03 09:00:00+08:00,25.149999618530273,25.25,25.149999618530273,25.149999618530273,0,0.0,0.0
2023-11-03 10:00:00+08:00,25.149999618530273,25.25,25.149999618530273,25.200000762939453,14000,0.0,0.0
2023-11-03 11:00:00+08:00,25.200000762939453,25.25,25.149999618530273,25.149999618530273,8000,0.0,0.0
2023-11-03 12:00:00+08:00,25.149999618530273,25.149999618530273,25.100000381469727,25.100000381469727,14000,0.0,0.0
2023-11-03 13:00:00+08:00,25.100000381469727,25.149999618530273,25.100000381469727,25.100000381469727,9000,0.0,0.0
2023-11-06 09:00:00+08:00,25.799999237060547,25.799999237060547,25.299999237060547,25.299999237060547,0,0.0,0.0
2023-11-06 10:00:00+08:00,25.299999237060547,25.399999618530273,25.299999237060547,25.399999618530273,6150,0.0,0.0
2023-11-06 11:00:00+08:00,25.399999618530273,25.399999618530273,25.299999237060547,25.299999237060547,13000,0.0,0.0
2023-11-06 12:00:00+08:00,25.299999237060547,25.299999237060547,25.200000762939453,25.200000762939453,12000,0.0,0.0
2023-11-06 13:00:00+08:00,25.200000762939453,25.200000762939453,25.200000762939453,25.200000762939453,9000,0.0,0.0
2023-11-07 10:00:00+08:00,25.399999618530273,25.399999618530273,25.25,25.25,3000,0.0,0.0
2023-11-07 11:00:00+08:00,25.25,25.25,25.0,25.0,9000,0.0,0.0
2023-11-07 12:00:00+08:00,25.0,25.200000762939453,25.0,25.200000762939453,9096,0.0,0.0
2023-11-07 13:00:00+08:00,25.0,25.0,25.0,25.0,2000,0.0,0.0
2023-11-08 09:00:00+08:00,25.049999237060547,25.149999618530273,25.049999237060547,25.100000381469727,0,0.0,0.0
2023-11-08 10:00:00+08:00,25.100000381469727,25.700000762939453,25.100000381469727,25.649999618530273,37558,0.0,0.0
2023-11-08 11:00:00+08:00,25.600000381469727,25.899999618530273,25.5,25.75,32580,0.0,0.0
2023-11-08 12:00:00+08:00,25.75,25.799999237060547,25.700000762939453,25.700000762939453,7083,0.0,0.0
2023-11-08 13:00:00+08:00,25.700000762939453,25.700000762939453,25.5,25.5,11099,0.0,0.0
2023-11-09 09:00:00+08:00,26.100000381469727,28.100000381469727,26.100000381469727,28.0,2455981,0.0,0.0
2023-11-09 10:00:00+08:00,27.850000381469727,27.950000762939453,26.799999237060547,27.149999618530273,376621,0.0,0.0
2023-11-09 11:00:00+08:00,27.149999618530273,27.549999237060547,27.049999237060547,27.200000762939453,143000,0.0,0.0
2023-11-09 12:00:00+08:00,27.200000762939453,27.450000762939453,27.149999618530273,27.25,86053,0.0,0.0
2023-11-09 13:00:00+08:00,27.25,27.25,26.700000762939453,26.899999618530273,161597,0.0,0.0
2023-11-10 09:00:00+08:00,26.200000762939453,26.799999237060547,26.100000381469727,26.100000381469727,0,0.0,0.0
2023-11-10 10:00:00+08:00,26.149999618530273,26.200000762939453,25.450000762939453,25.649999618530273,254861,0.0,0.0
2023-11-10 11:00:00+08:00,25.649999618530273,25.75,25.600000381469727,25.75,15000,0.0,0.0
2023-11-10 12:00:00+08:00,25.850000381469727,26.100000381469727,25.649999618530273,26.049999237060547,46000,0.0,0.0
2023-11-10 13:00:00+08:00,25.950000762939453,26.25,25.950000762939453,25.950000762939453,31125,0.0,0.0
2023-11-13 09:00:00+08:00,26.100000381469727,26.100000381469727,25.350000381469727,25.649999618530273,0,0.0,0.0
2023-11-13 10:00:00+08:00,25.549999237060547,25.549999237060547,25.399999618530273,25.5,45084,0.0,0.0
2023-11-13 11:00:00+08:00,25.399999618530273,25.399999618530273,25.399999618530273,25.399999618530273,6000,0.0,0.0
2023-11-13 12:00:00+08:00,25.5,25.5,25.450000762939453,25.5,13050,0.0,0.0
2023-11-13 13:00:00+08:00,25.399999618530273,25.5,25.350000381469727,25.450000762939453,23000,0.0,0.0
2023-11-14 09:00:00+08:00,25.75,25.75,25.5,25.649999618530273,0,0.0,0.0
2023-11-14 10:00:00+08:00,25.549999237060547,25.600000381469727,25.450000762939453,25.600000381469727,12000,0.0,0.0
2023-11-14 11:00:00+08:00,25.600000381469727,26.200000762939453,25.600000381469727,26.0,64000,0.0,0.0
2023-11-14 12:00:00+08:00,26.100000381469727,26.100000381469727,25.549999237060547,25.899999618530273,56036,0.0,0.0
2023-11-14 13:00:00+08:00,25.700000762939453,25.700000762939453,25.649999618530273,25.649999618530273,12000,0.0,0.0
2023-11-15 09:00:00+08:00,25.75,26.600000381469727,25.75,26.25,0,0.0,0.0
2023-11-15 10:00:00+08:00,26.25,26.299999237060547,26.25,26.299999237060547,23000,0.0,0.0
2023-11-15 11:00:00+08:00,26.149999618530273,26.200000762939453,26.149999618530273,26.200000762939453,5000,0.0,0.0
2023-11-15 12:00:00+08:00,26.100000381469727,26.149999618530273,26.100000381469727,26.149999618530273,3244,0.0,0.0
2023-11-15 13:00:00+08:00,26.100000381469727,26.100000381469727,26.049999237060547,26.049999237060547,16000,0.0,0.0
2023-11-16 09:00:00+08:00,25.899999618530273,25.950000762939453,25.850000381469727,25.950000762939453,0,0.0,0.0
2023-11-16 10:00:00+08:00,25.950000762939453,25.950000762939453,25.799999237060547,25.799999237060547,6000,0.0,0.0
2023-11-16 11:00:00+08:00,25.799999237060547,25.799999237060547,25.700000762939453,25.700000762939453,15030,0.0,0.0
2023-11-16 12:00:00+08:00,25.799999237060547,25.799999237060547,25.75,25.799999237060547,9485,0.0,0.0
2023-11-16 13:00:00+08:00,25.700000762939453,25.75,25.649999618530273,25.75,21000,0.0,0.0
2023-11-17 09:00:00+08:00,25.600000381469727,25.75,25.600000381469727,25.75,0,0.0,0.0
2023-11-17 10:00:00+08:00,25.799999237060547,26.100000381469727,25.799999237060547,26.0,19100,0.0,0.0
2023-11-17 11:00:00+08:00,25.950000762939453,26.049999237060547,25.850000381469727,26.049999237060547,23000,0.0,0.0
2023-11-17 12:00:00+08:00,26.100000381469727,26.100000381469727,26.100000381469727,26.100000381469727,8206,0.0,0.0
2023-11-17 13:00:00+08:00,26.049999237060547,26.100000381469727,26.0,26.049999237060547,6000,0.0,0.0
2023-11-20 09:00:00+08:00,26.0,26.200000762939453,25.850000381469727,26.200000762939453,0,0.0,0.0
2023-11-20 10:00:00+08:00,26.200000762939453,26.25,26.100000381469727,26.200000762939453,11000,0.0,0.0
2023-11-20 11:00:00+08:00,26.200000762939453,26.399999618530273,26.200000762939453,26.399999618530273,24000,0.0,0.0
2023-11-20 12:00:00+08:00,26.399999618530273,26.399999618530273,26.100000381469727,26.100000381469727,4196,0.0,0.0
2023-11-20 13:00:00+08:00,26.200000762939453,26.200000762939453,26.200000762939453,26.200000762939453,11000,0.0,0.0
2023-11-21 09:00:00+08:00,26.5,26.700000762939453,26.25,26.25,0,0.0,0.0
2023-11-21 10:00:00+08:00,26.25,26.299999237060547,26.25,26.299999237060547,8001,0.0,0.0
2023-11-21 11:00:00+08:00,26.299999237060547,26.350000381469727,26.299999237060547,26.350000381469727,13000,0.0,0.0
2023-11-21 12:00:00+08:00,26.299999237060547,26.299999237060547,26.25,26.25,19000,0.0,0.0
2023-11-21 13:00:00+08:00,26.25,26.25,26.149999618530273,26.149999618530273,12000,0.0,0.0
2023-11-22 09:00:00+08:00,26.049999237060547,26.049999237060547,26.0,26.0,0,0.0,0.0
2023-11-22 10:00:00+08:00,26.100000381469727,26.25,26.100000381469727,26.25,35000,0.0,0.0
2023-11-22 11:00:00+08:00,26.25,26.549999237060547,26.25,26.25,34100,0.0,0.0
2023-11-22 12:00:00+08:00,26.25,26.25,26.149999618530273,26.149999618530273,20000,0.0,0.0
2023-11-22 13:00:00+08:00,26.149999618530273,26.5,26.149999618530273,26.299999237060547,23000,0.0,0.0
2023-11-23 09:00:00+08:00,26.350000381469727,26.649999618530273,26.200000762939453,26.5,0,0.0,0.0
2023-11-23 10:00:00+08:00,26.450000762939453,26.649999618530273,26.200000762939453,26.299999237060547,82000,0.0,0.0
2023-11-23 11:00:00+08:00,26.399999618530273,26.399999618530273,26.350000381469727,26.350000381469727,4000,0.0,0.0
2023-11-23 12:00:00+08:00,26.350000381469727,26.600000381469727,26.350000381469727,26.600000381469727,23205,0.0,0.0
2023-11-23 13:00:00+08:00,26.649999618530273,26.700000762939453,26.450000762939453,26.450000762939453,22011,0.0,0.0
2023-11-24 09:00:00+08:00,26.549999237060547,26.549999237060547,26.299999237060547,26.350000381469727,0,0.0,0.0
2023-11-24 10:00:00+08:00,26.399999618530273,26.450000762939453,26.350000381469727,26.450000762939453,10000,0.0,0.0
2023-11-24 11:00:00+08:00,26.450000762939453,26.549999237060547,26.350000381469727,26.350000381469727,10000,0.0,0.0
2023-11-24 12:00:00+08:00,26.350000381469727,26.350000381469727,26.149999618530273,26.149999618530273,32000,0.0,0.0
2023-11-24 13:00:00+08:00,26.149999618530273,26.149999618530273,26.149999618530273,26.149999618530273,5000,0.0,0.0
2023-11-27 09:00:00+08:00,26.0,26.0,25.899999618530273,25.899999618530273,0,0.0,0.0
2023-11-27 10:00:00+08:00,25.899999618530273,26.049999237060547,25.899999618530273,26.0,10000,0.0,0.0
2023-11-27 11:00:00+08:00,26.0,26.0,25.899999618530273,25.899999618530273,15000,0.0,0.0
2023-11-27 12:00:00+08:00,25.899999618530273,25.899999618530273,25.799999237060547,25.799999237060547,19040,0.0,0.0
2023-11-27 13:00:00+08:00,25.75,25.850000381469727,25.700000762939453,25.75,15002,0.0,0.0
2023-11-28 09:00:00+08:00,25.75,25.799999237060547,25.700000762939453,25.799999237060547,0,0.0,0.0
2023-11-28 10:00:00+08:00,25.799999237060547,25.799999237060547,25.799999237060547,25.799999237060547,5000,0.0,0.0
2023-11-28 12:00:00+08:00,26.0,26.0,25.799999237060547,25.799999237060547,22004,0.0,0.0
2023-11-28 13:00:00+08:00,25.799999237060547,25.799999237060547,25.799999237060547,25.799999237060547,3030,0.0,0.0
2023-11-29 09:00:00+08:00,25.850000381469727,26.0,25.850000381469727,26.0,15000,0.0,0.0
2023-11-29 10:00:00+08:00,26.149999618530273,26.149999618530273,26.0,26.0,6500,0.0,0.0
2023-11-29 11:00:00+08:00,26.0,26.0,25.950000762939453,25.950000762939453,2000,0.0,0.0
2023-11-29 13:00:00+08:00,25.950000762939453,25.950000762939453,25.850000381469727,25.899999618530273,23000,0.0,0.0
2023-11-30 09:00:00+08:00,26.0,26.200000762939453,26.0,26.200000762939453,0,0.0,0.0
2023-11-30 10:00:00+08:00,26.200000762939453,26.5,26.200000762939453,26.450000762939453,46030,0.0,0.0
2023-11-30 11:00:00+08:00,26.450000762939453,26.5,26.399999618530273,26.399999618530273,17000,0.0,0.0
2023-11-30 12:00:00+08:00,26.399999618530273,26.399999618530273,26.200000762939453,26.200000762939453,22000,0.0,0.0
2023-11-30 13:00:00+08:00,26.299999237060547,26.399999618530273,26.299999237060547,26.350000381469727,10019,0.0,0.0
2023-12-01 09:00:00+08:00,26.350000381469727,26.350000381469727,26.25,26.350000381469727,0,0.0,0.0
2023-12-01 10:00:00+08:00,26.25,26.5,26.25,26.5,6000,0.0,0.0
2023-12-01 11:00:00+08:00,26.5,26.5,26.399999618530273,26.450000762939453,18000,0.0,0.0
2023-12-01 12:00:00+08:00,26.450000762939453,26.450000762939453,26.25,26.25,32000,0.0,0.0
2023-12-01 13:00:00+08:00,26.25,26.25,26.25,26.25,3000,0.0,0.0
2023-12-04 09:00:00+08:00,26.25,26.799999237060547,26.25,26.700000762939453,0,0.0,0.0
2023-12-04 10:00:00+08:00,26.700000762939453,26.799999237060547,26.700000762939453,26.75,29000,0.0,0.0
2023-12-04 11:00:00+08:00,26.700000762939453,26.700000762939453,26.600000381469727,26.600000381469727,4000,0.0,0.0
2023-12-04 12:00:00+08:00,26.600000381469727,26.600000381469727,26.5,26.5,0,0.0,0.0
2023-12-04 13:00:00+08:00,26.5,26.700000762939453,26.450000762939453,26.450000762939453,88074,0.0,0.0
2023-12-05 09:00:00+08:00,26.850000381469727,26.850000381469727,26.5,26.850000381469727,0,0.0,0.0
2023-12-05 10:00:00+08:00,26.850000381469727,27.100000381469727,26.75,26.75,25000,0.0,0.0
2023-12-05 11:00:00+08:00,26.700000762939453,26.799999237060547,26.700000762939453,26.799999237060547,4320,0.0,0.0
2023-12-05 12:00:00+08:00,26.799999237060547,26.799999237060547,26.700000762939453,26.75,10000,0.0,0.0
2023-12-05 13:00:00+08:00,26.75,26.799999237060547,26.75,26.799999237060547,7000,0.0,0.0
2023-12-06 09:00:00+08:00,27.100000381469727,27.100000381469727,26.75,26.75,0,0.0,0.0
2023-12-06 10:00:00+08:00,26.75,26.75,26.600000381469727,26.600000381469727,15000,0.0,0.0
2023-12-06 11:00:00+08:00,26.649999618530273,26.649999618530273,26.5,26.600000381469727,29000,0.0,0.0
2023-12-06 12:00:00+08:00,26.75,26.75,26.600000381469727,26.600000381469727,9000,0.0,0.0
2023-12-06 13:00:00+08:00,26.600000381469727,26.700000762939453,26.600000381469727,26.700000762939453,35000,0.0,0.0
2023-12-07 09:00:00+08:00,26.700000762939453,26.799999237060547,26.600000381469727,26.600000381469727,0,0.0,0.0
2023-12-07 10:00:00+08:00,26.600000381469727,26.600000381469727,26.600000381469727,26.600000381469727,2000,0.0,0.0
2023-12-07 11:00:00+08:00,26.549999237060547,26.549999237060547,26.450000762939453,26.450000762939453,14012,0.0,0.0
2023-12-07 12:00:00+08:00,26.450000762939453,26.450000762939453,26.350000381469727,26.399999618530273,8000,0.0,0.0
2023-12-07 13:00:00+08:00,26.350000381469727,26.350000381469727,26.200000762939453,26.200000762939453,12000,0.0,0.0
2023-12-08 09:00:00+08:00,26.600000381469727,26.600000381469727,26.549999237060547,26.549999237060547,0,0.0,0.0
2023-12-08 10:00:00+08:00,26.549999237060547,26.549999237060547,26.25,26.25,9014,0.0,0.0
2023-12-08 11:00:00+08:00,26.25,26.299999237060547,26.200000762939453,26.299999237060547,24200,0.0,0.0
2023-12-08 12:00:00+08:00,26.25,26.399999618530273,26.25,26.299999237060547,17100,0.0,0.0
2023-12-08 13:00:00+08:00,26.299999237060547,26.299999237060547,26.299999237060547,26.299999237060547,2000,0.0,0.0
2023-12-11 09:00:00+08:00,26.299999237060547,26.299999237060547,25.950000762939453,26.0,0,0.0,0.0
2023-12-11 10:00:00+08:00,25.899999618530273,26.0,25.5,25.5,31794,0.0,0.0
2023-12-11 11:00:00+08:00,25.75,25.799999237060547,25.600000381469727,25.799999237060547,7000,0.0,0.0
2023-12-11 12:00:00+08:00,25.700000762939453,25.700000762939453,25.600000381469727,25.600000381469727,23072,0.0,0.0
2023-12-11 13:00:00+08:00,25.600000381469727,25.649999618530273,25.600000381469727,25.600000381469727,8000,0.0,0.0
2023-12-12 09:00:00+08:00,26.049999237060547,26.049999237060547,25.950000762939453,26.0,0,0.0,0.0
2023-12-12 10:00:00+08:00,26.0,26.0,25.649999618530273,25.649999618530273,8000,0.0,0.0
2023-12-12 11:00:00+08:00,25.649999618530273,25.649999618530273,25.600000381469727,25.600000381469727,5000,0.0,0.0
2023-12-12 12:00:00+08:00,25.600000381469727,25.600000381469727,25.549999237060547,25.600000381469727,13000,0.0,0.0
2023-12-12 13:00:00+08:00,25.600000381469727,25.600000381469727,25.600000381469727,25.600000381469727,1000,0.0,0.0
2023-12-13 09:00:00+08:00,25.549999237060547,25.899999618530273,25.549999237060547,25.899999618530273,23017,0.0,0.0
2023-12-13 10:00:00+08:00,25.75,25.850000381469727,25.75,25.850000381469727,8000,0.0,0.0
2023-12-13 11:00:00+08:00,25.799999237060547,25.799999237060547,25.649999618530273,25.700000762939453,13000,0.0,0.0
2023-12-13 12:00:00+08:00,25.700000762939453,25.799999237060547,25.700000762939453,25.799999237060547,5001,0.0,0.0
2023-12-13 13:00:00+08:00,25.799999237060547,25.799999237060547,25.700000762939453,25.799999237060547,7000,0.0,0.0
2023-12-14 09:00:00+08:00,26.049999237060547,26.049999237060547,25.799999237060547,25.799999237060547,0,0.0,0.0
2023-12-14 10:00:00+08:00,25.700000762939453,25.700000762939453,25.700000762939453,25.700000762939453,2000,0.0,0.0
2023-12-14 11:00:00+08:00,25.700000762939453,25.899999618530273,25.700000762939453,25.899999618530273,4039,0.0,0.0
2023-12-14 12:00:00+08:00,25.799999237060547,25.899999618530273,25.75,25.899999618530273,12047,0.0,0.0
2023-12-14 13:00:00+08:00,25.899999618530273,25.950000762939453,25.899999618530273,25.950000762939453,10000,0.0,0.0
2023-12-15 09:00:00+08:00,25.700000762939453,25.700000762939453,25.649999618530273,25.649999618530273,0,0.0,0.0
2023-12-15 10:00:00+08:00,25.700000762939453,25.700000762939453,25.5,25.5,12000,0.0,0.0
2023-12-15 11:00:00+08:00,25.600000381469727,25.799999237060547,25.600000381469727,25.799999237060547,3000,0.0,0.0
2023-12-15 12:00:00+08:00,25.600000381469727,25.75,25.600000381469727,25.75,2000,0.0,0.0
2023-12-15 13:00:00+08:00,25.600000381469727,25.600000381469727,25.5,25.5,40010,0.0,0.0
2023-12-18 09:00:00+08:00,25.549999237060547,25.700000762939453,25.549999237060547,25.700000762939453,0,0.0,0.0
2023-12-18 10:00:00+08:00,25.549999237060547,25.549999237060547,25.350000381469727,25.350000381469727,28004,0.0,0.0
2023-12-18 11:00:00+08:00,25.5,25.5,25.450000762939453,25.5,5000,0.0,0.0
2023-12-18 12:00:00+08:00,25.450000762939453,25.450000762939453,25.399999618530273,25.399999618530273,7000,0.0,0.0
2023-12-18 13:00:00+08:00,25.399999618530273,25.399999618530273,25.350000381469727,25.350000381469727,20000,0.0,0.0
2023-12-19 09:00:00+08:00,25.350000381469727,25.350000381469727,25.299999237060547,25.299999237060547,3090,0.0,0.0
2023-12-19 10:00:00+08:00,25.299999237060547,25.299999237060547,25.0,25.25,20418,0.0,0.0
2023-12-19 11:00:00+08:00,25.350000381469727,25.350000381469727,25.0,25.0,15000,0.0,0.0
2023-12-19 12:00:00+08:00,25.049999237060547,25.100000381469727,25.0,25.100000381469727,6100,0.0,0.0
2023-12-19 13:00:00+08:00,25.100000381469727,25.100000381469727,25.100000381469727,25.100000381469727,2000,0.0,0.0
2023-12-20 09:00:00+08:00,25.049999237060547,25.399999618530273,25.049999237060547,25.100000381469727,0,0.0,0.0
2023-12-20 10:00:00+08:00,25.100000381469727,25.350000381469727,25.100000381469727,25.350000381469727,40000,0.0,0.0
2023-12-20 11:00:00+08:00,25.149999618530273,25.5,25.100000381469727,25.5,20000,0.0,0.0
2023-12-20 12:00:00+08:00,25.5,25.5,25.5,25.5,2000,0.0,0.0
2023-12-20 13:00:00+08:00,25.5,25.549999237060547,25.5,25.5,6491,0.0,0.0
2023-12-21 09:00:00+08:00,25.299999237060547,25.450000762939453,25.299999237060547,25.299999237060547,0,0.0,0.0
2023-12-21 10:00:00+08:00,25.25,25.25,25.100000381469727,25.100000381469727,2003,0.0,0.0
2023-12-21 11:00:00+08:00,25.049999237060547,25.049999237060547,25.0,25.0,16000,0.0,0.0
2023-12-21 12:00:00+08:00,25.25,25.25,25.25,25.25,1050,0.0,0.0
2023-12-21 13:00:00+08:00,25.200000762939453,25.200000762939453,25.100000381469727,25.100000381469727,2000,0.0,0.0
2023-12-22 09:00:00+08:00,25.100000381469727,25.450000762939453,25.0,25.0,14000,0.0,0.0
2023-12-22 10:00:00+08:00,25.049999237060547,25.049999237060547,24.75,24.850000381469727,40055,0.0,0.0
2023-12-22 11:00:00+08:00,24.850000381469727,24.950000762939453,24.850000381469727,24.950000762939453,0,0.0,0.0
2023-12-22 12:00:00+08:00,24.850000381469727,25.399999618530273,24.850000381469727,25.399999618530273,85055,0.0,0.0
2023-12-25 10:00:00+08:00,25.049999237060547,25.049999237060547,25.049999237060547,25.049999237060547,0,0.0,0.0
2023-12-25 11:00:00+08:00,25.100000381469727,25.100000381469727,25.0,25.0,14000,0.0,0.0
2023-12-25 12:00:00+08:00,25.0,25.0,24.899999618530273,25.0,16000,0.0,0.0
2023-12-25 13:00:00+08:00,25.049999237060547,25.049999237060547,25.0,25.0,3000,0.0,0.0
2023-12-26 09:00:00+08:00,25.0,25.100000381469727,25.0,25.0,0,0.0,0.0
2023-12-26 10:00:00+08:00,25.049999237060547,25.049999237060547,25.0,25.0,49010,0.0,0.0
2023-12-26 11:00:00+08:00,24.950000762939453,24.950000762939453,24.850000381469727,24.899999618530273,16000,0.0,0.0
2023-12-26 12:00:00+08:00,25.049999237060547,25.100000381469727,24.950000762939453,24.950000762939453,8040,0.0,0.0
2023-12-26 13:00:00+08:00,25.0,25.0,24.950000762939453,25.0,16030,0.0,0.0
2023-12-27 09:00:00+08:00,25.049999237060547,25.299999237060547,25.0,25.049999237060547,29224,0.0,0.0
2023-12-27 10:00:00+08:00,25.100000381469727,25.100000381469727,25.049999237060547,25.049999237060547,4000,0.0,0.0
2023-12-27 11:00:00+08:00,25.049999237060547,25.25,25.049999237060547,25.100000381469727,38000,0.0,0.0
2023-12-27 12:00:00+08:00,25.100000381469727,25.100000381469727,25.100000381469727,25.100000381469727,21042,0.0,0.0
2023-12-27 13:00:00+08:00,25.100000381469727,25.100000381469727,25.100000381469727,25.100000381469727,3001,0.0,0.0
2023-12-28 09:00:00+08:00,25.450000762939453,25.649999618530273,25.399999618530273,25.549999237060547,0,0.0,0.0
2023-12-28 10:00:00+08:00,25.549999237060547,25.549999237060547,25.450000762939453,25.5,10000,0.0,0.0
2023-12-28 11:00:00+08:00,25.5,25.700000762939453,25.5,25.600000381469727,32076,0.0,0.0
2023-12-28 12:00:00+08:00,25.600000381469727,25.649999618530273,25.549999237060547,25.549999237060547,10200,0.0,0.0
2023-12-28 13:00:00+08:00,25.549999237060547,25.549999237060547,25.5,25.5,5300,0.0,0.0
2023-12-29 09:00:00+08:00,25.600000381469727,25.600000381469727,25.549999237060547,25.549999237060547,0,0.0,0.0
2023-12-29 10:00:00+08:00,25.549999237060547,25.549999237060547,25.5,25.5,4000,0.0,0.0
2023-12-29 11:00:00+08:00,25.5,25.700000762939453,25.5,25.700000762939453,9000,0.0,0.0
2023-12-29 12:00:00+08:00,25.700000762939453,25.700000762939453,25.600000381469727,25.649999618530273,10000,0.0,0.0
2023-12-29 13:00:00+08:00,25.600000381469727,25.700000762939453,25.5,25.700000762939453,9000,0.0,0.0
2024-01-02 09:00:00+08:00,25.700000762939453,25.700000762939453,25.549999237060547,25.600000381469727,0,0.0,0.0
2024-01-02 10:00:00+08:00,25.450000762939453,25.450000762939453,25.299999237060547,25.299999237060547,3140,0.0,0.0
2024-01-02 11:00:00+08:00,25.350000381469727,25.350000381469727,25.350000381469727,25.350000381469727,2000,0.0,0.0
2024-01-02 12:00:00+08:00,25.350000381469727,25.350000381469727,25.350000381469727,25.350000381469727,7036,0.0,0.0
2024-01-03 09:00:00+08:00,25.399999618530273,25.450000762939453,25.399999618530273,25.450000762939453,0,0.0,0.0
2024-01-03 11:00:00+08:00,25.450000762939453,25.450000762939453,25.399999618530273,25.399999618530273,3000,0.0,0.0
2024-01-03 12:00:00+08:00,25.399999618530273,25.399999618530273,25.399999618530273,25.399999618530273,6000,0.0,0.0
2024-01-03 13:00:00+08:00,25.399999618530273,25.399999618530273,25.299999237060547,25.299999237060547,0,0.0,0.0
2024-01-04 09:00:00+08:00,25.25,25.299999237060547,25.049999237060547,25.200000762939453,30000,0.0,0.0
2024-01-04 10:00:00+08:00,25.149999618530273,25.200000762939453,25.100000381469727,25.200000762939453,11000,0.0,0.0
2024-01-04 11:00:00+08:00,25.25,25.25,25.25,25.25,3000,0.0,0.0
2024-01-04 12:00:00+08:00,25.25,25.25,25.100000381469727,25.100000381469727,18000,0.0,0.0
2024-01-04 13:00:00+08:00,25.100000381469727,25.100000381469727,25.100000381469727,25.100000381469727,5000,0.0,0.0
2024-01-05 09:00:00+08:00,25.149999618530273,25.299999237060547,25.149999618530273,25.299999237060547,0,0.0,0.0
2024-01-05 10:00:00+08:00,25.149999618530273,25.149999618530273,25.100000381469727,25.100000381469727,3000,0.0,0.0
2024-01-05 11:00:00+08:00,25.100000381469727,25.100000381469727,25.100000381469727,25.100000381469727,2000,0.0,0.0
2024-01-05 12:00:00+08:00,25.200000762939453,25.299999237060547,25.100000381469727,25.299999237060547,7000,0.0,0.0
2024-01-05 13:00:00+08:00,25.25,25.25,25.25,25.25,2000,0.0,0.0
2024-01-08 09:00:00+08:00,25.299999237060547,25.299999237060547,25.149999618530273,25.149999618530273,0,0.0,0.0
2024-01-08 10:00:00+08:00,25.100000381469727,25.25,25.100000381469727,25.25,13000,0.0,0.0
2024-01-08 11:00:00+08:00,25.149999618530273,25.25,24.899999618530273,24.899999618530273,32164,0.0,0.0
2024-01-08 12:00:00+08:00,25.0,25.0,25.0,25.0,8011,0.0,0.0
2024-01-08 13:00:00+08:00,25.0,25.0,24.899999618530273,24.950000762939453,17000,0.0,0.0
2024-01-09 09:00:00+08:00,25.0,25.850000381469727,25.0,25.850000381469727,0,0.0,0.0
2024-01-09 10:00:00+08:00,25.799999237060547,27.350000381469727,25.5,27.350000381469727,567958,0.0,0.0
2024-01-09 11:00:00+08:00,27.049999237060547,27.299999237060547,26.25,26.5,397330,0.0,0.0
2024-01-09 12:00:00+08:00,26.549999237060547,27.350000381469727,26.450000762939453,27.350000381469727,657595,0.0,0.0
2024-01-09 13:00:00+08:00,27.350000381469727,27.350000381469727,27.350000381469727,27.350000381469727,72010,0.0,0.0
2024-01-10 09:00:00+08:00,27.649999618530273,27.700000762939453,26.450000762939453,26.5,0,0.0,0.0
2024-01-10 10:00:00+08:00,26.5,27.350000381469727,26.399999618530273,26.700000762939453,389041,0.0,0.0
2024-01-10 11:00:00+08:00,26.649999618530273,26.649999618530273,25.700000762939453,25.799999237060547,279917,0.0,0.0
2024-01-10 12:00:00+08:00,25.850000381469727,26.149999618530273,25.5,25.899999618530273,222506,0.0,0.0
2024-01-10 13:00:00+08:00,25.950000762939453,26.100000381469727,25.899999618530273,25.899999618530273,73000,0.0,0.0
2024-01-11 09:00:00+08:00,26.299999237060547,26.299999237060547,25.899999618530273,26.049999237060547,0,0.0,0.0
2024-01-11 10:00:00+08:00,26.100000381469727,26.700000762939453,26.100000381469727,26.450000762939453,60000,0.0,0.0
2024-01-11 11:00:00+08:00,26.450000762939453,26.450000762939453,26.200000762939453,26.200000762939453,31003,0.0,0.0
2024-01-11 12:00:00+08:00,26.200000762939453,26.200000762939453,25.899999618530273,25.899999618530273,68397,0.0,0.0
2024-01-11 13:00:00+08:00,25.899999618530273,26.049999237060547,25.899999618530273,25.950000762939453,33040,0.0,0.0
2024-01-12 09:00:00+08:00,26.25,26.549999237060547,26.0,26.149999618530273,63171,0.0,0.0
2024-01-12 10:00:00+08:00,26.100000381469727,26.100000381469727,25.799999237060547,25.950000762939453,59099,0.0,0.0
2024-01-12 11:00:00+08:00,25.850000381469727,25.950000762939453,25.600000381469727,25.600000381469727,92011,0.0,0.0
2024-01-12 12:00:00+08:00,25.600000381469727,25.850000381469727,25.450000762939453,25.549999237060547,60270,0.0,0.0
2024-01-12 13:00:00+08:00,25.5,25.700000762939453,25.5,25.700000762939453,25000,0.0,0.0
2024-01-15 09:00:00+08:00,25.950000762939453,25.950000762939453,25.399999618530273,25.75,0,0.0,0.0
2024-01-15 10:00:00+08:00,25.799999237060547,26.200000762939453,25.799999237060547,25.899999618530273,21511,0.0,0.0
2024-01-15 11:00:00+08:00,25.950000762939453,25.950000762939453,25.850000381469727,25.899999618530273,20020,0.0,0.0
2024-01-15 12:00:00+08:00,25.850000381469727,25.950000762939453,25.799999237060547,25.950000762939453,33000,0.0,0.0
2024-01-15 13:00:00+08:00,25.950000762939453,26.0,25.75,26.0,39004,0.0,0.0
2024-01-16 09:00:00+08:00,25.799999237060547,26.799999237060547,25.799999237060547,26.200000762939453,0,0.0,0.0
2024-01-16 10:00:00+08:00,26.149999618530273,26.299999237060547,26.0,26.100000381469727,84000,0.0,0.0
2024-01-16 11:00:00+08:00,26.100000381469727,26.649999618530273,26.049999237060547,26.450000762939453,70000,0.0,0.0
2024-01-16 12:00:00+08:00,26.450000762939453,26.450000762939453,26.200000762939453,26.200000762939453,16102,0.0,0.0
2024-01-16 13:00:00+08:00,26.200000762939453,26.200000762939453,26.0,26.0,60203,0.0,0.0
2024-01-17 09:00:00+08:00,26.0,26.5,25.950000762939453,26.25,0,0.0,0.0
2024-01-17 10:00:00+08:00,26.200000762939453,26.200000762939453,26.0,26.0,18060,0.0,0.0
2024-01-17 11:00:00+08:00,26.0,26.049999237060547,26.0,26.049999237060547,13110,0.0,0.0
2024-01-17 12:00:00+08:00,26.049999237060547,26.100000381469727,25.850000381469727,26.100000381469727,36006,0.0,0.0
2024-01-17 13:00:00+08:00,25.850000381469727,25.850000381469727,25.799999237060547,25.799999237060547,10000,0.0,0.0
2024-01-18 09:00:00+08:00,25.700000762939453,25.899999618530273,25.299999237060547,25.299999237060547,0,0.0,0.0
2024-01-18 10:00:00+08:00,25.399999618530273,25.450000762939453,25.299999237060547,25.450000762939453,38000,0.0,0.0
2024-01-18 11:00:00+08:00,25.399999618530273,25.5,25.399999618530273,25.5,21012,0.0,0.0
2024-01-18 12:00:00+08:00,25.700000762939453,25.700000762939453,25.600000381469727,25.600000381469727,5000,0.0,0.0
2024-01-18 13:00:00+08:00,25.5,25.649999618530273,25.5,25.549999237060547,9000,0.0,0.0
2024-01-19 09:00:00+08:00,26.100000381469727,26.100000381469727,25.899999618530273,25.899999618530273,0,0.0,0.0
2024-01-19 10:00:00+08:00,25.850000381469727,25.899999618530273,25.799999237060547,25.899999618530273,13041,0.0,0.0
2024-01-19 11:00:00+08:00,25.75,25.899999618530273,25.600000381469727,25.600000381469727,22000,0.0,0.0
2024-01-19 12:00:00+08:00,25.600000381469727,25.799999237060547,25.600000381469727,25.799999237060547,9040,0.0,0.0
2024-01-19 13:00:00+08:00,25.850000381469727,25.899999618530273,25.850000381469727,25.899999618530273,10000,0.0,0.0
2024-01-22 09:00:00+08:00,25.899999618530273,26.399999618530273,25.899999618530273,26.0,0,0.0,0.0
2024-01-22 10:00:00+08:00,26.100000381469727,26.100000381469727,25.950000762939453,26.049999237060547,47100,0.0,0.0
2024-01-22 11:00:00+08:00,26.049999237060547,26.200000762939453,26.0,26.200000762939453,20000,0.0,0.0
2024-01-22 12:00:00+08:00,26.200000762939453,26.200000762939453,26.049999237060547,26.049999237060547,21040,0.0,0.0
2024-01-22 13:00:00+08:00,26.100000381469727,26.100000381469727,26.0,26.0,11003,0.0,0.0
2024-01-23 09:00:00+08:00,26.149999618530273,28.649999618530273,26.100000381469727,28.649999618530273,1077086,0.0,0.0
2024-01-23 10:00:00+08:00,28.649999618530273,28.649999618530273,28.649999618530273,28.649999618530273,200080,0.0,0.0
2024-01-23 11:00:00+08:00,28.649999618530273,28.649999618530273,27.600000381469727,28.350000381469727,582418,0.0,0.0
2024-01-23 12:00:00+08:00,28.350000381469727,28.399999618530273,27.899999618530273,28.299999237060547,262097,0.0,0.0
2024-01-23 13:00:00+08:00,28.25,28.299999237060547,27.950000762939453,28.149999618530273,136000,0.0,0.0
2024-01-24 09:00:00+08:00,27.700000762939453,28.200000762939453,27.600000381469727,27.700000762939453,256705,0.0,0.0
2024-01-24 10:00:00+08:00,27.649999618530273,27.649999618530273,27.25,27.25,265785,0.0,0.0
2024-01-24 11:00:00+08:00,27.25,27.549999237060547,27.100000381469727,27.25,83380,0.0,0.0
2024-01-24 12:00:00+08:00,27.25,27.299999237060547,27.049999237060547,27.049999237060547,107903,0.0,0.0
2024-01-24 13:00:00+08:00,27.100000381469727,27.299999237060547,27.0,27.049999237060547,54015,0.0,0.0
2024-01-25 09:00:00+08:00,27.049999237060547,29.700000762939453,27.049999237060547,29.700000762939453,862927,0.0,0.0
2024-01-25 10:00:00+08:00,29.700000762939453,29.700000762939453,29.700000762939453,29.700000762939453,153911,0.0,0.0
2024-01-25 11:00:00+08:00,29.700000762939453,29.700000762939453,29.700000762939453,29.700000762939453,29480,0.0,0.0
2024-01-25 12:00:00+08:00,29.700000762939453,29.700000762939453,29.700000762939453,29.700000762939453,21759,0.0,0.0
2024-01-25 13:00:00+08:00,29.700000762939453,29.700000762939453,29.700000762939453,29.700000762939453,33021,0.0,0.0
2024-01-26 09:00:00+08:00,29.299999237060547,31.700000762939453,28.600000381469727,30.399999618530273,1024098,0.0,0.0
2024-01-26 10:00:00+08:00,30.450000762939453,30.799999237060547,29.25,29.600000381469727,677567,0.0,0.0
2024-01-26 11:00:00+08:00,29.600000381469727,29.75,29.200000762939453,29.399999618530273,206066,0.0,0.0
2024-01-26 12:00:00+08:00,29.450000762939453,29.600000381469727,28.799999237060547,29.0,230179,0.0,0.0
2024-01-26 13:00:00+08:00,28.950000762939453,28.950000762939453,28.600000381469727,28.899999618530273,221315,0.0,0.0
2024-01-29 09:00:00+08:00,28.549999237060547,28.899999618530273,28.100000381469727,28.5,0,0.0,0.0
2024-01-29 10:00:00+08:00,28.549999237060547,28.700000762939453,28.399999618530273,28.649999618530273,103565,0.0,0.0
2024-01-29 11:00:00+08:00,28.649999618530273,28.649999618530273,28.5,28.549999237060547,21000,0.0,0.0
2024-01-29 12:00:00+08:00,28.549999237060547,28.549999237060547,28.149999618530273,28.399999618530273,81418,0.0,0.0
2024-01-29 13:00:00+08:00,28.350000381469727,28.549999237060547,28.200000762939453,28.549999237060547,76004,0.0,0.0
2024-01-30 09:00:00+08:00,28.600000381469727,29.850000381469727,28.600000381469727,29.0,0,0.0,0.0
2024-01-30 10:00:00+08:00,29.100000381469727,29.350000381469727,29.0,29.200000762939453,51106,0.0,0.0
2024-01-30 11:00:00+08:00,29.200000762939453,29.200000762939453,28.799999237060547,28.950000762939453,83787,0.0,0.0
2024-01-30 12:00:00+08:00,28.850000381469727,30.049999237060547,28.850000381469727,29.700000762939453,454557,0.0,0.0
2024-01-30 13:00:00+08:00,29.700000762939453,30.0,29.600000381469727,29.950000762939453,223193,0.0,0.0
2024-01-31 09:00:00+08:00,30.0,32.5,30.0,31.700000762939453,3205646,0.0,0.0
2024-01-31 10:00:00+08:00,31.700000762939453,31.899999618530273,31.399999618530273,31.700000762939453,381304,0.0,0.0
2024-01-31 11:00:00+08:00,31.700000762939453,32.0,31.5,31.950000762939453,310371,0.0,0.0
2024-01-31 12:00:00+08:00,31.950000762939453,31.950000762939453,31.549999237060547,31.649999618530273,206204,0.0,0.0
2024-01-31 13:00:00+08:00,31.600000381469727,31.75,31.5,31.700000762939453,229000,0.0,0.0
2024-02-01 09:00:00+08:00,31.5,32.400001525878906,31.049999237060547,31.100000381469727,0,0.0,0.0
2024-02-01 10:00:00+08:00,31.100000381469727,31.100000381469727,30.600000381469727,30.799999237060547,204873,0.0,0.0
2024-02-01 11:00:00+08:00,30.850000381469727,31.049999237060547,30.799999237060547,30.899999618530273,83021,0.0,0.0
2024-02-01 12:00:00+08:00,30.899999618530273,30.899999618530273,30.25,30.450000762939453,188966,0.0,0.0
2024-02-01 13:00:00+08:00,30.549999237060547,30.850000381469727,30.350000381469727,30.600000381469727,139047,0.0,0.0
2024-02-02 09:00:00+08:00,30.399999618530273,30.799999237060547,29.799999237060547,29.799999237060547,342596,0.0,0.0
2024-02-02 10:00:00+08:00,29.799999237060547,29.799999237060547,29.5,29.549999237060547,198212,0.0,0.0
2024-02-02 11:00:00+08:00,29.549999237060547,29.700000762939453,29.549999237060547,29.700000762939453,61020,0.0,0.0
2024-02-02 12:00:00+08:00,29.75,29.850000381469727,29.350000381469727,29.350000381469727,100579,0.0,0.0
2024-02-02 13:00:00+08:00,29.299999237060547,29.299999237060547,29.200000762939453,29.25,87000,0.0,0.0
2024-02-05 09:00:00+08:00,28.950000762939453,29.600000381469727,28.100000381469727,28.399999618530273,0,0.0,0.0
2024-02-05 10:00:00+08:00,28.450000762939453,28.899999618530273,28.399999618530273,28.649999618530273,39140,0.0,0.0
2024-02-05 11:00:00+08:00,28.600000381469727,28.700000762939453,28.600000381469727,28.700000762939453,22130,0.0,0.0
2024-02-05 12:00:00+08:00,28.649999618530273,28.850000381469727,28.399999618530273,28.399999618530273,87420,0.0,0.0
2024-02-05 13:00:00+08:00,28.399999618530273,28.700000762939453,28.399999618530273,28.5,52300,0.0,0.0
2024-02-15 09:00:00+08:00,28.5,28.549999237060547,27.950000762939453,28.350000381469727,0,0.0,0.0
2024-02-15 10:00:00+08:00,28.350000381469727,28.899999618530273,28.350000381469727,28.700000762939453,112098,0.0,0.0
2024-02-15 11:00:00+08:00,28.600000381469727,28.649999618530273,28.450000762939453,28.5,27000,0.0,0.0
2024-02-15 12:00:00+08:00,28.5,28.5,28.049999237060547,28.049999237060547,46351,0.0,0.0
2024-02-15 13:00:00+08:00,28.100000381469727,28.200000762939453,28.100000381469727,28.149999618530273,38000,0.0,0.0
2024-02-16 09:00:00+08:00,28.299999237060547,29.0,28.299999237060547,28.649999618530273,152158,0.0,0.0
2024-02-16 10:00:00+08:00,28.600000381469727,29.5,28.549999237060547,29.25,121226,0.0,0.0
2024-02-16 11:00:00+08:00,29.299999237060547,29.350000381469727,29.100000381469727,29.100000381469727,62000,0.0,0.0
2024-02-16 12:00:00+08:00,29.100000381469727,29.549999237060547,29.100000381469727,29.299999237060547,90449,0.0,0.0
2024-02-16 13:00:00+08:00,29.350000381469727,29.600000381469727,29.350000381469727,29.5,59031,0.0,0.0
2024-02-19 09:00:00+08:00,29.399999618530273,29.700000762939453,29.399999618530273,29.5,0,0.0,0.0
2024-02-19 10:00:00+08:00,29.5,30.850000381469727,29.0,30.75,332276,0.0,0.0
2024-02-19 11:00:00+08:00,30.75,31.450000762939453,29.950000762939453,30.200000762939453,256008,0.0,0.0
2024-02-19 12:00:00+08:00,30.200000762939453,30.549999237060547,30.200000762939453,30.399999618530273,44462,0.0,0.0
2024-02-19 13:00:00+08:00,30.399999618530273,30.700000762939453,30.350000381469727,30.399999618530273,63050,0.0,0.0
2024-02-20 09:00:00+08:00,31.0,31.75,30.5,31.149999618530273,0,0.0,0.0
2024-02-20 10:00:00+08:00,31.100000381469727,31.649999618530273,31.0,31.149999618530273,230386,0.0,0.0
2024-02-20 11:00:00+08:00,31.200000762939453,33.29999923706055,31.200000762939453,32.650001525878906,2197809,0.0,0.0
2024-02-20 12:00:00+08:00,32.650001525878906,33.900001525878906,32.5,33.349998474121094,2189267,0.0,0.0
2024-02-20 13:00:00+08:00,33.349998474121094,33.650001525878906,32.599998474121094,32.75,528718,0.0,0.0
2024-02-21 09:00:00+08:00,32.599998474121094,32.95000076293945,31.850000381469727,32.599998474121094,0,0.0,0.0
2024-02-21 10:00:00+08:00,32.599998474121094,32.599998474121094,32.04999923706055,32.150001525878906,276847,0.0,0.0
2024-02-21 11:00:00+08:00,32.099998474121094,32.29999923706055,32.04999923706055,32.20000076293945,155400,0.0,0.0
2024-02-21 12:00:00+08:00,32.150001525878906,32.150001525878906,32.0,32.150001525878906,187320,0.0,0.0
2024-02-21 13:00:00+08:00,32.04999923706055,32.20000076293945,32.04999923706055,32.099998474121094,134274,0.0,0.0
2024-02-22 09:00:00+08:00,32.04999923706055,33.099998474121094,31.850000381469727,32.70000076293945,0,0.0,0.0
2024-02-22 10:00:00+08:00,32.75,33.0,32.400001525878906,32.45000076293945,237925,0.0,0.0
2024-02-22 11:00:00+08:00,32.45000076293945,32.900001525878906,32.45000076293945,32.650001525878906,151220,0.0,0.0
2024-02-22 12:00:00+08:00,32.650001525878906,33.599998474121094,32.650001525878906,32.79999923706055,487858,0.0,0.0
2024-02-22 13:00:00+08:00,32.900001525878906,33.0,32.54999923706055,32.599998474121094,117075,0.0,0.0
2024-02-23 09:00:00+08:00,33.20000076293945,33.400001525878906,32.400001525878906,32.5,375359,0.0,0.0
2024-02-23 10:00:00+08:00,32.45000076293945,32.45000076293945,31.75,32.04999923706055,233638,0.0,0.0
2024-02-23 11:00:00+08:00,32.0,32.04999923706055,31.899999618530273,32.04999923706055,83090,0.0,0.0
2024-02-23 12:00:00+08:00,32.0,32.099998474121094,31.850000381469727,31.850000381469727,58899,0.0,0.0
2024-02-23 13:00:00+08:00,31.850000381469727,31.850000381469727,31.75,31.850000381469727,75153,0.0,0.0
2024-02-26 09:00:00+08:00,32.20000076293945,32.650001525878906,31.850000381469727,32.04999923706055,0,0.0,0.0
2024-02-26 10:00:00+08:00,32.04999923706055,32.04999923706055,31.350000381469727,31.350000381469727,119185,0.0,0.0
2024-02-26 11:00:00+08:00,31.350000381469727,31.5,31.100000381469727,31.350000381469727,96645,0.0,0.0
2024-02-26 12:00:00+08:00,31.25,31.350000381469727,31.200000762939453,31.350000381469727,55514,0.0,0.0
2024-02-26 13:00:00+08:00,31.299999237060547,31.350000381469727,31.149999618530273,31.299999237060547,68420,0.0,0.0
2024-02-27 09:00:00+08:00,31.450000762939453,31.5,30.850000381469727,30.850000381469727,0,0.0,0.0
2024-02-27 10:00:00+08:00,30.799999237060547,30.799999237060547,30.100000381469727,30.399999618530273,204941,0.0,0.0
2024-02-27 11:00:00+08:00,30.5,30.549999237060547,30.299999237060547,30.299999237060547,41353,0.0,0.0
2024-02-27 12:00:00+08:00,30.25,31.25,30.0,31.25,240127,0.0,0.0
2024-02-27 13:00:00+08:00,31.350000381469727,31.700000762939453,31.25,31.600000381469727,122115,0.0,0.0
2024-02-29 09:00:00+08:00,32.0,32.599998474121094,31.850000381469727,32.599998474121094,0,0.0,0.0
2024-02-29 10:00:00+08:00,32.45000076293945,33.0,31.950000762939453,32.900001525878906,614119,0.0,0.0
2024-02-29 11:00:00+08:00,32.900001525878906,34.349998474121094,32.849998474121094,33.95000076293945,2254348,0.0,0.0
2024-02-29 12:00:00+08:00,33.95000076293945,34.54999923706055,33.95000076293945,34.04999923706055,755449,0.0,0.0
2024-02-29 13:00:00+08:00,34.04999923706055,34.45000076293945,34.0,34.099998474121094,203217,0.0,0.0
2024-03-01 09:00:00+08:00,33.900001525878906,34.79999923706055,32.75,32.79999923706055,0,0.0,0.0
2024-03-01 10:00:00+08:00,33.0,33.650001525878906,32.79999923706055,33.349998474121094,152410,0.0,0.0
2024-03-01 11:00:00+08:00,33.349998474121094,33.349998474121094,32.900001525878906,33.0,71549,0.0,0.0
2024-03-01 12:00:00+08:00,33.099998474121094,33.20000076293945,32.54999923706055,32.599998474121094,185400,0.0,0.0
2024-03-01 13:00:00+08:00,32.599998474121094,32.599998474121094,32.45000076293945,32.5,133455,0.0,0.0
2024-03-04 09:00:00+08:00,32.70000076293945,35.0,32.5,34.099998474121094,0,0.0,0.0
2024-03-04 10:00:00+08:00,34.04999923706055,34.150001525878906,33.75,34.0,103101,0.0,0.0
2024-03-04 11:00:00+08:00,33.95000076293945,34.0,33.70000076293945,33.70000076293945,77853,0.0,0.0
2024-03-04 12:00:00+08:00,33.70000076293945,33.75,33.400001525878906,33.45000076293945,145191,0.0,0.0
2024-03-04 13:00:00+08:00,33.400001525878906,33.79999923706055,33.29999923706055,33.45000076293945,115094,0.0,0.0
2024-03-05 09:00:00+08:00,33.29999923706055,33.29999923706055,32.54999923706055,32.54999923706055,0,0.0,0.0
2024-03-05 10:00:00+08:00,32.70000076293945,33.400001525878906,32.70000076293945,32.75,88050,0.0,0.0
2024-03-05 11:00:00+08:00,32.75,32.79999923706055,32.0,32.400001525878906,219076,0.0,0.0
2024-03-05 12:00:00+08:00,32.5,32.70000076293945,32.0,32.150001525878906,166525,0.0,0.0
2024-03-05 13:00:00+08:00,32.099998474121094,32.150001525878906,32.0,32.04999923706055,89193,0.0,0.0
2024-03-06 09:00:00+08:00,32.20000076293945,32.29999923706055,31.75,32.29999923706055,0,0.0,0.0
2024-03-06 10:00:00+08:00,32.20000076293945,32.29999923706055,32.0,32.099998474121094,41026,0.0,0.0
2024-03-06 11:00:00+08:00,32.099998474121094,32.150001525878906,32.04999923706055,32.04999923706055,40110,0.0,0.0
2024-03-06 12:00:00+08:00,32.0,32.0,31.799999237060547,32.0,93943,0.0,0.0
2024-03-06 13:00:00+08:00,32.0,32.0,31.799999237060547,31.950000762939453,76061,0.0,0.0
2024-03-07 09:00:00+08:00,32.25,32.25,31.299999237060547,31.399999618530273,0,0.0,0.0
2024-03-07 10:00:00+08:00,31.450000762939453,31.5,31.149999618530273,31.299999237060547,162943,0.0,0.0
2024-03-07 11:00:00+08:00,31.350000381469727,31.399999618530273,31.200000762939453,31.200000762939453,51347,0.0,0.0
2024-03-07 12:00:00+08:00,31.149999618530273,31.200000762939453,30.799999237060547,30.850000381469727,109988,0.0,0.0
2024-03-07 13:00:00+08:00,31.0,31.0,30.799999237060547,30.850000381469727,91200,0.0,0.0
2024-03-08 09:00:00+08:00,30.700000762939453,33.70000076293945,30.700000762939453,32.650001525878906,2285171,0.0,0.0
2024-03-08 10:00:00+08:00,32.650001525878906,32.650001525878906,31.0,31.049999237060547,469490,0.0,0.0
2024-03-08 11:00:00+08:00,31.049999237060547,31.049999237060547,28.950000762939453,30.299999237060547,704111,0.0,0.0
2024-03-08 12:00:00+08:00,30.299999237060547,31.399999618530273,30.200000762939453,31.200000762939453,149081,0.0,0.0
2024-03-08 13:00:00+08:00,31.200000762939453,31.299999237060547,30.700000762939453,30.75,108318,0.0,0.0
2024-03-11 09:00:00+08:00,30.200000762939453,30.600000381469727,30.200000762939453,30.200000762939453,0,0.0,0.0
2024-03-11 10:00:00+08:00,30.200000762939453,31.0,30.200000762939453,31.0,40500,0.0,0.0
2024-03-11 11:00:00+08:00,31.0,31.0,30.700000762939453,30.799999237060547,17194,0.0,0.0
2024-03-11 12:00:00+08:00,30.799999237060547,31.0,30.549999237060547,30.549999237060547,59012,0.0,0.0
2024-03-11 13:00:00+08:00,30.549999237060547,30.649999618530273,30.5,30.549999237060547,26110,0.0,0.0
2024-03-12 09:00:00+08:00,30.200000762939453,31.700000762939453,30.200000762939453,31.350000381469727,0,0.0,0.0
2024-03-12 10:00:00+08:00,31.299999237060547,31.700000762939453,31.25,31.600000381469727,87704,0.0,0.0
2024-03-12 11:00:00+08:00,31.549999237060547,31.549999237060547,31.450000762939453,31.450000762939453,23041,0.0,0.0
2024-03-12 12:00:00+08:00,31.5,32.79999923706055,31.5,32.29999923706055,455864,0.0,0.0
2024-03-12 13:00:00+08:00,32.29999923706055,32.900001525878906,32.29999923706055,32.849998474121094,176019,0.0,0.0
2024-03-13 09:00:00+08:00,34.650001525878906,35.599998474121094,33.650001525878906,33.900001525878906,1867629,0.0,0.0
2024-03-13 10:00:00+08:00,33.849998474121094,33.849998474121094,32.599998474121094,32.900001525878906,638743,0.0,0.0
2024-03-13 11:00:00+08:00,32.900001525878906,33.150001525878906,32.70000076293945,33.150001525878906,118060,0.0,0.0
2024-03-13 12:00:00+08:00,33.099998474121094,33.099998474121094,32.70000076293945,32.849998474121094,160149,0.0,0.0
2024-03-13 13:00:00+08:00,32.849998474121094,33.099998474121094,32.75,33.099998474121094,152100,0.0,0.0
2024-03-14 09:00:00+08:00,32.54999923706055,33.25,32.25,32.650001525878906,0,0.0,0.0
2024-03-14 10:00:00+08:00,32.54999923706055,32.849998474121094,32.25,32.349998474121094,101000,0.0,0.0
2024-03-14 11:00:00+08:00,32.5,32.5,32.099998474121094,32.20000076293945,121869,0.0,0.0
2024-03-14 12:00:00+08:00,32.29999923706055,32.45000076293945,32.20000076293945,32.29999923706055,0,0.0,0.0
2024-03-14 13:00:00+08:00,32.25,32.29999923706055,32.0,32.099998474121094,587632,0.0,0.0
2024-03-15 09:00:00+08:00,31.350000381469727,32.45000076293945,31.350000381469727,32.20000076293945,0,0.0,0.0
2024-03-15 10:00:00+08:00,32.20000076293945,32.29999923706055,31.5,31.700000762939453,53202,0.0,0.0
2024-03-15 11:00:00+08:00,31.649999618530273,32.0,31.649999618530273,31.700000762939453,18000,0.0,0.0
2024-03-15 12:00:00+08:00,31.700000762939453,31.700000762939453,31.549999237060547,31.549999237060547,19015,0.0,0.0
2024-03-15 13:00:00+08:00,31.549999237060547,31.75,31.549999237060547,31.75,32163,0.0,0.0
2024-03-18 09:00:00+08:00,31.049999237060547,32.5,31.049999237060547,32.04999923706055,0,0.0,0.0
2024-03-18 10:00:00+08:00,32.04999923706055,32.04999923706055,31.700000762939453,31.700000762939453,26058,0.0,0.0
2024-03-18 11:00:00+08:00,31.700000762939453,31.700000762939453,31.600000381469727,31.600000381469727,29261,0.0,0.0
2024-03-18 12:00:00+08:00,31.700000762939453,32.0,31.700000762939453,31.899999618530273,44480,0.0,0.0
2024-03-18 13:00:00+08:00,31.899999618530273,32.04999923706055,31.850000381469727,31.850000381469727,29055,0.0,0.0
2024-03-19 09:00:00+08:00,32.400001525878906,33.900001525878906,32.0,33.54999923706055,263759,0.0,0.0
2024-03-19 10:00:00+08:00,33.5,33.54999923706055,33.20000076293945,33.20000076293945,125000,0.0,0.0
2024-03-19 11:00:00+08:00,33.25,33.45000076293945,32.099998474121094,32.29999923706055,336165,0.0,0.0
2024-03-19 12:00:00+08:00,32.29999923706055,32.650001525878906,32.20000076293945,32.599998474121094,91854,0.0,0.0
2024-03-19 13:00:00+08:00,32.54999923706055,32.79999923706055,32.400001525878906,32.79999923706055,38065,0.0,0.0
2024-03-20 09:00:00+08:00,32.599998474121094,33.45000076293945,32.400001525878906,32.54999923706055,210146,0.0,0.0
2024-03-20 10:00:00+08:00,32.54999923706055,32.54999923706055,32.099998474121094,32.20000076293945,66500,0.0,0.0
2024-03-20 11:00:00+08:00,32.20000076293945,32.400001525878906,32.20000076293945,32.25,43119,0.0,0.0
2024-03-20 12:00:00+08:00,32.20000076293945,32.20000076293945,31.649999618530273,31.899999618530273,156424,0.0,0.0
2024-03-20 13:00:00+08:00,31.799999237060547,31.799999237060547,31.649999618530273,31.649999618530273,55610,0.0,0.0
2024-03-21 09:00:00+08:00,32.400001525878906,34.0,32.0,33.79999923706055,666121,0.0,0.0
2024-03-21 10:00:00+08:00,33.75,34.099998474121094,33.349998474121094,33.849998474121094,558715,0.0,0.0
2024-03-21 11:00:00+08:00,33.95000076293945,34.79999923706055,33.849998474121094,34.79999923706055,2528577,0.0,0.0
2024-03-21 12:00:00+08:00,34.79999923706055,34.79999923706055,34.79999923706055,34.79999923706055,373183,0.0,0.0
2024-03-21 13:00:00+08:00,34.79999923706055,34.79999923706055,34.79999923706055,34.79999923706055,14587,0.0,0.0
2024-03-22 09:00:00+08:00,35.04999923706055,35.099998474121094,32.849998474121094,33.0,0,0.0,0.0
2024-03-22 10:00:00+08:00,33.04999923706055,33.20000076293945,32.45000076293945,32.599998474121094,817119,0.0,0.0
2024-03-22 11:00:00+08:00,32.70000076293945,32.75,32.099998474121094,32.54999923706055,382118,0.0,0.0
2024-03-22 12:00:00+08:00,32.54999923706055,32.79999923706055,32.25,32.70000076293945,368542,0.0,0.0
2024-03-22 13:00:00+08:00,32.650001525878906,33.70000076293945,32.650001525878906,33.599998474121094,406550,0.0,0.0
2024-03-25 09:00:00+08:00,33.349998474121094,34.099998474121094,33.349998474121094,33.54999923706055,0,0.0,0.0
2024-03-25 10:00:00+08:00,33.54999923706055,34.20000076293945,33.400001525878906,33.79999923706055,251030,0.0,0.0
2024-03-25 11:00:00+08:00,33.79999923706055,34.099998474121094,33.75,33.79999923706055,131185,0.0,0.0
2024-03-25 12:00:00+08:00,33.79999923706055,33.900001525878906,33.75,33.75,63459,0.0,0.0
2024-03-25 13:00:00+08:00,33.75,33.79999923706055,33.650001525878906,33.650001525878906,48931,0.0,0.0
2024-03-26 09:00:00+08:00,34.099998474121094,34.599998474121094,33.25,33.75,0,0.0,0.0
2024-03-26 10:00:00+08:00,33.75,33.79999923706055,32.900001525878906,32.95000076293945,182417,0.0,0.0
2024-03-26 11:00:00+08:00,32.95000076293945,32.95000076293945,32.349998474121094,32.5,228735,0.0,0.0
2024-03-26 12:00:00+08:00,32.599998474121094,32.75,32.54999923706055,32.70000076293945,75415,0.0,0.0
2024-03-26 13:00:00+08:00,32.75,32.79999923706055,32.5,32.5,103657,0.0,0.0
2024-03-27 09:00:00+08:00,32.79999923706055,32.95000076293945,32.45000076293945,32.650001525878906,0,0.0,0.0
2024-03-27 10:00:00+08:00,32.79999923706055,32.849998474121094,32.54999923706055,32.70000076293945,28220,0.0,0.0
2024-03-27 11:00:00+08:00,32.599998474121094,32.900001525878906,32.599998474121094,32.900001525878906,70070,0.0,0.0
2024-03-27 12:00:00+08:00,32.849998474121094,33.45000076293945,32.849998474121094,33.20000076293945,189143,0.0,0.0
2024-03-27 13:00:00+08:00,33.20000076293945,33.400001525878906,33.150001525878906,33.150001525878906,76097,0.0,0.0
2024-03-28 09:00:00+08:00,33.70000076293945,34.04999923706055,33.099998474121094,33.20000076293945,0,0.0,0.0
2024-03-28 10:00:00+08:00,33.20000076293945,33.20000076293945,32.95000076293945,33.04999923706055,57330,0.0,0.0
2024-03-28 11:00:00+08:00,33.04999923706055,33.099998474121094,32.70000076293945,33.099998474121094,60000,0.0,0.0
2024-03-28 12:00:00+08:00,32.95000076293945,32.95000076293945,32.599998474121094,32.599998474121094,75100,0.0,0.0
2024-03-28 13:00:00+08:00,32.599998474121094,32.70000076293945,32.599998474121094,32.70000076293945,42100,0.0,0.0
2024-03-29 09:00:00+08:00,32.599998474121094,33.25,32.29999923706055,32.5,180029,0.0,0.0
2024-03-29 10:00:00+08:00,32.5,32.5,32.20000076293945,32.25,64051,0.0,0.0
2024-03-29 11:00:00+08:00,32.20000076293945,32.25,32.04999923706055,32.099998474121094,67143,0.0,0.0
2024-03-29 12:00:00+08:00,32.04999923706055,32.099998474121094,32.0,32.04999923706055,84251,0.0,0.0
2024-03-29 13:00:00+08:00,32.04999923706055,32.099998474121094,32.04999923706055,32.04999923706055,34000,0.0,0.0
2024-04-01 09:00:00+08:00,32.25,32.349998474121094,31.700000762939453,31.850000381469727,0,0.0,0.0
2024-04-01 10:00:00+08:00,31.899999618530273,32.0,31.700000762939453,32.0,78100,0.0,0.0
2024-04-01 11:00:00+08:00,32.0,32.20000076293945,32.0,32.20000076293945,34020,0.0,0.0
2024-04-01 12:00:00+08:00,32.20000076293945,32.20000076293945,31.899999618530273,31.899999618530273,34099,0.0,0.0
2024-04-01 13:00:00+08:00,31.950000762939453,31.950000762939453,31.899999618530273,31.950000762939453,13000,0.0,0.0
2024-04-02 09:00:00+08:00,31.899999618530273,32.29999923706055,31.799999237060547,32.29999923706055,0,0.0,0.0
2024-04-02 10:00:00+08:00,32.400001525878906,32.650001525878906,32.25,32.349998474121094,110010,0.0,0.0
2024-04-02 11:00:00+08:00,32.45000076293945,33.599998474121094,32.29999923706055,33.04999923706055,385409,0.0,0.0
2024-04-02 12:00:00+08:00,33.099998474121094,33.29999923706055,32.95000076293945,33.0,152055,0.0,0.0
2024-04-02 13:00:00+08:00,32.95000076293945,33.25,32.95000076293945,33.20000076293945,116403,0.0,0.0
2024-04-03 09:00:00+08:00,33.0,33.099998474121094,32.400001525878906,32.45000076293945,0,0.0,0.0
2024-04-03 10:00:00+08:00,32.45000076293945,32.54999923706055,32.349998474121094,32.54999923706055,18479,0.0,0.0
2024-04-03 11:00:00+08:00,32.54999923706055,32.599998474121094,32.5,32.54999923706055,14449,0.0,0.0
2024-04-03 12:00:00+08:00,32.5,32.70000076293945,32.5,32.599998474121094,25001,0.0,0.0
2024-04-03 13:00:00+08:00,32.54999923706055,32.54999923706055,32.29999923706055,32.400001525878906,71000,0.0,0.0
2024-04-08 09:00:00+08:00,32.099998474121094,32.29999923706055,31.799999237060547,32.0,0,0.0,0.0
2024-04-08 10:00:00+08:00,32.04999923706055,32.04999923706055,31.950000762939453,32.0,31000,0.0,0.0
2024-04-08 11:00:00+08:00,32.0,32.0,31.899999618530273,31.899999618530273,31199,0.0,0.0
2024-04-08 12:00:00+08:00,31.950000762939453,32.29999923706055,31.899999618530273,32.20000076293945,49004,0.0,0.0
2024-04-08 13:00:00+08:00,32.150001525878906,32.150001525878906,31.950000762939453,32.04999923706055,21000,0.0,0.0
2024-04-09 09:00:00+08:00,32.099998474121094,32.599998474121094,32.04999923706055,32.20000076293945,0,0.0,0.0
2024-04-09 10:00:00+08:00,32.150001525878906,32.150001525878906,31.950000762939453,31.950000762939453,54000,0.0,0.0
2024-04-09 11:00:00+08:00,31.950000762939453,31.950000762939453,31.5,31.700000762939453,71100,0.0,0.0
2024-04-09 12:00:00+08:00,31.75,31.75,31.299999237060547,31.450000762939453,125245,0.0,0.0
2024-04-09 13:00:00+08:00,31.450000762939453,31.450000762939453,31.299999237060547,31.399999618530273,75568,0.0,0.0
2024-04-10 09:00:00+08:00,31.649999618530273,32.5,31.200000762939453,31.450000762939453,0,0.0,0.0
2024-04-10 10:00:00+08:00,31.5,31.5,31.399999618530273,31.450000762939453,16078,0.0,0.0
2024-04-10 11:00:00+08:00,31.450000762939453,31.450000762939453,31.399999618530273,31.399999618530273,23000,0.0,0.0
2024-04-10 12:00:00+08:00,31.399999618530273,31.399999618530273,31.350000381469727,31.399999618530273,21000,0.0,0.0
2024-04-10 13:00:00+08:00,31.399999618530273,31.399999618530273,31.299999237060547,31.350000381469727,31000,0.0,0.0
2024-04-11 09:00:00+08:00,31.0,31.0,30.600000381469727,30.700000762939453,0,0.0,0.0
2024-04-11 10:00:00+08:00,30.799999237060547,30.899999618530273,30.649999618530273,30.700000762939453,23145,0.0,0.0
2024-04-11 11:00:00+08:00,30.700000762939453,30.700000762939453,30.549999237060547,30.549999237060547,137268,0.0,0.0
2024-04-11 12:00:00+08:00,30.700000762939453,30.700000762939453,30.5,30.549999237060547,72587,0.0,0.0
2024-04-11 13:00:00+08:00,30.600000381469727,30.600000381469727,30.5,30.5,20157,0.0,0.0
2024-04-12 09:00:00+08:00,30.799999237060547,30.799999237060547,30.5,30.799999237060547,20004,0.0,0.0
2024-04-12 10:00:00+08:00,30.799999237060547,31.5,30.799999237060547,31.0,71000,0.0,0.0
2024-04-12 11:00:00+08:00,31.0,31.0,30.850000381469727,30.850000381469727,18200,0.0,0.0
2024-04-12 12:00:00+08:00,30.850000381469727,30.850000381469727,30.700000762939453,30.75,24034,0.0,0.0
2024-04-12 13:00:00+08:00,30.75,30.75,30.600000381469727,30.600000381469727,25000,0.0,0.0
2024-04-15 09:00:00+08:00,30.549999237060547,30.549999237060547,29.25,30.0,0,0.0,0.0
2024-04-15 10:00:00+08:00,30.0,30.0,29.5,29.649999618530273,71007,0.0,0.0
2024-04-15 11:00:00+08:00,29.649999618530273,29.649999618530273,29.5,29.549999237060547,47002,0.0,0.0
2024-04-15 12:00:00+08:00,29.549999237060547,29.649999618530273,29.5,29.600000381469727,48939,0.0,0.0
2024-04-15 13:00:00+08:00,29.600000381469727,29.600000381469727,29.549999237060547,29.549999237060547,26018,0.0,0.0
2024-04-16 09:00:00+08:00,29.25,29.25,28.350000381469727,28.5,0,0.0,0.0
2024-04-16 10:00:00+08:00,28.5,28.549999237060547,28.399999618530273,28.5,92170,0.0,0.0
2024-04-16 11:00:00+08:00,28.5,28.600000381469727,28.5,28.5,20020,0.0,0.0
2024-04-16 12:00:00+08:00,28.549999237060547,28.549999237060547,28.200000762939453,28.450000762939453,113274,0.0,0.0
2024-04-16 13:00:00+08:00,28.399999618530273,28.649999618530273,28.399999618530273,28.649999618530273,29000,0.0,0.0
2024-04-17 09:00:00+08:00,29.0,29.299999237060547,29.0,29.149999618530273,0,0.0,0.0
2024-04-17 10:00:00+08:00,29.200000762939453,29.5,29.200000762939453,29.5,21000,0.0,0.0
2024-04-17 11:00:00+08:00,29.549999237060547,29.549999237060547,29.299999237060547,29.299999237060547,25500,0.0,0.0
2024-04-17 12:00:00+08:00,29.299999237060547,30.200000762939453,29.25,29.700000762939453,66166,0.0,0.0
2024-04-17 13:00:00+08:00,29.75,29.799999237060547,29.299999237060547,29.299999237060547,27100,0.0,0.0
2024-04-18 09:00:00+08:00,29.299999237060547,29.299999237060547,28.75,28.850000381469727,30450,0.0,0.0
2024-04-18 10:00:00+08:00,29.0,29.25,28.899999618530273,29.149999618530273,20100,0.0,0.0
2024-04-18 11:00:00+08:00,29.100000381469727,29.100000381469727,28.950000762939453,28.950000762939453,31112,0.0,0.0
2024-04-18 12:00:00+08:00,28.950000762939453,29.0,28.950000762939453,28.950000762939453,11390,0.0,0.0
2024-04-18 13:00:00+08:00,28.950000762939453,29.0,28.950000762939453,29.0,6030,0.0,0.0
2024-04-19 09:00:00+08:00,28.799999237060547,28.799999237060547,28.149999618530273,28.149999618530273,0,0.0,0.0
2024-04-19 10:00:00+08:00,28.149999618530273,28.200000762939453,27.200000762939453,27.200000762939453,131093,0.0,0.0
2024-04-19 11:00:00+08:00,27.100000381469727,27.799999237060547,27.049999237060547,27.649999618530273,96965,0.0,0.0
2024-04-19 12:00:00+08:00,27.700000762939453,27.950000762939453,27.700000762939453,27.899999618530273,32432,0.0,0.0
2024-04-19 13:00:00+08:00,27.899999618530273,27.950000762939453,27.850000381469727,27.950000762939453,16100,0.0,0.0
2024-04-22 09:00:00+08:00,27.950000762939453,27.950000762939453,27.5,27.549999237060547,0,0.0,0.0
2024-04-22 10:00:00+08:00,27.549999237060547,27.600000381469727,27.100000381469727,27.25,68053,0.0,0.0
2024-04-22 11:00:00+08:00,27.200000762939453,27.200000762939453,27.0,27.200000762939453,66282,0.0,0.0
2024-04-22 12:00:00+08:00,27.100000381469727,27.350000381469727,27.100000381469727,27.25,12009,0.0,0.0
2024-04-22 13:00:00+08:00,27.25,27.25,27.0,27.0,28426,0.0,0.0
2024-04-23 09:00:00+08:00,27.100000381469727,28.0,27.100000381469727,27.299999237060547,0,0.0,0.0
2024-04-23 10:00:00+08:00,27.399999618530273,27.5,27.350000381469727,27.5,5000,0.0,0.0
2024-04-23 11:00:00+08:00,27.5,27.600000381469727,27.5,27.5,6000,0.0,0.0
2024-04-23 12:00:00+08:00,27.549999237060547,27.549999237060547,27.350000381469727,27.350000381469727,9000,0.0,0.0
2024-04-23 13:00:00+08:00,27.350000381469727,27.350000381469727,27.25,27.25,20048,0.0,0.0
2024-04-24 09:00:00+08:00,27.5,28.200000762939453,27.5,28.200000762939453,0,0.0,0.0
2024-04-24 10:00:00+08:00,28.200000762939453,28.5,28.149999618530273,28.350000381469727,25000,0.0,0.0
2024-04-24 11:00:00+08:00,28.350000381469727,28.350000381469727,28.100000381469727,28.100000381469727,21005,0.0,0.0
2024-04-24 12:00:00+08:00,28.100000381469727,28.25,28.100000381469727,28.25,12000,0.0,0.0
2024-04-24 13:00:00+08:00,28.299999237060547,28.350000381469727,28.100000381469727,28.350000381469727,21030,0.0,0.0
2024-04-25 09:00:00+08:00,28.049999237060547,28.049999237060547,27.950000762939453,28.0,18000,0.0,0.0
2024-04-25 10:00:00+08:00,28.399999618530273,28.399999618530273,28.200000762939453,28.200000762939453,3000,0.0,0.0
2024-04-25 11:00:00+08:00,28.149999618530273,28.200000762939453,28.100000381469727,28.100000381469727,3000,0.0,0.0
2024-04-25 12:00:00+08:00,28.100000381469727,28.100000381469727,27.899999618530273,27.899999618530273,23031,0.0,0.0
2024-04-25 13:00:00+08:00,27.950000762939453,27.950000762939453,27.850000381469727,27.850000381469727,7000,0.0,0.0
2024-04-26 09:00:00+08:00,27.899999618530273,28.450000762939453,27.850000381469727,28.450000762939453,0,0.0,0.0
2024-04-26 10:00:00+08:00,28.649999618530273,28.700000762939453,28.5,28.5,25035,0.0,0.0
2024-04-26 11:00:00+08:00,28.5,28.5,28.5,28.5,10000,0.0,0.0
2024-04-26 12:00:00+08:00,28.5,28.5,28.299999237060547,28.299999237060547,34143,0.0,0.0
2024-04-26 13:00:00+08:00,28.350000381469727,28.399999618530273,28.149999618530273,28.399999618530273,11030,0.0,0.0
2024-04-29 09:00:00+08:00,28.600000381469727,28.899999618530273,28.549999237060547,28.799999237060547,0,0.0,0.0
2024-04-29 10:00:00+08:00,28.850000381469727,29.0,28.75,28.75,36056,0.0,0.0
2024-04-29 11:00:00+08:00,28.700000762939453,28.700000762939453,28.600000381469727,28.600000381469727,8136,0.0,0.0
2024-04-29 12:00:00+08:00,28.549999237060547,28.75,28.549999237060547,28.700000762939453,32183,0.0,0.0
2024-04-29 13:00:00+08:00,28.700000762939453,29.0,28.700000762939453,29.0,34164,0.0,0.0
2024-04-30 09:00:00+08:00,28.899999618530273,29.299999237060547,28.700000762939453,29.049999237060547,0,0.0,0.0
2024-04-30 10:00:00+08:00,29.0,29.299999237060547,28.950000762939453,29.299999237060547,56000,0.0,0.0
2024-04-30 11:00:00+08:00,29.299999237060547,29.5,29.200000762939453,29.350000381469727,30000,0.0,0.0
2024-04-30 12:00:00+08:00,29.25,29.25,29.149999618530273,29.149999618530273,29000,0.0,0.0
2024-04-30 13:00:00+08:00,29.149999618530273,29.299999237060547,29.149999618530273,29.299999237060547,11000,0.0,0.0
2024-05-02 09:00:00+08:00,29.0,29.399999618530273,29.0,29.399999618530273,0,0.0,0.0
2024-05-02 10:00:00+08:00,29.399999618530273,29.399999618530273,29.350000381469727,29.350000381469727,6135,0.0,0.0
2024-05-02 11:00:00+08:00,29.350000381469727,29.350000381469727,29.200000762939453,29.200000762939453,7000,0.0,0.0
2024-05-02 12:00:00+08:00,29.200000762939453,29.200000762939453,29.0,29.0,27000,0.0,0.0
2024-05-02 13:00:00+08:00,28.899999618530273,28.899999618530273,28.899999618530273,28.899999618530273,1000,0.0,0.0
2024-05-03 09:00:00+08:00,29.5,29.5,28.850000381469727,28.899999618530273,0,0.0,0.0
2024-05-03 10:00:00+08:00,28.75,28.799999237060547,28.600000381469727,28.799999237060547,10000,0.0,0.0
2024-05-03 11:00:00+08:00,28.5,28.549999237060547,28.299999237060547,28.399999618530273,8000,0.0,0.0
2024-05-03 12:00:00+08:00,28.350000381469727,28.350000381469727,28.25,28.25,22165,0.0,0.0
2024-05-03 13:00:00+08:00,28.25,28.299999237060547,28.100000381469727,28.25,15012,0.0,0.0
2024-05-06 09:00:00+08:00,28.399999618530273,28.399999618530273,28.0,28.0,0,0.0,0.0
2024-05-06 10:00:00+08:00,28.0,28.299999237060547,28.0,28.200000762939453,30183,0.0,0.0
2024-05-06 11:00:00+08:00,28.200000762939453,28.200000762939453,28.049999237060547,28.100000381469727,8056,0.0,0.0
2024-05-06 12:00:00+08:00,28.100000381469727,28.200000762939453,27.899999618530273,27.899999618530273,23098,0.0,0.0
2024-05-06 13:00:00+08:00,28.049999237060547,28.200000762939453,28.0,28.200000762939453,0,0.0,0.0
2024-05-07 09:00:00+08:00,28.5,28.700000762939453,28.100000381469727,28.700000762939453,28000,0.0,0.0
2024-05-07 10:00:00+08:00,28.399999618530273,28.649999618530273,28.200000762939453,28.549999237060547,14305,0.0,0.0
2024-05-07 12:00:00+08:00,28.5,28.649999618530273,28.5,28.600000381469727,5000,0.0,0.0
2024-05-07 13:00:00+08:00,28.649999618530273,28.700000762939453,28.450000762939453,28.600000381469727,11092,0.0,0.0
2024-05-08 09:00:00+08:00,28.549999237060547,28.700000762939453,28.5,28.700000762939453,0,0.0,0.0
2024-05-08 10:00:00+08:00,28.649999618530273,28.649999618530273,28.600000381469727,28.600000381469727,7000,0.0,0.0
2024-05-08 11:00:00+08:00,28.600000381469727,28.700000762939453,28.600000381469727,28.700000762939453,5000,0.0,0.0
2024-05-08 12:00:00+08:00,28.600000381469727,28.75,28.600000381469727,28.75,20000,0.0,0.0
2024-05-08 13:00:00+08:00,28.649999618530273,28.649999618530273,28.649999618530273,28.649999618530273,1000,0.0,0.0
2024-05-09 09:00:00+08:00,28.549999237060547,28.899999618530273,28.5,28.899999618530273,0,0.0,0.0
2024-05-09 10:00:00+08:00,28.899999618530273,28.899999618530273,28.5,28.5,17077,0.0,0.0
2024-05-09 11:00:00+08:00,28.700000762939453,28.700000762939453,28.549999237060547,28.549999237060547,3100,0.0,0.0
2024-05-09 12:00:00+08:00,28.75,28.75,28.5,28.649999618530273,3000,0.0,0.0
2024-05-09 13:00:00+08:00,28.700000762939453,28.700000762939453,28.700000762939453,28.700000762939453,4000,0.0,0.0
2024-05-10 09:00:00+08:00,29.0,29.0,28.75,28.75,0,0.0,0.0
2024-05-10 10:00:00+08:00,28.5,28.700000762939453,28.200000762939453,28.200000762939453,47056,0.0,0.0
2024-05-10 11:00:00+08:00,28.399999618530273,28.700000762939453,28.399999618530273,28.549999237060547,6000,0.0,0.0
2024-05-10 12:00:00+08:00,28.549999237060547,28.549999237060547,28.350000381469727,28.549999237060547,9000,0.0,0.0
2024-05-10 13:00:00+08:00,28.700000762939453,28.899999618530273,28.5,28.799999237060547,17000,0.0,0.0
2024-05-13 09:00:00+08:00,29.399999618530273,29.399999618530273,28.649999618530273,28.950000762939453,0,0.0,0.0
2024-05-13 10:00:00+08:00,28.950000762939453,29.299999237060547,28.799999237060547,29.25,30165,0.0,0.0
2024-05-13 11:00:00+08:00,29.299999237060547,29.299999237060547,29.25,29.25,2003,0.0,0.0
2024-05-13 12:00:00+08:00,29.100000381469727,29.100000381469727,29.049999237060547,29.049999237060547,0,0.0,0.0
2024-05-13 13:00:00+08:00,29.100000381469727,29.200000762939453,29.0,29.100000381469727,91198,0.0,0.0
2024-05-14 09:00:00+08:00,29.149999618530273,29.5,29.0,29.0,0,0.0,0.0
2024-05-14 10:00:00+08:00,29.350000381469727,29.350000381469727,29.049999237060547,29.200000762939453,20010,0.0,0.0
2024-05-14 11:00:00+08:00,29.350000381469727,29.350000381469727,29.299999237060547,29.299999237060547,2315,0.0,0.0
2024-05-14 12:00:00+08:00,29.200000762939453,29.200000762939453,29.100000381469727,29.100000381469727,9004,0.0,0.0
2024-05-14 13:00:00+08:00,29.049999237060547,29.149999618530273,29.049999237060547,29.149999618530273,7109,0.0,0.0
2024-05-15 09:00:00+08:00,29.549999237060547,29.549999237060547,29.049999237060547,29.450000762939453,0,0.0,0.0
2024-05-15 10:00:00+08:00,29.299999237060547,29.399999618530273,29.149999618530273,29.149999618530273,12000,0.0,0.0
2024-05-15 11:00:00+08:00,29.399999618530273,29.399999618530273,29.200000762939453,29.25,10000,0.0,0.0
2024-05-15 12:00:00+08:00,29.200000762939453,29.25,29.100000381469727,29.100000381469727,20010,0.0,0.0
2024-05-15 13:00:00+08:00,29.149999618530273,29.149999618530273,28.950000762939453,29.0,14115,0.0,0.0
2024-05-16 09:00:00+08:00,29.450000762939453,29.450000762939453,28.950000762939453,29.100000381469727,10000,0.0,0.0
2024-05-16 10:00:00+08:00,29.0,29.0,28.899999618530273,29.0,7050,0.0,0.0
2024-05-16 11:00:00+08:00,28.950000762939453,29.100000381469727,28.850000381469727,28.899999618530273,20020,0.0,0.0
2024-05-16 12:00:00+08:00,28.850000381469727,28.850000381469727,28.75,28.799999237060547,11000,0.0,0.0
2024-05-16 13:00:00+08:00,28.799999237060547,29.0,28.600000381469727,28.799999237060547,34000,0.0,0.0
2024-05-17 09:00:00+08:00,29.25,29.299999237060547,28.700000762939453,29.049999237060547,0,0.0,0.0
2024-05-17 10:00:00+08:00,29.049999237060547,29.200000762939453,29.049999237060547,29.200000762939453,6362,0.0,0.0
2024-05-17 11:00:00+08:00,29.200000762939453,29.200000762939453,28.850000381469727,28.850000381469727,13000,0.0,0.0
2024-05-17 12:00:00+08:00,28.899999618530273,29.100000381469727,28.799999237060547,29.100000381469727,14000,0.0,0.0
2024-05-17 13:00:00+08:00,29.100000381469727,29.200000762939453,28.950000762939453,29.200000762939453,9064,0.0,0.0
2024-05-20 09:00:00+08:00,29.5,29.5,29.0,29.0,0,0.0,0.0
2024-05-20 10:00:00+08:00,29.299999237060547,29.350000381469727,29.299999237060547,29.350000381469727,2000,0.0,0.0
2024-05-20 11:00:00+08:00,29.299999237060547,29.299999237060547,29.100000381469727,29.100000381469727,13000,0.0,0.0
2024-05-20 12:00:00+08:00,29.049999237060547,29.049999237060547,28.950000762939453,28.950000762939453,9293,0.0,0.0
2024-05-20 13:00:00+08:00,28.950000762939453,28.950000762939453,28.799999237060547,28.799999237060547,13385,0.0,0.0
2024-05-21 09:00:00+08:00,28.700000762939453,28.700000762939453,28.399999618530273,28.399999618530273,21322,0.0,0.0
2024-05-21 10:00:00+08:00,28.399999618530273,28.600000381469727,28.399999618530273,28.399999618530273,28000,0.0,0.0
2024-05-21 11:00:00+08:00,28.399999618530273,28.450000762939453,28.350000381469727,28.450000762939453,15000,0.0,0.0
2024-05-21 12:00:00+08:00,28.450000762939453,29.149999618530273,28.450000762939453,29.149999618530273,26020,0.0,0.0
2024-05-21 13:00:00+08:00,28.899999618530273,28.899999618530273,28.799999237060547,28.899999618530273,5018,0.0,0.0
2024-05-22 09:00:00+08:00,28.850000381469727,29.149999618530273,28.850000381469727,29.100000381469727,0,0.0,0.0
2024-05-22 10:00:00+08:00,28.899999618530273,29.149999618530273,28.600000381469727,29.100000381469727,34000,0.0,0.0
2024-05-22 11:00:00+08:00,29.100000381469727,29.100000381469727,29.100000381469727,29.100000381469727,1000,0.0,0.0
2024-05-22 12:00:00+08:00,29.100000381469727,29.200000762939453,28.549999237060547,29.0,101164,0.0,0.0
2024-05-22 13:00:00+08:00,29.049999237060547,29.100000381469727,29.0,29.0,8000,0.0,0.0
2024-05-23 09:00:00+08:00,29.200000762939453,29.200000762939453,28.799999237060547,29.049999237060547,0,0.0,0.0
2024-05-23 10:00:00+08:00,29.100000381469727,29.100000381469727,28.950000762939453,28.950000762939453,9217,0.0,0.0
2024-05-23 11:00:00+08:00,28.950000762939453,28.950000762939453,28.850000381469727,28.850000381469727,9021,0.0,0.0
2024-05-23 12:00:00+08:00,28.850000381469727,28.850000381469727,28.649999618530273,28.649999618530273,25206,0.0,0.0
2024-05-23 13:00:00+08:00,28.600000381469727,28.75,28.5,28.75,21000,0.0,0.0
2024-05-24 09:00:00+08:00,28.549999237060547,29.0,28.549999237060547,28.950000762939453,22020,0.0,0.0
2024-05-24 10:00:00+08:00,28.899999618530273,29.100000381469727,28.899999618530273,29.100000381469727,7000,0.0,0.0
2024-05-24 11:00:00+08:00,29.149999618530273,29.149999618530273,28.899999618530273,29.100000381469727,11000,0.0,0.0
2024-05-24 12:00:00+08:00,29.049999237060547,29.549999237060547,29.049999237060547,29.350000381469727,93096,0.0,0.0
2024-05-24 13:00:00+08:00,29.350000381469727,29.350000381469727,29.25,29.350000381469727,14000,0.0,0.0
2024-05-27 09:00:00+08:00,29.450000762939453,29.649999618530273,29.399999618530273,29.649999618530273,0,0.0,0.0
2024-05-27 10:00:00+08:00,29.700000762939453,29.899999618530273,29.600000381469727,29.850000381469727,34276,0.0,0.0
2024-05-27 11:00:00+08:00,29.700000762939453,30.049999237060547,29.700000762939453,29.850000381469727,69000,0.0,0.0
2024-05-27 12:00:00+08:00,30.0,31.450000762939453,30.0,30.549999237060547,150420,0.0,0.0
2024-05-27 13:00:00+08:00,30.549999237060547,30.549999237060547,30.299999237060547,30.5,50564,0.0,0.0
2024-05-28 09:00:00+08:00,30.549999237060547,31.25,30.25,30.5,0,0.0,0.0
2024-05-28 10:00:00+08:00,30.5,30.5,30.0,30.0,37346,0.0,0.0
2024-05-28 11:00:00+08:00,30.100000381469727,30.200000762939453,30.049999237060547,30.149999618530273,15000,0.0,0.0
2024-05-28 12:00:00+08:00,30.200000762939453,30.200000762939453,30.100000381469727,30.100000381469727,15000,0.0,0.0
2024-05-28 13:00:00+08:00,30.149999618530273,30.25,30.0,30.0,29000,0.0,0.0
2024-05-29 09:00:00+08:00,30.0,30.0,29.649999618530273,29.649999618530273,0,0.0,0.0
2024-05-29 10:00:00+08:00,29.950000762939453,29.950000762939453,29.700000762939453,29.75,19041,0.0,0.0
2024-05-29 11:00:00+08:00,29.75,29.799999237060547,29.700000762939453,29.700000762939453,7015,0.0,0.0
2024-05-29 12:00:00+08:00,29.799999237060547,30.850000381469727,29.799999237060547,30.75,102532,0.0,0.0
2024-05-29 13:00:00+08:00,30.649999618530273,30.799999237060547,30.549999237060547,30.600000381469727,22032,0.0,0.0
2024-05-30 09:00:00+08:00,30.200000762939453,31.0,30.200000762939453,30.75,0,0.0,0.0
2024-05-30 10:00:00+08:00,30.700000762939453,30.799999237060547,30.549999237060547,30.549999237060547,25797,0.0,0.0
2024-05-30 11:00:00+08:00,30.549999237060547,30.600000381469727,30.549999237060547,30.600000381469727,6099,0.0,0.0
2024-05-30 12:00:00+08:00,30.600000381469727,30.600000381469727,30.350000381469727,30.5,30910,0.0,0.0
2024-05-30 13:00:00+08:00,30.5,30.5,30.200000762939453,30.450000762939453,20400,0.0,0.0
2024-05-31 09:00:00+08:00,30.75,30.75,30.149999618530273,30.5,0,0.0,0.0
2024-05-31 10:00:00+08:00,30.5,30.5,30.299999237060547,30.299999237060547,2000,0.0,0.0
2024-05-31 11:00:00+08:00,30.25,30.25,30.0,30.049999237060547,23000,0.0,0.0
2024-05-31 12:00:00+08:00,30.049999237060547,30.649999618530273,29.75,30.600000381469727,82932,0.0,0.0
2024-05-31 13:00:00+08:00,30.450000762939453,30.5,30.399999618530273,30.5,0,0.0,0.0
2024-06-03 09:00:00+08:00,30.399999618530273,31.0,30.299999237060547,30.450000762939453,0,0.0,0.0
2024-06-03 10:00:00+08:00,30.5,30.799999237060547,30.450000762939453,30.75,19381,0.0,0.0
2024-06-03 11:00:00+08:00,30.75,30.75,30.549999237060547,30.549999237060547,6014,0.0,0.0
2024-06-03 12:00:00+08:00,30.5,30.649999618530273,30.5,30.649999618530273,29496,0.0,0.0
2024-06-03 13:00:00+08:00,30.600000381469727,30.649999618530273,30.5,30.649999618530273,20017,0.0,0.0
2024-06-04 09:00:00+08:00,30.649999618530273,30.649999618530273,30.399999618530273,30.399999618530273,14048,0.0,0.0
2024-06-04 10:00:00+08:00,30.399999618530273,30.399999618530273,30.350000381469727,30.350000381469727,7005,0.0,0.0
2024-06-04 11:00:00+08:00,30.350000381469727,30.450000762939453,29.200000762939453,29.950000762939453,51238,0.0,0.0
2024-06-04 12:00:00+08:00,30.0,30.0,29.850000381469727,29.850000381469727,10120,0.0,0.0
2024-06-04 13:00:00+08:00,29.799999237060547,30.0,29.799999237060547,30.0,6007,0.0,0.0
2024-06-05 09:00:00+08:00,29.799999237060547,29.799999237060547,29.600000381469727,29.600000381469727,9316,0.0,0.0
2024-06-05 10:00:00+08:00,29.600000381469727,29.700000762939453,29.5,29.5,14000,0.0,0.0
2024-06-05 11:00:00+08:00,29.5,29.5,29.399999618530273,29.399999618530273,14000,0.0,0.0
2024-06-05 12:00:00+08:00,29.399999618530273,29.399999618530273,29.0,29.100000381469727,51409,0.0,0.0
2024-06-05 13:00:00+08:00,29.0,29.0,28.899999618530273,29.0,27450,0.0,0.0
2024-06-06 09:00:00+08:00,29.200000762939453,29.200000762939453,27.549999237060547,28.450000762939453,0,0.0,0.0
2024-06-06 10:00:00+08:00,28.5,28.5,28.25,28.350000381469727,23422,0.0,0.0
2024-06-06 11:00:00+08:00,28.350000381469727,28.399999618530273,28.350000381469727,28.399999618530273,14000,0.0,0.0
2024-06-06 12:00:00+08:00,28.399999618530273,28.700000762939453,28.299999237060547,28.700000762939453,33287,0.0,0.0
2024-06-06 13:00:00+08:00,28.700000762939453,29.149999618530273,28.549999237060547,28.600000381469727,10015,0.0,0.0
2024-06-07 10:00:00+08:00,28.549999237060547,28.799999237060547,28.299999237060547,28.350000381469727,15050,0.0,0.0
2024-06-07 11:00:00+08:00,28.399999618530273,28.549999237060547,28.399999618530273,28.450000762939453,4000,0.0,0.0
2024-06-07 12:00:00+08:00,28.5,29.149999618530273,28.5,29.149999618530273,10083,0.0,0.0
2024-06-07 13:00:00+08:00,28.899999618530273,28.899999618530273,28.649999618530273,28.649999618530273,6000,0.0,0.0
2024-06-11 09:00:00+08:00,29.0,29.200000762939453,28.450000762939453,28.450000762939453,0,0.0,0.0
2024-06-11 10:00:00+08:00,28.450000762939453,28.700000762939453,28.200000762939453,28.200000762939453,26198,0.0,0.0
2024-06-11 11:00:00+08:00,28.25,28.25,28.049999237060547,28.049999237060547,21002,0.0,0.0
2024-06-11 12:00:00+08:00,28.149999618530273,28.149999618530273,28.149999618530273,28.149999618530273,2005,0.0,0.0
2024-06-11 13:00:00+08:00,28.25,28.25,28.25,28.25,2000,0.0,0.0
2024-06-12 09:00:00+08:00,28.350000381469727,31.0,28.350000381469727,30.399999618530273,411308,0.0,0.0
2024-06-12 10:00:00+08:00,30.5,31.0,30.200000762939453,30.799999237060547,448271,0.0,0.0
2024-06-12 11:00:00+08:00,30.799999237060547,31.0,30.700000762939453,30.75,128315,0.0,0.0
2024-06-12 12:00:00+08:00,30.75,31.0,30.75,31.0,190155,0.0,0.0
2024-06-12 13:00:00+08:00,31.0,31.0,31.0,31.0,85200,0.0,0.0
2024-06-13 09:00:00+08:00,32.0,32.5,30.100000381469727,30.200000762939453,0,0.0,0.0
2024-06-13 10:00:00+08:00,30.200000762939453,30.399999618530273,29.75,29.950000762939453,286090,0.0,0.0
2024-06-13 11:00:00+08:00,29.899999618530273,30.149999618530273,29.899999618530273,29.950000762939453,65990,0.0,0.0
2024-06-13 12:00:00+08:00,29.950000762939453,29.950000762939453,29.5,29.899999618530273,193000,0.0,0.0
2024-06-13 13:00:00+08:00,29.899999618530273,30.899999618530273,29.799999237060547,30.649999618530273,208000,0.0,0.0
2024-06-14 09:00:00+08:00,30.299999237060547,30.700000762939453,29.850000381469727,30.100000381469727,0,0.0,0.0
2024-06-14 10:00:00+08:00,30.0,30.350000381469727,29.850000381469727,30.350000381469727,63545,0.0,0.0
2024-06-14 11:00:00+08:00,30.399999618530273,30.399999618530273,30.100000381469727,30.100000381469727,9012,0.0,0.0
2024-06-14 12:00:00+08:00,30.100000381469727,30.100000381469727,29.850000381469727,29.899999618530273,36220,0.0,0.0
2024-06-14 13:00:00+08:00,29.950000762939453,30.0,29.899999618530273,29.950000762939453,39000,0.0,0.0
2024-06-17 09:00:00+08:00,30.0,30.299999237060547,30.0,30.0,0,0.0,0.0
2024-06-17 10:00:00+08:00,30.049999237060547,30.049999237060547,29.799999237060547,29.799999237060547,18010,0.0,0.0
2024-06-17 11:00:00+08:00,29.850000381469727,29.899999618530273,29.799999237060547,29.850000381469727,25329,0.0,0.0
2024-06-17 12:00:00+08:00,29.850000381469727,29.850000381469727,29.700000762939453,29.700000762939453,45363,0.0,0.0
2024-06-17 13:00:00+08:00,29.700000762939453,29.75,29.700000762939453,29.700000762939453,10000,0.0,0.0
2024-06-18 09:00:00+08:00,30.200000762939453,30.200000762939453,29.649999618530273,29.700000762939453,0,0.0,0.0
2024-06-18 10:00:00+08:00,29.649999618530273,29.649999618530273,29.149999618530273,29.299999237060547,69085,0.0,0.0
2024-06-18 11:00:00+08:00,29.299999237060547,29.5,29.299999237060547,29.5,7045,0.0,0.0
2024-06-18 12:00:00+08:00,29.299999237060547,29.350000381469727,29.25,29.350000381469727,17001,0.0,0.0
2024-06-18 13:00:00+08:00,29.350000381469727,29.350000381469727,29.25,29.25,9300,0.0,0.0
2024-06-19 09:00:00+08:00,29.200000762939453,29.549999237060547,29.049999237060547,29.149999618530273,0,0.0,0.0
2024-06-19 10:00:00+08:00,29.200000762939453,29.200000762939453,29.0,29.049999237060547,24000,0.0,0.0
2024-06-19 11:00:00+08:00,29.149999618530273,29.899999618530273,29.149999618530273,29.899999618530273,95402,0.0,0.0
2024-06-19 12:00:00+08:00,29.899999618530273,30.0,29.549999237060547,29.799999237060547,88000,0.0,0.0
2024-06-19 13:00:00+08:00,29.700000762939453,29.700000762939453,29.450000762939453,29.5,17085,0.0,0.0
2024-06-20 09:00:00+08:00,29.600000381469727,29.950000762939453,29.5,29.600000381469727,0,0.0,0.0
2024-06-20 10:00:00+08:00,29.600000381469727,29.600000381469727,29.5,29.5,9010,0.0,0.0
2024-06-20 11:00:00+08:00,29.600000381469727,29.850000381469727,29.5,29.649999618530273,12000,0.0,0.0
2024-06-20 12:00:00+08:00,29.700000762939453,29.700000762939453,29.450000762939453,29.450000762939453,34043,0.0,0.0
2024-06-20 13:00:00+08:00,29.75,29.75,29.5,29.549999237060547,18000,0.0,0.0
2024-06-21 09:00:00+08:00,29.600000381469727,30.700000762939453,29.600000381469727,30.25,0,0.0,0.0
2024-06-21 10:00:00+08:00,30.100000381469727,30.100000381469727,29.899999618530273,29.899999618530273,23355,0.0,0.0
2024-06-21 11:00:00+08:00,29.899999618530273,31.350000381469727,29.850000381469727,30.600000381469727,313148,0.0,0.0
2024-06-21 12:00:00+08:00,30.649999618530273,30.799999237060547,30.350000381469727,30.649999618530273,74198,0.0,0.0
2024-06-21 13:00:00+08:00,30.5,30.5,30.25,30.5,27200,0.0,0.0
2024-06-24 09:00:00+08:00,30.799999237060547,33.0,30.5,33.0,202763,0.0,0.0
2024-06-24 10:00:00+08:00,32.95000076293945,33.45000076293945,32.099998474121094,33.45000076293945,1349064,0.0,0.0
2024-06-24 11:00:00+08:00,33.45000076293945,33.45000076293945,33.45000076293945,33.45000076293945,80766,0.0,0.0
2024-06-24 12:00:00+08:00,33.45000076293945,33.45000076293945,33.45000076293945,33.45000076293945,155203,0.0,0.0
2024-06-24 13:00:00+08:00,33.45000076293945,33.45000076293945,33.45000076293945,33.45000076293945,23000,0.0,0.0
2024-06-25 09:00:00+08:00,34.5,36.75,34.400001525878906,35.349998474121094,8794445,0.0,0.0
2024-06-25 10:00:00+08:00,35.349998474121094,36.75,35.0,36.75,2394233,0.0,0.0
2024-06-25 11:00:00+08:00,36.75,36.75,36.75,36.75,66278,0.0,0.0
2024-06-25 12:00:00+08:00,36.75,36.75,36.75,36.75,55174,0.0,0.0
2024-06-25 13:00:00+08:00,36.75,36.75,36.75,36.75,37000,0.0,0.0
2024-06-26 09:00:00+08:00,40.400001525878906,40.400001525878906,37.70000076293945,39.29999923706055,0,0.0,0.0
2024-06-26 10:00:00+08:00,39.29999923706055,40.20000076293945,38.54999923706055,39.79999923706055,2888394,0.0,0.0
2024-06-26 11:00:00+08:00,39.75,40.400001525878906,39.349998474121094,40.400001525878906,2337307,0.0,0.0
2024-06-26 12:00:00+08:00,40.400001525878906,40.400001525878906,40.400001525878906,40.400001525878906,94085,0.0,0.0
2024-06-26 13:00:00+08:00,40.400001525878906,40.400001525878906,40.400001525878906,40.400001525878906,63326,0.0,0.0
2024-06-27 09:00:00+08:00,41.5,43.599998474121094,40.79999923706055,42.75,0,0.0,0.0
2024-06-27 10:00:00+08:00,42.54999923706055,42.79999923706055,41.0,41.5,3295344,0.0,0.0
2024-06-27 11:00:00+08:00,41.5,43.0,41.5,41.849998474121094,1616596,0.0,0.0
2024-06-27 12:00:00+08:00,41.900001525878906,44.400001525878906,41.5,44.400001525878906,5385968,0.0,0.0
2024-06-27 13:00:00+08:00,44.400001525878906,44.400001525878906,44.400001525878906,44.400001525878906,171611,0.0,0.0
2024-06-28 09:00:00+08:00,46.400001525878906,46.79999923706055,44.79999923706055,45.400001525878906,0,0.0,0.0
2024-06-28 10:00:00+08:00,45.400001525878906,45.95000076293945,45.29999923706055,45.75,1776525,0.0,0.0
2024-06-28 11:00:00+08:00,45.75,46.099998474121094,42.0,43.45000076293945,7399727,0.0,0.0
2024-06-28 12:00:00+08:00,43.45000076293945,43.599998474121094,42.79999923706055,43.5,1681302,0.0,0.0
2024-06-28 13:00:00+08:00,43.5,45.5,43.5,44.5,2923105,0.0,0.0
2024-07-01 09:00:00+08:00,43.650001525878906,43.650001525878906,42.900001525878906,43.04999923706055,0,0.0,0.0
2024-07-01 10:00:00+08:00,43.0,43.650001525878906,42.54999923706055,43.650001525878906,487678,0.0,0.0
2024-07-01 11:00:00+08:00,43.70000076293945,43.79999923706055,43.599998474121094,43.70000076293945,222141,0.0,0.0
2024-07-01 12:00:00+08:00,43.599998474121094,43.599998474121094,43.04999923706055,43.04999923706055,274171,0.0,0.0
2024-07-01 13:00:00+08:00,43.04999923706055,43.20000076293945,43.04999923706055,43.150001525878906,108774,0.0,0.0
2024-07-02 09:00:00+08:00,43.70000076293945,43.70000076293945,42.150001525878906,42.95000076293945,0,0.0,0.0
2024-07-02 10:00:00+08:00,42.900001525878906,42.900001525878906,42.20000076293945,42.25,178489,0.0,0.0
2024-07-02 11:00:00+08:00,42.29999923706055,42.45000076293945,42.20000076293945,42.45000076293945,128216,0.0,0.0
2024-07-02 12:00:00+08:00,42.45000076293945,42.54999923706055,42.45000076293945,42.54999923706055,151933,0.0,0.0
2024-07-02 13:00:00+08:00,42.54999923706055,42.54999923706055,42.5,42.54999923706055,94235,0.0,0.0
2024-07-03 09:00:00+08:00,43.70000076293945,43.70000076293945,43.349998474121094,43.400001525878906,274367,0.0,0.0
2024-07-03 10:00:00+08:00,43.45000076293945,44.900001525878906,43.45000076293945,44.650001525878906,753049,0.0,0.0
2024-07-03 11:00:00+08:00,44.650001525878906,44.650001525878906,44.150001525878906,44.349998474121094,176729,0.0,0.0
2024-07-03 12:00:00+08:00,44.099998474121094,44.70000076293945,43.95000076293945,44.650001525878906,247476,0.0,0.0
2024-07-03 13:00:00+08:00,44.849998474121094,47.0,44.849998474121094,47.0,674431,0.0,0.0
2024-07-04 09:00:00+08:00,47.20000076293945,47.20000076293945,45.0,45.95000076293945,1111363,0.0,0.0
2024-07-04 10:00:00+08:00,46.0,46.599998474121094,45.95000076293945,46.599998474121094,279563,0.0,0.0
2024-07-04 11:00:00+08:00,46.650001525878906,47.45000076293945,46.650001525878906,47.45000076293945,403170,0.0,0.0
2024-07-04 12:00:00+08:00,47.900001525878906,49.900001525878906,47.900001525878906,49.400001525878906,730611,0.0,0.0
2024-07-04 13:00:00+08:00,49.599998474121094,51.79999923706055,49.599998474121094,51.79999923706055,438065,0.0,0.0
2024-07-05 09:00:00+08:00,51.900001525878906,51.900001525878906,49.5,51.0,0,0.0,0.0
2024-07-05 10:00:00+08:00,51.79999923706055,53.5,51.79999923706055,53.5,384830,0.0,0.0
2024-07-05 11:00:00+08:00,53.79999923706055,55.900001525878906,53.79999923706055,55.099998474121094,355283,0.0,0.0
2024-07-05 12:00:00+08:00,53.79999923706055,55.0,53.0,55.0,198525,0.0,0.0
2024-07-05 13:00:00+08:00,54.900001525878906,55.400001525878906,54.900001525878906,55.400001525878906,108320,0.0,0.0
2024-07-08 09:00:00+08:00,57.099998474121094,57.099998474121094,52.900001525878906,56.0,0,0.0,0.0
2024-07-08 10:00:00+08:00,56.099998474121094,56.20000076293945,55.0,56.0,195805,0.0,0.0
2024-07-08 11:00:00+08:00,55.900001525878906,55.900001525878906,54.0,54.599998474121094,128181,0.0,0.0
2024-07-08 12:00:00+08:00,54.599998474121094,54.599998474121094,53.5,53.599998474121094,133563,0.0,0.0
2024-07-08 13:00:00+08:00,53.599998474121094,53.599998474121094,53.0,53.0,154759,0.0,0.0
2024-07-09 09:00:00+08:00,52.099998474121094,53.29999923706055,47.70000076293945,47.70000076293945,658605,0.0,0.0
2024-07-09 10:00:00+08:00,47.70000076293945,49.5,47.70000076293945,48.900001525878906,383807,0.0,0.0
2024-07-09 11:00:00+08:00,48.650001525878906,48.70000076293945,48.20000076293945,48.70000076293945,114530,0.0,0.0
2024-07-09 12:00:00+08:00,48.900001525878906,49.04999923706055,48.900001525878906,49.04999923706055,97121,0.0,0.0
2024-07-09 13:00:00+08:00,49.29999923706055,49.5,49.29999923706055,49.29999923706055,70150,0.0,0.0
2024-07-10 09:00:00+08:00,50.0,50.0,48.0,49.900001525878906,301438,0.0,0.0
2024-07-10 10:00:00+08:00,49.900001525878906,51.20000076293945,49.900001525878906,51.20000076293945,208097,0.0,0.0
2024-07-10 11:00:00+08:00,51.0,51.0,50.5,50.5,119478,0.0,0.0
2024-07-10 12:00:00+08:00,50.400001525878906,51.0,50.0,51.0,142174,0.0,0.0
2024-07-10 13:00:00+08:00,51.29999923706055,52.0,51.29999923706055,51.900001525878906,149041,0.0,0.0
2024-07-11 09:00:00+08:00,50.0,50.5,49.75,49.75,253754,0.0,0.0
2024-07-11 10:00:00+08:00,49.0,51.0,49.0,50.599998474121094,201641,0.0,0.0
2024-07-11 11:00:00+08:00,50.5,50.5,49.20000076293945,50.0,135680,0.0,0.0
2024-07-11 12:00:00+08:00,49.650001525878906,49.900001525878906,49.650001525878906,49.900001525878906,62315,0.0,0.0
2024-07-11 13:00:00+08:00,49.900001525878906,49.900001525878906,49.150001525878906,49.150001525878906,123101,0.0,0.0
2024-07-12 09:00:00+08:00,46.349998474121094,48.0,46.349998474121094,47.29999923706055,282609,0.0,0.0
2024-07-12 10:00:00+08:00,47.349998474121094,48.0,47.29999923706055,47.849998474121094,111617,0.0,0.0
2024-07-12 11:00:00+08:00,47.79999923706055,47.79999923706055,47.5,47.5,84471,0.0,0.0
2024-07-12 12:00:00+08:00,47.45000076293945,47.45000076293945,47.20000076293945,47.20000076293945,132556,0.0,0.0
2024-07-12 13:00:00+08:00,47.20000076293945,47.25,47.20000076293945,47.25,66576,0.0,0.0
2024-07-15 09:00:00+08:00,46.54999923706055,48.25,46.54999923706055,48.150001525878906,0,0.0,0.0
2024-07-15 10:00:00+08:00,48.0,48.29999923706055,48.0,48.29999923706055,96254,0.0,0.0
2024-07-15 11:00:00+08:00,48.20000076293945,48.400001525878906,48.04999923706055,48.400001525878906,93126,0.0,0.0
2024-07-15 12:00:00+08:00,48.400001525878906,48.45000076293945,48.349998474121094,48.349998474121094,95445,0.0,0.0
2024-07-15 13:00:00+08:00,48.45000076293945,49.0,48.45000076293945,49.0,85522,0.0,0.0
2024-07-16 09:00:00+08:00,47.900001525878906,48.54999923706055,47.599998474121094,47.599998474121094,227457,0.0,0.0
2024-07-16 10:00:00+08:00,47.349998474121094,47.650001525878906,47.0,47.150001525878906,213377,0.0,0.0
2024-07-16 11:00:00+08:00,47.0,47.349998474121094,46.599998474121094,47.25,107535,0.0,0.0
2024-07-16 12:00:00+08:00,47.20000076293945,47.45000076293945,46.95000076293945,47.45000076293945,159940,0.0,0.0
2024-07-16 13:00:00+08:00,47.5,47.5,47.150001525878906,47.150001525878906,86897,0.0,0.0
2024-07-17 09:00:00+08:00,46.70000076293945,51.599998474121094,46.70000076293945,51.599998474121094,3114466,0.0,0.0
2024-07-17 10:00:00+08:00,51.599998474121094,51.599998474121094,51.599998474121094,51.599998474121094,135355,0.0,0.0
2024-07-17 11:00:00+08:00,51.599998474121094,51.599998474121094,51.599998474121094,51.599998474121094,53265,0.0,0.0
2024-07-17 12:00:00+08:00,51.599998474121094,51.599998474121094,51.599998474121094,51.599998474121094,40395,0.0,0.0
2024-07-17 13:00:00+08:00,51.599998474121094,51.599998474121094,51.599998474121094,51.599998474121094,44800,0.0,0.0
2024-07-18 09:00:00+08:00,49.599998474121094,55.599998474121094,48.70000076293945,52.900001525878906,4282399,0.0,0.0
2024-07-18 10:00:00+08:00,52.900001525878906,53.20000076293945,50.400001525878906,50.70000076293945,1200876,0.0,0.0
2024-07-18 11:00:00+08:00,50.70000076293945,51.900001525878906,49.900001525878906,51.20000076293945,532400,0.0,0.0
2024-07-18 12:00:00+08:00,51.20000076293945,51.29999923706055,49.599998474121094,50.29999923706055,478755,0.0,0.0
2024-07-18 13:00:00+08:00,50.29999923706055,50.29999923706055,49.04999923706055,49.04999923706055,522095,0.0,0.0
2024-07-19 09:00:00+08:00,48.75,50.900001525878906,48.5,49.04999923706055,1515263,0.0,0.0
2024-07-19 10:00:00+08:00,49.04999923706055,50.5,48.5,49.70000076293945,471943,0.0,0.0
2024-07-19 11:00:00+08:00,49.650001525878906,50.0,49.150001525878906,49.29999923706055,161936,0.0,0.0
2024-07-19 12:00:00+08:00,49.20000076293945,49.20000076293945,47.0,47.45000076293945,621755,0.0,0.0
2024-07-19 13:00:00+08:00,47.45000076293945,47.45000076293945,46.150001525878906,46.400001525878906,504881,0.0,0.0
