Datetime,Open,High,Low,Close,Volume,Dividends,Stock Splits
2024-10-07 09:30:00-04:00,1.3200000524520874,1.3300000429153442,1.25,1.2599999904632568,602070,0.0,0.0
2024-10-07 09:31:00-04:00,1.2599999904632568,1.2899999618530273,1.2599999904632568,1.2699999809265137,55847,0.0,0.0
2024-10-07 09:32:00-04:00,1.2699999809265137,1.2799999713897705,1.2300000190734863,1.249899983406067,51813,0.0,0.0
2024-10-07 09:33:00-04:00,1.2400000095367432,1.25,1.225000023841858,1.25,41365,0.0,0.0
2024-10-07 09:34:00-04:00,1.2450000047683716,1.25,1.2300000190734863,1.2300000190734863,55426,0.0,0.0
2024-10-07 09:35:00-04:00,1.2324999570846558,1.2400000095367432,1.2207000255584717,1.2299000024795532,36966,0.0,0.0
2024-10-07 09:36:00-04:00,1.222000002861023,1.2391999959945679,1.222000002861023,1.2391999959945679,12827,0.0,0.0
2024-10-07 09:37:00-04:00,1.2395999431610107,1.2395999431610107,1.2000000476837158,1.2100000381469727,60200,0.0,0.0
2024-10-07 09:38:00-04:00,1.2095999717712402,1.2200000286102295,1.2050000429153442,1.2194000482559204,12607,0.0,0.0
2024-10-07 09:39:00-04:00,1.2100000381469727,1.215000033378601,1.208799958229065,1.2100000381469727,8158,0.0,0.0
2024-10-07 09:40:00-04:00,1.2050000429153442,1.2050000429153442,1.190000057220459,1.198799967765808,24441,0.0,0.0
2024-10-07 09:41:00-04:00,1.190000057220459,1.1950000524520874,1.190000057220459,1.1950000524520874,8030,0.0,0.0
2024-10-07 09:42:00-04:00,1.1912000179290771,1.2000000476837158,1.1799999475479126,1.190000057220459,22662,0.0,0.0
2024-10-07 09:43:00-04:00,1.2000000476837158,1.2000000476837158,1.1908999681472778,1.1950000524520874,6902,0.0,0.0
2024-10-07 09:44:00-04:00,1.1950000524520874,1.1950000524520874,1.184999942779541,1.1892000436782837,8880,0.0,0.0
2024-10-07 09:45:00-04:00,1.184999942779541,1.1959999799728394,1.184999942779541,1.184999942779541,8384,0.0,0.0
2024-10-07 09:46:00-04:00,1.1875,1.1893999576568604,1.1799999475479126,1.1893999576568604,7352,0.0,0.0
2024-10-07 09:47:00-04:00,1.190000057220459,1.190000057220459,1.1799999475479126,1.1799999475479126,2254,0.0,0.0
2024-10-07 09:48:00-04:00,1.190000057220459,1.1950000524520874,1.184999942779541,1.190000057220459,5658,0.0,0.0
2024-10-07 09:49:00-04:00,1.1899000406265259,1.190000057220459,1.184999942779541,1.190000057220459,19294,0.0,0.0
2024-10-07 09:50:00-04:00,1.1892999410629272,1.190000057220459,1.184999942779541,1.184999942779541,7878,0.0,0.0
2024-10-07 09:51:00-04:00,1.1800999641418457,1.190000057220459,1.1799999475479126,1.1812000274658203,20772,0.0,0.0
2024-10-07 09:52:00-04:00,1.180400013923645,1.1899000406265259,1.1799999475479126,1.1883000135421753,1156,0.0,0.0
2024-10-07 09:53:00-04:00,1.1890000104904175,1.190000057220459,1.1799999475479126,1.190000057220459,43408,0.0,0.0
2024-10-07 09:54:00-04:00,1.1895999908447266,1.190000057220459,1.1799999475479126,1.1895999908447266,22215,0.0,0.0
2024-10-07 09:55:00-04:00,1.184999942779541,1.190000057220459,1.1799999475479126,1.190000057220459,10897,0.0,0.0
2024-10-07 09:56:00-04:00,1.1806999444961548,1.190000057220459,1.1799999475479126,1.184999942779541,32071,0.0,0.0
2024-10-07 09:57:00-04:00,1.1863000392913818,1.190000057220459,1.1799999475479126,1.1872999668121338,28866,0.0,0.0
2024-10-07 09:58:00-04:00,1.1888999938964844,1.1888999938964844,1.163699984550476,1.163699984550476,45810,0.0,0.0
2024-10-07 09:59:00-04:00,1.160099983215332,1.1699999570846558,1.149999976158142,1.149999976158142,99938,0.0,0.0
2024-10-07 10:00:00-04:00,1.159600019454956,1.159600019454956,1.1299999952316284,1.1299999952316284,95211,0.0,0.0
2024-10-07 10:01:00-04:00,1.1303999423980713,1.1399999856948853,1.1100000143051147,1.1200000047683716,73155,0.0,0.0
2024-10-07 10:02:00-04:00,1.1200000047683716,1.1299999952316284,1.1150000095367432,1.129699945449829,15627,0.0,0.0
2024-10-07 10:03:00-04:00,1.131100058555603,1.1399999856948853,1.1200000047683716,1.1349999904632568,26731,0.0,0.0
2024-10-07 10:04:00-04:00,1.1311999559402466,1.1399999856948853,1.1200000047683716,1.1200000047683716,24975,0.0,0.0
2024-10-07 10:05:00-04:00,1.125,1.159999966621399,1.125,1.1301000118255615,34283,0.0,0.0
2024-10-07 10:06:00-04:00,1.1349999904632568,1.1396000385284424,1.1200000047683716,1.1349999904632568,35285,0.0,0.0
2024-10-07 10:07:00-04:00,1.1299999952316284,1.1299999952316284,1.1200000047683716,1.1291999816894531,14364,0.0,0.0
2024-10-07 10:08:00-04:00,1.125,1.1299999952316284,1.125,1.1294000148773193,2280,0.0,0.0
2024-10-07 10:09:00-04:00,1.129699945449829,1.129699945449829,1.1150000095367432,1.1200000047683716,21838,0.0,0.0
2024-10-07 10:10:00-04:00,1.1200000047683716,1.1349999904632568,1.1200000047683716,1.1349999904632568,32637,0.0,0.0
2024-10-07 10:11:00-04:00,1.1301000118255615,1.1301000118255615,1.1200000047683716,1.1296000480651855,21696,0.0,0.0
2024-10-07 10:12:00-04:00,1.1294000148773193,1.1296000480651855,1.1200000047683716,1.125,23583,0.0,0.0
2024-10-07 10:13:00-04:00,1.1291999816894531,1.1299999952316284,1.1200000047683716,1.1298999786376953,18638,0.0,0.0
2024-10-07 10:14:00-04:00,1.1298999786376953,1.1299999952316284,1.1200000047683716,1.1200000047683716,20887,0.0,0.0
2024-10-07 10:15:00-04:00,1.125,1.128000020980835,1.1200000047683716,1.1200000047683716,2913,0.0,0.0
2024-10-07 10:16:00-04:00,1.1298999786376953,1.1298999786376953,1.1200000047683716,1.1200000047683716,10494,0.0,0.0
2024-10-07 10:17:00-04:00,1.1200000047683716,1.1299999952316284,1.1200000047683716,1.1299999952316284,13068,0.0,0.0
2024-10-07 10:18:00-04:00,1.1200000047683716,1.1399999856948853,1.1200000047683716,1.1396000385284424,20938,0.0,0.0
2024-10-07 10:19:00-04:00,1.1349999904632568,1.149999976158142,1.1349999904632568,1.1489859819412231,32383,0.0,0.0
2024-10-07 10:20:00-04:00,1.1491999626159668,1.1699999570846558,1.1449999809265137,1.1528340578079224,36332,0.0,0.0
2024-10-07 10:21:00-04:00,1.149999976158142,1.149999976158142,1.1399999856948853,1.1399999856948853,12407,0.0,0.0
2024-10-07 10:22:00-04:00,1.1449999809265137,1.1549999713897705,1.1349999904632568,1.1549999713897705,8559,0.0,0.0
2024-10-07 10:23:00-04:00,1.159500002861023,1.1699999570846558,1.1549999713897705,1.1649999618530273,10483,0.0,0.0
2024-10-07 10:24:00-04:00,1.1699999570846558,1.1799999475479126,1.1699999570846558,1.1699999570846558,3661,0.0,0.0
2024-10-07 10:25:00-04:00,1.1699999570846558,1.1799999475479126,1.1649999618530273,1.1799999475479126,26180,0.0,0.0
2024-10-07 10:26:00-04:00,1.1699999570846558,1.1799999475479126,1.1699999570846558,1.1799999475479126,8896,0.0,0.0
2024-10-07 10:27:00-04:00,1.1799999475479126,1.190000057220459,1.1749999523162842,1.1899000406265259,34562,0.0,0.0
2024-10-07 10:28:00-04:00,1.184999942779541,1.190000057220459,1.1801999807357788,1.190000057220459,12285,0.0,0.0
2024-10-07 10:29:00-04:00,1.180400013923645,1.190000057220459,1.1799999475479126,1.1886999607086182,6166,0.0,0.0
2024-10-07 10:30:00-04:00,1.1865999698638916,1.1899000406265259,1.180400013923645,1.1899000406265259,1112,0.0,0.0
2024-10-07 10:31:00-04:00,1.184999942779541,1.184999942779541,1.1699999570846558,1.1699999570846558,12201,0.0,0.0
2024-10-07 10:32:00-04:00,1.1649999618530273,1.1698999404907227,1.1299999952316284,1.149999976158142,43202,0.0,0.0
2024-10-07 10:33:00-04:00,1.1449999809265137,1.1549999713897705,1.1449999809265137,1.152500033378601,2327,0.0,0.0
2024-10-07 10:34:00-04:00,1.1549999713897705,1.159600019454956,1.152500033378601,1.1549999713897705,2753,0.0,0.0
2024-10-07 10:35:00-04:00,1.159999966621399,1.159999966621399,1.1549999713897705,1.1549999713897705,2000,0.0,0.0
2024-10-07 10:36:00-04:00,1.15910005569458,1.15910005569458,1.1549999713897705,1.1549999713897705,1934,0.0,0.0
2024-10-07 10:37:00-04:00,1.159500002861023,1.159999966621399,1.1549999713897705,1.156599998474121,10895,0.0,0.0
2024-10-07 10:38:00-04:00,1.1549999713897705,1.159600019454956,1.1549999713897705,1.1549999713897705,1171,0.0,0.0
2024-10-07 10:39:00-04:00,1.1549999713897705,1.1549999713897705,1.1549999713897705,1.1549999713897705,1577,0.0,0.0
2024-10-07 10:40:00-04:00,1.1549999713897705,1.159999966621399,1.1519999504089355,1.159999966621399,4720,0.0,0.0
2024-10-07 10:42:00-04:00,1.149999976158142,1.1549999713897705,1.149999976158142,1.1549999713897705,9568,0.0,0.0
2024-10-07 10:43:00-04:00,1.159999966621399,1.159999966621399,1.149999976158142,1.159600019454956,586,0.0,0.0
2024-10-07 10:44:00-04:00,1.149999976158142,1.159600019454956,1.149999976158142,1.1504000425338745,1780,0.0,0.0
2024-10-07 10:45:00-04:00,1.149999976158142,1.149999976158142,1.149999976158142,1.149999976158142,2704,0.0,0.0
2024-10-07 10:48:00-04:00,1.159999966621399,1.159999966621399,1.1549999713897705,1.159999966621399,7338,0.0,0.0
2024-10-07 10:49:00-04:00,1.1574000120162964,1.1574000120162964,1.1574000120162964,1.1574000120162964,2831,0.0,0.0
2024-10-07 10:51:00-04:00,1.1569000482559204,1.1649999618530273,1.1569000482559204,1.1649999618530273,10690,0.0,0.0
2024-10-07 10:52:00-04:00,1.1649999618530273,1.1699999570846558,1.159999966621399,1.1649999618530273,1862,0.0,0.0
2024-10-07 10:53:00-04:00,1.159999966621399,1.1699999570846558,1.159999966621399,1.1649999618530273,1596,0.0,0.0
2024-10-07 10:54:00-04:00,1.1649999618530273,1.1649999618530273,1.1649999618530273,1.1649999618530273,202,0.0,0.0
2024-10-07 10:55:00-04:00,1.1649999618530273,1.1699999570846558,1.1649999618530273,1.1699999570846558,1430,0.0,0.0
2024-10-07 10:56:00-04:00,1.1699999570846558,1.1749999523162842,1.1649999618530273,1.1749999523162842,2924,0.0,0.0
2024-10-07 10:57:00-04:00,1.1749999523162842,1.1749999523162842,1.1749999523162842,1.1749999523162842,299,0.0,0.0
2024-10-07 10:58:00-04:00,1.1699999570846558,1.1749999523162842,1.1699999570846558,1.1749999523162842,406,0.0,0.0
2024-10-07 10:59:00-04:00,1.1704000234603882,1.1704000234603882,1.1699999570846558,1.1699999570846558,520,0.0,0.0
2024-10-07 11:00:00-04:00,1.1699999570846558,1.1700999736785889,1.1649999618530273,1.1698999404907227,11810,0.0,0.0
2024-10-07 11:01:00-04:00,1.1699999570846558,1.1699999570846558,1.1699999570846558,1.1699999570846558,363,0.0,0.0
2024-10-07 11:02:00-04:00,1.1649999618530273,1.1749999523162842,1.1649999618530273,1.1749999523162842,3154,0.0,0.0
2024-10-07 11:03:00-04:00,1.1725000143051147,1.1749999523162842,1.1699999570846558,1.1749999523162842,7226,0.0,0.0
2024-10-07 11:04:00-04:00,1.1699999570846558,1.1799999475479126,1.1699999570846558,1.1699999570846558,1374,0.0,0.0
2024-10-07 11:05:00-04:00,1.1699999570846558,1.1786999702453613,1.1612999439239502,1.1612999439239502,3282,0.0,0.0
2024-10-07 11:06:00-04:00,1.1649999618530273,1.1649999618530273,1.1649999618530273,1.1649999618530273,400,0.0,0.0
2024-10-07 11:07:00-04:00,1.1679999828338623,1.1679999828338623,1.1679999828338623,1.1679999828338623,360,0.0,0.0
2024-10-07 11:08:00-04:00,1.159999966621399,1.159999966621399,1.159999966621399,1.159999966621399,207,0.0,0.0
2024-10-07 11:09:00-04:00,1.1649999618530273,1.1699999570846558,1.159999966621399,1.159999966621399,975,0.0,0.0
2024-10-07 11:10:00-04:00,1.1606999635696411,1.1649999618530273,1.159999966621399,1.1649999618530273,7184,0.0,0.0
2024-10-07 11:11:00-04:00,1.159999966621399,1.159999966621399,1.159999966621399,1.159999966621399,224,0.0,0.0
2024-10-07 11:13:00-04:00,1.159999966621399,1.159999966621399,1.159999966621399,1.159999966621399,104,0.0,0.0
2024-10-07 11:14:00-04:00,1.1649999618530273,1.1649999618530273,1.1649999618530273,1.1649999618530273,500,0.0,0.0
2024-10-07 11:15:00-04:00,1.1649999618530273,1.1649999618530273,1.149999976158142,1.159999966621399,10111,0.0,0.0
2024-10-07 11:16:00-04:00,1.1549999713897705,1.159999966621399,1.149999976158142,1.159000039100647,9274,0.0,0.0
2024-10-07 11:17:00-04:00,1.159999966621399,1.1679999828338623,1.1549999713897705,1.1679999828338623,11020,0.0,0.0
2024-10-07 11:18:00-04:00,1.159999966621399,1.1699999570846558,1.159999966621399,1.1699999570846558,3606,0.0,0.0
2024-10-07 11:19:00-04:00,1.1649999618530273,1.1649999618530273,1.1649999618530273,1.1649999618530273,147,0.0,0.0
2024-10-07 11:22:00-04:00,1.1649999618530273,1.1649999618530273,1.1604000329971313,1.1649999618530273,439,0.0,0.0
2024-10-07 11:23:00-04:00,1.1649999618530273,1.1649999618530273,1.159999966621399,1.1649999618530273,1111,0.0,0.0
2024-10-07 11:24:00-04:00,1.1608999967575073,1.1649999618530273,1.159999966621399,1.159999966621399,1030,0.0,0.0
2024-10-07 11:25:00-04:00,1.1649999618530273,1.1649999618530273,1.1649999618530273,1.1649999618530273,317,0.0,0.0
2024-10-07 11:27:00-04:00,1.159999966621399,1.159999966621399,1.159999966621399,1.159999966621399,160,0.0,0.0
2024-10-07 11:29:00-04:00,1.1656999588012695,1.1656999588012695,1.1656999588012695,1.1656999588012695,1206,0.0,0.0
2024-10-07 11:30:00-04:00,1.1649999618530273,1.1679999828338623,1.1649999618530273,1.1649999618530273,1723,0.0,0.0
2024-10-07 11:31:00-04:00,1.1649999618530273,1.1699999570846558,1.1649999618530273,1.1699999570846558,2300,0.0,0.0
2024-10-07 11:32:00-04:00,1.1649999618530273,1.1699999570846558,1.159999966621399,1.1649999618530273,695,0.0,0.0
2024-10-07 11:34:00-04:00,1.1649999618530273,1.1649999618530273,1.1649999618530273,1.1649999618530273,144,0.0,0.0
2024-10-07 11:35:00-04:00,1.1651999950408936,1.1651999950408936,1.1651999950408936,1.1651999950408936,1119,0.0,0.0
2024-10-07 11:38:00-04:00,1.1649999618530273,1.1649999618530273,1.159999966621399,1.1649999618530273,327,0.0,0.0
2024-10-07 11:39:00-04:00,1.1649999618530273,1.1649999618530273,1.1604000329971313,1.1649999618530273,1105,0.0,0.0
2024-10-07 11:40:00-04:00,1.1649999618530273,1.1649999618530273,1.1604000329971313,1.1604000329971313,470,0.0,0.0
2024-10-07 11:42:00-04:00,1.1679999828338623,1.1689000129699707,1.1679999828338623,1.1689000129699707,1200,0.0,0.0
2024-10-07 11:43:00-04:00,1.1649999618530273,1.1649999618530273,1.1649999618530273,1.1649999618530273,100,0.0,0.0
2024-10-07 11:44:00-04:00,1.159999966621399,1.159999966621399,1.159999966621399,1.159999966621399,201,0.0,0.0
2024-10-07 11:45:00-04:00,1.1649999618530273,1.1649999618530273,1.1649999618530273,1.1649999618530273,170,0.0,0.0
2024-10-07 11:46:00-04:00,1.1699999570846558,1.1699999570846558,1.159999966621399,1.159999966621399,2924,0.0,0.0
2024-10-07 11:47:00-04:00,1.1649999618530273,1.1649999618530273,1.159999966621399,1.1649999618530273,1403,0.0,0.0
2024-10-07 11:48:00-04:00,1.160099983215332,1.160099983215332,1.160099983215332,1.160099983215332,251,0.0,0.0
2024-10-07 11:51:00-04:00,1.1699999570846558,1.1699999570846558,1.1699999570846558,1.1699999570846558,3559,0.0,0.0
2024-10-07 11:52:00-04:00,1.1664999723434448,1.1664999723434448,1.1664999723434448,1.1664999723434448,1002,0.0,0.0
2024-10-07 11:53:00-04:00,1.159999966621399,1.1699999570846558,1.159999966621399,1.1649999618530273,2319,0.0,0.0
2024-10-07 11:54:00-04:00,1.1699999570846558,1.1749999523162842,1.1699999570846558,1.1699999570846558,4765,0.0,0.0
2024-10-07 11:55:00-04:00,1.1749999523162842,1.1749999523162842,1.1699999570846558,1.1699999570846558,1300,0.0,0.0
2024-10-07 11:56:00-04:00,1.1699999570846558,1.1699999570846558,1.1699999570846558,1.1699999570846558,300,0.0,0.0
2024-10-07 11:57:00-04:00,1.1699999570846558,1.1799999475479126,1.1699999570846558,1.1749999523162842,4772,0.0,0.0
2024-10-07 11:58:00-04:00,1.1699999570846558,1.179900050163269,1.1699999570846558,1.1749999523162842,9835,0.0,0.0
2024-10-07 11:59:00-04:00,1.1749999523162842,1.1749999523162842,1.1749999523162842,1.1749999523162842,1550,0.0,0.0
2024-10-07 12:01:00-04:00,1.1749999523162842,1.1749999523162842,1.1749999523162842,1.1749999523162842,104,0.0,0.0
2024-10-07 12:02:00-04:00,1.1749999523162842,1.190000057220459,1.1749999523162842,1.184999942779541,25676,0.0,0.0
2024-10-07 12:03:00-04:00,1.184999942779541,1.190000057220459,1.1799999475479126,1.190000057220459,10643,0.0,0.0
2024-10-07 12:06:00-04:00,1.1799999475479126,1.1799999475479126,1.1799999475479126,1.1799999475479126,244,0.0,0.0
2024-10-07 12:08:00-04:00,1.184999942779541,1.1950000524520874,1.184999942779541,1.19350004196167,12826,0.0,0.0
2024-10-07 12:09:00-04:00,1.190000057220459,1.1950000524520874,1.190000057220459,1.1950000524520874,601,0.0,0.0
2024-10-07 12:10:00-04:00,1.1950000524520874,1.1950000524520874,1.190000057220459,1.1950000524520874,2672,0.0,0.0
2024-10-07 12:11:00-04:00,1.1950000524520874,1.1950000524520874,1.1950000524520874,1.1950000524520874,2567,0.0,0.0
2024-10-07 12:12:00-04:00,1.1950000524520874,1.2000000476837158,1.1914000511169434,1.2000000476837158,853,0.0,0.0
2024-10-07 12:13:00-04:00,1.1900999546051025,1.2000000476837158,1.1900999546051025,1.1950000524520874,2647,0.0,0.0
2024-10-07 12:14:00-04:00,1.2000000476837158,1.2000000476837158,1.190000057220459,1.190000057220459,472,0.0,0.0
2024-10-07 12:15:00-04:00,1.1904000043869019,1.1904000043869019,1.1904000043869019,1.1904000043869019,1207,0.0,0.0
2024-10-07 12:16:00-04:00,1.1999000310897827,1.2000000476837158,1.1999000310897827,1.2000000476837158,1278,0.0,0.0
2024-10-07 12:18:00-04:00,1.2000000476837158,1.2009999752044678,1.2000000476837158,1.2003999948501587,3338,0.0,0.0
2024-10-07 12:19:00-04:00,1.2100000381469727,1.2100000381469727,1.2096999883651733,1.2096999883651733,736,0.0,0.0
2024-10-07 12:20:00-04:00,1.2099000215530396,1.2100000381469727,1.2050000429153442,1.2100000381469727,1277,0.0,0.0
2024-10-07 12:21:00-04:00,1.2100000381469727,1.2100000381469727,1.2100000381469727,1.2100000381469727,3638,0.0,0.0
2024-10-07 12:22:00-04:00,1.2194000482559204,1.2200000286102295,1.2194000482559204,1.2200000286102295,4143,0.0,0.0
2024-10-07 12:23:00-04:00,1.2200000286102295,1.2200000286102295,1.2200000286102295,1.2200000286102295,216,0.0,0.0
2024-10-07 12:24:00-04:00,1.2200000286102295,1.2400000095367432,1.2200000286102295,1.2350000143051147,31190,0.0,0.0
2024-10-07 12:25:00-04:00,1.2395999431610107,1.2395999431610107,1.2300000190734863,1.2391999959945679,5513,0.0,0.0
2024-10-07 12:26:00-04:00,1.2315000295639038,1.2400000095367432,1.2294000387191772,1.2400000095367432,29563,0.0,0.0
2024-10-07 12:27:00-04:00,1.2450000047683716,1.2599999904632568,1.2450000047683716,1.2503999471664429,27463,0.0,0.0
2024-10-07 12:28:00-04:00,1.2549999952316284,1.2649999856948853,1.25,1.2649999856948853,14214,0.0,0.0
2024-10-07 12:29:00-04:00,1.2649999856948853,1.2894999980926514,1.2604999542236328,1.284999966621399,33206,0.0,0.0
2024-10-07 12:30:00-04:00,1.2894999980926514,1.2894999980926514,1.2649999856948853,1.2698999643325806,14011,0.0,0.0
2024-10-07 12:31:00-04:00,1.2604999542236328,1.2699999809265137,1.25,1.263100028038025,45753,0.0,0.0
2024-10-07 12:32:00-04:00,1.2599999904632568,1.2599999904632568,1.25,1.2549999952316284,6573,0.0,0.0
2024-10-07 12:33:00-04:00,1.250499963760376,1.2595000267028809,1.25,1.25,11674,0.0,0.0
2024-10-07 12:34:00-04:00,1.25,1.2598999738693237,1.25,1.2598999738693237,15781,0.0,0.0
2024-10-07 12:35:00-04:00,1.25,1.2594000101089478,1.25,1.25,10463,0.0,0.0
2024-10-07 12:36:00-04:00,1.25,1.2549999952316284,1.25,1.2549999952316284,1726,0.0,0.0
2024-10-07 12:37:00-04:00,1.25,1.2549999952316284,1.25,1.25,13956,0.0,0.0
2024-10-07 12:38:00-04:00,1.25,1.2799999713897705,1.25,1.2795000076293945,35869,0.0,0.0
2024-10-07 12:39:00-04:00,1.2798999547958374,1.2798999547958374,1.274999976158142,1.274999976158142,9706,0.0,0.0
2024-10-07 12:40:00-04:00,1.274999976158142,1.2894999980926514,1.271926999092102,1.2894999980926514,21287,0.0,0.0
2024-10-07 12:41:00-04:00,1.284999966621399,1.284999966621399,1.2699999809265137,1.2699999809265137,14316,0.0,0.0
2024-10-07 12:42:00-04:00,1.2762999534606934,1.284999966621399,1.2762999534606934,1.284999966621399,16609,0.0,0.0
2024-10-07 12:43:00-04:00,1.2799999713897705,1.2800999879837036,1.274999976158142,1.274999976158142,10056,0.0,0.0
2024-10-07 12:44:00-04:00,1.2699999809265137,1.274999976158142,1.26010000705719,1.274999976158142,9787,0.0,0.0
2024-10-07 12:45:00-04:00,1.2699999809265137,1.2704999446868896,1.2699999809265137,1.2704999446868896,5685,0.0,0.0
2024-10-07 12:46:00-04:00,1.270400047302246,1.2717000246047974,1.2700999975204468,1.2717000246047974,2057,0.0,0.0
2024-10-07 12:47:00-04:00,1.2700999975204468,1.2799999713897705,1.2700999975204468,1.274999976158142,13236,0.0,0.0
2024-10-07 12:49:00-04:00,1.2799999713897705,1.2898999452590942,1.2799999713897705,1.284999966621399,12523,0.0,0.0
2024-10-07 12:50:00-04:00,1.284999966621399,1.2898000478744507,1.2806949615478516,1.2894999980926514,1988,0.0,0.0
2024-10-07 12:51:00-04:00,1.2800999879837036,1.2899999618530273,1.2799999713897705,1.2899999618530273,4850,0.0,0.0
2024-10-07 12:52:00-04:00,1.2800999879837036,1.284999966621399,1.2800999879837036,1.284999966621399,5025,0.0,0.0
2024-10-07 12:53:00-04:00,1.2884999513626099,1.2899999618530273,1.2807589769363403,1.284999966621399,7639,0.0,0.0
2024-10-07 12:54:00-04:00,1.284999966621399,1.2897000312805176,1.284999966621399,1.2897000312805176,804,0.0,0.0
2024-10-07 12:56:00-04:00,1.2842999696731567,1.2842999696731567,1.2842999696731567,1.2842999696731567,26582,0.0,0.0
2024-10-07 12:57:00-04:00,1.2899999618530273,1.3194999694824219,1.2799999713897705,1.3194999694824219,37533,0.0,0.0
2024-10-07 12:58:00-04:00,1.3112000226974487,1.3194999694824219,1.3112000226974487,1.315000057220459,5431,0.0,0.0
2024-10-07 12:59:00-04:00,1.309999942779541,1.309999942779541,1.309999942779541,1.309999942779541,1900,0.0,0.0
2024-10-07 13:00:00-04:00,1.3102999925613403,1.319000005722046,1.3102999925613403,1.315000057220459,3149,0.0,0.0
2024-10-07 13:01:00-04:00,1.3200000524520874,1.3200000524520874,1.309999942779541,1.309999942779541,5983,0.0,0.0
2024-10-07 13:02:00-04:00,1.3112000226974487,1.3200000524520874,1.309999942779541,1.315000057220459,1558,0.0,0.0
2024-10-07 13:03:00-04:00,1.3199000358581543,1.3199000358581543,1.3006000518798828,1.3007999658584595,12392,0.0,0.0
2024-10-07 13:04:00-04:00,1.3049999475479126,1.309999942779541,1.2999999523162842,1.3099000453948975,4737,0.0,0.0
2024-10-07 13:05:00-04:00,1.3049999475479126,1.3099000453948975,1.3016999959945679,1.3099000453948975,7300,0.0,0.0
2024-10-07 13:06:00-04:00,1.309999942779541,1.31850004196167,1.2949999570846558,1.3025000095367432,50650,0.0,0.0
2024-10-07 13:07:00-04:00,1.2999999523162842,1.305799961090088,1.2999999523162842,1.3049999475479126,4203,0.0,0.0
2024-10-07 13:09:00-04:00,1.308500051498413,1.309999942779541,1.3049999475479126,1.3049999475479126,12385,0.0,0.0
2024-10-07 13:10:00-04:00,1.3005000352859497,1.3087999820709229,1.3005000352859497,1.3087999820709229,391,0.0,0.0
2024-10-07 13:11:00-04:00,1.3060499429702759,1.3080999851226807,1.3060499429702759,1.3080999851226807,714,0.0,0.0
2024-10-07 13:12:00-04:00,1.3049999475479126,1.3049999475479126,1.3049999475479126,1.3049999475479126,150,0.0,0.0
2024-10-07 13:14:00-04:00,1.309999942779541,1.309999942779541,1.3049999475479126,1.3049999475479126,6915,0.0,0.0
2024-10-07 13:16:00-04:00,1.3099000453948975,1.3199000358581543,1.2999999523162842,1.309999942779541,17340,0.0,0.0
2024-10-07 13:18:00-04:00,1.3005000352859497,1.3099000453948975,1.3005000352859497,1.3099000453948975,3986,0.0,0.0
2024-10-07 13:19:00-04:00,1.3000999689102173,1.3000999689102173,1.3000999689102173,1.3000999689102173,1040,0.0,0.0
2024-10-07 13:20:00-04:00,1.304900050163269,1.304900050163269,1.2999999523162842,1.3005000352859497,1685,0.0,0.0
2024-10-07 13:21:00-04:00,1.3049999475479126,1.315000057220459,1.2999999523162842,1.315000057220459,20316,0.0,0.0
2024-10-07 13:22:00-04:00,1.3105000257492065,1.3105000257492065,1.3105000257492065,1.3105000257492065,680,0.0,0.0
2024-10-07 13:23:00-04:00,1.309999942779541,1.3142999410629272,1.309999942779541,1.309999942779541,356,0.0,0.0
2024-10-07 13:24:00-04:00,1.3113000392913818,1.317260980606079,1.3105000257492065,1.317260980606079,3736,0.0,0.0
2024-10-07 13:25:00-04:00,1.3200000524520874,1.3300000429153442,1.3200000524520874,1.3300000429153442,18377,0.0,0.0
2024-10-07 13:26:00-04:00,1.3250000476837158,1.3300000429153442,1.320099949836731,1.3294999599456787,11404,0.0,0.0
2024-10-07 13:27:00-04:00,1.3214000463485718,1.3293999433517456,1.3214000463485718,1.3214000463485718,1346,0.0,0.0
2024-10-07 13:28:00-04:00,1.3213000297546387,1.3213000297546387,1.3213000297546387,1.3213000297546387,160,0.0,0.0
2024-10-07 13:29:00-04:00,1.3300000429153442,1.3350000381469727,1.3200000524520874,1.3259999752044678,25348,0.0,0.0
2024-10-07 13:30:00-04:00,1.3200000524520874,1.3294999599456787,1.309999942779541,1.3164000511169434,9899,0.0,0.0
2024-10-07 13:31:00-04:00,1.317199945449829,1.3194999694824219,1.317199945449829,1.3194999694824219,820,0.0,0.0
2024-10-07 13:32:00-04:00,1.3100999593734741,1.315000057220459,1.309999942779541,1.309999942779541,33419,0.0,0.0
2024-10-07 13:33:00-04:00,1.309999942779541,1.3199000358581543,1.309999942779541,1.3199000358581543,2438,0.0,0.0
2024-10-07 13:34:00-04:00,1.309999942779541,1.309999942779541,1.309999942779541,1.309999942779541,1034,0.0,0.0
2024-10-07 13:35:00-04:00,1.309999942779541,1.3200000524520874,1.309999942779541,1.3200000524520874,1007,0.0,0.0
2024-10-07 13:36:00-04:00,1.309999942779541,1.309999942779541,1.309999942779541,1.309999942779541,1149,0.0,0.0
2024-10-07 13:37:00-04:00,1.315000057220459,1.315000057220459,1.309999942779541,1.309999942779541,5841,0.0,0.0
2024-10-07 13:39:00-04:00,1.3118000030517578,1.3200000524520874,1.309999942779541,1.309999942779541,2291,0.0,0.0
2024-10-07 13:40:00-04:00,1.315000057220459,1.315000057220459,1.315000057220459,1.315000057220459,550,0.0,0.0
2024-10-07 13:41:00-04:00,1.3200000524520874,1.3200000524520874,1.3200000524520874,1.3200000524520874,1486,0.0,0.0
2024-10-07 13:42:00-04:00,1.315000057220459,1.315000057220459,1.3111000061035156,1.3135000467300415,461,0.0,0.0
2024-10-07 13:43:00-04:00,1.309999942779541,1.309999942779541,1.309999942779541,1.309999942779541,14080,0.0,0.0
2024-10-07 13:44:00-04:00,1.3116999864578247,1.3200000524520874,1.3116999864578247,1.319200038909912,4271,0.0,0.0
2024-10-07 13:45:00-04:00,1.3200000524520874,1.3200000524520874,1.315000057220459,1.3186999559402466,8401,0.0,0.0
2024-10-07 13:46:00-04:00,1.3200000524520874,1.3300000429153442,1.3200000524520874,1.3300000429153442,26117,0.0,0.0
2024-10-07 13:47:00-04:00,1.329800009727478,1.329800009727478,1.329800009727478,1.329800009727478,20355,0.0,0.0
2024-10-07 13:49:00-04:00,1.3250000476837158,1.3600000143051147,1.3250000476837158,1.3300000429153442,75716,0.0,0.0
2024-10-07 13:50:00-04:00,1.340000033378601,1.3499000072479248,1.3350000381469727,1.3490999937057495,31592,0.0,0.0
2024-10-07 13:51:00-04:00,1.340000033378601,1.340000033378601,1.340000033378601,1.340000033378601,261,0.0,0.0
2024-10-07 13:52:00-04:00,1.3488999605178833,1.350000023841858,1.340000033378601,1.340000033378601,8620,0.0,0.0
2024-10-07 13:53:00-04:00,1.3442000150680542,1.3442000150680542,1.340000033378601,1.340000033378601,3453,0.0,0.0
2024-10-07 13:55:00-04:00,1.3450000286102295,1.350000023841858,1.3450000286102295,1.350000023841858,311,0.0,0.0
2024-10-07 13:56:00-04:00,1.3406000137329102,1.3406000137329102,1.3406000137329102,1.3406000137329102,3742,0.0,0.0
2024-10-07 13:57:00-04:00,1.3411999940872192,1.3411999940872192,1.3411999940872192,1.3411999940872192,151,0.0,0.0
2024-10-07 13:58:00-04:00,1.340000033378601,1.350000023841858,1.340000033378601,1.3451999425888062,12689,0.0,0.0
2024-10-07 13:59:00-04:00,1.350000023841858,1.3600000143051147,1.350000023841858,1.3550000190734863,12234,0.0,0.0
2024-10-07 14:00:00-04:00,1.3473409414291382,1.350000023841858,1.3473409414291382,1.350000023841858,1671,0.0,0.0
2024-10-07 14:01:00-04:00,1.3415000438690186,1.350000023841858,1.3415000438690186,1.3496999740600586,13712,0.0,0.0
2024-10-07 14:02:00-04:00,1.3401000499725342,1.3488999605178833,1.3401000499725342,1.3488999605178833,5403,0.0,0.0
2024-10-07 14:03:00-04:00,1.3494000434875488,1.3499000072479248,1.3401000499725342,1.3499000072479248,6679,0.0,0.0
2024-10-07 14:04:00-04:00,1.3499000072479248,1.3499000072479248,1.3450000286102295,1.3450000286102295,1355,0.0,0.0
2024-10-07 14:05:00-04:00,1.340000033378601,1.350000023841858,1.340000033378601,1.3493000268936157,17682,0.0,0.0
2024-10-07 14:06:00-04:00,1.350000023841858,1.3799999952316284,1.3499000072479248,1.3694000244140625,64240,0.0,0.0
2024-10-07 14:07:00-04:00,1.3698999881744385,1.3700000047683716,1.3600000143051147,1.3700000047683716,13335,0.0,0.0
2024-10-07 14:08:00-04:00,1.3696000576019287,1.3696000576019287,1.3650000095367432,1.3651000261306763,7001,0.0,0.0
2024-10-07 14:09:00-04:00,1.3624999523162842,1.3624999523162842,1.361199975013733,1.361199975013733,474,0.0,0.0
2024-10-07 14:10:00-04:00,1.3700000047683716,1.3798999786376953,1.3700000047683716,1.3700000047683716,17749,0.0,0.0
2024-10-07 14:11:00-04:00,1.3650000095367432,1.3700000047683716,1.3605999946594238,1.3700000047683716,9823,0.0,0.0
2024-10-07 14:12:00-04:00,1.3700000047683716,1.3700000047683716,1.3650000095367432,1.3700000047683716,7706,0.0,0.0
2024-10-07 14:13:00-04:00,1.3604999780654907,1.3697999715805054,1.3604999780654907,1.3695000410079956,5166,0.0,0.0
2024-10-07 14:14:00-04:00,1.3650000095367432,1.3650000095367432,1.3600000143051147,1.3600000143051147,2944,0.0,0.0
2024-10-07 14:15:00-04:00,1.3604999780654907,1.368899941444397,1.3604999780654907,1.3686000108718872,978,0.0,0.0
2024-10-07 14:16:00-04:00,1.3650000095367432,1.3653000593185425,1.3650000095367432,1.3653000593185425,6585,0.0,0.0
2024-10-07 14:17:00-04:00,1.3650000095367432,1.3650000095367432,1.3650000095367432,1.3650000095367432,100,0.0,0.0
2024-10-07 14:18:00-04:00,1.3600000143051147,1.3600000143051147,1.3600000143051147,1.3600000143051147,112,0.0,0.0
2024-10-07 14:19:00-04:00,1.3600000143051147,1.3609999418258667,1.3600000143051147,1.3609999418258667,1238,0.0,0.0
2024-10-07 14:20:00-04:00,1.3600000143051147,1.3650000095367432,1.3507000207901,1.3507000207901,7910,0.0,0.0
2024-10-07 14:22:00-04:00,1.3550000190734863,1.3700000047683716,1.3550000190734863,1.3700000047683716,15281,0.0,0.0
2024-10-07 14:23:00-04:00,1.3692729473114014,1.3692729473114014,1.3692729473114014,1.3692729473114014,1070,0.0,0.0
2024-10-07 14:25:00-04:00,1.3650000095367432,1.3650000095367432,1.3650000095367432,1.3650000095367432,500,0.0,0.0
2024-10-07 14:27:00-04:00,1.3650000095367432,1.3743000030517578,1.3650000095367432,1.3743000030517578,34513,0.0,0.0
2024-10-07 14:28:00-04:00,1.3700000047683716,1.3799999952316284,1.3700000047683716,1.375,14829,0.0,0.0
2024-10-07 14:29:00-04:00,1.3700000047683716,1.3700000047683716,1.3604999780654907,1.3604999780654907,8194,0.0,0.0
2024-10-07 14:30:00-04:00,1.3600000143051147,1.3600000143051147,1.3450000286102295,1.3450000286102295,7536,0.0,0.0
2024-10-07 14:31:00-04:00,1.350000023841858,1.3600000143051147,1.350000023841858,1.354699969291687,2033,0.0,0.0
2024-10-07 14:32:00-04:00,1.3595000505447388,1.3595000505447388,1.3595000505447388,1.3595000505447388,560,0.0,0.0
2024-10-07 14:33:00-04:00,1.3543000221252441,1.3543000221252441,1.3502999544143677,1.3502999544143677,4536,0.0,0.0
2024-10-07 14:34:00-04:00,1.350000023841858,1.3550000190734863,1.350000023841858,1.3550000190734863,326,0.0,0.0
2024-10-07 14:36:00-04:00,1.3588000535964966,1.3600000143051147,1.350000023841858,1.350000023841858,20832,0.0,0.0
2024-10-07 14:37:00-04:00,1.3487000465393066,1.3487000465393066,1.340000033378601,1.3407000303268433,10906,0.0,0.0
2024-10-07 14:38:00-04:00,1.3401000499725342,1.350000023841858,1.340000033378601,1.3494999408721924,17389,0.0,0.0
2024-10-07 14:39:00-04:00,1.3450000286102295,1.3450000286102295,1.3450000286102295,1.3450000286102295,144,0.0,0.0
2024-10-07 14:40:00-04:00,1.3450000286102295,1.350000023841858,1.340000033378601,1.340000033378601,1029,0.0,0.0
2024-10-07 14:41:00-04:00,1.3450000286102295,1.3450000286102295,1.340000033378601,1.340000033378601,231,0.0,0.0
2024-10-07 14:42:00-04:00,1.3443000316619873,1.350000023841858,1.3300000429153442,1.339400053024292,24043,0.0,0.0
2024-10-07 14:43:00-04:00,1.3350000381469727,1.3350000381469727,1.3300000429153442,1.3300000429153442,718,0.0,0.0
2024-10-07 14:44:00-04:00,1.3300000429153442,1.3300000429153442,1.3300000429153442,1.3300000429153442,392,0.0,0.0
2024-10-07 14:45:00-04:00,1.3306000232696533,1.3389999866485596,1.3306000232696533,1.3389999866485596,4477,0.0,0.0
2024-10-07 14:46:00-04:00,1.3300000429153442,1.3350000381469727,1.3300000429153442,1.3300000429153442,25544,0.0,0.0
2024-10-07 14:47:00-04:00,1.315000057220459,1.315000057220459,1.315000057220459,1.315000057220459,31824,0.0,0.0
2024-10-07 14:48:00-04:00,1.3200000524520874,1.3200000524520874,1.3200000524520874,1.3200000524520874,3953,0.0,0.0
2024-10-07 14:49:00-04:00,1.315000057220459,1.315000057220459,1.315000057220459,1.315000057220459,879,0.0,0.0
2024-10-07 14:50:00-04:00,1.3200000524520874,1.3200000524520874,1.3200000524520874,1.3200000524520874,544,0.0,0.0
2024-10-07 14:51:00-04:00,1.3111000061035156,1.3113000392913818,1.309999942779541,1.3113000392913818,1296,0.0,0.0
2024-10-07 14:52:00-04:00,1.3200000524520874,1.3200000524520874,1.3200000524520874,1.3200000524520874,1740,0.0,0.0
2024-10-07 14:53:00-04:00,1.315000057220459,1.315000057220459,1.311400055885315,1.311400055885315,2875,0.0,0.0
2024-10-07 14:54:00-04:00,1.3170000314712524,1.3170000314712524,1.3109999895095825,1.3109999895095825,1132,0.0,0.0
2024-10-07 14:55:00-04:00,1.315000057220459,1.3154000043869019,1.309999942779541,1.3106000423431396,14315,0.0,0.0
2024-10-07 14:56:00-04:00,1.3200000524520874,1.3200000524520874,1.315000057220459,1.315000057220459,827,0.0,0.0
2024-10-07 14:57:00-04:00,1.3100999593734741,1.311400055885315,1.3100999593734741,1.3100999593734741,1413,0.0,0.0
2024-10-07 14:58:00-04:00,1.309999942779541,1.315000057220459,1.309999942779541,1.3100999593734741,1327,0.0,0.0
2024-10-07 14:59:00-04:00,1.3100999593734741,1.340000033378601,1.3100999593734741,1.3350000381469727,30437,0.0,0.0
2024-10-07 15:00:00-04:00,1.3350000381469727,1.3350000381469727,1.3350000381469727,1.3350000381469727,375,0.0,0.0
2024-10-07 15:01:00-04:00,1.3350000381469727,1.340000033378601,1.3350000381469727,1.3350000381469727,7283,0.0,0.0
2024-10-07 15:02:00-04:00,1.3350000381469727,1.3350000381469727,1.3350000381469727,1.3350000381469727,975,0.0,0.0
2024-10-07 15:03:00-04:00,1.3350000381469727,1.3350000381469727,1.309999942779541,1.312000036239624,44518,0.0,0.0
2024-10-07 15:05:00-04:00,1.319000005722046,1.3350000381469727,1.319000005722046,1.3200000524520874,24176,0.0,0.0
2024-10-07 15:06:00-04:00,1.3273999691009521,1.3300000429153442,1.3200000524520874,1.3250000476837158,14048,0.0,0.0
2024-10-07 15:08:00-04:00,1.3300000429153442,1.3300000429153442,1.3200000524520874,1.3200000524520874,464,0.0,0.0
2024-10-07 15:09:00-04:00,1.3292969465255737,1.3300000429153442,1.3292969465255737,1.3300000429153442,1689,0.0,0.0
2024-10-07 15:10:00-04:00,1.3300000429153442,1.3300000429153442,1.3300000429153442,1.3300000429153442,539,0.0,0.0
2024-10-07 15:12:00-04:00,1.3300000429153442,1.3342000246047974,1.3300000429153442,1.3301000595092773,11474,0.0,0.0
2024-10-07 15:13:00-04:00,1.3200000524520874,1.3200000524520874,1.3200000524520874,1.3200000524520874,560,0.0,0.0
2024-10-07 15:14:00-04:00,1.3100999593734741,1.3112000226974487,1.309999942779541,1.3112000226974487,3415,0.0,0.0
2024-10-07 15:15:00-04:00,1.309999942779541,1.309999942779541,1.2999999523162842,1.3049999475479126,4866,0.0,0.0
2024-10-07 15:16:00-04:00,1.2999999523162842,1.2999999523162842,1.2999999523162842,1.2999999523162842,903,0.0,0.0
2024-10-07 15:17:00-04:00,1.2999999523162842,1.3014999628067017,1.2999999523162842,1.3014999628067017,12086,0.0,0.0
2024-10-07 15:19:00-04:00,1.3049999475479126,1.3049999475479126,1.3049999475479126,1.3049999475479126,1255,0.0,0.0
2024-10-07 15:20:00-04:00,1.3003000020980835,1.309999942779541,1.3003000020980835,1.309999942779541,1095,0.0,0.0
2024-10-07 15:21:00-04:00,1.2999999523162842,1.309999942779541,1.2999999523162842,1.2999999523162842,886,0.0,0.0
2024-10-07 15:22:00-04:00,1.3000999689102173,1.3000999689102173,1.291700005531311,1.2949999570846558,17948,0.0,0.0
2024-10-07 15:23:00-04:00,1.2905999422073364,1.2914999723434448,1.2799999713897705,1.2799999713897705,28395,0.0,0.0
2024-10-07 15:24:00-04:00,1.2805999517440796,1.284999966621399,1.2699999809265137,1.270400047302246,36255,0.0,0.0
2024-10-07 15:25:00-04:00,1.270900011062622,1.270900011062622,1.2699999809265137,1.2699999809265137,4127,0.0,0.0
2024-10-07 15:26:00-04:00,1.2699999809265137,1.2699999809265137,1.2599999904632568,1.2599999904632568,1664,0.0,0.0
2024-10-07 15:27:00-04:00,1.2649999856948853,1.274999976158142,1.2599999904632568,1.2649999856948853,53326,0.0,0.0
2024-10-07 15:28:00-04:00,1.2705999612808228,1.279099941253662,1.2705999612808228,1.279099941253662,6206,0.0,0.0
2024-10-07 15:29:00-04:00,1.2799999713897705,1.2799999713897705,1.2795000076293945,1.2795000076293945,3100,0.0,0.0
2024-10-07 15:30:00-04:00,1.2799999713897705,1.2799999713897705,1.2799999713897705,1.2799999713897705,1824,0.0,0.0
2024-10-07 15:31:00-04:00,1.284999966621399,1.284999966621399,1.284999966621399,1.284999966621399,411,0.0,0.0
2024-10-07 15:32:00-04:00,1.2800999879837036,1.2800999879837036,1.2799999713897705,1.2799999713897705,804,0.0,0.0
2024-10-07 15:33:00-04:00,1.284999966621399,1.2884999513626099,1.281000018119812,1.281000018119812,4304,0.0,0.0
2024-10-07 15:34:00-04:00,1.2799999713897705,1.2799999713897705,1.2799999713897705,1.2799999713897705,131,0.0,0.0
2024-10-07 15:35:00-04:00,1.2799999713897705,1.2867000102996826,1.2799999713897705,1.2867000102996826,5853,0.0,0.0
2024-10-07 15:36:00-04:00,1.2799999713897705,1.2799999713897705,1.2799999713897705,1.2799999713897705,855,0.0,0.0
2024-10-07 15:37:00-04:00,1.2799999713897705,1.281999945640564,1.2799999713897705,1.281999945640564,1719,0.0,0.0
2024-10-07 15:38:00-04:00,1.2799999713897705,1.2799999713897705,1.2799999713897705,1.2799999713897705,117,0.0,0.0
2024-10-07 15:39:00-04:00,1.2899999618530273,1.2949999570846558,1.2799999713897705,1.2925000190734863,16096,0.0,0.0
2024-10-07 15:40:00-04:00,1.2999999523162842,1.2999999523162842,1.2999000549316406,1.2999000549316406,4148,0.0,0.0
2024-10-07 15:41:00-04:00,1.2999999523162842,1.309999942779541,1.2949999570846558,1.309999942779541,3365,0.0,0.0
2024-10-07 15:42:00-04:00,1.309999942779541,1.309999942779541,1.309999942779541,1.309999942779541,230,0.0,0.0
2024-10-07 15:43:00-04:00,1.309999942779541,1.309999942779541,1.309999942779541,1.309999942779541,102,0.0,0.0
2024-10-07 15:44:00-04:00,1.3085999488830566,1.3085999488830566,1.3085999488830566,1.3085999488830566,100,0.0,0.0
2024-10-07 15:45:00-04:00,1.309999942779541,1.309999942779541,1.309999942779541,1.309999942779541,426,0.0,0.0
2024-10-07 15:47:00-04:00,1.309999942779541,1.309999942779541,1.309999942779541,1.309999942779541,3164,0.0,0.0
2024-10-07 15:48:00-04:00,1.2999999523162842,1.309999942779541,1.2999999523162842,1.3074220418930054,4179,0.0,0.0
2024-10-07 15:49:00-04:00,1.309999942779541,1.3200000524520874,1.309999942779541,1.3200000524520874,3615,0.0,0.0
2024-10-07 15:50:00-04:00,1.315000057220459,1.3192349672317505,1.315000057220459,1.3192349672317505,1190,0.0,0.0
2024-10-07 15:51:00-04:00,1.3200000524520874,1.3200000524520874,1.315000057220459,1.319000005722046,1787,0.0,0.0
2024-10-07 15:52:00-04:00,1.319200038909912,1.3200000524520874,1.318600058555603,1.3200000524520874,5065,0.0,0.0
2024-10-07 15:55:00-04:00,1.3179999589920044,1.3181999921798706,1.309999942779541,1.309999942779541,19288,0.0,0.0
2024-10-07 15:56:00-04:00,1.3100999593734741,1.315000057220459,1.309999942779541,1.309999942779541,6816,0.0,0.0
2024-10-07 15:57:00-04:00,1.315000057220459,1.315000057220459,1.309999942779541,1.309999942779541,4102,0.0,0.0
2024-10-07 15:58:00-04:00,1.309999942779541,1.315000057220459,1.309999942779541,1.3100999593734741,6817,0.0,0.0
2024-10-07 15:59:00-04:00,1.309999942779541,1.3300000429153442,1.309999942779541,1.3300000429153442,25388,0.0,0.0
2024-10-08 09:30:00-04:00,1.350000023841858,1.3600000143051147,1.3310999870300293,1.350000023841858,69139,0.0,0.0
2024-10-08 09:32:00-04:00,1.350000023841858,1.3646999597549438,1.350000023841858,1.3646999597549438,1423,0.0,0.0
2024-10-08 09:33:00-04:00,1.3700000047683716,1.3700000047683716,1.3700000047683716,1.3700000047683716,262,0.0,0.0
2024-10-08 09:34:00-04:00,1.3624999523162842,1.3624999523162842,1.3300000429153442,1.340000033378601,14060,0.0,0.0
2024-10-08 09:35:00-04:00,1.3300000429153442,1.3300000429153442,1.3300000429153442,1.3300000429153442,4082,0.0,0.0
2024-10-08 09:36:00-04:00,1.340000033378601,1.3424999713897705,1.340000033378601,1.3401000499725342,4462,0.0,0.0
2024-10-08 09:37:00-04:00,1.340000033378601,1.340000033378601,1.340000033378601,1.340000033378601,202,0.0,0.0
2024-10-08 09:38:00-04:00,1.3393000364303589,1.3393000364303589,1.3350000381469727,1.3350000381469727,1637,0.0,0.0
2024-10-08 09:39:00-04:00,1.3393000364303589,1.3393000364303589,1.3300000429153442,1.3305000066757202,2679,0.0,0.0
2024-10-08 09:40:00-04:00,1.3300000429153442,1.3300000429153442,1.3105000257492065,1.3105000257492065,17103,0.0,0.0
2024-10-08 09:41:00-04:00,1.3194999694824219,1.3200000524520874,1.315000057220459,1.3200000524520874,563,0.0,0.0
2024-10-08 09:42:00-04:00,1.3200000524520874,1.3200000524520874,1.3133000135421753,1.3200000524520874,4338,0.0,0.0
2024-10-08 09:43:00-04:00,1.3200000524520874,1.3200000524520874,1.3200000524520874,1.3200000524520874,3438,0.0,0.0
2024-10-08 09:46:00-04:00,1.3229000568389893,1.3229000568389893,1.3229000568389893,1.3229000568389893,1236,0.0,0.0
2024-10-08 09:47:00-04:00,1.3200000524520874,1.3200000524520874,1.309999942779541,1.315000057220459,3291,0.0,0.0
2024-10-08 09:48:00-04:00,1.309999942779541,1.309999942779541,1.3049999475479126,1.309999942779541,4292,0.0,0.0
2024-10-08 09:49:00-04:00,1.2999999523162842,1.2999999523162842,1.2899999618530273,1.2949999570846558,1358,0.0,0.0
2024-10-08 09:50:00-04:00,1.2949999570846558,1.2949999570846558,1.2920000553131104,1.2920000553131104,3592,0.0,0.0
2024-10-08 09:51:00-04:00,1.3049999475479126,1.3049999475479126,1.3049999475479126,1.3049999475479126,16507,0.0,0.0
2024-10-08 09:52:00-04:00,1.309999942779541,1.309999942779541,1.3049999475479126,1.309999942779541,38410,0.0,0.0
2024-10-08 09:53:00-04:00,1.309999942779541,1.309999942779541,1.3028000593185425,1.3028000593185425,1781,0.0,0.0
2024-10-08 09:54:00-04:00,1.309999942779541,1.309999942779541,1.3049999475479126,1.3049999475479126,1920,0.0,0.0
2024-10-08 09:55:00-04:00,1.3075000047683716,1.3134000301361084,1.3049999475479126,1.3134000301361084,8810,0.0,0.0
2024-10-08 09:56:00-04:00,1.315000057220459,1.3300000429153442,1.315000057220459,1.3299000263214111,48746,0.0,0.0
2024-10-08 09:57:00-04:00,1.3350000381469727,1.3350000381469727,1.3300000429153442,1.3300000429153442,3908,0.0,0.0
2024-10-08 10:00:00-04:00,1.340000033378601,1.3550000190734863,1.340000033378601,1.3492000102996826,8859,0.0,0.0
2024-10-08 10:01:00-04:00,1.3450000286102295,1.3494999408721924,1.3450000286102295,1.3488999605178833,4450,0.0,0.0
2024-10-08 10:02:00-04:00,1.350000023841858,1.350000023841858,1.3493000268936157,1.3493000268936157,1754,0.0,0.0
2024-10-08 10:04:00-04:00,1.3450000286102295,1.3450000286102295,1.34089994430542,1.34089994430542,316,0.0,0.0
2024-10-08 10:05:00-04:00,1.3401000499725342,1.3401000499725342,1.3401000499725342,1.3401000499725342,249,0.0,0.0
2024-10-08 10:06:00-04:00,1.340499997138977,1.3451999425888062,1.340499997138977,1.3451999425888062,1556,0.0,0.0
2024-10-08 10:07:00-04:00,1.350000023841858,1.350000023841858,1.340000033378601,1.340000033378601,12308,0.0,0.0
2024-10-08 10:08:00-04:00,1.340000033378601,1.340000033378601,1.3350000381469727,1.340000033378601,3860,0.0,0.0
2024-10-08 10:09:00-04:00,1.340000033378601,1.340000033378601,1.3300000429153442,1.339900016784668,2120,0.0,0.0
2024-10-08 10:10:00-04:00,1.340000033378601,1.340000033378601,1.3300000429153442,1.3300000429153442,4803,0.0,0.0
2024-10-08 10:11:00-04:00,1.3200000524520874,1.3200000524520874,1.3157000541687012,1.3157000541687012,5771,0.0,0.0
2024-10-08 10:12:00-04:00,1.3100999593734741,1.315000057220459,1.309999942779541,1.315000057220459,1743,0.0,0.0
2024-10-08 10:13:00-04:00,1.315000057220459,1.315000057220459,1.315000057220459,1.315000057220459,1640,0.0,0.0
2024-10-08 10:14:00-04:00,1.3179999589920044,1.3200000524520874,1.302299976348877,1.3036999702453613,22805,0.0,0.0
2024-10-08 10:15:00-04:00,1.2999999523162842,1.2999999523162842,1.2450000047683716,1.2450000047683716,88093,0.0,0.0
2024-10-08 10:16:00-04:00,1.2400000095367432,1.2699999809265137,1.2400000095367432,1.2698999643325806,17029,0.0,0.0
2024-10-08 10:17:00-04:00,1.2698999643325806,1.2699999809265137,1.2589999437332153,1.2652000188827515,10899,0.0,0.0
2024-10-08 10:18:00-04:00,1.2690000534057617,1.2699999809265137,1.2630000114440918,1.2692910432815552,20394,0.0,0.0
2024-10-08 10:19:00-04:00,1.2599999904632568,1.2599999904632568,1.2599999904632568,1.2599999904632568,439,0.0,0.0
2024-10-08 10:20:00-04:00,1.2699999809265137,1.2699999809265137,1.25,1.25,27669,0.0,0.0
2024-10-08 10:21:00-04:00,1.2549999952316284,1.2595000267028809,1.25,1.2549999952316284,6504,0.0,0.0
2024-10-08 10:22:00-04:00,1.2599999904632568,1.2599999904632568,1.250100016593933,1.2599999904632568,15327,0.0,0.0
2024-10-08 10:23:00-04:00,1.25,1.25,1.2301000356674194,1.2450000047683716,44039,0.0,0.0
2024-10-08 10:24:00-04:00,1.25,1.2649999856948853,1.2450000047683716,1.2450000047683716,176416,0.0,0.0
2024-10-08 10:25:00-04:00,1.2450000047683716,1.249899983406067,1.2410999536514282,1.2411999702453613,13281,0.0,0.0
2024-10-08 10:26:00-04:00,1.249899983406067,1.249899983406067,1.2401000261306763,1.2493000030517578,9776,0.0,0.0
2024-10-08 10:27:00-04:00,1.249500036239624,1.249500036239624,1.2410000562667847,1.2450000047683716,730,0.0,0.0
2024-10-08 10:28:00-04:00,1.249899983406067,1.25,1.2400000095367432,1.25,48822,0.0,0.0
2024-10-08 10:29:00-04:00,1.25,1.25,1.2401000261306763,1.2450000047683716,11758,0.0,0.0
2024-10-08 10:30:00-04:00,1.2401000261306763,1.2401000261306763,1.2401000261306763,1.2401000261306763,100,0.0,0.0
2024-10-08 10:31:00-04:00,1.2404999732971191,1.2404999732971191,1.2401000261306763,1.2401000261306763,4123,0.0,0.0
2024-10-08 10:32:00-04:00,1.249500036239624,1.249500036239624,1.2450000047683716,1.2450000047683716,1901,0.0,0.0
2024-10-08 10:33:00-04:00,1.2400000095367432,1.2400000095367432,1.2050000429153442,1.2089999914169312,49651,0.0,0.0
2024-10-08 10:34:00-04:00,1.2100000381469727,1.215000033378601,1.2100000381469727,1.215000033378601,6686,0.0,0.0
2024-10-08 10:35:00-04:00,1.218000054359436,1.2199000120162964,1.2106000185012817,1.215000033378601,3195,0.0,0.0
2024-10-08 10:36:00-04:00,1.215000033378601,1.215000033378601,1.1799999475479126,1.2000000476837158,91118,0.0,0.0
2024-10-08 10:37:00-04:00,1.2000000476837158,1.2100000381469727,1.2000000476837158,1.2000999450683594,2906,0.0,0.0
2024-10-08 10:38:00-04:00,1.2000999450683594,1.2000999450683594,1.2000000476837158,1.2000000476837158,1205,0.0,0.0
2024-10-08 10:39:00-04:00,1.2000000476837158,1.2000999450683594,1.2000000476837158,1.2000999450683594,250,0.0,0.0
2024-10-08 10:40:00-04:00,1.2050000429153442,1.215000033378601,1.2000999450683594,1.2101000547409058,12519,0.0,0.0
2024-10-08 10:41:00-04:00,1.215000033378601,1.2299000024795532,1.215000033378601,1.2216999530792236,105887,0.0,0.0
2024-10-08 10:42:00-04:00,1.2279000282287598,1.25,1.2279000282287598,1.2450000047683716,7431,0.0,0.0
2024-10-08 10:43:00-04:00,1.2400000095367432,1.2400000095367432,1.2350000143051147,1.2350000143051147,739,0.0,0.0
2024-10-08 10:44:00-04:00,1.2359999418258667,1.2359999418258667,1.2359999418258667,1.2359999418258667,151,0.0,0.0
2024-10-08 10:45:00-04:00,1.2308000326156616,1.2308000326156616,1.2308000326156616,1.2308000326156616,574,0.0,0.0
2024-10-08 10:46:00-04:00,1.2301000356674194,1.2301000356674194,1.2301000356674194,1.2301000356674194,500,0.0,0.0
2024-10-08 10:47:00-04:00,1.2324999570846558,1.2324999570846558,1.2301000356674194,1.2324999570846558,1003,0.0,0.0
2024-10-08 10:48:00-04:00,1.2350000143051147,1.2390999794006348,1.2300000190734863,1.2350000143051147,2523,0.0,0.0
2024-10-08 10:49:00-04:00,1.2388999462127686,1.2388999462127686,1.2350000143051147,1.2350000143051147,1376,0.0,0.0
2024-10-08 10:50:00-04:00,1.2301000356674194,1.2301000356674194,1.2301000356674194,1.2301000356674194,2208,0.0,0.0
2024-10-08 10:52:00-04:00,1.2300000190734863,1.2300000190734863,1.2300000190734863,1.2300000190734863,883,0.0,0.0
2024-10-08 10:53:00-04:00,1.238700032234192,1.238700032234192,1.238700032234192,1.238700032234192,1705,0.0,0.0
2024-10-08 10:54:00-04:00,1.2396999597549438,1.2396999597549438,1.2388999462127686,1.2388999462127686,686,0.0,0.0
2024-10-08 10:55:00-04:00,1.2388999462127686,1.2450000047683716,1.2388999462127686,1.2450000047683716,6150,0.0,0.0
2024-10-08 10:56:00-04:00,1.2410000562667847,1.242799997329712,1.2410000562667847,1.242799997329712,349,0.0,0.0
2024-10-08 10:58:00-04:00,1.25,1.25,1.2400000095367432,1.2400000095367432,597,0.0,0.0
2024-10-08 10:59:00-04:00,1.2450000047683716,1.2549999952316284,1.2450000047683716,1.2549999952316284,13257,0.0,0.0
2024-10-08 11:01:00-04:00,1.25,1.25,1.2450000047683716,1.25,1712,0.0,0.0
2024-10-08 11:02:00-04:00,1.2447220087051392,1.25,1.2447220087051392,1.25,600,0.0,0.0
2024-10-08 11:03:00-04:00,1.2450000047683716,1.249899983406067,1.2401000261306763,1.2401000261306763,1536,0.0,0.0
2024-10-08 11:09:00-04:00,1.246999979019165,1.246999979019165,1.246999979019165,1.246999979019165,298,0.0,0.0
2024-10-08 11:10:00-04:00,1.2401000261306763,1.2401000261306763,1.2401000261306763,1.2401000261306763,1002,0.0,0.0
2024-10-08 11:11:00-04:00,1.2410000562667847,1.2450000047683716,1.2410000562667847,1.2450000047683716,1035,0.0,0.0
2024-10-08 11:15:00-04:00,1.249899983406067,1.249899983406067,1.249899983406067,1.249899983406067,1124,0.0,0.0
2024-10-08 11:17:00-04:00,1.2401000261306763,1.2401000261306763,1.2401000261306763,1.2401000261306763,187,0.0,0.0
2024-10-08 11:18:00-04:00,1.2489999532699585,1.2489999532699585,1.2489999532699585,1.2489999532699585,309,0.0,0.0
2024-10-08 11:19:00-04:00,1.25,1.25,1.2450000047683716,1.2480000257492065,976,0.0,0.0
2024-10-08 11:21:00-04:00,1.249400019645691,1.249899983406067,1.2457000017166138,1.249899983406067,13893,0.0,0.0
2024-10-08 11:22:00-04:00,1.2408000230789185,1.2450000047683716,1.2408000230789185,1.2450000047683716,2536,0.0,0.0
2024-10-08 11:23:00-04:00,1.2450000047683716,1.2450000047683716,1.2450000047683716,1.2450000047683716,663,0.0,0.0
2024-10-08 11:24:00-04:00,1.2497999668121338,1.2497999668121338,1.2401000261306763,1.243899941444397,723,0.0,0.0
2024-10-08 11:26:00-04:00,1.2481000423431396,1.2481000423431396,1.2481000423431396,1.2481000423431396,9418,0.0,0.0
2024-10-08 11:27:00-04:00,1.2450000047683716,1.2450000047683716,1.2450000047683716,1.2450000047683716,487,0.0,0.0
2024-10-08 11:30:00-04:00,1.25,1.25,1.25,1.25,609,0.0,0.0
2024-10-08 11:32:00-04:00,1.25,1.25,1.2450000047683716,1.2450000047683716,675,0.0,0.0
2024-10-08 11:35:00-04:00,1.2401000261306763,1.2401000261306763,1.2401000261306763,1.2401000261306763,129,0.0,0.0
2024-10-08 11:36:00-04:00,1.2489999532699585,1.249899983406067,1.2489999532699585,1.249899983406067,1705,0.0,0.0
2024-10-08 11:37:00-04:00,1.2491999864578247,1.2491999864578247,1.2400000095367432,1.2400000095367432,1100,0.0,0.0
2024-10-08 11:38:00-04:00,1.2401000261306763,1.248900055885315,1.2401000261306763,1.248900055885315,604,0.0,0.0
2024-10-08 11:39:00-04:00,1.2450000047683716,1.249899983406067,1.2450000047683716,1.249899983406067,3583,0.0,0.0
2024-10-08 11:42:00-04:00,1.2443000078201294,1.249899983406067,1.2400000095367432,1.249899983406067,2035,0.0,0.0
2024-10-08 11:44:00-04:00,1.2450000047683716,1.2450000047683716,1.2450000047683716,1.2450000047683716,274,0.0,0.0
2024-10-08 11:48:00-04:00,1.2412999868392944,1.2412999868392944,1.2412999868392944,1.2412999868392944,103,0.0,0.0
2024-10-08 11:49:00-04:00,1.2450000047683716,1.2450000047683716,1.2450000047683716,1.2450000047683716,113,0.0,0.0
2024-10-08 11:52:00-04:00,1.2450000047683716,1.2450000047683716,1.2450000047683716,1.2450000047683716,163,0.0,0.0
2024-10-08 11:53:00-04:00,1.2497999668121338,1.2497999668121338,1.2450000047683716,1.2450000047683716,800,0.0,0.0
2024-10-08 11:54:00-04:00,1.2401000261306763,1.2450000047683716,1.2401000261306763,1.2450000047683716,1156,0.0,0.0
2024-10-08 11:55:00-04:00,1.2450000047683716,1.2450000047683716,1.2200000286102295,1.2200000286102295,24321,0.0,0.0
2024-10-08 11:56:00-04:00,1.2200000286102295,1.2200000286102295,1.2200000286102295,1.2200000286102295,400,0.0,0.0
2024-10-08 11:57:00-04:00,1.2101000547409058,1.2200000286102295,1.2101000547409058,1.2200000286102295,10829,0.0,0.0
2024-10-08 11:58:00-04:00,1.215000033378601,1.215000033378601,1.2100000381469727,1.2130000591278076,1823,0.0,0.0
2024-10-08 11:59:00-04:00,1.2182999849319458,1.2182999849319458,1.2182999849319458,1.2182999849319458,2000,0.0,0.0
2024-10-08 12:00:00-04:00,1.2199000120162964,1.2199000120162964,1.215000033378601,1.2199000120162964,6096,0.0,0.0
2024-10-08 12:02:00-04:00,1.219599962234497,1.219599962234497,1.219599962234497,1.219599962234497,101,0.0,0.0
2024-10-08 12:03:00-04:00,1.215000033378601,1.215000033378601,1.215000033378601,1.215000033378601,324,0.0,0.0
2024-10-08 12:06:00-04:00,1.215000033378601,1.2187999486923218,1.2100000381469727,1.215000033378601,2098,0.0,0.0
2024-10-08 12:07:00-04:00,1.2100000381469727,1.2134000062942505,1.2100000381469727,1.2134000062942505,412,0.0,0.0
2024-10-08 12:09:00-04:00,1.2101000547409058,1.2101000547409058,1.2101000547409058,1.2101000547409058,342,0.0,0.0
2024-10-08 12:10:00-04:00,1.2199000120162964,1.2199000120162964,1.2199000120162964,1.2199000120162964,523,0.0,0.0
2024-10-08 12:12:00-04:00,1.215000033378601,1.215000033378601,1.215000033378601,1.215000033378601,977,0.0,0.0
2024-10-08 12:13:00-04:00,1.215000033378601,1.215000033378601,1.2109999656677246,1.2109999656677246,1621,0.0,0.0
2024-10-08 12:14:00-04:00,1.215000033378601,1.2200000286102295,1.2107000350952148,1.2107000350952148,18942,0.0,0.0
2024-10-08 12:15:00-04:00,1.215000033378601,1.2199000120162964,1.215000033378601,1.2199000120162964,536,0.0,0.0
2024-10-08 12:16:00-04:00,1.2200000286102295,1.2200000286102295,1.215000033378601,1.2167999744415283,589,0.0,0.0
2024-10-08 12:18:00-04:00,1.2187999486923218,1.2187999486923218,1.215000033378601,1.215000033378601,218,0.0,0.0
2024-10-08 12:19:00-04:00,1.2188999652862549,1.2188999652862549,1.2188999652862549,1.2188999652862549,319,0.0,0.0
2024-10-08 12:22:00-04:00,1.215000033378601,1.2199000120162964,1.215000033378601,1.2187000513076782,2033,0.0,0.0
2024-10-08 12:23:00-04:00,1.215000033378601,1.2199000120162964,1.215000033378601,1.2199000120162964,323,0.0,0.0
2024-10-08 12:25:00-04:00,1.2200000286102295,1.2200000286102295,1.215000033378601,1.2199000120162964,2490,0.0,0.0
2024-10-08 12:26:00-04:00,1.2100000381469727,1.215000033378601,1.2100000381469727,1.215000033378601,307,0.0,0.0
2024-10-08 12:27:00-04:00,1.215000033378601,1.215000033378601,1.215000033378601,1.215000033378601,899,0.0,0.0
2024-10-08 12:28:00-04:00,1.2100000381469727,1.212499976158142,1.2100000381469727,1.212499976158142,3414,0.0,0.0
2024-10-08 12:30:00-04:00,1.2103999853134155,1.2103999853134155,1.2103999853134155,1.2103999853134155,338,0.0,0.0
2024-10-08 12:33:00-04:00,1.215000033378601,1.215000033378601,1.215000033378601,1.215000033378601,605,0.0,0.0
2024-10-08 12:35:00-04:00,1.2192000150680542,1.2192000150680542,1.2192000150680542,1.2192000150680542,1309,0.0,0.0
2024-10-08 12:37:00-04:00,1.2199000120162964,1.2199000120162964,1.2199000120162964,1.2199000120162964,1019,0.0,0.0
2024-10-08 12:38:00-04:00,1.215000033378601,1.215000033378601,1.215000033378601,1.215000033378601,1390,0.0,0.0
2024-10-08 12:44:00-04:00,1.215000033378601,1.215000033378601,1.215000033378601,1.215000033378601,1668,0.0,0.0
2024-10-08 12:45:00-04:00,1.2199000120162964,1.2199000120162964,1.2199000120162964,1.2199000120162964,561,0.0,0.0
2024-10-08 12:47:00-04:00,1.219499945640564,1.219499945640564,1.219499945640564,1.219499945640564,511,0.0,0.0
2024-10-08 12:48:00-04:00,1.2103999853134155,1.219499945640564,1.2103999853134155,1.219499945640564,1296,0.0,0.0
2024-10-08 12:49:00-04:00,1.215000033378601,1.215000033378601,1.215000033378601,1.215000033378601,403,0.0,0.0
2024-10-08 12:50:00-04:00,1.2200000286102295,1.2200000286102295,1.2200000286102295,1.2200000286102295,308,0.0,0.0
2024-10-08 12:52:00-04:00,1.2200000286102295,1.2200000286102295,1.215000033378601,1.215000033378601,352,0.0,0.0
2024-10-08 12:53:00-04:00,1.2200000286102295,1.2200000286102295,1.215000033378601,1.215000033378601,1054,0.0,0.0
2024-10-08 12:54:00-04:00,1.215000033378601,1.219599962234497,1.2101000547409058,1.2101000547409058,4200,0.0,0.0
2024-10-08 12:55:00-04:00,1.215000033378601,1.2200000286102295,1.2101000547409058,1.215000033378601,36091,0.0,0.0
2024-10-08 12:58:00-04:00,1.215000033378601,1.215000033378601,1.215000033378601,1.215000033378601,737,0.0,0.0
2024-10-08 12:59:00-04:00,1.215000033378601,1.215000033378601,1.215000033378601,1.215000033378601,300,0.0,0.0
2024-10-08 13:00:00-04:00,1.2100000381469727,1.215000033378601,1.2100000381469727,1.215000033378601,5025,0.0,0.0
2024-10-08 13:01:00-04:00,1.215000033378601,1.215000033378601,1.215000033378601,1.215000033378601,298,0.0,0.0
2024-10-08 13:02:00-04:00,1.215000033378601,1.218999981880188,1.215000033378601,1.218999981880188,669,0.0,0.0
2024-10-08 13:03:00-04:00,1.2180999517440796,1.2180999517440796,1.2180999517440796,1.2180999517440796,615,0.0,0.0
2024-10-08 13:05:00-04:00,1.215000033378601,1.215000033378601,1.2000000476837158,1.2100000381469727,61097,0.0,0.0
2024-10-08 13:08:00-04:00,1.2050000429153442,1.2050000429153442,1.2050000429153442,1.2050000429153442,1846,0.0,0.0
2024-10-08 13:11:00-04:00,1.2050000429153442,1.2050000429153442,1.2050000429153442,1.2050000429153442,650,0.0,0.0
2024-10-08 13:12:00-04:00,1.2050000429153442,1.2050000429153442,1.2050000429153442,1.2050000429153442,242,0.0,0.0
2024-10-08 13:13:00-04:00,1.2009999752044678,1.2009999752044678,1.2009999752044678,1.2009999752044678,1000,0.0,0.0
2024-10-08 13:14:00-04:00,1.2100000381469727,1.2100000381469727,1.2100000381469727,1.2100000381469727,788,0.0,0.0
2024-10-08 13:16:00-04:00,1.201300024986267,1.2100000381469727,1.201300024986267,1.2100000381469727,2747,0.0,0.0
2024-10-08 13:18:00-04:00,1.2077000141143799,1.2077000141143799,1.2050000429153442,1.2050000429153442,2931,0.0,0.0
2024-10-08 13:19:00-04:00,1.2050000429153442,1.2050000429153442,1.2050000429153442,1.2050000429153442,210,0.0,0.0
2024-10-08 13:22:00-04:00,1.2007999420166016,1.2050000429153442,1.2007999420166016,1.2050000429153442,4600,0.0,0.0
2024-10-08 13:23:00-04:00,1.2020000219345093,1.2050000429153442,1.2000999450683594,1.2050000429153442,3437,0.0,0.0
2024-10-08 13:26:00-04:00,1.2000999450683594,1.2000999450683594,1.2000999450683594,1.2000999450683594,882,0.0,0.0
2024-10-08 13:28:00-04:00,1.2065999507904053,1.2099000215530396,1.2002999782562256,1.2050000429153442,20902,0.0,0.0
2024-10-08 13:29:00-04:00,1.2050000429153442,1.2050000429153442,1.2000000476837158,1.2000000476837158,3110,0.0,0.0
2024-10-08 13:31:00-04:00,1.2050000429153442,1.2050000429153442,1.2050000429153442,1.2050000429153442,100,0.0,0.0
2024-10-08 13:32:00-04:00,1.2100000381469727,1.2100000381469727,1.2100000381469727,1.2100000381469727,1586,0.0,0.0
2024-10-08 13:35:00-04:00,1.2050000429153442,1.2099000215530396,1.2050000429153442,1.2099000215530396,492,0.0,0.0
2024-10-08 13:36:00-04:00,1.2086999416351318,1.2095999717712402,1.2050000429153442,1.2050000429153442,4285,0.0,0.0
2024-10-08 13:37:00-04:00,1.2000999450683594,1.2000999450683594,1.2000999450683594,1.2000999450683594,1671,0.0,0.0
2024-10-08 13:39:00-04:00,1.2000999450683594,1.2100000381469727,1.2000999450683594,1.2099000215530396,3497,0.0,0.0
2024-10-08 13:40:00-04:00,1.2066999673843384,1.2066999673843384,1.2066999673843384,1.2066999673843384,348,0.0,0.0
2024-10-08 13:44:00-04:00,1.2050000429153442,1.2050000429153442,1.2050000429153442,1.2050000429153442,376,0.0,0.0
2024-10-08 13:48:00-04:00,1.2050000429153442,1.2100000381469727,1.2050000429153442,1.2050000429153442,2885,0.0,0.0
2024-10-08 13:49:00-04:00,1.2089999914169312,1.2099000215530396,1.208899974822998,1.2099000215530396,2549,0.0,0.0
2024-10-08 13:50:00-04:00,1.2050000429153442,1.2050000429153442,1.2050000429153442,1.2050000429153442,280,0.0,0.0
2024-10-08 13:56:00-04:00,1.208899974822998,1.208899974822998,1.2050000429153442,1.2050000429153442,690,0.0,0.0
2024-10-08 13:59:00-04:00,1.2089999914169312,1.2089999914169312,1.2089999914169312,1.2089999914169312,10003,0.0,0.0
2024-10-08 14:02:00-04:00,1.2095999717712402,1.2095999717712402,1.2095999717712402,1.2095999717712402,764,0.0,0.0
2024-10-08 14:03:00-04:00,1.2030999660491943,1.2030999660491943,1.2030999660491943,1.2030999660491943,2886,0.0,0.0
2024-10-08 14:04:00-04:00,1.2000999450683594,1.2000999450683594,1.2000999450683594,1.2000999450683594,1007,0.0,0.0
2024-10-08 14:06:00-04:00,1.2091000080108643,1.2091000080108643,1.2091000080108643,1.2091000080108643,1000,0.0,0.0
2024-10-08 14:07:00-04:00,1.2100000381469727,1.2100000381469727,1.2100000381469727,1.2100000381469727,351,0.0,0.0
2024-10-08 14:08:00-04:00,1.2050000429153442,1.2050000429153442,1.2050000429153442,1.2050000429153442,306,0.0,0.0
2024-10-08 14:10:00-04:00,1.207800030708313,1.2100000381469727,1.207800030708313,1.207800030708313,1410,0.0,0.0
2024-10-08 14:13:00-04:00,1.2091000080108643,1.2091000080108643,1.2091000080108643,1.2091000080108643,920,0.0,0.0
2024-10-08 14:14:00-04:00,1.2099000215530396,1.2100000381469727,1.2050000429153442,1.2100000381469727,399,0.0,0.0
2024-10-08 14:15:00-04:00,1.2100000381469727,1.2100000381469727,1.2100000381469727,1.2100000381469727,109,0.0,0.0
2024-10-08 14:16:00-04:00,1.2086999416351318,1.2086999416351318,1.2086999416351318,1.2086999416351318,225,0.0,0.0
2024-10-08 14:18:00-04:00,1.2024999856948853,1.2050000429153442,1.2024999856948853,1.2050000429153442,1336,0.0,0.0
2024-10-08 14:19:00-04:00,1.2000999450683594,1.2075999975204468,1.2000999450683594,1.2003999948501587,827,0.0,0.0
2024-10-08 14:20:00-04:00,1.2063000202178955,1.2063000202178955,1.2050000429153442,1.2050000429153442,1153,0.0,0.0
2024-10-08 14:21:00-04:00,1.2000999450683594,1.2000999450683594,1.2000999450683594,1.2000999450683594,160,0.0,0.0
2024-10-08 14:22:00-04:00,1.2050000429153442,1.2100000381469727,1.2050000429153442,1.2100000381469727,2690,0.0,0.0
2024-10-08 14:23:00-04:00,1.2050000429153442,1.2050000429153442,1.2027000188827515,1.2050000429153442,4370,0.0,0.0
2024-10-08 14:28:00-04:00,1.2100000381469727,1.2100000381469727,1.2100000381469727,1.2100000381469727,200,0.0,0.0
2024-10-08 14:29:00-04:00,1.2000000476837158,1.2050000429153442,1.2000000476837158,1.2050000429153442,10300,0.0,0.0
2024-10-08 14:30:00-04:00,1.2050000429153442,1.2050000429153442,1.2050000429153442,1.2050000429153442,169,0.0,0.0
2024-10-08 14:32:00-04:00,1.2050000429153442,1.2050000429153442,1.2050000429153442,1.2050000429153442,1511,0.0,0.0
2024-10-08 14:33:00-04:00,1.208400011062622,1.208400011062622,1.208400011062622,1.208400011062622,302,0.0,0.0
2024-10-08 14:34:00-04:00,1.2050000429153442,1.2050000429153442,1.2050000429153442,1.2050000429153442,1156,0.0,0.0
2024-10-08 14:35:00-04:00,1.208899974822998,1.208899974822998,1.2050000429153442,1.2050000429153442,589,0.0,0.0
2024-10-08 14:36:00-04:00,1.2050000429153442,1.2050000429153442,1.2050000429153442,1.2050000429153442,286,0.0,0.0
2024-10-08 14:38:00-04:00,1.2050000429153442,1.2100000381469727,1.2050000429153442,1.2100000381469727,378,0.0,0.0
2024-10-08 14:40:00-04:00,1.2099000215530396,1.2099000215530396,1.2043999433517456,1.2043999433517456,1066,0.0,0.0
2024-10-08 14:42:00-04:00,1.2050000429153442,1.2059999704360962,1.2050000429153442,1.2059999704360962,1354,0.0,0.0
2024-10-08 14:44:00-04:00,1.2050000429153442,1.2050000429153442,1.2000999450683594,1.2050000429153442,1380,0.0,0.0
2024-10-08 14:45:00-04:00,1.2050000429153442,1.2050000429153442,1.2050000429153442,1.2050000429153442,107,0.0,0.0
2024-10-08 14:46:00-04:00,1.2000000476837158,1.2003999948501587,1.2000000476837158,1.2000999450683594,647,0.0,0.0
2024-10-08 14:48:00-04:00,1.2088119983673096,1.2088119983673096,1.2088119983673096,1.2088119983673096,209,0.0,0.0
2024-10-08 14:51:00-04:00,1.2050000429153442,1.2100000381469727,1.2050000429153442,1.2100000381469727,2040,0.0,0.0
2024-10-08 14:52:00-04:00,1.2100000381469727,1.2100000381469727,1.2100000381469727,1.2100000381469727,21829,0.0,0.0
2024-10-08 14:53:00-04:00,1.2101000547409058,1.2190159559249878,1.2101000547409058,1.215000033378601,1434,0.0,0.0
2024-10-08 14:55:00-04:00,1.215000033378601,1.2200000286102295,1.215000033378601,1.215000033378601,4932,0.0,0.0
2024-10-08 14:56:00-04:00,1.215000033378601,1.2200000286102295,1.2101000547409058,1.212499976158142,5188,0.0,0.0
2024-10-08 14:58:00-04:00,1.215000033378601,1.215000033378601,1.215000033378601,1.215000033378601,217,0.0,0.0
2024-10-08 14:59:00-04:00,1.215000033378601,1.2199000120162964,1.2139999866485596,1.2139999866485596,7105,0.0,0.0
2024-10-08 15:00:00-04:00,1.2200000286102295,1.225000023841858,1.215000033378601,1.2240999937057495,15810,0.0,0.0
2024-10-08 15:01:00-04:00,1.2299000024795532,1.2300000190734863,1.225000023841858,1.225000023841858,2523,0.0,0.0
2024-10-08 15:02:00-04:00,1.225000023841858,1.225000023841858,1.225000023841858,1.225000023841858,184,0.0,0.0
2024-10-08 15:06:00-04:00,1.2293000221252441,1.2293000221252441,1.2293000221252441,1.2293000221252441,2574,0.0,0.0
2024-10-08 15:08:00-04:00,1.2264000177383423,1.2264000177383423,1.225000023841858,1.225000023841858,202,0.0,0.0
2024-10-08 15:09:00-04:00,1.225000023841858,1.2265000343322754,1.225000023841858,1.2265000343322754,1073,0.0,0.0
2024-10-08 15:10:00-04:00,1.2300000190734863,1.2300000190734863,1.225000023841858,1.225000023841858,3032,0.0,0.0
2024-10-08 15:11:00-04:00,1.2265000343322754,1.2300000190734863,1.2265000343322754,1.2280000448226929,2865,0.0,0.0
2024-10-08 15:12:00-04:00,1.228700041770935,1.228700041770935,1.2280000448226929,1.2280000448226929,3021,0.0,0.0
2024-10-08 15:13:00-04:00,1.2300000190734863,1.2300000190734863,1.222499966621399,1.225000023841858,15405,0.0,0.0
2024-10-08 15:14:00-04:00,1.222499966621399,1.2237000465393066,1.222499966621399,1.2237000465393066,1225,0.0,0.0
2024-10-08 15:15:00-04:00,1.2201000452041626,1.2201000452041626,1.2201000452041626,1.2201000452041626,447,0.0,0.0
2024-10-08 15:16:00-04:00,1.2213000059127808,1.2213000059127808,1.2213000059127808,1.2213000059127808,151,0.0,0.0
2024-10-08 15:17:00-04:00,1.225000023841858,1.225000023841858,1.225000023841858,1.225000023841858,10618,0.0,0.0
2024-10-08 15:19:00-04:00,1.2201000452041626,1.225000023841858,1.2201000452041626,1.225000023841858,921,0.0,0.0
2024-10-08 15:20:00-04:00,1.225000023841858,1.225000023841858,1.225000023841858,1.225000023841858,104,0.0,0.0
2024-10-08 15:21:00-04:00,1.2201000452041626,1.2201000452041626,1.2201000452041626,1.2201000452041626,282,0.0,0.0
2024-10-08 15:22:00-04:00,1.2288999557495117,1.2288999557495117,1.225000023841858,1.225000023841858,212,0.0,0.0
2024-10-08 15:23:00-04:00,1.225000023841858,1.2299000024795532,1.2200000286102295,1.225000023841858,31293,0.0,0.0
2024-10-08 15:24:00-04:00,1.225000023841858,1.225000023841858,1.225000023841858,1.225000023841858,301,0.0,0.0
2024-10-08 15:25:00-04:00,1.2200000286102295,1.225000023841858,1.2200000286102295,1.225000023841858,10163,0.0,0.0
2024-10-08 15:28:00-04:00,1.2299000024795532,1.2299000024795532,1.2288000583648682,1.2288000583648682,1264,0.0,0.0
2024-10-08 15:29:00-04:00,1.2213000059127808,1.2213000059127808,1.2213000059127808,1.2213000059127808,554,0.0,0.0
2024-10-08 15:30:00-04:00,1.225000023841858,1.225000023841858,1.225000023841858,1.225000023841858,311,0.0,0.0
2024-10-08 15:31:00-04:00,1.2288000583648682,1.2288000583648682,1.2288000583648682,1.2288000583648682,836,0.0,0.0
2024-10-08 15:34:00-04:00,1.225000023841858,1.225000023841858,1.225000023841858,1.225000023841858,1191,0.0,0.0
2024-10-08 15:37:00-04:00,1.225000023841858,1.225000023841858,1.225000023841858,1.225000023841858,270,0.0,0.0
2024-10-08 15:38:00-04:00,1.225000023841858,1.225000023841858,1.225000023841858,1.225000023841858,412,0.0,0.0
2024-10-08 15:39:00-04:00,1.225000023841858,1.2300000190734863,1.2201000452041626,1.225000023841858,21908,0.0,0.0
2024-10-08 15:40:00-04:00,1.225000023841858,1.225000023841858,1.225000023841858,1.225000023841858,466,0.0,0.0
2024-10-08 15:42:00-04:00,1.2300000190734863,1.2300000190734863,1.225000023841858,1.2300000190734863,6271,0.0,0.0
2024-10-08 15:43:00-04:00,1.2211999893188477,1.225000023841858,1.2211999893188477,1.225000023841858,3910,0.0,0.0
2024-10-08 15:44:00-04:00,1.2206000089645386,1.2206000089645386,1.2206000089645386,1.2206000089645386,5216,0.0,0.0
2024-10-08 15:45:00-04:00,1.2230000495910645,1.2230000495910645,1.2200000286102295,1.2200000286102295,22182,0.0,0.0
2024-10-08 15:47:00-04:00,1.225000023841858,1.225000023841858,1.222000002861023,1.222000002861023,2431,0.0,0.0
2024-10-08 15:48:00-04:00,1.225000023841858,1.225000023841858,1.225000023841858,1.225000023841858,592,0.0,0.0
2024-10-08 15:49:00-04:00,1.2300000190734863,1.2300000190734863,1.222000002861023,1.222000002861023,4831,0.0,0.0
2024-10-08 15:51:00-04:00,1.225000023841858,1.225000023841858,1.225000023841858,1.225000023841858,552,0.0,0.0
2024-10-08 15:52:00-04:00,1.225000023841858,1.2300000190734863,1.2201000452041626,1.225000023841858,1957,0.0,0.0
2024-10-08 15:53:00-04:00,1.225000023841858,1.225000023841858,1.225000023841858,1.225000023841858,838,0.0,0.0
2024-10-08 15:54:00-04:00,1.2300000190734863,1.2300000190734863,1.225000023841858,1.225000023841858,3194,0.0,0.0
2024-10-08 15:55:00-04:00,1.225000023841858,1.2300000190734863,1.2208000421524048,1.225000023841858,10804,0.0,0.0
2024-10-08 15:56:00-04:00,1.2201000452041626,1.2201000452041626,1.2201000452041626,1.2201000452041626,287,0.0,0.0
2024-10-08 15:57:00-04:00,1.2200000286102295,1.225000023841858,1.2200000286102295,1.2200000286102295,1126,0.0,0.0
2024-10-08 15:58:00-04:00,1.225000023841858,1.228700041770935,1.2200000286102295,1.225000023841858,7451,0.0,0.0
2024-10-08 15:59:00-04:00,1.225000023841858,1.2300000190734863,1.190000057220459,1.190000057220459,145943,0.0,0.0
2024-10-09 09:30:00-04:00,1.2599999904632568,1.2599999904632568,1.2200000286102295,1.2200000286102295,37732,0.0,0.0
2024-10-09 09:31:00-04:00,1.2200000286102295,1.2200000286102295,1.2050000429153442,1.2100000381469727,1884,0.0,0.0
2024-10-09 09:32:00-04:00,1.2181639671325684,1.2181639671325684,1.2100000381469727,1.218000054359436,2497,0.0,0.0
2024-10-09 09:33:00-04:00,1.2000000476837158,1.2000000476837158,1.2000000476837158,1.2000000476837158,1482,0.0,0.0
2024-10-09 09:35:00-04:00,1.2007999420166016,1.2007999420166016,1.2007999420166016,1.2007999420166016,141,0.0,0.0
2024-10-09 09:36:00-04:00,1.2089999914169312,1.2089999914169312,1.2089999914169312,1.2089999914169312,250,0.0,0.0
2024-10-09 09:37:00-04:00,1.2000999450683594,1.2002999782562256,1.2000999450683594,1.2002999782562256,1725,0.0,0.0
2024-10-09 09:38:00-04:00,1.2099000215530396,1.2100000381469727,1.2050000429153442,1.2100000381469727,3860,0.0,0.0
2024-10-09 09:39:00-04:00,1.2100000381469727,1.2100000381469727,1.2100000381469727,1.2100000381469727,3500,0.0,0.0
2024-10-09 09:40:00-04:00,1.2050000429153442,1.2050000429153442,1.2050000429153442,1.2050000429153442,483,0.0,0.0
2024-10-09 09:41:00-04:00,1.2000999450683594,1.2050000429153442,1.2000999450683594,1.2050000429153442,1481,0.0,0.0
2024-10-09 09:42:00-04:00,1.2000999450683594,1.2000999450683594,1.2000999450683594,1.2000999450683594,2181,0.0,0.0
2024-10-09 09:43:00-04:00,1.2000999450683594,1.2096999883651733,1.2000000476837158,1.2000000476837158,3574,0.0,0.0
2024-10-09 09:44:00-04:00,1.2009999752044678,1.2009999752044678,1.2009999752044678,1.2009999752044678,138,0.0,0.0
2024-10-09 09:45:00-04:00,1.2050000429153442,1.2050000429153442,1.2050000429153442,1.2050000429153442,1269,0.0,0.0
2024-10-09 09:48:00-04:00,1.2077029943466187,1.2100000381469727,1.20169997215271,1.20169997215271,3005,0.0,0.0
2024-10-09 09:50:00-04:00,1.201200008392334,1.201200008392334,1.201200008392334,1.201200008392334,110,0.0,0.0
2024-10-09 09:54:00-04:00,1.2065000534057617,1.2100000381469727,1.2050000429153442,1.2100000381469727,8428,0.0,0.0
2024-10-09 09:56:00-04:00,1.2101000547409058,1.2101000547409058,1.2101000547409058,1.2101000547409058,400,0.0,0.0
2024-10-09 09:57:00-04:00,1.2120000123977661,1.2194000482559204,1.2120000123977661,1.2194000482559204,645,0.0,0.0
2024-10-09 09:58:00-04:00,1.2172000408172607,1.239799976348877,1.2172000408172607,1.239799976348877,6294,0.0,0.0
2024-10-09 09:59:00-04:00,1.2400000095367432,1.2400000095367432,1.2209999561309814,1.225000023841858,12106,0.0,0.0
2024-10-09 10:00:00-04:00,1.225000023841858,1.225000023841858,1.225000023841858,1.225000023841858,257,0.0,0.0
2024-10-09 10:01:00-04:00,1.225000023841858,1.225000023841858,1.225000023841858,1.225000023841858,1152,0.0,0.0
2024-10-09 10:02:00-04:00,1.229099988937378,1.229099988937378,1.2288000583648682,1.2288000583648682,620,0.0,0.0
2024-10-09 10:03:00-04:00,1.225000023841858,1.2300000190734863,1.225000023841858,1.2300000190734863,8906,0.0,0.0
2024-10-09 10:04:00-04:00,1.2229000329971313,1.225000023841858,1.2229000329971313,1.225000023841858,3600,0.0,0.0
2024-10-09 10:06:00-04:00,1.2207000255584717,1.2207000255584717,1.2207000255584717,1.2207000255584717,1959,0.0,0.0
2024-10-09 10:07:00-04:00,1.2200000286102295,1.2200000286102295,1.2200000286102295,1.2200000286102295,1011,0.0,0.0
2024-10-09 10:09:00-04:00,1.219599962234497,1.219599962234497,1.219599962234497,1.219599962234497,166,0.0,0.0
2024-10-09 10:11:00-04:00,1.215000033378601,1.215000033378601,1.215000033378601,1.215000033378601,602,0.0,0.0
2024-10-09 10:12:00-04:00,1.2100000381469727,1.2100000381469727,1.2100000381469727,1.2100000381469727,565,0.0,0.0
2024-10-09 10:14:00-04:00,1.2100000381469727,1.2100000381469727,1.2100000381469727,1.2100000381469727,905,0.0,0.0
2024-10-09 10:17:00-04:00,1.215000033378601,1.215000033378601,1.215000033378601,1.215000033378601,280,0.0,0.0
2024-10-09 10:18:00-04:00,1.2101000547409058,1.2101000547409058,1.2101000547409058,1.2101000547409058,1001,0.0,0.0
2024-10-09 10:19:00-04:00,1.2199000120162964,1.2199000120162964,1.215000033378601,1.215000033378601,3451,0.0,0.0
2024-10-09 10:21:00-04:00,1.2187999486923218,1.2187999486923218,1.2187999486923218,1.2187999486923218,939,0.0,0.0
2024-10-09 10:22:00-04:00,1.2101000547409058,1.215000033378601,1.2101000547409058,1.215000033378601,658,0.0,0.0
2024-10-09 10:26:00-04:00,1.2200000286102295,1.2200000286102295,1.215000033378601,1.215000033378601,3038,0.0,0.0
2024-10-09 10:27:00-04:00,1.215000033378601,1.2200000286102295,1.215000033378601,1.2163000106811523,918,0.0,0.0
2024-10-09 10:28:00-04:00,1.215000033378601,1.215000033378601,1.2100000381469727,1.2100000381469727,906,0.0,0.0
2024-10-09 10:29:00-04:00,1.2188999652862549,1.2200000286102295,1.215000033378601,1.2200000286102295,678,0.0,0.0
2024-10-09 10:30:00-04:00,1.2100000381469727,1.2100000381469727,1.2003999948501587,1.2003999948501587,2684,0.0,0.0
2024-10-09 10:31:00-04:00,1.2007999420166016,1.2100000381469727,1.2007999420166016,1.2050000429153442,2568,0.0,0.0
2024-10-09 10:32:00-04:00,1.2000000476837158,1.2000000476837158,1.1907999515533447,1.1907999515533447,5658,0.0,0.0
2024-10-09 10:33:00-04:00,1.190000057220459,1.190999984741211,1.190000057220459,1.190999984741211,4226,0.0,0.0
2024-10-09 10:34:00-04:00,1.1950000524520874,1.1950000524520874,1.190000057220459,1.190000057220459,4561,0.0,0.0
2024-10-09 10:35:00-04:00,1.1799999475479126,1.1799999475479126,1.1699999570846558,1.1699999570846558,13529,0.0,0.0
2024-10-09 10:36:00-04:00,1.1649999618530273,1.1649999618530273,1.1649999618530273,1.1649999618530273,410,0.0,0.0
2024-10-09 10:37:00-04:00,1.1649999618530273,1.1649999618530273,1.160099983215332,1.160099983215332,1217,0.0,0.0
2024-10-09 10:38:00-04:00,1.167799949645996,1.190000057220459,1.167799949645996,1.180400013923645,29210,0.0,0.0
2024-10-09 10:39:00-04:00,1.1799999475479126,1.1799999475479126,1.1799999475479126,1.1799999475479126,1512,0.0,0.0
2024-10-09 10:40:00-04:00,1.1725000143051147,1.1725000143051147,1.1699999570846558,1.170300006866455,874,0.0,0.0
2024-10-09 10:41:00-04:00,1.179900050163269,1.1799999475479126,1.179900050163269,1.1799999475479126,3365,0.0,0.0
2024-10-09 10:42:00-04:00,1.184999942779541,1.184999942779541,1.184999942779541,1.184999942779541,1344,0.0,0.0
2024-10-09 10:43:00-04:00,1.184999942779541,1.184999942779541,1.184999942779541,1.184999942779541,100,0.0,0.0
2024-10-09 10:44:00-04:00,1.1799999475479126,1.1799999475479126,1.1799999475479126,1.1799999475479126,385,0.0,0.0
2024-10-09 10:46:00-04:00,1.1806000471115112,1.1806000471115112,1.1806000471115112,1.1806000471115112,373,0.0,0.0
2024-10-09 10:48:00-04:00,1.190000057220459,1.190000057220459,1.190000057220459,1.190000057220459,119,0.0,0.0
2024-10-09 10:49:00-04:00,1.184999942779541,1.190000057220459,1.184999942779541,1.184999942779541,694,0.0,0.0
2024-10-09 10:50:00-04:00,1.184999942779541,1.190000057220459,1.184999942779541,1.190000057220459,1985,0.0,0.0
2024-10-09 10:52:00-04:00,1.1902999877929688,1.1902999877929688,1.1902999877929688,1.1902999877929688,1010,0.0,0.0
2024-10-09 10:54:00-04:00,1.1924999952316284,1.1924999952316284,1.1924999952316284,1.1924999952316284,740,0.0,0.0
2024-10-09 10:55:00-04:00,1.2000000476837158,1.2000000476837158,1.2000000476837158,1.2000000476837158,1511,0.0,0.0
2024-10-09 10:57:00-04:00,1.2095999717712402,1.2095999717712402,1.2095999717712402,1.2095999717712402,154,0.0,0.0
2024-10-09 10:59:00-04:00,1.208899974822998,1.208899974822998,1.208899974822998,1.208899974822998,100,0.0,0.0
2024-10-09 11:00:00-04:00,1.2079999446868896,1.2100000381469727,1.2050000429153442,1.2050000429153442,3881,0.0,0.0
2024-10-09 11:03:00-04:00,1.2050000429153442,1.2050000429153442,1.2050000429153442,1.2050000429153442,753,0.0,0.0
2024-10-09 11:06:00-04:00,1.204200029373169,1.204200029373169,1.204200029373169,1.204200029373169,504,0.0,0.0
2024-10-09 11:07:00-04:00,1.2020000219345093,1.2020000219345093,1.2020000219345093,1.2020000219345093,412,0.0,0.0
2024-10-09 11:12:00-04:00,1.2002999782562256,1.2002999782562256,1.2002999782562256,1.2002999782562256,2126,0.0,0.0
2024-10-09 11:17:00-04:00,1.2000999450683594,1.2000999450683594,1.2000999450683594,1.2000999450683594,363,0.0,0.0
2024-10-09 11:20:00-04:00,1.2100000381469727,1.2100000381469727,1.2000999450683594,1.2000999450683594,597,0.0,0.0
2024-10-09 11:27:00-04:00,1.2096999883651733,1.2096999883651733,1.2096999883651733,1.2096999883651733,5092,0.0,0.0
2024-10-09 11:28:00-04:00,1.2100000381469727,1.2106000185012817,1.2050000429153442,1.2099000215530396,11430,0.0,0.0
2024-10-09 11:29:00-04:00,1.2099000215530396,1.2099000215530396,1.2023999691009521,1.2023999691009521,3367,0.0,0.0
2024-10-09 11:31:00-04:00,1.2000999450683594,1.2009999752044678,1.2000999450683594,1.2009999752044678,2437,0.0,0.0
2024-10-09 11:32:00-04:00,1.2000999450683594,1.2000999450683594,1.2000999450683594,1.2000999450683594,258,0.0,0.0
2024-10-09 11:33:00-04:00,1.201200008392334,1.201200008392334,1.201200008392334,1.201200008392334,189,0.0,0.0
2024-10-09 11:34:00-04:00,1.2000000476837158,1.2000000476837158,1.2000000476837158,1.2000000476837158,533,0.0,0.0
2024-10-09 11:36:00-04:00,1.2050000429153442,1.2050000429153442,1.2050000429153442,1.2050000429153442,100,0.0,0.0
2024-10-09 11:37:00-04:00,1.2000999450683594,1.2000999450683594,1.2000999450683594,1.2000999450683594,238,0.0,0.0
2024-10-09 11:38:00-04:00,1.2000999450683594,1.2050000429153442,1.2000999450683594,1.2050000429153442,1122,0.0,0.0
2024-10-09 11:39:00-04:00,1.2050000429153442,1.2050000429153442,1.2007999420166016,1.2007999420166016,1102,0.0,0.0
2024-10-09 11:43:00-04:00,1.2000000476837158,1.2000000476837158,1.2000000476837158,1.2000000476837158,145,0.0,0.0
2024-10-09 11:45:00-04:00,1.2000999450683594,1.2000999450683594,1.2000999450683594,1.2000999450683594,1097,0.0,0.0
2024-10-09 11:51:00-04:00,1.2000000476837158,1.2000000476837158,1.2000000476837158,1.2000000476837158,1128,0.0,0.0
2024-10-09 11:54:00-04:00,1.2003999948501587,1.2003999948501587,1.2003999948501587,1.2003999948501587,154,0.0,0.0
2024-10-09 11:57:00-04:00,1.2091000080108643,1.2091000080108643,1.2091000080108643,1.2091000080108643,100,0.0,0.0
2024-10-09 11:58:00-04:00,1.208799958229065,1.208799958229065,1.208799958229065,1.208799958229065,303,0.0,0.0
2024-10-09 11:59:00-04:00,1.201300024986267,1.204699993133545,1.201300024986267,1.204699993133545,1170,0.0,0.0
2024-10-09 12:00:00-04:00,1.2000000476837158,1.2000000476837158,1.2000000476837158,1.2000000476837158,214,0.0,0.0
2024-10-09 12:03:00-04:00,1.2002999782562256,1.2002999782562256,1.2002999782562256,1.2002999782562256,736,0.0,0.0
2024-10-09 12:06:00-04:00,1.2050000429153442,1.2050000429153442,1.2050000429153442,1.2050000429153442,796,0.0,0.0
2024-10-09 12:08:00-04:00,1.2093000411987305,1.2093000411987305,1.2093000411987305,1.2093000411987305,2127,0.0,0.0
2024-10-09 12:11:00-04:00,1.2050000429153442,1.2098000049591064,1.2050000429153442,1.2098000049591064,1379,0.0,0.0
2024-10-09 12:13:00-04:00,1.2077000141143799,1.2100000381469727,1.2077000141143799,1.2100000381469727,701,0.0,0.0
2024-10-09 12:15:00-04:00,1.2050000429153442,1.2050000429153442,1.2050000429153442,1.2050000429153442,2050,0.0,0.0
2024-10-09 12:16:00-04:00,1.2057000398635864,1.2057000398635864,1.2057000398635864,1.2057000398635864,584,0.0,0.0
2024-10-09 12:21:00-04:00,1.2092000246047974,1.2092000246047974,1.2092000246047974,1.2092000246047974,1695,0.0,0.0
2024-10-09 12:25:00-04:00,1.2014000415802002,1.2014000415802002,1.2014000415802002,1.2014000415802002,250,0.0,0.0
2024-10-09 12:27:00-04:00,1.2100000381469727,1.2100000381469727,1.2050000429153442,1.2100000381469727,820,0.0,0.0
2024-10-09 12:28:00-04:00,1.2000000476837158,1.2000000476837158,1.2000000476837158,1.2000000476837158,469,0.0,0.0
2024-10-09 12:30:00-04:00,1.2096999883651733,1.2096999883651733,1.2050000429153442,1.2050000429153442,435,0.0,0.0
2024-10-09 12:31:00-04:00,1.2100000381469727,1.2100000381469727,1.2100000381469727,1.2100000381469727,8574,0.0,0.0
2024-10-09 12:32:00-04:00,1.2200000286102295,1.2200000286102295,1.215000033378601,1.215000033378601,9069,0.0,0.0
2024-10-09 12:36:00-04:00,1.219099998474121,1.219099998474121,1.219099998474121,1.219099998474121,743,0.0,0.0
2024-10-09 12:40:00-04:00,1.2101000547409058,1.2101000547409058,1.2101000547409058,1.2101000547409058,233,0.0,0.0
2024-10-09 12:43:00-04:00,1.215000033378601,1.215000033378601,1.215000033378601,1.215000033378601,1000,0.0,0.0
2024-10-09 12:44:00-04:00,1.215000033378601,1.215000033378601,1.215000033378601,1.215000033378601,196,0.0,0.0
2024-10-09 12:46:00-04:00,1.215000033378601,1.215000033378601,1.215000033378601,1.215000033378601,321,0.0,0.0
2024-10-09 12:48:00-04:00,1.2188999652862549,1.2188999652862549,1.2188999652862549,1.2188999652862549,114,0.0,0.0
2024-10-09 12:51:00-04:00,1.2152999639511108,1.2152999639511108,1.2152999639511108,1.2152999639511108,400,0.0,0.0
2024-10-09 12:52:00-04:00,1.215000033378601,1.215000033378601,1.215000033378601,1.215000033378601,315,0.0,0.0
2024-10-09 12:53:00-04:00,1.2199000120162964,1.2199000120162964,1.2111999988555908,1.2111999988555908,307,0.0,0.0
2024-10-09 12:55:00-04:00,1.2111999988555908,1.2116999626159668,1.2111999988555908,1.2116999626159668,2066,0.0,0.0
2024-10-09 12:56:00-04:00,1.2109999656677246,1.2109999656677246,1.2109999656677246,1.2109999656677246,949,0.0,0.0
2024-10-09 13:01:00-04:00,1.2101000547409058,1.2171000242233276,1.2101000547409058,1.2171000242233276,1441,0.0,0.0
2024-10-09 13:09:00-04:00,1.2187999486923218,1.2187999486923218,1.2187999486923218,1.2187999486923218,153,0.0,0.0
2024-10-09 13:11:00-04:00,1.2100000381469727,1.2100000381469727,1.2100000381469727,1.2100000381469727,2001,0.0,0.0
2024-10-09 13:12:00-04:00,1.2101000547409058,1.2101000547409058,1.2101000547409058,1.2101000547409058,411,0.0,0.0
2024-10-09 13:16:00-04:00,1.211300015449524,1.211300015449524,1.211300015449524,1.211300015449524,850,0.0,0.0
2024-10-09 13:21:00-04:00,1.2101000547409058,1.2101000547409058,1.2101000547409058,1.2101000547409058,263,0.0,0.0
2024-10-09 13:22:00-04:00,1.215000033378601,1.215000033378601,1.215000033378601,1.215000033378601,100,0.0,0.0
2024-10-09 13:25:00-04:00,1.2200000286102295,1.2200000286102295,1.215000033378601,1.215000033378601,203,0.0,0.0
2024-10-09 13:26:00-04:00,1.2100000381469727,1.2100000381469727,1.2100000381469727,1.2100000381469727,473,0.0,0.0
2024-10-09 13:28:00-04:00,1.2108999490737915,1.2108999490737915,1.2108999490737915,1.2108999490737915,1090,0.0,0.0
2024-10-09 13:31:00-04:00,1.215000033378601,1.215000033378601,1.215000033378601,1.215000033378601,182,0.0,0.0
2024-10-09 13:33:00-04:00,1.2200000286102295,1.2200000286102295,1.2200000286102295,1.2200000286102295,140,0.0,0.0
2024-10-09 13:35:00-04:00,1.215000033378601,1.215000033378601,1.215000033378601,1.215000033378601,1224,0.0,0.0
2024-10-09 13:36:00-04:00,1.2151000499725342,1.2151000499725342,1.2151000499725342,1.2151000499725342,641,0.0,0.0
2024-10-09 13:41:00-04:00,1.215000033378601,1.215000033378601,1.215000033378601,1.215000033378601,363,0.0,0.0
2024-10-09 13:42:00-04:00,1.215000033378601,1.215000033378601,1.210800051689148,1.215000033378601,3329,0.0,0.0
2024-10-09 13:44:00-04:00,1.2200000286102295,1.2200000286102295,1.2200000286102295,1.2200000286102295,100,0.0,0.0
2024-10-09 13:45:00-04:00,1.215000033378601,1.215000033378601,1.215000033378601,1.215000033378601,272,0.0,0.0
2024-10-09 13:49:00-04:00,1.215000033378601,1.215000033378601,1.215000033378601,1.215000033378601,170,0.0,0.0
2024-10-09 13:52:00-04:00,1.2187999486923218,1.2187999486923218,1.2187999486923218,1.2187999486923218,249,0.0,0.0
2024-10-09 13:53:00-04:00,1.2100000381469727,1.2100000381469727,1.2096999883651733,1.2096999883651733,11428,0.0,0.0
2024-10-09 14:00:00-04:00,1.2093000411987305,1.2093000411987305,1.2000000476837158,1.2000999450683594,1068,0.0,0.0
2024-10-09 14:01:00-04:00,1.2000000476837158,1.2000000476837158,1.2000000476837158,1.2000000476837158,215,0.0,0.0
2024-10-09 14:02:00-04:00,1.2000000476837158,1.2000000476837158,1.2000000476837158,1.2000000476837158,513,0.0,0.0
2024-10-09 14:04:00-04:00,1.2050000429153442,1.2050000429153442,1.2050000429153442,1.2050000429153442,499,0.0,0.0
2024-10-09 14:08:00-04:00,1.2100000381469727,1.2100000381469727,1.2000000476837158,1.2000000476837158,1042,0.0,0.0
2024-10-09 14:10:00-04:00,1.2000000476837158,1.2000000476837158,1.2000000476837158,1.2000000476837158,6114,0.0,0.0
2024-10-09 14:14:00-04:00,1.1914000511169434,1.1914000511169434,1.1914000511169434,1.1914000511169434,245,0.0,0.0
2024-10-09 14:18:00-04:00,1.1950000524520874,1.1959999799728394,1.1950000524520874,1.1959999799728394,845,0.0,0.0
2024-10-09 14:20:00-04:00,1.1985000371932983,1.1985000371932983,1.1985000371932983,1.1985000371932983,150,0.0,0.0
2024-10-09 14:21:00-04:00,1.190000057220459,1.190000057220459,1.190000057220459,1.190000057220459,1542,0.0,0.0
2024-10-09 14:26:00-04:00,1.190000057220459,1.190000057220459,1.190000057220459,1.190000057220459,1584,0.0,0.0
2024-10-09 14:29:00-04:00,1.1907999515533447,1.1907999515533447,1.1900999546051025,1.1900999546051025,2982,0.0,0.0
2024-10-09 14:37:00-04:00,1.1900999546051025,1.1900999546051025,1.1900999546051025,1.1900999546051025,286,0.0,0.0
2024-10-09 14:43:00-04:00,1.1991000175476074,1.1991000175476074,1.1991000175476074,1.1991000175476074,1624,0.0,0.0
2024-10-09 14:47:00-04:00,1.2000000476837158,1.2000000476837158,1.190000057220459,1.190000057220459,1559,0.0,0.0
2024-10-09 14:48:00-04:00,1.1900999546051025,1.1900999546051025,1.1900999546051025,1.1900999546051025,461,0.0,0.0
2024-10-09 14:51:00-04:00,1.1928000450134277,1.1928000450134277,1.1928000450134277,1.1928000450134277,1724,0.0,0.0
2024-10-09 14:56:00-04:00,1.1988999843597412,1.1988999843597412,1.1988999843597412,1.1988999843597412,418,0.0,0.0
2024-10-09 14:58:00-04:00,1.2000000476837158,1.2000000476837158,1.2000000476837158,1.2000000476837158,839,0.0,0.0
2024-10-09 14:59:00-04:00,1.1900999546051025,1.190999984741211,1.190000057220459,1.190000057220459,6309,0.0,0.0
2024-10-09 15:00:00-04:00,1.190000057220459,1.1914000511169434,1.190000057220459,1.1914000511169434,464,0.0,0.0
2024-10-09 15:03:00-04:00,1.1912000179290771,1.1912000179290771,1.1912000179290771,1.1912000179290771,355,0.0,0.0
2024-10-09 15:05:00-04:00,1.1900999546051025,1.1900999546051025,1.1900999546051025,1.1900999546051025,251,0.0,0.0
2024-10-09 15:07:00-04:00,1.1950000524520874,1.1950000524520874,1.1950000524520874,1.1950000524520874,2005,0.0,0.0
2024-10-09 15:08:00-04:00,1.1900999546051025,1.1900999546051025,1.1900999546051025,1.1900999546051025,164,0.0,0.0
2024-10-09 15:09:00-04:00,1.1986000537872314,1.1999000310897827,1.1986000537872314,1.1999000310897827,440,0.0,0.0
2024-10-09 15:14:00-04:00,1.1950000524520874,1.1993999481201172,1.1950000524520874,1.1993999481201172,4372,0.0,0.0
2024-10-09 15:15:00-04:00,1.1991000175476074,1.1991000175476074,1.1950000524520874,1.1950000524520874,1203,0.0,0.0
2024-10-09 15:16:00-04:00,1.1993999481201172,1.1993999481201172,1.1950000524520874,1.1966999769210815,6273,0.0,0.0
2024-10-09 15:17:00-04:00,1.2000000476837158,1.2000000476837158,1.1950000524520874,1.1998000144958496,8110,0.0,0.0
2024-10-09 15:18:00-04:00,1.1950000524520874,1.1950000524520874,1.1950000524520874,1.1950000524520874,4000,0.0,0.0
2024-10-09 15:19:00-04:00,1.1950000524520874,1.2000000476837158,1.1950000524520874,1.1950000524520874,9217,0.0,0.0
2024-10-09 15:20:00-04:00,1.195099949836731,1.195099949836731,1.195099949836731,1.195099949836731,4000,0.0,0.0
2024-10-09 15:21:00-04:00,1.198799967765808,1.198799967765808,1.198799967765808,1.198799967765808,483,0.0,0.0
2024-10-09 15:22:00-04:00,1.1950000524520874,1.1950000524520874,1.1950000524520874,1.1950000524520874,2001,0.0,0.0
2024-10-09 15:24:00-04:00,1.1950000524520874,1.1950000524520874,1.1950000524520874,1.1950000524520874,125,0.0,0.0
2024-10-09 15:28:00-04:00,1.2000000476837158,1.2000000476837158,1.1950000524520874,1.1950000524520874,15638,0.0,0.0
2024-10-09 15:32:00-04:00,1.1986000537872314,1.1986000537872314,1.1900999546051025,1.1950000524520874,1035,0.0,0.0
2024-10-09 15:33:00-04:00,1.1988999843597412,1.1988999843597412,1.1988999843597412,1.1988999843597412,500,0.0,0.0
2024-10-09 15:34:00-04:00,1.197100043296814,1.197100043296814,1.197100043296814,1.197100043296814,317,0.0,0.0
2024-10-09 15:40:00-04:00,1.1907999515533447,1.1907999515533447,1.1907999515533447,1.1907999515533447,2743,0.0,0.0
2024-10-09 15:47:00-04:00,1.1900999546051025,1.1900999546051025,1.1900999546051025,1.1900999546051025,5901,0.0,0.0
2024-10-09 15:48:00-04:00,1.1950000524520874,1.1950000524520874,1.1950000524520874,1.1950000524520874,551,0.0,0.0
2024-10-09 15:50:00-04:00,1.1950000524520874,1.1950000524520874,1.1900999546051025,1.1950000524520874,1694,0.0,0.0
2024-10-09 15:51:00-04:00,1.2000000476837158,1.2000000476837158,1.2000000476837158,1.2000000476837158,7356,0.0,0.0
2024-10-09 15:52:00-04:00,1.1950000524520874,1.1950000524520874,1.1900999546051025,1.1950000524520874,3959,0.0,0.0
2024-10-09 15:53:00-04:00,1.1950000524520874,1.1950000524520874,1.1950000524520874,1.1950000524520874,357,0.0,0.0
2024-10-09 15:54:00-04:00,1.1950000524520874,1.1950000524520874,1.1950000524520874,1.1950000524520874,503,0.0,0.0
2024-10-09 15:55:00-04:00,1.1950000524520874,1.1950000524520874,1.1924999952316284,1.1950000524520874,2266,0.0,0.0
2024-10-09 15:56:00-04:00,1.1950000524520874,1.1950000524520874,1.1900999546051025,1.1900999546051025,2753,0.0,0.0
2024-10-09 15:57:00-04:00,1.1950000524520874,1.1950000524520874,1.1950000524520874,1.1950000524520874,680,0.0,0.0
2024-10-09 15:58:00-04:00,1.1950000524520874,1.1950000524520874,1.1950000524520874,1.1950000524520874,218,0.0,0.0
2024-10-09 15:59:00-04:00,1.1920000314712524,1.1950000524520874,1.190000057220459,1.190000057220459,8944,0.0,0.0
2024-10-10 09:30:00-04:00,1.2000000476837158,1.2000000476837158,1.1699999570846558,1.1699999570846558,21837,0.0,0.0
2024-10-10 09:31:00-04:00,1.1699999570846558,1.1799999475479126,1.1505000591278076,1.1694999933242798,5186,0.0,0.0
2024-10-10 09:32:00-04:00,1.1516000032424927,1.1516000032424927,1.149999976158142,1.149999976158142,11200,0.0,0.0
2024-10-10 09:33:00-04:00,1.149999976158142,1.1588000059127808,1.1449999809265137,1.1449999809265137,3677,0.0,0.0
2024-10-10 09:34:00-04:00,1.1593999862670898,1.159999966621399,1.1549999713897705,1.159999966621399,8158,0.0,0.0
2024-10-10 09:35:00-04:00,1.159999966621399,1.159999966621399,1.1399999856948853,1.1399999856948853,8933,0.0,0.0
2024-10-10 09:36:00-04:00,1.1492999792099,1.1492999792099,1.1492999792099,1.1492999792099,401,0.0,0.0
2024-10-10 09:37:00-04:00,1.1399999856948853,1.149399995803833,1.1399999856948853,1.1419999599456787,2836,0.0,0.0
2024-10-10 09:38:00-04:00,1.1490000486373901,1.149999976158142,1.1449999809265137,1.149999976158142,802,0.0,0.0
2024-10-10 09:40:00-04:00,1.1449999809265137,1.149999976158142,1.1449999809265137,1.149999976158142,23028,0.0,0.0
2024-10-10 09:41:00-04:00,1.149999976158142,1.149999976158142,1.149999976158142,1.149999976158142,2039,0.0,0.0
2024-10-10 09:42:00-04:00,1.149999976158142,1.149999976158142,1.1497999429702759,1.1497999429702759,3822,0.0,0.0
2024-10-10 09:43:00-04:00,1.1399999856948853,1.1449999809265137,1.1399999856948853,1.1449999809265137,5074,0.0,0.0
2024-10-10 09:44:00-04:00,1.1497999429702759,1.1549999713897705,1.1407999992370605,1.149999976158142,34794,0.0,0.0
2024-10-10 09:45:00-04:00,1.1549999713897705,1.159999966621399,1.1549999713897705,1.159999966621399,48507,0.0,0.0
2024-10-10 09:46:00-04:00,1.159999966621399,1.1699999570846558,1.159999966621399,1.1686999797821045,2671,0.0,0.0
2024-10-10 09:47:00-04:00,1.1699999570846558,1.1699999570846558,1.159999966621399,1.159999966621399,13790,0.0,0.0
2024-10-10 09:48:00-04:00,1.1549999713897705,1.1549999713897705,1.149999976158142,1.1549999713897705,1658,0.0,0.0
2024-10-10 09:49:00-04:00,1.1411999464035034,1.1411999464035034,1.1411999464035034,1.1411999464035034,443,0.0,0.0
2024-10-10 09:50:00-04:00,1.1449999809265137,1.1449999809265137,1.1449999809265137,1.1449999809265137,1009,0.0,0.0
2024-10-10 09:53:00-04:00,1.149999976158142,1.159999966621399,1.149999976158142,1.159999966621399,737,0.0,0.0
2024-10-10 09:54:00-04:00,1.169600009918213,1.169600009918213,1.1649999618530273,1.1655999422073364,550,0.0,0.0
2024-10-10 09:55:00-04:00,1.1654000282287598,1.1654000282287598,1.1654000282287598,1.1654000282287598,1044,0.0,0.0
2024-10-10 09:57:00-04:00,1.1699999570846558,1.1699999570846558,1.1699999570846558,1.1699999570846558,313,0.0,0.0
2024-10-10 09:58:00-04:00,1.1799999475479126,1.1799999475479126,1.1799999475479126,1.1799999475479126,755,0.0,0.0
2024-10-10 09:59:00-04:00,1.180799961090088,1.180799961090088,1.1799999475479126,1.1799999475479126,5266,0.0,0.0
2024-10-10 10:00:00-04:00,1.1699999570846558,1.1749999523162842,1.1699999570846558,1.1749999523162842,494,0.0,0.0
2024-10-10 10:01:00-04:00,1.1699999570846558,1.1699999570846558,1.1699999570846558,1.1699999570846558,200,0.0,0.0
2024-10-10 10:02:00-04:00,1.1799999475479126,1.1799999475479126,1.1799999475479126,1.1799999475479126,4682,0.0,0.0
2024-10-10 10:03:00-04:00,1.1883000135421753,1.1883000135421753,1.1883000135421753,1.1883000135421753,473,0.0,0.0
2024-10-10 10:06:00-04:00,1.184999942779541,1.184999942779541,1.184999942779541,1.184999942779541,357,0.0,0.0
2024-10-10 10:07:00-04:00,1.1799999475479126,1.184999942779541,1.1799999475479126,1.184999942779541,3174,0.0,0.0
2024-10-10 10:08:00-04:00,1.1799999475479126,1.1799999475479126,1.1699999570846558,1.1699999570846558,1063,0.0,0.0
2024-10-10 10:11:00-04:00,1.1699999570846558,1.1699999570846558,1.1699999570846558,1.1699999570846558,15100,0.0,0.0
2024-10-10 10:12:00-04:00,1.1749999523162842,1.1749999523162842,1.1699999570846558,1.1699999570846558,11196,0.0,0.0
2024-10-10 10:13:00-04:00,1.1789000034332275,1.1799999475479126,1.1789000034332275,1.1799999475479126,327,0.0,0.0
2024-10-10 10:16:00-04:00,1.1799999475479126,1.1799999475479126,1.1740000247955322,1.1740000247955322,1250,0.0,0.0
2024-10-10 10:17:00-04:00,1.1792000532150269,1.1792000532150269,1.1792000532150269,1.1792000532150269,613,0.0,0.0
2024-10-10 10:21:00-04:00,1.179900050163269,1.179900050163269,1.179900050163269,1.179900050163269,110,0.0,0.0
2024-10-10 10:22:00-04:00,1.179900050163269,1.179900050163269,1.1786999702453613,1.1786999702453613,713,0.0,0.0
2024-10-10 10:24:00-04:00,1.1749999523162842,1.1749999523162842,1.1699999570846558,1.1699999570846558,32262,0.0,0.0
2024-10-10 10:25:00-04:00,1.1699999570846558,1.1699999570846558,1.1699999570846558,1.1699999570846558,1030,0.0,0.0
2024-10-10 10:26:00-04:00,1.1749999523162842,1.1749999523162842,1.1749999523162842,1.1749999523162842,103,0.0,0.0
2024-10-10 10:28:00-04:00,1.1710000038146973,1.1799999475479126,1.1710000038146973,1.1799999475479126,1794,0.0,0.0
2024-10-10 10:29:00-04:00,1.1749999523162842,1.1749999523162842,1.1749999523162842,1.1749999523162842,2223,0.0,0.0
2024-10-10 10:31:00-04:00,1.1749999523162842,1.1799999475479126,1.1749999523162842,1.1799999475479126,840,0.0,0.0
2024-10-10 10:33:00-04:00,1.1749999523162842,1.1749999523162842,1.1749999523162842,1.1749999523162842,898,0.0,0.0
2024-10-10 10:35:00-04:00,1.1740000247955322,1.1740000247955322,1.1740000247955322,1.1740000247955322,120,0.0,0.0
2024-10-10 10:37:00-04:00,1.1711000204086304,1.1749999523162842,1.1711000204086304,1.1749999523162842,2395,0.0,0.0
2024-10-10 10:44:00-04:00,1.1749999523162842,1.1799999475479126,1.1749999523162842,1.1799999475479126,13005,0.0,0.0
2024-10-10 10:45:00-04:00,1.1799999475479126,1.184999942779541,1.1749999523162842,1.184999942779541,7742,0.0,0.0
2024-10-10 10:47:00-04:00,1.1858999729156494,1.1858999729156494,1.1858999729156494,1.1858999729156494,1000,0.0,0.0
2024-10-10 10:48:00-04:00,1.184999942779541,1.184999942779541,1.184999942779541,1.184999942779541,655,0.0,0.0
2024-10-10 10:51:00-04:00,1.180899977684021,1.2100000381469727,1.180899977684021,1.2100000381469727,20714,0.0,0.0
2024-10-10 10:52:00-04:00,1.2100000381469727,1.2200000286102295,1.2100000381469727,1.2105000019073486,34232,0.0,0.0
2024-10-10 10:53:00-04:00,1.2100000381469727,1.2200000286102295,1.2100000381469727,1.2200000286102295,27220,0.0,0.0
2024-10-10 10:54:00-04:00,1.2200000286102295,1.2300000190734863,1.2200000286102295,1.2300000190734863,5104,0.0,0.0
2024-10-10 10:56:00-04:00,1.2200000286102295,1.228700041770935,1.2200000286102295,1.228700041770935,3081,0.0,0.0
2024-10-10 10:57:00-04:00,1.2300000190734863,1.2300000190734863,1.2300000190734863,1.2300000190734863,1883,0.0,0.0
2024-10-10 10:58:00-04:00,1.2200000286102295,1.2200000286102295,1.215000033378601,1.215000033378601,3365,0.0,0.0
2024-10-10 10:59:00-04:00,1.215000033378601,1.215000033378601,1.2100000381469727,1.2100000381469727,2051,0.0,0.0
2024-10-10 11:00:00-04:00,1.2100000381469727,1.2105000019073486,1.2100000381469727,1.2100000381469727,1700,0.0,0.0
2024-10-10 11:01:00-04:00,1.2100000381469727,1.2106000185012817,1.2100000381469727,1.2100000381469727,1400,0.0,0.0
2024-10-10 11:02:00-04:00,1.2050000429153442,1.2050000429153442,1.2000000476837158,1.2000000476837158,1781,0.0,0.0
2024-10-10 11:03:00-04:00,1.1999000310897827,1.1999000310897827,1.190000057220459,1.190000057220459,2954,0.0,0.0
2024-10-10 11:05:00-04:00,1.1912000179290771,1.1912000179290771,1.1912000179290771,1.1912000179290771,200,0.0,0.0
2024-10-10 11:07:00-04:00,1.1971999406814575,1.1971999406814575,1.1950000524520874,1.1950000524520874,2200,0.0,0.0
2024-10-10 11:08:00-04:00,1.1950000524520874,1.1950000524520874,1.1950000524520874,1.1950000524520874,305,0.0,0.0
2024-10-10 11:10:00-04:00,1.1979999542236328,1.2050000429153442,1.1979999542236328,1.2050000429153442,3418,0.0,0.0
2024-10-10 11:11:00-04:00,1.2099000215530396,1.2099000215530396,1.2099000215530396,1.2099000215530396,1600,0.0,0.0
2024-10-10 11:13:00-04:00,1.2098000049591064,1.2100000381469727,1.2098000049591064,1.2100000381469727,4737,0.0,0.0
2024-10-10 11:14:00-04:00,1.215000033378601,1.215000033378601,1.215000033378601,1.215000033378601,177,0.0,0.0
2024-10-10 11:15:00-04:00,1.2193000316619873,1.225000023841858,1.215000033378601,1.225000023841858,4180,0.0,0.0
2024-10-10 11:16:00-04:00,1.229699969291687,1.229699969291687,1.229699969291687,1.229699969291687,1033,0.0,0.0
2024-10-10 11:18:00-04:00,1.225000023841858,1.225000023841858,1.225000023841858,1.225000023841858,3000,0.0,0.0
2024-10-10 11:19:00-04:00,1.222756028175354,1.222756028175354,1.222756028175354,1.222756028175354,1000,0.0,0.0
2024-10-10 11:20:00-04:00,1.225000023841858,1.225000023841858,1.225000023841858,1.225000023841858,160,0.0,0.0
2024-10-10 11:21:00-04:00,1.2200000286102295,1.2200000286102295,1.2000000476837158,1.2000000476837158,577,0.0,0.0
2024-10-10 11:22:00-04:00,1.207200050354004,1.207200050354004,1.207200050354004,1.207200050354004,1163,0.0,0.0
2024-10-10 11:24:00-04:00,1.2099000215530396,1.2100000381469727,1.2050000429153442,1.2100000381469727,5535,0.0,0.0
2024-10-10 11:25:00-04:00,1.2173000574111938,1.2173000574111938,1.2173000574111938,1.2173000574111938,2906,0.0,0.0
2024-10-10 11:26:00-04:00,1.218999981880188,1.218999981880188,1.218999981880188,1.218999981880188,130,0.0,0.0
2024-10-10 11:27:00-04:00,1.215000033378601,1.2200000286102295,1.215000033378601,1.2200000286102295,3200,0.0,0.0
2024-10-10 11:29:00-04:00,1.2192000150680542,1.2192000150680542,1.2192000150680542,1.2192000150680542,1632,0.0,0.0
2024-10-10 11:31:00-04:00,1.215000033378601,1.2200000286102295,1.215000033378601,1.2200000286102295,7647,0.0,0.0
2024-10-10 11:37:00-04:00,1.2300000190734863,1.2300000190734863,1.225000023841858,1.225000023841858,10223,0.0,0.0
2024-10-10 11:38:00-04:00,1.229099988937378,1.2300000190734863,1.2280000448226929,1.2280000448226929,5017,0.0,0.0
2024-10-10 11:39:00-04:00,1.2200000286102295,1.2200000286102295,1.2200000286102295,1.2200000286102295,777,0.0,0.0
2024-10-10 11:40:00-04:00,1.225000023841858,1.2350000143051147,1.225000023841858,1.2350000143051147,4625,0.0,0.0
2024-10-10 11:41:00-04:00,1.2350000143051147,1.2350000143051147,1.2350000143051147,1.2350000143051147,907,0.0,0.0
2024-10-10 11:42:00-04:00,1.2400000095367432,1.2400000095367432,1.2300000190734863,1.2350000143051147,12583,0.0,0.0
2024-10-10 11:43:00-04:00,1.2400000095367432,1.25,1.2350000143051147,1.25,5101,0.0,0.0
2024-10-10 11:44:00-04:00,1.2450000047683716,1.2450000047683716,1.2411999702453613,1.2411999702453613,241,0.0,0.0
2024-10-10 11:45:00-04:00,1.2450000047683716,1.2450000047683716,1.2450000047683716,1.2450000047683716,4200,0.0,0.0
2024-10-10 11:46:00-04:00,1.24399995803833,1.24399995803833,1.24399995803833,1.24399995803833,545,0.0,0.0
2024-10-10 11:50:00-04:00,1.2450000047683716,1.25,1.2400000095367432,1.2400000095367432,9911,0.0,0.0
2024-10-10 11:51:00-04:00,1.2350000143051147,1.2400000095367432,1.2350000143051147,1.2400000095367432,1560,0.0,0.0
2024-10-10 11:52:00-04:00,1.2400000095367432,1.2400000095367432,1.2350000143051147,1.2350000143051147,23084,0.0,0.0
2024-10-10 11:53:00-04:00,1.2400000095367432,1.2400000095367432,1.2300000190734863,1.2395000457763672,13610,0.0,0.0
2024-10-10 11:54:00-04:00,1.2300000190734863,1.2300000190734863,1.2300000190734863,1.2300000190734863,119,0.0,0.0
2024-10-10 11:55:00-04:00,1.238800048828125,1.238800048828125,1.238800048828125,1.238800048828125,200,0.0,0.0
2024-10-10 11:56:00-04:00,1.2301000356674194,1.2301000356674194,1.2301000356674194,1.2301000356674194,400,0.0,0.0
2024-10-10 11:57:00-04:00,1.2350000143051147,1.2350000143051147,1.2350000143051147,1.2350000143051147,3340,0.0,0.0
2024-10-10 11:58:00-04:00,1.2400000095367432,1.2599999904632568,1.2400000095367432,1.2502000331878662,17836,0.0,0.0
2024-10-10 11:59:00-04:00,1.25,1.25,1.2497999668121338,1.2497999668121338,1538,0.0,0.0
2024-10-10 12:00:00-04:00,1.2412999868392944,1.2450000047683716,1.2400000095367432,1.2450000047683716,21000,0.0,0.0
2024-10-10 12:01:00-04:00,1.2400000095367432,1.2400000095367432,1.2350000143051147,1.2350000143051147,4908,0.0,0.0
2024-10-10 12:04:00-04:00,1.235700011253357,1.2396999597549438,1.2300000190734863,1.2300000190734863,2679,0.0,0.0
2024-10-10 12:05:00-04:00,1.2350000143051147,1.2400000095367432,1.2350000143051147,1.2400000095367432,200,0.0,0.0
2024-10-10 12:06:00-04:00,1.2400000095367432,1.2400000095367432,1.2400000095367432,1.2400000095367432,2300,0.0,0.0
2024-10-10 12:07:00-04:00,1.2400000095367432,1.25,1.2300000190734863,1.2479000091552734,2300,0.0,0.0
2024-10-10 12:08:00-04:00,1.25,1.25,1.25,1.25,201,0.0,0.0
2024-10-10 12:10:00-04:00,1.249500036239624,1.249500036239624,1.249500036239624,1.249500036239624,529,0.0,0.0
2024-10-10 12:11:00-04:00,1.249400019645691,1.2599999904632568,1.249400019645691,1.2549999952316284,25726,0.0,0.0
2024-10-10 12:13:00-04:00,1.2549999952316284,1.2599999904632568,1.2549999952316284,1.2599999904632568,3106,0.0,0.0
2024-10-10 12:15:00-04:00,1.2598999738693237,1.2598999738693237,1.2598999738693237,1.2598999738693237,150,0.0,0.0
2024-10-10 12:16:00-04:00,1.2598999738693237,1.2598999738693237,1.2503000497817993,1.2503000497817993,2903,0.0,0.0
2024-10-10 12:17:00-04:00,1.25,1.25,1.25,1.25,5559,0.0,0.0
2024-10-10 12:18:00-04:00,1.25,1.25,1.2440999746322632,1.2450000047683716,2360,0.0,0.0
2024-10-10 12:20:00-04:00,1.25,1.25,1.25,1.25,1000,0.0,0.0
2024-10-10 12:21:00-04:00,1.2400000095367432,1.2400000095367432,1.2400000095367432,1.2400000095367432,106,0.0,0.0
2024-10-10 12:23:00-04:00,1.2400000095367432,1.2400000095367432,1.2300000190734863,1.2300000190734863,21524,0.0,0.0
2024-10-10 12:25:00-04:00,1.2288999557495117,1.2288999557495117,1.2288999557495117,1.2288999557495117,356,0.0,0.0
2024-10-10 12:29:00-04:00,1.225000023841858,1.225000023841858,1.225000023841858,1.225000023841858,1005,0.0,0.0
2024-10-10 12:30:00-04:00,1.2299000024795532,1.2300000190734863,1.225000023841858,1.2299000024795532,36838,0.0,0.0
2024-10-10 12:32:00-04:00,1.2339999675750732,1.2350000143051147,1.2300000190734863,1.2300000190734863,13594,0.0,0.0
2024-10-10 12:33:00-04:00,1.2200000286102295,1.2299000024795532,1.2200000286102295,1.2299000024795532,4125,0.0,0.0
2024-10-10 12:34:00-04:00,1.2206000089645386,1.2206000089645386,1.2206000089645386,1.2206000089645386,3027,0.0,0.0
2024-10-10 12:35:00-04:00,1.2201000452041626,1.2201000452041626,1.2201000452041626,1.2201000452041626,7400,0.0,0.0
2024-10-10 12:36:00-04:00,1.2200000286102295,1.2200000286102295,1.2000000476837158,1.2050000429153442,11093,0.0,0.0
2024-10-10 12:37:00-04:00,1.2050000429153442,1.2050000429153442,1.191100001335144,1.191100001335144,28272,0.0,0.0
2024-10-10 12:39:00-04:00,1.2000000476837158,1.2050000429153442,1.2000000476837158,1.2050000429153442,1897,0.0,0.0
2024-10-10 12:40:00-04:00,1.2000999450683594,1.2000999450683594,1.2000999450683594,1.2000999450683594,20006,0.0,0.0
2024-10-10 12:41:00-04:00,1.2091000080108643,1.2091000080108643,1.2091000080108643,1.2091000080108643,240,0.0,0.0
2024-10-10 12:42:00-04:00,1.2000000476837158,1.2091000080108643,1.2000000476837158,1.2050000429153442,8652,0.0,0.0
2024-10-10 12:43:00-04:00,1.2000000476837158,1.2000000476837158,1.1799999475479126,1.1799999475479126,25749,0.0,0.0
2024-10-10 12:44:00-04:00,1.1799999475479126,1.190000057220459,1.1799999475479126,1.190000057220459,300,0.0,0.0
2024-10-10 12:46:00-04:00,1.1893999576568604,1.1893999576568604,1.1893999576568604,1.1893999576568604,300,0.0,0.0
2024-10-10 12:47:00-04:00,1.190000057220459,1.190000057220459,1.184999942779541,1.184999942779541,2415,0.0,0.0
2024-10-10 12:48:00-04:00,1.190000057220459,1.190000057220459,1.190000057220459,1.190000057220459,1489,0.0,0.0
2024-10-10 12:52:00-04:00,1.1990000009536743,1.2000000476837158,1.1984000205993652,1.2000000476837158,9975,0.0,0.0
2024-10-10 12:54:00-04:00,1.2000000476837158,1.2000000476837158,1.190000057220459,1.190000057220459,18680,0.0,0.0
2024-10-10 12:55:00-04:00,1.190000057220459,1.190000057220459,1.190000057220459,1.190000057220459,313,0.0,0.0
2024-10-10 12:56:00-04:00,1.190000057220459,1.190000057220459,1.1799999475479126,1.1799999475479126,24859,0.0,0.0
2024-10-10 12:57:00-04:00,1.180999994277954,1.180999994277954,1.1699999570846558,1.1710000038146973,37167,0.0,0.0
2024-10-10 12:58:00-04:00,1.1699999570846558,1.1699999570846558,1.1699999570846558,1.1699999570846558,2000,0.0,0.0
2024-10-10 12:59:00-04:00,1.1699999570846558,1.1710000038146973,1.159999966621399,1.1649999618530273,38231,0.0,0.0
2024-10-10 13:00:00-04:00,1.169700026512146,1.1710000038146973,1.1649999618530273,1.1699999570846558,21277,0.0,0.0
2024-10-10 13:02:00-04:00,1.1699999570846558,1.1699999570846558,1.1699999570846558,1.1699999570846558,100,0.0,0.0
2024-10-10 13:03:00-04:00,1.1608999967575073,1.1608999967575073,1.1608999967575073,1.1608999967575073,696,0.0,0.0
2024-10-10 13:04:00-04:00,1.1699999570846558,1.1699999570846558,1.1699999570846558,1.1699999570846558,400,0.0,0.0
2024-10-10 13:05:00-04:00,1.1698999404907227,1.1698999404907227,1.1692999601364136,1.1692999601364136,395,0.0,0.0
2024-10-10 13:06:00-04:00,1.1699999570846558,1.1699999570846558,1.1699999570846558,1.1699999570846558,215,0.0,0.0
2024-10-10 13:10:00-04:00,1.1699999570846558,1.1699999570846558,1.1687999963760376,1.1687999963760376,1215,0.0,0.0
2024-10-10 13:11:00-04:00,1.159999966621399,1.1611000299453735,1.159999966621399,1.1611000299453735,2350,0.0,0.0
2024-10-10 13:12:00-04:00,1.1649999618530273,1.1649999618530273,1.159999966621399,1.159999966621399,325,0.0,0.0
2024-10-10 13:14:00-04:00,1.1649999618530273,1.1699999570846558,1.1649999618530273,1.1699999570846558,21202,0.0,0.0
2024-10-10 13:18:00-04:00,1.1749999523162842,1.1749999523162842,1.1749999523162842,1.1749999523162842,1320,0.0,0.0
2024-10-10 13:19:00-04:00,1.1749999523162842,1.1749999523162842,1.1749999523162842,1.1749999523162842,2120,0.0,0.0
2024-10-10 13:22:00-04:00,1.1749999523162842,1.1749999523162842,1.1749999523162842,1.1749999523162842,101,0.0,0.0
2024-10-10 13:24:00-04:00,1.1749999523162842,1.1749999523162842,1.1749999523162842,1.1749999523162842,228,0.0,0.0
2024-10-10 13:25:00-04:00,1.1799999475479126,1.1799999475479126,1.1799999475479126,1.1799999475479126,2004,0.0,0.0
2024-10-10 13:26:00-04:00,1.1749999523162842,1.1749999523162842,1.1749999523162842,1.1749999523162842,123,0.0,0.0
2024-10-10 13:29:00-04:00,1.1749999523162842,1.1749999523162842,1.1710000038146973,1.1749999523162842,1159,0.0,0.0
2024-10-10 13:34:00-04:00,1.1749999523162842,1.1749999523162842,1.1749999523162842,1.1749999523162842,206,0.0,0.0
2024-10-10 13:35:00-04:00,1.1749999523162842,1.1749999523162842,1.1749999523162842,1.1749999523162842,203,0.0,0.0
2024-10-10 13:36:00-04:00,1.1790000200271606,1.1790000200271606,1.1790000200271606,1.1790000200271606,706,0.0,0.0
2024-10-10 13:44:00-04:00,1.1749999523162842,1.1749999523162842,1.1749999523162842,1.1749999523162842,215,0.0,0.0
2024-10-10 13:46:00-04:00,1.1749999523162842,1.1749999523162842,1.1749999523162842,1.1749999523162842,1000,0.0,0.0
2024-10-10 13:47:00-04:00,1.1699999570846558,1.1699999570846558,1.1699999570846558,1.1699999570846558,1004,0.0,0.0
2024-10-10 13:48:00-04:00,1.1699999570846558,1.1699999570846558,1.1699999570846558,1.1699999570846558,710,0.0,0.0
2024-10-10 13:49:00-04:00,1.1699999570846558,1.1699999570846558,1.159999966621399,1.1649999618530273,11308,0.0,0.0
2024-10-10 13:50:00-04:00,1.1649999618530273,1.1649999618530273,1.1649999618530273,1.1649999618530273,200,0.0,0.0
2024-10-10 13:51:00-04:00,1.1680999994277954,1.1680999994277954,1.1680999994277954,1.1680999994277954,231,0.0,0.0
2024-10-10 13:53:00-04:00,1.159999966621399,1.1649999618530273,1.159999966621399,1.159999966621399,9361,0.0,0.0
2024-10-10 13:54:00-04:00,1.1649999618530273,1.1649999618530273,1.159999966621399,1.159999966621399,300,0.0,0.0
2024-10-10 13:56:00-04:00,1.1649999618530273,1.1649999618530273,1.160099983215332,1.160099983215332,987,0.0,0.0
2024-10-10 14:00:00-04:00,1.159999966621399,1.1649999618530273,1.159999966621399,1.1649999618530273,1223,0.0,0.0
2024-10-10 14:01:00-04:00,1.1649999618530273,1.1649999618530273,1.1649999618530273,1.1649999618530273,100,0.0,0.0
2024-10-10 14:02:00-04:00,1.1649999618530273,1.1649999618530273,1.1649999618530273,1.1649999618530273,206,0.0,0.0
2024-10-10 14:04:00-04:00,1.1669000387191772,1.1669000387191772,1.1605000495910645,1.1605000495910645,2797,0.0,0.0
2024-10-10 14:05:00-04:00,1.1649999618530273,1.1649999618530273,1.159999966621399,1.159999966621399,15171,0.0,0.0
2024-10-10 14:06:00-04:00,1.1649999618530273,1.1649999618530273,1.159999966621399,1.159999966621399,1980,0.0,0.0
2024-10-10 14:11:00-04:00,1.1612999439239502,1.1612999439239502,1.1612999439239502,1.1612999439239502,340,0.0,0.0
2024-10-10 14:13:00-04:00,1.1658999919891357,1.1658999919891357,1.159999966621399,1.159999966621399,1650,0.0,0.0
2024-10-10 14:14:00-04:00,1.1612999439239502,1.1612999439239502,1.1612999439239502,1.1612999439239502,180,0.0,0.0
2024-10-10 14:15:00-04:00,1.159999966621399,1.159999966621399,1.159999966621399,1.159999966621399,552,0.0,0.0
2024-10-10 14:16:00-04:00,1.159999966621399,1.159999966621399,1.159999966621399,1.159999966621399,640,0.0,0.0
2024-10-10 14:17:00-04:00,1.159999966621399,1.159999966621399,1.159999966621399,1.159999966621399,546,0.0,0.0
2024-10-10 14:18:00-04:00,1.159999966621399,1.1601999998092651,1.1512999534606934,1.1549999713897705,83834,0.0,0.0
2024-10-10 14:19:00-04:00,1.1505000591278076,1.1505000591278076,1.1505000591278076,1.1505000591278076,37560,0.0,0.0
2024-10-10 14:22:00-04:00,1.1549999713897705,1.1549999713897705,1.1549999713897705,1.1549999713897705,100,0.0,0.0
2024-10-10 14:23:00-04:00,1.159999966621399,1.159999966621399,1.159999966621399,1.159999966621399,336,0.0,0.0
2024-10-10 14:25:00-04:00,1.1549999713897705,1.1549999713897705,1.1549999713897705,1.1549999713897705,1086,0.0,0.0
2024-10-10 14:26:00-04:00,1.1598999500274658,1.159999966621399,1.1598999500274658,1.159999966621399,7373,0.0,0.0
2024-10-10 14:28:00-04:00,1.1549999713897705,1.1549999713897705,1.149999976158142,1.149999976158142,738,0.0,0.0
2024-10-10 14:30:00-04:00,1.149999976158142,1.149999976158142,1.149999976158142,1.149999976158142,615,0.0,0.0
2024-10-10 14:31:00-04:00,1.149999976158142,1.149999976158142,1.149999976158142,1.149999976158142,559,0.0,0.0
2024-10-10 14:33:00-04:00,1.1504000425338745,1.1546000242233276,1.1504000425338745,1.1546000242233276,624,0.0,0.0
2024-10-10 14:35:00-04:00,1.1549999713897705,1.1549999713897705,1.1549999713897705,1.1549999713897705,235,0.0,0.0
2024-10-10 14:38:00-04:00,1.1549999713897705,1.1549999713897705,1.1549999713897705,1.1549999713897705,1694,0.0,0.0
2024-10-10 14:40:00-04:00,1.149999976158142,1.1549999713897705,1.149999976158142,1.1549999713897705,1766,0.0,0.0
2024-10-10 14:41:00-04:00,1.149999976158142,1.149999976158142,1.149999976158142,1.149999976158142,771,0.0,0.0
2024-10-10 14:42:00-04:00,1.1549999713897705,1.1549999713897705,1.1549999713897705,1.1549999713897705,1005,0.0,0.0
2024-10-10 14:43:00-04:00,1.149999976158142,1.149999976158142,1.149999976158142,1.149999976158142,1632,0.0,0.0
2024-10-10 14:44:00-04:00,1.149999976158142,1.149999976158142,1.149999976158142,1.149999976158142,226,0.0,0.0
2024-10-10 14:45:00-04:00,1.1549999713897705,1.1549999713897705,1.1549999713897705,1.1549999713897705,200,0.0,0.0
2024-10-10 14:46:00-04:00,1.159999966621399,1.159999966621399,1.149999976158142,1.159500002861023,15206,0.0,0.0
2024-10-10 14:47:00-04:00,1.1589000225067139,1.1589000225067139,1.1589000225067139,1.1589000225067139,2700,0.0,0.0
2024-10-10 14:48:00-04:00,1.159000039100647,1.159000039100647,1.159000039100647,1.159000039100647,1007,0.0,0.0
2024-10-10 14:52:00-04:00,1.149999976158142,1.149999976158142,1.149999976158142,1.149999976158142,687,0.0,0.0
2024-10-10 14:53:00-04:00,1.1519999504089355,1.1519999504089355,1.1519999504089355,1.1519999504089355,540,0.0,0.0
2024-10-10 14:54:00-04:00,1.1549999713897705,1.159999966621399,1.149999976158142,1.149999976158142,2932,0.0,0.0
2024-10-10 14:56:00-04:00,1.149999976158142,1.149999976158142,1.149999976158142,1.149999976158142,417,0.0,0.0
2024-10-10 14:57:00-04:00,1.159999966621399,1.159999966621399,1.159999966621399,1.159999966621399,493,0.0,0.0
2024-10-10 14:58:00-04:00,1.1512999534606934,1.1512999534606934,1.1512999534606934,1.1512999534606934,229,0.0,0.0
2024-10-10 14:59:00-04:00,1.1549999713897705,1.1549999713897705,1.1549999713897705,1.1549999713897705,263,0.0,0.0
2024-10-10 15:00:00-04:00,1.149999976158142,1.1512999534606934,1.149999976158142,1.1512999534606934,1092,0.0,0.0
2024-10-10 15:02:00-04:00,1.155900001525879,1.155900001525879,1.149999976158142,1.149999976158142,11746,0.0,0.0
2024-10-10 15:03:00-04:00,1.1549999713897705,1.1582000255584717,1.149999976158142,1.149999976158142,11443,0.0,0.0
2024-10-10 15:04:00-04:00,1.1549999713897705,1.159999966621399,1.149999976158142,1.1549999713897705,12381,0.0,0.0
2024-10-10 15:05:00-04:00,1.159999966621399,1.159999966621399,1.149999976158142,1.149999976158142,8920,0.0,0.0
2024-10-10 15:07:00-04:00,1.1593999862670898,1.1593999862670898,1.149999976158142,1.149999976158142,11689,0.0,0.0
2024-10-10 15:09:00-04:00,1.1516000032424927,1.1516000032424927,1.149999976158142,1.149999976158142,2999,0.0,0.0
2024-10-10 15:10:00-04:00,1.1503000259399414,1.1503000259399414,1.1503000259399414,1.1503000259399414,3340,0.0,0.0
2024-10-10 15:11:00-04:00,1.149999976158142,1.1512000560760498,1.149999976158142,1.1512000560760498,1460,0.0,0.0
2024-10-10 15:13:00-04:00,1.1549999713897705,1.1571999788284302,1.1549999713897705,1.1571999788284302,1178,0.0,0.0
2024-10-10 15:15:00-04:00,1.149999976158142,1.149999976158142,1.149999976158142,1.149999976158142,874,0.0,0.0
2024-10-10 15:16:00-04:00,1.149999976158142,1.149999976158142,1.149999976158142,1.149999976158142,101,0.0,0.0
2024-10-10 15:18:00-04:00,1.1586999893188477,1.1586999893188477,1.1586999893188477,1.1586999893188477,749,0.0,0.0
2024-10-10 15:24:00-04:00,1.1549999713897705,1.1549999713897705,1.149999976158142,1.149999976158142,753,0.0,0.0
2024-10-10 15:28:00-04:00,1.149999976158142,1.1549999713897705,1.1399999856948853,1.1549999713897705,76964,0.0,0.0
2024-10-10 15:29:00-04:00,1.1509000062942505,1.1509000062942505,1.1509000062942505,1.1509000062942505,2000,0.0,0.0
2024-10-10 15:30:00-04:00,1.1549999713897705,1.1549999713897705,1.1549999713897705,1.1549999713897705,1355,0.0,0.0
2024-10-10 15:33:00-04:00,1.1549999713897705,1.1549999713897705,1.1549999713897705,1.1549999713897705,755,0.0,0.0
2024-10-10 15:35:00-04:00,1.1549999713897705,1.1549999713897705,1.1549999713897705,1.1549999713897705,891,0.0,0.0
2024-10-10 15:36:00-04:00,1.1549999713897705,1.1549999713897705,1.1549999713897705,1.1549999713897705,121,0.0,0.0
2024-10-10 15:38:00-04:00,1.1549999713897705,1.1549999713897705,1.149999976158142,1.149999976158142,1688,0.0,0.0
2024-10-10 15:39:00-04:00,1.149999976158142,1.159999966621399,1.149999976158142,1.159999966621399,944,0.0,0.0
2024-10-10 15:40:00-04:00,1.1549999713897705,1.1549999713897705,1.1549999713897705,1.1549999713897705,485,0.0,0.0
2024-10-10 15:41:00-04:00,1.1549999713897705,1.1549999713897705,1.1549999713897705,1.1549999713897705,431,0.0,0.0
2024-10-10 15:42:00-04:00,1.1549999713897705,1.1549999713897705,1.1549999713897705,1.1549999713897705,273,0.0,0.0
2024-10-10 15:43:00-04:00,1.159999966621399,1.159999966621399,1.159999966621399,1.159999966621399,108,0.0,0.0
2024-10-10 15:44:00-04:00,1.1549999713897705,1.1598999500274658,1.149999976158142,1.1549999713897705,6254,0.0,0.0
2024-10-10 15:45:00-04:00,1.149999976158142,1.149999976158142,1.149999976158142,1.149999976158142,104,0.0,0.0
2024-10-10 15:46:00-04:00,1.159500002861023,1.159500002861023,1.1549999713897705,1.1549999713897705,2898,0.0,0.0
2024-10-10 15:47:00-04:00,1.1549999713897705,1.1549999713897705,1.149999976158142,1.149999976158142,2557,0.0,0.0
2024-10-10 15:48:00-04:00,1.1549999713897705,1.1549999713897705,1.149999976158142,1.149999976158142,290,0.0,0.0
2024-10-10 15:49:00-04:00,1.1549999713897705,1.1556999683380127,1.149999976158142,1.1556999683380127,2607,0.0,0.0
2024-10-10 15:50:00-04:00,1.1549999713897705,1.1549999713897705,1.149999976158142,1.149999976158142,1184,0.0,0.0
2024-10-10 15:51:00-04:00,1.1575000286102295,1.1575000286102295,1.1575000286102295,1.1575000286102295,130,0.0,0.0
2024-10-10 15:52:00-04:00,1.1506999731063843,1.1549999713897705,1.149999976158142,1.1549999713897705,14814,0.0,0.0
2024-10-10 15:53:00-04:00,1.1549999713897705,1.1549999713897705,1.149999976158142,1.149999976158142,2609,0.0,0.0
2024-10-10 15:54:00-04:00,1.149999976158142,1.1549999713897705,1.149999976158142,1.149999976158142,1711,0.0,0.0
2024-10-10 15:55:00-04:00,1.149999976158142,1.1549999713897705,1.149999976158142,1.149999976158142,5393,0.0,0.0
2024-10-10 15:56:00-04:00,1.1549999713897705,1.1549999713897705,1.149999976158142,1.1549999713897705,497,0.0,0.0
2024-10-10 15:57:00-04:00,1.1549999713897705,1.1549999713897705,1.149999976158142,1.1549999713897705,9421,0.0,0.0
2024-10-10 15:58:00-04:00,1.1549999713897705,1.1549999713897705,1.149999976158142,1.149999976158142,1578,0.0,0.0
2024-10-10 15:59:00-04:00,1.149999976158142,1.1799999475479126,1.149999976158142,1.1799999475479126,45511,0.0,0.0
2024-10-11 09:30:00-04:00,1.2000000476837158,1.2100000381469727,1.190000057220459,1.2000000476837158,49013,0.0,0.0
2024-10-11 09:31:00-04:00,1.190000057220459,1.190000057220459,1.1699999570846558,1.1699999570846558,1891,0.0,0.0
2024-10-11 09:32:00-04:00,1.1749999523162842,1.1799999475479126,1.159999966621399,1.159999966621399,3056,0.0,0.0
2024-10-11 09:33:00-04:00,1.1686999797821045,1.1699999570846558,1.1649999618530273,1.1698999404907227,2429,0.0,0.0
2024-10-11 09:34:00-04:00,1.1699999570846558,1.1699999570846558,1.1699999570846558,1.1699999570846558,625,0.0,0.0
2024-10-11 09:35:00-04:00,1.1649999618530273,1.1649999618530273,1.159999966621399,1.159999966621399,2172,0.0,0.0
2024-10-11 09:36:00-04:00,1.1649999618530273,1.1649999618530273,1.1649999618530273,1.1649999618530273,1011,0.0,0.0
2024-10-11 09:37:00-04:00,1.159999966621399,1.1682000160217285,1.159999966621399,1.159999966621399,1164,0.0,0.0
2024-10-11 09:38:00-04:00,1.163699984550476,1.1692999601364136,1.163699984550476,1.1649999618530273,1175,0.0,0.0
2024-10-11 09:39:00-04:00,1.1698999404907227,1.190000057220459,1.1698999404907227,1.190000057220459,5758,0.0,0.0
2024-10-11 09:40:00-04:00,1.1825000047683716,1.190000057220459,1.1799999475479126,1.190000057220459,6775,0.0,0.0
2024-10-11 09:41:00-04:00,1.190000057220459,1.1950000524520874,1.187999963760376,1.1950000524520874,20387,0.0,0.0
2024-10-11 09:42:00-04:00,1.2000000476837158,1.2200000286102295,1.2000000476837158,1.2200000286102295,19966,0.0,0.0
2024-10-11 09:43:00-04:00,1.2100000381469727,1.2105000019073486,1.2050000429153442,1.2050000429153442,3091,0.0,0.0
2024-10-11 09:44:00-04:00,1.2050000429153442,1.2100000381469727,1.2000000476837158,1.2100000381469727,21415,0.0,0.0
2024-10-11 09:45:00-04:00,1.2100000381469727,1.2200000286102295,1.2100000381469727,1.2200000286102295,9413,0.0,0.0
2024-10-11 09:47:00-04:00,1.2111999988555908,1.2300000190734863,1.2111999988555908,1.2300000190734863,1785,0.0,0.0
2024-10-11 09:48:00-04:00,1.2300000190734863,1.2300000190734863,1.2299000024795532,1.2299000024795532,4016,0.0,0.0
2024-10-11 09:49:00-04:00,1.2300000190734863,1.2300000190734863,1.2300000190734863,1.2300000190734863,2880,0.0,0.0
2024-10-11 09:50:00-04:00,1.2350000143051147,1.2350000143051147,1.2200000286102295,1.2200000286102295,12304,0.0,0.0
2024-10-11 09:51:00-04:00,1.2300000190734863,1.2300000190734863,1.2300000190734863,1.2300000190734863,233,0.0,0.0
2024-10-11 09:52:00-04:00,1.2239999771118164,1.229200005531311,1.2239999771118164,1.229200005531311,2217,0.0,0.0
2024-10-11 09:53:00-04:00,1.2300000190734863,1.2350000143051147,1.2300000190734863,1.2350000143051147,5700,0.0,0.0
2024-10-11 09:54:00-04:00,1.2400000095367432,1.25,1.2400000095367432,1.25,20265,0.0,0.0
2024-10-11 09:55:00-04:00,1.2407000064849854,1.2407000064849854,1.2407000064849854,1.2407000064849854,258,0.0,0.0
2024-10-11 09:56:00-04:00,1.2400000095367432,1.2400000095367432,1.2278000116348267,1.2278000116348267,5103,0.0,0.0
2024-10-11 09:57:00-04:00,1.2280999422073364,1.2280999422073364,1.2280999422073364,1.2280999422073364,1053,0.0,0.0
2024-10-11 09:58:00-04:00,1.225000023841858,1.229200005531311,1.220900058746338,1.229200005531311,2237,0.0,0.0
2024-10-11 09:59:00-04:00,1.2208000421524048,1.2300000190734863,1.2208000421524048,1.2300000190734863,1235,0.0,0.0
2024-10-11 10:01:00-04:00,1.225000023841858,1.225000023841858,1.222000002861023,1.222000002861023,1781,0.0,0.0
2024-10-11 10:02:00-04:00,1.225000023841858,1.225000023841858,1.225000023841858,1.225000023841858,100,0.0,0.0
2024-10-11 10:03:00-04:00,1.2203999757766724,1.2203999757766724,1.2203999757766724,1.2203999757766724,736,0.0,0.0
2024-10-11 10:04:00-04:00,1.2252999544143677,1.2252999544143677,1.2252999544143677,1.2252999544143677,1045,0.0,0.0
2024-10-11 10:05:00-04:00,1.2297999858856201,1.2297999858856201,1.2200000286102295,1.2200000286102295,3900,0.0,0.0
2024-10-11 10:06:00-04:00,1.2300000190734863,1.2300000190734863,1.2300000190734863,1.2300000190734863,920,0.0,0.0
2024-10-11 10:07:00-04:00,1.225000023841858,1.2303999662399292,1.225000023841858,1.2303999662399292,3199,0.0,0.0
2024-10-11 10:09:00-04:00,1.2303999662399292,1.2303999662399292,1.2303999662399292,1.2303999662399292,421,0.0,0.0
2024-10-11 10:10:00-04:00,1.2301000356674194,1.2301000356674194,1.2301000356674194,1.2301000356674194,183,0.0,0.0
2024-10-11 10:11:00-04:00,1.2300000190734863,1.2300000190734863,1.2300000190734863,1.2300000190734863,325,0.0,0.0
2024-10-11 10:12:00-04:00,1.2200000286102295,1.225000023841858,1.2200000286102295,1.225000023841858,622,0.0,0.0
2024-10-11 10:13:00-04:00,1.2200000286102295,1.2200000286102295,1.2200000286102295,1.2200000286102295,1424,0.0,0.0
2024-10-11 10:14:00-04:00,1.2200000286102295,1.2288999557495117,1.2200000286102295,1.2200000286102295,1500,0.0,0.0
2024-10-11 10:15:00-04:00,1.2209999561309814,1.2209999561309814,1.2209999561309814,1.2209999561309814,1050,0.0,0.0
2024-10-11 10:17:00-04:00,1.2295000553131104,1.2295000553131104,1.2200000286102295,1.2200000286102295,2314,0.0,0.0
2024-10-11 10:18:00-04:00,1.2299000024795532,1.2299000024795532,1.2200000286102295,1.225000023841858,2814,0.0,0.0
2024-10-11 10:19:00-04:00,1.2230000495910645,1.2230000495910645,1.2200000286102295,1.2200000286102295,1285,0.0,0.0
2024-10-11 10:20:00-04:00,1.2200000286102295,1.2200000286102295,1.2200000286102295,1.2200000286102295,520,0.0,0.0
2024-10-11 10:26:00-04:00,1.225000023841858,1.2299000024795532,1.2200000286102295,1.2200000286102295,1175,0.0,0.0
2024-10-11 10:27:00-04:00,1.221500039100647,1.225000023841858,1.221500039100647,1.225000023841858,2318,0.0,0.0
2024-10-11 10:28:00-04:00,1.229200005531311,1.229200005531311,1.229200005531311,1.229200005531311,2044,0.0,0.0
2024-10-11 10:29:00-04:00,1.2300000190734863,1.2300000190734863,1.2200000286102295,1.2200000286102295,431,0.0,0.0
2024-10-11 10:30:00-04:00,1.2200000286102295,1.2200000286102295,1.215000033378601,1.215000033378601,1912,0.0,0.0
2024-10-11 10:31:00-04:00,1.215000033378601,1.215000033378601,1.215000033378601,1.215000033378601,432,0.0,0.0
2024-10-11 10:33:00-04:00,1.2199000120162964,1.2199000120162964,1.2199000120162964,1.2199000120162964,600,0.0,0.0
2024-10-11 10:34:00-04:00,1.2139999866485596,1.2139999866485596,1.2110999822616577,1.2110999822616577,2410,0.0,0.0
2024-10-11 10:35:00-04:00,1.215000033378601,1.215000033378601,1.215000033378601,1.215000033378601,1000,0.0,0.0
2024-10-11 10:36:00-04:00,1.218999981880188,1.2200000286102295,1.2139999866485596,1.2200000286102295,3412,0.0,0.0
2024-10-11 10:37:00-04:00,1.2300000190734863,1.2300000190734863,1.2300000190734863,1.2300000190734863,359,0.0,0.0
2024-10-11 10:38:00-04:00,1.2300000190734863,1.2300000190734863,1.2300000190734863,1.2300000190734863,300,0.0,0.0
2024-10-11 10:39:00-04:00,1.2300000190734863,1.2300000190734863,1.2294000387191772,1.2300000190734863,6215,0.0,0.0
2024-10-11 10:40:00-04:00,1.2400000095367432,1.2450000047683716,1.2400000095367432,1.2450000047683716,6534,0.0,0.0
2024-10-11 10:41:00-04:00,1.2410000562667847,1.25,1.2400000095367432,1.2400000095367432,11542,0.0,0.0
2024-10-11 10:44:00-04:00,1.2401000261306763,1.24399995803833,1.2302000522613525,1.2302000522613525,6928,0.0,0.0
2024-10-11 10:45:00-04:00,1.2350000143051147,1.2350000143051147,1.2350000143051147,1.2350000143051147,784,0.0,0.0
2024-10-11 10:46:00-04:00,1.2339999675750732,1.2339999675750732,1.2339999675750732,1.2339999675750732,241,0.0,0.0
2024-10-11 10:47:00-04:00,1.2305999994277954,1.2305999994277954,1.2305999994277954,1.2305999994277954,800,0.0,0.0
2024-10-11 10:49:00-04:00,1.2300000190734863,1.2300000190734863,1.2200000286102295,1.2300000190734863,10700,0.0,0.0
2024-10-11 10:51:00-04:00,1.2293000221252441,1.250499963760376,1.2293000221252441,1.250499963760376,41931,0.0,0.0
2024-10-11 10:52:00-04:00,1.2549999952316284,1.2799999713897705,1.2549999952316284,1.2699999809265137,41654,0.0,0.0
2024-10-11 10:53:00-04:00,1.26010000705719,1.2695000171661377,1.25,1.2549999952316284,12774,0.0,0.0
2024-10-11 10:54:00-04:00,1.2549999952316284,1.2549999952316284,1.2546000480651855,1.2546000480651855,1048,0.0,0.0
2024-10-11 10:55:00-04:00,1.2598999738693237,1.2598999738693237,1.25,1.25,8527,0.0,0.0
2024-10-11 10:56:00-04:00,1.2599999904632568,1.2599999904632568,1.2584999799728394,1.2584999799728394,2151,0.0,0.0
2024-10-11 10:57:00-04:00,1.2502000331878662,1.2599999904632568,1.2502000331878662,1.2599999904632568,1478,0.0,0.0
2024-10-11 10:58:00-04:00,1.2599999904632568,1.2699999809265137,1.2599999904632568,1.2603000402450562,16291,0.0,0.0
2024-10-11 10:59:00-04:00,1.2599999904632568,1.2599999904632568,1.2549999952316284,1.2549999952316284,5167,0.0,0.0
2024-10-11 11:01:00-04:00,1.2549999952316284,1.2549999952316284,1.2549999952316284,1.2549999952316284,339,0.0,0.0
2024-10-11 11:04:00-04:00,1.2598999738693237,1.2599999904632568,1.2598999738693237,1.2599999904632568,1700,0.0,0.0
2024-10-11 11:05:00-04:00,1.2599999904632568,1.2599999904632568,1.2598999738693237,1.2599999904632568,726,0.0,0.0
2024-10-11 11:06:00-04:00,1.2599999904632568,1.2599999904632568,1.2599999904632568,1.2599999904632568,508,0.0,0.0
2024-10-11 11:07:00-04:00,1.2699999809265137,1.2799999713897705,1.2699999809265137,1.2799999713897705,43371,0.0,0.0
2024-10-11 11:08:00-04:00,1.2799999713897705,1.2799999713897705,1.2740000486373901,1.2799999713897705,32475,0.0,0.0
2024-10-11 11:09:00-04:00,1.274999976158142,1.2999999523162842,1.274999976158142,1.277999997138977,76412,0.0,0.0
2024-10-11 11:10:00-04:00,1.2800999879837036,1.2899999618530273,1.2800999879837036,1.2899999618530273,11783,0.0,0.0
2024-10-11 11:11:00-04:00,1.2899999618530273,1.2949999570846558,1.2799999713897705,1.2882000207901,37274,0.0,0.0
2024-10-11 11:12:00-04:00,1.2877999544143677,1.2877999544143677,1.2877999544143677,1.2877999544143677,914,0.0,0.0
2024-10-11 11:13:00-04:00,1.2800999879837036,1.2800999879837036,1.2800999879837036,1.2800999879837036,999,0.0,0.0
2024-10-11 11:14:00-04:00,1.2854000329971313,1.2867000102996826,1.2854000329971313,1.2867000102996826,10210,0.0,0.0
2024-10-11 11:15:00-04:00,1.2899999618530273,1.2999999523162842,1.2899999618530273,1.2999999523162842,19862,0.0,0.0
2024-10-11 11:16:00-04:00,1.2999999523162842,1.3092999458312988,1.2940000295639038,1.3092000484466553,20062,0.0,0.0
2024-10-11 11:18:00-04:00,1.3092999458312988,1.309999942779541,1.3049999475479126,1.309999942779541,11160,0.0,0.0
2024-10-11 11:19:00-04:00,1.309999942779541,1.309999942779541,1.309999942779541,1.309999942779541,1048,0.0,0.0
2024-10-11 11:20:00-04:00,1.309999942779541,1.309999942779541,1.3009999990463257,1.3009999990463257,1186,0.0,0.0
2024-10-11 11:21:00-04:00,1.309999942779541,1.309999942779541,1.3098000288009644,1.309999942779541,10550,0.0,0.0
2024-10-11 11:22:00-04:00,1.3128000497817993,1.3200000524520874,1.3128000497817993,1.3140000104904175,3203,0.0,0.0
2024-10-11 11:23:00-04:00,1.3105000257492065,1.3199000358581543,1.3105000257492065,1.3199000358581543,789,0.0,0.0
2024-10-11 11:24:00-04:00,1.3200000524520874,1.3200000524520874,1.3109999895095825,1.3109999895095825,1184,0.0,0.0
2024-10-11 11:25:00-04:00,1.315000057220459,1.3194999694824219,1.309999942779541,1.315000057220459,25833,0.0,0.0
2024-10-11 11:26:00-04:00,1.3105000257492065,1.319599986076355,1.3105000257492065,1.319000005722046,3485,0.0,0.0
2024-10-11 11:27:00-04:00,1.3187999725341797,1.3187999725341797,1.309999942779541,1.315000057220459,4187,0.0,0.0
2024-10-11 11:28:00-04:00,1.3141000270843506,1.340000033378601,1.3141000270843506,1.3350000381469727,39431,0.0,0.0
2024-10-11 11:29:00-04:00,1.340000033378601,1.340000033378601,1.340000033378601,1.340000033378601,1991,0.0,0.0
2024-10-11 11:30:00-04:00,1.340000033378601,1.340000033378601,1.333400011062622,1.333400011062622,1103,0.0,0.0
2024-10-11 11:31:00-04:00,1.330299973487854,1.3387999534606934,1.3300000429153442,1.3387999534606934,13762,0.0,0.0
2024-10-11 11:32:00-04:00,1.3350000381469727,1.3350000381469727,1.3300000429153442,1.330399990081787,2528,0.0,0.0
2024-10-11 11:33:00-04:00,1.330299973487854,1.330299973487854,1.330299973487854,1.330299973487854,700,0.0,0.0
2024-10-11 11:35:00-04:00,1.3350000381469727,1.339400053024292,1.3350000381469727,1.3350000381469727,6858,0.0,0.0
2024-10-11 11:36:00-04:00,1.340000033378601,1.340000033378601,1.3386000394821167,1.3386000394821167,966,0.0,0.0
2024-10-11 11:37:00-04:00,1.339900016784668,1.339900016784668,1.3300000429153442,1.3350000381469727,11138,0.0,0.0
2024-10-11 11:38:00-04:00,1.3344000577926636,1.340000033378601,1.3305000066757202,1.340000033378601,2011,0.0,0.0
2024-10-11 11:39:00-04:00,1.3300000429153442,1.3365999460220337,1.3300000429153442,1.3365999460220337,2591,0.0,0.0
2024-10-11 11:40:00-04:00,1.3312000036239624,1.3312000036239624,1.3312000036239624,1.3312000036239624,869,0.0,0.0
2024-10-11 11:41:00-04:00,1.3350000381469727,1.340000033378601,1.3350000381469727,1.340000033378601,578,0.0,0.0
2024-10-11 11:42:00-04:00,1.3387999534606934,1.3387999534606934,1.3301000595092773,1.3301000595092773,6877,0.0,0.0
2024-10-11 11:43:00-04:00,1.3389999866485596,1.3700000047683716,1.3389999866485596,1.3610999584197998,66800,0.0,0.0
2024-10-11 11:44:00-04:00,1.3700000047683716,1.3700000047683716,1.3650000095367432,1.3650000095367432,3639,0.0,0.0
2024-10-11 11:45:00-04:00,1.3609999418258667,1.3700000047683716,1.3609999418258667,1.3700000047683716,13788,0.0,0.0
2024-10-11 11:46:00-04:00,1.3797999620437622,1.3799999952316284,1.3549000024795532,1.3598999977111816,29659,0.0,0.0
2024-10-11 11:47:00-04:00,1.3550000190734863,1.3580000400543213,1.350600004196167,1.3580000400543213,6308,0.0,0.0
2024-10-11 11:48:00-04:00,1.3550000190734863,1.3598999977111816,1.3550000190734863,1.3598999977111816,1010,0.0,0.0
2024-10-11 11:49:00-04:00,1.357100009918213,1.3580000400543213,1.3550000190734863,1.3580000400543213,11000,0.0,0.0
2024-10-11 11:50:00-04:00,1.3513000011444092,1.3600000143051147,1.3513000011444092,1.3513000011444092,1451,0.0,0.0
2024-10-11 11:51:00-04:00,1.3597999811172485,1.3597999811172485,1.3597999811172485,1.3597999811172485,1580,0.0,0.0
2024-10-11 11:52:00-04:00,1.3595000505447388,1.3595000505447388,1.3502000570297241,1.3502000570297241,1120,0.0,0.0
2024-10-11 11:53:00-04:00,1.3588000535964966,1.3588000535964966,1.3496999740600586,1.3496999740600586,46344,0.0,0.0
2024-10-11 11:54:00-04:00,1.3443000316619873,1.3450000286102295,1.3300000429153442,1.3300000429153442,27201,0.0,0.0
2024-10-11 11:55:00-04:00,1.3300000429153442,1.3350000381469727,1.3200000524520874,1.3250000476837158,25860,0.0,0.0
2024-10-11 11:56:00-04:00,1.3234000205993652,1.3293999433517456,1.309999942779541,1.3205000162124634,22307,0.0,0.0
2024-10-11 11:57:00-04:00,1.3300000429153442,1.3350000381469727,1.3300000429153442,1.3350000381469727,3102,0.0,0.0
2024-10-11 11:58:00-04:00,1.3350000381469727,1.3450000286102295,1.3350000381469727,1.343999981880188,3400,0.0,0.0
2024-10-11 11:59:00-04:00,1.3450000286102295,1.3450000286102295,1.340000033378601,1.340000033378601,1185,0.0,0.0
2024-10-11 12:00:00-04:00,1.350000023841858,1.350000023841858,1.3401000499725342,1.3450000286102295,4975,0.0,0.0
2024-10-11 12:01:00-04:00,1.3450000286102295,1.3450000286102295,1.3200000524520874,1.3200000524520874,6169,0.0,0.0
2024-10-11 12:02:00-04:00,1.320099949836731,1.3250000476837158,1.315000057220459,1.3200000524520874,15543,0.0,0.0
2024-10-11 12:03:00-04:00,1.3250000476837158,1.3250000476837158,1.3200000524520874,1.3200000524520874,311,0.0,0.0
2024-10-11 12:04:00-04:00,1.320099949836731,1.3207999467849731,1.320099949836731,1.3207999467849731,1331,0.0,0.0
2024-10-11 12:05:00-04:00,1.3259999752044678,1.329699993133545,1.3250000476837158,1.3250000476837158,10821,0.0,0.0
2024-10-11 12:06:00-04:00,1.3250000476837158,1.3250000476837158,1.315000057220459,1.315000057220459,1301,0.0,0.0
2024-10-11 12:07:00-04:00,1.309999942779541,1.309999942779541,1.2999999523162842,1.2999999523162842,7592,0.0,0.0
2024-10-11 12:08:00-04:00,1.309499979019165,1.309999942779541,1.3049999475479126,1.309999942779541,33908,0.0,0.0
2024-10-11 12:09:00-04:00,1.3105000257492065,1.3248000144958496,1.3105000257492065,1.3248000144958496,4220,0.0,0.0
2024-10-11 12:10:00-04:00,1.3288999795913696,1.3288999795913696,1.3288999795913696,1.3288999795913696,1215,0.0,0.0
2024-10-11 12:13:00-04:00,1.3208999633789062,1.3300000429153442,1.3208999633789062,1.3250000476837158,1610,0.0,0.0
2024-10-11 12:14:00-04:00,1.3289999961853027,1.3289999961853027,1.3289999961853027,1.3289999961853027,910,0.0,0.0
2024-10-11 12:15:00-04:00,1.3250000476837158,1.3288999795913696,1.3200000524520874,1.3200000524520874,4516,0.0,0.0
2024-10-11 12:16:00-04:00,1.320099949836731,1.3300000429153442,1.3200000524520874,1.3200000524520874,6655,0.0,0.0
2024-10-11 12:17:00-04:00,1.3205000162124634,1.3250000476837158,1.3205000162124634,1.3250000476837158,3190,0.0,0.0
2024-10-11 12:19:00-04:00,1.320099949836731,1.320099949836731,1.320099949836731,1.320099949836731,811,0.0,0.0
2024-10-11 12:20:00-04:00,1.3300000429153442,1.3300000429153442,1.3300000429153442,1.3300000429153442,1899,0.0,0.0
2024-10-11 12:21:00-04:00,1.3294999599456787,1.340000033378601,1.3294999599456787,1.3350000381469727,17317,0.0,0.0
2024-10-11 12:22:00-04:00,1.3349000215530396,1.340000033378601,1.3349000215530396,1.340000033378601,5956,0.0,0.0
2024-10-11 12:23:00-04:00,1.340000033378601,1.3550000190734863,1.340000033378601,1.3450000286102295,32228,0.0,0.0
2024-10-11 12:24:00-04:00,1.340000033378601,1.350000023841858,1.340000033378601,1.340499997138977,3320,0.0,0.0
2024-10-11 12:25:00-04:00,1.340499997138977,1.3450000286102295,1.340000033378601,1.34089994430542,1142,0.0,0.0
2024-10-11 12:26:00-04:00,1.34089994430542,1.34089994430542,1.3407000303268433,1.3407000303268433,402,0.0,0.0
2024-10-11 12:27:00-04:00,1.340000033378601,1.340000033378601,1.3309999704360962,1.3350000381469727,2254,0.0,0.0
2024-10-11 12:28:00-04:00,1.3350000381469727,1.340000033378601,1.3350000381469727,1.3350000381469727,10786,0.0,0.0
2024-10-11 12:29:00-04:00,1.3312000036239624,1.340000033378601,1.3312000036239624,1.340000033378601,1544,0.0,0.0
2024-10-11 12:30:00-04:00,1.3348000049591064,1.3348000049591064,1.3348000049591064,1.3348000049591064,200,0.0,0.0
2024-10-11 12:31:00-04:00,1.3317999839782715,1.333899974822998,1.3301000595092773,1.3301000595092773,13434,0.0,0.0
2024-10-11 12:32:00-04:00,1.3305000066757202,1.3350000381469727,1.3200000524520874,1.3200000524520874,34205,0.0,0.0
2024-10-11 12:33:00-04:00,1.3300000429153442,1.3300000429153442,1.2799999713897705,1.284999966621399,97175,0.0,0.0
2024-10-11 12:34:00-04:00,1.2894999980926514,1.3049999475479126,1.2799999713897705,1.3049999475479126,12546,0.0,0.0
2024-10-11 12:35:00-04:00,1.3092000484466553,1.3092000484466553,1.3092000484466553,1.3092000484466553,1274,0.0,0.0
2024-10-11 12:37:00-04:00,1.3000999689102173,1.3187999725341797,1.2999999523162842,1.309999942779541,4539,0.0,0.0
2024-10-11 12:38:00-04:00,1.309999942779541,1.309999942779541,1.309999942779541,1.309999942779541,1300,0.0,0.0
2024-10-11 12:39:00-04:00,1.309999942779541,1.309999942779541,1.309999942779541,1.309999942779541,909,0.0,0.0
2024-10-11 12:40:00-04:00,1.309999942779541,1.320099949836731,1.309999942779541,1.320099949836731,4807,0.0,0.0
2024-10-11 12:41:00-04:00,1.3212000131607056,1.3289999961853027,1.320099949836731,1.3250000476837158,1114,0.0,0.0
2024-10-11 12:42:00-04:00,1.3250000476837158,1.3300000429153442,1.3212000131607056,1.3212000131607056,4778,0.0,0.0
2024-10-11 12:43:00-04:00,1.320099949836731,1.3300000429153442,1.320099949836731,1.320099949836731,2796,0.0,0.0
2024-10-11 12:44:00-04:00,1.320099949836731,1.3300000429153442,1.320099949836731,1.3299000263214111,3142,0.0,0.0
2024-10-11 12:45:00-04:00,1.3212000131607056,1.3300000429153442,1.3212000131607056,1.3300000429153442,496,0.0,0.0
2024-10-11 12:46:00-04:00,1.3212000131607056,1.3289999961853027,1.320099949836731,1.320099949836731,1130,0.0,0.0
2024-10-11 12:47:00-04:00,1.3250000476837158,1.3250000476837158,1.3200000524520874,1.3250000476837158,3495,0.0,0.0
2024-10-11 12:48:00-04:00,1.3210999965667725,1.350000023841858,1.3210999965667725,1.3372999429702759,47051,0.0,0.0
2024-10-11 12:49:00-04:00,1.340000033378601,1.350000023841858,1.340000033378601,1.3450000286102295,2950,0.0,0.0
2024-10-11 12:50:00-04:00,1.340000033378601,1.3550000190734863,1.3350000381469727,1.3350000381469727,46791,0.0,0.0
2024-10-11 12:51:00-04:00,1.340000033378601,1.340000033378601,1.3313000202178955,1.340000033378601,815,0.0,0.0
2024-10-11 12:52:00-04:00,1.340000033378601,1.3450000286102295,1.3345999717712402,1.3345999717712402,8335,0.0,0.0
2024-10-11 12:53:00-04:00,1.3379000425338745,1.340000033378601,1.3379000425338745,1.340000033378601,1319,0.0,0.0
2024-10-11 12:54:00-04:00,1.3359999656677246,1.3359999656677246,1.3350000381469727,1.3350000381469727,6711,0.0,0.0
2024-10-11 12:55:00-04:00,1.3300000429153442,1.330299973487854,1.3300000429153442,1.3300000429153442,731,0.0,0.0
2024-10-11 12:57:00-04:00,1.3300000429153442,1.3300000429153442,1.3300000429153442,1.3300000429153442,116,0.0,0.0
2024-10-11 12:58:00-04:00,1.3350000381469727,1.3350000381469727,1.3350000381469727,1.3350000381469727,225,0.0,0.0
2024-10-11 12:59:00-04:00,1.3300000429153442,1.3387999534606934,1.3300000429153442,1.3387999534606934,36857,0.0,0.0
2024-10-11 13:00:00-04:00,1.3300000429153442,1.3300000429153442,1.3300000429153442,1.3300000429153442,100,0.0,0.0
2024-10-11 13:02:00-04:00,1.330899953842163,1.3350000381469727,1.3200000524520874,1.3200000524520874,8171,0.0,0.0
2024-10-11 13:04:00-04:00,1.3287999629974365,1.3287999629974365,1.3287999629974365,1.3287999629974365,176,0.0,0.0
2024-10-11 13:06:00-04:00,1.3250000476837158,1.340000033378601,1.3250000476837158,1.340000033378601,8288,0.0,0.0
2024-10-11 13:07:00-04:00,1.350000023841858,1.350000023841858,1.3499000072479248,1.350000023841858,4851,0.0,0.0
2024-10-11 13:08:00-04:00,1.350000023841858,1.3600000143051147,1.350000023841858,1.350000023841858,15235,0.0,0.0
2024-10-11 13:09:00-04:00,1.350000023841858,1.350000023841858,1.350000023841858,1.350000023841858,1514,0.0,0.0
2024-10-11 13:10:00-04:00,1.3550000190734863,1.3550000190734863,1.350000023841858,1.3550000190734863,1851,0.0,0.0
2024-10-11 13:11:00-04:00,1.350000023841858,1.350600004196167,1.350000023841858,1.350000023841858,1117,0.0,0.0
2024-10-11 13:14:00-04:00,1.340000033378601,1.3450000286102295,1.340000033378601,1.3450000286102295,1072,0.0,0.0
2024-10-11 13:15:00-04:00,1.340000033378601,1.340000033378601,1.340000033378601,1.340000033378601,1108,0.0,0.0
2024-10-11 13:16:00-04:00,1.340000033378601,1.34089994430542,1.340000033378601,1.34089994430542,225,0.0,0.0
2024-10-11 13:17:00-04:00,1.340000033378601,1.3450000286102295,1.340000033378601,1.3450000286102295,3299,0.0,0.0
2024-10-11 13:18:00-04:00,1.3450000286102295,1.3450000286102295,1.3450000286102295,1.3450000286102295,204,0.0,0.0
2024-10-11 13:19:00-04:00,1.3480000495910645,1.3480000495910645,1.3480000495910645,1.3480000495910645,900,0.0,0.0
2024-10-11 13:20:00-04:00,1.3480000495910645,1.3550000190734863,1.340000033378601,1.350000023841858,32045,0.0,0.0
2024-10-11 13:21:00-04:00,1.350000023841858,1.350000023841858,1.3411999940872192,1.3450000286102295,878,0.0,0.0
2024-10-11 13:23:00-04:00,1.350000023841858,1.350000023841858,1.3450000286102295,1.3450000286102295,910,0.0,0.0
2024-10-11 13:24:00-04:00,1.3450000286102295,1.3450000286102295,1.3450000286102295,1.3450000286102295,418,0.0,0.0
2024-10-11 13:27:00-04:00,1.340000033378601,1.3450000286102295,1.340000033378601,1.3450000286102295,3364,0.0,0.0
2024-10-11 13:28:00-04:00,1.3499000072479248,1.3499000072479248,1.3499000072479248,1.3499000072479248,389,0.0,0.0
2024-10-11 13:29:00-04:00,1.3420000076293945,1.3490999937057495,1.3420000076293945,1.3490999937057495,2502,0.0,0.0
2024-10-11 13:31:00-04:00,1.3450000286102295,1.3450000286102295,1.309999942779541,1.3408000469207764,55169,0.0,0.0
2024-10-11 13:35:00-04:00,1.3420000076293945,1.3450000286102295,1.3420000076293945,1.3450000286102295,2325,0.0,0.0
2024-10-11 13:38:00-04:00,1.3450000286102295,1.3450000286102295,1.3450000286102295,1.3450000286102295,109,0.0,0.0
2024-10-11 13:39:00-04:00,1.3487000465393066,1.3487000465393066,1.3450000286102295,1.3450000286102295,310,0.0,0.0
2024-10-11 13:42:00-04:00,1.350000023841858,1.350000023841858,1.350000023841858,1.350000023841858,349,0.0,0.0
2024-10-11 13:45:00-04:00,1.340000033378601,1.3450000286102295,1.340000033378601,1.3410999774932861,8473,0.0,0.0
2024-10-11 13:46:00-04:00,1.3401000499725342,1.343500018119812,1.3401000499725342,1.343500018119812,388,0.0,0.0
2024-10-11 13:47:00-04:00,1.3497999906539917,1.3497999906539917,1.3450000286102295,1.3450000286102295,613,0.0,0.0
2024-10-11 13:49:00-04:00,1.3450000286102295,1.3450000286102295,1.340000033378601,1.3450000286102295,11957,0.0,0.0
2024-10-11 13:52:00-04:00,1.3496999740600586,1.3496999740600586,1.3450000286102295,1.3450000286102295,593,0.0,0.0
2024-10-11 13:53:00-04:00,1.350000023841858,1.350000023841858,1.350000023841858,1.350000023841858,511,0.0,0.0
2024-10-11 13:54:00-04:00,1.3450000286102295,1.3450000286102295,1.3450000286102295,1.3450000286102295,488,0.0,0.0
2024-10-11 13:55:00-04:00,1.350000023841858,1.350000023841858,1.350000023841858,1.350000023841858,800,0.0,0.0
2024-10-11 13:56:00-04:00,1.3450000286102295,1.3450000286102295,1.3450000286102295,1.3450000286102295,561,0.0,0.0
2024-10-11 13:58:00-04:00,1.3450000286102295,1.3450000286102295,1.340000033378601,1.340000033378601,8227,0.0,0.0
2024-10-11 13:59:00-04:00,1.3450000286102295,1.3450000286102295,1.340000033378601,1.340000033378601,529,0.0,0.0
2024-10-11 14:00:00-04:00,1.3450000286102295,1.3450000286102295,1.340000033378601,1.3402999639511108,6512,0.0,0.0
2024-10-11 14:01:00-04:00,1.340000033378601,1.340000033378601,1.340000033378601,1.340000033378601,380,0.0,0.0
2024-10-11 14:02:00-04:00,1.3499000072479248,1.3499000072479248,1.3499000072479248,1.3499000072479248,843,0.0,0.0
2024-10-11 14:03:00-04:00,1.3446999788284302,1.3446999788284302,1.340000033378601,1.340000033378601,580,0.0,0.0
2024-10-11 14:04:00-04:00,1.340000033378601,1.3424999713897705,1.340000033378601,1.340999960899353,300,0.0,0.0
2024-10-11 14:05:00-04:00,1.340000033378601,1.340000033378601,1.340000033378601,1.340000033378601,221,0.0,0.0
2024-10-11 14:07:00-04:00,1.340000033378601,1.340000033378601,1.340000033378601,1.340000033378601,220,0.0,0.0
2024-10-11 14:08:00-04:00,1.340000033378601,1.340000033378601,1.315000057220459,1.315000057220459,14479,0.0,0.0
2024-10-11 14:09:00-04:00,1.3200000524520874,1.3250000476837158,1.3200000524520874,1.3250000476837158,7300,0.0,0.0
2024-10-11 14:10:00-04:00,1.3200000524520874,1.3300000429153442,1.3200000524520874,1.3200000524520874,16290,0.0,0.0
2024-10-11 14:11:00-04:00,1.3200000524520874,1.3350000381469727,1.3200000524520874,1.3350000381469727,2629,0.0,0.0
2024-10-11 14:12:00-04:00,1.3345999717712402,1.340000033378601,1.3344999551773071,1.3344999551773071,1131,0.0,0.0
2024-10-11 14:14:00-04:00,1.3350000381469727,1.3350000381469727,1.3350000381469727,1.3350000381469727,126,0.0,0.0
2024-10-11 14:15:00-04:00,1.3301000595092773,1.3350000381469727,1.3301000595092773,1.3350000381469727,1740,0.0,0.0
2024-10-11 14:16:00-04:00,1.3350000381469727,1.3350000381469727,1.3350000381469727,1.3350000381469727,453,0.0,0.0
2024-10-11 14:17:00-04:00,1.3350000381469727,1.340000033378601,1.3350000381469727,1.340000033378601,1580,0.0,0.0
2024-10-11 14:19:00-04:00,1.340000033378601,1.340000033378601,1.3350000381469727,1.3350000381469727,2656,0.0,0.0
2024-10-11 14:20:00-04:00,1.340000033378601,1.340000033378601,1.3300000429153442,1.3387000560760498,12299,0.0,0.0
2024-10-11 14:22:00-04:00,1.3350000381469727,1.340000033378601,1.3300000429153442,1.3350000381469727,3253,0.0,0.0
2024-10-11 14:23:00-04:00,1.3300000429153442,1.3350000381469727,1.3200000524520874,1.3200000524520874,5017,0.0,0.0
2024-10-11 14:24:00-04:00,1.3250000476837158,1.3250000476837158,1.3250000476837158,1.3250000476837158,390,0.0,0.0
2024-10-11 14:25:00-04:00,1.3205000162124634,1.3250000476837158,1.3200000524520874,1.3200000524520874,1530,0.0,0.0
2024-10-11 14:26:00-04:00,1.3209999799728394,1.3250000476837158,1.2999999523162842,1.3049999475479126,5403,0.0,0.0
2024-10-11 14:27:00-04:00,1.2999999523162842,1.2999999523162842,1.2999999523162842,1.2999999523162842,500,0.0,0.0
2024-10-11 14:28:00-04:00,1.2999999523162842,1.2999999523162842,1.2999999523162842,1.2999999523162842,300,0.0,0.0
2024-10-11 14:29:00-04:00,1.2999999523162842,1.3079999685287476,1.2999999523162842,1.3049999475479126,1158,0.0,0.0
2024-10-11 14:30:00-04:00,1.2999999523162842,1.309999942779541,1.2999999523162842,1.309999942779541,3258,0.0,0.0
2024-10-11 14:31:00-04:00,1.3062000274658203,1.3062000274658203,1.2999999523162842,1.3049999475479126,51168,0.0,0.0
2024-10-11 14:32:00-04:00,1.2999999523162842,1.3049999475479126,1.2999999523162842,1.2999999523162842,1200,0.0,0.0
2024-10-11 14:33:00-04:00,1.2999999523162842,1.2999999523162842,1.2999999523162842,1.2999999523162842,763,0.0,0.0
2024-10-11 14:34:00-04:00,1.2999999523162842,1.2999999523162842,1.2999999523162842,1.2999999523162842,301,0.0,0.0
2024-10-11 14:35:00-04:00,1.2999999523162842,1.315000057220459,1.2999999523162842,1.315000057220459,9578,0.0,0.0
2024-10-11 14:36:00-04:00,1.3109999895095825,1.3109999895095825,1.3109999895095825,1.3109999895095825,328,0.0,0.0
2024-10-11 14:38:00-04:00,1.3100999593734741,1.3100999593734741,1.3100999593734741,1.3100999593734741,116,0.0,0.0
2024-10-11 14:39:00-04:00,1.3199000358581543,1.3199000358581543,1.3186999559402466,1.3186999559402466,2040,0.0,0.0
2024-10-11 14:40:00-04:00,1.315000057220459,1.315000057220459,1.3100999593734741,1.3100999593734741,208,0.0,0.0
2024-10-11 14:41:00-04:00,1.3101999759674072,1.3186999559402466,1.309999942779541,1.309999942779541,1400,0.0,0.0
2024-10-11 14:42:00-04:00,1.309999942779541,1.309999942779541,1.309999942779541,1.309999942779541,331,0.0,0.0
2024-10-11 14:44:00-04:00,1.3199000358581543,1.3199000358581543,1.309999942779541,1.315000057220459,477,0.0,0.0
2024-10-11 14:46:00-04:00,1.315000057220459,1.315000057220459,1.309999942779541,1.309999942779541,372,0.0,0.0
2024-10-11 14:47:00-04:00,1.309999942779541,1.3187999725341797,1.309999942779541,1.309999942779541,937,0.0,0.0
2024-10-11 14:48:00-04:00,1.3200000524520874,1.3200000524520874,1.3200000524520874,1.3200000524520874,210,0.0,0.0
2024-10-11 14:49:00-04:00,1.3112000226974487,1.3112000226974487,1.309999942779541,1.3105000257492065,795,0.0,0.0
2024-10-11 14:50:00-04:00,1.3111000061035156,1.3200000524520874,1.309999942779541,1.309999942779541,300,0.0,0.0
2024-10-11 14:51:00-04:00,1.3128999471664429,1.315000057220459,1.309999942779541,1.315000057220459,2359,0.0,0.0
2024-10-11 14:52:00-04:00,1.315000057220459,1.3200000524520874,1.309999942779541,1.318600058555603,1225,0.0,0.0
2024-10-11 14:53:00-04:00,1.309999942779541,1.315000057220459,1.309999942779541,1.3112000226974487,1250,0.0,0.0
2024-10-11 14:54:00-04:00,1.3112000226974487,1.3112000226974487,1.3112000226974487,1.3112000226974487,300,0.0,0.0
2024-10-11 14:56:00-04:00,1.309999942779541,1.3186999559402466,1.309999942779541,1.3186999559402466,328,0.0,0.0
2024-10-11 14:57:00-04:00,1.319000005722046,1.319000005722046,1.309999942779541,1.309999942779541,852,0.0,0.0
2024-10-11 14:58:00-04:00,1.309999942779541,1.315000057220459,1.309999942779541,1.315000057220459,695,0.0,0.0
2024-10-11 14:59:00-04:00,1.315000057220459,1.3172359466552734,1.309999942779541,1.3172359466552734,9841,0.0,0.0
2024-10-11 15:00:00-04:00,1.309999942779541,1.309999942779541,1.309999942779541,1.309999942779541,209,0.0,0.0
2024-10-11 15:01:00-04:00,1.3112000226974487,1.315000057220459,1.3112000226974487,1.315000057220459,1638,0.0,0.0
2024-10-11 15:02:00-04:00,1.309999942779541,1.315000057220459,1.309999942779541,1.315000057220459,325,0.0,0.0
2024-10-11 15:03:00-04:00,1.309999942779541,1.315000057220459,1.309999942779541,1.309999942779541,741,0.0,0.0
2024-10-11 15:04:00-04:00,1.315000057220459,1.315000057220459,1.309999942779541,1.309999942779541,952,0.0,0.0
2024-10-11 15:05:00-04:00,1.309999942779541,1.3142999410629272,1.309999942779541,1.3142999410629272,626,0.0,0.0
2024-10-11 15:06:00-04:00,1.309999942779541,1.315000057220459,1.309999942779541,1.309999942779541,1252,0.0,0.0
2024-10-11 15:07:00-04:00,1.3152999877929688,1.3200000524520874,1.309999942779541,1.309999942779541,1025,0.0,0.0
2024-10-11 15:08:00-04:00,1.309999942779541,1.3187999725341797,1.309999942779541,1.309999942779541,1335,0.0,0.0
2024-10-11 15:09:00-04:00,1.3200000524520874,1.3200000524520874,1.309999942779541,1.309999942779541,739,0.0,0.0
2024-10-11 15:10:00-04:00,1.31850004196167,1.31850004196167,1.315000057220459,1.315000057220459,550,0.0,0.0
2024-10-11 15:11:00-04:00,1.309999942779541,1.309999942779541,1.309999942779541,1.309999942779541,211,0.0,0.0
2024-10-11 15:12:00-04:00,1.315000057220459,1.315000057220459,1.309999942779541,1.309999942779541,272,0.0,0.0
2024-10-11 15:13:00-04:00,1.309999942779541,1.315000057220459,1.309999942779541,1.315000057220459,2324,0.0,0.0
2024-10-11 15:15:00-04:00,1.3194999694824219,1.3194999694824219,1.315000057220459,1.315000057220459,1613,0.0,0.0
2024-10-11 15:16:00-04:00,1.319700002670288,1.319700002670288,1.309999942779541,1.309999942779541,1414,0.0,0.0
2024-10-11 15:17:00-04:00,1.309999942779541,1.3200000524520874,1.3049999475479126,1.3200000524520874,31698,0.0,0.0
2024-10-11 15:18:00-04:00,1.315000057220459,1.3200000524520874,1.312999963760376,1.3200000524520874,902,0.0,0.0
2024-10-11 15:19:00-04:00,1.3200000524520874,1.3200000524520874,1.3200000524520874,1.3200000524520874,100,0.0,0.0
2024-10-11 15:20:00-04:00,1.3200000524520874,1.3250000476837158,1.3200000524520874,1.3250000476837158,7998,0.0,0.0
2024-10-11 15:21:00-04:00,1.3285000324249268,1.3285000324249268,1.3200000524520874,1.3200000524520874,6792,0.0,0.0
2024-10-11 15:22:00-04:00,1.3250000476837158,1.3250000476837158,1.3200000524520874,1.3200000524520874,2806,0.0,0.0
2024-10-11 15:23:00-04:00,1.3200000524520874,1.3200000524520874,1.3200000524520874,1.3200000524520874,177,0.0,0.0
2024-10-11 15:25:00-04:00,1.3200000524520874,1.3300000429153442,1.3200000524520874,1.3300000429153442,10714,0.0,0.0
2024-10-11 15:26:00-04:00,1.3300000429153442,1.3450000286102295,1.3300000429153442,1.3450000286102295,14044,0.0,0.0
2024-10-11 15:28:00-04:00,1.3447999954223633,1.350000023841858,1.3447999954223633,1.350000023841858,634,0.0,0.0
2024-10-11 15:29:00-04:00,1.3450000286102295,1.3488999605178833,1.3450000286102295,1.3488999605178833,725,0.0,0.0
2024-10-11 15:30:00-04:00,1.3450000286102295,1.3450000286102295,1.3450000286102295,1.3450000286102295,531,0.0,0.0
2024-10-11 15:32:00-04:00,1.3450000286102295,1.3496999740600586,1.3415000438690186,1.3450000286102295,5228,0.0,0.0
2024-10-11 15:33:00-04:00,1.3450000286102295,1.3450000286102295,1.3450000286102295,1.3450000286102295,440,0.0,0.0
2024-10-11 15:34:00-04:00,1.3450000286102295,1.3450000286102295,1.3450000286102295,1.3450000286102295,142,0.0,0.0
2024-10-11 15:35:00-04:00,1.350000023841858,1.350000023841858,1.3450000286102295,1.3450000286102295,2918,0.0,0.0
2024-10-11 15:36:00-04:00,1.3450000286102295,1.3450000286102295,1.3450000286102295,1.3450000286102295,220,0.0,0.0
2024-10-11 15:37:00-04:00,1.340000033378601,1.3450000286102295,1.340000033378601,1.340000033378601,8471,0.0,0.0
2024-10-11 15:38:00-04:00,1.340000033378601,1.340000033378601,1.340000033378601,1.340000033378601,624,0.0,0.0
2024-10-11 15:39:00-04:00,1.3450000286102295,1.347100019454956,1.3300000429153442,1.3300000429153442,6849,0.0,0.0
2024-10-11 15:40:00-04:00,1.3350000381469727,1.3350000381469727,1.3300000429153442,1.3300000429153442,823,0.0,0.0
2024-10-11 15:41:00-04:00,1.3349000215530396,1.3349000215530396,1.3300000429153442,1.3300000429153442,595,0.0,0.0
2024-10-11 15:42:00-04:00,1.340000033378601,1.3450000286102295,1.340000033378601,1.3450000286102295,11718,0.0,0.0
2024-10-11 15:43:00-04:00,1.3487000465393066,1.350000023841858,1.340000033378601,1.3466999530792236,1024,0.0,0.0
2024-10-11 15:44:00-04:00,1.340000033378601,1.340000033378601,1.340000033378601,1.340000033378601,124,0.0,0.0
2024-10-11 15:45:00-04:00,1.3450000286102295,1.3450000286102295,1.3300000429153442,1.339400053024292,21043,0.0,0.0
2024-10-11 15:46:00-04:00,1.340000033378601,1.340000033378601,1.3350000381469727,1.3350000381469727,900,0.0,0.0
2024-10-11 15:48:00-04:00,1.3300000429153442,1.3350000381469727,1.3300000429153442,1.3350000381469727,3396,0.0,0.0
2024-10-11 15:49:00-04:00,1.3350000381469727,1.340000033378601,1.3300000429153442,1.330199956893921,9798,0.0,0.0
2024-10-11 15:50:00-04:00,1.3350000381469727,1.340000033378601,1.3300000429153442,1.340000033378601,2126,0.0,0.0
2024-10-11 15:51:00-04:00,1.3300000429153442,1.340000033378601,1.3300000429153442,1.3350000381469727,4687,0.0,0.0
2024-10-11 15:52:00-04:00,1.3350000381469727,1.340000033378601,1.3300000429153442,1.3300000429153442,2448,0.0,0.0
2024-10-11 15:53:00-04:00,1.340000033378601,1.350000023841858,1.3300000429153442,1.3350000381469727,36237,0.0,0.0
2024-10-11 15:54:00-04:00,1.340000033378601,1.340000033378601,1.3300000429153442,1.3300000429153442,7194,0.0,0.0
2024-10-11 15:55:00-04:00,1.3300000429153442,1.3450000286102295,1.3300000429153442,1.3450000286102295,48316,0.0,0.0
2024-10-11 15:56:00-04:00,1.350000023841858,1.3550000190734863,1.344599962234497,1.350000023841858,36600,0.0,0.0
2024-10-11 15:57:00-04:00,1.350000023841858,1.3550000190734863,1.3450000286102295,1.350000023841858,24083,0.0,0.0
2024-10-11 15:58:00-04:00,1.34089994430542,1.350000023841858,1.3350000381469727,1.3350000381469727,33291,0.0,0.0
2024-10-11 15:59:00-04:00,1.340000033378601,1.340000033378601,1.3300000429153442,1.3300000429153442,60115,0.0,0.0
