Datetime,Open,High,Low,Close,Volume,Dividends,Stock Splits
2024-10-07 09:30:00-04:00,10.6899995803833,10.699999809265137,10.6899995803833,10.699999809265137,51646,0.0,0.0
2024-10-07 09:31:00-04:00,10.694999694824219,10.694999694824219,10.680000305175781,10.694999694824219,8319,0.0,0.0
2024-10-07 09:32:00-04:00,10.694999694824219,10.699999809265137,10.6850004196167,10.694999694824219,3071,0.0,0.0
2024-10-07 09:33:00-04:00,10.697600364685059,10.699899673461914,10.697600364685059,10.699899673461914,960,0.0,0.0
2024-10-07 09:34:00-04:00,10.6850004196167,10.687999725341797,10.6850004196167,10.6850004196167,2237,0.0,0.0
2024-10-07 09:35:00-04:00,10.685999870300293,10.699999809265137,10.685999870300293,10.699999809265137,7947,0.0,0.0
2024-10-07 09:37:00-04:00,10.690199851989746,10.690199851989746,10.690199851989746,10.690199851989746,396,0.0,0.0
2024-10-07 09:39:00-04:00,10.694999694824219,10.694999694824219,10.694999694824219,10.694999694824219,10183,0.0,0.0
2024-10-07 09:40:00-04:00,10.6899995803833,10.6899995803833,10.6899995803833,10.6899995803833,261,0.0,0.0
2024-10-07 09:41:00-04:00,10.6899995803833,10.6899995803833,10.6899995803833,10.6899995803833,1610,0.0,0.0
2024-10-07 09:42:00-04:00,10.694999694824219,10.694999694824219,10.694999694824219,10.694999694824219,365,0.0,0.0
2024-10-07 09:43:00-04:00,10.694999694824219,10.694999694824219,10.694999694824219,10.694999694824219,340,0.0,0.0
2024-10-07 09:44:00-04:00,10.694999694824219,10.699899673461914,10.6899995803833,10.6899995803833,7229,0.0,0.0
2024-10-07 09:45:00-04:00,10.6850004196167,10.687999725341797,10.678899765014648,10.678899765014648,1047,0.0,0.0
2024-10-07 09:46:00-04:00,10.680000305175781,10.680000305175781,10.675000190734863,10.675000190734863,899,0.0,0.0
2024-10-07 09:47:00-04:00,10.680000305175781,10.6850004196167,10.670000076293945,10.670000076293945,4616,0.0,0.0
2024-10-07 09:48:00-04:00,10.65999984741211,10.65999984741211,10.649999618530273,10.649999618530273,1361,0.0,0.0
2024-10-07 09:49:00-04:00,10.645000457763672,10.654999732971191,10.645000457763672,10.654999732971191,1473,0.0,0.0
2024-10-07 09:50:00-04:00,10.65999984741211,10.65999984741211,10.65999984741211,10.65999984741211,3036,0.0,0.0
2024-10-07 09:51:00-04:00,10.65939998626709,10.65939998626709,10.649999618530273,10.649999618530273,3577,0.0,0.0
2024-10-07 09:52:00-04:00,10.645000457763672,10.645000457763672,10.640000343322754,10.645000457763672,410,0.0,0.0
2024-10-07 09:53:00-04:00,10.640000343322754,10.645000457763672,10.635000228881836,10.645000457763672,2545,0.0,0.0
2024-10-07 09:54:00-04:00,10.645000457763672,10.649999618530273,10.645000457763672,10.649999618530273,258,0.0,0.0
2024-10-07 09:55:00-04:00,10.649999618530273,10.654999732971191,10.649999618530273,10.654999732971191,1880,0.0,0.0
2024-10-07 09:56:00-04:00,10.649999618530273,10.649999618530273,10.645000457763672,10.645000457763672,4556,0.0,0.0
2024-10-07 09:57:00-04:00,10.645000457763672,10.645000457763672,10.645000457763672,10.645000457763672,1817,0.0,0.0
2024-10-07 09:58:00-04:00,10.645000457763672,10.645000457763672,10.645000457763672,10.645000457763672,155,0.0,0.0
2024-10-07 09:59:00-04:00,10.640000343322754,10.645000457763672,10.630000114440918,10.635000228881836,4651,0.0,0.0
2024-10-07 10:00:00-04:00,10.635000228881836,10.645000457763672,10.635000228881836,10.645000457763672,2895,0.0,0.0
2024-10-07 10:01:00-04:00,10.645000457763672,10.654999732971191,10.640000343322754,10.649999618530273,31918,0.0,0.0
2024-10-07 10:02:00-04:00,10.664999961853027,10.670000076293945,10.664999961853027,10.670000076293945,101193,0.0,0.0
2024-10-07 10:03:00-04:00,10.670000076293945,10.670000076293945,10.664999961853027,10.664999961853027,5711,0.0,0.0
2024-10-07 10:04:00-04:00,10.670000076293945,10.675000190734863,10.670000076293945,10.675000190734863,7989,0.0,0.0
2024-10-07 10:05:00-04:00,10.670000076293945,10.675000190734863,10.670000076293945,10.675000190734863,2400,0.0,0.0
2024-10-07 10:06:00-04:00,10.675000190734863,10.675000190734863,10.670000076293945,10.670000076293945,4400,0.0,0.0
2024-10-07 10:07:00-04:00,10.675000190734863,10.675000190734863,10.670000076293945,10.670000076293945,9417,0.0,0.0
2024-10-07 10:08:00-04:00,10.664999961853027,10.664999961853027,10.654999732971191,10.654999732971191,31096,0.0,0.0
2024-10-07 10:09:00-04:00,10.654999732971191,10.654999732971191,10.649999618530273,10.649999618530273,601,0.0,0.0
2024-10-07 10:10:00-04:00,10.649999618530273,10.65999984741211,10.649999618530273,10.649999618530273,4086,0.0,0.0
2024-10-07 10:11:00-04:00,10.649999618530273,10.65999984741211,10.649999618530273,10.649999618530273,5189,0.0,0.0
2024-10-07 10:12:00-04:00,10.645000457763672,10.649999618530273,10.645000457763672,10.645000457763672,906,0.0,0.0
2024-10-07 10:13:00-04:00,10.645000457763672,10.654999732971191,10.645000457763672,10.649999618530273,3783,0.0,0.0
2024-10-07 10:14:00-04:00,10.654999732971191,10.65999984741211,10.654999732971191,10.654999732971191,1427,0.0,0.0
2024-10-07 10:15:00-04:00,10.65999984741211,10.664999961853027,10.654999732971191,10.664999961853027,4427,0.0,0.0
2024-10-07 10:16:00-04:00,10.670000076293945,10.670000076293945,10.670000076293945,10.670000076293945,1355,0.0,0.0
2024-10-07 10:17:00-04:00,10.675000190734863,10.675000190734863,10.664999961853027,10.664999961853027,461,0.0,0.0
2024-10-07 10:18:00-04:00,10.664999961853027,10.664999961853027,10.664999961853027,10.664999961853027,101,0.0,0.0
2024-10-07 10:19:00-04:00,10.664999961853027,10.670000076293945,10.664999961853027,10.670000076293945,3426,0.0,0.0
2024-10-07 10:20:00-04:00,10.670000076293945,10.670000076293945,10.664999961853027,10.664999961853027,755,0.0,0.0
2024-10-07 10:22:00-04:00,10.65999984741211,10.65999984741211,10.651200294494629,10.651200294494629,12819,0.0,0.0
2024-10-07 10:23:00-04:00,10.654999732971191,10.654999732971191,10.654999732971191,10.654999732971191,209,0.0,0.0
2024-10-07 10:25:00-04:00,10.649999618530273,10.649999618530273,10.642499923706055,10.649999618530273,5723,0.0,0.0
2024-10-07 10:26:00-04:00,10.649999618530273,10.649999618530273,10.640000343322754,10.640000343322754,432,0.0,0.0
2024-10-07 10:27:00-04:00,10.640000343322754,10.640000343322754,10.640000343322754,10.640000343322754,100,0.0,0.0
2024-10-07 10:28:00-04:00,10.635000228881836,10.635000228881836,10.630000114440918,10.630000114440918,391,0.0,0.0
2024-10-07 10:29:00-04:00,10.635000228881836,10.640000343322754,10.635000228881836,10.640000343322754,1500,0.0,0.0
2024-10-07 10:30:00-04:00,10.635000228881836,10.640000343322754,10.635000228881836,10.635000228881836,1114,0.0,0.0
2024-10-07 10:31:00-04:00,10.640000343322754,10.640000343322754,10.640000343322754,10.640000343322754,3000,0.0,0.0
2024-10-07 10:32:00-04:00,10.635000228881836,10.640000343322754,10.635000228881836,10.640000343322754,2558,0.0,0.0
2024-10-07 10:33:00-04:00,10.635000228881836,10.639900207519531,10.635000228881836,10.635000228881836,1730,0.0,0.0
2024-10-07 10:34:00-04:00,10.635000228881836,10.635000228881836,10.635000228881836,10.635000228881836,359,0.0,0.0
2024-10-07 10:35:00-04:00,10.635000228881836,10.640000343322754,10.635000228881836,10.640000343322754,3076,0.0,0.0
2024-10-07 10:36:00-04:00,10.640000343322754,10.647600173950195,10.640000343322754,10.645000457763672,8533,0.0,0.0
2024-10-07 10:37:00-04:00,10.645000457763672,10.654999732971191,10.645000457763672,10.649999618530273,71922,0.0,0.0
2024-10-07 10:38:00-04:00,10.649999618530273,10.654999732971191,10.649999618530273,10.649999618530273,28370,0.0,0.0
2024-10-07 10:39:00-04:00,10.649999618530273,10.654999732971191,10.645000457763672,10.645000457763672,8029,0.0,0.0
2024-10-07 10:40:00-04:00,10.640000343322754,10.645000457763672,10.640000343322754,10.645000457763672,1600,0.0,0.0
2024-10-07 10:41:00-04:00,10.640000343322754,10.645000457763672,10.640000343322754,10.645000457763672,437,0.0,0.0
2024-10-07 10:42:00-04:00,10.645000457763672,10.654999732971191,10.645000457763672,10.649999618530273,4971,0.0,0.0
2024-10-07 10:43:00-04:00,10.649999618530273,10.649999618530273,10.649999618530273,10.649999618530273,626,0.0,0.0
2024-10-07 10:44:00-04:00,10.640000343322754,10.645000457763672,10.640000343322754,10.645000457763672,434,0.0,0.0
2024-10-07 10:45:00-04:00,10.645000457763672,10.645000457763672,10.640000343322754,10.640000343322754,1663,0.0,0.0
2024-10-07 10:46:00-04:00,10.635000228881836,10.635000228881836,10.635000228881836,10.635000228881836,1679,0.0,0.0
2024-10-07 10:47:00-04:00,10.635000228881836,10.635000228881836,10.630000114440918,10.630000114440918,394,0.0,0.0
2024-10-07 10:48:00-04:00,10.640000343322754,10.640000343322754,10.635000228881836,10.640000343322754,2585,0.0,0.0
2024-10-07 10:49:00-04:00,10.640000343322754,10.640000343322754,10.635000228881836,10.640000343322754,5855,0.0,0.0
2024-10-07 10:50:00-04:00,10.640000343322754,10.649999618530273,10.640000343322754,10.645000457763672,3519,0.0,0.0
2024-10-07 10:51:00-04:00,10.645000457763672,10.645000457763672,10.645000457763672,10.645000457763672,200,0.0,0.0
2024-10-07 10:52:00-04:00,10.645000457763672,10.648799896240234,10.645000457763672,10.645000457763672,2434,0.0,0.0
2024-10-07 10:55:00-04:00,10.645000457763672,10.649999618530273,10.645000457763672,10.645000457763672,2190,0.0,0.0
2024-10-07 10:56:00-04:00,10.645000457763672,10.645000457763672,10.645000457763672,10.645000457763672,505,0.0,0.0
2024-10-07 10:57:00-04:00,10.645000457763672,10.648900032043457,10.645000457763672,10.645000457763672,303,0.0,0.0
2024-10-07 10:58:00-04:00,10.645000457763672,10.645000457763672,10.635000228881836,10.635000228881836,7637,0.0,0.0
2024-10-07 10:59:00-04:00,10.630000114440918,10.635000228881836,10.630000114440918,10.635000228881836,1738,0.0,0.0
2024-10-07 11:00:00-04:00,10.635000228881836,10.635000228881836,10.625,10.625,3008,0.0,0.0
2024-10-07 11:01:00-04:00,10.630000114440918,10.635000228881836,10.630000114440918,10.635000228881836,7476,0.0,0.0
2024-10-07 11:02:00-04:00,10.630000114440918,10.640000343322754,10.625,10.630000114440918,7950,0.0,0.0
2024-10-07 11:04:00-04:00,10.635000228881836,10.635000228881836,10.635000228881836,10.635000228881836,461,0.0,0.0
2024-10-07 11:05:00-04:00,10.630000114440918,10.630000114440918,10.630000114440918,10.630000114440918,1294,0.0,0.0
2024-10-07 11:06:00-04:00,10.630000114440918,10.630000114440918,10.619999885559082,10.619999885559082,15295,0.0,0.0
2024-10-07 11:07:00-04:00,10.625,10.625,10.625,10.625,412,0.0,0.0
2024-10-07 11:08:00-04:00,10.625,10.625,10.5600004196167,10.609999656677246,328830,0.0,0.0
2024-10-07 11:09:00-04:00,10.614999771118164,10.619999885559082,10.609999656677246,10.609999656677246,32760,0.0,0.0
2024-10-07 11:10:00-04:00,10.609999656677246,10.609999656677246,10.600000381469727,10.600000381469727,3002,0.0,0.0
2024-10-07 11:11:00-04:00,10.609999656677246,10.609999656677246,10.600000381469727,10.604999542236328,1593,0.0,0.0
2024-10-07 11:12:00-04:00,10.608799934387207,10.609999656677246,10.604999542236328,10.604999542236328,1087,0.0,0.0
2024-10-07 11:13:00-04:00,10.604999542236328,10.609999656677246,10.604999542236328,10.609999656677246,4127,0.0,0.0
2024-10-07 11:14:00-04:00,10.604999542236328,10.606900215148926,10.604999542236328,10.604999542236328,1388,0.0,0.0
2024-10-07 11:15:00-04:00,10.604999542236328,10.607999801635742,10.600000381469727,10.607999801635742,2122,0.0,0.0
2024-10-07 11:16:00-04:00,10.604999542236328,10.604999542236328,10.604999542236328,10.604999542236328,1262,0.0,0.0
2024-10-07 11:17:00-04:00,10.609999656677246,10.609999656677246,10.609999656677246,10.609999656677246,1195,0.0,0.0
2024-10-07 11:18:00-04:00,10.600000381469727,10.600000381469727,10.592599868774414,10.592599868774414,3869,0.0,0.0
2024-10-07 11:20:00-04:00,10.600000381469727,10.600000381469727,10.595000267028809,10.595000267028809,792,0.0,0.0
2024-10-07 11:21:00-04:00,10.595000267028809,10.600000381469727,10.595000267028809,10.600000381469727,564,0.0,0.0
2024-10-07 11:22:00-04:00,10.600000381469727,10.600000381469727,10.595000267028809,10.600000381469727,524,0.0,0.0
2024-10-07 11:23:00-04:00,10.595000267028809,10.600000381469727,10.595000267028809,10.600000381469727,574,0.0,0.0
2024-10-07 11:24:00-04:00,10.595000267028809,10.595000267028809,10.595000267028809,10.595000267028809,811,0.0,0.0
2024-10-07 11:25:00-04:00,10.59000015258789,10.595000267028809,10.585000038146973,10.59000015258789,2610,0.0,0.0
2024-10-07 11:26:00-04:00,10.579999923706055,10.585000038146973,10.579999923706055,10.579999923706055,1174,0.0,0.0
2024-10-07 11:27:00-04:00,10.579999923706055,10.59000015258789,10.579999923706055,10.59000015258789,3821,0.0,0.0
2024-10-07 11:28:00-04:00,10.579999923706055,10.585000038146973,10.579999923706055,10.585000038146973,563,0.0,0.0
2024-10-07 11:29:00-04:00,10.579999923706055,10.585000038146973,10.579999923706055,10.585000038146973,442,0.0,0.0
2024-10-07 11:30:00-04:00,10.585000038146973,10.585000038146973,10.579999923706055,10.579999923706055,498,0.0,0.0
2024-10-07 11:31:00-04:00,10.585000038146973,10.585000038146973,10.579999923706055,10.579999923706055,468,0.0,0.0
2024-10-07 11:32:00-04:00,10.579999923706055,10.579999923706055,10.579999923706055,10.579999923706055,218,0.0,0.0
2024-10-07 11:33:00-04:00,10.585000038146973,10.585000038146973,10.579999923706055,10.585000038146973,1505,0.0,0.0
2024-10-07 11:34:00-04:00,10.579999923706055,10.579999923706055,10.579999923706055,10.579999923706055,1248,0.0,0.0
2024-10-07 11:35:00-04:00,10.579999923706055,10.588600158691406,10.579999923706055,10.588600158691406,711,0.0,0.0
2024-10-07 11:36:00-04:00,10.579999923706055,10.579999923706055,10.579999923706055,10.579999923706055,425,0.0,0.0
2024-10-07 11:37:00-04:00,10.579999923706055,10.579999923706055,10.579999923706055,10.579999923706055,470,0.0,0.0
2024-10-07 11:38:00-04:00,10.579999923706055,10.585000038146973,10.579999923706055,10.585000038146973,1090,0.0,0.0
2024-10-07 11:39:00-04:00,10.585000038146973,10.59000015258789,10.579999923706055,10.585000038146973,1041,0.0,0.0
2024-10-07 11:40:00-04:00,10.59000015258789,10.595000267028809,10.59000015258789,10.595000267028809,4662,0.0,0.0
2024-10-07 11:41:00-04:00,10.595000267028809,10.595000267028809,10.595000267028809,10.595000267028809,138,0.0,0.0
2024-10-07 11:42:00-04:00,10.59000015258789,10.590700149536133,10.59000015258789,10.59000015258789,758,0.0,0.0
2024-10-07 11:43:00-04:00,10.595000267028809,10.595000267028809,10.585000038146973,10.585000038146973,3218,0.0,0.0
2024-10-07 11:44:00-04:00,10.585000038146973,10.595000267028809,10.585000038146973,10.59000015258789,4703,0.0,0.0
2024-10-07 11:45:00-04:00,10.59000015258789,10.59000015258789,10.59000015258789,10.59000015258789,357,0.0,0.0
2024-10-07 11:46:00-04:00,10.59000015258789,10.600000381469727,10.59000015258789,10.595000267028809,13946,0.0,0.0
2024-10-07 11:47:00-04:00,10.595000267028809,10.595000267028809,10.59000015258789,10.595000267028809,1017,0.0,0.0
2024-10-07 11:48:00-04:00,10.595000267028809,10.595000267028809,10.595000267028809,10.595000267028809,406,0.0,0.0
2024-10-07 11:49:00-04:00,10.595000267028809,10.595000267028809,10.595000267028809,10.595000267028809,1000,0.0,0.0
2024-10-07 11:50:00-04:00,10.595000267028809,10.600000381469727,10.595000267028809,10.599100112915039,2399,0.0,0.0
2024-10-07 11:51:00-04:00,10.599200248718262,10.600000381469727,10.598999977111816,10.599900245666504,4019,0.0,0.0
2024-10-07 11:52:00-04:00,10.600000381469727,10.600000381469727,10.593799591064453,10.595000267028809,3827,0.0,0.0
2024-10-07 11:54:00-04:00,10.595000267028809,10.595000267028809,10.59000015258789,10.595000267028809,2259,0.0,0.0
2024-10-07 11:55:00-04:00,10.595000267028809,10.595000267028809,10.595000267028809,10.595000267028809,239,0.0,0.0
2024-10-07 11:56:00-04:00,10.59000015258789,10.59000015258789,10.59000015258789,10.59000015258789,112,0.0,0.0
2024-10-07 11:57:00-04:00,10.59000015258789,10.59000015258789,10.59000015258789,10.59000015258789,295,0.0,0.0
2024-10-07 11:58:00-04:00,10.595000267028809,10.595000267028809,10.59000015258789,10.595000267028809,778,0.0,0.0
2024-10-07 11:59:00-04:00,10.595000267028809,10.595000267028809,10.590800285339355,10.595000267028809,1177,0.0,0.0
2024-10-07 12:00:00-04:00,10.59000015258789,10.59000015258789,10.59000015258789,10.59000015258789,249,0.0,0.0
2024-10-07 12:01:00-04:00,10.59000015258789,10.59000015258789,10.59000015258789,10.59000015258789,240,0.0,0.0
2024-10-07 12:02:00-04:00,10.59749984741211,10.59749984741211,10.595000267028809,10.595000267028809,2875,0.0,0.0
2024-10-07 12:03:00-04:00,10.59000015258789,10.59000015258789,10.59000015258789,10.59000015258789,101,0.0,0.0
2024-10-07 12:04:00-04:00,10.595000267028809,10.595000267028809,10.595000267028809,10.595000267028809,1791,0.0,0.0
2024-10-07 12:05:00-04:00,10.595000267028809,10.595000267028809,10.59000015258789,10.59000015258789,708,0.0,0.0
2024-10-07 12:06:00-04:00,10.595000267028809,10.595000267028809,10.59000015258789,10.595000267028809,844,0.0,0.0
2024-10-07 12:07:00-04:00,10.595000267028809,10.595000267028809,10.595000267028809,10.595000267028809,753,0.0,0.0
2024-10-07 12:08:00-04:00,10.595000267028809,10.599900245666504,10.595000267028809,10.599900245666504,2241,0.0,0.0
2024-10-07 12:09:00-04:00,10.595000267028809,10.600000381469727,10.59000015258789,10.595000267028809,760,0.0,0.0
2024-10-07 12:10:00-04:00,10.595000267028809,10.595000267028809,10.59000015258789,10.59000015258789,300,0.0,0.0
2024-10-07 12:11:00-04:00,10.59000015258789,10.596400260925293,10.59000015258789,10.596400260925293,400,0.0,0.0
2024-10-07 12:12:00-04:00,10.59000015258789,10.59000015258789,10.59000015258789,10.59000015258789,198,0.0,0.0
2024-10-07 12:13:00-04:00,10.59000015258789,10.59000015258789,10.59000015258789,10.59000015258789,334,0.0,0.0
2024-10-07 12:14:00-04:00,10.595000267028809,10.595000267028809,10.595000267028809,10.595000267028809,200,0.0,0.0
2024-10-07 12:15:00-04:00,10.59000015258789,10.590100288391113,10.59000015258789,10.59000015258789,454,0.0,0.0
2024-10-07 12:17:00-04:00,10.59000015258789,10.595999717712402,10.59000015258789,10.595000267028809,823,0.0,0.0
2024-10-07 12:18:00-04:00,10.600000381469727,10.600000381469727,10.59000015258789,10.59000015258789,780,0.0,0.0
2024-10-07 12:19:00-04:00,10.595000267028809,10.595000267028809,10.59000015258789,10.59000015258789,1272,0.0,0.0
2024-10-07 12:20:00-04:00,10.595000267028809,10.595000267028809,10.59000015258789,10.59000015258789,545,0.0,0.0
2024-10-07 12:21:00-04:00,10.595000267028809,10.595000267028809,10.595000267028809,10.595000267028809,322,0.0,0.0
2024-10-07 12:22:00-04:00,10.595000267028809,10.595000267028809,10.595000267028809,10.595000267028809,676,0.0,0.0
2024-10-07 12:23:00-04:00,10.595000267028809,10.595000267028809,10.595000267028809,10.595000267028809,934,0.0,0.0
2024-10-07 12:24:00-04:00,10.595000267028809,10.595000267028809,10.595000267028809,10.595000267028809,101,0.0,0.0
2024-10-07 12:25:00-04:00,10.595000267028809,10.595000267028809,10.595000267028809,10.595000267028809,662,0.0,0.0
2024-10-07 12:26:00-04:00,10.595000267028809,10.595000267028809,10.595000267028809,10.595000267028809,280,0.0,0.0
2024-10-07 12:27:00-04:00,10.595000267028809,10.609999656677246,10.595000267028809,10.604999542236328,6788,0.0,0.0
2024-10-07 12:28:00-04:00,10.609999656677246,10.609999656677246,10.604999542236328,10.604999542236328,918,0.0,0.0
2024-10-07 12:29:00-04:00,10.604399681091309,10.609999656677246,10.604399681091309,10.609999656677246,3792,0.0,0.0
2024-10-07 12:30:00-04:00,10.609999656677246,10.619999885559082,10.609999656677246,10.614999771118164,6343,0.0,0.0
2024-10-07 12:31:00-04:00,10.614999771118164,10.614999771118164,10.614999771118164,10.614999771118164,927,0.0,0.0
2024-10-07 12:33:00-04:00,10.619999885559082,10.619999885559082,10.619999885559082,10.619999885559082,1334,0.0,0.0
2024-10-07 12:34:00-04:00,10.619999885559082,10.619999885559082,10.619999885559082,10.619999885559082,583,0.0,0.0
2024-10-07 12:35:00-04:00,10.619999885559082,10.619999885559082,10.611499786376953,10.614999771118164,1972,0.0,0.0
2024-10-07 12:36:00-04:00,10.619999885559082,10.630000114440918,10.619999885559082,10.625,7818,0.0,0.0
2024-10-07 12:37:00-04:00,10.625,10.630000114440918,10.625,10.625,1046,0.0,0.0
2024-10-07 12:38:00-04:00,10.630000114440918,10.630000114440918,10.625,10.625,455,0.0,0.0
2024-10-07 12:39:00-04:00,10.620100021362305,10.625,10.620100021362305,10.625,903,0.0,0.0
2024-10-07 12:40:00-04:00,10.625,10.625,10.625,10.625,512,0.0,0.0
2024-10-07 12:41:00-04:00,10.625,10.625,10.619999885559082,10.625,1785,0.0,0.0
2024-10-07 12:42:00-04:00,10.625,10.625,10.622099876403809,10.625,1123,0.0,0.0
2024-10-07 12:43:00-04:00,10.619999885559082,10.630000114440918,10.619999885559082,10.630000114440918,493,0.0,0.0
2024-10-07 12:44:00-04:00,10.629899978637695,10.629899978637695,10.625,10.625,298,0.0,0.0
2024-10-07 12:45:00-04:00,10.628800392150879,10.628800392150879,10.619999885559082,10.619999885559082,1780,0.0,0.0
2024-10-07 12:46:00-04:00,10.625,10.625,10.619999885559082,10.619999885559082,305,0.0,0.0
2024-10-07 12:47:00-04:00,10.62600040435791,10.62600040435791,10.619999885559082,10.619999885559082,983,0.0,0.0
2024-10-07 12:48:00-04:00,10.630000114440918,10.630000114440918,10.630000114440918,10.630000114440918,112,0.0,0.0
2024-10-07 12:49:00-04:00,10.620100021362305,10.630000114440918,10.620100021362305,10.630000114440918,899,0.0,0.0
2024-10-07 12:50:00-04:00,10.625,10.625,10.619999885559082,10.619999885559082,512,0.0,0.0
2024-10-07 12:51:00-04:00,10.619999885559082,10.625,10.619999885559082,10.625,288,0.0,0.0
2024-10-07 12:52:00-04:00,10.625,10.625,10.625,10.625,100,0.0,0.0
2024-10-07 12:53:00-04:00,10.625,10.625,10.619999885559082,10.625,2944,0.0,0.0
2024-10-07 12:54:00-04:00,10.625,10.625,10.625,10.625,561,0.0,0.0
2024-10-07 12:55:00-04:00,10.619999885559082,10.619999885559082,10.619999885559082,10.619999885559082,2195,0.0,0.0
2024-10-07 12:56:00-04:00,10.625,10.625,10.619999885559082,10.619999885559082,305,0.0,0.0
2024-10-07 12:57:00-04:00,10.619999885559082,10.619999885559082,10.619999885559082,10.619999885559082,121,0.0,0.0
2024-10-07 12:58:00-04:00,10.625,10.625,10.619999885559082,10.619999885559082,358,0.0,0.0
2024-10-07 12:59:00-04:00,10.629899978637695,10.629899978637695,10.625,10.625,740,0.0,0.0
2024-10-07 13:00:00-04:00,10.625,10.628700256347656,10.619999885559082,10.625,1096,0.0,0.0
2024-10-07 13:01:00-04:00,10.619999885559082,10.619999885559082,10.619999885559082,10.619999885559082,121,0.0,0.0
2024-10-07 13:02:00-04:00,10.619999885559082,10.630000114440918,10.619999885559082,10.630000114440918,2356,0.0,0.0
2024-10-07 13:03:00-04:00,10.625,10.63860034942627,10.625,10.63860034942627,11451,0.0,0.0
2024-10-07 13:04:00-04:00,10.635000228881836,10.637900352478027,10.63010025024414,10.635000228881836,1352,0.0,0.0
2024-10-07 13:05:00-04:00,10.635000228881836,10.635000228881836,10.635000228881836,10.635000228881836,1500,0.0,0.0
2024-10-07 13:06:00-04:00,10.635000228881836,10.635000228881836,10.635000228881836,10.635000228881836,460,0.0,0.0
2024-10-07 13:07:00-04:00,10.630000114440918,10.630000114440918,10.630000114440918,10.630000114440918,216,0.0,0.0
2024-10-07 13:09:00-04:00,10.630000114440918,10.630000114440918,10.630000114440918,10.630000114440918,200,0.0,0.0
2024-10-07 13:10:00-04:00,10.635000228881836,10.637999534606934,10.635000228881836,10.637999534606934,1347,0.0,0.0
2024-10-07 13:11:00-04:00,10.635000228881836,10.635000228881836,10.635000228881836,10.635000228881836,100,0.0,0.0
2024-10-07 13:12:00-04:00,10.635000228881836,10.635000228881836,10.630000114440918,10.630000114440918,1199,0.0,0.0
2024-10-07 13:13:00-04:00,10.630000114440918,10.640000343322754,10.630000114440918,10.640000343322754,7317,0.0,0.0
2024-10-07 13:14:00-04:00,10.640000343322754,10.640000343322754,10.630999565124512,10.635000228881836,2189,0.0,0.0
2024-10-07 13:15:00-04:00,10.635000228881836,10.635000228881836,10.635000228881836,10.635000228881836,754,0.0,0.0
2024-10-07 13:16:00-04:00,10.635000228881836,10.635000228881836,10.631500244140625,10.635000228881836,1006,0.0,0.0
2024-10-07 13:17:00-04:00,10.635000228881836,10.640000343322754,10.635000228881836,10.636333465576172,1229,0.0,0.0
2024-10-07 13:18:00-04:00,10.635000228881836,10.640000343322754,10.635000228881836,10.640000343322754,480,0.0,0.0
2024-10-07 13:19:00-04:00,10.635000228881836,10.635000228881836,10.635000228881836,10.635000228881836,197,0.0,0.0
2024-10-07 13:20:00-04:00,10.635000228881836,10.635000228881836,10.635000228881836,10.635000228881836,105,0.0,0.0
2024-10-07 13:21:00-04:00,10.63010025024414,10.635000228881836,10.63010025024414,10.635000228881836,811,0.0,0.0
2024-10-07 13:22:00-04:00,10.635000228881836,10.640000343322754,10.635000228881836,10.640000343322754,264,0.0,0.0
2024-10-07 13:23:00-04:00,10.635000228881836,10.635000228881836,10.635000228881836,10.635000228881836,524,0.0,0.0
2024-10-07 13:24:00-04:00,10.63129997253418,10.63129997253418,10.63129997253418,10.63129997253418,587,0.0,0.0
2024-10-07 13:25:00-04:00,10.635000228881836,10.640000343322754,10.635000228881836,10.638199806213379,9007,0.0,0.0
2024-10-07 13:26:00-04:00,10.640000343322754,10.640000343322754,10.640000343322754,10.640000343322754,150,0.0,0.0
2024-10-07 13:27:00-04:00,10.635000228881836,10.65999984741211,10.635000228881836,10.65999984741211,10908,0.0,0.0
2024-10-07 13:28:00-04:00,10.65999984741211,10.65999984741211,10.65999984741211,10.65999984741211,159,0.0,0.0
2024-10-07 13:29:00-04:00,10.654999732971191,10.654999732971191,10.654999732971191,10.654999732971191,213,0.0,0.0
2024-10-07 13:30:00-04:00,10.654999732971191,10.654999732971191,10.649999618530273,10.654999732971191,2806,0.0,0.0
2024-10-07 13:31:00-04:00,10.654999732971191,10.654999732971191,10.654999732971191,10.654999732971191,940,0.0,0.0
2024-10-07 13:32:00-04:00,10.654999732971191,10.657899856567383,10.654999732971191,10.654999732971191,1170,0.0,0.0
2024-10-07 13:34:00-04:00,10.65999984741211,10.65999984741211,10.65999984741211,10.65999984741211,2041,0.0,0.0
2024-10-07 13:36:00-04:00,10.657999992370605,10.657999992370605,10.654999732971191,10.654999732971191,462,0.0,0.0
2024-10-07 13:37:00-04:00,10.654999732971191,10.654999732971191,10.654999732971191,10.654999732971191,778,0.0,0.0
2024-10-07 13:40:00-04:00,10.654999732971191,10.65999984741211,10.654999732971191,10.654999732971191,6769,0.0,0.0
2024-10-07 13:41:00-04:00,10.654999732971191,10.658499717712402,10.654999732971191,10.658499717712402,532,0.0,0.0
2024-10-07 13:42:00-04:00,10.65999984741211,10.65999984741211,10.65999984741211,10.65999984741211,100,0.0,0.0
2024-10-07 13:43:00-04:00,10.65999984741211,10.65999984741211,10.65999984741211,10.65999984741211,1086,0.0,0.0
2024-10-07 13:44:00-04:00,10.65999984741211,10.65999984741211,10.654999732971191,10.654999732971191,720,0.0,0.0
2024-10-07 13:46:00-04:00,10.65999984741211,10.65999984741211,10.654999732971191,10.65999984741211,2464,0.0,0.0
2024-10-07 13:47:00-04:00,10.654999732971191,10.65999984741211,10.654999732971191,10.65999984741211,320,0.0,0.0
2024-10-07 13:48:00-04:00,10.650099754333496,10.650099754333496,10.650099754333496,10.650099754333496,3543,0.0,0.0
2024-10-07 13:49:00-04:00,10.654999732971191,10.654999732971191,10.654999732971191,10.654999732971191,409,0.0,0.0
2024-10-07 13:50:00-04:00,10.652406692504883,10.65999984741211,10.652406692504883,10.654999732971191,4149,0.0,0.0
2024-10-07 13:51:00-04:00,10.65999984741211,10.65999984741211,10.654999732971191,10.654999732971191,1318,0.0,0.0
2024-10-07 13:52:00-04:00,10.654999732971191,10.65999984741211,10.649999618530273,10.654999732971191,9782,0.0,0.0
2024-10-07 13:54:00-04:00,10.654999732971191,10.65999984741211,10.654999732971191,10.65999984741211,863,0.0,0.0
2024-10-07 13:55:00-04:00,10.654999732971191,10.65999984741211,10.654999732971191,10.654999732971191,7481,0.0,0.0
2024-10-07 13:56:00-04:00,10.654999732971191,10.664999961853027,10.654999732971191,10.664999961853027,13047,0.0,0.0
2024-10-07 13:57:00-04:00,10.668600082397461,10.668600082397461,10.654999732971191,10.65999984741211,12923,0.0,0.0
2024-10-07 13:58:00-04:00,10.649999618530273,10.654999732971191,10.649999618530273,10.654999732971191,1177,0.0,0.0
2024-10-07 13:59:00-04:00,10.654999732971191,10.65999984741211,10.654999732971191,10.65999984741211,3775,0.0,0.0
2024-10-07 14:00:00-04:00,10.65999984741211,10.65999984741211,10.654999732971191,10.65999984741211,615,0.0,0.0
2024-10-07 14:01:00-04:00,10.65999984741211,10.65999984741211,10.649999618530273,10.654999732971191,2683,0.0,0.0
2024-10-07 14:02:00-04:00,10.654999732971191,10.65999984741211,10.649999618530273,10.654999732971191,16848,0.0,0.0
2024-10-07 14:04:00-04:00,10.654999732971191,10.654999732971191,10.654999732971191,10.654999732971191,3284,0.0,0.0
2024-10-07 14:06:00-04:00,10.654999732971191,10.654999732971191,10.649999618530273,10.650099754333496,813,0.0,0.0
2024-10-07 14:07:00-04:00,10.654999732971191,10.654999732971191,10.649999618530273,10.649999618530273,1400,0.0,0.0
2024-10-07 14:08:00-04:00,10.649999618530273,10.649999618530273,10.640000343322754,10.640000343322754,4694,0.0,0.0
2024-10-07 14:09:00-04:00,10.645000457763672,10.645000457763672,10.640000343322754,10.645000457763672,609,0.0,0.0
2024-10-07 14:10:00-04:00,10.645000457763672,10.645000457763672,10.645000457763672,10.645000457763672,917,0.0,0.0
2024-10-07 14:11:00-04:00,10.645000457763672,10.648500442504883,10.640000343322754,10.645000457763672,4646,0.0,0.0
2024-10-07 14:12:00-04:00,10.641300201416016,10.645000457763672,10.640000343322754,10.645000457763672,828,0.0,0.0
2024-10-07 14:14:00-04:00,10.640000343322754,10.640000343322754,10.640000343322754,10.640000343322754,422,0.0,0.0
2024-10-07 14:15:00-04:00,10.645000457763672,10.645000457763672,10.645000457763672,10.645000457763672,510,0.0,0.0
2024-10-07 14:16:00-04:00,10.640000343322754,10.640000343322754,10.640000343322754,10.640000343322754,8260,0.0,0.0
2024-10-07 14:17:00-04:00,10.630000114440918,10.635000228881836,10.630000114440918,10.635000228881836,724,0.0,0.0
2024-10-07 14:18:00-04:00,10.630000114440918,10.635000228881836,10.630000114440918,10.630000114440918,1261,0.0,0.0
2024-10-07 14:19:00-04:00,10.630000114440918,10.630000114440918,10.630000114440918,10.630000114440918,200,0.0,0.0
2024-10-07 14:20:00-04:00,10.635000228881836,10.635000228881836,10.630000114440918,10.630000114440918,671,0.0,0.0
2024-10-07 14:22:00-04:00,10.635000228881836,10.635000228881836,10.630000114440918,10.635000228881836,1997,0.0,0.0
2024-10-07 14:23:00-04:00,10.635000228881836,10.635000228881836,10.630000114440918,10.635000228881836,1349,0.0,0.0
2024-10-07 14:24:00-04:00,10.630000114440918,10.630000114440918,10.630000114440918,10.630000114440918,400,0.0,0.0
2024-10-07 14:25:00-04:00,10.630000114440918,10.630000114440918,10.630000114440918,10.630000114440918,391,0.0,0.0
2024-10-07 14:26:00-04:00,10.630000114440918,10.630000114440918,10.630000114440918,10.630000114440918,200,0.0,0.0
2024-10-07 14:27:00-04:00,10.635000228881836,10.639900207519531,10.630000114440918,10.639900207519531,2082,0.0,0.0
2024-10-07 14:28:00-04:00,10.630000114440918,10.635000228881836,10.630000114440918,10.630000114440918,623,0.0,0.0
2024-10-07 14:29:00-04:00,10.639900207519531,10.639900207519531,10.630000114440918,10.635000228881836,4265,0.0,0.0
2024-10-07 14:30:00-04:00,10.630000114440918,10.635000228881836,10.614999771118164,10.614999771118164,10102,0.0,0.0
2024-10-07 14:31:00-04:00,10.619999885559082,10.630000114440918,10.619999885559082,10.630000114440918,7123,0.0,0.0
2024-10-07 14:32:00-04:00,10.625,10.630000114440918,10.625,10.625,1448,0.0,0.0
2024-10-07 14:33:00-04:00,10.625,10.625,10.625,10.625,409,0.0,0.0
2024-10-07 14:34:00-04:00,10.630000114440918,10.630000114440918,10.619999885559082,10.625,3171,0.0,0.0
2024-10-07 14:36:00-04:00,10.625,10.630000114440918,10.625,10.630000114440918,452,0.0,0.0
2024-10-07 14:37:00-04:00,10.629899978637695,10.629899978637695,10.620100021362305,10.625,487,0.0,0.0
2024-10-07 14:38:00-04:00,10.628800392150879,10.630000114440918,10.628800392150879,10.630000114440918,239,0.0,0.0
2024-10-07 14:39:00-04:00,10.630000114440918,10.630000114440918,10.625,10.625,575,0.0,0.0
2024-10-07 14:41:00-04:00,10.630000114440918,10.630000114440918,10.620100021362305,10.620100021362305,1308,0.0,0.0
2024-10-07 14:42:00-04:00,10.623405456542969,10.630000114440918,10.623405456542969,10.625,1054,0.0,0.0
2024-10-07 14:43:00-04:00,10.625,10.629899978637695,10.625,10.625,1767,0.0,0.0
2024-10-07 14:44:00-04:00,10.625,10.625,10.619999885559082,10.625,988,0.0,0.0
2024-10-07 14:45:00-04:00,10.625,10.625,10.619999885559082,10.625,445,0.0,0.0
2024-10-07 14:46:00-04:00,10.619999885559082,10.625,10.609999656677246,10.609999656677246,5572,0.0,0.0
2024-10-07 14:47:00-04:00,10.604999542236328,10.604999542236328,10.604999542236328,10.604999542236328,6097,0.0,0.0
2024-10-07 14:48:00-04:00,10.609999656677246,10.609999656677246,10.604999542236328,10.604999542236328,8431,0.0,0.0
2024-10-07 14:50:00-04:00,10.604999542236328,10.609999656677246,10.602100372314453,10.604999542236328,2617,0.0,0.0
2024-10-07 14:52:00-04:00,10.604999542236328,10.604999542236328,10.604999542236328,10.604999542236328,25395,0.0,0.0
2024-10-07 14:53:00-04:00,10.604999542236328,10.604999542236328,10.600099563598633,10.604999542236328,2951,0.0,0.0
2024-10-07 14:54:00-04:00,10.604999542236328,10.604999542236328,10.604999542236328,10.604999542236328,4099,0.0,0.0
2024-10-07 14:55:00-04:00,10.604999542236328,10.604999542236328,10.604999542236328,10.604999542236328,274,0.0,0.0
2024-10-07 14:56:00-04:00,10.604999542236328,10.609999656677246,10.604999542236328,10.604999542236328,921,0.0,0.0
2024-10-07 14:57:00-04:00,10.609999656677246,10.609999656677246,10.609999656677246,10.609999656677246,100,0.0,0.0
2024-10-07 14:58:00-04:00,10.604999542236328,10.604999542236328,10.600099563598633,10.604999542236328,880,0.0,0.0
2024-10-07 14:59:00-04:00,10.604999542236328,10.604999542236328,10.604999542236328,10.604999542236328,505,0.0,0.0
2024-10-07 15:00:00-04:00,10.604999542236328,10.609999656677246,10.604999542236328,10.604999542236328,3692,0.0,0.0
2024-10-07 15:01:00-04:00,10.600000381469727,10.604999542236328,10.600000381469727,10.604999542236328,302,0.0,0.0
2024-10-07 15:03:00-04:00,10.604999542236328,10.609999656677246,10.604999542236328,10.604999542236328,1072,0.0,0.0
2024-10-07 15:04:00-04:00,10.604999542236328,10.604999542236328,10.604999542236328,10.604999542236328,301,0.0,0.0
2024-10-07 15:05:00-04:00,10.604999542236328,10.614999771118164,10.600099563598633,10.609999656677246,12409,0.0,0.0
2024-10-07 15:06:00-04:00,10.614999771118164,10.614999771118164,10.614999771118164,10.614999771118164,363,0.0,0.0
2024-10-07 15:07:00-04:00,10.616000175476074,10.618499755859375,10.616000175476074,10.618499755859375,479,0.0,0.0
2024-10-07 15:09:00-04:00,10.619999885559082,10.619999885559082,10.619999885559082,10.619999885559082,657,0.0,0.0
2024-10-07 15:12:00-04:00,10.614999771118164,10.619999885559082,10.614999771118164,10.619999885559082,1661,0.0,0.0
2024-10-07 15:13:00-04:00,10.619999885559082,10.619999885559082,10.614999771118164,10.614999771118164,1077,0.0,0.0
2024-10-07 15:14:00-04:00,10.614999771118164,10.614999771118164,10.614999771118164,10.614999771118164,151,0.0,0.0
2024-10-07 15:15:00-04:00,10.619999885559082,10.630000114440918,10.619999885559082,10.625,8044,0.0,0.0
2024-10-07 15:16:00-04:00,10.629899978637695,10.629899978637695,10.629899978637695,10.629899978637695,904,0.0,0.0
2024-10-07 15:17:00-04:00,10.625,10.625,10.625,10.625,560,0.0,0.0
2024-10-07 15:18:00-04:00,10.630000114440918,10.630000114440918,10.628800392150879,10.628800392150879,828,0.0,0.0
2024-10-07 15:19:00-04:00,10.625,10.629799842834473,10.625,10.628000259399414,1463,0.0,0.0
2024-10-07 15:20:00-04:00,10.630000114440918,10.630000114440918,10.625,10.630000114440918,9742,0.0,0.0
2024-10-07 15:21:00-04:00,10.621500015258789,10.625,10.621500015258789,10.625,498,0.0,0.0
2024-10-07 15:23:00-04:00,10.625,10.635000228881836,10.625,10.635000228881836,21450,0.0,0.0
2024-10-07 15:24:00-04:00,10.63010025024414,10.63010025024414,10.63010025024414,10.63010025024414,545,0.0,0.0
2024-10-07 15:25:00-04:00,10.630000114440918,10.635000228881836,10.630000114440918,10.635000228881836,5158,0.0,0.0
2024-10-07 15:26:00-04:00,10.635000228881836,10.640000343322754,10.635000228881836,10.635000228881836,1340,0.0,0.0
2024-10-07 15:28:00-04:00,10.635000228881836,10.635000228881836,10.635000228881836,10.635000228881836,603,0.0,0.0
2024-10-07 15:29:00-04:00,10.630000114440918,10.635000228881836,10.630000114440918,10.635000228881836,1233,0.0,0.0
2024-10-07 15:30:00-04:00,10.630000114440918,10.630000114440918,10.630000114440918,10.630000114440918,237,0.0,0.0
2024-10-07 15:32:00-04:00,10.635000228881836,10.635000228881836,10.630000114440918,10.630000114440918,4290,0.0,0.0
2024-10-07 15:33:00-04:00,10.630000114440918,10.630000114440918,10.630000114440918,10.630000114440918,198,0.0,0.0
2024-10-07 15:34:00-04:00,10.629899978637695,10.630000114440918,10.621299743652344,10.630000114440918,1557,0.0,0.0
2024-10-07 15:35:00-04:00,10.625,10.630000114440918,10.619999885559082,10.625,1838,0.0,0.0
2024-10-07 15:36:00-04:00,10.619999885559082,10.625,10.619999885559082,10.625,1216,0.0,0.0
2024-10-07 15:37:00-04:00,10.625,10.625,10.625,10.625,277,0.0,0.0
2024-10-07 15:38:00-04:00,10.625,10.629899978637695,10.625,10.625,1049,0.0,0.0
2024-10-07 15:39:00-04:00,10.625,10.625,10.625,10.625,300,0.0,0.0
2024-10-07 15:40:00-04:00,10.625,10.628800392150879,10.625,10.625,820,0.0,0.0
2024-10-07 15:41:00-04:00,10.625,10.625,10.614999771118164,10.614999771118164,16720,0.0,0.0
2024-10-07 15:42:00-04:00,10.614999771118164,10.614999771118164,10.614999771118164,10.614999771118164,129,0.0,0.0
2024-10-07 15:43:00-04:00,10.614999771118164,10.619999885559082,10.614999771118164,10.619999885559082,723,0.0,0.0
2024-10-07 15:44:00-04:00,10.614999771118164,10.625,10.614999771118164,10.614999771118164,23039,0.0,0.0
2024-10-07 15:45:00-04:00,10.619999885559082,10.619999885559082,10.614999771118164,10.619999885559082,5276,0.0,0.0
2024-10-07 15:46:00-04:00,10.619999885559082,10.619999885559082,10.614999771118164,10.614999771118164,2053,0.0,0.0
2024-10-07 15:47:00-04:00,10.614999771118164,10.614999771118164,10.614999771118164,10.614999771118164,1448,0.0,0.0
2024-10-07 15:48:00-04:00,10.614999771118164,10.614999771118164,10.614999771118164,10.614999771118164,712,0.0,0.0
2024-10-07 15:49:00-04:00,10.619999885559082,10.619999885559082,10.614999771118164,10.619999885559082,1064,0.0,0.0
2024-10-07 15:50:00-04:00,10.619999885559082,10.625,10.614999771118164,10.614999771118164,17703,0.0,0.0
2024-10-07 15:51:00-04:00,10.614999771118164,10.619999885559082,10.614999771118164,10.614999771118164,1853,0.0,0.0
2024-10-07 15:52:00-04:00,10.619600296020508,10.619999885559082,10.614999771118164,10.614999771118164,2530,0.0,0.0
2024-10-07 15:53:00-04:00,10.619999885559082,10.619999885559082,10.614999771118164,10.614999771118164,1614,0.0,0.0
2024-10-07 15:55:00-04:00,10.614999771118164,10.614999771118164,10.609999656677246,10.609999656677246,16993,0.0,0.0
2024-10-07 15:56:00-04:00,10.609999656677246,10.614999771118164,10.609999656677246,10.609999656677246,4347,0.0,0.0
2024-10-07 15:57:00-04:00,10.609999656677246,10.619000434875488,10.609999656677246,10.609999656677246,5729,0.0,0.0
2024-10-07 15:58:00-04:00,10.614999771118164,10.625,10.609999656677246,10.625,18084,0.0,0.0
2024-10-07 15:59:00-04:00,10.625,10.630000114440918,10.619999885559082,10.625,15864,0.0,0.0
2024-10-08 09:30:00-04:00,10.5,10.510000228881836,10.5,10.5,32920,0.0,0.0
2024-10-08 09:31:00-04:00,10.505000114440918,10.510000228881836,10.5,10.505000114440918,20899,0.0,0.0
2024-10-08 09:32:00-04:00,10.505000114440918,10.505000114440918,10.5,10.5,5956,0.0,0.0
2024-10-08 09:33:00-04:00,10.5,10.5,10.489999771118164,10.494999885559082,5455,0.0,0.0
2024-10-08 09:34:00-04:00,10.494999885559082,10.498600006103516,10.479999542236328,10.484999656677246,1634,0.0,0.0
2024-10-08 09:35:00-04:00,10.484999656677246,10.489999771118164,10.479999542236328,10.479999542236328,26450,0.0,0.0
2024-10-08 09:36:00-04:00,10.484999656677246,10.48859977722168,10.479999542236328,10.484999656677246,4431,0.0,0.0
2024-10-08 09:37:00-04:00,10.489700317382812,10.489700317382812,10.484999656677246,10.484999656677246,306,0.0,0.0
2024-10-08 09:38:00-04:00,10.484999656677246,10.484999656677246,10.484999656677246,10.484999656677246,979,0.0,0.0
2024-10-08 09:39:00-04:00,10.488900184631348,10.489999771118164,10.484999656677246,10.484999656677246,11446,0.0,0.0
2024-10-08 09:41:00-04:00,10.484999656677246,10.484999656677246,10.48009967803955,10.48009967803955,202,0.0,0.0
2024-10-08 09:42:00-04:00,10.484999656677246,10.484999656677246,10.484999656677246,10.484999656677246,189,0.0,0.0
2024-10-08 09:44:00-04:00,10.479999542236328,10.48009967803955,10.479999542236328,10.479999542236328,512,0.0,0.0
2024-10-08 09:45:00-04:00,10.479999542236328,10.479999542236328,10.470000267028809,10.475000381469727,3455,0.0,0.0
2024-10-08 09:47:00-04:00,10.475000381469727,10.475000381469727,10.475000381469727,10.475000381469727,589,0.0,0.0
2024-10-08 09:49:00-04:00,10.479999542236328,10.484999656677246,10.479999542236328,10.484999656677246,2498,0.0,0.0
2024-10-08 09:50:00-04:00,10.479999542236328,10.484999656677246,10.479999542236328,10.479999542236328,548,0.0,0.0
2024-10-08 09:51:00-04:00,10.479999542236328,10.479999542236328,10.479999542236328,10.479999542236328,3690,0.0,0.0
2024-10-08 09:52:00-04:00,10.475000381469727,10.475000381469727,10.475000381469727,10.475000381469727,1007,0.0,0.0
2024-10-08 09:53:00-04:00,10.475000381469727,10.475000381469727,10.475000381469727,10.475000381469727,2385,0.0,0.0
2024-10-08 09:54:00-04:00,10.479999542236328,10.479999542236328,10.47130012512207,10.475000381469727,6959,0.0,0.0
2024-10-08 09:55:00-04:00,10.479999542236328,10.479999542236328,10.47130012512207,10.479999542236328,2601,0.0,0.0
2024-10-08 09:56:00-04:00,10.475000381469727,10.479999542236328,10.475000381469727,10.479999542236328,465,0.0,0.0
2024-10-08 09:58:00-04:00,10.479999542236328,10.479999542236328,10.479999542236328,10.479999542236328,1667,0.0,0.0
2024-10-08 10:00:00-04:00,10.484999656677246,10.486000061035156,10.479999542236328,10.484999656677246,2726,0.0,0.0
2024-10-08 10:01:00-04:00,10.479999542236328,10.484999656677246,10.475000381469727,10.475000381469727,3824,0.0,0.0
2024-10-08 10:02:00-04:00,10.475000381469727,10.475000381469727,10.475000381469727,10.475000381469727,145,0.0,0.0
2024-10-08 10:03:00-04:00,10.475000381469727,10.475000381469727,10.470000267028809,10.470000267028809,1387,0.0,0.0
2024-10-08 10:04:00-04:00,10.475000381469727,10.475000381469727,10.475000381469727,10.475000381469727,1135,0.0,0.0
2024-10-08 10:05:00-04:00,10.479999542236328,10.479999542236328,10.475000381469727,10.475000381469727,4865,0.0,0.0
2024-10-08 10:06:00-04:00,10.475000381469727,10.475000381469727,10.475000381469727,10.475000381469727,415,0.0,0.0
2024-10-08 10:07:00-04:00,10.475000381469727,10.475000381469727,10.475000381469727,10.475000381469727,468,0.0,0.0
2024-10-08 10:08:00-04:00,10.475000381469727,10.475000381469727,10.470000267028809,10.470000267028809,4473,0.0,0.0
2024-10-08 10:09:00-04:00,10.46500015258789,10.470000267028809,10.46500015258789,10.46560001373291,973,0.0,0.0
2024-10-08 10:11:00-04:00,10.460000038146973,10.46500015258789,10.460000038146973,10.460000038146973,1622,0.0,0.0
2024-10-08 10:12:00-04:00,10.454999923706055,10.454999923706055,10.454999923706055,10.454999923706055,286,0.0,0.0
2024-10-08 10:13:00-04:00,10.460000038146973,10.46500015258789,10.460000038146973,10.46500015258789,7300,0.0,0.0
2024-10-08 10:16:00-04:00,10.46500015258789,10.46500015258789,10.46500015258789,10.46500015258789,4215,0.0,0.0
2024-10-08 10:17:00-04:00,10.46500015258789,10.46500015258789,10.46500015258789,10.46500015258789,723,0.0,0.0
2024-10-08 10:18:00-04:00,10.470000267028809,10.475000381469727,10.470000267028809,10.470000267028809,4639,0.0,0.0
2024-10-08 10:19:00-04:00,10.475000381469727,10.475000381469727,10.470000267028809,10.470000267028809,695,0.0,0.0
2024-10-08 10:20:00-04:00,10.484999656677246,10.484999656677246,10.48009967803955,10.48009967803955,402,0.0,0.0
2024-10-08 10:21:00-04:00,10.479999542236328,10.479999542236328,10.475000381469727,10.475000381469727,3235,0.0,0.0
2024-10-08 10:23:00-04:00,10.479999542236328,10.479999542236328,10.475000381469727,10.475000381469727,670,0.0,0.0
2024-10-08 10:24:00-04:00,10.475000381469727,10.475000381469727,10.470000267028809,10.470000267028809,366,0.0,0.0
2024-10-08 10:25:00-04:00,10.47599983215332,10.47599983215332,10.47599983215332,10.47599983215332,352,0.0,0.0
2024-10-08 10:26:00-04:00,10.470000267028809,10.470000267028809,10.470000267028809,10.470000267028809,1573,0.0,0.0
2024-10-08 10:27:00-04:00,10.470000267028809,10.470000267028809,10.46500015258789,10.46500015258789,2935,0.0,0.0
2024-10-08 10:28:00-04:00,10.469400405883789,10.470000267028809,10.46500015258789,10.470000267028809,6675,0.0,0.0
2024-10-08 10:29:00-04:00,10.479999542236328,10.479999542236328,10.479999542236328,10.479999542236328,1031,0.0,0.0
2024-10-08 10:30:00-04:00,10.475000381469727,10.475000381469727,10.475000381469727,10.475000381469727,104,0.0,0.0
2024-10-08 10:31:00-04:00,10.478699684143066,10.479999542236328,10.478699684143066,10.479999542236328,1086,0.0,0.0
2024-10-08 10:32:00-04:00,10.475000381469727,10.475000381469727,10.475000381469727,10.475000381469727,597,0.0,0.0
2024-10-08 10:33:00-04:00,10.475000381469727,10.475000381469727,10.470000267028809,10.475000381469727,611,0.0,0.0
2024-10-08 10:34:00-04:00,10.470000267028809,10.475000381469727,10.470000267028809,10.475000381469727,334,0.0,0.0
2024-10-08 10:35:00-04:00,10.475000381469727,10.475000381469727,10.460000038146973,10.460000038146973,18106,0.0,0.0
2024-10-08 10:36:00-04:00,10.460000038146973,10.469900131225586,10.460000038146973,10.46500015258789,1248,0.0,0.0
2024-10-08 10:37:00-04:00,10.46500015258789,10.470000267028809,10.46500015258789,10.46500015258789,1004,0.0,0.0
2024-10-08 10:38:00-04:00,10.46500015258789,10.470000267028809,10.46500015258789,10.470000267028809,221,0.0,0.0
2024-10-08 10:39:00-04:00,10.470000267028809,10.479900360107422,10.46500015258789,10.46500015258789,8210,0.0,0.0
2024-10-08 10:40:00-04:00,10.46500015258789,10.46500015258789,10.46500015258789,10.46500015258789,789,0.0,0.0
2024-10-08 10:41:00-04:00,10.46500015258789,10.470000267028809,10.460000038146973,10.470000267028809,2449,0.0,0.0
2024-10-08 10:42:00-04:00,10.46500015258789,10.475000381469727,10.46500015258789,10.475000381469727,9437,0.0,0.0
2024-10-08 10:43:00-04:00,10.475000381469727,10.475000381469727,10.460000038146973,10.46500015258789,6135,0.0,0.0
2024-10-08 10:44:00-04:00,10.470000267028809,10.475000381469727,10.470000267028809,10.475000381469727,1965,0.0,0.0
2024-10-08 10:45:00-04:00,10.479999542236328,10.479999542236328,10.470000267028809,10.478799819946289,2707,0.0,0.0
2024-10-08 10:47:00-04:00,10.479999542236328,10.489999771118164,10.475000381469727,10.489999771118164,2765,0.0,0.0
2024-10-08 10:49:00-04:00,10.489999771118164,10.489999771118164,10.482500076293945,10.484999656677246,5633,0.0,0.0
2024-10-08 10:50:00-04:00,10.484999656677246,10.484999656677246,10.484999656677246,10.484999656677246,586,0.0,0.0
2024-10-08 10:51:00-04:00,10.4891996383667,10.489999771118164,10.484999656677246,10.489999771118164,2652,0.0,0.0
2024-10-08 10:52:00-04:00,10.481300354003906,10.484999656677246,10.479999542236328,10.484999656677246,1067,0.0,0.0
2024-10-08 10:53:00-04:00,10.479999542236328,10.484999656677246,10.479999542236328,10.484999656677246,371,0.0,0.0
2024-10-08 10:54:00-04:00,10.479999542236328,10.479999542236328,10.475000381469727,10.475000381469727,2193,0.0,0.0
2024-10-08 10:55:00-04:00,10.479999542236328,10.484999656677246,10.479999542236328,10.484999656677246,5799,0.0,0.0
2024-10-08 10:56:00-04:00,10.484999656677246,10.484999656677246,10.479999542236328,10.479999542236328,712,0.0,0.0
2024-10-08 10:57:00-04:00,10.484999656677246,10.484999656677246,10.484999656677246,10.484999656677246,166,0.0,0.0
2024-10-08 10:58:00-04:00,10.489899635314941,10.5,10.489899635314941,10.494999885559082,2962,0.0,0.0
2024-10-08 10:59:00-04:00,10.5,10.5,10.494999885559082,10.494999885559082,4833,0.0,0.0
2024-10-08 11:00:00-04:00,10.5,10.5,10.5,10.5,472,0.0,0.0
2024-10-08 11:01:00-04:00,10.5,10.5,10.5,10.5,634,0.0,0.0
2024-10-08 11:03:00-04:00,10.5,10.505000114440918,10.5,10.505000114440918,4446,0.0,0.0
2024-10-08 11:04:00-04:00,10.5,10.505000114440918,10.5,10.505000114440918,801,0.0,0.0
2024-10-08 11:05:00-04:00,10.505000114440918,10.505000114440918,10.505000114440918,10.505000114440918,378,0.0,0.0
2024-10-08 11:06:00-04:00,10.505000114440918,10.505000114440918,10.5,10.505000114440918,798,0.0,0.0
2024-10-08 11:07:00-04:00,10.5,10.505000114440918,10.494999885559082,10.494999885559082,5110,0.0,0.0
2024-10-08 11:08:00-04:00,10.491299629211426,10.494999885559082,10.491299629211426,10.494999885559082,1166,0.0,0.0
2024-10-08 11:09:00-04:00,10.489999771118164,10.489999771118164,10.489999771118164,10.489999771118164,708,0.0,0.0
2024-10-08 11:10:00-04:00,10.494999885559082,10.494999885559082,10.494999885559082,10.494999885559082,209,0.0,0.0
2024-10-08 11:11:00-04:00,10.494999885559082,10.494999885559082,10.484999656677246,10.484999656677246,5424,0.0,0.0
2024-10-08 11:13:00-04:00,10.484999656677246,10.484999656677246,10.484999656677246,10.484999656677246,520,0.0,0.0
2024-10-08 11:14:00-04:00,10.489999771118164,10.489999771118164,10.489999771118164,10.489999771118164,416,0.0,0.0
2024-10-08 11:15:00-04:00,10.479999542236328,10.489999771118164,10.479999542236328,10.484999656677246,775,0.0,0.0
2024-10-08 11:16:00-04:00,10.479999542236328,10.489999771118164,10.479999542236328,10.484999656677246,615,0.0,0.0
2024-10-08 11:17:00-04:00,10.489999771118164,10.489999771118164,10.489999771118164,10.489999771118164,1009,0.0,0.0
2024-10-08 11:18:00-04:00,10.494999885559082,10.5,10.494999885559082,10.5,418,0.0,0.0
2024-10-08 11:19:00-04:00,10.489999771118164,10.494999885559082,10.489999771118164,10.494999885559082,809,0.0,0.0
2024-10-08 11:20:00-04:00,10.489999771118164,10.491499900817871,10.484999656677246,10.484999656677246,5160,0.0,0.0
2024-10-08 11:21:00-04:00,10.484999656677246,10.484999656677246,10.48009967803955,10.481499671936035,9209,0.0,0.0
2024-10-08 11:22:00-04:00,10.484999656677246,10.494999885559082,10.482099533081055,10.489999771118164,3151,0.0,0.0
2024-10-08 11:24:00-04:00,10.494999885559082,10.494999885559082,10.489999771118164,10.489999771118164,1621,0.0,0.0
2024-10-08 11:25:00-04:00,10.484999656677246,10.484999656677246,10.484999656677246,10.484999656677246,499,0.0,0.0
2024-10-08 11:28:00-04:00,10.488900184631348,10.488900184631348,10.488900184631348,10.488900184631348,564,0.0,0.0
2024-10-08 11:29:00-04:00,10.48009967803955,10.48009967803955,10.475000381469727,10.475000381469727,1542,0.0,0.0
2024-10-08 11:30:00-04:00,10.479999542236328,10.484999656677246,10.475000381469727,10.484999656677246,5671,0.0,0.0
2024-10-08 11:32:00-04:00,10.484000205993652,10.484000205993652,10.484000205993652,10.484000205993652,621,0.0,0.0
2024-10-08 11:33:00-04:00,10.484999656677246,10.484999656677246,10.484999656677246,10.484999656677246,791,0.0,0.0
2024-10-08 11:34:00-04:00,10.484999656677246,10.494999885559082,10.484999656677246,10.494999885559082,11444,0.0,0.0
2024-10-08 11:35:00-04:00,10.5,10.515000343322754,10.5,10.515000343322754,17791,0.0,0.0
2024-10-08 11:36:00-04:00,10.515000343322754,10.51990032196045,10.515000343322754,10.515000343322754,10647,0.0,0.0
2024-10-08 11:37:00-04:00,10.515000343322754,10.515000343322754,10.515000343322754,10.515000343322754,206,0.0,0.0
2024-10-08 11:38:00-04:00,10.515000343322754,10.515000343322754,10.511500358581543,10.511500358581543,539,0.0,0.0
2024-10-08 11:39:00-04:00,10.520000457763672,10.520000457763672,10.520000457763672,10.520000457763672,101,0.0,0.0
2024-10-08 11:40:00-04:00,10.515000343322754,10.515000343322754,10.512100219726562,10.512100219726562,1851,0.0,0.0
2024-10-08 11:41:00-04:00,10.510000228881836,10.515000343322754,10.510000228881836,10.515000343322754,1182,0.0,0.0
2024-10-08 11:44:00-04:00,10.519800186157227,10.519800186157227,10.510000228881836,10.515000343322754,3458,0.0,0.0
2024-10-08 11:45:00-04:00,10.520000457763672,10.520000457763672,10.510000228881836,10.510000228881836,2165,0.0,0.0
2024-10-08 11:46:00-04:00,10.510000228881836,10.510000228881836,10.510000228881836,10.510000228881836,292,0.0,0.0
2024-10-08 11:47:00-04:00,10.510000228881836,10.515000343322754,10.510000228881836,10.515000343322754,342,0.0,0.0
2024-10-08 11:48:00-04:00,10.510000228881836,10.510000228881836,10.510000228881836,10.510000228881836,318,0.0,0.0
2024-10-08 11:50:00-04:00,10.510000228881836,10.520000457763672,10.510000228881836,10.515000343322754,8427,0.0,0.0
2024-10-08 11:51:00-04:00,10.515000343322754,10.515000343322754,10.515000343322754,10.515000343322754,536,0.0,0.0
2024-10-08 11:52:00-04:00,10.520000457763672,10.520000457763672,10.520000457763672,10.520000457763672,1102,0.0,0.0
2024-10-08 11:53:00-04:00,10.515000343322754,10.520000457763672,10.515000343322754,10.515000343322754,2011,0.0,0.0
2024-10-08 11:54:00-04:00,10.515000343322754,10.515000343322754,10.515000343322754,10.515000343322754,207,0.0,0.0
2024-10-08 11:55:00-04:00,10.515000343322754,10.515000343322754,10.515000343322754,10.515000343322754,277,0.0,0.0
2024-10-08 11:56:00-04:00,10.515000343322754,10.520000457763672,10.515000343322754,10.520000457763672,250,0.0,0.0
2024-10-08 11:57:00-04:00,10.51990032196045,10.51990032196045,10.510000228881836,10.515000343322754,2230,0.0,0.0
2024-10-08 11:58:00-04:00,10.515000343322754,10.529999732971191,10.515000343322754,10.524999618530273,12652,0.0,0.0
2024-10-08 11:59:00-04:00,10.524999618530273,10.529899597167969,10.524999618530273,10.529899597167969,2673,0.0,0.0
2024-10-08 12:01:00-04:00,10.520000457763672,10.524999618530273,10.520000457763672,10.520000457763672,311,0.0,0.0
2024-10-08 12:02:00-04:00,10.524999618530273,10.52910041809082,10.522500038146973,10.522500038146973,706,0.0,0.0
2024-10-08 12:03:00-04:00,10.525300025939941,10.525300025939941,10.520000457763672,10.520000457763672,2586,0.0,0.0
2024-10-08 12:05:00-04:00,10.522500038146973,10.524999618530273,10.520000457763672,10.524999618530273,857,0.0,0.0
2024-10-08 12:06:00-04:00,10.524999618530273,10.524999618530273,10.515000343322754,10.515000343322754,4563,0.0,0.0
2024-10-08 12:07:00-04:00,10.515000343322754,10.515000343322754,10.515000343322754,10.515000343322754,584,0.0,0.0
2024-10-08 12:08:00-04:00,10.512100219726562,10.515000343322754,10.512100219726562,10.515000343322754,784,0.0,0.0
2024-10-08 12:10:00-04:00,10.520000457763672,10.520000457763672,10.520000457763672,10.520000457763672,582,0.0,0.0
2024-10-08 12:11:00-04:00,10.51140022277832,10.51140022277832,10.51140022277832,10.51140022277832,253,0.0,0.0
2024-10-08 12:12:00-04:00,10.515000343322754,10.520000457763672,10.511500358581543,10.520000457763672,2744,0.0,0.0
2024-10-08 12:13:00-04:00,10.520000457763672,10.520000457763672,10.520000457763672,10.520000457763672,272,0.0,0.0
2024-10-08 12:14:00-04:00,10.520000457763672,10.524999618530273,10.520000457763672,10.524999618530273,754,0.0,0.0
2024-10-08 12:16:00-04:00,10.524999618530273,10.52910041809082,10.524999618530273,10.52910041809082,820,0.0,0.0
2024-10-08 12:17:00-04:00,10.524999618530273,10.524999618530273,10.524999618530273,10.524999618530273,950,0.0,0.0
2024-10-08 12:18:00-04:00,10.524999618530273,10.524999618530273,10.524999618530273,10.524999618530273,1793,0.0,0.0
2024-10-08 12:19:00-04:00,10.529999732971191,10.529999732971191,10.529999732971191,10.529999732971191,164,0.0,0.0
2024-10-08 12:20:00-04:00,10.529899597167969,10.529999732971191,10.529899597167969,10.529999732971191,1278,0.0,0.0
2024-10-08 12:21:00-04:00,10.524999618530273,10.526164054870605,10.524999618530273,10.526164054870605,1465,0.0,0.0
2024-10-08 12:22:00-04:00,10.524999618530273,10.524999618530273,10.524999618530273,10.524999618530273,375,0.0,0.0
2024-10-08 12:23:00-04:00,10.524999618530273,10.529999732971191,10.524999618530273,10.529999732971191,1275,0.0,0.0
2024-10-08 12:25:00-04:00,10.529999732971191,10.529999732971191,10.529999732971191,10.529999732971191,120,0.0,0.0
2024-10-08 12:26:00-04:00,10.529999732971191,10.529999732971191,10.529999732971191,10.529999732971191,152,0.0,0.0
2024-10-08 12:27:00-04:00,10.524999618530273,10.524999618530273,10.524999618530273,10.524999618530273,564,0.0,0.0
2024-10-08 12:29:00-04:00,10.524999618530273,10.524999618530273,10.524999618530273,10.524999618530273,3151,0.0,0.0
2024-10-08 12:30:00-04:00,10.521499633789062,10.524999618530273,10.520000457763672,10.520000457763672,3821,0.0,0.0
2024-10-08 12:31:00-04:00,10.526700019836426,10.526700019836426,10.520000457763672,10.520000457763672,997,0.0,0.0
2024-10-08 12:32:00-04:00,10.520000457763672,10.520000457763672,10.520000457763672,10.520000457763672,179,0.0,0.0
2024-10-08 12:33:00-04:00,10.524999618530273,10.524999618530273,10.524999618530273,10.524999618530273,126,0.0,0.0
2024-10-08 12:34:00-04:00,10.524999618530273,10.529999732971191,10.524999618530273,10.524999618530273,865,0.0,0.0
2024-10-08 12:35:00-04:00,10.524999618530273,10.524999618530273,10.524999618530273,10.524999618530273,339,0.0,0.0
2024-10-08 12:36:00-04:00,10.520000457763672,10.529999732971191,10.520000457763672,10.529999732971191,494,0.0,0.0
2024-10-08 12:37:00-04:00,10.529999732971191,10.529999732971191,10.529999732971191,10.529999732971191,155,0.0,0.0
2024-10-08 12:38:00-04:00,10.529999732971191,10.529999732971191,10.520000457763672,10.524999618530273,342,0.0,0.0
2024-10-08 12:39:00-04:00,10.520000457763672,10.520000457763672,10.520000457763672,10.520000457763672,138,0.0,0.0
2024-10-08 12:40:00-04:00,10.521100044250488,10.521100044250488,10.521100044250488,10.521100044250488,373,0.0,0.0
2024-10-08 12:41:00-04:00,10.520000457763672,10.524999618530273,10.520000457763672,10.520000457763672,724,0.0,0.0
2024-10-08 12:42:00-04:00,10.524999618530273,10.529999732971191,10.524999618530273,10.524999618530273,1300,0.0,0.0
2024-10-08 12:43:00-04:00,10.524999618530273,10.527999877929688,10.524999618530273,10.527999877929688,368,0.0,0.0
2024-10-08 12:44:00-04:00,10.520000457763672,10.520000457763672,10.520000457763672,10.520000457763672,244,0.0,0.0
2024-10-08 12:45:00-04:00,10.525300025939941,10.525300025939941,10.524999618530273,10.524999618530273,2367,0.0,0.0
2024-10-08 12:46:00-04:00,10.524999618530273,10.529999732971191,10.524999618530273,10.529999732971191,421,0.0,0.0
2024-10-08 12:47:00-04:00,10.524999618530273,10.524999618530273,10.520000457763672,10.520000457763672,271,0.0,0.0
2024-10-08 12:48:00-04:00,10.524999618530273,10.524999618530273,10.515000343322754,10.515000343322754,6692,0.0,0.0
2024-10-08 12:49:00-04:00,10.515000343322754,10.515000343322754,10.515000343322754,10.515000343322754,1186,0.0,0.0
2024-10-08 12:50:00-04:00,10.515000343322754,10.515000343322754,10.515000343322754,10.515000343322754,379,0.0,0.0
2024-10-08 12:52:00-04:00,10.515000343322754,10.515000343322754,10.515000343322754,10.515000343322754,668,0.0,0.0
2024-10-08 12:53:00-04:00,10.515000343322754,10.515000343322754,10.515000343322754,10.515000343322754,577,0.0,0.0
2024-10-08 12:54:00-04:00,10.515000343322754,10.515000343322754,10.515000343322754,10.515000343322754,2860,0.0,0.0
2024-10-08 12:55:00-04:00,10.515000343322754,10.515000343322754,10.515000343322754,10.515000343322754,1046,0.0,0.0
2024-10-08 12:56:00-04:00,10.520000457763672,10.520000457763672,10.515000343322754,10.515000343322754,443,0.0,0.0
2024-10-08 12:58:00-04:00,10.520000457763672,10.520000457763672,10.520000457763672,10.520000457763672,388,0.0,0.0
2024-10-08 13:01:00-04:00,10.515000343322754,10.520000457763672,10.515000343322754,10.520000457763672,264,0.0,0.0
2024-10-08 13:02:00-04:00,10.515000343322754,10.515000343322754,10.515000343322754,10.515000343322754,304,0.0,0.0
2024-10-08 13:04:00-04:00,10.510000228881836,10.520000457763672,10.510000228881836,10.515000343322754,1783,0.0,0.0
2024-10-08 13:05:00-04:00,10.518400192260742,10.518400192260742,10.513999938964844,10.515000343322754,923,0.0,0.0
2024-10-08 13:06:00-04:00,10.511300086975098,10.515000343322754,10.510000228881836,10.515000343322754,1332,0.0,0.0
2024-10-08 13:07:00-04:00,10.510000228881836,10.515000343322754,10.510000228881836,10.515000343322754,820,0.0,0.0
2024-10-08 13:08:00-04:00,10.510000228881836,10.510000228881836,10.510000228881836,10.510000228881836,669,0.0,0.0
2024-10-08 13:09:00-04:00,10.510000228881836,10.510000228881836,10.505000114440918,10.505000114440918,1684,0.0,0.0
2024-10-08 13:11:00-04:00,10.509400367736816,10.509400367736816,10.505000114440918,10.505000114440918,2226,0.0,0.0
2024-10-08 13:12:00-04:00,10.509900093078613,10.510000228881836,10.509900093078613,10.510000228881836,402,0.0,0.0
2024-10-08 13:13:00-04:00,10.510000228881836,10.524999618530273,10.510000228881836,10.524999618530273,8554,0.0,0.0
2024-10-08 13:14:00-04:00,10.520000457763672,10.520000457763672,10.520000457763672,10.520000457763672,243,0.0,0.0
2024-10-08 13:15:00-04:00,10.520000457763672,10.520000457763672,10.520000457763672,10.520000457763672,983,0.0,0.0
2024-10-08 13:16:00-04:00,10.515000343322754,10.515000343322754,10.510000228881836,10.510000228881836,509,0.0,0.0
2024-10-08 13:17:00-04:00,10.510000228881836,10.510000228881836,10.510000228881836,10.510000228881836,393,0.0,0.0
2024-10-08 13:20:00-04:00,10.510000228881836,10.510000228881836,10.510000228881836,10.510000228881836,279,0.0,0.0
2024-10-08 13:21:00-04:00,10.515000343322754,10.518500328063965,10.515000343322754,10.517499923706055,1490,0.0,0.0
2024-10-08 13:22:00-04:00,10.515000343322754,10.520000457763672,10.510000228881836,10.515000343322754,865,0.0,0.0
2024-10-08 13:23:00-04:00,10.515000343322754,10.520000457763672,10.510000228881836,10.520000457763672,16971,0.0,0.0
2024-10-08 13:24:00-04:00,10.529999732971191,10.539999961853027,10.529999732971191,10.53499984741211,5466,0.0,0.0
2024-10-08 13:25:00-04:00,10.538900375366211,10.539999961853027,10.53499984741211,10.539999961853027,1076,0.0,0.0
2024-10-08 13:26:00-04:00,10.53499984741211,10.53499984741211,10.53499984741211,10.53499984741211,611,0.0,0.0
2024-10-08 13:27:00-04:00,10.539999961853027,10.539999961853027,10.539999961853027,10.539999961853027,303,0.0,0.0
2024-10-08 13:28:00-04:00,10.531000137329102,10.531000137329102,10.531000137329102,10.531000137329102,353,0.0,0.0
2024-10-08 13:29:00-04:00,10.531299591064453,10.531299591064453,10.529999732971191,10.529999732971191,1631,0.0,0.0
2024-10-08 13:30:00-04:00,10.529999732971191,10.53499984741211,10.529999732971191,10.529999732971191,554,0.0,0.0
2024-10-08 13:31:00-04:00,10.53499984741211,10.53499984741211,10.53499984741211,10.53499984741211,136,0.0,0.0
2024-10-08 13:32:00-04:00,10.529999732971191,10.529999732971191,10.529999732971191,10.529999732971191,128,0.0,0.0
2024-10-08 13:33:00-04:00,10.529999732971191,10.529999732971191,10.529999732971191,10.529999732971191,965,0.0,0.0
2024-10-08 13:34:00-04:00,10.529999732971191,10.529999732971191,10.529999732971191,10.529999732971191,605,0.0,0.0
2024-10-08 13:35:00-04:00,10.529999732971191,10.529999732971191,10.529999732971191,10.529999732971191,451,0.0,0.0
2024-10-08 13:36:00-04:00,10.529999732971191,10.529999732971191,10.529999732971191,10.529999732971191,606,0.0,0.0
2024-10-08 13:37:00-04:00,10.529999732971191,10.529999732971191,10.529999732971191,10.529999732971191,174,0.0,0.0
2024-10-08 13:38:00-04:00,10.529999732971191,10.529999732971191,10.529999732971191,10.529999732971191,358,0.0,0.0
2024-10-08 13:39:00-04:00,10.53499984741211,10.53499984741211,10.529999732971191,10.529999732971191,518,0.0,0.0
2024-10-08 13:40:00-04:00,10.529999732971191,10.53499984741211,10.529999732971191,10.529999732971191,886,0.0,0.0
2024-10-08 13:41:00-04:00,10.529999732971191,10.529999732971191,10.529999732971191,10.529999732971191,405,0.0,0.0
2024-10-08 13:42:00-04:00,10.53499984741211,10.53499984741211,10.529999732971191,10.529999732971191,555,0.0,0.0
2024-10-08 13:43:00-04:00,10.53499984741211,10.53499984741211,10.529999732971191,10.529999732971191,697,0.0,0.0
2024-10-08 13:44:00-04:00,10.53499984741211,10.53499984741211,10.529999732971191,10.53499984741211,5291,0.0,0.0
2024-10-08 13:45:00-04:00,10.529999732971191,10.53499984741211,10.529999732971191,10.53499984741211,1107,0.0,0.0
2024-10-08 13:46:00-04:00,10.529999732971191,10.529999732971191,10.529999732971191,10.529999732971191,481,0.0,0.0
2024-10-08 13:48:00-04:00,10.531299591064453,10.53499984741211,10.529999732971191,10.529999732971191,2011,0.0,0.0
2024-10-08 13:49:00-04:00,10.529999732971191,10.529999732971191,10.524999618530273,10.524999618530273,1746,0.0,0.0
2024-10-08 13:51:00-04:00,10.524999618530273,10.524999618530273,10.524999618530273,10.524999618530273,1645,0.0,0.0
2024-10-08 13:52:00-04:00,10.521300315856934,10.529999732971191,10.521300315856934,10.524999618530273,403,0.0,0.0
2024-10-08 13:53:00-04:00,10.529899597167969,10.530099868774414,10.529899597167969,10.530099868774414,2435,0.0,0.0
2024-10-08 13:54:00-04:00,10.53499984741211,10.53499984741211,10.53499984741211,10.53499984741211,670,0.0,0.0
2024-10-08 13:57:00-04:00,10.530099868774414,10.530099868774414,10.530099868774414,10.530099868774414,294,0.0,0.0
2024-10-08 13:58:00-04:00,10.539999961853027,10.539999961853027,10.539899826049805,10.539899826049805,1635,0.0,0.0
2024-10-08 13:59:00-04:00,10.53499984741211,10.53499984741211,10.534000396728516,10.534000396728516,1597,0.0,0.0
2024-10-08 14:00:00-04:00,10.53499984741211,10.53499984741211,10.53499984741211,10.53499984741211,481,0.0,0.0
2024-10-08 14:01:00-04:00,10.53499984741211,10.53499984741211,10.53499984741211,10.53499984741211,333,0.0,0.0
2024-10-08 14:02:00-04:00,10.53499984741211,10.53499984741211,10.53499984741211,10.53499984741211,900,0.0,0.0
2024-10-08 14:03:00-04:00,10.529999732971191,10.529999732971191,10.529999732971191,10.529999732971191,407,0.0,0.0
2024-10-08 14:04:00-04:00,10.53499984741211,10.53499984741211,10.53499984741211,10.53499984741211,339,0.0,0.0
2024-10-08 14:05:00-04:00,10.53499984741211,10.53499984741211,10.53499984741211,10.53499984741211,1258,0.0,0.0
2024-10-08 14:08:00-04:00,10.539999961853027,10.539999961853027,10.539999961853027,10.539999961853027,240,0.0,0.0
2024-10-08 14:09:00-04:00,10.53499984741211,10.539999961853027,10.53499984741211,10.539999961853027,802,0.0,0.0
2024-10-08 14:11:00-04:00,10.539999961853027,10.545000076293945,10.539999961853027,10.545000076293945,2445,0.0,0.0
2024-10-08 14:12:00-04:00,10.539999961853027,10.539999961853027,10.539999961853027,10.539999961853027,450,0.0,0.0
2024-10-08 14:13:00-04:00,10.539999961853027,10.539999961853027,10.53499984741211,10.53499984741211,1510,0.0,0.0
2024-10-08 14:14:00-04:00,10.534000396728516,10.53499984741211,10.534000396728516,10.53499984741211,1252,0.0,0.0
2024-10-08 14:16:00-04:00,10.53499984741211,10.53499984741211,10.53499984741211,10.53499984741211,289,0.0,0.0
2024-10-08 14:17:00-04:00,10.53499984741211,10.53499984741211,10.53499984741211,10.53499984741211,235,0.0,0.0
2024-10-08 14:18:00-04:00,10.53499984741211,10.53499984741211,10.53499984741211,10.53499984741211,336,0.0,0.0
2024-10-08 14:19:00-04:00,10.53499984741211,10.53499984741211,10.53499984741211,10.53499984741211,151,0.0,0.0
2024-10-08 14:20:00-04:00,10.53499984741211,10.53499984741211,10.53499984741211,10.53499984741211,195,0.0,0.0
2024-10-08 14:21:00-04:00,10.53499984741211,10.53499984741211,10.53499984741211,10.53499984741211,219,0.0,0.0
2024-10-08 14:22:00-04:00,10.53499984741211,10.53499984741211,10.529999732971191,10.529999732971191,966,0.0,0.0
2024-10-08 14:23:00-04:00,10.53499984741211,10.53499984741211,10.53499984741211,10.53499984741211,100,0.0,0.0
2024-10-08 14:24:00-04:00,10.53499984741211,10.53499984741211,10.53499984741211,10.53499984741211,316,0.0,0.0
2024-10-08 14:25:00-04:00,10.530099868774414,10.530099868774414,10.530099868774414,10.530099868774414,231,0.0,0.0
2024-10-08 14:26:00-04:00,10.529999732971191,10.53499984741211,10.529999732971191,10.530099868774414,502,0.0,0.0
2024-10-08 14:27:00-04:00,10.53499984741211,10.53499984741211,10.529999732971191,10.529999732971191,602,0.0,0.0
2024-10-08 14:28:00-04:00,10.531000137329102,10.53499984741211,10.531000137329102,10.53499984741211,647,0.0,0.0
2024-10-08 14:29:00-04:00,10.539999961853027,10.539999961853027,10.529999732971191,10.53499984741211,4564,0.0,0.0
2024-10-08 14:30:00-04:00,10.531000137329102,10.531000137329102,10.531000137329102,10.531000137329102,638,0.0,0.0
2024-10-08 14:31:00-04:00,10.53499984741211,10.53499984741211,10.529999732971191,10.529999732971191,472,0.0,0.0
2024-10-08 14:32:00-04:00,10.529999732971191,10.53499984741211,10.529999732971191,10.53499984741211,761,0.0,0.0
2024-10-08 14:33:00-04:00,10.529999732971191,10.529999732971191,10.529999732971191,10.529999732971191,241,0.0,0.0
2024-10-08 14:34:00-04:00,10.539999961853027,10.539999961853027,10.53499984741211,10.53499984741211,556,0.0,0.0
2024-10-08 14:37:00-04:00,10.539999961853027,10.545000076293945,10.539999961853027,10.539999961853027,5033,0.0,0.0
2024-10-08 14:38:00-04:00,10.539999961853027,10.539999961853027,10.539999961853027,10.539999961853027,415,0.0,0.0
2024-10-08 14:39:00-04:00,10.539999961853027,10.539999961853027,10.53499984741211,10.53499984741211,941,0.0,0.0
2024-10-08 14:43:00-04:00,10.539999961853027,10.539999961853027,10.539999961853027,10.539999961853027,182,0.0,0.0
2024-10-08 14:44:00-04:00,10.53499984741211,10.53499984741211,10.53499984741211,10.53499984741211,152,0.0,0.0
2024-10-08 14:45:00-04:00,10.531499862670898,10.531499862670898,10.531499862670898,10.531499862670898,271,0.0,0.0
2024-10-08 14:46:00-04:00,10.537099838256836,10.537099838256836,10.537099838256836,10.537099838256836,398,0.0,0.0
2024-10-08 14:47:00-04:00,10.53499984741211,10.53499984741211,10.53499984741211,10.53499984741211,311,0.0,0.0
2024-10-08 14:49:00-04:00,10.534000396728516,10.539999961853027,10.534000396728516,10.539999961853027,1125,0.0,0.0
2024-10-08 14:51:00-04:00,10.534000396728516,10.53499984741211,10.534000396728516,10.53499984741211,637,0.0,0.0
2024-10-08 14:52:00-04:00,10.53499984741211,10.53499984741211,10.530099868774414,10.530099868774414,2089,0.0,0.0
2024-10-08 14:53:00-04:00,10.53499984741211,10.539999961853027,10.53499984741211,10.53499984741211,616,0.0,0.0
2024-10-08 14:55:00-04:00,10.53499984741211,10.53499984741211,10.53499984741211,10.53499984741211,708,0.0,0.0
2024-10-08 14:56:00-04:00,10.53499984741211,10.53499984741211,10.53499984741211,10.53499984741211,696,0.0,0.0
2024-10-08 14:57:00-04:00,10.53499984741211,10.53499984741211,10.53499984741211,10.53499984741211,269,0.0,0.0
2024-10-08 14:58:00-04:00,10.53499984741211,10.539899826049805,10.53499984741211,10.53499984741211,413,0.0,0.0
2024-10-08 14:59:00-04:00,10.530099868774414,10.539999961853027,10.530099868774414,10.53499984741211,900,0.0,0.0
2024-10-08 15:00:00-04:00,10.53499984741211,10.53499984741211,10.53499984741211,10.53499984741211,141,0.0,0.0
2024-10-08 15:01:00-04:00,10.53499984741211,10.539999961853027,10.529999732971191,10.529999732971191,734,0.0,0.0
2024-10-08 15:02:00-04:00,10.531200408935547,10.53499984741211,10.529999732971191,10.529999732971191,3555,0.0,0.0
2024-10-08 15:03:00-04:00,10.529999732971191,10.529999732971191,10.529999732971191,10.529999732971191,1994,0.0,0.0
2024-10-08 15:04:00-04:00,10.520099639892578,10.520099639892578,10.520099639892578,10.520099639892578,373,0.0,0.0
2024-10-08 15:05:00-04:00,10.524999618530273,10.524999618530273,10.524999618530273,10.524999618530273,291,0.0,0.0
2024-10-08 15:06:00-04:00,10.524999618530273,10.524999618530273,10.524999618530273,10.524999618530273,105,0.0,0.0
2024-10-08 15:07:00-04:00,10.524999618530273,10.524999618530273,10.524999618530273,10.524999618530273,227,0.0,0.0
2024-10-08 15:08:00-04:00,10.524999618530273,10.524999618530273,10.520000457763672,10.520099639892578,5677,0.0,0.0
2024-10-08 15:09:00-04:00,10.524999618530273,10.524999618530273,10.524999618530273,10.524999618530273,328,0.0,0.0
2024-10-08 15:10:00-04:00,10.520000457763672,10.524999618530273,10.520000457763672,10.524999618530273,322,0.0,0.0
2024-10-08 15:11:00-04:00,10.520000457763672,10.520000457763672,10.520000457763672,10.520000457763672,216,0.0,0.0
2024-10-08 15:12:00-04:00,10.524999618530273,10.527999877929688,10.520000457763672,10.524999618530273,1153,0.0,0.0
2024-10-08 15:13:00-04:00,10.520000457763672,10.521200180053711,10.520000457763672,10.520000457763672,383,0.0,0.0
2024-10-08 15:14:00-04:00,10.520000457763672,10.520000457763672,10.520000457763672,10.520000457763672,112,0.0,0.0
2024-10-08 15:15:00-04:00,10.520000457763672,10.524999618530273,10.520000457763672,10.524999618530273,694,0.0,0.0
2024-10-08 15:16:00-04:00,10.524999618530273,10.524999618530273,10.520000457763672,10.520000457763672,346,0.0,0.0
2024-10-08 15:17:00-04:00,10.520000457763672,10.529999732971191,10.520000457763672,10.521300315856934,2409,0.0,0.0
2024-10-08 15:18:00-04:00,10.529999732971191,10.550000190734863,10.529999732971191,10.550000190734863,42098,0.0,0.0
2024-10-08 15:19:00-04:00,10.545000076293945,10.545000076293945,10.545000076293945,10.545000076293945,1558,0.0,0.0
2024-10-08 15:20:00-04:00,10.545000076293945,10.545000076293945,10.539999961853027,10.545000076293945,6831,0.0,0.0
2024-10-08 15:21:00-04:00,10.54010009765625,10.54010009765625,10.54010009765625,10.54010009765625,556,0.0,0.0
2024-10-08 15:22:00-04:00,10.539999961853027,10.545000076293945,10.539999961853027,10.545000076293945,716,0.0,0.0
2024-10-08 15:23:00-04:00,10.54010009765625,10.54010009765625,10.54010009765625,10.54010009765625,587,0.0,0.0
2024-10-08 15:25:00-04:00,10.545000076293945,10.545000076293945,10.545000076293945,10.545000076293945,304,0.0,0.0
2024-10-08 15:27:00-04:00,10.545000076293945,10.545000076293945,10.545000076293945,10.545000076293945,690,0.0,0.0
2024-10-08 15:28:00-04:00,10.541299819946289,10.545000076293945,10.541299819946289,10.545000076293945,1785,0.0,0.0
2024-10-08 15:29:00-04:00,10.545000076293945,10.545000076293945,10.545000076293945,10.545000076293945,678,0.0,0.0
2024-10-08 15:30:00-04:00,10.545000076293945,10.545000076293945,10.545000076293945,10.545000076293945,652,0.0,0.0
2024-10-08 15:31:00-04:00,10.541000366210938,10.541000366210938,10.541000366210938,10.541000366210938,911,0.0,0.0
2024-10-08 15:32:00-04:00,10.545000076293945,10.545000076293945,10.545000076293945,10.545000076293945,222,0.0,0.0
2024-10-08 15:33:00-04:00,10.550000190734863,10.550000190734863,10.545000076293945,10.545000076293945,593,0.0,0.0
2024-10-08 15:34:00-04:00,10.550000190734863,10.5600004196167,10.550000190734863,10.5600004196167,3745,0.0,0.0
2024-10-08 15:35:00-04:00,10.555000305175781,10.555000305175781,10.555000305175781,10.555000305175781,594,0.0,0.0
2024-10-08 15:38:00-04:00,10.550000190734863,10.5600004196167,10.550000190734863,10.5600004196167,1003,0.0,0.0
2024-10-08 15:39:00-04:00,10.55109977722168,10.5600004196167,10.550100326538086,10.556599617004395,4626,0.0,0.0
2024-10-08 15:40:00-04:00,10.5600004196167,10.5600004196167,10.5600004196167,10.5600004196167,402,0.0,0.0
2024-10-08 15:41:00-04:00,10.555000305175781,10.555000305175781,10.550100326538086,10.555000305175781,2702,0.0,0.0
2024-10-08 15:42:00-04:00,10.559700012207031,10.559700012207031,10.559700012207031,10.559700012207031,1535,0.0,0.0
2024-10-08 15:44:00-04:00,10.552599906921387,10.555000305175781,10.552599906921387,10.555000305175781,1120,0.0,0.0
2024-10-08 15:45:00-04:00,10.555000305175781,10.5600004196167,10.555000305175781,10.5600004196167,1740,0.0,0.0
2024-10-08 15:46:00-04:00,10.555000305175781,10.555000305175781,10.555000305175781,10.555000305175781,770,0.0,0.0
2024-10-08 15:47:00-04:00,10.551300048828125,10.551300048828125,10.551300048828125,10.551300048828125,301,0.0,0.0
2024-10-08 15:48:00-04:00,10.5600004196167,10.5600004196167,10.5600004196167,10.5600004196167,1041,0.0,0.0
2024-10-08 15:49:00-04:00,10.550100326538086,10.555000305175781,10.550100326538086,10.555000305175781,924,0.0,0.0
2024-10-08 15:50:00-04:00,10.550000190734863,10.555000305175781,10.550000190734863,10.550000190734863,1337,0.0,0.0
2024-10-08 15:51:00-04:00,10.550000190734863,10.555000305175781,10.550000190734863,10.550000190734863,14158,0.0,0.0
2024-10-08 15:52:00-04:00,10.555000305175781,10.555000305175781,10.550000190734863,10.555000305175781,1251,0.0,0.0
2024-10-08 15:53:00-04:00,10.5600004196167,10.5600004196167,10.555000305175781,10.555000305175781,15490,0.0,0.0
2024-10-08 15:54:00-04:00,10.555000305175781,10.555000305175781,10.555000305175781,10.555000305175781,670,0.0,0.0
2024-10-08 15:55:00-04:00,10.555000305175781,10.558500289916992,10.55150032043457,10.555000305175781,3588,0.0,0.0
2024-10-08 15:56:00-04:00,10.555000305175781,10.55840015411377,10.550000190734863,10.550000190734863,12168,0.0,0.0
2024-10-08 15:57:00-04:00,10.550000190734863,10.555000305175781,10.545000076293945,10.545000076293945,9544,0.0,0.0
2024-10-08 15:58:00-04:00,10.550000190734863,10.550000190734863,10.539999961853027,10.539999961853027,5782,0.0,0.0
2024-10-08 15:59:00-04:00,10.539999961853027,10.545000076293945,10.529999732971191,10.539999961853027,29498,0.0,0.0
2024-10-09 09:30:00-04:00,10.100000381469727,10.100000381469727,10.09000015258789,10.095000267028809,41280,0.0,0.0
2024-10-09 09:31:00-04:00,10.100000381469727,10.100000381469727,10.09000015258789,10.09000015258789,9546,0.0,0.0
2024-10-09 09:32:00-04:00,10.100000381469727,10.100000381469727,10.100000381469727,10.100000381469727,303,0.0,0.0
2024-10-09 09:33:00-04:00,10.101200103759766,10.101200103759766,10.100000381469727,10.100099563598633,737,0.0,0.0
2024-10-09 09:34:00-04:00,10.104999542236328,10.104999542236328,10.104999542236328,10.104999542236328,224,0.0,0.0
2024-10-09 09:35:00-04:00,10.104999542236328,10.104999542236328,10.104999542236328,10.104999542236328,108,0.0,0.0
2024-10-09 09:36:00-04:00,10.104999542236328,10.104999542236328,10.104999542236328,10.104999542236328,461,0.0,0.0
2024-10-09 09:38:00-04:00,10.104999542236328,10.104999542236328,10.104999542236328,10.104999542236328,1794,0.0,0.0
2024-10-09 09:39:00-04:00,10.109999656677246,10.109999656677246,10.109999656677246,10.109999656677246,375,0.0,0.0
2024-10-09 09:40:00-04:00,10.119999885559082,10.119999885559082,10.116000175476074,10.116000175476074,223,0.0,0.0
2024-10-09 09:41:00-04:00,10.119999885559082,10.125,10.119999885559082,10.125,1119,0.0,0.0
2024-10-09 09:42:00-04:00,10.119999885559082,10.128899574279785,10.119999885559082,10.128899574279785,1305,0.0,0.0
2024-10-09 09:44:00-04:00,10.125,10.125,10.125,10.125,276,0.0,0.0
2024-10-09 09:45:00-04:00,10.135000228881836,10.135000228881836,10.135000228881836,10.135000228881836,234,0.0,0.0
2024-10-09 09:47:00-04:00,10.130000114440918,10.135000228881836,10.130000114440918,10.135000228881836,634,0.0,0.0
2024-10-09 09:48:00-04:00,10.130000114440918,10.130000114440918,10.125,10.125,3903,0.0,0.0
2024-10-09 09:49:00-04:00,10.121299743652344,10.125,10.119999885559082,10.125,1582,0.0,0.0
2024-10-09 09:50:00-04:00,10.119999885559082,10.125,10.119999885559082,10.120100021362305,6430,0.0,0.0
2024-10-09 09:51:00-04:00,10.119999885559082,10.119999885559082,10.114999771118164,10.114999771118164,5060,0.0,0.0
2024-10-09 09:52:00-04:00,10.111200332641602,10.111200332641602,10.111200332641602,10.111200332641602,490,0.0,0.0
2024-10-09 09:53:00-04:00,10.111499786376953,10.114999771118164,10.109999656677246,10.114999771118164,1814,0.0,0.0
2024-10-09 09:54:00-04:00,10.119999885559082,10.119999885559082,10.119999885559082,10.119999885559082,226,0.0,0.0
2024-10-09 09:55:00-04:00,10.114999771118164,10.114999771118164,10.114999771118164,10.114999771118164,716,0.0,0.0
2024-10-09 09:56:00-04:00,10.114999771118164,10.125,10.114999771118164,10.125,3180,0.0,0.0
2024-10-09 09:57:00-04:00,10.125,10.125,10.125,10.125,634,0.0,0.0
2024-10-09 09:58:00-04:00,10.125,10.125,10.119999885559082,10.119999885559082,1088,0.0,0.0
2024-10-09 09:59:00-04:00,10.125,10.125,10.119999885559082,10.119999885559082,649,0.0,0.0
2024-10-09 10:00:00-04:00,10.12090015411377,10.125,10.12090015411377,10.125,1874,0.0,0.0
2024-10-09 10:01:00-04:00,10.125,10.128700256347656,10.125,10.125,606,0.0,0.0
2024-10-09 10:02:00-04:00,10.125,10.129899978637695,10.125,10.129300117492676,4855,0.0,0.0
2024-10-09 10:04:00-04:00,10.130000114440918,10.130000114440918,10.119999885559082,10.125,786,0.0,0.0
2024-10-09 10:05:00-04:00,10.125,10.125,10.125,10.125,100,0.0,0.0
2024-10-09 10:06:00-04:00,10.121399879455566,10.125,10.119999885559082,10.119999885559082,1694,0.0,0.0
2024-10-09 10:07:00-04:00,10.125,10.125,10.119999885559082,10.119999885559082,488,0.0,0.0
2024-10-09 10:08:00-04:00,10.119999885559082,10.119999885559082,10.119999885559082,10.119999885559082,10249,0.0,0.0
2024-10-09 10:10:00-04:00,10.119999885559082,10.125,10.119999885559082,10.119999885559082,6067,0.0,0.0
2024-10-09 10:11:00-04:00,10.125,10.125,10.123499870300293,10.123499870300293,811,0.0,0.0
2024-10-09 10:12:00-04:00,10.125,10.130000114440918,10.125,10.130000114440918,560,0.0,0.0
2024-10-09 10:13:00-04:00,10.125,10.125,10.125,10.125,242,0.0,0.0
2024-10-09 10:14:00-04:00,10.130000114440918,10.130000114440918,10.125,10.125,920,0.0,0.0
2024-10-09 10:15:00-04:00,10.125,10.125,10.119999885559082,10.125,642,0.0,0.0
2024-10-09 10:16:00-04:00,10.119999885559082,10.119999885559082,10.119999885559082,10.119999885559082,264,0.0,0.0
2024-10-09 10:17:00-04:00,10.114999771118164,10.118800163269043,10.114999771118164,10.118800163269043,306,0.0,0.0
2024-10-09 10:19:00-04:00,10.109999656677246,10.109999656677246,10.109999656677246,10.109999656677246,809,0.0,0.0
2024-10-09 10:21:00-04:00,10.109999656677246,10.109999656677246,10.109999656677246,10.109999656677246,202,0.0,0.0
2024-10-09 10:22:00-04:00,10.111300468444824,10.11870002746582,10.109999656677246,10.109999656677246,1492,0.0,0.0
2024-10-09 10:23:00-04:00,10.109999656677246,10.109999656677246,10.109999656677246,10.109999656677246,529,0.0,0.0
2024-10-09 10:24:00-04:00,10.107500076293945,10.107500076293945,10.107500076293945,10.107500076293945,698,0.0,0.0
2024-10-09 10:25:00-04:00,10.104999542236328,10.104999542236328,10.104999542236328,10.104999542236328,359,0.0,0.0
2024-10-09 10:26:00-04:00,10.104999542236328,10.104999542236328,10.104999542236328,10.104999542236328,463,0.0,0.0
2024-10-09 10:27:00-04:00,10.109999656677246,10.125,10.109999656677246,10.125,1390,0.0,0.0
2024-10-09 10:28:00-04:00,10.12399959564209,10.12399959564209,10.12399959564209,10.12399959564209,508,0.0,0.0
2024-10-09 10:30:00-04:00,10.121199607849121,10.121199607849121,10.119999885559082,10.119999885559082,605,0.0,0.0
2024-10-09 10:32:00-04:00,10.125,10.125,10.125,10.125,3409,0.0,0.0
2024-10-09 10:34:00-04:00,10.119999885559082,10.125,10.119999885559082,10.125,13587,0.0,0.0
2024-10-09 10:35:00-04:00,10.119999885559082,10.119999885559082,10.11989974975586,10.11989974975586,2955,0.0,0.0
2024-10-09 10:36:00-04:00,10.114999771118164,10.114999771118164,10.114999771118164,10.114999771118164,338,0.0,0.0
2024-10-09 10:37:00-04:00,10.109999656677246,10.109999656677246,10.109999656677246,10.109999656677246,160,0.0,0.0
2024-10-09 10:38:00-04:00,10.110099792480469,10.111100196838379,10.109999656677246,10.111100196838379,1591,0.0,0.0
2024-10-09 10:39:00-04:00,10.114999771118164,10.114999771118164,10.114999771118164,10.114999771118164,3043,0.0,0.0
2024-10-09 10:41:00-04:00,10.114999771118164,10.114999771118164,10.114999771118164,10.114999771118164,340,0.0,0.0
2024-10-09 10:42:00-04:00,10.114999771118164,10.114999771118164,10.114999771118164,10.114999771118164,500,0.0,0.0
2024-10-09 10:43:00-04:00,10.114999771118164,10.11989974975586,10.114999771118164,10.11989974975586,453,0.0,0.0
2024-10-09 10:44:00-04:00,10.114999771118164,10.119999885559082,10.110300064086914,10.110300064086914,2843,0.0,0.0
2024-10-09 10:45:00-04:00,10.114999771118164,10.114999771118164,10.109999656677246,10.109999656677246,2375,0.0,0.0
2024-10-09 10:46:00-04:00,10.109999656677246,10.114999771118164,10.109999656677246,10.109999656677246,9886,0.0,0.0
2024-10-09 10:47:00-04:00,10.110099792480469,10.110099792480469,10.110099792480469,10.110099792480469,170,0.0,0.0
2024-10-09 10:48:00-04:00,10.114999771118164,10.114999771118164,10.114999771118164,10.114999771118164,517,0.0,0.0
2024-10-09 10:49:00-04:00,10.109999656677246,10.114999771118164,10.109999656677246,10.114999771118164,286,0.0,0.0
2024-10-09 10:50:00-04:00,10.114999771118164,10.114999771118164,10.114999771118164,10.114999771118164,2704,0.0,0.0
2024-10-09 10:51:00-04:00,10.110099792480469,10.114999771118164,10.110099792480469,10.110099792480469,3547,0.0,0.0
2024-10-09 10:52:00-04:00,10.114999771118164,10.114999771118164,10.110099792480469,10.114999771118164,1676,0.0,0.0
2024-10-09 10:53:00-04:00,10.111000061035156,10.114999771118164,10.111000061035156,10.114999771118164,2988,0.0,0.0
2024-10-09 10:54:00-04:00,10.114999771118164,10.114999771118164,10.114999771118164,10.114999771118164,138,0.0,0.0
2024-10-09 10:55:00-04:00,10.114999771118164,10.114999771118164,10.114999771118164,10.114999771118164,363,0.0,0.0
2024-10-09 10:56:00-04:00,10.111100196838379,10.114999771118164,10.111100196838379,10.114999771118164,951,0.0,0.0
2024-10-09 10:58:00-04:00,10.119999885559082,10.119999885559082,10.114999771118164,10.114999771118164,802,0.0,0.0
2024-10-09 10:59:00-04:00,10.11989974975586,10.119999885559082,10.114999771118164,10.114999771118164,1399,0.0,0.0
2024-10-09 11:00:00-04:00,10.119999885559082,10.125,10.119999885559082,10.12399959564209,6080,0.0,0.0
2024-10-09 11:01:00-04:00,10.125,10.125,10.125,10.125,221,0.0,0.0
2024-10-09 11:02:00-04:00,10.125,10.125,10.119999885559082,10.119999885559082,10586,0.0,0.0
2024-10-09 11:03:00-04:00,10.118000030517578,10.118000030517578,10.117500305175781,10.117500305175781,431,0.0,0.0
2024-10-09 11:04:00-04:00,10.114999771118164,10.114999771118164,10.114999771118164,10.114999771118164,346,0.0,0.0
2024-10-09 11:05:00-04:00,10.119999885559082,10.125,10.119999885559082,10.125,9165,0.0,0.0
2024-10-09 11:06:00-04:00,10.125,10.127599716186523,10.125,10.125,1421,0.0,0.0
2024-10-09 11:07:00-04:00,10.119999885559082,10.119999885559082,10.110099792480469,10.114999771118164,15263,0.0,0.0
2024-10-09 11:08:00-04:00,10.114999771118164,10.114999771118164,10.114999771118164,10.114999771118164,450,0.0,0.0
2024-10-09 11:09:00-04:00,10.116411209106445,10.116411209106445,10.116411209106445,10.116411209106445,213,0.0,0.0
2024-10-09 11:10:00-04:00,10.110099792480469,10.119999885559082,10.110099792480469,10.119999885559082,1615,0.0,0.0
2024-10-09 11:12:00-04:00,10.119999885559082,10.119999885559082,10.11929988861084,10.119999885559082,2049,0.0,0.0
2024-10-09 11:13:00-04:00,10.114999771118164,10.114999771118164,10.114999771118164,10.114999771118164,312,0.0,0.0
2024-10-09 11:14:00-04:00,10.109999656677246,10.11989974975586,10.109999656677246,10.11989974975586,10953,0.0,0.0
2024-10-09 11:15:00-04:00,10.119999885559082,10.119999885559082,10.119999885559082,10.119999885559082,671,0.0,0.0
2024-10-09 11:16:00-04:00,10.114999771118164,10.114999771118164,10.114999771118164,10.114999771118164,1111,0.0,0.0
2024-10-09 11:17:00-04:00,10.119999885559082,10.119999885559082,10.119999885559082,10.119999885559082,987,0.0,0.0
2024-10-09 11:18:00-04:00,10.114999771118164,10.114999771118164,10.114999771118164,10.114999771118164,493,0.0,0.0
2024-10-09 11:20:00-04:00,10.119799613952637,10.119999885559082,10.114999771118164,10.114999771118164,2574,0.0,0.0
2024-10-09 11:21:00-04:00,10.119999885559082,10.125,10.119999885559082,10.125,2355,0.0,0.0
2024-10-09 11:22:00-04:00,10.125,10.125,10.123499870300293,10.125,677,0.0,0.0
2024-10-09 11:23:00-04:00,10.125,10.125,10.125,10.125,577,0.0,0.0
2024-10-09 11:26:00-04:00,10.119999885559082,10.125,10.119999885559082,10.125,2190,0.0,0.0
2024-10-09 11:27:00-04:00,10.129500389099121,10.129500389099121,10.129500389099121,10.129500389099121,216,0.0,0.0
2024-10-09 11:28:00-04:00,10.12559986114502,10.12559986114502,10.119999885559082,10.119999885559082,928,0.0,0.0
2024-10-09 11:29:00-04:00,10.120200157165527,10.120200157165527,10.119999885559082,10.119999885559082,608,0.0,0.0
2024-10-09 11:31:00-04:00,10.121199607849121,10.121199607849121,10.121199607849121,10.121199607849121,507,0.0,0.0
2024-10-09 11:33:00-04:00,10.120100021362305,10.121100425720215,10.120100021362305,10.121100425720215,2195,0.0,0.0
2024-10-09 11:34:00-04:00,10.130000114440918,10.145000457763672,10.125,10.145000457763672,56028,0.0,0.0
2024-10-09 11:35:00-04:00,10.140600204467773,10.140600204467773,10.140600204467773,10.140600204467773,4500,0.0,0.0
2024-10-09 11:36:00-04:00,10.145000457763672,10.145000457763672,10.145000457763672,10.145000457763672,308,0.0,0.0
2024-10-09 11:37:00-04:00,10.14009952545166,10.14009952545166,10.14009952545166,10.14009952545166,6112,0.0,0.0
2024-10-09 11:40:00-04:00,10.149999618530273,10.149999618530273,10.149999618530273,10.149999618530273,1027,0.0,0.0
2024-10-09 11:41:00-04:00,10.145299911499023,10.145299911499023,10.145299911499023,10.145299911499023,200,0.0,0.0
2024-10-09 11:42:00-04:00,10.149999618530273,10.154999732971191,10.149999618530273,10.154999732971191,1414,0.0,0.0
2024-10-09 11:43:00-04:00,10.154999732971191,10.154999732971191,10.150099754333496,10.150099754333496,332,0.0,0.0
2024-10-09 11:44:00-04:00,10.154999732971191,10.154999732971191,10.150099754333496,10.150099754333496,3334,0.0,0.0
2024-10-09 11:46:00-04:00,10.154999732971191,10.154999732971191,10.154999732971191,10.154999732971191,732,0.0,0.0
2024-10-09 11:49:00-04:00,10.157999992370605,10.15999984741211,10.157999992370605,10.159600257873535,2858,0.0,0.0
2024-10-09 11:53:00-04:00,10.154999732971191,10.154999732971191,10.154999732971191,10.154999732971191,961,0.0,0.0
2024-10-09 11:58:00-04:00,10.149999618530273,10.149999618530273,10.149999618530273,10.149999618530273,459,0.0,0.0
2024-10-09 11:59:00-04:00,10.154999732971191,10.154999732971191,10.154999732971191,10.154999732971191,154,0.0,0.0
2024-10-09 12:00:00-04:00,10.149999618530273,10.149999618530273,10.149999618530273,10.149999618530273,101,0.0,0.0
2024-10-09 12:01:00-04:00,10.149999618530273,10.149999618530273,10.149999618530273,10.149999618530273,1155,0.0,0.0
2024-10-09 12:02:00-04:00,10.15999984741211,10.15999984741211,10.15999984741211,10.15999984741211,457,0.0,0.0
2024-10-09 12:05:00-04:00,10.150099754333496,10.150099754333496,10.150099754333496,10.150099754333496,272,0.0,0.0
2024-10-09 12:06:00-04:00,10.155900001525879,10.15999984741211,10.149999618530273,10.154999732971191,14086,0.0,0.0
2024-10-09 12:07:00-04:00,10.151100158691406,10.151100158691406,10.151100158691406,10.151100158691406,230,0.0,0.0
2024-10-09 12:08:00-04:00,10.154999732971191,10.154999732971191,10.154999732971191,10.154999732971191,315,0.0,0.0
2024-10-09 12:10:00-04:00,10.154999732971191,10.154999732971191,10.154999732971191,10.154999732971191,100,0.0,0.0
2024-10-09 12:12:00-04:00,10.154999732971191,10.154999732971191,10.154999732971191,10.154999732971191,487,0.0,0.0
2024-10-09 12:14:00-04:00,10.154999732971191,10.154999732971191,10.154999732971191,10.154999732971191,200,0.0,0.0
2024-10-09 12:15:00-04:00,10.154999732971191,10.154999732971191,10.154999732971191,10.154999732971191,655,0.0,0.0
2024-10-09 12:16:00-04:00,10.154999732971191,10.154999732971191,10.154999732971191,10.154999732971191,337,0.0,0.0
2024-10-09 12:17:00-04:00,10.154999732971191,10.154999732971191,10.154999732971191,10.154999732971191,1379,0.0,0.0
2024-10-09 12:18:00-04:00,10.159000396728516,10.159000396728516,10.154999732971191,10.159000396728516,3246,0.0,0.0
2024-10-09 12:19:00-04:00,10.154999732971191,10.154999732971191,10.154999732971191,10.154999732971191,951,0.0,0.0
2024-10-09 12:20:00-04:00,10.15999984741211,10.15999984741211,10.154999732971191,10.154999732971191,574,0.0,0.0
2024-10-09 12:21:00-04:00,10.15999984741211,10.15999984741211,10.154999732971191,10.154999732971191,1168,0.0,0.0
2024-10-09 12:23:00-04:00,10.156403541564941,10.156403541564941,10.154999732971191,10.154999732971191,347,0.0,0.0
2024-10-09 12:24:00-04:00,10.154999732971191,10.154999732971191,10.154999732971191,10.154999732971191,153,0.0,0.0
2024-10-09 12:25:00-04:00,10.154999732971191,10.154999732971191,10.154999732971191,10.154999732971191,344,0.0,0.0
2024-10-09 12:28:00-04:00,10.154999732971191,10.154999732971191,10.154999732971191,10.154999732971191,333,0.0,0.0
2024-10-09 12:29:00-04:00,10.149999618530273,10.149999618530273,10.149999618530273,10.149999618530273,390,0.0,0.0
2024-10-09 12:31:00-04:00,10.154999732971191,10.154999732971191,10.154999732971191,10.154999732971191,376,0.0,0.0
2024-10-09 12:32:00-04:00,10.149999618530273,10.149999618530273,10.149999618530273,10.149999618530273,102,0.0,0.0
2024-10-09 12:33:00-04:00,10.150300025939941,10.150300025939941,10.150300025939941,10.150300025939941,921,0.0,0.0
2024-10-09 12:35:00-04:00,10.154999732971191,10.154999732971191,10.154999732971191,10.154999732971191,265,0.0,0.0
2024-10-09 12:37:00-04:00,10.154999732971191,10.154999732971191,10.154999732971191,10.154999732971191,6564,0.0,0.0
2024-10-09 12:40:00-04:00,10.154999732971191,10.154999732971191,10.154999732971191,10.154999732971191,340,0.0,0.0
2024-10-09 12:45:00-04:00,10.154999732971191,10.154999732971191,10.154999732971191,10.154999732971191,314,0.0,0.0
2024-10-09 12:46:00-04:00,10.151100158691406,10.154999732971191,10.151100158691406,10.154999732971191,443,0.0,0.0
2024-10-09 12:47:00-04:00,10.154999732971191,10.154999732971191,10.154999732971191,10.154999732971191,1778,0.0,0.0
2024-10-09 12:48:00-04:00,10.154999732971191,10.154999732971191,10.154999732971191,10.154999732971191,1004,0.0,0.0
2024-10-09 12:49:00-04:00,10.154999732971191,10.154999732971191,10.150099754333496,10.150099754333496,1740,0.0,0.0
2024-10-09 12:50:00-04:00,10.154999732971191,10.154999732971191,10.154999732971191,10.154999732971191,835,0.0,0.0
2024-10-09 12:52:00-04:00,10.154999732971191,10.154999732971191,10.154999732971191,10.154999732971191,723,0.0,0.0
2024-10-09 12:53:00-04:00,10.154999732971191,10.154999732971191,10.154999732971191,10.154999732971191,555,0.0,0.0
2024-10-09 12:54:00-04:00,10.149999618530273,10.149999618530273,10.145000457763672,10.145000457763672,3456,0.0,0.0
2024-10-09 12:56:00-04:00,10.145000457763672,10.145000457763672,10.14009952545166,10.14009952545166,2317,0.0,0.0
2024-10-09 12:59:00-04:00,10.140000343322754,10.140000343322754,10.140000343322754,10.140000343322754,260,0.0,0.0
2024-10-09 13:01:00-04:00,10.145000457763672,10.145000457763672,10.145000457763672,10.145000457763672,227,0.0,0.0
2024-10-09 13:02:00-04:00,10.140000343322754,10.145000457763672,10.140000343322754,10.145000457763672,251,0.0,0.0
2024-10-09 13:03:00-04:00,10.140000343322754,10.140000343322754,10.140000343322754,10.140000343322754,559,0.0,0.0
2024-10-09 13:06:00-04:00,10.141500473022461,10.145000457763672,10.141500473022461,10.142600059509277,1022,0.0,0.0
2024-10-09 13:07:00-04:00,10.149999618530273,10.149999618530273,10.145000457763672,10.145000457763672,323,0.0,0.0
2024-10-09 13:08:00-04:00,10.145000457763672,10.145000457763672,10.145000457763672,10.145000457763672,156,0.0,0.0
2024-10-09 13:09:00-04:00,10.145000457763672,10.145000457763672,10.145000457763672,10.145000457763672,1193,0.0,0.0
2024-10-09 13:10:00-04:00,10.145000457763672,10.149999618530273,10.145000457763672,10.149999618530273,1367,0.0,0.0
2024-10-09 13:14:00-04:00,10.149999618530273,10.149999618530273,10.149999618530273,10.149999618530273,163,0.0,0.0
2024-10-09 13:16:00-04:00,10.149999618530273,10.149999618530273,10.149999618530273,10.149999618530273,1099,0.0,0.0
2024-10-09 13:17:00-04:00,10.158599853515625,10.158599853515625,10.158599853515625,10.158599853515625,350,0.0,0.0
2024-10-09 13:20:00-04:00,10.15999984741211,10.15999984741211,10.154999732971191,10.154999732971191,753,0.0,0.0
2024-10-09 13:22:00-04:00,10.153489112854004,10.153489112854004,10.153489112854004,10.153489112854004,477,0.0,0.0
2024-10-09 13:24:00-04:00,10.159700393676758,10.159700393676758,10.159700393676758,10.159700393676758,1260,0.0,0.0
2024-10-09 13:25:00-04:00,10.154999732971191,10.15999984741211,10.154999732971191,10.154999732971191,1404,0.0,0.0
2024-10-09 13:26:00-04:00,10.159899711608887,10.15999984741211,10.150099754333496,10.159899711608887,1561,0.0,0.0
2024-10-09 13:27:00-04:00,10.15999984741211,10.15999984741211,10.15999984741211,10.15999984741211,192,0.0,0.0
2024-10-09 13:29:00-04:00,10.154999732971191,10.154999732971191,10.154999732971191,10.154999732971191,100,0.0,0.0
2024-10-09 13:30:00-04:00,10.154999732971191,10.154999732971191,10.154999732971191,10.154999732971191,596,0.0,0.0
2024-10-09 13:31:00-04:00,10.15149974822998,10.15149974822998,10.15149974822998,10.15149974822998,604,0.0,0.0
2024-10-09 13:32:00-04:00,10.154999732971191,10.154999732971191,10.154999732971191,10.154999732971191,2419,0.0,0.0
2024-10-09 13:33:00-04:00,10.15999984741211,10.15999984741211,10.15999984741211,10.15999984741211,152,0.0,0.0
2024-10-09 13:34:00-04:00,10.154999732971191,10.154999732971191,10.154999732971191,10.154999732971191,847,0.0,0.0
2024-10-09 13:36:00-04:00,10.150099754333496,10.15999984741211,10.150099754333496,10.15999984741211,2265,0.0,0.0
2024-10-09 13:37:00-04:00,10.15999984741211,10.15999984741211,10.154999732971191,10.154999732971191,608,0.0,0.0
2024-10-09 13:38:00-04:00,10.15999984741211,10.15999984741211,10.15999984741211,10.15999984741211,288,0.0,0.0
2024-10-09 13:39:00-04:00,10.151300430297852,10.154999732971191,10.151300430297852,10.154999732971191,1499,0.0,0.0
2024-10-09 13:41:00-04:00,10.15999984741211,10.170000076293945,10.15999984741211,10.170000076293945,1737,0.0,0.0
2024-10-09 13:43:00-04:00,10.170000076293945,10.170000076293945,10.170000076293945,10.170000076293945,458,0.0,0.0
2024-10-09 13:47:00-04:00,10.170000076293945,10.170000076293945,10.170000076293945,10.170000076293945,141,0.0,0.0
2024-10-09 13:48:00-04:00,10.164999961853027,10.170000076293945,10.160099983215332,10.170000076293945,2098,0.0,0.0
2024-10-09 13:51:00-04:00,10.160799980163574,10.160799980163574,10.160799980163574,10.160799980163574,931,0.0,0.0
2024-10-09 13:52:00-04:00,10.15999984741211,10.15999984741211,10.15999984741211,10.15999984741211,180,0.0,0.0
2024-10-09 13:53:00-04:00,10.164999961853027,10.164999961853027,10.154999732971191,10.154999732971191,4950,0.0,0.0
2024-10-09 13:56:00-04:00,10.154999732971191,10.155500411987305,10.154999732971191,10.155500411987305,347,0.0,0.0
2024-10-09 13:57:00-04:00,10.154999732971191,10.15999984741211,10.154000282287598,10.15999984741211,2158,0.0,0.0
2024-10-09 13:58:00-04:00,10.164999961853027,10.164999961853027,10.164999961853027,10.164999961853027,227,0.0,0.0
2024-10-09 13:59:00-04:00,10.170000076293945,10.170000076293945,10.170000076293945,10.170000076293945,1276,0.0,0.0
2024-10-09 14:00:00-04:00,10.170000076293945,10.170000076293945,10.170000076293945,10.170000076293945,694,0.0,0.0
2024-10-09 14:01:00-04:00,10.164999961853027,10.164999961853027,10.164999961853027,10.164999961853027,380,0.0,0.0
2024-10-09 14:02:00-04:00,10.170000076293945,10.170000076293945,10.164999961853027,10.170000076293945,643,0.0,0.0
2024-10-09 14:05:00-04:00,10.170000076293945,10.170000076293945,10.170000076293945,10.170000076293945,310,0.0,0.0
2024-10-09 14:07:00-04:00,10.170000076293945,10.170000076293945,10.170000076293945,10.170000076293945,113,0.0,0.0
2024-10-09 14:08:00-04:00,10.164999961853027,10.164999961853027,10.164999961853027,10.164999961853027,1261,0.0,0.0
2024-10-09 14:09:00-04:00,10.164999961853027,10.164999961853027,10.164999961853027,10.164999961853027,1623,0.0,0.0
2024-10-09 14:10:00-04:00,10.164999961853027,10.170000076293945,10.164999961853027,10.170000076293945,1395,0.0,0.0
2024-10-09 14:11:00-04:00,10.170000076293945,10.170000076293945,10.15999984741211,10.164999961853027,1296,0.0,0.0
2024-10-09 14:12:00-04:00,10.164999961853027,10.164999961853027,10.15999984741211,10.15999984741211,1410,0.0,0.0
2024-10-09 14:13:00-04:00,10.15999984741211,10.164999961853027,10.15999984741211,10.15999984741211,404,0.0,0.0
2024-10-09 14:14:00-04:00,10.164999961853027,10.164999961853027,10.164999961853027,10.164999961853027,462,0.0,0.0
2024-10-09 14:15:00-04:00,10.164999961853027,10.164999961853027,10.15999984741211,10.164999961853027,448,0.0,0.0
2024-10-09 14:16:00-04:00,10.15999984741211,10.15999984741211,10.15999984741211,10.15999984741211,100,0.0,0.0
2024-10-09 14:17:00-04:00,10.164999961853027,10.164999961853027,10.154000282287598,10.154000282287598,1714,0.0,0.0
2024-10-09 14:18:00-04:00,10.149999618530273,10.149999618530273,10.149999618530273,10.149999618530273,100,0.0,0.0
2024-10-09 14:19:00-04:00,10.154999732971191,10.154999732971191,10.15250015258789,10.15250015258789,541,0.0,0.0
2024-10-09 14:21:00-04:00,10.150199890136719,10.150199890136719,10.150199890136719,10.150199890136719,118,0.0,0.0
2024-10-09 14:22:00-04:00,10.149999618530273,10.149999618530273,10.149999618530273,10.149999618530273,931,0.0,0.0
2024-10-09 14:26:00-04:00,10.145000457763672,10.149999618530273,10.145000457763672,10.149999618530273,1302,0.0,0.0
2024-10-09 14:27:00-04:00,10.145000457763672,10.145000457763672,10.145000457763672,10.145000457763672,1117,0.0,0.0
2024-10-09 14:28:00-04:00,10.149900436401367,10.149900436401367,10.145000457763672,10.145000457763672,650,0.0,0.0
2024-10-09 14:29:00-04:00,10.149999618530273,10.154999732971191,10.149999618530273,10.154999732971191,3206,0.0,0.0
2024-10-09 14:30:00-04:00,10.154999732971191,10.154999732971191,10.154999732971191,10.154999732971191,2341,0.0,0.0
2024-10-09 14:33:00-04:00,10.150099754333496,10.154999732971191,10.149999618530273,10.154999732971191,695,0.0,0.0
2024-10-09 14:34:00-04:00,10.150099754333496,10.15999984741211,10.150099754333496,10.15999984741211,597,0.0,0.0
2024-10-09 14:35:00-04:00,10.150099754333496,10.159899711608887,10.150099754333496,10.150099754333496,2749,0.0,0.0
2024-10-09 14:42:00-04:00,10.154999732971191,10.154999732971191,10.154999732971191,10.154999732971191,886,0.0,0.0
2024-10-09 14:43:00-04:00,10.149999618530273,10.149999618530273,10.149999618530273,10.149999618530273,388,0.0,0.0
2024-10-09 14:44:00-04:00,10.154999732971191,10.154999732971191,10.154999732971191,10.154999732971191,203,0.0,0.0
2024-10-09 14:45:00-04:00,10.154999732971191,10.154999732971191,10.154999732971191,10.154999732971191,299,0.0,0.0
2024-10-09 14:46:00-04:00,10.150099754333496,10.150099754333496,10.150099754333496,10.150099754333496,587,0.0,0.0
2024-10-09 14:48:00-04:00,10.149999618530273,10.149999618530273,10.149999618530273,10.149999618530273,228,0.0,0.0
2024-10-09 14:49:00-04:00,10.150099754333496,10.150099754333496,10.149999618530273,10.149999618530273,2538,0.0,0.0
2024-10-09 14:50:00-04:00,10.152999877929688,10.154999732971191,10.152999877929688,10.154999732971191,2017,0.0,0.0
2024-10-09 14:52:00-04:00,10.154999732971191,10.154999732971191,10.154999732971191,10.154999732971191,796,0.0,0.0
2024-10-09 14:54:00-04:00,10.151100158691406,10.159199714660645,10.149999618530273,10.149999618530273,2269,0.0,0.0
2024-10-09 14:55:00-04:00,10.151200294494629,10.151200294494629,10.151200294494629,10.151200294494629,580,0.0,0.0
2024-10-09 14:57:00-04:00,10.154999732971191,10.154999732971191,10.154999732971191,10.154999732971191,153,0.0,0.0
2024-10-09 14:58:00-04:00,10.151000022888184,10.154999732971191,10.149999618530273,10.154999732971191,921,0.0,0.0
2024-10-09 14:59:00-04:00,10.151100158691406,10.151100158691406,10.149999618530273,10.149999618530273,604,0.0,0.0
2024-10-09 15:00:00-04:00,10.154999732971191,10.154999732971191,10.149999618530273,10.149999618530273,709,0.0,0.0
2024-10-09 15:01:00-04:00,10.154999732971191,10.154999732971191,10.154999732971191,10.154999732971191,7041,0.0,0.0
2024-10-09 15:02:00-04:00,10.149999618530273,10.149999618530273,10.149999618530273,10.149999618530273,334,0.0,0.0
2024-10-09 15:03:00-04:00,10.150099754333496,10.154999732971191,10.150099754333496,10.154999732971191,538,0.0,0.0
2024-10-09 15:04:00-04:00,10.149999618530273,10.151100158691406,10.149999618530273,10.151100158691406,1147,0.0,0.0
2024-10-09 15:07:00-04:00,10.154999732971191,10.154999732971191,10.154999732971191,10.154999732971191,120,0.0,0.0
2024-10-09 15:08:00-04:00,10.154999732971191,10.154999732971191,10.154999732971191,10.154999732971191,282,0.0,0.0
2024-10-09 15:09:00-04:00,10.157999992370605,10.157999992370605,10.157999992370605,10.157999992370605,157,0.0,0.0
2024-10-09 15:10:00-04:00,10.154999732971191,10.154999732971191,10.154999732971191,10.154999732971191,629,0.0,0.0
2024-10-09 15:11:00-04:00,10.150099754333496,10.150099754333496,10.150099754333496,10.150099754333496,316,0.0,0.0
2024-10-09 15:13:00-04:00,10.152000427246094,10.152000427246094,10.150099754333496,10.150099754333496,2663,0.0,0.0
2024-10-09 15:14:00-04:00,10.154000282287598,10.154000282287598,10.154000282287598,10.154000282287598,326,0.0,0.0
2024-10-09 15:15:00-04:00,10.150099754333496,10.157999992370605,10.150099754333496,10.157999992370605,1036,0.0,0.0
2024-10-09 15:16:00-04:00,10.154999732971191,10.154999732971191,10.154999732971191,10.154999732971191,626,0.0,0.0
2024-10-09 15:18:00-04:00,10.154999732971191,10.15999984741211,10.154999732971191,10.15999984741211,3064,0.0,0.0
2024-10-09 15:20:00-04:00,10.151300430297852,10.151300430297852,10.151300430297852,10.151300430297852,365,0.0,0.0
2024-10-09 15:21:00-04:00,10.158499717712402,10.15999984741211,10.150099754333496,10.15999984741211,529,0.0,0.0
2024-10-09 15:22:00-04:00,10.154999732971191,10.154999732971191,10.154999732971191,10.154999732971191,1125,0.0,0.0
2024-10-09 15:23:00-04:00,10.15999984741211,10.15999984741211,10.15999984741211,10.15999984741211,672,0.0,0.0
2024-10-09 15:24:00-04:00,10.154999732971191,10.15999984741211,10.154999732971191,10.15999984741211,1610,0.0,0.0
2024-10-09 15:27:00-04:00,10.15999984741211,10.15999984741211,10.15999984741211,10.15999984741211,550,0.0,0.0
2024-10-09 15:30:00-04:00,10.153800010681152,10.15999984741211,10.153800010681152,10.15999984741211,899,0.0,0.0
2024-10-09 15:31:00-04:00,10.151300430297852,10.151300430297852,10.151300430297852,10.151300430297852,737,0.0,0.0
2024-10-09 15:32:00-04:00,10.15999984741211,10.15999984741211,10.15999984741211,10.15999984741211,719,0.0,0.0
2024-10-09 15:33:00-04:00,10.154999732971191,10.164999961853027,10.154999732971191,10.164999961853027,10006,0.0,0.0
2024-10-09 15:36:00-04:00,10.164999961853027,10.164999961853027,10.164999961853027,10.164999961853027,910,0.0,0.0
2024-10-09 15:37:00-04:00,10.164999961853027,10.164999961853027,10.164999961853027,10.164999961853027,238,0.0,0.0
2024-10-09 15:38:00-04:00,10.16919994354248,10.16919994354248,10.164999961853027,10.164999961853027,2374,0.0,0.0
2024-10-09 15:39:00-04:00,10.161199569702148,10.161199569702148,10.161199569702148,10.161199569702148,363,0.0,0.0
2024-10-09 15:40:00-04:00,10.164999961853027,10.164999961853027,10.149999618530273,10.154999732971191,21840,0.0,0.0
2024-10-09 15:41:00-04:00,10.150699615478516,10.150699615478516,10.149999618530273,10.149999618530273,3517,0.0,0.0
2024-10-09 15:42:00-04:00,10.154999732971191,10.154999732971191,10.154999732971191,10.154999732971191,741,0.0,0.0
2024-10-09 15:43:00-04:00,10.155431747436523,10.155431747436523,10.149999618530273,10.149999618530273,296,0.0,0.0
2024-10-09 15:44:00-04:00,10.151409149169922,10.151409149169922,10.149999618530273,10.149999618530273,447,0.0,0.0
2024-10-09 15:46:00-04:00,10.149999618530273,10.154999732971191,10.149999618530273,10.154999732971191,1058,0.0,0.0
2024-10-09 15:47:00-04:00,10.154999732971191,10.154999732971191,10.149999618530273,10.149999618530273,526,0.0,0.0
2024-10-09 15:48:00-04:00,10.150099754333496,10.150899887084961,10.149999618530273,10.149999618530273,1399,0.0,0.0
2024-10-09 15:49:00-04:00,10.151599884033203,10.151599884033203,10.149999618530273,10.149999618530273,691,0.0,0.0
2024-10-09 15:50:00-04:00,10.149999618530273,10.15999984741211,10.149999618530273,10.15999984741211,16439,0.0,0.0
2024-10-09 15:51:00-04:00,10.154999732971191,10.158100128173828,10.154999732971191,10.158100128173828,1627,0.0,0.0
2024-10-09 15:52:00-04:00,10.15999984741211,10.15999984741211,10.159000396728516,10.159000396728516,1728,0.0,0.0
2024-10-09 15:53:00-04:00,10.154999732971191,10.159899711608887,10.154999732971191,10.154999732971191,4080,0.0,0.0
2024-10-09 15:54:00-04:00,10.15999984741211,10.164999961853027,10.15999984741211,10.164999961853027,10225,0.0,0.0
2024-10-09 15:55:00-04:00,10.164999961853027,10.164999961853027,10.164999961853027,10.164999961853027,2770,0.0,0.0
2024-10-09 15:56:00-04:00,10.164999961853027,10.170000076293945,10.15999984741211,10.170000076293945,5020,0.0,0.0
2024-10-09 15:57:00-04:00,10.164999961853027,10.170000076293945,10.164999961853027,10.164999961853027,950,0.0,0.0
2024-10-09 15:58:00-04:00,10.170000076293945,10.170000076293945,10.15999984741211,10.164999961853027,3229,0.0,0.0
2024-10-09 15:59:00-04:00,10.170000076293945,10.170000076293945,10.149999618530273,10.15999984741211,34359,0.0,0.0
2024-10-10 09:30:00-04:00,10.119999885559082,10.130000114440918,10.109999656677246,10.109999656677246,88732,0.0,0.0
2024-10-10 09:32:00-04:00,10.11240005493164,10.114999771118164,10.11240005493164,10.114999771118164,1168,0.0,0.0
2024-10-10 09:33:00-04:00,10.114999771118164,10.114999771118164,10.095000267028809,10.095000267028809,3493,0.0,0.0
2024-10-10 09:34:00-04:00,10.100000381469727,10.100099563598633,10.098199844360352,10.098199844360352,2275,0.0,0.0
2024-10-10 09:35:00-04:00,10.095000267028809,10.095000267028809,10.09000015258789,10.09000015258789,1831,0.0,0.0
2024-10-10 09:36:00-04:00,10.079999923706055,10.083999633789062,10.071000099182129,10.071000099182129,1362,0.0,0.0
2024-10-10 09:37:00-04:00,10.079899787902832,10.079899787902832,10.074999809265137,10.074999809265137,981,0.0,0.0
2024-10-10 09:39:00-04:00,10.06820011138916,10.06820011138916,10.0649995803833,10.0649995803833,400,0.0,0.0
2024-10-10 09:40:00-04:00,10.069999694824219,10.069999694824219,10.050000190734863,10.050000190734863,6636,0.0,0.0
2024-10-10 09:41:00-04:00,10.050000190734863,10.050000190734863,10.050000190734863,10.050000190734863,8007,0.0,0.0
2024-10-10 09:42:00-04:00,10.0600004196167,10.0600004196167,10.055399894714355,10.055399894714355,1569,0.0,0.0
2024-10-10 09:43:00-04:00,10.05459976196289,10.055000305175781,10.05459976196289,10.055000305175781,3373,0.0,0.0
2024-10-10 09:44:00-04:00,10.055000305175781,10.055000305175781,10.050000190734863,10.050000190734863,1717,0.0,0.0
2024-10-10 09:45:00-04:00,10.039999961853027,10.045000076293945,10.039999961853027,10.045000076293945,1403,0.0,0.0
2024-10-10 09:46:00-04:00,10.050000190734863,10.055000305175781,10.050000190734863,10.055000305175781,6628,0.0,0.0
2024-10-10 09:47:00-04:00,10.050200462341309,10.050200462341309,10.050000190734863,10.050000190734863,2181,0.0,0.0
2024-10-10 09:48:00-04:00,10.050000190734863,10.05109977722168,10.039999961853027,10.039999961853027,6996,0.0,0.0
2024-10-10 09:49:00-04:00,10.039999961853027,10.039999961853027,10.039999961853027,10.039999961853027,6221,0.0,0.0
2024-10-10 09:50:00-04:00,10.029999732971191,10.029999732971191,10.024999618530273,10.024999618530273,723,0.0,0.0
2024-10-10 09:51:00-04:00,10.024999618530273,10.029899597167969,10.024999618530273,10.024999618530273,1729,0.0,0.0
2024-10-10 09:52:00-04:00,10.02970027923584,10.03499984741211,10.02810001373291,10.03499984741211,8027,0.0,0.0
2024-10-10 09:53:00-04:00,10.039999961853027,10.039999961853027,10.039999961853027,10.039999961853027,200,0.0,0.0
2024-10-10 09:54:00-04:00,10.045000076293945,10.045000076293945,10.039999961853027,10.039999961853027,2032,0.0,0.0
2024-10-10 09:55:00-04:00,10.03499984741211,10.039999961853027,10.029999732971191,10.03499984741211,4670,0.0,0.0
2024-10-10 09:56:00-04:00,10.03499984741211,10.03499984741211,10.029999732971191,10.029999732971191,563,0.0,0.0
2024-10-10 09:57:00-04:00,10.03499984741211,10.03499984741211,10.029999732971191,10.029999732971191,2132,0.0,0.0
2024-10-10 09:58:00-04:00,10.039299964904785,10.039999961853027,10.029999732971191,10.029999732971191,1894,0.0,0.0
2024-10-10 09:59:00-04:00,10.029999732971191,10.031299591064453,10.020000457763672,10.024999618530273,3417,0.0,0.0
2024-10-10 10:00:00-04:00,10.029999732971191,10.029999732971191,10.024999618530273,10.024999618530273,1942,0.0,0.0
2024-10-10 10:01:00-04:00,10.024999618530273,10.024999618530273,10.020000457763672,10.024999618530273,4762,0.0,0.0
2024-10-10 10:02:00-04:00,10.020000457763672,10.020000457763672,10.020000457763672,10.020000457763672,906,0.0,0.0
2024-10-10 10:03:00-04:00,10.020000457763672,10.029999732971191,10.020000457763672,10.024999618530273,3704,0.0,0.0
2024-10-10 10:04:00-04:00,10.020000457763672,10.020000457763672,10.020000457763672,10.020000457763672,600,0.0,0.0
2024-10-10 10:05:00-04:00,10.024999618530273,10.029999732971191,10.024999618530273,10.029999732971191,700,0.0,0.0
2024-10-10 10:06:00-04:00,10.024999618530273,10.024999618530273,10.024999618530273,10.024999618530273,1049,0.0,0.0
2024-10-10 10:07:00-04:00,10.020000457763672,10.020000457763672,10.020000457763672,10.020000457763672,1150,0.0,0.0
2024-10-10 10:08:00-04:00,10.020000457763672,10.024999618530273,10.020000457763672,10.024999618530273,2024,0.0,0.0
2024-10-10 10:11:00-04:00,10.024999618530273,10.03499984741211,10.024999618530273,10.03499984741211,7187,0.0,0.0
2024-10-10 10:12:00-04:00,10.029999732971191,10.029999732971191,10.020000457763672,10.029999732971191,20710,0.0,0.0
2024-10-10 10:13:00-04:00,10.029999732971191,10.029999732971191,10.024999618530273,10.029999732971191,3238,0.0,0.0
2024-10-10 10:14:00-04:00,10.029999732971191,10.039899826049805,10.029999732971191,10.03499984741211,700,0.0,0.0
2024-10-10 10:15:00-04:00,10.030099868774414,10.038900375366211,10.029999732971191,10.038900375366211,7555,0.0,0.0
2024-10-10 10:16:00-04:00,10.03499984741211,10.03499984741211,10.029999732971191,10.029999732971191,7674,0.0,0.0
2024-10-10 10:17:00-04:00,10.034199714660645,10.03499984741211,10.034199714660645,10.03499984741211,1669,0.0,0.0
2024-10-10 10:18:00-04:00,10.030099868774414,10.039999961853027,10.030099868774414,10.039999961853027,2064,0.0,0.0
2024-10-10 10:19:00-04:00,10.044400215148926,10.045000076293945,10.04010009765625,10.045000076293945,751,0.0,0.0
2024-10-10 10:20:00-04:00,10.04990005493164,10.04990005493164,10.039999961853027,10.039999961853027,3016,0.0,0.0
2024-10-10 10:21:00-04:00,10.048999786376953,10.04990005493164,10.039999961853027,10.039999961853027,6533,0.0,0.0
2024-10-10 10:22:00-04:00,10.045000076293945,10.045000076293945,10.045000076293945,10.045000076293945,406,0.0,0.0
2024-10-10 10:23:00-04:00,10.045000076293945,10.045000076293945,10.039999961853027,10.039999961853027,7141,0.0,0.0
2024-10-10 10:24:00-04:00,10.050000190734863,10.050000190734863,10.044590950012207,10.045000076293945,1526,0.0,0.0
2024-10-10 10:26:00-04:00,10.039999961853027,10.039999961853027,10.03499984741211,10.03499984741211,10104,0.0,0.0
2024-10-10 10:28:00-04:00,10.029999732971191,10.029999732971191,10.020000457763672,10.020000457763672,4436,0.0,0.0
2024-10-10 10:29:00-04:00,10.020000457763672,10.029999732971191,10.020000457763672,10.029999732971191,5630,0.0,0.0
2024-10-10 10:31:00-04:00,10.020000457763672,10.020000457763672,10.015000343322754,10.015000343322754,2062,0.0,0.0
2024-10-10 10:32:00-04:00,10.015000343322754,10.015000343322754,10.015000343322754,10.015000343322754,846,0.0,0.0
2024-10-10 10:33:00-04:00,10.015000343322754,10.020000457763672,10.015000343322754,10.015999794006348,2641,0.0,0.0
2024-10-10 10:35:00-04:00,10.01930046081543,10.020000457763672,10.015000343322754,10.015000343322754,2749,0.0,0.0
2024-10-10 10:36:00-04:00,10.015000343322754,10.015000343322754,10.010000228881836,10.015000343322754,4240,0.0,0.0
2024-10-10 10:37:00-04:00,10.015000343322754,10.015000343322754,10.010000228881836,10.015000343322754,574,0.0,0.0
2024-10-10 10:38:00-04:00,10.015000343322754,10.015000343322754,10.010000228881836,10.010000228881836,942,0.0,0.0
2024-10-10 10:39:00-04:00,10.015000343322754,10.015000343322754,10.010000228881836,10.010000228881836,7319,0.0,0.0
2024-10-10 10:40:00-04:00,10.005000114440918,10.007800102233887,10.0,10.005000114440918,2538,0.0,0.0
2024-10-10 10:41:00-04:00,10.0,10.000399589538574,9.994999885559082,9.994999885559082,4796,0.0,0.0
2024-10-10 10:42:00-04:00,9.994999885559082,10.005000114440918,9.990099906921387,10.003999710083008,5755,0.0,0.0
2024-10-10 10:43:00-04:00,10.005000114440918,10.005000114440918,10.005000114440918,10.005000114440918,955,0.0,0.0
2024-10-10 10:44:00-04:00,10.000300407409668,10.020000457763672,10.000300407409668,10.010000228881836,4891,0.0,0.0
2024-10-10 10:45:00-04:00,10.015000343322754,10.020000457763672,10.010000228881836,10.015000343322754,705,0.0,0.0
2024-10-10 10:46:00-04:00,10.015000343322754,10.015000343322754,10.010000228881836,10.010000228881836,7832,0.0,0.0
2024-10-10 10:47:00-04:00,10.015000343322754,10.020000457763672,10.015000343322754,10.020000457763672,859,0.0,0.0
2024-10-10 10:48:00-04:00,10.015000343322754,10.018600463867188,10.015000343322754,10.018600463867188,304,0.0,0.0
2024-10-10 10:49:00-04:00,10.015000343322754,10.024999618530273,10.015000343322754,10.024999618530273,4121,0.0,0.0
2024-10-10 10:50:00-04:00,10.024999618530273,10.029999732971191,10.024999618530273,10.029999732971191,925,0.0,0.0
2024-10-10 10:52:00-04:00,10.024999618530273,10.024999618530273,10.024999618530273,10.024999618530273,2515,0.0,0.0
2024-10-10 10:53:00-04:00,10.024999618530273,10.029999732971191,10.024999618530273,10.024999618530273,6635,0.0,0.0
2024-10-10 10:54:00-04:00,10.029999732971191,10.029999732971191,10.024999618530273,10.024999618530273,4583,0.0,0.0
2024-10-10 10:55:00-04:00,10.029999732971191,10.029999732971191,10.029999732971191,10.029999732971191,651,0.0,0.0
2024-10-10 10:56:00-04:00,10.024999618530273,10.024999618530273,10.024999618530273,10.024999618530273,345,0.0,0.0
2024-10-10 10:57:00-04:00,10.024999618530273,10.024999618530273,10.024999618530273,10.024999618530273,150,0.0,0.0
2024-10-10 10:58:00-04:00,10.024999618530273,10.024999618530273,10.023500442504883,10.023500442504883,723,0.0,0.0
2024-10-10 10:59:00-04:00,10.024999618530273,10.024999618530273,10.024999618530273,10.024999618530273,643,0.0,0.0
2024-10-10 11:00:00-04:00,10.024999618530273,10.024999618530273,10.024999618530273,10.024999618530273,801,0.0,0.0
2024-10-10 11:02:00-04:00,10.024999618530273,10.024999618530273,10.024999618530273,10.024999618530273,100,0.0,0.0
2024-10-10 11:03:00-04:00,10.020000457763672,10.020000457763672,10.015000343322754,10.020000457763672,6519,0.0,0.0
2024-10-10 11:04:00-04:00,10.020000457763672,10.029999732971191,10.020000457763672,10.029999732971191,2476,0.0,0.0
2024-10-10 11:05:00-04:00,10.024999618530273,10.03499984741211,10.024999618530273,10.03499984741211,5285,0.0,0.0
2024-10-10 11:06:00-04:00,10.03499984741211,10.039999961853027,10.03499984741211,10.039999961853027,3936,0.0,0.0
2024-10-10 11:07:00-04:00,10.048299789428711,10.050000190734863,10.048299789428711,10.050000190734863,806,0.0,0.0
2024-10-10 11:08:00-04:00,10.05109977722168,10.05109977722168,10.045000076293945,10.045000076293945,6924,0.0,0.0
2024-10-10 11:09:00-04:00,10.04990005493164,10.04990005493164,10.039999961853027,10.039999961853027,11140,0.0,0.0
2024-10-10 11:10:00-04:00,10.045000076293945,10.045000076293945,10.045000076293945,10.045000076293945,400,0.0,0.0
2024-10-10 11:11:00-04:00,10.045000076293945,10.045000076293945,10.045000076293945,10.045000076293945,2320,0.0,0.0
2024-10-10 11:12:00-04:00,10.045000076293945,10.045000076293945,10.045000076293945,10.045000076293945,4034,0.0,0.0
2024-10-10 11:13:00-04:00,10.045000076293945,10.045000076293945,10.045000076293945,10.045000076293945,1004,0.0,0.0
2024-10-10 11:14:00-04:00,10.045000076293945,10.045000076293945,10.045000076293945,10.045000076293945,310,0.0,0.0
2024-10-10 11:15:00-04:00,10.045000076293945,10.050000190734863,10.045000076293945,10.04990005493164,1131,0.0,0.0
2024-10-10 11:16:00-04:00,10.045000076293945,10.04889965057373,10.040900230407715,10.04889965057373,1083,0.0,0.0
2024-10-10 11:17:00-04:00,10.046677589416504,10.046677589416504,10.045000076293945,10.045000076293945,4533,0.0,0.0
2024-10-10 11:18:00-04:00,10.045000076293945,10.050000190734863,10.045000076293945,10.045000076293945,2624,0.0,0.0
2024-10-10 11:19:00-04:00,10.050000190734863,10.050000190734863,10.050000190734863,10.050000190734863,859,0.0,0.0
2024-10-10 11:20:00-04:00,10.04990005493164,10.04990005493164,10.045000076293945,10.045000076293945,1552,0.0,0.0
2024-10-10 11:21:00-04:00,10.045000076293945,10.045000076293945,10.045000076293945,10.045000076293945,154,0.0,0.0
2024-10-10 11:22:00-04:00,10.045000076293945,10.050000190734863,10.039999961853027,10.045000076293945,726,0.0,0.0
2024-10-10 11:23:00-04:00,10.045000076293945,10.045000076293945,10.045000076293945,10.045000076293945,369,0.0,0.0
2024-10-10 11:24:00-04:00,10.045000076293945,10.045000076293945,10.039999961853027,10.039999961853027,904,0.0,0.0
2024-10-10 11:25:00-04:00,10.045000076293945,10.045000076293945,10.03499984741211,10.03499984741211,5538,0.0,0.0
2024-10-10 11:26:00-04:00,10.030699729919434,10.045000076293945,10.030099868774414,10.039999961853027,5279,0.0,0.0
2024-10-10 11:27:00-04:00,10.045000076293945,10.045000076293945,10.045000076293945,10.045000076293945,5308,0.0,0.0
2024-10-10 11:28:00-04:00,10.045000076293945,10.045000076293945,10.045000076293945,10.045000076293945,1347,0.0,0.0
2024-10-10 11:29:00-04:00,10.045000076293945,10.050000190734863,10.045000076293945,10.045000076293945,6234,0.0,0.0
2024-10-10 11:30:00-04:00,10.045000076293945,10.050000190734863,10.045000076293945,10.050000190734863,34254,0.0,0.0
2024-10-10 11:31:00-04:00,10.055000305175781,10.055000305175781,10.055000305175781,10.055000305175781,1294,0.0,0.0
2024-10-10 11:32:00-04:00,10.050000190734863,10.050000190734863,10.045000076293945,10.045000076293945,11018,0.0,0.0
2024-10-10 11:33:00-04:00,10.045000076293945,10.045000076293945,10.045000076293945,10.045000076293945,204,0.0,0.0
2024-10-10 11:34:00-04:00,10.045000076293945,10.0600004196167,10.045000076293945,10.0600004196167,69910,0.0,0.0
2024-10-10 11:35:00-04:00,10.0649995803833,10.0649995803833,10.0649995803833,10.0649995803833,944,0.0,0.0
2024-10-10 11:37:00-04:00,10.0649995803833,10.0649995803833,10.0600004196167,10.0649995803833,2110,0.0,0.0
2024-10-10 11:38:00-04:00,10.0649995803833,10.069999694824219,10.060099601745605,10.060099601745605,3206,0.0,0.0
2024-10-10 11:39:00-04:00,10.0649995803833,10.069999694824219,10.0649995803833,10.0649995803833,1752,0.0,0.0
2024-10-10 11:41:00-04:00,10.0649995803833,10.0649995803833,10.064000129699707,10.0649995803833,2390,0.0,0.0
2024-10-10 11:42:00-04:00,10.069999694824219,10.069999694824219,10.0649995803833,10.0649995803833,1646,0.0,0.0
2024-10-10 11:43:00-04:00,10.0649995803833,10.0649995803833,10.0649995803833,10.0649995803833,323,0.0,0.0
2024-10-10 11:44:00-04:00,10.0649995803833,10.0649995803833,10.0649995803833,10.0649995803833,934,0.0,0.0
2024-10-10 11:45:00-04:00,10.0649995803833,10.0649995803833,10.0649995803833,10.0649995803833,214,0.0,0.0
2024-10-10 11:46:00-04:00,10.0649995803833,10.0649995803833,10.0649995803833,10.0649995803833,3037,0.0,0.0
2024-10-10 11:47:00-04:00,10.0649995803833,10.0649995803833,10.060099601745605,10.0649995803833,4013,0.0,0.0
2024-10-10 11:48:00-04:00,10.0649995803833,10.0649995803833,10.0649995803833,10.0649995803833,339,0.0,0.0
2024-10-10 11:49:00-04:00,10.0600004196167,10.0649995803833,10.0600004196167,10.0649995803833,336,0.0,0.0
2024-10-10 11:51:00-04:00,10.069999694824219,10.069999694824219,10.069999694824219,10.069999694824219,262,0.0,0.0
2024-10-10 11:52:00-04:00,10.0649995803833,10.0649995803833,10.0649995803833,10.0649995803833,289,0.0,0.0
2024-10-10 11:53:00-04:00,10.0649995803833,10.0649995803833,10.0649995803833,10.0649995803833,1704,0.0,0.0
2024-10-10 11:54:00-04:00,10.0649995803833,10.0649995803833,10.0649995803833,10.0649995803833,5393,0.0,0.0
2024-10-10 11:55:00-04:00,10.069999694824219,10.074999809265137,10.069999694824219,10.074999809265137,1693,0.0,0.0
2024-10-10 11:56:00-04:00,10.074999809265137,10.074999809265137,10.074999809265137,10.074999809265137,567,0.0,0.0
2024-10-10 11:58:00-04:00,10.079999923706055,10.079999923706055,10.074999809265137,10.074999809265137,701,0.0,0.0
2024-10-10 11:59:00-04:00,10.079999923706055,10.085000038146973,10.079999923706055,10.085000038146973,635,0.0,0.0
2024-10-10 12:00:00-04:00,10.085000038146973,10.085000038146973,10.085000038146973,10.085000038146973,1085,0.0,0.0
2024-10-10 12:02:00-04:00,10.085000038146973,10.09000015258789,10.085000038146973,10.09000015258789,1126,0.0,0.0
2024-10-10 12:04:00-04:00,10.09000015258789,10.09000015258789,10.09000015258789,10.09000015258789,218,0.0,0.0
2024-10-10 12:05:00-04:00,10.089900016784668,10.089900016784668,10.089900016784668,10.089900016784668,232,0.0,0.0
2024-10-10 12:06:00-04:00,10.089099884033203,10.089099884033203,10.089099884033203,10.089099884033203,1747,0.0,0.0
2024-10-10 12:09:00-04:00,10.085000038146973,10.09000015258789,10.085000038146973,10.09000015258789,857,0.0,0.0
2024-10-10 12:11:00-04:00,10.09000015258789,10.09000015258789,10.09000015258789,10.09000015258789,162,0.0,0.0
2024-10-10 12:12:00-04:00,10.09000015258789,10.095000267028809,10.09000015258789,10.090299606323242,4716,0.0,0.0
2024-10-10 12:14:00-04:00,10.095000267028809,10.095000267028809,10.095000267028809,10.095000267028809,246,0.0,0.0
2024-10-10 12:15:00-04:00,10.095000267028809,10.095000267028809,10.091699600219727,10.091699600219727,322,0.0,0.0
2024-10-10 12:17:00-04:00,10.095000267028809,10.095000267028809,10.095000267028809,10.095000267028809,765,0.0,0.0
2024-10-10 12:18:00-04:00,10.095000267028809,10.095000267028809,10.09000015258789,10.09000015258789,900,0.0,0.0
2024-10-10 12:19:00-04:00,10.095000267028809,10.095000267028809,10.095000267028809,10.095000267028809,682,0.0,0.0
2024-10-10 12:20:00-04:00,10.09000015258789,10.09000015258789,10.09000015258789,10.09000015258789,250,0.0,0.0
2024-10-10 12:21:00-04:00,10.09000015258789,10.09000015258789,10.09000015258789,10.09000015258789,176,0.0,0.0
2024-10-10 12:22:00-04:00,10.095000267028809,10.095000267028809,10.079999923706055,10.079999923706055,5510,0.0,0.0
2024-10-10 12:23:00-04:00,10.079999923706055,10.079999923706055,10.079999923706055,10.079999923706055,791,0.0,0.0
2024-10-10 12:24:00-04:00,10.085000038146973,10.085000038146973,10.079999923706055,10.079999923706055,600,0.0,0.0
2024-10-10 12:25:00-04:00,10.079999923706055,10.079999923706055,10.079999923706055,10.079999923706055,101,0.0,0.0
2024-10-10 12:26:00-04:00,10.080100059509277,10.080100059509277,10.079999923706055,10.079999923706055,467,0.0,0.0
2024-10-10 12:28:00-04:00,10.079999923706055,10.079999923706055,10.079999923706055,10.079999923706055,1176,0.0,0.0
2024-10-10 12:31:00-04:00,10.079999923706055,10.079999923706055,10.074999809265137,10.074999809265137,2740,0.0,0.0
2024-10-10 12:32:00-04:00,10.069999694824219,10.069999694824219,10.069999694824219,10.069999694824219,459,0.0,0.0
2024-10-10 12:33:00-04:00,10.074999809265137,10.079999923706055,10.069999694824219,10.069999694824219,1125,0.0,0.0
2024-10-10 12:34:00-04:00,10.074999809265137,10.07800006866455,10.069999694824219,10.069999694824219,2106,0.0,0.0
2024-10-10 12:35:00-04:00,10.069999694824219,10.069999694824219,10.069999694824219,10.069999694824219,166,0.0,0.0
2024-10-10 12:37:00-04:00,10.074999809265137,10.074999809265137,10.069999694824219,10.069999694824219,2915,0.0,0.0
2024-10-10 12:38:00-04:00,10.079899787902832,10.079899787902832,10.069999694824219,10.069999694824219,756,0.0,0.0
2024-10-10 12:39:00-04:00,10.074999809265137,10.074999809265137,10.069999694824219,10.069999694824219,795,0.0,0.0
2024-10-10 12:40:00-04:00,10.069999694824219,10.069999694824219,10.069999694824219,10.069999694824219,100,0.0,0.0
2024-10-10 12:41:00-04:00,10.074999809265137,10.074999809265137,10.069999694824219,10.069999694824219,1549,0.0,0.0
2024-10-10 12:42:00-04:00,10.079999923706055,10.079999923706055,10.069999694824219,10.069999694824219,862,0.0,0.0
2024-10-10 12:43:00-04:00,10.069999694824219,10.074999809265137,10.069999694824219,10.074999809265137,291,0.0,0.0
2024-10-10 12:44:00-04:00,10.069999694824219,10.074999809265137,10.069999694824219,10.069999694824219,10090,0.0,0.0
2024-10-10 12:45:00-04:00,10.069999694824219,10.069999694824219,10.069999694824219,10.069999694824219,1093,0.0,0.0
2024-10-10 12:46:00-04:00,10.074999809265137,10.074999809265137,10.069999694824219,10.069999694824219,2320,0.0,0.0
2024-10-10 12:47:00-04:00,10.0600004196167,10.0649995803833,10.0600004196167,10.0649995803833,3091,0.0,0.0
2024-10-10 12:48:00-04:00,10.0600004196167,10.0600004196167,10.039999961853027,10.055000305175781,48455,0.0,0.0
2024-10-10 12:49:00-04:00,10.055000305175781,10.055000305175781,10.050000190734863,10.050000190734863,2112,0.0,0.0
2024-10-10 12:50:00-04:00,10.039999961853027,10.045000076293945,10.039999961853027,10.045000076293945,2059,0.0,0.0
2024-10-10 12:52:00-04:00,10.045000076293945,10.045000076293945,10.045000076293945,10.045000076293945,1706,0.0,0.0
2024-10-10 12:53:00-04:00,10.045000076293945,10.045000076293945,10.045000076293945,10.045000076293945,725,0.0,0.0
2024-10-10 12:54:00-04:00,10.045000076293945,10.045000076293945,10.045000076293945,10.045000076293945,1159,0.0,0.0
2024-10-10 12:55:00-04:00,10.045000076293945,10.045000076293945,10.045000076293945,10.045000076293945,1231,0.0,0.0
2024-10-10 12:56:00-04:00,10.039999961853027,10.050000190734863,10.039999961853027,10.039999961853027,1119,0.0,0.0
2024-10-10 12:57:00-04:00,10.045000076293945,10.045000076293945,10.039999961853027,10.039999961853027,2478,0.0,0.0
2024-10-10 12:58:00-04:00,10.039999961853027,10.050000190734863,10.039999961853027,10.045000076293945,10604,0.0,0.0
2024-10-10 12:59:00-04:00,10.045000076293945,10.045000076293945,10.045000076293945,10.045000076293945,602,0.0,0.0
2024-10-10 13:00:00-04:00,10.050000190734863,10.050000190734863,10.045000076293945,10.045000076293945,1131,0.0,0.0
2024-10-10 13:01:00-04:00,10.045000076293945,10.045000076293945,10.045000076293945,10.045000076293945,189,0.0,0.0
2024-10-10 13:02:00-04:00,10.050000190734863,10.050000190734863,10.050000190734863,10.050000190734863,100,0.0,0.0
2024-10-10 13:03:00-04:00,10.050000190734863,10.050000190734863,10.045000076293945,10.045000076293945,1137,0.0,0.0
2024-10-10 13:04:00-04:00,10.04010009765625,10.045000076293945,10.04010009765625,10.045000076293945,1446,0.0,0.0
2024-10-10 13:05:00-04:00,10.045000076293945,10.045000076293945,10.030099868774414,10.030099868774414,7968,0.0,0.0
2024-10-10 13:06:00-04:00,10.03499984741211,10.039999961853027,10.029999732971191,10.029999732971191,9051,0.0,0.0
2024-10-10 13:07:00-04:00,10.03499984741211,10.03499984741211,10.03499984741211,10.03499984741211,689,0.0,0.0
2024-10-10 13:09:00-04:00,10.029999732971191,10.029999732971191,10.020099639892578,10.020099639892578,2490,0.0,0.0
2024-10-10 13:10:00-04:00,10.021100044250488,10.024999618530273,10.021100044250488,10.024999618530273,1421,0.0,0.0
2024-10-10 13:11:00-04:00,10.029999732971191,10.029999732971191,10.024999618530273,10.024999618530273,5905,0.0,0.0
2024-10-10 13:13:00-04:00,10.024999618530273,10.024999618530273,10.024999618530273,10.024999618530273,1346,0.0,0.0
2024-10-10 13:14:00-04:00,10.024999618530273,10.024999618530273,10.024999618530273,10.024999618530273,632,0.0,0.0
2024-10-10 13:15:00-04:00,10.024999618530273,10.024999618530273,10.020000457763672,10.024999618530273,5630,0.0,0.0
2024-10-10 13:16:00-04:00,10.024999618530273,10.024999618530273,10.024999618530273,10.024999618530273,842,0.0,0.0
2024-10-10 13:17:00-04:00,10.020099639892578,10.024999618530273,10.020099639892578,10.024999618530273,1153,0.0,0.0
2024-10-10 13:18:00-04:00,10.029999732971191,10.029999732971191,10.028900146484375,10.029999732971191,2595,0.0,0.0
2024-10-10 13:19:00-04:00,10.029999732971191,10.029999732971191,10.020000457763672,10.024999618530273,7238,0.0,0.0
2024-10-10 13:20:00-04:00,10.029999732971191,10.029999732971191,10.029999732971191,10.029999732971191,1002,0.0,0.0
2024-10-10 13:21:00-04:00,10.029999732971191,10.039999961853027,10.029999732971191,10.039999961853027,8718,0.0,0.0
2024-10-10 13:22:00-04:00,10.030099868774414,10.050000190734863,10.030099868774414,10.050000190734863,4518,0.0,0.0
2024-10-10 13:23:00-04:00,10.050000190734863,10.050000190734863,10.050000190734863,10.050000190734863,234,0.0,0.0
2024-10-10 13:24:00-04:00,10.049799919128418,10.049799919128418,10.043460845947266,10.045000076293945,1783,0.0,0.0
2024-10-10 13:25:00-04:00,10.050000190734863,10.050000190734863,10.04990005493164,10.04990005493164,464,0.0,0.0
2024-10-10 13:26:00-04:00,10.045000076293945,10.045000076293945,10.045000076293945,10.045000076293945,372,0.0,0.0
2024-10-10 13:27:00-04:00,10.050000190734863,10.050000190734863,10.039999961853027,10.039999961853027,605,0.0,0.0
2024-10-10 13:28:00-04:00,10.050000190734863,10.050000190734863,10.050000190734863,10.050000190734863,247,0.0,0.0
2024-10-10 13:29:00-04:00,10.050000190734863,10.055000305175781,10.04010009765625,10.055000305175781,12100,0.0,0.0
2024-10-10 13:30:00-04:00,10.055000305175781,10.0600004196167,10.055000305175781,10.055000305175781,1236,0.0,0.0
2024-10-10 13:31:00-04:00,10.055000305175781,10.055000305175781,10.055000305175781,10.055000305175781,1096,0.0,0.0
2024-10-10 13:32:00-04:00,10.050000190734863,10.050000190734863,10.050000190734863,10.050000190734863,501,0.0,0.0
2024-10-10 13:35:00-04:00,10.058799743652344,10.058799743652344,10.058799743652344,10.058799743652344,497,0.0,0.0
2024-10-10 13:38:00-04:00,10.050100326538086,10.050100326538086,10.050100326538086,10.050100326538086,290,0.0,0.0
2024-10-10 13:39:00-04:00,10.055000305175781,10.055000305175781,10.055000305175781,10.055000305175781,3654,0.0,0.0
2024-10-10 13:41:00-04:00,10.055000305175781,10.059900283813477,10.050000190734863,10.055000305175781,12319,0.0,0.0
2024-10-10 13:42:00-04:00,10.056265830993652,10.056265830993652,10.050000190734863,10.055000305175781,8047,0.0,0.0
2024-10-10 13:43:00-04:00,10.055000305175781,10.0600004196167,10.055000305175781,10.055000305175781,1307,0.0,0.0
2024-10-10 13:44:00-04:00,10.058799743652344,10.058799743652344,10.055000305175781,10.055000305175781,744,0.0,0.0
2024-10-10 13:46:00-04:00,10.055000305175781,10.055000305175781,10.055000305175781,10.055000305175781,632,0.0,0.0
2024-10-10 13:47:00-04:00,10.050000190734863,10.055000305175781,10.050000190734863,10.050000190734863,485,0.0,0.0
2024-10-10 13:48:00-04:00,10.050000190734863,10.050000190734863,10.039999961853027,10.039999961853027,30559,0.0,0.0
2024-10-10 13:49:00-04:00,10.045000076293945,10.048600196838379,10.039999961853027,10.045000076293945,11272,0.0,0.0
2024-10-10 13:52:00-04:00,10.045000076293945,10.045000076293945,10.039999961853027,10.045000076293945,4724,0.0,0.0
2024-10-10 13:53:00-04:00,10.045000076293945,10.045000076293945,10.045000076293945,10.045000076293945,202,0.0,0.0
2024-10-10 13:54:00-04:00,10.045000076293945,10.050000190734863,10.045000076293945,10.045000076293945,1203,0.0,0.0
2024-10-10 13:55:00-04:00,10.045000076293945,10.045000076293945,10.045000076293945,10.045000076293945,1751,0.0,0.0
2024-10-10 13:56:00-04:00,10.050000190734863,10.050000190734863,10.050000190734863,10.050000190734863,311,0.0,0.0
2024-10-10 13:57:00-04:00,10.050000190734863,10.0600004196167,10.050000190734863,10.0600004196167,13393,0.0,0.0
2024-10-10 13:58:00-04:00,10.0600004196167,10.0600004196167,10.0600004196167,10.0600004196167,347,0.0,0.0
2024-10-10 13:59:00-04:00,10.05109977722168,10.0600004196167,10.05109977722168,10.0600004196167,1690,0.0,0.0
2024-10-10 14:00:00-04:00,10.0600004196167,10.0600004196167,10.055000305175781,10.055000305175781,4712,0.0,0.0
2024-10-10 14:01:00-04:00,10.055000305175781,10.055000305175781,10.055000305175781,10.055000305175781,444,0.0,0.0
2024-10-10 14:02:00-04:00,10.055000305175781,10.055000305175781,10.050000190734863,10.050000190734863,1036,0.0,0.0
2024-10-10 14:05:00-04:00,10.050000190734863,10.055000305175781,10.050000190734863,10.055000305175781,297,0.0,0.0
2024-10-10 14:06:00-04:00,10.050000190734863,10.050000190734863,10.050000190734863,10.050000190734863,371,0.0,0.0
2024-10-10 14:08:00-04:00,10.050000190734863,10.050000190734863,10.050000190734863,10.050000190734863,1044,0.0,0.0
2024-10-10 14:09:00-04:00,10.055000305175781,10.055000305175781,10.050000190734863,10.055000305175781,839,0.0,0.0
2024-10-10 14:11:00-04:00,10.055000305175781,10.055000305175781,10.055000305175781,10.055000305175781,135,0.0,0.0
2024-10-10 14:12:00-04:00,10.058600425720215,10.058600425720215,10.058600425720215,10.058600425720215,564,0.0,0.0
2024-10-10 14:13:00-04:00,10.055000305175781,10.055000305175781,10.050000190734863,10.050000190734863,1328,0.0,0.0
2024-10-10 14:16:00-04:00,10.050000190734863,10.050000190734863,10.050000190734863,10.050000190734863,406,0.0,0.0
2024-10-10 14:17:00-04:00,10.055000305175781,10.055000305175781,10.050000190734863,10.050000190734863,666,0.0,0.0
2024-10-10 14:18:00-04:00,10.055000305175781,10.055000305175781,10.050100326538086,10.050100326538086,753,0.0,0.0
2024-10-10 14:19:00-04:00,10.050000190734863,10.050000190734863,10.045000076293945,10.045000076293945,5978,0.0,0.0
2024-10-10 14:20:00-04:00,10.039999961853027,10.039999961853027,10.039999961853027,10.039999961853027,203,0.0,0.0
2024-10-10 14:21:00-04:00,10.039999961853027,10.039999961853027,10.039999961853027,10.039999961853027,874,0.0,0.0
2024-10-10 14:23:00-04:00,10.045000076293945,10.045000076293945,10.045000076293945,10.045000076293945,304,0.0,0.0
2024-10-10 14:24:00-04:00,10.04010009765625,10.04010009765625,10.04010009765625,10.04010009765625,254,0.0,0.0
2024-10-10 14:25:00-04:00,10.045999526977539,10.045999526977539,10.045999526977539,10.045999526977539,379,0.0,0.0
2024-10-10 14:26:00-04:00,10.045000076293945,10.045000076293945,10.045000076293945,10.045000076293945,305,0.0,0.0
2024-10-10 14:28:00-04:00,10.045000076293945,10.045000076293945,10.04010009765625,10.045000076293945,684,0.0,0.0
2024-10-10 14:29:00-04:00,10.050000190734863,10.050000190734863,10.045000076293945,10.045000076293945,303,0.0,0.0
2024-10-10 14:30:00-04:00,10.045000076293945,10.045000076293945,10.039999961853027,10.045000076293945,803,0.0,0.0
2024-10-10 14:31:00-04:00,10.039999961853027,10.039999961853027,10.039999961853027,10.039999961853027,146,0.0,0.0
2024-10-10 14:32:00-04:00,10.039999961853027,10.045000076293945,10.039999961853027,10.045000076293945,392,0.0,0.0
2024-10-10 14:33:00-04:00,10.045000076293945,10.045000076293945,10.045000076293945,10.045000076293945,491,0.0,0.0
2024-10-10 14:34:00-04:00,10.04010009765625,10.045000076293945,10.04010009765625,10.045000076293945,984,0.0,0.0
2024-10-10 14:35:00-04:00,10.045000076293945,10.045000076293945,10.039999961853027,10.039999961853027,746,0.0,0.0
2024-10-10 14:36:00-04:00,10.039999961853027,10.039999961853027,10.039999961853027,10.039999961853027,199,0.0,0.0
2024-10-10 14:37:00-04:00,10.041099548339844,10.045000076293945,10.04010009765625,10.045000076293945,1388,0.0,0.0
2024-10-10 14:39:00-04:00,10.039999961853027,10.039999961853027,10.039999961853027,10.039999961853027,349,0.0,0.0
2024-10-10 14:40:00-04:00,10.04990005493164,10.04990005493164,10.04990005493164,10.04990005493164,511,0.0,0.0
2024-10-10 14:42:00-04:00,10.045999526977539,10.045999526977539,10.039999961853027,10.039999961853027,562,0.0,0.0
2024-10-10 14:43:00-04:00,10.041099548339844,10.041099548339844,10.029999732971191,10.029999732971191,6465,0.0,0.0
2024-10-10 14:44:00-04:00,10.03499984741211,10.03499984741211,10.029999732971191,10.029999732971191,3060,0.0,0.0
2024-10-10 14:45:00-04:00,10.029999732971191,10.029999732971191,10.029999732971191,10.029999732971191,213,0.0,0.0
2024-10-10 14:46:00-04:00,10.03499984741211,10.03499984741211,10.030099868774414,10.030099868774414,494,0.0,0.0
2024-10-10 14:47:00-04:00,10.039999961853027,10.039999961853027,10.029999732971191,10.029999732971191,951,0.0,0.0
2024-10-10 14:48:00-04:00,10.03499984741211,10.03499984741211,10.029999732971191,10.029999732971191,4912,0.0,0.0
2024-10-10 14:49:00-04:00,10.029999732971191,10.03499984741211,10.029999732971191,10.03499984741211,1174,0.0,0.0
2024-10-10 14:50:00-04:00,10.03499984741211,10.039999961853027,10.03499984741211,10.03499984741211,2654,0.0,0.0
2024-10-10 14:51:00-04:00,10.03499984741211,10.038700103759766,10.03499984741211,10.03499984741211,574,0.0,0.0
2024-10-10 14:52:00-04:00,10.029999732971191,10.029999732971191,10.029999732971191,10.029999732971191,206,0.0,0.0
2024-10-10 14:54:00-04:00,10.029999732971191,10.03499984741211,10.029999732971191,10.03499984741211,3303,0.0,0.0
2024-10-10 14:55:00-04:00,10.029999732971191,10.030099868774414,10.029999732971191,10.030099868774414,897,0.0,0.0
2024-10-10 14:56:00-04:00,10.03499984741211,10.039999961853027,10.029999732971191,10.039999961853027,782,0.0,0.0
2024-10-10 14:57:00-04:00,10.029999732971191,10.03499984741211,10.029999732971191,10.03499984741211,706,0.0,0.0
2024-10-10 14:58:00-04:00,10.029999732971191,10.03499984741211,10.029999732971191,10.03499984741211,567,0.0,0.0
2024-10-10 14:59:00-04:00,10.03499984741211,10.038999557495117,10.029999732971191,10.03499984741211,11795,0.0,0.0
2024-10-10 15:00:00-04:00,10.03499984741211,10.03499984741211,10.03499984741211,10.03499984741211,2850,0.0,0.0
2024-10-10 15:01:00-04:00,10.03499984741211,10.03499984741211,10.03499984741211,10.03499984741211,1583,0.0,0.0
2024-10-10 15:03:00-04:00,10.03499984741211,10.03909969329834,10.03499984741211,10.03909969329834,1680,0.0,0.0
2024-10-10 15:04:00-04:00,10.03499984741211,10.038700103759766,10.029999732971191,10.029999732971191,2001,0.0,0.0
2024-10-10 15:05:00-04:00,10.03499984741211,10.03499984741211,10.029999732971191,10.029999732971191,355,0.0,0.0
2024-10-10 15:06:00-04:00,10.030099868774414,10.03499984741211,10.029999732971191,10.03499984741211,662,0.0,0.0
2024-10-10 15:07:00-04:00,10.029999732971191,10.039899826049805,10.029999732971191,10.039899826049805,477,0.0,0.0
2024-10-10 15:08:00-04:00,10.029999732971191,10.03499984741211,10.029999732971191,10.03499984741211,373,0.0,0.0
2024-10-10 15:09:00-04:00,10.029999732971191,10.03499984741211,10.029999732971191,10.03499984741211,919,0.0,0.0
2024-10-10 15:10:00-04:00,10.03499984741211,10.03499984741211,10.029999732971191,10.03499984741211,2997,0.0,0.0
2024-10-10 15:11:00-04:00,10.030099868774414,10.045000076293945,10.030099868774414,10.045000076293945,11376,0.0,0.0
2024-10-10 15:12:00-04:00,10.045000076293945,10.045000076293945,10.039999961853027,10.039999961853027,2211,0.0,0.0
2024-10-10 15:13:00-04:00,10.045000076293945,10.045000076293945,10.039999961853027,10.039999961853027,1036,0.0,0.0
2024-10-10 15:14:00-04:00,10.045000076293945,10.045000076293945,10.039999961853027,10.041399955749512,1333,0.0,0.0
2024-10-10 15:15:00-04:00,10.045000076293945,10.048471450805664,10.039999961853027,10.039999961853027,1747,0.0,0.0
2024-10-10 15:16:00-04:00,10.039999961853027,10.039999961853027,10.029999732971191,10.029999732971191,14519,0.0,0.0
2024-10-10 15:17:00-04:00,10.029999732971191,10.03499984741211,10.029999732971191,10.03499984741211,457,0.0,0.0
2024-10-10 15:18:00-04:00,10.03499984741211,10.03499984741211,10.029999732971191,10.03499984741211,17130,0.0,0.0
2024-10-10 15:19:00-04:00,10.03499984741211,10.03499984741211,10.031100273132324,10.03499984741211,964,0.0,0.0
2024-10-10 15:20:00-04:00,10.03499984741211,10.039899826049805,10.029999732971191,10.03499984741211,5219,0.0,0.0
2024-10-10 15:22:00-04:00,10.03499984741211,10.039999961853027,10.03499984741211,10.03499984741211,6922,0.0,0.0
2024-10-10 15:24:00-04:00,10.039999961853027,10.039999961853027,10.03499984741211,10.039999961853027,1475,0.0,0.0
2024-10-10 15:25:00-04:00,10.03499984741211,10.03499984741211,10.03499984741211,10.03499984741211,991,0.0,0.0
2024-10-10 15:26:00-04:00,10.03499984741211,10.03499984741211,10.03499984741211,10.03499984741211,321,0.0,0.0
2024-10-10 15:27:00-04:00,10.03499984741211,10.03499984741211,10.03499984741211,10.03499984741211,443,0.0,0.0
2024-10-10 15:28:00-04:00,10.039999961853027,10.039999961853027,10.029999732971191,10.03499984741211,4610,0.0,0.0
2024-10-10 15:29:00-04:00,10.029999732971191,10.03499984741211,10.029999732971191,10.03499984741211,533,0.0,0.0
2024-10-10 15:30:00-04:00,10.03499984741211,10.039999961853027,10.029999732971191,10.03499984741211,6212,0.0,0.0
2024-10-10 15:31:00-04:00,10.039999961853027,10.039999961853027,10.03499984741211,10.03499984741211,200,0.0,0.0
2024-10-10 15:32:00-04:00,10.038999557495117,10.038999557495117,10.038999557495117,10.038999557495117,399,0.0,0.0
2024-10-10 15:33:00-04:00,10.039999961853027,10.039999961853027,10.030099868774414,10.039999961853027,8274,0.0,0.0
2024-10-10 15:34:00-04:00,10.039999961853027,10.050000190734863,10.03499984741211,10.045000076293945,35377,0.0,0.0
2024-10-10 15:35:00-04:00,10.050000190734863,10.0600004196167,10.050000190734863,10.055000305175781,7943,0.0,0.0
2024-10-10 15:36:00-04:00,10.050000190734863,10.055000305175781,10.045000076293945,10.055000305175781,20406,0.0,0.0
2024-10-10 15:37:00-04:00,10.055000305175781,10.055000305175781,10.050000190734863,10.055000305175781,1337,0.0,0.0
2024-10-10 15:38:00-04:00,10.055000305175781,10.055000305175781,10.055000305175781,10.055000305175781,805,0.0,0.0
2024-10-10 15:39:00-04:00,10.051600456237793,10.05840015411377,10.051600456237793,10.055000305175781,2756,0.0,0.0
2024-10-10 15:40:00-04:00,10.050000190734863,10.055000305175781,10.050000190734863,10.055000305175781,2117,0.0,0.0
2024-10-10 15:41:00-04:00,10.057499885559082,10.0600004196167,10.050000190734863,10.055000305175781,17938,0.0,0.0
2024-10-10 15:42:00-04:00,10.0600004196167,10.0649995803833,10.055000305175781,10.0649995803833,15667,0.0,0.0
2024-10-10 15:43:00-04:00,10.0649995803833,10.0649995803833,10.0600004196167,10.0600004196167,1186,0.0,0.0
2024-10-10 15:44:00-04:00,10.0600004196167,10.0600004196167,10.0600004196167,10.0600004196167,115,0.0,0.0
2024-10-10 15:45:00-04:00,10.069000244140625,10.069000244140625,10.069000244140625,10.069000244140625,467,0.0,0.0
2024-10-10 15:46:00-04:00,10.060099601745605,10.0649995803833,10.060099601745605,10.0649995803833,407,0.0,0.0
2024-10-10 15:48:00-04:00,10.0649995803833,10.0649995803833,10.0649995803833,10.0649995803833,991,0.0,0.0
2024-10-10 15:49:00-04:00,10.0649995803833,10.0649995803833,10.0600004196167,10.0600004196167,741,0.0,0.0
2024-10-10 15:50:00-04:00,10.0649995803833,10.0649995803833,10.0600004196167,10.0600004196167,5469,0.0,0.0
2024-10-10 15:51:00-04:00,10.0600004196167,10.0600004196167,10.050100326538086,10.055000305175781,18895,0.0,0.0
2024-10-10 15:52:00-04:00,10.0600004196167,10.069999694824219,10.0600004196167,10.0649995803833,19552,0.0,0.0
2024-10-10 15:53:00-04:00,10.069999694824219,10.074999809265137,10.0649995803833,10.0649995803833,13644,0.0,0.0
2024-10-10 15:54:00-04:00,10.069999694824219,10.069999694824219,10.0649995803833,10.069999694824219,5217,0.0,0.0
2024-10-10 15:55:00-04:00,10.069999694824219,10.074999809265137,10.0649995803833,10.069999694824219,10873,0.0,0.0
2024-10-10 15:56:00-04:00,10.074999809265137,10.074999809265137,10.069999694824219,10.069999694824219,759,0.0,0.0
2024-10-10 15:57:00-04:00,10.069999694824219,10.074999809265137,10.0600004196167,10.0649995803833,4332,0.0,0.0
2024-10-10 15:58:00-04:00,10.0649995803833,10.069999694824219,10.0600004196167,10.069999694824219,29828,0.0,0.0
2024-10-10 15:59:00-04:00,10.0649995803833,10.069999694824219,10.0600004196167,10.0600004196167,10962,0.0,0.0
2024-10-11 09:30:00-04:00,10.109999656677246,10.119999885559082,10.09000015258789,10.104999542236328,36029,0.0,0.0
2024-10-11 09:31:00-04:00,10.114999771118164,10.114999771118164,10.114999771118164,10.114999771118164,1569,0.0,0.0
2024-10-11 09:32:00-04:00,10.114999771118164,10.11870002746582,10.114999771118164,10.114999771118164,4166,0.0,0.0
2024-10-11 09:34:00-04:00,10.114999771118164,10.114999771118164,10.114999771118164,10.114999771118164,195,0.0,0.0
2024-10-11 09:35:00-04:00,10.114999771118164,10.119999885559082,10.114999771118164,10.119999885559082,2599,0.0,0.0
2024-10-11 09:36:00-04:00,10.125,10.125,10.119999885559082,10.119999885559082,6767,0.0,0.0
2024-10-11 09:38:00-04:00,10.11989974975586,10.120100021362305,10.109999656677246,10.109999656677246,5005,0.0,0.0
2024-10-11 09:39:00-04:00,10.114999771118164,10.119999885559082,10.114999771118164,10.119999885559082,455,0.0,0.0
2024-10-11 09:40:00-04:00,10.130000114440918,10.130000114440918,10.129799842834473,10.129799842834473,341,0.0,0.0
2024-10-11 09:42:00-04:00,10.120100021362305,10.125,10.120100021362305,10.125,1718,0.0,0.0
2024-10-11 09:43:00-04:00,10.125,10.125,10.125,10.125,215,0.0,0.0
2024-10-11 09:44:00-04:00,10.125,10.130000114440918,10.125,10.130000114440918,1378,0.0,0.0
2024-10-11 09:45:00-04:00,10.125,10.125,10.119999885559082,10.119999885559082,1298,0.0,0.0
2024-10-11 09:46:00-04:00,10.119999885559082,10.119999885559082,10.119999885559082,10.119999885559082,148,0.0,0.0
2024-10-11 09:47:00-04:00,10.119999885559082,10.128700256347656,10.119999885559082,10.119999885559082,734,0.0,0.0
2024-10-11 09:48:00-04:00,10.119999885559082,10.119999885559082,10.114999771118164,10.114999771118164,1775,0.0,0.0
2024-10-11 09:49:00-04:00,10.114999771118164,10.119999885559082,10.114999771118164,10.114999771118164,1047,0.0,0.0
2024-10-11 09:50:00-04:00,10.119999885559082,10.119999885559082,10.119999885559082,10.119999885559082,1939,0.0,0.0
2024-10-11 09:51:00-04:00,10.119999885559082,10.119999885559082,10.119999885559082,10.119999885559082,265,0.0,0.0
2024-10-11 09:53:00-04:00,10.120100021362305,10.125,10.119999885559082,10.12399959564209,1599,0.0,0.0
2024-10-11 09:54:00-04:00,10.12399959564209,10.12399959564209,10.119999885559082,10.119999885559082,765,0.0,0.0
2024-10-11 09:55:00-04:00,10.125,10.140000343322754,10.125,10.140000343322754,4833,0.0,0.0
2024-10-11 09:56:00-04:00,10.130000114440918,10.130000114440918,10.130000114440918,10.130000114440918,400,0.0,0.0
2024-10-11 09:57:00-04:00,10.130000114440918,10.140000343322754,10.130000114440918,10.140000343322754,2292,0.0,0.0
2024-10-11 09:59:00-04:00,10.140000343322754,10.140000343322754,10.130000114440918,10.13599967956543,8845,0.0,0.0
2024-10-11 10:00:00-04:00,10.140000343322754,10.140000343322754,10.140000343322754,10.140000343322754,3075,0.0,0.0
2024-10-11 10:01:00-04:00,10.149499893188477,10.149499893188477,10.145000457763672,10.145000457763672,435,0.0,0.0
2024-10-11 10:02:00-04:00,10.145000457763672,10.149999618530273,10.145000457763672,10.149999618530273,4442,0.0,0.0
2024-10-11 10:03:00-04:00,10.149999618530273,10.149999618530273,10.14900016784668,10.14900016784668,731,0.0,0.0
2024-10-11 10:04:00-04:00,10.145000457763672,10.145000457763672,10.145000457763672,10.145000457763672,352,0.0,0.0
2024-10-11 10:05:00-04:00,10.145000457763672,10.149999618530273,10.145000457763672,10.149999618530273,379,0.0,0.0
2024-10-11 10:06:00-04:00,10.145000457763672,10.154999732971191,10.145000457763672,10.154999732971191,2893,0.0,0.0
2024-10-11 10:07:00-04:00,10.154999732971191,10.154999732971191,10.154999732971191,10.154999732971191,257,0.0,0.0
2024-10-11 10:08:00-04:00,10.149999618530273,10.149999618530273,10.145000457763672,10.145000457763672,6462,0.0,0.0
2024-10-11 10:09:00-04:00,10.149999618530273,10.149999618530273,10.149999618530273,10.149999618530273,100,0.0,0.0
2024-10-11 10:10:00-04:00,10.145000457763672,10.149999618530273,10.145000457763672,10.145000457763672,955,0.0,0.0
2024-10-11 10:11:00-04:00,10.149999618530273,10.149999618530273,10.149999618530273,10.149999618530273,1465,0.0,0.0
2024-10-11 10:13:00-04:00,10.15999984741211,10.164999961853027,10.15999984741211,10.164999961853027,1208,0.0,0.0
2024-10-11 10:14:00-04:00,10.170000076293945,10.170000076293945,10.160099983215332,10.160099983215332,2611,0.0,0.0
2024-10-11 10:15:00-04:00,10.164999961853027,10.170000076293945,10.164999961853027,10.170000076293945,1614,0.0,0.0
2024-10-11 10:16:00-04:00,10.170000076293945,10.170000076293945,10.170000076293945,10.170000076293945,2156,0.0,0.0
2024-10-11 10:17:00-04:00,10.170000076293945,10.170000076293945,10.15999984741211,10.15999984741211,5078,0.0,0.0
2024-10-11 10:18:00-04:00,10.164999961853027,10.164999961853027,10.164999961853027,10.164999961853027,285,0.0,0.0
2024-10-11 10:21:00-04:00,10.15999984741211,10.15999984741211,10.149999618530273,10.154999732971191,5048,0.0,0.0
2024-10-11 10:22:00-04:00,10.154999732971191,10.15999984741211,10.154999732971191,10.15999984741211,4250,0.0,0.0
2024-10-11 10:23:00-04:00,10.15999984741211,10.15999984741211,10.15999984741211,10.15999984741211,153,0.0,0.0
2024-10-11 10:24:00-04:00,10.15999984741211,10.15999984741211,10.15999984741211,10.15999984741211,3311,0.0,0.0
2024-10-11 10:26:00-04:00,10.15999984741211,10.15999984741211,10.15999984741211,10.15999984741211,512,0.0,0.0
2024-10-11 10:27:00-04:00,10.15999984741211,10.15999984741211,10.154999732971191,10.154999732971191,3005,0.0,0.0
2024-10-11 10:28:00-04:00,10.154999732971191,10.15999984741211,10.154999732971191,10.15999984741211,317,0.0,0.0
2024-10-11 10:29:00-04:00,10.154999732971191,10.154999732971191,10.154999732971191,10.154999732971191,1075,0.0,0.0
2024-10-11 10:30:00-04:00,10.154999732971191,10.15999984741211,10.154999732971191,10.15999984741211,1570,0.0,0.0
2024-10-11 10:31:00-04:00,10.15999984741211,10.15999984741211,10.15999984741211,10.15999984741211,201,0.0,0.0
2024-10-11 10:32:00-04:00,10.158900260925293,10.158900260925293,10.154999732971191,10.154999732971191,427,0.0,0.0
2024-10-11 10:33:00-04:00,10.149999618530273,10.154999732971191,10.149999618530273,10.154999732971191,302,0.0,0.0
2024-10-11 10:35:00-04:00,10.15999984741211,10.15999984741211,10.15999984741211,10.15999984741211,1738,0.0,0.0
2024-10-11 10:38:00-04:00,10.164999961853027,10.164999961853027,10.164999961853027,10.164999961853027,177,0.0,0.0
2024-10-11 10:39:00-04:00,10.170000076293945,10.170000076293945,10.170000076293945,10.170000076293945,802,0.0,0.0
2024-10-11 10:40:00-04:00,10.170000076293945,10.170000076293945,10.170000076293945,10.170000076293945,189,0.0,0.0
2024-10-11 10:41:00-04:00,10.170000076293945,10.170000076293945,10.164999961853027,10.164999961853027,935,0.0,0.0
2024-10-11 10:42:00-04:00,10.170000076293945,10.170000076293945,10.170000076293945,10.170000076293945,118,0.0,0.0
2024-10-11 10:43:00-04:00,10.164999961853027,10.164999961853027,10.164999961853027,10.164999961853027,754,0.0,0.0
2024-10-11 10:44:00-04:00,10.170000076293945,10.170000076293945,10.164999961853027,10.164999961853027,402,0.0,0.0
2024-10-11 10:45:00-04:00,10.164999961853027,10.164999961853027,10.164999961853027,10.164999961853027,173,0.0,0.0
2024-10-11 10:46:00-04:00,10.170000076293945,10.170000076293945,10.161199569702148,10.161199569702148,607,0.0,0.0
2024-10-11 10:47:00-04:00,10.164999961853027,10.170000076293945,10.15999984741211,10.15999984741211,1933,0.0,0.0
2024-10-11 10:48:00-04:00,10.15999984741211,10.15999984741211,10.154999732971191,10.154999732971191,3261,0.0,0.0
2024-10-11 10:49:00-04:00,10.159299850463867,10.159299850463867,10.159299850463867,10.159299850463867,2043,0.0,0.0
2024-10-11 10:50:00-04:00,10.154999732971191,10.154999732971191,10.145000457763672,10.145000457763672,3173,0.0,0.0
2024-10-11 10:51:00-04:00,10.148699760437012,10.148699760437012,10.140000343322754,10.145000457763672,1709,0.0,0.0
2024-10-11 10:52:00-04:00,10.145000457763672,10.145000457763672,10.145000457763672,10.145000457763672,100,0.0,0.0
2024-10-11 10:53:00-04:00,10.140000343322754,10.14680004119873,10.140000343322754,10.145000457763672,892,0.0,0.0
2024-10-11 10:54:00-04:00,10.145000457763672,10.145000457763672,10.145000457763672,10.145000457763672,133,0.0,0.0
2024-10-11 10:55:00-04:00,10.145000457763672,10.149999618530273,10.145000457763672,10.149999618530273,400,0.0,0.0
2024-10-11 10:56:00-04:00,10.145000457763672,10.145000457763672,10.140700340270996,10.140700340270996,3300,0.0,0.0
2024-10-11 10:57:00-04:00,10.149999618530273,10.149999618530273,10.149999618530273,10.149999618530273,2077,0.0,0.0
2024-10-11 10:58:00-04:00,10.149999618530273,10.149999618530273,10.149999618530273,10.149999618530273,4101,0.0,0.0
2024-10-11 10:59:00-04:00,10.154999732971191,10.15999984741211,10.154999732971191,10.154999732971191,979,0.0,0.0
2024-10-11 11:00:00-04:00,10.150099754333496,10.150099754333496,10.150099754333496,10.150099754333496,479,0.0,0.0
2024-10-11 11:01:00-04:00,10.154999732971191,10.154999732971191,10.154999732971191,10.154999732971191,124,0.0,0.0
2024-10-11 11:02:00-04:00,10.154999732971191,10.154999732971191,10.154999732971191,10.154999732971191,1283,0.0,0.0
2024-10-11 11:03:00-04:00,10.15999984741211,10.15999984741211,10.154999732971191,10.154999732971191,1056,0.0,0.0
2024-10-11 11:04:00-04:00,10.15999984741211,10.15999984741211,10.15999984741211,10.15999984741211,1279,0.0,0.0
2024-10-11 11:05:00-04:00,10.15999984741211,10.15999984741211,10.15999984741211,10.15999984741211,978,0.0,0.0
2024-10-11 11:06:00-04:00,10.154999732971191,10.154999732971191,10.154999732971191,10.154999732971191,2114,0.0,0.0
2024-10-11 11:07:00-04:00,10.15999984741211,10.164999961853027,10.15999984741211,10.164999961853027,4137,0.0,0.0
2024-10-11 11:08:00-04:00,10.164400100708008,10.170000076293945,10.164400100708008,10.169099807739258,625,0.0,0.0
2024-10-11 11:09:00-04:00,10.170000076293945,10.170000076293945,10.169899940490723,10.169899940490723,594,0.0,0.0
2024-10-11 11:10:00-04:00,10.170000076293945,10.170000076293945,10.170000076293945,10.170000076293945,405,0.0,0.0
2024-10-11 11:11:00-04:00,10.180000305175781,10.180000305175781,10.180000305175781,10.180000305175781,277,0.0,0.0
2024-10-11 11:12:00-04:00,10.180000305175781,10.180000305175781,10.180000305175781,10.180000305175781,200,0.0,0.0
2024-10-11 11:13:00-04:00,10.180000305175781,10.1850004196167,10.180000305175781,10.1850004196167,1026,0.0,0.0
2024-10-11 11:14:00-04:00,10.180000305175781,10.1850004196167,10.180000305175781,10.1850004196167,14366,0.0,0.0
2024-10-11 11:15:00-04:00,10.1850004196167,10.1850004196167,10.1850004196167,10.1850004196167,104,0.0,0.0
2024-10-11 11:16:00-04:00,10.1850004196167,10.1850004196167,10.180000305175781,10.180000305175781,424,0.0,0.0
2024-10-11 11:17:00-04:00,10.1850004196167,10.1850004196167,10.1850004196167,10.1850004196167,252,0.0,0.0
2024-10-11 11:18:00-04:00,10.1850004196167,10.1850004196167,10.1850004196167,10.1850004196167,132,0.0,0.0
2024-10-11 11:19:00-04:00,10.180000305175781,10.180000305175781,10.180000305175781,10.180000305175781,1203,0.0,0.0
2024-10-11 11:20:00-04:00,10.180000305175781,10.180000305175781,10.175000190734863,10.175000190734863,3632,0.0,0.0
2024-10-11 11:21:00-04:00,10.172499656677246,10.17650032043457,10.172499656677246,10.175000190734863,1216,0.0,0.0
2024-10-11 11:22:00-04:00,10.176899909973145,10.176899909973145,10.176899909973145,10.176899909973145,836,0.0,0.0
2024-10-11 11:23:00-04:00,10.175000190734863,10.175000190734863,10.175000190734863,10.175000190734863,114,0.0,0.0
2024-10-11 11:24:00-04:00,10.175000190734863,10.175000190734863,10.170000076293945,10.175000190734863,1770,0.0,0.0
2024-10-11 11:25:00-04:00,10.175000190734863,10.175000190734863,10.170000076293945,10.175000190734863,870,0.0,0.0
2024-10-11 11:26:00-04:00,10.170000076293945,10.175000190734863,10.170000076293945,10.175000190734863,317,0.0,0.0
2024-10-11 11:27:00-04:00,10.170000076293945,10.175000190734863,10.170000076293945,10.175000190734863,201,0.0,0.0
2024-10-11 11:28:00-04:00,10.175000190734863,10.175000190734863,10.170000076293945,10.171099662780762,614,0.0,0.0
2024-10-11 11:29:00-04:00,10.170100212097168,10.178199768066406,10.170000076293945,10.170000076293945,3123,0.0,0.0
2024-10-11 11:32:00-04:00,10.164999961853027,10.164999961853027,10.15999984741211,10.15999984741211,648,0.0,0.0
2024-10-11 11:33:00-04:00,10.164999961853027,10.164999961853027,10.15999984741211,10.15999984741211,3582,0.0,0.0
2024-10-11 11:34:00-04:00,10.15999984741211,10.164999961853027,10.130000114440918,10.154999732971191,58301,0.0,0.0
2024-10-11 11:37:00-04:00,10.154999732971191,10.154999732971191,10.154999732971191,10.154999732971191,168,0.0,0.0
2024-10-11 11:40:00-04:00,10.15999984741211,10.15999984741211,10.154999732971191,10.156000137329102,2500,0.0,0.0
2024-10-11 11:41:00-04:00,10.154500007629395,10.159899711608887,10.154500007629395,10.159899711608887,2470,0.0,0.0
2024-10-11 11:43:00-04:00,10.154999732971191,10.154999732971191,10.154999732971191,10.154999732971191,201,0.0,0.0
2024-10-11 11:44:00-04:00,10.154999732971191,10.154999732971191,10.154999732971191,10.154999732971191,675,0.0,0.0
2024-10-11 11:45:00-04:00,10.15999984741211,10.15999984741211,10.150099754333496,10.150099754333496,290,0.0,0.0
2024-10-11 11:46:00-04:00,10.154999732971191,10.154999732971191,10.154999732971191,10.154999732971191,128,0.0,0.0
2024-10-11 11:47:00-04:00,10.15999984741211,10.15999984741211,10.154999732971191,10.154999732971191,589,0.0,0.0
2024-10-11 11:48:00-04:00,10.154999732971191,10.154999732971191,10.149999618530273,10.154999732971191,1464,0.0,0.0
2024-10-11 11:49:00-04:00,10.154999732971191,10.154999732971191,10.149999618530273,10.149999618530273,701,0.0,0.0
2024-10-11 11:50:00-04:00,10.15999984741211,10.15999984741211,10.15999984741211,10.15999984741211,101,0.0,0.0
2024-10-11 11:51:00-04:00,10.154999732971191,10.154999732971191,10.154999732971191,10.154999732971191,112,0.0,0.0
2024-10-11 11:52:00-04:00,10.15999984741211,10.15999984741211,10.154999732971191,10.154999732971191,428,0.0,0.0
2024-10-11 11:54:00-04:00,10.154999732971191,10.154999732971191,10.154999732971191,10.154999732971191,120,0.0,0.0
2024-10-11 11:55:00-04:00,10.149999618530273,10.154999732971191,10.149999618530273,10.154999732971191,1197,0.0,0.0
2024-10-11 11:56:00-04:00,10.154999732971191,10.154999732971191,10.154999732971191,10.154999732971191,155,0.0,0.0
2024-10-11 11:57:00-04:00,10.154999732971191,10.154999732971191,10.149999618530273,10.149999618530273,7896,0.0,0.0
2024-10-11 11:58:00-04:00,10.140000343322754,10.145000457763672,10.140000343322754,10.145000457763672,502,0.0,0.0
2024-10-11 11:59:00-04:00,10.140000343322754,10.140000343322754,10.140000343322754,10.140000343322754,285,0.0,0.0
2024-10-11 12:00:00-04:00,10.145000457763672,10.149800300598145,10.140000343322754,10.140000343322754,1769,0.0,0.0
2024-10-11 12:01:00-04:00,10.140000343322754,10.145000457763672,10.140000343322754,10.145000457763672,829,0.0,0.0
2024-10-11 12:02:00-04:00,10.145000457763672,10.145000457763672,10.145000457763672,10.145000457763672,475,0.0,0.0
2024-10-11 12:03:00-04:00,10.145000457763672,10.145000457763672,10.145000457763672,10.145000457763672,204,0.0,0.0
2024-10-11 12:04:00-04:00,10.145000457763672,10.145000457763672,10.145000457763672,10.145000457763672,1012,0.0,0.0
2024-10-11 12:05:00-04:00,10.145000457763672,10.145000457763672,10.145000457763672,10.145000457763672,173,0.0,0.0
2024-10-11 12:07:00-04:00,10.14109992980957,10.145000457763672,10.14109992980957,10.145000457763672,487,0.0,0.0
2024-10-11 12:08:00-04:00,10.140000343322754,10.140000343322754,10.140000343322754,10.140000343322754,134,0.0,0.0
2024-10-11 12:09:00-04:00,10.145000457763672,10.145000457763672,10.145000457763672,10.145000457763672,223,0.0,0.0
2024-10-11 12:10:00-04:00,10.146200180053711,10.146200180053711,10.145000457763672,10.145000457763672,852,0.0,0.0
2024-10-11 12:11:00-04:00,10.14009952545166,10.144499778747559,10.14009952545166,10.144499778747559,521,0.0,0.0
2024-10-11 12:12:00-04:00,10.148599624633789,10.149999618530273,10.148599624633789,10.149999618530273,486,0.0,0.0
2024-10-11 12:13:00-04:00,10.149999618530273,10.149999618530273,10.140000343322754,10.140000343322754,567,0.0,0.0
2024-10-11 12:14:00-04:00,10.145000457763672,10.149999618530273,10.145000457763672,10.145000457763672,2649,0.0,0.0
2024-10-11 12:15:00-04:00,10.149999618530273,10.149999618530273,10.140000343322754,10.145000457763672,886,0.0,0.0
2024-10-11 12:16:00-04:00,10.140000343322754,10.140000343322754,10.140000343322754,10.140000343322754,163,0.0,0.0
2024-10-11 12:17:00-04:00,10.145000457763672,10.149999618530273,10.14009952545166,10.14009952545166,5465,0.0,0.0
2024-10-11 12:18:00-04:00,10.145000457763672,10.149999618530273,10.14009952545166,10.145000457763672,1300,0.0,0.0
2024-10-11 12:19:00-04:00,10.140000343322754,10.145000457763672,10.140000343322754,10.145000457763672,2745,0.0,0.0
2024-10-11 12:20:00-04:00,10.140000343322754,10.145000457763672,10.140000343322754,10.145000457763672,407,0.0,0.0
2024-10-11 12:21:00-04:00,10.145000457763672,10.145000457763672,10.140000343322754,10.145000457763672,4255,0.0,0.0
2024-10-11 12:22:00-04:00,10.145000457763672,10.145000457763672,10.140000343322754,10.140000343322754,2682,0.0,0.0
2024-10-11 12:23:00-04:00,10.140000343322754,10.140000343322754,10.140000343322754,10.140000343322754,113,0.0,0.0
2024-10-11 12:24:00-04:00,10.145000457763672,10.145000457763672,10.140000343322754,10.140000343322754,702,0.0,0.0
2024-10-11 12:25:00-04:00,10.145000457763672,10.145000457763672,10.145000457763672,10.145000457763672,255,0.0,0.0
2024-10-11 12:26:00-04:00,10.140000343322754,10.140000343322754,10.140000343322754,10.140000343322754,404,0.0,0.0
2024-10-11 12:27:00-04:00,10.140000343322754,10.140000343322754,10.140000343322754,10.140000343322754,755,0.0,0.0
2024-10-11 12:28:00-04:00,10.140000343322754,10.145000457763672,10.140000343322754,10.140000343322754,306,0.0,0.0
2024-10-11 12:29:00-04:00,10.145000457763672,10.145000457763672,10.145000457763672,10.145000457763672,202,0.0,0.0
2024-10-11 12:30:00-04:00,10.149999618530273,10.149999618530273,10.145000457763672,10.145000457763672,1382,0.0,0.0
2024-10-11 12:31:00-04:00,10.145000457763672,10.145000457763672,10.145000457763672,10.145000457763672,541,0.0,0.0
2024-10-11 12:34:00-04:00,10.149700164794922,10.149999618530273,10.149700164794922,10.149999618530273,453,0.0,0.0
2024-10-11 12:35:00-04:00,10.149999618530273,10.149999618530273,10.149999618530273,10.149999618530273,233,0.0,0.0
2024-10-11 12:36:00-04:00,10.145000457763672,10.145000457763672,10.145000457763672,10.145000457763672,131,0.0,0.0
2024-10-11 12:37:00-04:00,10.149999618530273,10.149999618530273,10.145000457763672,10.145000457763672,317,0.0,0.0
2024-10-11 12:38:00-04:00,10.145000457763672,10.15999984741211,10.145000457763672,10.15999984741211,5149,0.0,0.0
2024-10-11 12:39:00-04:00,10.154999732971191,10.154999732971191,10.154999732971191,10.154999732971191,476,0.0,0.0
2024-10-11 12:41:00-04:00,10.15999984741211,10.15999984741211,10.154999732971191,10.154999732971191,216,0.0,0.0
2024-10-11 12:42:00-04:00,10.149999618530273,10.149999618530273,10.149999618530273,10.149999618530273,219,0.0,0.0
2024-10-11 12:44:00-04:00,10.154999732971191,10.154999732971191,10.149999618530273,10.154999732971191,390,0.0,0.0
2024-10-11 12:45:00-04:00,10.149999618530273,10.149999618530273,10.149999618530273,10.149999618530273,184,0.0,0.0
2024-10-11 12:46:00-04:00,10.150099754333496,10.150099754333496,10.149999618530273,10.149999618530273,2584,0.0,0.0
2024-10-11 12:47:00-04:00,10.145000457763672,10.145000457763672,10.145000457763672,10.145000457763672,509,0.0,0.0
2024-10-11 12:48:00-04:00,10.145000457763672,10.149999618530273,10.14009952545166,10.145000457763672,955,0.0,0.0
2024-10-11 12:49:00-04:00,10.148599624633789,10.149999618530273,10.140800476074219,10.149200439453125,8257,0.0,0.0
2024-10-11 12:50:00-04:00,10.145000457763672,10.149900436401367,10.145000457763672,10.149900436401367,763,0.0,0.0
2024-10-11 12:52:00-04:00,10.140000343322754,10.140000343322754,10.140000343322754,10.140000343322754,134,0.0,0.0
2024-10-11 12:53:00-04:00,10.149999618530273,10.149999618530273,10.149999618530273,10.149999618530273,302,0.0,0.0
2024-10-11 12:54:00-04:00,10.14009952545166,10.145000457763672,10.14009952545166,10.145000457763672,1535,0.0,0.0
2024-10-11 12:55:00-04:00,10.145000457763672,10.145000457763672,10.145000457763672,10.145000457763672,294,0.0,0.0
2024-10-11 12:56:00-04:00,10.145000457763672,10.145000457763672,10.145000457763672,10.145000457763672,100,0.0,0.0
2024-10-11 12:57:00-04:00,10.145000457763672,10.145000457763672,10.145000457763672,10.145000457763672,102,0.0,0.0
2024-10-11 12:58:00-04:00,10.149999618530273,10.149999618530273,10.149999618530273,10.149999618530273,315,0.0,0.0
2024-10-11 13:00:00-04:00,10.149999618530273,10.149999618530273,10.149999618530273,10.149999618530273,628,0.0,0.0
2024-10-11 13:02:00-04:00,10.145000457763672,10.149999618530273,10.145000457763672,10.149999618530273,7511,0.0,0.0
2024-10-11 13:03:00-04:00,10.149999618530273,10.149999618530273,10.149999618530273,10.149999618530273,295,0.0,0.0
2024-10-11 13:06:00-04:00,10.149999618530273,10.149999618530273,10.145000457763672,10.145000457763672,903,0.0,0.0
2024-10-11 13:07:00-04:00,10.148799896240234,10.148799896240234,10.148599624633789,10.148599624633789,588,0.0,0.0
2024-10-11 13:08:00-04:00,10.141837120056152,10.149999618530273,10.141837120056152,10.149999618530273,502,0.0,0.0
2024-10-11 13:09:00-04:00,10.149999618530273,10.149999618530273,10.149999618530273,10.149999618530273,303,0.0,0.0
2024-10-11 13:10:00-04:00,10.149999618530273,10.149999618530273,10.14663314819336,10.14663314819336,206,0.0,0.0
2024-10-11 13:11:00-04:00,10.149200439453125,10.149999618530273,10.149200439453125,10.149999618530273,1968,0.0,0.0
2024-10-11 13:12:00-04:00,10.145000457763672,10.149999618530273,10.145000457763672,10.145000457763672,5979,0.0,0.0
2024-10-11 13:13:00-04:00,10.145000457763672,10.145000457763672,10.140000343322754,10.145000457763672,1413,0.0,0.0
2024-10-11 13:14:00-04:00,10.145000457763672,10.145000457763672,10.145000457763672,10.145000457763672,114,0.0,0.0
2024-10-11 13:15:00-04:00,10.145000457763672,10.145000457763672,10.145000457763672,10.145000457763672,201,0.0,0.0
2024-10-11 13:16:00-04:00,10.145000457763672,10.145000457763672,10.145000457763672,10.145000457763672,103,0.0,0.0
2024-10-11 13:17:00-04:00,10.149999618530273,10.149999618530273,10.145000457763672,10.145000457763672,793,0.0,0.0
2024-10-11 13:18:00-04:00,10.145000457763672,10.145000457763672,10.145000457763672,10.145000457763672,298,0.0,0.0
2024-10-11 13:20:00-04:00,10.140000343322754,10.140000343322754,10.140000343322754,10.140000343322754,257,0.0,0.0
2024-10-11 13:21:00-04:00,10.149999618530273,10.149999618530273,10.145000457763672,10.145000457763672,858,0.0,0.0
2024-10-11 13:22:00-04:00,10.14009952545166,10.14009952545166,10.14009952545166,10.14009952545166,418,0.0,0.0
2024-10-11 13:23:00-04:00,10.145000457763672,10.145000457763672,10.140000343322754,10.140000343322754,1420,0.0,0.0
2024-10-11 13:24:00-04:00,10.145000457763672,10.14799976348877,10.14009952545166,10.145000457763672,1397,0.0,0.0
2024-10-11 13:27:00-04:00,10.14799976348877,10.149999618530273,10.145000457763672,10.145000457763672,782,0.0,0.0
2024-10-11 13:29:00-04:00,10.149999618530273,10.149999618530273,10.145000457763672,10.145000457763672,218,0.0,0.0
2024-10-11 13:30:00-04:00,10.149999618530273,10.149999618530273,10.145000457763672,10.145000457763672,297,0.0,0.0
2024-10-11 13:31:00-04:00,10.149999618530273,10.149999618530273,10.149999618530273,10.149999618530273,320,0.0,0.0
2024-10-11 13:32:00-04:00,10.140000343322754,10.140000343322754,10.140000343322754,10.140000343322754,1928,0.0,0.0
2024-10-11 13:33:00-04:00,10.145000457763672,10.149999618530273,10.145000457763672,10.145000457763672,703,0.0,0.0
2024-10-11 13:34:00-04:00,10.148599624633789,10.148599624633789,10.140000343322754,10.140000343322754,1003,0.0,0.0
2024-10-11 13:35:00-04:00,10.145000457763672,10.149999618530273,10.145000457763672,10.149999618530273,320,0.0,0.0
2024-10-11 13:36:00-04:00,10.145000457763672,10.149999618530273,10.145000457763672,10.148799896240234,458,0.0,0.0
2024-10-11 13:37:00-04:00,10.145000457763672,10.149999618530273,10.145000457763672,10.145999908447266,8398,0.0,0.0
2024-10-11 13:38:00-04:00,10.145000457763672,10.145000457763672,10.145000457763672,10.145000457763672,100,0.0,0.0
2024-10-11 13:39:00-04:00,10.140000343322754,10.149999618530273,10.140000343322754,10.145000457763672,757,0.0,0.0
2024-10-11 13:40:00-04:00,10.149999618530273,10.149999618530273,10.149999618530273,10.149999618530273,214,0.0,0.0
2024-10-11 13:41:00-04:00,10.149999618530273,10.149999618530273,10.145999908447266,10.149999618530273,301,0.0,0.0
2024-10-11 13:42:00-04:00,10.145000457763672,10.145000457763672,10.140000343322754,10.140000343322754,1278,0.0,0.0
2024-10-11 13:44:00-04:00,10.149900436401367,10.149999618530273,10.140000343322754,10.145000457763672,2068,0.0,0.0
2024-10-11 13:45:00-04:00,10.149999618530273,10.149999618530273,10.149999618530273,10.149999618530273,310,0.0,0.0
2024-10-11 13:46:00-04:00,10.145000457763672,10.149999618530273,10.145000457763672,10.149999618530273,834,0.0,0.0
2024-10-11 13:47:00-04:00,10.149999618530273,10.149999618530273,10.149999618530273,10.149999618530273,101,0.0,0.0
2024-10-11 13:48:00-04:00,10.145000457763672,10.145000457763672,10.145000457763672,10.145000457763672,2013,0.0,0.0
2024-10-11 13:49:00-04:00,10.149999618530273,10.149999618530273,10.149999618530273,10.149999618530273,1169,0.0,0.0
2024-10-11 13:50:00-04:00,10.148200035095215,10.149999618530273,10.148200035095215,10.149999618530273,341,0.0,0.0
2024-10-11 13:51:00-04:00,10.149999618530273,10.149999618530273,10.149999618530273,10.149999618530273,103,0.0,0.0
2024-10-11 13:52:00-04:00,10.149999618530273,10.149999618530273,10.145000457763672,10.145000457763672,866,0.0,0.0
2024-10-11 13:53:00-04:00,10.140000343322754,10.149999618530273,10.140000343322754,10.149999618530273,221,0.0,0.0
2024-10-11 13:54:00-04:00,10.149700164794922,10.149700164794922,10.140000343322754,10.140000343322754,1133,0.0,0.0
2024-10-11 13:56:00-04:00,10.149999618530273,10.149999618530273,10.145000457763672,10.145000457763672,681,0.0,0.0
2024-10-11 13:58:00-04:00,10.149999618530273,10.149999618530273,10.140000343322754,10.140000343322754,1326,0.0,0.0
2024-10-11 13:59:00-04:00,10.145000457763672,10.145000457763672,10.14109992980957,10.14109992980957,631,0.0,0.0
2024-10-11 14:00:00-04:00,10.149999618530273,10.154999732971191,10.149999618530273,10.154999732971191,3190,0.0,0.0
2024-10-11 14:01:00-04:00,10.154999732971191,10.154999732971191,10.154999732971191,10.154999732971191,1230,0.0,0.0
2024-10-11 14:02:00-04:00,10.15999984741211,10.15999984741211,10.154999732971191,10.154999732971191,500,0.0,0.0
2024-10-11 14:04:00-04:00,10.150099754333496,10.15999984741211,10.149999618530273,10.154999732971191,1860,0.0,0.0
2024-10-11 14:06:00-04:00,10.154999732971191,10.154999732971191,10.154999732971191,10.154999732971191,323,0.0,0.0
2024-10-11 14:07:00-04:00,10.15999984741211,10.15999984741211,10.15999984741211,10.15999984741211,211,0.0,0.0
2024-10-11 14:08:00-04:00,10.154999732971191,10.154999732971191,10.150099754333496,10.150099754333496,322,0.0,0.0
2024-10-11 14:09:00-04:00,10.15999984741211,10.15999984741211,10.154999732971191,10.15999984741211,300,0.0,0.0
2024-10-11 14:10:00-04:00,10.154999732971191,10.154999732971191,10.154999732971191,10.154999732971191,1445,0.0,0.0
2024-10-11 14:11:00-04:00,10.150500297546387,10.154999732971191,10.149999618530273,10.154999732971191,9724,0.0,0.0
2024-10-11 14:12:00-04:00,10.15999984741211,10.15999984741211,10.149999618530273,10.154999732971191,922,0.0,0.0
2024-10-11 14:13:00-04:00,10.154999732971191,10.154999732971191,10.154999732971191,10.154999732971191,431,0.0,0.0
2024-10-11 14:14:00-04:00,10.154999732971191,10.154999732971191,10.149999618530273,10.149999618530273,701,0.0,0.0
2024-10-11 14:15:00-04:00,10.154999732971191,10.15999984741211,10.154999732971191,10.15999984741211,200,0.0,0.0
2024-10-11 14:16:00-04:00,10.15999984741211,10.15999984741211,10.154999732971191,10.154999732971191,797,0.0,0.0
2024-10-11 14:17:00-04:00,10.15999984741211,10.15999984741211,10.154999732971191,10.154999732971191,421,0.0,0.0
2024-10-11 14:18:00-04:00,10.150099754333496,10.150099754333496,10.150099754333496,10.150099754333496,230,0.0,0.0
2024-10-11 14:19:00-04:00,10.15999984741211,10.15999984741211,10.15999984741211,10.15999984741211,100,0.0,0.0
2024-10-11 14:20:00-04:00,10.15999984741211,10.15999984741211,10.154999732971191,10.154999732971191,200,0.0,0.0
2024-10-11 14:21:00-04:00,10.154999732971191,10.154999732971191,10.149999618530273,10.149999618530273,708,0.0,0.0
2024-10-11 14:22:00-04:00,10.15999984741211,10.15999984741211,10.149999618530273,10.149999618530273,300,0.0,0.0
2024-10-11 14:23:00-04:00,10.154999732971191,10.154999732971191,10.154999732971191,10.154999732971191,515,0.0,0.0
2024-10-11 14:25:00-04:00,10.149999618530273,10.15999984741211,10.149999618530273,10.15999984741211,1369,0.0,0.0
2024-10-11 14:26:00-04:00,10.154999732971191,10.154999732971191,10.149999618530273,10.149999618530273,310,0.0,0.0
2024-10-11 14:27:00-04:00,10.154999732971191,10.15999984741211,10.150099754333496,10.157500267028809,1549,0.0,0.0
2024-10-11 14:28:00-04:00,10.149999618530273,10.154999732971191,10.149999618530273,10.154999732971191,390,0.0,0.0
2024-10-11 14:29:00-04:00,10.149999618530273,10.157899856567383,10.149999618530273,10.149999618530273,2267,0.0,0.0
2024-10-11 14:30:00-04:00,10.15999984741211,10.15999984741211,10.154999732971191,10.154999732971191,5215,0.0,0.0
2024-10-11 14:31:00-04:00,10.149999618530273,10.154999732971191,10.149999618530273,10.149999618530273,598,0.0,0.0
2024-10-11 14:32:00-04:00,10.149999618530273,10.154999732971191,10.149999618530273,10.149999618530273,2232,0.0,0.0
2024-10-11 14:33:00-04:00,10.149999618530273,10.154999732971191,10.149999618530273,10.154999732971191,681,0.0,0.0
2024-10-11 14:34:00-04:00,10.149999618530273,10.154999732971191,10.149999618530273,10.154999732971191,322,0.0,0.0
2024-10-11 14:35:00-04:00,10.149999618530273,10.154999732971191,10.145000457763672,10.154999732971191,27549,0.0,0.0
2024-10-11 14:36:00-04:00,10.154999732971191,10.154999732971191,10.154999732971191,10.154999732971191,529,0.0,0.0
2024-10-11 14:38:00-04:00,10.154999732971191,10.154999732971191,10.154999732971191,10.154999732971191,1402,0.0,0.0
2024-10-11 14:39:00-04:00,10.15250015258789,10.154999732971191,10.15250015258789,10.154999732971191,710,0.0,0.0
2024-10-11 14:40:00-04:00,10.150099754333496,10.150099754333496,10.150099754333496,10.150099754333496,283,0.0,0.0
2024-10-11 14:41:00-04:00,10.157999992370605,10.157999992370605,10.157999992370605,10.157999992370605,321,0.0,0.0
2024-10-11 14:42:00-04:00,10.159899711608887,10.159899711608887,10.154999732971191,10.154999732971191,1001,0.0,0.0
2024-10-11 14:43:00-04:00,10.154999732971191,10.154999732971191,10.154999732971191,10.154999732971191,420,0.0,0.0
2024-10-11 14:44:00-04:00,10.15999984741211,10.15999984741211,10.154999732971191,10.154999732971191,522,0.0,0.0
2024-10-11 14:45:00-04:00,10.154999732971191,10.15999984741211,10.154999732971191,10.15999984741211,522,0.0,0.0
2024-10-11 14:46:00-04:00,10.15999984741211,10.15999984741211,10.15999984741211,10.15999984741211,211,0.0,0.0
2024-10-11 14:47:00-04:00,10.15999984741211,10.15999984741211,10.154999732971191,10.154999732971191,408,0.0,0.0
2024-10-11 14:48:00-04:00,10.15999984741211,10.15999984741211,10.154999732971191,10.154999732971191,621,0.0,0.0
2024-10-11 14:49:00-04:00,10.15999984741211,10.15999984741211,10.15999984741211,10.15999984741211,102,0.0,0.0
2024-10-11 14:50:00-04:00,10.15999984741211,10.15999984741211,10.154999732971191,10.154999732971191,300,0.0,0.0
2024-10-11 14:51:00-04:00,10.154999732971191,10.15999984741211,10.154999732971191,10.15999984741211,414,0.0,0.0
2024-10-11 14:52:00-04:00,10.154999732971191,10.154999732971191,10.150099754333496,10.150099754333496,688,0.0,0.0
2024-10-11 14:53:00-04:00,10.15999984741211,10.15999984741211,10.154999732971191,10.154999732971191,211,0.0,0.0
2024-10-11 14:54:00-04:00,10.154999732971191,10.154999732971191,10.154999732971191,10.154999732971191,198,0.0,0.0
2024-10-11 14:55:00-04:00,10.157999992370605,10.15999984741211,10.154999732971191,10.154999732971191,800,0.0,0.0
2024-10-11 14:56:00-04:00,10.154999732971191,10.15999984741211,10.154999732971191,10.15999984741211,544,0.0,0.0
2024-10-11 14:57:00-04:00,10.15999984741211,10.15999984741211,10.154999732971191,10.15999984741211,1775,0.0,0.0
2024-10-11 14:58:00-04:00,10.154999732971191,10.154999732971191,10.154999732971191,10.154999732971191,238,0.0,0.0
2024-10-11 14:59:00-04:00,10.154999732971191,10.15999984741211,10.154999732971191,10.15999984741211,9985,0.0,0.0
2024-10-11 15:00:00-04:00,10.154999732971191,10.15999984741211,10.151100158691406,10.15999984741211,1475,0.0,0.0
2024-10-11 15:01:00-04:00,10.15999984741211,10.180000305175781,10.15999984741211,10.175000190734863,19295,0.0,0.0
2024-10-11 15:02:00-04:00,10.180000305175781,10.180000305175781,10.180000305175781,10.180000305175781,500,0.0,0.0
2024-10-11 15:03:00-04:00,10.179900169372559,10.179900169372559,10.175000190734863,10.175000190734863,951,0.0,0.0
2024-10-11 15:04:00-04:00,10.175000190734863,10.180000305175781,10.175000190734863,10.180000305175781,402,0.0,0.0
2024-10-11 15:05:00-04:00,10.180000305175781,10.180000305175781,10.180000305175781,10.180000305175781,100,0.0,0.0
2024-10-11 15:06:00-04:00,10.180000305175781,10.180000305175781,10.180000305175781,10.180000305175781,113,0.0,0.0
2024-10-11 15:07:00-04:00,10.180000305175781,10.180000305175781,10.180000305175781,10.180000305175781,194,0.0,0.0
2024-10-11 15:08:00-04:00,10.170100212097168,10.175000190734863,10.170100212097168,10.175000190734863,1352,0.0,0.0
2024-10-11 15:09:00-04:00,10.180000305175781,10.180000305175781,10.175000190734863,10.175000190734863,372,0.0,0.0
2024-10-11 15:10:00-04:00,10.170100212097168,10.170100212097168,10.170100212097168,10.170100212097168,935,0.0,0.0
2024-10-11 15:11:00-04:00,10.180000305175781,10.180000305175781,10.175000190734863,10.175000190734863,797,0.0,0.0
2024-10-11 15:12:00-04:00,10.175000190734863,10.175000190734863,10.170000076293945,10.170000076293945,1530,0.0,0.0
2024-10-11 15:13:00-04:00,10.170100212097168,10.176300048828125,10.170100212097168,10.176300048828125,645,0.0,0.0
2024-10-11 15:14:00-04:00,10.175000190734863,10.175000190734863,10.170000076293945,10.170000076293945,1816,0.0,0.0
2024-10-11 15:15:00-04:00,10.180000305175781,10.180000305175781,10.170000076293945,10.170000076293945,16052,0.0,0.0
2024-10-11 15:16:00-04:00,10.170000076293945,10.180000305175781,10.170000076293945,10.180000305175781,8456,0.0,0.0
2024-10-11 15:17:00-04:00,10.180000305175781,10.180000305175781,10.180000305175781,10.180000305175781,957,0.0,0.0
2024-10-11 15:18:00-04:00,10.175000190734863,10.180000305175781,10.175000190734863,10.175000190734863,1846,0.0,0.0
2024-10-11 15:19:00-04:00,10.180000305175781,10.180000305175781,10.180000305175781,10.180000305175781,100,0.0,0.0
2024-10-11 15:20:00-04:00,10.180000305175781,10.180000305175781,10.175000190734863,10.175000190734863,1067,0.0,0.0
2024-10-11 15:21:00-04:00,10.179900169372559,10.179900169372559,10.171099662780762,10.171099662780762,591,0.0,0.0
2024-10-11 15:22:00-04:00,10.180000305175781,10.180000305175781,10.180000305175781,10.180000305175781,305,0.0,0.0
2024-10-11 15:23:00-04:00,10.175000190734863,10.180000305175781,10.175000190734863,10.180000305175781,4369,0.0,0.0
2024-10-11 15:24:00-04:00,10.180000305175781,10.180000305175781,10.175000190734863,10.175000190734863,8427,0.0,0.0
2024-10-11 15:25:00-04:00,10.175000190734863,10.180000305175781,10.175000190734863,10.175000190734863,1702,0.0,0.0
2024-10-11 15:26:00-04:00,10.180000305175781,10.180000305175781,10.175000190734863,10.175000190734863,1280,0.0,0.0
2024-10-11 15:27:00-04:00,10.175000190734863,10.175000190734863,10.170100212097168,10.175000190734863,728,0.0,0.0
2024-10-11 15:28:00-04:00,10.179800033569336,10.180000305175781,10.175000190734863,10.175000190734863,5912,0.0,0.0
2024-10-11 15:29:00-04:00,10.175000190734863,10.180000305175781,10.175000190734863,10.175000190734863,301,0.0,0.0
2024-10-11 15:30:00-04:00,10.180000305175781,10.180000305175781,10.180000305175781,10.180000305175781,947,0.0,0.0
2024-10-11 15:31:00-04:00,10.175000190734863,10.180000305175781,10.170100212097168,10.170599937438965,8696,0.0,0.0
2024-10-11 15:32:00-04:00,10.175000190734863,10.1850004196167,10.175000190734863,10.1850004196167,7850,0.0,0.0
2024-10-11 15:33:00-04:00,10.1899995803833,10.1899995803833,10.1899995803833,10.1899995803833,668,0.0,0.0
2024-10-11 15:34:00-04:00,10.1850004196167,10.189900398254395,10.1850004196167,10.1850004196167,1336,0.0,0.0
2024-10-11 15:35:00-04:00,10.1899995803833,10.1899995803833,10.1850004196167,10.1850004196167,437,0.0,0.0
2024-10-11 15:36:00-04:00,10.1850004196167,10.189900398254395,10.180000305175781,10.189900398254395,588,0.0,0.0
2024-10-11 15:37:00-04:00,10.1850004196167,10.1850004196167,10.1850004196167,10.1850004196167,384,0.0,0.0
2024-10-11 15:38:00-04:00,10.1850004196167,10.1850004196167,10.1850004196167,10.1850004196167,255,0.0,0.0
2024-10-11 15:39:00-04:00,10.1850004196167,10.1850004196167,10.1850004196167,10.1850004196167,256,0.0,0.0
2024-10-11 15:40:00-04:00,10.1850004196167,10.1850004196167,10.180000305175781,10.180000305175781,520,0.0,0.0
2024-10-11 15:41:00-04:00,10.180000305175781,10.180000305175781,10.175000190734863,10.175000190734863,15082,0.0,0.0
2024-10-11 15:42:00-04:00,10.180000305175781,10.1850004196167,10.180000305175781,10.1850004196167,34499,0.0,0.0
2024-10-11 15:44:00-04:00,10.1850004196167,10.1850004196167,10.180100440979004,10.180100440979004,650,0.0,0.0
2024-10-11 15:45:00-04:00,10.1850004196167,10.1850004196167,10.1850004196167,10.1850004196167,102,0.0,0.0
2024-10-11 15:46:00-04:00,10.180000305175781,10.1850004196167,10.180000305175781,10.180000305175781,1129,0.0,0.0
2024-10-11 15:47:00-04:00,10.180000305175781,10.1850004196167,10.180000305175781,10.180000305175781,2480,0.0,0.0
2024-10-11 15:48:00-04:00,10.1850004196167,10.185999870300293,10.180000305175781,10.1850004196167,3276,0.0,0.0
2024-10-11 15:49:00-04:00,10.180000305175781,10.188400268554688,10.180000305175781,10.188400268554688,560,0.0,0.0
2024-10-11 15:50:00-04:00,10.1850004196167,10.1850004196167,10.180000305175781,10.180000305175781,1299,0.0,0.0
2024-10-11 15:51:00-04:00,10.1850004196167,10.1850004196167,10.180000305175781,10.180000305175781,2835,0.0,0.0
2024-10-11 15:52:00-04:00,10.180000305175781,10.1850004196167,10.180000305175781,10.180000305175781,40661,0.0,0.0
2024-10-11 15:53:00-04:00,10.180000305175781,10.1850004196167,10.180000305175781,10.1850004196167,2538,0.0,0.0
2024-10-11 15:54:00-04:00,10.180000305175781,10.1899995803833,10.180000305175781,10.1850004196167,9487,0.0,0.0
2024-10-11 15:55:00-04:00,10.1850004196167,10.1899995803833,10.180000305175781,10.1899995803833,19980,0.0,0.0
2024-10-11 15:56:00-04:00,10.1850004196167,10.1899995803833,10.180000305175781,10.1850004196167,9427,0.0,0.0
2024-10-11 15:57:00-04:00,10.180000305175781,10.1899995803833,10.180000305175781,10.1899995803833,4871,0.0,0.0
2024-10-11 15:58:00-04:00,10.1850004196167,10.1899995803833,10.1850004196167,10.1850004196167,8125,0.0,0.0
2024-10-11 15:59:00-04:00,10.1850004196167,10.1899995803833,10.180000305175781,10.1850004196167,86314,0.0,0.0
