Datetime,Open,High,Low,Close,Volume,Dividends,Stock Splits
2024-10-07 09:30:00-04:00,6.940000057220459,6.940000057220459,6.800000190734863,6.829999923706055,2653,0.0,0.0
2024-10-07 09:31:00-04:00,6.831200122833252,6.840000152587891,6.831200122833252,6.840000152587891,1638,0.0,0.0
2024-10-07 09:35:00-04:00,7.019999980926514,7.019999980926514,7.019999980926514,7.019999980926514,368,0.0,0.0
2024-10-07 09:58:00-04:00,7.0696001052856445,7.0696001052856445,7.0696001052856445,7.0696001052856445,101,0.0,0.0
2024-10-07 10:00:00-04:00,7.18120002746582,7.199999809265137,7.130000114440918,7.130000114440918,1100,0.0,0.0
2024-10-07 10:02:00-04:00,7.320000171661377,7.489999771118164,7.320000171661377,7.489999771118164,1456,0.0,0.0
2024-10-07 10:03:00-04:00,7.320000171661377,7.320000171661377,7.320000171661377,7.320000171661377,394,0.0,0.0
2024-10-07 10:11:00-04:00,7.139999866485596,7.139999866485596,7.139999866485596,7.139999866485596,153,0.0,0.0
2024-10-07 10:15:00-04:00,7.269999980926514,7.389999866485596,7.269999980926514,7.360000133514404,597,0.0,0.0
2024-10-07 10:16:00-04:00,7.350800037384033,7.350800037384033,7.349999904632568,7.350200176239014,1103,0.0,0.0
2024-10-07 10:17:00-04:00,7.289999961853027,7.289999961853027,7.139999866485596,7.139999866485596,300,0.0,0.0
2024-10-07 10:21:00-04:00,7.335299968719482,7.349999904632568,7.335299968719482,7.349999904632568,300,0.0,0.0
2024-10-07 10:22:00-04:00,7.34499979019165,7.34499979019165,7.34499979019165,7.34499979019165,1812,0.0,0.0
2024-10-07 10:25:00-04:00,7.400000095367432,7.400000095367432,7.400000095367432,7.400000095367432,790,0.0,0.0
2024-10-07 10:28:00-04:00,7.400000095367432,7.400000095367432,7.400000095367432,7.400000095367432,300,0.0,0.0
2024-10-07 10:29:00-04:00,7.335000038146973,7.400000095367432,7.335000038146973,7.389999866485596,616,0.0,0.0
2024-10-07 10:32:00-04:00,7.489999771118164,7.78000020980835,7.400000095367432,7.400000095367432,3642,0.0,0.0
2024-10-07 10:36:00-04:00,7.505000114440918,7.505000114440918,7.505000114440918,7.505000114440918,201,0.0,0.0
2024-10-07 10:37:00-04:00,7.500199794769287,7.500199794769287,7.400000095367432,7.400000095367432,394,0.0,0.0
2024-10-07 10:38:00-04:00,7.400199890136719,7.400199890136719,7.199999809265137,7.210000038146973,1421,0.0,0.0
2024-10-07 10:39:00-04:00,7.355000019073486,7.355000019073486,7.230000019073486,7.230000019073486,1904,0.0,0.0
2024-10-07 10:40:00-04:00,7.230000019073486,7.303100109100342,7.110000133514404,7.170000076293945,1995,0.0,0.0
2024-10-07 10:43:00-04:00,7.21999979019165,7.230000019073486,7.21999979019165,7.230000019073486,433,0.0,0.0
2024-10-07 10:45:00-04:00,7.25,7.329999923706055,7.25,7.329999923706055,741,0.0,0.0
2024-10-07 10:46:00-04:00,7.320300102233887,7.320300102233887,7.320300102233887,7.320300102233887,0,0.0,0.0
2024-10-07 10:49:00-04:00,7.28000020980835,7.294600009918213,7.019999980926514,7.03000020980835,26212,0.0,0.0
2024-10-07 10:53:00-04:00,7.150000095367432,7.150000095367432,7.150000095367432,7.150000095367432,657,0.0,0.0
2024-10-07 10:56:00-04:00,7.150000095367432,7.150000095367432,7.150000095367432,7.150000095367432,343,0.0,0.0
2024-10-07 11:00:00-04:00,7.150000095367432,7.150000095367432,7.150000095367432,7.150000095367432,331,0.0,0.0
2024-10-07 11:02:00-04:00,7.150000095367432,7.150000095367432,7.150000095367432,7.150000095367432,0,0.0,0.0
2024-10-07 11:07:00-04:00,7.269999980926514,7.269999980926514,7.269999980926514,7.269999980926514,29961,0.0,0.0
2024-10-07 11:10:00-04:00,7.265999794006348,7.28000020980835,7.265999794006348,7.28000020980835,600,0.0,0.0
2024-10-07 11:11:00-04:00,7.237500190734863,7.237500190734863,7.237500190734863,7.237500190734863,100,0.0,0.0
2024-10-07 11:12:00-04:00,7.230000019073486,7.230000019073486,7.230000019073486,7.230000019073486,401,0.0,0.0
2024-10-07 11:15:00-04:00,7.215000152587891,7.215000152587891,6.889999866485596,6.889999866485596,2015,0.0,0.0
2024-10-07 11:16:00-04:00,7.139999866485596,7.139999866485596,6.940000057220459,6.940000057220459,860,0.0,0.0
2024-10-07 11:17:00-04:00,6.990200042724609,6.990200042724609,6.929999828338623,6.929999828338623,959,0.0,0.0
2024-10-07 11:18:00-04:00,7.0,7.0,7.0,7.0,0,0.0,0.0
2024-10-07 11:20:00-04:00,7.119999885559082,7.119999885559082,7.090000152587891,7.090000152587891,36073,0.0,0.0
2024-10-07 11:24:00-04:00,7.190000057220459,7.190000057220459,7.190000057220459,7.190000057220459,400,0.0,0.0
2024-10-07 11:27:00-04:00,7.190000057220459,7.199999809265137,7.190000057220459,7.190000057220459,411,0.0,0.0
2024-10-07 11:28:00-04:00,7.199999809265137,7.199999809265137,7.199999809265137,7.199999809265137,835,0.0,0.0
2024-10-07 11:36:00-04:00,6.880000114440918,6.880000114440918,6.880000114440918,6.880000114440918,122,0.0,0.0
2024-10-07 11:55:00-04:00,7.054699897766113,7.054699897766113,7.054699897766113,7.054699897766113,214,0.0,0.0
2024-10-07 12:07:00-04:00,7.090000152587891,7.090000152587891,7.090000152587891,7.090000152587891,101,0.0,0.0
2024-10-07 12:13:00-04:00,7.050000190734863,7.050000190734863,7.050000190734863,7.050000190734863,1912,0.0,0.0
2024-10-07 12:17:00-04:00,7.239999771118164,7.239999771118164,7.239999771118164,7.239999771118164,177,0.0,0.0
2024-10-07 12:31:00-04:00,7.010000228881836,7.010000228881836,7.010000228881836,7.010000228881836,200,0.0,0.0
2024-10-07 12:35:00-04:00,7.230000019073486,7.230000019073486,7.230000019073486,7.230000019073486,303,0.0,0.0
2024-10-07 12:40:00-04:00,7.239999771118164,7.239999771118164,7.239999771118164,7.239999771118164,499,0.0,0.0
2024-10-07 12:41:00-04:00,7.215000152587891,7.215000152587891,7.215000152587891,7.215000152587891,143,0.0,0.0
2024-10-07 12:49:00-04:00,7.25,7.25,7.25,7.25,100,0.0,0.0
2024-10-07 12:51:00-04:00,7.28000020980835,7.28000020980835,7.28000020980835,7.28000020980835,500,0.0,0.0
2024-10-07 12:53:00-04:00,7.300000190734863,7.300000190734863,7.166999816894531,7.166999816894531,2076,0.0,0.0
2024-10-07 12:57:00-04:00,7.074999809265137,7.150000095367432,7.070000171661377,7.070000171661377,1206,0.0,0.0
2024-10-07 12:58:00-04:00,7.110000133514404,7.110000133514404,7.110000133514404,7.110000133514404,100,0.0,0.0
2024-10-07 13:01:00-04:00,7.150000095367432,7.150000095367432,7.150000095367432,7.150000095367432,401,0.0,0.0
2024-10-07 13:04:00-04:00,7.150000095367432,7.150000095367432,7.150000095367432,7.150000095367432,408,0.0,0.0
2024-10-07 13:08:00-04:00,7.150000095367432,7.150000095367432,7.150000095367432,7.150000095367432,533,0.0,0.0
2024-10-07 13:09:00-04:00,7.150000095367432,7.150000095367432,7.150000095367432,7.150000095367432,0,0.0,0.0
2024-10-07 13:17:00-04:00,7.193600177764893,7.199999809265137,7.151599884033203,7.151599884033203,48832,0.0,0.0
2024-10-07 13:21:00-04:00,7.150000095367432,7.150000095367432,7.150000095367432,7.150000095367432,704,0.0,0.0
2024-10-07 13:22:00-04:00,7.144999980926514,7.150000095367432,7.0,7.017000198364258,1700,0.0,0.0
2024-10-07 13:23:00-04:00,7.119999885559082,7.119999885559082,7.119999885559082,7.119999885559082,670,0.0,0.0
2024-10-07 13:49:00-04:00,7.15500020980835,7.15500020980835,7.15500020980835,7.15500020980835,489,0.0,0.0
2024-10-07 14:10:00-04:00,7.099999904632568,7.099999904632568,7.005000114440918,7.005000114440918,319,0.0,0.0
2024-10-07 14:11:00-04:00,7.010000228881836,7.010000228881836,7.005000114440918,7.005000114440918,366,0.0,0.0
2024-10-07 14:12:00-04:00,7.099999904632568,7.099999904632568,7.017000198364258,7.017000198364258,509,0.0,0.0
2024-10-07 14:13:00-04:00,7.099999904632568,7.099999904632568,7.090000152587891,7.090000152587891,826,0.0,0.0
2024-10-07 14:29:00-04:00,7.03000020980835,7.03000020980835,7.03000020980835,7.03000020980835,580,0.0,0.0
2024-10-07 14:34:00-04:00,7.099999904632568,7.099999904632568,7.03000020980835,7.099999904632568,1199,0.0,0.0
2024-10-07 14:35:00-04:00,7.010000228881836,7.099999904632568,7.010000228881836,7.099999904632568,271,0.0,0.0
2024-10-07 14:39:00-04:00,7.099999904632568,7.099999904632568,7.099999904632568,7.099999904632568,210,0.0,0.0
2024-10-07 14:42:00-04:00,7.099999904632568,7.099999904632568,7.0,7.0,600,0.0,0.0
2024-10-07 14:43:00-04:00,7.099999904632568,7.099999904632568,7.099999904632568,7.099999904632568,500,0.0,0.0
2024-10-07 14:44:00-04:00,7.045000076293945,7.045000076293945,7.010000228881836,7.010000228881836,300,0.0,0.0
2024-10-07 14:46:00-04:00,6.800000190734863,7.130000114440918,6.800000190734863,7.130000114440918,450,0.0,0.0
2024-10-07 14:48:00-04:00,6.849999904632568,6.849999904632568,6.849999904632568,6.849999904632568,519,0.0,0.0
2024-10-07 14:50:00-04:00,6.849999904632568,6.989999771118164,6.849999904632568,6.849999904632568,1460,0.0,0.0
2024-10-07 14:52:00-04:00,6.849999904632568,6.849999904632568,6.849999904632568,6.849999904632568,300,0.0,0.0
2024-10-07 14:53:00-04:00,7.0,7.0,7.0,7.0,500,0.0,0.0
2024-10-07 14:54:00-04:00,7.0,7.0,6.849999904632568,7.0,2053,0.0,0.0
2024-10-07 15:00:00-04:00,7.057000160217285,7.057000160217285,6.900000095367432,6.900000095367432,1600,0.0,0.0
2024-10-07 15:01:00-04:00,7.0,7.0,7.0,7.0,608,0.0,0.0
2024-10-07 15:03:00-04:00,7.0,7.065000057220459,7.0,7.065000057220459,785,0.0,0.0
2024-10-07 15:10:00-04:00,7.059999942779541,7.059999942779541,6.9770002365112305,6.9770002365112305,540,0.0,0.0
2024-10-07 15:11:00-04:00,7.099999904632568,7.099999904632568,7.099999904632568,7.099999904632568,0,0.0,0.0
2024-10-07 15:14:00-04:00,7.099999904632568,7.099999904632568,7.099999904632568,7.099999904632568,67559,0.0,0.0
2024-10-07 15:18:00-04:00,7.099999904632568,7.099999904632568,6.960000038146973,6.960000038146973,381,0.0,0.0
2024-10-07 15:19:00-04:00,6.9770002365112305,6.9770002365112305,6.9770002365112305,6.9770002365112305,100,0.0,0.0
2024-10-07 15:20:00-04:00,7.099999904632568,7.119999885559082,6.980000019073486,6.980000019073486,567,0.0,0.0
2024-10-07 15:22:00-04:00,7.099999904632568,7.099999904632568,7.099999904632568,7.099999904632568,200,0.0,0.0
2024-10-07 15:36:00-04:00,7.099999904632568,7.099999904632568,7.0,7.0,1274,0.0,0.0
2024-10-07 15:37:00-04:00,6.989999771118164,7.039999961853027,6.989999771118164,7.039999961853027,1123,0.0,0.0
2024-10-07 15:44:00-04:00,7.090000152587891,7.110000133514404,7.090000152587891,7.110000133514404,219,0.0,0.0
2024-10-07 15:51:00-04:00,7.130000114440918,7.130000114440918,7.130000114440918,7.130000114440918,345,0.0,0.0
2024-10-07 15:52:00-04:00,7.139999866485596,7.150000095367432,6.989999771118164,7.139999866485596,1733,0.0,0.0
2024-10-07 15:59:00-04:00,7.159999847412109,7.159999847412109,7.159999847412109,7.159999847412109,2229,0.0,0.0
2024-10-08 09:30:00-04:00,7.079999923706055,7.079999923706055,7.079999923706055,7.079999923706055,385,0.0,0.0
2024-10-08 10:04:00-04:00,7.0,7.03000020980835,7.0,7.010000228881836,724,0.0,0.0
2024-10-08 10:05:00-04:00,7.03000020980835,7.03000020980835,7.03000020980835,7.03000020980835,203,0.0,0.0
2024-10-08 10:33:00-04:00,7.010000228881836,7.010000228881836,7.010000228881836,7.010000228881836,100,0.0,0.0
2024-10-08 10:40:00-04:00,7.099999904632568,7.099999904632568,7.099999904632568,7.099999904632568,100,0.0,0.0
2024-10-08 10:44:00-04:00,7.019999980926514,7.019999980926514,7.019999980926514,7.019999980926514,100,0.0,0.0
2024-10-08 10:47:00-04:00,7.019999980926514,7.019999980926514,7.010000228881836,7.019999980926514,418,0.0,0.0
2024-10-08 10:58:00-04:00,7.045000076293945,7.045000076293945,7.045000076293945,7.045000076293945,251,0.0,0.0
2024-10-08 10:59:00-04:00,7.090000152587891,7.090000152587891,7.010000228881836,7.014999866485596,486,0.0,0.0
2024-10-08 11:05:00-04:00,7.010000228881836,7.010000228881836,7.0,7.010000228881836,1353,0.0,0.0
2024-10-08 11:15:00-04:00,7.099999904632568,7.099999904632568,7.099999904632568,7.099999904632568,232,0.0,0.0
2024-10-08 11:49:00-04:00,7.150000095367432,7.150000095367432,7.150000095367432,7.150000095367432,2229,0.0,0.0
2024-10-08 11:54:00-04:00,7.099999904632568,7.099999904632568,7.099999904632568,7.099999904632568,282,0.0,0.0
2024-10-08 11:56:00-04:00,7.099999904632568,7.099999904632568,7.005000114440918,7.010000228881836,700,0.0,0.0
2024-10-08 11:57:00-04:00,7.099999904632568,7.099999904632568,7.010000228881836,7.010000228881836,1208,0.0,0.0
2024-10-08 11:58:00-04:00,7.074999809265137,7.074999809265137,7.074999809265137,7.074999809265137,139,0.0,0.0
2024-10-08 12:31:00-04:00,6.909999847412109,6.909999847412109,6.909999847412109,6.909999847412109,393,0.0,0.0
2024-10-08 12:34:00-04:00,6.989999771118164,6.989999771118164,6.989999771118164,6.989999771118164,1000,0.0,0.0
2024-10-08 12:38:00-04:00,6.989999771118164,6.989999771118164,6.989999771118164,6.989999771118164,600,0.0,0.0
2024-10-08 12:58:00-04:00,7.010000228881836,7.010000228881836,7.0,7.0,981,0.0,0.0
2024-10-08 13:06:00-04:00,7.0,7.0,7.0,7.0,629,0.0,0.0
2024-10-08 13:10:00-04:00,7.0,7.0,7.0,7.0,200,0.0,0.0
2024-10-08 13:11:00-04:00,7.039999961853027,7.039999961853027,7.0,7.010000228881836,800,0.0,0.0
2024-10-08 13:12:00-04:00,7.039999961853027,7.039999961853027,7.0,7.010000228881836,600,0.0,0.0
2024-10-08 13:13:00-04:00,7.039999961853027,7.070000171661377,7.0,7.0,1001,0.0,0.0
2024-10-08 13:14:00-04:00,7.039999961853027,7.039999961853027,7.0,7.0,1000,0.0,0.0
2024-10-08 13:15:00-04:00,7.039999961853027,7.039999961853027,7.0,7.0,600,0.0,0.0
2024-10-08 13:16:00-04:00,7.070000171661377,7.070000171661377,7.0,7.0,1200,0.0,0.0
2024-10-08 13:17:00-04:00,7.039999961853027,7.039999961853027,7.010000228881836,7.010000228881836,296,0.0,0.0
2024-10-08 13:34:00-04:00,7.0,7.0,7.0,7.0,313,0.0,0.0
2024-10-08 13:35:00-04:00,7.0,7.059999942779541,7.0,7.019999980926514,1100,0.0,0.0
2024-10-08 13:36:00-04:00,7.019999980926514,7.019999980926514,7.0,7.0,1287,0.0,0.0
2024-10-08 13:41:00-04:00,7.0,7.005000114440918,7.0,7.005000114440918,400,0.0,0.0
2024-10-08 13:47:00-04:00,7.019999980926514,7.019999980926514,7.010000228881836,7.019999980926514,1307,0.0,0.0
2024-10-08 13:54:00-04:00,6.961599826812744,6.989999771118164,6.961599826812744,6.989999771118164,500,0.0,0.0
2024-10-08 13:55:00-04:00,6.980000019073486,7.0,6.980000019073486,7.0,5191,0.0,0.0
2024-10-08 13:56:00-04:00,7.0,7.0,7.0,7.0,292,0.0,0.0
2024-10-08 13:58:00-04:00,7.0,7.0,7.0,7.0,579,0.0,0.0
2024-10-08 13:59:00-04:00,6.98799991607666,7.0,6.98799991607666,7.0,1000,0.0,0.0
2024-10-08 14:00:00-04:00,7.0,7.0,7.0,7.0,4448,0.0,0.0
2024-10-08 14:13:00-04:00,7.050000190734863,7.050000190734863,7.050000190734863,7.050000190734863,617,0.0,0.0
2024-10-08 14:14:00-04:00,7.050000190734863,7.050000190734863,7.0,7.0,1128,0.0,0.0
2024-10-08 14:15:00-04:00,6.980000019073486,7.0,6.980000019073486,7.0,402,0.0,0.0
2024-10-08 14:18:00-04:00,7.0,7.0,7.0,7.0,200,0.0,0.0
2024-10-08 14:19:00-04:00,7.0,7.0,7.0,7.0,100,0.0,0.0
2024-10-08 14:20:00-04:00,7.0,7.0,7.0,7.0,200,0.0,0.0
2024-10-08 14:21:00-04:00,7.0,7.0,7.0,7.0,326,0.0,0.0
2024-10-08 14:24:00-04:00,7.0,7.0,7.0,7.0,494,0.0,0.0
2024-10-08 14:28:00-04:00,7.0,7.0,7.0,7.0,201,0.0,0.0
2024-10-08 14:31:00-04:00,7.0,7.0,7.0,7.0,200,0.0,0.0
2024-10-08 14:34:00-04:00,7.0,7.0,7.0,7.0,200,0.0,0.0
2024-10-08 14:37:00-04:00,7.0,7.0,7.0,7.0,300,0.0,0.0
2024-10-08 14:40:00-04:00,7.0,7.0,7.0,7.0,200,0.0,0.0
2024-10-08 14:43:00-04:00,7.0,7.0,7.0,7.0,200,0.0,0.0
2024-10-08 14:45:00-04:00,7.050000190734863,7.050000190734863,7.050000190734863,7.050000190734863,300,0.0,0.0
2024-10-08 14:46:00-04:00,7.010000228881836,7.010000228881836,7.010000228881836,7.010000228881836,220,0.0,0.0
2024-10-08 14:49:00-04:00,7.010000228881836,7.010000228881836,7.010000228881836,7.010000228881836,444,0.0,0.0
2024-10-08 14:51:00-04:00,7.010000228881836,7.010000228881836,7.010000228881836,7.010000228881836,900,0.0,0.0
2024-10-08 14:53:00-04:00,7.010000228881836,7.010000228881836,7.010000228881836,7.010000228881836,301,0.0,0.0
2024-10-08 14:55:00-04:00,7.010000228881836,7.010000228881836,7.010000228881836,7.010000228881836,500,0.0,0.0
2024-10-08 14:57:00-04:00,7.0100998878479,7.0100998878479,7.010000228881836,7.010000228881836,420,0.0,0.0
2024-10-08 14:59:00-04:00,7.019999980926514,7.019999980926514,7.010000228881836,7.010000228881836,800,0.0,0.0
2024-10-08 15:01:00-04:00,7.010000228881836,7.010000228881836,7.010000228881836,7.010000228881836,100,0.0,0.0
2024-10-08 15:03:00-04:00,7.010000228881836,7.010000228881836,7.010000228881836,7.010000228881836,103,0.0,0.0
2024-10-08 15:05:00-04:00,7.010000228881836,7.010000228881836,7.010000228881836,7.010000228881836,200,0.0,0.0
2024-10-08 15:07:00-04:00,7.019999980926514,7.019999980926514,7.010000228881836,7.010000228881836,500,0.0,0.0
2024-10-08 15:09:00-04:00,7.010000228881836,7.010000228881836,7.010000228881836,7.010000228881836,100,0.0,0.0
2024-10-08 15:11:00-04:00,7.010000228881836,7.010000228881836,7.010000228881836,7.010000228881836,100,0.0,0.0
2024-10-08 15:13:00-04:00,7.010000228881836,7.010000228881836,7.010000228881836,7.010000228881836,312,0.0,0.0
2024-10-08 15:15:00-04:00,7.010000228881836,7.010000228881836,7.010000228881836,7.010000228881836,200,0.0,0.0
2024-10-08 15:16:00-04:00,7.010000228881836,7.010000228881836,7.010000228881836,7.010000228881836,200,0.0,0.0
2024-10-08 15:18:00-04:00,7.010000228881836,7.010000228881836,7.010000228881836,7.010000228881836,300,0.0,0.0
2024-10-08 15:20:00-04:00,7.010000228881836,7.010000228881836,7.010000228881836,7.010000228881836,318,0.0,0.0
2024-10-08 15:23:00-04:00,7.010000228881836,7.010000228881836,7.010000228881836,7.010000228881836,282,0.0,0.0
2024-10-08 15:24:00-04:00,7.010000228881836,7.010000228881836,7.010000228881836,7.010000228881836,300,0.0,0.0
2024-10-08 15:25:00-04:00,7.010000228881836,7.010000228881836,7.010000228881836,7.010000228881836,100,0.0,0.0
2024-10-08 15:26:00-04:00,7.090000152587891,7.090000152587891,7.090000152587891,7.090000152587891,118,0.0,0.0
2024-10-08 15:50:00-04:00,7.010000228881836,7.010000228881836,6.980000019073486,6.980000019073486,546,0.0,0.0
2024-10-08 15:51:00-04:00,6.914999961853027,6.914999961853027,6.710000038146973,6.710000038146973,903,0.0,0.0
2024-10-08 15:52:00-04:00,6.710000038146973,6.730000019073486,6.710000038146973,6.715000152587891,617,0.0,0.0
2024-10-08 15:53:00-04:00,6.730000019073486,6.75,6.71999979019165,6.730000019073486,600,0.0,0.0
2024-10-08 15:54:00-04:00,6.71999979019165,6.71999979019165,6.699999809265137,6.699999809265137,700,0.0,0.0
2024-10-08 15:55:00-04:00,6.630000114440918,6.690000057220459,6.630000114440918,6.630000114440918,618,0.0,0.0
2024-10-08 15:56:00-04:00,6.614999771118164,6.679999828338623,6.614999771118164,6.619999885559082,742,0.0,0.0
2024-10-08 15:57:00-04:00,6.740799903869629,6.815000057220459,6.659999847412109,6.659999847412109,2073,0.0,0.0
2024-10-08 15:58:00-04:00,6.659999847412109,6.760000228881836,6.659999847412109,6.760000228881836,818,0.0,0.0
2024-10-08 15:59:00-04:00,6.760000228881836,6.760000228881836,6.75,6.75,1307,0.0,0.0
2024-10-09 09:30:00-04:00,6.900000095367432,6.949999809265137,6.900000095367432,6.949999809265137,609,0.0,0.0
2024-10-09 09:34:00-04:00,6.900000095367432,6.900000095367432,6.900000095367432,6.900000095367432,1634,0.0,0.0
2024-10-09 09:38:00-04:00,6.864999771118164,6.864999771118164,6.750100135803223,6.750100135803223,927,0.0,0.0
2024-10-09 09:52:00-04:00,6.769999980926514,6.769999980926514,6.769999980926514,6.769999980926514,1015,0.0,0.0
2024-10-09 09:56:00-04:00,6.769999980926514,6.769999980926514,6.769999980926514,6.769999980926514,486,0.0,0.0
2024-10-09 10:11:00-04:00,6.817500114440918,6.817500114440918,6.817500114440918,6.817500114440918,162,0.0,0.0
2024-10-09 10:33:00-04:00,6.880000114440918,6.880000114440918,6.860000133514404,6.860000133514404,488,0.0,0.0
2024-10-09 10:34:00-04:00,6.860000133514404,6.860000133514404,6.849999904632568,6.849999904632568,911,0.0,0.0
2024-10-09 10:35:00-04:00,6.809999942779541,6.849999904632568,6.809999942779541,6.849999904632568,1691,0.0,0.0
2024-10-09 10:36:00-04:00,6.96999979019165,6.989999771118164,6.920000076293945,6.980000019073486,3018,0.0,0.0
2024-10-09 11:50:00-04:00,6.955399990081787,6.955399990081787,6.955399990081787,6.955399990081787,105,0.0,0.0
2024-10-09 12:02:00-04:00,6.973499774932861,6.973499774932861,6.949999809265137,6.949999809265137,1280,0.0,0.0
2024-10-09 12:05:00-04:00,6.9552001953125,6.9552001953125,6.9552001953125,6.9552001953125,106,0.0,0.0
2024-10-09 12:08:00-04:00,6.9721999168396,6.9721999168396,6.9721999168396,6.9721999168396,2033,0.0,0.0
2024-10-09 12:09:00-04:00,6.949999809265137,6.949999809265137,6.949999809265137,6.949999809265137,427,0.0,0.0
2024-10-09 12:22:00-04:00,6.960000038146973,6.960000038146973,6.949999809265137,6.949999809265137,692,0.0,0.0
2024-10-09 12:27:00-04:00,7.0,7.0,7.0,7.0,226,0.0,0.0
2024-10-09 12:57:00-04:00,7.010000228881836,7.010000228881836,7.010000228881836,7.010000228881836,169,0.0,0.0
2024-10-09 13:47:00-04:00,6.989999771118164,6.989999771118164,6.989999771118164,6.989999771118164,377,0.0,0.0
2024-10-09 15:04:00-04:00,7.010000228881836,7.010000228881836,7.010000228881836,7.010000228881836,300,0.0,0.0
2024-10-09 15:08:00-04:00,7.010000228881836,7.010000228881836,7.010000228881836,7.010000228881836,296,0.0,0.0
2024-10-09 15:11:00-04:00,7.0,7.0,7.0,7.0,239,0.0,0.0
2024-10-09 15:13:00-04:00,7.010000228881836,7.010000228881836,7.010000228881836,7.010000228881836,161,0.0,0.0
2024-10-09 15:14:00-04:00,7.010000228881836,7.010000228881836,7.010000228881836,7.010000228881836,393,0.0,0.0
2024-10-09 15:15:00-04:00,7.010000228881836,7.010000228881836,7.010000228881836,7.010000228881836,200,0.0,0.0
2024-10-09 15:17:00-04:00,7.010000228881836,7.010000228881836,7.010000228881836,7.010000228881836,300,0.0,0.0
2024-10-09 15:18:00-04:00,7.010000228881836,7.010000228881836,7.010000228881836,7.010000228881836,358,0.0,0.0
2024-10-09 15:20:00-04:00,7.019999980926514,7.019999980926514,7.019999980926514,7.019999980926514,326,0.0,0.0
2024-10-09 15:22:00-04:00,7.010000228881836,7.010000228881836,7.010000228881836,7.010000228881836,339,0.0,0.0
2024-10-09 15:24:00-04:00,7.03000020980835,7.03000020980835,7.03000020980835,7.03000020980835,275,0.0,0.0
2024-10-09 15:28:00-04:00,6.925000190734863,6.925000190734863,6.925000190734863,6.925000190734863,300,0.0,0.0
2024-10-09 15:31:00-04:00,6.925000190734863,7.047999858856201,6.925000190734863,7.039999961853027,392,0.0,0.0
2024-10-09 15:35:00-04:00,7.039999961853027,7.039999961853027,7.039999961853027,7.039999961853027,101,0.0,0.0
2024-10-09 15:38:00-04:00,7.0,7.0,7.0,7.0,120,0.0,0.0
2024-10-09 15:51:00-04:00,7.0,7.0,6.989999771118164,6.989999771118164,1036,0.0,0.0
2024-10-09 15:55:00-04:00,7.039999961853027,7.050000190734863,7.039999961853027,7.050000190734863,323,0.0,0.0
2024-10-09 15:56:00-04:00,7.039999961853027,7.050000190734863,7.039999961853027,7.050000190734863,630,0.0,0.0
2024-10-09 15:58:00-04:00,7.04610013961792,7.04610013961792,7.030200004577637,7.030200004577637,744,0.0,0.0
2024-10-09 15:59:00-04:00,7.0,7.0,7.0,7.0,121,0.0,0.0
2024-10-10 09:30:00-04:00,6.909999847412109,6.909999847412109,6.909999847412109,6.909999847412109,177,0.0,0.0
2024-10-10 09:47:00-04:00,6.900000095367432,6.900000095367432,6.900000095367432,6.900000095367432,251,0.0,0.0
2024-10-10 09:57:00-04:00,6.980000019073486,6.980000019073486,6.920000076293945,6.920000076293945,352,0.0,0.0
2024-10-10 09:59:00-04:00,6.860000133514404,6.920000076293945,6.710100173950195,6.710100173950195,2748,0.0,0.0
2024-10-10 10:00:00-04:00,6.71999979019165,6.808599948883057,6.710000038146973,6.710000038146973,2624,0.0,0.0
2024-10-10 10:02:00-04:00,6.75,6.8069000244140625,6.75,6.8069000244140625,570,0.0,0.0
2024-10-10 10:26:00-04:00,6.900000095367432,6.900000095367432,6.900000095367432,6.900000095367432,1677,0.0,0.0
2024-10-10 10:27:00-04:00,6.900000095367432,6.900000095367432,6.900000095367432,6.900000095367432,300,0.0,0.0
2024-10-10 10:34:00-04:00,6.900000095367432,6.926799774169922,6.849999904632568,6.849999904632568,2700,0.0,0.0
2024-10-10 10:35:00-04:00,6.849999904632568,6.849999904632568,6.849999904632568,6.849999904632568,256,0.0,0.0
2024-10-10 10:45:00-04:00,6.900000095367432,6.900000095367432,6.900000095367432,6.900000095367432,101,0.0,0.0
2024-10-10 10:49:00-04:00,6.900000095367432,6.900100231170654,6.809999942779541,6.809999942779541,411,0.0,0.0
2024-10-10 10:54:00-04:00,6.900000095367432,6.900000095367432,6.900000095367432,6.900000095367432,100,0.0,0.0
2024-10-10 10:56:00-04:00,6.690000057220459,6.690000057220459,6.690000057220459,6.690000057220459,202,0.0,0.0
2024-10-10 11:06:00-04:00,6.900000095367432,6.900000095367432,6.900000095367432,6.900000095367432,286,0.0,0.0
2024-10-10 11:07:00-04:00,6.900000095367432,6.900000095367432,6.900000095367432,6.900000095367432,323,0.0,0.0
2024-10-10 11:08:00-04:00,6.900000095367432,6.900000095367432,6.900000095367432,6.900000095367432,220,0.0,0.0
2024-10-10 11:09:00-04:00,6.849999904632568,6.960000038146973,6.849999904632568,6.900000095367432,400,0.0,0.0
2024-10-10 11:10:00-04:00,6.900000095367432,6.900000095367432,6.900000095367432,6.900000095367432,300,0.0,0.0
2024-10-10 11:11:00-04:00,6.900000095367432,6.900000095367432,6.900000095367432,6.900000095367432,454,0.0,0.0
2024-10-10 11:45:00-04:00,6.900000095367432,6.900000095367432,6.900000095367432,6.900000095367432,100,0.0,0.0
2024-10-10 11:57:00-04:00,6.980000019073486,6.980000019073486,6.980000019073486,6.980000019073486,147,0.0,0.0
2024-10-10 12:32:00-04:00,6.869999885559082,6.869999885559082,6.869999885559082,6.869999885559082,147,0.0,0.0
2024-10-10 12:45:00-04:00,6.96999979019165,6.96999979019165,6.96999979019165,6.96999979019165,464,0.0,0.0
2024-10-10 13:13:00-04:00,6.8607001304626465,6.8607001304626465,6.8607001304626465,6.8607001304626465,336,0.0,0.0
2024-10-10 14:27:00-04:00,6.849999904632568,6.849999904632568,6.849999904632568,6.849999904632568,216,0.0,0.0
2024-10-10 14:58:00-04:00,6.850100040435791,6.9116997718811035,6.849999904632568,6.849999904632568,1251,0.0,0.0
2024-10-10 15:00:00-04:00,6.96999979019165,6.980000019073486,6.849999904632568,6.849999904632568,2180,0.0,0.0
2024-10-10 15:05:00-04:00,6.855000019073486,6.855000019073486,6.855000019073486,6.855000019073486,327,0.0,0.0
2024-10-10 15:59:00-04:00,6.829999923706055,6.829999923706055,6.829999923706055,6.829999923706055,284,0.0,0.0
2024-10-11 09:30:00-04:00,6.789999961853027,6.789999961853027,6.789999961853027,6.789999961853027,110,0.0,0.0
2024-10-11 09:31:00-04:00,7.0,7.0,7.0,7.0,375,0.0,0.0
2024-10-11 09:36:00-04:00,6.849999904632568,6.854499816894531,6.849999904632568,6.854499816894531,536,0.0,0.0
2024-10-11 09:43:00-04:00,6.889999866485596,6.889999866485596,6.889999866485596,6.889999866485596,214,0.0,0.0
2024-10-11 09:45:00-04:00,6.949999809265137,6.949999809265137,6.949999809265137,6.949999809265137,409,0.0,0.0
2024-10-11 09:52:00-04:00,6.949999809265137,6.949999809265137,6.949999809265137,6.949999809265137,221,0.0,0.0
2024-10-11 09:53:00-04:00,6.909999847412109,6.909999847412109,6.909999847412109,6.909999847412109,280,0.0,0.0
2024-10-11 09:56:00-04:00,6.949999809265137,6.949999809265137,6.949999809265137,6.949999809265137,300,0.0,0.0
2024-10-11 09:59:00-04:00,6.940000057220459,6.949999809265137,6.940000057220459,6.940000057220459,330,0.0,0.0
2024-10-11 10:01:00-04:00,6.980000019073486,6.980000019073486,6.980000019073486,6.980000019073486,209,0.0,0.0
2024-10-11 10:15:00-04:00,6.973999977111816,6.973999977111816,6.973999977111816,6.973999977111816,309,0.0,0.0
2024-10-11 10:22:00-04:00,6.96999979019165,6.96999979019165,6.96999979019165,6.96999979019165,120,0.0,0.0
2024-10-11 10:23:00-04:00,6.980000019073486,6.980000019073486,6.980000019073486,6.980000019073486,179,0.0,0.0
2024-10-11 10:30:00-04:00,6.965400218963623,6.965400218963623,6.965000152587891,6.965000152587891,469,0.0,0.0
2024-10-11 10:50:00-04:00,6.829999923706055,6.829999923706055,6.829999923706055,6.829999923706055,200,0.0,0.0
2024-10-11 10:54:00-04:00,6.860000133514404,6.860000133514404,6.860000133514404,6.860000133514404,300,0.0,0.0
2024-10-11 10:57:00-04:00,6.96999979019165,6.96999979019165,6.96999979019165,6.96999979019165,306,0.0,0.0
2024-10-11 11:00:00-04:00,6.96999979019165,6.96999979019165,6.96999979019165,6.96999979019165,201,0.0,0.0
2024-10-11 11:03:00-04:00,6.96999979019165,6.96999979019165,6.96999979019165,6.96999979019165,200,0.0,0.0
2024-10-11 11:07:00-04:00,6.96999979019165,6.96999979019165,6.96999979019165,6.96999979019165,338,0.0,0.0
2024-10-11 11:39:00-04:00,6.96999979019165,6.96999979019165,6.96999979019165,6.96999979019165,252,0.0,0.0
2024-10-11 12:21:00-04:00,6.96999979019165,6.980000019073486,6.96999979019165,6.980000019073486,1190,0.0,0.0
2024-10-11 13:58:00-04:00,7.010000228881836,7.039999961853027,7.0,7.019000053405762,1357,0.0,0.0
2024-10-11 14:02:00-04:00,7.055799961090088,7.055799961090088,7.055799961090088,7.055799961090088,500,0.0,0.0
2024-10-11 14:05:00-04:00,7.050000190734863,7.050000190734863,7.050000190734863,7.050000190734863,756,0.0,0.0
