Datetime,Open,High,Low,Close,Volume,Dividends,Stock Splits
2024-10-07 09:30:00-04:00,110.68000030517578,110.98999786376953,110.68000030517578,110.98999786376953,3156,0.0,0.0
2024-10-07 09:31:00-04:00,110.31999969482422,110.31999969482422,110.31999969482422,110.31999969482422,719,0.0,0.0
2024-10-07 09:35:00-04:00,110.25489807128906,110.25499725341797,110.25489807128906,110.25489807128906,666,0.0,0.0
2024-10-07 09:38:00-04:00,110.41999816894531,110.41999816894531,110.41999816894531,110.41999816894531,241,0.0,0.0
2024-10-07 09:40:00-04:00,110.4000015258789,110.44999694824219,110.4000015258789,110.44999694824219,310,0.0,0.0
2024-10-07 09:41:00-04:00,110.5,110.5,110.5,110.5,851,0.0,0.0
2024-10-07 09:47:00-04:00,110.30999755859375,110.30999755859375,110.30999755859375,110.30999755859375,103,0.0,0.0
2024-10-07 09:48:00-04:00,110.30000305175781,110.30000305175781,110.30000305175781,110.30000305175781,172,0.0,0.0
2024-10-07 09:49:00-04:00,110.31999969482422,110.3949966430664,110.2750015258789,110.2750015258789,1976,0.0,0.0
2024-10-07 09:51:00-04:00,110.3499984741211,110.3499984741211,110.21499633789062,110.21499633789062,3225,0.0,0.0
2024-10-07 09:52:00-04:00,110.22000122070312,110.22000122070312,110.22000122070312,110.22000122070312,251,0.0,0.0
2024-10-07 09:53:00-04:00,110.31999969482422,110.31999969482422,110.31999969482422,110.31999969482422,476,0.0,0.0
2024-10-07 09:54:00-04:00,110.36000061035156,110.38999938964844,110.36000061035156,110.38999938964844,952,0.0,0.0
2024-10-07 09:55:00-04:00,110.33000183105469,110.33000183105469,110.31500244140625,110.31500244140625,594,0.0,0.0
2024-10-07 09:56:00-04:00,110.4000015258789,110.4000015258789,110.4000015258789,110.4000015258789,216,0.0,0.0
2024-10-07 09:57:00-04:00,110.3499984741211,110.3499984741211,110.33000183105469,110.33000183105469,462,0.0,0.0
2024-10-07 09:59:00-04:00,110.2699966430664,110.3550033569336,110.2300033569336,110.2300033569336,1096,0.0,0.0
2024-10-07 10:01:00-04:00,110.27999877929688,110.27999877929688,110.27999877929688,110.27999877929688,729,0.0,0.0
2024-10-07 10:04:00-04:00,110.0999984741211,110.19000244140625,110.0999984741211,110.19000244140625,586,0.0,0.0
2024-10-07 10:08:00-04:00,110.25,110.31999969482422,110.25,110.31999969482422,808,0.0,0.0
2024-10-07 10:09:00-04:00,110.31430053710938,110.36499786376953,110.31430053710938,110.36499786376953,685,0.0,0.0
2024-10-07 10:11:00-04:00,110.3550033569336,110.3550033569336,110.3550033569336,110.3550033569336,183,0.0,0.0
2024-10-07 10:12:00-04:00,110.37999725341797,110.37999725341797,110.37999725341797,110.37999725341797,678,0.0,0.0
2024-10-07 10:14:00-04:00,110.43000030517578,110.47000122070312,110.41000366210938,110.41000366210938,1323,0.0,0.0
2024-10-07 10:15:00-04:00,110.38500213623047,110.38500213623047,110.38500213623047,110.38500213623047,312,0.0,0.0
2024-10-07 10:16:00-04:00,110.37999725341797,110.37999725341797,110.37999725341797,110.37999725341797,274,0.0,0.0
2024-10-07 10:18:00-04:00,110.38500213623047,110.38500213623047,110.38500213623047,110.38500213623047,156,0.0,0.0
2024-10-07 10:20:00-04:00,110.38500213623047,110.38999938964844,110.36499786376953,110.38999938964844,1008,0.0,0.0
2024-10-07 10:22:00-04:00,110.4000015258789,110.4000015258789,110.31999969482422,110.31999969482422,478,0.0,0.0
2024-10-07 10:24:00-04:00,110.44000244140625,110.44000244140625,110.44000244140625,110.44000244140625,509,0.0,0.0
2024-10-07 10:25:00-04:00,110.38999938964844,110.43000030517578,110.38999938964844,110.43000030517578,782,0.0,0.0
2024-10-07 10:27:00-04:00,110.36000061035156,110.36000061035156,110.2750015258789,110.2750015258789,963,0.0,0.0
2024-10-07 10:29:00-04:00,110.16000366210938,110.16000366210938,110.16000366210938,110.16000366210938,126,0.0,0.0
2024-10-07 10:30:00-04:00,110.17500305175781,110.17500305175781,110.17500305175781,110.17500305175781,213,0.0,0.0
2024-10-07 10:31:00-04:00,110.11000061035156,110.11000061035156,110.11000061035156,110.11000061035156,502,0.0,0.0
2024-10-07 10:33:00-04:00,110.23999786376953,110.23999786376953,110.19999694824219,110.19999694824219,856,0.0,0.0
2024-10-07 10:35:00-04:00,110.27999877929688,110.27999877929688,110.2699966430664,110.2699966430664,625,0.0,0.0
2024-10-07 10:37:00-04:00,110.27999877929688,110.27999877929688,110.16999816894531,110.20999908447266,552,0.0,0.0
2024-10-07 10:39:00-04:00,110.25499725341797,110.25499725341797,110.25499725341797,110.25499725341797,242,0.0,0.0
2024-10-07 10:41:00-04:00,110.19000244140625,110.19000244140625,110.08999633789062,110.08999633789062,1341,0.0,0.0
2024-10-07 10:42:00-04:00,110.12000274658203,110.12000274658203,110.12000274658203,110.12000274658203,212,0.0,0.0
2024-10-07 10:43:00-04:00,110.16000366210938,110.16000366210938,110.16000366210938,110.16000366210938,369,0.0,0.0
2024-10-07 10:44:00-04:00,110.16000366210938,110.16000366210938,110.16000366210938,110.16000366210938,182,0.0,0.0
2024-10-07 10:45:00-04:00,110.0999984741211,110.12000274658203,110.05000305175781,110.05999755859375,3402,0.0,0.0
2024-10-07 10:46:00-04:00,110.11000061035156,110.11000061035156,110.11000061035156,110.11000061035156,1049,0.0,0.0
2024-10-07 10:47:00-04:00,110.12000274658203,110.12000274658203,110.05999755859375,110.05999755859375,650,0.0,0.0
2024-10-07 10:48:00-04:00,110.12000274658203,110.12000274658203,110.08499908447266,110.08499908447266,2711,0.0,0.0
2024-10-07 10:50:00-04:00,110.12000274658203,110.1449966430664,110.1050033569336,110.1449966430664,4866,0.0,0.0
2024-10-07 10:51:00-04:00,110.12999725341797,110.16999816894531,110.12999725341797,110.16999816894531,1378,0.0,0.0
2024-10-07 10:52:00-04:00,110.20999908447266,110.20999908447266,110.19000244140625,110.20999908447266,895,0.0,0.0
2024-10-07 10:53:00-04:00,110.20999908447266,110.20999908447266,110.20999908447266,110.20999908447266,266,0.0,0.0
2024-10-07 10:54:00-04:00,110.19999694824219,110.19999694824219,110.17500305175781,110.17500305175781,1636,0.0,0.0
2024-10-07 10:56:00-04:00,110.12000274658203,110.12000274658203,110.12000274658203,110.12000274658203,309,0.0,0.0
2024-10-07 10:58:00-04:00,110.06999969482422,110.06999969482422,110.06500244140625,110.06500244140625,418,0.0,0.0
2024-10-07 10:59:00-04:00,110.0999984741211,110.16999816894531,110.0999984741211,110.16999816894531,1365,0.0,0.0
2024-10-07 11:01:00-04:00,110.16000366210938,110.18000030517578,110.16000366210938,110.16999816894531,5147,0.0,0.0
2024-10-07 11:03:00-04:00,110.18000030517578,110.18000030517578,110.18000030517578,110.18000030517578,255,0.0,0.0
2024-10-07 11:04:00-04:00,110.28500366210938,110.28500366210938,110.28500366210938,110.28500366210938,1075,0.0,0.0
2024-10-07 11:05:00-04:00,110.30999755859375,110.30999755859375,110.29499816894531,110.29499816894531,700,0.0,0.0
2024-10-07 11:06:00-04:00,110.30500030517578,110.30500030517578,110.30500030517578,110.30500030517578,198,0.0,0.0
2024-10-07 11:07:00-04:00,110.33999633789062,110.3499984741211,110.33999633789062,110.3499984741211,526,0.0,0.0
2024-10-07 11:10:00-04:00,110.4000015258789,110.4000015258789,110.4000015258789,110.4000015258789,174,0.0,0.0
2024-10-07 11:11:00-04:00,110.3499984741211,110.3499984741211,110.30999755859375,110.30999755859375,870,0.0,0.0
2024-10-07 11:12:00-04:00,110.2699966430664,110.2699966430664,110.20709991455078,110.20709991455078,1178,0.0,0.0
2024-10-07 11:14:00-04:00,110.2699966430664,110.2699966430664,110.2699966430664,110.2699966430664,141,0.0,0.0
2024-10-07 11:15:00-04:00,110.28250122070312,110.28250122070312,110.2300033569336,110.24669647216797,1096,0.0,0.0
2024-10-07 11:17:00-04:00,110.29000091552734,110.29000091552734,110.29000091552734,110.29000091552734,422,0.0,0.0
2024-10-07 11:18:00-04:00,110.25,110.2750015258789,110.25,110.2699966430664,458,0.0,0.0
2024-10-07 11:19:00-04:00,110.29000091552734,110.29000091552734,110.29000091552734,110.29000091552734,272,0.0,0.0
2024-10-07 11:21:00-04:00,110.2750015258789,110.27999877929688,110.2750015258789,110.27999877929688,320,0.0,0.0
2024-10-07 11:22:00-04:00,110.22000122070312,110.22000122070312,110.22000122070312,110.22000122070312,277,0.0,0.0
2024-10-07 11:24:00-04:00,110.23999786376953,110.23999786376953,110.23999786376953,110.23999786376953,191,0.0,0.0
2024-10-07 11:25:00-04:00,110.2300033569336,110.27999877929688,110.2300033569336,110.25,389,0.0,0.0
2024-10-07 11:26:00-04:00,110.23999786376953,110.23999786376953,110.23999786376953,110.23999786376953,260,0.0,0.0
2024-10-07 11:27:00-04:00,110.2300033569336,110.2300033569336,110.2300033569336,110.2300033569336,871,0.0,0.0
2024-10-07 11:28:00-04:00,110.2300033569336,110.26000213623047,110.2300033569336,110.2300033569336,819,0.0,0.0
2024-10-07 11:29:00-04:00,110.21499633789062,110.21499633789062,110.21499633789062,110.21499633789062,176,0.0,0.0
2024-10-07 11:30:00-04:00,110.23999786376953,110.23999786376953,110.16999816894531,110.16999816894531,879,0.0,0.0
2024-10-07 11:34:00-04:00,110.22000122070312,110.22000122070312,110.22000122070312,110.22000122070312,813,0.0,0.0
2024-10-07 11:35:00-04:00,110.25,110.25,110.25,110.25,457,0.0,0.0
2024-10-07 11:37:00-04:00,110.29000091552734,110.29000091552734,110.29000091552734,110.29000091552734,199,0.0,0.0
2024-10-07 11:38:00-04:00,110.2699966430664,110.2699966430664,110.2699966430664,110.2699966430664,359,0.0,0.0
2024-10-07 11:40:00-04:00,110.27999877929688,110.27999877929688,110.27999877929688,110.27999877929688,229,0.0,0.0
2024-10-07 11:41:00-04:00,110.2750015258789,110.2750015258789,110.26499938964844,110.26499938964844,496,0.0,0.0
2024-10-07 11:42:00-04:00,110.20999908447266,110.2300033569336,110.19999694824219,110.19999694824219,799,0.0,0.0
2024-10-07 11:43:00-04:00,110.2074966430664,110.2074966430664,110.2074966430664,110.2074966430664,312,0.0,0.0
2024-10-07 11:44:00-04:00,110.17500305175781,110.19000244140625,110.17500305175781,110.19000244140625,288,0.0,0.0
2024-10-07 11:45:00-04:00,110.19000244140625,110.19999694824219,110.16999816894531,110.16999816894531,730,0.0,0.0
2024-10-07 11:46:00-04:00,110.19999694824219,110.19999694824219,110.19999694824219,110.19999694824219,343,0.0,0.0
2024-10-07 11:47:00-04:00,110.19999694824219,110.26000213623047,110.19999694824219,110.26000213623047,992,0.0,0.0
2024-10-07 11:48:00-04:00,110.29000091552734,110.31999969482422,110.29000091552734,110.31999969482422,576,0.0,0.0
2024-10-07 11:49:00-04:00,110.38999938964844,110.4000015258789,110.37419891357422,110.37419891357422,1399,0.0,0.0
2024-10-07 11:51:00-04:00,110.44000244140625,110.44000244140625,110.3499984741211,110.37999725341797,1248,0.0,0.0
2024-10-07 11:52:00-04:00,110.3499984741211,110.3499984741211,110.3499984741211,110.3499984741211,412,0.0,0.0
2024-10-07 11:53:00-04:00,110.33000183105469,110.33000183105469,110.31999969482422,110.31999969482422,668,0.0,0.0
2024-10-07 11:55:00-04:00,110.19999694824219,110.23500061035156,110.19999694824219,110.23500061035156,425,0.0,0.0
2024-10-07 11:56:00-04:00,110.19999694824219,110.19999694824219,110.16999816894531,110.16999816894531,938,0.0,0.0
2024-10-07 11:58:00-04:00,110.20999908447266,110.22000122070312,110.20999908447266,110.22000122070312,843,0.0,0.0
2024-10-07 12:02:00-04:00,110.16999816894531,110.20999908447266,110.125,110.125,925,0.0,0.0
2024-10-07 12:03:00-04:00,110.1500015258789,110.18000030517578,110.1500015258789,110.18000030517578,461,0.0,0.0
2024-10-07 12:04:00-04:00,110.12000274658203,110.12000274658203,110.12000274658203,110.12000274658203,168,0.0,0.0
2024-10-07 12:05:00-04:00,110.19000244140625,110.19000244140625,110.19000244140625,110.19000244140625,398,0.0,0.0
2024-10-07 12:06:00-04:00,110.20999908447266,110.20999908447266,110.20999908447266,110.20999908447266,143,0.0,0.0
2024-10-07 12:07:00-04:00,110.23999786376953,110.23999786376953,110.23999786376953,110.23999786376953,496,0.0,0.0
2024-10-07 12:08:00-04:00,110.18000030517578,110.18000030517578,110.13999938964844,110.13999938964844,282,0.0,0.0
2024-10-07 12:09:00-04:00,110.19999694824219,110.19999694824219,110.19999694824219,110.19999694824219,699,0.0,0.0
2024-10-07 12:13:00-04:00,110.12000274658203,110.12000274658203,110.06999969482422,110.06999969482422,512,0.0,0.0
2024-10-07 12:14:00-04:00,110.1500015258789,110.1500015258789,110.1500015258789,110.1500015258789,151,0.0,0.0
2024-10-07 12:15:00-04:00,110.12000274658203,110.12000274658203,110.12000274658203,110.12000274658203,247,0.0,0.0
2024-10-07 12:18:00-04:00,110.12999725341797,110.12999725341797,110.11000061035156,110.11000061035156,546,0.0,0.0
2024-10-07 12:21:00-04:00,110.1500015258789,110.1500015258789,110.1500015258789,110.1500015258789,535,0.0,0.0
2024-10-07 12:22:00-04:00,110.19000244140625,110.19000244140625,110.19000244140625,110.19000244140625,1382,0.0,0.0
2024-10-07 12:26:00-04:00,110.25,110.26000213623047,110.25,110.26000213623047,850,0.0,0.0
2024-10-07 12:27:00-04:00,110.31999969482422,110.31999969482422,110.31999969482422,110.31999969482422,492,0.0,0.0
2024-10-07 12:28:00-04:00,110.32499694824219,110.32499694824219,110.27999877929688,110.31999969482422,1234,0.0,0.0
2024-10-07 12:30:00-04:00,110.30999755859375,110.30999755859375,110.30999755859375,110.30999755859375,131,0.0,0.0
2024-10-07 12:31:00-04:00,110.29000091552734,110.29000091552734,110.26000213623047,110.26000213623047,282,0.0,0.0
2024-10-07 12:32:00-04:00,110.27749633789062,110.27749633789062,110.27749633789062,110.27749633789062,367,0.0,0.0
2024-10-07 12:33:00-04:00,110.30000305175781,110.30000305175781,110.30000305175781,110.30000305175781,106,0.0,0.0
2024-10-07 12:34:00-04:00,110.29499816894531,110.29499816894531,110.29499816894531,110.29499816894531,178,0.0,0.0
2024-10-07 12:35:00-04:00,110.29499816894531,110.29499816894531,110.29499816894531,110.29499816894531,190,0.0,0.0
2024-10-07 12:36:00-04:00,110.30999755859375,110.33000183105469,110.30999755859375,110.33000183105469,371,0.0,0.0
2024-10-07 12:37:00-04:00,110.29000091552734,110.29000091552734,110.29000091552734,110.29000091552734,124,0.0,0.0
2024-10-07 12:38:00-04:00,110.33000183105469,110.33000183105469,110.29000091552734,110.29000091552734,360,0.0,0.0
2024-10-07 12:39:00-04:00,110.30999755859375,110.30999755859375,110.23999786376953,110.26499938964844,1834,0.0,0.0
2024-10-07 12:40:00-04:00,110.25,110.25,110.23500061035156,110.23500061035156,405,0.0,0.0
2024-10-07 12:41:00-04:00,110.23500061035156,110.23500061035156,110.22000122070312,110.22000122070312,324,0.0,0.0
2024-10-07 12:42:00-04:00,110.23999786376953,110.23999786376953,110.19000244140625,110.19000244140625,429,0.0,0.0
2024-10-07 12:43:00-04:00,110.23999786376953,110.23999786376953,110.23999786376953,110.23999786376953,708,0.0,0.0
2024-10-07 12:44:00-04:00,110.26000213623047,110.26000213623047,110.26000213623047,110.26000213623047,404,0.0,0.0
2024-10-07 12:45:00-04:00,110.31999969482422,110.31999969482422,110.31999969482422,110.31999969482422,243,0.0,0.0
2024-10-07 12:46:00-04:00,110.29000091552734,110.29000091552734,110.29000091552734,110.29000091552734,362,0.0,0.0
2024-10-07 12:47:00-04:00,110.30999755859375,110.30999755859375,110.30999755859375,110.30999755859375,381,0.0,0.0
2024-10-07 12:48:00-04:00,110.36499786376953,110.36499786376953,110.36499786376953,110.36499786376953,234,0.0,0.0
2024-10-07 12:49:00-04:00,110.36499786376953,110.36499786376953,110.36000061035156,110.36000061035156,560,0.0,0.0
2024-10-07 12:51:00-04:00,110.3499984741211,110.38999938964844,110.3499984741211,110.38999938964844,1048,0.0,0.0
2024-10-07 12:52:00-04:00,110.43000030517578,110.4574966430664,110.43000030517578,110.4574966430664,368,0.0,0.0
2024-10-07 12:55:00-04:00,110.41500091552734,110.41500091552734,110.41500091552734,110.41500091552734,1300,0.0,0.0
2024-10-07 12:56:00-04:00,110.40499877929688,110.40499877929688,110.38999938964844,110.38999938964844,375,0.0,0.0
2024-10-07 12:57:00-04:00,110.38999938964844,110.41000366210938,110.38999938964844,110.41000366210938,577,0.0,0.0
2024-10-07 12:58:00-04:00,110.44999694824219,110.4800033569336,110.44999694824219,110.4800033569336,754,0.0,0.0
2024-10-07 13:02:00-04:00,110.44999694824219,110.44999694824219,110.44999694824219,110.44999694824219,631,0.0,0.0
2024-10-07 13:03:00-04:00,110.44999694824219,110.44999694824219,110.41000366210938,110.43720245361328,952,0.0,0.0
2024-10-07 13:04:00-04:00,110.41000366210938,110.41000366210938,110.41000366210938,110.41000366210938,535,0.0,0.0
2024-10-07 13:07:00-04:00,110.30999755859375,110.30999755859375,110.30999755859375,110.30999755859375,175,0.0,0.0
2024-10-07 13:08:00-04:00,110.31999969482422,110.31999969482422,110.31999969482422,110.31999969482422,762,0.0,0.0
2024-10-07 13:09:00-04:00,110.33999633789062,110.33999633789062,110.30500030517578,110.30500030517578,313,0.0,0.0
2024-10-07 13:10:00-04:00,110.33999633789062,110.36000061035156,110.33999633789062,110.36000061035156,507,0.0,0.0
2024-10-07 13:11:00-04:00,110.37999725341797,110.37999725341797,110.37999725341797,110.37999725341797,308,0.0,0.0
2024-10-07 13:13:00-04:00,110.4000015258789,110.47000122070312,110.4000015258789,110.47000122070312,484,0.0,0.0
2024-10-07 13:14:00-04:00,110.44999694824219,110.44999694824219,110.44999694824219,110.44999694824219,154,0.0,0.0
2024-10-07 13:15:00-04:00,110.47000122070312,110.47000122070312,110.47000122070312,110.47000122070312,241,0.0,0.0
2024-10-07 13:16:00-04:00,110.47000122070312,110.47000122070312,110.47000122070312,110.47000122070312,236,0.0,0.0
2024-10-07 13:17:00-04:00,110.48999786376953,110.48999786376953,110.48999786376953,110.48999786376953,277,0.0,0.0
2024-10-07 13:18:00-04:00,110.45999908447266,110.45999908447266,110.45999908447266,110.45999908447266,704,0.0,0.0
2024-10-07 13:19:00-04:00,110.44000244140625,110.44000244140625,110.41999816894531,110.43499755859375,514,0.0,0.0
2024-10-07 13:20:00-04:00,110.45999908447266,110.45999908447266,110.41000366210938,110.41000366210938,1080,0.0,0.0
2024-10-07 13:21:00-04:00,110.38500213623047,110.38500213623047,110.38500213623047,110.38500213623047,104,0.0,0.0
2024-10-07 13:22:00-04:00,110.38999938964844,110.41999816894531,110.38999938964844,110.41999816894531,698,0.0,0.0
2024-10-07 13:24:00-04:00,110.41000366210938,110.41000366210938,110.41000366210938,110.41000366210938,300,0.0,0.0
2024-10-07 13:27:00-04:00,110.44000244140625,110.44999694824219,110.44000244140625,110.44999694824219,584,0.0,0.0
2024-10-07 13:29:00-04:00,110.44999694824219,110.45500183105469,110.43000030517578,110.44000244140625,728,0.0,0.0
2024-10-07 13:30:00-04:00,110.44000244140625,110.44000244140625,110.44000244140625,110.44000244140625,121,0.0,0.0
2024-10-07 13:31:00-04:00,110.44000244140625,110.44000244140625,110.41000366210938,110.41000366210938,531,0.0,0.0
2024-10-07 13:32:00-04:00,110.3499984741211,110.37999725341797,110.3499984741211,110.37999725341797,469,0.0,0.0
2024-10-07 13:34:00-04:00,110.41000366210938,110.45999908447266,110.41000366210938,110.45999908447266,1015,0.0,0.0
2024-10-07 13:37:00-04:00,110.45999908447266,110.45999908447266,110.45999908447266,110.45999908447266,399,0.0,0.0
2024-10-07 13:38:00-04:00,110.41999816894531,110.41999816894531,110.41999816894531,110.41999816894531,239,0.0,0.0
2024-10-07 13:39:00-04:00,110.41999816894531,110.41999816894531,110.41999816894531,110.41999816894531,361,0.0,0.0
2024-10-07 13:41:00-04:00,110.44999694824219,110.44999694824219,110.44999694824219,110.44999694824219,361,0.0,0.0
2024-10-07 13:42:00-04:00,110.45500183105469,110.4800033569336,110.45500183105469,110.4800033569336,421,0.0,0.0
2024-10-07 13:43:00-04:00,110.44999694824219,110.46499633789062,110.44999694824219,110.45999908447266,858,0.0,0.0
2024-10-07 13:44:00-04:00,110.41999816894531,110.44999694824219,110.41999816894531,110.44999694824219,1220,0.0,0.0
2024-10-07 13:45:00-04:00,110.47000122070312,110.47000122070312,110.47000122070312,110.47000122070312,203,0.0,0.0
2024-10-07 13:46:00-04:00,110.47000122070312,110.47000122070312,110.47000122070312,110.47000122070312,766,0.0,0.0
2024-10-07 13:47:00-04:00,110.45500183105469,110.45500183105469,110.44000244140625,110.44000244140625,1171,0.0,0.0
2024-10-07 13:48:00-04:00,110.44499969482422,110.44499969482422,110.43499755859375,110.43499755859375,1979,0.0,0.0
2024-10-07 13:53:00-04:00,110.2249984741211,110.3499984741211,110.2249984741211,110.31500244140625,2202,0.0,0.0
2024-10-07 13:57:00-04:00,110.35479736328125,110.35479736328125,110.35479736328125,110.35479736328125,416,0.0,0.0
2024-10-07 13:59:00-04:00,110.36000061035156,110.36000061035156,110.36000061035156,110.36000061035156,394,0.0,0.0
2024-10-07 14:00:00-04:00,110.36000061035156,110.36000061035156,110.36000061035156,110.36000061035156,572,0.0,0.0
2024-10-07 14:01:00-04:00,110.33999633789062,110.33999633789062,110.33999633789062,110.33999633789062,166,0.0,0.0
2024-10-07 14:02:00-04:00,110.31500244140625,110.33999633789062,110.31500244140625,110.33999633789062,691,0.0,0.0
2024-10-07 14:03:00-04:00,110.3499984741211,110.3499984741211,110.3499984741211,110.3499984741211,235,0.0,0.0
2024-10-07 14:04:00-04:00,110.36000061035156,110.36000061035156,110.33000183105469,110.33000183105469,684,0.0,0.0
2024-10-07 14:05:00-04:00,110.38999938964844,110.38999938964844,110.38999938964844,110.38999938964844,506,0.0,0.0
2024-10-07 14:07:00-04:00,110.38500213623047,110.41500091552734,110.38500213623047,110.41500091552734,656,0.0,0.0
2024-10-07 14:08:00-04:00,110.41500091552734,110.41500091552734,110.41500091552734,110.41500091552734,297,0.0,0.0
2024-10-07 14:10:00-04:00,110.44000244140625,110.47000122070312,110.44000244140625,110.47000122070312,534,0.0,0.0
2024-10-07 14:11:00-04:00,110.47000122070312,110.47000122070312,110.47000122070312,110.47000122070312,178,0.0,0.0
2024-10-07 14:12:00-04:00,110.48999786376953,110.5,110.4800033569336,110.49500274658203,1385,0.0,0.0
2024-10-07 14:13:00-04:00,110.48500061035156,110.48500061035156,110.46009826660156,110.46009826660156,1711,0.0,0.0
2024-10-07 14:15:00-04:00,110.48500061035156,110.48500061035156,110.48500061035156,110.48500061035156,197,0.0,0.0
2024-10-07 14:16:00-04:00,110.45999908447266,110.45999908447266,110.45999908447266,110.45999908447266,1356,0.0,0.0
2024-10-07 14:19:00-04:00,110.30999755859375,110.30999755859375,110.30999755859375,110.30999755859375,138,0.0,0.0
2024-10-07 14:20:00-04:00,110.31999969482422,110.31999969482422,110.31999969482422,110.31999969482422,193,0.0,0.0
2024-10-07 14:21:00-04:00,110.37000274658203,110.37000274658203,110.37000274658203,110.37000274658203,782,0.0,0.0
2024-10-07 14:24:00-04:00,110.3499984741211,110.3499984741211,110.3499984741211,110.3499984741211,206,0.0,0.0
2024-10-07 14:25:00-04:00,110.37999725341797,110.37999725341797,110.37000274658203,110.37000274658203,554,0.0,0.0
2024-10-07 14:27:00-04:00,110.31999969482422,110.31999969482422,110.28250122070312,110.29000091552734,878,0.0,0.0
2024-10-07 14:28:00-04:00,110.30999755859375,110.30999755859375,110.23999786376953,110.23999786376953,869,0.0,0.0
2024-10-07 14:30:00-04:00,110.26000213623047,110.26000213623047,110.06500244140625,110.2300033569336,4135,0.0,0.0
2024-10-07 14:31:00-04:00,110.22000122070312,110.22000122070312,110.20500183105469,110.20500183105469,1616,0.0,0.0
2024-10-07 14:32:00-04:00,110.18000030517578,110.18000030517578,110.18000030517578,110.18000030517578,579,0.0,0.0
2024-10-07 14:35:00-04:00,110.13999938964844,110.13999938964844,110.13999938964844,110.13999938964844,416,0.0,0.0
2024-10-07 14:36:00-04:00,110.1500015258789,110.1500015258789,110.08000183105469,110.08000183105469,499,0.0,0.0
2024-10-07 14:37:00-04:00,110.08000183105469,110.12999725341797,110.08000183105469,110.12999725341797,1381,0.0,0.0
2024-10-07 14:40:00-04:00,110.22000122070312,110.22000122070312,110.22000122070312,110.22000122070312,240,0.0,0.0
2024-10-07 14:42:00-04:00,110.12999725341797,110.12999725341797,110.12999725341797,110.12999725341797,404,0.0,0.0
2024-10-07 14:44:00-04:00,110.16000366210938,110.16000366210938,110.13999938964844,110.13999938964844,765,0.0,0.0
2024-10-07 14:46:00-04:00,110.13999938964844,110.13999938964844,110.12000274658203,110.12000274658203,541,0.0,0.0
2024-10-07 14:47:00-04:00,110.12000274658203,110.12000274658203,110.12000274658203,110.12000274658203,567,0.0,0.0
2024-10-07 14:48:00-04:00,110.05999755859375,110.05999755859375,110.05999755859375,110.05999755859375,352,0.0,0.0
2024-10-07 14:49:00-04:00,110.05000305175781,110.13999938964844,110.05000305175781,110.13999938964844,2245,0.0,0.0
2024-10-07 14:50:00-04:00,110.12000274658203,110.19000244140625,110.12000274658203,110.19000244140625,841,0.0,0.0
2024-10-07 14:52:00-04:00,110.16999816894531,110.19000244140625,110.1500015258789,110.1500015258789,659,0.0,0.0
2024-10-07 14:54:00-04:00,110.1500015258789,110.15499877929688,110.1500015258789,110.15499877929688,884,0.0,0.0
2024-10-07 14:55:00-04:00,110.22000122070312,110.22000122070312,110.13999938964844,110.13999938964844,883,0.0,0.0
2024-10-07 14:56:00-04:00,110.11000061035156,110.1500015258789,110.11000061035156,110.12999725341797,3202,0.0,0.0
2024-10-07 14:57:00-04:00,110.11000061035156,110.11000061035156,109.97000122070312,109.97000122070312,2729,0.0,0.0
2024-10-07 14:58:00-04:00,110.0,110.04000091552734,109.98500061035156,110.0,6855,0.0,0.0
2024-10-07 14:59:00-04:00,110.05999755859375,110.05999755859375,109.99500274658203,109.99500274658203,1240,0.0,0.0
2024-10-07 15:00:00-04:00,109.99500274658203,110.02999877929688,109.99500274658203,110.02999877929688,1400,0.0,0.0
2024-10-07 15:03:00-04:00,110.06999969482422,110.08999633789062,110.06999969482422,110.08999633789062,641,0.0,0.0
2024-10-07 15:04:00-04:00,110.08999633789062,110.08999633789062,110.06999969482422,110.06999969482422,904,0.0,0.0
2024-10-07 15:06:00-04:00,110.12000274658203,110.12000274658203,110.12000274658203,110.12000274658203,496,0.0,0.0
2024-10-07 15:07:00-04:00,110.13999938964844,110.16000366210938,110.13999938964844,110.16000366210938,679,0.0,0.0
2024-10-07 15:09:00-04:00,110.1500015258789,110.18000030517578,110.1500015258789,110.18000030517578,590,0.0,0.0
2024-10-07 15:10:00-04:00,110.16000366210938,110.16000366210938,110.13999938964844,110.13999938964844,958,0.0,0.0
2024-10-07 15:11:00-04:00,110.12999725341797,110.12999725341797,110.12999725341797,110.12999725341797,728,0.0,0.0
2024-10-07 15:12:00-04:00,110.16999816894531,110.16999816894531,110.16999816894531,110.16999816894531,321,0.0,0.0
2024-10-07 15:13:00-04:00,110.17500305175781,110.17500305175781,110.1500015258789,110.1500015258789,264,0.0,0.0
2024-10-07 15:14:00-04:00,110.0999984741211,110.0999984741211,110.08999633789062,110.08999633789062,258,0.0,0.0
2024-10-07 15:15:00-04:00,110.11000061035156,110.11000061035156,110.11000061035156,110.11000061035156,227,0.0,0.0
2024-10-07 15:16:00-04:00,110.1500015258789,110.19000244140625,110.1500015258789,110.19000244140625,1168,0.0,0.0
2024-10-07 15:17:00-04:00,110.19000244140625,110.19000244140625,110.18499755859375,110.18499755859375,249,0.0,0.0
2024-10-07 15:18:00-04:00,110.20999908447266,110.22000122070312,110.20999908447266,110.22000122070312,618,0.0,0.0
2024-10-07 15:19:00-04:00,110.2300033569336,110.25,110.20999908447266,110.25,1048,0.0,0.0
2024-10-07 15:21:00-04:00,110.22000122070312,110.26000213623047,110.19999694824219,110.23999786376953,1588,0.0,0.0
2024-10-07 15:23:00-04:00,110.2699966430664,110.30500030517578,110.2699966430664,110.30500030517578,919,0.0,0.0
2024-10-07 15:25:00-04:00,110.31999969482422,110.3499984741211,110.31999969482422,110.33000183105469,1936,0.0,0.0
2024-10-07 15:26:00-04:00,110.32499694824219,110.32499694824219,110.32499694824219,110.32499694824219,306,0.0,0.0
2024-10-07 15:27:00-04:00,110.31500244140625,110.31500244140625,110.31500244140625,110.31500244140625,1139,0.0,0.0
2024-10-07 15:28:00-04:00,110.27999877929688,110.27999877929688,110.27999877929688,110.27999877929688,485,0.0,0.0
2024-10-07 15:29:00-04:00,110.30999755859375,110.31999969482422,110.29499816894531,110.31999969482422,811,0.0,0.0
2024-10-07 15:30:00-04:00,110.2699966430664,110.2699966430664,110.26000213623047,110.26000213623047,1471,0.0,0.0
2024-10-07 15:31:00-04:00,110.27999877929688,110.27999877929688,110.27999877929688,110.27999877929688,468,0.0,0.0
2024-10-07 15:32:00-04:00,110.23500061035156,110.26000213623047,110.23500061035156,110.26000213623047,1095,0.0,0.0
2024-10-07 15:33:00-04:00,110.25,110.26000213623047,110.25,110.26000213623047,540,0.0,0.0
2024-10-07 15:34:00-04:00,110.25,110.25,110.2300033569336,110.2300033569336,1234,0.0,0.0
2024-10-07 15:35:00-04:00,110.20999908447266,110.25,110.19999694824219,110.25,2962,0.0,0.0
2024-10-07 15:36:00-04:00,110.24500274658203,110.26000213623047,110.24500274658203,110.26000213623047,515,0.0,0.0
2024-10-07 15:37:00-04:00,110.23999786376953,110.25,110.23999786376953,110.25,413,0.0,0.0
2024-10-07 15:38:00-04:00,110.23999786376953,110.24500274658203,110.23999786376953,110.23999786376953,478,0.0,0.0
2024-10-07 15:39:00-04:00,110.24500274658203,110.24500274658203,110.2300033569336,110.2300033569336,932,0.0,0.0
2024-10-07 15:40:00-04:00,110.26000213623047,110.26000213623047,110.23500061035156,110.23500061035156,1853,0.0,0.0
2024-10-07 15:41:00-04:00,110.25,110.2750015258789,110.25,110.2750015258789,1931,0.0,0.0
2024-10-07 15:42:00-04:00,110.27999877929688,110.27999877929688,110.2699966430664,110.2699966430664,1428,0.0,0.0
2024-10-07 15:43:00-04:00,110.26499938964844,110.2699966430664,110.26499938964844,110.26499938964844,604,0.0,0.0
2024-10-07 15:44:00-04:00,110.2699966430664,110.30999755859375,110.2699966430664,110.30999755859375,1934,0.0,0.0
2024-10-07 15:45:00-04:00,110.32499694824219,110.32499694824219,110.23999786376953,110.23999786376953,2232,0.0,0.0
2024-10-07 15:46:00-04:00,110.26000213623047,110.30000305175781,110.26000213623047,110.28500366210938,1928,0.0,0.0
2024-10-07 15:47:00-04:00,110.30000305175781,110.30999755859375,110.30000305175781,110.30999755859375,892,0.0,0.0
2024-10-07 15:48:00-04:00,110.30999755859375,110.33000183105469,110.25,110.25,7429,0.0,0.0
2024-10-07 15:49:00-04:00,110.23999786376953,110.2699966430664,110.23999786376953,110.23999786376953,3201,0.0,0.0
2024-10-07 15:50:00-04:00,110.2300033569336,110.29000091552734,110.12000274658203,110.26000213623047,15819,0.0,0.0
2024-10-07 15:51:00-04:00,110.26000213623047,110.27999877929688,110.22000122070312,110.25,6489,0.0,0.0
2024-10-07 15:52:00-04:00,110.25499725341797,110.26000213623047,110.2249984741211,110.2249984741211,2527,0.0,0.0
2024-10-07 15:53:00-04:00,110.23500061035156,110.26000213623047,110.23500061035156,110.24500274658203,1737,0.0,0.0
2024-10-07 15:54:00-04:00,110.26000213623047,110.29000091552734,110.23999786376953,110.27999877929688,5570,0.0,0.0
2024-10-07 15:55:00-04:00,110.26000213623047,110.26000213623047,110.13999938964844,110.13999938964844,5638,0.0,0.0
2024-10-07 15:56:00-04:00,110.11000061035156,110.12999725341797,110.08000183105469,110.11000061035156,21560,0.0,0.0
2024-10-07 15:57:00-04:00,110.0999984741211,110.12000274658203,110.08000183105469,110.08999633789062,10323,0.0,0.0
2024-10-07 15:58:00-04:00,110.08999633789062,110.13500213623047,110.08000183105469,110.13500213623047,14126,0.0,0.0
2024-10-07 15:59:00-04:00,110.13999938964844,110.2699966430664,110.08000183105469,110.26000213623047,23408,0.0,0.0
2024-10-08 09:30:00-04:00,110.6500015258789,110.6500015258789,110.3583984375,110.3583984375,2681,0.0,0.0
2024-10-08 09:31:00-04:00,110.78500366210938,110.78500366210938,110.78500366210938,110.78500366210938,337,0.0,0.0
2024-10-08 09:35:00-04:00,110.48999786376953,110.48999786376953,110.45999908447266,110.4800033569336,834,0.0,0.0
2024-10-08 09:36:00-04:00,110.51499938964844,110.51499938964844,110.51499938964844,110.51499938964844,367,0.0,0.0
2024-10-08 09:37:00-04:00,110.29000091552734,110.29000091552734,110.27999877929688,110.28500366210938,1053,0.0,0.0
2024-10-08 09:39:00-04:00,110.31999969482422,110.32499694824219,110.31999969482422,110.32499694824219,1173,0.0,0.0
2024-10-08 09:40:00-04:00,110.27999877929688,110.27999877929688,110.27999877929688,110.27999877929688,348,0.0,0.0
2024-10-08 09:41:00-04:00,110.19999694824219,110.19999694824219,110.19999694824219,110.19999694824219,382,0.0,0.0
2024-10-08 09:43:00-04:00,110.1050033569336,110.1050033569336,110.1050033569336,110.1050033569336,154,0.0,0.0
2024-10-08 09:45:00-04:00,110.13999938964844,110.13999938964844,110.13999938964844,110.13999938964844,945,0.0,0.0
2024-10-08 09:50:00-04:00,110.05000305175781,110.05000305175781,110.04499816894531,110.04499816894531,396,0.0,0.0
2024-10-08 09:51:00-04:00,110.17500305175781,110.17500305175781,110.17500305175781,110.17500305175781,811,0.0,0.0
2024-10-08 09:54:00-04:00,110.19999694824219,110.19999694824219,110.19499969482422,110.19499969482422,365,0.0,0.0
2024-10-08 09:55:00-04:00,110.05999755859375,110.19499969482422,110.05999755859375,110.15499877929688,4840,0.0,0.0
2024-10-08 09:56:00-04:00,110.1500015258789,110.1500015258789,110.05999755859375,110.05999755859375,754,0.0,0.0
2024-10-08 09:59:00-04:00,110.04000091552734,110.04000091552734,109.9800033569336,109.9800033569336,930,0.0,0.0
2024-10-08 10:00:00-04:00,109.93000030517578,110.05999755859375,109.92500305175781,110.05000305175781,2490,0.0,0.0
2024-10-08 10:01:00-04:00,110.05999755859375,110.05999755859375,110.01499938964844,110.01499938964844,620,0.0,0.0
2024-10-08 10:02:00-04:00,109.91999816894531,109.91999816894531,109.91999816894531,109.91999816894531,287,0.0,0.0
2024-10-08 10:03:00-04:00,110.05999755859375,110.05999755859375,110.05999755859375,110.05999755859375,734,0.0,0.0
2024-10-08 10:04:00-04:00,110.05999755859375,110.12999725341797,110.0199966430664,110.0199966430664,5890,0.0,0.0
2024-10-08 10:07:00-04:00,110.0999984741211,110.12999725341797,110.06999969482422,110.12999725341797,1074,0.0,0.0
2024-10-08 10:08:00-04:00,110.13999938964844,110.20999908447266,110.13999938964844,110.20999908447266,572,0.0,0.0
2024-10-08 10:10:00-04:00,110.05999755859375,110.05999755859375,110.01499938964844,110.0199966430664,1090,0.0,0.0
2024-10-08 10:11:00-04:00,109.94000244140625,109.94000244140625,109.94000244140625,109.94000244140625,424,0.0,0.0
2024-10-08 10:12:00-04:00,109.98999786376953,109.98999786376953,109.93000030517578,109.93000030517578,622,0.0,0.0
2024-10-08 10:13:00-04:00,109.93000030517578,109.93000030517578,109.87999725341797,109.87999725341797,689,0.0,0.0
2024-10-08 10:14:00-04:00,109.87999725341797,109.87999725341797,109.8499984741211,109.8499984741211,570,0.0,0.0
2024-10-08 10:15:00-04:00,109.80999755859375,109.80999755859375,109.72000122070312,109.72000122070312,3187,0.0,0.0
2024-10-08 10:17:00-04:00,109.75,109.86499786376953,109.72000122070312,109.86000061035156,4326,0.0,0.0
2024-10-08 10:18:00-04:00,109.80000305175781,109.81999969482422,109.70999908447266,109.7699966430664,2144,0.0,0.0
2024-10-08 10:19:00-04:00,109.7750015258789,109.7750015258789,109.7750015258789,109.7750015258789,132,0.0,0.0
2024-10-08 10:20:00-04:00,109.80500030517578,109.80500030517578,109.79000091552734,109.79000091552734,1363,0.0,0.0
2024-10-08 10:21:00-04:00,109.73999786376953,109.73999786376953,109.73999786376953,109.73999786376953,705,0.0,0.0
2024-10-08 10:22:00-04:00,109.75,109.77999877929688,109.72000122070312,109.72000122070312,3548,0.0,0.0
2024-10-08 10:23:00-04:00,109.79000091552734,109.79000091552734,109.76499938964844,109.76499938964844,450,0.0,0.0
2024-10-08 10:24:00-04:00,109.7300033569336,109.75499725341797,109.7300033569336,109.75499725341797,450,0.0,0.0
2024-10-08 10:25:00-04:00,109.75,109.75,109.70999908447266,109.70999908447266,866,0.0,0.0
2024-10-08 10:26:00-04:00,109.79000091552734,109.83000183105469,109.72000122070312,109.72000122070312,2597,0.0,0.0
2024-10-08 10:27:00-04:00,109.69999694824219,109.69999694824219,109.69000244140625,109.69000244140625,415,0.0,0.0
2024-10-08 10:28:00-04:00,109.66500091552734,109.66500091552734,109.66500091552734,109.66500091552734,139,0.0,0.0
2024-10-08 10:30:00-04:00,109.66000366210938,109.66000366210938,109.625,109.66000366210938,1389,0.0,0.0
2024-10-08 10:31:00-04:00,109.62999725341797,109.62999725341797,109.62999725341797,109.62999725341797,1184,0.0,0.0
2024-10-08 10:35:00-04:00,109.55999755859375,109.55999755859375,109.55999755859375,109.55999755859375,614,0.0,0.0
2024-10-08 10:36:00-04:00,109.56999969482422,109.56999969482422,109.55000305175781,109.55000305175781,907,0.0,0.0
2024-10-08 10:39:00-04:00,109.55999755859375,109.55999755859375,109.55999755859375,109.55999755859375,838,0.0,0.0
2024-10-08 10:40:00-04:00,109.58000183105469,109.62000274658203,109.58000183105469,109.62000274658203,1541,0.0,0.0
2024-10-08 10:42:00-04:00,109.6500015258789,109.77999877929688,109.6500015258789,109.72000122070312,5249,0.0,0.0
2024-10-08 10:43:00-04:00,109.8499984741211,109.8499984741211,109.41000366210938,109.48500061035156,7211,0.0,0.0
2024-10-08 10:44:00-04:00,109.63999938964844,109.63999938964844,109.62999725341797,109.62999725341797,1054,0.0,0.0
2024-10-08 10:46:00-04:00,109.70999908447266,109.70999908447266,109.58000183105469,109.58000183105469,619,0.0,0.0
2024-10-08 10:47:00-04:00,109.66500091552734,109.66500091552734,109.66500091552734,109.66500091552734,574,0.0,0.0
2024-10-08 10:49:00-04:00,109.62000274658203,109.62999725341797,109.5999984741211,109.5999984741211,1547,0.0,0.0
2024-10-08 10:50:00-04:00,109.52999877929688,109.55000305175781,109.52999877929688,109.55000305175781,697,0.0,0.0
2024-10-08 10:51:00-04:00,109.5,109.56999969482422,109.5,109.56999969482422,741,0.0,0.0
2024-10-08 10:52:00-04:00,109.51000213623047,109.56999969482422,109.51000213623047,109.56999969482422,1089,0.0,0.0
2024-10-08 10:53:00-04:00,109.62999725341797,109.62999725341797,109.56999969482422,109.56999969482422,1254,0.0,0.0
2024-10-08 10:55:00-04:00,109.56999969482422,109.58999633789062,109.54000091552734,109.58999633789062,1027,0.0,0.0
2024-10-08 10:56:00-04:00,109.56999969482422,109.58999633789062,109.55999755859375,109.58999633789062,658,0.0,0.0
2024-10-08 10:57:00-04:00,109.5199966430664,109.5199966430664,109.5199966430664,109.5199966430664,176,0.0,0.0
2024-10-08 10:58:00-04:00,109.47000122070312,109.48500061035156,109.47000122070312,109.48500061035156,674,0.0,0.0
2024-10-08 10:59:00-04:00,109.43000030517578,109.52999877929688,109.43000030517578,109.51000213623047,1044,0.0,0.0
2024-10-08 11:02:00-04:00,109.41000366210938,109.41000366210938,109.41000366210938,109.41000366210938,227,0.0,0.0
2024-10-08 11:03:00-04:00,109.45999908447266,109.62999725341797,109.45999908447266,109.62999725341797,2249,0.0,0.0
2024-10-08 11:04:00-04:00,109.625,109.625,109.625,109.625,764,0.0,0.0
2024-10-08 11:07:00-04:00,109.62999725341797,109.63500213623047,109.62999725341797,109.63500213623047,796,0.0,0.0
2024-10-08 11:08:00-04:00,109.63500213623047,109.63999938964844,109.625,109.625,1294,0.0,0.0
2024-10-08 11:09:00-04:00,109.65499877929688,109.65499877929688,109.65499877929688,109.65499877929688,202,0.0,0.0
2024-10-08 11:10:00-04:00,109.66000366210938,109.66000366210938,109.62000274658203,109.62000274658203,775,0.0,0.0
2024-10-08 11:11:00-04:00,109.66500091552734,109.66500091552734,109.66500091552734,109.66500091552734,288,0.0,0.0
2024-10-08 11:12:00-04:00,109.67500305175781,109.70999908447266,109.67500305175781,109.68499755859375,714,0.0,0.0
2024-10-08 11:13:00-04:00,109.68000030517578,109.68000030517578,109.68000030517578,109.68000030517578,294,0.0,0.0
2024-10-08 11:14:00-04:00,109.66000366210938,109.66000366210938,109.66000366210938,109.66000366210938,870,0.0,0.0
2024-10-08 11:16:00-04:00,109.63999938964844,109.68499755859375,109.63999938964844,109.68499755859375,401,0.0,0.0
2024-10-08 11:18:00-04:00,109.7300033569336,109.80000305175781,109.7300033569336,109.80000305175781,2487,0.0,0.0
2024-10-08 11:26:00-04:00,109.8499984741211,109.8499984741211,109.8499984741211,109.8499984741211,314,0.0,0.0
2024-10-08 11:27:00-04:00,109.87999725341797,109.88999938964844,109.87999725341797,109.88999938964844,570,0.0,0.0
2024-10-08 11:29:00-04:00,109.87000274658203,109.87999725341797,109.87000274658203,109.87000274658203,654,0.0,0.0
2024-10-08 11:30:00-04:00,109.91000366210938,109.91000366210938,109.91000366210938,109.91000366210938,345,0.0,0.0
2024-10-08 11:32:00-04:00,109.80000305175781,109.80000305175781,109.80000305175781,109.80000305175781,325,0.0,0.0
2024-10-08 11:33:00-04:00,109.83999633789062,109.83999633789062,109.7699966430664,109.7699966430664,1334,0.0,0.0
2024-10-08 11:34:00-04:00,109.80000305175781,109.80500030517578,109.80000305175781,109.80500030517578,669,0.0,0.0
2024-10-08 11:35:00-04:00,109.70999908447266,109.70999908447266,109.70999908447266,109.70999908447266,325,0.0,0.0
2024-10-08 11:36:00-04:00,109.69999694824219,109.69999694824219,109.69999694824219,109.69999694824219,134,0.0,0.0
2024-10-08 11:37:00-04:00,109.73500061035156,109.73500061035156,109.73500061035156,109.73500061035156,390,0.0,0.0
2024-10-08 11:38:00-04:00,109.73999786376953,109.73999786376953,109.73999786376953,109.73999786376953,272,0.0,0.0
2024-10-08 11:39:00-04:00,109.70999908447266,109.70999908447266,109.62999725341797,109.62999725341797,1663,0.0,0.0
2024-10-08 11:40:00-04:00,109.58000183105469,109.58000183105469,109.58000183105469,109.58000183105469,238,0.0,0.0
2024-10-08 11:42:00-04:00,109.61499786376953,109.61499786376953,109.54000091552734,109.54000091552734,1502,0.0,0.0
2024-10-08 11:43:00-04:00,109.55500030517578,109.55500030517578,109.55500030517578,109.55500030517578,1596,0.0,0.0
2024-10-08 11:44:00-04:00,109.55999755859375,109.55999755859375,109.55999755859375,109.55999755859375,294,0.0,0.0
2024-10-08 11:45:00-04:00,109.55999755859375,109.55999755859375,109.51000213623047,109.51000213623047,931,0.0,0.0
2024-10-08 11:48:00-04:00,109.55000305175781,109.55000305175781,109.55000305175781,109.55000305175781,573,0.0,0.0
2024-10-08 11:49:00-04:00,109.56999969482422,109.56999969482422,109.56500244140625,109.56500244140625,578,0.0,0.0
2024-10-08 11:52:00-04:00,109.62000274658203,109.65499877929688,109.62000274658203,109.65499877929688,1106,0.0,0.0
2024-10-08 11:53:00-04:00,109.5999984741211,109.5999984741211,109.5999984741211,109.5999984741211,113,0.0,0.0
2024-10-08 11:54:00-04:00,109.62000274658203,109.62000274658203,109.62000274658203,109.62000274658203,472,0.0,0.0
2024-10-08 11:55:00-04:00,109.58999633789062,109.6050033569336,109.54000091552734,109.6050033569336,1478,0.0,0.0
2024-10-08 11:57:00-04:00,109.5999984741211,109.5999984741211,109.5999984741211,109.5999984741211,370,0.0,0.0
2024-10-08 11:58:00-04:00,109.5999984741211,109.5999984741211,109.5999984741211,109.5999984741211,686,0.0,0.0
2024-10-08 11:59:00-04:00,109.68000030517578,109.68000030517578,109.68000030517578,109.68000030517578,505,0.0,0.0
2024-10-08 12:00:00-04:00,109.69999694824219,109.71499633789062,109.69999694824219,109.71499633789062,621,0.0,0.0
2024-10-08 12:01:00-04:00,109.70999908447266,109.76000213623047,109.66000366210938,109.74500274658203,5299,0.0,0.0
2024-10-08 12:02:00-04:00,109.74500274658203,109.8550033569336,109.74500274658203,109.8550033569336,819,0.0,0.0
2024-10-08 12:03:00-04:00,109.81999969482422,109.81999969482422,109.81999969482422,109.81999969482422,743,0.0,0.0
2024-10-08 12:10:00-04:00,109.86499786376953,109.91000366210938,109.86499786376953,109.91000366210938,740,0.0,0.0
2024-10-08 12:12:00-04:00,109.80000305175781,109.80000305175781,109.80000305175781,109.80000305175781,400,0.0,0.0
2024-10-08 12:13:00-04:00,109.77999877929688,109.77999877929688,109.77999877929688,109.77999877929688,745,0.0,0.0
2024-10-08 12:15:00-04:00,109.72000122070312,109.72000122070312,109.72000122070312,109.72000122070312,239,0.0,0.0
2024-10-08 12:16:00-04:00,109.72000122070312,109.72000122070312,109.72000122070312,109.72000122070312,217,0.0,0.0
2024-10-08 12:17:00-04:00,109.69000244140625,109.73999786376953,109.69000244140625,109.73999786376953,439,0.0,0.0
2024-10-08 12:18:00-04:00,109.68000030517578,109.68000030517578,109.68000030517578,109.68000030517578,143,0.0,0.0
2024-10-08 12:20:00-04:00,109.73999786376953,109.73999786376953,109.73999786376953,109.73999786376953,136,0.0,0.0
2024-10-08 12:21:00-04:00,109.69000244140625,109.75499725341797,109.69000244140625,109.75499725341797,367,0.0,0.0
2024-10-08 12:22:00-04:00,109.75,109.75,109.75,109.75,793,0.0,0.0
2024-10-08 12:23:00-04:00,109.79000091552734,109.83999633789062,109.79000091552734,109.83999633789062,844,0.0,0.0
2024-10-08 12:24:00-04:00,109.80999755859375,109.83999633789062,109.80999755859375,109.83999633789062,704,0.0,0.0
2024-10-08 12:26:00-04:00,109.86000061035156,109.86000061035156,109.86000061035156,109.86000061035156,460,0.0,0.0
2024-10-08 12:27:00-04:00,109.93000030517578,109.97000122070312,109.92500305175781,109.94999694824219,1981,0.0,0.0
2024-10-08 12:32:00-04:00,109.98999786376953,109.98999786376953,109.98999786376953,109.98999786376953,484,0.0,0.0
2024-10-08 12:33:00-04:00,110.0,110.0,109.97319793701172,109.97319793701172,1028,0.0,0.0
2024-10-08 12:34:00-04:00,109.98999786376953,109.98999786376953,109.98999786376953,109.98999786376953,278,0.0,0.0
2024-10-08 12:35:00-04:00,109.98999786376953,109.98999786376953,109.9800033569336,109.9800033569336,529,0.0,0.0
2024-10-08 12:36:00-04:00,109.98999786376953,109.98999786376953,109.98999786376953,109.98999786376953,1018,0.0,0.0
2024-10-08 12:40:00-04:00,110.04000091552734,110.04000091552734,110.04000091552734,110.04000091552734,594,0.0,0.0
2024-10-08 12:41:00-04:00,110.0,110.0,109.95999908447266,109.9800033569336,1093,0.0,0.0
2024-10-08 12:43:00-04:00,109.97139739990234,109.97139739990234,109.91999816894531,109.91999816894531,358,0.0,0.0
2024-10-08 12:44:00-04:00,109.9800033569336,109.9800033569336,109.9749984741211,109.9749984741211,378,0.0,0.0
2024-10-08 12:45:00-04:00,109.97000122070312,109.97000122070312,109.97000122070312,109.97000122070312,257,0.0,0.0
2024-10-08 12:46:00-04:00,109.94000244140625,109.94000244140625,109.94000244140625,109.94000244140625,146,0.0,0.0
2024-10-08 12:47:00-04:00,109.90499877929688,109.90499877929688,109.90499877929688,109.90499877929688,238,0.0,0.0
2024-10-08 12:48:00-04:00,109.91000366210938,109.91000366210938,109.87999725341797,109.88999938964844,1014,0.0,0.0
2024-10-08 12:49:00-04:00,109.88999938964844,109.88999938964844,109.81999969482422,109.81999969482422,1653,0.0,0.0
2024-10-08 12:51:00-04:00,109.79000091552734,109.81999969482422,109.7699966430664,109.81999969482422,693,0.0,0.0
2024-10-08 12:53:00-04:00,109.81500244140625,109.81500244140625,109.81500244140625,109.81500244140625,130,0.0,0.0
2024-10-08 12:54:00-04:00,109.82240295410156,109.82240295410156,109.82240295410156,109.82240295410156,328,0.0,0.0
2024-10-08 12:55:00-04:00,109.77999877929688,109.77999877929688,109.77999877929688,109.77999877929688,436,0.0,0.0
2024-10-08 12:56:00-04:00,109.80999755859375,109.81999969482422,109.80000305175781,109.80000305175781,684,0.0,0.0
2024-10-08 12:57:00-04:00,109.78060150146484,109.78060150146484,109.77999877929688,109.77999877929688,880,0.0,0.0
2024-10-08 12:58:00-04:00,109.79000091552734,109.79000091552734,109.77999877929688,109.79000091552734,1996,0.0,0.0
2024-10-08 12:59:00-04:00,109.80999755859375,109.80999755859375,109.80999755859375,109.80999755859375,656,0.0,0.0
2024-10-08 13:00:00-04:00,109.79000091552734,109.79000091552734,109.79000091552734,109.79000091552734,563,0.0,0.0
2024-10-08 13:01:00-04:00,109.83999633789062,109.83999633789062,109.75,109.75,2102,0.0,0.0
2024-10-08 13:03:00-04:00,109.75,109.75,109.75,109.75,341,0.0,0.0
2024-10-08 13:04:00-04:00,109.73040008544922,109.73040008544922,109.73040008544922,109.73040008544922,318,0.0,0.0
2024-10-08 13:05:00-04:00,109.75,109.75,109.75,109.75,555,0.0,0.0
2024-10-08 13:06:00-04:00,109.76000213623047,109.79000091552734,109.7300033569336,109.76000213623047,3049,0.0,0.0
2024-10-08 13:08:00-04:00,109.7300033569336,109.7300033569336,109.55000305175781,109.55000305175781,65170,0.0,0.0
2024-10-08 13:09:00-04:00,109.69000244140625,109.69000244140625,109.58999633789062,109.6050033569336,2366,0.0,0.0
2024-10-08 13:10:00-04:00,109.62999725341797,109.66000366210938,109.62999725341797,109.66000366210938,1640,0.0,0.0
2024-10-08 13:11:00-04:00,109.62000274658203,109.62000274658203,109.5999984741211,109.61499786376953,1092,0.0,0.0
2024-10-08 13:12:00-04:00,109.6050033569336,109.61499786376953,109.58000183105469,109.61499786376953,1499,0.0,0.0
2024-10-08 13:13:00-04:00,109.59500122070312,109.6500015258789,109.59500122070312,109.63999938964844,1616,0.0,0.0
2024-10-08 13:14:00-04:00,109.62999725341797,109.6449966430664,109.62999725341797,109.6449966430664,1120,0.0,0.0
2024-10-08 13:15:00-04:00,109.61000061035156,109.61000061035156,109.6050033569336,109.6050033569336,1183,0.0,0.0
2024-10-08 13:18:00-04:00,109.61000061035156,109.63500213623047,109.61000061035156,109.62999725341797,1291,0.0,0.0
2024-10-08 13:19:00-04:00,109.6344985961914,109.6344985961914,109.6344985961914,109.6344985961914,233,0.0,0.0
2024-10-08 13:20:00-04:00,109.62000274658203,109.62000274658203,109.62000274658203,109.62000274658203,270,0.0,0.0
2024-10-08 13:21:00-04:00,109.63999938964844,109.63999938964844,109.63999938964844,109.63999938964844,284,0.0,0.0
2024-10-08 13:22:00-04:00,109.66999816894531,109.73999786376953,109.66999816894531,109.73999786376953,1799,0.0,0.0
2024-10-08 13:25:00-04:00,109.8499984741211,109.8499984741211,109.8499984741211,109.8499984741211,244,0.0,0.0
2024-10-08 13:26:00-04:00,109.8499984741211,109.8499984741211,109.8499984741211,109.8499984741211,510,0.0,0.0
2024-10-08 13:28:00-04:00,109.81999969482422,109.81999969482422,109.80000305175781,109.80500030517578,950,0.0,0.0
2024-10-08 13:29:00-04:00,109.80999755859375,109.83000183105469,109.80999755859375,109.83000183105469,627,0.0,0.0
2024-10-08 13:30:00-04:00,109.81999969482422,109.81999969482422,109.81999969482422,109.81999969482422,314,0.0,0.0
2024-10-08 13:31:00-04:00,109.86000061035156,109.86000061035156,109.86000061035156,109.86000061035156,174,0.0,0.0
2024-10-08 13:33:00-04:00,109.87300109863281,109.87300109863281,109.87300109863281,109.87300109863281,160,0.0,0.0
2024-10-08 13:34:00-04:00,109.8499984741211,109.8499984741211,109.8499984741211,109.8499984741211,501,0.0,0.0
2024-10-08 13:36:00-04:00,109.83999633789062,109.83999633789062,109.80000305175781,109.80000305175781,318,0.0,0.0
2024-10-08 13:37:00-04:00,109.80000305175781,109.80000305175781,109.79000091552734,109.79000091552734,846,0.0,0.0
2024-10-08 13:38:00-04:00,109.7699966430664,109.80500030517578,109.7699966430664,109.80500030517578,998,0.0,0.0
2024-10-08 13:42:00-04:00,109.7300033569336,109.7300033569336,109.7300033569336,109.7300033569336,287,0.0,0.0
2024-10-08 13:43:00-04:00,109.77999877929688,109.80000305175781,109.7748031616211,109.7748031616211,1055,0.0,0.0
2024-10-08 13:46:00-04:00,109.75,109.75,109.75,109.75,311,0.0,0.0
2024-10-08 13:48:00-04:00,109.72000122070312,109.72000122070312,109.72000122070312,109.72000122070312,425,0.0,0.0
2024-10-08 13:50:00-04:00,109.73999786376953,109.73999786376953,109.69000244140625,109.69000244140625,1060,0.0,0.0
2024-10-08 13:53:00-04:00,109.73999786376953,109.7699966430664,109.73999786376953,109.7699966430664,891,0.0,0.0
2024-10-08 13:55:00-04:00,109.785400390625,109.785400390625,109.785400390625,109.785400390625,166,0.0,0.0
2024-10-08 13:56:00-04:00,109.7699966430664,109.7699966430664,109.7699966430664,109.7699966430664,321,0.0,0.0
2024-10-08 13:58:00-04:00,109.83999633789062,109.83999633789062,109.83999633789062,109.83999633789062,367,0.0,0.0
2024-10-08 13:59:00-04:00,109.83999633789062,109.83999633789062,109.83999633789062,109.83999633789062,131,0.0,0.0
2024-10-08 14:00:00-04:00,109.8499984741211,109.86000061035156,109.8499984741211,109.86000061035156,1321,0.0,0.0
2024-10-08 14:07:00-04:00,109.86000061035156,109.86000061035156,109.86000061035156,109.86000061035156,263,0.0,0.0
2024-10-08 14:08:00-04:00,109.87999725341797,109.87999725341797,109.87999725341797,109.87999725341797,537,0.0,0.0
2024-10-08 14:09:00-04:00,109.8499984741211,109.8499984741211,109.81999969482422,109.81999969482422,702,0.0,0.0
2024-10-08 14:10:00-04:00,109.83000183105469,109.83000183105469,109.83000183105469,109.83000183105469,166,0.0,0.0
2024-10-08 14:11:00-04:00,109.80999755859375,109.80999755859375,109.7300033569336,109.7300033569336,1194,0.0,0.0
2024-10-08 14:14:00-04:00,109.73999786376953,109.73999786376953,109.7300033569336,109.73999786376953,955,0.0,0.0
2024-10-08 14:16:00-04:00,109.77999877929688,109.77999877929688,109.77999877929688,109.77999877929688,265,0.0,0.0
2024-10-08 14:17:00-04:00,109.75,109.75,109.75,109.75,430,0.0,0.0
2024-10-08 14:18:00-04:00,109.75,109.75,109.75,109.75,114,0.0,0.0
2024-10-08 14:19:00-04:00,109.76000213623047,109.76000213623047,109.76000213623047,109.76000213623047,166,0.0,0.0
2024-10-08 14:20:00-04:00,109.79540252685547,109.79540252685547,109.79540252685547,109.79540252685547,301,0.0,0.0
2024-10-08 14:21:00-04:00,109.77899932861328,109.80000305175781,109.77899932861328,109.80000305175781,789,0.0,0.0
2024-10-08 14:22:00-04:00,109.79499816894531,109.79499816894531,109.79499816894531,109.79499816894531,299,0.0,0.0
2024-10-08 14:24:00-04:00,109.7699966430664,109.7699966430664,109.7699966430664,109.7699966430664,100,0.0,0.0
2024-10-08 14:25:00-04:00,109.79499816894531,109.79499816894531,109.79499816894531,109.79499816894531,224,0.0,0.0
2024-10-08 14:26:00-04:00,109.7699966430664,109.7699966430664,109.73999786376953,109.75,1504,0.0,0.0
2024-10-08 14:27:00-04:00,109.75499725341797,109.75499725341797,109.69999694824219,109.69999694824219,1533,0.0,0.0
2024-10-08 14:30:00-04:00,109.70999908447266,109.75,109.70999908447266,109.7300033569336,6442,0.0,0.0
2024-10-08 14:31:00-04:00,109.75499725341797,109.7699966430664,109.75499725341797,109.7699966430664,539,0.0,0.0
2024-10-08 14:32:00-04:00,109.76499938964844,109.76499938964844,109.76499938964844,109.76499938964844,470,0.0,0.0
2024-10-08 14:33:00-04:00,109.79000091552734,109.83000183105469,109.79000091552734,109.83000183105469,1463,0.0,0.0
2024-10-08 14:35:00-04:00,109.8499984741211,109.8499984741211,109.8499984741211,109.8499984741211,412,0.0,0.0
2024-10-08 14:37:00-04:00,109.81999969482422,109.8499984741211,109.81999969482422,109.8499984741211,921,0.0,0.0
2024-10-08 14:39:00-04:00,109.8499984741211,109.8499984741211,109.8499984741211,109.8499984741211,464,0.0,0.0
2024-10-08 14:41:00-04:00,109.83000183105469,109.83000183105469,109.83000183105469,109.83000183105469,258,0.0,0.0
2024-10-08 14:42:00-04:00,109.80999755859375,109.80999755859375,109.80000305175781,109.80000305175781,506,0.0,0.0
2024-10-08 14:43:00-04:00,109.80999755859375,109.80999755859375,109.80999755859375,109.80999755859375,171,0.0,0.0
2024-10-08 14:44:00-04:00,109.79000091552734,109.83000183105469,109.79000091552734,109.83000183105469,512,0.0,0.0
2024-10-08 14:45:00-04:00,109.80000305175781,109.80000305175781,109.80000305175781,109.80000305175781,168,0.0,0.0
2024-10-08 14:46:00-04:00,109.79000091552734,109.79499816894531,109.79000091552734,109.79499816894531,444,0.0,0.0
2024-10-08 14:51:00-04:00,109.83999633789062,109.83999633789062,109.80000305175781,109.80000305175781,717,0.0,0.0
2024-10-08 14:52:00-04:00,109.80999755859375,109.80999755859375,109.80999755859375,109.80999755859375,114,0.0,0.0
2024-10-08 14:53:00-04:00,109.83999633789062,109.83999633789062,109.83999633789062,109.83999633789062,312,0.0,0.0
2024-10-08 14:54:00-04:00,109.80000305175781,109.80000305175781,109.80000305175781,109.80000305175781,116,0.0,0.0
2024-10-08 14:55:00-04:00,109.81500244140625,109.81500244140625,109.81500244140625,109.81500244140625,998,0.0,0.0
2024-10-08 14:58:00-04:00,109.79000091552734,109.79000091552734,109.77999877929688,109.77999877929688,1181,0.0,0.0
2024-10-08 15:01:00-04:00,109.7699966430664,109.80999755859375,109.7699966430664,109.80000305175781,1801,0.0,0.0
2024-10-08 15:02:00-04:00,109.77999877929688,109.77999877929688,109.76000213623047,109.76000213623047,665,0.0,0.0
2024-10-08 15:04:00-04:00,109.7750015258789,109.7750015258789,109.7750015258789,109.7750015258789,315,0.0,0.0
2024-10-08 15:05:00-04:00,109.7300033569336,109.7300033569336,109.72000122070312,109.7300033569336,942,0.0,0.0
2024-10-08 15:06:00-04:00,109.66999816894531,109.66999816894531,109.66999816894531,109.66999816894531,457,0.0,0.0
2024-10-08 15:07:00-04:00,109.66000366210938,109.66000366210938,109.66000366210938,109.66000366210938,114,0.0,0.0
2024-10-08 15:08:00-04:00,109.69499969482422,109.79000091552734,109.69499969482422,109.76499938964844,6364,0.0,0.0
2024-10-08 15:09:00-04:00,109.7300033569336,109.7300033569336,109.70999908447266,109.70999908447266,657,0.0,0.0
2024-10-08 15:10:00-04:00,109.69999694824219,109.69999694824219,109.69999694824219,109.69999694824219,3654,0.0,0.0
2024-10-08 15:11:00-04:00,109.68499755859375,109.69999694824219,109.66999816894531,109.66999816894531,2710,0.0,0.0
2024-10-08 15:12:00-04:00,109.69000244140625,109.69000244140625,109.69000244140625,109.69000244140625,584,0.0,0.0
2024-10-08 15:13:00-04:00,109.69000244140625,109.69000244140625,109.69000244140625,109.69000244140625,624,0.0,0.0
2024-10-08 15:14:00-04:00,109.69000244140625,109.69499969482422,109.69000244140625,109.69499969482422,482,0.0,0.0
2024-10-08 15:15:00-04:00,109.68000030517578,109.69999694824219,109.63999938964844,109.63999938964844,2474,0.0,0.0
2024-10-08 15:16:00-04:00,109.62999725341797,109.62999725341797,109.62999725341797,109.62999725341797,21264,0.0,0.0
2024-10-08 15:18:00-04:00,109.56999969482422,109.56999969482422,109.56999969482422,109.56999969482422,668,0.0,0.0
2024-10-08 15:19:00-04:00,109.5999984741211,109.5999984741211,109.51000213623047,109.52999877929688,3492,0.0,0.0
2024-10-08 15:20:00-04:00,109.5199966430664,109.5199966430664,109.4446029663086,109.4446029663086,905,0.0,0.0
2024-10-08 15:21:00-04:00,109.52999877929688,109.52999877929688,109.52999877929688,109.52999877929688,238,0.0,0.0
2024-10-08 15:22:00-04:00,109.51000213623047,109.55999755859375,109.51000213623047,109.55999755859375,693,0.0,0.0
2024-10-08 15:23:00-04:00,109.54499816894531,109.54499816894531,109.54499816894531,109.54499816894531,418,0.0,0.0
2024-10-08 15:24:00-04:00,109.56999969482422,109.56999969482422,109.56999969482422,109.56999969482422,587,0.0,0.0
2024-10-08 15:25:00-04:00,109.55000305175781,109.55000305175781,109.52999877929688,109.54000091552734,394,0.0,0.0
2024-10-08 15:26:00-04:00,109.55000305175781,109.58000183105469,109.55000305175781,109.58000183105469,579,0.0,0.0
2024-10-08 15:27:00-04:00,109.58999633789062,109.58999633789062,109.55999755859375,109.55999755859375,876,0.0,0.0
2024-10-08 15:28:00-04:00,109.54499816894531,109.54499816894531,109.54499816894531,109.54499816894531,566,0.0,0.0
2024-10-08 15:30:00-04:00,109.4800033569336,109.52999877929688,109.4800033569336,109.52999877929688,1566,0.0,0.0
2024-10-08 15:31:00-04:00,109.5,109.56999969482422,109.5,109.56999969482422,20922,0.0,0.0
2024-10-08 15:33:00-04:00,109.61000061035156,109.61000061035156,109.54000091552734,109.54000091552734,6722,0.0,0.0
2024-10-08 15:34:00-04:00,109.54000091552734,109.56999969482422,109.54000091552734,109.56999969482422,2097,0.0,0.0
2024-10-08 15:35:00-04:00,109.54000091552734,109.55000305175781,109.54000091552734,109.55000305175781,1352,0.0,0.0
2024-10-08 15:36:00-04:00,109.54000091552734,109.54000091552734,109.52999877929688,109.52999877929688,953,0.0,0.0
2024-10-08 15:37:00-04:00,109.55999755859375,109.62999725341797,109.55999755859375,109.62999725341797,1237,0.0,0.0
2024-10-08 15:38:00-04:00,109.58000183105469,109.58999633789062,109.52999877929688,109.52999877929688,1932,0.0,0.0
2024-10-08 15:39:00-04:00,109.55500030517578,109.55999755859375,109.55000305175781,109.55500030517578,1020,0.0,0.0
2024-10-08 15:40:00-04:00,109.55500030517578,109.55500030517578,109.55500030517578,109.55500030517578,915,0.0,0.0
2024-10-08 15:41:00-04:00,109.52999877929688,109.54000091552734,109.5199966430664,109.5199966430664,1382,0.0,0.0
2024-10-08 15:42:00-04:00,109.55000305175781,109.55999755859375,109.53500366210938,109.53500366210938,1515,0.0,0.0
2024-10-08 15:43:00-04:00,109.52999877929688,109.52999877929688,109.5,109.5,1162,0.0,0.0
2024-10-08 15:44:00-04:00,109.5199966430664,109.52999877929688,109.45999908447266,109.45999908447266,1390,0.0,0.0
2024-10-08 15:45:00-04:00,109.4800033569336,109.5,109.45999908447266,109.48500061035156,3652,0.0,0.0
2024-10-08 15:46:00-04:00,109.50499725341797,109.5199966430664,109.49500274658203,109.51000213623047,2422,0.0,0.0
2024-10-08 15:47:00-04:00,109.50499725341797,109.5199966430664,109.48999786376953,109.5,1867,0.0,0.0
2024-10-08 15:48:00-04:00,109.49500274658203,109.5199966430664,109.47000122070312,109.47000122070312,5590,0.0,0.0
2024-10-08 15:49:00-04:00,109.47000122070312,109.47000122070312,109.44999694824219,109.45999908447266,2822,0.0,0.0
2024-10-08 15:50:00-04:00,109.45999908447266,109.5199966430664,109.45500183105469,109.4800033569336,5360,0.0,0.0
2024-10-08 15:51:00-04:00,109.47899627685547,109.4800033569336,109.43000030517578,109.43499755859375,2870,0.0,0.0
2024-10-08 15:52:00-04:00,109.43000030517578,109.54000091552734,109.43000030517578,109.54000091552734,4870,0.0,0.0
2024-10-08 15:53:00-04:00,109.54000091552734,109.58999633789062,109.51499938964844,109.58999633789062,19999,0.0,0.0
2024-10-08 15:54:00-04:00,109.57499694824219,109.61000061035156,109.57499694824219,109.58999633789062,2795,0.0,0.0
2024-10-08 15:55:00-04:00,109.62000274658203,109.6500015258789,109.62000274658203,109.62999725341797,3425,0.0,0.0
2024-10-08 15:56:00-04:00,109.63999938964844,109.70999908447266,109.63749694824219,109.69999694824219,11378,0.0,0.0
2024-10-08 15:57:00-04:00,109.69999694824219,109.79000091552734,109.69999694824219,109.79000091552734,7534,0.0,0.0
2024-10-08 15:58:00-04:00,109.79000091552734,109.79000091552734,109.73999786376953,109.77999877929688,12388,0.0,0.0
2024-10-08 15:59:00-04:00,109.7699966430664,109.7699966430664,109.62000274658203,109.63500213623047,19692,0.0,0.0
2024-10-09 09:30:00-04:00,109.7699966430664,109.7699966430664,109.7699966430664,109.7699966430664,2728,0.0,0.0
2024-10-09 09:36:00-04:00,109.93000030517578,109.93000030517578,109.93000030517578,109.93000030517578,352,0.0,0.0
2024-10-09 09:38:00-04:00,110.12049865722656,110.12049865722656,110.12049865722656,110.12049865722656,686,0.0,0.0
2024-10-09 09:39:00-04:00,110.1500015258789,110.1500015258789,110.1500015258789,110.1500015258789,623,0.0,0.0
2024-10-09 09:41:00-04:00,110.1500015258789,110.1500015258789,110.1500015258789,110.1500015258789,1032,0.0,0.0
2024-10-09 09:45:00-04:00,110.08999633789062,110.21499633789062,110.08999633789062,110.20500183105469,695,0.0,0.0
2024-10-09 09:46:00-04:00,110.16000366210938,110.19999694824219,110.16000366210938,110.19499969482422,727,0.0,0.0
2024-10-09 09:48:00-04:00,110.29499816894531,110.29499816894531,110.28500366210938,110.28500366210938,1514,0.0,0.0
2024-10-09 09:50:00-04:00,110.25,110.33000183105469,110.2300033569336,110.33000183105469,696,0.0,0.0
2024-10-09 09:51:00-04:00,110.4000015258789,110.4000015258789,110.4000015258789,110.4000015258789,282,0.0,0.0
2024-10-09 09:52:00-04:00,110.38500213623047,110.41999816894531,110.38500213623047,110.41999816894531,658,0.0,0.0
2024-10-09 09:53:00-04:00,110.4000015258789,110.4000015258789,110.4000015258789,110.4000015258789,465,0.0,0.0
2024-10-09 09:54:00-04:00,110.44000244140625,110.44000244140625,110.44000244140625,110.44000244140625,194,0.0,0.0
2024-10-09 09:55:00-04:00,110.34500122070312,110.34500122070312,110.23999786376953,110.26499938964844,1976,0.0,0.0
2024-10-09 09:56:00-04:00,110.25,110.25,110.2249984741211,110.2249984741211,1188,0.0,0.0
2024-10-09 09:57:00-04:00,110.30000305175781,110.30999755859375,110.30000305175781,110.30999755859375,1074,0.0,0.0
2024-10-09 10:01:00-04:00,110.36000061035156,110.36000061035156,110.36000061035156,110.36000061035156,327,0.0,0.0
2024-10-09 10:02:00-04:00,110.37000274658203,110.37000274658203,110.30000305175781,110.30000305175781,704,0.0,0.0
2024-10-09 10:03:00-04:00,110.41000366210938,110.41000366210938,110.41000366210938,110.41000366210938,410,0.0,0.0
2024-10-09 10:04:00-04:00,110.47000122070312,110.5,110.45500183105469,110.45500183105469,812,0.0,0.0
2024-10-09 10:05:00-04:00,110.47930145263672,110.47930145263672,110.47000122070312,110.47000122070312,907,0.0,0.0
2024-10-09 10:07:00-04:00,110.44000244140625,110.44999694824219,110.44000244140625,110.44999694824219,460,0.0,0.0
2024-10-09 10:08:00-04:00,110.48999786376953,110.48999786376953,110.48999786376953,110.48999786376953,287,0.0,0.0
2024-10-09 10:09:00-04:00,110.45500183105469,110.45500183105469,110.45500183105469,110.45500183105469,446,0.0,0.0
2024-10-09 10:10:00-04:00,110.38999938964844,110.38999938964844,110.37000274658203,110.37000274658203,709,0.0,0.0
2024-10-09 10:11:00-04:00,110.43000030517578,110.46499633789062,110.43000030517578,110.46499633789062,572,0.0,0.0
2024-10-09 10:12:00-04:00,110.41609954833984,110.41609954833984,110.41609954833984,110.41609954833984,144,0.0,0.0
2024-10-09 10:13:00-04:00,110.40499877929688,110.40499877929688,110.40499877929688,110.40499877929688,235,0.0,0.0
2024-10-09 10:14:00-04:00,110.38999938964844,110.38999938964844,110.33999633789062,110.33999633789062,879,0.0,0.0
2024-10-09 10:15:00-04:00,110.37000274658203,110.37000274658203,110.37000274658203,110.37000274658203,225,0.0,0.0
2024-10-09 10:16:00-04:00,110.34500122070312,110.37000274658203,110.34500122070312,110.37000274658203,685,0.0,0.0
2024-10-09 10:17:00-04:00,110.37000274658203,110.41999816894531,110.37000274658203,110.41999816894531,663,0.0,0.0
2024-10-09 10:20:00-04:00,110.41999816894531,110.41999816894531,110.33999633789062,110.33999633789062,1266,0.0,0.0
2024-10-09 10:21:00-04:00,110.37000274658203,110.41500091552734,110.37000274658203,110.41500091552734,2031,0.0,0.0
2024-10-09 10:22:00-04:00,110.41000366210938,110.41000366210938,110.41000366210938,110.41000366210938,486,0.0,0.0
2024-10-09 10:23:00-04:00,110.37999725341797,110.37999725341797,110.36000061035156,110.37999725341797,1195,0.0,0.0
2024-10-09 10:24:00-04:00,110.44000244140625,110.44000244140625,110.44000244140625,110.44000244140625,1094,0.0,0.0
2024-10-09 10:25:00-04:00,110.44000244140625,110.44000244140625,110.37999725341797,110.44000244140625,1582,0.0,0.0
2024-10-09 10:26:00-04:00,110.43000030517578,110.5,110.43000030517578,110.4800033569336,678,0.0,0.0
2024-10-09 10:27:00-04:00,110.48999786376953,110.55999755859375,110.48999786376953,110.55999755859375,1906,0.0,0.0
2024-10-09 10:28:00-04:00,110.48999786376953,110.55000305175781,110.48999786376953,110.55000305175781,409,0.0,0.0
2024-10-09 10:29:00-04:00,110.51499938964844,110.51499938964844,110.51499938964844,110.51499938964844,306,0.0,0.0
2024-10-09 10:30:00-04:00,110.4800033569336,110.4800033569336,110.44000244140625,110.44000244140625,1570,0.0,0.0
2024-10-09 10:31:00-04:00,110.43499755859375,110.43499755859375,110.40499877929688,110.40499877929688,620,0.0,0.0
2024-10-09 10:32:00-04:00,110.44999694824219,110.44999694824219,110.44999694824219,110.44999694824219,461,0.0,0.0
2024-10-09 10:34:00-04:00,110.41000366210938,110.41000366210938,110.36499786376953,110.36499786376953,2263,0.0,0.0
2024-10-09 10:38:00-04:00,110.43499755859375,110.43499755859375,110.37999725341797,110.3949966430664,1891,0.0,0.0
2024-10-09 10:39:00-04:00,110.375,110.375,110.375,110.375,110,0.0,0.0
2024-10-09 10:40:00-04:00,110.375,110.375,110.375,110.375,148,0.0,0.0
2024-10-09 10:41:00-04:00,110.37999725341797,110.4000015258789,110.30999755859375,110.33000183105469,3167,0.0,0.0
2024-10-09 10:42:00-04:00,110.30999755859375,110.33000183105469,110.25,110.25499725341797,7105,0.0,0.0
2024-10-09 10:43:00-04:00,110.29000091552734,110.3550033569336,110.29000091552734,110.33000183105469,1388,0.0,0.0
2024-10-09 10:44:00-04:00,110.29499816894531,110.29499816894531,110.29499816894531,110.29499816894531,680,0.0,0.0
2024-10-09 10:45:00-04:00,110.36499786376953,110.36499786376953,110.36499786376953,110.36499786376953,241,0.0,0.0
2024-10-09 10:46:00-04:00,110.43499755859375,110.43499755859375,110.43499755859375,110.43499755859375,791,0.0,0.0
2024-10-09 10:47:00-04:00,110.5199966430664,110.5199966430664,110.46499633789062,110.48500061035156,531,0.0,0.0
2024-10-09 10:48:00-04:00,110.55000305175781,110.55999755859375,110.55000305175781,110.55999755859375,706,0.0,0.0
2024-10-09 10:49:00-04:00,110.61000061035156,110.61000061035156,110.58999633789062,110.61000061035156,733,0.0,0.0
2024-10-09 10:50:00-04:00,110.5999984741211,110.5999984741211,110.5999984741211,110.5999984741211,731,0.0,0.0
2024-10-09 10:53:00-04:00,110.76000213623047,110.76000213623047,110.76000213623047,110.76000213623047,374,0.0,0.0
2024-10-09 10:54:00-04:00,110.71499633789062,110.7249984741211,110.71499633789062,110.7249984741211,825,0.0,0.0
2024-10-09 10:55:00-04:00,110.70999908447266,110.76499938964844,110.69999694824219,110.76499938964844,4097,0.0,0.0
2024-10-09 10:56:00-04:00,110.76000213623047,110.76000213623047,110.66000366210938,110.69999694824219,1314,0.0,0.0
2024-10-09 10:57:00-04:00,110.69999694824219,110.69999694824219,110.69999694824219,110.69999694824219,1413,0.0,0.0
2024-10-09 10:58:00-04:00,110.76000213623047,110.76000213623047,110.76000213623047,110.76000213623047,443,0.0,0.0
2024-10-09 10:59:00-04:00,110.76000213623047,110.76000213623047,110.76000213623047,110.76000213623047,699,0.0,0.0
2024-10-09 11:01:00-04:00,110.79000091552734,110.80000305175781,110.79000091552734,110.80000305175781,702,0.0,0.0
2024-10-09 11:03:00-04:00,110.87000274658203,110.87000274658203,110.87000274658203,110.87000274658203,325,0.0,0.0
2024-10-09 11:04:00-04:00,110.88500213623047,110.88500213623047,110.81999969482422,110.81999969482422,3790,0.0,0.0
2024-10-09 11:05:00-04:00,110.79000091552734,110.8324966430664,110.7750015258789,110.7750015258789,1180,0.0,0.0
2024-10-09 11:06:00-04:00,110.83999633789062,110.84500122070312,110.83999633789062,110.84500122070312,471,0.0,0.0
2024-10-09 11:07:00-04:00,110.87000274658203,110.87000274658203,110.87000274658203,110.87000274658203,522,0.0,0.0
2024-10-09 11:08:00-04:00,110.97000122070312,110.97000122070312,110.97000122070312,110.97000122070312,213,0.0,0.0
2024-10-09 11:09:00-04:00,110.93000030517578,110.9800033569336,110.93000030517578,110.9800033569336,905,0.0,0.0
2024-10-09 11:10:00-04:00,110.98999786376953,110.98999786376953,110.98999786376953,110.98999786376953,1000,0.0,0.0
2024-10-09 11:13:00-04:00,110.98999786376953,110.98999786376953,110.98999786376953,110.98999786376953,313,0.0,0.0
2024-10-09 11:14:00-04:00,111.01000213623047,111.01000213623047,111.01000213623047,111.01000213623047,985,0.0,0.0
2024-10-09 11:18:00-04:00,111.01000213623047,111.01000213623047,111.01000213623047,111.01000213623047,515,0.0,0.0
2024-10-09 11:19:00-04:00,111.05000305175781,111.06500244140625,111.0,111.0,2262,0.0,0.0
2024-10-09 11:22:00-04:00,111.06999969482422,111.06999969482422,111.06999969482422,111.06999969482422,833,0.0,0.0
2024-10-09 11:23:00-04:00,111.13500213623047,111.13500213623047,111.13500213623047,111.13500213623047,148,0.0,0.0
2024-10-09 11:24:00-04:00,111.1500015258789,111.20999908447266,111.1500015258789,111.16999816894531,793,0.0,0.0
2024-10-09 11:25:00-04:00,111.16999816894531,111.19000244140625,111.16999816894531,111.19000244140625,1596,0.0,0.0
2024-10-09 11:26:00-04:00,111.16000366210938,111.16000366210938,111.13518524169922,111.13518524169922,465,0.0,0.0
2024-10-09 11:27:00-04:00,111.1500015258789,111.2300033569336,111.11499786376953,111.2300033569336,2538,0.0,0.0
2024-10-09 11:28:00-04:00,111.2249984741211,111.30000305175781,111.2249984741211,111.30000305175781,1679,0.0,0.0
2024-10-09 11:29:00-04:00,111.27999877929688,111.29499816894531,111.2300033569336,111.2300033569336,2694,0.0,0.0
2024-10-09 11:31:00-04:00,111.25,111.25,111.25,111.25,354,0.0,0.0
2024-10-09 11:32:00-04:00,111.2699966430664,111.2699966430664,111.2699966430664,111.2699966430664,311,0.0,0.0
2024-10-09 11:33:00-04:00,111.26000213623047,111.29000091552734,111.26000213623047,111.29000091552734,729,0.0,0.0
2024-10-09 11:35:00-04:00,111.29000091552734,111.29000091552734,111.22000122070312,111.22000122070312,2684,0.0,0.0
2024-10-09 11:36:00-04:00,111.18000030517578,111.23999786376953,111.18000030517578,111.19999694824219,2622,0.0,0.0
2024-10-09 11:37:00-04:00,111.1449966430664,111.1449966430664,111.1449966430664,111.1449966430664,122,0.0,0.0
2024-10-09 11:38:00-04:00,111.16999816894531,111.18000030517578,111.16999816894531,111.18000030517578,759,0.0,0.0
2024-10-09 11:39:00-04:00,111.19000244140625,111.2300033569336,111.19000244140625,111.22000122070312,1985,0.0,0.0
2024-10-09 11:41:00-04:00,111.29000091552734,111.29000091552734,111.27999877929688,111.29000091552734,2427,0.0,0.0
2024-10-09 11:42:00-04:00,111.29000091552734,111.29000091552734,111.29000091552734,111.29000091552734,336,0.0,0.0
2024-10-09 11:43:00-04:00,111.31999969482422,111.3499984741211,111.27999877929688,111.27999877929688,1418,0.0,0.0
2024-10-09 11:44:00-04:00,111.30000305175781,111.30000305175781,111.29000091552734,111.29000091552734,729,0.0,0.0
2024-10-09 11:45:00-04:00,111.29000091552734,111.31500244140625,111.24250030517578,111.24250030517578,1553,0.0,0.0
2024-10-09 11:46:00-04:00,111.25,111.25,111.25,111.25,551,0.0,0.0
2024-10-09 11:47:00-04:00,111.27999877929688,111.29499816894531,111.2750015258789,111.2750015258789,791,0.0,0.0
2024-10-09 11:48:00-04:00,111.31500244140625,111.31500244140625,111.30000305175781,111.30000305175781,735,0.0,0.0
2024-10-09 11:50:00-04:00,111.30999755859375,111.30999755859375,111.30999755859375,111.30999755859375,346,0.0,0.0
2024-10-09 11:51:00-04:00,111.31500244140625,111.31999969482422,111.31500244140625,111.31999969482422,771,0.0,0.0
2024-10-09 11:53:00-04:00,111.3499984741211,111.3499984741211,111.33000183105469,111.33499908447266,1111,0.0,0.0
2024-10-09 11:54:00-04:00,111.31999969482422,111.31999969482422,111.31999969482422,111.31999969482422,359,0.0,0.0
2024-10-09 11:55:00-04:00,111.33000183105469,111.33000183105469,111.29499816894531,111.29499816894531,1087,0.0,0.0
2024-10-09 11:56:00-04:00,111.25,111.25,111.19000244140625,111.19000244140625,916,0.0,0.0
2024-10-09 11:58:00-04:00,111.13999938964844,111.13999938964844,111.13999938964844,111.13999938964844,220,0.0,0.0
2024-10-09 11:59:00-04:00,111.12000274658203,111.13999938964844,111.06999969482422,111.0999984741211,1609,0.0,0.0
2024-10-09 12:00:00-04:00,111.06999969482422,111.06999969482422,111.06999969482422,111.06999969482422,101,0.0,0.0
2024-10-09 12:01:00-04:00,111.07499694824219,111.07499694824219,111.04000091552734,111.04000091552734,872,0.0,0.0
2024-10-09 12:03:00-04:00,111.05999755859375,111.08000183105469,111.05999755859375,111.08000183105469,440,0.0,0.0
2024-10-09 12:04:00-04:00,111.05999755859375,111.05999755859375,111.01000213623047,111.01000213623047,712,0.0,0.0
2024-10-09 12:05:00-04:00,111.01000213623047,111.01000213623047,111.01000213623047,111.01000213623047,121,0.0,0.0
2024-10-09 12:06:00-04:00,111.01499938964844,111.05999755859375,111.01499938964844,111.05999755859375,506,0.0,0.0
2024-10-09 12:08:00-04:00,111.05999755859375,111.05999755859375,111.05999755859375,111.05999755859375,532,0.0,0.0
2024-10-09 12:09:00-04:00,111.08000183105469,111.18000030517578,111.08000183105469,111.18000030517578,1036,0.0,0.0
2024-10-09 12:10:00-04:00,111.18000030517578,111.18000030517578,111.18000030517578,111.18000030517578,554,0.0,0.0
2024-10-09 12:12:00-04:00,111.25,111.25499725341797,111.25,111.25499725341797,431,0.0,0.0
2024-10-09 12:13:00-04:00,111.25499725341797,111.25499725341797,111.25499725341797,111.25499725341797,261,0.0,0.0
2024-10-09 12:14:00-04:00,111.24500274658203,111.24500274658203,111.24500274658203,111.24500274658203,708,0.0,0.0
2024-10-09 12:16:00-04:00,111.27999877929688,111.27999877929688,111.27999877929688,111.27999877929688,358,0.0,0.0
2024-10-09 12:17:00-04:00,111.21499633789062,111.21499633789062,111.21499633789062,111.21499633789062,605,0.0,0.0
2024-10-09 12:18:00-04:00,111.20130157470703,111.20130157470703,111.12000274658203,111.12000274658203,952,0.0,0.0
2024-10-09 12:19:00-04:00,111.19499969482422,111.19499969482422,111.19499969482422,111.19499969482422,375,0.0,0.0
2024-10-09 12:21:00-04:00,111.2300033569336,111.2300033569336,111.20610046386719,111.20610046386719,552,0.0,0.0
2024-10-09 12:22:00-04:00,111.18000030517578,111.18000030517578,111.18000030517578,111.18000030517578,959,0.0,0.0
2024-10-09 12:23:00-04:00,111.08000183105469,111.09100341796875,111.08000183105469,111.09100341796875,617,0.0,0.0
2024-10-09 12:25:00-04:00,111.06999969482422,111.08999633789062,111.06999969482422,111.08999633789062,312,0.0,0.0
2024-10-09 12:26:00-04:00,111.04000091552734,111.04000091552734,111.0199966430664,111.0199966430664,260,0.0,0.0
2024-10-09 12:27:00-04:00,111.02999877929688,111.02999877929688,111.02999877929688,111.02999877929688,292,0.0,0.0
2024-10-09 12:28:00-04:00,110.9800033569336,110.9800033569336,110.9749984741211,110.9749984741211,444,0.0,0.0
2024-10-09 12:29:00-04:00,110.98999786376953,110.98999786376953,110.98999786376953,110.98999786376953,203,0.0,0.0
2024-10-09 12:30:00-04:00,110.94000244140625,110.94000244140625,110.94000244140625,110.94000244140625,265,0.0,0.0
2024-10-09 12:31:00-04:00,110.93000030517578,110.93000030517578,110.93000030517578,110.93000030517578,406,0.0,0.0
2024-10-09 12:32:00-04:00,110.87999725341797,110.87999725341797,110.87999725341797,110.87999725341797,450,0.0,0.0
2024-10-09 12:33:00-04:00,110.88999938964844,110.88999938964844,110.87000274658203,110.87000274658203,711,0.0,0.0
2024-10-09 12:34:00-04:00,110.91000366210938,110.91000366210938,110.91000366210938,110.91000366210938,495,0.0,0.0
2024-10-09 12:35:00-04:00,110.93000030517578,110.93000030517578,110.93000030517578,110.93000030517578,200,0.0,0.0
2024-10-09 12:36:00-04:00,110.93499755859375,111.00499725341797,110.93499755859375,111.00499725341797,747,0.0,0.0
2024-10-09 12:38:00-04:00,110.97000122070312,110.97000122070312,110.94249725341797,110.94249725341797,1174,0.0,0.0
2024-10-09 12:39:00-04:00,110.97000122070312,110.9800033569336,110.95999908447266,110.97000122070312,1446,0.0,0.0
2024-10-09 12:40:00-04:00,110.97000122070312,110.97000122070312,110.97000122070312,110.97000122070312,278,0.0,0.0
2024-10-09 12:41:00-04:00,110.94000244140625,110.95999908447266,110.93499755859375,110.93499755859375,664,0.0,0.0
2024-10-09 12:42:00-04:00,110.91000366210938,110.91000366210938,110.9000015258789,110.9000015258789,302,0.0,0.0
2024-10-09 12:43:00-04:00,110.91000366210938,110.91000366210938,110.9000015258789,110.9000015258789,580,0.0,0.0
2024-10-09 12:45:00-04:00,110.92500305175781,110.92500305175781,110.92500305175781,110.92500305175781,277,0.0,0.0
2024-10-09 12:46:00-04:00,110.94000244140625,110.95999908447266,110.91999816894531,110.91999816894531,1917,0.0,0.0
2024-10-09 12:47:00-04:00,110.92500305175781,110.92500305175781,110.91500091552734,110.91500091552734,402,0.0,0.0
2024-10-09 12:48:00-04:00,110.91999816894531,110.92500305175781,110.9000015258789,110.9000015258789,407,0.0,0.0
2024-10-09 12:49:00-04:00,110.88999938964844,110.94999694824219,110.88999938964844,110.93000030517578,1692,0.0,0.0
2024-10-09 12:50:00-04:00,110.95500183105469,110.95500183105469,110.90499877929688,110.90499877929688,1008,0.0,0.0
2024-10-09 12:52:00-04:00,110.8949966430664,110.8949966430664,110.8550033569336,110.8550033569336,701,0.0,0.0
2024-10-09 12:53:00-04:00,110.87000274658203,110.87000274658203,110.83000183105469,110.83000183105469,922,0.0,0.0
2024-10-09 12:54:00-04:00,110.80999755859375,110.81999969482422,110.80999755859375,110.81999969482422,628,0.0,0.0
2024-10-09 12:55:00-04:00,110.80000305175781,110.80000305175781,110.79000091552734,110.79000091552734,501,0.0,0.0
2024-10-09 12:56:00-04:00,110.79499816894531,110.80000305175781,110.69000244140625,110.70999908447266,9132,0.0,0.0
2024-10-09 12:57:00-04:00,110.70500183105469,110.73999786376953,110.68000030517578,110.7300033569336,12144,0.0,0.0
2024-10-09 12:58:00-04:00,110.81500244140625,110.81500244140625,110.77999877929688,110.77999877929688,1248,0.0,0.0
2024-10-09 12:59:00-04:00,110.80999755859375,110.80999755859375,110.80999755859375,110.80999755859375,409,0.0,0.0
2024-10-09 13:00:00-04:00,110.80999755859375,110.83499908447266,110.77999877929688,110.80500030517578,2557,0.0,0.0
2024-10-09 13:01:00-04:00,110.8499984741211,110.8499984741211,110.83999633789062,110.8499984741211,1013,0.0,0.0
2024-10-09 13:02:00-04:00,110.87999725341797,110.87999725341797,110.83999633789062,110.87000274658203,3766,0.0,0.0
2024-10-09 13:03:00-04:00,110.87000274658203,110.87000274658203,110.87000274658203,110.87000274658203,102,0.0,0.0
2024-10-09 13:04:00-04:00,110.87000274658203,110.98500061035156,110.86000061035156,110.98500061035156,3240,0.0,0.0
2024-10-09 13:05:00-04:00,110.98500061035156,110.98500061035156,110.95999908447266,110.9800033569336,1178,0.0,0.0
2024-10-09 13:06:00-04:00,110.95999908447266,111.0,110.95999908447266,111.0,478,0.0,0.0
2024-10-09 13:07:00-04:00,110.97000122070312,110.97000122070312,110.97000122070312,110.97000122070312,208,0.0,0.0
2024-10-09 13:08:00-04:00,110.9749984741211,110.9749984741211,110.9749984741211,110.9749984741211,206,0.0,0.0
2024-10-09 13:09:00-04:00,111.0,111.0,111.0,111.0,576,0.0,0.0
2024-10-09 13:10:00-04:00,111.06500244140625,111.06500244140625,111.06500244140625,111.06500244140625,100,0.0,0.0
2024-10-09 13:11:00-04:00,111.06500244140625,111.06500244140625,111.06500244140625,111.06500244140625,725,0.0,0.0
2024-10-09 13:12:00-04:00,111.0999984741211,111.11000061035156,111.09500122070312,111.11000061035156,724,0.0,0.0
2024-10-09 13:13:00-04:00,111.08000183105469,111.0999984741211,111.06999969482422,111.06999969482422,1376,0.0,0.0
2024-10-09 13:14:00-04:00,111.11000061035156,111.11000061035156,111.08999633789062,111.08999633789062,607,0.0,0.0
2024-10-09 13:15:00-04:00,111.08999633789062,111.08999633789062,111.08999633789062,111.08999633789062,630,0.0,0.0
2024-10-09 13:16:00-04:00,111.05999755859375,111.08999633789062,111.05999755859375,111.08999633789062,530,0.0,0.0
2024-10-09 13:17:00-04:00,111.06500244140625,111.06500244140625,111.06500244140625,111.06500244140625,616,0.0,0.0
2024-10-09 13:18:00-04:00,111.06999969482422,111.08999633789062,111.06999969482422,111.08000183105469,669,0.0,0.0
2024-10-09 13:19:00-04:00,111.0999984741211,111.1050033569336,111.08000183105469,111.08000183105469,492,0.0,0.0
2024-10-09 13:20:00-04:00,111.06500244140625,111.08000183105469,111.06500244140625,111.08000183105469,766,0.0,0.0
2024-10-09 13:21:00-04:00,111.06500244140625,111.07499694824219,111.06500244140625,111.07499694824219,389,0.0,0.0
2024-10-09 13:22:00-04:00,111.05000305175781,111.05000305175781,110.98500061035156,110.98500061035156,841,0.0,0.0
2024-10-09 13:23:00-04:00,111.0199966430664,111.05999755859375,111.0165023803711,111.05999755859375,2473,0.0,0.0
2024-10-09 13:24:00-04:00,111.08000183105469,111.08000183105469,111.08000183105469,111.08000183105469,212,0.0,0.0
2024-10-09 13:25:00-04:00,111.06999969482422,111.07499694824219,111.04000091552734,111.04000091552734,3336,0.0,0.0
2024-10-09 13:26:00-04:00,111.05000305175781,111.05999755859375,111.01000213623047,111.0199966430664,3040,0.0,0.0
2024-10-09 13:27:00-04:00,111.0199966430664,111.02999877929688,111.0,111.0,1934,0.0,0.0
2024-10-09 13:28:00-04:00,110.98999786376953,110.98999786376953,110.97000122070312,110.9800033569336,1019,0.0,0.0
2024-10-09 13:29:00-04:00,110.9800033569336,110.9800033569336,110.94000244140625,110.94000244140625,1316,0.0,0.0
2024-10-09 13:30:00-04:00,110.97000122070312,110.9800033569336,110.95999908447266,110.95999908447266,925,0.0,0.0
2024-10-09 13:31:00-04:00,110.98999786376953,111.08000183105469,110.98999786376953,111.08000183105469,2181,0.0,0.0
2024-10-09 13:32:00-04:00,111.05999755859375,111.08499908447266,111.02999877929688,111.05000305175781,1725,0.0,0.0
2024-10-09 13:33:00-04:00,111.0199966430664,111.05000305175781,111.0199966430664,111.05000305175781,663,0.0,0.0
2024-10-09 13:34:00-04:00,111.07499694824219,111.07499694824219,111.07499694824219,111.07499694824219,468,0.0,0.0
2024-10-09 13:35:00-04:00,111.07499694824219,111.07499694824219,111.07499694824219,111.07499694824219,365,0.0,0.0
2024-10-09 13:36:00-04:00,111.08999633789062,111.08999633789062,111.08999633789062,111.08999633789062,188,0.0,0.0
2024-10-09 13:37:00-04:00,111.07499694824219,111.07499694824219,111.07499694824219,111.07499694824219,831,0.0,0.0
2024-10-09 13:38:00-04:00,111.05999755859375,111.05999755859375,111.05000305175781,111.05000305175781,1569,0.0,0.0
2024-10-09 13:39:00-04:00,111.08000183105469,111.12000274658203,111.08000183105469,111.12000274658203,897,0.0,0.0
2024-10-09 13:40:00-04:00,111.11000061035156,111.13999938964844,111.11000061035156,111.12999725341797,921,0.0,0.0
2024-10-09 13:41:00-04:00,111.12999725341797,111.12999725341797,111.12999725341797,111.12999725341797,858,0.0,0.0
2024-10-09 13:42:00-04:00,111.1500015258789,111.23999786376953,111.1500015258789,111.2300033569336,1332,0.0,0.0
2024-10-09 13:43:00-04:00,111.2300033569336,111.2300033569336,111.2300033569336,111.2300033569336,660,0.0,0.0
2024-10-09 13:45:00-04:00,111.18000030517578,111.19999694824219,111.16999816894531,111.19000244140625,1028,0.0,0.0
2024-10-09 13:46:00-04:00,111.23999786376953,111.23999786376953,111.2249984741211,111.2249984741211,854,0.0,0.0
2024-10-09 13:47:00-04:00,111.19000244140625,111.22000122070312,111.19000244140625,111.19000244140625,894,0.0,0.0
2024-10-09 13:48:00-04:00,111.19499969482422,111.19499969482422,111.19499969482422,111.19499969482422,584,0.0,0.0
2024-10-09 13:49:00-04:00,111.19999694824219,111.2063980102539,111.19999694824219,111.19999694824219,719,0.0,0.0
2024-10-09 13:50:00-04:00,111.18000030517578,111.18000030517578,111.16000366210938,111.16000366210938,1091,0.0,0.0
2024-10-09 13:51:00-04:00,111.12999725341797,111.12999725341797,111.05999755859375,111.05999755859375,686,0.0,0.0
2024-10-09 13:52:00-04:00,111.05999755859375,111.05999755859375,111.05999755859375,111.05999755859375,620,0.0,0.0
2024-10-09 13:53:00-04:00,111.04499816894531,111.08999633789062,111.04000091552734,111.08999633789062,847,0.0,0.0
2024-10-09 13:54:00-04:00,111.08000183105469,111.08000183105469,111.06500244140625,111.06500244140625,931,0.0,0.0
2024-10-09 13:55:00-04:00,111.06500244140625,111.08499908447266,111.06500244140625,111.08499908447266,498,0.0,0.0
2024-10-09 13:56:00-04:00,111.06999969482422,111.06999969482422,111.06999969482422,111.06999969482422,374,0.0,0.0
2024-10-09 13:57:00-04:00,111.08000183105469,111.08000183105469,111.08000183105469,111.08000183105469,206,0.0,0.0
2024-10-09 13:58:00-04:00,111.06500244140625,111.06500244140625,111.05000305175781,111.05500030517578,594,0.0,0.0
2024-10-09 14:00:00-04:00,111.02999877929688,111.04499816894531,111.0199966430664,111.04499816894531,1044,0.0,0.0
2024-10-09 14:01:00-04:00,111.05999755859375,111.05999755859375,111.05999755859375,111.05999755859375,479,0.0,0.0
2024-10-09 14:03:00-04:00,111.05999755859375,111.05999755859375,111.05999755859375,111.05999755859375,687,0.0,0.0
2024-10-09 14:05:00-04:00,111.06999969482422,111.06999969482422,111.06999969482422,111.06999969482422,367,0.0,0.0
2024-10-09 14:06:00-04:00,111.08999633789062,111.12000274658203,111.08999633789062,111.12000274658203,758,0.0,0.0
2024-10-09 14:07:00-04:00,111.1500015258789,111.16999816894531,111.12999725341797,111.12999725341797,859,0.0,0.0
2024-10-09 14:08:00-04:00,111.1449966430664,111.16999816894531,111.1449966430664,111.1500015258789,713,0.0,0.0
2024-10-09 14:09:00-04:00,111.12999725341797,111.12999725341797,111.12999725341797,111.12999725341797,659,0.0,0.0
2024-10-09 14:10:00-04:00,111.0999984741211,111.0999984741211,111.06999969482422,111.06999969482422,600,0.0,0.0
2024-10-09 14:11:00-04:00,111.09500122070312,111.09500122070312,111.05000305175781,111.05000305175781,1084,0.0,0.0
2024-10-09 14:12:00-04:00,111.05000305175781,111.05000305175781,110.97000122070312,111.0,1030,0.0,0.0
2024-10-09 14:15:00-04:00,110.99500274658203,110.99500274658203,110.99500274658203,110.99500274658203,234,0.0,0.0
2024-10-09 14:16:00-04:00,111.0,111.0,111.0,111.0,277,0.0,0.0
2024-10-09 14:17:00-04:00,110.98999786376953,111.0,110.98999786376953,111.0,675,0.0,0.0
2024-10-09 14:18:00-04:00,111.0,111.0,110.98999786376953,110.98999786376953,426,0.0,0.0
2024-10-09 14:19:00-04:00,110.98500061035156,111.0199966430664,110.98500061035156,111.0199966430664,444,0.0,0.0
2024-10-09 14:20:00-04:00,111.0199966430664,111.0199966430664,111.0199966430664,111.0199966430664,561,0.0,0.0
2024-10-09 14:21:00-04:00,111.01499938964844,111.01499938964844,111.01499938964844,111.01499938964844,221,0.0,0.0
2024-10-09 14:22:00-04:00,111.0,111.01000213623047,110.9800033569336,110.9800033569336,2092,0.0,0.0
2024-10-09 14:23:00-04:00,110.95999908447266,110.95999908447266,110.95999908447266,110.95999908447266,279,0.0,0.0
2024-10-09 14:24:00-04:00,110.9800033569336,110.9800033569336,110.9800033569336,110.9800033569336,954,0.0,0.0
2024-10-09 14:25:00-04:00,111.0199966430664,111.02999877929688,111.01000213623047,111.0199966430664,969,0.0,0.0
2024-10-09 14:26:00-04:00,111.04000091552734,111.04000091552734,111.02999877929688,111.02999877929688,780,0.0,0.0
2024-10-09 14:27:00-04:00,111.01000213623047,111.01000213623047,110.98999786376953,110.98999786376953,799,0.0,0.0
2024-10-09 14:28:00-04:00,111.02999877929688,111.04000091552734,111.02999877929688,111.04000091552734,943,0.0,0.0
2024-10-09 14:29:00-04:00,111.0199966430664,111.0250015258789,111.0,111.0,688,0.0,0.0
2024-10-09 14:30:00-04:00,110.98999786376953,110.98999786376953,110.97000122070312,110.98999786376953,633,0.0,0.0
2024-10-09 14:31:00-04:00,110.9800033569336,110.9800033569336,110.9800033569336,110.9800033569336,145,0.0,0.0
2024-10-09 14:32:00-04:00,110.98500061035156,110.99500274658203,110.9800033569336,110.98500061035156,663,0.0,0.0
2024-10-09 14:33:00-04:00,110.98500061035156,110.98500061035156,110.9800033569336,110.9800033569336,1038,0.0,0.0
2024-10-09 14:35:00-04:00,111.01499938964844,111.02999877929688,111.01499938964844,111.02999877929688,299,0.0,0.0
2024-10-09 14:36:00-04:00,111.01000213623047,111.02999877929688,111.0,111.0199966430664,2063,0.0,0.0
2024-10-09 14:37:00-04:00,111.04000091552734,111.04000091552734,111.0,111.0,852,0.0,0.0
2024-10-09 14:38:00-04:00,111.0199966430664,111.04499816894531,111.0199966430664,111.04499816894531,526,0.0,0.0
2024-10-09 14:39:00-04:00,111.08000183105469,111.08000183105469,111.06999969482422,111.06999969482422,708,0.0,0.0
2024-10-09 14:40:00-04:00,111.06999969482422,111.06999969482422,111.06999969482422,111.06999969482422,514,0.0,0.0
2024-10-09 14:41:00-04:00,111.0999984741211,111.0999984741211,111.0999984741211,111.0999984741211,174,0.0,0.0
2024-10-09 14:42:00-04:00,111.1050033569336,111.1050033569336,111.06999969482422,111.08000183105469,1258,0.0,0.0
2024-10-09 14:43:00-04:00,111.07499694824219,111.07499694824219,111.07499694824219,111.07499694824219,794,0.0,0.0
2024-10-09 14:46:00-04:00,111.11000061035156,111.11000061035156,111.11000061035156,111.11000061035156,274,0.0,0.0
2024-10-09 14:47:00-04:00,111.11000061035156,111.12999725341797,111.11000061035156,111.12999725341797,968,0.0,0.0
2024-10-09 14:50:00-04:00,111.08999633789062,111.11000061035156,111.08000183105469,111.11000061035156,2172,0.0,0.0
2024-10-09 14:51:00-04:00,111.12000274658203,111.12000274658203,111.12000274658203,111.12000274658203,307,0.0,0.0
2024-10-09 14:52:00-04:00,111.1050033569336,111.1050033569336,111.0999984741211,111.1050033569336,971,0.0,0.0
2024-10-09 14:53:00-04:00,111.12999725341797,111.12999725341797,111.12999725341797,111.12999725341797,335,0.0,0.0
2024-10-09 14:54:00-04:00,111.1050033569336,111.1050033569336,111.08000183105469,111.08000183105469,576,0.0,0.0
2024-10-09 14:55:00-04:00,111.08999633789062,111.08999633789062,111.08999633789062,111.08999633789062,451,0.0,0.0
2024-10-09 14:56:00-04:00,111.11000061035156,111.11000061035156,111.11000061035156,111.11000061035156,593,0.0,0.0
2024-10-09 14:57:00-04:00,111.0999984741211,111.11000061035156,111.0999984741211,111.11000061035156,778,0.0,0.0
2024-10-09 14:58:00-04:00,111.12000274658203,111.12000274658203,111.11000061035156,111.11000061035156,1039,0.0,0.0
2024-10-09 14:59:00-04:00,111.12000274658203,111.15499877929688,111.12000274658203,111.15499877929688,2604,0.0,0.0
2024-10-09 15:00:00-04:00,111.12999725341797,111.12999725341797,111.12999725341797,111.12999725341797,102,0.0,0.0
2024-10-09 15:01:00-04:00,111.12999725341797,111.1449966430664,111.12999725341797,111.1449966430664,759,0.0,0.0
2024-10-09 15:02:00-04:00,111.11000061035156,111.12999725341797,111.0999984741211,111.1050033569336,1609,0.0,0.0
2024-10-09 15:04:00-04:00,111.08000183105469,111.1050033569336,111.08000183105469,111.1050033569336,302,0.0,0.0
2024-10-09 15:05:00-04:00,111.1050033569336,111.12999725341797,111.1050033569336,111.11000061035156,935,0.0,0.0
2024-10-09 15:06:00-04:00,111.11499786376953,111.11499786376953,111.11000061035156,111.11000061035156,476,0.0,0.0
2024-10-09 15:07:00-04:00,111.1050033569336,111.1500015258789,111.09500122070312,111.12999725341797,1952,0.0,0.0
2024-10-09 15:08:00-04:00,111.12000274658203,111.12000274658203,111.11000061035156,111.11000061035156,346,0.0,0.0
2024-10-09 15:09:00-04:00,111.1050033569336,111.1050033569336,111.08999633789062,111.08999633789062,379,0.0,0.0
2024-10-09 15:10:00-04:00,111.08999633789062,111.08999633789062,111.08999633789062,111.08999633789062,302,0.0,0.0
2024-10-09 15:11:00-04:00,111.08999633789062,111.12000274658203,111.08999633789062,111.12000274658203,773,0.0,0.0
2024-10-09 15:12:00-04:00,111.11499786376953,111.11499786376953,111.0999984741211,111.1050033569336,1148,0.0,0.0
2024-10-09 15:14:00-04:00,111.11000061035156,111.11000061035156,111.11000061035156,111.11000061035156,335,0.0,0.0
2024-10-09 15:15:00-04:00,111.11000061035156,111.1500015258789,111.11000061035156,111.1500015258789,1508,0.0,0.0
2024-10-09 15:16:00-04:00,111.16000366210938,111.21499633789062,111.1500015258789,111.19000244140625,3449,0.0,0.0
2024-10-09 15:17:00-04:00,111.20999908447266,111.2699966430664,111.20999908447266,111.2699966430664,1114,0.0,0.0
2024-10-09 15:18:00-04:00,111.2300033569336,111.33999633789062,111.2300033569336,111.33999633789062,2782,0.0,0.0
2024-10-09 15:19:00-04:00,111.31999969482422,111.31999969482422,111.29000091552734,111.31999969482422,1434,0.0,0.0
2024-10-09 15:20:00-04:00,111.28500366210938,111.28500366210938,111.28500366210938,111.28500366210938,354,0.0,0.0
2024-10-09 15:21:00-04:00,111.28500366210938,111.28500366210938,111.28500366210938,111.28500366210938,414,0.0,0.0
2024-10-09 15:22:00-04:00,111.29000091552734,111.29499816894531,111.29000091552734,111.29499816894531,1693,0.0,0.0
2024-10-09 15:24:00-04:00,111.31999969482422,111.33999633789062,111.30000305175781,111.33000183105469,1584,0.0,0.0
2024-10-09 15:25:00-04:00,111.31999969482422,111.37999725341797,111.30999755859375,111.37999725341797,3516,0.0,0.0
2024-10-09 15:26:00-04:00,111.36000061035156,111.44000244140625,111.36000061035156,111.44000244140625,1796,0.0,0.0
2024-10-09 15:27:00-04:00,111.41500091552734,111.41500091552734,111.38500213623047,111.38500213623047,875,0.0,0.0
2024-10-09 15:28:00-04:00,111.41000366210938,111.41000366210938,111.37999725341797,111.37999725341797,717,0.0,0.0
2024-10-09 15:29:00-04:00,111.38500213623047,111.43000030517578,111.38500213623047,111.42500305175781,2187,0.0,0.0
2024-10-09 15:30:00-04:00,111.43000030517578,111.43000030517578,111.43000030517578,111.43000030517578,314,0.0,0.0
2024-10-09 15:31:00-04:00,111.43499755859375,111.44999694824219,111.43499755859375,111.44999694824219,998,0.0,0.0
2024-10-09 15:32:00-04:00,111.44999694824219,111.47000122070312,111.41000366210938,111.45999908447266,3678,0.0,0.0
2024-10-09 15:33:00-04:00,111.47000122070312,111.5199966430664,111.44999694824219,111.51499938964844,2791,0.0,0.0
2024-10-09 15:34:00-04:00,111.5199966430664,111.5199966430664,111.4800033569336,111.48999786376953,2448,0.0,0.0
2024-10-09 15:35:00-04:00,111.44999694824219,111.45999908447266,111.44000244140625,111.44999694824219,3423,0.0,0.0
2024-10-09 15:36:00-04:00,111.44000244140625,111.48999786376953,111.37000274658203,111.47540283203125,4814,0.0,0.0
2024-10-09 15:37:00-04:00,111.45999908447266,111.53500366210938,111.45999908447266,111.53500366210938,2027,0.0,0.0
2024-10-09 15:38:00-04:00,111.54000091552734,111.62999725341797,111.54000091552734,111.6050033569336,1331,0.0,0.0
2024-10-09 15:39:00-04:00,111.5999984741211,111.5999984741211,111.54000091552734,111.54000091552734,1127,0.0,0.0
2024-10-09 15:40:00-04:00,111.55999755859375,111.56999969482422,111.52999877929688,111.54499816894531,2054,0.0,0.0
2024-10-09 15:41:00-04:00,111.52999877929688,111.55000305175781,111.51000213623047,111.52999877929688,2324,0.0,0.0
2024-10-09 15:42:00-04:00,111.54000091552734,111.58999633789062,111.5199966430664,111.58999633789062,2718,0.0,0.0
2024-10-09 15:43:00-04:00,111.58000183105469,111.5999984741211,111.55000305175781,111.55999755859375,2240,0.0,0.0
2024-10-09 15:44:00-04:00,111.54000091552734,111.55999755859375,111.5,111.5,1899,0.0,0.0
2024-10-09 15:45:00-04:00,111.50499725341797,111.52999877929688,111.50499725341797,111.51499938964844,2181,0.0,0.0
2024-10-09 15:46:00-04:00,111.51499938964844,111.6500015258789,111.5,111.6500015258789,3643,0.0,0.0
2024-10-09 15:47:00-04:00,111.66000366210938,111.69000244140625,111.66000366210938,111.66999816894531,2909,0.0,0.0
2024-10-09 15:48:00-04:00,111.7300033569336,111.74500274658203,111.69999694824219,111.7249984741211,3553,0.0,0.0
2024-10-09 15:49:00-04:00,111.7249984741211,111.78800201416016,111.7249984741211,111.76499938964844,3877,0.0,0.0
2024-10-09 15:50:00-04:00,111.77999877929688,111.80999755859375,111.70999908447266,111.73999786376953,12230,0.0,0.0
2024-10-09 15:51:00-04:00,111.7699966430664,111.77999877929688,111.73999786376953,111.77999877929688,3271,0.0,0.0
2024-10-09 15:52:00-04:00,111.77999877929688,111.8550033569336,111.77999877929688,111.8499984741211,5805,0.0,0.0
2024-10-09 15:53:00-04:00,111.84500122070312,111.8949966430664,111.83999633789062,111.83999633789062,6984,0.0,0.0
2024-10-09 15:54:00-04:00,111.8550033569336,111.87999725341797,111.81999969482422,111.83999633789062,5974,0.0,0.0
2024-10-09 15:55:00-04:00,111.83999633789062,111.83999633789062,111.70999908447266,111.72000122070312,6699,0.0,0.0
2024-10-09 15:56:00-04:00,111.69999694824219,111.70500183105469,111.62999725341797,111.63999938964844,9255,0.0,0.0
2024-10-09 15:57:00-04:00,111.6449966430664,111.6449966430664,111.59500122070312,111.62999725341797,9674,0.0,0.0
2024-10-09 15:58:00-04:00,111.62999725341797,111.63999938964844,111.58000183105469,111.62000274658203,15249,0.0,0.0
2024-10-09 15:59:00-04:00,111.63999938964844,111.7249984741211,111.58000183105469,111.58999633789062,28291,0.0,0.0
2024-10-10 09:30:00-04:00,111.37999725341797,111.37999725341797,111.37999725341797,111.37999725341797,2188,0.0,0.0
2024-10-10 09:32:00-04:00,111.26000213623047,111.26000213623047,111.26000213623047,111.26000213623047,513,0.0,0.0
2024-10-10 09:33:00-04:00,111.15290069580078,111.15290069580078,111.15290069580078,111.15290069580078,629,0.0,0.0
2024-10-10 09:34:00-04:00,111.2300033569336,111.23999786376953,111.2300033569336,111.23999786376953,586,0.0,0.0
2024-10-10 09:35:00-04:00,111.23500061035156,111.23500061035156,111.23500061035156,111.23500061035156,279,0.0,0.0
2024-10-10 09:36:00-04:00,111.23500061035156,111.38999938964844,111.20999908447266,111.38999938964844,2955,0.0,0.0
2024-10-10 09:37:00-04:00,111.27999877929688,111.38999938964844,111.08000183105469,111.08000183105469,15906,0.0,0.0
2024-10-10 09:40:00-04:00,111.19000244140625,111.19000244140625,111.19000244140625,111.19000244140625,259,0.0,0.0
2024-10-10 09:41:00-04:00,111.19000244140625,111.21499633789062,111.19000244140625,111.21499633789062,584,0.0,0.0
2024-10-10 09:42:00-04:00,111.2300033569336,111.2300033569336,111.11000061035156,111.11000061035156,1113,0.0,0.0
2024-10-10 09:43:00-04:00,111.2750015258789,111.2750015258789,111.2750015258789,111.2750015258789,143,0.0,0.0
2024-10-10 09:44:00-04:00,111.2699966430664,111.2699966430664,111.08999633789062,111.13999938964844,1169,0.0,0.0
2024-10-10 09:45:00-04:00,111.2249984741211,111.2249984741211,111.2249984741211,111.2249984741211,122,0.0,0.0
2024-10-10 09:46:00-04:00,111.1500015258789,111.26000213623047,111.1500015258789,111.25499725341797,2253,0.0,0.0
2024-10-10 09:47:00-04:00,111.25499725341797,111.25499725341797,111.25499725341797,111.25499725341797,294,0.0,0.0
2024-10-10 09:48:00-04:00,111.25499725341797,111.25499725341797,111.19000244140625,111.19000244140625,496,0.0,0.0
2024-10-10 09:49:00-04:00,111.25,111.41999816894531,111.25,111.41999816894531,7314,0.0,0.0
2024-10-10 09:50:00-04:00,111.42500305175781,111.42500305175781,111.42500305175781,111.42500305175781,196,0.0,0.0
2024-10-10 09:51:00-04:00,111.41999816894531,111.43499755859375,111.41999816894531,111.43499755859375,1095,0.0,0.0
2024-10-10 09:52:00-04:00,111.42500305175781,111.51000213623047,111.42500305175781,111.44000244140625,1951,0.0,0.0
2024-10-10 09:53:00-04:00,111.52999877929688,111.59500122070312,111.45999908447266,111.59500122070312,1287,0.0,0.0
2024-10-10 09:54:00-04:00,111.59500122070312,111.63999938964844,111.59500122070312,111.63999938964844,581,0.0,0.0
2024-10-10 09:55:00-04:00,111.66000366210938,111.66000366210938,111.54000091552734,111.55999755859375,1630,0.0,0.0
2024-10-10 09:56:00-04:00,111.48999786376953,111.48999786376953,111.48999786376953,111.48999786376953,461,0.0,0.0
2024-10-10 09:57:00-04:00,111.49500274658203,111.5199966430664,111.49500274658203,111.5199966430664,861,0.0,0.0
2024-10-10 09:58:00-04:00,111.50499725341797,111.50499725341797,111.4000015258789,111.41999816894531,865,0.0,0.0
2024-10-10 10:00:00-04:00,111.37999725341797,111.38500213623047,111.37999725341797,111.38500213623047,321,0.0,0.0
2024-10-10 10:01:00-04:00,111.3949966430664,111.3949966430664,111.22000122070312,111.22000122070312,983,0.0,0.0
2024-10-10 10:03:00-04:00,111.26000213623047,111.26000213623047,111.19000244140625,111.19000244140625,447,0.0,0.0
2024-10-10 10:04:00-04:00,111.25,111.26499938964844,111.23999786376953,111.23999786376953,949,0.0,0.0
2024-10-10 10:06:00-04:00,111.2699966430664,111.2699966430664,111.2699966430664,111.2699966430664,216,0.0,0.0
2024-10-10 10:07:00-04:00,111.25,111.33999633789062,111.23999786376953,111.2699966430664,1390,0.0,0.0
2024-10-10 10:08:00-04:00,111.33000183105469,111.33000183105469,111.23999786376953,111.23999786376953,2175,0.0,0.0
2024-10-10 10:11:00-04:00,111.23500061035156,111.23500061035156,111.23500061035156,111.23500061035156,320,0.0,0.0
2024-10-10 10:12:00-04:00,111.1500015258789,111.24500274658203,111.1500015258789,111.24500274658203,924,0.0,0.0
2024-10-10 10:14:00-04:00,111.20999908447266,111.20999908447266,111.19999694824219,111.19999694824219,527,0.0,0.0
2024-10-10 10:15:00-04:00,111.11000061035156,111.1449966430664,111.11000061035156,111.1449966430664,600,0.0,0.0
2024-10-10 10:16:00-04:00,111.1500015258789,111.18000030517578,111.1500015258789,111.18000030517578,464,0.0,0.0
2024-10-10 10:17:00-04:00,111.19000244140625,111.19000244140625,111.13999938964844,111.13999938964844,683,0.0,0.0
2024-10-10 10:19:00-04:00,111.11000061035156,111.11000061035156,111.05999755859375,111.05999755859375,580,0.0,0.0
2024-10-10 10:20:00-04:00,110.95999908447266,110.95999908447266,110.93000030517578,110.93000030517578,698,0.0,0.0
2024-10-10 10:22:00-04:00,110.94000244140625,111.0,110.94000244140625,110.96499633789062,1083,0.0,0.0
2024-10-10 10:23:00-04:00,110.94999694824219,110.94999694824219,110.87000274658203,110.93499755859375,2143,0.0,0.0
2024-10-10 10:24:00-04:00,110.96499633789062,110.9800033569336,110.96499633789062,110.9800033569336,1346,0.0,0.0
2024-10-10 10:25:00-04:00,110.91000366210938,110.91000366210938,110.82499694824219,110.82499694824219,1588,0.0,0.0
2024-10-10 10:26:00-04:00,110.82499694824219,110.82499694824219,110.82499694824219,110.82499694824219,709,0.0,0.0
2024-10-10 10:27:00-04:00,110.72000122070312,110.72000122070312,110.72000122070312,110.72000122070312,1377,0.0,0.0
2024-10-10 10:30:00-04:00,110.69999694824219,110.73999786376953,110.69999694824219,110.73999786376953,569,0.0,0.0
2024-10-10 10:31:00-04:00,110.74500274658203,110.74500274658203,110.74500274658203,110.74500274658203,255,0.0,0.0
2024-10-10 10:32:00-04:00,110.66999816894531,110.66999816894531,110.63999938964844,110.63999938964844,619,0.0,0.0
2024-10-10 10:33:00-04:00,110.66500091552734,110.75499725341797,110.66500091552734,110.68000030517578,824,0.0,0.0
2024-10-10 10:34:00-04:00,110.72000122070312,110.72000122070312,110.72000122070312,110.72000122070312,136,0.0,0.0
2024-10-10 10:35:00-04:00,110.7249984741211,110.7249984741211,110.7249984741211,110.7249984741211,320,0.0,0.0
2024-10-10 10:37:00-04:00,110.79000091552734,110.79000091552734,110.79000091552734,110.79000091552734,192,0.0,0.0
2024-10-10 10:38:00-04:00,110.66000366210938,110.68000030517578,110.6500015258789,110.68000030517578,1042,0.0,0.0
2024-10-10 10:41:00-04:00,110.72000122070312,110.72000122070312,110.66000366210938,110.66000366210938,790,0.0,0.0
2024-10-10 10:42:00-04:00,110.66000366210938,110.72000122070312,110.66000366210938,110.72000122070312,923,0.0,0.0
2024-10-10 10:43:00-04:00,110.7699966430664,110.7699966430664,110.75,110.75,1590,0.0,0.0
2024-10-10 10:44:00-04:00,110.72000122070312,110.72000122070312,110.72000122070312,110.72000122070312,319,0.0,0.0
2024-10-10 10:45:00-04:00,110.72000122070312,110.73999786376953,110.71499633789062,110.73999786376953,1047,0.0,0.0
2024-10-10 10:46:00-04:00,110.71499633789062,110.76000213623047,110.71499633789062,110.76000213623047,793,0.0,0.0
2024-10-10 10:47:00-04:00,110.73999786376953,110.75,110.73999786376953,110.75,1835,0.0,0.0
2024-10-10 10:48:00-04:00,110.80000305175781,110.80000305175781,110.80000305175781,110.80000305175781,114,0.0,0.0
2024-10-10 10:49:00-04:00,110.75499725341797,110.75499725341797,110.66999816894531,110.72000122070312,3554,0.0,0.0
2024-10-10 10:50:00-04:00,110.63999938964844,110.66999816894531,110.63999938964844,110.64109802246094,1038,0.0,0.0
2024-10-10 10:51:00-04:00,110.68499755859375,110.70999908447266,110.67500305175781,110.67500305175781,846,0.0,0.0
2024-10-10 10:52:00-04:00,110.68000030517578,110.76000213623047,110.68000030517578,110.76000213623047,1111,0.0,0.0
2024-10-10 10:53:00-04:00,110.70999908447266,110.70999908447266,110.70999908447266,110.70999908447266,646,0.0,0.0
2024-10-10 10:54:00-04:00,110.64080047607422,110.64080047607422,110.62000274658203,110.62000274658203,595,0.0,0.0
2024-10-10 10:55:00-04:00,110.5999984741211,110.5999984741211,110.54000091552734,110.54000091552734,516,0.0,0.0
2024-10-10 10:57:00-04:00,110.56500244140625,110.58000183105469,110.56500244140625,110.58000183105469,639,0.0,0.0
2024-10-10 10:58:00-04:00,110.66999816894531,110.68000030517578,110.56999969482422,110.56999969482422,40799,0.0,0.0
2024-10-10 10:59:00-04:00,110.58999633789062,110.58999633789062,110.58999633789062,110.58999633789062,480,0.0,0.0
2024-10-10 11:00:00-04:00,110.55000305175781,110.55000305175781,110.54499816894531,110.54499816894531,299,0.0,0.0
2024-10-10 11:01:00-04:00,110.58999633789062,110.66500091552734,110.58999633789062,110.66500091552734,495,0.0,0.0
2024-10-10 11:02:00-04:00,110.68000030517578,110.68000030517578,110.68000030517578,110.68000030517578,787,0.0,0.0
2024-10-10 11:04:00-04:00,110.76000213623047,110.76499938964844,110.76000213623047,110.76499938964844,2667,0.0,0.0
2024-10-10 11:05:00-04:00,110.72000122070312,110.72000122070312,110.72000122070312,110.72000122070312,315,0.0,0.0
2024-10-10 11:07:00-04:00,110.77999877929688,110.77999877929688,110.77999877929688,110.77999877929688,1006,0.0,0.0
2024-10-10 11:08:00-04:00,110.83999633789062,110.83999633789062,110.79000091552734,110.82499694824219,1266,0.0,0.0
2024-10-10 11:09:00-04:00,110.8499984741211,110.8499984741211,110.8499984741211,110.8499984741211,397,0.0,0.0
2024-10-10 11:11:00-04:00,110.83999633789062,110.83999633789062,110.83499908447266,110.83499908447266,587,0.0,0.0
2024-10-10 11:12:00-04:00,110.88999938964844,110.88999938964844,110.7947998046875,110.83000183105469,910,0.0,0.0
2024-10-10 11:14:00-04:00,110.77999877929688,110.77999877929688,110.73999786376953,110.73999786376953,938,0.0,0.0
2024-10-10 11:16:00-04:00,110.70999908447266,110.73999786376953,110.68000030517578,110.73999786376953,1405,0.0,0.0
2024-10-10 11:17:00-04:00,110.73500061035156,110.73500061035156,110.73500061035156,110.73500061035156,208,0.0,0.0
2024-10-10 11:18:00-04:00,110.69000244140625,110.69000244140625,110.63999938964844,110.63999938964844,755,0.0,0.0
2024-10-10 11:20:00-04:00,110.62000274658203,110.62000274658203,110.62000274658203,110.62000274658203,673,0.0,0.0
2024-10-10 11:25:00-04:00,110.66000366210938,110.66000366210938,110.66000366210938,110.66000366210938,281,0.0,0.0
2024-10-10 11:27:00-04:00,110.68000030517578,110.68000030517578,110.68000030517578,110.68000030517578,239,0.0,0.0
2024-10-10 11:28:00-04:00,110.68000030517578,110.68000030517578,110.68000030517578,110.68000030517578,257,0.0,0.0
2024-10-10 11:30:00-04:00,110.67500305175781,110.67500305175781,110.64250183105469,110.67500305175781,1092,0.0,0.0
2024-10-10 11:31:00-04:00,110.67500305175781,110.7300033569336,110.67500305175781,110.7300033569336,750,0.0,0.0
2024-10-10 11:32:00-04:00,110.68000030517578,110.68000030517578,110.68000030517578,110.68000030517578,199,0.0,0.0
2024-10-10 11:33:00-04:00,110.68000030517578,110.68000030517578,110.68000030517578,110.68000030517578,151,0.0,0.0
2024-10-10 11:34:00-04:00,110.68000030517578,110.70999908447266,110.68000030517578,110.70999908447266,674,0.0,0.0
2024-10-10 11:35:00-04:00,110.68000030517578,110.68000030517578,110.68000030517578,110.68000030517578,1265,0.0,0.0
2024-10-10 11:37:00-04:00,110.70999908447266,110.70999908447266,110.70999908447266,110.70999908447266,217,0.0,0.0
2024-10-10 11:38:00-04:00,110.69000244140625,110.70999908447266,110.69000244140625,110.70999908447266,685,0.0,0.0
2024-10-10 11:39:00-04:00,110.69999694824219,110.69999694824219,110.69999694824219,110.69999694824219,545,0.0,0.0
2024-10-10 11:40:00-04:00,110.72000122070312,110.72000122070312,110.72000122070312,110.72000122070312,100,0.0,0.0
2024-10-10 11:41:00-04:00,110.72000122070312,110.75,110.72000122070312,110.73999786376953,593,0.0,0.0
2024-10-10 11:42:00-04:00,110.7300033569336,110.76000213623047,110.7300033569336,110.75499725341797,508,0.0,0.0
2024-10-10 11:43:00-04:00,110.73999786376953,110.73999786376953,110.73999786376953,110.73999786376953,322,0.0,0.0
2024-10-10 11:44:00-04:00,110.7699966430664,110.7699966430664,110.67500305175781,110.67500305175781,1346,0.0,0.0
2024-10-10 11:46:00-04:00,110.67500305175781,110.67500305175781,110.67500305175781,110.67500305175781,1186,0.0,0.0
2024-10-10 11:49:00-04:00,110.66999816894531,110.66999816894531,110.62000274658203,110.62000274658203,468,0.0,0.0
2024-10-10 11:50:00-04:00,110.5999984741211,110.5999984741211,110.5999984741211,110.5999984741211,366,0.0,0.0
2024-10-10 11:51:00-04:00,110.58999633789062,110.58999633789062,110.58999633789062,110.58999633789062,366,0.0,0.0
2024-10-10 11:53:00-04:00,110.65499877929688,110.69000244140625,110.63999938964844,110.63999938964844,792,0.0,0.0
2024-10-10 11:56:00-04:00,110.63999938964844,110.63999938964844,110.58999633789062,110.61000061035156,719,0.0,0.0
2024-10-10 11:57:00-04:00,110.58999633789062,110.59500122070312,110.58999633789062,110.59500122070312,618,0.0,0.0
2024-10-10 11:59:00-04:00,110.55000305175781,110.55000305175781,110.55000305175781,110.55000305175781,229,0.0,0.0
2024-10-10 12:01:00-04:00,110.61000061035156,110.66999816894531,110.61000061035156,110.66999816894531,1124,0.0,0.0
2024-10-10 12:02:00-04:00,110.6449966430664,110.6449966430664,110.6449966430664,110.6449966430664,289,0.0,0.0
2024-10-10 12:03:00-04:00,110.66999816894531,110.66999816894531,110.66999816894531,110.66999816894531,521,0.0,0.0
2024-10-10 12:04:00-04:00,110.62000274658203,110.62000274658203,110.62000274658203,110.62000274658203,494,0.0,0.0
2024-10-10 12:06:00-04:00,110.66999816894531,110.66999816894531,110.66999816894531,110.66999816894531,329,0.0,0.0
2024-10-10 12:07:00-04:00,110.68000030517578,110.68000030517578,110.68000030517578,110.68000030517578,189,0.0,0.0
2024-10-10 12:08:00-04:00,110.68499755859375,110.69499969482422,110.68499755859375,110.69499969482422,397,0.0,0.0
2024-10-10 12:09:00-04:00,110.66000366210938,110.66000366210938,110.63500213623047,110.63500213623047,762,0.0,0.0
2024-10-10 12:10:00-04:00,110.66999816894531,110.67500305175781,110.66999816894531,110.67500305175781,832,0.0,0.0
2024-10-10 12:13:00-04:00,110.66999816894531,110.66999816894531,110.66999816894531,110.66999816894531,126,0.0,0.0
2024-10-10 12:14:00-04:00,110.66500091552734,110.66500091552734,110.66500091552734,110.66500091552734,128,0.0,0.0
2024-10-10 12:15:00-04:00,110.66999816894531,110.7300033569336,110.66999816894531,110.7300033569336,1927,0.0,0.0
2024-10-10 12:16:00-04:00,110.68000030517578,110.7300033569336,110.68000030517578,110.68000030517578,2069,0.0,0.0
2024-10-10 12:17:00-04:00,110.70500183105469,110.70500183105469,110.66000366210938,110.66000366210938,1914,0.0,0.0
2024-10-10 12:18:00-04:00,110.66000366210938,110.73999786376953,110.625,110.69000244140625,9845,0.0,0.0
2024-10-10 12:19:00-04:00,110.75,110.75,110.70500183105469,110.7249984741211,2180,0.0,0.0
2024-10-10 12:20:00-04:00,110.7300033569336,110.7300033569336,110.7300033569336,110.7300033569336,782,0.0,0.0
2024-10-10 12:22:00-04:00,110.69999694824219,110.69999694824219,110.69000244140625,110.69000244140625,1104,0.0,0.0
2024-10-10 12:24:00-04:00,110.66000366210938,110.72000122070312,110.66000366210938,110.69499969482422,1619,0.0,0.0
2024-10-10 12:25:00-04:00,110.70999908447266,110.70999908447266,110.68000030517578,110.68000030517578,382,0.0,0.0
2024-10-10 12:26:00-04:00,110.69499969482422,110.69499969482422,110.69499969482422,110.69499969482422,469,0.0,0.0
2024-10-10 12:27:00-04:00,110.73999786376953,110.73999786376953,110.66000366210938,110.72000122070312,1221,0.0,0.0
2024-10-10 12:29:00-04:00,110.7300033569336,110.75,110.66999816894531,110.7300033569336,1882,0.0,0.0
2024-10-10 12:30:00-04:00,110.73999786376953,110.77999877929688,110.73999786376953,110.77999877929688,1232,0.0,0.0
2024-10-10 12:31:00-04:00,110.76000213623047,110.77999877929688,110.72000122070312,110.73999786376953,3754,0.0,0.0
2024-10-10 12:33:00-04:00,110.76499938964844,110.80000305175781,110.76499938964844,110.80000305175781,610,0.0,0.0
2024-10-10 12:34:00-04:00,110.75,110.78500366210938,110.75,110.7750015258789,1627,0.0,0.0
2024-10-10 12:35:00-04:00,110.79000091552734,110.79000091552734,110.79000091552734,110.79000091552734,242,0.0,0.0
2024-10-10 12:36:00-04:00,110.80000305175781,110.83999633789062,110.80000305175781,110.83999633789062,1527,0.0,0.0
2024-10-10 12:40:00-04:00,110.84500122070312,110.84500122070312,110.80000305175781,110.80999755859375,1287,0.0,0.0
2024-10-10 12:41:00-04:00,110.80000305175781,110.80000305175781,110.80000305175781,110.80000305175781,195,0.0,0.0
2024-10-10 12:42:00-04:00,110.77999877929688,110.77999877929688,110.69999694824219,110.69999694824219,1322,0.0,0.0
2024-10-10 12:43:00-04:00,110.6449966430664,110.6500015258789,110.6449966430664,110.6500015258789,605,0.0,0.0
2024-10-10 12:44:00-04:00,110.62999725341797,110.63999938964844,110.62000274658203,110.62000274658203,1998,0.0,0.0
2024-10-10 12:45:00-04:00,110.58999633789062,110.58999633789062,110.58999633789062,110.58999633789062,349,0.0,0.0
2024-10-10 12:46:00-04:00,110.56999969482422,110.56999969482422,110.55999755859375,110.55999755859375,972,0.0,0.0
2024-10-10 12:48:00-04:00,110.5199966430664,110.5199966430664,110.48999786376953,110.48999786376953,973,0.0,0.0
2024-10-10 12:50:00-04:00,110.5,110.51000213623047,110.49939727783203,110.50499725341797,1492,0.0,0.0
2024-10-10 12:52:00-04:00,110.52999877929688,110.55999755859375,110.52999877929688,110.55999755859375,633,0.0,0.0
2024-10-10 12:53:00-04:00,110.58000183105469,110.58000183105469,110.58000183105469,110.58000183105469,187,0.0,0.0
2024-10-10 12:54:00-04:00,110.58000183105469,110.58000183105469,110.54000091552734,110.54000091552734,1054,0.0,0.0
2024-10-10 12:55:00-04:00,110.55000305175781,110.55000305175781,110.55000305175781,110.55000305175781,858,0.0,0.0
2024-10-10 12:57:00-04:00,110.61000061035156,110.61000061035156,110.61000061035156,110.61000061035156,152,0.0,0.0
2024-10-10 12:58:00-04:00,110.61000061035156,110.61000061035156,110.57499694824219,110.57499694824219,1330,0.0,0.0
2024-10-10 12:59:00-04:00,110.58999633789062,110.58999633789062,110.58499908447266,110.58499908447266,356,0.0,0.0
2024-10-10 13:00:00-04:00,110.55999755859375,110.55999755859375,110.55999755859375,110.55999755859375,100,0.0,0.0
2024-10-10 13:01:00-04:00,110.54499816894531,110.55999755859375,110.54499816894531,110.55999755859375,595,0.0,0.0
2024-10-10 13:02:00-04:00,110.55000305175781,110.55000305175781,110.55000305175781,110.55000305175781,376,0.0,0.0
2024-10-10 13:03:00-04:00,110.5199966430664,110.5199966430664,110.51000213623047,110.5199966430664,999,0.0,0.0
2024-10-10 13:04:00-04:00,110.5199966430664,110.5199966430664,110.5199966430664,110.5199966430664,184,0.0,0.0
2024-10-10 13:05:00-04:00,110.49500274658203,110.49500274658203,110.47000122070312,110.47000122070312,885,0.0,0.0
2024-10-10 13:06:00-04:00,110.51000213623047,110.51000213623047,110.51000213623047,110.51000213623047,431,0.0,0.0
2024-10-10 13:08:00-04:00,110.5,110.5,110.46499633789062,110.46499633789062,710,0.0,0.0
2024-10-10 13:09:00-04:00,110.4800033569336,110.4800033569336,110.4800033569336,110.4800033569336,139,0.0,0.0
2024-10-10 13:10:00-04:00,110.51000213623047,110.51000213623047,110.48500061035156,110.48500061035156,631,0.0,0.0
2024-10-10 13:11:00-04:00,110.5,110.51000213623047,110.5,110.51000213623047,699,0.0,0.0
2024-10-10 13:12:00-04:00,110.5199966430664,110.5199966430664,110.48999786376953,110.51000213623047,2229,0.0,0.0
2024-10-10 13:13:00-04:00,110.48999786376953,110.48999786376953,110.48999786376953,110.48999786376953,515,0.0,0.0
2024-10-10 13:15:00-04:00,110.5199966430664,110.52999877929688,110.5,110.5,522,0.0,0.0
2024-10-10 13:16:00-04:00,110.48999786376953,110.48999786376953,110.48999786376953,110.48999786376953,279,0.0,0.0
2024-10-10 13:18:00-04:00,110.50499725341797,110.55000305175781,110.50499725341797,110.55000305175781,1814,0.0,0.0
2024-10-10 13:19:00-04:00,110.58999633789062,110.58999633789062,110.58999633789062,110.58999633789062,409,0.0,0.0
2024-10-10 13:20:00-04:00,110.5999984741211,110.5999984741211,110.58999633789062,110.58999633789062,1297,0.0,0.0
2024-10-10 13:21:00-04:00,110.61000061035156,110.61000061035156,110.61000061035156,110.61000061035156,215,0.0,0.0
2024-10-10 13:22:00-04:00,110.62999725341797,110.6500015258789,110.62999725341797,110.6500015258789,541,0.0,0.0
2024-10-10 13:23:00-04:00,110.6500015258789,110.68000030517578,110.62999725341797,110.68000030517578,894,0.0,0.0
2024-10-10 13:24:00-04:00,110.68499755859375,110.68499755859375,110.68499755859375,110.68499755859375,159,0.0,0.0
2024-10-10 13:25:00-04:00,110.68499755859375,110.69999694824219,110.66999816894531,110.69999694824219,810,0.0,0.0
2024-10-10 13:26:00-04:00,110.66999816894531,110.66999816894531,110.62000274658203,110.63999938964844,926,0.0,0.0
2024-10-10 13:29:00-04:00,110.62999725341797,110.62999725341797,110.62999725341797,110.62999725341797,276,0.0,0.0
2024-10-10 13:30:00-04:00,110.66000366210938,110.66000366210938,110.66000366210938,110.66000366210938,923,0.0,0.0
2024-10-10 13:32:00-04:00,110.73999786376953,110.73999786376953,110.73999786376953,110.73999786376953,193,0.0,0.0
2024-10-10 13:33:00-04:00,110.7300033569336,110.7300033569336,110.7300033569336,110.7300033569336,405,0.0,0.0
2024-10-10 13:34:00-04:00,110.73999786376953,110.73999786376953,110.73999786376953,110.73999786376953,460,0.0,0.0
2024-10-10 13:35:00-04:00,110.73999786376953,110.76000213623047,110.73999786376953,110.76000213623047,697,0.0,0.0
2024-10-10 13:36:00-04:00,110.75,110.76000213623047,110.68000030517578,110.70500183105469,4541,0.0,0.0
2024-10-10 13:37:00-04:00,110.66000366210938,110.66000366210938,110.66000366210938,110.66000366210938,396,0.0,0.0
2024-10-10 13:38:00-04:00,110.6050033569336,110.6050033569336,110.6050033569336,110.6050033569336,295,0.0,0.0
2024-10-10 13:39:00-04:00,110.6500015258789,110.65270233154297,110.62999725341797,110.62999725341797,1548,0.0,0.0
2024-10-10 13:40:00-04:00,110.62000274658203,110.62000274658203,110.61499786376953,110.61499786376953,371,0.0,0.0
2024-10-10 13:41:00-04:00,110.61499786376953,110.61499786376953,110.61499786376953,110.61499786376953,263,0.0,0.0
2024-10-10 13:42:00-04:00,110.62999725341797,110.62999725341797,110.625,110.625,833,0.0,0.0
2024-10-10 13:44:00-04:00,110.62999725341797,110.62999725341797,110.61000061035156,110.61000061035156,768,0.0,0.0
2024-10-10 13:47:00-04:00,110.5999984741211,110.5999984741211,110.55500030517578,110.55500030517578,704,0.0,0.0
2024-10-10 13:48:00-04:00,110.46160125732422,110.46160125732422,110.46160125732422,110.46160125732422,101,0.0,0.0
2024-10-10 13:49:00-04:00,110.5,110.5,110.49500274658203,110.49500274658203,1261,0.0,0.0
2024-10-10 13:50:00-04:00,110.47000122070312,110.47000122070312,110.46499633789062,110.46499633789062,341,0.0,0.0
2024-10-10 13:51:00-04:00,110.43000030517578,110.43000030517578,110.43000030517578,110.43000030517578,669,0.0,0.0
2024-10-10 13:52:00-04:00,110.41999816894531,110.41999816894531,110.40499877929688,110.41999816894531,920,0.0,0.0
2024-10-10 13:53:00-04:00,110.44000244140625,110.44999694824219,110.41000366210938,110.41000366210938,176865,0.0,0.0
2024-10-10 13:54:00-04:00,110.37000274658203,110.37999725341797,110.3499984741211,110.37999725341797,1310,0.0,0.0
2024-10-10 13:55:00-04:00,110.37999725341797,110.4000015258789,110.37999725341797,110.38999938964844,2633,0.0,0.0
2024-10-10 13:58:00-04:00,110.40499877929688,110.40499877929688,110.40499877929688,110.40499877929688,239,0.0,0.0
2024-10-10 13:59:00-04:00,110.40499877929688,110.44999694824219,110.40499877929688,110.44999694824219,1137,0.0,0.0
2024-10-10 14:00:00-04:00,110.41000366210938,110.41000366210938,110.3949966430664,110.3949966430664,384,0.0,0.0
2024-10-10 14:01:00-04:00,110.31999969482422,110.31999969482422,110.31999969482422,110.31999969482422,177,0.0,0.0
2024-10-10 14:02:00-04:00,110.2699966430664,110.2699966430664,110.19999694824219,110.22000122070312,3561,0.0,0.0
2024-10-10 14:03:00-04:00,110.2249984741211,110.2249984741211,110.2249984741211,110.2249984741211,220,0.0,0.0
2024-10-10 14:04:00-04:00,110.23500061035156,110.23500061035156,110.19499969482422,110.19499969482422,1732,0.0,0.0
2024-10-10 14:05:00-04:00,110.19999694824219,110.19999694824219,110.19999694824219,110.19999694824219,1064,0.0,0.0
2024-10-10 14:08:00-04:00,110.18000030517578,110.23999786376953,110.18000030517578,110.23999786376953,792,0.0,0.0
2024-10-10 14:09:00-04:00,110.18009948730469,110.18009948730469,110.18009948730469,110.18009948730469,454,0.0,0.0
2024-10-10 14:10:00-04:00,110.2699966430664,110.30999755859375,110.2699966430664,110.30999755859375,1280,0.0,0.0
2024-10-10 14:12:00-04:00,110.33999633789062,110.33999633789062,110.33999633789062,110.33999633789062,231,0.0,0.0
2024-10-10 14:14:00-04:00,110.33000183105469,110.33999633789062,110.33000183105469,110.33999633789062,518,0.0,0.0
2024-10-10 14:16:00-04:00,110.2699966430664,110.2699966430664,110.2699966430664,110.2699966430664,158,0.0,0.0
2024-10-10 14:17:00-04:00,110.29000091552734,110.29000091552734,110.29000091552734,110.29000091552734,1049,0.0,0.0
2024-10-10 14:18:00-04:00,110.27999877929688,110.27999877929688,110.25749969482422,110.25749969482422,437,0.0,0.0
2024-10-10 14:19:00-04:00,110.24500274658203,110.24500274658203,110.2300033569336,110.23999786376953,1560,0.0,0.0
2024-10-10 14:22:00-04:00,110.30999755859375,110.3499984741211,110.30999755859375,110.3499984741211,1089,0.0,0.0
2024-10-10 14:25:00-04:00,110.4000015258789,110.43000030517578,110.4000015258789,110.43000030517578,879,0.0,0.0
2024-10-10 14:26:00-04:00,110.43000030517578,110.43000030517578,110.43000030517578,110.43000030517578,655,0.0,0.0
2024-10-10 14:27:00-04:00,110.43000030517578,110.43000030517578,110.43000030517578,110.43000030517578,305,0.0,0.0
2024-10-10 14:29:00-04:00,110.43000030517578,110.43000030517578,110.4000015258789,110.41000366210938,2074,0.0,0.0
2024-10-10 14:31:00-04:00,110.41000366210938,110.41000366210938,110.41000366210938,110.41000366210938,104,0.0,0.0
2024-10-10 14:32:00-04:00,110.38999938964844,110.38999938964844,110.38999938964844,110.38999938964844,564,0.0,0.0
2024-10-10 14:35:00-04:00,110.36000061035156,110.36000061035156,110.33000183105469,110.33000183105469,881,0.0,0.0
2024-10-10 14:36:00-04:00,110.3499984741211,110.3499984741211,110.32499694824219,110.3499984741211,571,0.0,0.0
2024-10-10 14:37:00-04:00,110.33000183105469,110.33999633789062,110.32499694824219,110.33999633789062,988,0.0,0.0
2024-10-10 14:39:00-04:00,110.37000274658203,110.37000274658203,110.37000274658203,110.37000274658203,679,0.0,0.0
2024-10-10 14:42:00-04:00,110.30999755859375,110.30999755859375,110.30999755859375,110.30999755859375,412,0.0,0.0
2024-10-10 14:43:00-04:00,110.27999877929688,110.27999877929688,110.2300033569336,110.2699966430664,1008,0.0,0.0
2024-10-10 14:46:00-04:00,110.29000091552734,110.29000091552734,110.2699966430664,110.27639770507812,981,0.0,0.0
2024-10-10 14:47:00-04:00,110.29000091552734,110.31999969482422,110.29000091552734,110.31999969482422,732,0.0,0.0
2024-10-10 14:48:00-04:00,110.33999633789062,110.33999633789062,110.33999633789062,110.33999633789062,402,0.0,0.0
2024-10-10 14:50:00-04:00,110.29000091552734,110.31999969482422,110.29000091552734,110.31999969482422,1812,0.0,0.0
2024-10-10 14:53:00-04:00,110.29000091552734,110.30999755859375,110.29000091552734,110.30999755859375,612,0.0,0.0
2024-10-10 14:55:00-04:00,110.31999969482422,110.31999969482422,110.31999969482422,110.31999969482422,146,0.0,0.0
2024-10-10 14:56:00-04:00,110.29000091552734,110.30000305175781,110.29000091552734,110.30000305175781,635,0.0,0.0
2024-10-10 14:57:00-04:00,110.29000091552734,110.29000091552734,110.29000091552734,110.29000091552734,489,0.0,0.0
2024-10-10 14:58:00-04:00,110.2699966430664,110.2699966430664,110.22000122070312,110.22000122070312,1612,0.0,0.0
2024-10-10 14:59:00-04:00,110.22000122070312,110.22000122070312,110.22000122070312,110.22000122070312,298,0.0,0.0
2024-10-10 15:00:00-04:00,110.23999786376953,110.26000213623047,110.23999786376953,110.26000213623047,972,0.0,0.0
2024-10-10 15:02:00-04:00,110.22000122070312,110.22000122070312,110.22000122070312,110.22000122070312,176,0.0,0.0
2024-10-10 15:03:00-04:00,110.19999694824219,110.19999694824219,110.13999938964844,110.1500015258789,823,0.0,0.0
2024-10-10 15:04:00-04:00,110.0999984741211,110.16999816894531,110.0999984741211,110.16999816894531,1824,0.0,0.0
2024-10-10 15:05:00-04:00,110.12000274658203,110.12000274658203,110.12000274658203,110.12000274658203,283,0.0,0.0
2024-10-10 15:06:00-04:00,110.1436996459961,110.1500015258789,110.1436996459961,110.1500015258789,703,0.0,0.0
2024-10-10 15:07:00-04:00,110.16999816894531,110.16999816894531,110.16999816894531,110.16999816894531,461,0.0,0.0
2024-10-10 15:09:00-04:00,110.18000030517578,110.20999908447266,110.18000030517578,110.20999908447266,759,0.0,0.0
2024-10-10 15:10:00-04:00,110.19000244140625,110.19000244140625,110.19000244140625,110.19000244140625,126,0.0,0.0
2024-10-10 15:11:00-04:00,110.19000244140625,110.20999908447266,110.19000244140625,110.20999908447266,521,0.0,0.0
2024-10-10 15:13:00-04:00,110.20999908447266,110.20999908447266,110.20999908447266,110.20999908447266,560,0.0,0.0
2024-10-10 15:14:00-04:00,110.22000122070312,110.23500061035156,110.17500305175781,110.17500305175781,4542,0.0,0.0
2024-10-10 15:18:00-04:00,110.18000030517578,110.19000244140625,110.16000366210938,110.19000244140625,1128,0.0,0.0
2024-10-10 15:20:00-04:00,110.1449966430664,110.1449966430664,110.12000274658203,110.12000274658203,438,0.0,0.0
2024-10-10 15:21:00-04:00,110.12000274658203,110.12000274658203,110.0999984741211,110.0999984741211,751,0.0,0.0
2024-10-10 15:23:00-04:00,110.12000274658203,110.13999938964844,110.12000274658203,110.12000274658203,1134,0.0,0.0
2024-10-10 15:25:00-04:00,110.12000274658203,110.12000274658203,110.11000061035156,110.12000274658203,666,0.0,0.0
2024-10-10 15:26:00-04:00,110.11499786376953,110.11499786376953,110.0999984741211,110.0999984741211,624,0.0,0.0
2024-10-10 15:27:00-04:00,110.06999969482422,110.0999984741211,110.05999755859375,110.0999984741211,1482,0.0,0.0
2024-10-10 15:28:00-04:00,110.08999633789062,110.08999633789062,110.08999633789062,110.08999633789062,577,0.0,0.0
2024-10-10 15:29:00-04:00,110.0999984741211,110.12999725341797,110.0999984741211,110.12999725341797,310,0.0,0.0
2024-10-10 15:30:00-04:00,110.11000061035156,110.11000061035156,110.11000061035156,110.11000061035156,621,0.0,0.0
2024-10-10 15:31:00-04:00,110.16000366210938,110.19000244140625,110.16000366210938,110.19000244140625,1071,0.0,0.0
2024-10-10 15:32:00-04:00,110.19999694824219,110.19999694824219,110.19000244140625,110.19000244140625,1362,0.0,0.0
2024-10-10 15:34:00-04:00,110.22000122070312,110.22000122070312,110.19999694824219,110.19999694824219,489,0.0,0.0
2024-10-10 15:35:00-04:00,110.22000122070312,110.22000122070312,110.22000122070312,110.22000122070312,301,0.0,0.0
2024-10-10 15:36:00-04:00,110.2197036743164,110.22000122070312,110.2197036743164,110.22000122070312,648,0.0,0.0
2024-10-10 15:37:00-04:00,110.23999786376953,110.26000213623047,110.23999786376953,110.26000213623047,1236,0.0,0.0
2024-10-10 15:38:00-04:00,110.26000213623047,110.27999877929688,110.26000213623047,110.27999877929688,768,0.0,0.0
2024-10-10 15:39:00-04:00,110.29000091552734,110.30000305175781,110.29000091552734,110.30000305175781,853,0.0,0.0
2024-10-10 15:40:00-04:00,110.30999755859375,110.3499984741211,110.30999755859375,110.3499984741211,899,0.0,0.0
2024-10-10 15:41:00-04:00,110.3499984741211,110.36000061035156,110.33499908447266,110.36000061035156,1925,0.0,0.0
2024-10-10 15:44:00-04:00,110.3499984741211,110.38999938964844,110.3499984741211,110.38999938964844,1205,0.0,0.0
2024-10-10 15:45:00-04:00,110.37000274658203,110.37000274658203,110.33999633789062,110.33999633789062,971,0.0,0.0
2024-10-10 15:46:00-04:00,110.37999725341797,110.37999725341797,110.37999725341797,110.37999725341797,862,0.0,0.0
2024-10-10 15:47:00-04:00,110.38999938964844,110.38999938964844,110.38999938964844,110.38999938964844,288,0.0,0.0
2024-10-10 15:48:00-04:00,110.37000274658203,110.37999725341797,110.3499984741211,110.37999725341797,1614,0.0,0.0
2024-10-10 15:49:00-04:00,110.37999725341797,110.41000366210938,110.37999725341797,110.41000366210938,1310,0.0,0.0
2024-10-10 15:50:00-04:00,110.41999816894531,110.625,110.41999816894531,110.625,6529,0.0,0.0
2024-10-10 15:51:00-04:00,110.63999938964844,110.66000366210938,110.58999633789062,110.63999938964844,7493,0.0,0.0
2024-10-10 15:52:00-04:00,110.66000366210938,110.66000366210938,110.55000305175781,110.55000305175781,3162,0.0,0.0
2024-10-10 15:53:00-04:00,110.58000183105469,110.6449966430664,110.56999969482422,110.6449966430664,5204,0.0,0.0
2024-10-10 15:54:00-04:00,110.6500015258789,110.6500015258789,110.54499816894531,110.54499816894531,5465,0.0,0.0
2024-10-10 15:55:00-04:00,110.55999755859375,110.58999633789062,110.5,110.5,5390,0.0,0.0
2024-10-10 15:56:00-04:00,110.50499725341797,110.5199966430664,110.44999694824219,110.5,10033,0.0,0.0
2024-10-10 15:57:00-04:00,110.5,110.5,110.44999694824219,110.5,8097,0.0,0.0
2024-10-10 15:58:00-04:00,110.49500274658203,110.5,110.45999908447266,110.4800033569336,8086,0.0,0.0
2024-10-10 15:59:00-04:00,110.4800033569336,110.48999786376953,110.41000366210938,110.44000244140625,14683,0.0,0.0
2024-10-11 09:30:00-04:00,110.86000061035156,111.25,110.86000061035156,111.25,2910,0.0,0.0
2024-10-11 09:31:00-04:00,111.16999816894531,111.16999816894531,111.16999816894531,111.16999816894531,223,0.0,0.0
2024-10-11 09:32:00-04:00,111.20500183105469,111.20500183105469,111.20500183105469,111.20500183105469,256,0.0,0.0
2024-10-11 09:35:00-04:00,110.9749984741211,110.9749984741211,110.9749984741211,110.9749984741211,292,0.0,0.0
2024-10-11 09:39:00-04:00,111.04000091552734,111.19499969482422,110.94999694824219,111.01000213623047,1486,0.0,0.0
2024-10-11 09:42:00-04:00,111.05999755859375,111.05999755859375,111.05999755859375,111.05999755859375,323,0.0,0.0
2024-10-11 09:44:00-04:00,110.76000213623047,110.76000213623047,110.76000213623047,110.76000213623047,427,0.0,0.0
2024-10-11 09:48:00-04:00,110.83000183105469,110.83000183105469,110.76000213623047,110.76000213623047,664,0.0,0.0
2024-10-11 09:52:00-04:00,110.93000030517578,111.12000274658203,110.91999816894531,111.0,3401,0.0,0.0
2024-10-11 09:53:00-04:00,111.04000091552734,111.12000274658203,111.02999877929688,111.02999877929688,2166,0.0,0.0
2024-10-11 09:54:00-04:00,111.01000213623047,111.01000213623047,111.01000213623047,111.01000213623047,206,0.0,0.0
2024-10-11 09:55:00-04:00,111.0,111.03500366210938,111.0,111.03500366210938,386,0.0,0.0
2024-10-11 09:56:00-04:00,111.08999633789062,111.08999633789062,111.08999633789062,111.08999633789062,177,0.0,0.0
2024-10-11 09:58:00-04:00,111.16000366210938,111.16000366210938,111.16000366210938,111.16000366210938,388,0.0,0.0
2024-10-11 09:59:00-04:00,111.18000030517578,111.19000244140625,111.12999725341797,111.12999725341797,1091,0.0,0.0
2024-10-11 10:00:00-04:00,111.2699966430664,111.61000061035156,111.2699966430664,111.61000061035156,3000,0.0,0.0
2024-10-11 10:01:00-04:00,111.54000091552734,111.59500122070312,111.52999877929688,111.58000183105469,1940,0.0,0.0
2024-10-11 10:02:00-04:00,111.54000091552734,111.6050033569336,111.52999877929688,111.5999984741211,1355,0.0,0.0
2024-10-11 10:03:00-04:00,111.5,111.51000213623047,111.48999786376953,111.51000213623047,1165,0.0,0.0
2024-10-11 10:04:00-04:00,111.59839630126953,111.59839630126953,111.59839630126953,111.59839630126953,142,0.0,0.0
2024-10-11 10:05:00-04:00,111.58999633789062,111.58999633789062,111.58999633789062,111.58999633789062,314,0.0,0.0
2024-10-11 10:07:00-04:00,111.58499908447266,111.58499908447266,111.58499908447266,111.58499908447266,623,0.0,0.0
2024-10-11 10:08:00-04:00,111.47000122070312,111.47000122070312,111.47000122070312,111.47000122070312,317,0.0,0.0
2024-10-11 10:09:00-04:00,111.5,111.5,111.5,111.5,382,0.0,0.0
2024-10-11 10:10:00-04:00,111.51499938964844,111.51499938964844,111.48500061035156,111.48500061035156,766,0.0,0.0
2024-10-11 10:11:00-04:00,111.5,111.5,111.49500274658203,111.49500274658203,242,0.0,0.0
2024-10-11 10:12:00-04:00,111.49500274658203,111.49500274658203,111.49500274658203,111.49500274658203,559,0.0,0.0
2024-10-11 10:15:00-04:00,111.41999816894531,111.56999969482422,111.41999816894531,111.56999969482422,990,0.0,0.0
2024-10-11 10:17:00-04:00,111.5199966430664,111.5199966430664,111.5199966430664,111.5199966430664,213,0.0,0.0
2024-10-11 10:18:00-04:00,111.55999755859375,111.56999969482422,111.55999755859375,111.56999969482422,704,0.0,0.0
2024-10-11 10:19:00-04:00,111.5199966430664,111.55799865722656,111.47000122070312,111.55799865722656,1608,0.0,0.0
2024-10-11 10:21:00-04:00,111.45999908447266,111.45999908447266,111.43000030517578,111.43000030517578,777,0.0,0.0
2024-10-11 10:22:00-04:00,111.37999725341797,111.44999694824219,111.37999725341797,111.44999694824219,250,0.0,0.0
2024-10-11 10:23:00-04:00,111.43989562988281,111.43989562988281,111.30000305175781,111.31500244140625,2005,0.0,0.0
2024-10-11 10:24:00-04:00,111.31500244140625,111.31500244140625,111.31500244140625,111.31500244140625,297,0.0,0.0
2024-10-11 10:25:00-04:00,111.3499984741211,111.37000274658203,111.33999633789062,111.3550033569336,1296,0.0,0.0
2024-10-11 10:26:00-04:00,111.3550033569336,111.3550033569336,111.3499984741211,111.3499984741211,611,0.0,0.0
2024-10-11 10:27:00-04:00,111.3499984741211,111.3499984741211,111.3499984741211,111.3499984741211,122,0.0,0.0
2024-10-11 10:28:00-04:00,111.2699966430664,111.28500366210938,111.25499725341797,111.2699966430664,1006,0.0,0.0
2024-10-11 10:30:00-04:00,111.26000213623047,111.26000213623047,111.25499725341797,111.25499725341797,608,0.0,0.0
2024-10-11 10:31:00-04:00,111.25,111.25,111.25,111.25,251,0.0,0.0
2024-10-11 10:33:00-04:00,111.19999694824219,111.21499633789062,111.18000030517578,111.18000030517578,1672,0.0,0.0
2024-10-11 10:34:00-04:00,111.20500183105469,111.20500183105469,111.19000244140625,111.20500183105469,851,0.0,0.0
2024-10-11 10:35:00-04:00,111.19999694824219,111.19999694824219,111.19999694824219,111.19999694824219,619,0.0,0.0
2024-10-11 10:36:00-04:00,111.16999816894531,111.16999816894531,111.1500015258789,111.1500015258789,649,0.0,0.0
2024-10-11 10:38:00-04:00,111.08499908447266,111.08499908447266,111.08499908447266,111.08499908447266,159,0.0,0.0
2024-10-11 10:39:00-04:00,111.08499908447266,111.16999816894531,111.08499908447266,111.09500122070312,8764,0.0,0.0
2024-10-11 10:40:00-04:00,111.1050033569336,111.1050033569336,111.1050033569336,111.1050033569336,130,0.0,0.0
2024-10-11 10:41:00-04:00,111.16000366210938,111.21499633789062,111.15499877929688,111.21499633789062,864,0.0,0.0
2024-10-11 10:42:00-04:00,111.21499633789062,111.21499633789062,111.21499633789062,111.21499633789062,321,0.0,0.0
2024-10-11 10:43:00-04:00,111.20999908447266,111.20999908447266,111.16000366210938,111.16999816894531,1124,0.0,0.0
2024-10-11 10:44:00-04:00,111.18499755859375,111.18499755859375,111.18499755859375,111.18499755859375,361,0.0,0.0
2024-10-11 10:45:00-04:00,111.17500305175781,111.17500305175781,111.1500015258789,111.16000366210938,3837,0.0,0.0
2024-10-11 10:46:00-04:00,111.19000244140625,111.2699966430664,111.19000244140625,111.2699966430664,1209,0.0,0.0
2024-10-11 10:47:00-04:00,111.23999786376953,111.23999786376953,111.23999786376953,111.23999786376953,379,0.0,0.0
2024-10-11 10:48:00-04:00,111.26319885253906,111.26319885253906,111.23999786376953,111.23999786376953,12655,0.0,0.0
2024-10-11 10:49:00-04:00,111.23500061035156,111.23500061035156,111.23500061035156,111.23500061035156,454,0.0,0.0
2024-10-11 10:51:00-04:00,111.2699966430664,111.2699966430664,111.2699966430664,111.2699966430664,103,0.0,0.0
2024-10-11 10:52:00-04:00,111.26499938964844,111.26499938964844,111.26000213623047,111.26000213623047,615,0.0,0.0
2024-10-11 10:53:00-04:00,111.26000213623047,111.26000213623047,111.26000213623047,111.26000213623047,204,0.0,0.0
2024-10-11 10:54:00-04:00,111.20999908447266,111.22000122070312,111.20999908447266,111.22000122070312,1017,0.0,0.0
2024-10-11 10:56:00-04:00,111.22000122070312,111.22000122070312,111.15550231933594,111.15550231933594,338,0.0,0.0
2024-10-11 10:57:00-04:00,111.20500183105469,111.20500183105469,111.20500183105469,111.20500183105469,101,0.0,0.0
2024-10-11 10:58:00-04:00,111.20500183105469,111.20500183105469,111.20500183105469,111.20500183105469,1095,0.0,0.0
2024-10-11 10:59:00-04:00,111.12999725341797,111.19999694824219,111.12999725341797,111.19999694824219,684,0.0,0.0
2024-10-11 11:01:00-04:00,111.16000366210938,111.16999816894531,111.16000366210938,111.16999816894531,1444,0.0,0.0
2024-10-11 11:02:00-04:00,111.12999725341797,111.13500213623047,111.12999725341797,111.12999725341797,1448,0.0,0.0
2024-10-11 11:03:00-04:00,111.08000183105469,111.12999725341797,111.08000183105469,111.12999725341797,1199,0.0,0.0
2024-10-11 11:04:00-04:00,111.125,111.125,111.0999984741211,111.0999984741211,321,0.0,0.0
2024-10-11 11:05:00-04:00,111.0999984741211,111.12000274658203,111.08999633789062,111.08999633789062,922,0.0,0.0
2024-10-11 11:06:00-04:00,111.08499908447266,111.0999984741211,111.08499908447266,111.0999984741211,377,0.0,0.0
2024-10-11 11:07:00-04:00,111.0999984741211,111.0999984741211,111.08499908447266,111.08499908447266,204,0.0,0.0
2024-10-11 11:08:00-04:00,111.04000091552734,111.12999725341797,111.04000091552734,111.12000274658203,1281,0.0,0.0
2024-10-11 11:09:00-04:00,111.13999938964844,111.13999938964844,111.11000061035156,111.11000061035156,401,0.0,0.0
2024-10-11 11:11:00-04:00,111.11000061035156,111.16500091552734,111.11000061035156,111.16500091552734,1278,0.0,0.0
2024-10-11 11:12:00-04:00,111.2300033569336,111.2300033569336,111.19999694824219,111.19999694824219,351,0.0,0.0
2024-10-11 11:13:00-04:00,111.20500183105469,111.20500183105469,111.20500183105469,111.20500183105469,202,0.0,0.0
2024-10-11 11:14:00-04:00,111.20500183105469,111.20500183105469,111.20500183105469,111.20500183105469,254,0.0,0.0
2024-10-11 11:15:00-04:00,111.20500183105469,111.20500183105469,111.20500183105469,111.20500183105469,205,0.0,0.0
2024-10-11 11:16:00-04:00,111.20500183105469,111.29000091552734,111.20500183105469,111.29000091552734,2540,0.0,0.0
2024-10-11 11:17:00-04:00,111.26000213623047,111.26000213623047,111.26000213623047,111.26000213623047,148,0.0,0.0
2024-10-11 11:18:00-04:00,111.26000213623047,111.26000213623047,111.26000213623047,111.26000213623047,345,0.0,0.0
2024-10-11 11:20:00-04:00,111.26000213623047,111.2750015258789,111.25250244140625,111.25499725341797,923,0.0,0.0
2024-10-11 11:21:00-04:00,111.26000213623047,111.26499938964844,111.26000213623047,111.26000213623047,905,0.0,0.0
2024-10-11 11:22:00-04:00,111.25499725341797,111.26499938964844,111.23999786376953,111.26499938964844,3047,0.0,0.0
2024-10-11 11:24:00-04:00,111.26499938964844,111.26499938964844,111.26499938964844,111.26499938964844,144,0.0,0.0
2024-10-11 11:25:00-04:00,111.2699966430664,111.2699966430664,111.2699966430664,111.2699966430664,557,0.0,0.0
2024-10-11 11:26:00-04:00,111.2300033569336,111.2699966430664,111.2300033569336,111.26000213623047,1943,0.0,0.0
2024-10-11 11:27:00-04:00,111.27999877929688,111.27999877929688,111.27999877929688,111.27999877929688,102,0.0,0.0
2024-10-11 11:28:00-04:00,111.27999877929688,111.27999877929688,111.27999877929688,111.27999877929688,336,0.0,0.0
2024-10-11 11:29:00-04:00,111.27999877929688,111.27999877929688,111.27999877929688,111.27999877929688,191,0.0,0.0
2024-10-11 11:30:00-04:00,111.26000213623047,111.26000213623047,111.26000213623047,111.26000213623047,447,0.0,0.0
2024-10-11 11:32:00-04:00,111.24500274658203,111.24500274658203,111.24500274658203,111.24500274658203,440,0.0,0.0
2024-10-11 11:33:00-04:00,111.24500274658203,111.27999877929688,111.24500274658203,111.24500274658203,812,0.0,0.0
2024-10-11 11:34:00-04:00,111.23999786376953,111.36499786376953,111.23999786376953,111.36499786376953,3702,0.0,0.0
2024-10-11 11:36:00-04:00,111.3550033569336,111.3550033569336,111.3550033569336,111.3550033569336,677,0.0,0.0
2024-10-11 11:37:00-04:00,111.38999938964844,111.38999938964844,111.38999938964844,111.38999938964844,287,0.0,0.0
2024-10-11 11:40:00-04:00,111.41999816894531,111.41999816894531,111.41999816894531,111.41999816894531,192,0.0,0.0
2024-10-11 11:41:00-04:00,111.37999725341797,111.37999725341797,111.37999725341797,111.37999725341797,718,0.0,0.0
2024-10-11 11:42:00-04:00,111.37000274658203,111.37000274658203,111.37000274658203,111.37000274658203,721,0.0,0.0
2024-10-11 11:43:00-04:00,111.3499984741211,111.3499984741211,111.31999969482422,111.31999969482422,855,0.0,0.0
2024-10-11 11:44:00-04:00,111.33000183105469,111.44000244140625,111.33000183105469,111.4000015258789,12212,0.0,0.0
2024-10-11 11:47:00-04:00,111.45500183105469,111.45999908447266,111.45500183105469,111.45500183105469,717,0.0,0.0
2024-10-11 11:48:00-04:00,111.47000122070312,111.47000122070312,111.47000122070312,111.47000122070312,848,0.0,0.0
2024-10-11 11:50:00-04:00,111.48999786376953,111.48999786376953,111.48999786376953,111.48999786376953,475,0.0,0.0
2024-10-11 11:51:00-04:00,111.45999908447266,111.45999908447266,111.45999908447266,111.45999908447266,122,0.0,0.0
2024-10-11 11:52:00-04:00,111.5,111.5,111.5,111.5,117,0.0,0.0
2024-10-11 11:53:00-04:00,111.5,111.55999755859375,111.5,111.55999755859375,2674,0.0,0.0
2024-10-11 11:54:00-04:00,111.55999755859375,111.55999755859375,111.55999755859375,111.55999755859375,486,0.0,0.0
2024-10-11 11:55:00-04:00,111.52999877929688,111.58000183105469,111.5199966430664,111.58000183105469,2276,0.0,0.0
2024-10-11 11:56:00-04:00,111.55500030517578,111.55500030517578,111.55500030517578,111.55500030517578,261,0.0,0.0
2024-10-11 11:57:00-04:00,111.5199966430664,111.55500030517578,111.5199966430664,111.5199966430664,1344,0.0,0.0
2024-10-11 11:59:00-04:00,111.48500061035156,111.48999786376953,111.48500061035156,111.48999786376953,974,0.0,0.0
2024-10-11 12:01:00-04:00,111.51000213623047,111.51000213623047,111.51000213623047,111.51000213623047,151,0.0,0.0
2024-10-11 12:02:00-04:00,111.4749984741211,111.4749984741211,111.40499877929688,111.40499877929688,4141,0.0,0.0
2024-10-11 12:03:00-04:00,111.375,111.375,111.30000305175781,111.30000305175781,8889,0.0,0.0
2024-10-11 12:04:00-04:00,111.29000091552734,111.29000091552734,111.29000091552734,111.29000091552734,350,0.0,0.0
2024-10-11 12:05:00-04:00,111.27999877929688,111.30000305175781,111.27999877929688,111.29499816894531,916,0.0,0.0
2024-10-11 12:06:00-04:00,111.2750015258789,111.30000305175781,111.2750015258789,111.30000305175781,605,0.0,0.0
2024-10-11 12:07:00-04:00,111.30000305175781,111.30000305175781,111.30000305175781,111.30000305175781,1103,0.0,0.0
2024-10-11 12:08:00-04:00,111.29000091552734,111.29000091552734,111.2249984741211,111.26499938964844,2513,0.0,0.0
2024-10-11 12:09:00-04:00,111.26000213623047,111.26499938964844,111.18000030517578,111.21499633789062,3411,0.0,0.0
2024-10-11 12:11:00-04:00,111.19000244140625,111.19000244140625,111.13999938964844,111.1500015258789,3317,0.0,0.0
2024-10-11 12:12:00-04:00,111.16999816894531,111.20999908447266,111.16999816894531,111.20999908447266,1320,0.0,0.0
2024-10-11 12:13:00-04:00,111.23999786376953,111.30000305175781,111.23999786376953,111.30000305175781,1026,0.0,0.0
2024-10-11 12:15:00-04:00,111.29000091552734,111.29000091552734,111.29000091552734,111.29000091552734,484,0.0,0.0
2024-10-11 12:16:00-04:00,111.29000091552734,111.29000091552734,111.25,111.26000213623047,1814,0.0,0.0
2024-10-11 12:17:00-04:00,111.30000305175781,111.30000305175781,111.30000305175781,111.30000305175781,558,0.0,0.0
2024-10-11 12:18:00-04:00,111.2699966430664,111.2699966430664,111.18000030517578,111.18000030517578,1031,0.0,0.0
2024-10-11 12:20:00-04:00,111.19999694824219,111.19999694824219,111.19999694824219,111.19999694824219,273,0.0,0.0
2024-10-11 12:22:00-04:00,111.19000244140625,111.19000244140625,111.19000244140625,111.19000244140625,511,0.0,0.0
2024-10-11 12:23:00-04:00,111.19999694824219,111.19999694824219,111.19999694824219,111.19999694824219,156,0.0,0.0
2024-10-11 12:24:00-04:00,111.18000030517578,111.18000030517578,111.18000030517578,111.18000030517578,677,0.0,0.0
2024-10-11 12:27:00-04:00,111.17500305175781,111.18000030517578,111.17500305175781,111.18000030517578,401,0.0,0.0
2024-10-11 12:28:00-04:00,111.1500015258789,111.18000030517578,111.12999725341797,111.18000030517578,1718,0.0,0.0
2024-10-11 12:30:00-04:00,111.19999694824219,111.19999694824219,111.17500305175781,111.17500305175781,648,0.0,0.0
2024-10-11 12:31:00-04:00,111.27999877929688,111.27999877929688,111.27999877929688,111.27999877929688,190,0.0,0.0
2024-10-11 12:35:00-04:00,111.31999969482422,111.31999969482422,111.31999969482422,111.31999969482422,321,0.0,0.0
2024-10-11 12:36:00-04:00,111.31999969482422,111.31999969482422,111.20999908447266,111.23999786376953,1667,0.0,0.0
2024-10-11 12:40:00-04:00,111.2300033569336,111.2300033569336,111.2300033569336,111.2300033569336,703,0.0,0.0
2024-10-11 12:42:00-04:00,111.25,111.26499938964844,111.25,111.26499938964844,367,0.0,0.0
2024-10-11 12:43:00-04:00,111.2300033569336,111.2300033569336,111.2300033569336,111.2300033569336,669,0.0,0.0
2024-10-11 12:45:00-04:00,111.2300033569336,111.25499725341797,111.2300033569336,111.25,1756,0.0,0.0
2024-10-11 12:50:00-04:00,111.29000091552734,111.29000091552734,111.29000091552734,111.29000091552734,575,0.0,0.0
2024-10-11 12:51:00-04:00,111.2699966430664,111.2699966430664,111.23999786376953,111.23999786376953,843,0.0,0.0
2024-10-11 12:53:00-04:00,111.26499938964844,111.26499938964844,111.25,111.25,603,0.0,0.0
2024-10-11 12:55:00-04:00,111.20999908447266,111.20999908447266,111.20800018310547,111.20800018310547,583,0.0,0.0
2024-10-11 12:57:00-04:00,111.22000122070312,111.22000122070312,111.22000122070312,111.22000122070312,517,0.0,0.0
2024-10-11 12:58:00-04:00,111.27999877929688,111.27999877929688,111.27999877929688,111.27999877929688,443,0.0,0.0
2024-10-11 13:00:00-04:00,111.31999969482422,111.33000183105469,111.31500244140625,111.31999969482422,974,0.0,0.0
2024-10-11 13:01:00-04:00,111.30999755859375,111.33000183105469,111.2699966430664,111.33000183105469,4208,0.0,0.0
2024-10-11 13:05:00-04:00,111.23999786376953,111.27999877929688,111.23999786376953,111.27999877929688,371,0.0,0.0
2024-10-11 13:06:00-04:00,111.27999877929688,111.27999877929688,111.27999877929688,111.27999877929688,972,0.0,0.0
2024-10-11 13:07:00-04:00,111.26000213623047,111.27999877929688,111.26000213623047,111.27999877929688,552,0.0,0.0
2024-10-11 13:11:00-04:00,111.26000213623047,111.26000213623047,111.26000213623047,111.26000213623047,517,0.0,0.0
2024-10-11 13:13:00-04:00,111.28500366210938,111.30999755859375,111.28500366210938,111.30999755859375,530,0.0,0.0
2024-10-11 13:14:00-04:00,111.27999877929688,111.27999877929688,111.27999877929688,111.27999877929688,378,0.0,0.0
2024-10-11 13:15:00-04:00,111.27999877929688,111.27999877929688,111.25,111.25,610,0.0,0.0
2024-10-11 13:17:00-04:00,111.19999694824219,111.19999694824219,111.19999694824219,111.19999694824219,120,0.0,0.0
2024-10-11 13:18:00-04:00,111.20999908447266,111.20999908447266,111.20999908447266,111.20999908447266,289,0.0,0.0
2024-10-11 13:20:00-04:00,111.23999786376953,111.23999786376953,111.21060180664062,111.21060180664062,348,0.0,0.0
2024-10-11 13:21:00-04:00,111.2300033569336,111.2300033569336,111.2300033569336,111.2300033569336,230,0.0,0.0
2024-10-11 13:22:00-04:00,111.20999908447266,111.2300033569336,111.20999908447266,111.2300033569336,718,0.0,0.0
2024-10-11 13:24:00-04:00,111.25499725341797,111.25499725341797,111.25499725341797,111.25499725341797,143,0.0,0.0
2024-10-11 13:25:00-04:00,111.2300033569336,111.2300033569336,111.20999908447266,111.20999908447266,776,0.0,0.0
2024-10-11 13:26:00-04:00,111.20999908447266,111.20999908447266,111.20999908447266,111.20999908447266,661,0.0,0.0
2024-10-11 13:28:00-04:00,111.26000213623047,111.26000213623047,111.26000213623047,111.26000213623047,213,0.0,0.0
2024-10-11 13:29:00-04:00,111.2699966430664,111.2750015258789,111.2699966430664,111.2750015258789,369,0.0,0.0
2024-10-11 13:30:00-04:00,111.31999969482422,111.31999969482422,111.27999877929688,111.27999877929688,526,0.0,0.0
2024-10-11 13:31:00-04:00,111.29000091552734,111.29000091552734,111.29000091552734,111.29000091552734,125,0.0,0.0
2024-10-11 13:32:00-04:00,111.2699966430664,111.2699966430664,111.25,111.25,865,0.0,0.0
2024-10-11 13:34:00-04:00,111.21499633789062,111.21499633789062,111.21499633789062,111.21499633789062,222,0.0,0.0
2024-10-11 13:35:00-04:00,111.19999694824219,111.19999694824219,111.19999694824219,111.19999694824219,360,0.0,0.0
2024-10-11 13:38:00-04:00,111.19999694824219,111.19999694824219,111.19999694824219,111.19999694824219,198,0.0,0.0
2024-10-11 13:39:00-04:00,111.20500183105469,111.2300033569336,111.20500183105469,111.22000122070312,1793,0.0,0.0
2024-10-11 13:41:00-04:00,111.2300033569336,111.2300033569336,111.2300033569336,111.2300033569336,286,0.0,0.0
2024-10-11 13:42:00-04:00,111.2300033569336,111.2300033569336,111.16000366210938,111.16000366210938,1024,0.0,0.0
2024-10-11 13:43:00-04:00,111.1500015258789,111.18000030517578,111.1500015258789,111.18000030517578,1407,0.0,0.0
2024-10-11 13:44:00-04:00,111.19999694824219,111.19999694824219,111.18499755859375,111.18499755859375,4744,0.0,0.0
2024-10-11 13:48:00-04:00,111.2699966430664,111.2699966430664,111.2699966430664,111.2699966430664,381,0.0,0.0
2024-10-11 13:49:00-04:00,111.30999755859375,111.30999755859375,111.26000213623047,111.26000213623047,1619,0.0,0.0
2024-10-11 13:53:00-04:00,111.2300033569336,111.2300033569336,111.2300033569336,111.2300033569336,114,0.0,0.0
2024-10-11 13:54:00-04:00,111.22000122070312,111.22000122070312,111.16999816894531,111.16999816894531,826,0.0,0.0
2024-10-11 13:55:00-04:00,111.16999816894531,111.16999816894531,111.16999816894531,111.16999816894531,861,0.0,0.0
2024-10-11 13:59:00-04:00,111.16000366210938,111.16000366210938,111.16000366210938,111.16000366210938,470,0.0,0.0
2024-10-11 14:00:00-04:00,111.17500305175781,111.17500305175781,111.17500305175781,111.17500305175781,212,0.0,0.0
2024-10-11 14:01:00-04:00,111.1875,111.1875,111.18499755859375,111.18499755859375,259,0.0,0.0
2024-10-11 14:02:00-04:00,111.16000366210938,111.16000366210938,111.16000366210938,111.16000366210938,358,0.0,0.0
2024-10-11 14:03:00-04:00,111.13999938964844,111.16500091552734,111.13999938964844,111.16500091552734,394,0.0,0.0
2024-10-11 14:04:00-04:00,111.1500015258789,111.1500015258789,111.1500015258789,111.1500015258789,130,0.0,0.0
2024-10-11 14:05:00-04:00,111.15499877929688,111.15499877929688,111.13999938964844,111.13999938964844,465,0.0,0.0
2024-10-11 14:06:00-04:00,111.12000274658203,111.12000274658203,111.06500244140625,111.06500244140625,895,0.0,0.0
2024-10-11 14:09:00-04:00,111.05999755859375,111.05999755859375,111.05999755859375,111.05999755859375,412,0.0,0.0
2024-10-11 14:12:00-04:00,111.05500030517578,111.05500030517578,111.05500030517578,111.05500030517578,297,0.0,0.0
2024-10-11 14:13:00-04:00,111.01000213623047,111.01000213623047,111.01000213623047,111.01000213623047,236,0.0,0.0
2024-10-11 14:16:00-04:00,111.05999755859375,111.05999755859375,111.05999755859375,111.05999755859375,421,0.0,0.0
2024-10-11 14:18:00-04:00,111.06999969482422,111.09500122070312,111.06999969482422,111.09500122070312,982,0.0,0.0
2024-10-11 14:21:00-04:00,111.17500305175781,111.17500305175781,111.12000274658203,111.12000274658203,772,0.0,0.0
2024-10-11 14:22:00-04:00,111.13999938964844,111.13999938964844,111.12999725341797,111.12999725341797,318,0.0,0.0
2024-10-11 14:23:00-04:00,111.1050033569336,111.1050033569336,111.1050033569336,111.1050033569336,128,0.0,0.0
2024-10-11 14:24:00-04:00,111.0999984741211,111.0999984741211,111.0999984741211,111.0999984741211,108,0.0,0.0
2024-10-11 14:25:00-04:00,111.08000183105469,111.08000183105469,111.06999969482422,111.06999969482422,546,0.0,0.0
2024-10-11 14:26:00-04:00,111.09500122070312,111.09500122070312,111.09500122070312,111.09500122070312,252,0.0,0.0
2024-10-11 14:27:00-04:00,111.08999633789062,111.16000366210938,111.08999633789062,111.16000366210938,937,0.0,0.0
2024-10-11 14:28:00-04:00,111.12000274658203,111.12000274658203,111.12000274658203,111.12000274658203,1017,0.0,0.0
2024-10-11 14:34:00-04:00,111.11000061035156,111.11000061035156,111.11000061035156,111.11000061035156,333,0.0,0.0
2024-10-11 14:35:00-04:00,111.11499786376953,111.12000274658203,111.11499786376953,111.12000274658203,483,0.0,0.0
2024-10-11 14:36:00-04:00,111.08000183105469,111.09500122070312,111.08000183105469,111.09500122070312,524,0.0,0.0
2024-10-11 14:38:00-04:00,111.08000183105469,111.08000183105469,111.08000183105469,111.08000183105469,146,0.0,0.0
2024-10-11 14:39:00-04:00,111.08000183105469,111.08000183105469,111.07499694824219,111.07499694824219,664,0.0,0.0
2024-10-11 14:40:00-04:00,111.06999969482422,111.06999969482422,111.06999969482422,111.06999969482422,401,0.0,0.0
2024-10-11 14:41:00-04:00,111.05999755859375,111.05999755859375,111.04000091552734,111.04000091552734,1299,0.0,0.0
2024-10-11 14:42:00-04:00,111.04000091552734,111.05999755859375,111.04000091552734,111.05999755859375,455,0.0,0.0
2024-10-11 14:43:00-04:00,111.0875015258789,111.0875015258789,111.0875015258789,111.0875015258789,421,0.0,0.0
2024-10-11 14:46:00-04:00,111.08499908447266,111.08499908447266,111.08499908447266,111.08499908447266,595,0.0,0.0
2024-10-11 14:48:00-04:00,111.08999633789062,111.08999633789062,111.08999633789062,111.08999633789062,387,0.0,0.0
2024-10-11 14:51:00-04:00,111.11000061035156,111.11000061035156,111.11000061035156,111.11000061035156,1033,0.0,0.0
2024-10-11 14:53:00-04:00,111.13500213623047,111.13500213623047,111.13500213623047,111.13500213623047,259,0.0,0.0
2024-10-11 14:54:00-04:00,111.13500213623047,111.13580322265625,111.13500213623047,111.13580322265625,578,0.0,0.0
2024-10-11 14:55:00-04:00,111.1500015258789,111.19000244140625,111.1500015258789,111.19000244140625,310,0.0,0.0
2024-10-11 14:56:00-04:00,111.16500091552734,111.16500091552734,111.16500091552734,111.16500091552734,303,0.0,0.0
2024-10-11 14:57:00-04:00,111.19000244140625,111.19000244140625,111.19000244140625,111.19000244140625,324,0.0,0.0
2024-10-11 14:58:00-04:00,111.19000244140625,111.19000244140625,111.16000366210938,111.16000366210938,915,0.0,0.0
2024-10-11 14:59:00-04:00,111.19000244140625,111.19000244140625,111.18499755859375,111.18499755859375,566,0.0,0.0
2024-10-11 15:03:00-04:00,111.1875,111.26000213623047,111.1875,111.26000213623047,1234,0.0,0.0
2024-10-11 15:05:00-04:00,111.20999908447266,111.20999908447266,111.16000366210938,111.16000366210938,1881,0.0,0.0
2024-10-11 15:06:00-04:00,111.12570190429688,111.12570190429688,111.12570190429688,111.12570190429688,741,0.0,0.0
2024-10-11 15:08:00-04:00,111.11000061035156,111.11000061035156,111.11000061035156,111.11000061035156,181,0.0,0.0
2024-10-11 15:09:00-04:00,111.12999725341797,111.16999816894531,111.12999725341797,111.16999816894531,607,0.0,0.0
2024-10-11 15:10:00-04:00,111.15499877929688,111.15499877929688,111.15499877929688,111.15499877929688,214,0.0,0.0
2024-10-11 15:11:00-04:00,111.19000244140625,111.19000244140625,111.19000244140625,111.19000244140625,1122,0.0,0.0
2024-10-11 15:13:00-04:00,111.19000244140625,111.19000244140625,111.19000244140625,111.19000244140625,212,0.0,0.0
2024-10-11 15:14:00-04:00,111.20500183105469,111.20500183105469,111.20500183105469,111.20500183105469,271,0.0,0.0
2024-10-11 15:15:00-04:00,111.22000122070312,111.22000122070312,111.22000122070312,111.22000122070312,318,0.0,0.0
2024-10-11 15:16:00-04:00,111.2249984741211,111.26000213623047,111.2249984741211,111.26000213623047,637,0.0,0.0
2024-10-11 15:17:00-04:00,111.26499938964844,111.26499938964844,111.26499938964844,111.26499938964844,485,0.0,0.0
2024-10-11 15:19:00-04:00,111.26000213623047,111.26000213623047,111.2300033569336,111.2300033569336,1688,0.0,0.0
2024-10-11 15:20:00-04:00,111.27999877929688,111.27999877929688,111.27999877929688,111.27999877929688,137,0.0,0.0
2024-10-11 15:21:00-04:00,111.29000091552734,111.29000091552734,111.29000091552734,111.29000091552734,319,0.0,0.0
2024-10-11 15:23:00-04:00,111.29499816894531,111.29499816894531,111.27999877929688,111.28500366210938,561,0.0,0.0
2024-10-11 15:24:00-04:00,111.29000091552734,111.29000091552734,111.29000091552734,111.29000091552734,318,0.0,0.0
2024-10-11 15:25:00-04:00,111.29000091552734,111.29000091552734,111.29000091552734,111.29000091552734,355,0.0,0.0
2024-10-11 15:26:00-04:00,111.30000305175781,111.31500244140625,111.30000305175781,111.31500244140625,613,0.0,0.0
2024-10-11 15:27:00-04:00,111.31999969482422,111.31999969482422,111.30000305175781,111.30000305175781,1838,0.0,0.0
2024-10-11 15:30:00-04:00,111.2300033569336,111.2300033569336,111.20999908447266,111.2300033569336,2036,0.0,0.0
2024-10-11 15:31:00-04:00,111.25,111.25,111.25,111.25,749,0.0,0.0
2024-10-11 15:32:00-04:00,111.30000305175781,111.30000305175781,111.30000305175781,111.30000305175781,376,0.0,0.0
2024-10-11 15:33:00-04:00,111.33999633789062,111.33999633789062,111.30999755859375,111.30999755859375,951,0.0,0.0
2024-10-11 15:35:00-04:00,111.25,111.25,111.25,111.25,482,0.0,0.0
2024-10-11 15:37:00-04:00,111.26000213623047,111.29000091552734,111.26000213623047,111.29000091552734,627,0.0,0.0
2024-10-11 15:39:00-04:00,111.30000305175781,111.30000305175781,111.25,111.25,1129,0.0,0.0
2024-10-11 15:40:00-04:00,111.28500366210938,111.28500366210938,111.26000213623047,111.26000213623047,473,0.0,0.0
2024-10-11 15:41:00-04:00,111.2699966430664,111.2699966430664,111.2699966430664,111.2699966430664,661,0.0,0.0
2024-10-11 15:42:00-04:00,111.27999877929688,111.27999877929688,111.27999877929688,111.27999877929688,523,0.0,0.0
2024-10-11 15:43:00-04:00,111.29499816894531,111.30000305175781,111.29000091552734,111.29499816894531,899,0.0,0.0
2024-10-11 15:44:00-04:00,111.27999877929688,111.27999877929688,111.2750015258789,111.2750015258789,354,0.0,0.0
2024-10-11 15:45:00-04:00,111.30000305175781,111.33000183105469,111.30000305175781,111.33000183105469,1263,0.0,0.0
2024-10-11 15:46:00-04:00,111.32499694824219,111.32499694824219,111.30000305175781,111.30500030517578,1218,0.0,0.0
2024-10-11 15:47:00-04:00,111.29000091552734,111.29000091552734,111.23999786376953,111.23999786376953,1420,0.0,0.0
2024-10-11 15:48:00-04:00,111.27999877929688,111.29000091552734,111.2699966430664,111.27999877929688,1140,0.0,0.0
2024-10-11 15:49:00-04:00,111.30000305175781,111.30999755859375,111.26000213623047,111.26000213623047,3799,0.0,0.0
2024-10-11 15:50:00-04:00,111.27999877929688,111.47000122070312,111.27999877929688,111.44999694824219,8876,0.0,0.0
2024-10-11 15:51:00-04:00,111.44999694824219,111.47000122070312,111.44000244140625,111.46499633789062,2715,0.0,0.0
2024-10-11 15:52:00-04:00,111.4749984741211,111.4800033569336,111.41500091552734,111.41500091552734,3116,0.0,0.0
2024-10-11 15:53:00-04:00,111.44000244140625,111.44000244140625,111.41000366210938,111.41000366210938,1762,0.0,0.0
2024-10-11 15:54:00-04:00,111.41000366210938,111.43000030517578,111.4000015258789,111.41999816894531,3862,0.0,0.0
2024-10-11 15:55:00-04:00,111.41500091552734,111.44000244140625,111.4000015258789,111.43000030517578,5552,0.0,0.0
2024-10-11 15:56:00-04:00,111.42500305175781,111.4749984741211,111.42500305175781,111.4749984741211,3280,0.0,0.0
2024-10-11 15:57:00-04:00,111.4800033569336,111.4800033569336,111.44000244140625,111.45500183105469,4946,0.0,0.0
2024-10-11 15:58:00-04:00,111.45500183105469,111.47000122070312,111.43499755859375,111.47000122070312,5892,0.0,0.0
2024-10-11 15:59:00-04:00,111.48999786376953,111.5,111.41000366210938,111.47000122070312,15427,0.0,0.0
