Datetime,Open,High,Low,Close,Volume,Dividends,Stock Splits
2024-10-07 09:30:00-04:00,17.5,17.5,17.5,17.5,0,0.0,0.0
2024-10-07 09:42:00-04:00,17.49169921875,17.49169921875,17.469999313354492,17.469999313354492,1759,0.0,0.0
2024-10-07 09:44:00-04:00,17.434499740600586,17.440000534057617,17.420000076293945,17.420000076293945,956,0.0,0.0
2024-10-07 09:47:00-04:00,17.5,17.5,17.5,17.5,200,0.0,0.0
2024-10-07 09:51:00-04:00,17.479799270629883,17.479799270629883,17.350000381469727,17.389999389648438,10429,0.0,0.0
2024-10-07 09:52:00-04:00,17.530000686645508,17.530000686645508,17.530000686645508,17.530000686645508,729,0.0,0.0
2024-10-07 09:54:00-04:00,17.5,17.5,17.5,17.5,811,0.0,0.0
2024-10-07 09:57:00-04:00,17.43000030517578,17.43000030517578,17.43000030517578,17.43000030517578,198,0.0,0.0
2024-10-07 10:04:00-04:00,17.549999237060547,17.559999465942383,17.479999542236328,17.479999542236328,408,0.0,0.0
2024-10-07 10:07:00-04:00,17.524999618530273,17.524999618530273,17.479999542236328,17.479999542236328,596,0.0,0.0
2024-10-07 10:16:00-04:00,17.540000915527344,17.540000915527344,17.540000915527344,17.540000915527344,956,0.0,0.0
2024-10-07 10:30:00-04:00,17.559999465942383,17.559999465942383,17.530000686645508,17.530000686645508,1169,0.0,0.0
2024-10-07 10:35:00-04:00,17.4955997467041,17.4955997467041,17.4955997467041,17.4955997467041,670,0.0,0.0
2024-10-07 10:43:00-04:00,17.5049991607666,17.5049991607666,17.5049991607666,17.5049991607666,220,0.0,0.0
2024-10-07 10:46:00-04:00,17.472000122070312,17.472000122070312,17.472000122070312,17.472000122070312,375,0.0,0.0
2024-10-07 10:50:00-04:00,17.479999542236328,17.479999542236328,17.459999084472656,17.459999084472656,773,0.0,0.0
2024-10-07 10:52:00-04:00,17.5,17.5,17.489999771118164,17.489999771118164,412,0.0,0.0
2024-10-07 10:56:00-04:00,17.545000076293945,17.545000076293945,17.545000076293945,17.545000076293945,178,0.0,0.0
2024-10-07 10:58:00-04:00,17.55500030517578,17.55500030517578,17.55500030517578,17.55500030517578,212,0.0,0.0
2024-10-07 11:01:00-04:00,17.540000915527344,17.540000915527344,17.540000915527344,17.540000915527344,197,0.0,0.0
2024-10-07 11:02:00-04:00,17.530000686645508,17.530000686645508,17.530000686645508,17.530000686645508,468,0.0,0.0
2024-10-07 11:12:00-04:00,17.520700454711914,17.530000686645508,17.520700454711914,17.530000686645508,491,0.0,0.0
2024-10-07 11:14:00-04:00,17.56999969482422,17.56999969482422,17.56999969482422,17.56999969482422,368,0.0,0.0
2024-10-07 11:19:00-04:00,17.540000915527344,17.540000915527344,17.540000915527344,17.540000915527344,509,0.0,0.0
2024-10-07 11:24:00-04:00,17.510000228881836,17.510000228881836,17.510000228881836,17.510000228881836,2234,0.0,0.0
2024-10-07 11:35:00-04:00,17.5,17.5,17.5,17.5,943,0.0,0.0
2024-10-07 11:46:00-04:00,17.450000762939453,17.450000762939453,17.450000762939453,17.450000762939453,309,0.0,0.0
2024-10-07 11:52:00-04:00,17.46940040588379,17.46940040588379,17.46940040588379,17.46940040588379,713,0.0,0.0
2024-10-07 12:04:00-04:00,17.450000762939453,17.450000762939453,17.450000762939453,17.450000762939453,967,0.0,0.0
2024-10-07 12:10:00-04:00,17.399999618530273,17.399999618530273,17.399999618530273,17.399999618530273,881,0.0,0.0
2024-10-07 12:30:00-04:00,17.454999923706055,17.454999923706055,17.454999923706055,17.454999923706055,132,0.0,0.0
2024-10-07 12:33:00-04:00,17.43000030517578,17.43000030517578,17.43000030517578,17.43000030517578,266,0.0,0.0
2024-10-07 12:36:00-04:00,17.473800659179688,17.473800659179688,17.473800659179688,17.473800659179688,480,0.0,0.0
2024-10-07 12:40:00-04:00,17.479900360107422,17.479900360107422,17.479900360107422,17.479900360107422,506,0.0,0.0
2024-10-07 12:44:00-04:00,17.469999313354492,17.469999313354492,17.469999313354492,17.469999313354492,391,0.0,0.0
2024-10-07 12:47:00-04:00,17.454999923706055,17.454999923706055,17.454999923706055,17.454999923706055,856,0.0,0.0
2024-10-07 12:52:00-04:00,17.479999542236328,17.479999542236328,17.479999542236328,17.479999542236328,351,0.0,0.0
2024-10-07 12:53:00-04:00,17.49329948425293,17.49329948425293,17.489999771118164,17.489999771118164,1305,0.0,0.0
2024-10-07 13:00:00-04:00,17.489999771118164,17.489999771118164,17.479999542236328,17.479999542236328,383,0.0,0.0
2024-10-07 13:06:00-04:00,17.469999313354492,17.469999313354492,17.450000762939453,17.450000762939453,742,0.0,0.0
2024-10-07 13:10:00-04:00,17.440000534057617,17.440000534057617,17.440000534057617,17.440000534057617,314,0.0,0.0
2024-10-07 13:11:00-04:00,17.440000534057617,17.440000534057617,17.440000534057617,17.440000534057617,176,0.0,0.0
2024-10-07 13:15:00-04:00,17.435800552368164,17.46489906311035,17.435800552368164,17.46489906311035,1379,0.0,0.0
2024-10-07 13:23:00-04:00,17.434999465942383,17.434999465942383,17.434999465942383,17.434999465942383,299,0.0,0.0
2024-10-07 13:34:00-04:00,17.43000030517578,17.43000030517578,17.43000030517578,17.43000030517578,172,0.0,0.0
2024-10-07 13:39:00-04:00,17.420000076293945,17.420000076293945,17.420000076293945,17.420000076293945,662,0.0,0.0
2024-10-07 13:51:00-04:00,17.395000457763672,17.395000457763672,17.395000457763672,17.395000457763672,132,0.0,0.0
2024-10-07 13:53:00-04:00,17.389999389648438,17.389999389648438,17.389999389648438,17.389999389648438,909,0.0,0.0
2024-10-07 13:54:00-04:00,17.399999618530273,17.399999618530273,17.399999618530273,17.399999618530273,198,0.0,0.0
2024-10-07 13:58:00-04:00,17.389999389648438,17.389999389648438,17.3700008392334,17.3700008392334,947,0.0,0.0
2024-10-07 14:01:00-04:00,17.3799991607666,17.3799991607666,17.3799991607666,17.3799991607666,328,0.0,0.0
2024-10-07 14:04:00-04:00,17.350000381469727,17.350000381469727,17.350000381469727,17.350000381469727,383,0.0,0.0
2024-10-07 14:06:00-04:00,17.360000610351562,17.360000610351562,17.360000610351562,17.360000610351562,833,0.0,0.0
2024-10-07 14:11:00-04:00,17.389999389648438,17.389999389648438,17.389999389648438,17.389999389648438,907,0.0,0.0
2024-10-07 14:13:00-04:00,17.40999984741211,17.40999984741211,17.40999984741211,17.40999984741211,123,0.0,0.0
2024-10-07 14:18:00-04:00,17.408300399780273,17.408300399780273,17.3799991607666,17.3799991607666,1601,0.0,0.0
2024-10-07 14:28:00-04:00,17.399999618530273,17.43000030517578,17.395000457763672,17.40999984741211,1610,0.0,0.0
2024-10-07 14:29:00-04:00,17.424999237060547,17.424999237060547,17.424999237060547,17.424999237060547,517,0.0,0.0
2024-10-07 14:30:00-04:00,17.3700008392334,17.399999618530273,17.360000610351562,17.399999618530273,1026,0.0,0.0
2024-10-07 14:31:00-04:00,17.399999618530273,17.399999618530273,17.399999618530273,17.399999618530273,2360,0.0,0.0
2024-10-07 14:51:00-04:00,17.34000015258789,17.34000015258789,17.34000015258789,17.34000015258789,754,0.0,0.0
2024-10-07 14:57:00-04:00,17.334999084472656,17.334999084472656,17.334999084472656,17.334999084472656,916,0.0,0.0
2024-10-07 15:09:00-04:00,17.354999542236328,17.354999542236328,17.354999542236328,17.354999542236328,158,0.0,0.0
2024-10-07 15:10:00-04:00,17.354999542236328,17.354999542236328,17.354999542236328,17.354999542236328,1051,0.0,0.0
2024-10-07 15:14:00-04:00,17.34000015258789,17.34000015258789,17.34000015258789,17.34000015258789,253,0.0,0.0
2024-10-07 15:16:00-04:00,17.34000015258789,17.34000015258789,17.34000015258789,17.34000015258789,147,0.0,0.0
2024-10-07 15:20:00-04:00,17.350000381469727,17.350000381469727,17.350000381469727,17.350000381469727,363,0.0,0.0
2024-10-07 15:24:00-04:00,17.350000381469727,17.350000381469727,17.350000381469727,17.350000381469727,349,0.0,0.0
2024-10-07 15:25:00-04:00,17.350000381469727,17.350000381469727,17.350000381469727,17.350000381469727,107,0.0,0.0
2024-10-07 15:26:00-04:00,17.350000381469727,17.350000381469727,17.350000381469727,17.350000381469727,110,0.0,0.0
2024-10-07 15:27:00-04:00,17.350000381469727,17.350000381469727,17.350000381469727,17.350000381469727,1450,0.0,0.0
2024-10-07 15:29:00-04:00,17.344999313354492,17.344999313354492,17.329999923706055,17.34000015258789,940,0.0,0.0
2024-10-07 15:30:00-04:00,17.329999923706055,17.329999923706055,17.329999923706055,17.329999923706055,585,0.0,0.0
2024-10-07 15:32:00-04:00,17.329999923706055,17.329999923706055,17.31999969482422,17.31999969482422,860,0.0,0.0
2024-10-07 15:34:00-04:00,17.34000015258789,17.34000015258789,17.329999923706055,17.34000015258789,1913,0.0,0.0
2024-10-07 15:35:00-04:00,17.329999923706055,17.360000610351562,17.329999923706055,17.360000610351562,1019,0.0,0.0
2024-10-07 15:36:00-04:00,17.360000610351562,17.360000610351562,17.34000015258789,17.34000015258789,384,0.0,0.0
2024-10-07 15:37:00-04:00,17.3700008392334,17.389999389648438,17.3700008392334,17.389999389648438,830,0.0,0.0
2024-10-07 15:38:00-04:00,17.3799991607666,17.395000457763672,17.3799991607666,17.395000457763672,730,0.0,0.0
2024-10-07 15:39:00-04:00,17.395000457763672,17.399999618530273,17.395000457763672,17.399999618530273,337,0.0,0.0
2024-10-07 15:41:00-04:00,17.399999618530273,17.399999618530273,17.389999389648438,17.389999389648438,310,0.0,0.0
2024-10-07 15:43:00-04:00,17.407499313354492,17.407499313354492,17.407499313354492,17.407499313354492,1498,0.0,0.0
2024-10-07 15:44:00-04:00,17.40999984741211,17.420000076293945,17.405000686645508,17.420000076293945,1109,0.0,0.0
2024-10-07 15:45:00-04:00,17.420000076293945,17.420000076293945,17.399999618530273,17.420000076293945,674,0.0,0.0
2024-10-07 15:46:00-04:00,17.424999237060547,17.424999237060547,17.424999237060547,17.424999237060547,216,0.0,0.0
2024-10-07 15:47:00-04:00,17.450000762939453,17.450000762939453,17.440000534057617,17.440000534057617,561,0.0,0.0
2024-10-07 15:48:00-04:00,17.469999313354492,17.469999313354492,17.469999313354492,17.469999313354492,427,0.0,0.0
2024-10-07 15:50:00-04:00,17.479999542236328,17.479999542236328,17.459999084472656,17.459999084472656,763,0.0,0.0
2024-10-07 15:52:00-04:00,17.459999084472656,17.459999084472656,17.459999084472656,17.459999084472656,1035,0.0,0.0
2024-10-07 15:53:00-04:00,17.459999084472656,17.459999084472656,17.450000762939453,17.450000762939453,2099,0.0,0.0
2024-10-07 15:54:00-04:00,17.469999313354492,17.469999313354492,17.469999313354492,17.469999313354492,515,0.0,0.0
2024-10-07 15:55:00-04:00,17.469999313354492,17.475400924682617,17.469999313354492,17.475400924682617,513,0.0,0.0
2024-10-07 15:56:00-04:00,17.469999313354492,17.469999313354492,17.459999084472656,17.459999084472656,1082,0.0,0.0
2024-10-07 15:57:00-04:00,17.440000534057617,17.469999313354492,17.440000534057617,17.450000762939453,2649,0.0,0.0
2024-10-07 15:58:00-04:00,17.459999084472656,17.459999084472656,17.459999084472656,17.459999084472656,605,0.0,0.0
2024-10-07 15:59:00-04:00,17.450000762939453,17.469999313354492,17.450000762939453,17.450000762939453,2553,0.0,0.0
2024-10-08 09:30:00-04:00,17.690000534057617,17.690000534057617,17.350000381469727,17.350000381469727,3946,0.0,0.0
2024-10-08 09:33:00-04:00,17.360000610351562,17.360000610351562,17.360000610351562,17.360000610351562,350,0.0,0.0
2024-10-08 09:39:00-04:00,17.35460090637207,17.35460090637207,17.35460090637207,17.35460090637207,559,0.0,0.0
2024-10-08 09:48:00-04:00,17.389999389648438,17.389999389648438,17.309999465942383,17.31999969482422,1857,0.0,0.0
2024-10-08 10:04:00-04:00,17.415000915527344,17.415000915527344,17.415000915527344,17.415000915527344,1110,0.0,0.0
2024-10-08 10:33:00-04:00,17.354999542236328,17.3799991607666,17.354999542236328,17.3799991607666,877,0.0,0.0
2024-10-08 10:39:00-04:00,17.431400299072266,17.431400299072266,17.431400299072266,17.431400299072266,803,0.0,0.0
2024-10-08 10:42:00-04:00,17.440000534057617,17.440000534057617,17.424999237060547,17.424999237060547,792,0.0,0.0
2024-10-08 10:43:00-04:00,17.420000076293945,17.420000076293945,17.334999084472656,17.334999084472656,1033,0.0,0.0
2024-10-08 10:45:00-04:00,17.399999618530273,17.399999618530273,17.399999618530273,17.399999618530273,274,0.0,0.0
2024-10-08 10:47:00-04:00,17.399999618530273,17.399999618530273,17.399999618530273,17.399999618530273,518,0.0,0.0
2024-10-08 10:48:00-04:00,17.3700008392334,17.3700008392334,17.3700008392334,17.3700008392334,384,0.0,0.0
2024-10-08 11:12:00-04:00,17.434999465942383,17.434999465942383,17.434999465942383,17.434999465942383,608,0.0,0.0
2024-10-08 11:47:00-04:00,17.40999984741211,17.40999984741211,17.40999984741211,17.40999984741211,702,0.0,0.0
2024-10-08 11:59:00-04:00,17.478599548339844,17.478599548339844,17.40999984741211,17.420000076293945,4582,0.0,0.0
2024-10-08 12:00:00-04:00,17.40999984741211,17.40999984741211,17.40999984741211,17.40999984741211,340,0.0,0.0
2024-10-08 12:10:00-04:00,17.415000915527344,17.415000915527344,17.415000915527344,17.415000915527344,545,0.0,0.0
2024-10-08 12:12:00-04:00,17.420000076293945,17.420000076293945,17.420000076293945,17.420000076293945,801,0.0,0.0
2024-10-08 12:16:00-04:00,17.415000915527344,17.415000915527344,17.415000915527344,17.415000915527344,113,0.0,0.0
2024-10-08 12:17:00-04:00,17.415000915527344,17.415000915527344,17.415000915527344,17.415000915527344,459,0.0,0.0
2024-10-08 12:20:00-04:00,17.40999984741211,17.40999984741211,17.40999984741211,17.40999984741211,554,0.0,0.0
2024-10-08 12:23:00-04:00,17.395000457763672,17.395000457763672,17.395000457763672,17.395000457763672,469,0.0,0.0
2024-10-08 12:35:00-04:00,17.335899353027344,17.3700008392334,17.335899353027344,17.3700008392334,2125,0.0,0.0
2024-10-08 12:38:00-04:00,17.377500534057617,17.377500534057617,17.375,17.375,610,0.0,0.0
2024-10-08 12:39:00-04:00,17.364999771118164,17.364999771118164,17.364999771118164,17.364999771118164,522,0.0,0.0
2024-10-08 13:09:00-04:00,17.299999237060547,17.299999237060547,17.299999237060547,17.299999237060547,1398,0.0,0.0
2024-10-08 13:12:00-04:00,17.309999465942383,17.309999465942383,17.309999465942383,17.309999465942383,862,0.0,0.0
2024-10-08 13:26:00-04:00,17.299999237060547,17.299999237060547,17.299999237060547,17.299999237060547,272,0.0,0.0
2024-10-08 13:28:00-04:00,17.299999237060547,17.299999237060547,17.299999237060547,17.299999237060547,243,0.0,0.0
2024-10-08 13:31:00-04:00,17.301000595092773,17.301000595092773,17.301000595092773,17.301000595092773,166,0.0,0.0
2024-10-08 13:36:00-04:00,17.28499984741211,17.28499984741211,17.28499984741211,17.28499984741211,1174,0.0,0.0
2024-10-08 13:57:00-04:00,17.289899826049805,17.289899826049805,17.289899826049805,17.289899826049805,980,0.0,0.0
2024-10-08 14:06:00-04:00,17.309999465942383,17.309999465942383,17.309999465942383,17.309999465942383,227,0.0,0.0
2024-10-08 14:07:00-04:00,17.309999465942383,17.309999465942383,17.309999465942383,17.309999465942383,503,0.0,0.0
2024-10-08 14:11:00-04:00,17.30500030517578,17.30500030517578,17.30500030517578,17.30500030517578,109,0.0,0.0
2024-10-08 14:13:00-04:00,17.312299728393555,17.312299728393555,17.312299728393555,17.312299728393555,373,0.0,0.0
2024-10-08 14:21:00-04:00,17.299999237060547,17.299999237060547,17.299999237060547,17.299999237060547,417,0.0,0.0
2024-10-08 14:22:00-04:00,17.304899215698242,17.304899215698242,17.304899215698242,17.304899215698242,375,0.0,0.0
2024-10-08 14:26:00-04:00,17.270000457763672,17.270000457763672,17.270000457763672,17.270000457763672,645,0.0,0.0
2024-10-08 14:31:00-04:00,17.280000686645508,17.280000686645508,17.280000686645508,17.280000686645508,269,0.0,0.0
2024-10-08 14:37:00-04:00,17.280000686645508,17.280000686645508,17.280000686645508,17.280000686645508,433,0.0,0.0
2024-10-08 14:40:00-04:00,17.260000228881836,17.260000228881836,17.260000228881836,17.260000228881836,215,0.0,0.0
2024-10-08 14:41:00-04:00,17.260000228881836,17.261199951171875,17.260000228881836,17.261199951171875,924,0.0,0.0
2024-10-08 14:45:00-04:00,17.239999771118164,17.239999771118164,17.239999771118164,17.239999771118164,805,0.0,0.0
2024-10-08 14:52:00-04:00,17.239999771118164,17.239999771118164,17.239999771118164,17.239999771118164,536,0.0,0.0
2024-10-08 14:55:00-04:00,17.209999084472656,17.219999313354492,17.209999084472656,17.219999313354492,1544,0.0,0.0
2024-10-08 15:01:00-04:00,17.239999771118164,17.2549991607666,17.239999771118164,17.2549991607666,1003,0.0,0.0
2024-10-08 15:09:00-04:00,17.209999084472656,17.209999084472656,17.209999084472656,17.209999084472656,105,0.0,0.0
2024-10-08 15:10:00-04:00,17.200000762939453,17.200000762939453,17.200000762939453,17.200000762939453,200,0.0,0.0
2024-10-08 15:11:00-04:00,17.200000762939453,17.200000762939453,17.200000762939453,17.200000762939453,1136,0.0,0.0
2024-10-08 15:17:00-04:00,17.229999542236328,17.229999542236328,17.229999542236328,17.229999542236328,368,0.0,0.0
2024-10-08 15:20:00-04:00,17.229999542236328,17.229999542236328,17.229999542236328,17.229999542236328,322,0.0,0.0
2024-10-08 15:21:00-04:00,17.219999313354492,17.219999313354492,17.219999313354492,17.219999313354492,396,0.0,0.0
2024-10-08 15:22:00-04:00,17.235000610351562,17.235000610351562,17.235000610351562,17.235000610351562,437,0.0,0.0
2024-10-08 15:23:00-04:00,17.2450008392334,17.270000457763672,17.2450008392334,17.270000457763672,994,0.0,0.0
2024-10-08 15:26:00-04:00,17.280000686645508,17.280000686645508,17.280000686645508,17.280000686645508,125,0.0,0.0
2024-10-08 15:28:00-04:00,17.290000915527344,17.290000915527344,17.290000915527344,17.290000915527344,582,0.0,0.0
2024-10-08 15:30:00-04:00,17.275400161743164,17.275400161743164,17.270000457763672,17.270000457763672,936,0.0,0.0
2024-10-08 15:31:00-04:00,17.260000228881836,17.260000228881836,17.260000228881836,17.260000228881836,362,0.0,0.0
2024-10-08 15:32:00-04:00,17.280000686645508,17.31999969482422,17.280000686645508,17.31999969482422,1202,0.0,0.0
2024-10-08 15:36:00-04:00,17.304800033569336,17.304800033569336,17.304800033569336,17.304800033569336,639,0.0,0.0
2024-10-08 15:37:00-04:00,17.299999237060547,17.299999237060547,17.299999237060547,17.299999237060547,241,0.0,0.0
2024-10-08 15:38:00-04:00,17.299999237060547,17.299999237060547,17.299999237060547,17.299999237060547,406,0.0,0.0
2024-10-08 15:40:00-04:00,17.290000915527344,17.290000915527344,17.290000915527344,17.290000915527344,1650,0.0,0.0
2024-10-08 15:46:00-04:00,17.290000915527344,17.290000915527344,17.290000915527344,17.290000915527344,351,0.0,0.0
2024-10-08 15:47:00-04:00,17.280000686645508,17.295000076293945,17.280000686645508,17.295000076293945,586,0.0,0.0
2024-10-08 15:48:00-04:00,17.290000915527344,17.290000915527344,17.290000915527344,17.290000915527344,748,0.0,0.0
2024-10-08 15:49:00-04:00,17.31999969482422,17.329999923706055,17.31999969482422,17.329999923706055,809,0.0,0.0
2024-10-08 15:50:00-04:00,17.309999465942383,17.309999465942383,17.309999465942383,17.309999465942383,1082,0.0,0.0
2024-10-08 15:51:00-04:00,17.299999237060547,17.31999969482422,17.299999237060547,17.31999969482422,1018,0.0,0.0
2024-10-08 15:52:00-04:00,17.34000015258789,17.344999313354492,17.329999923706055,17.329999923706055,2113,0.0,0.0
2024-10-08 15:54:00-04:00,17.34000015258789,17.34000015258789,17.34000015258789,17.34000015258789,1093,0.0,0.0
2024-10-08 15:55:00-04:00,17.31999969482422,17.31999969482422,17.290000915527344,17.290000915527344,1733,0.0,0.0
2024-10-08 15:56:00-04:00,17.299999237060547,17.309999465942383,17.299999237060547,17.309999465942383,1702,0.0,0.0
2024-10-08 15:57:00-04:00,17.290000915527344,17.299999237060547,17.290000915527344,17.290000915527344,2021,0.0,0.0
2024-10-08 15:58:00-04:00,17.299999237060547,17.31999969482422,17.299999237060547,17.31999969482422,2019,0.0,0.0
2024-10-08 15:59:00-04:00,17.299999237060547,17.299999237060547,17.270000457763672,17.280000686645508,3517,0.0,0.0
2024-10-09 09:30:00-04:00,17.280000686645508,17.280000686645508,17.280000686645508,17.280000686645508,630,0.0,0.0
2024-10-09 09:52:00-04:00,17.210100173950195,17.210100173950195,17.210100173950195,17.210100173950195,1248,0.0,0.0
2024-10-09 10:02:00-04:00,17.325000762939453,17.325000762939453,17.325000762939453,17.325000762939453,436,0.0,0.0
2024-10-09 10:13:00-04:00,17.395000457763672,17.395000457763672,17.395000457763672,17.395000457763672,632,0.0,0.0
2024-10-09 10:16:00-04:00,17.420000076293945,17.420000076293945,17.420000076293945,17.420000076293945,319,0.0,0.0
2024-10-09 10:20:00-04:00,17.40999984741211,17.40999984741211,17.399999618530273,17.399999618530273,623,0.0,0.0
2024-10-09 10:23:00-04:00,17.354999542236328,17.354999542236328,17.354999542236328,17.354999542236328,6604,0.0,0.0
2024-10-09 10:44:00-04:00,17.389999389648438,17.389999389648438,17.389999389648438,17.389999389648438,792,0.0,0.0
2024-10-09 10:49:00-04:00,17.399999618530273,17.40999984741211,17.399999618530273,17.40999984741211,1627,0.0,0.0
2024-10-09 11:14:00-04:00,17.450000762939453,17.450000762939453,17.450000762939453,17.450000762939453,508,0.0,0.0
2024-10-09 11:19:00-04:00,17.459999084472656,17.459999084472656,17.459999084472656,17.459999084472656,324,0.0,0.0
2024-10-09 11:28:00-04:00,17.549999237060547,17.549999237060547,17.549999237060547,17.549999237060547,1179,0.0,0.0
2024-10-09 11:47:00-04:00,17.59000015258789,17.59000015258789,17.59000015258789,17.59000015258789,289,0.0,0.0
2024-10-09 11:48:00-04:00,17.600000381469727,17.600000381469727,17.600000381469727,17.600000381469727,346,0.0,0.0
2024-10-09 12:01:00-04:00,17.559999465942383,17.559999465942383,17.559999465942383,17.559999465942383,608,0.0,0.0
2024-10-09 12:09:00-04:00,17.55500030517578,17.55500030517578,17.55500030517578,17.55500030517578,1107,0.0,0.0
2024-10-09 12:14:00-04:00,17.565799713134766,17.565799713134766,17.565799713134766,17.565799713134766,187,0.0,0.0
2024-10-09 12:20:00-04:00,17.53499984741211,17.55500030517578,17.53499984741211,17.55500030517578,381,0.0,0.0
2024-10-09 12:25:00-04:00,17.56879997253418,17.56879997253418,17.56879997253418,17.56879997253418,318,0.0,0.0
2024-10-09 12:29:00-04:00,17.559999465942383,17.559999465942383,17.559999465942383,17.559999465942383,405,0.0,0.0
2024-10-09 12:47:00-04:00,17.55500030517578,17.55500030517578,17.530000686645508,17.530000686645508,576,0.0,0.0
2024-10-09 12:54:00-04:00,17.5049991607666,17.514999389648438,17.5049991607666,17.514999389648438,324,0.0,0.0
2024-10-09 12:55:00-04:00,17.510000228881836,17.53499984741211,17.510000228881836,17.53499984741211,561,0.0,0.0
2024-10-09 12:57:00-04:00,17.520000457763672,17.520099639892578,17.520000457763672,17.520099639892578,1181,0.0,0.0
2024-10-09 13:18:00-04:00,17.520000457763672,17.520000457763672,17.520000457763672,17.520000457763672,353,0.0,0.0
2024-10-09 13:21:00-04:00,17.530000686645508,17.530000686645508,17.530000686645508,17.530000686645508,168,0.0,0.0
2024-10-09 13:24:00-04:00,17.520000457763672,17.520000457763672,17.510000228881836,17.510000228881836,941,0.0,0.0
2024-10-09 13:31:00-04:00,17.440000534057617,17.440000534057617,17.440000534057617,17.440000534057617,654,0.0,0.0
2024-10-09 13:43:00-04:00,17.43000030517578,17.43000030517578,17.43000030517578,17.43000030517578,1280,0.0,0.0
2024-10-09 13:59:00-04:00,17.399999618530273,17.399999618530273,17.399999618530273,17.399999618530273,254,0.0,0.0
2024-10-09 14:00:00-04:00,17.389999389648438,17.389999389648438,17.389999389648438,17.389999389648438,1438,0.0,0.0
2024-10-09 14:23:00-04:00,17.350900650024414,17.350900650024414,17.350900650024414,17.350900650024414,259,0.0,0.0
2024-10-09 14:25:00-04:00,17.360000610351562,17.360000610351562,17.360000610351562,17.360000610351562,507,0.0,0.0
2024-10-09 14:35:00-04:00,17.360000610351562,17.360000610351562,17.360000610351562,17.360000610351562,902,0.0,0.0
2024-10-09 14:36:00-04:00,17.389999389648438,17.389999389648438,17.360000610351562,17.360000610351562,1121,0.0,0.0
2024-10-09 15:03:00-04:00,17.347299575805664,17.347299575805664,17.34000015258789,17.34000015258789,400,0.0,0.0
2024-10-09 15:04:00-04:00,17.34000015258789,17.34000015258789,17.31999969482422,17.31999969482422,636,0.0,0.0
2024-10-09 15:07:00-04:00,17.290000915527344,17.30500030517578,17.290000915527344,17.30500030517578,509,0.0,0.0
2024-10-09 15:15:00-04:00,17.309999465942383,17.309999465942383,17.309999465942383,17.309999465942383,552,0.0,0.0
2024-10-09 15:20:00-04:00,17.315000534057617,17.315000534057617,17.315000534057617,17.315000534057617,435,0.0,0.0
2024-10-09 15:23:00-04:00,17.299999237060547,17.299999237060547,17.299999237060547,17.299999237060547,807,0.0,0.0
2024-10-09 15:38:00-04:00,17.290000915527344,17.309999465942383,17.290000915527344,17.309999465942383,835,0.0,0.0
2024-10-09 15:39:00-04:00,17.299999237060547,17.299999237060547,17.299999237060547,17.299999237060547,857,0.0,0.0
2024-10-09 15:45:00-04:00,17.31999969482422,17.31999969482422,17.31999969482422,17.31999969482422,167,0.0,0.0
2024-10-09 15:46:00-04:00,17.309999465942383,17.309999465942383,17.290000915527344,17.290000915527344,1043,0.0,0.0
2024-10-09 15:49:00-04:00,17.290000915527344,17.290000915527344,17.290000915527344,17.290000915527344,257,0.0,0.0
2024-10-09 15:50:00-04:00,17.290000915527344,17.290000915527344,17.280000686645508,17.280000686645508,1266,0.0,0.0
2024-10-09 15:53:00-04:00,17.309999465942383,17.309999465942383,17.290000915527344,17.295000076293945,1748,0.0,0.0
2024-10-09 15:54:00-04:00,17.279699325561523,17.279699325561523,17.229999542236328,17.25,2827,0.0,0.0
2024-10-09 15:57:00-04:00,17.260000228881836,17.260000228881836,17.25,17.25,964,0.0,0.0
2024-10-09 15:58:00-04:00,17.2549991607666,17.2549991607666,17.2549991607666,17.2549991607666,403,0.0,0.0
2024-10-09 15:59:00-04:00,17.260000228881836,17.260000228881836,17.229999542236328,17.229999542236328,4406,0.0,0.0
2024-10-10 09:30:00-04:00,17.020000457763672,17.229999542236328,17.020000457763672,17.229999542236328,2432,0.0,0.0
2024-10-10 09:31:00-04:00,17.0,17.0,17.0,17.0,632,0.0,0.0
2024-10-10 09:32:00-04:00,17.0,17.0,17.0,17.0,4539,0.0,0.0
2024-10-10 09:35:00-04:00,16.969999313354492,16.969999313354492,16.969999313354492,16.969999313354492,305,0.0,0.0
2024-10-10 09:36:00-04:00,17.040000915527344,17.040000915527344,17.0,17.0,216,0.0,0.0
2024-10-10 09:38:00-04:00,17.0049991607666,17.0049991607666,17.0049991607666,17.0049991607666,130,0.0,0.0
2024-10-10 09:40:00-04:00,16.96619987487793,16.999300003051758,16.950000762939453,16.950000762939453,4412,0.0,0.0
2024-10-10 09:41:00-04:00,16.959400177001953,16.959400177001953,16.959400177001953,16.959400177001953,487,0.0,0.0
2024-10-10 09:42:00-04:00,17.0,17.0,17.0,17.0,125,0.0,0.0
2024-10-10 09:43:00-04:00,16.9950008392334,16.9950008392334,16.950000762939453,16.950000762939453,1694,0.0,0.0
2024-10-10 09:44:00-04:00,16.950000762939453,16.950000762939453,16.950000762939453,16.950000762939453,244,0.0,0.0
2024-10-10 09:45:00-04:00,16.860000610351562,16.889999389648438,16.850000381469727,16.850000381469727,4118,0.0,0.0
2024-10-10 09:47:00-04:00,16.898799896240234,16.898799896240234,16.850000381469727,16.850000381469727,1057,0.0,0.0
2024-10-10 09:49:00-04:00,16.799999237060547,16.799999237060547,16.799999237060547,16.799999237060547,211,0.0,0.0
2024-10-10 09:50:00-04:00,16.799999237060547,16.799999237060547,16.639999389648438,16.670000076293945,10868,0.0,0.0
2024-10-10 09:51:00-04:00,16.7549991607666,16.7549991607666,16.729999542236328,16.729999542236328,310,0.0,0.0
2024-10-10 09:52:00-04:00,16.709999084472656,16.709999084472656,16.709999084472656,16.709999084472656,244,0.0,0.0
2024-10-10 09:53:00-04:00,16.8700008392334,16.899999618530273,16.8700008392334,16.8700008392334,1940,0.0,0.0
2024-10-10 09:56:00-04:00,16.889999389648438,16.889999389648438,16.889999389648438,16.889999389648438,246,0.0,0.0
2024-10-10 09:58:00-04:00,16.889999389648438,16.889999389648438,16.889999389648438,16.889999389648438,721,0.0,0.0
2024-10-10 10:03:00-04:00,16.8799991607666,16.889999389648438,16.8799991607666,16.889999389648438,334,0.0,0.0
2024-10-10 10:05:00-04:00,16.950000762939453,16.959999084472656,16.924999237060547,16.924999237060547,324,0.0,0.0
2024-10-10 10:10:00-04:00,16.924999237060547,16.959999084472656,16.924999237060547,16.959999084472656,866,0.0,0.0
2024-10-10 10:19:00-04:00,16.93000030517578,16.93000030517578,16.93000030517578,16.93000030517578,617,0.0,0.0
2024-10-10 10:21:00-04:00,16.899999618530273,16.899999618530273,16.899999618530273,16.899999618530273,115,0.0,0.0
2024-10-10 10:22:00-04:00,16.93000030517578,17.010000228881836,16.899999618530273,16.954999923706055,946,0.0,0.0
2024-10-10 10:23:00-04:00,16.950000762939453,16.950000762939453,16.950000762939453,16.950000762939453,247,0.0,0.0
2024-10-10 10:26:00-04:00,16.975000381469727,16.975000381469727,16.975000381469727,16.975000381469727,400,0.0,0.0
2024-10-10 10:27:00-04:00,16.920000076293945,16.975000381469727,16.920000076293945,16.975000381469727,611,0.0,0.0
2024-10-10 10:28:00-04:00,17.039899826049805,17.042200088500977,16.98699951171875,17.042200088500977,757,0.0,0.0
2024-10-10 10:29:00-04:00,16.99139976501465,16.99139976501465,16.99139976501465,16.99139976501465,444,0.0,0.0
2024-10-10 10:40:00-04:00,17.05900001525879,17.05900001525879,17.05900001525879,17.05900001525879,406,0.0,0.0
2024-10-10 10:43:00-04:00,17.010000228881836,17.010000228881836,17.010000228881836,17.010000228881836,774,0.0,0.0
2024-10-10 10:53:00-04:00,16.989999771118164,16.989999771118164,16.989999771118164,16.989999771118164,378,0.0,0.0
2024-10-10 11:02:00-04:00,17.009599685668945,17.020000457763672,17.009599685668945,17.010000228881836,1595,0.0,0.0
2024-10-10 11:03:00-04:00,16.979999542236328,16.9950008392334,16.979999542236328,16.9950008392334,300,0.0,0.0
2024-10-10 11:04:00-04:00,17.020000457763672,17.049999237060547,17.020000457763672,17.049999237060547,318,0.0,0.0
2024-10-10 11:08:00-04:00,17.170000076293945,17.170000076293945,17.170000076293945,17.170000076293945,187,0.0,0.0
2024-10-10 11:17:00-04:00,17.1200008392334,17.1200008392334,17.1200008392334,17.1200008392334,552,0.0,0.0
2024-10-10 11:26:00-04:00,17.1299991607666,17.1299991607666,17.1299991607666,17.1299991607666,447,0.0,0.0
2024-10-10 11:45:00-04:00,17.110000610351562,17.110000610351562,17.110000610351562,17.110000610351562,500,0.0,0.0
2024-10-10 11:52:00-04:00,17.139999389648438,17.149999618530273,17.139999389648438,17.149999618530273,731,0.0,0.0
2024-10-10 12:06:00-04:00,17.129600524902344,17.129600524902344,17.129600524902344,17.129600524902344,865,0.0,0.0
2024-10-10 12:07:00-04:00,17.100000381469727,17.145000457763672,17.100000381469727,17.145000457763672,903,0.0,0.0
2024-10-10 12:08:00-04:00,17.110000610351562,17.110000610351562,17.110000610351562,17.110000610351562,181,0.0,0.0
2024-10-10 12:09:00-04:00,17.145000457763672,17.145000457763672,17.145000457763672,17.145000457763672,270,0.0,0.0
2024-10-10 12:14:00-04:00,17.104900360107422,17.104900360107422,17.104900360107422,17.104900360107422,753,0.0,0.0
2024-10-10 12:15:00-04:00,17.135000228881836,17.22920036315918,17.135000228881836,17.167499542236328,6867,0.0,0.0
2024-10-10 12:16:00-04:00,17.174999237060547,17.174999237060547,17.174999237060547,17.174999237060547,490,0.0,0.0
2024-10-10 12:18:00-04:00,17.139999389648438,17.139999389648438,17.1200008392334,17.1299991607666,1091,0.0,0.0
2024-10-10 12:20:00-04:00,17.1200008392334,17.1200008392334,17.1200008392334,17.1200008392334,825,0.0,0.0
2024-10-10 12:22:00-04:00,17.135000228881836,17.135000228881836,17.135000228881836,17.135000228881836,324,0.0,0.0
2024-10-10 12:26:00-04:00,17.1200008392334,17.1200008392334,17.1200008392334,17.1200008392334,948,0.0,0.0
2024-10-10 12:28:00-04:00,17.094999313354492,17.094999313354492,17.094999313354492,17.094999313354492,528,0.0,0.0
2024-10-10 12:32:00-04:00,17.094999313354492,17.094999313354492,17.094999313354492,17.094999313354492,106,0.0,0.0
2024-10-10 12:33:00-04:00,17.094999313354492,17.094999313354492,17.094999313354492,17.094999313354492,104,0.0,0.0
2024-10-10 12:35:00-04:00,17.094999313354492,17.094999313354492,17.094999313354492,17.094999313354492,556,0.0,0.0
2024-10-10 12:38:00-04:00,17.110000610351562,17.114999771118164,17.094999313354492,17.110000610351562,1183,0.0,0.0
2024-10-10 12:40:00-04:00,17.110000610351562,17.110000610351562,17.110000610351562,17.110000610351562,406,0.0,0.0
2024-10-10 12:41:00-04:00,17.110000610351562,17.110000610351562,17.110000610351562,17.110000610351562,465,0.0,0.0
2024-10-10 12:46:00-04:00,17.06999969482422,17.06999969482422,17.06999969482422,17.06999969482422,793,0.0,0.0
2024-10-10 12:48:00-04:00,17.05500030517578,17.05500030517578,17.05500030517578,17.05500030517578,116,0.0,0.0
2024-10-10 12:50:00-04:00,17.049999237060547,17.049999237060547,17.03499984741211,17.040000915527344,1087,0.0,0.0
2024-10-10 12:54:00-04:00,17.079999923706055,17.079999923706055,17.06999969482422,17.06999969482422,286,0.0,0.0
2024-10-10 12:56:00-04:00,17.075000762939453,17.075000762939453,17.075000762939453,17.075000762939453,324,0.0,0.0
2024-10-10 12:59:00-04:00,17.079999923706055,17.079999923706055,17.079999923706055,17.079999923706055,851,0.0,0.0
2024-10-10 13:10:00-04:00,17.065000534057617,17.065000534057617,17.065000534057617,17.065000534057617,142,0.0,0.0
2024-10-10 13:13:00-04:00,17.06999969482422,17.06999969482422,17.06999969482422,17.06999969482422,693,0.0,0.0
2024-10-10 13:17:00-04:00,17.114999771118164,17.114999771118164,17.114999771118164,17.114999771118164,153,0.0,0.0
2024-10-10 13:18:00-04:00,17.125,17.125,17.125,17.125,589,0.0,0.0
2024-10-10 13:21:00-04:00,17.1200008392334,17.125,17.1200008392334,17.125,967,0.0,0.0
2024-10-10 13:26:00-04:00,17.1200008392334,17.1200008392334,17.1200008392334,17.1200008392334,464,0.0,0.0
2024-10-10 13:28:00-04:00,17.110000610351562,17.110000610351562,17.110000610351562,17.110000610351562,821,0.0,0.0
2024-10-10 13:40:00-04:00,17.059999465942383,17.059999465942383,17.059999465942383,17.059999465942383,302,0.0,0.0
2024-10-10 13:42:00-04:00,17.065000534057617,17.065000534057617,17.065000534057617,17.065000534057617,200,0.0,0.0
2024-10-10 13:43:00-04:00,17.06999969482422,17.06999969482422,17.06999969482422,17.06999969482422,215,0.0,0.0
2024-10-10 13:46:00-04:00,17.065000534057617,17.065000534057617,17.065000534057617,17.065000534057617,200,0.0,0.0
2024-10-10 13:47:00-04:00,17.079999923706055,17.079999923706055,17.065000534057617,17.079999923706055,1169,0.0,0.0
2024-10-10 13:50:00-04:00,17.049999237060547,17.049999237060547,17.049999237060547,17.049999237060547,437,0.0,0.0
2024-10-10 13:53:00-04:00,17.06999969482422,17.06999969482422,17.059999465942383,17.059999465942383,581,0.0,0.0
2024-10-10 13:54:00-04:00,17.059999465942383,17.059999465942383,17.059999465942383,17.059999465942383,638,0.0,0.0
2024-10-10 14:01:00-04:00,17.059999465942383,17.075000762939453,17.059999465942383,17.075000762939453,773,0.0,0.0
2024-10-10 14:04:00-04:00,17.075000762939453,17.075000762939453,17.075000762939453,17.075000762939453,205,0.0,0.0
2024-10-10 14:12:00-04:00,17.06999969482422,17.06999969482422,17.049999237060547,17.065000534057617,1649,0.0,0.0
2024-10-10 14:17:00-04:00,17.059999465942383,17.059999465942383,17.059999465942383,17.059999465942383,121,0.0,0.0
2024-10-10 14:20:00-04:00,17.040599822998047,17.040599822998047,17.040599822998047,17.040599822998047,200,0.0,0.0
2024-10-10 14:24:00-04:00,17.049999237060547,17.05500030517578,17.040000915527344,17.040000915527344,1706,0.0,0.0
2024-10-10 14:27:00-04:00,17.059999465942383,17.059999465942383,17.059999465942383,17.059999465942383,119,0.0,0.0
2024-10-10 14:30:00-04:00,17.049999237060547,17.065000534057617,17.049999237060547,17.065000534057617,797,0.0,0.0
2024-10-10 14:34:00-04:00,17.059999465942383,17.059999465942383,17.059999465942383,17.059999465942383,340,0.0,0.0
2024-10-10 14:41:00-04:00,17.083799362182617,17.083799362182617,17.083799362182617,17.083799362182617,1111,0.0,0.0
2024-10-10 14:43:00-04:00,17.040000915527344,17.040000915527344,17.040000915527344,17.040000915527344,439,0.0,0.0
2024-10-10 14:44:00-04:00,17.024999618530273,17.059999465942383,17.024999618530273,17.059999465942383,360,0.0,0.0
2024-10-10 14:51:00-04:00,17.05500030517578,17.05500030517578,17.05500030517578,17.05500030517578,554,0.0,0.0
2024-10-10 14:59:00-04:00,17.030000686645508,17.030000686645508,17.030000686645508,17.030000686645508,181,0.0,0.0
2024-10-10 15:00:00-04:00,17.049999237060547,17.049999237060547,17.049999237060547,17.049999237060547,592,0.0,0.0
2024-10-10 15:05:00-04:00,17.049999237060547,17.049999237060547,17.049999237060547,17.049999237060547,204,0.0,0.0
2024-10-10 15:06:00-04:00,17.049999237060547,17.049999237060547,17.049999237060547,17.049999237060547,237,0.0,0.0
2024-10-10 15:09:00-04:00,17.049999237060547,17.049999237060547,17.049999237060547,17.049999237060547,210,0.0,0.0
2024-10-10 15:10:00-04:00,17.049999237060547,17.049999237060547,17.049999237060547,17.049999237060547,251,0.0,0.0
2024-10-10 15:11:00-04:00,17.049999237060547,17.049999237060547,17.049999237060547,17.049999237060547,569,0.0,0.0
2024-10-10 15:14:00-04:00,17.040000915527344,17.040000915527344,17.040000915527344,17.040000915527344,602,0.0,0.0
2024-10-10 15:18:00-04:00,17.06999969482422,17.06999969482422,17.049999237060547,17.059999465942383,1093,0.0,0.0
2024-10-10 15:21:00-04:00,17.068700790405273,17.068700790405273,17.068700790405273,17.068700790405273,332,0.0,0.0
2024-10-10 15:22:00-04:00,17.059999465942383,17.059999465942383,17.059999465942383,17.059999465942383,157,0.0,0.0
2024-10-10 15:26:00-04:00,17.065000534057617,17.06999969482422,17.065000534057617,17.06999969482422,1291,0.0,0.0
2024-10-10 15:31:00-04:00,17.065000534057617,17.09000015258789,17.059999465942383,17.06999969482422,1387,0.0,0.0
2024-10-10 15:33:00-04:00,17.075000762939453,17.09000015258789,17.075000762939453,17.077499389648438,2166,0.0,0.0
2024-10-10 15:36:00-04:00,17.097999572753906,17.097999572753906,17.097999572753906,17.097999572753906,200,0.0,0.0
2024-10-10 15:37:00-04:00,17.09000015258789,17.09000015258789,17.020000457763672,17.020000457763672,6640,0.0,0.0
2024-10-10 15:38:00-04:00,17.020000457763672,17.020000457763672,17.020000457763672,17.020000457763672,108,0.0,0.0
2024-10-10 15:39:00-04:00,17.04509925842285,17.04509925842285,17.01059913635254,17.024999618530273,5864,0.0,0.0
2024-10-10 15:40:00-04:00,17.045000076293945,17.045000076293945,17.045000076293945,17.045000076293945,133,0.0,0.0
2024-10-10 15:43:00-04:00,17.059999465942383,17.059999465942383,17.059999465942383,17.059999465942383,539,0.0,0.0
2024-10-10 15:44:00-04:00,17.059999465942383,17.059999465942383,17.010000228881836,17.024999618530273,2381,0.0,0.0
2024-10-10 15:45:00-04:00,17.030000686645508,17.049999237060547,17.010000228881836,17.010000228881836,3652,0.0,0.0
2024-10-10 15:46:00-04:00,17.040000915527344,17.049999237060547,17.040000915527344,17.040000915527344,2628,0.0,0.0
2024-10-10 15:47:00-04:00,17.040000915527344,17.059999465942383,17.040000915527344,17.045000076293945,4651,0.0,0.0
2024-10-10 15:48:00-04:00,17.049999237060547,17.049999237060547,17.049999237060547,17.049999237060547,1391,0.0,0.0
2024-10-10 15:50:00-04:00,17.108999252319336,17.108999252319336,17.108999252319336,17.108999252319336,475,0.0,0.0
2024-10-10 15:51:00-04:00,17.075000762939453,17.075000762939453,17.075000762939453,17.075000762939453,639,0.0,0.0
2024-10-10 15:52:00-04:00,17.075000762939453,17.075000762939453,17.075000762939453,17.075000762939453,772,0.0,0.0
2024-10-10 15:55:00-04:00,17.100000381469727,17.100000381469727,17.100000381469727,17.100000381469727,508,0.0,0.0
2024-10-10 15:56:00-04:00,17.107999801635742,17.110000610351562,17.107999801635742,17.110000610351562,1081,0.0,0.0
2024-10-10 15:57:00-04:00,17.110000610351562,17.110000610351562,17.100000381469727,17.100000381469727,941,0.0,0.0
2024-10-10 15:58:00-04:00,17.110000610351562,17.110000610351562,17.110000610351562,17.110000610351562,870,0.0,0.0
2024-10-10 15:59:00-04:00,17.1299991607666,17.15999984741211,17.1200008392334,17.1200008392334,5378,0.0,0.0
2024-10-11 09:30:00-04:00,17.139999389648438,17.139999389648438,17.139999389648438,17.139999389648438,632,0.0,0.0
2024-10-11 09:38:00-04:00,17.274999618530273,17.274999618530273,17.274999618530273,17.274999618530273,612,0.0,0.0
2024-10-11 09:44:00-04:00,17.31999969482422,17.31999969482422,17.315000534057617,17.315000534057617,990,0.0,0.0
2024-10-11 09:50:00-04:00,17.270000457763672,17.270000457763672,17.270000457763672,17.270000457763672,1843,0.0,0.0
2024-10-11 09:57:00-04:00,17.140100479125977,17.140100479125977,17.140100479125977,17.140100479125977,477,0.0,0.0
2024-10-11 10:01:00-04:00,17.35919952392578,17.35919952392578,17.149999618530273,17.149999618530273,1443,0.0,0.0
2024-10-11 10:02:00-04:00,17.280000686645508,17.280000686645508,17.280000686645508,17.280000686645508,228,0.0,0.0
2024-10-11 10:09:00-04:00,17.280000686645508,17.309999465942383,17.280000686645508,17.280000686645508,558,0.0,0.0
2024-10-11 10:10:00-04:00,17.274999618530273,17.274999618530273,17.274999618530273,17.274999618530273,724,0.0,0.0
2024-10-11 10:12:00-04:00,17.350000381469727,17.350000381469727,17.350000381469727,17.350000381469727,493,0.0,0.0
2024-10-11 10:18:00-04:00,17.334999084472656,17.40999984741211,17.334999084472656,17.389999389648438,1305,0.0,0.0
2024-10-11 10:21:00-04:00,17.350000381469727,17.350000381469727,17.350000381469727,17.350000381469727,248,0.0,0.0
2024-10-11 10:24:00-04:00,17.334999084472656,17.334999084472656,17.334999084472656,17.334999084472656,451,0.0,0.0
2024-10-11 10:28:00-04:00,17.309999465942383,17.309999465942383,17.309999465942383,17.309999465942383,1086,0.0,0.0
2024-10-11 10:31:00-04:00,17.274999618530273,17.274999618530273,17.274999618530273,17.274999618530273,687,0.0,0.0
2024-10-11 10:40:00-04:00,17.25,17.25,17.25,17.25,193,0.0,0.0
2024-10-11 10:41:00-04:00,17.28499984741211,17.28499984741211,17.28499984741211,17.28499984741211,106,0.0,0.0
2024-10-11 10:43:00-04:00,17.270299911499023,17.270299911499023,17.270000457763672,17.270000457763672,983,0.0,0.0
2024-10-11 10:50:00-04:00,17.270000457763672,17.270000457763672,17.260000228881836,17.260000228881836,394,0.0,0.0
2024-10-11 10:52:00-04:00,17.25,17.25,17.25,17.25,486,0.0,0.0
2024-10-11 10:53:00-04:00,17.270000457763672,17.270000457763672,17.270000457763672,17.270000457763672,301,0.0,0.0
2024-10-11 10:54:00-04:00,17.25,17.25,17.25,17.25,225,0.0,0.0
2024-10-11 10:59:00-04:00,17.270000457763672,17.270000457763672,17.270000457763672,17.270000457763672,314,0.0,0.0
2024-10-11 11:00:00-04:00,17.270000457763672,17.270000457763672,17.239999771118164,17.239999771118164,1751,0.0,0.0
2024-10-11 11:01:00-04:00,17.209999084472656,17.235000610351562,17.209999084472656,17.235000610351562,707,0.0,0.0
2024-10-11 11:04:00-04:00,17.28499984741211,17.28499984741211,17.28499984741211,17.28499984741211,729,0.0,0.0
2024-10-11 11:07:00-04:00,17.270000457763672,17.270000457763672,17.25,17.25,2965,0.0,0.0
2024-10-11 11:15:00-04:00,17.299999237060547,17.299999237060547,17.299999237060547,17.299999237060547,648,0.0,0.0
2024-10-11 11:16:00-04:00,17.25,17.25,17.25,17.25,181,0.0,0.0
2024-10-11 11:23:00-04:00,17.30500030517578,17.30500030517578,17.30500030517578,17.30500030517578,381,0.0,0.0
2024-10-11 11:25:00-04:00,17.280000686645508,17.309999465942383,17.280000686645508,17.309999465942383,2002,0.0,0.0
2024-10-11 11:29:00-04:00,17.290000915527344,17.30340003967285,17.270000457763672,17.270000457763672,1126,0.0,0.0
2024-10-11 11:30:00-04:00,17.31999969482422,17.31999969482422,17.31999969482422,17.31999969482422,385,0.0,0.0
2024-10-11 11:33:00-04:00,17.299999237060547,17.299999237060547,17.290000915527344,17.290000915527344,2605,0.0,0.0
2024-10-11 11:42:00-04:00,17.405000686645508,17.405000686645508,17.3700008392334,17.3700008392334,1272,0.0,0.0
2024-10-11 11:44:00-04:00,17.479999542236328,17.479999542236328,17.479999542236328,17.479999542236328,319,0.0,0.0
2024-10-11 11:49:00-04:00,17.459999084472656,17.459999084472656,17.440000534057617,17.440000534057617,1336,0.0,0.0
2024-10-11 11:50:00-04:00,17.479999542236328,17.479999542236328,17.475000381469727,17.475000381469727,933,0.0,0.0
2024-10-11 11:52:00-04:00,17.469999313354492,17.469999313354492,17.469999313354492,17.469999313354492,190,0.0,0.0
2024-10-11 12:00:00-04:00,17.459999084472656,17.469999313354492,17.420000076293945,17.420000076293945,2036,0.0,0.0
2024-10-11 12:03:00-04:00,17.44499969482422,17.44499969482422,17.420000076293945,17.420000076293945,1862,0.0,0.0
2024-10-11 12:04:00-04:00,17.45949935913086,17.45949935913086,17.40999984741211,17.40999984741211,1028,0.0,0.0
2024-10-11 12:06:00-04:00,17.43000030517578,17.43000030517578,17.43000030517578,17.43000030517578,539,0.0,0.0
2024-10-11 12:11:00-04:00,17.420000076293945,17.420000076293945,17.420000076293945,17.420000076293945,342,0.0,0.0
2024-10-11 12:12:00-04:00,17.415000915527344,17.415000915527344,17.415000915527344,17.415000915527344,200,0.0,0.0
2024-10-11 12:13:00-04:00,17.429899215698242,17.429899215698242,17.415000915527344,17.415000915527344,255,0.0,0.0
2024-10-11 12:14:00-04:00,17.43000030517578,17.43000030517578,17.43000030517578,17.43000030517578,2102,0.0,0.0
2024-10-11 12:15:00-04:00,17.440000534057617,17.46500015258789,17.440000534057617,17.46500015258789,300,0.0,0.0
2024-10-11 12:16:00-04:00,17.440099716186523,17.479999542236328,17.440099716186523,17.479999542236328,851,0.0,0.0
2024-10-11 12:21:00-04:00,17.440000534057617,17.454999923706055,17.40999984741211,17.454999923706055,1305,0.0,0.0
2024-10-11 12:22:00-04:00,17.420000076293945,17.420000076293945,17.39929962158203,17.39929962158203,538,0.0,0.0
2024-10-11 12:27:00-04:00,17.450000762939453,17.450000762939453,17.440000534057617,17.440000534057617,519,0.0,0.0
2024-10-11 12:29:00-04:00,17.459999084472656,17.459999084472656,17.459999084472656,17.459999084472656,210,0.0,0.0
2024-10-11 12:30:00-04:00,17.459999084472656,17.459999084472656,17.459999084472656,17.459999084472656,101,0.0,0.0
2024-10-11 12:32:00-04:00,17.461000442504883,17.461000442504883,17.461000442504883,17.461000442504883,187,0.0,0.0
2024-10-11 12:33:00-04:00,17.440000534057617,17.440000534057617,17.440000534057617,17.440000534057617,806,0.0,0.0
2024-10-11 12:45:00-04:00,17.440000534057617,17.440000534057617,17.43000030517578,17.43000030517578,1156,0.0,0.0
2024-10-11 12:46:00-04:00,17.389999389648438,17.389999389648438,17.389999389648438,17.389999389648438,200,0.0,0.0
2024-10-11 12:48:00-04:00,17.405000686645508,17.405000686645508,17.405000686645508,17.405000686645508,201,0.0,0.0
2024-10-11 12:49:00-04:00,17.405000686645508,17.440000534057617,17.405000686645508,17.440000534057617,1038,0.0,0.0
2024-10-11 12:50:00-04:00,17.459800720214844,17.459800720214844,17.43000030517578,17.43000030517578,3673,0.0,0.0
2024-10-11 12:57:00-04:00,17.510000228881836,17.510000228881836,17.510000228881836,17.510000228881836,596,0.0,0.0
2024-10-11 13:00:00-04:00,17.520000457763672,17.520000457763672,17.489999771118164,17.489999771118164,1431,0.0,0.0
2024-10-11 13:10:00-04:00,17.490100860595703,17.50670051574707,17.479999542236328,17.50670051574707,2559,0.0,0.0
2024-10-11 13:11:00-04:00,17.4950008392334,17.4950008392334,17.4950008392334,17.4950008392334,955,0.0,0.0
2024-10-11 13:21:00-04:00,17.475200653076172,17.475200653076172,17.475200653076172,17.475200653076172,767,0.0,0.0
2024-10-11 13:29:00-04:00,17.4950008392334,17.4950008392334,17.4950008392334,17.4950008392334,409,0.0,0.0
2024-10-11 13:31:00-04:00,17.5,17.5,17.489999771118164,17.489999771118164,1231,0.0,0.0
2024-10-11 13:32:00-04:00,17.5049991607666,17.5049991607666,17.5049991607666,17.5049991607666,218,0.0,0.0
2024-10-11 13:34:00-04:00,17.510000228881836,17.510000228881836,17.510000228881836,17.510000228881836,1208,0.0,0.0
2024-10-11 13:37:00-04:00,17.5049991607666,17.5049991607666,17.5049991607666,17.5049991607666,605,0.0,0.0
2024-10-11 13:39:00-04:00,17.510000228881836,17.510000228881836,17.510000228881836,17.510000228881836,747,0.0,0.0
2024-10-11 13:41:00-04:00,17.527999877929688,17.527999877929688,17.527999877929688,17.527999877929688,637,0.0,0.0
2024-10-11 13:47:00-04:00,17.524999618530273,17.524999618530273,17.5049991607666,17.5049991607666,711,0.0,0.0
2024-10-11 13:49:00-04:00,17.524999618530273,17.524999618530273,17.524999618530273,17.524999618530273,251,0.0,0.0
2024-10-11 13:52:00-04:00,17.524999618530273,17.524999618530273,17.524999618530273,17.524999618530273,363,0.0,0.0
2024-10-11 13:55:00-04:00,17.5,17.5,17.5,17.5,1539,0.0,0.0
2024-10-11 14:00:00-04:00,17.549999237060547,17.549999237060547,17.549999237060547,17.549999237060547,731,0.0,0.0
2024-10-11 14:12:00-04:00,17.530000686645508,17.530000686645508,17.520000457763672,17.520000457763672,1354,0.0,0.0
2024-10-11 14:17:00-04:00,17.520000457763672,17.520000457763672,17.520000457763672,17.520000457763672,936,0.0,0.0
2024-10-11 14:24:00-04:00,17.51460075378418,17.51460075378418,17.51460075378418,17.51460075378418,177,0.0,0.0
2024-10-11 14:26:00-04:00,17.510000228881836,17.510000228881836,17.510000228881836,17.510000228881836,1259,0.0,0.0
2024-10-11 14:29:00-04:00,17.53499984741211,17.53499984741211,17.53499984741211,17.53499984741211,641,0.0,0.0
2024-10-11 14:31:00-04:00,17.545000076293945,17.545000076293945,17.545000076293945,17.545000076293945,436,0.0,0.0
2024-10-11 14:40:00-04:00,17.530000686645508,17.530000686645508,17.530000686645508,17.530000686645508,171,0.0,0.0
2024-10-11 14:42:00-04:00,17.520000457763672,17.520000457763672,17.520000457763672,17.520000457763672,461,0.0,0.0
2024-10-11 14:44:00-04:00,17.520000457763672,17.520000457763672,17.5,17.5,1104,0.0,0.0
2024-10-11 14:45:00-04:00,17.5,17.5,17.489999771118164,17.489999771118164,2525,0.0,0.0
2024-10-11 14:47:00-04:00,17.510000228881836,17.520000457763672,17.510000228881836,17.520000457763672,1176,0.0,0.0
2024-10-11 14:49:00-04:00,17.520000457763672,17.530000686645508,17.520000457763672,17.530000686645508,299,0.0,0.0
2024-10-11 14:50:00-04:00,17.530799865722656,17.53499984741211,17.530799865722656,17.53499984741211,1552,0.0,0.0
2024-10-11 14:51:00-04:00,17.530000686645508,17.530000686645508,17.520000457763672,17.520000457763672,444,0.0,0.0
2024-10-11 14:53:00-04:00,17.530000686645508,17.530000686645508,17.530000686645508,17.530000686645508,395,0.0,0.0
2024-10-11 14:55:00-04:00,17.510000228881836,17.510000228881836,17.510000228881836,17.510000228881836,371,0.0,0.0
2024-10-11 14:57:00-04:00,17.5,17.5,17.5,17.5,215,0.0,0.0
2024-10-11 14:59:00-04:00,17.4950008392334,17.5,17.489999771118164,17.489999771118164,1998,0.0,0.0
2024-10-11 15:00:00-04:00,17.4950008392334,17.510000228881836,17.4950008392334,17.510000228881836,3868,0.0,0.0
2024-10-11 15:01:00-04:00,17.510000228881836,17.510000228881836,17.510000228881836,17.510000228881836,369,0.0,0.0
2024-10-11 15:02:00-04:00,17.510000228881836,17.510000228881836,17.510000228881836,17.510000228881836,908,0.0,0.0
2024-10-11 15:03:00-04:00,17.520000457763672,17.530000686645508,17.520000457763672,17.530000686645508,1424,0.0,0.0
2024-10-11 15:06:00-04:00,17.53499984741211,17.53499984741211,17.53499984741211,17.53499984741211,369,0.0,0.0
2024-10-11 15:07:00-04:00,17.53499984741211,17.549999237060547,17.53499984741211,17.549999237060547,1280,0.0,0.0
2024-10-11 15:08:00-04:00,17.545000076293945,17.545000076293945,17.545000076293945,17.545000076293945,893,0.0,0.0
2024-10-11 15:09:00-04:00,17.540800094604492,17.545000076293945,17.540000915527344,17.540000915527344,3172,0.0,0.0
2024-10-11 15:10:00-04:00,17.530000686645508,17.530000686645508,17.530000686645508,17.530000686645508,422,0.0,0.0
2024-10-11 15:12:00-04:00,17.540000915527344,17.540000915527344,17.520000457763672,17.520000457763672,1156,0.0,0.0
2024-10-11 15:14:00-04:00,17.559999465942383,17.559999465942383,17.559999465942383,17.559999465942383,1279,0.0,0.0
2024-10-11 15:15:00-04:00,17.540000915527344,17.540000915527344,17.540000915527344,17.540000915527344,106,0.0,0.0
2024-10-11 15:16:00-04:00,17.530000686645508,17.530000686645508,17.530000686645508,17.530000686645508,156,0.0,0.0
2024-10-11 15:17:00-04:00,17.540000915527344,17.540000915527344,17.540000915527344,17.540000915527344,923,0.0,0.0
2024-10-11 15:23:00-04:00,17.520000457763672,17.520000457763672,17.520000457763672,17.520000457763672,986,0.0,0.0
2024-10-11 15:24:00-04:00,17.540000915527344,17.540000915527344,17.540000915527344,17.540000915527344,916,0.0,0.0
2024-10-11 15:25:00-04:00,17.540000915527344,17.540000915527344,17.540000915527344,17.540000915527344,324,0.0,0.0
2024-10-11 15:26:00-04:00,17.530000686645508,17.530000686645508,17.530000686645508,17.530000686645508,722,0.0,0.0
2024-10-11 15:27:00-04:00,17.540000915527344,17.540000915527344,17.540000915527344,17.540000915527344,1112,0.0,0.0
2024-10-11 15:28:00-04:00,17.530000686645508,17.530000686645508,17.510000228881836,17.510000228881836,2723,0.0,0.0
2024-10-11 15:29:00-04:00,17.514999389648438,17.540000915527344,17.514999389648438,17.540000915527344,1405,0.0,0.0
2024-10-11 15:30:00-04:00,17.559999465942383,17.559999465942383,17.55500030517578,17.55500030517578,1172,0.0,0.0
2024-10-11 15:32:00-04:00,17.584999084472656,17.584999084472656,17.584999084472656,17.584999084472656,227,0.0,0.0
2024-10-11 15:33:00-04:00,17.600000381469727,17.6299991607666,17.600000381469727,17.610000610351562,1974,0.0,0.0
2024-10-11 15:34:00-04:00,17.610000610351562,17.610000610351562,17.610000610351562,17.610000610351562,999,0.0,0.0
2024-10-11 15:35:00-04:00,17.6200008392334,17.6200008392334,17.600000381469727,17.604999542236328,1853,0.0,0.0
2024-10-11 15:37:00-04:00,17.604999542236328,17.604999542236328,17.604999542236328,17.604999542236328,191,0.0,0.0
2024-10-11 15:39:00-04:00,17.610000610351562,17.610000610351562,17.600000381469727,17.600000381469727,1713,0.0,0.0
2024-10-11 15:42:00-04:00,17.59000015258789,17.59000015258789,17.579999923706055,17.579999923706055,1175,0.0,0.0
2024-10-11 15:43:00-04:00,17.559999465942383,17.559999465942383,17.559999465942383,17.559999465942383,443,0.0,0.0
2024-10-11 15:44:00-04:00,17.549999237060547,17.549999237060547,17.549999237060547,17.549999237060547,631,0.0,0.0
2024-10-11 15:45:00-04:00,17.59000015258789,17.59000015258789,17.510000228881836,17.510000228881836,3792,0.0,0.0
2024-10-11 15:47:00-04:00,17.579999923706055,17.6200008392334,17.579999923706055,17.6200008392334,1152,0.0,0.0
2024-10-11 15:48:00-04:00,17.635000228881836,17.635000228881836,17.635000228881836,17.635000228881836,173,0.0,0.0
2024-10-11 15:49:00-04:00,17.635000228881836,17.635000228881836,17.635000228881836,17.635000228881836,133,0.0,0.0
2024-10-11 15:50:00-04:00,17.635000228881836,17.635000228881836,17.635000228881836,17.635000228881836,648,0.0,0.0
2024-10-11 15:51:00-04:00,17.659099578857422,17.659099578857422,17.659099578857422,17.659099578857422,265,0.0,0.0
2024-10-11 15:52:00-04:00,17.655000686645508,17.655000686645508,17.655000686645508,17.655000686645508,344,0.0,0.0
2024-10-11 15:53:00-04:00,17.649999618530273,17.649999618530273,17.6200008392334,17.6200008392334,2262,0.0,0.0
2024-10-11 15:54:00-04:00,17.639999389648438,17.639999389648438,17.639999389648438,17.639999389648438,1226,0.0,0.0
2024-10-11 15:56:00-04:00,17.6299991607666,17.65999984741211,17.6299991607666,17.639999389648438,856,0.0,0.0
2024-10-11 15:57:00-04:00,17.639999389648438,17.639999389648438,17.6200008392334,17.6200008392334,391,0.0,0.0
2024-10-11 15:58:00-04:00,17.65999984741211,17.65999984741211,17.639999389648438,17.639999389648438,1203,0.0,0.0
2024-10-11 15:59:00-04:00,17.6299991607666,17.670000076293945,17.6299991607666,17.639999389648438,2617,0.0,0.0
