Datetime,Open,High,Low,Close,Volume,Dividends,Stock Splits
2024-10-07 09:30:00-04:00,12.619999885559082,12.869999885559082,12.555999755859375,12.827699661254883,37877,0.0,0.0
2024-10-07 09:31:00-04:00,12.8951997756958,12.8951997756958,12.555000305175781,12.555000305175781,4810,0.0,0.0
2024-10-07 09:32:00-04:00,12.637900352478027,12.699899673461914,12.630000114440918,12.630000114440918,1822,0.0,0.0
2024-10-07 09:33:00-04:00,12.741000175476074,12.842300415039062,12.699999809265137,12.842300415039062,3136,0.0,0.0
2024-10-07 09:34:00-04:00,12.800000190734863,12.829999923706055,12.635000228881836,12.635000228881836,4363,0.0,0.0
2024-10-07 09:35:00-04:00,12.420000076293945,12.420000076293945,12.359999656677246,12.359999656677246,10771,0.0,0.0
2024-10-07 09:36:00-04:00,12.383999824523926,12.4399995803833,12.260000228881836,12.4399995803833,9482,0.0,0.0
2024-10-07 09:37:00-04:00,12.395099639892578,12.399999618530273,12.376299858093262,12.399999618530273,1113,0.0,0.0
2024-10-07 09:38:00-04:00,12.340800285339355,12.350000381469727,12.199999809265137,12.229999542236328,8815,0.0,0.0
2024-10-07 09:39:00-04:00,12.239999771118164,12.289999961853027,12.140000343322754,12.210000038146973,10775,0.0,0.0
2024-10-07 09:40:00-04:00,12.141599655151367,12.220000267028809,12.141599655151367,12.199999809265137,5619,0.0,0.0
2024-10-07 09:41:00-04:00,12.1899995803833,12.199999809265137,12.029999732971191,12.074999809265137,5238,0.0,0.0
2024-10-07 09:42:00-04:00,12.074999809265137,12.074999809265137,12.069999694824219,12.069999694824219,705,0.0,0.0
2024-10-07 09:43:00-04:00,12.074999809265137,12.074999809265137,12.045000076293945,12.045000076293945,939,0.0,0.0
2024-10-07 09:44:00-04:00,12.00629997253418,12.039999961853027,11.880000114440918,11.880000114440918,12252,0.0,0.0
2024-10-07 09:45:00-04:00,12.010000228881836,12.055100440979004,11.941900253295898,12.055100440979004,2541,0.0,0.0
2024-10-07 09:46:00-04:00,12.140000343322754,12.350000381469727,12.140000343322754,12.326299667358398,14420,0.0,0.0
2024-10-07 09:47:00-04:00,12.25,12.25,12.149999618530273,12.149999618530273,1576,0.0,0.0
2024-10-07 09:48:00-04:00,12.120800018310547,12.120800018310547,12.120800018310547,12.120800018310547,7807,0.0,0.0
2024-10-07 09:49:00-04:00,12.029999732971191,12.071999549865723,11.95009994506836,11.970000267028809,9799,0.0,0.0
2024-10-07 09:50:00-04:00,11.970000267028809,12.065500259399414,11.930000305175781,11.930000305175781,15977,0.0,0.0
2024-10-07 09:51:00-04:00,11.90999984741211,11.90999984741211,11.885000228881836,11.885000228881836,1474,0.0,0.0
2024-10-07 09:52:00-04:00,11.949999809265137,11.949999809265137,11.949999809265137,11.949999809265137,1871,0.0,0.0
2024-10-07 09:53:00-04:00,11.90999984741211,11.90999984741211,11.90999984741211,11.90999984741211,484,0.0,0.0
2024-10-07 09:54:00-04:00,11.954999923706055,11.954999923706055,11.954999923706055,11.954999923706055,211,0.0,0.0
2024-10-07 09:55:00-04:00,11.970000267028809,11.970000267028809,11.970000267028809,11.970000267028809,311,0.0,0.0
2024-10-07 09:56:00-04:00,12.0,12.010000228881836,11.960000038146973,11.960000038146973,4280,0.0,0.0
2024-10-07 09:57:00-04:00,11.989999771118164,12.0,11.949999809265137,12.0,9051,0.0,0.0
2024-10-07 09:58:00-04:00,11.989999771118164,12.010000228881836,11.93280029296875,11.93280029296875,9038,0.0,0.0
2024-10-07 10:02:00-04:00,11.869999885559082,11.869999885559082,11.760000228881836,11.800000190734863,6923,0.0,0.0
2024-10-07 10:03:00-04:00,11.904999732971191,11.904999732971191,11.779999732971191,11.779999732971191,6148,0.0,0.0
2024-10-07 10:04:00-04:00,11.779999732971191,11.779999732971191,11.649999618530273,11.670100212097168,20441,0.0,0.0
2024-10-07 10:05:00-04:00,11.710000038146973,11.710000038146973,11.649999618530273,11.65999984741211,3065,0.0,0.0
2024-10-07 10:06:00-04:00,11.67080020904541,11.67080020904541,11.529999732971191,11.592700004577637,15071,0.0,0.0
2024-10-07 10:07:00-04:00,11.579999923706055,11.579999923706055,11.579999923706055,11.579999923706055,300,0.0,0.0
2024-10-07 10:08:00-04:00,11.631500244140625,11.631500244140625,11.430000305175781,11.430000305175781,3301,0.0,0.0
2024-10-07 10:09:00-04:00,11.5,11.59000015258789,11.490099906921387,11.59000015258789,6042,0.0,0.0
2024-10-07 10:10:00-04:00,11.5600004196167,11.5600004196167,11.5600004196167,11.5600004196167,884,0.0,0.0
2024-10-07 10:11:00-04:00,11.5600004196167,11.606100082397461,11.399999618530273,11.442999839782715,11571,0.0,0.0
2024-10-07 10:12:00-04:00,11.539999961853027,11.539999961853027,11.539999961853027,11.539999961853027,269,0.0,0.0
2024-10-07 10:14:00-04:00,11.510000228881836,11.539999961853027,11.510000228881836,11.539999961853027,976,0.0,0.0
2024-10-07 10:15:00-04:00,11.595000267028809,11.609999656677246,11.59000015258789,11.59000015258789,3415,0.0,0.0
2024-10-07 10:17:00-04:00,11.640000343322754,11.679699897766113,11.635000228881836,11.679699897766113,2790,0.0,0.0
2024-10-07 10:18:00-04:00,11.59000015258789,11.670000076293945,11.539999961853027,11.649999618530273,5028,0.0,0.0
2024-10-07 10:19:00-04:00,11.654999732971191,11.654999732971191,11.654999732971191,11.654999732971191,383,0.0,0.0
2024-10-07 10:20:00-04:00,11.662400245666504,11.699999809265137,11.579999923706055,11.579999923706055,14483,0.0,0.0
2024-10-07 10:22:00-04:00,11.612099647521973,11.612099647521973,11.539999961853027,11.539999961853027,1580,0.0,0.0
2024-10-07 10:23:00-04:00,11.5600004196167,11.5600004196167,11.5600004196167,11.5600004196167,1156,0.0,0.0
2024-10-07 10:25:00-04:00,11.619500160217285,11.619500160217285,11.5,11.524999618530273,5950,0.0,0.0
2024-10-07 10:26:00-04:00,11.53499984741211,11.53499984741211,11.53499984741211,11.53499984741211,750,0.0,0.0
2024-10-07 10:27:00-04:00,11.479999542236328,11.550000190734863,11.460000038146973,11.550000190734863,5436,0.0,0.0
2024-10-07 10:28:00-04:00,11.5625,11.699899673461914,11.5625,11.699899673461914,917,0.0,0.0
2024-10-07 10:29:00-04:00,11.59000015258789,11.63070011138916,11.58080005645752,11.58080005645752,5044,0.0,0.0
2024-10-07 10:30:00-04:00,11.649999618530273,11.699999809265137,11.649999618530273,11.654999732971191,1379,0.0,0.0
2024-10-07 10:31:00-04:00,11.649999618530273,11.699999809265137,11.649999618530273,11.680000305175781,2679,0.0,0.0
2024-10-07 10:32:00-04:00,11.579999923706055,11.579999923706055,11.5649995803833,11.57800006866455,1044,0.0,0.0
2024-10-07 10:33:00-04:00,11.5600004196167,11.5600004196167,11.5600004196167,11.5600004196167,1594,0.0,0.0
2024-10-07 10:34:00-04:00,11.570799827575684,11.570799827575684,11.5,11.5,750,0.0,0.0
2024-10-07 10:35:00-04:00,11.565899848937988,11.565899848937988,11.565899848937988,11.565899848937988,105,0.0,0.0
2024-10-07 10:36:00-04:00,11.550000190734863,11.5600004196167,11.520000457763672,11.5600004196167,1071,0.0,0.0
2024-10-07 10:37:00-04:00,11.583200454711914,11.600000381469727,11.52079963684082,11.52079963684082,2844,0.0,0.0
2024-10-07 10:39:00-04:00,11.619999885559082,11.619999885559082,11.619999885559082,11.619999885559082,3281,0.0,0.0
2024-10-07 10:40:00-04:00,11.664999961853027,11.720000267028809,11.664999961853027,11.699999809265137,7148,0.0,0.0
2024-10-07 10:42:00-04:00,11.749899864196777,11.749899864196777,11.749899864196777,11.749899864196777,199,0.0,0.0
2024-10-07 10:43:00-04:00,11.738200187683105,11.749099731445312,11.738200187683105,11.749099731445312,1473,0.0,0.0
2024-10-07 10:44:00-04:00,11.699999809265137,11.699999809265137,11.699999809265137,11.699999809265137,378,0.0,0.0
2024-10-07 10:45:00-04:00,11.704999923706055,11.704999923706055,11.670000076293945,11.67490005493164,712,0.0,0.0
2024-10-07 10:46:00-04:00,11.838500022888184,11.838500022888184,11.70009994506836,11.78499984741211,5627,0.0,0.0
2024-10-07 10:47:00-04:00,11.767999649047852,11.86989974975586,11.767999649047852,11.86989974975586,631,0.0,0.0
2024-10-07 10:48:00-04:00,11.80270004272461,11.80270004272461,11.781200408935547,11.781200408935547,1425,0.0,0.0
2024-10-07 10:49:00-04:00,11.86989974975586,11.86989974975586,11.86989974975586,11.86989974975586,0,0.0,0.0
2024-10-07 10:50:00-04:00,11.792499542236328,11.795000076293945,11.792499542236328,11.795000076293945,571,0.0,0.0
2024-10-07 10:51:00-04:00,11.795000076293945,11.795000076293945,11.740300178527832,11.740300178527832,1201,0.0,0.0
2024-10-07 10:52:00-04:00,11.800000190734863,11.869199752807617,11.779999732971191,11.789899826049805,3170,0.0,0.0
2024-10-07 10:53:00-04:00,11.82699966430664,11.845000267028809,11.819999694824219,11.845000267028809,1027,0.0,0.0
2024-10-07 10:54:00-04:00,11.914999961853027,11.970000267028809,11.903800010681152,11.949999809265137,1221,0.0,0.0
2024-10-07 10:55:00-04:00,11.95989990234375,12.0,11.920000076293945,11.962800025939941,8815,0.0,0.0
2024-10-07 10:56:00-04:00,11.920000076293945,12.005000114440918,11.920000076293945,12.005000114440918,2068,0.0,0.0
2024-10-07 10:57:00-04:00,11.930000305175781,11.970000267028809,11.890000343322754,11.899999618530273,5443,0.0,0.0
2024-10-07 10:58:00-04:00,11.9399995803833,11.9399995803833,11.935099601745605,11.935999870300293,655,0.0,0.0
2024-10-07 10:59:00-04:00,11.904999732971191,11.944100379943848,11.904999732971191,11.944100379943848,3348,0.0,0.0
2024-10-07 11:00:00-04:00,12.0,12.0,11.975000381469727,12.0,1286,0.0,0.0
2024-10-07 11:01:00-04:00,11.989800453186035,12.110300064086914,11.977899551391602,12.099100112915039,8493,0.0,0.0
2024-10-07 11:02:00-04:00,12.13129997253418,12.140000343322754,12.095000267028809,12.140000343322754,1430,0.0,0.0
2024-10-07 11:03:00-04:00,12.130000114440918,12.130000114440918,12.085000038146973,12.085000038146973,690,0.0,0.0
2024-10-07 11:04:00-04:00,12.09000015258789,12.119999885559082,12.0600004196167,12.069999694824219,4095,0.0,0.0
2024-10-07 11:05:00-04:00,12.079999923706055,12.079999923706055,12.079999923706055,12.079999923706055,4200,0.0,0.0
2024-10-07 11:06:00-04:00,12.079999923706055,12.170000076293945,12.079999923706055,12.166000366210938,1078,0.0,0.0
2024-10-07 11:07:00-04:00,12.154000282287598,12.170000076293945,12.154000282287598,12.164999961853027,1900,0.0,0.0
2024-10-07 11:09:00-04:00,12.145000457763672,12.229999542236328,12.135000228881836,12.229999542236328,4885,0.0,0.0
2024-10-07 11:10:00-04:00,12.199999809265137,12.260000228881836,12.1899995803833,12.260000228881836,4051,0.0,0.0
2024-10-07 11:11:00-04:00,12.262999534606934,12.28320026397705,12.180000305175781,12.20199966430664,3060,0.0,0.0
2024-10-07 11:12:00-04:00,12.210200309753418,12.210200309753418,12.210200309753418,12.210200309753418,1133,0.0,0.0
2024-10-07 11:13:00-04:00,12.199999809265137,12.199999809265137,12.199999809265137,12.199999809265137,1033,0.0,0.0
2024-10-07 11:15:00-04:00,12.114999771118164,12.119999885559082,12.114999771118164,12.119999885559082,789,0.0,0.0
2024-10-07 11:16:00-04:00,12.100500106811523,12.130000114440918,12.100500106811523,12.109999656677246,1352,0.0,0.0
2024-10-07 11:17:00-04:00,12.095000267028809,12.119999885559082,12.095000267028809,12.10770034790039,5165,0.0,0.0
2024-10-07 11:18:00-04:00,12.079999923706055,12.079999923706055,12.079999923706055,12.079999923706055,924,0.0,0.0
2024-10-07 11:23:00-04:00,12.085000038146973,12.085000038146973,12.085000038146973,12.085000038146973,265,0.0,0.0
2024-10-07 11:24:00-04:00,12.020000457763672,12.020000457763672,12.020000457763672,12.020000457763672,714,0.0,0.0
2024-10-07 11:25:00-04:00,12.15999984741211,12.15999984741211,12.15999984741211,12.15999984741211,1519,0.0,0.0
2024-10-07 11:27:00-04:00,12.164400100708008,12.164400100708008,12.164400100708008,12.164400100708008,200,0.0,0.0
2024-10-07 11:28:00-04:00,12.180000305175781,12.216300010681152,12.180000305175781,12.216300010681152,213,0.0,0.0
2024-10-07 11:29:00-04:00,12.1899995803833,12.225000381469727,12.1899995803833,12.225000381469727,1151,0.0,0.0
2024-10-07 11:30:00-04:00,12.210000038146973,12.210000038146973,12.210000038146973,12.210000038146973,460,0.0,0.0
2024-10-07 11:35:00-04:00,12.239999771118164,12.279899597167969,12.239999771118164,12.279899597167969,1157,0.0,0.0
2024-10-07 11:36:00-04:00,12.234199523925781,12.234199523925781,12.234199523925781,12.234199523925781,298,0.0,0.0
2024-10-07 11:38:00-04:00,12.279199600219727,12.279199600219727,12.279199600219727,12.279199600219727,3527,0.0,0.0
2024-10-07 11:39:00-04:00,12.234999656677246,12.234999656677246,12.234999656677246,12.234999656677246,227,0.0,0.0
2024-10-07 11:40:00-04:00,12.259200096130371,12.259200096130371,12.259200096130371,12.259200096130371,298,0.0,0.0
2024-10-07 11:41:00-04:00,12.199999809265137,12.199999809265137,12.199999809265137,12.199999809265137,2269,0.0,0.0
2024-10-07 11:42:00-04:00,12.154999732971191,12.199999809265137,12.154999732971191,12.199999809265137,378,0.0,0.0
2024-10-07 11:43:00-04:00,12.229999542236328,12.229999542236328,12.229999542236328,12.229999542236328,2409,0.0,0.0
2024-10-07 11:44:00-04:00,12.170000076293945,12.170000076293945,12.170000076293945,12.170000076293945,949,0.0,0.0
2024-10-07 11:48:00-04:00,12.168399810791016,12.168399810791016,12.168399810791016,12.168399810791016,406,0.0,0.0
2024-10-07 11:51:00-04:00,12.067999839782715,12.067999839782715,12.067999839782715,12.067999839782715,245,0.0,0.0
2024-10-07 11:52:00-04:00,12.055000305175781,12.09000015258789,12.030799865722656,12.09000015258789,1776,0.0,0.0
2024-10-07 11:53:00-04:00,12.079999923706055,12.124300003051758,12.079999923706055,12.124300003051758,2253,0.0,0.0
2024-10-07 11:54:00-04:00,12.09000015258789,12.09000015258789,11.97819995880127,11.998100280761719,2771,0.0,0.0
2024-10-07 11:55:00-04:00,11.970199584960938,11.970199584960938,11.890000343322754,11.930000305175781,4088,0.0,0.0
2024-10-07 11:56:00-04:00,11.895000457763672,11.895000457763672,11.895000457763672,11.895000457763672,163,0.0,0.0
2024-10-07 11:57:00-04:00,11.890000343322754,11.94219970703125,11.890000343322754,11.89009952545166,1868,0.0,0.0
2024-10-07 11:59:00-04:00,11.979999542236328,11.979999542236328,11.979999542236328,11.979999542236328,307,0.0,0.0
2024-10-07 12:02:00-04:00,12.04580020904541,12.055000305175781,12.04580020904541,12.055000305175781,3358,0.0,0.0
2024-10-07 12:03:00-04:00,12.104999542236328,12.104999542236328,12.104999542236328,12.104999542236328,350,0.0,0.0
2024-10-07 12:06:00-04:00,12.100000381469727,12.100000381469727,12.050000190734863,12.050000190734863,1980,0.0,0.0
2024-10-07 12:11:00-04:00,12.034000396728516,12.0600004196167,12.020000457763672,12.0600004196167,918,0.0,0.0
2024-10-07 12:12:00-04:00,12.023599624633789,12.023599624633789,12.005000114440918,12.005000114440918,622,0.0,0.0
2024-10-07 12:14:00-04:00,11.979999542236328,11.979999542236328,11.979999542236328,11.979999542236328,1042,0.0,0.0
2024-10-07 12:15:00-04:00,11.996399879455566,11.996399879455566,11.984999656677246,11.984999656677246,1966,0.0,0.0
2024-10-07 12:16:00-04:00,11.98009967803955,11.98009967803955,11.970000267028809,11.970000267028809,552,0.0,0.0
2024-10-07 12:17:00-04:00,11.931400299072266,11.931400299072266,11.931400299072266,11.931400299072266,850,0.0,0.0
2024-10-07 12:18:00-04:00,11.979999542236328,11.979999542236328,11.930000305175781,11.930000305175781,6893,0.0,0.0
2024-10-07 12:21:00-04:00,11.99470043182373,11.99470043182373,11.99470043182373,11.99470043182373,743,0.0,0.0
2024-10-07 12:23:00-04:00,11.979999542236328,11.979999542236328,11.979999542236328,11.979999542236328,477,0.0,0.0
2024-10-07 12:24:00-04:00,12.048399925231934,12.048399925231934,12.048399925231934,12.048399925231934,1639,0.0,0.0
2024-10-07 12:25:00-04:00,12.0,12.0,12.0,12.0,1598,0.0,0.0
2024-10-07 12:32:00-04:00,12.069999694824219,12.069999694824219,12.0,12.0,1439,0.0,0.0
2024-10-07 12:37:00-04:00,12.029999732971191,12.029999732971191,12.029999732971191,12.029999732971191,126,0.0,0.0
2024-10-07 12:38:00-04:00,12.025099754333496,12.029999732971191,12.0,12.029999732971191,2502,0.0,0.0
2024-10-07 12:41:00-04:00,12.07129955291748,12.07129955291748,11.989999771118164,11.989999771118164,6655,0.0,0.0
2024-10-07 12:42:00-04:00,12.039999961853027,12.039999961853027,12.039999961853027,12.039999961853027,536,0.0,0.0
2024-10-07 12:43:00-04:00,12.039999961853027,12.039999961853027,12.039999961853027,12.039999961853027,829,0.0,0.0
2024-10-07 12:44:00-04:00,12.020000457763672,12.020000457763672,12.020000457763672,12.020000457763672,226,0.0,0.0
2024-10-07 12:45:00-04:00,11.989999771118164,11.989999771118164,11.96500015258789,11.96500015258789,373,0.0,0.0
2024-10-07 12:48:00-04:00,11.9399995803833,11.9399995803833,11.9399995803833,11.9399995803833,1726,0.0,0.0
2024-10-07 12:49:00-04:00,11.949999809265137,11.949999809265137,11.930000305175781,11.930000305175781,1486,0.0,0.0
2024-10-07 12:52:00-04:00,11.989999771118164,12.017999649047852,11.989999771118164,12.017999649047852,1673,0.0,0.0
2024-10-07 12:53:00-04:00,11.989999771118164,11.989999771118164,11.970000267028809,11.970000267028809,3668,0.0,0.0
2024-10-07 12:54:00-04:00,12.045999526977539,12.09000015258789,12.045999526977539,12.09000015258789,1953,0.0,0.0
2024-10-07 12:55:00-04:00,12.039999961853027,12.069999694824219,12.039999961853027,12.069999694824219,2181,0.0,0.0
2024-10-07 12:56:00-04:00,12.085000038146973,12.100000381469727,12.085000038146973,12.100000381469727,713,0.0,0.0
2024-10-07 12:59:00-04:00,12.094200134277344,12.094200134277344,12.094200134277344,12.094200134277344,114,0.0,0.0
2024-10-07 13:01:00-04:00,12.050000190734863,12.050000190734863,12.050000190734863,12.050000190734863,132,0.0,0.0
2024-10-07 13:02:00-04:00,12.09000015258789,12.100000381469727,12.09000015258789,12.100000381469727,962,0.0,0.0
2024-10-07 13:03:00-04:00,12.109999656677246,12.130000114440918,12.109999656677246,12.130000114440918,2082,0.0,0.0
2024-10-07 13:11:00-04:00,12.210000038146973,12.225500106811523,12.130000114440918,12.15999984741211,6902,0.0,0.0
2024-10-07 13:14:00-04:00,12.154999732971191,12.180000305175781,12.130000114440918,12.170000076293945,8057,0.0,0.0
2024-10-07 13:15:00-04:00,12.199999809265137,12.199999809265137,12.15999984741211,12.15999984741211,1166,0.0,0.0
2024-10-07 13:17:00-04:00,12.119999885559082,12.119999885559082,12.050299644470215,12.100000381469727,2418,0.0,0.0
2024-10-07 13:22:00-04:00,12.119999885559082,12.119999885559082,12.119999885559082,12.119999885559082,283,0.0,0.0
2024-10-07 13:25:00-04:00,12.039999961853027,12.039999961853027,12.0,12.020000457763672,3832,0.0,0.0
2024-10-07 13:29:00-04:00,12.020000457763672,12.020000457763672,12.020000457763672,12.020000457763672,216,0.0,0.0
2024-10-07 13:33:00-04:00,12.03689956665039,12.03689956665039,12.03689956665039,12.03689956665039,390,0.0,0.0
2024-10-07 13:38:00-04:00,12.001999855041504,12.020000457763672,12.001999855041504,12.010000228881836,835,0.0,0.0
2024-10-07 13:41:00-04:00,12.0,12.0,12.0,12.0,593,0.0,0.0
2024-10-07 13:42:00-04:00,11.930100440979004,11.930100440979004,11.930100440979004,11.930100440979004,117,0.0,0.0
2024-10-07 13:43:00-04:00,12.039999961853027,12.039999961853027,12.039999961853027,12.039999961853027,401,0.0,0.0
2024-10-07 13:45:00-04:00,12.039999961853027,12.039999961853027,12.039999961853027,12.039999961853027,107,0.0,0.0
2024-10-07 13:46:00-04:00,11.972999572753906,11.972999572753906,11.972999572753906,11.972999572753906,208,0.0,0.0
2024-10-07 13:48:00-04:00,11.968999862670898,12.01990032196045,11.960000038146973,11.979999542236328,2848,0.0,0.0
2024-10-07 13:49:00-04:00,11.979999542236328,11.979999542236328,11.979999542236328,11.979999542236328,154,0.0,0.0
2024-10-07 13:51:00-04:00,11.979999542236328,11.979999542236328,11.979999542236328,11.979999542236328,106,0.0,0.0
2024-10-07 13:52:00-04:00,12.000399589538574,12.000399589538574,12.000399589538574,12.000399589538574,171,0.0,0.0
2024-10-07 13:54:00-04:00,11.975500106811523,11.975500106811523,11.975500106811523,11.975500106811523,312,0.0,0.0
2024-10-07 13:55:00-04:00,11.994999885559082,12.0600004196167,11.994999885559082,12.019499778747559,2750,0.0,0.0
2024-10-07 13:56:00-04:00,12.039999961853027,12.085000038146973,12.039999961853027,12.085000038146973,1409,0.0,0.0
2024-10-07 13:57:00-04:00,12.050000190734863,12.050000190734863,12.050000190734863,12.050000190734863,1483,0.0,0.0
2024-10-07 13:58:00-04:00,12.0600004196167,12.0600004196167,12.0600004196167,12.0600004196167,111,0.0,0.0
2024-10-07 14:04:00-04:00,12.044599533081055,12.069999694824219,12.044599533081055,12.069999694824219,6522,0.0,0.0
2024-10-07 14:05:00-04:00,12.029999732971191,12.029999732971191,12.029999732971191,12.029999732971191,587,0.0,0.0
2024-10-07 14:06:00-04:00,12.085000038146973,12.17490005493164,12.085000038146973,12.17490005493164,8449,0.0,0.0
2024-10-07 14:07:00-04:00,12.130000114440918,12.130000114440918,12.130000114440918,12.130000114440918,257,0.0,0.0
2024-10-07 14:09:00-04:00,12.154999732971191,12.154999732971191,12.154999732971191,12.154999732971191,425,0.0,0.0
2024-10-07 14:12:00-04:00,12.154999732971191,12.154999732971191,12.154999732971191,12.154999732971191,469,0.0,0.0
2024-10-07 14:13:00-04:00,12.170000076293945,12.204999923706055,12.170000076293945,12.204999923706055,1623,0.0,0.0
2024-10-07 14:14:00-04:00,12.180000305175781,12.191200256347656,12.100000381469727,12.100000381469727,5585,0.0,0.0
2024-10-07 14:15:00-04:00,12.135000228881836,12.19279956817627,12.130000114440918,12.130000114440918,2529,0.0,0.0
2024-10-07 14:17:00-04:00,12.180000305175781,12.180000305175781,12.180000305175781,12.180000305175781,455,0.0,0.0
2024-10-07 14:19:00-04:00,12.180000305175781,12.180000305175781,12.180000305175781,12.180000305175781,321,0.0,0.0
2024-10-07 14:21:00-04:00,12.15999984741211,12.15999984741211,12.15999984741211,12.15999984741211,106,0.0,0.0
2024-10-07 14:22:00-04:00,12.175000190734863,12.175000190734863,12.175000190734863,12.175000190734863,274,0.0,0.0
2024-10-07 14:26:00-04:00,12.149999618530273,12.210000038146973,12.149999618530273,12.210000038146973,2799,0.0,0.0
2024-10-07 14:27:00-04:00,12.199999809265137,12.213700294494629,12.180000305175781,12.199999809265137,9421,0.0,0.0
2024-10-07 14:30:00-04:00,12.050000190734863,12.050000190734863,12.041000366210938,12.041000366210938,2276,0.0,0.0
2024-10-07 14:34:00-04:00,12.020000457763672,12.029999732971191,12.020000457763672,12.029999732971191,281,0.0,0.0
2024-10-07 14:35:00-04:00,12.013400077819824,12.013400077819824,12.013400077819824,12.013400077819824,2416,0.0,0.0
2024-10-07 14:37:00-04:00,11.960000038146973,11.960000038146973,11.960000038146973,11.960000038146973,155,0.0,0.0
2024-10-07 14:38:00-04:00,11.96500015258789,11.979999542236328,11.960100173950195,11.970000267028809,883,0.0,0.0
2024-10-07 14:39:00-04:00,11.960100173950195,11.960100173950195,11.960100173950195,11.960100173950195,189,0.0,0.0
2024-10-07 14:40:00-04:00,12.010000228881836,12.019499778747559,12.010000228881836,12.019499778747559,481,0.0,0.0
2024-10-07 14:41:00-04:00,12.024999618530273,12.024999618530273,12.024999618530273,12.024999618530273,518,0.0,0.0
2024-10-07 14:45:00-04:00,12.0,12.0,12.0,12.0,314,0.0,0.0
2024-10-07 14:46:00-04:00,11.994999885559082,11.994999885559082,11.96500015258789,11.96500015258789,889,0.0,0.0
2024-10-07 14:52:00-04:00,11.952400207519531,11.952400207519531,11.9399995803833,11.9399995803833,1568,0.0,0.0
2024-10-07 14:53:00-04:00,11.9399995803833,11.9399995803833,11.9399995803833,11.9399995803833,609,0.0,0.0
2024-10-07 14:54:00-04:00,11.934300422668457,11.934300422668457,11.934300422668457,11.934300422668457,445,0.0,0.0
2024-10-07 14:55:00-04:00,11.899999618530273,11.899999618530273,11.899999618530273,11.899999618530273,1754,0.0,0.0
2024-10-07 14:58:00-04:00,11.890000343322754,11.890000343322754,11.890000343322754,11.890000343322754,902,0.0,0.0
2024-10-07 15:02:00-04:00,11.869999885559082,11.899999618530273,11.869999885559082,11.899999618530273,10504,0.0,0.0
2024-10-07 15:04:00-04:00,11.90999984741211,11.90999984741211,11.90999984741211,11.90999984741211,324,0.0,0.0
2024-10-07 15:05:00-04:00,11.930000305175781,11.930000305175781,11.930000305175781,11.930000305175781,851,0.0,0.0
2024-10-07 15:09:00-04:00,11.970000267028809,11.970000267028809,11.970000267028809,11.970000267028809,850,0.0,0.0
2024-10-07 15:11:00-04:00,11.984199523925781,11.984199523925781,11.984199523925781,11.984199523925781,517,0.0,0.0
2024-10-07 15:13:00-04:00,11.979999542236328,11.979999542236328,11.970000267028809,11.979999542236328,1227,0.0,0.0
2024-10-07 15:14:00-04:00,11.970800399780273,11.970800399780273,11.970800399780273,11.970800399780273,851,0.0,0.0
2024-10-07 15:16:00-04:00,11.930000305175781,11.9350004196167,11.90999984741211,11.9350004196167,1249,0.0,0.0
2024-10-07 15:19:00-04:00,11.949999809265137,11.949999809265137,11.90999984741211,11.930000305175781,2141,0.0,0.0
2024-10-07 15:20:00-04:00,11.930000305175781,11.930000305175781,11.859999656677246,11.859999656677246,3709,0.0,0.0
2024-10-07 15:21:00-04:00,11.90999984741211,11.933799743652344,11.890000343322754,11.920000076293945,3647,0.0,0.0
2024-10-07 15:23:00-04:00,11.920000076293945,11.920000076293945,11.880000114440918,11.90999984741211,3908,0.0,0.0
2024-10-07 15:24:00-04:00,11.899100303649902,11.899100303649902,11.899100303649902,11.899100303649902,1132,0.0,0.0
2024-10-07 15:25:00-04:00,11.895000457763672,11.895000457763672,11.895000457763672,11.895000457763672,2205,0.0,0.0
2024-10-07 15:27:00-04:00,11.930000305175781,11.989999771118164,11.930000305175781,11.989999771118164,1316,0.0,0.0
2024-10-07 15:28:00-04:00,11.991600036621094,11.991600036621094,11.991600036621094,11.991600036621094,462,0.0,0.0
2024-10-07 15:30:00-04:00,11.99269962310791,11.99269962310791,11.99269962310791,11.99269962310791,308,0.0,0.0
2024-10-07 15:31:00-04:00,12.011300086975098,12.011300086975098,12.011300086975098,12.011300086975098,270,0.0,0.0
2024-10-07 15:33:00-04:00,11.989999771118164,12.0,11.979999542236328,11.979999542236328,2167,0.0,0.0
2024-10-07 15:35:00-04:00,12.029999732971191,12.069999694824219,12.029999732971191,12.069999694824219,2110,0.0,0.0
2024-10-07 15:36:00-04:00,12.0649995803833,12.0649995803833,12.0649995803833,12.0649995803833,1575,0.0,0.0
2024-10-07 15:37:00-04:00,12.069999694824219,12.069999694824219,12.029999732971191,12.050000190734863,1863,0.0,0.0
2024-10-07 15:38:00-04:00,12.029999732971191,12.029999732971191,12.029999732971191,12.029999732971191,342,0.0,0.0
2024-10-07 15:39:00-04:00,12.020000457763672,12.029999732971191,12.015199661254883,12.015199661254883,1268,0.0,0.0
2024-10-07 15:40:00-04:00,12.010000228881836,12.010000228881836,11.9399995803833,11.960000038146973,12097,0.0,0.0
2024-10-07 15:41:00-04:00,11.989999771118164,11.989999771118164,11.949299812316895,11.949299812316895,2515,0.0,0.0
2024-10-07 15:42:00-04:00,11.949999809265137,11.949999809265137,11.949999809265137,11.949999809265137,893,0.0,0.0
2024-10-07 15:44:00-04:00,11.920000076293945,11.920000076293945,11.920000076293945,11.920000076293945,128,0.0,0.0
2024-10-07 15:46:00-04:00,11.90999984741211,11.90999984741211,11.779999732971191,11.779999732971191,6998,0.0,0.0
2024-10-07 15:47:00-04:00,11.779999732971191,11.800000190734863,11.779999732971191,11.78909969329834,4833,0.0,0.0
2024-10-07 15:48:00-04:00,11.805700302124023,11.805700302124023,11.75,11.75,4261,0.0,0.0
2024-10-07 15:49:00-04:00,11.760000228881836,11.8100004196167,11.75,11.8100004196167,7317,0.0,0.0
2024-10-07 15:50:00-04:00,11.779999732971191,11.779999732971191,11.635000228881836,11.635000228881836,11691,0.0,0.0
2024-10-07 15:51:00-04:00,11.640000343322754,11.680000305175781,11.539999961853027,11.675000190734863,19316,0.0,0.0
2024-10-07 15:52:00-04:00,11.680000305175781,11.680000305175781,11.649999618530273,11.649999618530273,5165,0.0,0.0
2024-10-07 15:53:00-04:00,11.649999618530273,11.649999618530273,11.609999656677246,11.609999656677246,4789,0.0,0.0
2024-10-07 15:54:00-04:00,11.609999656677246,11.628000259399414,11.5600004196167,11.5600004196167,6102,0.0,0.0
2024-10-07 15:55:00-04:00,11.520000457763672,11.65999984741211,11.520000457763672,11.65999984741211,10403,0.0,0.0
2024-10-07 15:56:00-04:00,11.640000343322754,11.6899995803833,11.614999771118164,11.680000305175781,12009,0.0,0.0
2024-10-07 15:57:00-04:00,11.694999694824219,11.694999694824219,11.619999885559082,11.680000305175781,11999,0.0,0.0
2024-10-07 15:58:00-04:00,11.680000305175781,11.710000038146973,11.65999984741211,11.710000038146973,21143,0.0,0.0
2024-10-07 15:59:00-04:00,11.710000038146973,11.75,11.6899995803833,11.699999809265137,20143,0.0,0.0
2024-10-08 09:30:00-04:00,11.699999809265137,11.822199821472168,11.699999809265137,11.716400146484375,13896,0.0,0.0
2024-10-08 09:31:00-04:00,11.795000076293945,11.795000076293945,11.795000076293945,11.795000076293945,280,0.0,0.0
2024-10-08 09:33:00-04:00,11.649999618530273,11.75,11.649999618530273,11.75,291,0.0,0.0
2024-10-08 09:36:00-04:00,11.600000381469727,11.600000381469727,11.600000381469727,11.600000381469727,323,0.0,0.0
2024-10-08 09:38:00-04:00,11.680000305175781,11.680000305175781,11.680000305175781,11.680000305175781,128,0.0,0.0
2024-10-08 09:39:00-04:00,11.713399887084961,11.713399887084961,11.713399887084961,11.713399887084961,1677,0.0,0.0
2024-10-08 09:40:00-04:00,11.680000305175781,11.6899995803833,11.520000457763672,11.5649995803833,3465,0.0,0.0
2024-10-08 09:41:00-04:00,11.5649995803833,11.5649995803833,11.510700225830078,11.510700225830078,1204,0.0,0.0
2024-10-08 09:42:00-04:00,11.520000457763672,11.526300430297852,11.5,11.5,1770,0.0,0.0
2024-10-08 09:43:00-04:00,11.539999961853027,11.539999961853027,11.479999542236328,11.479999542236328,2153,0.0,0.0
2024-10-08 09:45:00-04:00,11.520000457763672,11.520000457763672,11.520000457763672,11.520000457763672,700,0.0,0.0
2024-10-08 09:47:00-04:00,11.529999732971191,11.539999961853027,11.489999771118164,11.539999961853027,2085,0.0,0.0
2024-10-08 09:48:00-04:00,11.550000190734863,11.57759952545166,11.539999961853027,11.57759952545166,1846,0.0,0.0
2024-10-08 09:49:00-04:00,11.619500160217285,11.619500160217285,11.619500160217285,11.619500160217285,1322,0.0,0.0
2024-10-08 09:50:00-04:00,11.555000305175781,11.555000305175781,11.550000190734863,11.550000190734863,11126,0.0,0.0
2024-10-08 09:52:00-04:00,11.539999961853027,11.539999961853027,11.539999961853027,11.539999961853027,225,0.0,0.0
2024-10-08 09:53:00-04:00,11.53499984741211,11.670000076293945,11.53499984741211,11.670000076293945,1858,0.0,0.0
2024-10-08 09:54:00-04:00,11.71500015258789,11.71500015258789,11.71500015258789,11.71500015258789,111,0.0,0.0
2024-10-08 09:55:00-04:00,11.835399627685547,11.835399627685547,11.835399627685547,11.835399627685547,146,0.0,0.0
2024-10-08 09:58:00-04:00,11.84000015258789,11.84000015258789,11.84000015258789,11.84000015258789,683,0.0,0.0
2024-10-08 09:59:00-04:00,11.84000015258789,11.850000381469727,11.84000015258789,11.850000381469727,322,0.0,0.0
2024-10-08 10:00:00-04:00,11.84850025177002,11.850000381469727,11.84850025177002,11.850000381469727,732,0.0,0.0
2024-10-08 10:02:00-04:00,11.84000015258789,11.84000015258789,11.84000015258789,11.84000015258789,113,0.0,0.0
2024-10-08 10:03:00-04:00,11.83489990234375,11.83489990234375,11.7322998046875,11.7322998046875,5235,0.0,0.0
2024-10-08 10:04:00-04:00,11.789999961853027,11.800000190734863,11.789999961853027,11.795000076293945,648,0.0,0.0
2024-10-08 10:07:00-04:00,11.920000076293945,11.979999542236328,11.920000076293945,11.979999542236328,3136,0.0,0.0
2024-10-08 10:09:00-04:00,11.930000305175781,11.960000038146973,11.930000305175781,11.930000305175781,1158,0.0,0.0
2024-10-08 10:11:00-04:00,11.944999694824219,11.944999694824219,11.944999694824219,11.944999694824219,1415,0.0,0.0
2024-10-08 10:12:00-04:00,12.029999732971191,12.109999656677246,12.007499694824219,12.100000381469727,5021,0.0,0.0
2024-10-08 10:13:00-04:00,12.109999656677246,12.109999656677246,12.0600004196167,12.0600004196167,1479,0.0,0.0
2024-10-08 10:14:00-04:00,12.072099685668945,12.072099685668945,12.072099685668945,12.072099685668945,600,0.0,0.0
2024-10-08 10:15:00-04:00,12.100000381469727,12.148300170898438,12.100000381469727,12.148300170898438,2647,0.0,0.0
2024-10-08 10:16:00-04:00,12.140000343322754,12.15999984741211,12.140000343322754,12.149999618530273,1488,0.0,0.0
2024-10-08 10:17:00-04:00,12.165200233459473,12.165200233459473,12.165200233459473,12.165200233459473,371,0.0,0.0
2024-10-08 10:18:00-04:00,12.144399642944336,12.199999809265137,12.138099670410156,12.149499893188477,4682,0.0,0.0
2024-10-08 10:19:00-04:00,12.149999618530273,12.15999984741211,12.149999618530273,12.15999984741211,1488,0.0,0.0
2024-10-08 10:20:00-04:00,12.15999984741211,12.25,12.15999984741211,12.240099906921387,2478,0.0,0.0
2024-10-08 10:21:00-04:00,12.268600463867188,12.268600463867188,12.25,12.25,323,0.0,0.0
2024-10-08 10:22:00-04:00,12.279999732971191,12.28909969329834,12.279999732971191,12.279999732971191,2854,0.0,0.0
2024-10-08 10:23:00-04:00,12.309000015258789,12.40999984741211,12.309000015258789,12.354999542236328,17319,0.0,0.0
2024-10-08 10:24:00-04:00,12.448200225830078,12.448200225830078,12.359199523925781,12.398900032043457,1577,0.0,0.0
2024-10-08 10:28:00-04:00,12.350000381469727,12.399999618530273,12.239999771118164,12.239999771118164,5522,0.0,0.0
2024-10-08 10:29:00-04:00,12.309900283813477,12.309900283813477,12.278800010681152,12.278800010681152,1001,0.0,0.0
2024-10-08 10:30:00-04:00,12.270000457763672,12.270000457763672,12.234999656677246,12.234999656677246,1556,0.0,0.0
2024-10-08 10:34:00-04:00,12.286999702453613,12.286999702453613,12.286999702453613,12.286999702453613,244,0.0,0.0
2024-10-08 10:35:00-04:00,12.319999694824219,12.335000038146973,12.319999694824219,12.335000038146973,5822,0.0,0.0
2024-10-08 10:36:00-04:00,12.40999984741211,12.40999984741211,12.40999984741211,12.40999984741211,2419,0.0,0.0
2024-10-08 10:37:00-04:00,12.449999809265137,12.449999809265137,12.449999809265137,12.449999809265137,224,0.0,0.0
2024-10-08 10:38:00-04:00,12.434000015258789,12.479999542236328,12.434000015258789,12.4399995803833,3527,0.0,0.0
2024-10-08 10:39:00-04:00,12.449999809265137,12.449999809265137,12.449999809265137,12.449999809265137,285,0.0,0.0
2024-10-08 10:40:00-04:00,12.460000038146973,12.460000038146973,12.460000038146973,12.460000038146973,553,0.0,0.0
2024-10-08 10:43:00-04:00,12.430000305175781,12.430000305175781,12.319999694824219,12.34000015258789,1206,0.0,0.0
2024-10-08 10:46:00-04:00,12.380000114440918,12.380000114440918,12.34000015258789,12.34000015258789,489,0.0,0.0
2024-10-08 10:47:00-04:00,12.419400215148926,12.419400215148926,12.419400215148926,12.419400215148926,141,0.0,0.0
2024-10-08 10:48:00-04:00,12.380000114440918,12.380000114440918,12.380000114440918,12.380000114440918,137,0.0,0.0
2024-10-08 10:49:00-04:00,12.379899978637695,12.379899978637695,12.379899978637695,12.379899978637695,1220,0.0,0.0
2024-10-08 10:52:00-04:00,12.399999618530273,12.479999542236328,12.399999618530273,12.479999542236328,2721,0.0,0.0
2024-10-08 10:53:00-04:00,12.489999771118164,12.520000457763672,12.489999771118164,12.520000457763672,4484,0.0,0.0
2024-10-08 10:54:00-04:00,12.53219985961914,12.539899826049805,12.53219985961914,12.539899826049805,5298,0.0,0.0
2024-10-08 10:56:00-04:00,12.50510025024414,12.50510025024414,12.489999771118164,12.489999771118164,2858,0.0,0.0
2024-10-08 10:57:00-04:00,12.520000457763672,12.520000457763672,12.51990032196045,12.51990032196045,1575,0.0,0.0
2024-10-08 10:59:00-04:00,12.539999961853027,12.539999961853027,12.539999961853027,12.539999961853027,160,0.0,0.0
2024-10-08 11:01:00-04:00,12.550000190734863,12.579999923706055,12.550000190734863,12.579999923706055,2777,0.0,0.0
2024-10-08 11:05:00-04:00,12.460000038146973,12.520000457763672,12.460000038146973,12.470000267028809,1263,0.0,0.0
2024-10-08 11:06:00-04:00,12.475000381469727,12.495200157165527,12.470499992370605,12.470499992370605,5987,0.0,0.0
2024-10-08 11:08:00-04:00,12.449999809265137,12.449999809265137,12.447999954223633,12.447999954223633,2615,0.0,0.0
2024-10-08 11:09:00-04:00,12.449999809265137,12.449999809265137,12.310500144958496,12.364999771118164,6125,0.0,0.0
2024-10-08 11:10:00-04:00,12.399999618530273,12.399999618530273,12.399999618530273,12.399999618530273,263,0.0,0.0
2024-10-08 11:11:00-04:00,12.425100326538086,12.425100326538086,12.425100326538086,12.425100326538086,1187,0.0,0.0
2024-10-08 11:16:00-04:00,12.430000305175781,12.430000305175781,12.430000305175781,12.430000305175781,119,0.0,0.0
2024-10-08 11:17:00-04:00,12.454999923706055,12.47700023651123,12.454999923706055,12.47700023651123,3268,0.0,0.0
2024-10-08 11:18:00-04:00,12.489999771118164,12.489999771118164,12.479999542236328,12.489999771118164,1093,0.0,0.0
2024-10-08 11:20:00-04:00,12.4399995803833,12.4399995803833,12.4399995803833,12.4399995803833,254,0.0,0.0
2024-10-08 11:22:00-04:00,12.489999771118164,12.489999771118164,12.489999771118164,12.489999771118164,5246,0.0,0.0
2024-10-08 11:23:00-04:00,12.550000190734863,12.59000015258789,12.539999961853027,12.539999961853027,9714,0.0,0.0
2024-10-08 11:24:00-04:00,12.545000076293945,12.545000076293945,12.545000076293945,12.545000076293945,336,0.0,0.0
2024-10-08 11:25:00-04:00,12.515000343322754,12.515000343322754,12.515000343322754,12.515000343322754,936,0.0,0.0
2024-10-08 11:26:00-04:00,12.515000343322754,12.515000343322754,12.515000343322754,12.515000343322754,2386,0.0,0.0
2024-10-08 11:28:00-04:00,12.470000267028809,12.470000267028809,12.414999961853027,12.414999961853027,1316,0.0,0.0
2024-10-08 11:29:00-04:00,12.40999984741211,12.449899673461914,12.40999984741211,12.449899673461914,2365,0.0,0.0
2024-10-08 11:30:00-04:00,12.40999984741211,12.40999984741211,12.40999984741211,12.40999984741211,192,0.0,0.0
2024-10-08 11:31:00-04:00,12.40999984741211,12.410200119018555,12.40999984741211,12.410200119018555,1309,0.0,0.0
2024-10-08 11:32:00-04:00,12.369999885559082,12.369999885559082,12.369999885559082,12.369999885559082,354,0.0,0.0
2024-10-08 11:34:00-04:00,12.369999885559082,12.369999885559082,12.369999885559082,12.369999885559082,125,0.0,0.0
2024-10-08 11:36:00-04:00,12.369999885559082,12.369999885559082,12.369999885559082,12.369999885559082,1405,0.0,0.0
2024-10-08 11:37:00-04:00,12.329999923706055,12.329999923706055,12.199999809265137,12.199999809265137,3842,0.0,0.0
2024-10-08 11:38:00-04:00,12.239999771118164,12.239999771118164,12.239999771118164,12.239999771118164,1488,0.0,0.0
2024-10-08 11:39:00-04:00,12.248000144958496,12.248000144958496,12.248000144958496,12.248000144958496,301,0.0,0.0
2024-10-08 11:40:00-04:00,12.300000190734863,12.380000114440918,12.300000190734863,12.380000114440918,2676,0.0,0.0
2024-10-08 11:43:00-04:00,12.331399917602539,12.364999771118164,12.331399917602539,12.364999771118164,494,0.0,0.0
2024-10-08 11:44:00-04:00,12.319999694824219,12.380000114440918,12.289999961853027,12.35990047454834,5449,0.0,0.0
2024-10-08 11:45:00-04:00,12.350000381469727,12.350000381469727,12.350000381469727,12.350000381469727,327,0.0,0.0
2024-10-08 11:46:00-04:00,12.38290023803711,12.38290023803711,12.38290023803711,12.38290023803711,328,0.0,0.0
2024-10-08 11:49:00-04:00,12.34000015258789,12.34000015258789,12.34000015258789,12.34000015258789,110,0.0,0.0
2024-10-08 11:50:00-04:00,12.389900207519531,12.389900207519531,12.389900207519531,12.389900207519531,1271,0.0,0.0
2024-10-08 11:51:00-04:00,12.34000015258789,12.34000015258789,12.34000015258789,12.34000015258789,167,0.0,0.0
2024-10-08 11:53:00-04:00,12.390000343322754,12.40999984741211,12.390000343322754,12.404999732971191,6863,0.0,0.0
2024-10-08 11:55:00-04:00,12.555500030517578,12.555500030517578,12.555500030517578,12.555500030517578,1154,0.0,0.0
2024-10-08 11:56:00-04:00,12.539999961853027,12.5600004196167,12.539999961853027,12.5600004196167,486,0.0,0.0
2024-10-08 11:57:00-04:00,12.61400032043457,12.61400032043457,12.61400032043457,12.61400032043457,724,0.0,0.0
2024-10-08 12:00:00-04:00,12.569999694824219,12.595000267028809,12.569999694824219,12.595000267028809,2224,0.0,0.0
2024-10-08 12:01:00-04:00,12.579999923706055,12.579999923706055,12.529999732971191,12.529999732971191,2166,0.0,0.0
2024-10-08 12:02:00-04:00,12.510000228881836,12.510000228881836,12.510000228881836,12.510000228881836,390,0.0,0.0
2024-10-08 12:03:00-04:00,12.515000343322754,12.550000190734863,12.515000343322754,12.550000190734863,1127,0.0,0.0
2024-10-08 12:08:00-04:00,12.604999542236328,12.616999626159668,12.604999542236328,12.61299991607666,1118,0.0,0.0
2024-10-08 12:10:00-04:00,12.59000015258789,12.59000015258789,12.59000015258789,12.59000015258789,230,0.0,0.0
2024-10-08 12:11:00-04:00,12.59000015258789,12.603300094604492,12.460000038146973,12.475000381469727,14618,0.0,0.0
2024-10-08 12:12:00-04:00,12.550000190734863,12.550000190734863,12.520000457763672,12.520000457763672,587,0.0,0.0
2024-10-08 12:14:00-04:00,12.470000267028809,12.510000228881836,12.470000267028809,12.510000228881836,397,0.0,0.0
2024-10-08 12:18:00-04:00,12.470000267028809,12.470000267028809,12.470000267028809,12.470000267028809,159,0.0,0.0
2024-10-08 12:20:00-04:00,12.470000267028809,12.470000267028809,12.470000267028809,12.470000267028809,879,0.0,0.0
2024-10-08 12:22:00-04:00,12.420000076293945,12.470000267028809,12.420000076293945,12.470000267028809,514,0.0,0.0
2024-10-08 12:24:00-04:00,12.46500015258789,12.46500015258789,12.46500015258789,12.46500015258789,180,0.0,0.0
2024-10-08 12:25:00-04:00,12.46500015258789,12.46500015258789,12.46500015258789,12.46500015258789,1017,0.0,0.0
2024-10-08 12:27:00-04:00,12.474200248718262,12.489999771118164,12.474200248718262,12.489999771118164,446,0.0,0.0
2024-10-08 12:28:00-04:00,12.470000267028809,12.510000228881836,12.460000038146973,12.510000228881836,2114,0.0,0.0
2024-10-08 12:29:00-04:00,12.529999732971191,12.578900337219238,12.529999732971191,12.578800201416016,6556,0.0,0.0
2024-10-08 12:30:00-04:00,12.555000305175781,12.579999923706055,12.555000305175781,12.579999923706055,447,0.0,0.0
2024-10-08 12:32:00-04:00,12.570099830627441,12.640000343322754,12.550000190734863,12.579999923706055,12615,0.0,0.0
2024-10-08 12:33:00-04:00,12.604299545288086,12.604299545288086,12.604299545288086,12.604299545288086,1032,0.0,0.0
2024-10-08 12:36:00-04:00,12.604999542236328,12.604999542236328,12.604999542236328,12.604999542236328,934,0.0,0.0
2024-10-08 12:41:00-04:00,12.639599800109863,12.649999618530273,12.609999656677246,12.619999885559082,6046,0.0,0.0
2024-10-08 12:44:00-04:00,12.600000381469727,12.609800338745117,12.5600004196167,12.60789966583252,965,0.0,0.0
2024-10-08 12:46:00-04:00,12.608099937438965,12.629899978637695,12.608099937438965,12.629899978637695,899,0.0,0.0
2024-10-08 12:47:00-04:00,12.5600004196167,12.5600004196167,12.5600004196167,12.5600004196167,224,0.0,0.0
2024-10-08 12:49:00-04:00,12.600000381469727,12.600000381469727,12.600000381469727,12.600000381469727,469,0.0,0.0
2024-10-08 12:51:00-04:00,12.5600004196167,12.5600004196167,12.5600004196167,12.5600004196167,724,0.0,0.0
2024-10-08 12:52:00-04:00,12.529999732971191,12.529999732971191,12.484999656677246,12.484999656677246,1156,0.0,0.0
2024-10-08 12:53:00-04:00,12.5,12.5,12.5,12.5,197,0.0,0.0
2024-10-08 12:55:00-04:00,12.5,12.5,12.5,12.5,118,0.0,0.0
2024-10-08 12:56:00-04:00,12.470000267028809,12.470000267028809,12.470000267028809,12.470000267028809,561,0.0,0.0
2024-10-08 12:59:00-04:00,12.460000038146973,12.5,12.460000038146973,12.5,658,0.0,0.0
2024-10-08 13:00:00-04:00,12.524999618530273,12.524999618530273,12.524999618530273,12.524999618530273,1054,0.0,0.0
2024-10-08 13:01:00-04:00,12.520000457763672,12.520000457763672,12.520000457763672,12.520000457763672,178,0.0,0.0
2024-10-08 13:02:00-04:00,12.529199600219727,12.529199600219727,12.529199600219727,12.529199600219727,200,0.0,0.0
2024-10-08 13:03:00-04:00,12.5600004196167,12.59000015258789,12.5600004196167,12.59000015258789,1029,0.0,0.0
2024-10-08 13:05:00-04:00,12.619999885559082,12.619999885559082,12.619999885559082,12.619999885559082,280,0.0,0.0
2024-10-08 13:08:00-04:00,12.5600004196167,12.5600004196167,12.5600004196167,12.5600004196167,757,0.0,0.0
2024-10-08 13:10:00-04:00,12.579899787902832,12.579899787902832,12.579899787902832,12.579899787902832,325,0.0,0.0
2024-10-08 13:11:00-04:00,12.5649995803833,12.579899787902832,12.5649995803833,12.579899787902832,233,0.0,0.0
2024-10-08 13:14:00-04:00,12.59000015258789,12.619999885559082,12.59000015258789,12.619999885559082,1106,0.0,0.0
2024-10-08 13:15:00-04:00,12.630000114440918,12.630000114440918,12.630000114440918,12.630000114440918,371,0.0,0.0
2024-10-08 13:17:00-04:00,12.619999885559082,12.649900436401367,12.619999885559082,12.649900436401367,1593,0.0,0.0
2024-10-08 13:23:00-04:00,12.699899673461914,12.699999809265137,12.676199913024902,12.696000099182129,4555,0.0,0.0
2024-10-08 13:24:00-04:00,12.6899995803833,12.71500015258789,12.609999656677246,12.614899635314941,14584,0.0,0.0
2024-10-08 13:26:00-04:00,12.665200233459473,12.6899995803833,12.598699569702148,12.679900169372559,912,0.0,0.0
2024-10-08 13:30:00-04:00,12.689200401306152,12.689200401306152,12.689200401306152,12.689200401306152,1203,0.0,0.0
2024-10-08 13:32:00-04:00,12.635000228881836,12.635000228881836,12.579999923706055,12.625,2941,0.0,0.0
2024-10-08 13:33:00-04:00,12.625,12.625,12.625,12.625,178,0.0,0.0
2024-10-08 13:36:00-04:00,12.646900177001953,12.6899995803833,12.635000228881836,12.6899995803833,2587,0.0,0.0
2024-10-08 13:38:00-04:00,12.71969985961914,12.71969985961914,12.71969985961914,12.71969985961914,1085,0.0,0.0
2024-10-08 13:39:00-04:00,12.699999809265137,12.699999809265137,12.694999694824219,12.694999694824219,853,0.0,0.0
2024-10-08 13:40:00-04:00,12.719900131225586,12.719900131225586,12.670000076293945,12.670000076293945,4178,0.0,0.0
2024-10-08 13:42:00-04:00,12.670000076293945,12.670000076293945,12.670000076293945,12.670000076293945,130,0.0,0.0
2024-10-08 13:43:00-04:00,12.6899995803833,12.6899995803833,12.649999618530273,12.649999618530273,325,0.0,0.0
2024-10-08 13:46:00-04:00,12.65999984741211,12.65999984741211,12.649999618530273,12.649999618530273,494,0.0,0.0
2024-10-08 13:47:00-04:00,12.664999961853027,12.664999961853027,12.664999961853027,12.664999961853027,250,0.0,0.0
2024-10-08 13:48:00-04:00,12.69480037689209,12.69480037689209,12.69480037689209,12.69480037689209,523,0.0,0.0
2024-10-08 13:49:00-04:00,12.649999618530273,12.649999618530273,12.600000381469727,12.600000381469727,2223,0.0,0.0
2024-10-08 13:50:00-04:00,12.550000190734863,12.550000190734863,12.5,12.5,2993,0.0,0.0
2024-10-08 13:51:00-04:00,12.539999961853027,12.5600004196167,12.539999961853027,12.5600004196167,681,0.0,0.0
2024-10-08 13:53:00-04:00,12.59000015258789,12.614299774169922,12.59000015258789,12.614299774169922,666,0.0,0.0
2024-10-08 13:55:00-04:00,12.619999885559082,12.62969970703125,12.59000015258789,12.62969970703125,2428,0.0,0.0
2024-10-08 13:56:00-04:00,12.604999542236328,12.604999542236328,12.604999542236328,12.604999542236328,351,0.0,0.0
2024-10-08 13:57:00-04:00,12.604999542236328,12.604999542236328,12.604999542236328,12.604999542236328,201,0.0,0.0
2024-10-08 13:58:00-04:00,12.63290023803711,12.63290023803711,12.604999542236328,12.604999542236328,290,0.0,0.0
2024-10-08 13:59:00-04:00,12.631500244140625,12.631500244140625,12.631500244140625,12.631500244140625,343,0.0,0.0
2024-10-08 14:03:00-04:00,12.579999923706055,12.612600326538086,12.579999923706055,12.612600326538086,1051,0.0,0.0
2024-10-08 14:04:00-04:00,12.604999542236328,12.604999542236328,12.604999542236328,12.604999542236328,130,0.0,0.0
2024-10-08 14:06:00-04:00,12.604999542236328,12.604999542236328,12.5,12.5,14178,0.0,0.0
2024-10-08 14:07:00-04:00,12.451899528503418,12.475000381469727,12.451899528503418,12.475000381469727,525,0.0,0.0
2024-10-08 14:08:00-04:00,12.475000381469727,12.475000381469727,12.475000381469727,12.475000381469727,541,0.0,0.0
2024-10-08 14:09:00-04:00,12.449999809265137,12.449999809265137,12.4399995803833,12.4399995803833,659,0.0,0.0
2024-10-08 14:11:00-04:00,12.4350004196167,12.479999542236328,12.39009952545166,12.479999542236328,489,0.0,0.0
2024-10-08 14:13:00-04:00,12.4350004196167,12.4350004196167,12.4350004196167,12.4350004196167,159,0.0,0.0
2024-10-08 14:15:00-04:00,12.399999618530273,12.399999618530273,12.399999618530273,12.399999618530273,134,0.0,0.0
2024-10-08 14:16:00-04:00,12.4350004196167,12.4350004196167,12.4350004196167,12.4350004196167,202,0.0,0.0
2024-10-08 14:17:00-04:00,12.4350004196167,12.4350004196167,12.390000343322754,12.390000343322754,605,0.0,0.0
2024-10-08 14:18:00-04:00,12.390000343322754,12.420000076293945,12.375,12.420000076293945,2514,0.0,0.0
2024-10-08 14:19:00-04:00,12.460000038146973,12.460000038146973,12.460000038146973,12.460000038146973,514,0.0,0.0
2024-10-08 14:22:00-04:00,12.467000007629395,12.467000007629395,12.467000007629395,12.467000007629395,499,0.0,0.0
2024-10-08 14:23:00-04:00,12.4399995803833,12.4399995803833,12.4399995803833,12.4399995803833,174,0.0,0.0
2024-10-08 14:25:00-04:00,12.470000267028809,12.470000267028809,12.470000267028809,12.470000267028809,332,0.0,0.0
2024-10-08 14:26:00-04:00,12.470000267028809,12.470000267028809,12.470000267028809,12.470000267028809,529,0.0,0.0
2024-10-08 14:27:00-04:00,12.470000267028809,12.470000267028809,12.470000267028809,12.470000267028809,200,0.0,0.0
2024-10-08 14:28:00-04:00,12.470000267028809,12.470000267028809,12.4399995803833,12.4399995803833,2061,0.0,0.0
2024-10-08 14:32:00-04:00,12.414999961853027,12.449999809265137,12.380000114440918,12.380000114440918,488,0.0,0.0
2024-10-08 14:33:00-04:00,12.449899673461914,12.449899673461914,12.449899673461914,12.449899673461914,111,0.0,0.0
2024-10-08 14:35:00-04:00,12.390000343322754,12.414999961853027,12.390000343322754,12.414999961853027,651,0.0,0.0
2024-10-08 14:37:00-04:00,12.411299705505371,12.418000221252441,12.380000114440918,12.418000221252441,1432,0.0,0.0
2024-10-08 14:38:00-04:00,12.390000343322754,12.390000343322754,12.390000343322754,12.390000343322754,1213,0.0,0.0
2024-10-08 14:39:00-04:00,12.399999618530273,12.399999618530273,12.399999618530273,12.399999618530273,440,0.0,0.0
2024-10-08 14:43:00-04:00,12.399999618530273,12.40999984741211,12.399999618530273,12.40999984741211,771,0.0,0.0
2024-10-08 14:44:00-04:00,12.399999618530273,12.399999618530273,12.399999618530273,12.399999618530273,101,0.0,0.0
2024-10-08 14:45:00-04:00,12.425000190734863,12.425000190734863,12.425000190734863,12.425000190734863,1340,0.0,0.0
2024-10-08 14:47:00-04:00,12.425000190734863,12.460000038146973,12.425000190734863,12.444999694824219,1264,0.0,0.0
2024-10-08 14:48:00-04:00,12.503999710083008,12.503999710083008,12.494999885559082,12.494999885559082,2281,0.0,0.0
2024-10-08 14:49:00-04:00,12.460000038146973,12.529999732971191,12.460000038146973,12.522100448608398,1155,0.0,0.0
2024-10-08 14:50:00-04:00,12.494999885559082,12.494999885559082,12.470000267028809,12.470000267028809,590,0.0,0.0
2024-10-08 14:51:00-04:00,12.479999542236328,12.487500190734863,12.479999542236328,12.487500190734863,894,0.0,0.0
2024-10-08 14:52:00-04:00,12.470000267028809,12.470000267028809,12.4399995803833,12.4399995803833,1178,0.0,0.0
2024-10-08 14:54:00-04:00,12.420000076293945,12.439900398254395,12.411499977111816,12.439900398254395,1585,0.0,0.0
2024-10-08 14:58:00-04:00,12.430000305175781,12.430000305175781,12.430000305175781,12.430000305175781,827,0.0,0.0
2024-10-08 14:59:00-04:00,12.45989990234375,12.45989990234375,12.45989990234375,12.45989990234375,216,0.0,0.0
2024-10-08 15:01:00-04:00,12.470000267028809,12.470000267028809,12.459699630737305,12.459699630737305,450,0.0,0.0
2024-10-08 15:02:00-04:00,12.399999618530273,12.399999618530273,12.359999656677246,12.359999656677246,1169,0.0,0.0
2024-10-08 15:05:00-04:00,12.350000381469727,12.350000381469727,12.350000381469727,12.350000381469727,335,0.0,0.0
2024-10-08 15:06:00-04:00,12.329999923706055,12.329999923706055,12.289999961853027,12.289999961853027,1004,0.0,0.0
2024-10-08 15:09:00-04:00,12.289999961853027,12.331000328063965,12.289999961853027,12.331000328063965,355,0.0,0.0
2024-10-08 15:11:00-04:00,12.329999923706055,12.329999923706055,12.329999923706055,12.329999923706055,188,0.0,0.0
2024-10-08 15:12:00-04:00,12.319999694824219,12.345000267028809,12.319999694824219,12.345000267028809,494,0.0,0.0
2024-10-08 15:14:00-04:00,12.365799903869629,12.365799903869629,12.345000267028809,12.345000267028809,1465,0.0,0.0
2024-10-08 15:15:00-04:00,12.342499732971191,12.369999885559082,12.342499732971191,12.369999885559082,507,0.0,0.0
2024-10-08 15:18:00-04:00,12.390000343322754,12.390000343322754,12.390000343322754,12.390000343322754,280,0.0,0.0
2024-10-08 15:20:00-04:00,12.380000114440918,12.380000114440918,12.380000114440918,12.380000114440918,143,0.0,0.0
2024-10-08 15:22:00-04:00,12.350000381469727,12.380000114440918,12.350000381469727,12.350000381469727,1499,0.0,0.0
2024-10-08 15:24:00-04:00,12.375,12.399999618530273,12.375,12.399999618530273,1222,0.0,0.0
2024-10-08 15:25:00-04:00,12.375,12.375,12.350000381469727,12.350000381469727,589,0.0,0.0
2024-10-08 15:27:00-04:00,12.359999656677246,12.359999656677246,12.359999656677246,12.359999656677246,202,0.0,0.0
2024-10-08 15:28:00-04:00,12.350000381469727,12.350000381469727,12.350000381469727,12.350000381469727,115,0.0,0.0
2024-10-08 15:29:00-04:00,12.399999618530273,12.4350004196167,12.390000343322754,12.390000343322754,3565,0.0,0.0
2024-10-08 15:31:00-04:00,12.350099563598633,12.350099563598633,12.350099563598633,12.350099563598633,702,0.0,0.0
2024-10-08 15:33:00-04:00,12.40999984741211,12.40999984741211,12.40999984741211,12.40999984741211,321,0.0,0.0
2024-10-08 15:34:00-04:00,12.406000137329102,12.444899559020996,12.406000137329102,12.444899559020996,4262,0.0,0.0
2024-10-08 15:35:00-04:00,12.4399995803833,12.4399995803833,12.420000076293945,12.420000076293945,1262,0.0,0.0
2024-10-08 15:36:00-04:00,12.40999984741211,12.429800033569336,12.40999984741211,12.429800033569336,1805,0.0,0.0
2024-10-08 15:41:00-04:00,12.414999961853027,12.430000305175781,12.399999618530273,12.430000305175781,1998,0.0,0.0
2024-10-08 15:42:00-04:00,12.430000305175781,12.430000305175781,12.420000076293945,12.420000076293945,1274,0.0,0.0
2024-10-08 15:43:00-04:00,12.40999984741211,12.414999961853027,12.390000343322754,12.390000343322754,2984,0.0,0.0
2024-10-08 15:44:00-04:00,12.390000343322754,12.390000343322754,12.390000343322754,12.390000343322754,200,0.0,0.0
2024-10-08 15:45:00-04:00,12.407999992370605,12.407999992370605,12.407999992370605,12.407999992370605,1231,0.0,0.0
2024-10-08 15:49:00-04:00,12.449999809265137,12.449999809265137,12.420000076293945,12.420000076293945,1859,0.0,0.0
2024-10-08 15:52:00-04:00,12.430000305175781,12.449999809265137,12.430000305175781,12.449999809265137,552,0.0,0.0
2024-10-08 15:53:00-04:00,12.430000305175781,12.430000305175781,12.390000343322754,12.390000343322754,4203,0.0,0.0
2024-10-08 15:54:00-04:00,12.399999618530273,12.399999618530273,12.390000343322754,12.390000343322754,1360,0.0,0.0
2024-10-08 15:55:00-04:00,12.390000343322754,12.390000343322754,12.380000114440918,12.380000114440918,1555,0.0,0.0
2024-10-08 15:56:00-04:00,12.380000114440918,12.390000343322754,12.369999885559082,12.390000343322754,775,0.0,0.0
2024-10-08 15:57:00-04:00,12.380000114440918,12.390000343322754,12.380000114440918,12.385000228881836,4317,0.0,0.0
2024-10-08 15:58:00-04:00,12.359999656677246,12.359999656677246,12.329999923706055,12.329999923706055,2138,0.0,0.0
2024-10-08 15:59:00-04:00,12.329999923706055,12.380000114440918,12.329999923706055,12.380000114440918,5722,0.0,0.0
2024-10-09 09:30:00-04:00,12.319999694824219,12.319999694824219,12.319999694824219,12.319999694824219,5473,0.0,0.0
2024-10-09 09:31:00-04:00,12.199999809265137,12.386099815368652,12.180000305175781,12.386099815368652,3831,0.0,0.0
2024-10-09 09:36:00-04:00,12.170000076293945,12.170000076293945,12.170000076293945,12.170000076293945,771,0.0,0.0
2024-10-09 09:37:00-04:00,12.199999809265137,12.199999809265137,12.065400123596191,12.140000343322754,8233,0.0,0.0
2024-10-09 09:38:00-04:00,12.069999694824219,12.152999877929688,11.970000267028809,11.970000267028809,9997,0.0,0.0
2024-10-09 09:39:00-04:00,11.970000267028809,12.079999923706055,11.869999885559082,12.079999923706055,2962,0.0,0.0
2024-10-09 09:40:00-04:00,11.99020004272461,11.99020004272461,11.901700019836426,11.901700019836426,4839,0.0,0.0
2024-10-09 09:41:00-04:00,11.9350004196167,11.944999694824219,11.9350004196167,11.944999694824219,783,0.0,0.0
2024-10-09 09:42:00-04:00,11.977999687194824,12.010000228881836,11.977999687194824,11.984999656677246,2897,0.0,0.0
2024-10-09 09:44:00-04:00,12.039999961853027,12.050000190734863,11.999799728393555,11.999799728393555,6405,0.0,0.0
2024-10-09 09:47:00-04:00,12.050000190734863,12.079999923706055,12.050000190734863,12.079999923706055,405,0.0,0.0
2024-10-09 09:48:00-04:00,12.045000076293945,12.045000076293945,11.899999618530273,11.960000038146973,3802,0.0,0.0
2024-10-09 09:51:00-04:00,11.988100051879883,11.988100051879883,11.988100051879883,11.988100051879883,6130,0.0,0.0
2024-10-09 09:52:00-04:00,11.993000030517578,11.993000030517578,11.993000030517578,11.993000030517578,5068,0.0,0.0
2024-10-09 09:53:00-04:00,12.0,12.010000228881836,11.920000076293945,11.920000076293945,3796,0.0,0.0
2024-10-09 09:54:00-04:00,11.875,11.875,11.875,11.875,479,0.0,0.0
2024-10-09 09:56:00-04:00,11.87339973449707,11.87339973449707,11.84000015258789,11.84000015258789,613,0.0,0.0
2024-10-09 09:57:00-04:00,11.895999908447266,11.895999908447266,11.895999908447266,11.895999908447266,250,0.0,0.0
2024-10-09 09:59:00-04:00,11.873900413513184,11.873900413513184,11.873900413513184,11.873900413513184,382,0.0,0.0
2024-10-09 10:02:00-04:00,11.960000038146973,11.960000038146973,11.885000228881836,11.885000228881836,5449,0.0,0.0
2024-10-09 10:03:00-04:00,11.857999801635742,11.863200187683105,11.857999801635742,11.863200187683105,551,0.0,0.0
2024-10-09 10:06:00-04:00,11.829999923706055,11.829999923706055,11.750100135803223,11.750100135803223,1421,0.0,0.0
2024-10-09 10:07:00-04:00,11.795000076293945,11.795000076293945,11.795000076293945,11.795000076293945,1407,0.0,0.0
2024-10-09 10:08:00-04:00,11.795000076293945,11.795000076293945,11.795000076293945,11.795000076293945,170,0.0,0.0
2024-10-09 10:09:00-04:00,11.795000076293945,11.795000076293945,11.760000228881836,11.760000228881836,438,0.0,0.0
2024-10-09 10:10:00-04:00,11.795000076293945,11.800000190734863,11.795000076293945,11.800000190734863,3927,0.0,0.0
2024-10-09 10:11:00-04:00,11.800000190734863,11.869999885559082,11.785400390625,11.869999885559082,3682,0.0,0.0
2024-10-09 10:12:00-04:00,11.872300148010254,11.928000450134277,11.872300148010254,11.928000450134277,1411,0.0,0.0
2024-10-09 10:13:00-04:00,11.930000305175781,11.989899635314941,11.930000305175781,11.989899635314941,1608,0.0,0.0
2024-10-09 10:14:00-04:00,11.989999771118164,11.989999771118164,11.90999984741211,11.90999984741211,2148,0.0,0.0
2024-10-09 10:16:00-04:00,11.890000343322754,11.890000343322754,11.890000343322754,11.890000343322754,1030,0.0,0.0
2024-10-09 10:17:00-04:00,11.925000190734863,11.925000190734863,11.925000190734863,11.925000190734863,766,0.0,0.0
2024-10-09 10:18:00-04:00,11.920000076293945,11.920000076293945,11.920000076293945,11.920000076293945,304,0.0,0.0
2024-10-09 10:19:00-04:00,11.970000267028809,12.0,11.970000267028809,11.970000267028809,6038,0.0,0.0
2024-10-09 10:20:00-04:00,12.041999816894531,12.069999694824219,12.041999816894531,12.050000190734863,1776,0.0,0.0
2024-10-09 10:21:00-04:00,12.100000381469727,12.100000381469727,12.06190013885498,12.06190013885498,459,0.0,0.0
2024-10-09 10:22:00-04:00,12.079999923706055,12.109999656677246,12.079999923706055,12.100000381469727,809,0.0,0.0
2024-10-09 10:23:00-04:00,12.100000381469727,12.109999656677246,12.100000381469727,12.109999656677246,790,0.0,0.0
2024-10-09 10:25:00-04:00,12.204999923706055,12.204999923706055,12.204999923706055,12.204999923706055,911,0.0,0.0
2024-10-09 10:26:00-04:00,12.170000076293945,12.239999771118164,12.170000076293945,12.220000267028809,2678,0.0,0.0
2024-10-09 10:27:00-04:00,12.140000343322754,12.140000343322754,12.130000114440918,12.130000114440918,1096,0.0,0.0
2024-10-09 10:29:00-04:00,12.130000114440918,12.130000114440918,12.125,12.125,1098,0.0,0.0
2024-10-09 10:30:00-04:00,12.159899711608887,12.159899711608887,12.079999923706055,12.079999923706055,1499,0.0,0.0
2024-10-09 10:31:00-04:00,12.119999885559082,12.119999885559082,12.119999885559082,12.119999885559082,156,0.0,0.0
2024-10-09 10:33:00-04:00,12.050000190734863,12.050000190734863,11.970000267028809,11.970000267028809,1132,0.0,0.0
2024-10-09 10:34:00-04:00,11.960000038146973,12.079999923706055,11.960000038146973,11.960399627685547,772,0.0,0.0
2024-10-09 10:35:00-04:00,11.960000038146973,11.975000381469727,11.960000038146973,11.975000381469727,2272,0.0,0.0
2024-10-09 10:36:00-04:00,11.989999771118164,11.989999771118164,11.989999771118164,11.989999771118164,361,0.0,0.0
2024-10-09 10:38:00-04:00,12.013400077819824,12.013400077819824,11.989999771118164,11.989999771118164,400,0.0,0.0
2024-10-09 10:39:00-04:00,11.996399879455566,11.996399879455566,11.996399879455566,11.996399879455566,519,0.0,0.0
2024-10-09 10:41:00-04:00,11.960100173950195,11.960100173950195,11.960100173950195,11.960100173950195,185,0.0,0.0
2024-10-09 10:43:00-04:00,12.0,12.0,12.0,12.0,1221,0.0,0.0
2024-10-09 10:46:00-04:00,11.970000267028809,12.015000343322754,11.960000038146973,11.989999771118164,3188,0.0,0.0
2024-10-09 10:48:00-04:00,11.960000038146973,11.960000038146973,11.960000038146973,11.960000038146973,556,0.0,0.0
2024-10-09 10:50:00-04:00,12.020000457763672,12.020000457763672,12.020000457763672,12.020000457763672,346,0.0,0.0
2024-10-09 10:52:00-04:00,12.029999732971191,12.063599586486816,12.029999732971191,12.063599586486816,2266,0.0,0.0
2024-10-09 10:54:00-04:00,12.079999923706055,12.09000015258789,12.079999923706055,12.09000015258789,774,0.0,0.0
2024-10-09 10:57:00-04:00,12.100000381469727,12.125,12.050000190734863,12.050000190734863,2721,0.0,0.0
2024-10-09 10:58:00-04:00,12.010000228881836,12.010000228881836,11.9399995803833,11.9399995803833,4991,0.0,0.0
2024-10-09 10:59:00-04:00,11.926300048828125,11.972999572753906,11.926300048828125,11.972999572753906,620,0.0,0.0
2024-10-09 11:00:00-04:00,11.975700378417969,11.975700378417969,11.975700378417969,11.975700378417969,453,0.0,0.0
2024-10-09 11:01:00-04:00,12.010000228881836,12.010000228881836,12.010000228881836,12.010000228881836,419,0.0,0.0
2024-10-09 11:04:00-04:00,12.012900352478027,12.012900352478027,12.012900352478027,12.012900352478027,1569,0.0,0.0
2024-10-09 11:06:00-04:00,11.987600326538086,12.029999732971191,11.987600326538086,12.029999732971191,1805,0.0,0.0
2024-10-09 11:10:00-04:00,12.020000457763672,12.020000457763672,12.020000457763672,12.020000457763672,1017,0.0,0.0
2024-10-09 11:11:00-04:00,12.0,12.0,11.970000267028809,11.970000267028809,482,0.0,0.0
2024-10-09 11:13:00-04:00,12.010000228881836,12.020000457763672,12.010000228881836,12.020000457763672,374,0.0,0.0
2024-10-09 11:20:00-04:00,11.960000038146973,11.960000038146973,11.960000038146973,11.960000038146973,169,0.0,0.0
2024-10-09 11:24:00-04:00,11.994999885559082,11.994999885559082,11.994999885559082,11.994999885559082,238,0.0,0.0
2024-10-09 11:26:00-04:00,11.963600158691406,11.963600158691406,11.960000038146973,11.960000038146973,882,0.0,0.0
2024-10-09 11:27:00-04:00,11.994999885559082,11.994999885559082,11.975000381469727,11.984999656677246,750,0.0,0.0
2024-10-09 11:32:00-04:00,11.965200424194336,11.965200424194336,11.965200424194336,11.965200424194336,437,0.0,0.0
2024-10-09 11:34:00-04:00,11.989999771118164,11.989999771118164,11.989999771118164,11.989999771118164,1576,0.0,0.0
2024-10-09 11:36:00-04:00,11.967000007629395,11.989999771118164,11.967000007629395,11.989999771118164,1540,0.0,0.0
2024-10-09 11:37:00-04:00,11.989999771118164,12.0,11.989999771118164,12.0,146,0.0,0.0
2024-10-09 11:38:00-04:00,11.989999771118164,11.989999771118164,11.989999771118164,11.989999771118164,136,0.0,0.0
2024-10-09 11:39:00-04:00,11.989100456237793,11.989100456237793,11.989100456237793,11.989100456237793,321,0.0,0.0
2024-10-09 11:41:00-04:00,12.020000457763672,12.020000457763672,12.020000457763672,12.020000457763672,1291,0.0,0.0
2024-10-09 11:47:00-04:00,12.100000381469727,12.149999618530273,12.100000381469727,12.114999771118164,1934,0.0,0.0
2024-10-09 11:48:00-04:00,12.079999923706055,12.079999923706055,12.079999923706055,12.079999923706055,573,0.0,0.0
2024-10-09 11:50:00-04:00,12.0600004196167,12.0600004196167,12.0600004196167,12.0600004196167,137,0.0,0.0
2024-10-09 11:53:00-04:00,12.034899711608887,12.034899711608887,12.034899711608887,12.034899711608887,557,0.0,0.0
2024-10-09 11:54:00-04:00,12.029999732971191,12.029999732971191,12.0,12.0,1774,0.0,0.0
2024-10-09 11:57:00-04:00,12.050000190734863,12.050000190734863,12.050000190734863,12.050000190734863,277,0.0,0.0
2024-10-09 11:59:00-04:00,12.020000457763672,12.075499534606934,12.020000457763672,12.075499534606934,807,0.0,0.0
2024-10-09 12:00:00-04:00,12.050000190734863,12.050000190734863,12.050000190734863,12.050000190734863,324,0.0,0.0
2024-10-09 12:06:00-04:00,12.079999923706055,12.079999923706055,12.079999923706055,12.079999923706055,151,0.0,0.0
2024-10-09 12:07:00-04:00,12.09000015258789,12.09000015258789,12.09000015258789,12.09000015258789,211,0.0,0.0
2024-10-09 12:08:00-04:00,12.09000015258789,12.09000015258789,12.09000015258789,12.09000015258789,423,0.0,0.0
2024-10-09 12:11:00-04:00,12.09000015258789,12.09000015258789,12.09000015258789,12.09000015258789,243,0.0,0.0
2024-10-09 12:13:00-04:00,12.0600004196167,12.060099601745605,12.0,12.0,3181,0.0,0.0
2024-10-09 12:15:00-04:00,12.0,12.0,12.0,12.0,1070,0.0,0.0
2024-10-09 12:17:00-04:00,11.970000267028809,11.970000267028809,11.920000076293945,11.920000076293945,3233,0.0,0.0
2024-10-09 12:19:00-04:00,11.8774995803833,11.904999732971191,11.869999885559082,11.904999732971191,1421,0.0,0.0
2024-10-09 12:20:00-04:00,11.869999885559082,11.869999885559082,11.800000190734863,11.800000190734863,1387,0.0,0.0
2024-10-09 12:21:00-04:00,11.783900260925293,11.829999923706055,11.783900260925293,11.829999923706055,3500,0.0,0.0
2024-10-09 12:22:00-04:00,11.831899642944336,11.831899642944336,11.831899642944336,11.831899642944336,628,0.0,0.0
2024-10-09 12:24:00-04:00,11.84000015258789,11.84000015258789,11.84000015258789,11.84000015258789,208,0.0,0.0
2024-10-09 12:26:00-04:00,11.819999694824219,11.84000015258789,11.819999694824219,11.84000015258789,545,0.0,0.0
2024-10-09 12:27:00-04:00,11.819999694824219,11.819999694824219,11.819999694824219,11.819999694824219,229,0.0,0.0
2024-10-09 12:29:00-04:00,11.800000190734863,11.800000190734863,11.800000190734863,11.800000190734863,449,0.0,0.0
2024-10-09 12:30:00-04:00,11.809900283813477,11.809900283813477,11.809900283813477,11.809900283813477,400,0.0,0.0
2024-10-09 12:31:00-04:00,11.804200172424316,11.804200172424316,11.804200172424316,11.804200172424316,125,0.0,0.0
2024-10-09 12:33:00-04:00,11.805399894714355,11.805399894714355,11.77239990234375,11.77239990234375,770,0.0,0.0
2024-10-09 12:34:00-04:00,11.785200119018555,11.785200119018555,11.785200119018555,11.785200119018555,444,0.0,0.0
2024-10-09 12:35:00-04:00,11.770000457763672,11.789999961853027,11.770000457763672,11.789999961853027,1267,0.0,0.0
2024-10-09 12:37:00-04:00,11.81659984588623,11.81659984588623,11.78499984741211,11.78499984741211,5781,0.0,0.0
2024-10-09 12:38:00-04:00,11.829999923706055,11.84000015258789,11.829999923706055,11.84000015258789,892,0.0,0.0
2024-10-09 12:42:00-04:00,11.850000381469727,11.854999542236328,11.850000381469727,11.854999542236328,718,0.0,0.0
2024-10-09 12:45:00-04:00,11.880000114440918,11.880000114440918,11.84000015258789,11.84000015258789,1404,0.0,0.0
2024-10-09 12:47:00-04:00,11.819999694824219,11.826000213623047,11.819999694824219,11.826000213623047,843,0.0,0.0
2024-10-09 12:49:00-04:00,11.826000213623047,11.826000213623047,11.826000213623047,11.826000213623047,505,0.0,0.0
2024-10-09 12:55:00-04:00,11.829999923706055,11.829999923706055,11.829999923706055,11.829999923706055,281,0.0,0.0
2024-10-09 12:59:00-04:00,11.829999923706055,11.829999923706055,11.829999923706055,11.829999923706055,123,0.0,0.0
2024-10-09 13:00:00-04:00,11.838199615478516,11.838199615478516,11.838199615478516,11.838199615478516,758,0.0,0.0
2024-10-09 13:01:00-04:00,11.845000267028809,11.845000267028809,11.845000267028809,11.845000267028809,286,0.0,0.0
2024-10-09 13:02:00-04:00,11.8100004196167,11.8100004196167,11.8100004196167,11.8100004196167,373,0.0,0.0
2024-10-09 13:04:00-04:00,11.8100004196167,11.8100004196167,11.8100004196167,11.8100004196167,502,0.0,0.0
2024-10-09 13:18:00-04:00,11.869999885559082,11.869999885559082,11.869999885559082,11.869999885559082,1075,0.0,0.0
2024-10-09 13:24:00-04:00,11.890000343322754,11.890000343322754,11.869999885559082,11.869999885559082,1242,0.0,0.0
2024-10-09 13:33:00-04:00,11.850099563598633,11.875,11.850099563598633,11.875,361,0.0,0.0
2024-10-09 13:35:00-04:00,11.899999618530273,11.90999984741211,11.899999618530273,11.90999984741211,597,0.0,0.0
2024-10-09 13:39:00-04:00,11.880000114440918,11.925000190734863,11.880000114440918,11.925000190734863,1740,0.0,0.0
2024-10-09 13:46:00-04:00,11.925000190734863,11.925000190734863,11.925000190734863,11.925000190734863,294,0.0,0.0
2024-10-09 13:51:00-04:00,11.885000228881836,11.885000228881836,11.885000228881836,11.885000228881836,1038,0.0,0.0
2024-10-09 13:57:00-04:00,11.920000076293945,11.920000076293945,11.880000114440918,11.880000114440918,4584,0.0,0.0
2024-10-09 13:59:00-04:00,11.879500389099121,11.879500389099121,11.850000381469727,11.850000381469727,2836,0.0,0.0
2024-10-09 14:08:00-04:00,11.936400413513184,11.970000267028809,11.899999618530273,11.899999618530273,6870,0.0,0.0
2024-10-09 14:10:00-04:00,11.920900344848633,11.920900344848633,11.920900344848633,11.920900344848633,596,0.0,0.0
2024-10-09 14:14:00-04:00,11.859999656677246,11.859999656677246,11.859999656677246,11.859999656677246,278,0.0,0.0
2024-10-09 14:16:00-04:00,11.852999687194824,11.852999687194824,11.789999961853027,11.789999961853027,3100,0.0,0.0
2024-10-09 14:17:00-04:00,11.8100004196167,11.8100004196167,11.8100004196167,11.8100004196167,550,0.0,0.0
2024-10-09 14:18:00-04:00,11.829999923706055,11.829999923706055,11.829999923706055,11.829999923706055,2119,0.0,0.0
2024-10-09 14:20:00-04:00,11.834400177001953,11.834400177001953,11.834400177001953,11.834400177001953,125,0.0,0.0
2024-10-09 14:22:00-04:00,11.8100004196167,11.8100004196167,11.75,11.75,4591,0.0,0.0
2024-10-09 14:25:00-04:00,11.789999961853027,11.789999961853027,11.78499984741211,11.78499984741211,7292,0.0,0.0
2024-10-09 14:27:00-04:00,11.78499984741211,11.78499984741211,11.78499984741211,11.78499984741211,325,0.0,0.0
2024-10-09 14:30:00-04:00,11.78499984741211,11.78499984741211,11.78499984741211,11.78499984741211,205,0.0,0.0
2024-10-09 14:31:00-04:00,11.75,11.779999732971191,11.75,11.764900207519531,2527,0.0,0.0
2024-10-09 14:32:00-04:00,11.760000228881836,11.760000228881836,11.760000228881836,11.760000228881836,248,0.0,0.0
2024-10-09 14:41:00-04:00,11.78499984741211,11.78499984741211,11.78499984741211,11.78499984741211,534,0.0,0.0
2024-10-09 14:42:00-04:00,11.78499984741211,11.78499984741211,11.78499984741211,11.78499984741211,328,0.0,0.0
2024-10-09 14:44:00-04:00,11.782099723815918,11.782099723815918,11.782099723815918,11.782099723815918,1826,0.0,0.0
2024-10-09 14:49:00-04:00,11.7923002243042,11.7923002243042,11.7923002243042,11.7923002243042,338,0.0,0.0
2024-10-09 14:50:00-04:00,11.75160026550293,11.75160026550293,11.75160026550293,11.75160026550293,200,0.0,0.0
2024-10-09 14:51:00-04:00,11.75,11.75,11.75,11.75,1193,0.0,0.0
2024-10-09 14:52:00-04:00,11.739999771118164,11.739999771118164,11.720000267028809,11.720000267028809,1330,0.0,0.0
2024-10-09 14:53:00-04:00,11.75,11.770000457763672,11.75,11.770000457763672,1814,0.0,0.0
2024-10-09 14:54:00-04:00,11.75,11.75,11.710000038146973,11.739999771118164,4670,0.0,0.0
2024-10-09 14:55:00-04:00,11.739999771118164,11.739999771118164,11.739999771118164,11.739999771118164,207,0.0,0.0
2024-10-09 14:57:00-04:00,11.751999855041504,11.822999954223633,11.751999855041504,11.822999954223633,5664,0.0,0.0
2024-10-09 14:58:00-04:00,11.845000267028809,11.845000267028809,11.845000267028809,11.845000267028809,104,0.0,0.0
2024-10-09 14:59:00-04:00,11.819999694824219,11.819999694824219,11.819999694824219,11.819999694824219,560,0.0,0.0
2024-10-09 15:00:00-04:00,11.845000267028809,11.845000267028809,11.845000267028809,11.845000267028809,1047,0.0,0.0
2024-10-09 15:02:00-04:00,11.84000015258789,11.840100288391113,11.84000015258789,11.84000015258789,1626,0.0,0.0
2024-10-09 15:05:00-04:00,11.819999694824219,11.819999694824219,11.819999694824219,11.819999694824219,267,0.0,0.0
2024-10-09 15:07:00-04:00,11.835000038146973,11.835000038146973,11.835000038146973,11.835000038146973,108,0.0,0.0
2024-10-09 15:08:00-04:00,11.835000038146973,11.835000038146973,11.835000038146973,11.835000038146973,2025,0.0,0.0
2024-10-09 15:10:00-04:00,11.858799934387207,11.858799934387207,11.858799934387207,11.858799934387207,239,0.0,0.0
2024-10-09 15:11:00-04:00,11.858099937438965,11.858099937438965,11.835000038146973,11.835000038146973,252,0.0,0.0
2024-10-09 15:13:00-04:00,11.809000015258789,11.829999923706055,11.809000015258789,11.829999923706055,1240,0.0,0.0
2024-10-09 15:16:00-04:00,11.800000190734863,11.850899696350098,11.800000190734863,11.850899696350098,418,0.0,0.0
2024-10-09 15:18:00-04:00,11.819999694824219,11.819999694824219,11.819999694824219,11.819999694824219,352,0.0,0.0
2024-10-09 15:20:00-04:00,11.819999694824219,11.819999694824219,11.819999694824219,11.819999694824219,909,0.0,0.0
2024-10-09 15:21:00-04:00,11.824999809265137,11.824999809265137,11.789999961853027,11.789999961853027,357,0.0,0.0
2024-10-09 15:22:00-04:00,11.819999694824219,11.819999694824219,11.819999694824219,11.819999694824219,269,0.0,0.0
2024-10-09 15:23:00-04:00,11.819999694824219,11.819999694824219,11.819999694824219,11.819999694824219,356,0.0,0.0
2024-10-09 15:24:00-04:00,11.829999923706055,11.843199729919434,11.829999923706055,11.843199729919434,489,0.0,0.0
2024-10-09 15:25:00-04:00,11.8100004196167,11.8100004196167,11.8100004196167,11.8100004196167,1403,0.0,0.0
2024-10-09 15:26:00-04:00,11.823699951171875,11.823699951171875,11.823699951171875,11.823699951171875,336,0.0,0.0
2024-10-09 15:30:00-04:00,11.770000457763672,11.770000457763672,11.770000457763672,11.770000457763672,357,0.0,0.0
2024-10-09 15:31:00-04:00,11.805000305175781,11.805000305175781,11.805000305175781,11.805000305175781,313,0.0,0.0
2024-10-09 15:32:00-04:00,11.819999694824219,11.819999694824219,11.802000045776367,11.810500144958496,845,0.0,0.0
2024-10-09 15:33:00-04:00,11.803999900817871,11.803999900817871,11.800000190734863,11.800000190734863,918,0.0,0.0
2024-10-09 15:34:00-04:00,11.770000457763672,11.770000457763672,11.770000457763672,11.770000457763672,386,0.0,0.0
2024-10-09 15:35:00-04:00,11.760100364685059,11.760100364685059,11.760100364685059,11.760100364685059,422,0.0,0.0
2024-10-09 15:36:00-04:00,11.760100364685059,11.760100364685059,11.760100364685059,11.760100364685059,472,0.0,0.0
2024-10-09 15:39:00-04:00,11.760000228881836,11.760000228881836,11.760000228881836,11.760000228881836,511,0.0,0.0
2024-10-09 15:40:00-04:00,11.770000457763672,11.789999961853027,11.76990032196045,11.789999961853027,2128,0.0,0.0
2024-10-09 15:41:00-04:00,11.779999732971191,11.8100004196167,11.779999732971191,11.8100004196167,2214,0.0,0.0
2024-10-09 15:42:00-04:00,11.829999923706055,11.829999923706055,11.770000457763672,11.809599876403809,2129,0.0,0.0
2024-10-09 15:46:00-04:00,11.772000312805176,11.772000312805176,11.772000312805176,11.772000312805176,324,0.0,0.0
2024-10-09 15:48:00-04:00,11.770000457763672,11.770000457763672,11.760000228881836,11.760000228881836,1199,0.0,0.0
2024-10-09 15:49:00-04:00,11.779999732971191,11.789999961853027,11.779999732971191,11.78499984741211,1867,0.0,0.0
2024-10-09 15:50:00-04:00,11.774999618530273,11.800000190734863,11.763999938964844,11.800000190734863,6260,0.0,0.0
2024-10-09 15:52:00-04:00,11.8149995803833,11.82610034942627,11.8149995803833,11.82610034942627,338,0.0,0.0
2024-10-09 15:54:00-04:00,11.8149995803833,11.8149995803833,11.8149995803833,11.8149995803833,756,0.0,0.0
2024-10-09 15:55:00-04:00,11.800000190734863,11.84000015258789,11.800000190734863,11.84000015258789,2751,0.0,0.0
2024-10-09 15:57:00-04:00,11.829999923706055,11.829999923706055,11.819999694824219,11.824999809265137,2664,0.0,0.0
2024-10-09 15:58:00-04:00,11.821999549865723,11.850000381469727,11.821999549865723,11.850000381469727,2739,0.0,0.0
2024-10-09 15:59:00-04:00,11.859999656677246,11.869999885559082,11.850000381469727,11.859999656677246,7305,0.0,0.0
2024-10-10 09:30:00-04:00,11.819999694824219,11.989999771118164,11.819999694824219,11.989999771118164,8592,0.0,0.0
2024-10-10 09:32:00-04:00,12.006099700927734,12.006099700927734,12.006099700927734,12.006099700927734,201,0.0,0.0
2024-10-10 09:33:00-04:00,11.979999542236328,11.979999542236328,11.979999542236328,11.979999542236328,779,0.0,0.0
2024-10-10 09:34:00-04:00,12.039999961853027,12.039999961853027,11.9399995803833,11.9399995803833,359,0.0,0.0
2024-10-10 09:36:00-04:00,12.029999732971191,12.029999732971191,12.029999732971191,12.029999732971191,172,0.0,0.0
2024-10-10 09:37:00-04:00,12.079999923706055,12.079999923706055,12.043899536132812,12.043899536132812,2692,0.0,0.0
2024-10-10 09:38:00-04:00,12.06149959564209,12.06149959564209,12.06149959564209,12.06149959564209,111,0.0,0.0
2024-10-10 09:40:00-04:00,11.978400230407715,11.978400230407715,11.978400230407715,11.978400230407715,393,0.0,0.0
2024-10-10 09:42:00-04:00,11.979999542236328,11.979999542236328,11.970000267028809,11.970000267028809,1227,0.0,0.0
2024-10-10 09:43:00-04:00,11.90999984741211,11.90999984741211,11.899999618530273,11.899999618530273,1829,0.0,0.0
2024-10-10 09:44:00-04:00,11.908599853515625,11.908599853515625,11.908599853515625,11.908599853515625,1203,0.0,0.0
2024-10-10 09:49:00-04:00,11.800000190734863,11.800000190734863,11.760000228881836,11.770000457763672,5018,0.0,0.0
2024-10-10 09:50:00-04:00,11.7475004196167,11.7475004196167,11.7475004196167,11.7475004196167,241,0.0,0.0
2024-10-10 09:51:00-04:00,11.75,11.75,11.75,11.75,1068,0.0,0.0
2024-10-10 09:52:00-04:00,11.75,11.75,11.75,11.75,191,0.0,0.0
2024-10-10 09:53:00-04:00,11.748000144958496,11.748000144958496,11.748000144958496,11.748000144958496,8510,0.0,0.0
2024-10-10 09:55:00-04:00,11.810099601745605,11.810099601745605,11.810099601745605,11.810099601745605,209,0.0,0.0
2024-10-10 09:58:00-04:00,11.8100004196167,11.8100004196167,11.8100004196167,11.8100004196167,368,0.0,0.0
2024-10-10 10:00:00-04:00,11.8100004196167,11.8100004196167,11.8100004196167,11.8100004196167,201,0.0,0.0
2024-10-10 10:02:00-04:00,11.829899787902832,11.829899787902832,11.777999877929688,11.777999877929688,936,0.0,0.0
2024-10-10 10:07:00-04:00,11.829999923706055,11.829999923706055,11.829899787902832,11.829899787902832,1117,0.0,0.0
2024-10-10 10:11:00-04:00,11.760000228881836,11.760000228881836,11.760000228881836,11.760000228881836,232,0.0,0.0
2024-10-10 10:15:00-04:00,11.75,11.75,11.75,11.75,1285,0.0,0.0
2024-10-10 10:19:00-04:00,11.699999809265137,11.699999809265137,11.600000381469727,11.640000343322754,6728,0.0,0.0
2024-10-10 10:20:00-04:00,11.670000076293945,11.670000076293945,11.670000076293945,11.670000076293945,206,0.0,0.0
2024-10-10 10:21:00-04:00,11.675000190734863,11.675000190734863,11.675000190734863,11.675000190734863,730,0.0,0.0
2024-10-10 10:22:00-04:00,11.710000038146973,11.710000038146973,11.710000038146973,11.710000038146973,225,0.0,0.0
2024-10-10 10:25:00-04:00,11.75,11.75,11.75,11.75,530,0.0,0.0
2024-10-10 10:29:00-04:00,11.75,11.75,11.75,11.75,1590,0.0,0.0
2024-10-10 10:31:00-04:00,11.743900299072266,11.743900299072266,11.708000183105469,11.708000183105469,581,0.0,0.0
2024-10-10 10:35:00-04:00,11.729999542236328,11.729999542236328,11.729999542236328,11.729999542236328,658,0.0,0.0
2024-10-10 10:41:00-04:00,11.770000457763672,11.770000457763672,11.760000228881836,11.760000228881836,300,0.0,0.0
2024-10-10 10:42:00-04:00,11.75,11.75,11.75,11.75,872,0.0,0.0
2024-10-10 10:44:00-04:00,11.755000114440918,11.755000114440918,11.755000114440918,11.755000114440918,127,0.0,0.0
2024-10-10 10:45:00-04:00,11.760000228881836,11.760000228881836,11.760000228881836,11.760000228881836,265,0.0,0.0
2024-10-10 10:48:00-04:00,11.77299976348877,11.77299976348877,11.77299976348877,11.77299976348877,212,0.0,0.0
2024-10-10 10:50:00-04:00,11.770000457763672,11.770000457763672,11.770000457763672,11.770000457763672,3384,0.0,0.0
2024-10-10 10:51:00-04:00,11.8100004196167,11.8100004196167,11.8100004196167,11.8100004196167,0,0.0,0.0
2024-10-10 10:52:00-04:00,11.8100004196167,11.8100004196167,11.8100004196167,11.8100004196167,200,0.0,0.0
2024-10-10 10:53:00-04:00,11.819999694824219,11.819999694824219,11.800000190734863,11.800000190734863,866,0.0,0.0
2024-10-10 10:54:00-04:00,11.730500221252441,11.730500221252441,11.730500221252441,11.730500221252441,587,0.0,0.0
2024-10-10 10:56:00-04:00,11.6899995803833,11.6899995803833,11.666399955749512,11.666399955749512,358,0.0,0.0
2024-10-10 10:57:00-04:00,11.680000305175781,11.680000305175781,11.680000305175781,11.680000305175781,204,0.0,0.0
2024-10-10 10:59:00-04:00,11.6850004196167,11.6850004196167,11.664999961853027,11.664999961853027,571,0.0,0.0
2024-10-10 11:01:00-04:00,11.699999809265137,11.699999809265137,11.699999809265137,11.699999809265137,294,0.0,0.0
2024-10-10 11:05:00-04:00,11.760000228881836,11.760000228881836,11.760000228881836,11.760000228881836,564,0.0,0.0
2024-10-10 11:17:00-04:00,11.75,11.75,11.75,11.75,364,0.0,0.0
2024-10-10 11:20:00-04:00,11.75,11.75,11.739999771118164,11.739999771118164,1130,0.0,0.0
2024-10-10 11:27:00-04:00,11.764399528503418,11.764399528503418,11.764399528503418,11.764399528503418,699,0.0,0.0
2024-10-10 11:30:00-04:00,11.770000457763672,11.770000457763672,11.770000457763672,11.770000457763672,170,0.0,0.0
2024-10-10 11:33:00-04:00,11.74839973449707,11.74839973449707,11.74839973449707,11.74839973449707,1410,0.0,0.0
2024-10-10 11:38:00-04:00,11.833600044250488,11.833600044250488,11.833600044250488,11.833600044250488,3849,0.0,0.0
2024-10-10 11:56:00-04:00,11.869999885559082,11.869999885559082,11.869999885559082,11.869999885559082,144,0.0,0.0
2024-10-10 11:59:00-04:00,11.939900398254395,11.949999809265137,11.939900398254395,11.949999809265137,812,0.0,0.0
2024-10-10 12:00:00-04:00,11.949999809265137,11.949999809265137,11.899999618530273,11.899999618530273,1525,0.0,0.0
2024-10-10 12:01:00-04:00,11.920000076293945,11.9399995803833,11.899999618530273,11.899999618530273,732,0.0,0.0
2024-10-10 12:13:00-04:00,11.899999618530273,11.899999618530273,11.899999618530273,11.899999618530273,881,0.0,0.0
2024-10-10 12:16:00-04:00,11.890000343322754,11.890000343322754,11.890000343322754,11.890000343322754,492,0.0,0.0
2024-10-10 12:18:00-04:00,11.859999656677246,11.859999656677246,11.859999656677246,11.859999656677246,564,0.0,0.0
2024-10-10 12:20:00-04:00,11.869999885559082,11.869999885559082,11.869999885559082,11.869999885559082,205,0.0,0.0
2024-10-10 12:21:00-04:00,11.876999855041504,11.876999855041504,11.876999855041504,11.876999855041504,111,0.0,0.0
2024-10-10 12:26:00-04:00,11.880000114440918,11.880000114440918,11.880000114440918,11.880000114440918,195,0.0,0.0
2024-10-10 12:31:00-04:00,11.850000381469727,11.850000381469727,11.850000381469727,11.850000381469727,416,0.0,0.0
2024-10-10 12:33:00-04:00,11.859999656677246,11.859999656677246,11.859999656677246,11.859999656677246,429,0.0,0.0
2024-10-10 12:42:00-04:00,11.852700233459473,11.852700233459473,11.852700233459473,11.852700233459473,832,0.0,0.0
2024-10-10 12:45:00-04:00,11.829999923706055,11.829999923706055,11.829999923706055,11.829999923706055,539,0.0,0.0
2024-10-10 12:46:00-04:00,11.835000038146973,11.835000038146973,11.835000038146973,11.835000038146973,178,0.0,0.0
2024-10-10 12:48:00-04:00,11.835000038146973,11.835000038146973,11.835000038146973,11.835000038146973,1401,0.0,0.0
2024-10-10 12:55:00-04:00,11.809499740600586,11.809499740600586,11.809499740600586,11.809499740600586,2095,0.0,0.0
2024-10-10 12:58:00-04:00,11.796299934387207,11.800000190734863,11.789999961853027,11.789999961853027,1658,0.0,0.0
2024-10-10 12:59:00-04:00,11.779999732971191,11.779999732971191,11.779999732971191,11.779999732971191,2753,0.0,0.0
2024-10-10 13:04:00-04:00,11.808899879455566,11.829999923706055,11.808899879455566,11.829999923706055,611,0.0,0.0
2024-10-10 13:10:00-04:00,11.86989974975586,11.86989974975586,11.86989974975586,11.86989974975586,949,0.0,0.0
2024-10-10 13:18:00-04:00,11.939900398254395,11.939900398254395,11.939900398254395,11.939900398254395,732,0.0,0.0
2024-10-10 13:23:00-04:00,11.899999618530273,11.899999618530273,11.899999618530273,11.899999618530273,276,0.0,0.0
2024-10-10 13:25:00-04:00,11.9399995803833,11.960000038146973,11.899999618530273,11.960000038146973,1505,0.0,0.0
2024-10-10 13:26:00-04:00,11.938199996948242,11.938199996948242,11.920000076293945,11.920000076293945,2350,0.0,0.0
2024-10-10 13:30:00-04:00,11.931699752807617,11.931699752807617,11.931699752807617,11.931699752807617,579,0.0,0.0
2024-10-10 13:31:00-04:00,11.930000305175781,11.930000305175781,11.930000305175781,11.930000305175781,500,0.0,0.0
2024-10-10 13:32:00-04:00,11.930000305175781,11.930000305175781,11.90999984741211,11.90999984741211,322,0.0,0.0
2024-10-10 13:33:00-04:00,11.931599617004395,11.931599617004395,11.90999984741211,11.930000305175781,854,0.0,0.0
2024-10-10 13:34:00-04:00,11.9399995803833,11.9399995803833,11.890000343322754,11.890000343322754,1229,0.0,0.0
2024-10-10 13:35:00-04:00,11.889200210571289,11.890000343322754,11.880000114440918,11.890000343322754,3408,0.0,0.0
2024-10-10 13:38:00-04:00,11.890000343322754,11.899999618530273,11.890000343322754,11.899999618530273,1001,0.0,0.0
2024-10-10 13:40:00-04:00,11.88010025024414,11.930000305175781,11.88010025024414,11.930000305175781,979,0.0,0.0
2024-10-10 13:46:00-04:00,11.949999809265137,11.970000267028809,11.949999809265137,11.970000267028809,430,0.0,0.0
2024-10-10 13:48:00-04:00,11.954999923706055,11.954999923706055,11.930000305175781,11.930000305175781,2029,0.0,0.0
2024-10-10 13:49:00-04:00,11.930000305175781,11.9399995803833,11.887499809265137,11.9399995803833,912,0.0,0.0
2024-10-10 13:50:00-04:00,11.904999732971191,11.904999732971191,11.904999732971191,11.904999732971191,640,0.0,0.0
2024-10-10 13:51:00-04:00,11.90999984741211,11.930000305175781,11.90999984741211,11.930000305175781,973,0.0,0.0
2024-10-10 13:52:00-04:00,11.895000457763672,11.895000457763672,11.890000343322754,11.890000343322754,491,0.0,0.0
2024-10-10 13:53:00-04:00,11.890000343322754,11.890000343322754,11.890000343322754,11.890000343322754,717,0.0,0.0
2024-10-10 14:00:00-04:00,11.819999694824219,11.819999694824219,11.819999694824219,11.819999694824219,134,0.0,0.0
2024-10-10 14:01:00-04:00,11.819999694824219,11.819999694824219,11.819999694824219,11.819999694824219,388,0.0,0.0
2024-10-10 14:06:00-04:00,11.84000015258789,11.84000015258789,11.84000015258789,11.84000015258789,172,0.0,0.0
2024-10-10 14:08:00-04:00,11.800000190734863,11.800000190734863,11.800000190734863,11.800000190734863,136,0.0,0.0
2024-10-10 14:11:00-04:00,11.835000038146973,11.835000038146973,11.835000038146973,11.835000038146973,664,0.0,0.0
2024-10-10 14:26:00-04:00,11.8100004196167,11.8100004196167,11.8100004196167,11.8100004196167,112,0.0,0.0
2024-10-10 14:27:00-04:00,11.8100004196167,11.8100004196167,11.720000267028809,11.75,2968,0.0,0.0
2024-10-10 14:28:00-04:00,11.770000457763672,11.770000457763672,11.760000228881836,11.760000228881836,969,0.0,0.0
2024-10-10 14:43:00-04:00,11.739999771118164,11.739999771118164,11.739999771118164,11.739999771118164,228,0.0,0.0
2024-10-10 14:50:00-04:00,11.720000267028809,11.720000267028809,11.720000267028809,11.720000267028809,101,0.0,0.0
2024-10-10 14:57:00-04:00,11.749699592590332,11.749699592590332,11.749699592590332,11.749699592590332,226,0.0,0.0
2024-10-10 15:00:00-04:00,11.753999710083008,11.753999710083008,11.753999710083008,11.753999710083008,369,0.0,0.0
2024-10-10 15:05:00-04:00,11.75,11.75,11.680000305175781,11.699999809265137,2479,0.0,0.0
2024-10-10 15:11:00-04:00,11.719900131225586,11.720000267028809,11.719900131225586,11.720000267028809,455,0.0,0.0
2024-10-10 15:18:00-04:00,11.75,11.789999961853027,11.75,11.789999961853027,10338,0.0,0.0
2024-10-10 15:19:00-04:00,11.869999885559082,11.869999885559082,11.8326997756958,11.835000038146973,1022,0.0,0.0
2024-10-10 15:20:00-04:00,11.84000015258789,11.84000015258789,11.84000015258789,11.84000015258789,133,0.0,0.0
2024-10-10 15:27:00-04:00,11.845000267028809,11.845000267028809,11.845000267028809,11.845000267028809,402,0.0,0.0
2024-10-10 15:31:00-04:00,11.850000381469727,11.850000381469727,11.850000381469727,11.850000381469727,400,0.0,0.0
2024-10-10 15:32:00-04:00,11.869999885559082,11.869999885559082,11.869999885559082,11.869999885559082,1105,0.0,0.0
2024-10-10 15:38:00-04:00,11.864999771118164,11.864999771118164,11.864999771118164,11.864999771118164,304,0.0,0.0
2024-10-10 15:41:00-04:00,11.896599769592285,11.896599769592285,11.896599769592285,11.896599769592285,839,0.0,0.0
2024-10-10 15:42:00-04:00,11.885000228881836,11.885000228881836,11.869999885559082,11.869999885559082,1620,0.0,0.0
2024-10-10 15:45:00-04:00,11.890000343322754,11.890000343322754,11.890000343322754,11.890000343322754,739,0.0,0.0
2024-10-10 15:46:00-04:00,11.90999984741211,11.90999984741211,11.90999984741211,11.90999984741211,475,0.0,0.0
2024-10-10 15:48:00-04:00,11.90999984741211,11.925399780273438,11.885000228881836,11.885000228881836,1269,0.0,0.0
2024-10-10 15:49:00-04:00,11.885000228881836,11.885000228881836,11.885000228881836,11.885000228881836,200,0.0,0.0
2024-10-10 15:51:00-04:00,11.885000228881836,11.885000228881836,11.880000114440918,11.880000114440918,720,0.0,0.0
2024-10-10 15:54:00-04:00,11.885000228881836,11.885000228881836,11.885000228881836,11.885000228881836,702,0.0,0.0
2024-10-10 15:55:00-04:00,11.890000343322754,11.890000343322754,11.890000343322754,11.890000343322754,435,0.0,0.0
2024-10-10 15:56:00-04:00,11.869999885559082,11.899999618530273,11.869999885559082,11.880000114440918,3009,0.0,0.0
2024-10-10 15:57:00-04:00,11.880000114440918,11.880000114440918,11.869999885559082,11.875,3756,0.0,0.0
2024-10-10 15:59:00-04:00,11.899999618530273,11.90999984741211,11.880000114440918,11.90999984741211,4201,0.0,0.0
2024-10-11 09:30:00-04:00,11.84000015258789,11.84000015258789,11.8149995803833,11.8149995803833,2982,0.0,0.0
2024-10-11 09:31:00-04:00,11.8149995803833,11.8149995803833,11.8149995803833,11.8149995803833,268,0.0,0.0
2024-10-11 09:32:00-04:00,11.756999969482422,11.756999969482422,11.756999969482422,11.756999969482422,742,0.0,0.0
2024-10-11 09:36:00-04:00,11.879899978637695,11.879899978637695,11.879899978637695,11.879899978637695,4035,0.0,0.0
2024-10-11 09:38:00-04:00,11.899999618530273,11.989999771118164,11.899999618530273,11.989999771118164,11838,0.0,0.0
2024-10-11 09:39:00-04:00,12.045000076293945,12.229499816894531,12.045000076293945,12.220000267028809,5913,0.0,0.0
2024-10-11 09:40:00-04:00,12.199899673461914,12.199899673461914,12.14579963684082,12.14579963684082,1844,0.0,0.0
2024-10-11 09:42:00-04:00,12.100299835205078,12.100299835205078,12.09000015258789,12.09000015258789,3648,0.0,0.0
2024-10-11 09:43:00-04:00,12.010000228881836,12.010000228881836,12.010000228881836,12.010000228881836,204,0.0,0.0
2024-10-11 09:44:00-04:00,12.010000228881836,12.010000228881836,12.010000228881836,12.010000228881836,359,0.0,0.0
2024-10-11 09:45:00-04:00,12.039999961853027,12.105899810791016,12.039999961853027,12.105899810791016,1947,0.0,0.0
2024-10-11 09:46:00-04:00,12.0600004196167,12.069999694824219,12.0600004196167,12.0600004196167,442,0.0,0.0
2024-10-11 09:47:00-04:00,12.095000267028809,12.095000267028809,12.095000267028809,12.095000267028809,295,0.0,0.0
2024-10-11 09:49:00-04:00,12.14799976348877,12.14799976348877,12.14799976348877,12.14799976348877,165,0.0,0.0
2024-10-11 09:50:00-04:00,12.180000305175781,12.180000305175781,12.180000305175781,12.180000305175781,468,0.0,0.0
2024-10-11 09:51:00-04:00,12.180000305175781,12.25,12.149999618530273,12.149999618530273,9545,0.0,0.0
2024-10-11 09:52:00-04:00,12.211999893188477,12.211999893188477,12.211999893188477,12.211999893188477,998,0.0,0.0
2024-10-11 09:54:00-04:00,12.14799976348877,12.14799976348877,12.119999885559082,12.119999885559082,1805,0.0,0.0
2024-10-11 09:55:00-04:00,12.119999885559082,12.119999885559082,12.119999885559082,12.119999885559082,326,0.0,0.0
2024-10-11 09:57:00-04:00,12.119999885559082,12.119999885559082,12.119999885559082,12.119999885559082,116,0.0,0.0
2024-10-11 09:58:00-04:00,12.069999694824219,12.069999694824219,12.069999694824219,12.069999694824219,600,0.0,0.0
2024-10-11 09:59:00-04:00,12.063699722290039,12.063699722290039,12.063699722290039,12.063699722290039,56,0.0,0.0
2024-10-11 10:03:00-04:00,12.103599548339844,12.103599548339844,12.103599548339844,12.103599548339844,477,0.0,0.0
2024-10-11 10:04:00-04:00,11.970000267028809,12.10099983215332,11.970000267028809,11.970000267028809,1606,0.0,0.0
2024-10-11 10:09:00-04:00,12.021200180053711,12.021200180053711,12.021200180053711,12.021200180053711,1000,0.0,0.0
2024-10-11 10:11:00-04:00,12.0600004196167,12.100000381469727,12.0600004196167,12.07450008392334,6110,0.0,0.0
2024-10-11 10:12:00-04:00,12.100000381469727,12.100000381469727,12.079999923706055,12.079999923706055,479,0.0,0.0
2024-10-11 10:13:00-04:00,12.050000190734863,12.050000190734863,12.050000190734863,12.050000190734863,3288,0.0,0.0
2024-10-11 10:14:00-04:00,12.020000457763672,12.020000457763672,12.020000457763672,12.020000457763672,555,0.0,0.0
2024-10-11 10:17:00-04:00,12.024999618530273,12.024999618530273,12.024999618530273,12.024999618530273,150,0.0,0.0
2024-10-11 10:18:00-04:00,12.029999732971191,12.029999732971191,12.029999732971191,12.029999732971191,4961,0.0,0.0
2024-10-11 10:20:00-04:00,12.149900436401367,12.149999618530273,12.149900436401367,12.149999618530273,524,0.0,0.0
2024-10-11 10:22:00-04:00,12.104900360107422,12.104900360107422,12.104900360107422,12.104900360107422,1000,0.0,0.0
2024-10-11 10:23:00-04:00,12.112600326538086,12.112600326538086,12.095000267028809,12.095000267028809,188,0.0,0.0
2024-10-11 10:26:00-04:00,12.095000267028809,12.095000267028809,12.095000267028809,12.095000267028809,526,0.0,0.0
2024-10-11 10:27:00-04:00,12.148900032043457,12.148900032043457,12.148900032043457,12.148900032043457,1079,0.0,0.0
2024-10-11 10:28:00-04:00,12.100000381469727,12.100000381469727,12.100000381469727,12.100000381469727,551,0.0,0.0
2024-10-11 10:29:00-04:00,12.119199752807617,12.149999618530273,12.119199752807617,12.149999618530273,555,0.0,0.0
2024-10-11 10:30:00-04:00,12.149999618530273,12.149999618530273,12.144100189208984,12.144100189208984,340,0.0,0.0
2024-10-11 10:32:00-04:00,12.119999885559082,12.130000114440918,12.119999885559082,12.130000114440918,1432,0.0,0.0
2024-10-11 10:37:00-04:00,12.101900100708008,12.149999618530273,12.101900100708008,12.149999618530273,1528,0.0,0.0
2024-10-11 10:39:00-04:00,12.149999618530273,12.199999809265137,12.149999618530273,12.199999809265137,5481,0.0,0.0
2024-10-11 10:40:00-04:00,12.210000038146973,12.25,12.210000038146973,12.244999885559082,5285,0.0,0.0
2024-10-11 10:41:00-04:00,12.274700164794922,12.289999961853027,12.274700164794922,12.289999961853027,323,0.0,0.0
2024-10-11 10:42:00-04:00,12.229999542236328,12.289999961853027,12.199999809265137,12.289999961853027,5033,0.0,0.0
2024-10-11 10:43:00-04:00,12.258399963378906,12.258399963378906,12.258399963378906,12.258399963378906,19,0.0,0.0
2024-10-11 10:46:00-04:00,12.289999961853027,12.289999961853027,12.289999961853027,12.289999961853027,393,0.0,0.0
2024-10-11 10:48:00-04:00,12.267200469970703,12.267200469970703,12.267200469970703,12.267200469970703,490,0.0,0.0
2024-10-11 10:49:00-04:00,12.270000457763672,12.270000457763672,12.270000457763672,12.270000457763672,643,0.0,0.0
2024-10-11 10:50:00-04:00,12.270000457763672,12.300000190734863,12.270000457763672,12.289999961853027,3716,0.0,0.0
2024-10-11 10:51:00-04:00,12.289999961853027,12.289999961853027,12.270899772644043,12.270899772644043,923,0.0,0.0
2024-10-11 10:52:00-04:00,12.289999961853027,12.289999961853027,12.289999961853027,12.289999961853027,290,0.0,0.0
2024-10-11 10:54:00-04:00,12.289999961853027,12.375,12.289999961853027,12.375,13981,0.0,0.0
2024-10-11 10:55:00-04:00,12.380000114440918,12.380000114440918,12.364999771118164,12.364999771118164,600,0.0,0.0
2024-10-11 10:56:00-04:00,12.430000305175781,12.505000114440918,12.430000305175781,12.5,17335,0.0,0.0
2024-10-11 10:57:00-04:00,12.541999816894531,12.619999885559082,12.541999816894531,12.619999885559082,4386,0.0,0.0
2024-10-11 10:58:00-04:00,12.619999885559082,12.619999885559082,12.579999923706055,12.579999923706055,2897,0.0,0.0
2024-10-11 11:00:00-04:00,12.5600004196167,12.678999900817871,12.5600004196167,12.670000076293945,3520,0.0,0.0
2024-10-11 11:01:00-04:00,12.561200141906738,12.600000381469727,12.561200141906738,12.571999549865723,5377,0.0,0.0
2024-10-11 11:02:00-04:00,12.5600004196167,12.5600004196167,12.5,12.5,2162,0.0,0.0
2024-10-11 11:04:00-04:00,12.5,12.5,12.5,12.5,936,0.0,0.0
2024-10-11 11:05:00-04:00,12.5,12.5600004196167,12.5,12.5600004196167,6272,0.0,0.0
2024-10-11 11:08:00-04:00,12.524999618530273,12.524999618530273,12.524999618530273,12.524999618530273,131,0.0,0.0
2024-10-11 11:09:00-04:00,12.524999618530273,12.524999618530273,12.470000267028809,12.470000267028809,928,0.0,0.0
2024-10-11 11:10:00-04:00,12.449999809265137,12.449999809265137,12.380000114440918,12.380000114440918,636,0.0,0.0
2024-10-11 11:11:00-04:00,12.444700241088867,12.45829963684082,12.444700241088867,12.45829963684082,2784,0.0,0.0
2024-10-11 11:12:00-04:00,12.5,12.5,12.5,12.5,114,0.0,0.0
2024-10-11 11:13:00-04:00,12.5,12.5,12.5,12.5,572,0.0,0.0
2024-10-11 11:17:00-04:00,12.479999542236328,12.479999542236328,12.479999542236328,12.479999542236328,135,0.0,0.0
2024-10-11 11:18:00-04:00,12.470000267028809,12.479999542236328,12.470000267028809,12.479999542236328,813,0.0,0.0
2024-10-11 11:19:00-04:00,12.520000457763672,12.528300285339355,12.520000457763672,12.528300285339355,1462,0.0,0.0
2024-10-11 11:23:00-04:00,12.5600004196167,12.569999694824219,12.5600004196167,12.569999694824219,3425,0.0,0.0
2024-10-11 11:24:00-04:00,12.539999961853027,12.539999961853027,12.539999961853027,12.539999961853027,2286,0.0,0.0
2024-10-11 11:25:00-04:00,12.539999961853027,12.539999961853027,12.539999961853027,12.539999961853027,596,0.0,0.0
2024-10-11 11:26:00-04:00,12.520000457763672,12.520000457763672,12.520000457763672,12.520000457763672,957,0.0,0.0
2024-10-11 11:27:00-04:00,12.579999923706055,12.609999656677246,12.579999923706055,12.609999656677246,1104,0.0,0.0
2024-10-11 11:28:00-04:00,12.614999771118164,12.614999771118164,12.520000457763672,12.520000457763672,2660,0.0,0.0
2024-10-11 11:29:00-04:00,12.576000213623047,12.576000213623047,12.576000213623047,12.576000213623047,1022,0.0,0.0
2024-10-11 11:30:00-04:00,12.59000015258789,12.59000015258789,12.59000015258789,12.59000015258789,142,0.0,0.0
2024-10-11 11:31:00-04:00,12.59000015258789,12.59000015258789,12.59000015258789,12.59000015258789,418,0.0,0.0
2024-10-11 11:34:00-04:00,12.680000305175781,12.695899963378906,12.680000305175781,12.695899963378906,739,0.0,0.0
2024-10-11 11:35:00-04:00,12.699999809265137,12.699999809265137,12.649999618530273,12.649999618530273,2451,0.0,0.0
2024-10-11 11:37:00-04:00,12.640000343322754,12.670000076293945,12.609999656677246,12.670000076293945,4748,0.0,0.0
2024-10-11 11:39:00-04:00,12.619999885559082,12.619999885559082,12.619999885559082,12.619999885559082,2419,0.0,0.0
2024-10-11 11:40:00-04:00,12.649900436401367,12.649999618530273,12.649900436401367,12.649999618530273,799,0.0,0.0
2024-10-11 11:42:00-04:00,12.666899681091309,12.699999809265137,12.659899711608887,12.659899711608887,2273,0.0,0.0
2024-10-11 11:43:00-04:00,12.649999618530273,12.65999984741211,12.649999618530273,12.65999984741211,391,0.0,0.0
2024-10-11 11:44:00-04:00,12.670000076293945,12.670000076293945,12.633999824523926,12.640000343322754,5180,0.0,0.0
2024-10-11 11:46:00-04:00,12.65999984741211,12.65999984741211,12.65999984741211,12.65999984741211,176,0.0,0.0
2024-10-11 11:47:00-04:00,12.6899995803833,12.710000038146973,12.6899995803833,12.710000038146973,7587,0.0,0.0
2024-10-11 11:48:00-04:00,12.759400367736816,12.759400367736816,12.759400367736816,12.759400367736816,1151,0.0,0.0
2024-10-11 11:49:00-04:00,12.720000267028809,12.720000267028809,12.630000114440918,12.675600051879883,2568,0.0,0.0
2024-10-11 11:50:00-04:00,12.719900131225586,12.719900131225586,12.719900131225586,12.719900131225586,3077,0.0,0.0
2024-10-11 11:55:00-04:00,12.75,12.789199829101562,12.734999656677246,12.789199829101562,2016,0.0,0.0
2024-10-11 11:57:00-04:00,12.779999732971191,12.779999732971191,12.779999732971191,12.779999732971191,228,0.0,0.0
2024-10-11 11:59:00-04:00,12.779999732971191,12.819999694824219,12.760000228881836,12.760000228881836,8603,0.0,0.0
2024-10-11 12:00:00-04:00,12.770000457763672,12.770000457763672,12.770000457763672,12.770000457763672,1050,0.0,0.0
2024-10-11 12:01:00-04:00,12.770000457763672,12.770000457763672,12.770000457763672,12.770000457763672,427,0.0,0.0
2024-10-11 12:04:00-04:00,12.770000457763672,12.770000457763672,12.770000457763672,12.770000457763672,1164,0.0,0.0
2024-10-11 12:07:00-04:00,12.789999961853027,12.789999961853027,12.789999961853027,12.789999961853027,376,0.0,0.0
2024-10-11 12:09:00-04:00,12.770000457763672,12.774999618530273,12.760000228881836,12.774999618530273,1673,0.0,0.0
2024-10-11 12:11:00-04:00,12.770000457763672,12.78499984741211,12.770000457763672,12.78499984741211,788,0.0,0.0
2024-10-11 12:13:00-04:00,12.78499984741211,12.819999694824219,12.78499984741211,12.819999694824219,4207,0.0,0.0
2024-10-11 12:14:00-04:00,12.815999984741211,12.819999694824219,12.8149995803833,12.8149995803833,2830,0.0,0.0
2024-10-11 12:15:00-04:00,12.819899559020996,12.819899559020996,12.805000305175781,12.805000305175781,1709,0.0,0.0
2024-10-11 12:17:00-04:00,12.789999961853027,12.789999961853027,12.789999961853027,12.789999961853027,204,0.0,0.0
2024-10-11 12:18:00-04:00,12.800399780273438,12.800399780273438,12.800399780273438,12.800399780273438,242,0.0,0.0
2024-10-11 12:22:00-04:00,12.789999961853027,12.795000076293945,12.739999771118164,12.75,10126,0.0,0.0
2024-10-11 12:26:00-04:00,12.789999961853027,12.880000114440918,12.789999961853027,12.880000114440918,24834,0.0,0.0
2024-10-11 12:27:00-04:00,12.880000114440918,13.0,12.880000114440918,13.0,23037,0.0,0.0
2024-10-11 12:28:00-04:00,13.020099639892578,13.020099639892578,13.020099639892578,13.020099639892578,3060,0.0,0.0
2024-10-11 12:29:00-04:00,13.0,13.024999618530273,13.0,13.024999618530273,2613,0.0,0.0
2024-10-11 12:30:00-04:00,13.024999618530273,13.024999618530273,13.024999618530273,13.024999618530273,351,0.0,0.0
2024-10-11 12:32:00-04:00,13.050000190734863,13.050000190734863,13.050000190734863,13.050000190734863,549,0.0,0.0
2024-10-11 12:34:00-04:00,13.038700103759766,13.038700103759766,13.020099639892578,13.023500442504883,549,0.0,0.0
2024-10-11 12:35:00-04:00,13.039999961853027,13.0600004196167,12.979999542236328,12.979999542236328,3056,0.0,0.0
2024-10-11 12:36:00-04:00,13.013699531555176,13.013699531555176,12.90999984741211,12.949999809265137,7512,0.0,0.0
2024-10-11 12:37:00-04:00,12.93850040435791,12.93850040435791,12.930000305175781,12.930000305175781,5670,0.0,0.0
2024-10-11 12:38:00-04:00,12.933099746704102,12.933099746704102,12.933099746704102,12.933099746704102,972,0.0,0.0
2024-10-11 12:40:00-04:00,12.92300033569336,12.92300033569336,12.920000076293945,12.920000076293945,834,0.0,0.0
2024-10-11 12:41:00-04:00,12.904999732971191,12.904999732971191,12.904999732971191,12.904999732971191,799,0.0,0.0
2024-10-11 12:45:00-04:00,12.895000457763672,12.895000457763672,12.895000457763672,12.895000457763672,735,0.0,0.0
2024-10-11 12:48:00-04:00,12.899999618530273,12.899999618530273,12.899999618530273,12.899999618530273,171,0.0,0.0
2024-10-11 12:49:00-04:00,12.885899543762207,12.885899543762207,12.800000190734863,12.880000114440918,3053,0.0,0.0
2024-10-11 12:50:00-04:00,12.805000305175781,12.805000305175781,12.720000267028809,12.769700050354004,2060,0.0,0.0
2024-10-11 12:51:00-04:00,12.729999542236328,12.729999542236328,12.729999542236328,12.729999542236328,870,0.0,0.0
2024-10-11 12:53:00-04:00,12.740099906921387,12.740099906921387,12.740099906921387,12.740099906921387,249,0.0,0.0
2024-10-11 12:54:00-04:00,12.772000312805176,12.772000312805176,12.772000312805176,12.772000312805176,267,0.0,0.0
2024-10-11 12:55:00-04:00,12.784000396728516,12.784000396728516,12.784000396728516,12.784000396728516,249,0.0,0.0
2024-10-11 12:58:00-04:00,12.774999618530273,12.774999618530273,12.739999771118164,12.739999771118164,1172,0.0,0.0
2024-10-11 12:59:00-04:00,12.729999542236328,12.755000114440918,12.720000267028809,12.720000267028809,4460,0.0,0.0
2024-10-11 13:01:00-04:00,12.760299682617188,12.770000457763672,12.760299682617188,12.770000457763672,343,0.0,0.0
2024-10-11 13:03:00-04:00,12.770000457763672,12.800000190734863,12.770000457763672,12.800000190734863,1466,0.0,0.0
2024-10-11 13:07:00-04:00,12.854999542236328,12.854999542236328,12.854999542236328,12.854999542236328,750,0.0,0.0
2024-10-11 13:10:00-04:00,12.869999885559082,12.869999885559082,12.869999885559082,12.869999885559082,1147,0.0,0.0
2024-10-11 13:12:00-04:00,12.866000175476074,12.866000175476074,12.866000175476074,12.866000175476074,161,0.0,0.0
2024-10-11 13:13:00-04:00,12.864100456237793,12.864100456237793,12.864100456237793,12.864100456237793,456,0.0,0.0
2024-10-11 13:14:00-04:00,12.880000114440918,12.899999618530273,12.880000114440918,12.899999618530273,2414,0.0,0.0
2024-10-11 13:15:00-04:00,12.969099998474121,12.969099998474121,12.890000343322754,12.890000343322754,2859,0.0,0.0
2024-10-11 13:17:00-04:00,12.930000305175781,12.930000305175781,12.930000305175781,12.930000305175781,938,0.0,0.0
2024-10-11 13:18:00-04:00,12.899999618530273,12.899999618530273,12.899999618530273,12.899999618530273,826,0.0,0.0
2024-10-11 13:21:00-04:00,12.949999809265137,12.949999809265137,12.949999809265137,12.949999809265137,901,0.0,0.0
2024-10-11 13:24:00-04:00,12.946800231933594,12.946800231933594,12.928199768066406,12.928199768066406,516,0.0,0.0
2024-10-11 13:27:00-04:00,12.920000076293945,12.970000267028809,12.920000076293945,12.970000267028809,1031,0.0,0.0
2024-10-11 13:29:00-04:00,12.949999809265137,12.97249984741211,12.890000343322754,12.890000343322754,6048,0.0,0.0
2024-10-11 13:31:00-04:00,12.836000442504883,12.836000442504883,12.836000442504883,12.836000442504883,507,0.0,0.0
2024-10-11 13:32:00-04:00,12.838199615478516,12.850000381469727,12.838199615478516,12.850000381469727,1001,0.0,0.0
2024-10-11 13:33:00-04:00,12.876399993896484,12.876399993896484,12.876399993896484,12.876399993896484,1963,0.0,0.0
2024-10-11 13:35:00-04:00,12.890000343322754,12.890000343322754,12.890000343322754,12.890000343322754,136,0.0,0.0
2024-10-11 13:36:00-04:00,12.914999961853027,12.914999961853027,12.914999961853027,12.914999961853027,145,0.0,0.0
2024-10-11 13:38:00-04:00,12.90999984741211,12.90999984741211,12.90999984741211,12.90999984741211,367,0.0,0.0
2024-10-11 13:39:00-04:00,12.880000114440918,12.880000114440918,12.800000190734863,12.800000190734863,2327,0.0,0.0
2024-10-11 13:40:00-04:00,12.800000190734863,12.800000190734863,12.800000190734863,12.800000190734863,1074,0.0,0.0
2024-10-11 13:44:00-04:00,12.789999961853027,12.789999961853027,12.789999961853027,12.789999961853027,623,0.0,0.0
2024-10-11 13:52:00-04:00,12.864999771118164,12.864999771118164,12.864999771118164,12.864999771118164,328,0.0,0.0
2024-10-11 13:54:00-04:00,12.854999542236328,12.854999542236328,12.854999542236328,12.854999542236328,661,0.0,0.0
2024-10-11 13:56:00-04:00,12.829999923706055,12.829999923706055,12.819999694824219,12.819999694824219,319,0.0,0.0
2024-10-11 13:57:00-04:00,12.821999549865723,12.824999809265137,12.821999549865723,12.824999809265137,696,0.0,0.0
2024-10-11 14:00:00-04:00,12.895000457763672,12.895000457763672,12.895000457763672,12.895000457763672,929,0.0,0.0
2024-10-11 14:02:00-04:00,12.895000457763672,12.895000457763672,12.895000457763672,12.895000457763672,301,0.0,0.0
2024-10-11 14:04:00-04:00,12.895000457763672,12.895000457763672,12.895000457763672,12.895000457763672,408,0.0,0.0
2024-10-11 14:07:00-04:00,12.944999694824219,12.944999694824219,12.944999694824219,12.944999694824219,1030,0.0,0.0
2024-10-11 14:09:00-04:00,12.899999618530273,12.899999618530273,12.899999618530273,12.899999618530273,496,0.0,0.0
2024-10-11 14:12:00-04:00,12.895000457763672,12.895000457763672,12.895000457763672,12.895000457763672,373,0.0,0.0
2024-10-11 14:15:00-04:00,12.899999618530273,12.899999618530273,12.899999618530273,12.899999618530273,214,0.0,0.0
2024-10-11 14:20:00-04:00,12.880000114440918,12.880000114440918,12.850000381469727,12.850000381469727,1758,0.0,0.0
2024-10-11 14:23:00-04:00,12.875,12.875,12.850099563598633,12.850099563598633,605,0.0,0.0
2024-10-11 14:24:00-04:00,12.880000114440918,12.899999618530273,12.880000114440918,12.899999618530273,3655,0.0,0.0
2024-10-11 14:26:00-04:00,12.944999694824219,12.979999542236328,12.944999694824219,12.944999694824219,756,0.0,0.0
2024-10-11 14:27:00-04:00,12.949999809265137,12.949999809265137,12.949999809265137,12.949999809265137,1368,0.0,0.0
2024-10-11 14:29:00-04:00,12.989899635314941,12.989899635314941,12.989899635314941,12.989899635314941,679,0.0,0.0
2024-10-11 14:33:00-04:00,13.010000228881836,13.050000190734863,13.010000228881836,13.050000190734863,4403,0.0,0.0
2024-10-11 14:34:00-04:00,13.029999732971191,13.029999732971191,13.029999732971191,13.029999732971191,1043,0.0,0.0
2024-10-11 14:36:00-04:00,12.979900360107422,13.038700103759766,12.979900360107422,13.038700103759766,1132,0.0,0.0
2024-10-11 14:37:00-04:00,13.050000190734863,13.050000190734863,13.039999961853027,13.039999961853027,1227,0.0,0.0
2024-10-11 14:39:00-04:00,13.005999565124512,13.005999565124512,13.005999565124512,13.005999565124512,719,0.0,0.0
2024-10-11 14:40:00-04:00,13.029899597167969,13.029899597167969,13.029899597167969,13.029899597167969,189,0.0,0.0
2024-10-11 14:41:00-04:00,13.029999732971191,13.029999732971191,13.010000228881836,13.010000228881836,1672,0.0,0.0
2024-10-11 14:46:00-04:00,13.024999618530273,13.024999618530273,12.979999542236328,12.979999542236328,2496,0.0,0.0
2024-10-11 14:47:00-04:00,12.989999771118164,12.989999771118164,12.989999771118164,12.989999771118164,891,0.0,0.0
2024-10-11 14:52:00-04:00,13.038100242614746,13.038100242614746,13.038100242614746,13.038100242614746,202,0.0,0.0
2024-10-11 14:53:00-04:00,12.990099906921387,12.990099906921387,12.990099906921387,12.990099906921387,855,0.0,0.0
2024-10-11 14:56:00-04:00,13.020000457763672,13.020000457763672,13.020000457763672,13.020000457763672,850,0.0,0.0
2024-10-11 14:57:00-04:00,13.020000457763672,13.020000457763672,13.020000457763672,13.020000457763672,1309,0.0,0.0
2024-10-11 15:02:00-04:00,12.994999885559082,12.994999885559082,12.970000267028809,12.970000267028809,933,0.0,0.0
2024-10-11 15:03:00-04:00,12.890000343322754,13.005000114440918,12.890000343322754,13.005000114440918,2910,0.0,0.0
2024-10-11 15:05:00-04:00,13.017900466918945,13.017900466918945,13.017900466918945,13.017900466918945,2201,0.0,0.0
2024-10-11 15:10:00-04:00,13.020000457763672,13.067000389099121,13.020000457763672,13.067000389099121,3424,0.0,0.0
2024-10-11 15:12:00-04:00,13.0600004196167,13.0600004196167,13.0600004196167,13.0600004196167,464,0.0,0.0
2024-10-11 15:13:00-04:00,13.039999961853027,13.039999961853027,13.0,13.0,2188,0.0,0.0
2024-10-11 15:14:00-04:00,12.975000381469727,12.975000381469727,12.975000381469727,12.975000381469727,200,0.0,0.0
2024-10-11 15:15:00-04:00,13.0,13.020000457763672,13.0,13.020000457763672,1066,0.0,0.0
2024-10-11 15:16:00-04:00,12.984399795532227,13.020000457763672,12.979999542236328,13.020000457763672,893,0.0,0.0
2024-10-11 15:17:00-04:00,13.010000228881836,13.010000228881836,13.010000228881836,13.010000228881836,303,0.0,0.0
2024-10-11 15:18:00-04:00,12.970000267028809,12.970000267028809,12.96500015258789,12.96500015258789,517,0.0,0.0
2024-10-11 15:22:00-04:00,12.930000305175781,12.970000267028809,12.930000305175781,12.970000267028809,826,0.0,0.0
2024-10-11 15:24:00-04:00,13.0,13.0,13.0,13.0,732,0.0,0.0
2024-10-11 15:25:00-04:00,12.970000267028809,13.0,12.970000267028809,13.0,1418,0.0,0.0
2024-10-11 15:26:00-04:00,12.98490047454834,12.98490047454834,12.98490047454834,12.98490047454834,581,0.0,0.0
2024-10-11 15:29:00-04:00,13.022000312805176,13.022000312805176,13.022000312805176,13.022000312805176,236,0.0,0.0
2024-10-11 15:30:00-04:00,13.029999732971191,13.050000190734863,13.029999732971191,13.050000190734863,988,0.0,0.0
2024-10-11 15:31:00-04:00,13.0600004196167,13.0600004196167,13.0600004196167,13.0600004196167,1249,0.0,0.0
2024-10-11 15:32:00-04:00,13.095000267028809,13.095000267028809,13.095000267028809,13.095000267028809,565,0.0,0.0
2024-10-11 15:33:00-04:00,13.050000190734863,13.050000190734863,13.050000190734863,13.050000190734863,1847,0.0,0.0
2024-10-11 15:37:00-04:00,13.09000015258789,13.09000015258789,13.09000015258789,13.09000015258789,10289,0.0,0.0
2024-10-11 15:38:00-04:00,13.130000114440918,13.140000343322754,13.119999885559082,13.140000343322754,1461,0.0,0.0
2024-10-11 15:39:00-04:00,13.125,13.125,13.125,13.125,467,0.0,0.0
2024-10-11 15:40:00-04:00,13.109999656677246,13.109999656677246,13.0,13.0,7404,0.0,0.0
2024-10-11 15:41:00-04:00,13.0,13.0,12.989999771118164,12.989999771118164,963,0.0,0.0
2024-10-11 15:42:00-04:00,12.949999809265137,12.949999809265137,12.890000343322754,12.890000343322754,6261,0.0,0.0
2024-10-11 15:43:00-04:00,12.904999732971191,12.930000305175781,12.880000114440918,12.930000305175781,5478,0.0,0.0
2024-10-11 15:44:00-04:00,12.939900398254395,12.939900398254395,12.939900398254395,12.939900398254395,183,0.0,0.0
2024-10-11 15:45:00-04:00,12.904999732971191,12.904999732971191,12.904999732971191,12.904999732971191,988,0.0,0.0
2024-10-11 15:47:00-04:00,12.899999618530273,12.899999618530273,12.899999618530273,12.899999618530273,789,0.0,0.0
2024-10-11 15:48:00-04:00,12.899999618530273,12.899999618530273,12.864999771118164,12.864999771118164,1407,0.0,0.0
2024-10-11 15:50:00-04:00,12.869999885559082,12.90999984741211,12.869999885559082,12.90999984741211,1367,0.0,0.0
2024-10-11 15:53:00-04:00,12.906399726867676,12.90999984741211,12.890000343322754,12.890000343322754,3054,0.0,0.0
2024-10-11 15:55:00-04:00,12.899999618530273,12.960000038146973,12.899999618530273,12.960000038146973,2760,0.0,0.0
2024-10-11 15:56:00-04:00,12.949999809265137,12.989999771118164,12.949999809265137,12.965100288391113,7616,0.0,0.0
2024-10-11 15:57:00-04:00,12.989999771118164,12.989999771118164,12.970000267028809,12.98639965057373,2723,0.0,0.0
2024-10-11 15:58:00-04:00,12.979999542236328,12.989999771118164,12.970000267028809,12.989999771118164,7147,0.0,0.0
2024-10-11 15:59:00-04:00,12.984999656677246,13.020000457763672,12.979999542236328,13.020000457763672,4661,0.0,0.0
