Datetime,Open,High,Low,Close,Volume,Dividends,Stock Splits
2024-10-07 09:30:00-04:00,105.19999694824219,105.8489990234375,104.9000015258789,105.6500015258789,343928,0.0,0.0
2024-10-07 09:31:00-04:00,105.73999786376953,106.16000366210938,105.51010131835938,105.98999786376953,42772,0.0,0.0
2024-10-07 09:32:00-04:00,106.12000274658203,106.44999694824219,105.88999938964844,106.41000366210938,35472,0.0,0.0
2024-10-07 09:33:00-04:00,106.41999816894531,106.43119812011719,105.55999755859375,105.83000183105469,188740,0.0,0.0
2024-10-07 09:34:00-04:00,105.8949966430664,106.23999786376953,105.79000091552734,106.02999877929688,56982,0.0,0.0
2024-10-07 09:35:00-04:00,106.11499786376953,106.27780151367188,105.80999755859375,106.2300033569336,47588,0.0,0.0
2024-10-07 09:36:00-04:00,106.3759994506836,106.5,105.72000122070312,105.8499984741211,60683,0.0,0.0
2024-10-07 09:37:00-04:00,105.88999938964844,106.14959716796875,105.68000030517578,105.73999786376953,32084,0.0,0.0
2024-10-07 09:38:00-04:00,105.92500305175781,106.01000213623047,105.91000366210938,105.91000366210938,50659,0.0,0.0
2024-10-07 09:39:00-04:00,106.10990142822266,106.16100311279297,105.5,105.61000061035156,25082,0.0,0.0
2024-10-07 09:40:00-04:00,105.5,105.68000030517578,105.38079833984375,105.64900207519531,22679,0.0,0.0
2024-10-07 09:41:00-04:00,105.58999633789062,105.61000061035156,105.09500122070312,105.31999969482422,25342,0.0,0.0
2024-10-07 09:42:00-04:00,105.31169891357422,105.44999694824219,104.68000030517578,104.69499969482422,26304,0.0,0.0
2024-10-07 09:43:00-04:00,104.68000030517578,105.05000305175781,104.58709716796875,104.6500015258789,20703,0.0,0.0
2024-10-07 09:44:00-04:00,104.5999984741211,104.79000091552734,104.39669799804688,104.58499908447266,25728,0.0,0.0
2024-10-07 09:45:00-04:00,104.58999633789062,104.81500244140625,104.4800033569336,104.81500244140625,19992,0.0,0.0
2024-10-07 09:46:00-04:00,104.75,105.30149841308594,104.7300033569336,105.30000305175781,17025,0.0,0.0
2024-10-07 09:47:00-04:00,105.19850158691406,105.58999633789062,105.12259674072266,105.18000030517578,22659,0.0,0.0
2024-10-07 09:48:00-04:00,105.19000244140625,105.30999755859375,105.09010314941406,105.26000213623047,8650,0.0,0.0
2024-10-07 09:49:00-04:00,105.23999786376953,105.44999694824219,105.2300033569336,105.30000305175781,8952,0.0,0.0
2024-10-07 09:50:00-04:00,105.26499938964844,105.38999938964844,105.21009826660156,105.25,9828,0.0,0.0
2024-10-07 09:51:00-04:00,105.26000213623047,105.34839630126953,104.95999908447266,104.97000122070312,109143,0.0,0.0
2024-10-07 09:52:00-04:00,105.0,105.33000183105469,105.0,105.04000091552734,25160,0.0,0.0
2024-10-07 09:53:00-04:00,105.01000213623047,105.06500244140625,104.80999755859375,104.9000015258789,13147,0.0,0.0
2024-10-07 09:54:00-04:00,104.9800033569336,104.9800033569336,104.68000030517578,104.94000244140625,14355,0.0,0.0
2024-10-07 09:55:00-04:00,104.94000244140625,105.0999984741211,104.94000244140625,105.07499694824219,7602,0.0,0.0
2024-10-07 09:56:00-04:00,105.13379669189453,105.19999694824219,104.90010070800781,105.12590026855469,18865,0.0,0.0
2024-10-07 09:57:00-04:00,105.11060333251953,105.16000366210938,105.0,105.12999725341797,18308,0.0,0.0
2024-10-07 09:58:00-04:00,105.1801986694336,105.22000122070312,105.04000091552734,105.18000030517578,24912,0.0,0.0
2024-10-07 09:59:00-04:00,105.16000366210938,105.2249984741211,105.08000183105469,105.2249984741211,30717,0.0,0.0
2024-10-07 10:00:00-04:00,105.25,105.5199966430664,105.2249984741211,105.46499633789062,59334,0.0,0.0
2024-10-07 10:01:00-04:00,105.45999908447266,105.45999908447266,105.22000122070312,105.22000122070312,22160,0.0,0.0
2024-10-07 10:02:00-04:00,105.20999908447266,105.4124984741211,105.16000366210938,105.36000061035156,10119,0.0,0.0
2024-10-07 10:03:00-04:00,105.33000183105469,105.61029815673828,105.27999877929688,105.41999816894531,15031,0.0,0.0
2024-10-07 10:04:00-04:00,105.41999816894531,105.60990142822266,105.41999816894531,105.55000305175781,18050,0.0,0.0
2024-10-07 10:05:00-04:00,105.5,105.61000061035156,105.44000244140625,105.48999786376953,39341,0.0,0.0
2024-10-07 10:06:00-04:00,105.47000122070312,105.55999755859375,105.4000015258789,105.55999755859375,64673,0.0,0.0
2024-10-07 10:07:00-04:00,105.54499816894531,106.11990356445312,105.54499816894531,105.95999908447266,30137,0.0,0.0
2024-10-07 10:08:00-04:00,105.94999694824219,106.05000305175781,105.80999755859375,105.86000061035156,29516,0.0,0.0
2024-10-07 10:09:00-04:00,105.80000305175781,106.0999984741211,105.66999816894531,106.0999984741211,14446,0.0,0.0
2024-10-07 10:10:00-04:00,106.0719985961914,106.44000244140625,106.0719985961914,106.2300033569336,14583,0.0,0.0
2024-10-07 10:11:00-04:00,106.2300033569336,106.43080139160156,106.16999816894531,106.32499694824219,8908,0.0,0.0
2024-10-07 10:12:00-04:00,106.33000183105469,106.75,106.27249908447266,106.56999969482422,28901,0.0,0.0
2024-10-07 10:13:00-04:00,106.64949798583984,106.64949798583984,106.25,106.30000305175781,27756,0.0,0.0
2024-10-07 10:14:00-04:00,106.31999969482422,106.45999908447266,106.2300033569336,106.30999755859375,22344,0.0,0.0
2024-10-07 10:15:00-04:00,106.22000122070312,106.3790512084961,106.12000274658203,106.23500061035156,18372,0.0,0.0
2024-10-07 10:16:00-04:00,106.33000183105469,106.38999938964844,106.12999725341797,106.29000091552734,23047,0.0,0.0
2024-10-07 10:17:00-04:00,106.2300033569336,106.31999969482422,106.12999725341797,106.24500274658203,26606,0.0,0.0
2024-10-07 10:18:00-04:00,106.24500274658203,106.33000183105469,106.11399841308594,106.13999938964844,11824,0.0,0.0
2024-10-07 10:19:00-04:00,106.1500015258789,106.16000366210938,105.83999633789062,105.97000122070312,20728,0.0,0.0
2024-10-07 10:20:00-04:00,106.00499725341797,106.01950073242188,105.66729736328125,105.66729736328125,17962,0.0,0.0
2024-10-07 10:21:00-04:00,105.63999938964844,105.83000183105469,105.55000305175781,105.77999877929688,19605,0.0,0.0
2024-10-07 10:22:00-04:00,105.80000305175781,105.86000061035156,105.62000274658203,105.7699966430664,13098,0.0,0.0
2024-10-07 10:23:00-04:00,105.83000183105469,105.91999816894531,105.69010162353516,105.80770111083984,6047,0.0,0.0
2024-10-07 10:24:00-04:00,106.05000305175781,106.08000183105469,105.93499755859375,105.93499755859375,13264,0.0,0.0
2024-10-07 10:25:00-04:00,105.94499969482422,105.9800033569336,105.80999755859375,105.82499694824219,13225,0.0,0.0
2024-10-07 10:26:00-04:00,105.77999877929688,105.87000274658203,105.63009643554688,105.71499633789062,11726,0.0,0.0
2024-10-07 10:27:00-04:00,105.70999908447266,105.98989868164062,105.63500213623047,105.88999938964844,19110,0.0,0.0
2024-10-07 10:28:00-04:00,105.87000274658203,106.01000213623047,105.81999969482422,105.88600158691406,13654,0.0,0.0
2024-10-07 10:29:00-04:00,105.90499877929688,106.01000213623047,105.8499984741211,105.87999725341797,12218,0.0,0.0
2024-10-07 10:30:00-04:00,105.83999633789062,105.8499984741211,105.58000183105469,105.63870239257812,8679,0.0,0.0
2024-10-07 10:31:00-04:00,105.58000183105469,105.63999938964844,105.55000305175781,105.55000305175781,6077,0.0,0.0
2024-10-07 10:32:00-04:00,105.5199966430664,105.56999969482422,105.36000061035156,105.44499969482422,15083,0.0,0.0
2024-10-07 10:33:00-04:00,105.44499969482422,105.62000274658203,105.37000274658203,105.56999969482422,13571,0.0,0.0
2024-10-07 10:34:00-04:00,105.61499786376953,105.73989868164062,105.54000091552734,105.72000122070312,14704,0.0,0.0
2024-10-07 10:35:00-04:00,105.7300033569336,105.7300033569336,105.5199966430664,105.56999969482422,14051,0.0,0.0
2024-10-07 10:36:00-04:00,105.55999755859375,105.55999755859375,105.37999725341797,105.38999938964844,11668,0.0,0.0
2024-10-07 10:37:00-04:00,105.38500213623047,105.66999816894531,105.37999725341797,105.58999633789062,11724,0.0,0.0
2024-10-07 10:38:00-04:00,105.62989807128906,105.62999725341797,105.55000305175781,105.58399963378906,9074,0.0,0.0
2024-10-07 10:39:00-04:00,105.62000274658203,105.63999938964844,105.51010131835938,105.58499908447266,14185,0.0,0.0
2024-10-07 10:40:00-04:00,105.5813980102539,105.63999938964844,105.48999786376953,105.61000061035156,11363,0.0,0.0
2024-10-07 10:41:00-04:00,105.6500015258789,105.83000183105469,105.6500015258789,105.77999877929688,8293,0.0,0.0
2024-10-07 10:42:00-04:00,105.77999877929688,105.78500366210938,105.69999694824219,105.77999877929688,7214,0.0,0.0
2024-10-07 10:43:00-04:00,105.76499938964844,105.94499969482422,105.54000091552734,105.58499908447266,22773,0.0,0.0
2024-10-07 10:44:00-04:00,105.58499908447266,105.61000061035156,105.44999694824219,105.5250015258789,23615,0.0,0.0
2024-10-07 10:45:00-04:00,105.5250015258789,105.61869812011719,105.47000122070312,105.61869812011719,7894,0.0,0.0
2024-10-07 10:46:00-04:00,105.5199966430664,105.61000061035156,105.51000213623047,105.5199966430664,4809,0.0,0.0
2024-10-07 10:47:00-04:00,105.51000213623047,105.62000274658203,105.44999694824219,105.47000122070312,7314,0.0,0.0
2024-10-07 10:48:00-04:00,105.48999786376953,105.68499755859375,105.48999786376953,105.68000030517578,7991,0.0,0.0
2024-10-07 10:49:00-04:00,105.68499755859375,105.73999786376953,105.56999969482422,105.68499755859375,11301,0.0,0.0
2024-10-07 10:50:00-04:00,105.68499755859375,105.76499938964844,105.58999633789062,105.5999984741211,12100,0.0,0.0
2024-10-07 10:51:00-04:00,105.62999725341797,105.73999786376953,105.5999984741211,105.73999786376953,10748,0.0,0.0
2024-10-07 10:52:00-04:00,105.69999694824219,105.8499984741211,105.58000183105469,105.62000274658203,19382,0.0,0.0
2024-10-07 10:53:00-04:00,105.62999725341797,105.7261962890625,105.5999984741211,105.66000366210938,8170,0.0,0.0
2024-10-07 10:54:00-04:00,105.69999694824219,105.70999908447266,105.5999984741211,105.66999816894531,8622,0.0,0.0
2024-10-07 10:55:00-04:00,105.73999786376953,105.83319854736328,105.69000244140625,105.76699829101562,12581,0.0,0.0
2024-10-07 10:56:00-04:00,105.7699966430664,105.8949966430664,105.73999786376953,105.8499984741211,9249,0.0,0.0
2024-10-07 10:57:00-04:00,105.86000061035156,105.93990325927734,105.83999633789062,105.93000030517578,11476,0.0,0.0
2024-10-07 10:58:00-04:00,105.93000030517578,106.05999755859375,105.93000030517578,106.01000213623047,13985,0.0,0.0
2024-10-07 10:59:00-04:00,106.0,106.0199966430664,105.74500274658203,105.74500274658203,11635,0.0,0.0
2024-10-07 11:00:00-04:00,105.72000122070312,105.72000122070312,105.41000366210938,105.58999633789062,20664,0.0,0.0
2024-10-07 11:01:00-04:00,105.58000183105469,105.73989868164062,105.48999786376953,105.66000366210938,16185,0.0,0.0
2024-10-07 11:02:00-04:00,105.68340301513672,105.69999694824219,105.51000213623047,105.55999755859375,17243,0.0,0.0
2024-10-07 11:03:00-04:00,105.62000274658203,105.75,105.58999633789062,105.73179626464844,10098,0.0,0.0
2024-10-07 11:04:00-04:00,105.41999816894531,105.65910339355469,105.4000015258789,105.41999816894531,24808,0.0,0.0
2024-10-07 11:05:00-04:00,105.41500091552734,105.56999969482422,105.36000061035156,105.44000244140625,14593,0.0,0.0
2024-10-07 11:06:00-04:00,105.42500305175781,105.44999694824219,105.22000122070312,105.2300033569336,28619,0.0,0.0
2024-10-07 11:07:00-04:00,105.26000213623047,105.32779693603516,105.23999786376953,105.30500030517578,9248,0.0,0.0
2024-10-07 11:08:00-04:00,105.30500030517578,105.3833999633789,105.2300033569336,105.3499984741211,14674,0.0,0.0
2024-10-07 11:09:00-04:00,105.3550033569336,105.5,105.3550033569336,105.5,17834,0.0,0.0
2024-10-07 11:10:00-04:00,105.5199966430664,105.63999938964844,105.40499877929688,105.58999633789062,11084,0.0,0.0
2024-10-07 11:11:00-04:00,105.58999633789062,105.62999725341797,105.5,105.5176010131836,6130,0.0,0.0
2024-10-07 11:12:00-04:00,105.51499938964844,105.75,105.51499938964844,105.70500183105469,9216,0.0,0.0
2024-10-07 11:13:00-04:00,105.70500183105469,105.80000305175781,105.69999694824219,105.7249984741211,27258,0.0,0.0
2024-10-07 11:14:00-04:00,105.7249984741211,105.81999969482422,105.7249984741211,105.80999755859375,7440,0.0,0.0
2024-10-07 11:15:00-04:00,105.82499694824219,105.83000183105469,105.69999694824219,105.69999694824219,6605,0.0,0.0
2024-10-07 11:16:00-04:00,105.70999908447266,105.70999908447266,105.58000183105469,105.69499969482422,11342,0.0,0.0
2024-10-07 11:17:00-04:00,105.69499969482422,105.88990020751953,105.69499969482422,105.88990020751953,5694,0.0,0.0
2024-10-07 11:20:00-04:00,105.66500091552734,105.68150329589844,105.61000061035156,105.6449966430664,21850,0.0,0.0
2024-10-07 11:21:00-04:00,105.62000274658203,105.7041015625,105.52999877929688,105.52999877929688,15024,0.0,0.0
2024-10-07 11:22:00-04:00,105.54499816894531,105.70999908447266,105.54499816894531,105.62999725341797,9282,0.0,0.0
2024-10-07 11:23:00-04:00,105.62999725341797,105.76000213623047,105.62999725341797,105.76000213623047,7562,0.0,0.0
2024-10-07 11:24:00-04:00,105.77999877929688,105.80799865722656,105.74500274658203,105.78500366210938,6661,0.0,0.0
2024-10-07 11:25:00-04:00,105.80000305175781,105.8510971069336,105.75,105.7699966430664,10199,0.0,0.0
2024-10-07 11:26:00-04:00,105.82499694824219,105.83527374267578,105.73999786376953,105.75499725341797,4619,0.0,0.0
2024-10-07 11:27:00-04:00,105.75,105.87999725341797,105.7300033569336,105.8499984741211,8664,0.0,0.0
2024-10-07 11:28:00-04:00,105.87999725341797,106.12000274658203,105.87000274658203,106.08499908447266,15326,0.0,0.0
2024-10-07 11:29:00-04:00,106.05999755859375,106.05999755859375,105.94000244140625,106.0199966430664,9385,0.0,0.0
2024-10-07 11:30:00-04:00,106.0199966430664,106.04989624023438,105.94000244140625,105.94000244140625,4821,0.0,0.0
2024-10-07 11:31:00-04:00,105.94000244140625,106.00260162353516,105.82230377197266,105.83499908447266,17643,0.0,0.0
2024-10-07 11:32:00-04:00,105.91000366210938,106.02999877929688,105.87000274658203,106.02999877929688,6194,0.0,0.0
2024-10-07 11:33:00-04:00,106.02999877929688,106.1500015258789,105.98999786376953,106.11499786376953,8646,0.0,0.0
2024-10-07 11:34:00-04:00,106.11000061035156,106.29000091552734,106.03500366210938,106.20999908447266,12232,0.0,0.0
2024-10-07 11:35:00-04:00,106.19000244140625,106.25,106.08000183105469,106.11000061035156,9858,0.0,0.0
2024-10-07 11:36:00-04:00,106.18000030517578,106.18000030517578,105.84500122070312,105.84500122070312,10152,0.0,0.0
2024-10-07 11:37:00-04:00,105.81999969482422,105.91500091552734,105.7699966430664,105.80000305175781,8563,0.0,0.0
2024-10-07 11:38:00-04:00,105.81500244140625,105.83000183105469,105.75,105.75399780273438,6450,0.0,0.0
2024-10-07 11:39:00-04:00,105.75,105.7760009765625,105.71499633789062,105.72000122070312,10563,0.0,0.0
2024-10-07 11:40:00-04:00,105.71499633789062,105.8949966430664,105.71499633789062,105.8949966430664,5966,0.0,0.0
2024-10-07 11:41:00-04:00,105.9000015258789,105.95999908447266,105.84500122070312,105.87999725341797,10669,0.0,0.0
2024-10-07 11:42:00-04:00,105.83000183105469,105.91000366210938,105.81999969482422,105.91000366210938,4369,0.0,0.0
2024-10-07 11:43:00-04:00,105.88999938964844,105.88999938964844,105.73999786376953,105.79000091552734,7088,0.0,0.0
2024-10-07 11:44:00-04:00,105.80000305175781,105.97000122070312,105.78500366210938,105.84500122070312,7208,0.0,0.0
2024-10-07 11:45:00-04:00,105.84500122070312,105.94999694824219,105.84500122070312,105.94999694824219,4124,0.0,0.0
2024-10-07 11:46:00-04:00,105.94499969482422,106.05999755859375,105.94499969482422,105.9800033569336,6885,0.0,0.0
2024-10-07 11:47:00-04:00,105.9800033569336,106.04000091552734,105.93000030517578,106.04000091552734,5693,0.0,0.0
2024-10-07 11:48:00-04:00,106.07150268554688,106.07150268554688,105.87999725341797,105.9000015258789,4741,0.0,0.0
2024-10-07 11:49:00-04:00,105.8499984741211,105.91000366210938,105.72000122070312,105.77999877929688,38228,0.0,0.0
2024-10-07 11:50:00-04:00,105.79519653320312,105.8740005493164,105.7249984741211,105.8740005493164,15294,0.0,0.0
2024-10-07 11:51:00-04:00,105.83999633789062,105.94999694824219,105.83999633789062,105.94999694824219,6343,0.0,0.0
2024-10-07 11:52:00-04:00,105.96499633789062,105.98999786376953,105.875,105.875,4749,0.0,0.0
2024-10-07 11:53:00-04:00,105.87999725341797,105.9126968383789,105.83999633789062,105.86499786376953,7908,0.0,0.0
2024-10-07 11:54:00-04:00,105.8499984741211,105.9000015258789,105.81719970703125,105.9000015258789,3442,0.0,0.0
2024-10-07 11:55:00-04:00,105.91000366210938,105.94400024414062,105.81999969482422,105.81999969482422,4207,0.0,0.0
2024-10-07 11:56:00-04:00,105.83999633789062,105.83999633789062,105.73999786376953,105.76499938964844,3713,0.0,0.0
2024-10-07 11:57:00-04:00,105.76000213623047,105.81990051269531,105.69000244140625,105.76000213623047,6089,0.0,0.0
2024-10-07 11:58:00-04:00,105.76000213623047,105.8499984741211,105.7300033569336,105.8499984741211,4976,0.0,0.0
2024-10-07 11:59:00-04:00,105.87000274658203,105.91000366210938,105.8499984741211,105.91000366210938,7205,0.0,0.0
2024-10-07 12:00:00-04:00,105.93000030517578,105.96990203857422,105.9000015258789,105.93240356445312,8676,0.0,0.0
2024-10-07 12:01:00-04:00,105.94000244140625,105.9800033569336,105.86000061035156,105.96499633789062,10092,0.0,0.0
2024-10-07 12:02:00-04:00,105.94999694824219,106.01000213623047,105.91000366210938,105.98999786376953,11306,0.0,0.0
2024-10-07 12:03:00-04:00,106.0999984741211,106.22000122070312,106.0999984741211,106.22000122070312,7367,0.0,0.0
2024-10-07 12:04:00-04:00,106.19499969482422,106.33660125732422,106.19499969482422,106.27999877929688,6471,0.0,0.0
2024-10-07 12:05:00-04:00,106.28500366210938,106.37999725341797,106.25,106.33499908447266,10056,0.0,0.0
2024-10-07 12:08:00-04:00,106.44999694824219,106.44999694824219,106.37999725341797,106.38500213623047,23854,0.0,0.0
2024-10-07 12:09:00-04:00,106.36000061035156,106.4000015258789,106.29000091552734,106.30999755859375,9744,0.0,0.0
2024-10-07 12:10:00-04:00,106.30999755859375,106.41000366210938,106.15070343017578,106.36000061035156,10896,0.0,0.0
2024-10-07 12:11:00-04:00,106.41999816894531,106.41999816894531,106.30000305175781,106.33999633789062,6995,0.0,0.0
2024-10-07 12:12:00-04:00,106.39009857177734,106.39009857177734,106.26000213623047,106.27999877929688,4208,0.0,0.0
2024-10-07 12:13:00-04:00,106.30999755859375,106.45999908447266,106.27999877929688,106.40290069580078,9227,0.0,0.0
2024-10-07 12:14:00-04:00,106.43499755859375,106.45999908447266,106.4000015258789,106.4000015258789,4868,0.0,0.0
2024-10-07 12:15:00-04:00,106.4000015258789,106.56999969482422,106.4000015258789,106.52999877929688,9363,0.0,0.0
2024-10-07 12:16:00-04:00,106.49009704589844,106.6322021484375,106.49009704589844,106.58999633789062,10063,0.0,0.0
2024-10-07 12:17:00-04:00,106.63999938964844,106.80000305175781,106.60289764404297,106.77999877929688,11155,0.0,0.0
2024-10-07 12:18:00-04:00,106.77999877929688,106.83999633789062,106.75,106.76499938964844,12090,0.0,0.0
2024-10-07 12:19:00-04:00,106.76499938964844,107.1698989868164,106.76499938964844,107.15599822998047,55082,0.0,0.0
2024-10-07 12:20:00-04:00,107.06999969482422,107.25,107.02999877929688,107.25,16681,0.0,0.0
2024-10-07 12:21:00-04:00,107.22899627685547,107.34750366210938,107.19010162353516,107.26000213623047,26833,0.0,0.0
2024-10-07 12:22:00-04:00,107.29000091552734,107.41999816894531,107.27999877929688,107.36000061035156,15295,0.0,0.0
2024-10-07 12:23:00-04:00,107.34249877929688,107.41000366210938,107.30000305175781,107.31500244140625,8303,0.0,0.0
2024-10-07 12:24:00-04:00,107.31500244140625,107.4800033569336,107.29000091552734,107.4529037475586,11173,0.0,0.0
2024-10-07 12:25:00-04:00,107.43499755859375,107.5,107.31999969482422,107.33999633789062,13842,0.0,0.0
2024-10-07 12:26:00-04:00,107.31009674072266,107.37999725341797,107.29000091552734,107.37999725341797,4216,0.0,0.0
2024-10-07 12:27:00-04:00,107.41999816894531,107.47000122070312,107.37999725341797,107.43000030517578,5019,0.0,0.0
2024-10-07 12:28:00-04:00,107.47000122070312,107.47000122070312,107.27999877929688,107.30500030517578,8143,0.0,0.0
2024-10-07 12:29:00-04:00,107.33000183105469,107.4000015258789,107.23999786376953,107.24500274658203,6379,0.0,0.0
2024-10-07 12:30:00-04:00,107.24500274658203,107.29000091552734,107.12999725341797,107.12999725341797,7188,0.0,0.0
2024-10-07 12:31:00-04:00,107.12999725341797,107.12999725341797,106.97000122070312,107.05999755859375,46409,0.0,0.0
2024-10-07 12:33:00-04:00,107.13999938964844,107.15499877929688,107.06999969482422,107.06999969482422,11639,0.0,0.0
2024-10-07 12:34:00-04:00,107.06500244140625,107.06500244140625,106.95999908447266,106.97000122070312,3877,0.0,0.0
2024-10-07 12:35:00-04:00,106.9800033569336,107.0199966430664,106.88999938964844,106.9000015258789,18547,0.0,0.0
2024-10-07 12:36:00-04:00,106.91000366210938,107.05465698242188,106.91000366210938,107.05465698242188,8220,0.0,0.0
2024-10-07 12:37:00-04:00,107.04499816894531,107.05000305175781,106.93000030517578,106.97000122070312,9951,0.0,0.0
2024-10-07 12:38:00-04:00,106.94000244140625,106.9800033569336,106.86000061035156,106.90499877929688,7237,0.0,0.0
2024-10-07 12:39:00-04:00,106.90499877929688,106.90499877929688,106.69999694824219,106.69999694824219,7588,0.0,0.0
2024-10-07 12:40:00-04:00,106.70999908447266,106.80940246582031,106.6500015258789,106.73680114746094,16551,0.0,0.0
2024-10-07 12:41:00-04:00,106.68499755859375,106.7300033569336,106.6500015258789,106.68000030517578,4653,0.0,0.0
2024-10-07 12:42:00-04:00,106.68499755859375,106.7300033569336,106.56009674072266,106.65499877929688,21938,0.0,0.0
2024-10-07 12:43:00-04:00,106.65499877929688,106.65499877929688,106.4000015258789,106.4000015258789,6514,0.0,0.0
2024-10-07 12:44:00-04:00,106.4000015258789,106.45999908447266,106.33999633789062,106.41000366210938,6190,0.0,0.0
2024-10-07 12:45:00-04:00,106.41000366210938,106.45999908447266,106.37999725341797,106.3989028930664,4465,0.0,0.0
2024-10-07 12:46:00-04:00,106.48999786376953,106.69999694824219,106.45999908447266,106.4800033569336,46854,0.0,0.0
2024-10-07 12:47:00-04:00,106.5,106.62000274658203,106.5,106.56999969482422,2790,0.0,0.0
2024-10-07 12:48:00-04:00,106.58999633789062,106.62000274658203,106.48999786376953,106.55000305175781,6275,0.0,0.0
2024-10-07 12:49:00-04:00,106.54000091552734,106.54000091552734,106.43009948730469,106.5,7991,0.0,0.0
2024-10-07 12:50:00-04:00,106.51370239257812,106.51899719238281,106.33000183105469,106.45999908447266,17711,0.0,0.0
2024-10-07 12:51:00-04:00,106.45500183105469,106.56999969482422,106.40499877929688,106.47000122070312,9835,0.0,0.0
2024-10-07 12:52:00-04:00,106.44999694824219,106.5199966430664,106.44999694824219,106.47000122070312,5955,0.0,0.0
2024-10-07 12:53:00-04:00,106.4999008178711,106.55000305175781,106.45999908447266,106.5,8853,0.0,0.0
2024-10-07 12:54:00-04:00,106.5,106.5,106.38999938964844,106.41999816894531,6777,0.0,0.0
2024-10-07 12:55:00-04:00,106.4800033569336,106.4800033569336,106.4800033569336,106.4800033569336,10511,0.0,0.0
2024-10-07 12:56:00-04:00,106.49960327148438,106.58999633789062,106.46499633789062,106.55400085449219,11127,0.0,0.0
2024-10-07 12:57:00-04:00,106.58000183105469,106.69000244140625,106.58000183105469,106.69000244140625,5234,0.0,0.0
2024-10-07 12:58:00-04:00,106.69000244140625,106.73999786376953,106.6449966430664,106.6449966430664,17596,0.0,0.0
2024-10-07 12:59:00-04:00,106.6449966430664,106.69989776611328,106.58999633789062,106.62000274658203,9903,0.0,0.0
2024-10-07 13:00:00-04:00,106.62999725341797,106.66500091552734,106.61000061035156,106.625,6154,0.0,0.0
2024-10-07 13:01:00-04:00,106.63999938964844,106.68499755859375,106.55999755859375,106.55999755859375,12696,0.0,0.0
2024-10-07 13:02:00-04:00,106.55999755859375,106.625,106.55500030517578,106.625,7132,0.0,0.0
2024-10-07 13:03:00-04:00,106.61000061035156,106.7300033569336,106.54000091552734,106.7300033569336,14288,0.0,0.0
2024-10-07 13:04:00-04:00,106.70999908447266,106.75,106.66999816894531,106.75,5885,0.0,0.0
2024-10-07 13:05:00-04:00,106.76000213623047,106.79000091552734,106.72000122070312,106.7249984741211,4747,0.0,0.0
2024-10-07 13:06:00-04:00,106.7249984741211,106.79000091552734,106.7249984741211,106.75499725341797,7062,0.0,0.0
2024-10-07 13:07:00-04:00,106.79000091552734,106.97000122070312,106.7750015258789,106.97000122070312,6934,0.0,0.0
2024-10-07 13:08:00-04:00,106.98500061035156,107.06990051269531,106.97000122070312,107.05000305175781,15448,0.0,0.0
2024-10-07 13:09:00-04:00,107.05500030517578,107.11000061035156,107.02999877929688,107.10189819335938,27050,0.0,0.0
2024-10-07 13:10:00-04:00,107.13999938964844,107.31279754638672,107.13009643554688,107.2499008178711,16991,0.0,0.0
2024-10-07 13:11:00-04:00,107.24620056152344,107.26000213623047,107.16500091552734,107.18900299072266,23624,0.0,0.0
2024-10-07 13:12:00-04:00,107.2699966430664,107.31999969482422,107.23999786376953,107.25499725341797,6703,0.0,0.0
2024-10-07 13:13:00-04:00,107.2781982421875,107.27989959716797,107.12999725341797,107.18000030517578,13973,0.0,0.0
2024-10-07 13:14:00-04:00,107.19999694824219,107.20999908447266,107.05829620361328,107.09429931640625,27226,0.0,0.0
2024-10-07 13:15:00-04:00,107.11000061035156,107.12000274658203,107.11000061035156,107.12000274658203,9432,0.0,0.0
2024-10-07 13:16:00-04:00,107.12000274658203,107.16999816894531,107.0199966430664,107.06500244140625,14312,0.0,0.0
2024-10-07 13:17:00-04:00,107.05500030517578,107.13999938964844,107.05000305175781,107.13999938964844,3407,0.0,0.0
2024-10-07 13:18:00-04:00,107.13999938964844,107.13999938964844,107.05999755859375,107.08499908447266,5441,0.0,0.0
2024-10-07 13:19:00-04:00,107.07250213623047,107.1500015258789,107.05000305175781,107.1500015258789,11564,0.0,0.0
2024-10-07 13:20:00-04:00,107.1500015258789,107.30000305175781,107.1500015258789,107.22550201416016,6624,0.0,0.0
2024-10-07 13:21:00-04:00,107.25,107.3677978515625,107.25,107.33999633789062,5560,0.0,0.0
2024-10-07 13:22:00-04:00,107.38990020751953,107.44999694824219,107.33000183105469,107.33999633789062,28388,0.0,0.0
2024-10-07 13:23:00-04:00,107.32499694824219,107.3499984741211,107.18009948730469,107.20500183105469,10739,0.0,0.0
2024-10-07 13:24:00-04:00,107.2300033569336,107.3499984741211,107.2300033569336,107.34500122070312,7327,0.0,0.0
2024-10-07 13:25:00-04:00,107.36000061035156,107.36000061035156,107.20999908447266,107.21499633789062,13129,0.0,0.0
2024-10-07 13:26:00-04:00,107.21499633789062,107.30000305175781,107.19499969482422,107.30000305175781,9503,0.0,0.0
2024-10-07 13:27:00-04:00,107.30000305175781,107.30999755859375,107.2300033569336,107.26499938964844,9270,0.0,0.0
2024-10-07 13:28:00-04:00,107.29280090332031,107.30000305175781,107.23400115966797,107.24449920654297,6699,0.0,0.0
2024-10-07 13:29:00-04:00,107.24500274658203,107.27999877929688,107.2300033569336,107.24500274658203,18602,0.0,0.0
2024-10-07 13:30:00-04:00,107.24500274658203,107.24500274658203,107.02999877929688,107.16000366210938,8647,0.0,0.0
2024-10-07 13:31:00-04:00,107.22000122070312,107.2699966430664,107.17549896240234,107.18000030517578,6641,0.0,0.0
2024-10-07 13:32:00-04:00,107.2198715209961,107.23999786376953,107.19000244140625,107.20999908447266,5741,0.0,0.0
2024-10-07 13:33:00-04:00,107.20500183105469,107.22989654541016,107.16500091552734,107.20999908447266,7088,0.0,0.0
2024-10-07 13:34:00-04:00,107.23259735107422,107.37000274658203,107.19999694824219,107.20999908447266,21441,0.0,0.0
2024-10-07 13:35:00-04:00,107.17500305175781,107.25,107.17500305175781,107.20999908447266,8752,0.0,0.0
2024-10-07 13:36:00-04:00,107.19499969482422,107.2699966430664,107.12999725341797,107.2699966430664,5942,0.0,0.0
2024-10-07 13:37:00-04:00,107.29000091552734,107.37999725341797,107.2750015258789,107.34500122070312,3383,0.0,0.0
2024-10-07 13:38:00-04:00,107.3550033569336,107.38999938964844,107.33000183105469,107.33999633789062,2555,0.0,0.0
2024-10-07 13:39:00-04:00,107.37000274658203,107.37000274658203,107.2249984741211,107.26000213623047,5607,0.0,0.0
2024-10-07 13:40:00-04:00,107.2300033569336,107.33999633789062,107.21499633789062,107.31999969482422,9261,0.0,0.0
2024-10-07 13:41:00-04:00,107.2750015258789,107.30999755859375,107.26409912109375,107.29000091552734,6071,0.0,0.0
2024-10-07 13:42:00-04:00,107.29000091552734,107.29000091552734,107.1500015258789,107.2300033569336,8410,0.0,0.0
2024-10-07 13:43:00-04:00,107.27999877929688,107.33999633789062,107.2699966430664,107.29499816894531,11112,0.0,0.0
2024-10-07 13:44:00-04:00,107.2699966430664,107.30000305175781,107.19999694824219,107.20500183105469,5243,0.0,0.0
2024-10-07 13:46:00-04:00,107.27999877929688,107.33000183105469,107.25,107.25,15873,0.0,0.0
2024-10-07 13:47:00-04:00,107.22000122070312,107.25,107.20999908447266,107.22000122070312,9905,0.0,0.0
2024-10-07 13:48:00-04:00,107.25499725341797,107.25499725341797,107.2300033569336,107.2300033569336,5888,0.0,0.0
2024-10-07 13:49:00-04:00,107.23999786376953,107.2699966430664,107.19999694824219,107.20999908447266,11922,0.0,0.0
2024-10-07 13:50:00-04:00,107.23500061035156,107.33000183105469,107.20999908447266,107.22000122070312,10749,0.0,0.0
2024-10-07 13:51:00-04:00,107.19999694824219,107.22000122070312,107.19000244140625,107.21700286865234,6046,0.0,0.0
2024-10-07 13:52:00-04:00,107.21600341796875,107.30999755859375,107.2156982421875,107.30999755859375,7656,0.0,0.0
2024-10-07 13:53:00-04:00,107.31999969482422,107.4000015258789,107.28009796142578,107.29039764404297,18866,0.0,0.0
2024-10-07 13:54:00-04:00,107.29000091552734,107.3499984741211,107.26000213623047,107.26000213623047,9176,0.0,0.0
2024-10-07 13:55:00-04:00,107.22000122070312,107.25,107.2074966430664,107.20999908447266,9639,0.0,0.0
2024-10-07 13:56:00-04:00,107.18379974365234,107.22000122070312,107.16999816894531,107.18499755859375,4836,0.0,0.0
2024-10-07 13:57:00-04:00,107.19999694824219,107.33999633789062,107.19999694824219,107.33999633789062,14440,0.0,0.0
2024-10-07 13:58:00-04:00,107.38999938964844,107.55999755859375,107.37999725341797,107.54499816894531,11971,0.0,0.0
2024-10-07 13:59:00-04:00,107.56500244140625,107.58999633789062,107.5,107.56990051269531,8751,0.0,0.0
2024-10-07 14:00:00-04:00,107.57499694824219,107.6698989868164,107.57499694824219,107.57499694824219,11122,0.0,0.0
2024-10-07 14:01:00-04:00,107.55999755859375,107.55999755859375,107.37069702148438,107.4800033569336,11502,0.0,0.0
2024-10-07 14:02:00-04:00,107.4791030883789,107.4791030883789,107.27999877929688,107.30500030517578,7157,0.0,0.0
2024-10-07 14:03:00-04:00,107.2301025390625,107.36990356445312,107.2301025390625,107.33000183105469,6383,0.0,0.0
2024-10-07 14:04:00-04:00,107.33000183105469,107.33000183105469,107.13729095458984,107.18000030517578,13709,0.0,0.0
2024-10-07 14:05:00-04:00,107.17009735107422,107.28500366210938,107.16999816894531,107.2699966430664,4396,0.0,0.0
2024-10-07 14:06:00-04:00,107.2699966430664,107.31999969482422,107.25,107.29550170898438,6131,0.0,0.0
2024-10-07 14:07:00-04:00,107.26499938964844,107.31999969482422,107.18000030517578,107.31999969482422,8207,0.0,0.0
2024-10-07 14:08:00-04:00,107.29309844970703,107.43000030517578,107.28500366210938,107.42500305175781,4316,0.0,0.0
2024-10-07 14:09:00-04:00,107.43000030517578,107.46939849853516,107.375,107.41500091552734,6851,0.0,0.0
2024-10-07 14:10:00-04:00,107.41999816894531,107.54000091552734,107.38999938964844,107.53179931640625,10752,0.0,0.0
2024-10-07 14:11:00-04:00,107.4800033569336,107.52999877929688,107.43000030517578,107.5,14992,0.0,0.0
2024-10-07 14:12:00-04:00,107.54000091552734,107.65989685058594,107.54000091552734,107.6343994140625,6484,0.0,0.0
2024-10-07 14:13:00-04:00,107.61499786376953,107.61499786376953,107.5,107.51499938964844,8623,0.0,0.0
2024-10-07 14:14:00-04:00,107.51499938964844,107.53410339355469,107.48999786376953,107.48999786376953,8593,0.0,0.0
2024-10-07 14:15:00-04:00,107.4800033569336,107.4800033569336,107.41000366210938,107.44999694824219,5487,0.0,0.0
2024-10-07 14:16:00-04:00,107.43000030517578,107.43000030517578,107.26000213623047,107.26000213623047,9468,0.0,0.0
2024-10-07 14:17:00-04:00,107.23999786376953,107.25,107.06500244140625,107.06500244140625,12668,0.0,0.0
2024-10-07 14:18:00-04:00,107.04499816894531,107.05999755859375,106.9800033569336,106.9800033569336,21793,0.0,0.0
2024-10-07 14:19:00-04:00,107.01000213623047,107.12989807128906,107.01000213623047,107.06999969482422,11630,0.0,0.0
2024-10-07 14:20:00-04:00,107.0999984741211,107.1635971069336,107.08999633789062,107.13999938964844,5610,0.0,0.0
2024-10-07 14:21:00-04:00,107.13999938964844,107.2750015258789,107.13999938964844,107.2750015258789,7262,0.0,0.0
2024-10-07 14:22:00-04:00,107.26000213623047,107.37529754638672,107.25499725341797,107.37529754638672,13447,0.0,0.0
2024-10-07 14:23:00-04:00,107.3550033569336,107.48999786376953,107.27999877929688,107.33000183105469,42834,0.0,0.0
2024-10-07 14:24:00-04:00,107.3479995727539,107.3479995727539,107.26000213623047,107.30999755859375,9347,0.0,0.0
2024-10-07 14:25:00-04:00,107.33000183105469,107.36000061035156,107.33000183105469,107.36000061035156,2753,0.0,0.0
2024-10-07 14:26:00-04:00,107.38729858398438,107.38999938964844,107.29000091552734,107.30999755859375,7887,0.0,0.0
2024-10-07 14:27:00-04:00,107.31999969482422,107.33999633789062,107.2699966430664,107.31999969482422,4891,0.0,0.0
2024-10-07 14:28:00-04:00,107.3194808959961,107.38999938964844,107.30999755859375,107.36000061035156,8559,0.0,0.0
2024-10-07 14:29:00-04:00,107.38999938964844,107.44000244140625,107.25,107.25,12766,0.0,0.0
2024-10-07 14:30:00-04:00,107.22000122070312,107.22000122070312,106.70999908447266,107.16500091552734,52750,0.0,0.0
2024-10-07 14:31:00-04:00,107.2499008178711,107.2499008178711,107.05500030517578,107.05999755859375,2789,0.0,0.0
2024-10-07 14:32:00-04:00,107.11280059814453,107.12000274658203,107.0199966430664,107.0250015258789,2923,0.0,0.0
2024-10-07 14:33:00-04:00,107.0739974975586,107.0999984741211,107.0,107.0250015258789,6953,0.0,0.0
2024-10-07 14:34:00-04:00,107.0250015258789,107.16000366210938,107.0250015258789,107.08999633789062,5282,0.0,0.0
2024-10-07 14:35:00-04:00,107.01000213623047,107.02400207519531,106.91000366210938,106.94999694824219,10106,0.0,0.0
2024-10-07 14:36:00-04:00,106.91999816894531,106.96520233154297,106.83000183105469,106.96520233154297,12031,0.0,0.0
2024-10-07 14:37:00-04:00,106.91500091552734,106.94999694824219,106.88726043701172,106.88726043701172,4348,0.0,0.0
2024-10-07 14:38:00-04:00,106.92500305175781,107.11000061035156,106.92500305175781,107.06999969482422,9391,0.0,0.0
2024-10-07 14:39:00-04:00,107.04309844970703,107.04309844970703,106.96600341796875,106.9697036743164,5830,0.0,0.0
2024-10-07 14:40:00-04:00,106.93499755859375,107.05999755859375,106.92410278320312,107.01360321044922,12237,0.0,0.0
2024-10-07 14:41:00-04:00,106.95999908447266,107.08499908447266,106.95999908447266,107.01000213623047,3359,0.0,0.0
2024-10-07 14:42:00-04:00,107.01499938964844,107.06999969482422,106.95999908447266,107.0,6256,0.0,0.0
2024-10-07 14:43:00-04:00,106.97750091552734,107.15989685058594,106.97750091552734,107.05000305175781,9940,0.0,0.0
2024-10-07 14:44:00-04:00,107.01499938964844,107.02880096435547,106.93000030517578,106.94000244140625,11150,0.0,0.0
2024-10-07 14:45:00-04:00,106.94000244140625,106.94989776611328,106.79000091552734,106.87000274658203,5151,0.0,0.0
2024-10-07 14:46:00-04:00,106.83000183105469,106.83000183105469,106.5199966430664,106.5999984741211,22152,0.0,0.0
2024-10-07 14:47:00-04:00,106.44000244140625,106.45999908447266,106.30999755859375,106.33000183105469,19647,0.0,0.0
2024-10-07 14:48:00-04:00,106.26000213623047,106.41999816894531,106.18009948730469,106.33059692382812,60916,0.0,0.0
2024-10-07 14:49:00-04:00,106.4000015258789,106.45999908447266,106.3270034790039,106.45999908447266,19710,0.0,0.0
2024-10-07 14:50:00-04:00,106.43000030517578,106.48989868164062,106.4000015258789,106.40499877929688,23159,0.0,0.0
2024-10-07 14:51:00-04:00,106.37000274658203,106.40499877929688,106.20999908447266,106.30000305175781,22288,0.0,0.0
2024-10-07 14:52:00-04:00,106.3499984741211,106.56999969482422,106.3499984741211,106.5199966430664,15826,0.0,0.0
2024-10-07 14:53:00-04:00,106.55000305175781,106.55899810791016,106.4000015258789,106.40010070800781,14929,0.0,0.0
2024-10-07 14:54:00-04:00,106.43000030517578,106.5198974609375,106.30000305175781,106.33999633789062,16917,0.0,0.0
2024-10-07 14:55:00-04:00,106.30000305175781,106.48989868164062,106.30000305175781,106.38999938964844,13921,0.0,0.0
2024-10-07 14:56:00-04:00,106.41500091552734,106.53500366210938,106.36000061035156,106.49500274658203,13593,0.0,0.0
2024-10-07 14:57:00-04:00,106.5,106.5,106.31999969482422,106.31999969482422,12360,0.0,0.0
2024-10-07 14:58:00-04:00,106.33999633789062,106.37000274658203,106.16999816894531,106.25080108642578,22537,0.0,0.0
2024-10-07 14:59:00-04:00,106.23999786376953,106.27999877929688,105.8499984741211,105.8499984741211,18160,0.0,0.0
2024-10-07 15:00:00-04:00,105.9000015258789,106.05000305175781,105.8499984741211,105.98400115966797,41336,0.0,0.0
2024-10-07 15:01:00-04:00,105.9749984741211,106.2699966430664,105.9749984741211,106.25,10683,0.0,0.0
2024-10-07 15:02:00-04:00,106.30500030517578,106.41000366210938,106.2300033569336,106.41000366210938,2528,0.0,0.0
2024-10-07 15:03:00-04:00,106.37999725341797,106.48999786376953,106.37999725341797,106.4000015258789,7224,0.0,0.0
2024-10-07 15:04:00-04:00,106.45999908447266,106.45999908447266,106.38500213623047,106.39440155029297,7722,0.0,0.0
2024-10-07 15:05:00-04:00,106.37000274658203,106.4800033569336,106.31500244140625,106.4800033569336,7418,0.0,0.0
2024-10-07 15:06:00-04:00,106.51000213623047,106.61000061035156,106.49500274658203,106.58000183105469,11144,0.0,0.0
2024-10-07 15:07:00-04:00,106.58999633789062,106.6885986328125,106.55999755859375,106.6885986328125,11241,0.0,0.0
2024-10-07 15:08:00-04:00,106.66999816894531,106.75,106.66999816894531,106.69000244140625,5499,0.0,0.0
2024-10-07 15:09:00-04:00,106.75,106.76000213623047,106.56999969482422,106.57499694824219,7993,0.0,0.0
2024-10-07 15:10:00-04:00,106.52999877929688,106.61000061035156,106.41999816894531,106.4800033569336,14081,0.0,0.0
2024-10-07 15:11:00-04:00,106.27999877929688,106.27999877929688,106.27999877929688,106.27999877929688,11199,0.0,0.0
2024-10-07 15:12:00-04:00,106.27999877929688,106.3386001586914,106.26000213623047,106.29000091552734,10188,0.0,0.0
2024-10-07 15:13:00-04:00,106.29000091552734,106.31999969482422,106.22000122070312,106.2249984741211,17718,0.0,0.0
2024-10-07 15:14:00-04:00,106.19999694824219,106.2698974609375,106.15550231933594,106.25499725341797,9859,0.0,0.0
2024-10-07 15:15:00-04:00,106.23999786376953,106.2750015258789,106.18000030517578,106.19999694824219,11141,0.0,0.0
2024-10-07 15:16:00-04:00,106.2249984741211,106.26000213623047,106.16739654541016,106.25,8091,0.0,0.0
2024-10-07 15:17:00-04:00,106.2699966430664,106.30999755859375,106.19000244140625,106.22000122070312,15008,0.0,0.0
2024-10-07 15:18:00-04:00,106.30000305175781,106.34989929199219,106.28009796142578,106.32929992675781,2285,0.0,0.0
2024-10-07 15:19:00-04:00,106.29499816894531,106.44519805908203,106.29000091552734,106.44000244140625,6975,0.0,0.0
2024-10-07 15:20:00-04:00,106.44999694824219,106.55879974365234,106.44999694824219,106.49500274658203,6831,0.0,0.0
2024-10-07 15:21:00-04:00,106.49500274658203,106.54000091552734,106.48500061035156,106.53500366210938,3046,0.0,0.0
2024-10-07 15:22:00-04:00,106.53500366210938,106.7699966430664,106.53500366210938,106.7699966430664,6058,0.0,0.0
2024-10-07 15:23:00-04:00,106.7699966430664,106.80000305175781,106.71009826660156,106.80000305175781,4330,0.0,0.0
2024-10-07 15:24:00-04:00,106.82499694824219,106.82499694824219,106.70999908447266,106.70999908447266,5547,0.0,0.0
2024-10-07 15:25:00-04:00,106.70999908447266,106.80000305175781,106.69000244140625,106.73999786376953,8423,0.0,0.0
2024-10-07 15:26:00-04:00,106.69999694824219,106.7300033569336,106.63009643554688,106.68000030517578,5411,0.0,0.0
2024-10-07 15:27:00-04:00,106.68000030517578,106.75250244140625,106.62999725341797,106.62999725341797,5460,0.0,0.0
2024-10-07 15:28:00-04:00,106.66000366210938,106.68000030517578,106.62000274658203,106.62000274658203,4552,0.0,0.0
2024-10-07 15:29:00-04:00,106.61499786376953,106.67310333251953,106.58000183105469,106.66500091552734,5034,0.0,0.0
2024-10-07 15:30:00-04:00,106.6500015258789,106.6500015258789,106.36000061035156,106.36000061035156,7656,0.0,0.0
2024-10-07 15:31:00-04:00,106.40499877929688,106.45999908447266,106.35910034179688,106.43000030517578,5224,0.0,0.0
2024-10-07 15:32:00-04:00,106.37999725341797,106.44999694824219,106.35299682617188,106.44000244140625,12292,0.0,0.0
2024-10-07 15:33:00-04:00,106.43000030517578,106.51000213623047,106.33999633789062,106.48999786376953,19177,0.0,0.0
2024-10-07 15:34:00-04:00,106.47000122070312,106.4800033569336,106.25499725341797,106.25499725341797,19398,0.0,0.0
2024-10-07 15:35:00-04:00,106.25,106.31500244140625,106.06999969482422,106.12000274658203,19376,0.0,0.0
2024-10-07 15:36:00-04:00,106.16000366210938,106.2699966430664,106.11000061035156,106.2699966430664,10987,0.0,0.0
2024-10-07 15:37:00-04:00,106.2699966430664,106.48999786376953,106.2699966430664,106.42500305175781,33492,0.0,0.0
2024-10-07 15:38:00-04:00,106.44999694824219,106.44999694824219,106.31999969482422,106.33000183105469,14520,0.0,0.0
2024-10-07 15:39:00-04:00,106.41000366210938,106.43000030517578,106.36000061035156,106.41999816894531,12567,0.0,0.0
2024-10-07 15:40:00-04:00,106.38999938964844,106.4292221069336,106.38500213623047,106.38999938964844,6235,0.0,0.0
2024-10-07 15:41:00-04:00,106.37000274658203,106.375,106.25,106.25,15851,0.0,0.0
2024-10-07 15:42:00-04:00,106.24500274658203,106.43499755859375,106.24500274658203,106.27179718017578,37536,0.0,0.0
2024-10-07 15:43:00-04:00,106.31999969482422,106.57499694824219,106.31999969482422,106.57499694824219,9502,0.0,0.0
2024-10-07 15:44:00-04:00,106.56999969482422,106.68000030517578,106.54000091552734,106.66000366210938,12436,0.0,0.0
2024-10-07 15:45:00-04:00,106.62999725341797,106.70999908447266,106.58499908447266,106.70999908447266,13481,0.0,0.0
2024-10-07 15:46:00-04:00,106.69499969482422,106.72000122070312,106.55000305175781,106.62999725341797,29031,0.0,0.0
2024-10-07 15:47:00-04:00,106.61969757080078,106.68499755859375,106.56999969482422,106.62999725341797,11519,0.0,0.0
2024-10-07 15:48:00-04:00,106.58999633789062,106.80999755859375,106.58000183105469,106.77999877929688,8008,0.0,0.0
2024-10-07 15:49:00-04:00,106.8499984741211,106.97000122070312,106.77999877929688,106.79000091552734,24383,0.0,0.0
2024-10-07 15:50:00-04:00,106.80999755859375,106.98200225830078,106.7699966430664,106.9000015258789,31257,0.0,0.0
2024-10-07 15:51:00-04:00,106.9000015258789,107.03820037841797,106.8949966430664,106.94000244140625,44054,0.0,0.0
2024-10-07 15:52:00-04:00,106.94000244140625,107.0199966430664,106.83000183105469,106.87000274658203,24909,0.0,0.0
2024-10-07 15:53:00-04:00,106.8949966430664,106.97000122070312,106.8949966430664,106.94000244140625,21112,0.0,0.0
2024-10-07 15:54:00-04:00,106.94000244140625,107.22000122070312,106.94000244140625,107.13999938964844,28184,0.0,0.0
2024-10-07 15:55:00-04:00,107.12000274658203,107.15460205078125,106.88999938964844,106.91000366210938,37225,0.0,0.0
2024-10-07 15:56:00-04:00,106.93000030517578,107.0199966430664,106.86499786376953,106.9000015258789,44458,0.0,0.0
2024-10-07 15:57:00-04:00,106.88999938964844,106.97000122070312,106.8499984741211,106.88999938964844,50148,0.0,0.0
2024-10-07 15:58:00-04:00,106.87000274658203,106.91999816894531,106.63999938964844,106.66000366210938,52470,0.0,0.0
2024-10-07 15:59:00-04:00,106.6500015258789,106.76000213623047,106.54000091552734,106.76000213623047,96065,0.0,0.0
2024-10-08 09:30:00-04:00,105.83999633789062,106.38390350341797,105.3718032836914,106.21440124511719,170185,0.0,0.0
2024-10-08 09:31:00-04:00,106.17250061035156,106.3499984741211,105.79740142822266,105.94000244140625,11969,0.0,0.0
2024-10-08 09:32:00-04:00,106.11499786376953,106.20760345458984,105.68000030517578,105.69999694824219,19667,0.0,0.0
2024-10-08 09:33:00-04:00,105.69000244140625,105.88200378417969,105.37999725341797,105.80999755859375,12655,0.0,0.0
2024-10-08 09:34:00-04:00,105.80000305175781,106.24130249023438,105.80000305175781,106.05000305175781,11522,0.0,0.0
2024-10-08 09:35:00-04:00,106.18900299072266,106.41999816894531,105.95999908447266,106.41999816894531,10021,0.0,0.0
2024-10-08 09:36:00-04:00,106.5,107.30249786376953,106.42500305175781,107.19000244140625,32304,0.0,0.0
2024-10-08 09:37:00-04:00,107.23500061035156,107.50499725341797,107.23500061035156,107.50499725341797,11002,0.0,0.0
2024-10-08 09:38:00-04:00,107.46929931640625,107.55000305175781,107.0,107.08000183105469,18519,0.0,0.0
2024-10-08 09:39:00-04:00,106.9760971069336,107.0114974975586,106.83999633789062,106.85800170898438,5709,0.0,0.0
2024-10-08 09:40:00-04:00,106.83419799804688,106.85199737548828,106.39009857177734,106.56999969482422,10068,0.0,0.0
2024-10-08 09:41:00-04:00,106.55999755859375,106.88999938964844,106.55999755859375,106.70999908447266,10027,0.0,0.0
2024-10-08 09:42:00-04:00,106.87000274658203,106.9800033569336,106.5999984741211,106.79000091552734,19541,0.0,0.0
2024-10-08 09:43:00-04:00,106.67919921875,106.93000030517578,106.41239929199219,106.41239929199219,7891,0.0,0.0
2024-10-08 09:44:00-04:00,106.53479766845703,106.66000366210938,106.52999877929688,106.55879974365234,3403,0.0,0.0
2024-10-08 09:45:00-04:00,106.63999938964844,106.63999938964844,106.25,106.29499816894531,4842,0.0,0.0
2024-10-08 09:46:00-04:00,106.29499816894531,106.5,106.19999694824219,106.48470306396484,10851,0.0,0.0
2024-10-08 09:47:00-04:00,106.37000274658203,106.47000122070312,106.26010131835938,106.3949966430664,5578,0.0,0.0
2024-10-08 09:48:00-04:00,106.3499984741211,106.58999633789062,106.3499984741211,106.54199981689453,8501,0.0,0.0
2024-10-08 09:49:00-04:00,106.5199966430664,106.5199966430664,106.26000213623047,106.38500213623047,3886,0.0,0.0
2024-10-08 09:50:00-04:00,106.48999786376953,106.62000274658203,106.44999694824219,106.5875015258789,7216,0.0,0.0
2024-10-08 09:51:00-04:00,106.54000091552734,106.54000091552734,106.15010070800781,106.5199966430664,23893,0.0,0.0
2024-10-08 09:52:00-04:00,106.52999877929688,106.77999877929688,106.5199966430664,106.77999877929688,9389,0.0,0.0
2024-10-08 09:53:00-04:00,106.8499984741211,106.94000244140625,106.69999694824219,106.88999938964844,19525,0.0,0.0
2024-10-08 09:54:00-04:00,106.9000015258789,107.29000091552734,106.86000061035156,107.2300033569336,11122,0.0,0.0
2024-10-08 09:55:00-04:00,107.19999694824219,107.19999694824219,106.98999786376953,107.05000305175781,9698,0.0,0.0
2024-10-08 09:56:00-04:00,107.0999984741211,107.22000122070312,107.00765991210938,107.22000122070312,9869,0.0,0.0
2024-10-08 09:57:00-04:00,107.1500015258789,107.16999816894531,107.04000091552734,107.12200164794922,9463,0.0,0.0
2024-10-08 09:58:00-04:00,107.19999694824219,107.37000274658203,107.16999816894531,107.31999969482422,14824,0.0,0.0
2024-10-08 09:59:00-04:00,107.33000183105469,107.51000213623047,107.2300033569336,107.23999786376953,21278,0.0,0.0
2024-10-08 10:00:00-04:00,107.3499984741211,108.0,107.3499984741211,107.9800033569336,35554,0.0,0.0
2024-10-08 10:01:00-04:00,107.9800033569336,108.05000305175781,107.80500030517578,108.01000213623047,40683,0.0,0.0
2024-10-08 10:02:00-04:00,108.08000183105469,108.08000183105469,107.81999969482422,107.83999633789062,10438,0.0,0.0
2024-10-08 10:03:00-04:00,107.80999755859375,107.80999755859375,107.56800079345703,107.77999877929688,5105,0.0,0.0
2024-10-08 10:04:00-04:00,107.86000061035156,108.00080108642578,107.79540252685547,107.84609985351562,10661,0.0,0.0
2024-10-08 10:05:00-04:00,107.8499984741211,107.87000274658203,107.5,107.54000091552734,17043,0.0,0.0
2024-10-08 10:06:00-04:00,107.45010375976562,107.63999938964844,107.30000305175781,107.43499755859375,29189,0.0,0.0
2024-10-08 10:07:00-04:00,107.43499755859375,107.55999755859375,107.16999816894531,107.20850372314453,16312,0.0,0.0
2024-10-08 10:08:00-04:00,107.08999633789062,107.35449981689453,107.06490325927734,107.35449981689453,18361,0.0,0.0
2024-10-08 10:09:00-04:00,107.33000183105469,107.55999755859375,107.33000183105469,107.45999908447266,11582,0.0,0.0
2024-10-08 10:10:00-04:00,107.50990295410156,107.50990295410156,107.19010162353516,107.23999786376953,7267,0.0,0.0
2024-10-08 10:11:00-04:00,107.16999816894531,107.54000091552734,107.1449966430664,107.45999908447266,8319,0.0,0.0
2024-10-08 10:12:00-04:00,107.5,107.66000366210938,107.375,107.375,7616,0.0,0.0
2024-10-08 10:13:00-04:00,107.44000244140625,107.56990051269531,107.28009796142578,107.28009796142578,7379,0.0,0.0
2024-10-08 10:14:00-04:00,107.32499694824219,107.36479949951172,107.19999694824219,107.23999786376953,6577,0.0,0.0
2024-10-08 10:15:00-04:00,107.18000030517578,107.2699966430664,107.06999969482422,107.1050033569336,5908,0.0,0.0
2024-10-08 10:16:00-04:00,107.09500122070312,107.36499786376953,107.09500122070312,107.19000244140625,4030,0.0,0.0
2024-10-08 10:17:00-04:00,107.23999786376953,107.25990295410156,106.97000122070312,107.08999633789062,12802,0.0,0.0
2024-10-08 10:18:00-04:00,107.15989685058594,107.15989685058594,107.0,107.08999633789062,8689,0.0,0.0
2024-10-08 10:19:00-04:00,107.05999755859375,107.125,106.9800033569336,107.08000183105469,6941,0.0,0.0
2024-10-08 10:20:00-04:00,107.11000061035156,107.19499969482422,107.05999755859375,107.19499969482422,5800,0.0,0.0
2024-10-08 10:21:00-04:00,107.18000030517578,107.22000122070312,106.94999694824219,107.02999877929688,6123,0.0,0.0
2024-10-08 10:22:00-04:00,106.97000122070312,106.9800033569336,106.80000305175781,106.80010223388672,9608,0.0,0.0
2024-10-08 10:23:00-04:00,106.86499786376953,107.12000274658203,106.86000061035156,107.10810089111328,6056,0.0,0.0
2024-10-08 10:24:00-04:00,107.08499908447266,107.0999984741211,106.74009704589844,106.79199981689453,12072,0.0,0.0
2024-10-08 10:25:00-04:00,106.80000305175781,106.97000122070312,106.71499633789062,106.97000122070312,4340,0.0,0.0
2024-10-08 10:26:00-04:00,107.0,107.11000061035156,106.94999694824219,107.0199966430664,6734,0.0,0.0
2024-10-08 10:27:00-04:00,107.072998046875,107.072998046875,106.98999786376953,107.05999755859375,4852,0.0,0.0
2024-10-08 10:28:00-04:00,107.04499816894531,107.22689819335938,107.04499816894531,107.22689819335938,2977,0.0,0.0
2024-10-08 10:29:00-04:00,107.1500015258789,107.18049621582031,107.02999877929688,107.18049621582031,4093,0.0,0.0
2024-10-08 10:30:00-04:00,107.11000061035156,107.19000244140625,107.0,107.04000091552734,12969,0.0,0.0
2024-10-08 10:31:00-04:00,106.94999694824219,107.0,106.875,106.93000030517578,7635,0.0,0.0
2024-10-08 10:32:00-04:00,106.95999908447266,107.0250015258789,106.93000030517578,106.94000244140625,2650,0.0,0.0
2024-10-08 10:33:00-04:00,106.91999816894531,106.99430084228516,106.875,106.94999694824219,6955,0.0,0.0
2024-10-08 10:34:00-04:00,106.91999816894531,107.0199966430664,106.88999938964844,106.91500091552734,32131,0.0,0.0
2024-10-08 10:35:00-04:00,106.94000244140625,107.03990173339844,106.91500091552734,106.91999816894531,14190,0.0,0.0
2024-10-08 10:36:00-04:00,106.95539855957031,107.12000274658203,106.95539855957031,107.02999877929688,25057,0.0,0.0
2024-10-08 10:37:00-04:00,107.0,107.05000305175781,106.9000015258789,106.95500183105469,17932,0.0,0.0
2024-10-08 10:38:00-04:00,106.93000030517578,106.93270111083984,106.9000015258789,106.9000015258789,3598,0.0,0.0
2024-10-08 10:39:00-04:00,106.9292984008789,107.00499725341797,106.87000274658203,106.9800033569336,10204,0.0,0.0
2024-10-08 10:40:00-04:00,106.9749984741211,107.0,106.88999938964844,106.9000015258789,4431,0.0,0.0
2024-10-08 10:41:00-04:00,106.87999725341797,106.87999725341797,106.63999938964844,106.6449966430664,10339,0.0,0.0
2024-10-08 10:42:00-04:00,106.6500015258789,107.06999969482422,106.63999938964844,107.03500366210938,18078,0.0,0.0
2024-10-08 10:43:00-04:00,107.0199966430664,107.06999969482422,106.44000244140625,106.75499725341797,16259,0.0,0.0
2024-10-08 10:44:00-04:00,106.75499725341797,106.90789794921875,106.75499725341797,106.88999938964844,5920,0.0,0.0
2024-10-08 10:45:00-04:00,106.8949966430664,106.95999908447266,106.80439758300781,106.80439758300781,4770,0.0,0.0
2024-10-08 10:46:00-04:00,106.9354019165039,107.01000213623047,106.86000061035156,107.00499725341797,5761,0.0,0.0
2024-10-08 10:47:00-04:00,107.00499725341797,107.08000183105469,106.83999633789062,107.0072021484375,24975,0.0,0.0
2024-10-08 10:48:00-04:00,106.97000122070312,107.02999877929688,106.87000274658203,106.91000366210938,20919,0.0,0.0
2024-10-08 10:49:00-04:00,106.94000244140625,107.01000213623047,106.88009643554688,106.9000015258789,9089,0.0,0.0
2024-10-08 10:50:00-04:00,106.87999725341797,106.92500305175781,106.80010223388672,106.83999633789062,4602,0.0,0.0
2024-10-08 10:51:00-04:00,106.83999633789062,106.85639953613281,106.76000213623047,106.76000213623047,9875,0.0,0.0
2024-10-08 10:52:00-04:00,106.78990173339844,106.81999969482422,106.69750213623047,106.80999755859375,13859,0.0,0.0
2024-10-08 10:53:00-04:00,106.77999877929688,106.91000366210938,106.77999877929688,106.87999725341797,7367,0.0,0.0
2024-10-08 10:54:00-04:00,106.88500213623047,106.9198989868164,106.7300033569336,106.73999786376953,6975,0.0,0.0
2024-10-08 10:55:00-04:00,106.73999786376953,106.87000274658203,106.69999694824219,106.87000274658203,13161,0.0,0.0
2024-10-08 10:56:00-04:00,106.86499786376953,106.86499786376953,106.79000091552734,106.83000183105469,3215,0.0,0.0
2024-10-08 10:57:00-04:00,106.83000183105469,107.0,106.83000183105469,106.8499984741211,27412,0.0,0.0
2024-10-08 10:58:00-04:00,106.83499908447266,107.0,106.81999969482422,106.98999786376953,7320,0.0,0.0
2024-10-08 10:59:00-04:00,107.0,107.08000183105469,106.94999694824219,106.95999908447266,31873,0.0,0.0
2024-10-08 11:00:00-04:00,107.00689697265625,107.07599639892578,106.98500061035156,107.07599639892578,11558,0.0,0.0
2024-10-08 11:01:00-04:00,107.06999969482422,107.06999969482422,106.88500213623047,106.93000030517578,4291,0.0,0.0
2024-10-08 11:02:00-04:00,106.95999908447266,107.06500244140625,106.94000244140625,107.06500244140625,8272,0.0,0.0
2024-10-08 11:03:00-04:00,107.02999877929688,107.03459930419922,106.93000030517578,106.93000030517578,7038,0.0,0.0
2024-10-08 11:04:00-04:00,106.94999694824219,106.94999694824219,106.9000015258789,106.9000015258789,1241,0.0,0.0
2024-10-08 11:05:00-04:00,106.94000244140625,106.98999786376953,106.9000015258789,106.95500183105469,4623,0.0,0.0
2024-10-08 11:06:00-04:00,106.95999908447266,106.95999908447266,106.7300033569336,106.76000213623047,10535,0.0,0.0
2024-10-08 11:07:00-04:00,106.83499908447266,106.93990325927734,106.83499908447266,106.88999938964844,1837,0.0,0.0
2024-10-08 11:08:00-04:00,106.83999633789062,106.9000015258789,106.83999633789062,106.87999725341797,8035,0.0,0.0
2024-10-08 11:09:00-04:00,106.90399932861328,106.90399932861328,106.76000213623047,106.83000183105469,12117,0.0,0.0
2024-10-08 11:10:00-04:00,106.81999969482422,106.8324966430664,106.69999694824219,106.69999694824219,9577,0.0,0.0
2024-10-08 11:11:00-04:00,106.73999786376953,106.76499938964844,106.55000305175781,106.58999633789062,8807,0.0,0.0
2024-10-08 11:12:00-04:00,106.58999633789062,106.71869659423828,106.54000091552734,106.71869659423828,2503,0.0,0.0
2024-10-08 11:13:00-04:00,106.70999908447266,106.75,106.66000366210938,106.70999908447266,4129,0.0,0.0
2024-10-08 11:14:00-04:00,106.71499633789062,106.81500244140625,106.63030242919922,106.81500244140625,7314,0.0,0.0
2024-10-08 11:15:00-04:00,106.77999877929688,106.82879638671875,106.70999908447266,106.82879638671875,4832,0.0,0.0
2024-10-08 11:16:00-04:00,106.80000305175781,106.80000305175781,106.68000030517578,106.73500061035156,8345,0.0,0.0
2024-10-08 11:17:00-04:00,106.7249984741211,106.7249984741211,106.58999633789062,106.61000061035156,4392,0.0,0.0
2024-10-08 11:18:00-04:00,106.63999938964844,106.6500015258789,106.52999877929688,106.52999877929688,2997,0.0,0.0
2024-10-08 11:19:00-04:00,106.52999877929688,106.53389739990234,106.31999969482422,106.31999969482422,7037,0.0,0.0
2024-10-08 11:20:00-04:00,106.3499984741211,106.37999725341797,106.26000213623047,106.3499984741211,18193,0.0,0.0
2024-10-08 11:21:00-04:00,106.3499984741211,106.48999786376953,106.3499984741211,106.48999786376953,11994,0.0,0.0
2024-10-08 11:22:00-04:00,106.4800033569336,106.53800201416016,106.44999694824219,106.53800201416016,4932,0.0,0.0
2024-10-08 11:23:00-04:00,106.5199966430664,106.5199966430664,106.43000030517578,106.43000030517578,15343,0.0,0.0
2024-10-08 11:24:00-04:00,106.41999816894531,106.41999816894531,106.26000213623047,106.33000183105469,13816,0.0,0.0
2024-10-08 11:25:00-04:00,106.31500244140625,106.36000061035156,106.27999877929688,106.27999877929688,14055,0.0,0.0
2024-10-08 11:26:00-04:00,106.2699966430664,106.375,106.20999908447266,106.23999786376953,15942,0.0,0.0
2024-10-08 11:27:00-04:00,106.27989959716797,106.27989959716797,106.11000061035156,106.11000061035156,22652,0.0,0.0
2024-10-08 11:28:00-04:00,106.13500213623047,106.14299774169922,106.01000213623047,106.0199966430664,18195,0.0,0.0
2024-10-08 11:29:00-04:00,106.0199966430664,106.06999969482422,105.59010314941406,105.59010314941406,80047,0.0,0.0
2024-10-08 11:30:00-04:00,105.58999633789062,105.98999786376953,105.58999633789062,105.96499633789062,29730,0.0,0.0
2024-10-08 11:31:00-04:00,105.98999786376953,106.18000030517578,105.98999786376953,106.125,21989,0.0,0.0
2024-10-08 11:32:00-04:00,106.13999938964844,106.22000122070312,105.98999786376953,106.19000244140625,15522,0.0,0.0
2024-10-08 11:33:00-04:00,106.20500183105469,106.23970031738281,106.13050079345703,106.19999694824219,6897,0.0,0.0
2024-10-08 11:34:00-04:00,106.19000244140625,106.20960235595703,106.08000183105469,106.12999725341797,6322,0.0,0.0
2024-10-08 11:35:00-04:00,106.12000274658203,106.16000366210938,105.97000122070312,105.97000122070312,11864,0.0,0.0
2024-10-08 11:36:00-04:00,105.99500274658203,106.12999725341797,105.98999786376953,106.0199966430664,9755,0.0,0.0
2024-10-08 11:37:00-04:00,106.01499938964844,106.13999938964844,106.0,106.1167984008789,6983,0.0,0.0
2024-10-08 11:38:00-04:00,106.11499786376953,106.18000030517578,106.08000183105469,106.08000183105469,5339,0.0,0.0
2024-10-08 11:39:00-04:00,106.09500122070312,106.16000366210938,106.08999633789062,106.12999725341797,4130,0.0,0.0
2024-10-08 11:40:00-04:00,106.12999725341797,106.13999938964844,106.03500366210938,106.03500366210938,23323,0.0,0.0
2024-10-08 11:41:00-04:00,106.03500366210938,106.07499694824219,105.9000015258789,105.93000030517578,18998,0.0,0.0
2024-10-08 11:42:00-04:00,105.93000030517578,106.13999938964844,105.93000030517578,106.12000274658203,20335,0.0,0.0
2024-10-08 11:43:00-04:00,106.12000274658203,106.19000244140625,106.0999984741211,106.12999725341797,10967,0.0,0.0
2024-10-08 11:44:00-04:00,106.1500015258789,106.19000244140625,106.06999969482422,106.06999969482422,10712,0.0,0.0
2024-10-08 11:45:00-04:00,106.08999633789062,106.08999633789062,105.94999694824219,105.94999694824219,10364,0.0,0.0
2024-10-08 11:46:00-04:00,105.96499633789062,106.06999969482422,105.9000015258789,106.05000305175781,25847,0.0,0.0
2024-10-08 11:47:00-04:00,106.08000183105469,106.2300033569336,106.08000183105469,106.18009948730469,12320,0.0,0.0
2024-10-08 11:48:00-04:00,106.19999694824219,106.23999786376953,106.11009979248047,106.21990203857422,15878,0.0,0.0
2024-10-08 11:49:00-04:00,106.19999694824219,106.2300033569336,106.12999725341797,106.20500183105469,15537,0.0,0.0
2024-10-08 11:50:00-04:00,106.19999694824219,106.3478012084961,106.19999694824219,106.3478012084961,15510,0.0,0.0
2024-10-08 11:51:00-04:00,106.30000305175781,106.48999786376953,106.30000305175781,106.41500091552734,10842,0.0,0.0
2024-10-08 11:52:00-04:00,106.41000366210938,106.4800033569336,106.37999725341797,106.37999725341797,6355,0.0,0.0
2024-10-08 11:53:00-04:00,106.37999725341797,106.54000091552734,106.36000061035156,106.54000091552734,3934,0.0,0.0
2024-10-08 11:54:00-04:00,106.54000091552734,106.58499908447266,106.44000244140625,106.5,10770,0.0,0.0
2024-10-08 11:55:00-04:00,106.48999786376953,106.48999786376953,106.41000366210938,106.48999786376953,3962,0.0,0.0
2024-10-08 11:56:00-04:00,106.51000213623047,106.55000305175781,106.44000244140625,106.44000244140625,10343,0.0,0.0
2024-10-08 11:57:00-04:00,106.41999816894531,106.41999816894531,106.30000305175781,106.30000305175781,10742,0.0,0.0
2024-10-08 11:58:00-04:00,106.31999969482422,106.37999725341797,106.29000091552734,106.37000274658203,7329,0.0,0.0
2024-10-08 11:59:00-04:00,106.4000015258789,106.44499969482422,106.37000274658203,106.3949966430664,24021,0.0,0.0
2024-10-08 12:00:00-04:00,106.37999725341797,106.37999725341797,106.18000030517578,106.18499755859375,9906,0.0,0.0
2024-10-08 12:01:00-04:00,106.18000030517578,106.19000244140625,105.9000015258789,105.91999816894531,18066,0.0,0.0
2024-10-08 12:02:00-04:00,105.94000244140625,106.05500030517578,105.94000244140625,105.99500274658203,7781,0.0,0.0
2024-10-08 12:03:00-04:00,105.99500274658203,106.0199966430664,105.9000015258789,105.9000015258789,9748,0.0,0.0
2024-10-08 12:04:00-04:00,105.9000015258789,105.9000015258789,105.76024627685547,105.78500366210938,11121,0.0,0.0
2024-10-08 12:05:00-04:00,105.79000091552734,105.79000091552734,105.58999633789062,105.58999633789062,14508,0.0,0.0
2024-10-08 12:06:00-04:00,105.61000061035156,105.81999969482422,105.61000061035156,105.66999816894531,22416,0.0,0.0
2024-10-08 12:07:00-04:00,105.68499755859375,105.68499755859375,105.41999816894531,105.4999008178711,24485,0.0,0.0
2024-10-08 12:08:00-04:00,105.48989868164062,105.48989868164062,105.1500015258789,105.18000030517578,64853,0.0,0.0
2024-10-08 12:09:00-04:00,105.13999938964844,105.41400146484375,105.12999725341797,105.37010192871094,41489,0.0,0.0
2024-10-08 12:10:00-04:00,105.41999816894531,105.44000244140625,105.2699966430664,105.29000091552734,26566,0.0,0.0
2024-10-08 12:11:00-04:00,105.29000091552734,105.33000183105469,105.18000030517578,105.2750015258789,22727,0.0,0.0
2024-10-08 12:12:00-04:00,105.26499938964844,105.30549621582031,105.19499969482422,105.19499969482422,10777,0.0,0.0
2024-10-08 12:13:00-04:00,105.19499969482422,105.26000213623047,105.16999816894531,105.23999786376953,20241,0.0,0.0
2024-10-08 12:14:00-04:00,105.26000213623047,105.31999969482422,105.24500274658203,105.27999877929688,17349,0.0,0.0
2024-10-08 12:15:00-04:00,105.27999877929688,105.33000183105469,105.19000244140625,105.29499816894531,13467,0.0,0.0
2024-10-08 12:16:00-04:00,105.30999755859375,105.33000183105469,105.22010040283203,105.33000183105469,9526,0.0,0.0
2024-10-08 12:17:00-04:00,105.38999938964844,105.43000030517578,105.30999755859375,105.31500244140625,14805,0.0,0.0
2024-10-08 12:18:00-04:00,105.32990264892578,105.33000183105469,105.26000213623047,105.31999969482422,15748,0.0,0.0
2024-10-08 12:19:00-04:00,105.30500030517578,105.37000274658203,105.30500030517578,105.37000274658203,10142,0.0,0.0
2024-10-08 12:20:00-04:00,105.3499984741211,105.3499984741211,105.23999786376953,105.30829620361328,12574,0.0,0.0
2024-10-08 12:21:00-04:00,105.30950164794922,105.44000244140625,105.30950164794922,105.43990325927734,25294,0.0,0.0
2024-10-08 12:22:00-04:00,105.43319702148438,105.44000244140625,105.22000122070312,105.2699966430664,21728,0.0,0.0
2024-10-08 12:23:00-04:00,105.26000213623047,105.26000213623047,105.20999908447266,105.23999786376953,6876,0.0,0.0
2024-10-08 12:24:00-04:00,105.23999786376953,105.25,105.15499877929688,105.15959930419922,9547,0.0,0.0
2024-10-08 12:25:00-04:00,105.16999816894531,105.30000305175781,105.15499877929688,105.26000213623047,9521,0.0,0.0
2024-10-08 12:26:00-04:00,105.26000213623047,105.4000015258789,105.26000213623047,105.38999938964844,18333,0.0,0.0
2024-10-08 12:27:00-04:00,105.38999938964844,105.41999816894531,105.31800079345703,105.36000061035156,23128,0.0,0.0
2024-10-08 12:28:00-04:00,105.3550033569336,105.41600036621094,105.3550033569336,105.38999938964844,15004,0.0,0.0
2024-10-08 12:29:00-04:00,105.4000015258789,105.41000366210938,105.36000061035156,105.36499786376953,13168,0.0,0.0
2024-10-08 12:30:00-04:00,105.35009765625,105.46990203857422,105.33364868164062,105.33364868164062,10188,0.0,0.0
2024-10-08 12:31:00-04:00,105.38999938964844,105.4000015258789,105.30000305175781,105.37999725341797,15530,0.0,0.0
2024-10-08 12:32:00-04:00,105.37999725341797,105.42500305175781,105.37999725341797,105.4000015258789,12054,0.0,0.0
2024-10-08 12:33:00-04:00,105.39029693603516,105.41000366210938,105.3499984741211,105.35970306396484,15305,0.0,0.0
2024-10-08 12:34:00-04:00,105.36000061035156,105.41999816894531,105.33000183105469,105.40499877929688,12363,0.0,0.0
2024-10-08 12:35:00-04:00,105.41999816894531,105.58999633789062,105.39179992675781,105.54000091552734,13712,0.0,0.0
2024-10-08 12:36:00-04:00,105.54000091552734,105.54170227050781,105.44499969482422,105.45999908447266,9574,0.0,0.0
2024-10-08 12:37:00-04:00,105.45999908447266,105.69000244140625,105.45999908447266,105.69000244140625,9208,0.0,0.0
2024-10-08 12:38:00-04:00,105.73999786376953,105.73999786376953,105.66999816894531,105.66999816894531,12629,0.0,0.0
2024-10-08 12:39:00-04:00,105.69000244140625,105.75,105.69000244140625,105.75,8760,0.0,0.0
2024-10-08 12:40:00-04:00,105.72000122070312,105.83999633789062,105.64839935302734,105.83999633789062,10674,0.0,0.0
2024-10-08 12:41:00-04:00,105.84989929199219,105.91999816894531,105.84320068359375,105.89350128173828,4762,0.0,0.0
2024-10-08 12:42:00-04:00,105.9000015258789,105.97000122070312,105.81999969482422,105.83000183105469,22213,0.0,0.0
2024-10-08 12:43:00-04:00,105.80000305175781,105.80000305175781,105.7300033569336,105.7750015258789,12730,0.0,0.0
2024-10-08 12:44:00-04:00,105.79000091552734,105.9000015258789,105.79000091552734,105.87000274658203,10391,0.0,0.0
2024-10-08 12:45:00-04:00,105.87000274658203,105.92500305175781,105.85009765625,105.8949966430664,12145,0.0,0.0
2024-10-08 12:46:00-04:00,105.91000366210938,106.0199966430664,105.9000015258789,105.91999816894531,15290,0.0,0.0
2024-10-08 12:47:00-04:00,105.92500305175781,105.94000244140625,105.87000274658203,105.91000366210938,16687,0.0,0.0
2024-10-08 12:48:00-04:00,105.88999938964844,105.88999938964844,105.67420196533203,105.80000305175781,11350,0.0,0.0
2024-10-08 12:49:00-04:00,105.80999755859375,105.81999969482422,105.69999694824219,105.75309753417969,9829,0.0,0.0
2024-10-08 12:50:00-04:00,105.73999786376953,105.75,105.55389404296875,105.55389404296875,14857,0.0,0.0
2024-10-08 12:51:00-04:00,105.55999755859375,105.71499633789062,105.55999755859375,105.68000030517578,9005,0.0,0.0
2024-10-08 12:52:00-04:00,105.66500091552734,105.70999908447266,105.66000366210938,105.68000030517578,7644,0.0,0.0
2024-10-08 12:53:00-04:00,105.68000030517578,105.68000030517578,105.6050033569336,105.61499786376953,11083,0.0,0.0
2024-10-08 12:54:00-04:00,105.62000274658203,105.66000366210938,105.62000274658203,105.6500015258789,11926,0.0,0.0
2024-10-08 12:55:00-04:00,105.62999725341797,105.62999725341797,105.58999633789062,105.58999633789062,4988,0.0,0.0
2024-10-08 12:56:00-04:00,105.5999984741211,105.6449966430664,105.5199966430664,105.62999725341797,7298,0.0,0.0
2024-10-08 12:57:00-04:00,105.61000061035156,105.6500015258789,105.5999984741211,105.62000274658203,3669,0.0,0.0
2024-10-08 12:58:00-04:00,105.5999984741211,105.62999725341797,105.58000183105469,105.62999725341797,7012,0.0,0.0
2024-10-08 12:59:00-04:00,105.625,105.6500015258789,105.5999984741211,105.61000061035156,10829,0.0,0.0
2024-10-08 13:00:00-04:00,105.61000061035156,105.6500015258789,105.5459976196289,105.6500015258789,12570,0.0,0.0
2024-10-08 13:01:00-04:00,105.63500213623047,105.66000366210938,105.62000274658203,105.62000274658203,17475,0.0,0.0
2024-10-08 13:02:00-04:00,105.58999633789062,105.61000061035156,105.55039978027344,105.55039978027344,15444,0.0,0.0
2024-10-08 13:03:00-04:00,105.56500244140625,105.56500244140625,105.5199966430664,105.53500366210938,8260,0.0,0.0
2024-10-08 13:04:00-04:00,105.54000091552734,105.56999969482422,105.44000244140625,105.44499969482422,11695,0.0,0.0
2024-10-08 13:05:00-04:00,105.45999908447266,105.5,105.37000274658203,105.37999725341797,13780,0.0,0.0
2024-10-08 13:06:00-04:00,105.41999816894531,105.64250183105469,105.40010070800781,105.62000274658203,17149,0.0,0.0
2024-10-08 13:07:00-04:00,105.62000274658203,105.62000274658203,105.56999969482422,105.57849884033203,4494,0.0,0.0
2024-10-08 13:08:00-04:00,105.58000183105469,105.58999633789062,105.36000061035156,105.38999938964844,9099,0.0,0.0
2024-10-08 13:09:00-04:00,105.4000015258789,105.44000244140625,105.27999877929688,105.38999938964844,11360,0.0,0.0
2024-10-08 13:10:00-04:00,105.37000274658203,105.38999938964844,105.25,105.27999877929688,11226,0.0,0.0
2024-10-08 13:11:00-04:00,105.26000213623047,105.37999725341797,105.26000213623047,105.33999633789062,7697,0.0,0.0
2024-10-08 13:12:00-04:00,105.3750991821289,105.56330108642578,105.30000305175781,105.56330108642578,8943,0.0,0.0
2024-10-08 13:13:00-04:00,105.53559875488281,105.53559875488281,105.4000015258789,105.4000015258789,9978,0.0,0.0
2024-10-08 13:14:00-04:00,105.4000015258789,105.41999816894531,105.3499984741211,105.38249969482422,13547,0.0,0.0
2024-10-08 13:15:00-04:00,105.36000061035156,105.37999725341797,105.3499984741211,105.36000061035156,3726,0.0,0.0
2024-10-08 13:16:00-04:00,105.34010314941406,105.41000366210938,105.2699966430664,105.36000061035156,25428,0.0,0.0
2024-10-08 13:17:00-04:00,105.3499984741211,105.38999938964844,105.2699966430664,105.30500030517578,23493,0.0,0.0
2024-10-08 13:18:00-04:00,105.30000305175781,105.36579895019531,105.27999877929688,105.36579895019531,11115,0.0,0.0
2024-10-08 13:19:00-04:00,105.36499786376953,105.43499755859375,105.36499786376953,105.41658020019531,6755,0.0,0.0
2024-10-08 13:20:00-04:00,105.41000366210938,105.43000030517578,105.34500122070312,105.34500122070312,9402,0.0,0.0
2024-10-08 13:21:00-04:00,105.33999633789062,105.43000030517578,105.33999633789062,105.38999938964844,8645,0.0,0.0
2024-10-08 13:22:00-04:00,105.4000015258789,105.41000366210938,105.37000274658203,105.39029693603516,6250,0.0,0.0
2024-10-08 13:23:00-04:00,105.3949966430664,105.45500183105469,105.38970184326172,105.45500183105469,10785,0.0,0.0
2024-10-08 13:24:00-04:00,105.44000244140625,105.4800033569336,105.44000244140625,105.45999908447266,10463,0.0,0.0
2024-10-08 13:25:00-04:00,105.44999694824219,105.45999908447266,105.41490173339844,105.43000030517578,14017,0.0,0.0
2024-10-08 13:26:00-04:00,105.42639923095703,105.44999694824219,105.4000015258789,105.4000015258789,14132,0.0,0.0
2024-10-08 13:27:00-04:00,105.4000015258789,105.4800033569336,105.31999969482422,105.3499984741211,18536,0.0,0.0
2024-10-08 13:28:00-04:00,105.37000274658203,105.37000274658203,105.31999969482422,105.33000183105469,6498,0.0,0.0
2024-10-08 13:29:00-04:00,105.31999969482422,105.3499984741211,105.30000305175781,105.30000305175781,5917,0.0,0.0
2024-10-08 13:30:00-04:00,105.29000091552734,105.30000305175781,105.20999908447266,105.22000122070312,12995,0.0,0.0
2024-10-08 13:31:00-04:00,105.23999786376953,105.30000305175781,105.2396011352539,105.30000305175781,9563,0.0,0.0
2024-10-08 13:32:00-04:00,105.27999877929688,105.31999969482422,105.2699966430664,105.30999755859375,3055,0.0,0.0
2024-10-08 13:33:00-04:00,105.30999755859375,105.3499984741211,105.2699966430664,105.27300262451172,7254,0.0,0.0
2024-10-08 13:34:00-04:00,105.2699966430664,105.3499984741211,105.26000213623047,105.33999633789062,8136,0.0,0.0
2024-10-08 13:35:00-04:00,105.3499984741211,105.52999877929688,105.3499984741211,105.52999877929688,14677,0.0,0.0
2024-10-08 13:36:00-04:00,105.50499725341797,105.56500244140625,105.44999694824219,105.47000122070312,11748,0.0,0.0
2024-10-08 13:37:00-04:00,105.48400115966797,105.52999877929688,105.44000244140625,105.44999694824219,5504,0.0,0.0
2024-10-08 13:38:00-04:00,105.45500183105469,105.58000183105469,105.45500183105469,105.4800033569336,16297,0.0,0.0
2024-10-08 13:39:00-04:00,105.4800033569336,105.48999786376953,105.44000244140625,105.45999908447266,5605,0.0,0.0
2024-10-08 13:40:00-04:00,105.45999908447266,105.58989715576172,105.44000244140625,105.5199966430664,3804,0.0,0.0
2024-10-08 13:41:00-04:00,105.5,105.66999816894531,105.5,105.63999938964844,4522,0.0,0.0
2024-10-08 13:42:00-04:00,105.63400268554688,105.63999938964844,105.55000305175781,105.56999969482422,4631,0.0,0.0
2024-10-08 13:43:00-04:00,105.54000091552734,105.60990142822266,105.52999877929688,105.52999877929688,3192,0.0,0.0
2024-10-08 13:44:00-04:00,105.53500366210938,105.58000183105469,105.51000213623047,105.55000305175781,4055,0.0,0.0
2024-10-08 13:45:00-04:00,105.56999969482422,105.60790252685547,105.52010345458984,105.54000091552734,7584,0.0,0.0
2024-10-08 13:46:00-04:00,105.5199966430664,105.56999969482422,105.4800033569336,105.5,5505,0.0,0.0
2024-10-08 13:47:00-04:00,105.49500274658203,105.6592025756836,105.49500274658203,105.6592025756836,5632,0.0,0.0
2024-10-08 13:48:00-04:00,105.63500213623047,105.6500015258789,105.55999755859375,105.63999938964844,13856,0.0,0.0
2024-10-08 13:49:00-04:00,105.63999938964844,105.75,105.63999938964844,105.75,15781,0.0,0.0
2024-10-08 13:50:00-04:00,105.73999786376953,105.76000213623047,105.68000030517578,105.76000213623047,4809,0.0,0.0
2024-10-08 13:51:00-04:00,105.77999877929688,105.8499984741211,105.77010345458984,105.83000183105469,4461,0.0,0.0
2024-10-08 13:52:00-04:00,105.83000183105469,105.93000030517578,105.83000183105469,105.86000061035156,7963,0.0,0.0
2024-10-08 13:53:00-04:00,105.8550033569336,105.91000366210938,105.8550033569336,105.88999938964844,3800,0.0,0.0
2024-10-08 13:54:00-04:00,105.91000366210938,106.06999969482422,105.91000366210938,106.06999969482422,9360,0.0,0.0
2024-10-08 13:55:00-04:00,106.01959991455078,106.18000030517578,106.01959991455078,106.11000061035156,11679,0.0,0.0
2024-10-08 13:56:00-04:00,106.08000183105469,106.0999984741211,106.04499816894531,106.06500244140625,4147,0.0,0.0
2024-10-08 13:57:00-04:00,106.05000305175781,106.29000091552734,106.04000091552734,106.27999877929688,8528,0.0,0.0
2024-10-08 13:58:00-04:00,106.30000305175781,106.36499786376953,106.28500366210938,106.32499694824219,4038,0.0,0.0
2024-10-08 13:59:00-04:00,106.30999755859375,106.33000183105469,106.2699966430664,106.2699966430664,9677,0.0,0.0
2024-10-08 14:00:00-04:00,106.26000213623047,106.26000213623047,106.18000030517578,106.22000122070312,10042,0.0,0.0
2024-10-08 14:01:00-04:00,106.21499633789062,106.4000015258789,106.21499633789062,106.4000015258789,8357,0.0,0.0
2024-10-08 14:02:00-04:00,106.38999938964844,106.38999938964844,106.35479736328125,106.3646011352539,1652,0.0,0.0
2024-10-08 14:03:00-04:00,106.33000183105469,106.33000183105469,106.20999908447266,106.2300033569336,5426,0.0,0.0
2024-10-08 14:04:00-04:00,106.2300033569336,106.26000213623047,106.19000244140625,106.26000213623047,10591,0.0,0.0
2024-10-08 14:05:00-04:00,106.2750015258789,106.29000091552734,106.2300033569336,106.2750015258789,6810,0.0,0.0
2024-10-08 14:06:00-04:00,106.28500366210938,106.33499908447266,106.26000213623047,106.33499908447266,8250,0.0,0.0
2024-10-08 14:07:00-04:00,106.33000183105469,106.39289855957031,106.33000183105469,106.37999725341797,2547,0.0,0.0
2024-10-08 14:08:00-04:00,106.37999725341797,106.43000030517578,106.3583984375,106.43000030517578,10019,0.0,0.0
2024-10-08 14:09:00-04:00,106.43000030517578,106.4800033569336,106.37000274658203,106.37000274658203,9612,0.0,0.0
2024-10-08 14:10:00-04:00,106.37999725341797,106.5,106.37010192871094,106.5,4813,0.0,0.0
2024-10-08 14:11:00-04:00,106.5,106.58999633789062,106.47000122070312,106.47000122070312,14822,0.0,0.0
2024-10-08 14:12:00-04:00,106.47000122070312,106.62000274658203,106.45999908447266,106.62000274658203,5281,0.0,0.0
2024-10-08 14:13:00-04:00,106.62999725341797,106.63059997558594,106.56500244140625,106.56999969482422,6529,0.0,0.0
2024-10-08 14:14:00-04:00,106.55999755859375,106.55999755859375,106.44999694824219,106.55999755859375,10256,0.0,0.0
2024-10-08 14:15:00-04:00,106.55000305175781,106.61000061035156,106.55000305175781,106.61000061035156,3224,0.0,0.0
2024-10-08 14:16:00-04:00,106.58999633789062,106.6050033569336,106.5199966430664,106.54989624023438,5248,0.0,0.0
2024-10-08 14:17:00-04:00,106.5250015258789,106.5250015258789,106.47000122070312,106.48100280761719,6346,0.0,0.0
2024-10-08 14:18:00-04:00,106.48999786376953,106.55000305175781,106.48999786376953,106.52999877929688,5992,0.0,0.0
2024-10-08 14:19:00-04:00,106.55000305175781,106.5613021850586,106.55000305175781,106.55999755859375,2950,0.0,0.0
2024-10-08 14:20:00-04:00,106.55000305175781,106.58000183105469,106.52999877929688,106.55999755859375,4120,0.0,0.0
2024-10-08 14:21:00-04:00,106.54000091552734,106.55999755859375,106.5199966430664,106.54000091552734,8033,0.0,0.0
2024-10-08 14:22:00-04:00,106.54000091552734,106.54000091552734,106.4749984741211,106.48989868164062,6229,0.0,0.0
2024-10-08 14:23:00-04:00,106.4800033569336,106.52999877929688,106.41000366210938,106.41999816894531,7430,0.0,0.0
2024-10-08 14:24:00-04:00,106.4000015258789,106.46320343017578,106.4000015258789,106.45999908447266,3830,0.0,0.0
2024-10-08 14:25:00-04:00,106.44000244140625,106.44999694824219,106.41000366210938,106.43000030517578,3285,0.0,0.0
2024-10-08 14:26:00-04:00,106.43000030517578,106.43409729003906,106.4000015258789,106.40499877929688,2640,0.0,0.0
2024-10-08 14:27:00-04:00,106.38999938964844,106.47989654541016,106.3759994506836,106.47989654541016,11926,0.0,0.0
2024-10-08 14:28:00-04:00,106.44999694824219,106.45999908447266,106.41000366210938,106.43000030517578,2506,0.0,0.0
2024-10-08 14:29:00-04:00,106.44000244140625,106.5,106.44000244140625,106.45999908447266,3265,0.0,0.0
2024-10-08 14:30:00-04:00,106.4800033569336,106.48999786376953,106.4000015258789,106.41000366210938,4864,0.0,0.0
2024-10-08 14:31:00-04:00,106.43000030517578,106.43499755859375,106.34500122070312,106.3550033569336,13267,0.0,0.0
2024-10-08 14:32:00-04:00,106.33999633789062,106.37999725341797,106.31500244140625,106.37999725341797,5433,0.0,0.0
2024-10-08 14:33:00-04:00,106.36000061035156,106.43000030517578,106.3499984741211,106.43000030517578,5804,0.0,0.0
2024-10-08 14:34:00-04:00,106.43000030517578,106.56500244140625,106.43000030517578,106.56500244140625,5331,0.0,0.0
2024-10-08 14:35:00-04:00,106.58999633789062,106.5999984741211,106.51000213623047,106.58000183105469,4225,0.0,0.0
2024-10-08 14:36:00-04:00,106.55000305175781,106.69000244140625,106.55000305175781,106.68170166015625,5876,0.0,0.0
2024-10-08 14:37:00-04:00,106.66500091552734,106.83999633789062,106.66500091552734,106.81999969482422,9008,0.0,0.0
2024-10-08 14:38:00-04:00,106.83000183105469,106.91999816894531,106.81999969482422,106.88500213623047,11898,0.0,0.0
2024-10-08 14:39:00-04:00,106.86000061035156,106.93000030517578,106.83999633789062,106.93000030517578,4364,0.0,0.0
2024-10-08 14:40:00-04:00,106.92220306396484,106.9800033569336,106.91000366210938,106.95999908447266,4590,0.0,0.0
2024-10-08 14:41:00-04:00,106.96179962158203,106.9800033569336,106.91999816894531,106.97000122070312,8233,0.0,0.0
2024-10-08 14:42:00-04:00,106.9749984741211,106.9749984741211,106.88999938964844,106.93000030517578,8845,0.0,0.0
2024-10-08 14:43:00-04:00,106.94999694824219,107.00499725341797,106.94499969482422,106.97000122070312,10459,0.0,0.0
2024-10-08 14:44:00-04:00,106.98999786376953,107.0,106.93000030517578,107.0,12581,0.0,0.0
2024-10-08 14:45:00-04:00,107.0,107.02999877929688,106.92500305175781,106.99500274658203,9815,0.0,0.0
2024-10-08 14:46:00-04:00,107.00990295410156,107.08999633789062,106.98999786376953,107.08999633789062,18853,0.0,0.0
2024-10-08 14:47:00-04:00,107.0999984741211,107.1500015258789,107.08100128173828,107.125,5122,0.0,0.0
2024-10-08 14:48:00-04:00,107.11000061035156,107.12000274658203,107.06500244140625,107.0999984741211,9333,0.0,0.0
2024-10-08 14:49:00-04:00,107.08999633789062,107.0999984741211,106.98999786376953,107.0199966430664,9476,0.0,0.0
2024-10-08 14:50:00-04:00,107.02999877929688,107.08000183105469,107.02999877929688,107.06999969482422,5982,0.0,0.0
2024-10-08 14:51:00-04:00,107.08999633789062,107.0999984741211,107.01000213623047,107.04000091552734,12343,0.0,0.0
2024-10-08 14:52:00-04:00,107.06999969482422,107.06999969482422,107.04000091552734,107.05000305175781,2562,0.0,0.0
2024-10-08 14:53:00-04:00,107.04499816894531,107.07990264892578,107.03500366210938,107.04280090332031,6822,0.0,0.0
2024-10-08 14:54:00-04:00,107.04499816894531,107.05999755859375,107.03009796142578,107.04499816894531,4628,0.0,0.0
2024-10-08 14:55:00-04:00,107.05999755859375,107.12999725341797,107.05000305175781,107.0999984741211,6316,0.0,0.0
2024-10-08 14:56:00-04:00,107.12999725341797,107.2249984741211,107.12999725341797,107.16999816894531,8042,0.0,0.0
2024-10-08 14:57:00-04:00,107.18329620361328,107.19609832763672,107.0999984741211,107.12999725341797,5347,0.0,0.0
2024-10-08 14:58:00-04:00,107.16000366210938,107.19999694824219,107.12000274658203,107.12000274658203,3436,0.0,0.0
2024-10-08 14:59:00-04:00,107.12000274658203,107.12000274658203,107.08000183105469,107.0999984741211,6300,0.0,0.0
2024-10-08 15:00:00-04:00,107.08499908447266,107.08999633789062,107.02999877929688,107.04000091552734,18596,0.0,0.0
2024-10-08 15:01:00-04:00,107.0199966430664,107.0199966430664,106.94000244140625,107.01499938964844,8933,0.0,0.0
2024-10-08 15:02:00-04:00,107.02400207519531,107.04910278320312,106.9749984741211,106.98999786376953,4229,0.0,0.0
2024-10-08 15:03:00-04:00,106.98999786376953,106.99500274658203,106.93000030517578,106.94010162353516,6620,0.0,0.0
2024-10-08 15:04:00-04:00,106.95999908447266,106.9832992553711,106.9113998413086,106.9113998413086,5960,0.0,0.0
2024-10-08 15:05:00-04:00,106.91999816894531,107.05999755859375,106.91000366210938,107.03614044189453,6247,0.0,0.0
2024-10-08 15:06:00-04:00,107.01000213623047,107.0199966430664,106.94000244140625,107.0199966430664,5269,0.0,0.0
2024-10-08 15:07:00-04:00,107.0,107.00499725341797,106.95020294189453,106.97000122070312,6279,0.0,0.0
2024-10-08 15:08:00-04:00,106.97000122070312,107.01000213623047,106.93000030517578,106.99500274658203,8433,0.0,0.0
2024-10-08 15:09:00-04:00,107.01000213623047,107.04290008544922,106.9800033569336,107.01000213623047,2915,0.0,0.0
2024-10-08 15:10:00-04:00,106.98999786376953,107.06999969482422,106.97000122070312,107.01000213623047,7406,0.0,0.0
2024-10-08 15:11:00-04:00,106.9800033569336,107.01000213623047,106.94000244140625,106.9800033569336,5996,0.0,0.0
2024-10-08 15:12:00-04:00,106.99250030517578,106.99250030517578,106.91000366210938,106.91799926757812,9213,0.0,0.0
2024-10-08 15:13:00-04:00,106.93000030517578,106.9800033569336,106.93000030517578,106.95249938964844,6795,0.0,0.0
2024-10-08 15:14:00-04:00,106.95500183105469,106.97000122070312,106.92500305175781,106.94000244140625,4178,0.0,0.0
2024-10-08 15:15:00-04:00,106.95500183105469,107.05000305175781,106.94000244140625,107.04010009765625,5862,0.0,0.0
2024-10-08 15:16:00-04:00,107.06999969482422,107.10990142822266,107.05999755859375,107.0999984741211,6951,0.0,0.0
2024-10-08 15:17:00-04:00,107.11000061035156,107.12999725341797,107.05999755859375,107.12000274658203,9592,0.0,0.0
2024-10-08 15:18:00-04:00,107.13999938964844,107.19000244140625,107.12010192871094,107.12010192871094,5799,0.0,0.0
2024-10-08 15:19:00-04:00,107.13500213623047,107.15499877929688,107.11000061035156,107.13500213623047,6306,0.0,0.0
2024-10-08 15:20:00-04:00,107.11000061035156,107.125,107.08000183105469,107.11499786376953,4960,0.0,0.0
2024-10-08 15:21:00-04:00,107.11000061035156,107.1500015258789,107.08999633789062,107.13999938964844,6917,0.0,0.0
2024-10-08 15:22:00-04:00,107.12999725341797,107.1500015258789,107.06999969482422,107.13172149658203,9968,0.0,0.0
2024-10-08 15:23:00-04:00,107.13999938964844,107.1500015258789,107.03500366210938,107.03500366210938,6484,0.0,0.0
2024-10-08 15:24:00-04:00,107.05000305175781,107.12159729003906,107.04000091552734,107.12159729003906,7756,0.0,0.0
2024-10-08 15:25:00-04:00,107.08999633789062,107.10569763183594,107.04199981689453,107.07499694824219,5869,0.0,0.0
2024-10-08 15:26:00-04:00,107.05500030517578,107.06999969482422,107.0199966430664,107.0199966430664,6022,0.0,0.0
2024-10-08 15:27:00-04:00,107.0,107.0,106.97000122070312,106.98999786376953,16995,0.0,0.0
2024-10-08 15:28:00-04:00,106.97250366210938,106.98500061035156,106.93000030517578,106.98280334472656,4616,0.0,0.0
2024-10-08 15:29:00-04:00,106.98999786376953,106.98999786376953,106.94999694824219,106.97000122070312,5675,0.0,0.0
2024-10-08 15:30:00-04:00,106.97000122070312,106.9800033569336,106.94000244140625,106.9749984741211,5171,0.0,0.0
2024-10-08 15:31:00-04:00,106.98999786376953,107.04000091552734,106.95999908447266,106.9749984741211,17629,0.0,0.0
2024-10-08 15:32:00-04:00,106.98999786376953,107.02999877929688,106.94999694824219,107.02999877929688,4404,0.0,0.0
2024-10-08 15:33:00-04:00,107.0,107.04930114746094,106.99500274658203,107.01000213623047,14945,0.0,0.0
2024-10-08 15:34:00-04:00,107.0,107.11000061035156,106.97000122070312,107.08000183105469,6729,0.0,0.0
2024-10-08 15:35:00-04:00,107.06999969482422,107.07460021972656,106.95999908447266,106.9749984741211,12089,0.0,0.0
2024-10-08 15:36:00-04:00,106.9749984741211,107.0427017211914,106.97000122070312,107.03500366210938,4653,0.0,0.0
2024-10-08 15:37:00-04:00,107.02999877929688,107.09500122070312,106.9749984741211,107.09500122070312,9755,0.0,0.0
2024-10-08 15:38:00-04:00,107.11000061035156,107.16000366210938,107.11000061035156,107.13500213623047,10023,0.0,0.0
2024-10-08 15:39:00-04:00,107.13500213623047,107.16999816894531,107.12000274658203,107.13999938964844,5641,0.0,0.0
2024-10-08 15:40:00-04:00,107.13999938964844,107.1500015258789,107.1050033569336,107.13999938964844,7459,0.0,0.0
2024-10-08 15:41:00-04:00,107.12000274658203,107.12000274658203,107.05000305175781,107.07499694824219,7406,0.0,0.0
2024-10-08 15:42:00-04:00,107.06999969482422,107.12000274658203,107.06999969482422,107.12000274658203,8593,0.0,0.0
2024-10-08 15:43:00-04:00,107.11699676513672,107.12999725341797,106.98999786376953,107.04499816894531,12383,0.0,0.0
2024-10-08 15:44:00-04:00,107.02999877929688,107.06999969482422,107.0,107.0,5961,0.0,0.0
2024-10-08 15:45:00-04:00,107.01000213623047,107.06999969482422,107.0,107.06999969482422,14431,0.0,0.0
2024-10-08 15:46:00-04:00,107.08000183105469,107.12000274658203,107.05000305175781,107.06500244140625,11796,0.0,0.0
2024-10-08 15:47:00-04:00,107.0999984741211,107.10250091552734,107.05000305175781,107.08000183105469,10190,0.0,0.0
2024-10-08 15:48:00-04:00,107.05999755859375,107.11000061035156,107.05000305175781,107.0999984741211,22832,0.0,0.0
2024-10-08 15:49:00-04:00,107.1050033569336,107.20999908447266,107.1050033569336,107.19000244140625,18801,0.0,0.0
2024-10-08 15:50:00-04:00,107.18000030517578,107.2300033569336,107.05999755859375,107.08999633789062,35235,0.0,0.0
2024-10-08 15:51:00-04:00,107.0824966430664,107.0824966430664,106.91000366210938,106.94000244140625,19316,0.0,0.0
2024-10-08 15:52:00-04:00,106.93000030517578,106.94999694824219,106.83999633789062,106.87000274658203,16985,0.0,0.0
2024-10-08 15:53:00-04:00,106.8949966430664,107.02999877929688,106.8949966430664,107.0,23957,0.0,0.0
2024-10-08 15:54:00-04:00,107.0,107.08000183105469,106.9800033569336,107.08000183105469,27118,0.0,0.0
2024-10-08 15:55:00-04:00,107.05000305175781,107.12000274658203,107.01000213623047,107.08499908447266,31027,0.0,0.0
2024-10-08 15:56:00-04:00,107.05999755859375,107.08000183105469,106.94000244140625,106.9751968383789,28032,0.0,0.0
2024-10-08 15:57:00-04:00,106.97000122070312,107.05000305175781,106.83000183105469,107.04000091552734,54239,0.0,0.0
2024-10-08 15:58:00-04:00,107.04000091552734,107.05000305175781,106.8499984741211,106.8499984741211,65640,0.0,0.0
2024-10-08 15:59:00-04:00,106.83999633789062,106.9800033569336,106.7699966430664,106.86000061035156,95804,0.0,0.0
2024-10-09 09:30:00-04:00,107.30999755859375,108.80999755859375,107.30000305175781,108.59320068359375,363532,0.0,0.0
2024-10-09 09:31:00-04:00,108.48999786376953,109.19999694824219,108.33429718017578,108.60990142822266,73981,0.0,0.0
2024-10-09 09:32:00-04:00,108.42500305175781,108.44989776611328,108.0999984741211,108.32499694824219,11544,0.0,0.0
2024-10-09 09:33:00-04:00,108.32499694824219,108.41020202636719,108.0,108.0999984741211,15602,0.0,0.0
2024-10-09 09:34:00-04:00,108.04000091552734,108.51000213623047,108.0,108.33999633789062,30298,0.0,0.0
2024-10-09 09:35:00-04:00,108.30999755859375,108.41000366210938,108.15499877929688,108.27999877929688,22938,0.0,0.0
2024-10-09 09:36:00-04:00,108.27999877929688,108.5,108.08999633789062,108.12000274658203,27732,0.0,0.0
2024-10-09 09:37:00-04:00,108.12000274658203,108.33000183105469,108.0999984741211,108.28500366210938,26203,0.0,0.0
2024-10-09 09:38:00-04:00,108.33989715576172,108.43000030517578,108.0999984741211,108.3499984741211,32652,0.0,0.0
2024-10-09 09:39:00-04:00,108.36150360107422,108.39399719238281,108.12999725341797,108.19499969482422,22778,0.0,0.0
2024-10-09 09:40:00-04:00,108.19499969482422,108.41999816894531,108.18000030517578,108.33999633789062,21016,0.0,0.0
2024-10-09 09:41:00-04:00,108.41500091552734,108.62999725341797,108.05999755859375,108.23999786376953,24887,0.0,0.0
2024-10-09 09:42:00-04:00,108.1500015258789,108.19999694824219,107.97000122070312,108.04090118408203,31079,0.0,0.0
2024-10-09 09:43:00-04:00,108.1500015258789,108.44979858398438,108.0,108.0,49263,0.0,0.0
2024-10-09 09:44:00-04:00,107.97000122070312,108.13999938964844,107.87000274658203,108.08999633789062,14729,0.0,0.0
2024-10-09 09:45:00-04:00,108.08999633789062,108.16999816894531,107.9000015258789,108.05000305175781,17575,0.0,0.0
2024-10-09 09:46:00-04:00,108.07499694824219,108.18000030517578,107.97000122070312,108.11499786376953,16040,0.0,0.0
2024-10-09 09:47:00-04:00,108.16999816894531,108.43890380859375,108.08999633789062,108.39679718017578,129332,0.0,0.0
2024-10-09 09:48:00-04:00,108.33000183105469,108.47000122070312,108.03500366210938,108.08000183105469,28799,0.0,0.0
2024-10-09 09:49:00-04:00,108.06999969482422,108.06999969482422,107.5999984741211,108.04000091552734,19284,0.0,0.0
2024-10-09 09:50:00-04:00,108.03500366210938,108.04000091552734,107.88999938964844,107.94000244140625,12773,0.0,0.0
2024-10-09 09:51:00-04:00,107.97000122070312,108.0,107.80000305175781,107.80010223388672,13551,0.0,0.0
2024-10-09 09:52:00-04:00,107.80000305175781,107.80999755859375,107.44999694824219,107.54000091552734,16865,0.0,0.0
2024-10-09 09:53:00-04:00,107.53500366210938,107.62999725341797,107.30999755859375,107.55999755859375,14594,0.0,0.0
2024-10-09 09:54:00-04:00,107.55999755859375,107.63999938964844,107.30000305175781,107.34500122070312,22291,0.0,0.0
2024-10-09 09:55:00-04:00,107.37000274658203,107.51000213623047,107.2699966430664,107.4000015258789,20147,0.0,0.0
2024-10-09 09:56:00-04:00,107.42500305175781,107.43000030517578,107.12999725341797,107.12999725341797,8157,0.0,0.0
2024-10-09 09:57:00-04:00,107.18499755859375,107.42070007324219,107.05999755859375,107.33999633789062,41691,0.0,0.0
2024-10-09 09:58:00-04:00,107.29000091552734,107.3125991821289,107.0967025756836,107.2249984741211,15963,0.0,0.0
2024-10-09 09:59:00-04:00,107.25,107.36000061035156,107.16999816894531,107.17500305175781,20776,0.0,0.0
2024-10-09 10:00:00-04:00,107.17500305175781,107.5,107.125,107.48500061035156,29600,0.0,0.0
2024-10-09 10:01:00-04:00,107.41999816894531,107.7229995727539,107.41000366210938,107.7229995727539,10401,0.0,0.0
2024-10-09 10:02:00-04:00,107.73210144042969,107.80999755859375,107.55999755859375,107.69499969482422,28233,0.0,0.0
2024-10-09 10:03:00-04:00,107.66999816894531,107.69000244140625,107.47000122070312,107.66000366210938,14674,0.0,0.0
2024-10-09 10:04:00-04:00,107.65249633789062,107.91999816894531,107.6500015258789,107.77999877929688,10757,0.0,0.0
2024-10-09 10:05:00-04:00,107.76000213623047,107.8499984741211,107.5999984741211,107.7249984741211,15415,0.0,0.0
2024-10-09 10:06:00-04:00,107.76000213623047,108.08000183105469,107.72000122070312,108.06999969482422,8734,0.0,0.0
2024-10-09 10:07:00-04:00,108.091796875,108.13330078125,107.87000274658203,107.91000366210938,29600,0.0,0.0
2024-10-09 10:08:00-04:00,107.9000015258789,107.95999908447266,107.68000030517578,107.88500213623047,20550,0.0,0.0
2024-10-09 10:09:00-04:00,107.86000061035156,108.0999984741211,107.77999877929688,108.09500122070312,12326,0.0,0.0
2024-10-09 10:10:00-04:00,108.0999984741211,108.41999816894531,108.0999984741211,108.0999984741211,20997,0.0,0.0
2024-10-09 10:11:00-04:00,108.12999725341797,108.3499984741211,108.12999725341797,108.25499725341797,18867,0.0,0.0
2024-10-09 10:12:00-04:00,108.25,108.30999755859375,108.11000061035156,108.2699966430664,23393,0.0,0.0
2024-10-09 10:13:00-04:00,108.2750015258789,108.69999694824219,108.2750015258789,108.69999694824219,22074,0.0,0.0
2024-10-09 10:14:00-04:00,108.58999633789062,108.58999633789062,108.3499984741211,108.41000366210938,10460,0.0,0.0
2024-10-09 10:15:00-04:00,108.47000122070312,108.5,108.30000305175781,108.37000274658203,14303,0.0,0.0
2024-10-09 10:16:00-04:00,108.41000366210938,108.4728012084961,108.22000122070312,108.22000122070312,20904,0.0,0.0
2024-10-09 10:17:00-04:00,108.25,108.32990264892578,108.11000061035156,108.32990264892578,9748,0.0,0.0
2024-10-09 10:18:00-04:00,108.19000244140625,108.30000305175781,108.12000274658203,108.12000274658203,9911,0.0,0.0
2024-10-09 10:19:00-04:00,108.0999984741211,108.2300033569336,108.0999984741211,108.2300033569336,6691,0.0,0.0
2024-10-09 10:20:00-04:00,108.19999694824219,108.27999877929688,108.04000091552734,108.04000091552734,35965,0.0,0.0
2024-10-09 10:21:00-04:00,108.02999877929688,108.04524993896484,107.9000015258789,107.93000030517578,20338,0.0,0.0
2024-10-09 10:22:00-04:00,107.91999816894531,108.08000183105469,107.88999938964844,108.04499816894531,14499,0.0,0.0
2024-10-09 10:23:00-04:00,108.05999755859375,108.18000030517578,108.0199966430664,108.16000366210938,14537,0.0,0.0
2024-10-09 10:24:00-04:00,108.20999908447266,108.26000213623047,108.18000030517578,108.20999908447266,11058,0.0,0.0
2024-10-09 10:25:00-04:00,108.19000244140625,108.19000244140625,108.09500122070312,108.09500122070312,2748,0.0,0.0
2024-10-09 10:26:00-04:00,108.10749816894531,108.12750244140625,107.94000244140625,108.05500030517578,8250,0.0,0.0
2024-10-09 10:27:00-04:00,108.05500030517578,108.08999633789062,107.9749984741211,107.9749984741211,17138,0.0,0.0
2024-10-09 10:28:00-04:00,107.91000366210938,108.05000305175781,107.91000366210938,108.05000305175781,5803,0.0,0.0
2024-10-09 10:29:00-04:00,108.05000305175781,108.12000274658203,108.01010131835938,108.12000274658203,15701,0.0,0.0
2024-10-09 10:30:00-04:00,108.06999969482422,108.12989807128906,108.01000213623047,108.11000061035156,6598,0.0,0.0
2024-10-09 10:31:00-04:00,108.1050033569336,108.12000274658203,108.03500366210938,108.1050033569336,8615,0.0,0.0
2024-10-09 10:32:00-04:00,108.11499786376953,108.20850372314453,108.05999755859375,108.11399841308594,9646,0.0,0.0
2024-10-09 10:33:00-04:00,108.06999969482422,108.118896484375,107.87999725341797,107.94999694824219,12927,0.0,0.0
2024-10-09 10:34:00-04:00,107.94999694824219,108.2699966430664,107.94999694824219,108.17500305175781,10044,0.0,0.0
2024-10-09 10:35:00-04:00,108.12999725341797,108.13999938964844,108.05999755859375,108.06999969482422,4934,0.0,0.0
2024-10-09 10:36:00-04:00,108.1051025390625,108.12000274658203,108.01000213623047,108.01000213623047,19969,0.0,0.0
2024-10-09 10:37:00-04:00,107.9800033569336,108.05000305175781,107.93000030517578,107.94999694824219,7182,0.0,0.0
2024-10-09 10:38:00-04:00,107.88999938964844,108.0,107.87999725341797,107.9801025390625,5578,0.0,0.0
2024-10-09 10:39:00-04:00,107.94999694824219,108.04499816894531,107.88999938964844,108.04499816894531,6574,0.0,0.0
2024-10-09 10:40:00-04:00,108.01000213623047,108.04139709472656,107.9000015258789,107.94999694824219,8435,0.0,0.0
2024-10-09 10:41:00-04:00,107.97000122070312,108.05000305175781,107.91999816894531,108.01499938964844,7228,0.0,0.0
2024-10-09 10:42:00-04:00,108.0199966430664,108.02999877929688,107.93000030517578,107.93000030517578,6371,0.0,0.0
2024-10-09 10:43:00-04:00,107.92539978027344,108.0250015258789,107.80999755859375,107.88999938964844,15492,0.0,0.0
2024-10-09 10:44:00-04:00,107.9000015258789,107.93009948730469,107.8499984741211,107.86000061035156,8858,0.0,0.0
2024-10-09 10:45:00-04:00,107.87999725341797,107.8949966430664,107.80999755859375,107.83000183105469,7836,0.0,0.0
2024-10-09 10:46:00-04:00,107.80999755859375,107.875,107.76000213623047,107.8499984741211,9446,0.0,0.0
2024-10-09 10:47:00-04:00,107.9175033569336,107.9175033569336,107.77999877929688,107.83000183105469,6883,0.0,0.0
2024-10-09 10:48:00-04:00,107.80000305175781,108.02999877929688,107.80000305175781,108.01000213623047,8991,0.0,0.0
2024-10-09 10:49:00-04:00,108.02999877929688,108.2699966430664,108.02999877929688,108.25,11374,0.0,0.0
2024-10-09 10:50:00-04:00,108.21499633789062,108.23999786376953,108.08000183105469,108.12999725341797,15579,0.0,0.0
2024-10-09 10:51:00-04:00,108.14250183105469,108.20999908447266,108.08000183105469,108.16500091552734,14934,0.0,0.0
2024-10-09 10:52:00-04:00,108.16500091552734,108.16500091552734,107.94999694824219,108.0,12279,0.0,0.0
2024-10-09 10:53:00-04:00,107.98999786376953,108.12999725341797,107.95999908447266,108.09500122070312,8815,0.0,0.0
2024-10-09 10:54:00-04:00,108.16999816894531,108.16999816894531,108.03500366210938,108.04499816894531,5634,0.0,0.0
2024-10-09 10:55:00-04:00,108.06999969482422,108.26319885253906,108.06999969482422,108.26319885253906,5848,0.0,0.0
2024-10-09 10:56:00-04:00,108.2300033569336,108.2699966430664,108.12000274658203,108.12999725341797,11376,0.0,0.0
2024-10-09 10:57:00-04:00,108.1500015258789,108.25,108.1500015258789,108.23159790039062,4949,0.0,0.0
2024-10-09 10:58:00-04:00,108.22000122070312,108.2699966430664,108.22000122070312,108.25399780273438,12742,0.0,0.0
2024-10-09 10:59:00-04:00,108.25,108.37999725341797,108.25,108.37000274658203,53886,0.0,0.0
2024-10-09 11:00:00-04:00,108.4000015258789,108.55000305175781,108.4000015258789,108.5199966430664,16540,0.0,0.0
2024-10-09 11:01:00-04:00,108.5,108.54650115966797,108.41999816894531,108.43000030517578,8133,0.0,0.0
2024-10-09 11:02:00-04:00,108.41500091552734,108.69000244140625,108.41500091552734,108.69000244140625,8798,0.0,0.0
2024-10-09 11:03:00-04:00,108.62999725341797,108.66999816894531,108.58000183105469,108.6500015258789,8675,0.0,0.0
2024-10-09 11:04:00-04:00,108.69999694824219,108.72989654541016,108.6500015258789,108.66999816894531,10934,0.0,0.0
2024-10-09 11:05:00-04:00,108.68000030517578,108.72920227050781,108.66010284423828,108.69000244140625,6986,0.0,0.0
2024-10-09 11:06:00-04:00,108.69999694824219,108.87000274658203,108.68250274658203,108.81500244140625,26301,0.0,0.0
2024-10-09 11:07:00-04:00,108.82499694824219,108.93000030517578,108.79499816894531,108.80500030517578,16100,0.0,0.0
2024-10-09 11:08:00-04:00,108.80500030517578,108.80500030517578,108.63999938964844,108.66999816894531,8595,0.0,0.0
2024-10-09 11:09:00-04:00,108.66500091552734,108.83000183105469,108.58000183105469,108.71009826660156,14531,0.0,0.0
2024-10-09 11:10:00-04:00,108.7750015258789,108.80419921875,108.6500015258789,108.70500183105469,5390,0.0,0.0
2024-10-09 11:11:00-04:00,108.6780014038086,108.91999816894531,108.67009735107422,108.75,28976,0.0,0.0
2024-10-09 11:12:00-04:00,108.75,108.79000091552734,108.66999816894531,108.70999908447266,9779,0.0,0.0
2024-10-09 11:13:00-04:00,108.73600006103516,108.73600006103516,108.61000061035156,108.70999908447266,13776,0.0,0.0
2024-10-09 11:14:00-04:00,108.70999908447266,108.76499938964844,108.68000030517578,108.72100067138672,7651,0.0,0.0
2024-10-09 11:15:00-04:00,108.72000122070312,108.73999786376953,108.68587493896484,108.69999694824219,8077,0.0,0.0
2024-10-09 11:16:00-04:00,108.69999694824219,108.7699966430664,108.56999969482422,108.76000213623047,12231,0.0,0.0
2024-10-09 11:17:00-04:00,108.74500274658203,108.87689971923828,108.73999786376953,108.8550033569336,3256,0.0,0.0
2024-10-09 11:18:00-04:00,108.88240051269531,108.88999938964844,108.83000183105469,108.86499786376953,2386,0.0,0.0
2024-10-09 11:19:00-04:00,108.88999938964844,108.97989654541016,108.88999938964844,108.92459869384766,11817,0.0,0.0
2024-10-09 11:20:00-04:00,108.91999816894531,108.94000244140625,108.7300033569336,108.76000213623047,11621,0.0,0.0
2024-10-09 11:21:00-04:00,108.7699966430664,108.87000274658203,108.68000030517578,108.68000030517578,15392,0.0,0.0
2024-10-09 11:22:00-04:00,108.66000366210938,108.70210266113281,108.52999877929688,108.53009796142578,14460,0.0,0.0
2024-10-09 11:23:00-04:00,108.59989929199219,108.59989929199219,108.44000244140625,108.51499938964844,5135,0.0,0.0
2024-10-09 11:24:00-04:00,108.5,108.5999984741211,108.4800033569336,108.52999877929688,11565,0.0,0.0
2024-10-09 11:25:00-04:00,108.51000213623047,108.56629943847656,108.47570037841797,108.56629943847656,3979,0.0,0.0
2024-10-09 11:26:00-04:00,108.58000183105469,108.5999984741211,108.45999908447266,108.45999908447266,7344,0.0,0.0
2024-10-09 11:27:00-04:00,108.44000244140625,108.45999908447266,108.37999725341797,108.43000030517578,3719,0.0,0.0
2024-10-09 11:28:00-04:00,108.44000244140625,108.5199966430664,108.40979766845703,108.5199966430664,4636,0.0,0.0
2024-10-09 11:29:00-04:00,108.5199966430664,108.62000274658203,108.49949645996094,108.5999984741211,7184,0.0,0.0
2024-10-09 11:30:00-04:00,108.62999725341797,108.76499938964844,108.62999725341797,108.69059753417969,9410,0.0,0.0
2024-10-09 11:31:00-04:00,108.75,108.7750015258789,108.70500183105469,108.7300033569336,6916,0.0,0.0
2024-10-09 11:32:00-04:00,108.69999694824219,108.7699966430664,108.68000030517578,108.73999786376953,8486,0.0,0.0
2024-10-09 11:33:00-04:00,108.73390197753906,108.80999755859375,108.71009826660156,108.77999877929688,7435,0.0,0.0
2024-10-09 11:34:00-04:00,108.76000213623047,108.84950256347656,108.75,108.81999969482422,6559,0.0,0.0
2024-10-09 11:35:00-04:00,108.81999969482422,108.9000015258789,108.7750015258789,108.88999938964844,12031,0.0,0.0
2024-10-09 11:36:00-04:00,108.90599822998047,108.94499969482422,108.87000274658203,108.87000274658203,6262,0.0,0.0
2024-10-09 11:37:00-04:00,108.8499984741211,108.91500091552734,108.80999755859375,108.91500091552734,5480,0.0,0.0
2024-10-09 11:38:00-04:00,108.91000366210938,109.0,108.83999633789062,108.98500061035156,12448,0.0,0.0
2024-10-09 11:39:00-04:00,108.97000122070312,108.9800033569336,108.93000030517578,108.97000122070312,5760,0.0,0.0
2024-10-09 11:40:00-04:00,108.9800033569336,109.17859649658203,108.9800033569336,109.08000183105469,9938,0.0,0.0
2024-10-09 11:41:00-04:00,109.08999633789062,109.20999908447266,109.08999633789062,109.19000244140625,14834,0.0,0.0
2024-10-09 11:42:00-04:00,109.19000244140625,109.2300033569336,109.16000366210938,109.16000366210938,12091,0.0,0.0
2024-10-09 11:43:00-04:00,109.1500015258789,109.18910217285156,109.11000061035156,109.12000274658203,10613,0.0,0.0
2024-10-09 11:44:00-04:00,109.0999984741211,109.11000061035156,108.96920013427734,109.04499816894531,11373,0.0,0.0
2024-10-09 11:45:00-04:00,109.04499816894531,109.04679870605469,108.94000244140625,109.0199966430664,10139,0.0,0.0
2024-10-09 11:46:00-04:00,108.98999786376953,109.05999755859375,108.98500061035156,108.98999786376953,7068,0.0,0.0
2024-10-09 11:47:00-04:00,108.97000122070312,108.97000122070312,108.84500122070312,108.92500305175781,13456,0.0,0.0
2024-10-09 11:48:00-04:00,108.94999694824219,108.94999694824219,108.8949966430664,108.8949966430664,5735,0.0,0.0
2024-10-09 11:49:00-04:00,108.8949966430664,108.97219848632812,108.8499984741211,108.95999908447266,6157,0.0,0.0
2024-10-09 11:50:00-04:00,108.95999908447266,109.04000091552734,108.94000244140625,109.02999877929688,6281,0.0,0.0
2024-10-09 11:51:00-04:00,109.02999877929688,109.11000061035156,109.02999877929688,109.08000183105469,8320,0.0,0.0
2024-10-09 11:52:00-04:00,109.06999969482422,109.1449966430664,109.05000305175781,109.08999633789062,6658,0.0,0.0
2024-10-09 11:53:00-04:00,109.01000213623047,109.06999969482422,108.94999694824219,109.01000213623047,7336,0.0,0.0
2024-10-09 11:54:00-04:00,109.0,109.0999984741211,109.0,109.0999984741211,5543,0.0,0.0
2024-10-09 11:55:00-04:00,109.11000061035156,109.15979766845703,109.02999877929688,109.04000091552734,9521,0.0,0.0
2024-10-09 11:56:00-04:00,109.04499816894531,109.12999725341797,109.04139709472656,109.04499816894531,9549,0.0,0.0
2024-10-09 11:57:00-04:00,109.06999969482422,109.08000183105469,108.9800033569336,109.01499938964844,9758,0.0,0.0
2024-10-09 11:58:00-04:00,109.01499938964844,109.02999877929688,108.94000244140625,109.01000213623047,11784,0.0,0.0
2024-10-09 11:59:00-04:00,108.95999908447266,108.98999786376953,108.86000061035156,108.97000122070312,17566,0.0,0.0
2024-10-09 12:00:00-04:00,109.0,109.0,108.94999694824219,109.0,10084,0.0,0.0
2024-10-09 12:01:00-04:00,109.0,109.01000213623047,108.94999694824219,108.9800033569336,17778,0.0,0.0
2024-10-09 12:02:00-04:00,108.9800033569336,109.0199966430664,108.87999725341797,108.91999816894531,10005,0.0,0.0
2024-10-09 12:03:00-04:00,108.94999694824219,109.0,108.87000274658203,108.95999908447266,14050,0.0,0.0
2024-10-09 12:04:00-04:00,108.98500061035156,108.98500061035156,108.83000183105469,108.83000183105469,5647,0.0,0.0
2024-10-09 12:05:00-04:00,108.84500122070312,108.87999725341797,108.66999816894531,108.7739028930664,11822,0.0,0.0
2024-10-09 12:06:00-04:00,108.72010040283203,108.7699966430664,108.66999816894531,108.76000213623047,9809,0.0,0.0
2024-10-09 12:07:00-04:00,108.77999877929688,108.80000305175781,108.69499969482422,108.69499969482422,6388,0.0,0.0
2024-10-09 12:08:00-04:00,108.68000030517578,108.73999786376953,108.62999725341797,108.66999816894531,8246,0.0,0.0
2024-10-09 12:09:00-04:00,108.66000366210938,108.70999908447266,108.62999725341797,108.70999908447266,5527,0.0,0.0
2024-10-09 12:10:00-04:00,108.7300033569336,108.80000305175781,108.70999908447266,108.72000122070312,5075,0.0,0.0
2024-10-09 12:11:00-04:00,108.73999786376953,108.7699966430664,108.73999786376953,108.75499725341797,4375,0.0,0.0
2024-10-09 12:12:00-04:00,108.7699966430664,108.78500366210938,108.69999694824219,108.70999908447266,6505,0.0,0.0
2024-10-09 12:13:00-04:00,108.7300033569336,108.7300033569336,108.63999938964844,108.63999938964844,5962,0.0,0.0
2024-10-09 12:14:00-04:00,108.67970275878906,108.67970275878906,108.56999969482422,108.56999969482422,7731,0.0,0.0
2024-10-09 12:15:00-04:00,108.55000305175781,108.55000305175781,108.33999633789062,108.43000030517578,14680,0.0,0.0
2024-10-09 12:16:00-04:00,108.42500305175781,108.69020080566406,108.40499877929688,108.62000274658203,18949,0.0,0.0
2024-10-09 12:17:00-04:00,108.61000061035156,108.61000061035156,108.47000122070312,108.54000091552734,9364,0.0,0.0
2024-10-09 12:18:00-04:00,108.55500030517578,108.55500030517578,108.4000015258789,108.44999694824219,13356,0.0,0.0
2024-10-09 12:19:00-04:00,108.41999816894531,108.41999816894531,108.2750015258789,108.30500030517578,6421,0.0,0.0
2024-10-09 12:20:00-04:00,108.31999969482422,108.54000091552734,108.27449798583984,108.5250015258789,5992,0.0,0.0
2024-10-09 12:21:00-04:00,108.5250015258789,108.77989959716797,108.5250015258789,108.74500274658203,4123,0.0,0.0
2024-10-09 12:22:00-04:00,108.72000122070312,108.73999786376953,108.62999725341797,108.62999725341797,7694,0.0,0.0
2024-10-09 12:23:00-04:00,108.62999725341797,108.76000213623047,108.61000061035156,108.73500061035156,10637,0.0,0.0
2024-10-09 12:24:00-04:00,108.77410125732422,108.7959976196289,108.66000366210938,108.66000366210938,7385,0.0,0.0
2024-10-09 12:25:00-04:00,108.71160125732422,108.71160125732422,108.63999938964844,108.66000366210938,17423,0.0,0.0
2024-10-09 12:26:00-04:00,108.66000366210938,108.66000366210938,108.58999633789062,108.61000061035156,11428,0.0,0.0
2024-10-09 12:27:00-04:00,108.66000366210938,108.71299743652344,108.62999725341797,108.71299743652344,9296,0.0,0.0
2024-10-09 12:28:00-04:00,108.69999694824219,108.76000213623047,108.66000366210938,108.69999694824219,13070,0.0,0.0
2024-10-09 12:29:00-04:00,108.66999816894531,108.7615966796875,108.66000366210938,108.71170043945312,11896,0.0,0.0
2024-10-09 12:30:00-04:00,108.70999908447266,108.7699966430664,108.6500015258789,108.70999908447266,15196,0.0,0.0
2024-10-09 12:31:00-04:00,108.7300033569336,108.8499984741211,108.69000244140625,108.83000183105469,10586,0.0,0.0
2024-10-09 12:32:00-04:00,108.86499786376953,108.9800033569336,108.86499786376953,108.95500183105469,5527,0.0,0.0
2024-10-09 12:33:00-04:00,108.94999694824219,109.06999969482422,108.94999694824219,109.06999969482422,7863,0.0,0.0
2024-10-09 12:34:00-04:00,109.13999938964844,109.1500015258789,109.0,109.0,20153,0.0,0.0
2024-10-09 12:35:00-04:00,109.0,109.0199966430664,108.86499786376953,108.95999908447266,16393,0.0,0.0
2024-10-09 12:36:00-04:00,108.95999908447266,109.06999969482422,108.95999908447266,109.05000305175781,13523,0.0,0.0
2024-10-09 12:37:00-04:00,109.06999969482422,109.16999816894531,109.05000305175781,109.16999816894531,4621,0.0,0.0
2024-10-09 12:38:00-04:00,109.17579650878906,109.22000122070312,109.16999816894531,109.22000122070312,10019,0.0,0.0
2024-10-09 12:39:00-04:00,109.2300033569336,109.37999725341797,109.21499633789062,109.23999786376953,19943,0.0,0.0
2024-10-09 12:40:00-04:00,109.23999786376953,109.36910247802734,109.22989654541016,109.27999877929688,10631,0.0,0.0
2024-10-09 12:41:00-04:00,109.26000213623047,109.28980255126953,109.16500091552734,109.2300033569336,6325,0.0,0.0
2024-10-09 12:42:00-04:00,109.24109649658203,109.24109649658203,109.16000366210938,109.19000244140625,6038,0.0,0.0
2024-10-09 12:43:00-04:00,109.23359680175781,109.23999786376953,109.18000030517578,109.22000122070312,10620,0.0,0.0
2024-10-09 12:44:00-04:00,109.16999816894531,109.26000213623047,109.13999938964844,109.19000244140625,7128,0.0,0.0
2024-10-09 12:45:00-04:00,109.19999694824219,109.19999694824219,109.12000274658203,109.16940307617188,6080,0.0,0.0
2024-10-09 12:46:00-04:00,109.1500015258789,109.16999816894531,109.05000305175781,109.08000183105469,5293,0.0,0.0
2024-10-09 12:47:00-04:00,109.11000061035156,109.14530181884766,109.0999984741211,109.11499786376953,3086,0.0,0.0
2024-10-09 12:48:00-04:00,109.06999969482422,109.08999633789062,109.01000213623047,109.05999755859375,3878,0.0,0.0
2024-10-09 12:49:00-04:00,109.05000305175781,109.11000061035156,109.05000305175781,109.11000061035156,2298,0.0,0.0
2024-10-09 12:50:00-04:00,109.11000061035156,109.12000274658203,108.9800033569336,108.99500274658203,12542,0.0,0.0
2024-10-09 12:51:00-04:00,109.0199966430664,109.06900024414062,109.0199966430664,109.04499816894531,5667,0.0,0.0
2024-10-09 12:52:00-04:00,109.0199966430664,109.05000305175781,108.97000122070312,108.97000122070312,7257,0.0,0.0
2024-10-09 12:53:00-04:00,108.94999694824219,109.0,108.9000015258789,108.91999816894531,14755,0.0,0.0
2024-10-09 12:54:00-04:00,108.93460083007812,108.93460083007812,108.76499938964844,108.79499816894531,8174,0.0,0.0
2024-10-09 12:55:00-04:00,108.79499816894531,108.92500305175781,108.79499816894531,108.91999816894531,6864,0.0,0.0
2024-10-09 12:56:00-04:00,108.91500091552734,108.91500091552734,108.8550033569336,108.91000366210938,3917,0.0,0.0
2024-10-09 12:57:00-04:00,108.91000366210938,108.93000030517578,108.88999938964844,108.91500091552734,4250,0.0,0.0
2024-10-09 12:58:00-04:00,108.9000015258789,108.9000015258789,108.86000061035156,108.88059997558594,7054,0.0,0.0
2024-10-09 12:59:00-04:00,108.87000274658203,108.9395980834961,108.86499786376953,108.91500091552734,4783,0.0,0.0
2024-10-09 13:00:00-04:00,108.8499984741211,108.87999725341797,108.8499984741211,108.87999725341797,2148,0.0,0.0
2024-10-09 13:01:00-04:00,108.8499984741211,108.96389770507812,108.83000183105469,108.96389770507812,15895,0.0,0.0
2024-10-09 13:02:00-04:00,108.95999908447266,109.0,108.83999633789062,108.83999633789062,7826,0.0,0.0
2024-10-09 13:03:00-04:00,108.8499984741211,108.94210052490234,108.83999633789062,108.92430114746094,3927,0.0,0.0
2024-10-09 13:04:00-04:00,108.92500305175781,108.94999694824219,108.87000274658203,108.94999694824219,5069,0.0,0.0
2024-10-09 13:05:00-04:00,108.95500183105469,109.0199966430664,108.94999694824219,108.97000122070312,7881,0.0,0.0
2024-10-09 13:06:00-04:00,108.98999786376953,109.02320098876953,108.98999786376953,109.01000213623047,4105,0.0,0.0
2024-10-09 13:07:00-04:00,109.0,109.01000213623047,108.91000366210938,109.01000213623047,11224,0.0,0.0
2024-10-09 13:08:00-04:00,109.01000213623047,109.01619720458984,108.98999786376953,109.00499725341797,4184,0.0,0.0
2024-10-09 13:09:00-04:00,109.00499725341797,109.00499725341797,108.94999694824219,109.0009994506836,7117,0.0,0.0
2024-10-09 13:10:00-04:00,108.96731567382812,109.00050354003906,108.91400146484375,108.91400146484375,6535,0.0,0.0
2024-10-09 13:11:00-04:00,108.93000030517578,108.97000122070312,108.91000366210938,108.97000122070312,2056,0.0,0.0
2024-10-09 13:12:00-04:00,108.9800033569336,109.04000091552734,108.9800033569336,109.02999877929688,5599,0.0,0.0
2024-10-09 13:13:00-04:00,109.02999877929688,109.02999877929688,109.01000213623047,109.01000213623047,2160,0.0,0.0
2024-10-09 13:14:00-04:00,109.02999877929688,109.05000305175781,108.98999786376953,109.0,17954,0.0,0.0
2024-10-09 13:15:00-04:00,108.9800033569336,109.02999877929688,108.9800033569336,109.02999877929688,7708,0.0,0.0
2024-10-09 13:16:00-04:00,109.02999877929688,109.04000091552734,109.0,109.02799987792969,23070,0.0,0.0
2024-10-09 13:17:00-04:00,109.0199966430664,109.04499816894531,108.93000030517578,108.93000030517578,10911,0.0,0.0
2024-10-09 13:18:00-04:00,108.9280014038086,109.0,108.92500305175781,108.9800033569336,4750,0.0,0.0
2024-10-09 13:19:00-04:00,108.94499969482422,108.97000122070312,108.94499969482422,108.94999694824219,2716,0.0,0.0
2024-10-09 13:20:00-04:00,108.92009735107422,109.0,108.92009735107422,108.96810150146484,2944,0.0,0.0
2024-10-09 13:21:00-04:00,108.9530029296875,109.00959777832031,108.9530029296875,108.96959686279297,5032,0.0,0.0
2024-10-09 13:22:00-04:00,108.9800033569336,109.01000213623047,108.97000122070312,109.01000213623047,4096,0.0,0.0
2024-10-09 13:23:00-04:00,109.01000213623047,109.02210235595703,108.9800033569336,109.01000213623047,10220,0.0,0.0
2024-10-09 13:24:00-04:00,109.01000213623047,109.17960357666016,109.01000213623047,109.08499908447266,10547,0.0,0.0
2024-10-09 13:25:00-04:00,109.05000305175781,109.05000305175781,108.95999908447266,108.98999786376953,8102,0.0,0.0
2024-10-09 13:26:00-04:00,108.97000122070312,109.04949951171875,108.93000030517578,109.01499938964844,5409,0.0,0.0
2024-10-09 13:27:00-04:00,109.0199966430664,109.08000183105469,109.0199966430664,109.02999877929688,3615,0.0,0.0
2024-10-09 13:28:00-04:00,109.04000091552734,109.06999969482422,109.0199966430664,109.05989837646484,2725,0.0,0.0
2024-10-09 13:29:00-04:00,109.0,109.0999984741211,108.99500274658203,109.0999984741211,4270,0.0,0.0
2024-10-09 13:30:00-04:00,109.06580352783203,109.08999633789062,109.04000091552734,109.04000091552734,2169,0.0,0.0
2024-10-09 13:31:00-04:00,109.03199768066406,109.0999984741211,108.93009948730469,108.94999694824219,8344,0.0,0.0
2024-10-09 13:32:00-04:00,108.93070220947266,108.97000122070312,108.93070220947266,108.97000122070312,7654,0.0,0.0
2024-10-09 13:33:00-04:00,108.9800033569336,108.99629974365234,108.96499633789062,108.96499633789062,11656,0.0,0.0
2024-10-09 13:34:00-04:00,108.94000244140625,108.9999008178711,108.93000030517578,108.94999694824219,4904,0.0,0.0
2024-10-09 13:35:00-04:00,108.95999908447266,108.97000122070312,108.80000305175781,108.80000305175781,26167,0.0,0.0
2024-10-09 13:36:00-04:00,108.77999877929688,108.79000091552734,108.66000366210938,108.66999816894531,9012,0.0,0.0
2024-10-09 13:37:00-04:00,108.68009948730469,108.69999694824219,108.55999755859375,108.62999725341797,15723,0.0,0.0
2024-10-09 13:38:00-04:00,108.61499786376953,108.7300033569336,108.61000061035156,108.7300033569336,19377,0.0,0.0
2024-10-09 13:39:00-04:00,108.7699966430664,108.7699966430664,108.7300033569336,108.7300033569336,6613,0.0,0.0
2024-10-09 13:40:00-04:00,108.75420379638672,108.76000213623047,108.72219848632812,108.72599792480469,9112,0.0,0.0
2024-10-09 13:41:00-04:00,108.7300033569336,108.7300033569336,108.61000061035156,108.62999725341797,5546,0.0,0.0
2024-10-09 13:42:00-04:00,108.62989807128906,108.66000366210938,108.58999633789062,108.63999938964844,4208,0.0,0.0
2024-10-09 13:43:00-04:00,108.62000274658203,108.6541976928711,108.54000091552734,108.54000091552734,11263,0.0,0.0
2024-10-09 13:44:00-04:00,108.53910064697266,108.62120056152344,108.53910064697266,108.58999633789062,5186,0.0,0.0
2024-10-09 13:45:00-04:00,108.6520004272461,108.6520004272461,108.54000091552734,108.54000091552734,5408,0.0,0.0
2024-10-09 13:46:00-04:00,108.54000091552734,108.62000274658203,108.5,108.58499908447266,4904,0.0,0.0
2024-10-09 13:47:00-04:00,108.55999755859375,108.61499786376953,108.55999755859375,108.55999755859375,3104,0.0,0.0
2024-10-09 13:48:00-04:00,108.5999984741211,108.66999816894531,108.51100158691406,108.66999816894531,10446,0.0,0.0
2024-10-09 13:49:00-04:00,108.6500015258789,108.76000213623047,108.6500015258789,108.76000213623047,3147,0.0,0.0
2024-10-09 13:50:00-04:00,108.7699966430664,108.77639770507812,108.72000122070312,108.72000122070312,5905,0.0,0.0
2024-10-09 13:51:00-04:00,108.69999694824219,108.69999694824219,108.66000366210938,108.66999816894531,3677,0.0,0.0
2024-10-09 13:52:00-04:00,108.63999938964844,108.63999938964844,108.54000091552734,108.58000183105469,26266,0.0,0.0
2024-10-09 13:53:00-04:00,108.56500244140625,108.5999984741211,108.25,108.44000244140625,13872,0.0,0.0
2024-10-09 13:54:00-04:00,108.52999877929688,108.56999969482422,108.51000213623047,108.55000305175781,4391,0.0,0.0
2024-10-09 13:55:00-04:00,108.58999633789062,108.58999633789062,108.45999908447266,108.54000091552734,6941,0.0,0.0
2024-10-09 13:56:00-04:00,108.51499938964844,108.55000305175781,108.51499938964844,108.52999877929688,1420,0.0,0.0
2024-10-09 13:57:00-04:00,108.56790161132812,108.71620178222656,108.55000305175781,108.68000030517578,7238,0.0,0.0
2024-10-09 13:58:00-04:00,108.7029037475586,108.75,108.6500015258789,108.67500305175781,5001,0.0,0.0
2024-10-09 13:59:00-04:00,108.6500015258789,108.6500015258789,108.56999969482422,108.5999984741211,4185,0.0,0.0
2024-10-09 14:00:00-04:00,108.61000061035156,108.6500015258789,108.54000091552734,108.59459686279297,9828,0.0,0.0
2024-10-09 14:01:00-04:00,108.61000061035156,108.63529968261719,108.47000122070312,108.48999786376953,4870,0.0,0.0
2024-10-09 14:02:00-04:00,108.4800033569336,108.50499725341797,108.37999725341797,108.45999908447266,4821,0.0,0.0
2024-10-09 14:03:00-04:00,108.48999786376953,108.506103515625,108.30999755859375,108.44000244140625,8323,0.0,0.0
2024-10-09 14:04:00-04:00,108.41999816894531,108.44999694824219,108.38500213623047,108.44999694824219,5179,0.0,0.0
2024-10-09 14:05:00-04:00,108.4000015258789,108.41999816894531,108.3499984741211,108.375,2518,0.0,0.0
2024-10-09 14:06:00-04:00,108.4000015258789,108.41000366210938,108.30000305175781,108.33499908447266,4326,0.0,0.0
2024-10-09 14:07:00-04:00,108.33999633789062,108.36000061035156,108.16000366210938,108.2677001953125,14760,0.0,0.0
2024-10-09 14:08:00-04:00,108.2699966430664,108.47000122070312,108.20999908447266,108.45999908447266,8731,0.0,0.0
2024-10-09 14:09:00-04:00,108.44499969482422,108.44599914550781,108.30000305175781,108.3499984741211,5608,0.0,0.0
2024-10-09 14:10:00-04:00,108.36000061035156,108.41000366210938,108.34500122070312,108.375,4631,0.0,0.0
2024-10-09 14:11:00-04:00,108.37840270996094,108.37840270996094,108.25,108.25,11742,0.0,0.0
2024-10-09 14:12:00-04:00,108.24500274658203,108.30999755859375,108.22000122070312,108.30500030517578,5095,0.0,0.0
2024-10-09 14:13:00-04:00,108.30000305175781,108.30999755859375,108.27999877929688,108.30999755859375,2544,0.0,0.0
2024-10-09 14:14:00-04:00,108.30999755859375,108.3499984741211,108.30599975585938,108.3363037109375,4208,0.0,0.0
2024-10-09 14:15:00-04:00,108.30000305175781,108.33000183105469,108.22000122070312,108.2300033569336,6947,0.0,0.0
2024-10-09 14:16:00-04:00,108.20999908447266,108.23999786376953,108.13999938964844,108.13999938964844,18394,0.0,0.0
2024-10-09 14:17:00-04:00,108.13999938964844,108.13999938964844,108.09500122070312,108.12999725341797,7612,0.0,0.0
2024-10-09 14:18:00-04:00,108.12000274658203,108.12000274658203,108.04000091552734,108.04000091552734,4405,0.0,0.0
2024-10-09 14:19:00-04:00,108.04000091552734,108.1500015258789,108.02999877929688,108.13999938964844,8260,0.0,0.0
2024-10-09 14:20:00-04:00,108.16000366210938,108.16000366210938,108.13500213623047,108.14430236816406,2622,0.0,0.0
2024-10-09 14:21:00-04:00,108.12999725341797,108.20999908447266,108.12999725341797,108.18000030517578,13785,0.0,0.0
2024-10-09 14:22:00-04:00,108.1500015258789,108.26000213623047,108.12999725341797,108.2300033569336,5192,0.0,0.0
2024-10-09 14:23:00-04:00,108.19999694824219,108.2249984741211,108.18000030517578,108.19190216064453,3993,0.0,0.0
2024-10-09 14:24:00-04:00,108.18000030517578,108.25,108.18000030517578,108.25,3059,0.0,0.0
2024-10-09 14:25:00-04:00,108.25,108.37930297851562,108.25,108.37000274658203,7708,0.0,0.0
2024-10-09 14:26:00-04:00,108.4000015258789,108.43000030517578,108.30000305175781,108.30000305175781,9879,0.0,0.0
2024-10-09 14:27:00-04:00,108.31999969482422,108.33499908447266,108.23999786376953,108.25,9743,0.0,0.0
2024-10-09 14:28:00-04:00,108.23999786376953,108.41000366210938,108.23999786376953,108.41000366210938,19670,0.0,0.0
2024-10-09 14:29:00-04:00,108.41000366210938,108.4800033569336,108.36000061035156,108.44499969482422,7671,0.0,0.0
2024-10-09 14:30:00-04:00,108.45999908447266,108.51850128173828,108.37999725341797,108.49500274658203,7325,0.0,0.0
2024-10-09 14:31:00-04:00,108.5,108.57499694824219,108.43000030517578,108.57499694824219,7398,0.0,0.0
2024-10-09 14:32:00-04:00,108.5999984741211,108.5999984741211,108.5,108.5250015258789,3546,0.0,0.0
2024-10-09 14:33:00-04:00,108.5,108.52999877929688,108.4000015258789,108.44000244140625,6431,0.0,0.0
2024-10-09 14:34:00-04:00,108.41000366210938,108.44999694824219,108.36000061035156,108.4000015258789,5075,0.0,0.0
2024-10-09 14:35:00-04:00,108.4000015258789,108.44000244140625,108.36000061035156,108.42500305175781,4466,0.0,0.0
2024-10-09 14:36:00-04:00,108.43000030517578,108.43000030517578,108.38306427001953,108.41500091552734,5688,0.0,0.0
2024-10-09 14:37:00-04:00,108.41500091552734,108.44000244140625,108.33999633789062,108.37999725341797,5933,0.0,0.0
2024-10-09 14:38:00-04:00,108.38999938964844,108.40989685058594,108.19999694824219,108.19999694824219,11479,0.0,0.0
2024-10-09 14:39:00-04:00,108.19999694824219,108.2300033569336,108.16999816894531,108.21499633789062,3701,0.0,0.0
2024-10-09 14:40:00-04:00,108.19999694824219,108.20999908447266,108.16000366210938,108.20999908447266,4659,0.0,0.0
2024-10-09 14:41:00-04:00,108.20999908447266,108.23999786376953,108.1050033569336,108.12000274658203,5795,0.0,0.0
2024-10-09 14:42:00-04:00,108.12000274658203,108.26000213623047,108.12000274658203,108.22000122070312,4755,0.0,0.0
2024-10-09 14:43:00-04:00,108.30000305175781,108.30999755859375,108.20999908447266,108.23999786376953,7005,0.0,0.0
2024-10-09 14:44:00-04:00,108.22000122070312,108.25499725341797,108.19999694824219,108.25499725341797,3630,0.0,0.0
2024-10-09 14:45:00-04:00,108.2699966430664,108.36000061035156,108.2699966430664,108.29000091552734,7133,0.0,0.0
2024-10-09 14:46:00-04:00,108.30999755859375,108.31999969482422,108.2699966430664,108.27400207519531,4813,0.0,0.0
2024-10-09 14:47:00-04:00,108.2699966430664,108.27999877929688,108.22000122070312,108.2699966430664,6182,0.0,0.0
2024-10-09 14:48:00-04:00,108.28500366210938,108.29989624023438,108.25,108.25,4714,0.0,0.0
2024-10-09 14:49:00-04:00,108.247802734375,108.30999755859375,108.23999786376953,108.29499816894531,4828,0.0,0.0
2024-10-09 14:50:00-04:00,108.27999877929688,108.30000305175781,108.2249984741211,108.30000305175781,3417,0.0,0.0
2024-10-09 14:51:00-04:00,108.26719665527344,108.31999969482422,108.2300033569336,108.30999755859375,5862,0.0,0.0
2024-10-09 14:52:00-04:00,108.30000305175781,108.33000183105469,108.28500366210938,108.29000091552734,7179,0.0,0.0
2024-10-09 14:53:00-04:00,108.30000305175781,108.30999755859375,108.25,108.27999877929688,5630,0.0,0.0
2024-10-09 14:54:00-04:00,108.25,108.29239654541016,108.2300033569336,108.26000213623047,7795,0.0,0.0
2024-10-09 14:55:00-04:00,108.26000213623047,108.2936019897461,108.22000122070312,108.23999786376953,6696,0.0,0.0
2024-10-09 14:56:00-04:00,108.25,108.25,108.16999816894531,108.18000030517578,7301,0.0,0.0
2024-10-09 14:57:00-04:00,108.18000030517578,108.23999786376953,108.18000030517578,108.23999786376953,8428,0.0,0.0
2024-10-09 14:58:00-04:00,108.25,108.2699966430664,108.23500061035156,108.23999786376953,3418,0.0,0.0
2024-10-09 14:59:00-04:00,108.26000213623047,108.27950286865234,108.16999816894531,108.23999786376953,6194,0.0,0.0
2024-10-09 15:00:00-04:00,108.23999786376953,108.23999786376953,108.0999984741211,108.0999984741211,13456,0.0,0.0
2024-10-09 15:01:00-04:00,108.06999969482422,108.16000366210938,108.06999969482422,108.15499877929688,8265,0.0,0.0
2024-10-09 15:02:00-04:00,108.16000366210938,108.18000030517578,108.11000061035156,108.11499786376953,11856,0.0,0.0
2024-10-09 15:03:00-04:00,108.12999725341797,108.17500305175781,108.12999725341797,108.13999938964844,7918,0.0,0.0
2024-10-09 15:04:00-04:00,108.13999938964844,108.18000030517578,108.13999938964844,108.16000366210938,6988,0.0,0.0
2024-10-09 15:05:00-04:00,108.16000366210938,108.2300033569336,108.13999938964844,108.2300033569336,6581,0.0,0.0
2024-10-09 15:06:00-04:00,108.25499725341797,108.26000213623047,108.22000122070312,108.22039794921875,6404,0.0,0.0
2024-10-09 15:07:00-04:00,108.23390197753906,108.27999877929688,108.03500366210938,108.13999938964844,16451,0.0,0.0
2024-10-09 15:08:00-04:00,108.0999984741211,108.12000274658203,108.06009674072266,108.0999984741211,5568,0.0,0.0
2024-10-09 15:09:00-04:00,108.11160278320312,108.11160278320312,107.9800033569336,108.01000213623047,8268,0.0,0.0
2024-10-09 15:10:00-04:00,108.0,108.06829833984375,107.95999908447266,108.06829833984375,16996,0.0,0.0
2024-10-09 15:11:00-04:00,108.05500030517578,108.08000183105469,108.02999877929688,108.05000305175781,6888,0.0,0.0
2024-10-09 15:12:00-04:00,108.05999755859375,108.06999969482422,108.0,108.01000213623047,38201,0.0,0.0
2024-10-09 15:13:00-04:00,107.98999786376953,108.12000274658203,107.9801025390625,108.12000274658203,7602,0.0,0.0
2024-10-09 15:14:00-04:00,108.13999938964844,108.15499877929688,108.1050033569336,108.15499877929688,3125,0.0,0.0
2024-10-09 15:15:00-04:00,108.16999816894531,108.19000244140625,108.12000274658203,108.13999938964844,7489,0.0,0.0
2024-10-09 15:16:00-04:00,108.16000366210938,108.1863021850586,108.0999984741211,108.13500213623047,8974,0.0,0.0
2024-10-09 15:17:00-04:00,108.1500015258789,108.18000030517578,108.12999725341797,108.12999725341797,16965,0.0,0.0
2024-10-09 15:18:00-04:00,108.12000274658203,108.16500091552734,108.0999984741211,108.16500091552734,8325,0.0,0.0
2024-10-09 15:19:00-04:00,108.12999725341797,108.16999816894531,108.11299896240234,108.16999816894531,7337,0.0,0.0
2024-10-09 15:20:00-04:00,108.17500305175781,108.19999694824219,108.1500015258789,108.1500015258789,8637,0.0,0.0
2024-10-09 15:21:00-04:00,108.18000030517578,108.27999877929688,108.16999816894531,108.19000244140625,13325,0.0,0.0
2024-10-09 15:22:00-04:00,108.19999694824219,108.22000122070312,108.13999938964844,108.1449966430664,6234,0.0,0.0
2024-10-09 15:23:00-04:00,108.12999725341797,108.16999816894531,108.12999725341797,108.16999816894531,6439,0.0,0.0
2024-10-09 15:24:00-04:00,108.16000366210938,108.18000030517578,108.12000274658203,108.12300109863281,8933,0.0,0.0
2024-10-09 15:25:00-04:00,108.12000274658203,108.13500213623047,108.06999969482422,108.08999633789062,8431,0.0,0.0
2024-10-09 15:26:00-04:00,108.08000183105469,108.12000274658203,108.06999969482422,108.12000274658203,7599,0.0,0.0
2024-10-09 15:27:00-04:00,108.11000061035156,108.1500015258789,108.11000061035156,108.12000274658203,6512,0.0,0.0
2024-10-09 15:28:00-04:00,108.11000061035156,108.13999938964844,108.05999755859375,108.12000274658203,7644,0.0,0.0
2024-10-09 15:29:00-04:00,108.0999984741211,108.13999938964844,108.0999984741211,108.12000274658203,6387,0.0,0.0
2024-10-09 15:30:00-04:00,108.11000061035156,108.11000061035156,108.06999969482422,108.08000183105469,10812,0.0,0.0
2024-10-09 15:31:00-04:00,108.05999755859375,108.06999969482422,108.0,108.0,19538,0.0,0.0
2024-10-09 15:32:00-04:00,108.01000213623047,108.05999755859375,108.0,108.01000213623047,11561,0.0,0.0
2024-10-09 15:33:00-04:00,108.0,108.08000183105469,107.9800033569336,108.05999755859375,18051,0.0,0.0
2024-10-09 15:34:00-04:00,108.05000305175781,108.08999633789062,108.0,108.05500030517578,10812,0.0,0.0
2024-10-09 15:35:00-04:00,108.05000305175781,108.05000305175781,108.00499725341797,108.04000091552734,8641,0.0,0.0
2024-10-09 15:36:00-04:00,108.03500366210938,108.05999755859375,108.01000213623047,108.0250015258789,8495,0.0,0.0
2024-10-09 15:37:00-04:00,108.0250015258789,108.02999877929688,107.95999908447266,108.0,10030,0.0,0.0
2024-10-09 15:38:00-04:00,108.0,108.0,107.9209976196289,107.9209976196289,5929,0.0,0.0
2024-10-09 15:39:00-04:00,107.94499969482422,108.01000213623047,107.91999816894531,107.97000122070312,7640,0.0,0.0
2024-10-09 15:40:00-04:00,107.98999786376953,108.01000213623047,107.97000122070312,108.0,11352,0.0,0.0
2024-10-09 15:41:00-04:00,108.00499725341797,108.01000213623047,107.88999938964844,107.93000030517578,17499,0.0,0.0
2024-10-09 15:42:00-04:00,107.91000366210938,107.91999816894531,107.87999725341797,107.9000015258789,10883,0.0,0.0
2024-10-09 15:43:00-04:00,107.9000015258789,107.93000030517578,107.87000274658203,107.91999816894531,17465,0.0,0.0
2024-10-09 15:44:00-04:00,107.91000366210938,107.91000366210938,107.86000061035156,107.87999725341797,15054,0.0,0.0
2024-10-09 15:45:00-04:00,107.88999938964844,108.04499816894531,107.88999938964844,108.01000213623047,16612,0.0,0.0
2024-10-09 15:46:00-04:00,108.00499725341797,108.00499725341797,107.93000030517578,107.9800033569336,12962,0.0,0.0
2024-10-09 15:47:00-04:00,107.98999786376953,108.0250015258789,107.97000122070312,107.97000122070312,10870,0.0,0.0
2024-10-09 15:48:00-04:00,107.97000122070312,108.03500366210938,107.97000122070312,108.02999877929688,14873,0.0,0.0
2024-10-09 15:49:00-04:00,108.01000213623047,108.19999694824219,108.0,108.19999694824219,14354,0.0,0.0
2024-10-09 15:50:00-04:00,108.19000244140625,108.37000274658203,108.19000244140625,108.29000091552734,25952,0.0,0.0
2024-10-09 15:51:00-04:00,108.29000091552734,108.33000183105469,108.26000213623047,108.31189727783203,21701,0.0,0.0
2024-10-09 15:52:00-04:00,108.31999969482422,108.37999725341797,108.30000305175781,108.37999725341797,21247,0.0,0.0
2024-10-09 15:53:00-04:00,108.37999725341797,108.4000015258789,108.31500244140625,108.3949966430664,23698,0.0,0.0
2024-10-09 15:54:00-04:00,108.4000015258789,108.43000030517578,108.29000091552734,108.41500091552734,33145,0.0,0.0
2024-10-09 15:55:00-04:00,108.43000030517578,108.45999908447266,108.33000183105469,108.38500213623047,39458,0.0,0.0
2024-10-09 15:56:00-04:00,108.38500213623047,108.41999816894531,108.30999755859375,108.36499786376953,45882,0.0,0.0
2024-10-09 15:57:00-04:00,108.36000061035156,108.36000061035156,108.27999877929688,108.28500366210938,59398,0.0,0.0
2024-10-09 15:58:00-04:00,108.28500366210938,108.37999725341797,108.18000030517578,108.18000030517578,82397,0.0,0.0
2024-10-09 15:59:00-04:00,108.18000030517578,108.2699966430664,108.12000274658203,108.12000274658203,140815,0.0,0.0
2024-10-10 09:30:00-04:00,106.5,106.95999908447266,106.48999786376953,106.58499908447266,143199,0.0,0.0
2024-10-10 09:31:00-04:00,106.55999755859375,106.97000122070312,106.55999755859375,106.80000305175781,8022,0.0,0.0
2024-10-10 09:32:00-04:00,106.7699966430664,107.08000183105469,106.58999633789062,106.8550033569336,26069,0.0,0.0
2024-10-10 09:33:00-04:00,106.8499984741211,107.05220031738281,106.7699966430664,106.8499984741211,12095,0.0,0.0
2024-10-10 09:34:00-04:00,106.8499984741211,107.05000305175781,106.80999755859375,106.94000244140625,7465,0.0,0.0
2024-10-10 09:35:00-04:00,106.95999908447266,107.029296875,106.66000366210938,106.72000122070312,22588,0.0,0.0
2024-10-10 09:36:00-04:00,106.8407974243164,106.91000366210938,106.62999725341797,106.63999938964844,20881,0.0,0.0
2024-10-10 09:37:00-04:00,106.5999984741211,106.7499008178711,106.41000366210938,106.69999694824219,11575,0.0,0.0
2024-10-10 09:38:00-04:00,106.5199966430664,106.61499786376953,106.16000366210938,106.40119934082031,13655,0.0,0.0
2024-10-10 09:39:00-04:00,106.4800033569336,106.68000030517578,106.44400024414062,106.65280151367188,4696,0.0,0.0
2024-10-10 09:40:00-04:00,106.5,106.5,106.13999938964844,106.22000122070312,11556,0.0,0.0
2024-10-10 09:41:00-04:00,106.26480102539062,106.3499984741211,106.01000213623047,106.16999816894531,20415,0.0,0.0
2024-10-10 09:42:00-04:00,106.19000244140625,106.29000091552734,106.0999984741211,106.13999938964844,36099,0.0,0.0
2024-10-10 09:43:00-04:00,106.16999816894531,106.26000213623047,105.9000015258789,106.1500015258789,48146,0.0,0.0
2024-10-10 09:44:00-04:00,106.0999984741211,106.19000244140625,105.80000305175781,105.80000305175781,35435,0.0,0.0
2024-10-10 09:45:00-04:00,105.86000061035156,105.9800033569336,105.61000061035156,105.76349639892578,28174,0.0,0.0
2024-10-10 09:46:00-04:00,105.80000305175781,105.95989990234375,105.55000305175781,105.6500015258789,33157,0.0,0.0
2024-10-10 09:47:00-04:00,105.61000061035156,105.62000274658203,105.20999908447266,105.36000061035156,45796,0.0,0.0
2024-10-10 09:48:00-04:00,105.29000091552734,105.3280029296875,105.1500015258789,105.19000244140625,19645,0.0,0.0
2024-10-10 09:49:00-04:00,105.2249984741211,105.2750015258789,105.08000183105469,105.2750015258789,37655,0.0,0.0
2024-10-10 09:50:00-04:00,105.2699966430664,105.2699966430664,104.62000274658203,104.94149780273438,93709,0.0,0.0
2024-10-10 09:51:00-04:00,105.0999984741211,105.19000244140625,104.86000061035156,104.92500305175781,14120,0.0,0.0
2024-10-10 09:52:00-04:00,104.92500305175781,105.29989624023438,104.83999633789062,105.125,44656,0.0,0.0
2024-10-10 09:53:00-04:00,105.12750244140625,105.4000015258789,105.08039855957031,105.4000015258789,18450,0.0,0.0
2024-10-10 09:54:00-04:00,105.30999755859375,105.61730194091797,105.27999877929688,105.61730194091797,9799,0.0,0.0
2024-10-10 09:55:00-04:00,105.5,105.81990051269531,105.41999816894531,105.72000122070312,17283,0.0,0.0
2024-10-10 09:56:00-04:00,105.66000366210938,106.22000122070312,105.62999725341797,106.06009674072266,31933,0.0,0.0
2024-10-10 09:57:00-04:00,106.1771011352539,106.26000213623047,105.94999694824219,106.0199966430664,22662,0.0,0.0
2024-10-10 09:58:00-04:00,106.13999938964844,106.41999816894531,106.12999725341797,106.302001953125,19055,0.0,0.0
2024-10-10 09:59:00-04:00,106.34500122070312,106.41999816894531,106.08000183105469,106.1500015258789,22478,0.0,0.0
2024-10-10 10:00:00-04:00,106.18499755859375,107.05000305175781,106.18499755859375,106.9800033569336,57357,0.0,0.0
2024-10-10 10:01:00-04:00,107.07929992675781,107.19000244140625,106.79000091552734,106.8499984741211,21920,0.0,0.0
2024-10-10 10:02:00-04:00,106.93000030517578,107.01200103759766,106.69999694824219,106.76000213623047,15106,0.0,0.0
2024-10-10 10:03:00-04:00,106.58999633789062,106.93499755859375,106.58999633789062,106.90010070800781,4934,0.0,0.0
2024-10-10 10:04:00-04:00,106.9000015258789,106.9000015258789,106.63009643554688,106.7249984741211,4015,0.0,0.0
2024-10-10 10:05:00-04:00,106.75,106.95999908447266,106.73500061035156,106.91000366210938,11200,0.0,0.0
2024-10-10 10:06:00-04:00,106.91000366210938,106.91000366210938,106.5999984741211,106.62000274658203,10211,0.0,0.0
2024-10-10 10:07:00-04:00,106.5199966430664,106.5199966430664,106.27999877929688,106.38500213623047,5805,0.0,0.0
2024-10-10 10:08:00-04:00,106.47000122070312,106.7300033569336,106.42500305175781,106.69999694824219,9542,0.0,0.0
2024-10-10 10:09:00-04:00,106.70999908447266,107.19989776611328,106.70999908447266,107.19989776611328,27337,0.0,0.0
2024-10-10 10:10:00-04:00,107.08999633789062,107.25,107.05999755859375,107.22440338134766,18978,0.0,0.0
2024-10-10 10:11:00-04:00,107.12999725341797,107.3499984741211,107.12999725341797,107.2699966430664,12080,0.0,0.0
2024-10-10 10:12:00-04:00,107.2699966430664,107.3729019165039,107.12000274658203,107.33499908447266,10748,0.0,0.0
2024-10-10 10:13:00-04:00,107.33499908447266,107.3499984741211,107.16999816894531,107.20500183105469,10945,0.0,0.0
2024-10-10 10:14:00-04:00,107.19509887695312,107.41000366210938,107.19509887695312,107.29000091552734,9250,0.0,0.0
2024-10-10 10:15:00-04:00,107.27999877929688,107.36000061035156,107.23500061035156,107.29000091552734,6933,0.0,0.0
2024-10-10 10:16:00-04:00,107.29000091552734,107.3499984741211,107.18000030517578,107.18000030517578,14158,0.0,0.0
2024-10-10 10:17:00-04:00,107.19499969482422,107.26390075683594,107.13999938964844,107.2300033569336,3782,0.0,0.0
2024-10-10 10:18:00-04:00,107.20500183105469,107.23999786376953,107.12000274658203,107.20999908447266,7750,0.0,0.0
2024-10-10 10:19:00-04:00,107.20500183105469,107.29000091552734,106.93000030517578,106.98930358886719,15541,0.0,0.0
2024-10-10 10:20:00-04:00,107.0,107.15360260009766,106.91000366210938,107.15360260009766,20198,0.0,0.0
2024-10-10 10:21:00-04:00,107.22000122070312,107.3656997680664,107.12999725341797,107.3656997680664,5454,0.0,0.0
2024-10-10 10:22:00-04:00,107.25,107.25,107.05000305175781,107.06099700927734,9819,0.0,0.0
2024-10-10 10:23:00-04:00,107.00140380859375,107.09600067138672,106.88999938964844,106.93000030517578,9848,0.0,0.0
2024-10-10 10:24:00-04:00,106.94999694824219,107.0199966430664,106.87000274658203,107.00250244140625,7804,0.0,0.0
2024-10-10 10:25:00-04:00,107.00499725341797,107.11000061035156,106.94999694824219,107.0,7125,0.0,0.0
2024-10-10 10:26:00-04:00,107.02639770507812,107.06739807128906,106.91000366210938,106.96499633789062,10940,0.0,0.0
2024-10-10 10:27:00-04:00,106.96499633789062,107.14990234375,106.93000030517578,107.14990234375,14871,0.0,0.0
2024-10-10 10:28:00-04:00,107.0199966430664,107.12129974365234,106.80000305175781,106.80000305175781,18127,0.0,0.0
2024-10-10 10:29:00-04:00,106.7699966430664,106.7699966430664,106.62000274658203,106.62000274658203,5138,0.0,0.0
2024-10-10 10:30:00-04:00,106.6500015258789,106.86000061035156,106.58999633789062,106.80999755859375,12705,0.0,0.0
2024-10-10 10:31:00-04:00,106.9000015258789,106.9000015258789,106.54000091552734,106.54000091552734,6396,0.0,0.0
2024-10-10 10:32:00-04:00,106.61830139160156,106.7300033569336,106.5199966430664,106.6500015258789,4249,0.0,0.0
2024-10-10 10:33:00-04:00,106.56999969482422,106.65499877929688,106.56999969482422,106.5999984741211,946,0.0,0.0
2024-10-10 10:34:00-04:00,106.7239990234375,106.7239990234375,106.5199966430664,106.55999755859375,7522,0.0,0.0
2024-10-10 10:35:00-04:00,106.66500091552734,106.82990264892578,106.63999938964844,106.70999908447266,3124,0.0,0.0
2024-10-10 10:36:00-04:00,106.63999938964844,106.63999938964844,106.39340209960938,106.5,7044,0.0,0.0
2024-10-10 10:37:00-04:00,106.5,106.63990020751953,106.42500305175781,106.63990020751953,5558,0.0,0.0
2024-10-10 10:38:00-04:00,106.5,106.54499816894531,106.3499984741211,106.37000274658203,6745,0.0,0.0
2024-10-10 10:39:00-04:00,106.37000274658203,106.62999725341797,106.37000274658203,106.62999725341797,8356,0.0,0.0
2024-10-10 10:40:00-04:00,106.54000091552734,106.62200164794922,106.43000030517578,106.43000030517578,6209,0.0,0.0
2024-10-10 10:41:00-04:00,106.56999969482422,106.59989929199219,106.51000213623047,106.5154037475586,3849,0.0,0.0
2024-10-10 10:42:00-04:00,106.5999984741211,106.75,106.59609985351562,106.75,3941,0.0,0.0
2024-10-10 10:43:00-04:00,106.75,106.9800033569336,106.75,106.97000122070312,12278,0.0,0.0
2024-10-10 10:44:00-04:00,107.02310180664062,107.04000091552734,106.77999877929688,106.77999877929688,11497,0.0,0.0
2024-10-10 10:45:00-04:00,106.77780151367188,106.8499984741211,106.7300033569336,106.81500244140625,5333,0.0,0.0
2024-10-10 10:46:00-04:00,106.87999725341797,106.87999725341797,106.73999786376953,106.81999969482422,3445,0.0,0.0
2024-10-10 10:47:00-04:00,106.73999786376953,106.94000244140625,106.73999786376953,106.93000030517578,4939,0.0,0.0
2024-10-10 10:48:00-04:00,106.88999938964844,106.9000015258789,106.7699966430664,106.7699966430664,6537,0.0,0.0
2024-10-10 10:49:00-04:00,106.71009826660156,106.87000274658203,106.71009826660156,106.87000274658203,4447,0.0,0.0
2024-10-10 10:50:00-04:00,106.9009017944336,107.02999877929688,106.9000015258789,107.02999877929688,14679,0.0,0.0
2024-10-10 10:51:00-04:00,107.04199981689453,107.04199981689453,106.83000183105469,106.88999938964844,14905,0.0,0.0
2024-10-10 10:52:00-04:00,106.87999725341797,106.91000366210938,106.7699966430664,106.80500030517578,23864,0.0,0.0
2024-10-10 10:53:00-04:00,106.79000091552734,106.8499984741211,106.652099609375,106.66999816894531,22337,0.0,0.0
2024-10-10 10:54:00-04:00,106.66000366210938,106.7699966430664,106.62000274658203,106.62000274658203,15342,0.0,0.0
2024-10-10 10:55:00-04:00,106.58000183105469,106.72000122070312,106.48999786376953,106.72000122070312,12957,0.0,0.0
2024-10-10 10:56:00-04:00,106.66999816894531,106.83000183105469,106.5999984741211,106.81999969482422,12843,0.0,0.0
2024-10-10 10:57:00-04:00,106.88999938964844,107.01000213623047,106.88999938964844,106.94000244140625,8016,0.0,0.0
2024-10-10 10:58:00-04:00,107.02369689941406,107.05000305175781,106.87999725341797,107.05000305175781,5290,0.0,0.0
2024-10-10 10:59:00-04:00,107.02999877929688,107.1500015258789,106.91000366210938,107.13500213623047,33593,0.0,0.0
2024-10-10 11:00:00-04:00,107.13999938964844,107.13999938964844,107.0,107.0,4204,0.0,0.0
2024-10-10 11:01:00-04:00,106.98999786376953,107.04000091552734,106.9000015258789,106.96499633789062,4766,0.0,0.0
2024-10-10 11:02:00-04:00,106.90609741210938,106.98999786376953,106.79000091552734,106.83999633789062,2621,0.0,0.0
2024-10-10 11:03:00-04:00,106.81500244140625,106.94000244140625,106.72000122070312,106.94000244140625,11540,0.0,0.0
2024-10-10 11:04:00-04:00,106.93499755859375,107.2699966430664,106.91999816894531,107.22000122070312,26784,0.0,0.0
2024-10-10 11:05:00-04:00,107.13999938964844,107.22000122070312,107.12999725341797,107.13999938964844,11173,0.0,0.0
2024-10-10 11:06:00-04:00,107.0999984741211,107.20999908447266,107.08000183105469,107.20999908447266,3426,0.0,0.0
2024-10-10 11:07:00-04:00,107.25,107.3655014038086,107.24500274658203,107.3655014038086,7293,0.0,0.0
2024-10-10 11:08:00-04:00,107.4000015258789,107.5,107.3865966796875,107.41500091552734,7223,0.0,0.0
2024-10-10 11:09:00-04:00,107.38999938964844,107.44000244140625,107.19999694824219,107.24500274658203,5216,0.0,0.0
2024-10-10 11:10:00-04:00,107.27339935302734,107.36000061035156,107.27339935302734,107.36000061035156,3425,0.0,0.0
2024-10-10 11:11:00-04:00,107.45980072021484,107.5999984741211,107.45030212402344,107.54499816894531,28615,0.0,0.0
2024-10-10 11:12:00-04:00,107.54499816894531,107.62249755859375,107.4000015258789,107.4000015258789,23086,0.0,0.0
2024-10-10 11:13:00-04:00,107.45999908447266,107.69309997558594,107.45999908447266,107.69309997558594,6388,0.0,0.0
2024-10-10 11:14:00-04:00,107.67500305175781,107.72000122070312,107.61000061035156,107.72000122070312,7382,0.0,0.0
2024-10-10 11:15:00-04:00,107.72000122070312,107.76000213623047,107.70999908447266,107.76000213623047,2156,0.0,0.0
2024-10-10 11:16:00-04:00,107.73500061035156,107.80000305175781,107.66999816894531,107.75,7619,0.0,0.0
2024-10-10 11:17:00-04:00,107.7699966430664,107.79630279541016,107.73509979248047,107.73999786376953,5366,0.0,0.0
2024-10-10 11:18:00-04:00,107.7300033569336,107.80000305175781,107.69000244140625,107.69000244140625,2747,0.0,0.0
2024-10-10 11:19:00-04:00,107.72000122070312,107.72000122070312,107.56999969482422,107.5999984741211,7106,0.0,0.0
2024-10-10 11:20:00-04:00,107.62909698486328,107.66000366210938,107.61000061035156,107.66000366210938,2953,0.0,0.0
2024-10-10 11:21:00-04:00,107.62999725341797,107.69000244140625,107.62000274658203,107.62999725341797,3846,0.0,0.0
2024-10-10 11:22:00-04:00,107.6500015258789,107.83000183105469,107.62999725341797,107.80500030517578,5710,0.0,0.0
2024-10-10 11:23:00-04:00,107.8239974975586,107.89959716796875,107.80000305175781,107.8196029663086,6366,0.0,0.0
2024-10-10 11:24:00-04:00,107.86000061035156,107.88999938964844,107.7699966430664,107.875,3984,0.0,0.0
2024-10-10 11:25:00-04:00,107.88999938964844,107.98999786376953,107.8759994506836,107.98999786376953,3074,0.0,0.0
2024-10-10 11:26:00-04:00,107.9800033569336,107.9800033569336,107.86000061035156,107.91500091552734,7506,0.0,0.0
2024-10-10 11:27:00-04:00,107.94219970703125,107.95999908447266,107.88999938964844,107.94999694824219,7681,0.0,0.0
2024-10-10 11:28:00-04:00,107.97000122070312,108.23999786376953,107.97000122070312,108.23999786376953,42711,0.0,0.0
2024-10-10 11:29:00-04:00,108.2699966430664,108.2699966430664,108.05000305175781,108.08999633789062,11791,0.0,0.0
2024-10-10 11:30:00-04:00,108.05000305175781,108.13999938964844,108.0199966430664,108.0199966430664,6732,0.0,0.0
2024-10-10 11:31:00-04:00,108.01499938964844,108.16000366210938,108.0,108.08999633789062,3466,0.0,0.0
2024-10-10 11:32:00-04:00,108.06500244140625,108.11990356445312,108.06500244140625,108.08999633789062,5338,0.0,0.0
2024-10-10 11:33:00-04:00,108.0999984741211,108.20999908447266,108.05999755859375,108.12999725341797,33984,0.0,0.0
2024-10-10 11:34:00-04:00,108.11509704589844,108.20999908447266,108.11509704589844,108.20999908447266,5850,0.0,0.0
2024-10-10 11:35:00-04:00,108.2300033569336,108.23989868164062,108.1500015258789,108.23760223388672,7689,0.0,0.0
2024-10-10 11:36:00-04:00,108.23999786376953,108.29000091552734,108.0999984741211,108.1500015258789,18678,0.0,0.0
2024-10-10 11:37:00-04:00,108.0999984741211,108.19000244140625,108.0999984741211,108.1500015258789,4837,0.0,0.0
2024-10-10 11:38:00-04:00,108.16999816894531,108.31999969482422,108.16999816894531,108.30999755859375,12566,0.0,0.0
2024-10-10 11:39:00-04:00,108.27999877929688,108.31500244140625,108.18000030517578,108.18000030517578,6705,0.0,0.0
2024-10-10 11:40:00-04:00,108.20500183105469,108.23999786376953,108.01000213623047,108.01000213623047,8424,0.0,0.0
2024-10-10 11:41:00-04:00,108.0,108.0,107.83080291748047,107.88999938964844,7519,0.0,0.0
2024-10-10 11:42:00-04:00,107.7750015258789,107.96859741210938,107.7750015258789,107.91500091552734,6495,0.0,0.0
2024-10-10 11:43:00-04:00,108.0199966430664,108.11000061035156,108.0199966430664,108.0999984741211,6217,0.0,0.0
2024-10-10 11:44:00-04:00,108.12999725341797,108.19000244140625,108.12999725341797,108.19000244140625,1252,0.0,0.0
2024-10-10 11:45:00-04:00,108.19000244140625,108.25,108.1500015258789,108.2300033569336,8264,0.0,0.0
2024-10-10 11:46:00-04:00,108.23500061035156,108.25,108.18000030517578,108.25,8025,0.0,0.0
2024-10-10 11:47:00-04:00,108.22000122070312,108.27770233154297,108.22000122070312,108.22000122070312,5604,0.0,0.0
2024-10-10 11:48:00-04:00,108.23500061035156,108.23500061035156,108.16000366210938,108.16000366210938,11732,0.0,0.0
2024-10-10 11:49:00-04:00,108.13500213623047,108.22270202636719,108.11000061035156,108.20500183105469,7247,0.0,0.0
2024-10-10 11:50:00-04:00,108.20500183105469,108.30000305175781,108.20500183105469,108.30000305175781,7879,0.0,0.0
2024-10-10 11:51:00-04:00,108.25,108.3396987915039,108.25,108.29000091552734,8327,0.0,0.0
2024-10-10 11:52:00-04:00,108.30000305175781,108.31999969482422,108.2699966430664,108.31999969482422,3704,0.0,0.0
2024-10-10 11:53:00-04:00,108.30999755859375,108.38999938964844,108.30000305175781,108.36000061035156,7439,0.0,0.0
2024-10-10 11:54:00-04:00,108.36000061035156,108.36000061035156,108.2300033569336,108.31999969482422,17254,0.0,0.0
2024-10-10 11:55:00-04:00,108.30000305175781,108.54000091552734,108.28040313720703,108.49500274658203,29145,0.0,0.0
2024-10-10 11:56:00-04:00,108.47010040283203,108.54000091552734,108.47010040283203,108.5199966430664,2499,0.0,0.0
2024-10-10 11:57:00-04:00,108.54000091552734,108.58999633789062,108.51000213623047,108.58000183105469,9211,0.0,0.0
2024-10-10 11:58:00-04:00,108.55999755859375,108.63999938964844,108.51000213623047,108.55999755859375,27713,0.0,0.0
2024-10-10 11:59:00-04:00,108.55560302734375,108.79149627685547,108.55560302734375,108.77384185791016,13259,0.0,0.0
2024-10-10 12:00:00-04:00,108.80000305175781,108.9800033569336,108.69999694824219,108.9800033569336,16149,0.0,0.0
2024-10-10 12:01:00-04:00,108.9800033569336,109.0199966430664,108.94999694824219,108.9800033569336,9231,0.0,0.0
2024-10-10 12:02:00-04:00,108.97000122070312,108.98500061035156,108.87999725341797,108.88999938964844,8297,0.0,0.0
2024-10-10 12:03:00-04:00,108.9000015258789,109.06109619140625,108.9000015258789,109.06109619140625,5667,0.0,0.0
2024-10-10 12:04:00-04:00,109.05000305175781,109.05000305175781,108.94000244140625,108.94999694824219,8399,0.0,0.0
2024-10-10 12:05:00-04:00,108.95809936523438,108.98500061035156,108.91999816894531,108.91999816894531,4327,0.0,0.0
2024-10-10 12:06:00-04:00,108.94999694824219,109.0,108.93000030517578,108.93000030517578,4718,0.0,0.0
2024-10-10 12:07:00-04:00,108.95999908447266,109.08999633789062,108.86000061035156,108.90010070800781,7148,0.0,0.0
2024-10-10 12:08:00-04:00,108.87000274658203,108.87999725341797,108.77010345458984,108.86399841308594,7211,0.0,0.0
2024-10-10 12:09:00-04:00,108.87999725341797,108.9000015258789,108.84500122070312,108.8949966430664,5632,0.0,0.0
2024-10-10 12:10:00-04:00,108.87999725341797,108.94750213623047,108.86499786376953,108.91999816894531,13310,0.0,0.0
2024-10-10 12:11:00-04:00,108.93499755859375,109.02999877929688,108.93499755859375,109.00499725341797,35009,0.0,0.0
2024-10-10 12:12:00-04:00,109.01000213623047,109.03500366210938,108.98999786376953,109.0,16652,0.0,0.0
2024-10-10 12:13:00-04:00,108.99500274658203,109.01000213623047,108.94999694824219,108.95989990234375,19384,0.0,0.0
2024-10-10 12:14:00-04:00,108.93000030517578,109.0,108.8416976928711,108.89910125732422,8571,0.0,0.0
2024-10-10 12:15:00-04:00,108.87999725341797,108.93599700927734,108.86000061035156,108.93599700927734,7076,0.0,0.0
2024-10-10 12:16:00-04:00,108.97000122070312,108.97000122070312,108.87999725341797,108.92500305175781,4736,0.0,0.0
2024-10-10 12:17:00-04:00,108.92500305175781,108.94499969482422,108.91500091552734,108.94499969482422,1640,0.0,0.0
2024-10-10 12:18:00-04:00,108.94999694824219,108.95999908447266,108.91000366210938,108.95999908447266,6109,0.0,0.0
2024-10-10 12:19:00-04:00,108.94000244140625,108.94000244140625,108.81999969482422,108.88819885253906,7047,0.0,0.0
2024-10-10 12:20:00-04:00,108.88500213623047,108.88500213623047,108.72000122070312,108.87999725341797,6362,0.0,0.0
2024-10-10 12:21:00-04:00,108.90850067138672,108.90850067138672,108.80999755859375,108.80999755859375,4515,0.0,0.0
2024-10-10 12:22:00-04:00,108.83999633789062,108.86499786376953,108.77999877929688,108.77999877929688,7016,0.0,0.0
2024-10-10 12:23:00-04:00,108.7750015258789,108.7750015258789,108.73530578613281,108.73919677734375,5181,0.0,0.0
2024-10-10 12:24:00-04:00,108.73999786376953,108.75,108.62000274658203,108.70999908447266,10088,0.0,0.0
2024-10-10 12:25:00-04:00,108.72000122070312,108.73999786376953,108.69000244140625,108.69999694824219,3620,0.0,0.0
2024-10-10 12:26:00-04:00,108.6500015258789,108.73999786376953,108.58999633789062,108.73999786376953,14069,0.0,0.0
2024-10-10 12:27:00-04:00,108.7499008178711,108.76000213623047,108.72000122070312,108.73999786376953,4179,0.0,0.0
2024-10-10 12:28:00-04:00,108.70999908447266,108.70999908447266,108.4800033569336,108.58000183105469,15790,0.0,0.0
2024-10-10 12:29:00-04:00,108.56999969482422,108.66999816894531,108.5,108.62999725341797,9210,0.0,0.0
2024-10-10 12:30:00-04:00,108.66999816894531,108.66999816894531,108.36270141601562,108.37000274658203,16542,0.0,0.0
2024-10-10 12:31:00-04:00,108.3499984741211,108.43000030517578,108.34739685058594,108.36000061035156,7203,0.0,0.0
2024-10-10 12:32:00-04:00,108.37560272216797,108.4800033569336,108.37560272216797,108.47000122070312,4039,0.0,0.0
2024-10-10 12:33:00-04:00,108.45999908447266,108.51000213623047,108.43000030517578,108.45999908447266,14513,0.0,0.0
2024-10-10 12:34:00-04:00,108.44999694824219,108.57890319824219,108.41999816894531,108.57890319824219,7123,0.0,0.0
2024-10-10 12:35:00-04:00,108.55999755859375,108.58360290527344,108.51000213623047,108.54499816894531,4258,0.0,0.0
2024-10-10 12:36:00-04:00,108.52999877929688,108.61000061035156,108.51470184326172,108.5447998046875,9039,0.0,0.0
2024-10-10 12:37:00-04:00,108.52999877929688,108.52999877929688,108.44999694824219,108.44999694824219,4636,0.0,0.0
2024-10-10 12:38:00-04:00,108.44000244140625,108.51000213623047,108.4000015258789,108.4000015258789,6300,0.0,0.0
2024-10-10 12:39:00-04:00,108.43000030517578,108.44999694824219,108.37000274658203,108.4000015258789,8203,0.0,0.0
2024-10-10 12:40:00-04:00,108.41999816894531,108.5177001953125,108.385498046875,108.5,10743,0.0,0.0
2024-10-10 12:41:00-04:00,108.48999786376953,108.52999877929688,108.47000122070312,108.5,2427,0.0,0.0
2024-10-10 12:42:00-04:00,108.5,108.54000091552734,108.41999816894531,108.41999816894531,5815,0.0,0.0
2024-10-10 12:43:00-04:00,108.4000015258789,108.51000213623047,108.33000183105469,108.47000122070312,5487,0.0,0.0
2024-10-10 12:44:00-04:00,108.47000122070312,108.5,108.25,108.42500305175781,9443,0.0,0.0
2024-10-10 12:45:00-04:00,108.37999725341797,108.41000366210938,108.33000183105469,108.33999633789062,2716,0.0,0.0
2024-10-10 12:46:00-04:00,108.4000015258789,108.41000366210938,108.08000183105469,108.16000366210938,20997,0.0,0.0
2024-10-10 12:47:00-04:00,108.18000030517578,108.18000030517578,108.07499694824219,108.07499694824219,4950,0.0,0.0
2024-10-10 12:48:00-04:00,108.02999877929688,108.08000183105469,107.92019653320312,108.06999969482422,10837,0.0,0.0
2024-10-10 12:49:00-04:00,108.0199966430664,108.04000091552734,107.93499755859375,107.9561767578125,17504,0.0,0.0
2024-10-10 12:50:00-04:00,107.9800033569336,107.98999786376953,107.91500091552734,107.91999816894531,6174,0.0,0.0
2024-10-10 12:51:00-04:00,107.91999816894531,107.94000244140625,107.87000274658203,107.88999938964844,8985,0.0,0.0
2024-10-10 12:52:00-04:00,107.86000061035156,107.94000244140625,107.86000061035156,107.91000366210938,13366,0.0,0.0
2024-10-10 12:53:00-04:00,107.87999725341797,107.9800033569336,107.87000274658203,107.9000015258789,6614,0.0,0.0
2024-10-10 12:54:00-04:00,107.92369842529297,108.02999877929688,107.87999725341797,108.02999877929688,8031,0.0,0.0
2024-10-10 12:55:00-04:00,108.05500030517578,108.08999633789062,108.04000091552734,108.05000305175781,4157,0.0,0.0
2024-10-10 12:56:00-04:00,108.02999877929688,108.06999969482422,108.02999877929688,108.04000091552734,9350,0.0,0.0
2024-10-10 12:57:00-04:00,108.0199966430664,108.0199966430664,107.8499984741211,107.90499877929688,14381,0.0,0.0
2024-10-10 12:58:00-04:00,107.91999816894531,107.98999786376953,107.90450286865234,107.9800033569336,6054,0.0,0.0
2024-10-10 12:59:00-04:00,108.0199966430664,108.06999969482422,107.99500274658203,108.01499938964844,4679,0.0,0.0
2024-10-10 13:00:00-04:00,108.02999877929688,108.08999633789062,108.0199966430664,108.0199966430664,8967,0.0,0.0
2024-10-10 13:01:00-04:00,108.02400207519531,108.06999969482422,108.0,108.05999755859375,7147,0.0,0.0
2024-10-10 13:02:00-04:00,108.05999755859375,108.1449966430664,108.03500366210938,108.12000274658203,4570,0.0,0.0
2024-10-10 13:03:00-04:00,108.125,108.16999816894531,108.125,108.12999725341797,6987,0.0,0.0
2024-10-10 13:04:00-04:00,108.12000274658203,108.19000244140625,108.12000274658203,108.16000366210938,9901,0.0,0.0
2024-10-10 13:05:00-04:00,108.12999725341797,108.12999725341797,108.04000091552734,108.05999755859375,7039,0.0,0.0
2024-10-10 13:06:00-04:00,108.04499816894531,108.0792007446289,108.0199966430664,108.05000305175781,4414,0.0,0.0
2024-10-10 13:07:00-04:00,108.0199966430664,108.0199966430664,107.93499755859375,108.0199966430664,6844,0.0,0.0
2024-10-10 13:08:00-04:00,108.01000213623047,108.01000213623047,107.93000030517578,107.93499755859375,3244,0.0,0.0
2024-10-10 13:09:00-04:00,107.95999908447266,107.95999908447266,107.7750015258789,107.90499877929688,5607,0.0,0.0
2024-10-10 13:10:00-04:00,107.87999725341797,107.89700317382812,107.8499984741211,107.87220001220703,2879,0.0,0.0
2024-10-10 13:11:00-04:00,107.87000274658203,107.88999938964844,107.79000091552734,107.83000183105469,7476,0.0,0.0
2024-10-10 13:12:00-04:00,107.86579895019531,107.88999938964844,107.80500030517578,107.81999969482422,3169,0.0,0.0
2024-10-10 13:13:00-04:00,107.81999969482422,107.91999816894531,107.81999969482422,107.88999938964844,3739,0.0,0.0
2024-10-10 13:14:00-04:00,107.80999755859375,107.83999633789062,107.7750015258789,107.81999969482422,5686,0.0,0.0
2024-10-10 13:15:00-04:00,107.86000061035156,107.8949966430664,107.8499984741211,107.87000274658203,5661,0.0,0.0
2024-10-10 13:16:00-04:00,107.8499984741211,107.91000366210938,107.81999969482422,107.91000366210938,5986,0.0,0.0
2024-10-10 13:17:00-04:00,107.91999816894531,108.0199966430664,107.91000366210938,107.97000122070312,5799,0.0,0.0
2024-10-10 13:18:00-04:00,108.0,108.06999969482422,108.0,108.04000091552734,6145,0.0,0.0
2024-10-10 13:19:00-04:00,108.01000213623047,108.0199966430664,108.0,108.01000213623047,4162,0.0,0.0
2024-10-10 13:20:00-04:00,108.0250015258789,108.11000061035156,108.0250015258789,108.11000061035156,3902,0.0,0.0
2024-10-10 13:21:00-04:00,108.1500015258789,108.1500015258789,108.08000183105469,108.0999984741211,3512,0.0,0.0
2024-10-10 13:22:00-04:00,108.09500122070312,108.16000366210938,108.09500122070312,108.13999938964844,4270,0.0,0.0
2024-10-10 13:23:00-04:00,108.12000274658203,108.12999725341797,108.04000091552734,108.11000061035156,5080,0.0,0.0
2024-10-10 13:24:00-04:00,108.07499694824219,108.1500015258789,108.06999969482422,108.12000274658203,4200,0.0,0.0
2024-10-10 13:25:00-04:00,108.08999633789062,108.0999984741211,108.05000305175781,108.0999984741211,3769,0.0,0.0
2024-10-10 13:26:00-04:00,108.08999633789062,108.1449966430664,108.03299713134766,108.03299713134766,8936,0.0,0.0
2024-10-10 13:27:00-04:00,108.05999755859375,108.05999755859375,108.01000213623047,108.04499816894531,3115,0.0,0.0
2024-10-10 13:28:00-04:00,108.02999877929688,108.04000091552734,108.0,108.0,16175,0.0,0.0
2024-10-10 13:29:00-04:00,108.0,108.0199966430664,107.97010040283203,108.01000213623047,7982,0.0,0.0
2024-10-10 13:30:00-04:00,108.02999877929688,108.04540252685547,107.93000030517578,107.94999694824219,4869,0.0,0.0
2024-10-10 13:31:00-04:00,107.94999694824219,107.97000122070312,107.88999938964844,107.95249938964844,5181,0.0,0.0
2024-10-10 13:32:00-04:00,107.9800033569336,108.0458984375,107.9800033569336,108.0,3392,0.0,0.0
2024-10-10 13:33:00-04:00,108.03500366210938,108.04499816894531,108.02999877929688,108.03500366210938,3208,0.0,0.0
2024-10-10 13:34:00-04:00,108.01000213623047,108.0199966430664,107.9800033569336,107.9800033569336,5667,0.0,0.0
2024-10-10 13:35:00-04:00,107.95999908447266,108.0250015258789,107.95500183105469,108.01000213623047,4595,0.0,0.0
2024-10-10 13:36:00-04:00,108.04560089111328,108.05999755859375,108.01000213623047,108.02999877929688,4238,0.0,0.0
2024-10-10 13:37:00-04:00,108.02999877929688,108.04000091552734,107.94999694824219,108.0199966430664,5978,0.0,0.0
2024-10-10 13:38:00-04:00,108.0199966430664,108.08000183105469,108.0199966430664,108.0199966430664,2168,0.0,0.0
2024-10-10 13:39:00-04:00,108.0,108.0199966430664,107.9749984741211,107.98999786376953,5933,0.0,0.0
2024-10-10 13:40:00-04:00,108.00499725341797,108.02999877929688,107.9000015258789,107.94999694824219,14696,0.0,0.0
2024-10-10 13:41:00-04:00,107.94999694824219,108.0199966430664,107.94499969482422,107.97000122070312,3886,0.0,0.0
2024-10-10 13:42:00-04:00,107.97650146484375,108.03500366210938,107.94999694824219,108.03500366210938,4064,0.0,0.0
2024-10-10 13:43:00-04:00,108.03970336914062,108.05000305175781,107.91999816894531,107.99500274658203,4107,0.0,0.0
2024-10-10 13:44:00-04:00,107.99500274658203,107.99500274658203,107.93000030517578,107.98999786376953,3768,0.0,0.0
2024-10-10 13:45:00-04:00,107.98500061035156,107.989501953125,107.94000244140625,107.96990203857422,3712,0.0,0.0
2024-10-10 13:46:00-04:00,107.94999694824219,107.94999694824219,107.8550033569336,107.88999938964844,5830,0.0,0.0
2024-10-10 13:47:00-04:00,107.87999725341797,107.88500213623047,107.76000213623047,107.76000213623047,8517,0.0,0.0
2024-10-10 13:48:00-04:00,107.83000183105469,107.8499984741211,107.7500991821289,107.7699966430664,3949,0.0,0.0
2024-10-10 13:49:00-04:00,107.77999877929688,107.80000305175781,107.66999816894531,107.73999786376953,3819,0.0,0.0
2024-10-10 13:50:00-04:00,107.68000030517578,107.69999694824219,107.66799926757812,107.69000244140625,2453,0.0,0.0
2024-10-10 13:51:00-04:00,107.70999908447266,107.70999908447266,107.45999908447266,107.48999786376953,12846,0.0,0.0
2024-10-10 13:52:00-04:00,107.51000213623047,107.58000183105469,107.37999725341797,107.56999969482422,7328,0.0,0.0
2024-10-10 13:53:00-04:00,107.58000183105469,107.61000061035156,107.54000091552734,107.61000061035156,7277,0.0,0.0
2024-10-10 13:54:00-04:00,107.61000061035156,107.69000244140625,107.61000061035156,107.69000244140625,4812,0.0,0.0
2024-10-10 13:55:00-04:00,107.77999877929688,107.77999877929688,107.66500091552734,107.72000122070312,5093,0.0,0.0
2024-10-10 13:56:00-04:00,107.73999786376953,107.80000305175781,107.7300033569336,107.7739028930664,4968,0.0,0.0
2024-10-10 13:57:00-04:00,107.77999877929688,107.86000061035156,107.77999877929688,107.81999969482422,2572,0.0,0.0
2024-10-10 13:58:00-04:00,107.87000274658203,107.87000274658203,107.78500366210938,107.80999755859375,3440,0.0,0.0
2024-10-10 13:59:00-04:00,107.81999969482422,107.83999633789062,107.81500244140625,107.83000183105469,3315,0.0,0.0
2024-10-10 14:00:00-04:00,107.82499694824219,107.82499694824219,107.77999877929688,107.77999877929688,4636,0.0,0.0
2024-10-10 14:01:00-04:00,107.77999877929688,107.81999969482422,107.76499938964844,107.80000305175781,6464,0.0,0.0
2024-10-10 14:02:00-04:00,107.79239654541016,107.79239654541016,107.70500183105469,107.72000122070312,6320,0.0,0.0
2024-10-10 14:03:00-04:00,107.69999694824219,107.77999877929688,107.69999694824219,107.7699966430664,4943,0.0,0.0
2024-10-10 14:04:00-04:00,107.75,107.77999877929688,107.74259948730469,107.76000213623047,8839,0.0,0.0
2024-10-10 14:05:00-04:00,107.73999786376953,107.73999786376953,107.66999816894531,107.7249984741211,6658,0.0,0.0
2024-10-10 14:06:00-04:00,107.73999786376953,107.7699966430664,107.70999908447266,107.7300033569336,3406,0.0,0.0
2024-10-10 14:07:00-04:00,107.69999694824219,107.76000213623047,107.67500305175781,107.75460052490234,5222,0.0,0.0
2024-10-10 14:08:00-04:00,107.7405014038086,107.76000213623047,107.69999694824219,107.69999694824219,4019,0.0,0.0
2024-10-10 14:09:00-04:00,107.68000030517578,107.75,107.66999816894531,107.73999786376953,5480,0.0,0.0
2024-10-10 14:10:00-04:00,107.76000213623047,107.77999877929688,107.7300033569336,107.74590301513672,3222,0.0,0.0
2024-10-10 14:11:00-04:00,107.7300033569336,107.73999786376953,107.66000366210938,107.70500183105469,4812,0.0,0.0
2024-10-10 14:12:00-04:00,107.70500183105469,107.73899841308594,107.66999816894531,107.72000122070312,4447,0.0,0.0
2024-10-10 14:13:00-04:00,107.70500183105469,107.7249984741211,107.6624984741211,107.7249984741211,3680,0.0,0.0
2024-10-10 14:14:00-04:00,107.7249984741211,107.77999877929688,107.66000366210938,107.77999877929688,28347,0.0,0.0
2024-10-10 14:15:00-04:00,107.77999877929688,107.8499984741211,107.77999877929688,107.83000183105469,4031,0.0,0.0
2024-10-10 14:16:00-04:00,107.83999633789062,107.8499984741211,107.67500305175781,107.72000122070312,6067,0.0,0.0
2024-10-10 14:17:00-04:00,107.71499633789062,107.73999786376953,107.6500015258789,107.73999786376953,3609,0.0,0.0
2024-10-10 14:18:00-04:00,107.75,107.75,107.69999694824219,107.72000122070312,4034,0.0,0.0
2024-10-10 14:19:00-04:00,107.69999694824219,107.78500366210938,107.68000030517578,107.78500366210938,4985,0.0,0.0
2024-10-10 14:20:00-04:00,107.80999755859375,107.80999755859375,107.76499938964844,107.7750015258789,2674,0.0,0.0
2024-10-10 14:21:00-04:00,107.78577423095703,107.87000274658203,107.76499938964844,107.87000274658203,5314,0.0,0.0
2024-10-10 14:22:00-04:00,107.87550354003906,107.88999938964844,107.86000061035156,107.87999725341797,2920,0.0,0.0
2024-10-10 14:23:00-04:00,107.87999725341797,107.87999725341797,107.77999877929688,107.79000091552734,7978,0.0,0.0
2024-10-10 14:24:00-04:00,107.80999755859375,107.83000183105469,107.80000305175781,107.83000183105469,3065,0.0,0.0
2024-10-10 14:25:00-04:00,107.82499694824219,107.8499984741211,107.81999969482422,107.81999969482422,5301,0.0,0.0
2024-10-10 14:26:00-04:00,107.80999755859375,107.80999755859375,107.73750305175781,107.77999877929688,7300,0.0,0.0
2024-10-10 14:27:00-04:00,107.7699966430664,107.80000305175781,107.73999786376953,107.79000091552734,4381,0.0,0.0
2024-10-10 14:28:00-04:00,107.77999877929688,107.80000305175781,107.75,107.80000305175781,3873,0.0,0.0
2024-10-10 14:29:00-04:00,107.78500366210938,107.80000305175781,107.7699966430664,107.80000305175781,3704,0.0,0.0
2024-10-10 14:30:00-04:00,107.79000091552734,107.81999969482422,107.77999877929688,107.80999755859375,5780,0.0,0.0
2024-10-10 14:31:00-04:00,107.80999755859375,107.8550033569336,107.80000305175781,107.82499694824219,6415,0.0,0.0
2024-10-10 14:32:00-04:00,107.83499908447266,107.8499984741211,107.80999755859375,107.83000183105469,3736,0.0,0.0
2024-10-10 14:33:00-04:00,107.8499984741211,107.86000061035156,107.83000183105469,107.84500122070312,4470,0.0,0.0
2024-10-10 14:34:00-04:00,107.84500122070312,107.91000366210938,107.84500122070312,107.88500213623047,12484,0.0,0.0
2024-10-10 14:35:00-04:00,107.88500213623047,107.94000244140625,107.86000061035156,107.94000244140625,9921,0.0,0.0
2024-10-10 14:36:00-04:00,107.91000366210938,107.91000366210938,107.77999877929688,107.81999969482422,5862,0.0,0.0
2024-10-10 14:37:00-04:00,107.81999969482422,107.82029724121094,107.7300033569336,107.7699966430664,4180,0.0,0.0
2024-10-10 14:38:00-04:00,107.743896484375,107.77999877929688,107.743896484375,107.77999877929688,5669,0.0,0.0
2024-10-10 14:39:00-04:00,107.79000091552734,107.79000091552734,107.7300033569336,107.7300033569336,5431,0.0,0.0
2024-10-10 14:40:00-04:00,107.7300033569336,107.80999755859375,107.71499633789062,107.80999755859375,4664,0.0,0.0
2024-10-10 14:41:00-04:00,107.80999755859375,107.80999755859375,107.73500061035156,107.73500061035156,2841,0.0,0.0
2024-10-10 14:42:00-04:00,107.73999786376953,107.76000213623047,107.70999908447266,107.70999908447266,4070,0.0,0.0
2024-10-10 14:43:00-04:00,107.70999908447266,107.7300033569336,107.5199966430664,107.66000366210938,100278,0.0,0.0
2024-10-10 14:44:00-04:00,107.69000244140625,107.72000122070312,107.69000244140625,107.71499633789062,2522,0.0,0.0
2024-10-10 14:45:00-04:00,107.75,107.80500030517578,107.73999786376953,107.80000305175781,4578,0.0,0.0
2024-10-10 14:46:00-04:00,107.81999969482422,107.81999969482422,107.76499938964844,107.76499938964844,5187,0.0,0.0
2024-10-10 14:47:00-04:00,107.76499938964844,107.80000305175781,107.73999786376953,107.79000091552734,4994,0.0,0.0
2024-10-10 14:48:00-04:00,107.77290344238281,107.83999633789062,107.77290344238281,107.80500030517578,124938,0.0,0.0
2024-10-10 14:49:00-04:00,107.86000061035156,107.97000122070312,107.86000061035156,107.91940307617188,5932,0.0,0.0
2024-10-10 14:50:00-04:00,107.87999725341797,107.87999725341797,107.77999877929688,107.77999877929688,8517,0.0,0.0
2024-10-10 14:51:00-04:00,107.80999755859375,107.86000061035156,107.80500030517578,107.86000061035156,4750,0.0,0.0
2024-10-10 14:52:00-04:00,107.83999633789062,107.88999938964844,107.83000183105469,107.87000274658203,3076,0.0,0.0
2024-10-10 14:53:00-04:00,107.8499984741211,107.86000061035156,107.83999633789062,107.8499984741211,4270,0.0,0.0
2024-10-10 14:54:00-04:00,107.8499984741211,107.91999816894531,107.8499984741211,107.88999938964844,6084,0.0,0.0
2024-10-10 14:55:00-04:00,107.91000366210938,108.02999877929688,107.9000015258789,108.02999877929688,7761,0.0,0.0
2024-10-10 14:56:00-04:00,108.01000213623047,108.05999755859375,108.0,108.04499816894531,5669,0.0,0.0
2024-10-10 14:57:00-04:00,108.04000091552734,108.08000183105469,108.0199966430664,108.08000183105469,29451,0.0,0.0
2024-10-10 14:58:00-04:00,108.08000183105469,108.08000183105469,107.98999786376953,108.0,8317,0.0,0.0
2024-10-10 14:59:00-04:00,108.0,108.00499725341797,107.95999908447266,107.96499633789062,3803,0.0,0.0
2024-10-10 15:00:00-04:00,108.0,108.0199966430664,107.93499755859375,107.99210357666016,6988,0.0,0.0
2024-10-10 15:01:00-04:00,107.97000122070312,107.98999786376953,107.7699966430664,107.80999755859375,12401,0.0,0.0
2024-10-10 15:02:00-04:00,107.7699966430664,107.7699966430664,107.69499969482422,107.74500274658203,3070,0.0,0.0
2024-10-10 15:03:00-04:00,107.70500183105469,107.75,107.66999816894531,107.69999694824219,5350,0.0,0.0
2024-10-10 15:04:00-04:00,107.72000122070312,107.76000213623047,107.68000030517578,107.72000122070312,6291,0.0,0.0
2024-10-10 15:05:00-04:00,107.75,107.76000213623047,107.6500015258789,107.6500015258789,7798,0.0,0.0
2024-10-10 15:06:00-04:00,107.6500015258789,107.69000244140625,107.5999984741211,107.66000366210938,7754,0.0,0.0
2024-10-10 15:07:00-04:00,107.69000244140625,107.69999694824219,107.625,107.62999725341797,4936,0.0,0.0
2024-10-10 15:08:00-04:00,107.63999938964844,107.6500015258789,107.5999984741211,107.62000274658203,5106,0.0,0.0
2024-10-10 15:09:00-04:00,107.62000274658203,107.66999816894531,107.62000274658203,107.66000366210938,5274,0.0,0.0
2024-10-10 15:10:00-04:00,107.67749786376953,107.69000244140625,107.63999938964844,107.66999816894531,7136,0.0,0.0
2024-10-10 15:11:00-04:00,107.66000366210938,107.69000244140625,107.62999725341797,107.63500213623047,5010,0.0,0.0
2024-10-10 15:12:00-04:00,107.62000274658203,107.62999725341797,107.58000183105469,107.58000183105469,9182,0.0,0.0
2024-10-10 15:13:00-04:00,107.55999755859375,107.5999984741211,107.55000305175781,107.58000183105469,7154,0.0,0.0
2024-10-10 15:14:00-04:00,107.55000305175781,107.57279968261719,107.49500274658203,107.54499816894531,6741,0.0,0.0
2024-10-10 15:15:00-04:00,107.55799865722656,107.56999969482422,107.54000091552734,107.55999755859375,3120,0.0,0.0
2024-10-10 15:16:00-04:00,107.57769775390625,107.58499908447266,107.54000091552734,107.58499908447266,7041,0.0,0.0
2024-10-10 15:17:00-04:00,107.56999969482422,107.61000061035156,107.56999969482422,107.61000061035156,7724,0.0,0.0
2024-10-10 15:18:00-04:00,107.5999984741211,107.66000366210938,107.5999984741211,107.62999725341797,5289,0.0,0.0
2024-10-10 15:19:00-04:00,107.62999725341797,107.62999725341797,107.61000061035156,107.62000274658203,5434,0.0,0.0
2024-10-10 15:20:00-04:00,107.6500015258789,107.66000366210938,107.61000061035156,107.63999938964844,10131,0.0,0.0
2024-10-10 15:21:00-04:00,107.66000366210938,107.66999816894531,107.62000274658203,107.66999816894531,9134,0.0,0.0
2024-10-10 15:22:00-04:00,107.6449966430664,107.66000366210938,107.625,107.65499877929688,6695,0.0,0.0
2024-10-10 15:23:00-04:00,107.63999938964844,107.6488037109375,107.58000183105469,107.58999633789062,9809,0.0,0.0
2024-10-10 15:24:00-04:00,107.58999633789062,107.61000061035156,107.58999633789062,107.5999984741211,4205,0.0,0.0
2024-10-10 15:25:00-04:00,107.59750366210938,107.62999725341797,107.59750366210938,107.62999725341797,2862,0.0,0.0
2024-10-10 15:26:00-04:00,107.63973999023438,107.63999938964844,107.61000061035156,107.63999938964844,4934,0.0,0.0
2024-10-10 15:27:00-04:00,107.62000274658203,107.70980072021484,107.62000274658203,107.69999694824219,10102,0.0,0.0
2024-10-10 15:28:00-04:00,107.70999908447266,107.73989868164062,107.69999694824219,107.72000122070312,4790,0.0,0.0
2024-10-10 15:29:00-04:00,107.70999908447266,107.70999908447266,107.68000030517578,107.69999694824219,8736,0.0,0.0
2024-10-10 15:30:00-04:00,107.69999694824219,107.69999694824219,107.62989807128906,107.62999725341797,9202,0.0,0.0
2024-10-10 15:31:00-04:00,107.625,107.62999725341797,107.58000183105469,107.59500122070312,8930,0.0,0.0
2024-10-10 15:32:00-04:00,107.58999633789062,107.62000274658203,107.56999969482422,107.61000061035156,7930,0.0,0.0
2024-10-10 15:33:00-04:00,107.58000183105469,107.61000061035156,107.56999969482422,107.61000061035156,7328,0.0,0.0
2024-10-10 15:34:00-04:00,107.62999725341797,107.62999725341797,107.5199966430664,107.55999755859375,12482,0.0,0.0
2024-10-10 15:35:00-04:00,107.58999633789062,107.62999725341797,107.58999633789062,107.5999984741211,9998,0.0,0.0
2024-10-10 15:36:00-04:00,107.5999984741211,107.61000061035156,107.54000091552734,107.55000305175781,8871,0.0,0.0
2024-10-10 15:37:00-04:00,107.54000091552734,107.54000091552734,107.41999816894531,107.43499755859375,13146,0.0,0.0
2024-10-10 15:38:00-04:00,107.44000244140625,107.4800033569336,107.41500091552734,107.4800033569336,10014,0.0,0.0
2024-10-10 15:39:00-04:00,107.48999786376953,107.5199966430664,107.4800033569336,107.5,6938,0.0,0.0
2024-10-10 15:40:00-04:00,107.48999786376953,107.5,107.47000122070312,107.5,8762,0.0,0.0
2024-10-10 15:41:00-04:00,107.5199966430664,107.52999877929688,107.4800033569336,107.48500061035156,14255,0.0,0.0
2024-10-10 15:42:00-04:00,107.4800033569336,107.4800033569336,107.375,107.38999938964844,17145,0.0,0.0
2024-10-10 15:43:00-04:00,107.4000015258789,107.45500183105469,107.4000015258789,107.44000244140625,11946,0.0,0.0
2024-10-10 15:44:00-04:00,107.44999694824219,107.4800033569336,107.44999694824219,107.47000122070312,5017,0.0,0.0
2024-10-10 15:45:00-04:00,107.4749984741211,107.55000305175781,107.47000122070312,107.51499938964844,15115,0.0,0.0
2024-10-10 15:46:00-04:00,107.5250015258789,107.52999877929688,107.45999908447266,107.48999786376953,12801,0.0,0.0
2024-10-10 15:47:00-04:00,107.48999786376953,107.52999877929688,107.45999908447266,107.51000213623047,16553,0.0,0.0
2024-10-10 15:48:00-04:00,107.51000213623047,107.54000091552734,107.51000213623047,107.52999877929688,8771,0.0,0.0
2024-10-10 15:49:00-04:00,107.52999877929688,107.76599884033203,107.5199966430664,107.74500274658203,14584,0.0,0.0
2024-10-10 15:50:00-04:00,107.76000213623047,107.88999938964844,107.7300033569336,107.88999938964844,22463,0.0,0.0
2024-10-10 15:51:00-04:00,107.88999938964844,107.97000122070312,107.83999633789062,107.86000061035156,29200,0.0,0.0
2024-10-10 15:52:00-04:00,107.87000274658203,107.87999725341797,107.81999969482422,107.83999633789062,23101,0.0,0.0
2024-10-10 15:53:00-04:00,107.83999633789062,107.86000061035156,107.80999755859375,107.83999633789062,21281,0.0,0.0
2024-10-10 15:54:00-04:00,107.83999633789062,107.91999816894531,107.83000183105469,107.8949966430664,22596,0.0,0.0
2024-10-10 15:55:00-04:00,107.86000061035156,107.86000061035156,107.73999786376953,107.81999969482422,28247,0.0,0.0
2024-10-10 15:56:00-04:00,107.81999969482422,107.83000183105469,107.61000061035156,107.61000061035156,40697,0.0,0.0
2024-10-10 15:57:00-04:00,107.62999725341797,107.6500015258789,107.54000091552734,107.61499786376953,51634,0.0,0.0
2024-10-10 15:58:00-04:00,107.61499786376953,107.62000274658203,107.51000213623047,107.5250015258789,48949,0.0,0.0
2024-10-10 15:59:00-04:00,107.5250015258789,107.55000305175781,107.41999816894531,107.47000122070312,76303,0.0,0.0
2024-10-11 09:30:00-04:00,107.54000091552734,108.4800033569336,107.30999755859375,107.9000015258789,201724,0.0,0.0
2024-10-11 09:31:00-04:00,107.7300033569336,108.20999908447266,107.43000030517578,107.97000122070312,13196,0.0,0.0
2024-10-11 09:32:00-04:00,108.16000366210938,108.16000366210938,107.6449966430664,107.69999694824219,10429,0.0,0.0
2024-10-11 09:33:00-04:00,107.69000244140625,108.4800033569336,107.47000122070312,108.3499984741211,16626,0.0,0.0
2024-10-11 09:34:00-04:00,108.30999755859375,109.7699966430664,108.28099822998047,109.02999877929688,110133,0.0,0.0
2024-10-11 09:35:00-04:00,108.96260070800781,109.11000061035156,108.87999725341797,109.02649688720703,14386,0.0,0.0
2024-10-11 09:36:00-04:00,109.08000183105469,109.47000122070312,109.0,109.05999755859375,45510,0.0,0.0
2024-10-11 09:37:00-04:00,109.05999755859375,109.44560241699219,108.91999816894531,109.30000305175781,44138,0.0,0.0
2024-10-11 09:38:00-04:00,109.29499816894531,109.33499908447266,108.63999938964844,108.9000015258789,20545,0.0,0.0
2024-10-11 09:39:00-04:00,108.8949966430664,109.05999755859375,108.88999938964844,109.05999755859375,11731,0.0,0.0
2024-10-11 09:40:00-04:00,109.05000305175781,109.20999908447266,108.91000366210938,109.18000030517578,11019,0.0,0.0
2024-10-11 09:41:00-04:00,109.16000366210938,109.62999725341797,109.15499877929688,109.51000213623047,25267,0.0,0.0
2024-10-11 09:42:00-04:00,109.5199966430664,109.54499816894531,108.91000366210938,109.01000213623047,37969,0.0,0.0
2024-10-11 09:43:00-04:00,109.0250015258789,109.43000030517578,109.0250015258789,109.33000183105469,22273,0.0,0.0
2024-10-11 09:44:00-04:00,109.33000183105469,109.4800033569336,109.19999694824219,109.28500366210938,24953,0.0,0.0
2024-10-11 09:45:00-04:00,109.33999633789062,109.53959655761719,109.29499816894531,109.53959655761719,19200,0.0,0.0
2024-10-11 09:46:00-04:00,109.48999786376953,109.58999633789062,109.41000366210938,109.4635009765625,17819,0.0,0.0
2024-10-11 09:47:00-04:00,109.37000274658203,109.54000091552734,109.20999908447266,109.51750183105469,18523,0.0,0.0
2024-10-11 09:48:00-04:00,109.51000213623047,109.71029663085938,109.5,109.6449966430664,11420,0.0,0.0
2024-10-11 09:49:00-04:00,109.5999984741211,109.97000122070312,109.5999984741211,109.9000015258789,53686,0.0,0.0
2024-10-11 09:50:00-04:00,109.87999725341797,110.26000213623047,109.80000305175781,110.08000183105469,160249,0.0,0.0
2024-10-11 09:51:00-04:00,110.11000061035156,110.48989868164062,110.11000061035156,110.43000030517578,43108,0.0,0.0
2024-10-11 09:52:00-04:00,110.43499755859375,110.74400329589844,110.33999633789062,110.62000274658203,26697,0.0,0.0
2024-10-11 09:53:00-04:00,110.63999938964844,110.6500015258789,110.43000030517578,110.48210144042969,19128,0.0,0.0
2024-10-11 09:54:00-04:00,110.49079895019531,110.6500015258789,110.28569793701172,110.28790283203125,13476,0.0,0.0
2024-10-11 09:55:00-04:00,110.33999633789062,110.47000122070312,110.23999786376953,110.3499984741211,21779,0.0,0.0
2024-10-11 09:56:00-04:00,110.33999633789062,110.44000244140625,110.12000274658203,110.16500091552734,26149,0.0,0.0
2024-10-11 09:57:00-04:00,110.15499877929688,110.23930358886719,109.80010223388672,109.87000274658203,24782,0.0,0.0
2024-10-11 09:58:00-04:00,109.87000274658203,109.9000015258789,109.5199966430664,109.53500366210938,42218,0.0,0.0
2024-10-11 09:59:00-04:00,109.61000061035156,109.625,109.1500015258789,109.1500015258789,29748,0.0,0.0
2024-10-11 10:00:00-04:00,109.19719696044922,109.29499816894531,109.0,109.12999725341797,27065,0.0,0.0
2024-10-11 10:01:00-04:00,109.11000061035156,109.26000213623047,109.05999755859375,109.11499786376953,40004,0.0,0.0
2024-10-11 10:02:00-04:00,109.18000030517578,109.37999725341797,109.0199966430664,109.02999877929688,26357,0.0,0.0
2024-10-11 10:03:00-04:00,109.0199966430664,109.2052993774414,108.79000091552734,109.18000030517578,50753,0.0,0.0
2024-10-11 10:04:00-04:00,109.17500305175781,109.31999969482422,109.08000183105469,109.26290130615234,11335,0.0,0.0
2024-10-11 10:05:00-04:00,109.30999755859375,109.43000030517578,109.19999694824219,109.43000030517578,7644,0.0,0.0
2024-10-11 10:06:00-04:00,109.41000366210938,109.46299743652344,109.25,109.43499755859375,9226,0.0,0.0
2024-10-11 10:07:00-04:00,109.40010070800781,109.44999694824219,109.30000305175781,109.44499969482422,21310,0.0,0.0
2024-10-11 10:08:00-04:00,109.37999725341797,109.63999938964844,109.3499984741211,109.63999938964844,20611,0.0,0.0
2024-10-11 10:09:00-04:00,109.58000183105469,110.0,109.58000183105469,109.95359802246094,27231,0.0,0.0
2024-10-11 10:10:00-04:00,109.9999008178711,109.9999008178711,109.61009979248047,109.69999694824219,22266,0.0,0.0
2024-10-11 10:11:00-04:00,109.75,109.79499816894531,109.5,109.67500305175781,14892,0.0,0.0
2024-10-11 10:12:00-04:00,109.66999816894531,109.9000015258789,109.66999816894531,109.8949966430664,14331,0.0,0.0
2024-10-11 10:13:00-04:00,109.8949966430664,109.94989776611328,109.83999633789062,109.90499877929688,4914,0.0,0.0
2024-10-11 10:14:00-04:00,109.9354019165039,109.9800033569336,109.79000091552734,109.80999755859375,20688,0.0,0.0
2024-10-11 10:15:00-04:00,109.79000091552734,109.8499984741211,109.70999908447266,109.79000091552734,10191,0.0,0.0
2024-10-11 10:16:00-04:00,109.7300033569336,109.87000274658203,109.69000244140625,109.69000244140625,9689,0.0,0.0
2024-10-11 10:17:00-04:00,109.77999877929688,109.87000274658203,109.73999786376953,109.78089141845703,6684,0.0,0.0
2024-10-11 10:18:00-04:00,109.80000305175781,109.91999816894531,109.75,109.79350280761719,14136,0.0,0.0
2024-10-11 10:19:00-04:00,109.79499816894531,109.9800033569336,109.79499816894531,109.90570068359375,8710,0.0,0.0
2024-10-11 10:20:00-04:00,109.98999786376953,110.05000305175781,109.80000305175781,109.81500244140625,14324,0.0,0.0
2024-10-11 10:21:00-04:00,109.8594970703125,109.9800033569336,109.80999755859375,109.80999755859375,14528,0.0,0.0
2024-10-11 10:22:00-04:00,109.87000274658203,109.98999786376953,109.82499694824219,109.94000244140625,18122,0.0,0.0
2024-10-11 10:23:00-04:00,109.92500305175781,110.00499725341797,109.9000015258789,109.93009948730469,8539,0.0,0.0
2024-10-11 10:24:00-04:00,109.98999786376953,110.03900146484375,109.9000015258789,110.03900146484375,7252,0.0,0.0
2024-10-11 10:25:00-04:00,110.04000091552734,110.11000061035156,109.9000015258789,110.11000061035156,18095,0.0,0.0
2024-10-11 10:26:00-04:00,110.12870025634766,110.18000030517578,110.08000183105469,110.08000183105469,4536,0.0,0.0
2024-10-11 10:27:00-04:00,110.16999816894531,110.27989959716797,109.9800033569336,110.19999694824219,18181,0.0,0.0
2024-10-11 10:28:00-04:00,110.15750122070312,110.2699966430664,110.13999938964844,110.1593017578125,28171,0.0,0.0
2024-10-11 10:29:00-04:00,110.16500091552734,110.18000030517578,109.66500091552734,109.66999816894531,21712,0.0,0.0
2024-10-11 10:30:00-04:00,109.62999725341797,109.95989990234375,109.62999725341797,109.93000030517578,21237,0.0,0.0
2024-10-11 10:31:00-04:00,109.88999938964844,109.95999908447266,109.75,109.80000305175781,18528,0.0,0.0
2024-10-11 10:32:00-04:00,109.87000274658203,109.98989868164062,109.75,109.80000305175781,26509,0.0,0.0
2024-10-11 10:33:00-04:00,109.80500030517578,109.80500030517578,109.56999969482422,109.62999725341797,7742,0.0,0.0
2024-10-11 10:34:00-04:00,109.68000030517578,109.76000213623047,109.62999725341797,109.68499755859375,16692,0.0,0.0
2024-10-11 10:35:00-04:00,109.72090148925781,109.83000183105469,109.63999938964844,109.75,34829,0.0,0.0
2024-10-11 10:36:00-04:00,109.72000122070312,109.80000305175781,109.66000366210938,109.71499633789062,17027,0.0,0.0
2024-10-11 10:37:00-04:00,109.71499633789062,109.72000122070312,109.63999938964844,109.66000366210938,23306,0.0,0.0
2024-10-11 10:38:00-04:00,109.6500015258789,109.88999938964844,109.63999938964844,109.88999938964844,39734,0.0,0.0
2024-10-11 10:39:00-04:00,109.91999816894531,109.94599914550781,109.80999755859375,109.83000183105469,11364,0.0,0.0
2024-10-11 10:40:00-04:00,109.8363037109375,109.88601684570312,109.70999908447266,109.75,20615,0.0,0.0
2024-10-11 10:41:00-04:00,109.75,109.7699966430664,109.61000061035156,109.63999938964844,15033,0.0,0.0
2024-10-11 10:42:00-04:00,109.61720275878906,109.77999877929688,109.61720275878906,109.71499633789062,14681,0.0,0.0
2024-10-11 10:43:00-04:00,109.71499633789062,109.71499633789062,109.55999755859375,109.62999725341797,12780,0.0,0.0
2024-10-11 10:44:00-04:00,109.63400268554688,109.63400268554688,109.55010223388672,109.5999984741211,13227,0.0,0.0
2024-10-11 10:45:00-04:00,109.62999725341797,109.68000030517578,109.54499816894531,109.6500015258789,10599,0.0,0.0
2024-10-11 10:46:00-04:00,109.6500015258789,109.98999786376953,109.5999984741211,109.92500305175781,17466,0.0,0.0
2024-10-11 10:47:00-04:00,109.95999908447266,109.9800033569336,109.68000030517578,109.68000030517578,16254,0.0,0.0
2024-10-11 10:48:00-04:00,109.66999816894531,109.68000030517578,109.5999984741211,109.66000366210938,6988,0.0,0.0
2024-10-11 10:49:00-04:00,109.69000244140625,109.93000030517578,109.69000244140625,109.93000030517578,10949,0.0,0.0
2024-10-11 10:50:00-04:00,109.9281997680664,110.05999755859375,109.90499877929688,110.05999755859375,15652,0.0,0.0
2024-10-11 10:51:00-04:00,110.06999969482422,110.12000274658203,109.91000366210938,109.93000030517578,17511,0.0,0.0
2024-10-11 10:52:00-04:00,109.94999694824219,109.9990005493164,109.84500122070312,109.98500061035156,6760,0.0,0.0
2024-10-11 10:53:00-04:00,110.0,110.12000274658203,109.98999786376953,110.12000274658203,9702,0.0,0.0
2024-10-11 10:54:00-04:00,110.11499786376953,110.13999938964844,109.97360229492188,110.0199966430664,12732,0.0,0.0
2024-10-11 10:55:00-04:00,110.01599884033203,110.29000091552734,110.01499938964844,110.26000213623047,13967,0.0,0.0
2024-10-11 10:56:00-04:00,110.26000213623047,110.54000091552734,110.2300033569336,110.37999725341797,45738,0.0,0.0
2024-10-11 10:57:00-04:00,110.40499877929688,110.56999969482422,110.3949966430664,110.54499816894531,10346,0.0,0.0
2024-10-11 10:58:00-04:00,110.55439758300781,110.55439758300781,110.32009887695312,110.32510375976562,21171,0.0,0.0
2024-10-11 10:59:00-04:00,110.37000274658203,110.37999725341797,110.12999725341797,110.1500015258789,28130,0.0,0.0
2024-10-11 11:00:00-04:00,110.1500015258789,110.2300033569336,110.08999633789062,110.2239990234375,13433,0.0,0.0
2024-10-11 11:01:00-04:00,110.20999908447266,110.30999755859375,110.08999633789062,110.30999755859375,14254,0.0,0.0
2024-10-11 11:02:00-04:00,110.30000305175781,110.54000091552734,110.30000305175781,110.54000091552734,9595,0.0,0.0
2024-10-11 11:03:00-04:00,110.5199966430664,110.54199981689453,110.47000122070312,110.5199966430664,10067,0.0,0.0
2024-10-11 11:04:00-04:00,110.5250015258789,110.5999984741211,110.4800033569336,110.4800033569336,20083,0.0,0.0
2024-10-11 11:05:00-04:00,110.4800033569336,110.4800033569336,110.34500122070312,110.38500213623047,30860,0.0,0.0
2024-10-11 11:06:00-04:00,110.37000274658203,110.37000274658203,110.2300033569336,110.2300033569336,9655,0.0,0.0
2024-10-11 11:07:00-04:00,110.23999786376953,110.26000213623047,109.9749984741211,110.0,19796,0.0,0.0
2024-10-11 11:08:00-04:00,110.0,110.19000244140625,109.9800033569336,110.10099792480469,26645,0.0,0.0
2024-10-11 11:09:00-04:00,110.11000061035156,110.11499786376953,109.95999908447266,109.97000122070312,14288,0.0,0.0
2024-10-11 11:10:00-04:00,109.97000122070312,110.08499908447266,109.95999908447266,109.9800033569336,90730,0.0,0.0
2024-10-11 11:11:00-04:00,109.9800033569336,110.05000305175781,109.93000030517578,110.01499938964844,45307,0.0,0.0
2024-10-11 11:12:00-04:00,109.98999786376953,110.24500274658203,109.9800033569336,110.19999694824219,139176,0.0,0.0
2024-10-11 11:13:00-04:00,110.19999694824219,110.33999633789062,110.13500213623047,110.30500030517578,7467,0.0,0.0
2024-10-11 11:14:00-04:00,110.30000305175781,110.30000305175781,110.22000122070312,110.27999877929688,9612,0.0,0.0
2024-10-11 11:15:00-04:00,110.27999877929688,110.27999877929688,110.08999633789062,110.1500015258789,6654,0.0,0.0
2024-10-11 11:16:00-04:00,110.08000183105469,110.1500015258789,109.94999694824219,110.08999633789062,10301,0.0,0.0
2024-10-11 11:17:00-04:00,110.12000274658203,110.19499969482422,110.11000061035156,110.1500015258789,4462,0.0,0.0
2024-10-11 11:18:00-04:00,110.1500015258789,110.1500015258789,109.94999694824219,109.95999908447266,11652,0.0,0.0
2024-10-11 11:19:00-04:00,109.95999908447266,110.04000091552734,109.94000244140625,109.95999908447266,9262,0.0,0.0
2024-10-11 11:20:00-04:00,109.94999694824219,110.08999633789062,109.91999816894531,110.08000183105469,9926,0.0,0.0
2024-10-11 11:21:00-04:00,110.08999633789062,110.13999938964844,110.04000091552734,110.12000274658203,14462,0.0,0.0
2024-10-11 11:22:00-04:00,110.0999984741211,110.11000061035156,109.9800033569336,110.05000305175781,12379,0.0,0.0
2024-10-11 11:23:00-04:00,110.05500030517578,110.16500091552734,110.0199966430664,110.12999725341797,5692,0.0,0.0
2024-10-11 11:24:00-04:00,110.11000061035156,110.15989685058594,110.04000091552734,110.09500122070312,9393,0.0,0.0
2024-10-11 11:25:00-04:00,110.12000274658203,110.16500091552734,110.08000183105469,110.15750122070312,6834,0.0,0.0
2024-10-11 11:26:00-04:00,110.13500213623047,110.16999816894531,110.11000061035156,110.1500015258789,5208,0.0,0.0
2024-10-11 11:27:00-04:00,110.12999725341797,110.34500122070312,110.11000061035156,110.34500122070312,9711,0.0,0.0
2024-10-11 11:28:00-04:00,110.34500122070312,110.3499984741211,110.16999816894531,110.3499984741211,10745,0.0,0.0
2024-10-11 11:29:00-04:00,110.34140014648438,110.36000061035156,110.19999694824219,110.2300033569336,10087,0.0,0.0
2024-10-11 11:30:00-04:00,110.23500061035156,110.27999877929688,110.19000244140625,110.25499725341797,4944,0.0,0.0
2024-10-11 11:31:00-04:00,110.2300033569336,110.27999877929688,110.19000244140625,110.21499633789062,6149,0.0,0.0
2024-10-11 11:32:00-04:00,110.22000122070312,110.26000213623047,110.18000030517578,110.18000030517578,8260,0.0,0.0
2024-10-11 11:33:00-04:00,110.19999694824219,110.2698974609375,110.16000366210938,110.19999694824219,14940,0.0,0.0
2024-10-11 11:34:00-04:00,110.20999908447266,110.22000122070312,110.1500015258789,110.18000030517578,16896,0.0,0.0
2024-10-11 11:35:00-04:00,110.19000244140625,110.19999694824219,110.16000366210938,110.16999816894531,6041,0.0,0.0
2024-10-11 11:36:00-04:00,110.16500091552734,110.16500091552734,110.0,110.0999984741211,14129,0.0,0.0
2024-10-11 11:37:00-04:00,110.16000366210938,110.33000183105469,110.16000366210938,110.2699966430664,13553,0.0,0.0
2024-10-11 11:38:00-04:00,110.26000213623047,110.26000213623047,110.11000061035156,110.11000061035156,9157,0.0,0.0
2024-10-11 11:39:00-04:00,110.12000274658203,110.25,110.12000274658203,110.19000244140625,4864,0.0,0.0
2024-10-11 11:40:00-04:00,110.21859741210938,110.21859741210938,110.13999938964844,110.19999694824219,8108,0.0,0.0
2024-10-11 11:41:00-04:00,110.22000122070312,110.2300033569336,110.13999938964844,110.20500183105469,6789,0.0,0.0
2024-10-11 11:42:00-04:00,110.19000244140625,110.2300033569336,110.19000244140625,110.20500183105469,6247,0.0,0.0
2024-10-11 11:43:00-04:00,110.19000244140625,110.20999908447266,110.0999984741211,110.0999984741211,12595,0.0,0.0
2024-10-11 11:44:00-04:00,110.1050033569336,110.1050033569336,110.05000305175781,110.08999633789062,6614,0.0,0.0
2024-10-11 11:45:00-04:00,110.05999755859375,110.30999755859375,110.0199966430664,110.30999755859375,14538,0.0,0.0
2024-10-11 11:46:00-04:00,110.29499816894531,110.30000305175781,110.2249984741211,110.23999786376953,8751,0.0,0.0
2024-10-11 11:47:00-04:00,110.24320220947266,110.30999755859375,110.1500015258789,110.1500015258789,10241,0.0,0.0
2024-10-11 11:48:00-04:00,110.12999725341797,110.2300033569336,110.11000061035156,110.18499755859375,6875,0.0,0.0
2024-10-11 11:49:00-04:00,110.18499755859375,110.25,110.18499755859375,110.25,14298,0.0,0.0
2024-10-11 11:50:00-04:00,110.23500061035156,110.3499984741211,110.23500061035156,110.3499984741211,20914,0.0,0.0
2024-10-11 11:51:00-04:00,110.3499984741211,110.4000015258789,110.31999969482422,110.38999938964844,8696,0.0,0.0
2024-10-11 11:52:00-04:00,110.40249633789062,110.40249633789062,110.31999969482422,110.37000274658203,4990,0.0,0.0
2024-10-11 11:53:00-04:00,110.36000061035156,110.41000366210938,110.27999877929688,110.32499694824219,10737,0.0,0.0
2024-10-11 11:54:00-04:00,110.3499984741211,110.41000366210938,110.31999969482422,110.36219787597656,6643,0.0,0.0
2024-10-11 11:55:00-04:00,110.33999633789062,110.4375,110.31999969482422,110.42630004882812,16511,0.0,0.0
2024-10-11 11:56:00-04:00,110.43000030517578,110.5,110.41500091552734,110.4800033569336,18605,0.0,0.0
2024-10-11 11:57:00-04:00,110.48999786376953,110.55000305175781,110.375,110.46499633789062,33749,0.0,0.0
2024-10-11 11:58:00-04:00,110.56500244140625,110.56500244140625,110.47000122070312,110.4800033569336,7001,0.0,0.0
2024-10-11 11:59:00-04:00,110.48999786376953,110.51000213623047,110.45999908447266,110.48999786376953,10560,0.0,0.0
2024-10-11 12:00:00-04:00,110.45999908447266,110.4800033569336,110.41000366210938,110.45500183105469,11272,0.0,0.0
2024-10-11 12:01:00-04:00,110.45500183105469,110.51000213623047,110.3499984741211,110.44000244140625,33489,0.0,0.0
2024-10-11 12:02:00-04:00,110.4000015258789,110.4625015258789,110.37000274658203,110.41999816894531,5145,0.0,0.0
2024-10-11 12:03:00-04:00,110.4000015258789,110.44999694824219,110.31999969482422,110.44999694824219,9145,0.0,0.0
2024-10-11 12:04:00-04:00,110.44999694824219,110.45999908447266,110.34010314941406,110.34010314941406,6799,0.0,0.0
2024-10-11 12:05:00-04:00,110.375,110.4000015258789,110.33999633789062,110.4000015258789,3915,0.0,0.0
2024-10-11 12:06:00-04:00,110.40499877929688,110.47000122070312,110.40499877929688,110.47000122070312,16741,0.0,0.0
2024-10-11 12:07:00-04:00,110.45999908447266,110.55000305175781,110.43000030517578,110.53500366210938,13042,0.0,0.0
2024-10-11 12:08:00-04:00,110.54000091552734,110.54000091552734,110.48999786376953,110.5,13654,0.0,0.0
2024-10-11 12:09:00-04:00,110.48999786376953,110.51000213623047,110.44999694824219,110.5,32442,0.0,0.0
2024-10-11 12:10:00-04:00,110.5199966430664,110.58999633789062,110.43000030517578,110.46089935302734,15001,0.0,0.0
2024-10-11 12:11:00-04:00,110.44999694824219,110.54000091552734,110.41020202636719,110.49109649658203,20864,0.0,0.0
2024-10-11 12:12:00-04:00,110.45999908447266,110.5,110.37000274658203,110.38999938964844,13401,0.0,0.0
2024-10-11 12:13:00-04:00,110.37000274658203,110.37000274658203,110.1500015258789,110.20999908447266,25102,0.0,0.0
2024-10-11 12:14:00-04:00,110.19000244140625,110.2699966430664,110.16000366210938,110.22000122070312,17529,0.0,0.0
2024-10-11 12:15:00-04:00,110.20500183105469,110.23999786376953,110.08999633789062,110.13999938964844,22385,0.0,0.0
2024-10-11 12:16:00-04:00,110.13999938964844,110.23999786376953,110.12000274658203,110.20999908447266,15894,0.0,0.0
2024-10-11 12:17:00-04:00,110.20999908447266,110.22239685058594,110.16000366210938,110.19000244140625,24422,0.0,0.0
2024-10-11 12:18:00-04:00,110.19499969482422,110.19499969482422,110.0999984741211,110.11000061035156,20010,0.0,0.0
2024-10-11 12:19:00-04:00,110.0999984741211,110.12000274658203,109.99500274658203,110.04000091552734,18535,0.0,0.0
2024-10-11 12:20:00-04:00,110.0199966430664,110.0199966430664,109.95999908447266,109.95999908447266,4872,0.0,0.0
2024-10-11 12:21:00-04:00,109.94999694824219,110.0,109.91999816894531,109.95500183105469,13412,0.0,0.0
2024-10-11 12:22:00-04:00,109.95999908447266,110.0,109.94000244140625,109.9999008178711,16193,0.0,0.0
2024-10-11 12:23:00-04:00,109.98999786376953,109.99500274658203,109.91999816894531,109.91999816894531,4874,0.0,0.0
2024-10-11 12:24:00-04:00,109.9000015258789,109.91000366210938,109.83000183105469,109.83000183105469,7109,0.0,0.0
2024-10-11 12:25:00-04:00,109.8499984741211,109.8949966430664,109.80000305175781,109.83000183105469,8197,0.0,0.0
2024-10-11 12:26:00-04:00,109.80999755859375,109.86499786376953,109.79000091552734,109.80000305175781,10857,0.0,0.0
2024-10-11 12:27:00-04:00,109.79499816894531,109.79499816894531,109.66999816894531,109.7300033569336,11469,0.0,0.0
2024-10-11 12:28:00-04:00,109.70999908447266,109.73999786376953,109.67369842529297,109.7249984741211,8004,0.0,0.0
2024-10-11 12:29:00-04:00,109.7300033569336,109.80000305175781,109.7300033569336,109.76000213623047,11308,0.0,0.0
2024-10-11 12:30:00-04:00,109.73999786376953,109.74500274658203,109.63999938964844,109.66999816894531,9886,0.0,0.0
2024-10-11 12:31:00-04:00,109.68000030517578,109.76000213623047,109.625,109.70999908447266,11122,0.0,0.0
2024-10-11 12:32:00-04:00,109.7300033569336,109.76000213623047,109.66999816894531,109.68000030517578,13045,0.0,0.0
2024-10-11 12:33:00-04:00,109.66999816894531,109.70950317382812,109.66000366210938,109.69000244140625,14032,0.0,0.0
2024-10-11 12:34:00-04:00,109.68000030517578,109.69000244140625,109.56999969482422,109.57499694824219,13849,0.0,0.0
2024-10-11 12:35:00-04:00,109.56999969482422,109.61000061035156,109.55999755859375,109.56999969482422,10405,0.0,0.0
2024-10-11 12:36:00-04:00,109.55999755859375,109.68000030517578,109.55000305175781,109.65630340576172,9334,0.0,0.0
2024-10-11 12:37:00-04:00,109.69000244140625,109.7750015258789,109.69000244140625,109.72000122070312,4357,0.0,0.0
2024-10-11 12:38:00-04:00,109.72000122070312,109.81990051269531,109.6500015258789,109.80000305175781,19153,0.0,0.0
2024-10-11 12:39:00-04:00,109.76010131835938,109.80999755859375,109.70999908447266,109.72799682617188,9535,0.0,0.0
2024-10-11 12:40:00-04:00,109.72000122070312,109.72000122070312,109.68000030517578,109.70500183105469,6001,0.0,0.0
2024-10-11 12:41:00-04:00,109.66999816894531,109.70960235595703,109.6449966430664,109.65750122070312,2812,0.0,0.0
2024-10-11 12:42:00-04:00,109.66999816894531,109.77989959716797,109.66999816894531,109.7699966430664,6979,0.0,0.0
2024-10-11 12:43:00-04:00,109.73999786376953,109.73999786376953,109.66010284423828,109.66010284423828,3433,0.0,0.0
2024-10-11 12:44:00-04:00,109.66999816894531,109.68000030517578,109.58000183105469,109.68000030517578,10393,0.0,0.0
2024-10-11 12:45:00-04:00,109.66999816894531,109.66999816894531,109.62000274658203,109.62000274658203,2803,0.0,0.0
2024-10-11 12:46:00-04:00,109.62000274658203,109.66999816894531,109.62000274658203,109.64969635009766,3944,0.0,0.0
2024-10-11 12:47:00-04:00,109.63500213623047,109.63500213623047,109.58999633789062,109.6050033569336,7006,0.0,0.0
2024-10-11 12:48:00-04:00,109.58999633789062,109.61000061035156,109.5199966430664,109.56999969482422,5647,0.0,0.0
2024-10-11 12:49:00-04:00,109.58000183105469,109.6449966430664,109.52999877929688,109.6449966430664,9436,0.0,0.0
2024-10-11 12:50:00-04:00,109.6500015258789,109.70999908447266,109.62000274658203,109.625,5713,0.0,0.0
2024-10-11 12:51:00-04:00,109.63999938964844,109.66500091552734,109.63999938964844,109.65499877929688,2850,0.0,0.0
2024-10-11 12:52:00-04:00,109.6500015258789,109.73999786376953,109.6500015258789,109.7300033569336,5832,0.0,0.0
2024-10-11 12:53:00-04:00,109.72000122070312,109.76499938964844,109.63999938964844,109.66999816894531,10293,0.0,0.0
2024-10-11 12:54:00-04:00,109.68000030517578,109.70989990234375,109.55999755859375,109.6449966430664,10402,0.0,0.0
2024-10-11 12:55:00-04:00,109.62999725341797,109.69000244140625,109.62999725341797,109.69000244140625,3514,0.0,0.0
2024-10-11 12:56:00-04:00,109.66000366210938,109.7249984741211,109.66000366210938,109.67500305175781,5648,0.0,0.0
2024-10-11 12:57:00-04:00,109.69000244140625,109.7249984741211,109.63999938964844,109.68000030517578,6340,0.0,0.0
2024-10-11 12:58:00-04:00,109.70850372314453,109.80000305175781,109.69499969482422,109.80000305175781,3152,0.0,0.0
2024-10-11 12:59:00-04:00,109.79000091552734,109.80999755859375,109.77999877929688,109.80000305175781,5596,0.0,0.0
2024-10-11 13:00:00-04:00,109.81999969482422,109.83000183105469,109.79000091552734,109.79000091552734,7499,0.0,0.0
2024-10-11 13:01:00-04:00,109.80999755859375,109.80999755859375,109.77999877929688,109.79000091552734,5645,0.0,0.0
2024-10-11 13:02:00-04:00,109.80500030517578,109.80500030517578,109.77999877929688,109.80400085449219,8708,0.0,0.0
2024-10-11 13:03:00-04:00,109.80000305175781,109.80999755859375,109.73999786376953,109.75,7052,0.0,0.0
2024-10-11 13:04:00-04:00,109.75,109.7699966430664,109.75,109.76499938964844,4012,0.0,0.0
2024-10-11 13:05:00-04:00,109.76000213623047,109.76000213623047,109.69000244140625,109.70999908447266,6400,0.0,0.0
2024-10-11 13:06:00-04:00,109.70999908447266,109.73999786376953,109.69999694824219,109.69999694824219,4239,0.0,0.0
2024-10-11 13:07:00-04:00,109.69000244140625,109.69999694824219,109.66500091552734,109.69000244140625,4701,0.0,0.0
2024-10-11 13:08:00-04:00,109.69499969482422,109.7699966430664,109.69499969482422,109.7300033569336,5028,0.0,0.0
2024-10-11 13:09:00-04:00,109.74500274658203,109.76000213623047,109.74500274658203,109.76000213623047,2026,0.0,0.0
2024-10-11 13:10:00-04:00,109.79000091552734,109.79000091552734,109.73999786376953,109.7750015258789,6002,0.0,0.0
2024-10-11 13:11:00-04:00,109.77999877929688,109.79000091552734,109.72000122070312,109.73149871826172,5767,0.0,0.0
2024-10-11 13:12:00-04:00,109.73500061035156,109.80000305175781,109.69999694824219,109.77999877929688,6744,0.0,0.0
2024-10-11 13:13:00-04:00,109.80500030517578,109.83999633789062,109.80000305175781,109.83999633789062,5778,0.0,0.0
2024-10-11 13:14:00-04:00,109.83000183105469,109.9000015258789,109.81999969482422,109.87999725341797,5574,0.0,0.0
2024-10-11 13:15:00-04:00,109.87999725341797,109.91500091552734,109.87999725341797,109.9094009399414,9862,0.0,0.0
2024-10-11 13:16:00-04:00,109.91000366210938,109.95999908447266,109.91000366210938,109.95999908447266,3997,0.0,0.0
2024-10-11 13:17:00-04:00,109.96499633789062,110.08000183105469,109.95999908447266,110.06999969482422,39418,0.0,0.0
2024-10-11 13:18:00-04:00,110.05000305175781,110.18000030517578,110.05000305175781,110.18000030517578,12942,0.0,0.0
2024-10-11 13:19:00-04:00,110.16999816894531,110.24749755859375,110.12000274658203,110.24749755859375,12069,0.0,0.0
2024-10-11 13:20:00-04:00,110.29000091552734,110.37000274658203,110.29000091552734,110.37000274658203,19089,0.0,0.0
2024-10-11 13:21:00-04:00,110.37000274658203,110.37000274658203,110.29000091552734,110.33000183105469,7432,0.0,0.0
2024-10-11 13:22:00-04:00,110.29000091552734,110.30999755859375,110.2750015258789,110.30000305175781,1925,0.0,0.0
2024-10-11 13:23:00-04:00,110.30500030517578,110.3499984741211,110.26000213623047,110.3499984741211,6303,0.0,0.0
2024-10-11 13:24:00-04:00,110.36000061035156,110.42849731445312,110.3499984741211,110.41999816894531,5350,0.0,0.0
2024-10-11 13:25:00-04:00,110.44000244140625,110.46099853515625,110.37000274658203,110.38500213623047,14522,0.0,0.0
2024-10-11 13:26:00-04:00,110.37999725341797,110.41999816894531,110.37999725341797,110.37999725341797,14426,0.0,0.0
2024-10-11 13:27:00-04:00,110.37000274658203,110.37000274658203,110.31999969482422,110.36000061035156,3608,0.0,0.0
2024-10-11 13:28:00-04:00,110.3550033569336,110.37000274658203,110.31500244140625,110.31500244140625,6300,0.0,0.0
2024-10-11 13:29:00-04:00,110.33000183105469,110.3550033569336,110.28500366210938,110.28500366210938,4102,0.0,0.0
2024-10-11 13:30:00-04:00,110.29000091552734,110.32499694824219,110.25499725341797,110.29000091552734,5211,0.0,0.0
2024-10-11 13:31:00-04:00,110.26499938964844,110.29000091552734,110.23999786376953,110.29000091552734,3421,0.0,0.0
2024-10-11 13:32:00-04:00,110.28500366210938,110.28500366210938,110.16000366210938,110.16000366210938,18743,0.0,0.0
2024-10-11 13:33:00-04:00,110.1500015258789,110.22000122070312,110.12999725341797,110.22000122070312,14527,0.0,0.0
2024-10-11 13:34:00-04:00,110.20500183105469,110.25,110.20500183105469,110.25,3029,0.0,0.0
2024-10-11 13:35:00-04:00,110.25,110.33000183105469,110.25,110.2750015258789,5314,0.0,0.0
2024-10-11 13:36:00-04:00,110.30000305175781,110.33000183105469,110.30000305175781,110.33000183105469,6250,0.0,0.0
2024-10-11 13:37:00-04:00,110.3499984741211,110.45999908447266,110.3499984741211,110.43000030517578,15046,0.0,0.0
2024-10-11 13:38:00-04:00,110.44999694824219,110.45500183105469,110.36000061035156,110.4000015258789,5730,0.0,0.0
2024-10-11 13:39:00-04:00,110.3949966430664,110.43000030517578,110.38999938964844,110.43000030517578,3898,0.0,0.0
2024-10-11 13:40:00-04:00,110.4000015258789,110.45999908447266,110.4000015258789,110.45999908447266,2789,0.0,0.0
2024-10-11 13:41:00-04:00,110.44999694824219,110.4800033569336,110.42530059814453,110.44999694824219,6973,0.0,0.0
2024-10-11 13:42:00-04:00,110.45500183105469,110.48819732666016,110.4000015258789,110.43000030517578,14056,0.0,0.0
2024-10-11 13:43:00-04:00,110.44000244140625,110.44999694824219,110.41000366210938,110.44999694824219,3750,0.0,0.0
2024-10-11 13:44:00-04:00,110.43499755859375,110.54000091552734,110.43499755859375,110.5199966430664,7079,0.0,0.0
2024-10-11 13:45:00-04:00,110.51000213623047,110.5199966430664,110.47000122070312,110.47000122070312,3667,0.0,0.0
2024-10-11 13:46:00-04:00,110.48999786376953,110.52999877929688,110.4800033569336,110.51000213623047,10315,0.0,0.0
2024-10-11 13:47:00-04:00,110.51499938964844,110.51499938964844,110.33999633789062,110.4000015258789,21480,0.0,0.0
2024-10-11 13:48:00-04:00,110.41000366210938,110.44999694824219,110.40499877929688,110.43000030517578,13271,0.0,0.0
2024-10-11 13:49:00-04:00,110.44000244140625,110.48200225830078,110.44000244140625,110.4800033569336,6176,0.0,0.0
2024-10-11 13:50:00-04:00,110.4749984741211,110.4749984741211,110.44999694824219,110.45500183105469,1454,0.0,0.0
2024-10-11 13:51:00-04:00,110.44999694824219,110.4800033569336,110.43000030517578,110.43000030517578,3599,0.0,0.0
2024-10-11 13:52:00-04:00,110.47000122070312,110.48999786376953,110.47000122070312,110.4749984741211,3316,0.0,0.0
2024-10-11 13:53:00-04:00,110.48999786376953,110.61000061035156,110.45999908447266,110.58000183105469,17875,0.0,0.0
2024-10-11 13:54:00-04:00,110.58999633789062,110.6500015258789,110.58999633789062,110.61000061035156,21929,0.0,0.0
2024-10-11 13:55:00-04:00,110.61499786376953,110.63999938964844,110.57499694824219,110.57499694824219,7931,0.0,0.0
2024-10-11 13:56:00-04:00,110.5999984741211,110.66999816894531,110.56999969482422,110.66000366210938,9371,0.0,0.0
2024-10-11 13:57:00-04:00,110.66000366210938,110.73999786376953,110.66000366210938,110.73999786376953,9992,0.0,0.0
2024-10-11 13:58:00-04:00,110.76000213623047,110.77999877929688,110.69999694824219,110.76000213623047,12327,0.0,0.0
2024-10-11 13:59:00-04:00,110.7699966430664,110.7699966430664,110.62999725341797,110.64320373535156,7603,0.0,0.0
2024-10-11 14:00:00-04:00,110.63999938964844,110.6500015258789,110.52999877929688,110.64430236816406,11425,0.0,0.0
2024-10-11 14:01:00-04:00,110.61000061035156,110.61000061035156,110.54499816894531,110.58499908447266,1731,0.0,0.0
2024-10-11 14:02:00-04:00,110.58999633789062,110.63999938964844,110.58000183105469,110.59500122070312,4726,0.0,0.0
2024-10-11 14:03:00-04:00,110.58000183105469,110.62999725341797,110.54000091552734,110.62999725341797,5724,0.0,0.0
2024-10-11 14:04:00-04:00,110.58999633789062,110.6500015258789,110.58000183105469,110.5999984741211,4403,0.0,0.0
2024-10-11 14:05:00-04:00,110.62999725341797,110.6500015258789,110.56999969482422,110.56999969482422,2860,0.0,0.0
2024-10-11 14:06:00-04:00,110.58999633789062,110.62999725341797,110.56999969482422,110.5999984741211,7976,0.0,0.0
2024-10-11 14:07:00-04:00,110.62000274658203,110.63999938964844,110.56999969482422,110.5999984741211,2641,0.0,0.0
2024-10-11 14:08:00-04:00,110.62000274658203,110.62000274658203,110.58999633789062,110.58999633789062,2495,0.0,0.0
2024-10-11 14:09:00-04:00,110.5999984741211,110.68000030517578,110.58000183105469,110.68000030517578,7438,0.0,0.0
2024-10-11 14:10:00-04:00,110.68000030517578,110.73999786376953,110.65499877929688,110.65499877929688,6382,0.0,0.0
2024-10-11 14:11:00-04:00,110.66500091552734,110.68000030517578,110.6500015258789,110.66500091552734,3376,0.0,0.0
2024-10-11 14:12:00-04:00,110.68000030517578,110.70500183105469,110.66500091552734,110.70500183105469,3923,0.0,0.0
2024-10-11 14:13:00-04:00,110.70500183105469,110.72000122070312,110.66000366210938,110.69000244140625,5106,0.0,0.0
2024-10-11 14:14:00-04:00,110.69000244140625,110.7300033569336,110.68000030517578,110.68000030517578,4337,0.0,0.0
2024-10-11 14:15:00-04:00,110.7300033569336,110.73999786376953,110.68000030517578,110.7051010131836,4836,0.0,0.0
2024-10-11 14:16:00-04:00,110.69000244140625,110.73999786376953,110.69000244140625,110.73999786376953,3635,0.0,0.0
2024-10-11 14:17:00-04:00,110.7249984741211,110.76000213623047,110.71499633789062,110.7300033569336,5426,0.0,0.0
2024-10-11 14:18:00-04:00,110.73999786376953,110.81999969482422,110.7300033569336,110.81999969482422,16198,0.0,0.0
2024-10-11 14:19:00-04:00,110.81999969482422,110.86000061035156,110.80000305175781,110.8499984741211,9309,0.0,0.0
2024-10-11 14:20:00-04:00,110.86000061035156,110.86000061035156,110.75,110.80999755859375,10018,0.0,0.0
2024-10-11 14:21:00-04:00,110.77999877929688,110.88999938964844,110.77999877929688,110.8499984741211,12391,0.0,0.0
2024-10-11 14:22:00-04:00,110.8499984741211,110.8499984741211,110.77999877929688,110.79570007324219,6808,0.0,0.0
2024-10-11 14:23:00-04:00,110.81289672851562,110.81289672851562,110.70999908447266,110.73999786376953,3810,0.0,0.0
2024-10-11 14:24:00-04:00,110.74500274658203,110.76000213623047,110.7300033569336,110.73509979248047,4423,0.0,0.0
2024-10-11 14:25:00-04:00,110.77999877929688,110.78800201416016,110.72000122070312,110.76000213623047,4890,0.0,0.0
2024-10-11 14:26:00-04:00,110.76000213623047,110.86000061035156,110.7587661743164,110.84030151367188,14472,0.0,0.0
2024-10-11 14:27:00-04:00,110.83000183105469,110.88999938964844,110.80999755859375,110.83000183105469,8939,0.0,0.0
2024-10-11 14:28:00-04:00,110.83999633789062,110.86000061035156,110.81999969482422,110.83000183105469,6073,0.0,0.0
2024-10-11 14:29:00-04:00,110.83999633789062,110.85350036621094,110.80999755859375,110.81999969482422,12036,0.0,0.0
2024-10-11 14:30:00-04:00,110.84500122070312,110.87000274658203,110.83000183105469,110.83000183105469,4865,0.0,0.0
2024-10-11 14:31:00-04:00,110.83999633789062,110.85910034179688,110.73999786376953,110.76000213623047,23950,0.0,0.0
2024-10-11 14:32:00-04:00,110.76000213623047,110.84960174560547,110.76000213623047,110.83999633789062,29953,0.0,0.0
2024-10-11 14:33:00-04:00,110.81999969482422,110.83999633789062,110.7699966430664,110.7699966430664,11233,0.0,0.0
2024-10-11 14:34:00-04:00,110.79000091552734,110.79000091552734,110.67500305175781,110.68399810791016,44477,0.0,0.0
2024-10-11 14:35:00-04:00,110.69999694824219,110.77079772949219,110.69999694824219,110.77079772949219,5838,0.0,0.0
2024-10-11 14:36:00-04:00,110.7300033569336,110.73500061035156,110.58000183105469,110.58000183105469,5784,0.0,0.0
2024-10-11 14:37:00-04:00,110.63999938964844,110.66999816894531,110.61000061035156,110.6343002319336,4907,0.0,0.0
2024-10-11 14:38:00-04:00,110.61000061035156,110.63999938964844,110.44000244140625,110.44499969482422,7551,0.0,0.0
2024-10-11 14:39:00-04:00,110.45999908447266,110.58999633789062,110.44999694824219,110.58999633789062,5782,0.0,0.0
2024-10-11 14:40:00-04:00,110.59500122070312,110.61000061035156,110.56999969482422,110.58499908447266,1934,0.0,0.0
2024-10-11 14:41:00-04:00,110.58499908447266,110.67500305175781,110.56999969482422,110.67500305175781,3286,0.0,0.0
2024-10-11 14:42:00-04:00,110.68000030517578,110.73989868164062,110.6500015258789,110.71759796142578,3318,0.0,0.0
2024-10-11 14:43:00-04:00,110.66000366210938,110.66999816894531,110.61499786376953,110.61499786376953,5921,0.0,0.0
2024-10-11 14:44:00-04:00,110.62999725341797,110.66999816894531,110.62000274658203,110.66000366210938,4583,0.0,0.0
2024-10-11 14:45:00-04:00,110.68000030517578,110.72000122070312,110.66999816894531,110.70999908447266,2912,0.0,0.0
2024-10-11 14:46:00-04:00,110.70500183105469,110.73829650878906,110.68009948730469,110.70999908447266,7539,0.0,0.0
2024-10-11 14:47:00-04:00,110.72000122070312,110.75,110.68000030517578,110.68000030517578,4879,0.0,0.0
2024-10-11 14:48:00-04:00,110.69319915771484,110.7300033569336,110.66999816894531,110.7249984741211,7620,0.0,0.0
2024-10-11 14:49:00-04:00,110.69999694824219,110.7249984741211,110.69000244140625,110.71499633789062,3353,0.0,0.0
2024-10-11 14:50:00-04:00,110.7228012084961,110.7228012084961,110.62000274658203,110.66999816894531,6293,0.0,0.0
2024-10-11 14:51:00-04:00,110.6500015258789,110.66999816894531,110.62999725341797,110.66000366210938,4072,0.0,0.0
2024-10-11 14:52:00-04:00,110.66999816894531,110.69000244140625,110.66999816894531,110.66999816894531,1682,0.0,0.0
2024-10-11 14:53:00-04:00,110.66999816894531,110.75,110.66500091552734,110.75,32583,0.0,0.0
2024-10-11 14:54:00-04:00,110.73999786376953,110.76000213623047,110.69999694824219,110.69999694824219,31483,0.0,0.0
2024-10-11 14:55:00-04:00,110.69560241699219,110.7300033569336,110.66999816894531,110.69999694824219,40797,0.0,0.0
2024-10-11 14:56:00-04:00,110.69000244140625,110.69000244140625,110.65499877929688,110.68000030517578,5787,0.0,0.0
2024-10-11 14:57:00-04:00,110.68499755859375,110.7300033569336,110.66999816894531,110.71499633789062,9841,0.0,0.0
2024-10-11 14:58:00-04:00,110.72000122070312,110.83999633789062,110.69999694824219,110.81999969482422,57844,0.0,0.0
2024-10-11 14:59:00-04:00,110.81999969482422,110.94000244140625,110.80999755859375,110.91000366210938,11453,0.0,0.0
2024-10-11 15:00:00-04:00,110.93499755859375,111.06999969482422,110.93499755859375,110.94000244140625,37457,0.0,0.0
2024-10-11 15:01:00-04:00,110.92500305175781,111.08000183105469,110.91000366210938,111.08000183105469,12361,0.0,0.0
2024-10-11 15:02:00-04:00,111.08000183105469,111.12999725341797,111.06999969482422,111.0999984741211,23009,0.0,0.0
2024-10-11 15:03:00-04:00,111.12000274658203,111.12000274658203,111.06500244140625,111.08999633789062,8936,0.0,0.0
2024-10-11 15:04:00-04:00,111.0999984741211,111.12999725341797,111.0999984741211,111.12000274658203,8695,0.0,0.0
2024-10-11 15:05:00-04:00,111.12000274658203,111.23999786376953,111.11000061035156,111.22000122070312,15763,0.0,0.0
2024-10-11 15:06:00-04:00,111.24960327148438,111.29000091552734,111.2300033569336,111.2300033569336,25198,0.0,0.0
2024-10-11 15:07:00-04:00,111.20999908447266,111.22000122070312,111.10569763183594,111.21510314941406,5648,0.0,0.0
2024-10-11 15:08:00-04:00,111.22000122070312,111.2300033569336,111.16059875488281,111.1698989868164,7715,0.0,0.0
2024-10-11 15:09:00-04:00,111.16000366210938,111.30000305175781,111.1500015258789,111.24960327148438,8625,0.0,0.0
2024-10-11 15:10:00-04:00,111.25,111.25,111.13999938964844,111.16999816894531,6651,0.0,0.0
2024-10-11 15:11:00-04:00,111.16999816894531,111.20989990234375,111.13999938964844,111.13999938964844,6782,0.0,0.0
2024-10-11 15:12:00-04:00,111.1449966430664,111.16570281982422,111.12999725341797,111.14779663085938,5388,0.0,0.0
2024-10-11 15:13:00-04:00,111.13999938964844,111.1500015258789,111.06999969482422,111.11000061035156,10772,0.0,0.0
2024-10-11 15:14:00-04:00,111.08000183105469,111.12999725341797,111.05999755859375,111.08999633789062,6532,0.0,0.0
2024-10-11 15:15:00-04:00,111.11000061035156,111.12999725341797,111.05000305175781,111.08000183105469,6648,0.0,0.0
2024-10-11 15:16:00-04:00,111.06999969482422,111.0999984741211,111.04000091552734,111.04049682617188,8612,0.0,0.0
2024-10-11 15:17:00-04:00,111.04000091552734,111.06999969482422,111.02999877929688,111.06999969482422,4886,0.0,0.0
2024-10-11 15:18:00-04:00,111.08999633789062,111.16000366210938,111.08999633789062,111.16000366210938,5307,0.0,0.0
2024-10-11 15:19:00-04:00,111.16649627685547,111.27999877929688,111.16649627685547,111.2750015258789,10287,0.0,0.0
2024-10-11 15:20:00-04:00,111.29000091552734,111.30000305175781,111.25,111.29000091552734,8525,0.0,0.0
2024-10-11 15:21:00-04:00,111.2916030883789,111.36000061035156,111.27999877929688,111.36000061035156,5904,0.0,0.0
2024-10-11 15:22:00-04:00,111.36000061035156,111.43499755859375,111.36000061035156,111.37999725341797,19967,0.0,0.0
2024-10-11 15:23:00-04:00,111.37999725341797,111.38500213623047,111.25,111.33000183105469,11616,0.0,0.0
2024-10-11 15:24:00-04:00,111.31999969482422,111.3499984741211,111.30000305175781,111.33000183105469,12935,0.0,0.0
2024-10-11 15:25:00-04:00,111.3499984741211,111.37000274658203,111.33000183105469,111.36000061035156,14599,0.0,0.0
2024-10-11 15:26:00-04:00,111.3499984741211,111.3759994506836,111.33999633789062,111.36499786376953,5475,0.0,0.0
2024-10-11 15:27:00-04:00,111.36000061035156,111.39990234375,111.3499984741211,111.375,17403,0.0,0.0
2024-10-11 15:28:00-04:00,111.375,111.44999694824219,111.375,111.42500305175781,17746,0.0,0.0
2024-10-11 15:29:00-04:00,111.44000244140625,111.44999694824219,111.4000015258789,111.41000366210938,9060,0.0,0.0
2024-10-11 15:30:00-04:00,111.4000015258789,111.52999877929688,111.4000015258789,111.47000122070312,18329,0.0,0.0
2024-10-11 15:31:00-04:00,111.48999786376953,111.51499938964844,111.43000030517578,111.46499633789062,12015,0.0,0.0
2024-10-11 15:32:00-04:00,111.4800033569336,111.51000213623047,111.47899627685547,111.51000213623047,11358,0.0,0.0
2024-10-11 15:33:00-04:00,111.52079772949219,111.62000274658203,111.5,111.62000274658203,17889,0.0,0.0
2024-10-11 15:34:00-04:00,111.62899780273438,111.69999694824219,111.625,111.69999694824219,15168,0.0,0.0
2024-10-11 15:35:00-04:00,111.70050048828125,111.7699966430664,111.69999694824219,111.71990203857422,26834,0.0,0.0
2024-10-11 15:36:00-04:00,111.71499633789062,111.75,111.69000244140625,111.75,15272,0.0,0.0
2024-10-11 15:37:00-04:00,111.75370025634766,111.8499984741211,111.75370025634766,111.8499984741211,20020,0.0,0.0
2024-10-11 15:38:00-04:00,111.83000183105469,111.88880157470703,111.81999969482422,111.88500213623047,17348,0.0,0.0
2024-10-11 15:39:00-04:00,111.88999938964844,111.93499755859375,111.88719940185547,111.91000366210938,20681,0.0,0.0
2024-10-11 15:40:00-04:00,111.91000366210938,111.91999816894531,111.87999725341797,111.91999816894531,20812,0.0,0.0
2024-10-11 15:41:00-04:00,111.91999816894531,112.0,111.91999816894531,112.0,28541,0.0,0.0
2024-10-11 15:42:00-04:00,111.98999786376953,111.99500274658203,111.82640075683594,111.87999725341797,29187,0.0,0.0
2024-10-11 15:43:00-04:00,111.88500213623047,111.92500305175781,111.84739685058594,111.91000366210938,14031,0.0,0.0
2024-10-11 15:44:00-04:00,111.94000244140625,111.94999694824219,111.81500244140625,111.87000274658203,13759,0.0,0.0
2024-10-11 15:45:00-04:00,111.86000061035156,111.88999938964844,111.80999755859375,111.87999725341797,17889,0.0,0.0
2024-10-11 15:46:00-04:00,111.88999938964844,111.89990234375,111.75070190429688,111.75199890136719,17660,0.0,0.0
2024-10-11 15:47:00-04:00,111.75,111.75,111.6500015258789,111.69999694824219,19699,0.0,0.0
2024-10-11 15:48:00-04:00,111.70999908447266,111.7300033569336,111.66999816894531,111.66999816894531,23109,0.0,0.0
2024-10-11 15:49:00-04:00,111.68000030517578,111.69969940185547,111.58999633789062,111.6500015258789,33344,0.0,0.0
2024-10-11 15:50:00-04:00,111.66000366210938,111.69000244140625,111.52999877929688,111.66000366210938,31994,0.0,0.0
2024-10-11 15:51:00-04:00,111.6500015258789,111.69000244140625,111.6500015258789,111.68000030517578,29448,0.0,0.0
2024-10-11 15:52:00-04:00,111.69000244140625,111.8499984741211,111.69000244140625,111.83999633789062,26720,0.0,0.0
2024-10-11 15:53:00-04:00,111.8499984741211,111.86000061035156,111.68000030517578,111.70950317382812,34614,0.0,0.0
2024-10-11 15:54:00-04:00,111.71499633789062,111.77999877929688,111.6500015258789,111.77999877929688,31551,0.0,0.0
2024-10-11 15:55:00-04:00,111.7699966430664,111.9749984741211,111.76499938964844,111.97000122070312,37223,0.0,0.0
2024-10-11 15:56:00-04:00,111.97000122070312,112.06500244140625,111.97000122070312,112.0250015258789,66026,0.0,0.0
2024-10-11 15:57:00-04:00,112.02999877929688,112.05000305175781,111.97000122070312,111.97219848632812,70827,0.0,0.0
2024-10-11 15:58:00-04:00,111.98500061035156,111.98999786376953,111.86000061035156,111.91600036621094,67248,0.0,0.0
2024-10-11 15:59:00-04:00,111.91999816894531,111.94000244140625,111.70999908447266,111.8499984741211,164086,0.0,0.0
