Datetime,Open,High,Low,Close,Volume,Dividends,Stock Splits
2024-10-07 09:30:00-04:00,60.13999938964844,60.13999938964844,59.75199890136719,59.755001068115234,24915,0.0,0.0
2024-10-07 09:31:00-04:00,59.75,59.77000045776367,59.59000015258789,59.70000076293945,5476,0.0,0.0
2024-10-07 09:32:00-04:00,59.68000030517578,59.70000076293945,59.529998779296875,59.529998779296875,3773,0.0,0.0
2024-10-07 09:33:00-04:00,59.52000045776367,59.56999969482422,59.33000183105469,59.34000015258789,5711,0.0,0.0
2024-10-07 09:34:00-04:00,59.380001068115234,59.47999954223633,59.369998931884766,59.46500015258789,1831,0.0,0.0
2024-10-07 09:35:00-04:00,59.513999938964844,59.513999938964844,59.36000061035156,59.45000076293945,4811,0.0,0.0
2024-10-07 09:36:00-04:00,59.5,59.5,59.41999816894531,59.43000030517578,1146,0.0,0.0
2024-10-07 09:37:00-04:00,59.3650016784668,59.3650016784668,59.279998779296875,59.31999969482422,2629,0.0,0.0
2024-10-07 09:38:00-04:00,59.439998626708984,59.439998626708984,59.439998626708984,59.439998626708984,4297,0.0,0.0
2024-10-07 09:39:00-04:00,59.41999816894531,59.41999816894531,59.31999969482422,59.31999969482422,746,0.0,0.0
2024-10-07 09:40:00-04:00,59.31990051269531,59.349998474121094,59.310001373291016,59.349998474121094,3106,0.0,0.0
2024-10-07 09:41:00-04:00,59.31999969482422,59.38999938964844,59.31999969482422,59.38999938964844,1610,0.0,0.0
2024-10-07 09:42:00-04:00,59.43659973144531,59.52000045776367,59.43659973144531,59.52000045776367,13773,0.0,0.0
2024-10-07 09:43:00-04:00,59.540000915527344,59.599998474121094,59.525001525878906,59.525001525878906,6343,0.0,0.0
2024-10-07 09:44:00-04:00,59.52000045776367,59.540000915527344,59.51499938964844,59.51499938964844,744,0.0,0.0
2024-10-07 09:45:00-04:00,59.529998779296875,59.599998474121094,59.529998779296875,59.540000915527344,1347,0.0,0.0
2024-10-07 09:46:00-04:00,59.56999969482422,59.619998931884766,59.56999969482422,59.619998931884766,1977,0.0,0.0
2024-10-07 09:47:00-04:00,59.689998626708984,59.720001220703125,59.67499923706055,59.67499923706055,1698,0.0,0.0
2024-10-07 09:48:00-04:00,59.65999984741211,59.709999084472656,59.65999984741211,59.709999084472656,1765,0.0,0.0
2024-10-07 09:49:00-04:00,59.72999954223633,59.72999954223633,59.69409942626953,59.720001220703125,1945,0.0,0.0
2024-10-07 09:50:00-04:00,59.70000076293945,59.70500183105469,59.68000030517578,59.689998626708984,2404,0.0,0.0
2024-10-07 09:51:00-04:00,59.68000030517578,59.689998626708984,59.654998779296875,59.66999816894531,1996,0.0,0.0
2024-10-07 09:52:00-04:00,59.650001525878906,59.68000030517578,59.61000061035156,59.61000061035156,3424,0.0,0.0
2024-10-07 09:53:00-04:00,59.59000015258789,59.59000015258789,59.529998779296875,59.53499984741211,1713,0.0,0.0
2024-10-07 09:54:00-04:00,59.53499984741211,59.540000915527344,59.5,59.540000915527344,875,0.0,0.0
2024-10-07 09:55:00-04:00,59.560001373291016,59.58000183105469,59.560001373291016,59.56999969482422,1306,0.0,0.0
2024-10-07 09:56:00-04:00,59.47999954223633,59.5,59.459999084472656,59.494998931884766,4405,0.0,0.0
2024-10-07 09:57:00-04:00,59.494998931884766,59.540000915527344,59.44900131225586,59.48500061035156,2848,0.0,0.0
2024-10-07 09:58:00-04:00,59.42499923706055,59.43000030517578,59.400001525878906,59.43000030517578,801,0.0,0.0
2024-10-07 09:59:00-04:00,59.38999938964844,59.38999938964844,59.33000183105469,59.33000183105469,1300,0.0,0.0
2024-10-07 10:00:00-04:00,59.369998931884766,59.439998626708984,59.369998931884766,59.415000915527344,2609,0.0,0.0
2024-10-07 10:01:00-04:00,59.40999984741211,59.45000076293945,59.40999984741211,59.45000076293945,6213,0.0,0.0
2024-10-07 10:02:00-04:00,59.459999084472656,59.47999954223633,59.45000076293945,59.470001220703125,2406,0.0,0.0
2024-10-07 10:03:00-04:00,59.47999954223633,59.47999954223633,59.42499923706055,59.42499923706055,2765,0.0,0.0
2024-10-07 10:04:00-04:00,59.45000076293945,59.540000915527344,59.44499969482422,59.525001525878906,3115,0.0,0.0
2024-10-07 10:05:00-04:00,59.52000045776367,59.5625,59.52000045776367,59.540000915527344,3665,0.0,0.0
2024-10-07 10:06:00-04:00,59.54999923706055,59.56999969482422,59.525001525878906,59.525001525878906,2204,0.0,0.0
2024-10-07 10:07:00-04:00,59.52000045776367,59.52000045776367,59.48500061035156,59.48500061035156,3004,0.0,0.0
2024-10-07 10:08:00-04:00,59.5,59.540000915527344,59.5,59.540000915527344,2803,0.0,0.0
2024-10-07 10:09:00-04:00,59.5099983215332,59.529998779296875,59.47999954223633,59.5,1392,0.0,0.0
2024-10-07 10:10:00-04:00,59.54999923706055,59.599998474121094,59.53499984741211,59.58000183105469,4263,0.0,0.0
2024-10-07 10:11:00-04:00,59.560001373291016,59.560001373291016,59.47999954223633,59.47999954223633,1501,0.0,0.0
2024-10-07 10:12:00-04:00,59.47999954223633,59.4900016784668,59.46969985961914,59.48500061035156,1603,0.0,0.0
2024-10-07 10:13:00-04:00,59.43619918823242,59.459999084472656,59.435001373291016,59.459999084472656,814,0.0,0.0
2024-10-07 10:14:00-04:00,59.470001220703125,59.47999954223633,59.470001220703125,59.47999954223633,914,0.0,0.0
2024-10-07 10:15:00-04:00,59.470001220703125,59.470001220703125,59.42499923706055,59.43000030517578,1611,0.0,0.0
2024-10-07 10:16:00-04:00,59.43389892578125,59.45000076293945,59.400001525878906,59.43000030517578,1233,0.0,0.0
2024-10-07 10:17:00-04:00,59.40999984741211,59.45000076293945,59.40999984741211,59.435001373291016,1398,0.0,0.0
2024-10-07 10:18:00-04:00,59.45000076293945,59.45000076293945,59.43000030517578,59.439998626708984,3593,0.0,0.0
2024-10-07 10:19:00-04:00,59.41999816894531,59.43000030517578,59.400001525878906,59.400001525878906,1649,0.0,0.0
2024-10-07 10:20:00-04:00,59.41999816894531,59.41999816894531,59.400001525878906,59.400001525878906,475,0.0,0.0
2024-10-07 10:21:00-04:00,59.400001525878906,59.400001525878906,59.3849983215332,59.400001525878906,912,0.0,0.0
2024-10-07 10:22:00-04:00,59.369998931884766,59.380001068115234,59.36000061035156,59.380001068115234,1212,0.0,0.0
2024-10-07 10:23:00-04:00,59.349998474121094,59.404998779296875,59.349998474121094,59.404998779296875,900,0.0,0.0
2024-10-07 10:24:00-04:00,59.42499923706055,59.42499923706055,59.38999938964844,59.40999984741211,1212,0.0,0.0
2024-10-07 10:25:00-04:00,59.380001068115234,59.400001525878906,59.36000061035156,59.400001525878906,1038,0.0,0.0
2024-10-07 10:26:00-04:00,59.369998931884766,59.369998931884766,59.369998931884766,59.369998931884766,721,0.0,0.0
2024-10-07 10:27:00-04:00,59.34000015258789,59.380001068115234,59.34000015258789,59.369998931884766,709,0.0,0.0
2024-10-07 10:28:00-04:00,59.34000015258789,59.34000015258789,59.29499816894531,59.29999923706055,3039,0.0,0.0
2024-10-07 10:29:00-04:00,59.310001373291016,59.310001373291016,59.29999923706055,59.29999923706055,457,0.0,0.0
2024-10-07 10:30:00-04:00,59.310001373291016,59.310001373291016,59.20000076293945,59.20000076293945,4650,0.0,0.0
2024-10-07 10:31:00-04:00,59.20000076293945,59.2151985168457,59.16999816894531,59.16999816894531,11165,0.0,0.0
2024-10-07 10:32:00-04:00,59.16999816894531,59.16999816894531,59.06999969482422,59.082000732421875,4722,0.0,0.0
2024-10-07 10:33:00-04:00,59.07500076293945,59.20000076293945,59.07500076293945,59.20000076293945,2437,0.0,0.0
2024-10-07 10:34:00-04:00,59.209999084472656,59.209999084472656,59.18000030517578,59.20500183105469,954,0.0,0.0
2024-10-07 10:35:00-04:00,59.20000076293945,59.2599983215332,59.189998626708984,59.25,2499,0.0,0.0
2024-10-07 10:36:00-04:00,59.2400016784668,59.310001373291016,59.22999954223633,59.310001373291016,1461,0.0,0.0
2024-10-07 10:37:00-04:00,59.290000915527344,59.310001373291016,59.279998779296875,59.310001373291016,944,0.0,0.0
2024-10-07 10:38:00-04:00,59.32500076293945,59.32500076293945,59.32500076293945,59.32500076293945,203,0.0,0.0
2024-10-07 10:39:00-04:00,59.310001373291016,59.31999969482422,59.27000045776367,59.290000915527344,3025,0.0,0.0
2024-10-07 10:40:00-04:00,59.279998779296875,59.310001373291016,59.27000045776367,59.310001373291016,1133,0.0,0.0
2024-10-07 10:41:00-04:00,59.31999969482422,59.33000183105469,59.29999923706055,59.33000183105469,2664,0.0,0.0
2024-10-07 10:42:00-04:00,59.32500076293945,59.349998474121094,59.32500076293945,59.349998474121094,1306,0.0,0.0
2024-10-07 10:43:00-04:00,59.36000061035156,59.36000061035156,59.34000015258789,59.349998474121094,2127,0.0,0.0
2024-10-07 10:44:00-04:00,59.34000015258789,59.37990188598633,59.34000015258789,59.348201751708984,3042,0.0,0.0
2024-10-07 10:45:00-04:00,59.36000061035156,59.369998931884766,59.34000015258789,59.34000015258789,4279,0.0,0.0
2024-10-07 10:46:00-04:00,59.314998626708984,59.314998626708984,59.314998626708984,59.314998626708984,1585,0.0,0.0
2024-10-07 10:47:00-04:00,59.29999923706055,59.31999969482422,59.27000045776367,59.29999923706055,2199,0.0,0.0
2024-10-07 10:48:00-04:00,59.290000915527344,59.29999923706055,59.290000915527344,59.29999923706055,515,0.0,0.0
2024-10-07 10:49:00-04:00,59.29999923706055,59.30500030517578,59.29999923706055,59.29999923706055,1497,0.0,0.0
2024-10-07 10:50:00-04:00,59.290000915527344,59.31999969482422,59.290000915527344,59.31999969482422,1065,0.0,0.0
2024-10-07 10:51:00-04:00,59.31999969482422,59.34000015258789,59.31999969482422,59.34000015258789,847,0.0,0.0
2024-10-07 10:52:00-04:00,59.369998931884766,59.380001068115234,59.345001220703125,59.36000061035156,2473,0.0,0.0
2024-10-07 10:53:00-04:00,59.36000061035156,59.380001068115234,59.349998474121094,59.36000061035156,732,0.0,0.0
2024-10-07 10:54:00-04:00,59.349998474121094,59.349998474121094,59.33000183105469,59.33000183105469,680,0.0,0.0
2024-10-07 10:55:00-04:00,59.36000061035156,59.36000061035156,59.29999923706055,59.29999923706055,1240,0.0,0.0
2024-10-07 10:56:00-04:00,59.290000915527344,59.290000915527344,59.209999084472656,59.209999084472656,4439,0.0,0.0
2024-10-07 10:57:00-04:00,59.25,59.275001525878906,59.22999954223633,59.275001525878906,2144,0.0,0.0
2024-10-07 10:58:00-04:00,59.270301818847656,59.270301818847656,59.22999954223633,59.22999954223633,1380,0.0,0.0
2024-10-07 10:59:00-04:00,59.249900817871094,59.249900817871094,59.18000030517578,59.18000030517578,1945,0.0,0.0
2024-10-07 11:00:00-04:00,59.150001525878906,59.150001525878906,59.119998931884766,59.130001068115234,2750,0.0,0.0
2024-10-07 11:01:00-04:00,59.130001068115234,59.150001525878906,59.119998931884766,59.150001525878906,539,0.0,0.0
2024-10-07 11:02:00-04:00,59.14500045776367,59.18000030517578,59.14500045776367,59.16999816894531,1424,0.0,0.0
2024-10-07 11:03:00-04:00,59.17499923706055,59.189998626708984,59.17499923706055,59.189998626708984,259,0.0,0.0
2024-10-07 11:04:00-04:00,59.220001220703125,59.220001220703125,59.220001220703125,59.220001220703125,505,0.0,0.0
2024-10-07 11:05:00-04:00,59.21500015258789,59.21500015258789,59.20000076293945,59.20500183105469,1136,0.0,0.0
2024-10-07 11:06:00-04:00,59.20000076293945,59.220001220703125,59.16400146484375,59.220001220703125,3836,0.0,0.0
2024-10-07 11:07:00-04:00,59.20000076293945,59.20000076293945,59.20000076293945,59.20000076293945,958,0.0,0.0
2024-10-07 11:08:00-04:00,59.25,59.25,59.25,59.25,147,0.0,0.0
2024-10-07 11:09:00-04:00,59.2599983215332,59.2599983215332,59.23500061035156,59.23500061035156,636,0.0,0.0
2024-10-07 11:10:00-04:00,59.22999954223633,59.22999954223633,59.22999954223633,59.22999954223633,980,0.0,0.0
2024-10-07 11:11:00-04:00,59.220001220703125,59.220001220703125,59.150001525878906,59.150001525878906,934,0.0,0.0
2024-10-07 11:12:00-04:00,59.150001525878906,59.18000030517578,59.150001525878906,59.16999816894531,2400,0.0,0.0
2024-10-07 11:13:00-04:00,59.15999984741211,59.16999816894531,59.150001525878906,59.16999816894531,337,0.0,0.0
2024-10-07 11:14:00-04:00,59.169898986816406,59.209999084472656,59.169898986816406,59.209999084472656,1216,0.0,0.0
2024-10-07 11:15:00-04:00,59.2400016784668,59.244998931884766,59.2400016784668,59.244998931884766,921,0.0,0.0
2024-10-07 11:16:00-04:00,59.279998779296875,59.31999969482422,59.279998779296875,59.31999969482422,536,0.0,0.0
2024-10-07 11:17:00-04:00,59.345001220703125,59.345001220703125,59.310001373291016,59.32500076293945,2221,0.0,0.0
2024-10-07 11:18:00-04:00,59.34000015258789,59.349998474121094,59.34000015258789,59.349998474121094,663,0.0,0.0
2024-10-07 11:19:00-04:00,59.349998474121094,59.349998474121094,59.31999969482422,59.31999969482422,1580,0.0,0.0
2024-10-07 11:20:00-04:00,59.34000015258789,59.380001068115234,59.34000015258789,59.380001068115234,1771,0.0,0.0
2024-10-07 11:21:00-04:00,59.400001525878906,59.41999816894531,59.38999938964844,59.38999938964844,743,0.0,0.0
2024-10-07 11:22:00-04:00,59.380001068115234,59.380001068115234,59.36000061035156,59.36000061035156,2186,0.0,0.0
2024-10-07 11:23:00-04:00,59.36000061035156,59.36000061035156,59.34749984741211,59.34749984741211,1078,0.0,0.0
2024-10-07 11:24:00-04:00,59.35499954223633,59.369998931884766,59.34000015258789,59.369998931884766,788,0.0,0.0
2024-10-07 11:25:00-04:00,59.38999938964844,59.439998626708984,59.38999938964844,59.439998626708984,1746,0.0,0.0
2024-10-07 11:26:00-04:00,59.43000030517578,59.43000030517578,59.40999984741211,59.41999816894531,1409,0.0,0.0
2024-10-07 11:27:00-04:00,59.41999816894531,59.41999816894531,59.41999816894531,59.41999816894531,570,0.0,0.0
2024-10-07 11:28:00-04:00,59.41999816894531,59.428001403808594,59.39099884033203,59.40999984741211,930,0.0,0.0
2024-10-07 11:29:00-04:00,59.400001525878906,59.400001525878906,59.39500045776367,59.400001525878906,603,0.0,0.0
2024-10-07 11:30:00-04:00,59.400001525878906,59.40999984741211,59.400001525878906,59.40999984741211,423,0.0,0.0
2024-10-07 11:31:00-04:00,59.40999984741211,59.4286003112793,59.400001525878906,59.41999816894531,1469,0.0,0.0
2024-10-07 11:32:00-04:00,59.41999816894531,59.45000076293945,59.41999816894531,59.45000076293945,1091,0.0,0.0
2024-10-07 11:33:00-04:00,59.459999084472656,59.459999084472656,59.459999084472656,59.459999084472656,203,0.0,0.0
2024-10-07 11:34:00-04:00,59.4900016784668,59.540000915527344,59.48500061035156,59.540000915527344,1286,0.0,0.0
2024-10-07 11:35:00-04:00,59.540000915527344,59.540000915527344,59.529998779296875,59.540000915527344,1355,0.0,0.0
2024-10-07 11:36:00-04:00,59.529998779296875,59.540000915527344,59.4900016784668,59.4900016784668,1883,0.0,0.0
2024-10-07 11:37:00-04:00,59.47999954223633,59.505001068115234,59.459999084472656,59.5,1712,0.0,0.0
2024-10-07 11:38:00-04:00,59.494998931884766,59.5099983215332,59.47999954223633,59.47999954223633,2008,0.0,0.0
2024-10-07 11:40:00-04:00,59.52000045776367,59.52000045776367,59.5099983215332,59.5099983215332,454,0.0,0.0
2024-10-07 11:41:00-04:00,59.52000045776367,59.560001373291016,59.4900016784668,59.560001373291016,6151,0.0,0.0
2024-10-07 11:42:00-04:00,59.564998626708984,59.564998626708984,59.564998626708984,59.564998626708984,109,0.0,0.0
2024-10-07 11:43:00-04:00,59.560001373291016,59.560001373291016,59.540000915527344,59.540000915527344,903,0.0,0.0
2024-10-07 11:44:00-04:00,59.529998779296875,59.54499816894531,59.529998779296875,59.54499816894531,620,0.0,0.0
2024-10-07 11:45:00-04:00,59.53499984741211,59.547298431396484,59.529998779296875,59.53499984741211,945,0.0,0.0
2024-10-07 11:46:00-04:00,59.53499984741211,59.53499984741211,59.52000045776367,59.52000045776367,533,0.0,0.0
2024-10-07 11:48:00-04:00,59.5099983215332,59.5099983215332,59.47999954223633,59.487998962402344,1665,0.0,0.0
2024-10-07 11:49:00-04:00,59.459999084472656,59.47999954223633,59.459999084472656,59.470001220703125,1589,0.0,0.0
2024-10-07 11:50:00-04:00,59.459999084472656,59.459999084472656,59.459999084472656,59.459999084472656,2045,0.0,0.0
2024-10-07 11:51:00-04:00,59.45500183105469,59.470001220703125,59.45000076293945,59.45000076293945,841,0.0,0.0
2024-10-07 11:52:00-04:00,59.45000076293945,59.46500015258789,59.45000076293945,59.46500015258789,495,0.0,0.0
2024-10-07 11:53:00-04:00,59.479000091552734,59.479000091552734,59.470001220703125,59.470001220703125,419,0.0,0.0
2024-10-07 11:54:00-04:00,59.459999084472656,59.47999954223633,59.45000076293945,59.47999954223633,967,0.0,0.0
2024-10-07 11:55:00-04:00,59.459999084472656,59.470001220703125,59.45000076293945,59.470001220703125,1680,0.0,0.0
2024-10-07 11:56:00-04:00,59.45000076293945,59.45000076293945,59.439998626708984,59.439998626708984,914,0.0,0.0
2024-10-07 11:57:00-04:00,59.439998626708984,59.439998626708984,59.43000030517578,59.43000030517578,841,0.0,0.0
2024-10-07 11:58:00-04:00,59.41999816894531,59.41999816894531,59.41999816894531,59.41999816894531,121,0.0,0.0
2024-10-07 11:59:00-04:00,59.439998626708984,59.45000076293945,59.439998626708984,59.439998626708984,836,0.0,0.0
2024-10-07 12:00:00-04:00,59.439998626708984,59.45000076293945,59.43000030517578,59.43000030517578,718,0.0,0.0
2024-10-07 12:01:00-04:00,59.45000076293945,59.45000076293945,59.43170166015625,59.43170166015625,217,0.0,0.0
2024-10-07 12:02:00-04:00,59.447601318359375,59.447601318359375,59.43000030517578,59.43000030517578,313,0.0,0.0
2024-10-07 12:03:00-04:00,59.439998626708984,59.45000076293945,59.439998626708984,59.439998626708984,1854,0.0,0.0
2024-10-07 12:04:00-04:00,59.43000030517578,59.459999084472656,59.41999816894531,59.41999816894531,4991,0.0,0.0
2024-10-07 12:05:00-04:00,59.40999984741211,59.41999816894531,59.40999984741211,59.40999984741211,556,0.0,0.0
2024-10-07 12:06:00-04:00,59.41999816894531,59.43000030517578,59.415000915527344,59.43000030517578,2587,0.0,0.0
2024-10-07 12:07:00-04:00,59.470001220703125,59.470001220703125,59.470001220703125,59.470001220703125,1833,0.0,0.0
2024-10-07 12:08:00-04:00,59.470001220703125,59.5,59.470001220703125,59.5,736,0.0,0.0
2024-10-07 12:09:00-04:00,59.5,59.5,59.5,59.5,254,0.0,0.0
2024-10-07 12:10:00-04:00,59.4900016784668,59.5099983215332,59.470001220703125,59.5099983215332,2908,0.0,0.0
2024-10-07 12:11:00-04:00,59.5,59.5,59.5,59.5,605,0.0,0.0
2024-10-07 12:12:00-04:00,59.5,59.5,59.5,59.5,1052,0.0,0.0
2024-10-07 12:13:00-04:00,59.4900016784668,59.54999923706055,59.4900016784668,59.538700103759766,1565,0.0,0.0
2024-10-07 12:14:00-04:00,59.55500030517578,59.564998626708984,59.55500030517578,59.560001373291016,434,0.0,0.0
2024-10-07 12:15:00-04:00,59.54999923706055,59.54999923706055,59.540000915527344,59.54999923706055,3112,0.0,0.0
2024-10-07 12:16:00-04:00,59.56800079345703,59.56800079345703,59.560001373291016,59.560001373291016,1020,0.0,0.0
2024-10-07 12:17:00-04:00,59.58000183105469,59.599998474121094,59.58000183105469,59.599998474121094,754,0.0,0.0
2024-10-07 12:18:00-04:00,59.6150016784668,59.619998931884766,59.599998474121094,59.61000061035156,1390,0.0,0.0
2024-10-07 12:19:00-04:00,59.6349983215332,59.6349983215332,59.630001068115234,59.630001068115234,593,0.0,0.0
2024-10-07 12:20:00-04:00,59.599998474121094,59.599998474121094,59.59000015258789,59.599998474121094,1637,0.0,0.0
2024-10-07 12:21:00-04:00,59.599998474121094,59.599998474121094,59.59000015258789,59.59000015258789,502,0.0,0.0
2024-10-07 12:22:00-04:00,59.599998474121094,59.599998474121094,59.59000015258789,59.59000015258789,748,0.0,0.0
2024-10-07 12:23:00-04:00,59.59000015258789,59.59000015258789,59.560001373291016,59.56999969482422,1637,0.0,0.0
2024-10-07 12:24:00-04:00,59.59000015258789,59.61000061035156,59.584999084472656,59.61000061035156,504,0.0,0.0
2024-10-07 12:25:00-04:00,59.58000183105469,59.59000015258789,59.56999969482422,59.56999969482422,1449,0.0,0.0
2024-10-07 12:26:00-04:00,59.56999969482422,59.56999969482422,59.560001373291016,59.560001373291016,874,0.0,0.0
2024-10-07 12:27:00-04:00,59.560001373291016,59.56999969482422,59.560001373291016,59.56999969482422,1618,0.0,0.0
2024-10-07 12:28:00-04:00,59.57500076293945,59.57500076293945,59.56999969482422,59.56999969482422,1067,0.0,0.0
2024-10-07 12:29:00-04:00,59.58000183105469,59.584999084472656,59.56999969482422,59.584999084472656,1137,0.0,0.0
2024-10-07 12:30:00-04:00,59.59000015258789,59.61000061035156,59.584999084472656,59.61000061035156,2352,0.0,0.0
2024-10-07 12:31:00-04:00,59.59000015258789,59.599998474121094,59.59000015258789,59.599998474121094,411,0.0,0.0
2024-10-07 12:33:00-04:00,59.61000061035156,59.619998931884766,59.61000061035156,59.619998931884766,1390,0.0,0.0
2024-10-07 12:34:00-04:00,59.6150016784668,59.6150016784668,59.59000015258789,59.599998474121094,2832,0.0,0.0
2024-10-07 12:35:00-04:00,59.61000061035156,59.619998931884766,59.609798431396484,59.619998931884766,887,0.0,0.0
2024-10-07 12:36:00-04:00,59.63999938964844,59.650001525878906,59.63999938964844,59.63999938964844,1887,0.0,0.0
2024-10-07 12:37:00-04:00,59.650001525878906,59.66999816894531,59.650001525878906,59.66999816894531,2040,0.0,0.0
2024-10-07 12:38:00-04:00,59.70000076293945,59.70000076293945,59.689998626708984,59.689998626708984,1010,0.0,0.0
2024-10-07 12:39:00-04:00,59.70000076293945,59.70000076293945,59.70000076293945,59.70000076293945,802,0.0,0.0
2024-10-07 12:40:00-04:00,59.71500015258789,59.71500015258789,59.709999084472656,59.709999084472656,507,0.0,0.0
2024-10-07 12:41:00-04:00,59.720001220703125,59.720001220703125,59.709999084472656,59.709999084472656,955,0.0,0.0
2024-10-07 12:42:00-04:00,59.709999084472656,59.709999084472656,59.689998626708984,59.689998626708984,3148,0.0,0.0
2024-10-07 12:43:00-04:00,59.68000030517578,59.70000076293945,59.66999816894531,59.70000076293945,932,0.0,0.0
2024-10-07 12:44:00-04:00,59.689998626708984,59.720001220703125,59.689998626708984,59.720001220703125,1197,0.0,0.0
2024-10-07 12:45:00-04:00,59.72999954223633,59.7400016784668,59.709999084472656,59.709999084472656,448,0.0,0.0
2024-10-07 12:46:00-04:00,59.70000076293945,59.709999084472656,59.70000076293945,59.70000076293945,1487,0.0,0.0
2024-10-07 12:47:00-04:00,59.70000076293945,59.72999954223633,59.70000076293945,59.720001220703125,2276,0.0,0.0
2024-10-07 12:48:00-04:00,59.709999084472656,59.720001220703125,59.709999084472656,59.720001220703125,487,0.0,0.0
2024-10-07 12:49:00-04:00,59.709999084472656,59.709999084472656,59.709999084472656,59.709999084472656,100,0.0,0.0
2024-10-07 12:50:00-04:00,59.70000076293945,59.720001220703125,59.70000076293945,59.720001220703125,1685,0.0,0.0
2024-10-07 12:51:00-04:00,59.720001220703125,59.7599983215332,59.720001220703125,59.7599983215332,705,0.0,0.0
2024-10-07 12:54:00-04:00,59.75,59.77000045776367,59.75,59.75,551,0.0,0.0
2024-10-07 12:56:00-04:00,59.7400016784668,59.7599983215332,59.7400016784668,59.7599983215332,2574,0.0,0.0
2024-10-07 12:57:00-04:00,59.77000045776367,59.77000045776367,59.7599983215332,59.7599983215332,543,0.0,0.0
2024-10-07 12:58:00-04:00,59.75,59.7599983215332,59.75,59.7599983215332,650,0.0,0.0
2024-10-07 12:59:00-04:00,59.77000045776367,59.79930114746094,59.77000045776367,59.79930114746094,946,0.0,0.0
2024-10-07 13:01:00-04:00,59.77000045776367,59.77000045776367,59.7599983215332,59.7599983215332,1552,0.0,0.0
2024-10-07 13:02:00-04:00,59.7400016784668,59.7400016784668,59.7400016784668,59.7400016784668,870,0.0,0.0
2024-10-07 13:03:00-04:00,59.7400016784668,59.7400016784668,59.7400016784668,59.7400016784668,122,0.0,0.0
2024-10-07 13:04:00-04:00,59.72999954223633,59.75,59.72999954223633,59.74789810180664,509,0.0,0.0
2024-10-07 13:05:00-04:00,59.75,59.75,59.7400016784668,59.7400016784668,1434,0.0,0.0
2024-10-07 13:06:00-04:00,59.720001220703125,59.720001220703125,59.665000915527344,59.665000915527344,1333,0.0,0.0
2024-10-07 13:07:00-04:00,59.66999816894531,59.66999816894531,59.65999984741211,59.66999816894531,1102,0.0,0.0
2024-10-07 13:09:00-04:00,59.68000030517578,59.69499969482422,59.66999816894531,59.689998626708984,2320,0.0,0.0
2024-10-07 13:10:00-04:00,59.70000076293945,59.70000076293945,59.70000076293945,59.70000076293945,791,0.0,0.0
2024-10-07 13:11:00-04:00,59.68000030517578,59.689998626708984,59.68000030517578,59.689998626708984,1061,0.0,0.0
2024-10-07 13:12:00-04:00,59.70000076293945,59.725101470947266,59.70000076293945,59.725101470947266,1130,0.0,0.0
2024-10-07 13:13:00-04:00,59.700401306152344,59.709999084472656,59.700401306152344,59.709999084472656,1424,0.0,0.0
2024-10-07 13:14:00-04:00,59.691001892089844,59.70000076293945,59.66999816894531,59.68000030517578,1404,0.0,0.0
2024-10-07 13:15:00-04:00,59.68000030517578,59.689998626708984,59.68000030517578,59.68000030517578,517,0.0,0.0
2024-10-07 13:16:00-04:00,59.66999816894531,59.689998626708984,59.66999816894531,59.689998626708984,969,0.0,0.0
2024-10-07 13:17:00-04:00,59.70000076293945,59.70000076293945,59.70000076293945,59.70000076293945,609,0.0,0.0
2024-10-07 13:18:00-04:00,59.689998626708984,59.689998626708984,59.68000030517578,59.68000030517578,1491,0.0,0.0
2024-10-07 13:19:00-04:00,59.68000030517578,59.68000030517578,59.650001525878906,59.66999816894531,2378,0.0,0.0
2024-10-07 13:20:00-04:00,59.66999816894531,59.689998626708984,59.66999816894531,59.68000030517578,1367,0.0,0.0
2024-10-07 13:22:00-04:00,59.650001525878906,59.650001525878906,59.650001525878906,59.650001525878906,266,0.0,0.0
2024-10-07 13:23:00-04:00,59.630001068115234,59.630001068115234,59.619998931884766,59.619998931884766,613,0.0,0.0
2024-10-07 13:24:00-04:00,59.63999938964844,59.63999938964844,59.630001068115234,59.630001068115234,702,0.0,0.0
2024-10-07 13:25:00-04:00,59.61000061035156,59.61000061035156,59.61000061035156,59.61000061035156,234,0.0,0.0
2024-10-07 13:26:00-04:00,59.61000061035156,59.61000061035156,59.61000061035156,59.61000061035156,184,0.0,0.0
2024-10-07 13:27:00-04:00,59.630001068115234,59.65999984741211,59.630001068115234,59.6349983215332,1641,0.0,0.0
2024-10-07 13:28:00-04:00,59.63999938964844,59.63999938964844,59.63999938964844,59.63999938964844,695,0.0,0.0
2024-10-07 13:29:00-04:00,59.650001525878906,59.650001525878906,59.650001525878906,59.650001525878906,518,0.0,0.0
2024-10-07 13:30:00-04:00,59.63999938964844,59.63999938964844,59.61000061035156,59.630001068115234,2195,0.0,0.0
2024-10-07 13:31:00-04:00,59.61000061035156,59.61000061035156,59.58000183105469,59.595001220703125,1584,0.0,0.0
2024-10-07 13:32:00-04:00,59.599998474121094,59.650001525878906,59.599998474121094,59.650001525878906,778,0.0,0.0
2024-10-07 13:33:00-04:00,59.650001525878906,59.650001525878906,59.650001525878906,59.650001525878906,243,0.0,0.0
2024-10-07 13:34:00-04:00,59.630001068115234,59.63999938964844,59.630001068115234,59.63999938964844,484,0.0,0.0
2024-10-07 13:35:00-04:00,59.650001525878906,59.65999984741211,59.650001525878906,59.65999984741211,625,0.0,0.0
2024-10-07 13:36:00-04:00,59.63999938964844,59.63999938964844,59.63999938964844,59.63999938964844,411,0.0,0.0
2024-10-07 13:37:00-04:00,59.650001525878906,59.65999984741211,59.650001525878906,59.65999984741211,1127,0.0,0.0
2024-10-07 13:38:00-04:00,59.6349983215332,59.63999938964844,59.6349983215332,59.63999938964844,317,0.0,0.0
2024-10-07 13:39:00-04:00,59.63010025024414,59.63010025024414,59.61000061035156,59.62620162963867,1916,0.0,0.0
2024-10-07 13:40:00-04:00,59.630001068115234,59.63999938964844,59.625,59.625,2100,0.0,0.0
2024-10-07 13:41:00-04:00,59.625,59.629398345947266,59.625,59.629398345947266,237,0.0,0.0
2024-10-07 13:42:00-04:00,59.619998931884766,59.63999938964844,59.619998931884766,59.63999938964844,715,0.0,0.0
2024-10-07 13:43:00-04:00,59.650001525878906,59.650001525878906,59.61009979248047,59.61009979248047,1989,0.0,0.0
2024-10-07 13:44:00-04:00,59.61000061035156,59.61000061035156,59.59000015258789,59.61000061035156,1632,0.0,0.0
2024-10-07 13:45:00-04:00,59.599998474121094,59.599998474121094,59.599998474121094,59.599998474121094,349,0.0,0.0
2024-10-07 13:46:00-04:00,59.61000061035156,59.630001068115234,59.600101470947266,59.630001068115234,1241,0.0,0.0
2024-10-07 13:47:00-04:00,59.630001068115234,59.630001068115234,59.630001068115234,59.630001068115234,973,0.0,0.0
2024-10-07 13:48:00-04:00,59.59000015258789,59.59000015258789,59.59000015258789,59.59000015258789,2533,0.0,0.0
2024-10-07 13:49:00-04:00,59.58000183105469,59.58000183105469,59.58000183105469,59.58000183105469,156,0.0,0.0
2024-10-07 13:50:00-04:00,59.58000183105469,59.59000015258789,59.58000183105469,59.58000183105469,1579,0.0,0.0
2024-10-07 13:51:00-04:00,59.56999969482422,59.56999969482422,59.54999923706055,59.560001373291016,2215,0.0,0.0
2024-10-07 13:52:00-04:00,59.54999923706055,59.54999923706055,59.54999923706055,59.54999923706055,102,0.0,0.0
2024-10-07 13:53:00-04:00,59.56999969482422,59.56999969482422,59.54999923706055,59.54999923706055,565,0.0,0.0
2024-10-07 13:54:00-04:00,59.58000183105469,59.59000015258789,59.58000183105469,59.59000015258789,753,0.0,0.0
2024-10-07 13:55:00-04:00,59.595001220703125,59.595001220703125,59.59000015258789,59.59000015258789,363,0.0,0.0
2024-10-07 13:56:00-04:00,59.59000015258789,59.59000015258789,59.59000015258789,59.59000015258789,520,0.0,0.0
2024-10-07 13:57:00-04:00,59.56999969482422,59.58000183105469,59.560001373291016,59.56999969482422,1098,0.0,0.0
2024-10-07 13:58:00-04:00,59.599998474121094,59.599998474121094,59.599998474121094,59.599998474121094,248,0.0,0.0
2024-10-07 13:59:00-04:00,59.59000015258789,59.59000015258789,59.59000015258789,59.59000015258789,215,0.0,0.0
2024-10-07 14:00:00-04:00,59.59000015258789,59.61000061035156,59.59000015258789,59.61000061035156,830,0.0,0.0
2024-10-07 14:01:00-04:00,59.599998474121094,59.599998474121094,59.59000015258789,59.59000015258789,665,0.0,0.0
2024-10-07 14:02:00-04:00,59.59000015258789,59.59000015258789,59.560001373291016,59.56999969482422,1103,0.0,0.0
2024-10-07 14:03:00-04:00,59.52000045776367,59.52000045776367,59.52000045776367,59.52000045776367,226,0.0,0.0
2024-10-07 14:04:00-04:00,59.5099983215332,59.512001037597656,59.4900016784668,59.4900016784668,1598,0.0,0.0
2024-10-07 14:05:00-04:00,59.5,59.5099983215332,59.5,59.500999450683594,991,0.0,0.0
2024-10-07 14:06:00-04:00,59.50910186767578,59.5099983215332,59.50910186767578,59.5099983215332,697,0.0,0.0
2024-10-07 14:07:00-04:00,59.49100112915039,59.5,59.4900016784668,59.494998931884766,1200,0.0,0.0
2024-10-07 14:08:00-04:00,59.47999954223633,59.47999954223633,59.47100067138672,59.47999954223633,1322,0.0,0.0
2024-10-07 14:09:00-04:00,59.4900016784668,59.4900016784668,59.4900016784668,59.4900016784668,430,0.0,0.0
2024-10-07 14:10:00-04:00,59.4900016784668,59.4900016784668,59.4900016784668,59.4900016784668,166,0.0,0.0
2024-10-07 14:11:00-04:00,59.49100112915039,59.494998931884766,59.49100112915039,59.494998931884766,468,0.0,0.0
2024-10-07 14:12:00-04:00,59.4900016784668,59.5099983215332,59.4900016784668,59.5099983215332,980,0.0,0.0
2024-10-07 14:13:00-04:00,59.5,59.5,59.4900016784668,59.494998931884766,796,0.0,0.0
2024-10-07 14:14:00-04:00,59.494998931884766,59.494998931884766,59.47999954223633,59.47999954223633,578,0.0,0.0
2024-10-07 14:15:00-04:00,59.47999954223633,59.47999954223633,59.47999954223633,59.47999954223633,850,0.0,0.0
2024-10-07 14:16:00-04:00,59.474998474121094,59.4900016784668,59.474998474121094,59.4900016784668,757,0.0,0.0
2024-10-07 14:17:00-04:00,59.4900016784668,59.4900016784668,59.4900016784668,59.4900016784668,492,0.0,0.0
2024-10-07 14:18:00-04:00,59.4900016784668,59.4900016784668,59.4900016784668,59.4900016784668,304,0.0,0.0
2024-10-07 14:19:00-04:00,59.47999954223633,59.47999954223633,59.470001220703125,59.47999954223633,2540,0.0,0.0
2024-10-07 14:20:00-04:00,59.4900016784668,59.4900016784668,59.4900016784668,59.4900016784668,1654,0.0,0.0
2024-10-07 14:22:00-04:00,59.48500061035156,59.505001068115234,59.48500061035156,59.505001068115234,1591,0.0,0.0
2024-10-07 14:23:00-04:00,59.5099983215332,59.5099983215332,59.5099983215332,59.5099983215332,1072,0.0,0.0
2024-10-07 14:24:00-04:00,59.505001068115234,59.505001068115234,59.494998931884766,59.494998931884766,1487,0.0,0.0
2024-10-07 14:25:00-04:00,59.5,59.525699615478516,59.47999954223633,59.52000045776367,1996,0.0,0.0
2024-10-07 14:26:00-04:00,59.540000915527344,59.540000915527344,59.529998779296875,59.529998779296875,1770,0.0,0.0
2024-10-07 14:28:00-04:00,59.525001525878906,59.525001525878906,59.525001525878906,59.525001525878906,111,0.0,0.0
2024-10-07 14:29:00-04:00,59.525001525878906,59.540000915527344,59.52000045776367,59.529998779296875,2998,0.0,0.0
2024-10-07 14:30:00-04:00,59.52000045776367,59.52000045776367,59.334999084472656,59.459999084472656,10359,0.0,0.0
2024-10-07 14:31:00-04:00,59.4900016784668,59.4900016784668,59.439998626708984,59.470001220703125,1656,0.0,0.0
2024-10-07 14:32:00-04:00,59.470001220703125,59.470001220703125,59.439998626708984,59.44499969482422,722,0.0,0.0
2024-10-07 14:33:00-04:00,59.42499923706055,59.42499923706055,59.400001525878906,59.400001525878906,991,0.0,0.0
2024-10-07 14:34:00-04:00,59.41999816894531,59.43000030517578,59.41999816894531,59.43000030517578,755,0.0,0.0
2024-10-07 14:35:00-04:00,59.400001525878906,59.400001525878906,59.369998931884766,59.369998931884766,797,0.0,0.0
2024-10-07 14:36:00-04:00,59.36000061035156,59.3650016784668,59.349998474121094,59.36240005493164,1863,0.0,0.0
2024-10-07 14:37:00-04:00,59.33000183105469,59.33000183105469,59.33000183105469,59.33000183105469,354,0.0,0.0
2024-10-07 14:38:00-04:00,59.31999969482422,59.349998474121094,59.31999969482422,59.349998474121094,1106,0.0,0.0
2024-10-07 14:39:00-04:00,59.334999084472656,59.34000015258789,59.334999084472656,59.34000015258789,667,0.0,0.0
2024-10-07 14:40:00-04:00,59.345001220703125,59.38999938964844,59.345001220703125,59.380001068115234,990,0.0,0.0
2024-10-07 14:41:00-04:00,59.36000061035156,59.36000061035156,59.349998474121094,59.349998474121094,751,0.0,0.0
2024-10-07 14:42:00-04:00,59.36000061035156,59.36000061035156,59.34000015258789,59.349998474121094,941,0.0,0.0
2024-10-07 14:43:00-04:00,59.35499954223633,59.36000061035156,59.35499954223633,59.36000061035156,502,0.0,0.0
2024-10-07 14:44:00-04:00,59.349998474121094,59.349998474121094,59.31999969482422,59.33000183105469,1313,0.0,0.0
2024-10-07 14:45:00-04:00,59.310001373291016,59.334999084472656,59.30500030517578,59.310001373291016,1729,0.0,0.0
2024-10-07 14:46:00-04:00,59.29999923706055,59.310001373291016,59.279998779296875,59.279998779296875,1987,0.0,0.0
2024-10-07 14:47:00-04:00,59.27000045776367,59.27000045776367,59.2400016784668,59.2400016784668,2584,0.0,0.0
2024-10-07 14:48:00-04:00,59.22999954223633,59.2599983215332,59.220001220703125,59.2599983215332,2081,0.0,0.0
2024-10-07 14:49:00-04:00,59.2599983215332,59.2599983215332,59.220001220703125,59.22999954223633,2061,0.0,0.0
2024-10-07 14:50:00-04:00,59.2400016784668,59.25,59.2400016784668,59.2400016784668,1417,0.0,0.0
2024-10-07 14:51:00-04:00,59.22999954223633,59.22999954223633,59.20000076293945,59.209999084472656,832,0.0,0.0
2024-10-07 14:52:00-04:00,59.22609329223633,59.2400016784668,59.22609329223633,59.2400016784668,1062,0.0,0.0
2024-10-07 14:53:00-04:00,59.2400016784668,59.25,59.2400016784668,59.2401008605957,1096,0.0,0.0
2024-10-07 14:54:00-04:00,59.2400016784668,59.27000045776367,59.2400016784668,59.27000045776367,1316,0.0,0.0
2024-10-07 14:55:00-04:00,59.27000045776367,59.279998779296875,59.22999954223633,59.22999954223633,2195,0.0,0.0
2024-10-07 14:56:00-04:00,59.220001220703125,59.2599983215332,59.220001220703125,59.2599983215332,1298,0.0,0.0
2024-10-07 14:57:00-04:00,59.25,59.27000045776367,59.25,59.25,1195,0.0,0.0
2024-10-07 14:58:00-04:00,59.27000045776367,59.27000045776367,59.2599983215332,59.2599983215332,719,0.0,0.0
2024-10-07 14:59:00-04:00,59.2599983215332,59.2599983215332,59.20000076293945,59.20000076293945,2463,0.0,0.0
2024-10-07 15:00:00-04:00,59.18000030517578,59.185001373291016,59.17340087890625,59.185001373291016,929,0.0,0.0
2024-10-07 15:01:00-04:00,59.150001525878906,59.18000030517578,59.150001525878906,59.18000030517578,1771,0.0,0.0
2024-10-07 15:02:00-04:00,59.18000030517578,59.189998626708984,59.18000030517578,59.189998626708984,1101,0.0,0.0
2024-10-07 15:03:00-04:00,59.189998626708984,59.220001220703125,59.18000030517578,59.220001220703125,1721,0.0,0.0
2024-10-07 15:04:00-04:00,59.209999084472656,59.220001220703125,59.209999084472656,59.220001220703125,1961,0.0,0.0
2024-10-07 15:05:00-04:00,59.220001220703125,59.2599983215332,59.220001220703125,59.2599983215332,1179,0.0,0.0
2024-10-07 15:06:00-04:00,59.26499938964844,59.27000045776367,59.26499938964844,59.27000045776367,2919,0.0,0.0
2024-10-07 15:07:00-04:00,59.275001525878906,59.279998779296875,59.27000045776367,59.275001525878906,2284,0.0,0.0
2024-10-07 15:08:00-04:00,59.279998779296875,59.290000915527344,59.279998779296875,59.290000915527344,1093,0.0,0.0
2024-10-07 15:09:00-04:00,59.30500030517578,59.30500030517578,59.290000915527344,59.29999923706055,1818,0.0,0.0
2024-10-07 15:10:00-04:00,59.310001373291016,59.310001373291016,59.2400016784668,59.25,2745,0.0,0.0
2024-10-07 15:11:00-04:00,59.28499984741211,59.28499984741211,59.28499984741211,59.28499984741211,2893,0.0,0.0
2024-10-07 15:12:00-04:00,59.28499984741211,59.33000183105469,59.28499984741211,59.33000183105469,1569,0.0,0.0
2024-10-07 15:13:00-04:00,59.33100128173828,59.33100128173828,59.2400016784668,59.2400016784668,3119,0.0,0.0
2024-10-07 15:14:00-04:00,59.23500061035156,59.26742172241211,59.23500061035156,59.26742172241211,1099,0.0,0.0
2024-10-07 15:15:00-04:00,59.29999923706055,59.29999923706055,59.290000915527344,59.290000915527344,867,0.0,0.0
2024-10-07 15:16:00-04:00,59.279998779296875,59.290000915527344,59.279998779296875,59.290000915527344,993,0.0,0.0
2024-10-07 15:17:00-04:00,59.31010055541992,59.31010055541992,59.29999923706055,59.310001373291016,1599,0.0,0.0
2024-10-07 15:18:00-04:00,59.314998626708984,59.31999969482422,59.314998626708984,59.31999969482422,1428,0.0,0.0
2024-10-07 15:19:00-04:00,59.31999969482422,59.31999969482422,59.31999969482422,59.31999969482422,318,0.0,0.0
2024-10-07 15:20:00-04:00,59.33000183105469,59.349998474121094,59.32500076293945,59.345001220703125,3730,0.0,0.0
2024-10-07 15:21:00-04:00,59.34000015258789,59.36000061035156,59.34000015258789,59.36000061035156,1264,0.0,0.0
2024-10-07 15:22:00-04:00,59.36000061035156,59.3650016784668,59.349998474121094,59.35499954223633,921,0.0,0.0
2024-10-07 15:23:00-04:00,59.36000061035156,59.36000061035156,59.349998474121094,59.36000061035156,1347,0.0,0.0
2024-10-07 15:24:00-04:00,59.36000061035156,59.3650016784668,59.35329818725586,59.3650016784668,1458,0.0,0.0
2024-10-07 15:25:00-04:00,59.369998931884766,59.369998931884766,59.36000061035156,59.369998931884766,1895,0.0,0.0
2024-10-07 15:26:00-04:00,59.3650016784668,59.380001068115234,59.3650016784668,59.380001068115234,2190,0.0,0.0
2024-10-07 15:27:00-04:00,59.3650016784668,59.369998931884766,59.36000061035156,59.369998931884766,2820,0.0,0.0
2024-10-07 15:28:00-04:00,59.369998931884766,59.369998931884766,59.369998931884766,59.369998931884766,2366,0.0,0.0
2024-10-07 15:29:00-04:00,59.36000061035156,59.369998931884766,59.35499954223633,59.35499954223633,2100,0.0,0.0
2024-10-07 15:30:00-04:00,59.369998931884766,59.369998931884766,59.29999923706055,59.31999969482422,3095,0.0,0.0
2024-10-07 15:31:00-04:00,59.32500076293945,59.34000015258789,59.32500076293945,59.33000183105469,2472,0.0,0.0
2024-10-07 15:32:00-04:00,59.31999969482422,59.31999969482422,59.310001373291016,59.310001373291016,2272,0.0,0.0
2024-10-07 15:33:00-04:00,59.29999923706055,59.310001373291016,59.290000915527344,59.310001373291016,1150,0.0,0.0
2024-10-07 15:34:00-04:00,59.29999923706055,59.32640075683594,59.29999923706055,59.31999969482422,2156,0.0,0.0
2024-10-07 15:35:00-04:00,59.31999969482422,59.31999969482422,59.29999923706055,59.310001373291016,2727,0.0,0.0
2024-10-07 15:36:00-04:00,59.29499816894531,59.31999969482422,59.29499816894531,59.314998626708984,2894,0.0,0.0
2024-10-07 15:37:00-04:00,59.31999969482422,59.349998474121094,59.31999969482422,59.349998474121094,1060,0.0,0.0
2024-10-07 15:38:00-04:00,59.34000015258789,59.34000015258789,59.33000183105469,59.34000015258789,1769,0.0,0.0
2024-10-07 15:39:00-04:00,59.33000183105469,59.34000015258789,59.310001373291016,59.334999084472656,2333,0.0,0.0
2024-10-07 15:40:00-04:00,59.34000015258789,59.34000015258789,59.290000915527344,59.29999923706055,2554,0.0,0.0
2024-10-07 15:41:00-04:00,59.30500030517578,59.349998474121094,59.29999923706055,59.34000015258789,2674,0.0,0.0
2024-10-07 15:42:00-04:00,59.34000015258789,59.40999984741211,59.34000015258789,59.369998931884766,7806,0.0,0.0
2024-10-07 15:43:00-04:00,59.400001525878906,59.43000030517578,59.38999938964844,59.40999984741211,3619,0.0,0.0
2024-10-07 15:44:00-04:00,59.41999816894531,59.45000076293945,59.40999984741211,59.45000076293945,1786,0.0,0.0
2024-10-07 15:45:00-04:00,59.45000076293945,59.46500015258789,59.43000030517578,59.43000030517578,2728,0.0,0.0
2024-10-07 15:46:00-04:00,59.435001373291016,59.45000076293945,59.43000030517578,59.44029998779297,4291,0.0,0.0
2024-10-07 15:47:00-04:00,59.45000076293945,59.45500183105469,59.41999816894531,59.435001373291016,14807,0.0,0.0
2024-10-07 15:48:00-04:00,59.43000030517578,59.45500183105469,59.42499923706055,59.45500183105469,4925,0.0,0.0
2024-10-07 15:49:00-04:00,59.45000076293945,59.48500061035156,59.45000076293945,59.48500061035156,5219,0.0,0.0
2024-10-07 15:50:00-04:00,59.4900016784668,59.61000061035156,59.4900016784668,59.55500030517578,11422,0.0,0.0
2024-10-07 15:51:00-04:00,59.560001373291016,59.58000183105469,59.560001373291016,59.57500076293945,7321,0.0,0.0
2024-10-07 15:52:00-04:00,59.56999969482422,59.59000015258789,59.56999969482422,59.58000183105469,6077,0.0,0.0
2024-10-07 15:53:00-04:00,59.59000015258789,59.625,59.59000015258789,59.625,4735,0.0,0.0
2024-10-07 15:54:00-04:00,59.625,59.625,59.61000061035156,59.61000061035156,14153,0.0,0.0
2024-10-07 15:55:00-04:00,59.61000061035156,59.68000030517578,59.57500076293945,59.65999984741211,20821,0.0,0.0
2024-10-07 15:56:00-04:00,59.630001068115234,59.63999938964844,59.5099983215332,59.51499938964844,23447,0.0,0.0
2024-10-07 15:57:00-04:00,59.5099983215332,59.540000915527344,59.5,59.52000045776367,14542,0.0,0.0
2024-10-07 15:58:00-04:00,59.5099983215332,59.5099983215332,59.459999084472656,59.5,29675,0.0,0.0
2024-10-07 15:59:00-04:00,59.5,59.630001068115234,59.494998931884766,59.619998931884766,56267,0.0,0.0
2024-10-08 09:30:00-04:00,59.0,59.369998931884766,59.0,59.08000183105469,20909,0.0,0.0
2024-10-08 09:31:00-04:00,59.1150016784668,59.25,59.1150016784668,59.2400016784668,3620,0.0,0.0
2024-10-08 09:32:00-04:00,59.247501373291016,59.349998474121094,59.130001068115234,59.13999938964844,6365,0.0,0.0
2024-10-08 09:33:00-04:00,59.14500045776367,59.20000076293945,59.14500045776367,59.20000076293945,1048,0.0,0.0
2024-10-08 09:34:00-04:00,59.220001220703125,59.25,59.189998626708984,59.25,985,0.0,0.0
2024-10-08 09:35:00-04:00,59.29999923706055,59.439998626708984,59.29999923706055,59.439998626708984,2960,0.0,0.0
2024-10-08 09:36:00-04:00,59.52000045776367,59.599998474121094,59.5099983215332,59.5099983215332,7232,0.0,0.0
2024-10-08 09:37:00-04:00,59.529998779296875,59.540000915527344,59.459999084472656,59.459999084472656,1286,0.0,0.0
2024-10-08 09:38:00-04:00,59.45000076293945,59.560001373291016,59.43000030517578,59.525001525878906,1252,0.0,0.0
2024-10-08 09:39:00-04:00,59.43000030517578,59.4900016784668,59.400001525878906,59.439998626708984,1616,0.0,0.0
2024-10-08 09:40:00-04:00,59.38999938964844,59.439998626708984,59.36000061035156,59.439998626708984,1525,0.0,0.0
2024-10-08 09:41:00-04:00,59.49800109863281,59.564998626708984,59.4900016784668,59.564998626708984,1235,0.0,0.0
2024-10-08 09:42:00-04:00,59.54999923706055,59.54999923706055,59.54999923706055,59.54999923706055,306,0.0,0.0
2024-10-08 09:43:00-04:00,59.58000183105469,59.58000183105469,59.540000915527344,59.540000915527344,970,0.0,0.0
2024-10-08 09:44:00-04:00,59.5099983215332,59.5099983215332,59.459999084472656,59.459999084472656,551,0.0,0.0
2024-10-08 09:45:00-04:00,59.56999969482422,59.56999969482422,59.56999969482422,59.56999969482422,530,0.0,0.0
2024-10-08 09:46:00-04:00,59.59000015258789,59.59000015258789,59.560001373291016,59.57500076293945,569,0.0,0.0
2024-10-08 09:47:00-04:00,59.54999923706055,59.560001373291016,59.54999923706055,59.560001373291016,701,0.0,0.0
2024-10-08 09:48:00-04:00,59.59489822387695,59.59489822387695,59.540000915527344,59.564998626708984,741,0.0,0.0
2024-10-08 09:49:00-04:00,59.54999923706055,59.59000015258789,59.54999923706055,59.59000015258789,323,0.0,0.0
2024-10-08 09:50:00-04:00,59.5525016784668,59.5525016784668,59.47999954223633,59.5,5762,0.0,0.0
2024-10-08 09:51:00-04:00,59.5099983215332,59.5099983215332,59.5099983215332,59.5099983215332,1670,0.0,0.0
2024-10-08 09:52:00-04:00,59.5,59.529998779296875,59.5,59.529998779296875,212,0.0,0.0
2024-10-08 09:53:00-04:00,59.560001373291016,59.560001373291016,59.459999084472656,59.459999084472656,1268,0.0,0.0
2024-10-08 09:54:00-04:00,59.380001068115234,59.42499923706055,59.369998931884766,59.42499923706055,1842,0.0,0.0
2024-10-08 09:55:00-04:00,59.400001525878906,59.43000030517578,59.369998931884766,59.43000030517578,1011,0.0,0.0
2024-10-08 09:56:00-04:00,59.38999938964844,59.400001525878906,59.38999938964844,59.400001525878906,528,0.0,0.0
2024-10-08 09:57:00-04:00,59.40999984741211,59.40999984741211,59.40999984741211,59.40999984741211,264,0.0,0.0
2024-10-08 09:58:00-04:00,59.429901123046875,59.429901123046875,59.400001525878906,59.415000915527344,1034,0.0,0.0
2024-10-08 09:59:00-04:00,59.439998626708984,59.45109939575195,59.40999984741211,59.45109939575195,802,0.0,0.0
2024-10-08 10:00:00-04:00,59.439998626708984,59.47999954223633,59.43000030517578,59.47999954223633,2330,0.0,0.0
2024-10-08 10:01:00-04:00,59.459999084472656,59.525001525878906,59.459999084472656,59.5,1284,0.0,0.0
2024-10-08 10:02:00-04:00,59.5,59.53499984741211,59.5,59.53499984741211,736,0.0,0.0
2024-10-08 10:03:00-04:00,59.5099983215332,59.5099983215332,59.4900016784668,59.505001068115234,639,0.0,0.0
2024-10-08 10:04:00-04:00,59.4900016784668,59.54999923706055,59.4900016784668,59.52000045776367,1387,0.0,0.0
2024-10-08 10:05:00-04:00,59.525001525878906,59.525001525878906,59.470001220703125,59.470001220703125,1038,0.0,0.0
2024-10-08 10:06:00-04:00,59.45000076293945,59.459999084472656,59.439998626708984,59.45000076293945,2233,0.0,0.0
2024-10-08 10:07:00-04:00,59.45000076293945,59.51499938964844,59.45000076293945,59.51499938964844,1424,0.0,0.0
2024-10-08 10:08:00-04:00,59.459999084472656,59.470001220703125,59.41999816894531,59.470001220703125,530,0.0,0.0
2024-10-08 10:09:00-04:00,59.45000076293945,59.470001220703125,59.45000076293945,59.470001220703125,446,0.0,0.0
2024-10-08 10:10:00-04:00,59.439998626708984,59.439998626708984,59.40999984741211,59.40999984741211,749,0.0,0.0
2024-10-08 10:11:00-04:00,59.400001525878906,59.474998474121094,59.380001068115234,59.474998474121094,5690,0.0,0.0
2024-10-08 10:12:00-04:00,59.47999954223633,59.47999954223633,59.45000076293945,59.45000076293945,284,0.0,0.0
2024-10-08 10:13:00-04:00,59.43000030517578,59.43000030517578,59.380001068115234,59.380001068115234,1163,0.0,0.0
2024-10-08 10:14:00-04:00,59.345001220703125,59.345001220703125,59.31999969482422,59.31999969482422,357,0.0,0.0
2024-10-08 10:15:00-04:00,59.279998779296875,59.279998779296875,59.27000045776367,59.27000045776367,705,0.0,0.0
2024-10-08 10:16:00-04:00,59.375,59.375,59.35139846801758,59.35139846801758,710,0.0,0.0
2024-10-08 10:17:00-04:00,59.369998931884766,59.369998931884766,59.36000061035156,59.36000061035156,224,0.0,0.0
2024-10-08 10:18:00-04:00,59.380001068115234,59.41389846801758,59.380001068115234,59.41389846801758,250,0.0,0.0
2024-10-08 10:19:00-04:00,59.38999938964844,59.40999984741211,59.38999938964844,59.40999984741211,781,0.0,0.0
2024-10-08 10:20:00-04:00,59.439998626708984,59.45000076293945,59.43000030517578,59.45000076293945,402,0.0,0.0
2024-10-08 10:21:00-04:00,59.470001220703125,59.48500061035156,59.470001220703125,59.48500061035156,1010,0.0,0.0
2024-10-08 10:22:00-04:00,59.45000076293945,59.45000076293945,59.36000061035156,59.404998779296875,1655,0.0,0.0
2024-10-08 10:23:00-04:00,59.29999923706055,59.36000061035156,59.29999923706055,59.34000015258789,949,0.0,0.0
2024-10-08 10:24:00-04:00,59.404998779296875,59.41999816894531,59.404998779296875,59.41999816894531,617,0.0,0.0
2024-10-08 10:25:00-04:00,59.400001525878906,59.400001525878906,59.38999938964844,59.38999938964844,1141,0.0,0.0
2024-10-08 10:26:00-04:00,59.290000915527344,59.32379913330078,59.279998779296875,59.279998779296875,710,0.0,0.0
2024-10-08 10:27:00-04:00,59.27000045776367,59.27000045776367,59.209999084472656,59.22999954223633,3784,0.0,0.0
2024-10-08 10:28:00-04:00,59.209999084472656,59.244998931884766,59.18000030517578,59.18000030517578,6738,0.0,0.0
2024-10-08 10:29:00-04:00,59.16999816894531,59.16999816894531,59.16999816894531,59.16999816894531,852,0.0,0.0
2024-10-08 10:30:00-04:00,59.150001525878906,59.15999984741211,59.06999969482422,59.06999969482422,3924,0.0,0.0
2024-10-08 10:31:00-04:00,59.09000015258789,59.165000915527344,59.09000015258789,59.130001068115234,2916,0.0,0.0
2024-10-08 10:32:00-04:00,59.119998931884766,59.119998931884766,59.04999923706055,59.060001373291016,1559,0.0,0.0
2024-10-08 10:33:00-04:00,59.07490158081055,59.07490158081055,59.0099983215332,59.017398834228516,2342,0.0,0.0
2024-10-08 10:34:00-04:00,59.03499984741211,59.03499984741211,58.970001220703125,58.97999954223633,7344,0.0,0.0
2024-10-08 10:35:00-04:00,58.994998931884766,59.02000045776367,58.959999084472656,58.959999084472656,3109,0.0,0.0
2024-10-08 10:36:00-04:00,58.9900016784668,58.9900016784668,58.88999938964844,58.90010070800781,15235,0.0,0.0
2024-10-08 10:37:00-04:00,58.93000030517578,58.93000030517578,58.83000183105469,58.869998931884766,3739,0.0,0.0
2024-10-08 10:38:00-04:00,58.900001525878906,58.900001525878906,58.88999938964844,58.890098571777344,1274,0.0,0.0
2024-10-08 10:39:00-04:00,58.939998626708984,58.989898681640625,58.939998626708984,58.972900390625,3073,0.0,0.0
2024-10-08 10:40:00-04:00,58.93000030517578,59.0,58.93000030517578,59.0,6496,0.0,0.0
2024-10-08 10:41:00-04:00,58.970001220703125,58.9900016784668,58.93000030517578,58.93000030517578,6096,0.0,0.0
2024-10-08 10:42:00-04:00,58.95000076293945,59.15999984741211,58.93000030517578,59.15999984741211,4794,0.0,0.0
2024-10-08 10:43:00-04:00,59.189998626708984,59.20000076293945,59.040000915527344,59.040000915527344,7992,0.0,0.0
2024-10-08 10:44:00-04:00,59.08000183105469,59.08000183105469,59.06999969482422,59.06999969482422,1470,0.0,0.0
2024-10-08 10:45:00-04:00,59.060001373291016,59.060001373291016,59.0099983215332,59.02000045776367,1166,0.0,0.0
2024-10-08 10:46:00-04:00,58.97999954223633,59.04410171508789,58.970001220703125,59.04410171508789,2558,0.0,0.0
2024-10-08 10:47:00-04:00,59.0,59.029998779296875,59.0,59.029998779296875,629,0.0,0.0
2024-10-08 10:48:00-04:00,59.02000045776367,59.05160140991211,58.9900016784668,59.0,1269,0.0,0.0
2024-10-08 10:49:00-04:00,59.060001373291016,59.07500076293945,59.060001373291016,59.07500076293945,684,0.0,0.0
2024-10-08 10:50:00-04:00,59.040000915527344,59.040000915527344,58.97999954223633,59.0,1129,0.0,0.0
2024-10-08 10:51:00-04:00,59.0099983215332,59.029998779296875,59.0099983215332,59.01499938964844,1242,0.0,0.0
2024-10-08 10:52:00-04:00,59.02000045776367,59.040000915527344,59.0099983215332,59.0099983215332,948,0.0,0.0
2024-10-08 10:53:00-04:00,59.0099983215332,59.060001373291016,59.0099983215332,59.033599853515625,789,0.0,0.0
2024-10-08 10:54:00-04:00,59.04999923706055,59.08000183105469,59.029998779296875,59.08000183105469,2053,0.0,0.0
2024-10-08 10:55:00-04:00,59.099998474121094,59.109901428222656,59.06999969482422,59.099998474121094,1589,0.0,0.0
2024-10-08 10:56:00-04:00,59.04999923706055,59.06999969482422,59.02000045776367,59.060001373291016,1492,0.0,0.0
2024-10-08 10:57:00-04:00,59.04999923706055,59.06999969482422,59.029998779296875,59.060001373291016,1083,0.0,0.0
2024-10-08 10:58:00-04:00,59.040000915527344,59.060001373291016,59.040000915527344,59.05500030517578,777,0.0,0.0
2024-10-08 10:59:00-04:00,59.06999969482422,59.09000015258789,59.064998626708984,59.09000015258789,1603,0.0,0.0
2024-10-08 11:00:00-04:00,59.060001373291016,59.06999969482422,59.060001373291016,59.060001373291016,1026,0.0,0.0
2024-10-08 11:01:00-04:00,59.029998779296875,59.034000396728516,58.966861724853516,58.974998474121094,2631,0.0,0.0
2024-10-08 11:02:00-04:00,58.9900016784668,59.01499938964844,58.9900016784668,59.0,1184,0.0,0.0
2024-10-08 11:03:00-04:00,59.0,59.0,58.970001220703125,58.970001220703125,839,0.0,0.0
2024-10-08 11:04:00-04:00,59.02000045776367,59.06999969482422,59.0099983215332,59.06999969482422,1887,0.0,0.0
2024-10-08 11:05:00-04:00,59.10499954223633,59.119998931884766,59.06999969482422,59.07500076293945,1585,0.0,0.0
2024-10-08 11:06:00-04:00,59.02000045776367,59.02000045776367,58.95000076293945,58.97999954223633,2739,0.0,0.0
2024-10-08 11:07:00-04:00,58.970001220703125,58.970001220703125,58.95000076293945,58.970001220703125,461,0.0,0.0
2024-10-08 11:08:00-04:00,58.95800018310547,59.029998779296875,58.95800018310547,59.02000045776367,2599,0.0,0.0
2024-10-08 11:09:00-04:00,59.02000045776367,59.060001373291016,59.02000045776367,59.04999923706055,1823,0.0,0.0
2024-10-08 11:10:00-04:00,59.04499816894531,59.04499816894531,59.04499816894531,59.04499816894531,937,0.0,0.0
2024-10-08 11:11:00-04:00,59.0099983215332,59.040000915527344,58.9900016784668,59.0,2031,0.0,0.0
2024-10-08 11:12:00-04:00,58.9900016784668,59.005001068115234,58.9900016784668,58.9900016784668,817,0.0,0.0
2024-10-08 11:13:00-04:00,58.9900016784668,58.9900016784668,58.9900016784668,58.9900016784668,786,0.0,0.0
2024-10-08 11:14:00-04:00,58.9900016784668,59.02000045776367,58.970001220703125,59.0099983215332,1510,0.0,0.0
2024-10-08 11:15:00-04:00,59.01499938964844,59.060001373291016,59.000099182128906,59.060001373291016,4935,0.0,0.0
2024-10-08 11:16:00-04:00,59.06999969482422,59.09000015258789,59.06999969482422,59.08000183105469,512,0.0,0.0
2024-10-08 11:17:00-04:00,59.09000015258789,59.09000015258789,59.060001373291016,59.09000015258789,1210,0.0,0.0
2024-10-08 11:18:00-04:00,59.09000015258789,59.09000015258789,59.09000015258789,59.09000015258789,1051,0.0,0.0
2024-10-08 11:19:00-04:00,59.06999969482422,59.13999938964844,59.06999969482422,59.13999938964844,2110,0.0,0.0
2024-10-08 11:20:00-04:00,59.08000183105469,59.08000183105469,59.077999114990234,59.08000183105469,960,0.0,0.0
2024-10-08 11:21:00-04:00,59.07500076293945,59.08000183105469,59.040000915527344,59.04999923706055,2647,0.0,0.0
2024-10-08 11:22:00-04:00,59.02000045776367,59.02000045776367,58.900001525878906,58.900001525878906,1500,0.0,0.0
2024-10-08 11:23:00-04:00,58.95000076293945,58.98500061035156,58.93000030517578,58.97999954223633,1448,0.0,0.0
2024-10-08 11:24:00-04:00,58.93000030517578,58.939998626708984,58.93000030517578,58.939998626708984,970,0.0,0.0
2024-10-08 11:25:00-04:00,58.904998779296875,58.90599822998047,58.88999938964844,58.89500045776367,1346,0.0,0.0
2024-10-08 11:26:00-04:00,58.900001525878906,58.91999816894531,58.900001525878906,58.91402816772461,1595,0.0,0.0
2024-10-08 11:27:00-04:00,58.93000030517578,58.970001220703125,58.93000030517578,58.94499969482422,950,0.0,0.0
2024-10-08 11:28:00-04:00,58.939998626708984,58.939998626708984,58.915000915527344,58.915000915527344,818,0.0,0.0
2024-10-08 11:29:00-04:00,58.93000030517578,58.93000030517578,58.86000061035156,58.86000061035156,1816,0.0,0.0
2024-10-08 11:30:00-04:00,58.86000061035156,58.869998931884766,58.83000183105469,58.869998931884766,3605,0.0,0.0
2024-10-08 11:31:00-04:00,58.849998474121094,58.880001068115234,58.849998474121094,58.880001068115234,1676,0.0,0.0
2024-10-08 11:32:00-04:00,58.81999969482422,58.845001220703125,58.779998779296875,58.779998779296875,1156,0.0,0.0
2024-10-08 11:33:00-04:00,58.77000045776367,58.78499984741211,58.75,58.77000045776367,6708,0.0,0.0
2024-10-08 11:34:00-04:00,58.77989959716797,58.790000915527344,58.75,58.790000915527344,7414,0.0,0.0
2024-10-08 11:35:00-04:00,58.78499984741211,58.810001373291016,58.7400016784668,58.7400016784668,3550,0.0,0.0
2024-10-08 11:36:00-04:00,58.72999954223633,58.77000045776367,58.72999954223633,58.77000045776367,1236,0.0,0.0
2024-10-08 11:37:00-04:00,58.775001525878906,58.83000183105469,58.775001525878906,58.79999923706055,6070,0.0,0.0
2024-10-08 11:38:00-04:00,58.79999923706055,58.84000015258789,58.79999923706055,58.84000015258789,1298,0.0,0.0
2024-10-08 11:39:00-04:00,58.84000015258789,58.84000015258789,58.83000183105469,58.83000183105469,597,0.0,0.0
2024-10-08 11:40:00-04:00,58.810001373291016,58.849998474121094,58.810001373291016,58.849998474121094,1163,0.0,0.0
2024-10-08 11:41:00-04:00,58.810001373291016,58.84000015258789,58.810001373291016,58.82529830932617,1490,0.0,0.0
2024-10-08 11:42:00-04:00,58.79999923706055,58.79999923706055,58.7400016784668,58.76499938964844,2109,0.0,0.0
2024-10-08 11:43:00-04:00,58.77000045776367,58.790000915527344,58.7599983215332,58.790000915527344,1591,0.0,0.0
2024-10-08 11:44:00-04:00,58.79999923706055,58.81999969482422,58.79999923706055,58.81999969482422,855,0.0,0.0
2024-10-08 11:45:00-04:00,58.81999969482422,58.82500076293945,58.80780029296875,58.82500076293945,1155,0.0,0.0
2024-10-08 11:46:00-04:00,58.86000061035156,58.86000061035156,58.86000061035156,58.86000061035156,706,0.0,0.0
2024-10-08 11:47:00-04:00,58.88999938964844,58.89500045776367,58.88999938964844,58.89500045776367,653,0.0,0.0
2024-10-08 11:48:00-04:00,58.88750076293945,58.935001373291016,58.88750076293945,58.915000915527344,2328,0.0,0.0
2024-10-08 11:49:00-04:00,58.93000030517578,58.95000076293945,58.905399322509766,58.95000076293945,1342,0.0,0.0
2024-10-08 11:50:00-04:00,58.959598541259766,58.970001220703125,58.91999816894531,58.95000076293945,10068,0.0,0.0
2024-10-08 11:51:00-04:00,58.939998626708984,58.959999084472656,58.92660140991211,58.959999084472656,761,0.0,0.0
2024-10-08 11:52:00-04:00,58.91999816894531,58.9900016784668,58.91999816894531,58.9900016784668,996,0.0,0.0
2024-10-08 11:53:00-04:00,58.98500061035156,58.98500061035156,58.98500061035156,58.98500061035156,200,0.0,0.0
2024-10-08 11:54:00-04:00,58.980098724365234,58.980098724365234,58.970001220703125,58.970001220703125,1443,0.0,0.0
2024-10-08 11:55:00-04:00,58.970001220703125,59.0,58.970001220703125,59.0,6384,0.0,0.0
2024-10-08 11:56:00-04:00,58.9900016784668,59.029998779296875,58.9900016784668,59.01499938964844,2638,0.0,0.0
2024-10-08 11:57:00-04:00,58.9900016784668,59.0,58.9900016784668,59.0,516,0.0,0.0
2024-10-08 11:58:00-04:00,59.0,59.005001068115234,58.9900016784668,58.9900016784668,984,0.0,0.0
2024-10-08 11:59:00-04:00,58.970001220703125,58.98500061035156,58.970001220703125,58.98500061035156,1616,0.0,0.0
2024-10-08 12:00:00-04:00,59.0,59.025001525878906,59.0,59.025001525878906,1730,0.0,0.0
2024-10-08 12:01:00-04:00,59.02000045776367,59.02000045776367,59.0,59.0,717,0.0,0.0
2024-10-08 12:02:00-04:00,59.040000915527344,59.04999923706055,59.0099983215332,59.0099983215332,1427,0.0,0.0
2024-10-08 12:03:00-04:00,59.02000045776367,59.025001525878906,58.9900016784668,58.9900016784668,1785,0.0,0.0
2024-10-08 12:04:00-04:00,58.97999954223633,59.0,58.970001220703125,58.970001220703125,1295,0.0,0.0
2024-10-08 12:05:00-04:00,58.970001220703125,59.0099983215332,58.970001220703125,59.005001068115234,1105,0.0,0.0
2024-10-08 12:06:00-04:00,59.032501220703125,59.032501220703125,59.032501220703125,59.032501220703125,290,0.0,0.0
2024-10-08 12:07:00-04:00,59.02000045776367,59.029998779296875,59.0099983215332,59.029998779296875,976,0.0,0.0
2024-10-08 12:08:00-04:00,59.040000915527344,59.06999969482422,59.040000915527344,59.04999923706055,1124,0.0,0.0
2024-10-08 12:09:00-04:00,59.06999969482422,59.06999969482422,59.04999923706055,59.04999923706055,808,0.0,0.0
2024-10-08 12:10:00-04:00,59.060001373291016,59.09000015258789,59.060001373291016,59.06999969482422,1714,0.0,0.0
2024-10-08 12:11:00-04:00,59.064998626708984,59.064998626708984,59.04999923706055,59.04999923706055,552,0.0,0.0
2024-10-08 12:12:00-04:00,59.08000183105469,59.09000015258789,59.060001373291016,59.08000183105469,1103,0.0,0.0
2024-10-08 12:13:00-04:00,59.06999969482422,59.09000015258789,59.060001373291016,59.09000015258789,1709,0.0,0.0
2024-10-08 12:14:00-04:00,59.060001373291016,59.06999969482422,59.060001373291016,59.06999969482422,606,0.0,0.0
2024-10-08 12:15:00-04:00,59.04999923706055,59.08000183105469,59.04999923706055,59.08000183105469,1500,0.0,0.0
2024-10-08 12:16:00-04:00,59.099998474121094,59.099998474121094,59.09922790527344,59.09922790527344,1346,0.0,0.0
2024-10-08 12:17:00-04:00,59.099998474121094,59.209999084472656,59.099998474121094,59.209999084472656,5036,0.0,0.0
2024-10-08 12:18:00-04:00,59.20000076293945,59.209999084472656,59.19499969482422,59.209999084472656,1611,0.0,0.0
2024-10-08 12:19:00-04:00,59.22999954223633,59.22999954223633,59.22999954223633,59.22999954223633,131,0.0,0.0
2024-10-08 12:20:00-04:00,59.225399017333984,59.225399017333984,59.160099029541016,59.165000915527344,1967,0.0,0.0
2024-10-08 12:21:00-04:00,59.15739822387695,59.16999816894531,59.15739822387695,59.16999816894531,1092,0.0,0.0
2024-10-08 12:22:00-04:00,59.16999816894531,59.16999816894531,59.15999984741211,59.165000915527344,1055,0.0,0.0
2024-10-08 12:23:00-04:00,59.18000030517578,59.18000030517578,59.15999984741211,59.18000030517578,684,0.0,0.0
2024-10-08 12:24:00-04:00,59.16999816894531,59.18000030517578,59.16999816894531,59.16999816894531,1837,0.0,0.0
2024-10-08 12:25:00-04:00,59.15999984741211,59.18000030517578,59.15999984741211,59.18000030517578,236,0.0,0.0
2024-10-08 12:26:00-04:00,59.18000030517578,59.189998626708984,59.18000030517578,59.18009948730469,948,0.0,0.0
2024-10-08 12:27:00-04:00,59.18000030517578,59.20000076293945,59.18000030517578,59.20000076293945,741,0.0,0.0
2024-10-08 12:28:00-04:00,59.220001220703125,59.22999954223633,59.220001220703125,59.220001220703125,1275,0.0,0.0
2024-10-08 12:29:00-04:00,59.22999954223633,59.22999954223633,59.22999954223633,59.22999954223633,381,0.0,0.0
2024-10-08 12:30:00-04:00,59.209999084472656,59.209999084472656,59.18000030517578,59.18320083618164,1666,0.0,0.0
2024-10-08 12:31:00-04:00,59.20500183105469,59.20500183105469,59.20000076293945,59.20000076293945,268,0.0,0.0
2024-10-08 12:32:00-04:00,59.209999084472656,59.220001220703125,59.209999084472656,59.220001220703125,430,0.0,0.0
2024-10-08 12:33:00-04:00,59.22999954223633,59.27000045776367,59.22999954223633,59.2400016784668,1441,0.0,0.0
2024-10-08 12:35:00-04:00,59.23500061035156,59.23500061035156,59.189998626708984,59.189998626708984,1614,0.0,0.0
2024-10-08 12:36:00-04:00,59.189998626708984,59.189998626708984,59.16999816894531,59.18000030517578,1763,0.0,0.0
2024-10-08 12:37:00-04:00,59.18000030517578,59.189998626708984,59.18000030517578,59.185001373291016,665,0.0,0.0
2024-10-08 12:38:00-04:00,59.16999816894531,59.18000030517578,59.16999816894531,59.18000030517578,826,0.0,0.0
2024-10-08 12:39:00-04:00,59.189998626708984,59.189998626708984,59.189998626708984,59.189998626708984,428,0.0,0.0
2024-10-08 12:40:00-04:00,59.189998626708984,59.189998626708984,59.15999984741211,59.15999984741211,1049,0.0,0.0
2024-10-08 12:41:00-04:00,59.1619987487793,59.165000915527344,59.130001068115234,59.130001068115234,813,0.0,0.0
2024-10-08 12:42:00-04:00,59.13199996948242,59.150001525878906,59.13199996948242,59.150001525878906,652,0.0,0.0
2024-10-08 12:43:00-04:00,59.099998474121094,59.119998931884766,59.099998474121094,59.099998474121094,674,0.0,0.0
2024-10-08 12:44:00-04:00,59.11000061035156,59.119998931884766,59.11000061035156,59.1150016784668,978,0.0,0.0
2024-10-08 12:45:00-04:00,59.119998931884766,59.13999938964844,59.09000015258789,59.09000015258789,3314,0.0,0.0
2024-10-08 12:46:00-04:00,59.07500076293945,59.125,59.060001373291016,59.10749816894531,3624,0.0,0.0
2024-10-08 12:47:00-04:00,59.125,59.125,59.11000061035156,59.11000061035156,505,0.0,0.0
2024-10-08 12:48:00-04:00,59.099998474121094,59.099998474121094,59.029998779296875,59.029998779296875,2165,0.0,0.0
2024-10-08 12:49:00-04:00,59.025001525878906,59.029998779296875,59.0,59.029998779296875,1274,0.0,0.0
2024-10-08 12:50:00-04:00,59.025001525878906,59.06999969482422,59.025001525878906,59.06999969482422,1416,0.0,0.0
2024-10-08 12:51:00-04:00,59.04999923706055,59.04999923706055,59.04999923706055,59.04999923706055,366,0.0,0.0
2024-10-08 12:52:00-04:00,59.04999923706055,59.060001373291016,59.025001525878906,59.060001373291016,1952,0.0,0.0
2024-10-08 12:53:00-04:00,59.029998779296875,59.06999969482422,59.0099983215332,59.06999969482422,2004,0.0,0.0
2024-10-08 12:54:00-04:00,59.05500030517578,59.05500030517578,59.05500030517578,59.05500030517578,422,0.0,0.0
2024-10-08 12:55:00-04:00,59.06999969482422,59.06999969482422,59.06999969482422,59.06999969482422,524,0.0,0.0
2024-10-08 12:56:00-04:00,59.06999969482422,59.06999969482422,59.040000915527344,59.060001373291016,1266,0.0,0.0
2024-10-08 12:57:00-04:00,59.07500076293945,59.084999084472656,59.07500076293945,59.084999084472656,713,0.0,0.0
2024-10-08 12:58:00-04:00,59.04999923706055,59.060001373291016,59.04999923706055,59.060001373291016,1399,0.0,0.0
2024-10-08 12:59:00-04:00,59.08000183105469,59.08000183105469,59.040000915527344,59.040000915527344,3105,0.0,0.0
2024-10-08 13:00:00-04:00,59.040000915527344,59.040000915527344,59.02000045776367,59.02000045776367,1593,0.0,0.0
2024-10-08 13:01:00-04:00,59.029998779296875,59.029998779296875,59.0,59.0,1122,0.0,0.0
2024-10-08 13:02:00-04:00,58.97999954223633,58.9900016784668,58.959999084472656,58.959999084472656,765,0.0,0.0
2024-10-08 13:03:00-04:00,58.974998474121094,58.97999954223633,58.959999084472656,58.959999084472656,788,0.0,0.0
2024-10-08 13:04:00-04:00,58.970001220703125,58.97999954223633,58.959999084472656,58.97999954223633,2093,0.0,0.0
2024-10-08 13:05:00-04:00,58.959999084472656,58.970001220703125,58.959999084472656,58.970001220703125,1070,0.0,0.0
2024-10-08 13:06:00-04:00,58.970001220703125,59.02000045776367,58.970001220703125,59.02000045776367,653,0.0,0.0
2024-10-08 13:07:00-04:00,59.0099983215332,59.04999923706055,59.0099983215332,59.04999923706055,1280,0.0,0.0
2024-10-08 13:08:00-04:00,59.05500030517578,59.05500030517578,59.02000045776367,59.04999923706055,2230,0.0,0.0
2024-10-08 13:09:00-04:00,59.03990173339844,59.099998474121094,59.0099983215332,59.09000015258789,3348,0.0,0.0
2024-10-08 13:10:00-04:00,59.060001373291016,59.09000015258789,59.060001373291016,59.08000183105469,1128,0.0,0.0
2024-10-08 13:11:00-04:00,59.09000015258789,59.09000015258789,59.06999969482422,59.08000183105469,822,0.0,0.0
2024-10-08 13:12:00-04:00,59.09000015258789,59.13999938964844,59.09000015258789,59.119998931884766,1644,0.0,0.0
2024-10-08 13:13:00-04:00,59.11000061035156,59.11000061035156,59.040000915527344,59.06999969482422,2126,0.0,0.0
2024-10-08 13:14:00-04:00,59.04999923706055,59.04999923706055,59.02000045776367,59.040000915527344,2058,0.0,0.0
2024-10-08 13:15:00-04:00,59.0099983215332,59.040000915527344,59.0099983215332,59.040000915527344,1697,0.0,0.0
2024-10-08 13:16:00-04:00,59.09000015258789,59.09000015258789,59.09000015258789,59.09000015258789,698,0.0,0.0
2024-10-08 13:17:00-04:00,59.060001373291016,59.060001373291016,59.040000915527344,59.04999923706055,1784,0.0,0.0
2024-10-08 13:18:00-04:00,59.060001373291016,59.099998474121094,59.060001373291016,59.099998474121094,1146,0.0,0.0
2024-10-08 13:19:00-04:00,59.119998931884766,59.119998931884766,59.08000183105469,59.08000183105469,412,0.0,0.0
2024-10-08 13:20:00-04:00,59.08000183105469,59.084999084472656,59.06999969482422,59.08000183105469,1658,0.0,0.0
2024-10-08 13:21:00-04:00,59.11000061035156,59.118499755859375,59.11000061035156,59.118499755859375,397,0.0,0.0
2024-10-08 13:22:00-04:00,59.130001068115234,59.150001525878906,59.130001068115234,59.130001068115234,1120,0.0,0.0
2024-10-08 13:23:00-04:00,59.13999938964844,59.15999984741211,59.125,59.150001525878906,1736,0.0,0.0
2024-10-08 13:24:00-04:00,59.15999984741211,59.15999984741211,59.15999984741211,59.15999984741211,449,0.0,0.0
2024-10-08 13:25:00-04:00,59.16999816894531,59.17499923706055,59.16999816894531,59.17499923706055,1056,0.0,0.0
2024-10-08 13:27:00-04:00,59.189998626708984,59.209999084472656,59.17599868774414,59.189998626708984,4054,0.0,0.0
2024-10-08 13:28:00-04:00,59.15999984741211,59.16999816894531,59.15999984741211,59.16999816894531,1165,0.0,0.0
2024-10-08 13:29:00-04:00,59.18000030517578,59.189998626708984,59.18000030517578,59.18000030517578,1237,0.0,0.0
2024-10-08 13:30:00-04:00,59.18000030517578,59.18000030517578,59.16999816894531,59.16999816894531,768,0.0,0.0
2024-10-08 13:31:00-04:00,59.16999816894531,59.16999816894531,59.13999938964844,59.15999984741211,822,0.0,0.0
2024-10-08 13:32:00-04:00,59.16999816894531,59.18000030517578,59.16999816894531,59.16999816894531,539,0.0,0.0
2024-10-08 13:33:00-04:00,59.13999938964844,59.165000915527344,59.13999938964844,59.157501220703125,877,0.0,0.0
2024-10-08 13:34:00-04:00,59.13999938964844,59.13999938964844,59.13999938964844,59.13999938964844,295,0.0,0.0
2024-10-08 13:35:00-04:00,59.16299819946289,59.18000030517578,59.16299819946289,59.18000030517578,555,0.0,0.0
2024-10-08 13:36:00-04:00,59.15999984741211,59.15999984741211,59.150001525878906,59.15999984741211,897,0.0,0.0
2024-10-08 13:37:00-04:00,59.16999816894531,59.16999816894531,59.13999938964844,59.13999938964844,1448,0.0,0.0
2024-10-08 13:38:00-04:00,59.150001525878906,59.150001525878906,59.13999938964844,59.150001525878906,466,0.0,0.0
2024-10-08 13:39:00-04:00,59.130001068115234,59.130001068115234,59.130001068115234,59.130001068115234,227,0.0,0.0
2024-10-08 13:40:00-04:00,59.13999938964844,59.13999938964844,59.13999938964844,59.13999938964844,476,0.0,0.0
2024-10-08 13:41:00-04:00,59.150001525878906,59.154998779296875,59.150001525878906,59.154998779296875,575,0.0,0.0
2024-10-08 13:42:00-04:00,59.16999816894531,59.16999816894531,59.154998779296875,59.154998779296875,303,0.0,0.0
2024-10-08 13:43:00-04:00,59.15999984741211,59.18000030517578,59.150001525878906,59.18000030517578,958,0.0,0.0
2024-10-08 13:44:00-04:00,59.189998626708984,59.20000076293945,59.189998626708984,59.19350051879883,637,0.0,0.0
2024-10-08 13:45:00-04:00,59.189998626708984,59.189998626708984,59.189998626708984,59.189998626708984,483,0.0,0.0
2024-10-08 13:46:00-04:00,59.20000076293945,59.209999084472656,59.20000076293945,59.209999084472656,1012,0.0,0.0
2024-10-08 13:47:00-04:00,59.20000076293945,59.209999084472656,59.189998626708984,59.189998626708984,1582,0.0,0.0
2024-10-08 13:48:00-04:00,59.150001525878906,59.150001525878906,59.14500045776367,59.14500045776367,470,0.0,0.0
2024-10-08 13:49:00-04:00,59.13999938964844,59.13999938964844,59.13999938964844,59.13999938964844,617,0.0,0.0
2024-10-08 13:52:00-04:00,59.099998474121094,59.11000061035156,59.08000183105469,59.11000061035156,1921,0.0,0.0
2024-10-08 13:53:00-04:00,59.1150016784668,59.130001068115234,59.1150016784668,59.130001068115234,687,0.0,0.0
2024-10-08 13:54:00-04:00,59.099998474121094,59.099998474121094,59.099998474121094,59.099998474121094,541,0.0,0.0
2024-10-08 13:55:00-04:00,59.099998474121094,59.11000061035156,59.09000015258789,59.099998474121094,615,0.0,0.0
2024-10-08 13:56:00-04:00,59.09000015258789,59.09000015258789,59.09000015258789,59.09000015258789,419,0.0,0.0
2024-10-08 13:57:00-04:00,59.099998474121094,59.130001068115234,59.099998474121094,59.130001068115234,1545,0.0,0.0
2024-10-08 13:58:00-04:00,59.13999938964844,59.16999816894531,59.13999938964844,59.16999816894531,1515,0.0,0.0
2024-10-08 13:59:00-04:00,59.150001525878906,59.150001525878906,59.150001525878906,59.150001525878906,379,0.0,0.0
2024-10-08 14:00:00-04:00,59.150001525878906,59.150001525878906,59.150001525878906,59.150001525878906,633,0.0,0.0
2024-10-08 14:01:00-04:00,59.15999984741211,59.15999984741211,59.15999984741211,59.15999984741211,505,0.0,0.0
2024-10-08 14:02:00-04:00,59.16999816894531,59.20000076293945,59.150001525878906,59.20000076293945,1436,0.0,0.0
2024-10-08 14:03:00-04:00,59.20500183105469,59.209999084472656,59.20500183105469,59.209999084472656,621,0.0,0.0
2024-10-08 14:04:00-04:00,59.21500015258789,59.27000045776367,59.209999084472656,59.27000045776367,883,0.0,0.0
2024-10-08 14:05:00-04:00,59.2400016784668,59.2400016784668,59.2400016784668,59.2400016784668,934,0.0,0.0
2024-10-08 14:06:00-04:00,59.24789810180664,59.24789810180664,59.2400016784668,59.2400016784668,459,0.0,0.0
2024-10-08 14:07:00-04:00,59.25,59.26499938964844,59.25,59.26499938964844,807,0.0,0.0
2024-10-08 14:08:00-04:00,59.290000915527344,59.321998596191406,59.290000915527344,59.321998596191406,860,0.0,0.0
2024-10-08 14:09:00-04:00,59.310001373291016,59.33000183105469,59.310001373291016,59.33000183105469,1221,0.0,0.0
2024-10-08 14:10:00-04:00,59.320098876953125,59.320098876953125,59.31769943237305,59.31769943237305,1239,0.0,0.0
2024-10-08 14:11:00-04:00,59.33000183105469,59.34000015258789,59.33000183105469,59.33000183105469,1413,0.0,0.0
2024-10-08 14:12:00-04:00,59.32830047607422,59.32830047607422,59.290000915527344,59.29999923706055,2656,0.0,0.0
2024-10-08 14:13:00-04:00,59.290000915527344,59.290000915527344,59.290000915527344,59.290000915527344,401,0.0,0.0
2024-10-08 14:14:00-04:00,59.29999923706055,59.29999923706055,59.28710174560547,59.290000915527344,705,0.0,0.0
2024-10-08 14:15:00-04:00,59.28710174560547,59.29790115356445,59.28710174560547,59.290000915527344,1547,0.0,0.0
2024-10-08 14:16:00-04:00,59.279998779296875,59.279998779296875,59.2400016784668,59.25,1614,0.0,0.0
2024-10-08 14:17:00-04:00,59.25899887084961,59.2599983215332,59.25,59.2599983215332,1149,0.0,0.0
2024-10-08 14:18:00-04:00,59.290000915527344,59.290000915527344,59.290000915527344,59.290000915527344,201,0.0,0.0
2024-10-08 14:19:00-04:00,59.27840042114258,59.279998779296875,59.27840042114258,59.279998779296875,670,0.0,0.0
2024-10-08 14:20:00-04:00,59.29999923706055,59.29999923706055,59.29240036010742,59.29240036010742,445,0.0,0.0
2024-10-08 14:21:00-04:00,59.290000915527344,59.29999923706055,59.290000915527344,59.290000915527344,1590,0.0,0.0
2024-10-08 14:22:00-04:00,59.279998779296875,59.279998779296875,59.2599983215332,59.2599983215332,1616,0.0,0.0
2024-10-08 14:23:00-04:00,59.2599983215332,59.2599983215332,59.2599983215332,59.2599983215332,555,0.0,0.0
2024-10-08 14:24:00-04:00,59.27000045776367,59.275001525878906,59.27000045776367,59.275001525878906,601,0.0,0.0
2024-10-08 14:25:00-04:00,59.279998779296875,59.28499984741211,59.27000045776367,59.279998779296875,968,0.0,0.0
2024-10-08 14:26:00-04:00,59.279998779296875,59.279998779296875,59.279998779296875,59.279998779296875,519,0.0,0.0
2024-10-08 14:27:00-04:00,59.290000915527344,59.30799865722656,59.290000915527344,59.30500030517578,2287,0.0,0.0
2024-10-08 14:28:00-04:00,59.29999923706055,59.29999923706055,59.27000045776367,59.27000045776367,1032,0.0,0.0
2024-10-08 14:29:00-04:00,59.29499816894531,59.29499816894531,59.290000915527344,59.290000915527344,533,0.0,0.0
2024-10-08 14:30:00-04:00,59.290000915527344,59.310001373291016,59.290000915527344,59.29999923706055,778,0.0,0.0
2024-10-08 14:31:00-04:00,59.310001373291016,59.310001373291016,59.310001373291016,59.310001373291016,495,0.0,0.0
2024-10-08 14:32:00-04:00,59.31999969482422,59.31999969482422,59.31999969482422,59.31999969482422,309,0.0,0.0
2024-10-08 14:33:00-04:00,59.31999969482422,59.358001708984375,59.31999969482422,59.358001708984375,3050,0.0,0.0
2024-10-08 14:34:00-04:00,59.36000061035156,59.36000061035156,59.29999923706055,59.34000015258789,4977,0.0,0.0
2024-10-08 14:35:00-04:00,59.36000061035156,59.375,59.36000061035156,59.375,1357,0.0,0.0
2024-10-08 14:36:00-04:00,59.380001068115234,59.380001068115234,59.380001068115234,59.380001068115234,956,0.0,0.0
2024-10-08 14:37:00-04:00,59.38999938964844,59.439998626708984,59.38999938964844,59.40999984741211,8530,0.0,0.0
2024-10-08 14:38:00-04:00,59.40999984741211,59.40999984741211,59.400001525878906,59.40999984741211,1194,0.0,0.0
2024-10-08 14:39:00-04:00,59.41999816894531,59.429901123046875,59.41999816894531,59.42499923706055,959,0.0,0.0
2024-10-08 14:40:00-04:00,59.42850112915039,59.45000076293945,59.42850112915039,59.45000076293945,2340,0.0,0.0
2024-10-08 14:41:00-04:00,59.439998626708984,59.439998626708984,59.41999816894531,59.43000030517578,946,0.0,0.0
2024-10-08 14:42:00-04:00,59.439998626708984,59.439998626708984,59.40999984741211,59.41999816894531,2799,0.0,0.0
2024-10-08 14:43:00-04:00,59.40999984741211,59.459999084472656,59.40999984741211,59.43000030517578,4309,0.0,0.0
2024-10-08 14:44:00-04:00,59.41999816894531,59.41999816894531,59.369998931884766,59.38999938964844,2847,0.0,0.0
2024-10-08 14:45:00-04:00,59.380001068115234,59.41999816894531,59.36000061035156,59.41999816894531,2148,0.0,0.0
2024-10-08 14:47:00-04:00,59.39830017089844,59.415000915527344,59.38999938964844,59.38999938964844,2602,0.0,0.0
2024-10-08 14:48:00-04:00,59.380001068115234,59.380001068115234,59.3650016784668,59.369998931884766,2556,0.0,0.0
2024-10-08 14:49:00-04:00,59.36000061035156,59.369998931884766,59.36000061035156,59.369998931884766,1386,0.0,0.0
2024-10-08 14:50:00-04:00,59.380001068115234,59.40999984741211,59.380001068115234,59.38999938964844,3839,0.0,0.0
2024-10-08 14:51:00-04:00,59.380001068115234,59.3849983215332,59.349998474121094,59.36000061035156,1776,0.0,0.0
2024-10-08 14:52:00-04:00,59.369998931884766,59.380001068115234,59.369998931884766,59.380001068115234,604,0.0,0.0
2024-10-08 14:53:00-04:00,59.369998931884766,59.375,59.36000061035156,59.36000061035156,976,0.0,0.0
2024-10-08 14:54:00-04:00,59.36000061035156,59.36000061035156,59.31999969482422,59.31999969482422,1206,0.0,0.0
2024-10-08 14:55:00-04:00,59.34000015258789,59.36000061035156,59.310001373291016,59.33000183105469,4282,0.0,0.0
2024-10-08 14:56:00-04:00,59.34000015258789,59.349998474121094,59.33000183105469,59.34000015258789,731,0.0,0.0
2024-10-08 14:57:00-04:00,59.354801177978516,59.354801177978516,59.34000015258789,59.34000015258789,1321,0.0,0.0
2024-10-08 14:58:00-04:00,59.33000183105469,59.33000183105469,59.31999969482422,59.33000183105469,1522,0.0,0.0
2024-10-08 14:59:00-04:00,59.31999969482422,59.369998931884766,59.31999969482422,59.369998931884766,2125,0.0,0.0
2024-10-08 15:00:00-04:00,59.36000061035156,59.369998931884766,59.36000061035156,59.36000061035156,944,0.0,0.0
2024-10-08 15:01:00-04:00,59.36000061035156,59.36000061035156,59.349998474121094,59.36000061035156,2846,0.0,0.0
2024-10-08 15:02:00-04:00,59.349998474121094,59.349998474121094,59.310001373291016,59.310001373291016,1867,0.0,0.0
2024-10-08 15:03:00-04:00,59.29499816894531,59.31999969482422,59.29499816894531,59.31999969482422,2285,0.0,0.0
2024-10-08 15:04:00-04:00,59.31999969482422,59.33000183105469,59.31999969482422,59.33000183105469,1030,0.0,0.0
2024-10-08 15:05:00-04:00,59.33000183105469,59.36000061035156,59.33000183105469,59.33000183105469,1958,0.0,0.0
2024-10-08 15:06:00-04:00,59.33000183105469,59.33000183105469,59.310001373291016,59.31999969482422,1250,0.0,0.0
2024-10-08 15:07:00-04:00,59.31999969482422,59.31999969482422,59.29999923706055,59.29999923706055,2286,0.0,0.0
2024-10-08 15:08:00-04:00,59.31999969482422,59.34000015258789,59.310001373291016,59.33000183105469,1945,0.0,0.0
2024-10-08 15:09:00-04:00,59.334999084472656,59.34000015258789,59.33000183105469,59.34000015258789,2342,0.0,0.0
2024-10-08 15:10:00-04:00,59.32820129394531,59.34000015258789,59.32820129394531,59.34000015258789,1106,0.0,0.0
2024-10-08 15:11:00-04:00,59.34000015258789,59.34000015258789,59.34000015258789,59.34000015258789,2204,0.0,0.0
2024-10-08 15:12:00-04:00,59.34000015258789,59.369998931884766,59.34000015258789,59.369998931884766,1332,0.0,0.0
2024-10-08 15:13:00-04:00,59.369998931884766,59.369998931884766,59.36920166015625,59.36920166015625,624,0.0,0.0
2024-10-08 15:14:00-04:00,59.36000061035156,59.400001525878906,59.36000061035156,59.400001525878906,3213,0.0,0.0
2024-10-08 15:15:00-04:00,59.38999938964844,59.43000030517578,59.380001068115234,59.43000030517578,1434,0.0,0.0
2024-10-08 15:16:00-04:00,59.4010009765625,59.4010009765625,59.400001525878906,59.400001525878906,2133,0.0,0.0
2024-10-08 15:17:00-04:00,59.40999984741211,59.40999984741211,59.40999984741211,59.40999984741211,897,0.0,0.0
2024-10-08 15:18:00-04:00,59.41999816894531,59.42499923706055,59.40999984741211,59.40999984741211,2465,0.0,0.0
2024-10-08 15:19:00-04:00,59.400001525878906,59.40999984741211,59.38999938964844,59.400001525878906,2644,0.0,0.0
2024-10-08 15:20:00-04:00,59.400001525878906,59.400001525878906,59.38999938964844,59.400001525878906,1421,0.0,0.0
2024-10-08 15:21:00-04:00,59.40999984741211,59.40999984741211,59.3739013671875,59.380001068115234,2489,0.0,0.0
2024-10-08 15:22:00-04:00,59.369998931884766,59.400001525878906,59.36000061035156,59.390201568603516,4312,0.0,0.0
2024-10-08 15:23:00-04:00,59.400001525878906,59.4109992980957,59.38999938964844,59.400001525878906,3089,0.0,0.0
2024-10-08 15:24:00-04:00,59.39500045776367,59.400001525878906,59.38999938964844,59.400001525878906,1204,0.0,0.0
2024-10-08 15:25:00-04:00,59.40999984741211,59.40999984741211,59.36000061035156,59.369998931884766,2874,0.0,0.0
2024-10-08 15:26:00-04:00,59.36000061035156,59.369998931884766,59.36000061035156,59.369998931884766,1084,0.0,0.0
2024-10-08 15:27:00-04:00,59.380001068115234,59.380001068115234,59.375,59.375,1827,0.0,0.0
2024-10-08 15:28:00-04:00,59.380001068115234,59.38999938964844,59.380001068115234,59.380001068115234,1474,0.0,0.0
2024-10-08 15:29:00-04:00,59.38999938964844,59.38999938964844,59.380001068115234,59.380001068115234,986,0.0,0.0
2024-10-08 15:30:00-04:00,59.38999938964844,59.400001525878906,59.38999938964844,59.400001525878906,1431,0.0,0.0
2024-10-08 15:31:00-04:00,59.40999984741211,59.40999984741211,59.400001525878906,59.404998779296875,1715,0.0,0.0
2024-10-08 15:32:00-04:00,59.40999984741211,59.43000030517578,59.40999984741211,59.41999816894531,2780,0.0,0.0
2024-10-08 15:33:00-04:00,59.43000030517578,59.44990158081055,59.43000030517578,59.435001373291016,1918,0.0,0.0
2024-10-08 15:34:00-04:00,59.43000030517578,59.459999084472656,59.43000030517578,59.45000076293945,5029,0.0,0.0
2024-10-08 15:35:00-04:00,59.44499969482422,59.47999954223633,59.439998626708984,59.47999954223633,3519,0.0,0.0
2024-10-08 15:36:00-04:00,59.474998474121094,59.474998474121094,59.45000076293945,59.470001220703125,3787,0.0,0.0
2024-10-08 15:37:00-04:00,59.470001220703125,59.470001220703125,59.46500015258789,59.470001220703125,593,0.0,0.0
2024-10-08 15:38:00-04:00,59.459999084472656,59.46500015258789,59.45000076293945,59.459999084472656,3212,0.0,0.0
2024-10-08 15:39:00-04:00,59.470001220703125,59.47999954223633,59.459999084472656,59.459999084472656,3389,0.0,0.0
2024-10-08 15:40:00-04:00,59.459999084472656,59.474998474121094,59.459999084472656,59.459999084472656,3760,0.0,0.0
2024-10-08 15:41:00-04:00,59.459999084472656,59.46500015258789,59.45000076293945,59.45500183105469,3867,0.0,0.0
2024-10-08 15:42:00-04:00,59.45500183105469,59.459999084472656,59.44499969482422,59.45500183105469,3926,0.0,0.0
2024-10-08 15:43:00-04:00,59.459999084472656,59.474998474121094,59.45000076293945,59.474998474121094,5851,0.0,0.0
2024-10-08 15:44:00-04:00,59.46500015258789,59.47999954223633,59.459999084472656,59.46500015258789,3520,0.0,0.0
2024-10-08 15:45:00-04:00,59.459999084472656,59.48500061035156,59.459999084472656,59.47999954223633,3269,0.0,0.0
2024-10-08 15:46:00-04:00,59.47999954223633,59.5099983215332,59.47999954223633,59.5099983215332,5328,0.0,0.0
2024-10-08 15:47:00-04:00,59.5099983215332,59.560001373291016,59.5099983215332,59.53499984741211,9693,0.0,0.0
2024-10-08 15:48:00-04:00,59.53499984741211,59.55500030517578,59.529998779296875,59.55500030517578,5648,0.0,0.0
2024-10-08 15:49:00-04:00,59.54999923706055,59.54999923706055,59.529998779296875,59.53499984741211,4914,0.0,0.0
2024-10-08 15:50:00-04:00,59.540000915527344,59.65999984741211,59.540000915527344,59.65999984741211,25674,0.0,0.0
2024-10-08 15:51:00-04:00,59.65999984741211,59.68000030517578,59.630001068115234,59.66999816894531,14393,0.0,0.0
2024-10-08 15:52:00-04:00,59.66999816894531,59.66999816894531,59.630001068115234,59.6349983215332,6855,0.0,0.0
2024-10-08 15:53:00-04:00,59.630001068115234,59.66999816894531,59.630001068115234,59.650001525878906,10918,0.0,0.0
2024-10-08 15:54:00-04:00,59.65999984741211,59.69499969482422,59.625,59.625,17721,0.0,0.0
2024-10-08 15:55:00-04:00,59.625,59.689998626708984,59.61000061035156,59.65999984741211,30018,0.0,0.0
2024-10-08 15:56:00-04:00,59.65999984741211,59.72999954223633,59.654998779296875,59.66999816894531,35189,0.0,0.0
2024-10-08 15:57:00-04:00,59.67499923706055,59.689998626708984,59.65999984741211,59.689998626708984,19079,0.0,0.0
2024-10-08 15:58:00-04:00,59.685001373291016,59.685001373291016,59.6349983215332,59.63999938964844,30312,0.0,0.0
2024-10-08 15:59:00-04:00,59.64500045776367,59.720001220703125,59.6349983215332,59.70000076293945,78449,0.0,0.0
2024-10-09 09:30:00-04:00,59.40999984741211,59.48500061035156,59.23500061035156,59.23500061035156,22503,0.0,0.0
2024-10-09 09:31:00-04:00,59.209999084472656,59.2400016784668,59.099998474121094,59.099998474121094,7074,0.0,0.0
2024-10-09 09:32:00-04:00,59.09000015258789,59.09000015258789,58.95000076293945,58.9900016784668,7412,0.0,0.0
2024-10-09 09:33:00-04:00,58.97999954223633,58.97999954223633,58.97999954223633,58.97999954223633,687,0.0,0.0
2024-10-09 09:34:00-04:00,59.02000045776367,59.040000915527344,58.9900016784668,59.0099983215332,2922,0.0,0.0
2024-10-09 09:35:00-04:00,58.95069885253906,59.11000061035156,58.93000030517578,59.0,5596,0.0,0.0
2024-10-09 09:36:00-04:00,58.97999954223633,59.029998779296875,58.974998474121094,58.98500061035156,951,0.0,0.0
2024-10-09 09:37:00-04:00,59.0099983215332,59.0099983215332,58.880001068115234,58.880001068115234,2322,0.0,0.0
2024-10-09 09:38:00-04:00,58.869998931884766,58.869998931884766,58.7599983215332,58.86000061035156,6098,0.0,0.0
2024-10-09 09:39:00-04:00,58.900001525878906,58.97999954223633,58.869998931884766,58.95000076293945,2701,0.0,0.0
2024-10-09 09:40:00-04:00,58.88999938964844,59.04999923706055,58.88999938964844,59.04999923706055,1780,0.0,0.0
2024-10-09 09:41:00-04:00,59.0099983215332,59.0099983215332,58.97999954223633,58.97999954223633,326,0.0,0.0
2024-10-09 09:42:00-04:00,58.9900016784668,58.9900016784668,58.91999816894531,58.91999816894531,819,0.0,0.0
2024-10-09 09:43:00-04:00,58.91999816894531,58.92499923706055,58.849998474121094,58.849998474121094,1388,0.0,0.0
2024-10-09 09:44:00-04:00,58.83000183105469,59.040000915527344,58.83000183105469,59.013301849365234,2399,0.0,0.0
2024-10-09 09:45:00-04:00,59.08000183105469,59.18000030517578,59.08000183105469,59.1349983215332,2023,0.0,0.0
2024-10-09 09:46:00-04:00,59.099998474121094,59.29999923706055,59.099998474121094,59.290000915527344,3772,0.0,0.0
2024-10-09 09:47:00-04:00,59.22999954223633,59.279998779296875,59.209999084472656,59.279998779296875,6192,0.0,0.0
2024-10-09 09:48:00-04:00,59.209999084472656,59.220001220703125,59.18000030517578,59.18000030517578,2528,0.0,0.0
2024-10-09 09:49:00-04:00,59.185001373291016,59.255001068115234,59.185001373291016,59.255001068115234,1617,0.0,0.0
2024-10-09 09:50:00-04:00,59.279998779296875,59.290000915527344,59.255001068115234,59.290000915527344,1928,0.0,0.0
2024-10-09 09:51:00-04:00,59.22999954223633,59.31999969482422,59.22999954223633,59.310001373291016,4741,0.0,0.0
2024-10-09 09:52:00-04:00,59.334999084472656,59.375,59.334999084472656,59.375,6644,0.0,0.0
2024-10-09 09:53:00-04:00,59.349998474121094,59.36000061035156,59.279998779296875,59.35499954223633,4822,0.0,0.0
2024-10-09 09:54:00-04:00,59.349998474121094,59.36000061035156,59.34000015258789,59.34000015258789,4336,0.0,0.0
2024-10-09 09:55:00-04:00,59.33000183105469,59.339900970458984,59.26499938964844,59.26499938964844,3004,0.0,0.0
2024-10-09 09:56:00-04:00,59.25,59.25,59.21500015258789,59.21500015258789,423,0.0,0.0
2024-10-09 09:57:00-04:00,59.20000076293945,59.27000045776367,59.20000076293945,59.20000076293945,8190,0.0,0.0
2024-10-09 09:58:00-04:00,59.17499923706055,59.17499923706055,59.150001525878906,59.150001525878906,1560,0.0,0.0
2024-10-09 09:59:00-04:00,59.150001525878906,59.209999084472656,59.150001525878906,59.15999984741211,3824,0.0,0.0
2024-10-09 10:00:00-04:00,59.15999984741211,59.209999084472656,59.150001525878906,59.150001525878906,1811,0.0,0.0
2024-10-09 10:01:00-04:00,59.150001525878906,59.15999984741211,59.11000061035156,59.11000061035156,5595,0.0,0.0
2024-10-09 10:02:00-04:00,59.099998474121094,59.13999938964844,59.099998474121094,59.130001068115234,3747,0.0,0.0
2024-10-09 10:03:00-04:00,59.10499954223633,59.11000061035156,59.029998779296875,59.04999923706055,2829,0.0,0.0
2024-10-09 10:04:00-04:00,59.02000045776367,59.02000045776367,58.959999084472656,58.97999954223633,2824,0.0,0.0
2024-10-09 10:05:00-04:00,58.959999084472656,59.0099983215332,58.95000076293945,58.95000076293945,1371,0.0,0.0
2024-10-09 10:06:00-04:00,58.91999816894531,58.970001220703125,58.91999816894531,58.970001220703125,2539,0.0,0.0
2024-10-09 10:07:00-04:00,58.97999954223633,59.02000045776367,58.97999954223633,59.0099983215332,912,0.0,0.0
2024-10-09 10:08:00-04:00,58.95000076293945,58.95000076293945,58.880001068115234,58.880001068115234,1223,0.0,0.0
2024-10-09 10:09:00-04:00,58.869998931884766,58.93000030517578,58.869998931884766,58.93000030517578,2025,0.0,0.0
2024-10-09 10:10:00-04:00,58.959999084472656,59.02000045776367,58.959999084472656,58.997501373291016,2286,0.0,0.0
2024-10-09 10:11:00-04:00,58.9900016784668,59.0099983215332,58.939998626708984,58.939998626708984,1399,0.0,0.0
2024-10-09 10:12:00-04:00,58.900001525878906,58.900001525878906,58.900001525878906,58.900001525878906,910,0.0,0.0
2024-10-09 10:13:00-04:00,58.880001068115234,58.88999938964844,58.880001068115234,58.88999938964844,1017,0.0,0.0
2024-10-09 10:14:00-04:00,58.83000183105469,58.86000061035156,58.83000183105469,58.86000061035156,1710,0.0,0.0
2024-10-09 10:15:00-04:00,58.869998931884766,58.869998931884766,58.8484992980957,58.849998474121094,1611,0.0,0.0
2024-10-09 10:16:00-04:00,58.869998931884766,58.88999938964844,58.869998931884766,58.880001068115234,695,0.0,0.0
2024-10-09 10:17:00-04:00,58.900001525878906,58.90999984741211,58.880001068115234,58.90999984741211,4094,0.0,0.0
2024-10-09 10:18:00-04:00,58.915000915527344,58.915000915527344,58.90999984741211,58.90999984741211,500,0.0,0.0
2024-10-09 10:19:00-04:00,58.90999984741211,58.90999984741211,58.88999938964844,58.88999938964844,2489,0.0,0.0
2024-10-09 10:20:00-04:00,58.880001068115234,58.900001525878906,58.86000061035156,58.86000061035156,3829,0.0,0.0
2024-10-09 10:21:00-04:00,58.849998474121094,58.88999938964844,58.849998474121094,58.88999938964844,1183,0.0,0.0
2024-10-09 10:22:00-04:00,58.90999984741211,58.90999984741211,58.880001068115234,58.880001068115234,736,0.0,0.0
2024-10-09 10:24:00-04:00,58.880001068115234,58.93000030517578,58.869998931884766,58.93000030517578,1547,0.0,0.0
2024-10-09 10:25:00-04:00,58.90999984741211,58.90999984741211,58.89500045776367,58.90999984741211,2035,0.0,0.0
2024-10-09 10:26:00-04:00,58.90999984741211,58.93000030517578,58.90999984741211,58.93000030517578,1329,0.0,0.0
2024-10-09 10:27:00-04:00,58.915000915527344,58.93000030517578,58.900001525878906,58.90999984741211,4209,0.0,0.0
2024-10-09 10:28:00-04:00,58.88999938964844,58.90840148925781,58.88999938964844,58.900001525878906,1490,0.0,0.0
2024-10-09 10:29:00-04:00,58.880001068115234,58.88999938964844,58.880001068115234,58.880001068115234,1712,0.0,0.0
2024-10-09 10:30:00-04:00,58.880001068115234,58.91999816894531,58.810001373291016,58.814998626708984,5279,0.0,0.0
2024-10-09 10:31:00-04:00,58.81999969482422,58.869998931884766,58.81999969482422,58.86000061035156,1458,0.0,0.0
2024-10-09 10:32:00-04:00,58.880001068115234,58.880001068115234,58.85900115966797,58.86000061035156,2484,0.0,0.0
2024-10-09 10:33:00-04:00,58.79999923706055,58.79999923706055,58.779998779296875,58.779998779296875,2333,0.0,0.0
2024-10-09 10:34:00-04:00,58.810001373291016,58.86000061035156,58.810001373291016,58.810001373291016,1983,0.0,0.0
2024-10-09 10:35:00-04:00,58.79999923706055,58.79999923706055,58.72999954223633,58.72999954223633,2111,0.0,0.0
2024-10-09 10:36:00-04:00,58.790000915527344,58.790000915527344,58.77399826049805,58.77399826049805,766,0.0,0.0
2024-10-09 10:37:00-04:00,58.793399810791016,58.81999969482422,58.793399810791016,58.81999969482422,1589,0.0,0.0
2024-10-09 10:38:00-04:00,58.86000061035156,58.86000061035156,58.839599609375,58.86000061035156,1213,0.0,0.0
2024-10-09 10:39:00-04:00,58.880001068115234,58.880001068115234,58.849998474121094,58.849998474121094,595,0.0,0.0
2024-10-09 10:40:00-04:00,58.849998474121094,58.85499954223633,58.81999969482422,58.84000015258789,1413,0.0,0.0
2024-10-09 10:41:00-04:00,58.849998474121094,58.849998474121094,58.81999969482422,58.81999969482422,817,0.0,0.0
2024-10-09 10:42:00-04:00,58.82500076293945,58.84000015258789,58.790000915527344,58.81999969482422,23247,0.0,0.0
2024-10-09 10:43:00-04:00,58.814998626708984,58.849998474121094,58.814998626708984,58.849998474121094,1177,0.0,0.0
2024-10-09 10:44:00-04:00,58.790000915527344,58.79999923706055,58.790000915527344,58.79999923706055,389,0.0,0.0
2024-10-09 10:45:00-04:00,58.790000915527344,58.790000915527344,58.78499984741211,58.790000915527344,2354,0.0,0.0
2024-10-09 10:46:00-04:00,58.84000015258789,58.849998474121094,58.82500076293945,58.82500076293945,905,0.0,0.0
2024-10-09 10:47:00-04:00,58.83000183105469,58.880001068115234,58.83000183105469,58.875,1669,0.0,0.0
2024-10-09 10:48:00-04:00,58.86000061035156,58.88999938964844,58.84000015258789,58.88999938964844,2411,0.0,0.0
2024-10-09 10:49:00-04:00,58.8849983215332,58.91999816894531,58.880001068115234,58.91999816894531,2915,0.0,0.0
2024-10-09 10:50:00-04:00,58.939998626708984,58.97999954223633,58.939998626708984,58.974998474121094,4182,0.0,0.0
2024-10-09 10:51:00-04:00,58.97999954223633,58.97999954223633,58.95000076293945,58.96500015258789,2442,0.0,0.0
2024-10-09 10:52:00-04:00,58.96500015258789,58.96500015258789,58.93000030517578,58.93000030517578,772,0.0,0.0
2024-10-09 10:53:00-04:00,58.939998626708984,58.959999084472656,58.939998626708984,58.95000076293945,2150,0.0,0.0
2024-10-09 10:54:00-04:00,58.97999954223633,58.9900016784668,58.970001220703125,58.9900016784668,2850,0.0,0.0
2024-10-09 10:55:00-04:00,59.005001068115234,59.02000045776367,59.005001068115234,59.02000045776367,766,0.0,0.0
2024-10-09 10:56:00-04:00,59.0099983215332,59.02000045776367,58.9900016784668,59.0099983215332,1798,0.0,0.0
2024-10-09 10:57:00-04:00,59.01499938964844,59.04999923706055,59.0099983215332,59.04999923706055,2796,0.0,0.0
2024-10-09 10:58:00-04:00,59.04999923706055,59.07500076293945,59.04999923706055,59.07500076293945,4174,0.0,0.0
2024-10-09 10:59:00-04:00,59.07500076293945,59.09000015258789,59.04999923706055,59.04999923706055,3306,0.0,0.0
2024-10-09 11:00:00-04:00,59.04999923706055,59.08000183105469,59.040000915527344,59.04999923706055,7982,0.0,0.0
2024-10-09 11:01:00-04:00,59.06999969482422,59.119998931884766,59.064998626708984,59.119998931884766,3150,0.0,0.0
2024-10-09 11:02:00-04:00,59.11000061035156,59.119998931884766,59.099998474121094,59.119998931884766,1367,0.0,0.0
2024-10-09 11:03:00-04:00,59.130001068115234,59.21500015258789,59.11000061035156,59.21500015258789,4600,0.0,0.0
2024-10-09 11:04:00-04:00,59.23500061035156,59.2599983215332,59.23500061035156,59.25,2494,0.0,0.0
2024-10-09 11:05:00-04:00,59.255001068115234,59.26499938964844,59.25,59.25,888,0.0,0.0
2024-10-09 11:06:00-04:00,59.2599983215332,59.26499938964844,59.2599983215332,59.26499938964844,350,0.0,0.0
2024-10-09 11:07:00-04:00,59.279998779296875,59.31999969482422,59.26499938964844,59.279998779296875,4958,0.0,0.0
2024-10-09 11:08:00-04:00,59.290000915527344,59.29999923706055,59.279998779296875,59.29499816894531,1536,0.0,0.0
2024-10-09 11:09:00-04:00,59.29499816894531,59.29499816894531,59.2599983215332,59.279998779296875,2322,0.0,0.0
2024-10-09 11:10:00-04:00,59.27000045776367,59.27000045776367,59.27000045776367,59.27000045776367,285,0.0,0.0
2024-10-09 11:11:00-04:00,59.290000915527344,59.310001373291016,59.290000915527344,59.310001373291016,2069,0.0,0.0
2024-10-09 11:12:00-04:00,59.290000915527344,59.29999923706055,59.27000045776367,59.27000045776367,2151,0.0,0.0
2024-10-09 11:13:00-04:00,59.275001525878906,59.310001373291016,59.275001525878906,59.29499816894531,2940,0.0,0.0
2024-10-09 11:14:00-04:00,59.279998779296875,59.279998779296875,59.244998931884766,59.26499938964844,5061,0.0,0.0
2024-10-09 11:15:00-04:00,59.26499938964844,59.290000915527344,59.26499938964844,59.28338623046875,4350,0.0,0.0
2024-10-09 11:16:00-04:00,59.2599983215332,59.290000915527344,59.2400016784668,59.275001525878906,6589,0.0,0.0
2024-10-09 11:17:00-04:00,59.290000915527344,59.29499816894531,59.2599983215332,59.279998779296875,5771,0.0,0.0
2024-10-09 11:18:00-04:00,59.27000045776367,59.275001525878906,59.220001220703125,59.220001220703125,1488,0.0,0.0
2024-10-09 11:19:00-04:00,59.26499938964844,59.26499938964844,59.25,59.25,895,0.0,0.0
2024-10-09 11:20:00-04:00,59.25,59.29999923706055,59.22999954223633,59.22999954223633,9587,0.0,0.0
2024-10-09 11:21:00-04:00,59.209999084472656,59.25,59.209999084472656,59.25,1525,0.0,0.0
2024-10-09 11:22:00-04:00,59.27000045776367,59.29999923706055,59.25,59.29999923706055,2550,0.0,0.0
2024-10-09 11:23:00-04:00,59.27000045776367,59.27000045776367,59.27000045776367,59.27000045776367,824,0.0,0.0
2024-10-09 11:24:00-04:00,59.279998779296875,59.290000915527344,59.27000045776367,59.27000045776367,1823,0.0,0.0
2024-10-09 11:25:00-04:00,59.28499984741211,59.349998474121094,59.28499984741211,59.349998474121094,1141,0.0,0.0
2024-10-09 11:26:00-04:00,59.34859848022461,59.34859848022461,59.31999969482422,59.334999084472656,12226,0.0,0.0
2024-10-09 11:27:00-04:00,59.349998474121094,59.369998931884766,59.349998474121094,59.36000061035156,8205,0.0,0.0
2024-10-09 11:28:00-04:00,59.349998474121094,59.369998931884766,59.29999923706055,59.30500030517578,5014,0.0,0.0
2024-10-09 11:29:00-04:00,59.290000915527344,59.310001373291016,59.290000915527344,59.310001373291016,1536,0.0,0.0
2024-10-09 11:30:00-04:00,59.29869842529297,59.29869842529297,59.29869842529297,59.29869842529297,324,0.0,0.0
2024-10-09 11:31:00-04:00,59.310001373291016,59.34000015258789,59.310001373291016,59.34000015258789,2057,0.0,0.0
2024-10-09 11:32:00-04:00,59.36000061035156,59.36000061035156,59.34000015258789,59.34000015258789,892,0.0,0.0
2024-10-09 11:33:00-04:00,59.349998474121094,59.349998474121094,59.29610061645508,59.29610061645508,1099,0.0,0.0
2024-10-09 11:34:00-04:00,59.310001373291016,59.33000183105469,59.310001373291016,59.310001373291016,12491,0.0,0.0
2024-10-09 11:35:00-04:00,59.33000183105469,59.349998474121094,59.33000183105469,59.349998474121094,1044,0.0,0.0
2024-10-09 11:36:00-04:00,59.32500076293945,59.32500076293945,59.29999923706055,59.29999923706055,1574,0.0,0.0
2024-10-09 11:37:00-04:00,59.29499816894531,59.29499816894531,59.255001068115234,59.255001068115234,823,0.0,0.0
2024-10-09 11:38:00-04:00,59.25,59.25,59.244998931884766,59.244998931884766,771,0.0,0.0
2024-10-09 11:39:00-04:00,59.2599983215332,59.275001525878906,59.25,59.275001525878906,750,0.0,0.0
2024-10-09 11:40:00-04:00,59.279998779296875,59.279998779296875,59.279998779296875,59.279998779296875,2045,0.0,0.0
2024-10-09 11:41:00-04:00,59.27000045776367,59.27000045776367,59.27000045776367,59.27000045776367,301,0.0,0.0
2024-10-09 11:42:00-04:00,59.27000045776367,59.29999923706055,59.27000045776367,59.290000915527344,2197,0.0,0.0
2024-10-09 11:43:00-04:00,59.290000915527344,59.314998626708984,59.290000915527344,59.29999923706055,4470,0.0,0.0
2024-10-09 11:44:00-04:00,59.27000045776367,59.29999923706055,59.27000045776367,59.279998779296875,3240,0.0,0.0
2024-10-09 11:45:00-04:00,59.2599983215332,59.27000045776367,59.2400016784668,59.27000045776367,1051,0.0,0.0
2024-10-09 11:46:00-04:00,59.26499938964844,59.26499938964844,59.26499938964844,59.26499938964844,403,0.0,0.0
2024-10-09 11:48:00-04:00,59.27000045776367,59.27000045776367,59.25,59.25,840,0.0,0.0
2024-10-09 11:49:00-04:00,59.2400016784668,59.25,59.22999954223633,59.22999954223633,3586,0.0,0.0
2024-10-09 11:50:00-04:00,59.22999954223633,59.22999954223633,59.189998626708984,59.189998626708984,983,0.0,0.0
2024-10-09 11:51:00-04:00,59.16999816894531,59.16999816894531,59.16999816894531,59.16999816894531,894,0.0,0.0
2024-10-09 11:52:00-04:00,59.130001068115234,59.130001068115234,59.130001068115234,59.130001068115234,557,0.0,0.0
2024-10-09 11:53:00-04:00,59.13999938964844,59.13999938964844,59.119998931884766,59.119998931884766,1371,0.0,0.0
2024-10-09 11:54:00-04:00,59.09000015258789,59.09989929199219,59.06999969482422,59.06999969482422,921,0.0,0.0
2024-10-09 11:55:00-04:00,59.064998626708984,59.08000183105469,59.04999923706055,59.060001373291016,9259,0.0,0.0
2024-10-09 11:56:00-04:00,59.05500030517578,59.1150016784668,59.04999923706055,59.114898681640625,4889,0.0,0.0
2024-10-09 11:57:00-04:00,59.18000030517578,59.18159866333008,59.16999816894531,59.18159866333008,512,0.0,0.0
2024-10-09 11:58:00-04:00,59.15950012207031,59.15950012207031,59.15950012207031,59.15950012207031,939,0.0,0.0
2024-10-09 11:59:00-04:00,59.165000915527344,59.165000915527344,59.165000915527344,59.165000915527344,527,0.0,0.0
2024-10-09 12:00:00-04:00,59.119998931884766,59.130001068115234,59.11000061035156,59.130001068115234,450,0.0,0.0
2024-10-09 12:01:00-04:00,59.13999938964844,59.13999938964844,59.13999938964844,59.13999938964844,716,0.0,0.0
2024-10-09 12:02:00-04:00,59.130001068115234,59.130001068115234,59.130001068115234,59.130001068115234,675,0.0,0.0
2024-10-09 12:03:00-04:00,59.119998931884766,59.119998931884766,59.11000061035156,59.11000061035156,1234,0.0,0.0
2024-10-09 12:04:00-04:00,59.11000061035156,59.13999938964844,59.11000061035156,59.119998931884766,2326,0.0,0.0
2024-10-09 12:05:00-04:00,59.130001068115234,59.16999816894531,59.130001068115234,59.16999816894531,2654,0.0,0.0
2024-10-09 12:06:00-04:00,59.18000030517578,59.209999084472656,59.18000030517578,59.209999084472656,453,0.0,0.0
2024-10-09 12:07:00-04:00,59.209999084472656,59.220001220703125,59.20000076293945,59.202091217041016,1001,0.0,0.0
2024-10-09 12:08:00-04:00,59.19499969482422,59.209999084472656,59.19499969482422,59.20000076293945,916,0.0,0.0
2024-10-09 12:09:00-04:00,59.209999084472656,59.22999954223633,59.209999084472656,59.22999954223633,862,0.0,0.0
2024-10-09 12:10:00-04:00,59.22710037231445,59.22710037231445,59.220001220703125,59.224998474121094,801,0.0,0.0
2024-10-09 12:11:00-04:00,59.220001220703125,59.220001220703125,59.220001220703125,59.220001220703125,203,0.0,0.0
2024-10-09 12:12:00-04:00,59.22999954223633,59.25,59.220298767089844,59.25,1078,0.0,0.0
2024-10-09 12:13:00-04:00,59.2400016784668,59.24980163574219,59.2400016784668,59.24980163574219,1610,0.0,0.0
2024-10-09 12:14:00-04:00,59.22999954223633,59.2400016784668,59.22999954223633,59.2400016784668,585,0.0,0.0
2024-10-09 12:15:00-04:00,59.22999954223633,59.2400016784668,59.220001220703125,59.220001220703125,1689,0.0,0.0
2024-10-09 12:17:00-04:00,59.22999954223633,59.22999954223633,59.189998626708984,59.20000076293945,3191,0.0,0.0
2024-10-09 12:18:00-04:00,59.20000076293945,59.20000076293945,59.125,59.130001068115234,2349,0.0,0.0
2024-10-09 12:19:00-04:00,59.119998931884766,59.119998931884766,59.04999923706055,59.060001373291016,18152,0.0,0.0
2024-10-09 12:20:00-04:00,59.08000183105469,59.08000183105469,59.04999923706055,59.04999923706055,1645,0.0,0.0
2024-10-09 12:21:00-04:00,59.04999923706055,59.09000015258789,59.04999923706055,59.07500076293945,948,0.0,0.0
2024-10-09 12:22:00-04:00,59.064998626708984,59.064998626708984,59.064998626708984,59.064998626708984,187,0.0,0.0
2024-10-09 12:23:00-04:00,59.05500030517578,59.06399917602539,59.04499816894531,59.04499816894531,520,0.0,0.0
2024-10-09 12:24:00-04:00,59.04499816894531,59.06999969482422,59.03799819946289,59.060001373291016,1093,0.0,0.0
2024-10-09 12:26:00-04:00,59.060001373291016,59.07500076293945,59.056800842285156,59.056800842285156,2022,0.0,0.0
2024-10-09 12:27:00-04:00,59.064998626708984,59.077999114990234,59.040000915527344,59.040000915527344,2247,0.0,0.0
2024-10-09 12:28:00-04:00,59.040000915527344,59.07699966430664,59.040000915527344,59.04999923706055,1240,0.0,0.0
2024-10-09 12:29:00-04:00,59.04999923706055,59.04999923706055,59.040000915527344,59.04999923706055,736,0.0,0.0
2024-10-09 12:30:00-04:00,59.029998779296875,59.04999923706055,59.029998779296875,59.029998779296875,3655,0.0,0.0
2024-10-09 12:31:00-04:00,59.025001525878906,59.040000915527344,59.025001525878906,59.040000915527344,1256,0.0,0.0
2024-10-09 12:32:00-04:00,59.0,59.0099983215332,58.9900016784668,58.9900016784668,1531,0.0,0.0
2024-10-09 12:33:00-04:00,59.02000045776367,59.02000045776367,59.0099983215332,59.0099983215332,530,0.0,0.0
2024-10-09 12:34:00-04:00,59.01499938964844,59.040000915527344,59.01499938964844,59.040000915527344,814,0.0,0.0
2024-10-09 12:35:00-04:00,59.040000915527344,59.04999923706055,59.029998779296875,59.04999923706055,1801,0.0,0.0
2024-10-09 12:37:00-04:00,59.029998779296875,59.029998779296875,59.0099983215332,59.0099983215332,499,0.0,0.0
2024-10-09 12:38:00-04:00,59.0,59.0,59.0,59.0,586,0.0,0.0
2024-10-09 12:39:00-04:00,59.005001068115234,59.040000915527344,59.005001068115234,59.040000915527344,990,0.0,0.0
2024-10-09 12:40:00-04:00,59.02000045776367,59.02000045776367,58.9900016784668,59.02000045776367,5489,0.0,0.0
2024-10-09 12:41:00-04:00,59.02000045776367,59.06999969482422,59.02000045776367,59.06999969482422,2948,0.0,0.0
2024-10-09 12:42:00-04:00,59.06999969482422,59.12990188598633,59.06999969482422,59.12990188598633,4221,0.0,0.0
2024-10-09 12:43:00-04:00,59.125,59.13999938964844,59.125,59.13999938964844,935,0.0,0.0
2024-10-09 12:45:00-04:00,59.16999816894531,59.209999084472656,59.16999816894531,59.209999084472656,1501,0.0,0.0
2024-10-09 12:46:00-04:00,59.18000030517578,59.20000076293945,59.18000030517578,59.20000076293945,2068,0.0,0.0
2024-10-09 12:47:00-04:00,59.18000030517578,59.209999084472656,59.18000030517578,59.18000030517578,2943,0.0,0.0
2024-10-09 12:48:00-04:00,59.15999984741211,59.16999816894531,59.150001525878906,59.15999984741211,2039,0.0,0.0
2024-10-09 12:49:00-04:00,59.16999816894531,59.20989990234375,59.16999816894531,59.189998626708984,2220,0.0,0.0
2024-10-09 12:50:00-04:00,59.20000076293945,59.2400016784668,59.20000076293945,59.227901458740234,2217,0.0,0.0
2024-10-09 12:51:00-04:00,59.22999954223633,59.2400016784668,59.209999084472656,59.2400016784668,3126,0.0,0.0
2024-10-09 12:52:00-04:00,59.22999954223633,59.244998931884766,59.20090103149414,59.20090103149414,1268,0.0,0.0
2024-10-09 12:53:00-04:00,59.209999084472656,59.209999084472656,59.19990158081055,59.19990158081055,1024,0.0,0.0
2024-10-09 12:54:00-04:00,59.209999084472656,59.209999084472656,59.20000076293945,59.20000076293945,1497,0.0,0.0
2024-10-09 12:55:00-04:00,59.19499969482422,59.19499969482422,59.150001525878906,59.180999755859375,6320,0.0,0.0
2024-10-09 12:56:00-04:00,59.16889953613281,59.16889953613281,59.15999984741211,59.15999984741211,460,0.0,0.0
2024-10-09 12:57:00-04:00,59.165000915527344,59.165000915527344,59.150001525878906,59.1599006652832,1666,0.0,0.0
2024-10-09 12:58:00-04:00,59.14950180053711,59.189998626708984,59.14950180053711,59.189998626708984,1267,0.0,0.0
2024-10-09 12:59:00-04:00,59.189998626708984,59.20000076293945,59.189998626708984,59.20000076293945,821,0.0,0.0
2024-10-09 13:00:00-04:00,59.20479965209961,59.20479965209961,59.19499969482422,59.19990158081055,767,0.0,0.0
2024-10-09 13:01:00-04:00,59.189998626708984,59.189998626708984,59.17499923706055,59.17499923706055,896,0.0,0.0
2024-10-09 13:02:00-04:00,59.18989944458008,59.18989944458008,59.15999984741211,59.15999984741211,983,0.0,0.0
2024-10-09 13:03:00-04:00,59.150001525878906,59.220001220703125,59.150001525878906,59.220001220703125,2982,0.0,0.0
2024-10-09 13:04:00-04:00,59.220001220703125,59.220001220703125,59.20000076293945,59.209999084472656,3860,0.0,0.0
2024-10-09 13:05:00-04:00,59.209999084472656,59.220001220703125,59.20000076293945,59.20500183105469,5929,0.0,0.0
2024-10-09 13:06:00-04:00,59.20000076293945,59.22999954223633,59.189998626708984,59.189998626708984,22710,0.0,0.0
2024-10-09 13:07:00-04:00,59.189998626708984,59.189998626708984,59.179901123046875,59.189998626708984,1322,0.0,0.0
2024-10-09 13:08:00-04:00,59.209999084472656,59.220001220703125,59.189998626708984,59.189998626708984,1315,0.0,0.0
2024-10-09 13:09:00-04:00,59.19499969482422,59.220001220703125,59.19499969482422,59.217098236083984,1105,0.0,0.0
2024-10-09 13:10:00-04:00,59.20069885253906,59.209999084472656,59.185001373291016,59.185001373291016,1464,0.0,0.0
2024-10-09 13:11:00-04:00,59.19929885864258,59.255001068115234,59.198299407958984,59.255001068115234,2568,0.0,0.0
2024-10-09 13:12:00-04:00,59.2400016784668,59.2400016784668,59.220001220703125,59.220001220703125,1657,0.0,0.0
2024-10-09 13:13:00-04:00,59.22999954223633,59.244998931884766,59.22999954223633,59.244998931884766,992,0.0,0.0
2024-10-09 13:14:00-04:00,59.23500061035156,59.25,59.23500061035156,59.23500061035156,2420,0.0,0.0
2024-10-09 13:15:00-04:00,59.22999954223633,59.279998779296875,59.22999954223633,59.27000045776367,6337,0.0,0.0
2024-10-09 13:16:00-04:00,59.27000045776367,59.290000915527344,59.27000045776367,59.279998779296875,1358,0.0,0.0
2024-10-09 13:17:00-04:00,59.279998779296875,59.279998779296875,59.2599983215332,59.2599983215332,2396,0.0,0.0
2024-10-09 13:18:00-04:00,59.255001068115234,59.26499938964844,59.255001068115234,59.2599983215332,1233,0.0,0.0
2024-10-09 13:19:00-04:00,59.26499938964844,59.27000045776367,59.255001068115234,59.2599983215332,2431,0.0,0.0
2024-10-09 13:20:00-04:00,59.2599983215332,59.279998779296875,59.255001068115234,59.279998779296875,3942,0.0,0.0
2024-10-09 13:21:00-04:00,59.2599983215332,59.27000045776367,59.21500015258789,59.21500015258789,3210,0.0,0.0
2024-10-09 13:22:00-04:00,59.214599609375,59.220001220703125,59.214599609375,59.220001220703125,1701,0.0,0.0
2024-10-09 13:23:00-04:00,59.21500015258789,59.224998474121094,59.21500015258789,59.220001220703125,1194,0.0,0.0
2024-10-09 13:24:00-04:00,59.220001220703125,59.220001220703125,59.209999084472656,59.209999084472656,1445,0.0,0.0
2024-10-09 13:25:00-04:00,59.209999084472656,59.209999084472656,59.20000076293945,59.20000076293945,802,0.0,0.0
2024-10-09 13:26:00-04:00,59.20000076293945,59.20000076293945,59.18000030517578,59.18000030517578,2835,0.0,0.0
2024-10-09 13:27:00-04:00,59.18000030517578,59.18000030517578,59.165000915527344,59.18000030517578,1657,0.0,0.0
2024-10-09 13:28:00-04:00,59.18000030517578,59.189998626708984,59.18000030517578,59.189998626708984,2501,0.0,0.0
2024-10-09 13:29:00-04:00,59.189998626708984,59.189998626708984,59.189998626708984,59.189998626708984,584,0.0,0.0
2024-10-09 13:30:00-04:00,59.19499969482422,59.224998474121094,59.19499969482422,59.209999084472656,2246,0.0,0.0
2024-10-09 13:31:00-04:00,59.209999084472656,59.220001220703125,59.18000030517578,59.20000076293945,4193,0.0,0.0
2024-10-09 13:32:00-04:00,59.20000076293945,59.20000076293945,59.19499969482422,59.19499969482422,671,0.0,0.0
2024-10-09 13:33:00-04:00,59.209999084472656,59.21009826660156,59.20989990234375,59.209999084472656,1288,0.0,0.0
2024-10-09 13:34:00-04:00,59.220001220703125,59.220001220703125,59.21500015258789,59.220001220703125,2480,0.0,0.0
2024-10-09 13:35:00-04:00,59.220001220703125,59.2400016784668,59.209999084472656,59.2400016784668,2024,0.0,0.0
2024-10-09 13:36:00-04:00,59.22999954223633,59.22999954223633,59.209999084472656,59.209999084472656,1005,0.0,0.0
2024-10-09 13:37:00-04:00,59.21500015258789,59.2599983215332,59.209999084472656,59.25,5408,0.0,0.0
2024-10-09 13:38:00-04:00,59.244998931884766,59.244998931884766,59.23500061035156,59.23500061035156,3073,0.0,0.0
2024-10-09 13:39:00-04:00,59.23500061035156,59.23500061035156,59.22999954223633,59.22999954223633,955,0.0,0.0
2024-10-09 13:40:00-04:00,59.23500061035156,59.2400016784668,59.22999954223633,59.23500061035156,2711,0.0,0.0
2024-10-09 13:41:00-04:00,59.2400016784668,59.2400016784668,59.23500061035156,59.23500061035156,2501,0.0,0.0
2024-10-09 13:42:00-04:00,59.23500061035156,59.290000915527344,59.22999954223633,59.2400016784668,12842,0.0,0.0
2024-10-09 13:43:00-04:00,59.25,59.27000045776367,59.25,59.27000045776367,1681,0.0,0.0
2024-10-09 13:44:00-04:00,59.27000045776367,59.27000045776367,59.27000045776367,59.27000045776367,422,0.0,0.0
2024-10-09 13:45:00-04:00,59.279998779296875,59.279998779296875,59.2599983215332,59.260101318359375,1991,0.0,0.0
2024-10-09 13:47:00-04:00,59.2599983215332,59.2599983215332,59.25,59.25,1650,0.0,0.0
2024-10-09 13:48:00-04:00,59.25,59.2599983215332,59.25,59.2599983215332,1466,0.0,0.0
2024-10-09 13:49:00-04:00,59.2599983215332,59.275001525878906,59.2599983215332,59.260101318359375,2898,0.0,0.0
2024-10-09 13:50:00-04:00,59.260101318359375,59.260101318359375,59.2599983215332,59.2599983215332,1820,0.0,0.0
2024-10-09 13:51:00-04:00,59.26499938964844,59.26499938964844,59.2599983215332,59.2599983215332,531,0.0,0.0
2024-10-09 13:52:00-04:00,59.2599983215332,59.290000915527344,59.2599983215332,59.279998779296875,2401,0.0,0.0
2024-10-09 13:53:00-04:00,59.29999923706055,59.29999923706055,59.26499938964844,59.29499816894531,3863,0.0,0.0
2024-10-09 13:54:00-04:00,59.29499816894531,59.29499816894531,59.29499816894531,59.29499816894531,406,0.0,0.0
2024-10-09 13:55:00-04:00,59.310001373291016,59.33000183105469,59.310001373291016,59.33000183105469,1472,0.0,0.0
2024-10-09 13:56:00-04:00,59.34000015258789,59.34000015258789,59.34000015258789,59.34000015258789,341,0.0,0.0
2024-10-09 13:57:00-04:00,59.34000015258789,59.34000015258789,59.33000183105469,59.33000183105469,773,0.0,0.0
2024-10-09 13:58:00-04:00,59.33000183105469,59.34000015258789,59.33000183105469,59.33000183105469,2973,0.0,0.0
2024-10-09 13:59:00-04:00,59.33000183105469,59.34000015258789,59.31999969482422,59.34000015258789,1363,0.0,0.0
2024-10-09 14:00:00-04:00,59.33000183105469,59.33000183105469,59.31999969482422,59.31999969482422,1181,0.0,0.0
2024-10-09 14:01:00-04:00,59.31999969482422,59.31999969482422,59.314998626708984,59.31999969482422,1696,0.0,0.0
2024-10-09 14:02:00-04:00,59.31999969482422,59.33000183105469,59.29999923706055,59.29999923706055,1254,0.0,0.0
2024-10-09 14:03:00-04:00,59.290000915527344,59.29499816894531,59.290000915527344,59.29499816894531,650,0.0,0.0
2024-10-09 14:04:00-04:00,59.29999923706055,59.310001373291016,59.290000915527344,59.290000915527344,2868,0.0,0.0
2024-10-09 14:05:00-04:00,59.290000915527344,59.29499816894531,59.28499984741211,59.28499984741211,969,0.0,0.0
2024-10-09 14:06:00-04:00,59.290000915527344,59.33000183105469,59.28499984741211,59.33000183105469,6039,0.0,0.0
2024-10-09 14:07:00-04:00,59.334999084472656,59.349998474121094,59.334999084472656,59.349998474121094,644,0.0,0.0
2024-10-09 14:08:00-04:00,59.36000061035156,59.380001068115234,59.345001220703125,59.36000061035156,7626,0.0,0.0
2024-10-09 14:09:00-04:00,59.349998474121094,59.35499954223633,59.349998474121094,59.349998474121094,819,0.0,0.0
2024-10-09 14:10:00-04:00,59.34000015258789,59.35499954223633,59.33000183105469,59.33000183105469,3826,0.0,0.0
2024-10-09 14:11:00-04:00,59.314998626708984,59.31999969482422,59.312801361083984,59.31999969482422,1840,0.0,0.0
2024-10-09 14:12:00-04:00,59.31999969482422,59.31999969482422,59.31999969482422,59.31999969482422,434,0.0,0.0
2024-10-09 14:13:00-04:00,59.34000015258789,59.349998474121094,59.34000015258789,59.34000015258789,707,0.0,0.0
2024-10-09 14:14:00-04:00,59.349998474121094,59.36000061035156,59.34000015258789,59.34000015258789,646,0.0,0.0
2024-10-09 14:15:00-04:00,59.345001220703125,59.349998474121094,59.34000015258789,59.349998474121094,1105,0.0,0.0
2024-10-09 14:16:00-04:00,59.34920120239258,59.34920120239258,59.2599983215332,59.2599983215332,3150,0.0,0.0
2024-10-09 14:17:00-04:00,59.2599983215332,59.2599983215332,59.2400016784668,59.2400016784668,9039,0.0,0.0
2024-10-09 14:18:00-04:00,59.2400016784668,59.2400016784668,59.21500015258789,59.220001220703125,1862,0.0,0.0
2024-10-09 14:19:00-04:00,59.22999954223633,59.22999954223633,59.189998626708984,59.189998626708984,1714,0.0,0.0
2024-10-09 14:20:00-04:00,59.189998626708984,59.220001220703125,59.189998626708984,59.220001220703125,6384,0.0,0.0
2024-10-09 14:21:00-04:00,59.220001220703125,59.220001220703125,59.185001373291016,59.185001373291016,1543,0.0,0.0
2024-10-09 14:22:00-04:00,59.17499923706055,59.18000030517578,59.165000915527344,59.165000915527344,1852,0.0,0.0
2024-10-09 14:23:00-04:00,59.16999816894531,59.18000030517578,59.16999816894531,59.17499923706055,4781,0.0,0.0
2024-10-09 14:24:00-04:00,59.19499969482422,59.209999084472656,59.19499969482422,59.20000076293945,1590,0.0,0.0
2024-10-09 14:25:00-04:00,59.209999084472656,59.2599983215332,59.209999084472656,59.25,3001,0.0,0.0
2024-10-09 14:26:00-04:00,59.2599983215332,59.27000045776367,59.2599983215332,59.27000045776367,557,0.0,0.0
2024-10-09 14:27:00-04:00,59.279998779296875,59.279998779296875,59.27000045776367,59.279998779296875,997,0.0,0.0
2024-10-09 14:28:00-04:00,59.290000915527344,59.334999084472656,59.290000915527344,59.334999084472656,1277,0.0,0.0
2024-10-09 14:29:00-04:00,59.33000183105469,59.380001068115234,59.33000183105469,59.380001068115234,1080,0.0,0.0
2024-10-09 14:30:00-04:00,59.369998931884766,59.38999938964844,59.369998931884766,59.38999938964844,907,0.0,0.0
2024-10-09 14:31:00-04:00,59.400001525878906,59.400001525878906,59.400001525878906,59.400001525878906,646,0.0,0.0
2024-10-09 14:32:00-04:00,59.400001525878906,59.400001525878906,59.38999938964844,59.400001525878906,1227,0.0,0.0
2024-10-09 14:33:00-04:00,59.400001525878906,59.40610122680664,59.400001525878906,59.400001525878906,660,0.0,0.0
2024-10-09 14:34:00-04:00,59.38999938964844,59.400001525878906,59.380001068115234,59.400001525878906,1897,0.0,0.0
2024-10-09 14:35:00-04:00,59.38999938964844,59.400001525878906,59.38999938964844,59.400001525878906,468,0.0,0.0
2024-10-09 14:36:00-04:00,59.380001068115234,59.38999938964844,59.380001068115234,59.38999938964844,1043,0.0,0.0
2024-10-09 14:37:00-04:00,59.40999984741211,59.40999984741211,59.40999984741211,59.40999984741211,456,0.0,0.0
2024-10-09 14:38:00-04:00,59.435001373291016,59.435001373291016,59.43000030517578,59.43000030517578,605,0.0,0.0
2024-10-09 14:39:00-04:00,59.42060089111328,59.435001373291016,59.42060089111328,59.435001373291016,570,0.0,0.0
2024-10-09 14:40:00-04:00,59.430198669433594,59.439998626708984,59.430198669433594,59.439998626708984,1623,0.0,0.0
2024-10-09 14:41:00-04:00,59.45000076293945,59.459999084472656,59.43000030517578,59.43939971923828,1855,0.0,0.0
2024-10-09 14:42:00-04:00,59.45000076293945,59.459999084472656,59.45000076293945,59.459999084472656,765,0.0,0.0
2024-10-09 14:43:00-04:00,59.46331787109375,59.46331787109375,59.41999816894531,59.41999816894531,977,0.0,0.0
2024-10-09 14:44:00-04:00,59.400001525878906,59.429901123046875,59.400001525878906,59.40999984741211,1426,0.0,0.0
2024-10-09 14:45:00-04:00,59.43000030517578,59.46229934692383,59.43000030517578,59.46229934692383,1684,0.0,0.0
2024-10-09 14:46:00-04:00,59.492000579833984,59.5,59.492000579833984,59.5,907,0.0,0.0
2024-10-09 14:47:00-04:00,59.4900016784668,59.499900817871094,59.470001220703125,59.470001220703125,2402,0.0,0.0
2024-10-09 14:48:00-04:00,59.47999954223633,59.5,59.47999954223633,59.5,1306,0.0,0.0
2024-10-09 14:49:00-04:00,59.50199890136719,59.52000045776367,59.5,59.52000045776367,2000,0.0,0.0
2024-10-09 14:50:00-04:00,59.50199890136719,59.50199890136719,59.5,59.5,972,0.0,0.0
2024-10-09 14:51:00-04:00,59.47999954223633,59.4900016784668,59.47999954223633,59.4900016784668,803,0.0,0.0
2024-10-09 14:52:00-04:00,59.4900016784668,59.4900016784668,59.470001220703125,59.470001220703125,705,0.0,0.0
2024-10-09 14:53:00-04:00,59.45000076293945,59.45000076293945,59.40999984741211,59.40999984741211,540,0.0,0.0
2024-10-09 14:54:00-04:00,59.40999984741211,59.41999816894531,59.40999984741211,59.40999984741211,1386,0.0,0.0
2024-10-09 14:55:00-04:00,59.38999938964844,59.40999984741211,59.38999938964844,59.40999984741211,1326,0.0,0.0
2024-10-09 14:56:00-04:00,59.40999984741211,59.41999816894531,59.40999984741211,59.415000915527344,1110,0.0,0.0
2024-10-09 14:57:00-04:00,59.41939926147461,59.41939926147461,59.40999984741211,59.40999984741211,789,0.0,0.0
2024-10-09 14:59:00-04:00,59.38999938964844,59.40250015258789,59.38999938964844,59.39899826049805,3896,0.0,0.0
2024-10-09 15:00:00-04:00,59.39500045776367,59.40999984741211,59.39500045776367,59.40999984741211,1123,0.0,0.0
2024-10-09 15:01:00-04:00,59.40999984741211,59.439998626708984,59.40999984741211,59.439998626708984,999,0.0,0.0
2024-10-09 15:02:00-04:00,59.45000076293945,59.4900016784668,59.45000076293945,59.48500061035156,1516,0.0,0.0
2024-10-09 15:03:00-04:00,59.5,59.529998779296875,59.5,59.529998779296875,772,0.0,0.0
2024-10-09 15:04:00-04:00,59.540000915527344,59.540000915527344,59.5099983215332,59.5099983215332,1288,0.0,0.0
2024-10-09 15:05:00-04:00,59.52000045776367,59.540000915527344,59.52000045776367,59.529998779296875,2447,0.0,0.0
2024-10-09 15:06:00-04:00,59.54999923706055,59.56999969482422,59.54999923706055,59.54999923706055,1288,0.0,0.0
2024-10-09 15:07:00-04:00,59.540000915527344,59.55500030517578,59.529998779296875,59.54999923706055,1764,0.0,0.0
2024-10-09 15:08:00-04:00,59.54999923706055,59.595001220703125,59.540000915527344,59.58000183105469,1473,0.0,0.0
2024-10-09 15:09:00-04:00,59.59000015258789,59.59000015258789,59.57500076293945,59.59000015258789,1043,0.0,0.0
2024-10-09 15:10:00-04:00,59.599998474121094,59.599998474121094,59.56999969482422,59.56999969482422,879,0.0,0.0
2024-10-09 15:11:00-04:00,59.57500076293945,59.58000183105469,59.54999923706055,59.54999923706055,1579,0.0,0.0
2024-10-09 15:12:00-04:00,59.54999923706055,59.54999923706055,59.529998779296875,59.54999923706055,2317,0.0,0.0
2024-10-09 15:13:00-04:00,59.540000915527344,59.54999923706055,59.529998779296875,59.529998779296875,3768,0.0,0.0
2024-10-09 15:14:00-04:00,59.52000045776367,59.540000915527344,59.5099983215332,59.529998779296875,4855,0.0,0.0
2024-10-09 15:15:00-04:00,59.52000045776367,59.52000045776367,59.52000045776367,59.52000045776367,200,0.0,0.0
2024-10-09 15:16:00-04:00,59.51499938964844,59.52000045776367,59.5099983215332,59.52000045776367,1432,0.0,0.0
2024-10-09 15:17:00-04:00,59.510101318359375,59.540000915527344,59.510101318359375,59.529998779296875,9709,0.0,0.0
2024-10-09 15:18:00-04:00,59.540000915527344,59.540000915527344,59.52000045776367,59.52000045776367,2549,0.0,0.0
2024-10-09 15:19:00-04:00,59.5099983215332,59.5099983215332,59.5,59.5098991394043,1724,0.0,0.0
2024-10-09 15:20:00-04:00,59.5,59.54999923706055,59.5,59.54499816894531,8817,0.0,0.0
2024-10-09 15:21:00-04:00,59.540000915527344,59.55509948730469,59.540000915527344,59.55509948730469,1347,0.0,0.0
2024-10-09 15:22:00-04:00,59.55500030517578,59.55500030517578,59.52000045776367,59.52000045776367,2117,0.0,0.0
2024-10-09 15:23:00-04:00,59.52000045776367,59.529998779296875,59.51499938964844,59.525001525878906,3138,0.0,0.0
2024-10-09 15:24:00-04:00,59.53499984741211,59.560001373291016,59.529998779296875,59.540000915527344,3321,0.0,0.0
2024-10-09 15:25:00-04:00,59.540000915527344,59.54999923706055,59.529998779296875,59.529998779296875,1804,0.0,0.0
2024-10-09 15:26:00-04:00,59.540000915527344,59.56999969482422,59.540000915527344,59.558998107910156,1328,0.0,0.0
2024-10-09 15:27:00-04:00,59.559898376464844,59.559898376464844,59.529998779296875,59.540000915527344,1935,0.0,0.0
2024-10-09 15:28:00-04:00,59.54100036621094,59.560001373291016,59.540000915527344,59.560001373291016,1298,0.0,0.0
2024-10-09 15:29:00-04:00,59.560001373291016,59.56100082397461,59.560001373291016,59.56100082397461,695,0.0,0.0
2024-10-09 15:30:00-04:00,59.58000183105469,59.58000183105469,59.53499984741211,59.53499984741211,3155,0.0,0.0
2024-10-09 15:31:00-04:00,59.52000045776367,59.540000915527344,59.5,59.5,5818,0.0,0.0
2024-10-09 15:32:00-04:00,59.5,59.52000045776367,59.5,59.5099983215332,4752,0.0,0.0
2024-10-09 15:33:00-04:00,59.5099983215332,59.5614013671875,59.5,59.5614013671875,6972,0.0,0.0
2024-10-09 15:34:00-04:00,59.56999969482422,59.599998474121094,59.560001373291016,59.595001220703125,3464,0.0,0.0
2024-10-09 15:35:00-04:00,59.595001220703125,59.599998474121094,59.595001220703125,59.595001220703125,3832,0.0,0.0
2024-10-09 15:36:00-04:00,59.595001220703125,59.595001220703125,59.590999603271484,59.590999603271484,671,0.0,0.0
2024-10-09 15:37:00-04:00,59.599998474121094,59.599998474121094,59.4900016784668,59.4900016784668,46017,0.0,0.0
2024-10-09 15:38:00-04:00,59.5099983215332,59.540000915527344,59.5,59.51499938964844,5385,0.0,0.0
2024-10-09 15:39:00-04:00,59.51499938964844,59.525001525878906,59.5,59.5,3316,0.0,0.0
2024-10-09 15:40:00-04:00,59.4900016784668,59.52000045776367,59.470001220703125,59.48500061035156,11896,0.0,0.0
2024-10-09 15:41:00-04:00,59.470001220703125,59.4900016784668,59.470001220703125,59.4900016784668,1086,0.0,0.0
2024-10-09 15:42:00-04:00,59.5,59.525001525878906,59.4900016784668,59.5,5898,0.0,0.0
2024-10-09 15:43:00-04:00,59.505001068115234,59.5099983215332,59.47999954223633,59.4900016784668,3352,0.0,0.0
2024-10-09 15:44:00-04:00,59.48500061035156,59.4900016784668,59.470001220703125,59.4900016784668,2598,0.0,0.0
2024-10-09 15:45:00-04:00,59.4900016784668,59.4900016784668,59.45500183105469,59.45500183105469,1799,0.0,0.0
2024-10-09 15:46:00-04:00,59.45000076293945,59.45000076293945,59.435001373291016,59.439998626708984,3180,0.0,0.0
2024-10-09 15:47:00-04:00,59.435001373291016,59.45000076293945,59.43000030517578,59.43000030517578,2835,0.0,0.0
2024-10-09 15:48:00-04:00,59.43000030517578,59.459999084472656,59.43000030517578,59.45500183105469,5362,0.0,0.0
2024-10-09 15:49:00-04:00,59.470001220703125,59.52000045776367,59.470001220703125,59.4900016784668,14185,0.0,0.0
2024-10-09 15:50:00-04:00,59.5,59.58000183105469,59.5,59.560001373291016,58030,0.0,0.0
2024-10-09 15:51:00-04:00,59.56999969482422,59.58000183105469,59.4900016784668,59.5,70815,0.0,0.0
2024-10-09 15:52:00-04:00,59.5,59.52000045776367,59.48500061035156,59.5099983215332,8872,0.0,0.0
2024-10-09 15:53:00-04:00,59.5099983215332,59.5099983215332,59.47999954223633,59.5,14333,0.0,0.0
2024-10-09 15:54:00-04:00,59.5,59.56999969482422,59.494998931884766,59.56999969482422,18982,0.0,0.0
2024-10-09 15:55:00-04:00,59.599998474121094,59.68000030517578,59.53499984741211,59.68000030517578,38501,0.0,0.0
2024-10-09 15:56:00-04:00,59.70000076293945,59.709999084472656,59.474998474121094,59.47999954223633,71275,0.0,0.0
2024-10-09 15:57:00-04:00,59.4900016784668,59.5,59.459999084472656,59.470001220703125,28121,0.0,0.0
2024-10-09 15:58:00-04:00,59.470001220703125,59.5,59.459999084472656,59.47999954223633,34460,0.0,0.0
2024-10-09 15:59:00-04:00,59.4900016784668,59.52000045776367,59.459999084472656,59.494998931884766,95480,0.0,0.0
2024-10-10 09:30:00-04:00,60.310001373291016,60.310001373291016,60.18000030517578,60.22999954223633,36209,0.0,0.0
2024-10-10 09:31:00-04:00,60.220001220703125,60.4099006652832,60.20000076293945,60.275001525878906,24773,0.0,0.0
2024-10-10 09:32:00-04:00,60.27000045776367,60.34000015258789,60.084999084472656,60.084999084472656,16647,0.0,0.0
2024-10-10 09:33:00-04:00,60.119998931884766,60.13999938964844,59.810001373291016,59.86000061035156,28872,0.0,0.0
2024-10-10 09:34:00-04:00,59.849998474121094,59.85499954223633,59.68000030517578,59.83000183105469,7985,0.0,0.0
2024-10-10 09:35:00-04:00,59.709999084472656,59.79999923706055,59.619998931884766,59.78499984741211,8939,0.0,0.0
2024-10-10 09:36:00-04:00,59.78499984741211,59.84000015258789,59.599998474121094,59.599998474121094,3589,0.0,0.0
2024-10-10 09:37:00-04:00,59.599998474121094,59.650001525878906,59.599998474121094,59.599998474121094,9152,0.0,0.0
2024-10-10 09:38:00-04:00,59.65999984741211,59.77000045776367,59.65999984741211,59.69499969482422,3302,0.0,0.0
2024-10-10 09:39:00-04:00,59.72999954223633,59.72999954223633,59.630001068115234,59.67499923706055,1351,0.0,0.0
2024-10-10 09:40:00-04:00,59.720001220703125,59.810001373291016,59.720001220703125,59.79499816894531,4322,0.0,0.0
2024-10-10 09:41:00-04:00,59.790000915527344,59.90999984741211,59.790000915527344,59.90999984741211,3385,0.0,0.0
2024-10-10 09:42:00-04:00,59.974998474121094,60.03499984741211,59.91080093383789,59.91080093383789,6010,0.0,0.0
2024-10-10 09:43:00-04:00,59.90999984741211,59.96310043334961,59.90999984741211,59.93000030517578,2419,0.0,0.0
2024-10-10 09:44:00-04:00,59.900001525878906,59.900001525878906,59.755001068115234,59.755001068115234,3686,0.0,0.0
2024-10-10 09:45:00-04:00,59.7599983215332,59.86000061035156,59.7599983215332,59.86000061035156,4575,0.0,0.0
2024-10-10 09:46:00-04:00,59.8650016784668,59.91999816894531,59.84000015258789,59.8849983215332,4083,0.0,0.0
2024-10-10 09:47:00-04:00,59.849998474121094,59.91559982299805,59.81999969482422,59.89500045776367,3856,0.0,0.0
2024-10-10 09:48:00-04:00,59.900001525878906,59.915000915527344,59.81999969482422,59.880001068115234,5459,0.0,0.0
2024-10-10 09:49:00-04:00,59.900001525878906,59.95000076293945,59.82500076293945,59.849998474121094,3851,0.0,0.0
2024-10-10 09:50:00-04:00,59.81999969482422,59.869998931884766,59.814998626708984,59.849998474121094,7400,0.0,0.0
2024-10-10 09:51:00-04:00,59.869998931884766,59.939998626708984,59.85499954223633,59.93000030517578,6056,0.0,0.0
2024-10-10 09:52:00-04:00,59.939998626708984,59.97999954223633,59.869998931884766,59.970001220703125,5888,0.0,0.0
2024-10-10 09:53:00-04:00,60.0099983215332,60.040000915527344,59.97999954223633,60.029998779296875,32256,0.0,0.0
2024-10-10 09:54:00-04:00,60.02000045776367,60.03499984741211,59.95500183105469,59.959999084472656,2525,0.0,0.0
2024-10-10 09:55:00-04:00,59.95500183105469,60.0,59.939998626708984,59.96500015258789,2519,0.0,0.0
2024-10-10 09:56:00-04:00,59.97129821777344,60.040000915527344,59.95000076293945,60.0099983215332,8532,0.0,0.0
2024-10-10 09:57:00-04:00,60.0099983215332,60.13999938964844,60.0099983215332,60.1150016784668,10356,0.0,0.0
2024-10-10 09:58:00-04:00,60.099998474121094,60.13999938964844,60.09000015258789,60.13999938964844,2263,0.0,0.0
2024-10-10 09:59:00-04:00,60.150001525878906,60.16999816894531,60.150001525878906,60.15999984741211,2035,0.0,0.0
2024-10-10 10:00:00-04:00,60.189998626708984,60.35110092163086,60.15999984741211,60.33000183105469,13336,0.0,0.0
2024-10-10 10:01:00-04:00,60.334999084472656,60.400001525878906,60.334999084472656,60.380001068115234,2244,0.0,0.0
2024-10-10 10:02:00-04:00,60.380001068115234,60.41999816894531,60.36000061035156,60.380001068115234,8233,0.0,0.0
2024-10-10 10:03:00-04:00,60.375,60.40999984741211,60.375,60.40999984741211,2286,0.0,0.0
2024-10-10 10:04:00-04:00,60.380001068115234,60.380001068115234,60.2599983215332,60.2599983215332,4450,0.0,0.0
2024-10-10 10:05:00-04:00,60.20000076293945,60.2599983215332,60.189998626708984,60.2599983215332,4258,0.0,0.0
2024-10-10 10:06:00-04:00,60.26499938964844,60.26499938964844,60.150001525878906,60.220001220703125,9294,0.0,0.0
2024-10-10 10:07:00-04:00,60.20000076293945,60.20000076293945,60.130001068115234,60.19499969482422,15317,0.0,0.0
2024-10-10 10:08:00-04:00,60.220001220703125,60.25,60.18000030517578,60.220001220703125,19904,0.0,0.0
2024-10-10 10:09:00-04:00,60.21500015258789,60.220001220703125,60.150001525878906,60.189998626708984,13142,0.0,0.0
2024-10-10 10:10:00-04:00,60.16999816894531,60.34000015258789,60.15999984741211,60.314998626708984,13519,0.0,0.0
2024-10-10 10:11:00-04:00,60.342899322509766,60.400001525878906,60.314998626708984,60.369998931884766,6657,0.0,0.0
2024-10-10 10:12:00-04:00,60.375,60.39149856567383,60.32500076293945,60.3650016784668,4894,0.0,0.0
2024-10-10 10:13:00-04:00,60.380001068115234,60.400001525878906,60.375,60.3849983215332,2917,0.0,0.0
2024-10-10 10:14:00-04:00,60.3849983215332,60.439998626708984,60.369998931884766,60.380001068115234,8536,0.0,0.0
2024-10-10 10:15:00-04:00,60.39950180053711,60.39950180053711,60.334999084472656,60.349998474121094,1998,0.0,0.0
2024-10-10 10:16:00-04:00,60.375,60.5,60.375,60.45029830932617,6651,0.0,0.0
2024-10-10 10:17:00-04:00,60.459999084472656,60.459999084472656,60.43000030517578,60.43000030517578,10958,0.0,0.0
2024-10-10 10:18:00-04:00,60.43629837036133,60.43629837036133,60.400001525878906,60.400001525878906,926,0.0,0.0
2024-10-10 10:19:00-04:00,60.380001068115234,60.380001068115234,60.314998626708984,60.33000183105469,2773,0.0,0.0
2024-10-10 10:20:00-04:00,60.31999969482422,60.33000183105469,60.290000915527344,60.33000183105469,1092,0.0,0.0
2024-10-10 10:21:00-04:00,60.33000183105469,60.380001068115234,60.33000183105469,60.369998931884766,4581,0.0,0.0
2024-10-10 10:22:00-04:00,60.36000061035156,60.36000061035156,60.230098724365234,60.25320053100586,2577,0.0,0.0
2024-10-10 10:23:00-04:00,60.25,60.290000915527344,60.25,60.279998779296875,1766,0.0,0.0
2024-10-10 10:24:00-04:00,60.279998779296875,60.34000015258789,60.279998779296875,60.310001373291016,3664,0.0,0.0
2024-10-10 10:25:00-04:00,60.33000183105469,60.33000183105469,60.255001068115234,60.27000045776367,5278,0.0,0.0
2024-10-10 10:26:00-04:00,60.279998779296875,60.33000183105469,60.279998779296875,60.32500076293945,3516,0.0,0.0
2024-10-10 10:27:00-04:00,60.34400177001953,60.400001525878906,60.33000183105469,60.36000061035156,4484,0.0,0.0
2024-10-10 10:28:00-04:00,60.380001068115234,60.400001525878906,60.36000061035156,60.36000061035156,12656,0.0,0.0
2024-10-10 10:29:00-04:00,60.349998474121094,60.38999938964844,60.345001220703125,60.38999938964844,1325,0.0,0.0
2024-10-10 10:30:00-04:00,60.36000061035156,60.470001220703125,60.36000061035156,60.400001525878906,5695,0.0,0.0
2024-10-10 10:31:00-04:00,60.400001525878906,60.400001525878906,60.33000183105469,60.33000183105469,1923,0.0,0.0
2024-10-10 10:32:00-04:00,60.32500076293945,60.36389923095703,60.29999923706055,60.33000183105469,3421,0.0,0.0
2024-10-10 10:33:00-04:00,60.369998931884766,60.400001525878906,60.36000061035156,60.36000061035156,2363,0.0,0.0
2024-10-10 10:34:00-04:00,60.349998474121094,60.36000061035156,60.33000183105469,60.36000061035156,1143,0.0,0.0
2024-10-10 10:35:00-04:00,60.3650016784668,60.40999984741211,60.3650016784668,60.400001525878906,3220,0.0,0.0
2024-10-10 10:36:00-04:00,60.38999938964844,60.439998626708984,60.349998474121094,60.349998474121094,6781,0.0,0.0
2024-10-10 10:37:00-04:00,60.33000183105469,60.36000061035156,60.33000183105469,60.36000061035156,873,0.0,0.0
2024-10-10 10:38:00-04:00,60.34000015258789,60.38999938964844,60.34000015258789,60.38999938964844,3510,0.0,0.0
2024-10-10 10:39:00-04:00,60.40999984741211,60.45000076293945,60.40999984741211,60.45000076293945,1790,0.0,0.0
2024-10-10 10:40:00-04:00,60.439998626708984,60.439998626708984,60.38999938964844,60.38999938964844,1469,0.0,0.0
2024-10-10 10:41:00-04:00,60.380001068115234,60.40999984741211,60.36000061035156,60.36000061035156,1606,0.0,0.0
2024-10-10 10:42:00-04:00,60.35499954223633,60.40999984741211,60.35499954223633,60.40999984741211,3835,0.0,0.0
2024-10-10 10:43:00-04:00,60.439998626708984,60.459999084472656,60.439998626708984,60.459999084472656,735,0.0,0.0
2024-10-10 10:44:00-04:00,60.439998626708984,60.439998626708984,60.40999984741211,60.40999984741211,1040,0.0,0.0
2024-10-10 10:45:00-04:00,60.38999938964844,60.41999816894531,60.38999938964844,60.40999984741211,1584,0.0,0.0
2024-10-10 10:46:00-04:00,60.41999816894531,60.41999816894531,60.380001068115234,60.38999938964844,1310,0.0,0.0
2024-10-10 10:47:00-04:00,60.43000030517578,60.43000030517578,60.41999816894531,60.41999816894531,543,0.0,0.0
2024-10-10 10:48:00-04:00,60.4026985168457,60.41999816894531,60.380001068115234,60.380001068115234,4568,0.0,0.0
2024-10-10 10:49:00-04:00,60.36000061035156,60.36000061035156,60.290000915527344,60.307498931884766,2467,0.0,0.0
2024-10-10 10:50:00-04:00,60.29999923706055,60.36000061035156,60.29999923706055,60.36000061035156,1202,0.0,0.0
2024-10-10 10:51:00-04:00,60.375,60.375,60.345001220703125,60.345001220703125,1025,0.0,0.0
2024-10-10 10:52:00-04:00,60.345001220703125,60.345001220703125,60.275001525878906,60.275001525878906,1303,0.0,0.0
2024-10-10 10:53:00-04:00,60.2599983215332,60.290000915527344,60.25,60.279998779296875,1502,0.0,0.0
2024-10-10 10:54:00-04:00,60.310001373291016,60.312801361083984,60.279998779296875,60.28499984741211,2087,0.0,0.0
2024-10-10 10:55:00-04:00,60.29499816894531,60.36000061035156,60.29499816894531,60.349998474121094,1724,0.0,0.0
2024-10-10 10:56:00-04:00,60.380001068115234,60.380001068115234,60.369998931884766,60.380001068115234,1433,0.0,0.0
2024-10-10 10:57:00-04:00,60.369998931884766,60.380001068115234,60.31999969482422,60.375,6383,0.0,0.0
2024-10-10 10:58:00-04:00,60.380001068115234,60.38999938964844,60.31999969482422,60.31999969482422,3960,0.0,0.0
2024-10-10 10:59:00-04:00,60.31999969482422,60.31999969482422,60.27000045776367,60.27000045776367,2551,0.0,0.0
2024-10-10 11:00:00-04:00,60.27000045776367,60.28499984741211,60.2599983215332,60.27000045776367,3046,0.0,0.0
2024-10-10 11:01:00-04:00,60.27000045776367,60.285400390625,60.2400016784668,60.2400016784668,5191,0.0,0.0
2024-10-10 11:02:00-04:00,60.290000915527344,60.290000915527344,60.25,60.25,3756,0.0,0.0
2024-10-10 11:03:00-04:00,60.255001068115234,60.255001068115234,60.18000030517578,60.185001373291016,15523,0.0,0.0
2024-10-10 11:04:00-04:00,60.16999816894531,60.1963005065918,60.16999816894531,60.17499923706055,2014,0.0,0.0
2024-10-10 11:05:00-04:00,60.185001373291016,60.20000076293945,60.119998931884766,60.119998931884766,1874,0.0,0.0
2024-10-10 11:06:00-04:00,60.150001525878906,60.209999084472656,60.14500045776367,60.19499969482422,1916,0.0,0.0
2024-10-10 11:07:00-04:00,60.20000076293945,60.21900177001953,60.20000076293945,60.21900177001953,732,0.0,0.0
2024-10-10 11:08:00-04:00,60.220001220703125,60.25,60.20000076293945,60.224998474121094,15007,0.0,0.0
2024-10-10 11:09:00-04:00,60.209999084472656,60.22800064086914,60.16999816894531,60.16999816894531,883,0.0,0.0
2024-10-10 11:10:00-04:00,60.150001525878906,60.18000030517578,60.130001068115234,60.18000030517578,1904,0.0,0.0
2024-10-10 11:11:00-04:00,60.165000915527344,60.20000076293945,60.165000915527344,60.20000076293945,994,0.0,0.0
2024-10-10 11:12:00-04:00,60.20000076293945,60.220001220703125,60.20000076293945,60.220001220703125,1475,0.0,0.0
2024-10-10 11:13:00-04:00,60.22999954223633,60.22999954223633,60.224998474121094,60.224998474121094,339,0.0,0.0
2024-10-10 11:14:00-04:00,60.2400016784668,60.25,60.216800689697266,60.25,1091,0.0,0.0
2024-10-10 11:15:00-04:00,60.25,60.2599983215332,60.22999954223633,60.22999954223633,11358,0.0,0.0
2024-10-10 11:16:00-04:00,60.224998474121094,60.224998474121094,60.150001525878906,60.150001525878906,1662,0.0,0.0
2024-10-10 11:17:00-04:00,60.16999816894531,60.20500183105469,60.16999816894531,60.20500183105469,10213,0.0,0.0
2024-10-10 11:18:00-04:00,60.20500183105469,60.20500183105469,60.20000076293945,60.20000076293945,1339,0.0,0.0
2024-10-10 11:19:00-04:00,60.18000030517578,60.18000030517578,60.13999938964844,60.13999938964844,2217,0.0,0.0
2024-10-10 11:20:00-04:00,60.119998931884766,60.119998931884766,60.060001373291016,60.09000015258789,1710,0.0,0.0
2024-10-10 11:21:00-04:00,60.099998474121094,60.11000061035156,60.099998474121094,60.11000061035156,1005,0.0,0.0
2024-10-10 11:22:00-04:00,60.130001068115234,60.130001068115234,60.099998474121094,60.099998474121094,908,0.0,0.0
2024-10-10 11:23:00-04:00,60.09000015258789,60.10660171508789,60.084999084472656,60.09000015258789,763,0.0,0.0
2024-10-10 11:24:00-04:00,60.095001220703125,60.095001220703125,60.060001373291016,60.060001373291016,791,0.0,0.0
2024-10-10 11:25:00-04:00,60.09000015258789,60.09000015258789,60.04999923706055,60.04999923706055,1888,0.0,0.0
2024-10-10 11:26:00-04:00,60.06999969482422,60.099998474121094,60.05500030517578,60.05500030517578,2358,0.0,0.0
2024-10-10 11:27:00-04:00,60.09000015258789,60.09000015258789,60.09000015258789,60.09000015258789,214,0.0,0.0
2024-10-10 11:28:00-04:00,60.06999969482422,60.09000015258789,60.060001373291016,60.08000183105469,1041,0.0,0.0
2024-10-10 11:29:00-04:00,60.084999084472656,60.13999938964844,60.060001373291016,60.08000183105469,7436,0.0,0.0
2024-10-10 11:30:00-04:00,60.095001220703125,60.099998474121094,60.060001373291016,60.060001373291016,1196,0.0,0.0
2024-10-10 11:31:00-04:00,60.04999923706055,60.060001373291016,60.03499984741211,60.03499984741211,919,0.0,0.0
2024-10-10 11:32:00-04:00,60.005001068115234,60.02000045776367,59.9900016784668,59.9900016784668,1329,0.0,0.0
2024-10-10 11:33:00-04:00,59.959999084472656,59.9900016784668,59.959999084472656,59.9900016784668,2159,0.0,0.0
2024-10-10 11:34:00-04:00,60.0,60.0,59.959999084472656,59.970001220703125,610,0.0,0.0
2024-10-10 11:35:00-04:00,59.97999954223633,60.02000045776367,59.97999954223633,60.01499938964844,2544,0.0,0.0
2024-10-10 11:36:00-04:00,60.02000045776367,60.02000045776367,59.9900016784668,59.9900016784668,862,0.0,0.0
2024-10-10 11:37:00-04:00,59.95500183105469,59.95500183105469,59.95500183105469,59.95500183105469,234,0.0,0.0
2024-10-10 11:38:00-04:00,59.970001220703125,60.02000045776367,59.970001220703125,60.02000045776367,737,0.0,0.0
2024-10-10 11:39:00-04:00,60.04669952392578,60.04999923706055,60.03499984741211,60.04999923706055,866,0.0,0.0
2024-10-10 11:40:00-04:00,60.060001373291016,60.060001373291016,60.029998779296875,60.029998779296875,1264,0.0,0.0
2024-10-10 11:41:00-04:00,60.029998779296875,60.029998779296875,60.0099983215332,60.02000045776367,1407,0.0,0.0
2024-10-10 11:42:00-04:00,60.0099983215332,60.02000045776367,60.005001068115234,60.01499938964844,843,0.0,0.0
2024-10-10 11:43:00-04:00,60.03499984741211,60.060001373291016,60.03499984741211,60.05500030517578,943,0.0,0.0
2024-10-10 11:44:00-04:00,60.03499984741211,60.03499984741211,60.03499984741211,60.03499984741211,230,0.0,0.0
2024-10-10 11:45:00-04:00,60.02000045776367,60.08000183105469,60.02000045776367,60.08000183105469,1823,0.0,0.0
2024-10-10 11:46:00-04:00,60.060001373291016,60.06999969482422,60.060001373291016,60.06999969482422,310,0.0,0.0
2024-10-10 11:47:00-04:00,60.08000183105469,60.099998474121094,60.08000183105469,60.099998474121094,714,0.0,0.0
2024-10-10 11:48:00-04:00,60.150001525878906,60.150001525878906,60.13999938964844,60.140499114990234,1990,0.0,0.0
2024-10-10 11:49:00-04:00,60.130001068115234,60.130001068115234,60.08000183105469,60.10499954223633,1825,0.0,0.0
2024-10-10 11:50:00-04:00,60.119998931884766,60.13999938964844,60.119998931884766,60.119998931884766,2411,0.0,0.0
2024-10-10 11:51:00-04:00,60.11309814453125,60.130001068115234,60.11309814453125,60.130001068115234,533,0.0,0.0
2024-10-10 11:52:00-04:00,60.13999938964844,60.157501220703125,60.13999938964844,60.13999938964844,6168,0.0,0.0
2024-10-10 11:53:00-04:00,60.150001525878906,60.150001525878906,60.13999938964844,60.13999938964844,2483,0.0,0.0
2024-10-10 11:54:00-04:00,60.13999938964844,60.14500045776367,60.130001068115234,60.14500045776367,813,0.0,0.0
2024-10-10 11:55:00-04:00,60.150001525878906,60.154998779296875,60.150001525878906,60.150001525878906,2293,0.0,0.0
2024-10-10 11:56:00-04:00,60.150001525878906,60.150001525878906,60.119998931884766,60.125,1821,0.0,0.0
2024-10-10 11:57:00-04:00,60.119998931884766,60.119998931884766,60.119998931884766,60.119998931884766,322,0.0,0.0
2024-10-10 11:58:00-04:00,60.11000061035156,60.119998931884766,60.099998474121094,60.11000061035156,1006,0.0,0.0
2024-10-10 11:59:00-04:00,60.130001068115234,60.130001068115234,60.119998931884766,60.119998931884766,723,0.0,0.0
2024-10-10 12:00:00-04:00,60.13999938964844,60.20000076293945,60.13999938964844,60.19499969482422,27994,0.0,0.0
2024-10-10 12:01:00-04:00,60.189998626708984,60.266998291015625,60.189998626708984,60.26499938964844,10391,0.0,0.0
2024-10-10 12:02:00-04:00,60.2599983215332,60.275001525878906,60.25,60.25,3326,0.0,0.0
2024-10-10 12:03:00-04:00,60.25,60.275001525878906,60.25,60.27000045776367,9906,0.0,0.0
2024-10-10 12:04:00-04:00,60.26499938964844,60.28499984741211,60.25,60.28499984741211,4185,0.0,0.0
2024-10-10 12:05:00-04:00,60.290000915527344,60.290000915527344,60.27000045776367,60.275001525878906,1945,0.0,0.0
2024-10-10 12:06:00-04:00,60.27000045776367,60.290000915527344,60.2599983215332,60.279998779296875,5143,0.0,0.0
2024-10-10 12:07:00-04:00,60.290000915527344,60.310001373291016,60.290000915527344,60.30500030517578,32223,0.0,0.0
2024-10-10 12:08:00-04:00,60.29999923706055,60.30500030517578,60.29499816894531,60.29999923706055,2087,0.0,0.0
2024-10-10 12:09:00-04:00,60.310001373291016,60.310001373291016,60.279998779296875,60.279998779296875,2080,0.0,0.0
2024-10-10 12:10:00-04:00,60.279998779296875,60.311500549316406,60.279998779296875,60.310001373291016,5919,0.0,0.0
2024-10-10 12:11:00-04:00,60.29999923706055,60.314998626708984,60.28499984741211,60.314998626708984,2597,0.0,0.0
2024-10-10 12:12:00-04:00,60.310001373291016,60.31999969482422,60.29999923706055,60.31999969482422,3642,0.0,0.0
2024-10-10 12:13:00-04:00,60.32500076293945,60.3650016784668,60.314998626708984,60.3650016784668,6617,0.0,0.0
2024-10-10 12:14:00-04:00,60.349998474121094,60.349998474121094,60.33000183105469,60.334999084472656,2516,0.0,0.0
2024-10-10 12:15:00-04:00,60.334999084472656,60.345001220703125,60.33000183105469,60.345001220703125,1032,0.0,0.0
2024-10-10 12:16:00-04:00,60.345001220703125,60.36000061035156,60.33000183105469,60.345001220703125,43450,0.0,0.0
2024-10-10 12:17:00-04:00,60.345001220703125,60.349998474121094,60.33000183105469,60.349998474121094,2695,0.0,0.0
2024-10-10 12:18:00-04:00,60.349998474121094,60.369998931884766,60.34000015258789,60.35499954223633,2516,0.0,0.0
2024-10-10 12:19:00-04:00,60.33000183105469,60.334999084472656,60.31999969482422,60.33000183105469,1445,0.0,0.0
2024-10-10 12:20:00-04:00,60.334999084472656,60.334999084472656,60.279998779296875,60.28499984741211,1181,0.0,0.0
2024-10-10 12:21:00-04:00,60.29999923706055,60.29999923706055,60.279998779296875,60.290000915527344,2280,0.0,0.0
2024-10-10 12:22:00-04:00,60.27000045776367,60.279998779296875,60.25,60.27000045776367,3122,0.0,0.0
2024-10-10 12:23:00-04:00,60.2599983215332,60.26499938964844,60.22999954223633,60.25,2204,0.0,0.0
2024-10-10 12:24:00-04:00,60.22999954223633,60.22999954223633,60.22999954223633,60.22999954223633,946,0.0,0.0
2024-10-10 12:25:00-04:00,60.2400016784668,60.256500244140625,60.22999954223633,60.25,3830,0.0,0.0
2024-10-10 12:26:00-04:00,60.2400016784668,60.2400016784668,60.220001220703125,60.220001220703125,2443,0.0,0.0
2024-10-10 12:27:00-04:00,60.220001220703125,60.2400016784668,60.220001220703125,60.2400016784668,3024,0.0,0.0
2024-10-10 12:28:00-04:00,60.2400016784668,60.2599983215332,60.2400016784668,60.2599983215332,2906,0.0,0.0
2024-10-10 12:29:00-04:00,60.2599983215332,60.27000045776367,60.25,60.27000045776367,5030,0.0,0.0
2024-10-10 12:30:00-04:00,60.2599983215332,60.27000045776367,60.220001220703125,60.220001220703125,6217,0.0,0.0
2024-10-10 12:31:00-04:00,60.20000076293945,60.209999084472656,60.20000076293945,60.209999084472656,891,0.0,0.0
2024-10-10 12:32:00-04:00,60.224998474121094,60.224998474121094,60.19499969482422,60.19499969482422,3132,0.0,0.0
2024-10-10 12:33:00-04:00,60.19499969482422,60.21989822387695,60.189998626708984,60.209999084472656,3762,0.0,0.0
2024-10-10 12:34:00-04:00,60.220001220703125,60.22999954223633,60.209999084472656,60.22999954223633,4841,0.0,0.0
2024-10-10 12:35:00-04:00,60.220001220703125,60.22999954223633,60.220001220703125,60.22999954223633,3138,0.0,0.0
2024-10-10 12:36:00-04:00,60.22999954223633,60.22999954223633,60.189998626708984,60.189998626708984,2408,0.0,0.0
2024-10-10 12:37:00-04:00,60.19499969482422,60.20989990234375,60.19499969482422,60.20000076293945,1183,0.0,0.0
2024-10-10 12:38:00-04:00,60.209999084472656,60.209999084472656,60.20000076293945,60.209999084472656,1396,0.0,0.0
2024-10-10 12:39:00-04:00,60.209999084472656,60.224998474121094,60.18170166015625,60.224998474121094,12087,0.0,0.0
2024-10-10 12:40:00-04:00,60.220001220703125,60.22999954223633,60.20000076293945,60.20000076293945,2686,0.0,0.0
2024-10-10 12:41:00-04:00,60.189998626708984,60.20869827270508,60.18000030517578,60.20000076293945,1238,0.0,0.0
2024-10-10 12:42:00-04:00,60.209999084472656,60.21500015258789,60.18000030517578,60.18000030517578,3595,0.0,0.0
2024-10-10 12:43:00-04:00,60.17499923706055,60.18000030517578,60.150001525878906,60.18000030517578,1712,0.0,0.0
2024-10-10 12:44:00-04:00,60.18000030517578,60.19499969482422,60.165000915527344,60.17499923706055,9406,0.0,0.0
2024-10-10 12:45:00-04:00,60.17499923706055,60.20000076293945,60.16999816894531,60.16999816894531,1660,0.0,0.0
2024-10-10 12:46:00-04:00,60.16999816894531,60.16999816894531,60.10499954223633,60.10499954223633,2255,0.0,0.0
2024-10-10 12:47:00-04:00,60.11000061035156,60.14469909667969,60.0817985534668,60.0817985534668,2254,0.0,0.0
2024-10-10 12:48:00-04:00,60.08000183105469,60.119998931884766,60.04499816894531,60.119998931884766,1858,0.0,0.0
2024-10-10 12:49:00-04:00,60.119998931884766,60.119998931884766,60.099998474121094,60.11000061035156,1789,0.0,0.0
2024-10-10 12:50:00-04:00,60.11000061035156,60.13999938964844,60.11000061035156,60.1349983215332,935,0.0,0.0
2024-10-10 12:51:00-04:00,60.150001525878906,60.18000030517578,60.150001525878906,60.15999984741211,2256,0.0,0.0
2024-10-10 12:52:00-04:00,60.165000915527344,60.18000030517578,60.13999938964844,60.165000915527344,3049,0.0,0.0
2024-10-10 12:53:00-04:00,60.15999984741211,60.16999816894531,60.15999984741211,60.16999816894531,704,0.0,0.0
2024-10-10 12:54:00-04:00,60.15999984741211,60.18000030517578,60.150001525878906,60.16999816894531,2798,0.0,0.0
2024-10-10 12:55:00-04:00,60.16999816894531,60.16999816894531,60.150001525878906,60.15999984741211,1952,0.0,0.0
2024-10-10 12:56:00-04:00,60.150001525878906,60.150001525878906,60.13999938964844,60.13999938964844,1903,0.0,0.0
2024-10-10 12:57:00-04:00,60.118499755859375,60.119998931884766,60.084999084472656,60.119998931884766,3225,0.0,0.0
2024-10-10 12:58:00-04:00,60.150001525878906,60.150001525878906,60.150001525878906,60.150001525878906,616,0.0,0.0
2024-10-10 12:59:00-04:00,60.150001525878906,60.150001525878906,60.130001068115234,60.13999938964844,1534,0.0,0.0
2024-10-10 13:00:00-04:00,60.13090133666992,60.13999938964844,60.119998931884766,60.13999938964844,635,0.0,0.0
2024-10-10 13:01:00-04:00,60.130001068115234,60.150001525878906,60.130001068115234,60.150001525878906,1727,0.0,0.0
2024-10-10 13:02:00-04:00,60.150001525878906,60.150001525878906,60.130001068115234,60.150001525878906,2667,0.0,0.0
2024-10-10 13:03:00-04:00,60.150001525878906,60.15999984741211,60.150001525878906,60.150001525878906,1000,0.0,0.0
2024-10-10 13:04:00-04:00,60.150001525878906,60.15999984741211,60.13999938964844,60.150001525878906,5840,0.0,0.0
2024-10-10 13:05:00-04:00,60.13999938964844,60.154998779296875,60.11000061035156,60.119998931884766,3509,0.0,0.0
2024-10-10 13:06:00-04:00,60.099998474121094,60.112098693847656,60.08000183105469,60.11000061035156,1559,0.0,0.0
2024-10-10 13:07:00-04:00,60.11000061035156,60.11000061035156,60.099998474121094,60.099998474121094,935,0.0,0.0
2024-10-10 13:08:00-04:00,60.119998931884766,60.119998931884766,60.11000061035156,60.119998931884766,723,0.0,0.0
2024-10-10 13:09:00-04:00,60.130001068115234,60.15800094604492,60.130001068115234,60.150001525878906,1713,0.0,0.0
2024-10-10 13:10:00-04:00,60.150001525878906,60.150001525878906,60.13999938964844,60.150001525878906,1231,0.0,0.0
2024-10-10 13:11:00-04:00,60.150001525878906,60.16999816894531,60.13999938964844,60.15999984741211,5587,0.0,0.0
2024-10-10 13:12:00-04:00,60.15999984741211,60.15999984741211,60.119998931884766,60.119998931884766,1872,0.0,0.0
2024-10-10 13:13:00-04:00,60.130001068115234,60.13999938964844,60.11370086669922,60.11370086669922,2051,0.0,0.0
2024-10-10 13:14:00-04:00,60.150001525878906,60.150001525878906,60.150001525878906,60.150001525878906,222,0.0,0.0
2024-10-10 13:15:00-04:00,60.15999984741211,60.19499969482422,60.150001525878906,60.189998626708984,6489,0.0,0.0
2024-10-10 13:16:00-04:00,60.18000030517578,60.20000076293945,60.16999816894531,60.189998626708984,4053,0.0,0.0
2024-10-10 13:17:00-04:00,60.1879997253418,60.20000076293945,60.185001373291016,60.189998626708984,4804,0.0,0.0
2024-10-10 13:18:00-04:00,60.20500183105469,60.2400016784668,60.20000076293945,60.22999954223633,7426,0.0,0.0
2024-10-10 13:19:00-04:00,60.2400016784668,60.25,60.2400016784668,60.25,2568,0.0,0.0
2024-10-10 13:20:00-04:00,60.25,60.28499984741211,60.25,60.279998779296875,4322,0.0,0.0
2024-10-10 13:21:00-04:00,60.290000915527344,60.334999084472656,60.28499984741211,60.33000183105469,9930,0.0,0.0
2024-10-10 13:22:00-04:00,60.34000015258789,60.34379959106445,60.33000183105469,60.34000015258789,2283,0.0,0.0
2024-10-10 13:23:00-04:00,60.3306999206543,60.34000015258789,60.31999969482422,60.33000183105469,3658,0.0,0.0
2024-10-10 13:24:00-04:00,60.33000183105469,60.33000183105469,60.33000183105469,60.33000183105469,1232,0.0,0.0
2024-10-10 13:25:00-04:00,60.33000183105469,60.349998474121094,60.33000183105469,60.34000015258789,3434,0.0,0.0
2024-10-10 13:26:00-04:00,60.34000015258789,60.380001068115234,60.33000183105469,60.33000183105469,20404,0.0,0.0
2024-10-10 13:27:00-04:00,60.33000183105469,60.345001220703125,60.33000183105469,60.345001220703125,1564,0.0,0.0
2024-10-10 13:28:00-04:00,60.33000183105469,60.34619903564453,60.33000183105469,60.34000015258789,1122,0.0,0.0
2024-10-10 13:29:00-04:00,60.33000183105469,60.35499954223633,60.33000183105469,60.349998474121094,5540,0.0,0.0
2024-10-10 13:30:00-04:00,60.349998474121094,60.3650016784668,60.349998474121094,60.36000061035156,3896,0.0,0.0
2024-10-10 13:31:00-04:00,60.36000061035156,60.38999938964844,60.36000061035156,60.38999938964844,2453,0.0,0.0
2024-10-10 13:32:00-04:00,60.3849983215332,60.3849983215332,60.36000061035156,60.36000061035156,2686,0.0,0.0
2024-10-10 13:33:00-04:00,60.36000061035156,60.36000061035156,60.345001220703125,60.36000061035156,1317,0.0,0.0
2024-10-10 13:34:00-04:00,60.36000061035156,60.36000061035156,60.349998474121094,60.349998474121094,1196,0.0,0.0
2024-10-10 13:35:00-04:00,60.34000015258789,60.36000061035156,60.34000015258789,60.349998474121094,1868,0.0,0.0
2024-10-10 13:36:00-04:00,60.349998474121094,60.38999938964844,60.349998474121094,60.38999938964844,7959,0.0,0.0
2024-10-10 13:37:00-04:00,60.380001068115234,60.38850021362305,60.369998931884766,60.375,1638,0.0,0.0
2024-10-10 13:38:00-04:00,60.369998931884766,60.380001068115234,60.369998931884766,60.380001068115234,2069,0.0,0.0
2024-10-10 13:39:00-04:00,60.369998931884766,60.380001068115234,60.369998931884766,60.380001068115234,2424,0.0,0.0
2024-10-10 13:40:00-04:00,60.380001068115234,60.380001068115234,60.36000061035156,60.380001068115234,3773,0.0,0.0
2024-10-10 13:41:00-04:00,60.380001068115234,60.400001525878906,60.380001068115234,60.400001525878906,4949,0.0,0.0
2024-10-10 13:42:00-04:00,60.400001525878906,60.40999984741211,60.400001525878906,60.40999984741211,3171,0.0,0.0
2024-10-10 13:43:00-04:00,60.40999984741211,60.41999816894531,60.400001525878906,60.41999816894531,6239,0.0,0.0
2024-10-10 13:44:00-04:00,60.41999816894531,60.45000076293945,60.40999984741211,60.43009948730469,8406,0.0,0.0
2024-10-10 13:45:00-04:00,60.435001373291016,60.44499969482422,60.42499923706055,60.42499923706055,4316,0.0,0.0
2024-10-10 13:46:00-04:00,60.42499923706055,60.45000076293945,60.42499923706055,60.45000076293945,1759,0.0,0.0
2024-10-10 13:47:00-04:00,60.439998626708984,60.470001220703125,60.439998626708984,60.470001220703125,5206,0.0,0.0
2024-10-10 13:48:00-04:00,60.470001220703125,60.47999954223633,60.459999084472656,60.46500015258789,3024,0.0,0.0
2024-10-10 13:49:00-04:00,60.459999084472656,60.459999084472656,60.42499923706055,60.439998626708984,4275,0.0,0.0
2024-10-10 13:50:00-04:00,60.439998626708984,60.45000076293945,60.43000030517578,60.435001373291016,3450,0.0,0.0
2024-10-10 13:51:00-04:00,60.45000076293945,60.470001220703125,60.40999984741211,60.40999984741211,12415,0.0,0.0
2024-10-10 13:52:00-04:00,60.40999984741211,60.40999984741211,60.34320068359375,60.380001068115234,5389,0.0,0.0
2024-10-10 13:53:00-04:00,60.38999938964844,60.404998779296875,60.380001068115234,60.380001068115234,1212,0.0,0.0
2024-10-10 13:54:00-04:00,60.400001525878906,60.41999816894531,60.400001525878906,60.41999816894531,1747,0.0,0.0
2024-10-10 13:55:00-04:00,60.41999816894531,60.43000030517578,60.415000915527344,60.43000030517578,4342,0.0,0.0
2024-10-10 13:56:00-04:00,60.41999816894531,60.46500015258789,60.41999816894531,60.459999084472656,5209,0.0,0.0
2024-10-10 13:57:00-04:00,60.45000076293945,60.45000076293945,60.435001373291016,60.45000076293945,1987,0.0,0.0
2024-10-10 13:58:00-04:00,60.45000076293945,60.45000076293945,60.439998626708984,60.439998626708984,1222,0.0,0.0
2024-10-10 13:59:00-04:00,60.439998626708984,60.45000076293945,60.439998626708984,60.45000076293945,2472,0.0,0.0
2024-10-10 14:00:00-04:00,60.439998626708984,60.439998626708984,60.43000030517578,60.439998626708984,2586,0.0,0.0
2024-10-10 14:01:00-04:00,60.439998626708984,60.470001220703125,60.439998626708984,60.470001220703125,12640,0.0,0.0
2024-10-10 14:02:00-04:00,60.470001220703125,60.4900016784668,60.45500183105469,60.47999954223633,7486,0.0,0.0
2024-10-10 14:03:00-04:00,60.470001220703125,60.470001220703125,60.439998626708984,60.439998626708984,6021,0.0,0.0
2024-10-10 14:04:00-04:00,60.439998626708984,60.45600128173828,60.439998626708984,60.439998626708984,5113,0.0,0.0
2024-10-10 14:05:00-04:00,60.439998626708984,60.45000076293945,60.43000030517578,60.439998626708984,1871,0.0,0.0
2024-10-10 14:06:00-04:00,60.435001373291016,60.459999084472656,60.435001373291016,60.45000076293945,3256,0.0,0.0
2024-10-10 14:07:00-04:00,60.44499969482422,60.4900016784668,60.44499969482422,60.4900016784668,7972,0.0,0.0
2024-10-10 14:08:00-04:00,60.4900016784668,60.4900016784668,60.474998474121094,60.474998474121094,7753,0.0,0.0
2024-10-10 14:09:00-04:00,60.474998474121094,60.48500061035156,60.470001220703125,60.47999954223633,3298,0.0,0.0
2024-10-10 14:10:00-04:00,60.47999954223633,60.48500061035156,60.459999084472656,60.474998474121094,8177,0.0,0.0
2024-10-10 14:11:00-04:00,60.47999954223633,60.47999954223633,60.439998626708984,60.45000076293945,8292,0.0,0.0
2024-10-10 14:12:00-04:00,60.439998626708984,60.439998626708984,60.402801513671875,60.402801513671875,7900,0.0,0.0
2024-10-10 14:13:00-04:00,60.40999984741211,60.43000030517578,60.40999984741211,60.415000915527344,4594,0.0,0.0
2024-10-10 14:14:00-04:00,60.415000915527344,60.415000915527344,60.380001068115234,60.380001068115234,2690,0.0,0.0
2024-10-10 14:15:00-04:00,60.380001068115234,60.38999938964844,60.36000061035156,60.36000061035156,3169,0.0,0.0
2024-10-10 14:16:00-04:00,60.369998931884766,60.369998931884766,60.34000015258789,60.369998931884766,11291,0.0,0.0
2024-10-10 14:17:00-04:00,60.369998931884766,60.40999984741211,60.369998931884766,60.404998779296875,6414,0.0,0.0
2024-10-10 14:18:00-04:00,60.404998779296875,60.470001220703125,60.404998779296875,60.45500183105469,6880,0.0,0.0
2024-10-10 14:19:00-04:00,60.45500183105469,60.51599884033203,60.45000076293945,60.5099983215332,6263,0.0,0.0
2024-10-10 14:20:00-04:00,60.5099983215332,60.604000091552734,60.5099983215332,60.604000091552734,16409,0.0,0.0
2024-10-10 14:21:00-04:00,60.599998474121094,60.684600830078125,60.599998474121094,60.684600830078125,4572,0.0,0.0
2024-10-10 14:22:00-04:00,60.689998626708984,60.720001220703125,60.68000030517578,60.709999084472656,2687,0.0,0.0
2024-10-10 14:23:00-04:00,60.70000076293945,60.709999084472656,60.689998626708984,60.709999084472656,1568,0.0,0.0
2024-10-10 14:24:00-04:00,60.68000030517578,60.68000030517578,60.63999938964844,60.63999938964844,3788,0.0,0.0
2024-10-10 14:25:00-04:00,60.63999938964844,60.66999816894531,60.63999938964844,60.66999816894531,906,0.0,0.0
2024-10-10 14:26:00-04:00,60.67499923706055,60.689998626708984,60.65999984741211,60.689998626708984,1141,0.0,0.0
2024-10-10 14:27:00-04:00,60.685001373291016,60.685001373291016,60.650001525878906,60.65999984741211,1292,0.0,0.0
2024-10-10 14:28:00-04:00,60.650001525878906,60.66999816894531,60.650001525878906,60.66999816894531,616,0.0,0.0
2024-10-10 14:29:00-04:00,60.665000915527344,60.665000915527344,60.6349983215332,60.6349983215332,2515,0.0,0.0
2024-10-10 14:30:00-04:00,60.630001068115234,60.654998779296875,60.630001068115234,60.654998779296875,968,0.0,0.0
2024-10-10 14:31:00-04:00,60.650001525878906,60.654998779296875,60.595001220703125,60.625,2439,0.0,0.0
2024-10-10 14:32:00-04:00,60.619998931884766,60.619998931884766,60.61000061035156,60.6150016784668,1501,0.0,0.0
2024-10-10 14:33:00-04:00,60.625,60.630001068115234,60.625,60.630001068115234,500,0.0,0.0
2024-10-10 14:34:00-04:00,60.619998931884766,60.6349983215332,60.61000061035156,60.62200164794922,1777,0.0,0.0
2024-10-10 14:35:00-04:00,60.619998931884766,60.62379837036133,60.59000015258789,60.60499954223633,2432,0.0,0.0
2024-10-10 14:36:00-04:00,60.5900993347168,60.630001068115234,60.59000015258789,60.630001068115234,2877,0.0,0.0
2024-10-10 14:37:00-04:00,60.650001525878906,60.650001525878906,60.630001068115234,60.630001068115234,1014,0.0,0.0
2024-10-10 14:38:00-04:00,60.63999938964844,60.64500045776367,60.63999938964844,60.63999938964844,1246,0.0,0.0
2024-10-10 14:39:00-04:00,60.6349983215332,60.65999984741211,60.630001068115234,60.650001525878906,5023,0.0,0.0
2024-10-10 14:40:00-04:00,60.65999984741211,60.66999816894531,60.65999984741211,60.66999816894531,886,0.0,0.0
2024-10-10 14:41:00-04:00,60.65999984741211,60.65999984741211,60.65999984741211,60.65999984741211,325,0.0,0.0
2024-10-10 14:42:00-04:00,60.67499923706055,60.67499923706055,60.650001525878906,60.65999984741211,2405,0.0,0.0
2024-10-10 14:43:00-04:00,60.654998779296875,60.654998779296875,60.6150016784668,60.619998931884766,2426,0.0,0.0
2024-10-10 14:44:00-04:00,60.6349983215332,60.6349983215332,60.59000015258789,60.59280014038086,1929,0.0,0.0
2024-10-10 14:45:00-04:00,60.608001708984375,60.619998931884766,60.599998474121094,60.619998931884766,1674,0.0,0.0
2024-10-10 14:46:00-04:00,60.630001068115234,60.63999938964844,60.6150016784668,60.63999938964844,1124,0.0,0.0
2024-10-10 14:47:00-04:00,60.63999938964844,60.650001525878906,60.630001068115234,60.63999938964844,2549,0.0,0.0
2024-10-10 14:48:00-04:00,60.63999938964844,60.63999938964844,60.625,60.63999938964844,1729,0.0,0.0
2024-10-10 14:49:00-04:00,60.63999938964844,60.63999938964844,60.599998474121094,60.61000061035156,7813,0.0,0.0
2024-10-10 14:50:00-04:00,60.59000015258789,60.59000015258789,60.560001373291016,60.560001373291016,1677,0.0,0.0
2024-10-10 14:51:00-04:00,60.54999923706055,60.57500076293945,60.54999923706055,60.57500076293945,1118,0.0,0.0
2024-10-10 14:52:00-04:00,60.560001373291016,60.560001373291016,60.560001373291016,60.560001373291016,756,0.0,0.0
2024-10-10 14:53:00-04:00,60.560001373291016,60.560001373291016,60.529998779296875,60.54999923706055,4056,0.0,0.0
2024-10-10 14:54:00-04:00,60.540000915527344,60.54999923706055,60.529998779296875,60.54999923706055,6656,0.0,0.0
2024-10-10 14:55:00-04:00,60.560001373291016,60.560001373291016,60.560001373291016,60.560001373291016,679,0.0,0.0
2024-10-10 14:56:00-04:00,60.560001373291016,60.560001373291016,60.525001525878906,60.525001525878906,2406,0.0,0.0
2024-10-10 14:57:00-04:00,60.54999923706055,60.560001373291016,60.54999923706055,60.560001373291016,1488,0.0,0.0
2024-10-10 14:58:00-04:00,60.560001373291016,60.56999969482422,60.560001373291016,60.560001373291016,3186,0.0,0.0
2024-10-10 14:59:00-04:00,60.54999923706055,60.58000183105469,60.54999923706055,60.58000183105469,3059,0.0,0.0
2024-10-10 15:00:00-04:00,60.599998474121094,60.599998474121094,60.59000015258789,60.59000015258789,626,0.0,0.0
2024-10-10 15:01:00-04:00,60.599998474121094,60.60850143432617,60.59000015258789,60.60599899291992,1404,0.0,0.0
2024-10-10 15:02:00-04:00,60.61000061035156,60.63999938964844,60.61000061035156,60.63999938964844,1911,0.0,0.0
2024-10-10 15:03:00-04:00,60.63999938964844,60.650001525878906,60.630001068115234,60.63999938964844,3803,0.0,0.0
2024-10-10 15:04:00-04:00,60.64500045776367,60.67499923706055,60.630001068115234,60.63999938964844,4154,0.0,0.0
2024-10-10 15:05:00-04:00,60.63600158691406,60.63600158691406,60.630001068115234,60.6349983215332,788,0.0,0.0
2024-10-10 15:06:00-04:00,60.619998931884766,60.63999938964844,60.619998931884766,60.63999938964844,1486,0.0,0.0
2024-10-10 15:07:00-04:00,60.65999984741211,60.689998626708984,60.65999984741211,60.68000030517578,3226,0.0,0.0
2024-10-10 15:08:00-04:00,60.68000030517578,60.70000076293945,60.65999984741211,60.70000076293945,2152,0.0,0.0
2024-10-10 15:09:00-04:00,60.69850158691406,60.69990158081055,60.689998626708984,60.69499969482422,3661,0.0,0.0
2024-10-10 15:10:00-04:00,60.709999084472656,60.709999084472656,60.63999938964844,60.63999938964844,9234,0.0,0.0
2024-10-10 15:11:00-04:00,60.66999816894531,60.68000030517578,60.66999816894531,60.68000030517578,429,0.0,0.0
2024-10-10 15:12:00-04:00,60.689998626708984,60.70000076293945,60.689998626708984,60.689998626708984,1591,0.0,0.0
2024-10-10 15:13:00-04:00,60.70000076293945,60.77000045776367,60.70000076293945,60.77000045776367,8469,0.0,0.0
2024-10-10 15:14:00-04:00,60.77000045776367,60.779998779296875,60.756500244140625,60.756500244140625,2939,0.0,0.0
2024-10-10 15:15:00-04:00,60.7599983215332,60.773799896240234,60.75,60.7599983215332,1581,0.0,0.0
2024-10-10 15:16:00-04:00,60.76900100708008,60.779998779296875,60.7599983215332,60.779998779296875,1643,0.0,0.0
2024-10-10 15:17:00-04:00,60.810001373291016,60.810001373291016,60.810001373291016,60.810001373291016,277,0.0,0.0
2024-10-10 15:18:00-04:00,60.80500030517578,60.81999969482422,60.790000915527344,60.79999923706055,7136,0.0,0.0
2024-10-10 15:19:00-04:00,60.79999923706055,60.79999923706055,60.72999954223633,60.73500061035156,4575,0.0,0.0
2024-10-10 15:20:00-04:00,60.75,60.76499938964844,60.75,60.7599983215332,2643,0.0,0.0
2024-10-10 15:21:00-04:00,60.77280044555664,60.790000915527344,60.77000045776367,60.77000045776367,5297,0.0,0.0
2024-10-10 15:22:00-04:00,60.779998779296875,60.779998779296875,60.77000045776367,60.779998779296875,2301,0.0,0.0
2024-10-10 15:23:00-04:00,60.790000915527344,60.790000915527344,60.779998779296875,60.78900146484375,4053,0.0,0.0
2024-10-10 15:24:00-04:00,60.79999923706055,60.814998626708984,60.744998931884766,60.744998931884766,4186,0.0,0.0
2024-10-10 15:25:00-04:00,60.7599983215332,60.76900100708008,60.72999954223633,60.72999954223633,2651,0.0,0.0
2024-10-10 15:26:00-04:00,60.72999954223633,60.7400016784668,60.72999954223633,60.7400016784668,975,0.0,0.0
2024-10-10 15:27:00-04:00,60.7400016784668,60.7400016784668,60.720001220703125,60.7400016784668,1244,0.0,0.0
2024-10-10 15:28:00-04:00,60.7400016784668,60.77000045776367,60.709999084472656,60.709999084472656,4854,0.0,0.0
2024-10-10 15:29:00-04:00,60.720001220703125,60.720001220703125,60.720001220703125,60.720001220703125,1273,0.0,0.0
2024-10-10 15:30:00-04:00,60.720001220703125,60.77899932861328,60.720001220703125,60.77000045776367,6479,0.0,0.0
2024-10-10 15:31:00-04:00,60.77899932861328,60.77899932861328,60.75,60.75,3845,0.0,0.0
2024-10-10 15:32:00-04:00,60.7400016784668,60.75,60.709999084472656,60.709999084472656,4085,0.0,0.0
2024-10-10 15:33:00-04:00,60.70000076293945,60.71900177001953,60.689998626708984,60.709999084472656,4349,0.0,0.0
2024-10-10 15:34:00-04:00,60.70000076293945,60.72999954223633,60.70000076293945,60.72999954223633,5403,0.0,0.0
2024-10-10 15:35:00-04:00,60.72999954223633,60.749000549316406,60.72999954223633,60.73500061035156,3394,0.0,0.0
2024-10-10 15:36:00-04:00,60.72999954223633,60.72999954223633,60.720001220703125,60.72999954223633,3551,0.0,0.0
2024-10-10 15:37:00-04:00,60.72999954223633,60.7400016784668,60.720001220703125,60.73500061035156,3895,0.0,0.0
2024-10-10 15:38:00-04:00,60.72999954223633,60.72999954223633,60.689998626708984,60.689998626708984,3317,0.0,0.0
2024-10-10 15:39:00-04:00,60.689998626708984,60.720001220703125,60.689998626708984,60.70500183105469,3855,0.0,0.0
2024-10-10 15:40:00-04:00,60.709999084472656,60.75,60.709999084472656,60.7400016784668,5844,0.0,0.0
2024-10-10 15:41:00-04:00,60.7400016784668,60.779998779296875,60.7400016784668,60.76499938964844,3554,0.0,0.0
2024-10-10 15:42:00-04:00,60.77000045776367,60.790000915527344,60.77000045776367,60.779998779296875,5455,0.0,0.0
2024-10-10 15:43:00-04:00,60.77000045776367,60.779998779296875,60.76499938964844,60.779998779296875,3066,0.0,0.0
2024-10-10 15:44:00-04:00,60.78499984741211,60.78499984741211,60.7599983215332,60.76900100708008,4636,0.0,0.0
2024-10-10 15:45:00-04:00,60.76499938964844,60.76499938964844,60.724998474121094,60.724998474121094,7177,0.0,0.0
2024-10-10 15:46:00-04:00,60.720001220703125,60.75,60.720001220703125,60.75,4812,0.0,0.0
2024-10-10 15:47:00-04:00,60.7599983215332,60.779998779296875,60.74712371826172,60.77000045776367,6561,0.0,0.0
2024-10-10 15:48:00-04:00,60.77899932861328,60.77899932861328,60.75,60.755001068115234,5060,0.0,0.0
2024-10-10 15:49:00-04:00,60.7599983215332,60.79999923706055,60.7599983215332,60.790000915527344,7657,0.0,0.0
2024-10-10 15:50:00-04:00,60.79999923706055,60.90999984741211,60.79899978637695,60.869998931884766,54890,0.0,0.0
2024-10-10 15:51:00-04:00,60.869998931884766,60.89500045776367,60.85499954223633,60.86000061035156,16685,0.0,0.0
2024-10-10 15:52:00-04:00,60.86000061035156,60.880001068115234,60.845001220703125,60.875,9480,0.0,0.0
2024-10-10 15:53:00-04:00,60.875,60.88999938964844,60.85499954223633,60.88999938964844,9786,0.0,0.0
2024-10-10 15:54:00-04:00,60.88999938964844,60.939998626708984,60.88999938964844,60.93000030517578,14809,0.0,0.0
2024-10-10 15:55:00-04:00,60.93000030517578,60.970001220703125,60.92499923706055,60.959999084472656,25973,0.0,0.0
2024-10-10 15:56:00-04:00,60.970001220703125,60.994998931884766,60.95000076293945,60.95000076293945,51971,0.0,0.0
2024-10-10 15:57:00-04:00,60.95500183105469,60.970001220703125,60.93000030517578,60.939998626708984,25633,0.0,0.0
2024-10-10 15:58:00-04:00,60.939998626708984,60.959999084472656,60.93000030517578,60.935001373291016,37518,0.0,0.0
2024-10-10 15:59:00-04:00,60.93000030517578,60.970001220703125,60.93000030517578,60.959999084472656,48883,0.0,0.0
2024-10-11 09:30:00-04:00,61.40999984741211,61.47999954223633,61.18000030517578,61.22999954223633,33706,0.0,0.0
2024-10-11 09:31:00-04:00,61.334999084472656,61.619998931884766,61.334999084472656,61.619998931884766,8658,0.0,0.0
2024-10-11 09:32:00-04:00,61.56999969482422,61.66999816894531,61.540000915527344,61.560001373291016,8502,0.0,0.0
2024-10-11 09:33:00-04:00,61.560001373291016,61.560001373291016,61.459999084472656,61.459999084472656,2603,0.0,0.0
2024-10-11 09:34:00-04:00,61.48500061035156,61.56999969482422,61.48500061035156,61.56999969482422,2442,0.0,0.0
2024-10-11 09:35:00-04:00,61.630001068115234,61.810001373291016,61.630001068115234,61.779998779296875,7947,0.0,0.0
2024-10-11 09:36:00-04:00,61.834999084472656,61.849998474121094,61.810001373291016,61.84000015258789,4688,0.0,0.0
2024-10-11 09:37:00-04:00,61.869998931884766,61.900001525878906,61.78499984741211,61.78499984741211,6107,0.0,0.0
2024-10-11 09:38:00-04:00,61.779998779296875,61.869998931884766,61.779998779296875,61.790000915527344,1991,0.0,0.0
2024-10-11 09:39:00-04:00,61.869998931884766,61.959999084472656,61.84000015258789,61.95000076293945,2315,0.0,0.0
2024-10-11 09:40:00-04:00,61.94499969482422,61.970001220703125,61.91600036621094,61.91889953613281,9259,0.0,0.0
2024-10-11 09:41:00-04:00,61.92499923706055,61.96500015258789,61.92499923706055,61.939998626708984,1471,0.0,0.0
2024-10-11 09:42:00-04:00,61.94499969482422,61.970001220703125,61.91999816894531,61.91999816894531,1244,0.0,0.0
2024-10-11 09:43:00-04:00,61.90999984741211,61.95000076293945,61.90999984741211,61.90999984741211,4295,0.0,0.0
2024-10-11 09:44:00-04:00,61.900001525878906,61.900001525878906,61.84000015258789,61.869998931884766,2868,0.0,0.0
2024-10-11 09:45:00-04:00,61.869998931884766,61.869998931884766,61.75,61.834999084472656,6464,0.0,0.0
2024-10-11 09:46:00-04:00,61.849998474121094,61.869998931884766,61.77000045776367,61.849998474121094,2611,0.0,0.0
2024-10-11 09:47:00-04:00,61.849998474121094,61.90999984741211,61.84000015258789,61.84000015258789,3715,0.0,0.0
2024-10-11 09:48:00-04:00,61.83649826049805,61.849998474121094,61.779998779296875,61.84000015258789,3683,0.0,0.0
2024-10-11 09:49:00-04:00,61.849998474121094,61.849998474121094,61.81999969482422,61.81999969482422,4786,0.0,0.0
2024-10-11 09:50:00-04:00,61.83000183105469,61.83000183105469,61.779998779296875,61.779998779296875,2978,0.0,0.0
2024-10-11 09:51:00-04:00,61.77000045776367,61.77000045776367,61.70000076293945,61.70000076293945,3168,0.0,0.0
2024-10-11 09:52:00-04:00,61.66999816894531,61.66999816894531,61.61000061035156,61.63999938964844,5047,0.0,0.0
2024-10-11 09:53:00-04:00,61.599998474121094,61.650001525878906,61.599998474121094,61.599998474121094,66106,0.0,0.0
2024-10-11 09:54:00-04:00,61.599998474121094,61.630001068115234,61.5,61.5,6297,0.0,0.0
2024-10-11 09:55:00-04:00,61.5,61.52000045776367,61.470001220703125,61.490501403808594,3116,0.0,0.0
2024-10-11 09:56:00-04:00,61.470001220703125,61.4900016784668,61.470001220703125,61.4900016784668,840,0.0,0.0
2024-10-11 09:57:00-04:00,61.54999923706055,61.54999923706055,61.5099983215332,61.5099983215332,638,0.0,0.0
2024-10-11 09:58:00-04:00,61.470001220703125,61.5099983215332,61.39400100708008,61.43000030517578,7305,0.0,0.0
2024-10-11 09:59:00-04:00,61.439998626708984,61.47999954223633,61.43000030517578,61.47999954223633,3963,0.0,0.0
2024-10-11 10:00:00-04:00,61.5,61.540000915527344,61.46879959106445,61.5,2677,0.0,0.0
2024-10-11 10:01:00-04:00,61.505001068115234,61.54999923706055,61.4900016784668,61.52000045776367,13064,0.0,0.0
2024-10-11 10:02:00-04:00,61.529998779296875,61.560001373291016,61.494998931884766,61.55500030517578,9141,0.0,0.0
2024-10-11 10:03:00-04:00,61.54499816894531,61.54999923706055,61.5099983215332,61.529998779296875,7004,0.0,0.0
2024-10-11 10:04:00-04:00,61.51499938964844,61.540000915527344,61.5099983215332,61.5099983215332,1961,0.0,0.0
2024-10-11 10:05:00-04:00,61.4900016784668,61.540000915527344,61.47999954223633,61.540000915527344,19444,0.0,0.0
2024-10-11 10:06:00-04:00,61.540000915527344,61.58000183105469,61.540000915527344,61.560001373291016,13162,0.0,0.0
2024-10-11 10:07:00-04:00,61.56999969482422,61.61000061035156,61.54499816894531,61.56999969482422,9900,0.0,0.0
2024-10-11 10:08:00-04:00,61.58000183105469,61.61000061035156,61.56999969482422,61.60499954223633,6773,0.0,0.0
2024-10-11 10:09:00-04:00,61.599998474121094,61.63999938964844,61.55500030517578,61.61000061035156,9632,0.0,0.0
2024-10-11 10:10:00-04:00,61.61000061035156,61.619998931884766,61.54999923706055,61.54999923706055,5973,0.0,0.0
2024-10-11 10:11:00-04:00,61.560001373291016,61.59000015258789,61.540000915527344,61.540000915527344,5492,0.0,0.0
2024-10-11 10:12:00-04:00,61.529998779296875,61.560001373291016,61.529998779296875,61.54999923706055,7649,0.0,0.0
2024-10-11 10:13:00-04:00,61.57500076293945,61.57500076293945,61.5099983215332,61.5099983215332,4487,0.0,0.0
2024-10-11 10:14:00-04:00,61.5099983215332,61.59000015258789,61.5099983215332,61.59000015258789,10332,0.0,0.0
2024-10-11 10:15:00-04:00,61.59000015258789,61.599998474121094,61.58089828491211,61.599998474121094,6772,0.0,0.0
2024-10-11 10:16:00-04:00,61.599998474121094,61.61000061035156,61.584999084472656,61.584999084472656,3933,0.0,0.0
2024-10-11 10:17:00-04:00,61.58000183105469,61.630001068115234,61.58000183105469,61.625,3071,0.0,0.0
2024-10-11 10:18:00-04:00,61.625,61.650001525878906,61.625,61.650001525878906,8945,0.0,0.0
2024-10-11 10:19:00-04:00,61.63999938964844,61.63999938964844,61.58000183105469,61.584999084472656,3611,0.0,0.0
2024-10-11 10:20:00-04:00,61.56999969482422,61.56999969482422,61.540000915527344,61.54999923706055,3513,0.0,0.0
2024-10-11 10:21:00-04:00,61.540000915527344,61.560001373291016,61.5099983215332,61.5099983215332,7165,0.0,0.0
2024-10-11 10:22:00-04:00,61.507999420166016,61.52000045776367,61.47999954223633,61.5099983215332,10442,0.0,0.0
2024-10-11 10:23:00-04:00,61.5099983215332,61.519901275634766,61.5099983215332,61.5099983215332,1845,0.0,0.0
2024-10-11 10:24:00-04:00,61.5099983215332,61.529998779296875,61.505001068115234,61.51499938964844,5676,0.0,0.0
2024-10-11 10:25:00-04:00,61.51499938964844,61.52000045776367,61.43000030517578,61.43000030517578,4597,0.0,0.0
2024-10-11 10:26:00-04:00,61.42570114135742,61.47999954223633,61.42570114135742,61.47999954223633,2940,0.0,0.0
2024-10-11 10:27:00-04:00,61.4900016784668,61.4900016784668,61.45000076293945,61.470001220703125,5684,0.0,0.0
2024-10-11 10:28:00-04:00,61.470001220703125,61.470001220703125,61.45500183105469,61.45500183105469,979,0.0,0.0
2024-10-11 10:29:00-04:00,61.459999084472656,61.470001220703125,61.400001525878906,61.400001525878906,2044,0.0,0.0
2024-10-11 10:30:00-04:00,61.400001525878906,61.41999816894531,61.38999938964844,61.38999938964844,1267,0.0,0.0
2024-10-11 10:31:00-04:00,61.38999938964844,61.38999938964844,61.29999923706055,61.29999923706055,2026,0.0,0.0
2024-10-11 10:32:00-04:00,61.349998474121094,61.380001068115234,61.33000183105469,61.33000183105469,2094,0.0,0.0
2024-10-11 10:33:00-04:00,61.33580017089844,61.349998474121094,61.33580017089844,61.349998474121094,446,0.0,0.0
2024-10-11 10:34:00-04:00,61.35020065307617,61.35499954223633,61.35020065307617,61.35499954223633,898,0.0,0.0
2024-10-11 10:35:00-04:00,61.369998931884766,61.369998931884766,61.33000183105469,61.36000061035156,3116,0.0,0.0
2024-10-11 10:36:00-04:00,61.35940170288086,61.35940170288086,61.31999969482422,61.34000015258789,869,0.0,0.0
2024-10-11 10:37:00-04:00,61.334999084472656,61.334999084472656,61.295799255371094,61.31999969482422,3089,0.0,0.0
2024-10-11 10:38:00-04:00,61.31999969482422,61.31999969482422,61.27000045776367,61.27000045776367,1380,0.0,0.0
2024-10-11 10:39:00-04:00,61.279998779296875,61.290000915527344,61.279998779296875,61.290000915527344,1991,0.0,0.0
2024-10-11 10:40:00-04:00,61.29999923706055,61.31999969482422,61.290000915527344,61.310001373291016,3234,0.0,0.0
2024-10-11 10:41:00-04:00,61.31999969482422,61.33000183105469,61.31999969482422,61.31999969482422,1984,0.0,0.0
2024-10-11 10:42:00-04:00,61.32500076293945,61.34989929199219,61.31999969482422,61.33000183105469,4869,0.0,0.0
2024-10-11 10:43:00-04:00,61.34000015258789,61.349998474121094,61.2599983215332,61.2599983215332,4255,0.0,0.0
2024-10-11 10:44:00-04:00,61.27000045776367,61.290000915527344,61.27000045776367,61.279998779296875,1208,0.0,0.0
2024-10-11 10:45:00-04:00,61.28499984741211,61.28499984741211,61.22999954223633,61.22999954223633,2274,0.0,0.0
2024-10-11 10:46:00-04:00,61.2400016784668,61.25,61.189998626708984,61.209999084472656,1589,0.0,0.0
2024-10-11 10:47:00-04:00,61.220001220703125,61.220001220703125,61.20000076293945,61.20000076293945,1212,0.0,0.0
2024-10-11 10:48:00-04:00,61.189998626708984,61.209999084472656,61.18000030517578,61.18000030517578,2553,0.0,0.0
2024-10-11 10:49:00-04:00,61.189998626708984,61.25,61.189998626708984,61.25,1285,0.0,0.0
2024-10-11 10:50:00-04:00,61.2599983215332,61.2599983215332,61.2400016784668,61.2400016784668,1024,0.0,0.0
2024-10-11 10:51:00-04:00,61.22999954223633,61.2599983215332,61.20500183105469,61.2599983215332,2882,0.0,0.0
2024-10-11 10:52:00-04:00,61.25,61.27000045776367,61.25,61.27000045776367,810,0.0,0.0
2024-10-11 10:53:00-04:00,61.2599983215332,61.27000045776367,61.209999084472656,61.22999954223633,1200,0.0,0.0
2024-10-11 10:54:00-04:00,61.2400016784668,61.2400016784668,61.18000030517578,61.18000030517578,1326,0.0,0.0
2024-10-11 10:55:00-04:00,61.20000076293945,61.209999084472656,61.18000030517578,61.18000030517578,1122,0.0,0.0
2024-10-11 10:56:00-04:00,61.189998626708984,61.189998626708984,61.189998626708984,61.189998626708984,655,0.0,0.0
2024-10-11 10:57:00-04:00,61.25,61.28499984741211,61.25,61.28499984741211,346,0.0,0.0
2024-10-11 10:58:00-04:00,61.27000045776367,61.27000045776367,61.25,61.25,623,0.0,0.0
2024-10-11 10:59:00-04:00,61.2599983215332,61.265499114990234,61.255001068115234,61.265499114990234,1233,0.0,0.0
2024-10-11 11:00:00-04:00,61.255001068115234,61.27000045776367,61.255001068115234,61.27000045776367,953,0.0,0.0
2024-10-11 11:01:00-04:00,61.2599983215332,61.29999923706055,61.2599983215332,61.290000915527344,1215,0.0,0.0
2024-10-11 11:02:00-04:00,61.290000915527344,61.29999923706055,61.279998779296875,61.279998779296875,990,0.0,0.0
2024-10-11 11:03:00-04:00,61.2599983215332,61.290000915527344,61.2599983215332,61.290000915527344,2084,0.0,0.0
2024-10-11 11:04:00-04:00,61.29999923706055,61.31999969482422,61.29999923706055,61.310001373291016,1482,0.0,0.0
2024-10-11 11:05:00-04:00,61.290000915527344,61.31999969482422,61.290000915527344,61.314998626708984,1658,0.0,0.0
2024-10-11 11:06:00-04:00,61.310001373291016,61.310001373291016,61.310001373291016,61.310001373291016,433,0.0,0.0
2024-10-11 11:07:00-04:00,61.31999969482422,61.31999969482422,61.31999969482422,61.31999969482422,1008,0.0,0.0
2024-10-11 11:08:00-04:00,61.31999969482422,61.31999969482422,61.28499984741211,61.30419921875,4047,0.0,0.0
2024-10-11 11:09:00-04:00,61.31999969482422,61.31999969482422,61.279998779296875,61.279998779296875,1881,0.0,0.0
2024-10-11 11:10:00-04:00,61.290000915527344,61.29999923706055,61.27000045776367,61.28499984741211,1469,0.0,0.0
2024-10-11 11:11:00-04:00,61.2599983215332,61.279998779296875,61.2599983215332,61.27799987792969,1109,0.0,0.0
2024-10-11 11:12:00-04:00,61.279998779296875,61.29999923706055,61.27000045776367,61.27000045776367,2750,0.0,0.0
2024-10-11 11:13:00-04:00,61.290000915527344,61.31999969482422,61.290000915527344,61.31019973754883,1790,0.0,0.0
2024-10-11 11:14:00-04:00,61.31529998779297,61.31999969482422,61.290000915527344,61.290000915527344,1587,0.0,0.0
2024-10-11 11:15:00-04:00,61.27000045776367,61.31999969482422,61.27000045776367,61.31999969482422,2189,0.0,0.0
2024-10-11 11:16:00-04:00,61.29999923706055,61.31999969482422,61.2599983215332,61.279998779296875,1818,0.0,0.0
2024-10-11 11:17:00-04:00,61.279998779296875,61.290000915527344,61.2599983215332,61.27000045776367,1778,0.0,0.0
2024-10-11 11:18:00-04:00,61.27000045776367,61.279998779296875,61.250099182128906,61.250099182128906,2881,0.0,0.0
2024-10-11 11:19:00-04:00,61.25,61.2599983215332,61.25,61.2599983215332,622,0.0,0.0
2024-10-11 11:20:00-04:00,61.27000045776367,61.310001373291016,61.27000045776367,61.29999923706055,2506,0.0,0.0
2024-10-11 11:21:00-04:00,61.31999969482422,61.31999969482422,61.290000915527344,61.290000915527344,1808,0.0,0.0
2024-10-11 11:22:00-04:00,61.290000915527344,61.29990005493164,61.275001525878906,61.275001525878906,1152,0.0,0.0
2024-10-11 11:23:00-04:00,61.310001373291016,61.31999969482422,61.29999923706055,61.310001373291016,2138,0.0,0.0
2024-10-11 11:24:00-04:00,61.29999923706055,61.29999923706055,61.290000915527344,61.29999923706055,1718,0.0,0.0
2024-10-11 11:25:00-04:00,61.29999923706055,61.31999969482422,61.29999923706055,61.31999969482422,1415,0.0,0.0
2024-10-11 11:26:00-04:00,61.31999969482422,61.32500076293945,61.31999969482422,61.31999969482422,2994,0.0,0.0
2024-10-11 11:27:00-04:00,61.31999969482422,61.33000183105469,61.310001373291016,61.31999969482422,2659,0.0,0.0
2024-10-11 11:28:00-04:00,61.310001373291016,61.310001373291016,61.279998779296875,61.290000915527344,1493,0.0,0.0
2024-10-11 11:29:00-04:00,61.280399322509766,61.290000915527344,61.279998779296875,61.290000915527344,954,0.0,0.0
2024-10-11 11:30:00-04:00,61.310001373291016,61.31999969482422,61.29999923706055,61.31999969482422,1836,0.0,0.0
2024-10-11 11:31:00-04:00,61.31999969482422,61.33000183105469,61.310001373291016,61.310001373291016,4282,0.0,0.0
2024-10-11 11:32:00-04:00,61.29999923706055,61.29999923706055,61.26940155029297,61.26940155029297,569,0.0,0.0
2024-10-11 11:33:00-04:00,61.25,61.25,61.25,61.25,1762,0.0,0.0
2024-10-11 11:34:00-04:00,61.279998779296875,61.279998779296875,61.279998779296875,61.279998779296875,1326,0.0,0.0
2024-10-11 11:35:00-04:00,61.29999923706055,61.29999923706055,61.2599983215332,61.2599983215332,11217,0.0,0.0
2024-10-11 11:36:00-04:00,61.25,61.290000915527344,61.25,61.290000915527344,967,0.0,0.0
2024-10-11 11:37:00-04:00,61.279998779296875,61.29999923706055,61.279998779296875,61.29999923706055,1117,0.0,0.0
2024-10-11 11:38:00-04:00,61.29999923706055,61.31999969482422,61.279998779296875,61.279998779296875,1867,0.0,0.0
2024-10-11 11:39:00-04:00,61.2400016784668,61.2599983215332,61.2400016784668,61.24909973144531,1080,0.0,0.0
2024-10-11 11:40:00-04:00,61.22999954223633,61.2598991394043,61.22999954223633,61.2598991394043,2263,0.0,0.0
2024-10-11 11:41:00-04:00,61.2599983215332,61.28990173339844,61.2599983215332,61.27000045776367,4618,0.0,0.0
2024-10-11 11:42:00-04:00,61.3025016784668,61.3025016784668,61.279998779296875,61.28499984741211,1933,0.0,0.0
2024-10-11 11:43:00-04:00,61.2859001159668,61.2859001159668,61.2599983215332,61.2599983215332,1397,0.0,0.0
2024-10-11 11:44:00-04:00,61.255001068115234,61.2599983215332,61.25,61.2599983215332,1186,0.0,0.0
2024-10-11 11:45:00-04:00,61.2599983215332,61.27000045776367,61.2599983215332,61.27000045776367,247,0.0,0.0
2024-10-11 11:46:00-04:00,61.2599983215332,61.2599983215332,61.25,61.25,2096,0.0,0.0
2024-10-11 11:48:00-04:00,61.20500183105469,61.20750045776367,61.15999984741211,61.16999816894531,3570,0.0,0.0
2024-10-11 11:49:00-04:00,61.165000915527344,61.16999816894531,61.165000915527344,61.16999816894531,1243,0.0,0.0
2024-10-11 11:50:00-04:00,61.189998626708984,61.189998626708984,61.18000030517578,61.18000030517578,2117,0.0,0.0
2024-10-11 11:51:00-04:00,61.189998626708984,61.189998626708984,61.15999984741211,61.15999984741211,1223,0.0,0.0
2024-10-11 11:52:00-04:00,61.165000915527344,61.16579818725586,61.165000915527344,61.16579818725586,1308,0.0,0.0
2024-10-11 11:53:00-04:00,61.15999984741211,61.189701080322266,61.15999984741211,61.18000030517578,2105,0.0,0.0
2024-10-11 11:54:00-04:00,61.189998626708984,61.189998626708984,61.119998931884766,61.119998931884766,13526,0.0,0.0
2024-10-11 11:55:00-04:00,61.130001068115234,61.16999816894531,61.130001068115234,61.165000915527344,1085,0.0,0.0
2024-10-11 11:56:00-04:00,61.16999816894531,61.16999816894531,61.16999816894531,61.16999816894531,521,0.0,0.0
2024-10-11 11:57:00-04:00,61.150001525878906,61.15999984741211,61.13999938964844,61.13999938964844,1742,0.0,0.0
2024-10-11 11:58:00-04:00,61.13999938964844,61.150001525878906,61.13999938964844,61.150001525878906,1209,0.0,0.0
2024-10-11 11:59:00-04:00,61.15999984741211,61.18000030517578,61.15999984741211,61.18000030517578,2946,0.0,0.0
2024-10-11 12:00:00-04:00,61.18000030517578,61.18600082397461,61.18000030517578,61.182098388671875,1142,0.0,0.0
2024-10-11 12:01:00-04:00,61.185001373291016,61.220001220703125,61.185001373291016,61.220001220703125,5788,0.0,0.0
2024-10-11 12:02:00-04:00,61.19499969482422,61.20000076293945,61.189998626708984,61.189998626708984,1292,0.0,0.0
2024-10-11 12:03:00-04:00,61.189998626708984,61.189998626708984,61.165000915527344,61.165000915527344,921,0.0,0.0
2024-10-11 12:04:00-04:00,61.15999984741211,61.189998626708984,61.15999984741211,61.18000030517578,2631,0.0,0.0
2024-10-11 12:05:00-04:00,61.185001373291016,61.189998626708984,61.185001373291016,61.189998626708984,1721,0.0,0.0
2024-10-11 12:06:00-04:00,61.20000076293945,61.20000076293945,61.20000076293945,61.20000076293945,1066,0.0,0.0
2024-10-11 12:07:00-04:00,61.20000076293945,61.209999084472656,61.20000076293945,61.20500183105469,5351,0.0,0.0
2024-10-11 12:08:00-04:00,61.20000076293945,61.209999084472656,61.20000076293945,61.209999084472656,656,0.0,0.0
2024-10-11 12:09:00-04:00,61.19499969482422,61.220001220703125,61.19499969482422,61.220001220703125,1508,0.0,0.0
2024-10-11 12:10:00-04:00,61.22999954223633,61.22999954223633,61.220001220703125,61.220001220703125,1216,0.0,0.0
2024-10-11 12:11:00-04:00,61.209999084472656,61.209999084472656,61.20000076293945,61.20000076293945,447,0.0,0.0
2024-10-11 12:12:00-04:00,61.20000076293945,61.20000076293945,61.16999816894531,61.16999816894531,2005,0.0,0.0
2024-10-11 12:13:00-04:00,61.18000030517578,61.209999084472656,61.18000030517578,61.200199127197266,943,0.0,0.0
2024-10-11 12:14:00-04:00,61.20000076293945,61.20000076293945,61.20000076293945,61.20000076293945,296,0.0,0.0
2024-10-11 12:15:00-04:00,61.20500183105469,61.22999954223633,61.20500183105469,61.22999954223633,993,0.0,0.0
2024-10-11 12:17:00-04:00,61.27000045776367,61.27000045776367,61.2400016784668,61.2599983215332,3289,0.0,0.0
2024-10-11 12:18:00-04:00,61.2400016784668,61.2400016784668,61.209999084472656,61.220001220703125,4830,0.0,0.0
2024-10-11 12:19:00-04:00,61.224998474121094,61.2400016784668,61.224998474121094,61.22999954223633,869,0.0,0.0
2024-10-11 12:20:00-04:00,61.22999954223633,61.2400016784668,61.22999954223633,61.22999954223633,1318,0.0,0.0
2024-10-11 12:21:00-04:00,61.20500183105469,61.220001220703125,61.189998626708984,61.194801330566406,3882,0.0,0.0
2024-10-11 12:22:00-04:00,61.17499923706055,61.17919921875,61.13999938964844,61.13999938964844,2222,0.0,0.0
2024-10-11 12:23:00-04:00,61.13999938964844,61.13999938964844,61.130001068115234,61.130001068115234,1713,0.0,0.0
2024-10-11 12:24:00-04:00,61.119998931884766,61.13999938964844,61.119998931884766,61.119998931884766,6174,0.0,0.0
2024-10-11 12:25:00-04:00,61.119998931884766,61.13999938964844,61.11000061035156,61.11000061035156,6497,0.0,0.0
2024-10-11 12:26:00-04:00,61.108001708984375,61.11000061035156,61.09000015258789,61.09000015258789,2150,0.0,0.0
2024-10-11 12:27:00-04:00,61.099998474121094,61.11000061035156,61.099998474121094,61.099998474121094,2544,0.0,0.0
2024-10-11 12:28:00-04:00,61.09000015258789,61.099998474121094,61.060001373291016,61.08000183105469,5194,0.0,0.0
2024-10-11 12:29:00-04:00,61.09000015258789,61.099998474121094,61.064998626708984,61.064998626708984,2880,0.0,0.0
2024-10-11 12:30:00-04:00,61.08000183105469,61.08000183105469,61.05500030517578,61.060001373291016,2706,0.0,0.0
2024-10-11 12:31:00-04:00,61.060001373291016,61.060001373291016,61.05500030517578,61.060001373291016,1636,0.0,0.0
2024-10-11 12:32:00-04:00,61.04999923706055,61.04999923706055,61.0099983215332,61.040000915527344,7430,0.0,0.0
2024-10-11 12:33:00-04:00,61.040000915527344,61.04999923706055,61.02000045776367,61.040000915527344,7260,0.0,0.0
2024-10-11 12:34:00-04:00,61.040000915527344,61.060001373291016,61.040000915527344,61.04999923706055,1465,0.0,0.0
2024-10-11 12:35:00-04:00,61.040000915527344,61.040000915527344,60.97999954223633,61.0,4289,0.0,0.0
2024-10-11 12:36:00-04:00,60.97999954223633,60.97999954223633,60.959999084472656,60.96500015258789,849,0.0,0.0
2024-10-11 12:37:00-04:00,60.96500015258789,60.970001220703125,60.94960021972656,60.94960021972656,2354,0.0,0.0
2024-10-11 12:38:00-04:00,60.935001373291016,60.939998626708984,60.935001373291016,60.939998626708984,744,0.0,0.0
2024-10-11 12:39:00-04:00,60.93000030517578,60.959999084472656,60.880001068115234,60.880001068115234,15641,0.0,0.0
2024-10-11 12:40:00-04:00,60.91999816894531,60.939998626708984,60.900001525878906,60.900001525878906,5897,0.0,0.0
2024-10-11 12:41:00-04:00,60.90999984741211,60.90999984741211,60.89500045776367,60.89500045776367,2954,0.0,0.0
2024-10-11 12:42:00-04:00,60.900001525878906,60.91999816894531,60.88010025024414,60.904998779296875,5161,0.0,0.0
2024-10-11 12:43:00-04:00,60.88999938964844,60.90999984741211,60.869998931884766,60.90999984741211,3983,0.0,0.0
2024-10-11 12:44:00-04:00,60.915000915527344,60.939998626708984,60.90999984741211,60.935001373291016,1690,0.0,0.0
2024-10-11 12:45:00-04:00,60.935001373291016,60.95000076293945,60.935001373291016,60.95000076293945,869,0.0,0.0
2024-10-11 12:46:00-04:00,60.94499969482422,60.95000076293945,60.92499923706055,60.935001373291016,2592,0.0,0.0
2024-10-11 12:47:00-04:00,60.93000030517578,60.935001373291016,60.88999938964844,60.900001525878906,5479,0.0,0.0
2024-10-11 12:48:00-04:00,60.900001525878906,60.900001525878906,60.869998931884766,60.875,1718,0.0,0.0
2024-10-11 12:49:00-04:00,60.863399505615234,60.88999938964844,60.86000061035156,60.880001068115234,3953,0.0,0.0
2024-10-11 12:50:00-04:00,60.875,60.88999938964844,60.869998931884766,60.880001068115234,2573,0.0,0.0
2024-10-11 12:51:00-04:00,60.880001068115234,60.880001068115234,60.84000015258789,60.84000015258789,2241,0.0,0.0
2024-10-11 12:52:00-04:00,60.84000015258789,60.84000015258789,60.79010009765625,60.810001373291016,3991,0.0,0.0
2024-10-11 12:53:00-04:00,60.79999923706055,60.810001373291016,60.7599983215332,60.80500030517578,6942,0.0,0.0
2024-10-11 12:54:00-04:00,60.81999969482422,60.81999969482422,60.779998779296875,60.779998779296875,830,0.0,0.0
2024-10-11 12:55:00-04:00,60.7400016784668,60.779998779296875,60.7400016784668,60.779998779296875,4768,0.0,0.0
2024-10-11 12:56:00-04:00,60.779998779296875,60.810001373291016,60.779998779296875,60.78499984741211,1927,0.0,0.0
2024-10-11 12:57:00-04:00,60.779998779296875,60.81999969482422,60.779998779296875,60.81999969482422,2720,0.0,0.0
2024-10-11 12:58:00-04:00,60.81999969482422,60.84000015258789,60.810001373291016,60.84000015258789,3351,0.0,0.0
2024-10-11 12:59:00-04:00,60.84000015258789,60.849998474121094,60.84000015258789,60.84489822387695,2409,0.0,0.0
2024-10-11 13:00:00-04:00,60.845001220703125,60.845001220703125,60.83000183105469,60.84000015258789,2623,0.0,0.0
2024-10-11 13:01:00-04:00,60.83000183105469,60.85499954223633,60.83000183105469,60.85499954223633,13489,0.0,0.0
2024-10-11 13:02:00-04:00,60.86000061035156,60.880001068115234,60.86000061035156,60.869998931884766,6255,0.0,0.0
2024-10-11 13:03:00-04:00,60.869998931884766,60.869998931884766,60.83000183105469,60.84000015258789,3700,0.0,0.0
2024-10-11 13:04:00-04:00,60.84000015258789,60.84000015258789,60.83000183105469,60.83000183105469,915,0.0,0.0
2024-10-11 13:05:00-04:00,60.81999969482422,60.81999969482422,60.79999923706055,60.80500030517578,880,0.0,0.0
2024-10-11 13:06:00-04:00,60.790000915527344,60.790000915527344,60.77000045776367,60.779998779296875,3073,0.0,0.0
2024-10-11 13:07:00-04:00,60.77000045776367,60.77000045776367,60.7599983215332,60.7599983215332,5284,0.0,0.0
2024-10-11 13:08:00-04:00,60.753700256347656,60.7599983215332,60.7400016784668,60.7400016784668,1475,0.0,0.0
2024-10-11 13:09:00-04:00,60.7400016784668,60.76499938964844,60.7400016784668,60.7599983215332,2895,0.0,0.0
2024-10-11 13:10:00-04:00,60.7599983215332,60.779998779296875,60.7599983215332,60.76499938964844,1997,0.0,0.0
2024-10-11 13:11:00-04:00,60.77000045776367,60.77000045776367,60.755001068115234,60.755001068115234,1330,0.0,0.0
2024-10-11 13:12:00-04:00,60.7599983215332,60.790000915527344,60.7599983215332,60.790000915527344,9073,0.0,0.0
2024-10-11 13:13:00-04:00,60.79999923706055,60.810001373291016,60.79999923706055,60.79999923706055,1714,0.0,0.0
2024-10-11 13:14:00-04:00,60.779998779296875,60.779998779296875,60.755001068115234,60.779998779296875,4200,0.0,0.0
2024-10-11 13:15:00-04:00,60.77000045776367,60.77000045776367,60.77000045776367,60.77000045776367,239,0.0,0.0
2024-10-11 13:16:00-04:00,60.76499938964844,60.77000045776367,60.76499938964844,60.76499938964844,917,0.0,0.0
2024-10-11 13:17:00-04:00,60.76679992675781,60.76679992675781,60.720001220703125,60.720001220703125,3365,0.0,0.0
2024-10-11 13:18:00-04:00,60.709999084472656,60.709999084472656,60.68000030517578,60.68000030517578,1914,0.0,0.0
2024-10-11 13:19:00-04:00,60.68000030517578,60.689998626708984,60.68000030517578,60.685001373291016,1917,0.0,0.0
2024-10-11 13:20:00-04:00,60.689998626708984,60.709999084472656,60.685001373291016,60.709999084472656,3195,0.0,0.0
2024-10-11 13:21:00-04:00,60.720001220703125,60.7400016784668,60.720001220703125,60.72999954223633,1478,0.0,0.0
2024-10-11 13:22:00-04:00,60.724998474121094,60.72999954223633,60.724998474121094,60.72999954223633,1552,0.0,0.0
2024-10-11 13:23:00-04:00,60.720001220703125,60.724998474121094,60.720001220703125,60.720001220703125,3733,0.0,0.0
2024-10-11 13:24:00-04:00,60.72999954223633,60.79140090942383,60.72999954223633,60.790000915527344,4773,0.0,0.0
2024-10-11 13:25:00-04:00,60.779998779296875,60.810001373291016,60.77009963989258,60.810001373291016,2589,0.0,0.0
2024-10-11 13:26:00-04:00,60.810001373291016,60.810001373291016,60.810001373291016,60.810001373291016,1153,0.0,0.0
2024-10-11 13:27:00-04:00,60.81999969482422,60.83000183105469,60.81999969482422,60.83000183105469,707,0.0,0.0
2024-10-11 13:28:00-04:00,60.810001373291016,60.814998626708984,60.80400085449219,60.80400085449219,2093,0.0,0.0
2024-10-11 13:29:00-04:00,60.79999923706055,60.810001373291016,60.779998779296875,60.779998779296875,2943,0.0,0.0
2024-10-11 13:30:00-04:00,60.779998779296875,60.790000915527344,60.720001220703125,60.720001220703125,7819,0.0,0.0
2024-10-11 13:31:00-04:00,60.70000076293945,60.70000076293945,60.70000076293945,60.70000076293945,672,0.0,0.0
2024-10-11 13:32:00-04:00,60.72610092163086,60.72610092163086,60.709999084472656,60.720001220703125,1470,0.0,0.0
2024-10-11 13:33:00-04:00,60.72990036010742,60.72990036010742,60.720001220703125,60.720001220703125,1468,0.0,0.0
2024-10-11 13:34:00-04:00,60.70000076293945,60.709999084472656,60.689998626708984,60.689998626708984,2074,0.0,0.0
2024-10-11 13:35:00-04:00,60.709999084472656,60.709999084472656,60.68000030517578,60.68000030517578,2979,0.0,0.0
2024-10-11 13:36:00-04:00,60.68000030517578,60.68000030517578,60.66999816894531,60.66999816894531,1008,0.0,0.0
2024-10-11 13:37:00-04:00,60.66999816894531,60.66999816894531,60.63999938964844,60.65999984741211,7285,0.0,0.0
2024-10-11 13:38:00-04:00,60.66999816894531,60.689998626708984,60.66999816894531,60.689998626708984,2348,0.0,0.0
2024-10-11 13:39:00-04:00,60.689998626708984,60.720001220703125,60.689998626708984,60.720001220703125,6783,0.0,0.0
2024-10-11 13:40:00-04:00,60.7400016784668,60.7599983215332,60.709999084472656,60.72999954223633,2742,0.0,0.0
2024-10-11 13:41:00-04:00,60.720001220703125,60.7400016784668,60.709999084472656,60.709999084472656,1915,0.0,0.0
2024-10-11 13:42:00-04:00,60.720001220703125,60.72999954223633,60.709999084472656,60.72999954223633,1947,0.0,0.0
2024-10-11 13:43:00-04:00,60.72999954223633,60.72999954223633,60.709999084472656,60.709999084472656,2344,0.0,0.0
2024-10-11 13:44:00-04:00,60.720001220703125,60.720001220703125,60.68000030517578,60.68000030517578,4145,0.0,0.0
2024-10-11 13:45:00-04:00,60.69499969482422,60.709999084472656,60.66999816894531,60.689998626708984,3228,0.0,0.0
2024-10-11 13:46:00-04:00,60.709999084472656,60.744998931884766,60.709999084472656,60.72999954223633,1499,0.0,0.0
2024-10-11 13:47:00-04:00,60.7400016784668,60.75,60.720001220703125,60.75,5522,0.0,0.0
2024-10-11 13:48:00-04:00,60.7400016784668,60.75,60.72999954223633,60.75,1444,0.0,0.0
2024-10-11 13:49:00-04:00,60.72999954223633,60.7400016784668,60.720001220703125,60.72999954223633,5976,0.0,0.0
2024-10-11 13:50:00-04:00,60.709999084472656,60.72999954223633,60.709999084472656,60.720001220703125,2678,0.0,0.0
2024-10-11 13:51:00-04:00,60.720001220703125,60.7599983215332,60.720001220703125,60.7599983215332,4891,0.0,0.0
2024-10-11 13:52:00-04:00,60.7599983215332,60.7599983215332,60.7400016784668,60.7400016784668,8464,0.0,0.0
2024-10-11 13:53:00-04:00,60.72999954223633,60.7400016784668,60.720001220703125,60.72999954223633,1889,0.0,0.0
2024-10-11 13:54:00-04:00,60.720001220703125,60.72999954223633,60.709999084472656,60.720001220703125,3429,0.0,0.0
2024-10-11 13:55:00-04:00,60.72999954223633,60.75,60.709999084472656,60.72999954223633,1893,0.0,0.0
2024-10-11 13:56:00-04:00,60.72999954223633,60.7599983215332,60.72999954223633,60.75,4205,0.0,0.0
2024-10-11 13:57:00-04:00,60.744998931884766,60.75,60.73500061035156,60.75,7202,0.0,0.0
2024-10-11 13:58:00-04:00,60.7400016784668,60.75,60.71500015258789,60.71500015258789,1172,0.0,0.0
2024-10-11 13:59:00-04:00,60.709999084472656,60.72999954223633,60.709999084472656,60.720001220703125,4233,0.0,0.0
2024-10-11 14:00:00-04:00,60.720001220703125,60.720001220703125,60.689998626708984,60.709999084472656,2043,0.0,0.0
2024-10-11 14:01:00-04:00,60.720001220703125,60.720001220703125,60.65999984741211,60.65999984741211,2479,0.0,0.0
2024-10-11 14:02:00-04:00,60.66999816894531,60.70000076293945,60.66999816894531,60.70000076293945,6648,0.0,0.0
2024-10-11 14:03:00-04:00,60.689998626708984,60.689998626708984,60.65999984741211,60.68000030517578,3930,0.0,0.0
2024-10-11 14:04:00-04:00,60.689998626708984,60.70000076293945,60.66999816894531,60.685001373291016,1908,0.0,0.0
2024-10-11 14:05:00-04:00,60.685001373291016,60.685001373291016,60.650001525878906,60.68000030517578,2492,0.0,0.0
2024-10-11 14:06:00-04:00,60.68000030517578,60.70000076293945,60.68000030517578,60.69499969482422,4218,0.0,0.0
2024-10-11 14:07:00-04:00,60.709999084472656,60.709999084472656,60.650001525878906,60.650001525878906,3862,0.0,0.0
2024-10-11 14:08:00-04:00,60.650001525878906,60.65999984741211,60.63999938964844,60.650001525878906,1503,0.0,0.0
2024-10-11 14:09:00-04:00,60.650001525878906,60.650001525878906,60.64500045776367,60.64500045776367,1679,0.0,0.0
2024-10-11 14:10:00-04:00,60.650001525878906,60.65999984741211,60.6349983215332,60.63999938964844,3600,0.0,0.0
2024-10-11 14:11:00-04:00,60.650001525878906,60.650001525878906,60.650001525878906,60.650001525878906,2055,0.0,0.0
2024-10-11 14:12:00-04:00,60.650001525878906,60.650001525878906,60.644901275634766,60.64550018310547,3003,0.0,0.0
2024-10-11 14:13:00-04:00,60.63999938964844,60.63999938964844,60.584999084472656,60.599998474121094,4028,0.0,0.0
2024-10-11 14:14:00-04:00,60.599998474121094,60.619998931884766,60.59000015258789,60.595001220703125,2599,0.0,0.0
2024-10-11 14:15:00-04:00,60.60499954223633,60.61000061035156,60.60499954223633,60.61000061035156,729,0.0,0.0
2024-10-11 14:16:00-04:00,60.599998474121094,60.599998474121094,60.59000015258789,60.599998474121094,3610,0.0,0.0
2024-10-11 14:17:00-04:00,60.60499954223633,60.619998931884766,60.60499954223633,60.619998931884766,2668,0.0,0.0
2024-10-11 14:18:00-04:00,60.619998931884766,60.630001068115234,60.619998931884766,60.619998931884766,2007,0.0,0.0
2024-10-11 14:19:00-04:00,60.630001068115234,60.630001068115234,60.6150016784668,60.619998931884766,3257,0.0,0.0
2024-10-11 14:20:00-04:00,60.619998931884766,60.619998931884766,60.595001220703125,60.595001220703125,2068,0.0,0.0
2024-10-11 14:21:00-04:00,60.59000015258789,60.59000015258789,60.59000015258789,60.59000015258789,2048,0.0,0.0
2024-10-11 14:22:00-04:00,60.599998474121094,60.599998474121094,60.595001220703125,60.599998474121094,1886,0.0,0.0
2024-10-11 14:23:00-04:00,60.599998474121094,60.599998474121094,60.560001373291016,60.560001373291016,2564,0.0,0.0
2024-10-11 14:24:00-04:00,60.56999969482422,60.58000183105469,60.56999969482422,60.578399658203125,2251,0.0,0.0
2024-10-11 14:25:00-04:00,60.59000015258789,60.599998474121094,60.56999969482422,60.59000015258789,2394,0.0,0.0
2024-10-11 14:26:00-04:00,60.59000015258789,60.599998474121094,60.59000015258789,60.595001220703125,1049,0.0,0.0
2024-10-11 14:27:00-04:00,60.59000015258789,60.599998474121094,60.59000015258789,60.59000015258789,2342,0.0,0.0
2024-10-11 14:28:00-04:00,60.59000015258789,60.599998474121094,60.58000183105469,60.59000015258789,2024,0.0,0.0
2024-10-11 14:29:00-04:00,60.58300018310547,60.59000015258789,60.58300018310547,60.59000015258789,1221,0.0,0.0
2024-10-11 14:30:00-04:00,60.59000015258789,60.59000015258789,60.560001373291016,60.560001373291016,3453,0.0,0.0
2024-10-11 14:31:00-04:00,60.560001373291016,60.57500076293945,60.55500030517578,60.56999969482422,3169,0.0,0.0
2024-10-11 14:32:00-04:00,60.54999923706055,60.560001373291016,60.52000045776367,60.529998779296875,8695,0.0,0.0
2024-10-11 14:33:00-04:00,60.540000915527344,60.56999969482422,60.540000915527344,60.56999969482422,2536,0.0,0.0
2024-10-11 14:34:00-04:00,60.56999969482422,60.599998474121094,60.56999969482422,60.599998474121094,1292,0.0,0.0
2024-10-11 14:35:00-04:00,60.59000015258789,60.59000015258789,60.57500076293945,60.58000183105469,1682,0.0,0.0
2024-10-11 14:36:00-04:00,60.59000015258789,60.61000061035156,60.584999084472656,60.61000061035156,2628,0.0,0.0
2024-10-11 14:37:00-04:00,60.6150016784668,60.619998931884766,60.6150016784668,60.619998931884766,545,0.0,0.0
2024-10-11 14:38:00-04:00,60.619998931884766,60.63999938964844,60.6150016784668,60.619998931884766,3692,0.0,0.0
2024-10-11 14:39:00-04:00,60.619998931884766,60.63999938964844,60.619998931884766,60.63999938964844,479,0.0,0.0
2024-10-11 14:40:00-04:00,60.6349983215332,60.6349983215332,60.61000061035156,60.61000061035156,3927,0.0,0.0
2024-10-11 14:41:00-04:00,60.61000061035156,60.61000061035156,60.60499954223633,60.60499954223633,638,0.0,0.0
2024-10-11 14:42:00-04:00,60.61000061035156,60.625,60.61000061035156,60.619998931884766,1317,0.0,0.0
2024-10-11 14:43:00-04:00,60.619998931884766,60.630001068115234,60.619998931884766,60.619998931884766,767,0.0,0.0
2024-10-11 14:44:00-04:00,60.619998931884766,60.630001068115234,60.6150016784668,60.619998931884766,1394,0.0,0.0
2024-10-11 14:45:00-04:00,60.619998931884766,60.68000030517578,60.619998931884766,60.68000030517578,2599,0.0,0.0
2024-10-11 14:46:00-04:00,60.68000030517578,60.70000076293945,60.68000030517578,60.70000076293945,1281,0.0,0.0
2024-10-11 14:47:00-04:00,60.70000076293945,60.72999954223633,60.70000076293945,60.72999954223633,1528,0.0,0.0
2024-10-11 14:48:00-04:00,60.72999954223633,60.79999923706055,60.72999954223633,60.790000915527344,5061,0.0,0.0
2024-10-11 14:49:00-04:00,60.79999923706055,60.79999923706055,60.779998779296875,60.790000915527344,2921,0.0,0.0
2024-10-11 14:50:00-04:00,60.790000915527344,60.790000915527344,60.76959991455078,60.77000045776367,3130,0.0,0.0
2024-10-11 14:51:00-04:00,60.77000045776367,60.77000045776367,60.77000045776367,60.77000045776367,918,0.0,0.0
2024-10-11 14:52:00-04:00,60.775001525878906,60.77899932861328,60.77399826049805,60.775001525878906,903,0.0,0.0
2024-10-11 14:53:00-04:00,60.77000045776367,60.77000045776367,60.75,60.75,4539,0.0,0.0
2024-10-11 14:54:00-04:00,60.75,60.790000915527344,60.75,60.779998779296875,7181,0.0,0.0
2024-10-11 14:55:00-04:00,60.790000915527344,60.790000915527344,60.7599983215332,60.76499938964844,1028,0.0,0.0
2024-10-11 14:56:00-04:00,60.77000045776367,60.81999969482422,60.77000045776367,60.79999923706055,3936,0.0,0.0
2024-10-11 14:57:00-04:00,60.810001373291016,60.810001373291016,60.790000915527344,60.790000915527344,1378,0.0,0.0
2024-10-11 14:58:00-04:00,60.79999923706055,60.79999923706055,60.7599983215332,60.7599983215332,2101,0.0,0.0
2024-10-11 14:59:00-04:00,60.768001556396484,60.77000045776367,60.7599983215332,60.7599983215332,2196,0.0,0.0
2024-10-11 15:00:00-04:00,60.75899887084961,60.76900100708008,60.744998931884766,60.76900100708008,3342,0.0,0.0
2024-10-11 15:01:00-04:00,60.76499938964844,60.779998779296875,60.755001068115234,60.779998779296875,3466,0.0,0.0
2024-10-11 15:02:00-04:00,60.78900146484375,60.78900146484375,60.75,60.75,4420,0.0,0.0
2024-10-11 15:03:00-04:00,60.77000045776367,60.779998779296875,60.75,60.77000045776367,5402,0.0,0.0
2024-10-11 15:04:00-04:00,60.7599983215332,60.7599983215332,60.744998931884766,60.75,3251,0.0,0.0
2024-10-11 15:05:00-04:00,60.7400016784668,60.7400016784668,60.71799850463867,60.72999954223633,3991,0.0,0.0
2024-10-11 15:06:00-04:00,60.75,60.77000045776367,60.75,60.77000045776367,1536,0.0,0.0
2024-10-11 15:07:00-04:00,60.7599983215332,60.77000045776367,60.7599983215332,60.7599983215332,1148,0.0,0.0
2024-10-11 15:08:00-04:00,60.755001068115234,60.77000045776367,60.755001068115234,60.7599983215332,3411,0.0,0.0
2024-10-11 15:09:00-04:00,60.76499938964844,60.77000045776367,60.7599983215332,60.7599983215332,2621,0.0,0.0
2024-10-11 15:10:00-04:00,60.75899887084961,60.7599983215332,60.7400016784668,60.7400016784668,1822,0.0,0.0
2024-10-11 15:11:00-04:00,60.7400016784668,60.7400016784668,60.689998626708984,60.70000076293945,2035,0.0,0.0
2024-10-11 15:12:00-04:00,60.689998626708984,60.70000076293945,60.685001373291016,60.685001373291016,1550,0.0,0.0
2024-10-11 15:13:00-04:00,60.68000030517578,60.689998626708984,60.665000915527344,60.66999816894531,5620,0.0,0.0
2024-10-11 15:14:00-04:00,60.68000030517578,60.68000030517578,60.67499923706055,60.67499923706055,378,0.0,0.0
2024-10-11 15:15:00-04:00,60.66999816894531,60.70000076293945,60.650001525878906,60.70000076293945,5078,0.0,0.0
2024-10-11 15:16:00-04:00,60.696800231933594,60.696800231933594,60.67499923706055,60.68000030517578,2921,0.0,0.0
2024-10-11 15:17:00-04:00,60.685001373291016,60.689998626708984,60.67499923706055,60.685001373291016,4428,0.0,0.0
2024-10-11 15:18:00-04:00,60.689998626708984,60.70000076293945,60.67919921875,60.689998626708984,2605,0.0,0.0
2024-10-11 15:19:00-04:00,60.689998626708984,60.689998626708984,60.685001373291016,60.689998626708984,1112,0.0,0.0
2024-10-11 15:20:00-04:00,60.70000076293945,60.709999084472656,60.69499969482422,60.70000076293945,6478,0.0,0.0
2024-10-11 15:21:00-04:00,60.70000076293945,60.72999954223633,60.70000076293945,60.724998474121094,2190,0.0,0.0
2024-10-11 15:22:00-04:00,60.724998474121094,60.724998474121094,60.70000076293945,60.70000076293945,4221,0.0,0.0
2024-10-11 15:23:00-04:00,60.70000076293945,60.70000076293945,60.69499969482422,60.70000076293945,2479,0.0,0.0
2024-10-11 15:24:00-04:00,60.70500183105469,60.709999084472656,60.70000076293945,60.709999084472656,1373,0.0,0.0
2024-10-11 15:25:00-04:00,60.720001220703125,60.720001220703125,60.70500183105469,60.70500183105469,3223,0.0,0.0
2024-10-11 15:26:00-04:00,60.70500183105469,60.709999084472656,60.70500183105469,60.709999084472656,1355,0.0,0.0
2024-10-11 15:27:00-04:00,60.720001220703125,60.7400016784668,60.709999084472656,60.7400016784668,4171,0.0,0.0
2024-10-11 15:28:00-04:00,60.73500061035156,60.77000045776367,60.72999954223633,60.75,5656,0.0,0.0
2024-10-11 15:29:00-04:00,60.75,60.7599983215332,60.744998931884766,60.75,1321,0.0,0.0
2024-10-11 15:30:00-04:00,60.7400016784668,60.7400016784668,60.71500015258789,60.73500061035156,4872,0.0,0.0
2024-10-11 15:31:00-04:00,60.73500061035156,60.7599983215332,60.73500061035156,60.7400016784668,3732,0.0,0.0
2024-10-11 15:32:00-04:00,60.73500061035156,60.73500061035156,60.70000076293945,60.70000076293945,3747,0.0,0.0
2024-10-11 15:33:00-04:00,60.70000076293945,60.72999954223633,60.70000076293945,60.720001220703125,4385,0.0,0.0
2024-10-11 15:34:00-04:00,60.709999084472656,60.709999084472656,60.69499969482422,60.709999084472656,3900,0.0,0.0
2024-10-11 15:35:00-04:00,60.70000076293945,60.709999084472656,60.68000030517578,60.70000076293945,4825,0.0,0.0
2024-10-11 15:36:00-04:00,60.70000076293945,60.70500183105469,60.69499969482422,60.69499969482422,2115,0.0,0.0
2024-10-11 15:37:00-04:00,60.70000076293945,60.70000076293945,60.68000030517578,60.689998626708984,5659,0.0,0.0
2024-10-11 15:38:00-04:00,60.68000030517578,60.70000076293945,60.68000030517578,60.70000076293945,4688,0.0,0.0
2024-10-11 15:39:00-04:00,60.709999084472656,60.73500061035156,60.70500183105469,60.720001220703125,4778,0.0,0.0
2024-10-11 15:40:00-04:00,60.709999084472656,60.72999954223633,60.689998626708984,60.724998474121094,5020,0.0,0.0
2024-10-11 15:41:00-04:00,60.72999954223633,60.72999954223633,60.689998626708984,60.70000076293945,2861,0.0,0.0
2024-10-11 15:42:00-04:00,60.70000076293945,60.71500015258789,60.69499969482422,60.70000076293945,4015,0.0,0.0
2024-10-11 15:43:00-04:00,60.709999084472656,60.71500015258789,60.69499969482422,60.70000076293945,5280,0.0,0.0
2024-10-11 15:44:00-04:00,60.70000076293945,60.72999954223633,60.69499969482422,60.720001220703125,3946,0.0,0.0
2024-10-11 15:45:00-04:00,60.720001220703125,60.72999954223633,60.69499969482422,60.70500183105469,6575,0.0,0.0
2024-10-11 15:46:00-04:00,60.709999084472656,60.720001220703125,60.70000076293945,60.70500183105469,5372,0.0,0.0
2024-10-11 15:47:00-04:00,60.70500183105469,60.709999084472656,60.689998626708984,60.69499969482422,7999,0.0,0.0
2024-10-11 15:48:00-04:00,60.70000076293945,60.720001220703125,60.70000076293945,60.71500015258789,9758,0.0,0.0
2024-10-11 15:49:00-04:00,60.709999084472656,60.71500015258789,60.68000030517578,60.709999084472656,11656,0.0,0.0
2024-10-11 15:50:00-04:00,60.720001220703125,60.80500030517578,60.720001220703125,60.76499938964844,22561,0.0,0.0
2024-10-11 15:51:00-04:00,60.77000045776367,60.810001373291016,60.7599983215332,60.790000915527344,15164,0.0,0.0
2024-10-11 15:52:00-04:00,60.790000915527344,60.81999969482422,60.7400016784668,60.7599983215332,33109,0.0,0.0
2024-10-11 15:53:00-04:00,60.7599983215332,60.77000045776367,60.744998931884766,60.755001068115234,20130,0.0,0.0
2024-10-11 15:54:00-04:00,60.7599983215332,60.7599983215332,60.67499923706055,60.689998626708984,24139,0.0,0.0
2024-10-11 15:55:00-04:00,60.70000076293945,60.779998779296875,60.63999938964844,60.75,40310,0.0,0.0
2024-10-11 15:56:00-04:00,60.744998931884766,60.75,60.709999084472656,60.724998474121094,19764,0.0,0.0
2024-10-11 15:57:00-04:00,60.72999954223633,60.7599983215332,60.720001220703125,60.731201171875,30608,0.0,0.0
2024-10-11 15:58:00-04:00,60.72999954223633,60.7400016784668,60.689998626708984,60.689998626708984,22772,0.0,0.0
2024-10-11 15:59:00-04:00,60.689998626708984,60.720001220703125,60.66999816894531,60.709999084472656,60034,0.0,0.0
