Datetime,Open,High,Low,Close,Volume,Dividends,Stock Splits
2024-05-30 09:00:00+09:00,88600.0,88600.0,88200.0,88300.0,0,0.0,0.0
2024-05-30 09:05:00+09:00,88200.0,88400.0,87700.0,88100.0,163,0.0,0.0
2024-05-30 09:10:00+09:00,88400.0,88400.0,88100.0,88400.0,17,0.0,0.0
2024-05-30 09:15:00+09:00,88400.0,88400.0,88100.0,88100.0,0,0.0,0.0
2024-05-30 09:20:00+09:00,88100.0,88400.0,88100.0,88400.0,20,0.0,0.0
2024-05-30 09:25:00+09:00,88300.0,88300.0,88300.0,88300.0,5,0.0,0.0
2024-05-30 09:30:00+09:00,88200.0,88200.0,88100.0,88100.0,15,0.0,0.0
2024-05-30 09:35:00+09:00,88100.0,88100.0,87700.0,87900.0,136,0.0,0.0
2024-05-30 09:40:00+09:00,88200.0,88200.0,88200.0,88200.0,9,0.0,0.0
2024-05-30 09:45:00+09:00,88200.0,88200.0,88200.0,88200.0,10,0.0,0.0
2024-05-30 09:50:00+09:00,88100.0,88200.0,88000.0,88200.0,0,0.0,0.0
2024-05-30 09:55:00+09:00,88100.0,88100.0,88100.0,88100.0,420,0.0,0.0
2024-05-30 10:00:00+09:00,88000.0,88000.0,87900.0,88000.0,48,0.0,0.0
2024-05-30 10:05:00+09:00,88000.0,88000.0,87900.0,88000.0,53,0.0,0.0
2024-05-30 10:10:00+09:00,88000.0,88100.0,87800.0,88000.0,279,0.0,0.0
2024-05-30 10:15:00+09:00,87900.0,87900.0,87900.0,87900.0,0,0.0,0.0
2024-05-30 10:20:00+09:00,88000.0,88100.0,88000.0,88000.0,9,0.0,0.0
2024-05-30 10:25:00+09:00,88000.0,88100.0,88000.0,88100.0,18,0.0,0.0
2024-05-30 10:30:00+09:00,88000.0,88100.0,88000.0,88100.0,42,0.0,0.0
2024-05-30 10:35:00+09:00,88100.0,88100.0,88100.0,88100.0,2,0.0,0.0
2024-05-30 10:40:00+09:00,88000.0,88000.0,87900.0,88000.0,78,0.0,0.0
2024-05-30 10:45:00+09:00,88000.0,88000.0,87900.0,87900.0,10,0.0,0.0
2024-05-30 10:50:00+09:00,87800.0,87800.0,87800.0,87800.0,24,0.0,0.0
2024-05-30 10:55:00+09:00,87800.0,87800.0,87800.0,87800.0,3,0.0,0.0
2024-05-30 11:00:00+09:00,87900.0,87900.0,87900.0,87900.0,41,0.0,0.0
2024-05-30 11:05:00+09:00,87900.0,87900.0,87900.0,87900.0,2,0.0,0.0
2024-05-30 11:10:00+09:00,87800.0,87800.0,87800.0,87800.0,0,0.0,0.0
2024-05-30 11:15:00+09:00,87800.0,87800.0,87800.0,87800.0,9,0.0,0.0
2024-05-30 11:25:00+09:00,87900.0,87900.0,87800.0,87900.0,77,0.0,0.0
2024-05-30 11:30:00+09:00,87800.0,87900.0,87800.0,87900.0,93,0.0,0.0
2024-05-30 11:35:00+09:00,87800.0,87800.0,87800.0,87800.0,106,0.0,0.0
2024-05-30 11:40:00+09:00,87900.0,87900.0,87900.0,87900.0,0,0.0,0.0
2024-05-30 11:45:00+09:00,87900.0,87900.0,87900.0,87900.0,6,0.0,0.0
2024-05-30 11:55:00+09:00,87900.0,87900.0,87800.0,87800.0,37,0.0,0.0
2024-05-30 12:00:00+09:00,88000.0,88000.0,88000.0,88000.0,5,0.0,0.0
2024-05-30 12:10:00+09:00,87900.0,87900.0,87900.0,87900.0,0,0.0,0.0
2024-05-30 12:20:00+09:00,88000.0,88000.0,88000.0,88000.0,1,0.0,0.0
2024-05-30 12:25:00+09:00,87800.0,88000.0,87800.0,88000.0,39,0.0,0.0
2024-05-30 12:30:00+09:00,88000.0,88000.0,88000.0,88000.0,0,0.0,0.0
2024-05-30 12:40:00+09:00,87900.0,88000.0,87800.0,87800.0,128,0.0,0.0
2024-05-30 12:45:00+09:00,87800.0,87800.0,87800.0,87800.0,6,0.0,0.0
2024-05-30 13:00:00+09:00,87800.0,87800.0,87800.0,87800.0,2,0.0,0.0
2024-05-30 13:05:00+09:00,87900.0,87900.0,87900.0,87900.0,13,0.0,0.0
2024-05-30 13:15:00+09:00,87900.0,87900.0,87700.0,87700.0,270,0.0,0.0
2024-05-30 13:20:00+09:00,87800.0,87800.0,87700.0,87700.0,45,0.0,0.0
2024-05-30 13:25:00+09:00,87800.0,87800.0,87800.0,87800.0,30,0.0,0.0
2024-05-30 13:35:00+09:00,87700.0,87700.0,87700.0,87700.0,1,0.0,0.0
2024-05-30 13:40:00+09:00,87700.0,87700.0,87700.0,87700.0,20,0.0,0.0
2024-05-30 13:45:00+09:00,87800.0,87800.0,87700.0,87700.0,53,0.0,0.0
2024-05-30 13:50:00+09:00,87700.0,87700.0,87700.0,87700.0,20,0.0,0.0
2024-05-30 13:55:00+09:00,87700.0,87700.0,87600.0,87700.0,54,0.0,0.0
2024-05-30 14:00:00+09:00,87900.0,87900.0,87900.0,87900.0,5,0.0,0.0
2024-05-30 14:05:00+09:00,87900.0,87900.0,87800.0,87800.0,3,0.0,0.0
2024-05-30 14:10:00+09:00,87900.0,87900.0,87800.0,87800.0,28,0.0,0.0
2024-05-30 14:15:00+09:00,87900.0,87900.0,87900.0,87900.0,7,0.0,0.0
2024-05-30 14:20:00+09:00,87800.0,88000.0,87800.0,88000.0,111,0.0,0.0
2024-05-30 14:25:00+09:00,88000.0,88000.0,88000.0,88000.0,0,0.0,0.0
2024-05-30 14:30:00+09:00,87800.0,87800.0,87800.0,87800.0,0,0.0,0.0
2024-05-30 14:35:00+09:00,87800.0,87800.0,87800.0,87800.0,2,0.0,0.0
2024-05-30 14:40:00+09:00,88000.0,88000.0,87900.0,88000.0,144,0.0,0.0
2024-05-30 14:45:00+09:00,87900.0,87900.0,87900.0,87900.0,20,0.0,0.0
2024-05-30 14:50:00+09:00,87900.0,87900.0,87900.0,87900.0,0,0.0,0.0
2024-05-31 09:00:00+09:00,88000.0,88500.0,88000.0,88500.0,16,0.0,0.0
2024-05-31 09:05:00+09:00,88600.0,88600.0,88100.0,88100.0,116,0.0,0.0
2024-05-31 09:10:00+09:00,88500.0,88500.0,88500.0,88500.0,0,0.0,0.0
2024-05-31 09:15:00+09:00,88500.0,88500.0,88100.0,88400.0,67,0.0,0.0
2024-05-31 09:20:00+09:00,88400.0,88400.0,88400.0,88400.0,10,0.0,0.0
2024-05-31 09:25:00+09:00,88400.0,88400.0,88200.0,88200.0,13,0.0,0.0
2024-05-31 09:30:00+09:00,88100.0,88100.0,88000.0,88000.0,92,0.0,0.0
2024-05-31 09:35:00+09:00,88300.0,88300.0,88300.0,88300.0,1,0.0,0.0
2024-05-31 09:40:00+09:00,88300.0,88300.0,88300.0,88300.0,5,0.0,0.0
2024-05-31 09:45:00+09:00,88100.0,88100.0,88100.0,88100.0,16,0.0,0.0
2024-05-31 09:50:00+09:00,88100.0,88100.0,88100.0,88100.0,26,0.0,0.0
2024-05-31 09:55:00+09:00,88300.0,88300.0,88300.0,88300.0,36,0.0,0.0
2024-05-31 10:00:00+09:00,88400.0,88400.0,88400.0,88400.0,0,0.0,0.0
2024-05-31 10:05:00+09:00,88400.0,88500.0,88400.0,88400.0,33,0.0,0.0
2024-05-31 10:15:00+09:00,88500.0,88500.0,88500.0,88500.0,0,0.0,0.0
2024-05-31 10:25:00+09:00,88500.0,88500.0,88500.0,88500.0,4,0.0,0.0
2024-05-31 10:30:00+09:00,88500.0,88500.0,88500.0,88500.0,1,0.0,0.0
2024-05-31 10:35:00+09:00,88500.0,88500.0,88500.0,88500.0,5,0.0,0.0
2024-05-31 10:40:00+09:00,88400.0,88500.0,88300.0,88500.0,74,0.0,0.0
2024-05-31 10:50:00+09:00,88500.0,88500.0,88500.0,88500.0,1,0.0,0.0
2024-05-31 10:55:00+09:00,88400.0,88400.0,88400.0,88400.0,20,0.0,0.0
2024-05-31 11:00:00+09:00,88400.0,88400.0,88400.0,88400.0,60,0.0,0.0
2024-05-31 11:05:00+09:00,88500.0,88500.0,88300.0,88300.0,0,0.0,0.0
2024-05-31 11:10:00+09:00,88400.0,88400.0,88400.0,88400.0,2,0.0,0.0
2024-05-31 11:15:00+09:00,88500.0,88500.0,88500.0,88500.0,366,0.0,0.0
2024-05-31 11:25:00+09:00,88400.0,88400.0,88300.0,88400.0,26,0.0,0.0
2024-05-31 11:30:00+09:00,88300.0,88400.0,88300.0,88400.0,2,0.0,0.0
2024-05-31 11:45:00+09:00,88400.0,88400.0,88400.0,88400.0,6,0.0,0.0
2024-05-31 11:55:00+09:00,88400.0,88400.0,88400.0,88400.0,2,0.0,0.0
2024-05-31 12:00:00+09:00,88400.0,88400.0,88400.0,88400.0,9,0.0,0.0
2024-05-31 12:05:00+09:00,88400.0,88400.0,88400.0,88400.0,1,0.0,0.0
2024-05-31 12:10:00+09:00,88400.0,88400.0,88400.0,88400.0,8,0.0,0.0
2024-05-31 12:15:00+09:00,88500.0,88600.0,88400.0,88400.0,788,0.0,0.0
2024-05-31 12:20:00+09:00,88400.0,88600.0,88400.0,88600.0,10,0.0,0.0
2024-05-31 12:25:00+09:00,88400.0,88400.0,88400.0,88400.0,0,0.0,0.0
2024-05-31 12:35:00+09:00,88600.0,88600.0,88600.0,88600.0,2,0.0,0.0
2024-05-31 12:45:00+09:00,88400.0,88400.0,88400.0,88400.0,1,0.0,0.0
2024-05-31 13:05:00+09:00,88400.0,88400.0,88400.0,88400.0,22,0.0,0.0
2024-05-31 13:10:00+09:00,88400.0,88400.0,88400.0,88400.0,2,0.0,0.0
2024-05-31 13:15:00+09:00,88400.0,88400.0,88400.0,88400.0,3,0.0,0.0
2024-05-31 13:20:00+09:00,88400.0,88400.0,88300.0,88300.0,147,0.0,0.0
2024-05-31 13:35:00+09:00,88400.0,88400.0,88300.0,88300.0,10,0.0,0.0
2024-05-31 13:40:00+09:00,88300.0,88300.0,88300.0,88300.0,12,0.0,0.0
2024-05-31 13:45:00+09:00,88400.0,88400.0,88400.0,88400.0,117,0.0,0.0
2024-05-31 13:50:00+09:00,88500.0,88500.0,88400.0,88400.0,0,0.0,0.0
2024-05-31 13:55:00+09:00,88400.0,88400.0,88400.0,88400.0,2,0.0,0.0
2024-05-31 14:00:00+09:00,88400.0,88400.0,88400.0,88400.0,0,0.0,0.0
2024-05-31 14:05:00+09:00,88500.0,88600.0,88500.0,88600.0,19,0.0,0.0
2024-05-31 14:10:00+09:00,88500.0,88500.0,88500.0,88500.0,8,0.0,0.0
2024-05-31 14:15:00+09:00,88600.0,88600.0,88600.0,88600.0,179,0.0,0.0
2024-05-31 14:20:00+09:00,88500.0,88500.0,88400.0,88400.0,113,0.0,0.0
2024-05-31 14:25:00+09:00,88300.0,88300.0,88300.0,88300.0,0,0.0,0.0
2024-05-31 14:30:00+09:00,88300.0,88400.0,88300.0,88400.0,3,0.0,0.0
2024-05-31 14:35:00+09:00,88400.0,88400.0,88300.0,88400.0,340,0.0,0.0
2024-05-31 14:45:00+09:00,88500.0,88500.0,88300.0,88300.0,0,0.0,0.0
2024-05-31 14:55:00+09:00,88400.0,88400.0,88400.0,88400.0,2,0.0,0.0
2024-06-03 09:00:00+09:00,88400.0,89700.0,88400.0,89200.0,0,0.0,0.0
2024-06-03 09:05:00+09:00,89200.0,89200.0,89200.0,89200.0,3,0.0,0.0
2024-06-03 09:10:00+09:00,89100.0,89100.0,89000.0,89000.0,255,0.0,0.0
2024-06-03 09:15:00+09:00,89000.0,89000.0,88900.0,88900.0,0,0.0,0.0
2024-06-03 09:20:00+09:00,89000.0,89100.0,89000.0,89000.0,36,0.0,0.0
2024-06-03 09:25:00+09:00,89000.0,89000.0,88900.0,88900.0,6,0.0,0.0
2024-06-03 09:30:00+09:00,88900.0,88900.0,88600.0,88600.0,56,0.0,0.0
2024-06-03 09:35:00+09:00,88600.0,88800.0,88600.0,88800.0,39,0.0,0.0
2024-06-03 09:40:00+09:00,88900.0,88900.0,88700.0,88700.0,103,0.0,0.0
2024-06-03 09:45:00+09:00,88900.0,89000.0,88900.0,89000.0,2,0.0,0.0
2024-06-03 09:50:00+09:00,88700.0,89000.0,88700.0,89000.0,210,0.0,0.0
2024-06-03 09:55:00+09:00,89000.0,89000.0,89000.0,89000.0,14,0.0,0.0
2024-06-03 10:00:00+09:00,89000.0,89000.0,88700.0,89000.0,14,0.0,0.0
2024-06-03 10:05:00+09:00,88700.0,89000.0,88700.0,89000.0,4,0.0,0.0
2024-06-03 10:10:00+09:00,89000.0,89000.0,88800.0,89000.0,55,0.0,0.0
2024-06-03 10:15:00+09:00,88900.0,88900.0,88800.0,88900.0,9,0.0,0.0
2024-06-03 10:20:00+09:00,88900.0,88900.0,88900.0,88900.0,8,0.0,0.0
2024-06-03 10:30:00+09:00,88800.0,89000.0,88800.0,89000.0,43,0.0,0.0
2024-06-03 10:35:00+09:00,88800.0,88800.0,88800.0,88800.0,20,0.0,0.0
2024-06-03 10:40:00+09:00,88800.0,89000.0,88800.0,89000.0,8,0.0,0.0
2024-06-03 10:45:00+09:00,88900.0,88900.0,88900.0,88900.0,8,0.0,0.0
2024-06-03 10:50:00+09:00,88800.0,88900.0,88800.0,88900.0,39,0.0,0.0
2024-06-03 10:55:00+09:00,88800.0,88900.0,88800.0,88900.0,3,0.0,0.0
2024-06-03 11:00:00+09:00,88900.0,89000.0,88900.0,89000.0,8,0.0,0.0
2024-06-03 11:05:00+09:00,88900.0,88900.0,88900.0,88900.0,2,0.0,0.0
2024-06-03 11:10:00+09:00,88800.0,89000.0,88800.0,88800.0,52,0.0,0.0
2024-06-03 11:20:00+09:00,88900.0,88900.0,88800.0,88800.0,5,0.0,0.0
2024-06-03 11:25:00+09:00,88800.0,88800.0,88800.0,88800.0,14,0.0,0.0
2024-06-03 11:30:00+09:00,88800.0,88800.0,88800.0,88800.0,0,0.0,0.0
2024-06-03 11:35:00+09:00,88800.0,89000.0,88800.0,89000.0,16,0.0,0.0
2024-06-03 11:40:00+09:00,88900.0,88900.0,88900.0,88900.0,2,0.0,0.0
2024-06-03 11:45:00+09:00,88900.0,88900.0,88800.0,88800.0,5,0.0,0.0
2024-06-03 11:50:00+09:00,88800.0,88800.0,88800.0,88800.0,1,0.0,0.0
2024-06-03 11:55:00+09:00,88900.0,88900.0,88800.0,88800.0,3,0.0,0.0
2024-06-03 12:00:00+09:00,88900.0,88900.0,88800.0,88800.0,5,0.0,0.0
2024-06-03 12:05:00+09:00,88800.0,88800.0,88800.0,88800.0,19,0.0,0.0
2024-06-03 12:10:00+09:00,88800.0,88800.0,88700.0,88700.0,160,0.0,0.0
2024-06-03 12:15:00+09:00,88800.0,88800.0,88800.0,88800.0,13,0.0,0.0
2024-06-03 12:20:00+09:00,89000.0,89000.0,89000.0,89000.0,402,0.0,0.0
2024-06-03 12:30:00+09:00,88800.0,89000.0,88800.0,88800.0,0,0.0,0.0
2024-06-03 12:35:00+09:00,88800.0,88900.0,88800.0,88900.0,5,0.0,0.0
2024-06-03 12:40:00+09:00,89000.0,89000.0,89000.0,89000.0,5,0.0,0.0
2024-06-03 12:45:00+09:00,88800.0,88800.0,88800.0,88800.0,9,0.0,0.0
2024-06-03 12:50:00+09:00,88900.0,88900.0,88900.0,88900.0,1,0.0,0.0
2024-06-03 12:55:00+09:00,88900.0,88900.0,88800.0,88800.0,60,0.0,0.0
2024-06-03 13:00:00+09:00,89100.0,89100.0,89100.0,89100.0,0,0.0,0.0
2024-06-03 13:05:00+09:00,88800.0,88800.0,88800.0,88800.0,19,0.0,0.0
2024-06-03 13:10:00+09:00,88800.0,88900.0,88800.0,88900.0,0,0.0,0.0
2024-06-03 13:15:00+09:00,88900.0,88900.0,88900.0,88900.0,7,0.0,0.0
2024-06-03 13:20:00+09:00,89000.0,89100.0,89000.0,89100.0,5,0.0,0.0
2024-06-03 13:25:00+09:00,89100.0,89100.0,89100.0,89100.0,4,0.0,0.0
2024-06-03 13:30:00+09:00,88900.0,89000.0,88900.0,89000.0,5,0.0,0.0
2024-06-03 13:35:00+09:00,89000.0,89000.0,89000.0,89000.0,21,0.0,0.0
2024-06-03 13:40:00+09:00,89000.0,89000.0,88900.0,88900.0,0,0.0,0.0
2024-06-03 13:45:00+09:00,88900.0,89000.0,88900.0,89000.0,34,0.0,0.0
2024-06-03 13:50:00+09:00,88900.0,88900.0,88900.0,88900.0,0,0.0,0.0
2024-06-03 13:55:00+09:00,89000.0,89000.0,89000.0,89000.0,4,0.0,0.0
2024-06-03 14:00:00+09:00,89000.0,89000.0,89000.0,89000.0,1,0.0,0.0
2024-06-03 14:10:00+09:00,88900.0,88900.0,88900.0,88900.0,2,0.0,0.0
2024-06-03 14:20:00+09:00,88900.0,88900.0,88900.0,88900.0,1,0.0,0.0
2024-06-03 14:30:00+09:00,88900.0,88900.0,88900.0,88900.0,5,0.0,0.0
2024-06-03 14:35:00+09:00,88900.0,88900.0,88900.0,88900.0,1,0.0,0.0
2024-06-03 14:40:00+09:00,89000.0,89000.0,88900.0,88900.0,8,0.0,0.0
2024-06-03 14:45:00+09:00,88900.0,89000.0,88900.0,89000.0,43,0.0,0.0
2024-06-03 14:50:00+09:00,88900.0,88900.0,88800.0,88800.0,65,0.0,0.0
2024-06-03 14:55:00+09:00,88800.0,88800.0,88800.0,88800.0,105,0.0,0.0
2024-06-04 09:00:00+09:00,88500.0,88800.0,88500.0,88500.0,447,0.0,0.0
2024-06-04 09:05:00+09:00,88500.0,89000.0,88500.0,88800.0,0,0.0,0.0
2024-06-04 09:10:00+09:00,88800.0,88800.0,88800.0,88800.0,2,0.0,0.0
2024-06-04 09:15:00+09:00,88800.0,88800.0,88600.0,88600.0,27,0.0,0.0
2024-06-04 09:20:00+09:00,88500.0,88800.0,88500.0,88800.0,34,0.0,0.0
2024-06-04 09:25:00+09:00,88500.0,88500.0,88500.0,88500.0,1,0.0,0.0
2024-06-04 09:30:00+09:00,88500.0,88500.0,88500.0,88500.0,15,0.0,0.0
2024-06-04 09:35:00+09:00,88600.0,88800.0,88600.0,88600.0,34,0.0,0.0
2024-06-04 09:45:00+09:00,88600.0,88700.0,88600.0,88700.0,19,0.0,0.0
2024-06-04 09:50:00+09:00,88700.0,88800.0,88700.0,88800.0,88,0.0,0.0
2024-06-04 09:55:00+09:00,88800.0,88800.0,88800.0,88800.0,5,0.0,0.0
2024-06-04 10:00:00+09:00,88700.0,88800.0,88700.0,88800.0,8,0.0,0.0
2024-06-04 10:05:00+09:00,88800.0,88800.0,88600.0,88800.0,11,0.0,0.0
2024-06-04 10:10:00+09:00,88700.0,88700.0,88700.0,88700.0,9,0.0,0.0
2024-06-04 10:15:00+09:00,88700.0,88800.0,88600.0,88600.0,4,0.0,0.0
2024-06-04 10:20:00+09:00,88800.0,88800.0,88600.0,88600.0,5,0.0,0.0
2024-06-04 10:25:00+09:00,88600.0,88600.0,88600.0,88600.0,0,0.0,0.0
2024-06-04 10:30:00+09:00,88600.0,88600.0,88600.0,88600.0,1,0.0,0.0
2024-06-04 10:35:00+09:00,88800.0,88800.0,88600.0,88600.0,47,0.0,0.0
2024-06-04 10:40:00+09:00,88600.0,88600.0,88600.0,88600.0,0,0.0,0.0
2024-06-04 10:45:00+09:00,88600.0,88800.0,88600.0,88600.0,1,0.0,0.0
2024-06-04 10:50:00+09:00,88600.0,88800.0,88600.0,88600.0,17,0.0,0.0
2024-06-04 10:55:00+09:00,88800.0,88800.0,88800.0,88800.0,0,0.0,0.0
2024-06-04 11:05:00+09:00,88600.0,88600.0,88600.0,88600.0,20,0.0,0.0
2024-06-04 11:10:00+09:00,88800.0,88800.0,88700.0,88700.0,0,0.0,0.0
2024-06-04 11:15:00+09:00,88800.0,88800.0,88800.0,88800.0,2,0.0,0.0
2024-06-04 11:25:00+09:00,88600.0,88600.0,88600.0,88600.0,1,0.0,0.0
2024-06-04 11:30:00+09:00,88600.0,88600.0,88600.0,88600.0,30,0.0,0.0
2024-06-04 11:35:00+09:00,88700.0,88700.0,88700.0,88700.0,0,0.0,0.0
2024-06-04 11:40:00+09:00,88700.0,88700.0,88700.0,88700.0,0,0.0,0.0
2024-06-04 11:45:00+09:00,88800.0,88800.0,88500.0,88800.0,374,0.0,0.0
2024-06-04 11:50:00+09:00,88700.0,88700.0,88700.0,88700.0,10,0.0,0.0
2024-06-04 12:00:00+09:00,88500.0,88500.0,88500.0,88500.0,3,0.0,0.0
2024-06-04 12:15:00+09:00,88500.0,88500.0,88500.0,88500.0,10,0.0,0.0
2024-06-04 12:25:00+09:00,88500.0,88500.0,88500.0,88500.0,0,0.0,0.0
2024-06-04 12:30:00+09:00,88700.0,88700.0,88700.0,88700.0,38,0.0,0.0
2024-06-04 12:35:00+09:00,88500.0,88500.0,88500.0,88500.0,0,0.0,0.0
2024-06-04 12:40:00+09:00,88500.0,88500.0,88500.0,88500.0,172,0.0,0.0
2024-06-04 12:45:00+09:00,88500.0,88500.0,88500.0,88500.0,0,0.0,0.0
2024-06-04 12:55:00+09:00,88500.0,88700.0,88500.0,88700.0,4,0.0,0.0
2024-06-04 13:00:00+09:00,88700.0,88700.0,88700.0,88700.0,2,0.0,0.0
2024-06-04 13:05:00+09:00,88700.0,88700.0,88700.0,88700.0,4,0.0,0.0
2024-06-04 13:10:00+09:00,88500.0,88500.0,88500.0,88500.0,21,0.0,0.0
2024-06-04 13:15:00+09:00,88700.0,88800.0,88700.0,88800.0,0,0.0,0.0
2024-06-04 13:20:00+09:00,88600.0,88600.0,88400.0,88400.0,81,0.0,0.0
2024-06-04 13:30:00+09:00,88500.0,88500.0,88500.0,88500.0,4,0.0,0.0
2024-06-04 13:35:00+09:00,88800.0,88800.0,88800.0,88800.0,9,0.0,0.0
2024-06-04 13:45:00+09:00,88600.0,88600.0,88600.0,88600.0,4,0.0,0.0
2024-06-04 13:50:00+09:00,88600.0,88600.0,88600.0,88600.0,1,0.0,0.0
2024-06-04 13:55:00+09:00,88800.0,88800.0,88800.0,88800.0,10,0.0,0.0
2024-06-04 14:00:00+09:00,88700.0,88700.0,88500.0,88500.0,5,0.0,0.0
2024-06-04 14:05:00+09:00,88500.0,88500.0,88500.0,88500.0,19,0.0,0.0
2024-06-04 14:25:00+09:00,88600.0,88800.0,88600.0,88800.0,12,0.0,0.0
2024-06-04 14:30:00+09:00,88800.0,88800.0,88800.0,88800.0,4,0.0,0.0
2024-06-04 14:40:00+09:00,88800.0,88800.0,88800.0,88800.0,11,0.0,0.0
2024-06-04 14:50:00+09:00,88800.0,88800.0,88800.0,88800.0,11,0.0,0.0
2024-06-05 09:00:00+09:00,88900.0,88900.0,88700.0,88700.0,15,0.0,0.0
2024-06-05 09:05:00+09:00,88900.0,88900.0,88700.0,88700.0,6,0.0,0.0
2024-06-05 09:10:00+09:00,88800.0,88800.0,88700.0,88700.0,19,0.0,0.0
2024-06-05 09:20:00+09:00,88700.0,88800.0,88700.0,88800.0,18,0.0,0.0
2024-06-05 09:25:00+09:00,88800.0,88800.0,88800.0,88800.0,7,0.0,0.0
2024-06-05 09:30:00+09:00,88800.0,88800.0,88500.0,88500.0,44,0.0,0.0
2024-06-05 09:35:00+09:00,88700.0,88700.0,88700.0,88700.0,614,0.0,0.0
2024-06-05 09:40:00+09:00,88800.0,88800.0,88800.0,88800.0,0,0.0,0.0
2024-06-05 09:45:00+09:00,88800.0,88800.0,88800.0,88800.0,39,0.0,0.0
2024-06-05 09:50:00+09:00,88600.0,88600.0,88600.0,88600.0,0,0.0,0.0
2024-06-05 09:55:00+09:00,88600.0,88600.0,88600.0,88600.0,148,0.0,0.0
2024-06-05 10:00:00+09:00,88600.0,88600.0,88500.0,88500.0,0,0.0,0.0
2024-06-05 10:05:00+09:00,88800.0,88800.0,88800.0,88800.0,3,0.0,0.0
2024-06-05 10:10:00+09:00,88600.0,88800.0,88600.0,88800.0,15,0.0,0.0
2024-06-05 10:15:00+09:00,88800.0,88800.0,88600.0,88600.0,58,0.0,0.0
2024-06-05 10:20:00+09:00,88600.0,88800.0,88600.0,88800.0,124,0.0,0.0
2024-06-05 10:25:00+09:00,88500.0,88500.0,88500.0,88500.0,0,0.0,0.0
2024-06-05 10:30:00+09:00,88900.0,88900.0,88500.0,88500.0,4,0.0,0.0
2024-06-05 10:35:00+09:00,88800.0,88800.0,88600.0,88800.0,8,0.0,0.0
2024-06-05 10:40:00+09:00,88900.0,88900.0,88900.0,88900.0,321,0.0,0.0
2024-06-05 10:45:00+09:00,88800.0,88800.0,88800.0,88800.0,23,0.0,0.0
2024-06-05 10:50:00+09:00,88800.0,88800.0,88500.0,88500.0,169,0.0,0.0
2024-06-05 10:55:00+09:00,88500.0,88800.0,88500.0,88500.0,25,0.0,0.0
2024-06-05 11:00:00+09:00,88800.0,88800.0,88800.0,88800.0,0,0.0,0.0
2024-06-05 11:05:00+09:00,88500.0,88500.0,88500.0,88500.0,44,0.0,0.0
2024-06-05 11:10:00+09:00,88500.0,88800.0,88500.0,88800.0,0,0.0,0.0
2024-06-05 11:15:00+09:00,88800.0,88800.0,88800.0,88800.0,6,0.0,0.0
2024-06-05 11:20:00+09:00,88800.0,88800.0,88800.0,88800.0,8,0.0,0.0
2024-06-05 11:25:00+09:00,88800.0,88800.0,88600.0,88600.0,4,0.0,0.0
2024-06-05 11:30:00+09:00,88600.0,88800.0,88600.0,88800.0,8,0.0,0.0
2024-06-05 11:35:00+09:00,88800.0,88800.0,88800.0,88800.0,0,0.0,0.0
2024-06-05 11:40:00+09:00,88800.0,88800.0,88800.0,88800.0,6,0.0,0.0
2024-06-05 11:45:00+09:00,88800.0,88800.0,88800.0,88800.0,2,0.0,0.0
2024-06-05 11:50:00+09:00,88600.0,88800.0,88600.0,88800.0,11,0.0,0.0
2024-06-05 11:55:00+09:00,88800.0,88800.0,88800.0,88800.0,21,0.0,0.0
2024-06-05 12:00:00+09:00,88800.0,88800.0,88800.0,88800.0,0,0.0,0.0
2024-06-05 12:05:00+09:00,88800.0,88800.0,88800.0,88800.0,7,0.0,0.0
2024-06-05 12:10:00+09:00,88600.0,88800.0,88600.0,88800.0,4,0.0,0.0
2024-06-05 12:20:00+09:00,88800.0,88800.0,88600.0,88600.0,7,0.0,0.0
2024-06-05 12:25:00+09:00,88600.0,88800.0,88600.0,88800.0,6,0.0,0.0
2024-06-05 12:30:00+09:00,88800.0,88800.0,88600.0,88600.0,12,0.0,0.0
2024-06-05 12:35:00+09:00,88600.0,88600.0,88600.0,88600.0,5,0.0,0.0
2024-06-05 12:40:00+09:00,88600.0,88800.0,88600.0,88800.0,12,0.0,0.0
2024-06-05 12:50:00+09:00,88600.0,88600.0,88600.0,88600.0,26,0.0,0.0
2024-06-05 13:00:00+09:00,88800.0,88800.0,88800.0,88800.0,0,0.0,0.0
2024-06-05 13:10:00+09:00,88600.0,88600.0,88600.0,88600.0,4,0.0,0.0
2024-06-05 13:15:00+09:00,88600.0,88600.0,88600.0,88600.0,4,0.0,0.0
2024-06-05 13:20:00+09:00,88700.0,88800.0,88700.0,88700.0,7,0.0,0.0
2024-06-05 13:30:00+09:00,88700.0,88700.0,88700.0,88700.0,18,0.0,0.0
2024-06-05 13:35:00+09:00,88700.0,88700.0,88700.0,88700.0,14,0.0,0.0
2024-06-05 13:40:00+09:00,88800.0,88800.0,88600.0,88600.0,84,0.0,0.0
2024-06-05 13:50:00+09:00,88600.0,88600.0,88600.0,88600.0,3,0.0,0.0
2024-06-05 14:00:00+09:00,88800.0,88800.0,88800.0,88800.0,2,0.0,0.0
2024-06-05 14:10:00+09:00,88600.0,88600.0,88600.0,88600.0,10,0.0,0.0
2024-06-05 14:15:00+09:00,88600.0,88600.0,88600.0,88600.0,11,0.0,0.0
2024-06-05 14:20:00+09:00,88600.0,88600.0,88600.0,88600.0,4,0.0,0.0
2024-06-05 14:25:00+09:00,88600.0,88600.0,88600.0,88600.0,36,0.0,0.0
2024-06-05 14:30:00+09:00,88600.0,88600.0,88600.0,88600.0,0,0.0,0.0
2024-06-05 14:35:00+09:00,88600.0,88700.0,88600.0,88700.0,9,0.0,0.0
2024-06-05 14:40:00+09:00,88600.0,88600.0,88600.0,88600.0,1,0.0,0.0
2024-06-05 14:45:00+09:00,88600.0,88600.0,88600.0,88600.0,72,0.0,0.0
2024-06-05 14:50:00+09:00,88600.0,88600.0,88500.0,88500.0,0,0.0,0.0
2024-06-07 09:00:00+09:00,88800.0,88800.0,88500.0,88500.0,0,0.0,0.0
2024-06-07 09:05:00+09:00,88800.0,88800.0,88800.0,88800.0,0,0.0,0.0
2024-06-07 09:10:00+09:00,88800.0,88800.0,88800.0,88800.0,36,0.0,0.0
2024-06-07 09:15:00+09:00,88800.0,88800.0,88600.0,88800.0,19,0.0,0.0
2024-06-07 09:20:00+09:00,88800.0,88900.0,88700.0,88700.0,42,0.0,0.0
2024-06-07 09:25:00+09:00,88800.0,88800.0,88700.0,88700.0,0,0.0,0.0
2024-06-07 09:30:00+09:00,88800.0,88900.0,88700.0,88700.0,22,0.0,0.0
2024-06-07 09:35:00+09:00,88800.0,88800.0,88800.0,88800.0,9,0.0,0.0
2024-06-07 09:40:00+09:00,88800.0,88800.0,88800.0,88800.0,5,0.0,0.0
2024-06-07 09:45:00+09:00,88800.0,88800.0,88700.0,88700.0,9,0.0,0.0
2024-06-07 09:50:00+09:00,88700.0,88700.0,88700.0,88700.0,5,0.0,0.0
2024-06-07 09:55:00+09:00,88800.0,88800.0,88800.0,88800.0,13,0.0,0.0
2024-06-07 10:00:00+09:00,88900.0,88900.0,88900.0,88900.0,25,0.0,0.0
2024-06-07 10:05:00+09:00,88900.0,88900.0,88900.0,88900.0,0,0.0,0.0
2024-06-07 10:10:00+09:00,88800.0,88800.0,88800.0,88800.0,18,0.0,0.0
2024-06-07 10:15:00+09:00,88900.0,88900.0,88900.0,88900.0,0,0.0,0.0
2024-06-07 10:20:00+09:00,88900.0,88900.0,88800.0,88800.0,6,0.0,0.0
2024-06-07 10:25:00+09:00,88800.0,88800.0,88800.0,88800.0,7,0.0,0.0
2024-06-07 10:30:00+09:00,88800.0,88800.0,88800.0,88800.0,2,0.0,0.0
2024-06-07 10:40:00+09:00,88800.0,88800.0,88800.0,88800.0,6,0.0,0.0
2024-06-07 10:50:00+09:00,88800.0,88800.0,88800.0,88800.0,4,0.0,0.0
2024-06-07 10:55:00+09:00,88800.0,88800.0,88800.0,88800.0,1,0.0,0.0
2024-06-07 11:00:00+09:00,88800.0,88800.0,88800.0,88800.0,6,0.0,0.0
2024-06-07 11:05:00+09:00,88900.0,88900.0,88900.0,88900.0,20,0.0,0.0
2024-06-07 11:10:00+09:00,88900.0,88900.0,88900.0,88900.0,3,0.0,0.0
2024-06-07 11:15:00+09:00,88800.0,88900.0,88800.0,88900.0,32,0.0,0.0
2024-06-07 11:20:00+09:00,88900.0,88900.0,88800.0,88900.0,20,0.0,0.0
2024-06-07 11:25:00+09:00,88900.0,88900.0,88900.0,88900.0,2,0.0,0.0
2024-06-07 11:30:00+09:00,88800.0,88800.0,88800.0,88800.0,21,0.0,0.0
2024-06-07 11:40:00+09:00,88900.0,88900.0,88900.0,88900.0,13,0.0,0.0
2024-06-07 11:45:00+09:00,88800.0,88800.0,88800.0,88800.0,12,0.0,0.0
2024-06-07 11:50:00+09:00,88800.0,88800.0,88800.0,88800.0,0,0.0,0.0
2024-06-07 11:55:00+09:00,88800.0,88800.0,88800.0,88800.0,2,0.0,0.0
2024-06-07 12:00:00+09:00,88900.0,88900.0,88800.0,88800.0,22,0.0,0.0
2024-06-07 12:05:00+09:00,88800.0,88800.0,88800.0,88800.0,2,0.0,0.0
2024-06-07 12:10:00+09:00,88800.0,88900.0,88800.0,88900.0,2,0.0,0.0
2024-06-07 12:15:00+09:00,88800.0,88800.0,88800.0,88800.0,10,0.0,0.0
2024-06-07 12:20:00+09:00,88900.0,88900.0,88900.0,88900.0,1,0.0,0.0
2024-06-07 12:25:00+09:00,88900.0,88900.0,88900.0,88900.0,25,0.0,0.0
2024-06-07 12:30:00+09:00,88800.0,88800.0,88800.0,88800.0,10,0.0,0.0
2024-06-07 12:40:00+09:00,88900.0,88900.0,88900.0,88900.0,3,0.0,0.0
2024-06-07 12:45:00+09:00,88800.0,88800.0,88800.0,88800.0,1,0.0,0.0
2024-06-07 12:50:00+09:00,88800.0,88800.0,88800.0,88800.0,2,0.0,0.0
2024-06-07 12:55:00+09:00,88900.0,89000.0,88900.0,89000.0,164,0.0,0.0
2024-06-07 13:00:00+09:00,89000.0,89000.0,89000.0,89000.0,1,0.0,0.0
2024-06-07 13:05:00+09:00,89000.0,89000.0,89000.0,89000.0,2,0.0,0.0
2024-06-07 13:10:00+09:00,88900.0,88900.0,88900.0,88900.0,22,0.0,0.0
2024-06-07 13:15:00+09:00,88900.0,88900.0,88900.0,88900.0,0,0.0,0.0
2024-06-07 13:20:00+09:00,88900.0,89100.0,88800.0,89100.0,371,0.0,0.0
2024-06-07 13:30:00+09:00,88800.0,88800.0,88800.0,88800.0,0,0.0,0.0
2024-06-07 13:35:00+09:00,89100.0,89100.0,89100.0,89100.0,6,0.0,0.0
2024-06-07 13:45:00+09:00,89100.0,89100.0,89100.0,89100.0,3,0.0,0.0
2024-06-07 13:50:00+09:00,88900.0,88900.0,88900.0,88900.0,0,0.0,0.0
2024-06-07 13:55:00+09:00,89000.0,89000.0,89000.0,89000.0,19,0.0,0.0
2024-06-07 14:00:00+09:00,89000.0,89000.0,89000.0,89000.0,15,0.0,0.0
2024-06-07 14:05:00+09:00,89000.0,89000.0,89000.0,89000.0,0,0.0,0.0
2024-06-07 14:10:00+09:00,89000.0,89100.0,89000.0,89100.0,5,0.0,0.0
2024-06-07 14:15:00+09:00,89100.0,89100.0,89100.0,89100.0,6,0.0,0.0
2024-06-07 14:20:00+09:00,89100.0,89100.0,89000.0,89000.0,163,0.0,0.0
2024-06-07 14:25:00+09:00,89100.0,89100.0,89100.0,89100.0,230,0.0,0.0
2024-06-07 14:30:00+09:00,89000.0,89000.0,88900.0,88900.0,0,0.0,0.0
2024-06-07 14:35:00+09:00,88900.0,89100.0,88900.0,89100.0,2,0.0,0.0
2024-06-07 14:40:00+09:00,88900.0,88900.0,88900.0,88900.0,21,0.0,0.0
2024-06-07 14:45:00+09:00,88900.0,89100.0,88900.0,89100.0,0,0.0,0.0
2024-06-07 14:50:00+09:00,89100.0,89100.0,89000.0,89000.0,7,0.0,0.0
2024-06-10 09:00:00+09:00,88900.0,89000.0,88800.0,89000.0,0,0.0,0.0
2024-06-10 09:05:00+09:00,89000.0,89000.0,89000.0,89000.0,279,0.0,0.0
2024-06-10 09:10:00+09:00,89000.0,89000.0,88400.0,89000.0,66,0.0,0.0
2024-06-10 09:15:00+09:00,89000.0,89000.0,88900.0,88900.0,13,0.0,0.0
2024-06-10 09:20:00+09:00,89000.0,89100.0,88900.0,89000.0,46,0.0,0.0
2024-06-10 09:25:00+09:00,89000.0,89000.0,88900.0,88900.0,51,0.0,0.0
2024-06-10 09:30:00+09:00,88900.0,88900.0,88900.0,88900.0,90,0.0,0.0
2024-06-10 09:35:00+09:00,89100.0,89100.0,88900.0,89000.0,0,0.0,0.0
2024-06-10 09:40:00+09:00,89000.0,89000.0,89000.0,89000.0,0,0.0,0.0
2024-06-10 09:45:00+09:00,89000.0,89100.0,88900.0,89100.0,67,0.0,0.0
2024-06-10 09:50:00+09:00,89100.0,89200.0,89100.0,89100.0,166,0.0,0.0
2024-06-10 09:55:00+09:00,89200.0,89200.0,89100.0,89200.0,194,0.0,0.0
2024-06-10 10:00:00+09:00,89200.0,89300.0,89100.0,89300.0,45,0.0,0.0
2024-06-10 10:05:00+09:00,89300.0,89300.0,89100.0,89300.0,26,0.0,0.0
2024-06-10 10:10:00+09:00,89300.0,89300.0,89200.0,89200.0,7,0.0,0.0
2024-06-10 10:15:00+09:00,89200.0,89200.0,89200.0,89200.0,4,0.0,0.0
2024-06-10 10:20:00+09:00,89100.0,89200.0,89100.0,89200.0,32,0.0,0.0
2024-06-10 10:25:00+09:00,89100.0,89100.0,89000.0,89000.0,10,0.0,0.0
2024-06-10 10:30:00+09:00,89000.0,89100.0,89000.0,89100.0,3,0.0,0.0
2024-06-10 10:35:00+09:00,89100.0,89200.0,89100.0,89200.0,11,0.0,0.0
2024-06-10 10:40:00+09:00,89200.0,89200.0,89200.0,89200.0,1,0.0,0.0
2024-06-10 10:45:00+09:00,89200.0,89200.0,89200.0,89200.0,14,0.0,0.0
2024-06-10 10:50:00+09:00,89200.0,89200.0,89200.0,89200.0,20,0.0,0.0
2024-06-10 10:55:00+09:00,89200.0,89200.0,89200.0,89200.0,2,0.0,0.0
2024-06-10 11:00:00+09:00,89200.0,89200.0,89000.0,89000.0,14,0.0,0.0
2024-06-10 11:05:00+09:00,89000.0,89000.0,89000.0,89000.0,9,0.0,0.0
2024-06-10 11:10:00+09:00,89000.0,89000.0,89000.0,89000.0,26,0.0,0.0
2024-06-10 11:15:00+09:00,89100.0,89200.0,89000.0,89200.0,0,0.0,0.0
2024-06-10 11:20:00+09:00,89100.0,89100.0,89000.0,89000.0,2,0.0,0.0
2024-06-10 11:25:00+09:00,89000.0,89000.0,89000.0,89000.0,10,0.0,0.0
2024-06-10 11:30:00+09:00,89000.0,89000.0,89000.0,89000.0,0,0.0,0.0
2024-06-10 11:35:00+09:00,89100.0,89100.0,89000.0,89000.0,10,0.0,0.0
2024-06-10 11:40:00+09:00,89100.0,89100.0,89100.0,89100.0,5,0.0,0.0
2024-06-10 11:45:00+09:00,89100.0,89100.0,89100.0,89100.0,1,0.0,0.0
2024-06-10 11:50:00+09:00,89100.0,89100.0,89000.0,89100.0,109,0.0,0.0
2024-06-10 11:55:00+09:00,89200.0,89200.0,89100.0,89100.0,69,0.0,0.0
2024-06-10 12:00:00+09:00,89100.0,89100.0,89100.0,89100.0,4,0.0,0.0
2024-06-10 12:05:00+09:00,89100.0,89100.0,89100.0,89100.0,8,0.0,0.0
2024-06-10 12:10:00+09:00,89100.0,89200.0,89100.0,89200.0,6,0.0,0.0
2024-06-10 12:15:00+09:00,89100.0,89200.0,89100.0,89200.0,1,0.0,0.0
2024-06-10 12:20:00+09:00,89100.0,89100.0,89100.0,89100.0,6,0.0,0.0
2024-06-10 12:25:00+09:00,89100.0,89200.0,89100.0,89100.0,69,0.0,0.0
2024-06-10 12:30:00+09:00,89100.0,89100.0,89100.0,89100.0,11,0.0,0.0
2024-06-10 12:35:00+09:00,89100.0,89200.0,89100.0,89100.0,20,0.0,0.0
2024-06-10 12:40:00+09:00,89200.0,89200.0,89100.0,89100.0,5,0.0,0.0
2024-06-10 12:45:00+09:00,89100.0,89100.0,89100.0,89100.0,6,0.0,0.0
2024-06-10 12:50:00+09:00,89100.0,89100.0,89100.0,89100.0,7,0.0,0.0
2024-06-10 12:55:00+09:00,89100.0,89200.0,89100.0,89200.0,4,0.0,0.0
2024-06-10 13:00:00+09:00,89200.0,89200.0,89100.0,89100.0,6,0.0,0.0
2024-06-10 13:05:00+09:00,89100.0,89100.0,89100.0,89100.0,11,0.0,0.0
2024-06-10 13:10:00+09:00,89100.0,89200.0,89100.0,89200.0,5,0.0,0.0
2024-06-10 13:15:00+09:00,89200.0,89200.0,89100.0,89200.0,12,0.0,0.0
2024-06-10 13:20:00+09:00,89100.0,89100.0,89100.0,89100.0,140,0.0,0.0
2024-06-10 13:25:00+09:00,89100.0,89100.0,89100.0,89100.0,0,0.0,0.0
2024-06-10 13:30:00+09:00,89100.0,89100.0,89000.0,89000.0,6,0.0,0.0
2024-06-10 13:35:00+09:00,89000.0,89100.0,89000.0,89000.0,17,0.0,0.0
2024-06-10 13:40:00+09:00,89000.0,89000.0,89000.0,89000.0,17,0.0,0.0
2024-06-10 13:45:00+09:00,89000.0,89100.0,89000.0,89100.0,5,0.0,0.0
2024-06-10 13:50:00+09:00,89000.0,89000.0,89000.0,89000.0,60,0.0,0.0
2024-06-10 13:55:00+09:00,89000.0,89100.0,89000.0,89000.0,0,0.0,0.0
2024-06-10 14:00:00+09:00,89000.0,89000.0,89000.0,89000.0,36,0.0,0.0
2024-06-10 14:05:00+09:00,89000.0,89100.0,89000.0,89100.0,4,0.0,0.0
2024-06-10 14:10:00+09:00,89000.0,89000.0,89000.0,89000.0,20,0.0,0.0
2024-06-10 14:20:00+09:00,89000.0,89100.0,89000.0,89100.0,17,0.0,0.0
2024-06-10 14:25:00+09:00,89000.0,89100.0,89000.0,89000.0,31,0.0,0.0
2024-06-10 14:30:00+09:00,89000.0,89000.0,89000.0,89000.0,9,0.0,0.0
2024-06-10 14:35:00+09:00,89000.0,89000.0,89000.0,89000.0,6,0.0,0.0
2024-06-10 14:50:00+09:00,89000.0,89100.0,88900.0,89100.0,391,0.0,0.0
2024-06-10 14:55:00+09:00,89000.0,89100.0,89000.0,89000.0,261,0.0,0.0
2024-06-11 09:00:00+09:00,88800.0,89000.0,88800.0,89000.0,52,0.0,0.0
2024-06-11 09:05:00+09:00,89000.0,89200.0,89000.0,89200.0,110,0.0,0.0
2024-06-11 09:10:00+09:00,89300.0,89600.0,89200.0,89400.0,94,0.0,0.0
2024-06-11 09:15:00+09:00,89400.0,89400.0,89400.0,89400.0,0,0.0,0.0
2024-06-11 09:20:00+09:00,89400.0,89500.0,89400.0,89500.0,35,0.0,0.0
2024-06-11 09:25:00+09:00,89300.0,89500.0,89300.0,89500.0,6,0.0,0.0
2024-06-11 09:30:00+09:00,89500.0,89500.0,89300.0,89300.0,113,0.0,0.0
2024-06-11 09:35:00+09:00,89300.0,89300.0,89300.0,89300.0,21,0.0,0.0
2024-06-11 09:40:00+09:00,89300.0,89300.0,89200.0,89200.0,39,0.0,0.0
2024-06-11 09:45:00+09:00,89100.0,89100.0,89100.0,89100.0,3,0.0,0.0
2024-06-11 09:50:00+09:00,89100.0,89400.0,89100.0,89400.0,83,0.0,0.0
2024-06-11 09:55:00+09:00,89500.0,89500.0,89500.0,89500.0,0,0.0,0.0
2024-06-11 10:00:00+09:00,89500.0,89500.0,89400.0,89500.0,27,0.0,0.0
2024-06-11 10:05:00+09:00,89500.0,89500.0,89500.0,89500.0,5,0.0,0.0
2024-06-11 10:10:00+09:00,89300.0,89300.0,89300.0,89300.0,61,0.0,0.0
2024-06-11 10:15:00+09:00,89300.0,89300.0,89300.0,89300.0,1,0.0,0.0
2024-06-11 10:25:00+09:00,89300.0,89300.0,89300.0,89300.0,14,0.0,0.0
2024-06-11 10:30:00+09:00,89300.0,89300.0,89300.0,89300.0,0,0.0,0.0
2024-06-11 10:35:00+09:00,89300.0,89300.0,89300.0,89300.0,7,0.0,0.0
2024-06-11 10:40:00+09:00,89300.0,89300.0,89300.0,89300.0,7,0.0,0.0
2024-06-11 10:45:00+09:00,89300.0,89400.0,89300.0,89400.0,18,0.0,0.0
2024-06-11 10:50:00+09:00,89400.0,89500.0,89300.0,89500.0,48,0.0,0.0
2024-06-11 10:55:00+09:00,89400.0,89400.0,89400.0,89400.0,0,0.0,0.0
2024-06-11 11:00:00+09:00,89400.0,89400.0,89300.0,89300.0,2,0.0,0.0
2024-06-11 11:05:00+09:00,89400.0,89400.0,89400.0,89400.0,2,0.0,0.0
2024-06-11 11:10:00+09:00,89400.0,89400.0,89400.0,89400.0,5,0.0,0.0
2024-06-11 11:15:00+09:00,89400.0,89400.0,89400.0,89400.0,6,0.0,0.0
2024-06-11 11:20:00+09:00,89400.0,89400.0,89400.0,89400.0,1,0.0,0.0
2024-06-11 11:25:00+09:00,89300.0,89400.0,89300.0,89400.0,3,0.0,0.0
2024-06-11 11:45:00+09:00,89300.0,89500.0,89300.0,89500.0,153,0.0,0.0
2024-06-11 11:50:00+09:00,89300.0,89400.0,89300.0,89400.0,13,0.0,0.0
2024-06-11 11:55:00+09:00,89500.0,89500.0,89400.0,89400.0,1,0.0,0.0
2024-06-11 12:00:00+09:00,89400.0,89500.0,89400.0,89500.0,42,0.0,0.0
2024-06-11 12:05:00+09:00,89400.0,89400.0,89400.0,89400.0,0,0.0,0.0
2024-06-11 12:10:00+09:00,89400.0,89400.0,89400.0,89400.0,79,0.0,0.0
2024-06-11 12:15:00+09:00,89400.0,89400.0,89300.0,89300.0,0,0.0,0.0
2024-06-11 12:25:00+09:00,89400.0,89400.0,89400.0,89400.0,2,0.0,0.0
2024-06-11 12:30:00+09:00,89300.0,89300.0,89300.0,89300.0,0,0.0,0.0
2024-06-11 12:35:00+09:00,89400.0,89400.0,89400.0,89400.0,1,0.0,0.0
2024-06-11 12:40:00+09:00,89300.0,89400.0,89300.0,89400.0,21,0.0,0.0
2024-06-11 12:45:00+09:00,89300.0,89300.0,89300.0,89300.0,36,0.0,0.0
2024-06-11 12:50:00+09:00,89300.0,89400.0,89300.0,89300.0,0,0.0,0.0
2024-06-11 12:55:00+09:00,89300.0,89300.0,89300.0,89300.0,5,0.0,0.0
2024-06-11 13:05:00+09:00,89300.0,89300.0,89300.0,89300.0,10,0.0,0.0
2024-06-11 13:10:00+09:00,89300.0,89400.0,89300.0,89400.0,114,0.0,0.0
2024-06-11 13:15:00+09:00,89400.0,89400.0,89400.0,89400.0,4,0.0,0.0
2024-06-11 13:20:00+09:00,89400.0,89400.0,89300.0,89300.0,4,0.0,0.0
2024-06-11 13:25:00+09:00,89300.0,89300.0,89300.0,89300.0,0,0.0,0.0
2024-06-11 13:30:00+09:00,89300.0,89300.0,89300.0,89300.0,2,0.0,0.0
2024-06-11 13:35:00+09:00,89300.0,89300.0,89300.0,89300.0,4,0.0,0.0
2024-06-11 13:45:00+09:00,89300.0,89300.0,89300.0,89300.0,0,0.0,0.0
2024-06-11 13:55:00+09:00,89300.0,89400.0,89300.0,89300.0,27,0.0,0.0
2024-06-11 14:05:00+09:00,89300.0,89300.0,89300.0,89300.0,0,0.0,0.0
2024-06-11 14:10:00+09:00,89300.0,89300.0,89300.0,89300.0,1,0.0,0.0
2024-06-11 14:15:00+09:00,89400.0,89400.0,89400.0,89400.0,9,0.0,0.0
2024-06-11 14:20:00+09:00,89400.0,89400.0,89400.0,89400.0,16,0.0,0.0
2024-06-11 14:25:00+09:00,89300.0,89400.0,89300.0,89300.0,47,0.0,0.0
2024-06-11 14:30:00+09:00,89300.0,89300.0,89300.0,89300.0,3,0.0,0.0
2024-06-11 14:35:00+09:00,89300.0,89300.0,89300.0,89300.0,6,0.0,0.0
2024-06-11 14:40:00+09:00,89400.0,89400.0,89400.0,89400.0,16,0.0,0.0
2024-06-11 14:45:00+09:00,89400.0,89400.0,89400.0,89400.0,113,0.0,0.0
2024-06-11 14:50:00+09:00,89400.0,89400.0,89400.0,89400.0,2,0.0,0.0
2024-06-11 14:55:00+09:00,89500.0,89500.0,89400.0,89400.0,232,0.0,0.0
2024-06-12 09:00:00+09:00,89500.0,89500.0,88100.0,88500.0,185,0.0,0.0
2024-06-12 09:05:00+09:00,89300.0,89300.0,88900.0,89100.0,111,0.0,0.0
2024-06-12 09:10:00+09:00,89300.0,89300.0,89300.0,89300.0,2,0.0,0.0
2024-06-12 09:15:00+09:00,89100.0,89100.0,89000.0,89000.0,3,0.0,0.0
2024-06-12 09:20:00+09:00,89000.0,89300.0,89000.0,89300.0,62,0.0,0.0
2024-06-12 09:25:00+09:00,89000.0,89000.0,89000.0,89000.0,0,0.0,0.0
2024-06-12 09:30:00+09:00,89100.0,89100.0,89000.0,89000.0,96,0.0,0.0
2024-06-12 09:35:00+09:00,89000.0,89000.0,89000.0,89000.0,0,0.0,0.0
2024-06-12 09:45:00+09:00,89100.0,89100.0,89100.0,89100.0,198,0.0,0.0
2024-06-12 09:50:00+09:00,89200.0,89200.0,89200.0,89200.0,0,0.0,0.0
2024-06-12 09:55:00+09:00,89200.0,89200.0,89200.0,89200.0,7,0.0,0.0
2024-06-12 10:00:00+09:00,89100.0,89200.0,89100.0,89200.0,8,0.0,0.0
2024-06-12 10:05:00+09:00,89200.0,89200.0,89200.0,89200.0,13,0.0,0.0
2024-06-12 10:10:00+09:00,89100.0,89100.0,89100.0,89100.0,21,0.0,0.0
2024-06-12 10:15:00+09:00,89000.0,89000.0,88900.0,88900.0,244,0.0,0.0
2024-06-12 10:25:00+09:00,88800.0,88800.0,88700.0,88700.0,121,0.0,0.0
2024-06-12 10:30:00+09:00,88800.0,88800.0,88700.0,88700.0,64,0.0,0.0
2024-06-12 10:35:00+09:00,88900.0,88900.0,88800.0,88800.0,0,0.0,0.0
2024-06-12 10:40:00+09:00,88900.0,88900.0,88900.0,88900.0,15,0.0,0.0
2024-06-12 10:45:00+09:00,88800.0,88900.0,88800.0,88800.0,14,0.0,0.0
2024-06-12 10:50:00+09:00,88900.0,88900.0,88800.0,88800.0,13,0.0,0.0
2024-06-12 10:55:00+09:00,89100.0,89100.0,89100.0,89100.0,4,0.0,0.0
2024-06-12 11:00:00+09:00,89000.0,89100.0,89000.0,89100.0,7,0.0,0.0
2024-06-12 11:05:00+09:00,89100.0,89100.0,88800.0,89100.0,8,0.0,0.0
2024-06-12 11:15:00+09:00,89100.0,89100.0,89000.0,89000.0,3,0.0,0.0
2024-06-12 11:20:00+09:00,89000.0,89000.0,89000.0,89000.0,4,0.0,0.0
2024-06-12 11:25:00+09:00,88800.0,89000.0,88800.0,89000.0,10,0.0,0.0
2024-06-12 11:30:00+09:00,89000.0,89000.0,89000.0,89000.0,7,0.0,0.0
2024-06-12 11:35:00+09:00,88900.0,89000.0,88900.0,89000.0,25,0.0,0.0
2024-06-12 11:40:00+09:00,89000.0,89000.0,89000.0,89000.0,0,0.0,0.0
2024-06-12 11:45:00+09:00,88900.0,89000.0,88900.0,88900.0,11,0.0,0.0
2024-06-12 11:50:00+09:00,88900.0,88900.0,88900.0,88900.0,5,0.0,0.0
2024-06-12 12:05:00+09:00,89000.0,89100.0,88900.0,89100.0,282,0.0,0.0
2024-06-12 12:10:00+09:00,89100.0,89100.0,89100.0,89100.0,5,0.0,0.0
2024-06-12 12:15:00+09:00,89100.0,89100.0,89100.0,89100.0,0,0.0,0.0
2024-06-12 12:20:00+09:00,89100.0,89200.0,89100.0,89100.0,36,0.0,0.0
2024-06-12 12:25:00+09:00,89000.0,89200.0,89000.0,89200.0,11,0.0,0.0
2024-06-12 12:30:00+09:00,89200.0,89200.0,89000.0,89000.0,10,0.0,0.0
2024-06-12 12:35:00+09:00,89000.0,89200.0,89000.0,89000.0,5,0.0,0.0
2024-06-12 12:40:00+09:00,89300.0,89300.0,89300.0,89300.0,4,0.0,0.0
2024-06-12 12:45:00+09:00,89000.0,89000.0,89000.0,89000.0,28,0.0,0.0
2024-06-12 12:50:00+09:00,89000.0,89000.0,89000.0,89000.0,0,0.0,0.0
2024-06-12 12:55:00+09:00,88900.0,89200.0,88900.0,89200.0,14,0.0,0.0
2024-06-12 13:05:00+09:00,89000.0,89200.0,89000.0,89200.0,7,0.0,0.0
2024-06-12 13:15:00+09:00,89200.0,89300.0,89200.0,89200.0,10,0.0,0.0
2024-06-12 13:20:00+09:00,89300.0,89300.0,89300.0,89300.0,6,0.0,0.0
2024-06-12 13:25:00+09:00,89200.0,89300.0,89200.0,89300.0,60,0.0,0.0
2024-06-12 13:30:00+09:00,89300.0,89300.0,89300.0,89300.0,20,0.0,0.0
2024-06-12 13:35:00+09:00,89300.0,89300.0,89300.0,89300.0,21,0.0,0.0
2024-06-12 13:45:00+09:00,89200.0,89300.0,89200.0,89300.0,13,0.0,0.0
2024-06-12 13:50:00+09:00,89300.0,89400.0,89300.0,89300.0,0,0.0,0.0
2024-06-12 14:05:00+09:00,89300.0,89400.0,89300.0,89300.0,13,0.0,0.0
2024-06-12 14:10:00+09:00,89400.0,89500.0,89400.0,89500.0,604,0.0,0.0
2024-06-12 14:15:00+09:00,89500.0,89600.0,89500.0,89600.0,0,0.0,0.0
2024-06-12 14:20:00+09:00,89600.0,89600.0,89600.0,89600.0,2,0.0,0.0
2024-06-12 14:25:00+09:00,89600.0,89600.0,89300.0,89600.0,7,0.0,0.0
2024-06-12 14:35:00+09:00,89600.0,89600.0,89600.0,89600.0,5,0.0,0.0
2024-06-12 14:40:00+09:00,89600.0,89600.0,89600.0,89600.0,1197,0.0,0.0
2024-06-12 14:45:00+09:00,89500.0,89500.0,89500.0,89500.0,0,0.0,0.0
2024-06-12 14:50:00+09:00,89500.0,89600.0,89500.0,89600.0,341,0.0,0.0
2024-06-12 14:55:00+09:00,89600.0,89600.0,89600.0,89600.0,0,0.0,0.0
2024-06-13 09:00:00+09:00,89700.0,89700.0,89600.0,89600.0,33,0.0,0.0
2024-06-13 09:05:00+09:00,89700.0,89700.0,89700.0,89700.0,10,0.0,0.0
2024-06-13 09:10:00+09:00,89700.0,89700.0,89000.0,89000.0,10,0.0,0.0
2024-06-13 09:15:00+09:00,89300.0,89400.0,89300.0,89400.0,21,0.0,0.0
2024-06-13 09:20:00+09:00,89600.0,89600.0,89600.0,89600.0,17,0.0,0.0
2024-06-13 09:25:00+09:00,89600.0,89600.0,89500.0,89600.0,8,0.0,0.0
2024-06-13 09:30:00+09:00,89500.0,89500.0,89200.0,89500.0,22,0.0,0.0
2024-06-13 09:35:00+09:00,89400.0,89400.0,89100.0,89400.0,16,0.0,0.0
2024-06-13 09:40:00+09:00,89500.0,89600.0,89500.0,89600.0,5,0.0,0.0
2024-06-13 09:45:00+09:00,89300.0,89500.0,89300.0,89500.0,51,0.0,0.0
2024-06-13 09:50:00+09:00,89200.0,89300.0,89200.0,89300.0,0,0.0,0.0
2024-06-13 09:55:00+09:00,89200.0,89300.0,89200.0,89200.0,83,0.0,0.0
2024-06-13 10:00:00+09:00,89300.0,89400.0,89300.0,89400.0,23,0.0,0.0
2024-06-13 10:05:00+09:00,89400.0,89400.0,89400.0,89400.0,2,0.0,0.0
2024-06-13 10:10:00+09:00,89300.0,89300.0,89300.0,89300.0,2,0.0,0.0
2024-06-13 10:15:00+09:00,89400.0,89400.0,89400.0,89400.0,2,0.0,0.0
2024-06-13 10:20:00+09:00,89400.0,89400.0,89400.0,89400.0,4,0.0,0.0
2024-06-13 10:25:00+09:00,89300.0,89300.0,89300.0,89300.0,6,0.0,0.0
2024-06-13 10:30:00+09:00,89300.0,89400.0,89300.0,89300.0,5,0.0,0.0
2024-06-13 10:40:00+09:00,89400.0,89400.0,89400.0,89400.0,4,0.0,0.0
2024-06-13 10:50:00+09:00,89300.0,89300.0,89300.0,89300.0,3,0.0,0.0
2024-06-13 10:55:00+09:00,89400.0,89500.0,89100.0,89500.0,355,0.0,0.0
2024-06-13 11:00:00+09:00,89400.0,89400.0,89400.0,89400.0,0,0.0,0.0
2024-06-13 11:10:00+09:00,89300.0,89300.0,89200.0,89200.0,7,0.0,0.0
2024-06-13 11:15:00+09:00,89200.0,89200.0,89200.0,89200.0,18,0.0,0.0
2024-06-13 11:20:00+09:00,89300.0,89300.0,89300.0,89300.0,14,0.0,0.0
2024-06-13 11:25:00+09:00,89300.0,89300.0,89300.0,89300.0,5,0.0,0.0
2024-06-13 11:30:00+09:00,89300.0,89300.0,89300.0,89300.0,0,0.0,0.0
2024-06-13 11:35:00+09:00,89300.0,89300.0,89300.0,89300.0,5,0.0,0.0
2024-06-13 11:40:00+09:00,89400.0,89400.0,89300.0,89400.0,29,0.0,0.0
2024-06-13 11:45:00+09:00,89400.0,89400.0,89400.0,89400.0,0,0.0,0.0
2024-06-13 11:50:00+09:00,89400.0,89400.0,89300.0,89300.0,15,0.0,0.0
2024-06-13 12:00:00+09:00,89400.0,89400.0,89400.0,89400.0,0,0.0,0.0
2024-06-13 12:05:00+09:00,89400.0,89600.0,89400.0,89600.0,156,0.0,0.0
2024-06-13 12:15:00+09:00,89600.0,89600.0,89600.0,89600.0,4,0.0,0.0
2024-06-13 12:20:00+09:00,89600.0,89600.0,89600.0,89600.0,26,0.0,0.0
2024-06-13 12:30:00+09:00,89500.0,89500.0,89500.0,89500.0,26,0.0,0.0
2024-06-13 12:35:00+09:00,89400.0,89400.0,89400.0,89400.0,0,0.0,0.0
2024-06-13 12:40:00+09:00,89600.0,89600.0,89600.0,89600.0,0,0.0,0.0
2024-06-13 12:50:00+09:00,89600.0,89600.0,89600.0,89600.0,41,0.0,0.0
2024-06-13 12:55:00+09:00,89400.0,89400.0,89400.0,89400.0,13,0.0,0.0
2024-06-13 13:00:00+09:00,89600.0,89600.0,89400.0,89400.0,0,0.0,0.0
2024-06-13 13:05:00+09:00,89600.0,89600.0,89300.0,89300.0,43,0.0,0.0
2024-06-13 13:10:00+09:00,89300.0,89500.0,89300.0,89500.0,0,0.0,0.0
2024-06-13 13:20:00+09:00,89500.0,89500.0,89500.0,89500.0,5,0.0,0.0
2024-06-13 13:25:00+09:00,89400.0,89400.0,89400.0,89400.0,20,0.0,0.0
2024-06-13 13:30:00+09:00,89400.0,89400.0,89400.0,89400.0,0,0.0,0.0
2024-06-13 13:35:00+09:00,89500.0,89500.0,89500.0,89500.0,7,0.0,0.0
2024-06-13 13:40:00+09:00,89500.0,89600.0,89500.0,89600.0,93,0.0,0.0
2024-06-13 13:50:00+09:00,89400.0,89400.0,89400.0,89400.0,1,0.0,0.0
2024-06-13 14:00:00+09:00,89600.0,89600.0,89600.0,89600.0,3,0.0,0.0
2024-06-13 14:05:00+09:00,89500.0,89500.0,89500.0,89500.0,7,0.0,0.0
2024-06-13 14:10:00+09:00,89500.0,89500.0,89400.0,89400.0,3,0.0,0.0
2024-06-13 14:15:00+09:00,89400.0,89400.0,89400.0,89400.0,4,0.0,0.0
2024-06-13 14:20:00+09:00,89600.0,89600.0,89400.0,89400.0,5,0.0,0.0
2024-06-13 14:25:00+09:00,89400.0,89400.0,89400.0,89400.0,1,0.0,0.0
2024-06-13 14:30:00+09:00,89300.0,89300.0,89300.0,89300.0,2,0.0,0.0
2024-06-13 14:40:00+09:00,89400.0,89400.0,89400.0,89400.0,1,0.0,0.0
2024-06-13 14:45:00+09:00,89400.0,89400.0,89400.0,89400.0,1,0.0,0.0
2024-06-13 14:50:00+09:00,89300.0,89300.0,89300.0,89300.0,10,0.0,0.0
2024-06-13 14:55:00+09:00,89300.0,89400.0,89300.0,89400.0,5,0.0,0.0
2024-06-14 09:00:00+09:00,89300.0,89500.0,89300.0,89500.0,87,0.0,0.0
2024-06-14 09:05:00+09:00,89400.0,89400.0,89100.0,89100.0,31,0.0,0.0
2024-06-14 09:10:00+09:00,89400.0,89400.0,89100.0,89100.0,48,0.0,0.0
2024-06-14 09:15:00+09:00,89500.0,89500.0,89500.0,89500.0,0,0.0,0.0
2024-06-14 09:25:00+09:00,89200.0,89200.0,89200.0,89200.0,5,0.0,0.0
2024-06-14 09:35:00+09:00,89500.0,89500.0,89500.0,89500.0,3,0.0,0.0
2024-06-14 09:40:00+09:00,89300.0,89300.0,89300.0,89300.0,10,0.0,0.0
2024-06-14 09:45:00+09:00,89200.0,89200.0,89200.0,89200.0,0,0.0,0.0
2024-06-14 09:50:00+09:00,89200.0,89200.0,89200.0,89200.0,2,0.0,0.0
2024-06-14 09:55:00+09:00,89500.0,89500.0,89500.0,89500.0,3,0.0,0.0
2024-06-14 10:05:00+09:00,89500.0,89500.0,89300.0,89500.0,9,0.0,0.0
2024-06-14 10:10:00+09:00,89400.0,89500.0,89400.0,89400.0,10,0.0,0.0
2024-06-14 10:15:00+09:00,89500.0,89500.0,89400.0,89400.0,4,0.0,0.0
2024-06-14 10:20:00+09:00,89400.0,89400.0,89400.0,89400.0,44,0.0,0.0
2024-06-14 10:25:00+09:00,89400.0,89400.0,89400.0,89400.0,0,0.0,0.0
2024-06-14 10:30:00+09:00,89500.0,89500.0,89400.0,89400.0,3,0.0,0.0
2024-06-14 10:35:00+09:00,89400.0,89500.0,89400.0,89500.0,316,0.0,0.0
2024-06-14 10:40:00+09:00,89500.0,89500.0,89500.0,89500.0,2,0.0,0.0
2024-06-14 10:45:00+09:00,89500.0,89600.0,89400.0,89600.0,46,0.0,0.0
2024-06-14 10:55:00+09:00,89600.0,89600.0,89600.0,89600.0,3,0.0,0.0
2024-06-14 11:00:00+09:00,89600.0,89600.0,89600.0,89600.0,0,0.0,0.0
2024-06-14 11:05:00+09:00,89400.0,89600.0,89400.0,89600.0,127,0.0,0.0
2024-06-14 11:10:00+09:00,89400.0,89400.0,89400.0,89400.0,20,0.0,0.0
2024-06-14 11:15:00+09:00,89500.0,89600.0,89500.0,89600.0,2,0.0,0.0
2024-06-14 11:25:00+09:00,89400.0,89400.0,89400.0,89400.0,15,0.0,0.0
2024-06-14 11:35:00+09:00,89500.0,89500.0,89400.0,89400.0,21,0.0,0.0
2024-06-14 11:40:00+09:00,89400.0,89400.0,89300.0,89300.0,36,0.0,0.0
2024-06-14 11:45:00+09:00,89300.0,89300.0,89300.0,89300.0,101,0.0,0.0
2024-06-14 11:55:00+09:00,89600.0,89600.0,89300.0,89300.0,0,0.0,0.0
2024-06-14 12:05:00+09:00,89300.0,89300.0,89300.0,89300.0,23,0.0,0.0
2024-06-14 12:15:00+09:00,89600.0,89600.0,89300.0,89300.0,7,0.0,0.0
2024-06-14 12:20:00+09:00,89200.0,89200.0,89200.0,89200.0,40,0.0,0.0
2024-06-14 12:25:00+09:00,89200.0,89200.0,89200.0,89200.0,29,0.0,0.0
2024-06-14 12:40:00+09:00,89200.0,89200.0,89200.0,89200.0,0,0.0,0.0
2024-06-14 12:45:00+09:00,89300.0,89500.0,89200.0,89500.0,983,0.0,0.0
2024-06-14 12:50:00+09:00,89500.0,89500.0,89200.0,89200.0,3,0.0,0.0
2024-06-14 12:55:00+09:00,89300.0,89300.0,89300.0,89300.0,7,0.0,0.0
2024-06-14 13:00:00+09:00,89300.0,89300.0,89300.0,89300.0,40,0.0,0.0
2024-06-14 13:05:00+09:00,89300.0,89300.0,89200.0,89200.0,0,0.0,0.0
2024-06-14 13:10:00+09:00,89200.0,89300.0,89200.0,89300.0,6,0.0,0.0
2024-06-14 13:15:00+09:00,89300.0,89300.0,89300.0,89300.0,59,0.0,0.0
2024-06-14 13:25:00+09:00,89200.0,89400.0,89200.0,89400.0,6,0.0,0.0
2024-06-14 13:45:00+09:00,89300.0,89500.0,89200.0,89500.0,77,0.0,0.0
2024-06-14 14:00:00+09:00,89400.0,89400.0,89400.0,89400.0,1,0.0,0.0
2024-06-14 14:05:00+09:00,89200.0,89200.0,89200.0,89200.0,16,0.0,0.0
2024-06-14 14:30:00+09:00,89300.0,89500.0,89300.0,89500.0,15,0.0,0.0
2024-06-14 14:40:00+09:00,89500.0,89500.0,89500.0,89500.0,14,0.0,0.0
2024-06-14 14:50:00+09:00,89400.0,89400.0,89400.0,89400.0,0,0.0,0.0
2024-06-14 14:55:00+09:00,89300.0,89500.0,89300.0,89300.0,91,0.0,0.0
2024-06-17 09:00:00+09:00,89400.0,89400.0,89300.0,89400.0,0,0.0,0.0
2024-06-17 09:05:00+09:00,89500.0,89600.0,89400.0,89400.0,2,0.0,0.0
2024-06-17 09:10:00+09:00,89600.0,89600.0,89000.0,89000.0,14,0.0,0.0
2024-06-17 09:20:00+09:00,89500.0,89500.0,89500.0,89500.0,17,0.0,0.0
2024-06-17 09:25:00+09:00,89500.0,89600.0,89200.0,89600.0,6,0.0,0.0
2024-06-17 09:30:00+09:00,89200.0,89200.0,89200.0,89200.0,8,0.0,0.0
2024-06-17 09:35:00+09:00,89200.0,89200.0,89200.0,89200.0,11,0.0,0.0
2024-06-17 09:40:00+09:00,89400.0,89600.0,89200.0,89200.0,24,0.0,0.0
2024-06-17 09:45:00+09:00,89200.0,89200.0,89200.0,89200.0,30,0.0,0.0
2024-06-17 09:50:00+09:00,89200.0,89200.0,89200.0,89200.0,0,0.0,0.0
2024-06-17 09:55:00+09:00,89400.0,89400.0,89400.0,89400.0,38,0.0,0.0
2024-06-17 10:00:00+09:00,89500.0,89500.0,89200.0,89500.0,6,0.0,0.0
2024-06-17 10:05:00+09:00,89500.0,89500.0,89400.0,89400.0,8,0.0,0.0
2024-06-17 10:10:00+09:00,89400.0,89400.0,89300.0,89300.0,50,0.0,0.0
2024-06-17 10:20:00+09:00,89400.0,89500.0,89300.0,89300.0,111,0.0,0.0
2024-06-17 10:25:00+09:00,89300.0,89300.0,89300.0,89300.0,15,0.0,0.0
2024-06-17 10:30:00+09:00,89300.0,89500.0,89300.0,89500.0,10,0.0,0.0
2024-06-17 10:35:00+09:00,89300.0,89300.0,89300.0,89300.0,6,0.0,0.0
2024-06-17 10:40:00+09:00,89300.0,89300.0,89300.0,89300.0,0,0.0,0.0
2024-06-17 10:45:00+09:00,89300.0,89300.0,89300.0,89300.0,36,0.0,0.0
2024-06-17 10:50:00+09:00,89200.0,89200.0,89200.0,89200.0,64,0.0,0.0
2024-06-17 10:55:00+09:00,89300.0,89300.0,89300.0,89300.0,0,0.0,0.0
2024-06-17 11:05:00+09:00,89300.0,89300.0,89300.0,89300.0,26,0.0,0.0
2024-06-17 11:10:00+09:00,89300.0,89500.0,89300.0,89300.0,6,0.0,0.0
2024-06-17 11:15:00+09:00,89300.0,89300.0,89300.0,89300.0,0,0.0,0.0
2024-06-17 11:20:00+09:00,89500.0,89500.0,89300.0,89300.0,35,0.0,0.0
2024-06-17 11:25:00+09:00,89300.0,89300.0,89300.0,89300.0,0,0.0,0.0
2024-06-17 11:30:00+09:00,89200.0,89200.0,89200.0,89200.0,3,0.0,0.0
2024-06-17 11:35:00+09:00,89300.0,89300.0,89300.0,89300.0,225,0.0,0.0
2024-06-17 11:40:00+09:00,89500.0,89500.0,89500.0,89500.0,0,0.0,0.0
2024-06-17 11:50:00+09:00,89200.0,89200.0,89200.0,89200.0,1,0.0,0.0
2024-06-17 11:55:00+09:00,89200.0,89200.0,89200.0,89200.0,4,0.0,0.0
2024-06-17 12:00:00+09:00,89300.0,89300.0,89100.0,89300.0,200,0.0,0.0
2024-06-17 12:10:00+09:00,89300.0,89300.0,89300.0,89300.0,16,0.0,0.0
2024-06-17 12:20:00+09:00,89400.0,89400.0,89300.0,89300.0,11,0.0,0.0
2024-06-17 12:25:00+09:00,89300.0,89400.0,89300.0,89400.0,1,0.0,0.0
2024-06-17 12:30:00+09:00,89300.0,89300.0,89300.0,89300.0,82,0.0,0.0
2024-06-17 12:35:00+09:00,89300.0,89300.0,89300.0,89300.0,6,0.0,0.0
2024-06-17 12:40:00+09:00,89300.0,89300.0,89300.0,89300.0,56,0.0,0.0
2024-06-17 12:45:00+09:00,89300.0,89400.0,89300.0,89400.0,0,0.0,0.0
2024-06-17 12:50:00+09:00,89400.0,89400.0,89400.0,89400.0,2,0.0,0.0
2024-06-17 12:55:00+09:00,89400.0,89400.0,89300.0,89300.0,101,0.0,0.0
2024-06-17 13:00:00+09:00,89400.0,89400.0,89400.0,89400.0,0,0.0,0.0
2024-06-17 13:05:00+09:00,89400.0,89400.0,89400.0,89400.0,57,0.0,0.0
2024-06-17 13:15:00+09:00,89400.0,89400.0,89400.0,89400.0,0,0.0,0.0
2024-06-17 13:40:00+09:00,89400.0,89400.0,89400.0,89400.0,6,0.0,0.0
2024-06-17 13:45:00+09:00,89300.0,89300.0,89300.0,89300.0,4,0.0,0.0
2024-06-17 13:50:00+09:00,89300.0,89400.0,89300.0,89300.0,15,0.0,0.0
2024-06-17 14:00:00+09:00,89400.0,89400.0,89400.0,89400.0,3,0.0,0.0
2024-06-17 14:10:00+09:00,89400.0,89400.0,89300.0,89400.0,3,0.0,0.0
2024-06-17 14:15:00+09:00,89400.0,89400.0,89400.0,89400.0,2,0.0,0.0
2024-06-17 14:20:00+09:00,89300.0,89400.0,89300.0,89400.0,29,0.0,0.0
2024-06-17 14:25:00+09:00,89300.0,89300.0,89300.0,89300.0,0,0.0,0.0
2024-06-17 14:30:00+09:00,89300.0,89300.0,89300.0,89300.0,1,0.0,0.0
2024-06-17 14:35:00+09:00,89300.0,89300.0,89300.0,89300.0,26,0.0,0.0
2024-06-17 14:40:00+09:00,89300.0,89300.0,89300.0,89300.0,32,0.0,0.0
2024-06-17 14:45:00+09:00,89300.0,89300.0,89200.0,89200.0,125,0.0,0.0
2024-06-17 14:50:00+09:00,89200.0,89200.0,89200.0,89200.0,0,0.0,0.0
2024-06-18 09:00:00+09:00,89300.0,89600.0,89300.0,89600.0,39,0.0,0.0
2024-06-18 09:05:00+09:00,89400.0,89600.0,89400.0,89400.0,13,0.0,0.0
2024-06-18 09:10:00+09:00,89400.0,89400.0,89300.0,89400.0,52,0.0,0.0
2024-06-18 09:15:00+09:00,89400.0,89400.0,89400.0,89400.0,34,0.0,0.0
2024-06-18 09:20:00+09:00,89300.0,89300.0,89300.0,89300.0,40,0.0,0.0
2024-06-18 09:25:00+09:00,89300.0,89500.0,89300.0,89500.0,16,0.0,0.0
2024-06-18 09:30:00+09:00,89500.0,89500.0,89500.0,89500.0,171,0.0,0.0
2024-06-18 09:35:00+09:00,89500.0,89600.0,89500.0,89600.0,189,0.0,0.0
2024-06-18 09:40:00+09:00,89600.0,89600.0,89600.0,89600.0,16,0.0,0.0
2024-06-18 09:45:00+09:00,89600.0,89600.0,89600.0,89600.0,15,0.0,0.0
2024-06-18 09:50:00+09:00,89700.0,89700.0,89600.0,89700.0,13,0.0,0.0
2024-06-18 09:55:00+09:00,89700.0,89700.0,89700.0,89700.0,14,0.0,0.0
2024-06-18 10:00:00+09:00,89600.0,89700.0,89600.0,89700.0,7,0.0,0.0
2024-06-18 10:05:00+09:00,89600.0,89700.0,89600.0,89700.0,12,0.0,0.0
2024-06-18 10:10:00+09:00,89600.0,89600.0,89500.0,89500.0,25,0.0,0.0
2024-06-18 10:15:00+09:00,89600.0,89600.0,89500.0,89600.0,117,0.0,0.0
2024-06-18 10:20:00+09:00,89600.0,89600.0,89600.0,89600.0,11,0.0,0.0
2024-06-18 10:25:00+09:00,89500.0,89500.0,89500.0,89500.0,0,0.0,0.0
2024-06-18 10:30:00+09:00,89500.0,89500.0,89300.0,89300.0,323,0.0,0.0
2024-06-18 10:35:00+09:00,89500.0,89500.0,89300.0,89300.0,0,0.0,0.0
2024-06-18 10:40:00+09:00,89300.0,89300.0,89300.0,89300.0,0,0.0,0.0
2024-06-18 10:45:00+09:00,89300.0,89400.0,89200.0,89400.0,131,0.0,0.0
2024-06-18 10:50:00+09:00,89300.0,89300.0,89300.0,89300.0,2,0.0,0.0
2024-06-18 10:55:00+09:00,89400.0,89400.0,89300.0,89300.0,10,0.0,0.0
2024-06-18 11:00:00+09:00,89400.0,89400.0,89400.0,89400.0,46,0.0,0.0
2024-06-18 11:05:00+09:00,89500.0,89500.0,89500.0,89500.0,8,0.0,0.0
2024-06-18 11:10:00+09:00,89400.0,89400.0,89400.0,89400.0,18,0.0,0.0
2024-06-18 11:15:00+09:00,89500.0,89500.0,89500.0,89500.0,0,0.0,0.0
2024-06-18 11:30:00+09:00,89500.0,89500.0,89500.0,89500.0,54,0.0,0.0
2024-06-18 11:35:00+09:00,89400.0,89500.0,89400.0,89500.0,26,0.0,0.0
2024-06-18 11:50:00+09:00,89500.0,89500.0,89500.0,89500.0,3,0.0,0.0
2024-06-18 11:55:00+09:00,89500.0,89500.0,89500.0,89500.0,1,0.0,0.0
2024-06-18 12:00:00+09:00,89500.0,89500.0,89400.0,89400.0,10,0.0,0.0
2024-06-18 12:10:00+09:00,89500.0,89500.0,89400.0,89400.0,6,0.0,0.0
2024-06-18 12:15:00+09:00,89500.0,89500.0,89500.0,89500.0,1,0.0,0.0
2024-06-18 12:20:00+09:00,89300.0,89300.0,89300.0,89300.0,32,0.0,0.0
2024-06-18 12:25:00+09:00,89500.0,89500.0,89500.0,89500.0,1,0.0,0.0
2024-06-18 12:30:00+09:00,89500.0,89500.0,89500.0,89500.0,4,0.0,0.0
2024-06-18 12:35:00+09:00,89500.0,89500.0,89500.0,89500.0,0,0.0,0.0
2024-06-18 12:40:00+09:00,89500.0,89500.0,89500.0,89500.0,2,0.0,0.0
2024-06-18 12:45:00+09:00,89400.0,89400.0,89300.0,89300.0,16,0.0,0.0
2024-06-18 12:50:00+09:00,89400.0,89400.0,89400.0,89400.0,9,0.0,0.0
2024-06-18 12:55:00+09:00,89500.0,89500.0,89400.0,89400.0,2,0.0,0.0
2024-06-18 13:00:00+09:00,89400.0,89500.0,89400.0,89500.0,66,0.0,0.0
2024-06-18 13:05:00+09:00,89300.0,89300.0,89300.0,89300.0,0,0.0,0.0
2024-06-18 13:15:00+09:00,89500.0,89500.0,89500.0,89500.0,2,0.0,0.0
2024-06-18 13:20:00+09:00,89500.0,89500.0,89500.0,89500.0,4,0.0,0.0
2024-06-18 13:25:00+09:00,89300.0,89300.0,89300.0,89300.0,4,0.0,0.0
2024-06-18 13:30:00+09:00,89500.0,89500.0,89500.0,89500.0,8,0.0,0.0
2024-06-18 13:35:00+09:00,89500.0,89500.0,89500.0,89500.0,0,0.0,0.0
2024-06-18 13:40:00+09:00,89300.0,89400.0,89300.0,89300.0,10,0.0,0.0
2024-06-18 13:45:00+09:00,89300.0,89300.0,89300.0,89300.0,0,0.0,0.0
2024-06-18 13:50:00+09:00,89300.0,89300.0,89300.0,89300.0,15,0.0,0.0
2024-06-18 13:55:00+09:00,89500.0,89500.0,89500.0,89500.0,0,0.0,0.0
2024-06-18 14:00:00+09:00,89500.0,89500.0,89500.0,89500.0,10,0.0,0.0
2024-06-18 14:05:00+09:00,89300.0,89500.0,89300.0,89500.0,219,0.0,0.0
2024-06-18 14:15:00+09:00,89500.0,89500.0,89500.0,89500.0,0,0.0,0.0
2024-06-18 14:20:00+09:00,89500.0,89500.0,89500.0,89500.0,4,0.0,0.0
2024-06-18 14:25:00+09:00,89400.0,89400.0,89300.0,89400.0,10,0.0,0.0
2024-06-18 14:30:00+09:00,89400.0,89400.0,89400.0,89400.0,0,0.0,0.0
2024-06-18 14:35:00+09:00,89400.0,89500.0,89300.0,89300.0,203,0.0,0.0
2024-06-18 14:40:00+09:00,89400.0,89400.0,89400.0,89400.0,0,0.0,0.0
2024-06-18 14:45:00+09:00,89500.0,89500.0,89400.0,89400.0,5,0.0,0.0
2024-06-18 14:50:00+09:00,89400.0,89500.0,89400.0,89500.0,13,0.0,0.0
2024-06-18 14:55:00+09:00,89500.0,89500.0,89500.0,89500.0,3,0.0,0.0
2024-06-19 09:00:00+09:00,89400.0,89500.0,89300.0,89300.0,148,0.0,0.0
2024-06-19 09:05:00+09:00,89400.0,89400.0,89200.0,89200.0,557,0.0,0.0
2024-06-19 09:10:00+09:00,89500.0,89500.0,89400.0,89400.0,1,0.0,0.0
2024-06-19 09:20:00+09:00,89400.0,89500.0,89400.0,89500.0,16,0.0,0.0
2024-06-19 09:25:00+09:00,89500.0,89500.0,89400.0,89400.0,129,0.0,0.0
2024-06-19 09:30:00+09:00,89300.0,89300.0,89300.0,89300.0,0,0.0,0.0
2024-06-19 09:35:00+09:00,89300.0,89400.0,89200.0,89300.0,94,0.0,0.0
2024-06-19 09:40:00+09:00,89400.0,89500.0,89300.0,89300.0,6,0.0,0.0
2024-06-19 09:50:00+09:00,89300.0,89500.0,89300.0,89500.0,4,0.0,0.0
2024-06-19 10:00:00+09:00,89400.0,89500.0,89400.0,89500.0,9,0.0,0.0
2024-06-19 10:05:00+09:00,89300.0,89300.0,89200.0,89200.0,110,0.0,0.0
2024-06-19 10:15:00+09:00,89200.0,89200.0,89100.0,89200.0,14,0.0,0.0
2024-06-19 10:20:00+09:00,89100.0,89100.0,89000.0,89000.0,104,0.0,0.0
2024-06-19 10:25:00+09:00,89000.0,89200.0,89000.0,89200.0,37,0.0,0.0
2024-06-19 10:30:00+09:00,89200.0,89200.0,89200.0,89200.0,6,0.0,0.0
2024-06-19 10:40:00+09:00,89200.0,89200.0,89200.0,89200.0,11,0.0,0.0
2024-06-19 10:50:00+09:00,89100.0,89200.0,89100.0,89200.0,8,0.0,0.0
2024-06-19 10:55:00+09:00,89200.0,89200.0,89200.0,89200.0,1,0.0,0.0
2024-06-19 11:00:00+09:00,89200.0,89200.0,89200.0,89200.0,1,0.0,0.0
2024-06-19 11:05:00+09:00,89200.0,89200.0,89200.0,89200.0,3,0.0,0.0
2024-06-19 11:10:00+09:00,89100.0,89200.0,89100.0,89200.0,82,0.0,0.0
2024-06-19 11:30:00+09:00,89200.0,89200.0,89200.0,89200.0,0,0.0,0.0
2024-06-19 11:40:00+09:00,89200.0,89200.0,89100.0,89100.0,18,0.0,0.0
2024-06-19 11:45:00+09:00,89200.0,89200.0,89100.0,89100.0,5,0.0,0.0
2024-06-19 11:50:00+09:00,89100.0,89100.0,89100.0,89100.0,1,0.0,0.0
2024-06-19 12:00:00+09:00,89200.0,89200.0,89200.0,89200.0,20,0.0,0.0
2024-06-19 12:05:00+09:00,89100.0,89300.0,89100.0,89300.0,56,0.0,0.0
2024-06-19 12:10:00+09:00,89300.0,89300.0,89200.0,89200.0,11,0.0,0.0
2024-06-19 12:15:00+09:00,89400.0,89400.0,89400.0,89400.0,32,0.0,0.0
2024-06-19 12:30:00+09:00,89200.0,89200.0,89200.0,89200.0,1,0.0,0.0
2024-06-19 12:35:00+09:00,89400.0,89400.0,89400.0,89400.0,18,0.0,0.0
2024-06-19 12:40:00+09:00,89300.0,89300.0,89300.0,89300.0,3,0.0,0.0
2024-06-19 12:45:00+09:00,89300.0,89300.0,89300.0,89300.0,10,0.0,0.0
2024-06-19 12:50:00+09:00,89300.0,89300.0,89200.0,89300.0,3,0.0,0.0
2024-06-19 13:00:00+09:00,89200.0,89200.0,89200.0,89200.0,2,0.0,0.0
2024-06-19 13:10:00+09:00,89200.0,89200.0,89100.0,89100.0,15,0.0,0.0
2024-06-19 13:30:00+09:00,89200.0,89200.0,89200.0,89200.0,9,0.0,0.0
2024-06-19 13:35:00+09:00,89200.0,89200.0,89100.0,89100.0,2,0.0,0.0
2024-06-19 13:40:00+09:00,89100.0,89200.0,89100.0,89200.0,16,0.0,0.0
2024-06-19 13:45:00+09:00,89200.0,89300.0,89200.0,89300.0,2,0.0,0.0
2024-06-19 13:50:00+09:00,89300.0,89300.0,89300.0,89300.0,9,0.0,0.0
2024-06-19 14:00:00+09:00,89300.0,89300.0,89300.0,89300.0,2,0.0,0.0
2024-06-19 14:10:00+09:00,89400.0,89400.0,89400.0,89400.0,0,0.0,0.0
2024-06-19 14:35:00+09:00,89300.0,89300.0,89300.0,89300.0,1,0.0,0.0
2024-06-19 14:40:00+09:00,89400.0,89400.0,89400.0,89400.0,1,0.0,0.0
2024-06-19 14:50:00+09:00,89400.0,89400.0,89300.0,89400.0,12,0.0,0.0
2024-06-19 14:55:00+09:00,89300.0,89300.0,89200.0,89200.0,33,0.0,0.0
2024-06-20 09:00:00+09:00,89200.0,89200.0,89100.0,89100.0,14,0.0,0.0
2024-06-20 09:05:00+09:00,89000.0,89200.0,89000.0,89200.0,33,0.0,0.0
2024-06-20 09:10:00+09:00,89200.0,89200.0,89200.0,89200.0,2,0.0,0.0
2024-06-20 09:15:00+09:00,89200.0,89200.0,89200.0,89200.0,6,0.0,0.0
2024-06-20 09:20:00+09:00,89200.0,89200.0,89200.0,89200.0,1,0.0,0.0
2024-06-20 09:25:00+09:00,89200.0,89200.0,89000.0,89000.0,4,0.0,0.0
2024-06-20 09:30:00+09:00,89100.0,89100.0,89100.0,89100.0,6,0.0,0.0
2024-06-20 09:35:00+09:00,89000.0,89100.0,89000.0,89000.0,79,0.0,0.0
2024-06-20 09:40:00+09:00,89100.0,89100.0,89100.0,89100.0,134,0.0,0.0
2024-06-20 09:45:00+09:00,89100.0,89100.0,89100.0,89100.0,0,0.0,0.0
2024-06-20 09:50:00+09:00,89100.0,89200.0,89100.0,89200.0,4,0.0,0.0
2024-06-20 09:55:00+09:00,89200.0,89400.0,89100.0,89400.0,283,0.0,0.0
2024-06-20 10:00:00+09:00,89400.0,89400.0,89400.0,89400.0,2,0.0,0.0
2024-06-20 10:05:00+09:00,89200.0,89400.0,89200.0,89400.0,3,0.0,0.0
2024-06-20 10:10:00+09:00,89400.0,89400.0,89400.0,89400.0,8,0.0,0.0
2024-06-20 10:15:00+09:00,89400.0,89400.0,89400.0,89400.0,2,0.0,0.0
2024-06-20 10:20:00+09:00,89300.0,89300.0,89100.0,89200.0,112,0.0,0.0
2024-06-20 10:25:00+09:00,89200.0,89300.0,89200.0,89300.0,2,0.0,0.0
2024-06-20 10:30:00+09:00,89300.0,89300.0,89300.0,89300.0,9,0.0,0.0
2024-06-20 10:35:00+09:00,89300.0,89300.0,89300.0,89300.0,50,0.0,0.0
2024-06-20 10:45:00+09:00,89300.0,89400.0,89300.0,89400.0,0,0.0,0.0
2024-06-20 10:50:00+09:00,89300.0,89400.0,89300.0,89400.0,48,0.0,0.0
2024-06-20 10:55:00+09:00,89400.0,89400.0,89400.0,89400.0,10,0.0,0.0
2024-06-20 11:00:00+09:00,89200.0,89200.0,89200.0,89200.0,1,0.0,0.0
2024-06-20 11:05:00+09:00,89400.0,89400.0,89400.0,89400.0,42,0.0,0.0
2024-06-20 11:10:00+09:00,89300.0,89300.0,89300.0,89300.0,0,0.0,0.0
2024-06-20 11:20:00+09:00,89300.0,89300.0,89300.0,89300.0,3,0.0,0.0
2024-06-20 11:25:00+09:00,89300.0,89600.0,89300.0,89600.0,146,0.0,0.0
2024-06-20 11:30:00+09:00,89500.0,89500.0,89500.0,89500.0,10,0.0,0.0
2024-06-20 11:35:00+09:00,89600.0,89600.0,89600.0,89600.0,2,0.0,0.0
2024-06-20 11:45:00+09:00,89500.0,89500.0,89500.0,89500.0,9,0.0,0.0
2024-06-20 11:50:00+09:00,89600.0,89600.0,89600.0,89600.0,8,0.0,0.0
2024-06-20 11:55:00+09:00,89500.0,89500.0,89500.0,89500.0,0,0.0,0.0
2024-06-20 12:00:00+09:00,89500.0,89500.0,89500.0,89500.0,993,0.0,0.0
2024-06-20 12:05:00+09:00,89200.0,89200.0,89200.0,89200.0,16,0.0,0.0
2024-06-20 12:10:00+09:00,89200.0,89200.0,89200.0,89200.0,9,0.0,0.0
2024-06-20 12:15:00+09:00,89200.0,89200.0,89200.0,89200.0,0,0.0,0.0
2024-06-20 12:30:00+09:00,89200.0,89200.0,89200.0,89200.0,4,0.0,0.0
2024-06-20 12:40:00+09:00,89200.0,89200.0,89200.0,89200.0,2,0.0,0.0
2024-06-20 12:45:00+09:00,89200.0,89200.0,89200.0,89200.0,2,0.0,0.0
2024-06-20 12:50:00+09:00,89300.0,89300.0,89300.0,89300.0,0,0.0,0.0
2024-06-20 12:55:00+09:00,89300.0,89300.0,89300.0,89300.0,5,0.0,0.0
2024-06-20 13:00:00+09:00,89300.0,89300.0,89300.0,89300.0,8,0.0,0.0
2024-06-20 13:05:00+09:00,89200.0,89200.0,89200.0,89200.0,0,0.0,0.0
2024-06-20 13:10:00+09:00,89300.0,89300.0,89200.0,89300.0,63,0.0,0.0
2024-06-20 13:25:00+09:00,89200.0,89200.0,89200.0,89200.0,0,0.0,0.0
2024-06-20 13:30:00+09:00,89400.0,89400.0,89400.0,89400.0,10,0.0,0.0
2024-06-20 13:40:00+09:00,89400.0,89400.0,89400.0,89400.0,9,0.0,0.0
2024-06-20 13:45:00+09:00,89400.0,89400.0,89200.0,89200.0,1,0.0,0.0
2024-06-20 13:55:00+09:00,89200.0,89200.0,89200.0,89200.0,12,0.0,0.0
2024-06-20 14:00:00+09:00,89200.0,89200.0,89200.0,89200.0,1,0.0,0.0
2024-06-20 14:05:00+09:00,89100.0,89100.0,89100.0,89100.0,1,0.0,0.0
2024-06-20 14:15:00+09:00,89100.0,89100.0,89100.0,89100.0,10,0.0,0.0
2024-06-20 14:25:00+09:00,89100.0,89100.0,89100.0,89100.0,9,0.0,0.0
2024-06-20 14:30:00+09:00,89200.0,89200.0,89100.0,89100.0,24,0.0,0.0
2024-06-20 14:35:00+09:00,89100.0,89200.0,89100.0,89100.0,77,0.0,0.0
2024-06-20 14:40:00+09:00,89100.0,89200.0,89100.0,89100.0,53,0.0,0.0
2024-06-20 14:45:00+09:00,89100.0,89100.0,89100.0,89100.0,69,0.0,0.0
2024-06-20 14:50:00+09:00,89100.0,89100.0,89000.0,89000.0,147,0.0,0.0
2024-06-20 14:55:00+09:00,89000.0,89100.0,89000.0,89100.0,76,0.0,0.0
2024-06-21 09:00:00+09:00,89100.0,89400.0,89100.0,89400.0,7,0.0,0.0
2024-06-21 09:10:00+09:00,89400.0,89400.0,88800.0,88900.0,358,0.0,0.0
2024-06-21 09:15:00+09:00,88900.0,88900.0,88900.0,88900.0,6,0.0,0.0
2024-06-21 09:20:00+09:00,89400.0,89400.0,89000.0,89000.0,16,0.0,0.0
2024-06-21 09:25:00+09:00,89000.0,89000.0,89000.0,89000.0,7,0.0,0.0
2024-06-21 09:30:00+09:00,89300.0,89300.0,89000.0,89000.0,30,0.0,0.0
2024-06-21 09:35:00+09:00,89300.0,89300.0,89300.0,89300.0,2,0.0,0.0
2024-06-21 09:40:00+09:00,89300.0,89300.0,89300.0,89300.0,8,0.0,0.0
2024-06-21 09:45:00+09:00,89000.0,89000.0,89000.0,89000.0,4,0.0,0.0
2024-06-21 09:50:00+09:00,89100.0,89100.0,89100.0,89100.0,2,0.0,0.0
2024-06-21 09:55:00+09:00,89200.0,89200.0,89200.0,89200.0,8,0.0,0.0
2024-06-21 10:00:00+09:00,89200.0,89200.0,89200.0,89200.0,0,0.0,0.0
2024-06-21 10:05:00+09:00,89200.0,89200.0,89200.0,89200.0,16,0.0,0.0
2024-06-21 10:10:00+09:00,89000.0,89000.0,89000.0,89000.0,2,0.0,0.0
2024-06-21 10:20:00+09:00,89200.0,89200.0,89200.0,89200.0,3,0.0,0.0
2024-06-21 10:25:00+09:00,89000.0,89100.0,89000.0,89100.0,8,0.0,0.0
2024-06-21 10:30:00+09:00,89000.0,89000.0,88900.0,88900.0,49,0.0,0.0
2024-06-21 10:35:00+09:00,89000.0,89200.0,88900.0,88900.0,61,0.0,0.0
2024-06-21 10:40:00+09:00,89000.0,89000.0,88900.0,88900.0,14,0.0,0.0
2024-06-21 10:45:00+09:00,88900.0,89200.0,88900.0,88900.0,25,0.0,0.0
2024-06-21 10:50:00+09:00,88900.0,88900.0,88900.0,88900.0,16,0.0,0.0
2024-06-21 10:55:00+09:00,88900.0,88900.0,88800.0,88800.0,198,0.0,0.0
2024-06-21 11:00:00+09:00,88800.0,88900.0,88800.0,88800.0,17,0.0,0.0
2024-06-21 11:05:00+09:00,88800.0,88900.0,88800.0,88900.0,37,0.0,0.0
2024-06-21 11:10:00+09:00,88900.0,88900.0,88800.0,88800.0,117,0.0,0.0
2024-06-21 11:15:00+09:00,88800.0,88800.0,88800.0,88800.0,24,0.0,0.0
2024-06-21 11:20:00+09:00,88900.0,88900.0,88800.0,88800.0,23,0.0,0.0
2024-06-21 11:25:00+09:00,88800.0,88800.0,88800.0,88800.0,15,0.0,0.0
2024-06-21 11:30:00+09:00,88800.0,88800.0,88800.0,88800.0,14,0.0,0.0
2024-06-21 11:35:00+09:00,88800.0,88900.0,88800.0,88800.0,13,0.0,0.0
2024-06-21 11:40:00+09:00,88800.0,88800.0,88800.0,88800.0,14,0.0,0.0
2024-06-21 11:45:00+09:00,88800.0,88800.0,88800.0,88800.0,10,0.0,0.0
2024-06-21 11:50:00+09:00,88800.0,88900.0,88800.0,88800.0,23,0.0,0.0
2024-06-21 11:55:00+09:00,88900.0,88900.0,88800.0,88800.0,40,0.0,0.0
2024-06-21 12:00:00+09:00,88800.0,88900.0,88800.0,88800.0,94,0.0,0.0
2024-06-21 12:05:00+09:00,88800.0,88800.0,88800.0,88800.0,12,0.0,0.0
2024-06-21 12:10:00+09:00,88900.0,88900.0,88800.0,88800.0,12,0.0,0.0
2024-06-21 12:15:00+09:00,88800.0,88800.0,88800.0,88800.0,18,0.0,0.0
2024-06-21 12:20:00+09:00,88900.0,88900.0,88800.0,88800.0,19,0.0,0.0
2024-06-21 12:25:00+09:00,88800.0,88900.0,88800.0,88900.0,53,0.0,0.0
2024-06-21 12:30:00+09:00,88800.0,88900.0,88800.0,88800.0,0,0.0,0.0
2024-06-21 12:35:00+09:00,88800.0,88800.0,88800.0,88800.0,11,0.0,0.0
2024-06-21 12:40:00+09:00,88800.0,88900.0,88800.0,88800.0,59,0.0,0.0
2024-06-21 12:45:00+09:00,88800.0,88800.0,88800.0,88800.0,13,0.0,0.0
2024-06-21 12:50:00+09:00,88800.0,89000.0,88800.0,88800.0,45,0.0,0.0
2024-06-21 12:55:00+09:00,88800.0,88800.0,88800.0,88800.0,36,0.0,0.0
2024-06-21 13:00:00+09:00,88800.0,89000.0,88800.0,88800.0,16,0.0,0.0
2024-06-21 13:05:00+09:00,88800.0,89000.0,88800.0,88800.0,15,0.0,0.0
2024-06-21 13:10:00+09:00,88800.0,88900.0,88800.0,88800.0,24,0.0,0.0
2024-06-21 13:15:00+09:00,88800.0,88800.0,88800.0,88800.0,13,0.0,0.0
2024-06-21 13:20:00+09:00,88800.0,88900.0,88800.0,88800.0,12,0.0,0.0
2024-06-21 13:25:00+09:00,88800.0,88800.0,88800.0,88800.0,29,0.0,0.0
2024-06-21 13:30:00+09:00,88900.0,88900.0,88800.0,88800.0,56,0.0,0.0
2024-06-21 13:35:00+09:00,88800.0,88900.0,88800.0,88800.0,12,0.0,0.0
2024-06-21 13:40:00+09:00,88800.0,88900.0,88800.0,88800.0,18,0.0,0.0
2024-06-21 13:45:00+09:00,88800.0,88800.0,88700.0,88700.0,130,0.0,0.0
2024-06-21 13:50:00+09:00,88700.0,88700.0,88700.0,88700.0,37,0.0,0.0
2024-06-21 13:55:00+09:00,88700.0,88700.0,88700.0,88700.0,12,0.0,0.0
2024-06-21 14:00:00+09:00,88700.0,88700.0,88700.0,88700.0,13,0.0,0.0
2024-06-21 14:05:00+09:00,88700.0,88900.0,88600.0,88600.0,70,0.0,0.0
2024-06-21 14:10:00+09:00,88600.0,88900.0,88600.0,88700.0,18,0.0,0.0
2024-06-21 14:15:00+09:00,88700.0,88700.0,88700.0,88700.0,20,0.0,0.0
2024-06-21 14:20:00+09:00,88700.0,88700.0,88700.0,88700.0,15,0.0,0.0
2024-06-21 14:25:00+09:00,88700.0,88700.0,88700.0,88700.0,16,0.0,0.0
2024-06-21 14:30:00+09:00,88700.0,88700.0,88700.0,88700.0,46,0.0,0.0
2024-06-21 14:35:00+09:00,88700.0,88700.0,88700.0,88700.0,2,0.0,0.0
2024-06-21 14:40:00+09:00,88700.0,88700.0,88700.0,88700.0,16,0.0,0.0
2024-06-21 14:45:00+09:00,88700.0,88800.0,88700.0,88700.0,5,0.0,0.0
2024-06-21 14:50:00+09:00,88700.0,88800.0,88700.0,88700.0,7,0.0,0.0
2024-06-21 14:55:00+09:00,88700.0,88700.0,88700.0,88700.0,67,0.0,0.0
2024-06-24 09:00:00+09:00,88400.0,88800.0,88100.0,88800.0,0,0.0,0.0
2024-06-24 09:05:00+09:00,88600.0,88600.0,88300.0,88400.0,24,0.0,0.0
2024-06-24 09:10:00+09:00,88800.0,88800.0,88400.0,88400.0,0,0.0,0.0
2024-06-24 09:15:00+09:00,88700.0,88700.0,88300.0,88300.0,74,0.0,0.0
2024-06-24 09:20:00+09:00,88300.0,88400.0,88300.0,88400.0,13,0.0,0.0
2024-06-24 09:25:00+09:00,88500.0,88500.0,88400.0,88400.0,90,0.0,0.0
2024-06-24 09:30:00+09:00,88500.0,88500.0,88500.0,88500.0,12,0.0,0.0
2024-06-24 09:35:00+09:00,88700.0,88700.0,88700.0,88700.0,4,0.0,0.0
2024-06-24 09:40:00+09:00,88700.0,88700.0,88700.0,88700.0,6,0.0,0.0
2024-06-24 09:45:00+09:00,88600.0,88600.0,88500.0,88500.0,20,0.0,0.0
2024-06-24 09:55:00+09:00,88600.0,88700.0,88400.0,88400.0,108,0.0,0.0
2024-06-24 10:00:00+09:00,88600.0,88600.0,88600.0,88600.0,0,0.0,0.0
2024-06-24 10:05:00+09:00,88300.0,88600.0,88300.0,88500.0,31,0.0,0.0
2024-06-24 10:10:00+09:00,88700.0,88700.0,88600.0,88600.0,5,0.0,0.0
2024-06-24 10:15:00+09:00,88700.0,88700.0,88700.0,88700.0,1,0.0,0.0
2024-06-24 10:20:00+09:00,88700.0,88700.0,88700.0,88700.0,5,0.0,0.0
2024-06-24 10:25:00+09:00,88700.0,88700.0,88700.0,88700.0,1,0.0,0.0
2024-06-24 10:30:00+09:00,88700.0,88700.0,88700.0,88700.0,5,0.0,0.0
2024-06-24 10:35:00+09:00,88700.0,88700.0,88700.0,88700.0,1,0.0,0.0
2024-06-24 10:40:00+09:00,88500.0,88500.0,88500.0,88500.0,9,0.0,0.0
2024-06-24 10:45:00+09:00,88500.0,88500.0,88500.0,88500.0,82,0.0,0.0
2024-06-24 10:55:00+09:00,88700.0,88700.0,88700.0,88700.0,3,0.0,0.0
2024-06-24 11:00:00+09:00,88400.0,88400.0,88400.0,88400.0,1,0.0,0.0
2024-06-24 11:05:00+09:00,88400.0,88400.0,88400.0,88400.0,13,0.0,0.0
2024-06-24 11:10:00+09:00,88400.0,88400.0,88400.0,88400.0,114,0.0,0.0
2024-06-24 11:15:00+09:00,88700.0,88700.0,88700.0,88700.0,1,0.0,0.0
2024-06-24 11:20:00+09:00,88700.0,88700.0,88300.0,88300.0,63,0.0,0.0
2024-06-24 11:25:00+09:00,88700.0,88700.0,88700.0,88700.0,0,0.0,0.0
2024-06-24 11:30:00+09:00,88700.0,88700.0,88700.0,88700.0,2,0.0,0.0
2024-06-24 11:35:00+09:00,88700.0,88700.0,88700.0,88700.0,3,0.0,0.0
2024-06-24 11:40:00+09:00,88600.0,88600.0,88600.0,88600.0,0,0.0,0.0
2024-06-24 11:45:00+09:00,88600.0,88600.0,88600.0,88600.0,2,0.0,0.0
2024-06-24 11:50:00+09:00,88500.0,88500.0,88500.0,88500.0,9,0.0,0.0
2024-06-24 11:55:00+09:00,88500.0,88500.0,88400.0,88400.0,89,0.0,0.0
2024-06-24 12:00:00+09:00,88500.0,88500.0,88500.0,88500.0,6,0.0,0.0
2024-06-24 12:05:00+09:00,88400.0,88500.0,88400.0,88500.0,70,0.0,0.0
2024-06-24 12:10:00+09:00,88500.0,88500.0,88500.0,88500.0,0,0.0,0.0
2024-06-24 12:15:00+09:00,88600.0,88600.0,88600.0,88600.0,21,0.0,0.0
2024-06-24 12:30:00+09:00,88500.0,88500.0,88500.0,88500.0,29,0.0,0.0
2024-06-24 12:35:00+09:00,88500.0,88600.0,88500.0,88600.0,1,0.0,0.0
2024-06-24 12:45:00+09:00,88600.0,88600.0,88600.0,88600.0,2,0.0,0.0
2024-06-24 12:55:00+09:00,88600.0,88600.0,88600.0,88600.0,1,0.0,0.0
2024-06-24 13:00:00+09:00,88600.0,88600.0,88600.0,88600.0,3,0.0,0.0
2024-06-24 13:10:00+09:00,88600.0,88600.0,88600.0,88600.0,2,0.0,0.0
2024-06-24 13:15:00+09:00,88600.0,88600.0,88600.0,88600.0,0,0.0,0.0
2024-06-24 13:20:00+09:00,88600.0,88600.0,88600.0,88600.0,3,0.0,0.0
2024-06-24 13:25:00+09:00,88500.0,88600.0,88500.0,88600.0,8,0.0,0.0
2024-06-24 13:30:00+09:00,88600.0,88600.0,88500.0,88500.0,12,0.0,0.0
2024-06-24 13:40:00+09:00,88500.0,88500.0,88500.0,88500.0,0,0.0,0.0
2024-06-24 13:45:00+09:00,88400.0,88500.0,88400.0,88500.0,15,0.0,0.0
2024-06-24 13:50:00+09:00,88400.0,88400.0,88400.0,88400.0,20,0.0,0.0
2024-06-24 13:55:00+09:00,88500.0,88500.0,88500.0,88500.0,0,0.0,0.0
2024-06-24 14:00:00+09:00,88600.0,88600.0,88600.0,88600.0,6,0.0,0.0
2024-06-24 14:05:00+09:00,88500.0,88600.0,88500.0,88500.0,4,0.0,0.0
2024-06-24 14:10:00+09:00,88500.0,88500.0,88500.0,88500.0,13,0.0,0.0
2024-06-24 14:25:00+09:00,88500.0,88500.0,88400.0,88400.0,43,0.0,0.0
2024-06-24 14:30:00+09:00,88400.0,88400.0,88400.0,88400.0,0,0.0,0.0
2024-06-24 14:35:00+09:00,88600.0,88600.0,88600.0,88600.0,12,0.0,0.0
2024-06-24 14:40:00+09:00,88500.0,88500.0,88500.0,88500.0,10,0.0,0.0
2024-06-24 14:50:00+09:00,88500.0,88500.0,88500.0,88500.0,0,0.0,0.0
2024-06-24 14:55:00+09:00,88500.0,88500.0,88400.0,88400.0,37,0.0,0.0
2024-06-25 09:00:00+09:00,88800.0,88900.0,88800.0,88900.0,15,0.0,0.0
2024-06-25 09:05:00+09:00,88700.0,88700.0,88700.0,88700.0,4,0.0,0.0
2024-06-25 09:10:00+09:00,88900.0,88900.0,88900.0,88900.0,610,0.0,0.0
2024-06-25 09:15:00+09:00,88800.0,88800.0,88800.0,88800.0,4,0.0,0.0
2024-06-25 09:20:00+09:00,88800.0,88900.0,88800.0,88800.0,4,0.0,0.0
2024-06-25 09:25:00+09:00,88700.0,88700.0,88700.0,88700.0,1,0.0,0.0
2024-06-25 09:30:00+09:00,88800.0,88900.0,88700.0,88900.0,77,0.0,0.0
2024-06-25 09:35:00+09:00,88900.0,88900.0,88900.0,88900.0,0,0.0,0.0
2024-06-25 09:40:00+09:00,88900.0,89000.0,88900.0,89000.0,109,0.0,0.0
2024-06-25 09:45:00+09:00,89000.0,89000.0,89000.0,89000.0,39,0.0,0.0
2024-06-25 09:50:00+09:00,89000.0,89100.0,89000.0,89000.0,5,0.0,0.0
2024-06-25 09:55:00+09:00,89000.0,89000.0,89000.0,89000.0,4,0.0,0.0
2024-06-25 10:00:00+09:00,88900.0,89000.0,88900.0,89000.0,13,0.0,0.0
2024-06-25 10:05:00+09:00,89000.0,89100.0,89000.0,89100.0,11,0.0,0.0
2024-06-25 10:10:00+09:00,89000.0,89000.0,89000.0,89000.0,5,0.0,0.0
2024-06-25 10:15:00+09:00,89000.0,89100.0,89000.0,89100.0,3,0.0,0.0
2024-06-25 10:20:00+09:00,89100.0,89100.0,89100.0,89100.0,5,0.0,0.0
2024-06-25 10:25:00+09:00,89000.0,89000.0,89000.0,89000.0,7,0.0,0.0
2024-06-25 10:30:00+09:00,89000.0,89000.0,89000.0,89000.0,21,0.0,0.0
2024-06-25 10:35:00+09:00,89000.0,89000.0,89000.0,89000.0,13,0.0,0.0
2024-06-25 10:40:00+09:00,89100.0,89100.0,89000.0,89100.0,601,0.0,0.0
2024-06-25 10:45:00+09:00,89000.0,89000.0,89000.0,89000.0,2,0.0,0.0
2024-06-25 10:50:00+09:00,89000.0,89000.0,88900.0,89000.0,105,0.0,0.0
2024-06-25 10:55:00+09:00,88900.0,88900.0,88900.0,88900.0,1,0.0,0.0
2024-06-25 11:00:00+09:00,89000.0,89100.0,89000.0,89100.0,5,0.0,0.0
2024-06-25 11:05:00+09:00,88900.0,88900.0,88900.0,88900.0,1,0.0,0.0
2024-06-25 11:10:00+09:00,88900.0,88900.0,88900.0,88900.0,2,0.0,0.0
2024-06-25 11:20:00+09:00,88900.0,89100.0,88900.0,89100.0,57,0.0,0.0
2024-06-25 11:25:00+09:00,89100.0,89100.0,88900.0,88900.0,5,0.0,0.0
2024-06-25 11:30:00+09:00,88900.0,88900.0,88900.0,88900.0,102,0.0,0.0
2024-06-25 11:35:00+09:00,88900.0,88900.0,88900.0,88900.0,11,0.0,0.0
2024-06-25 11:40:00+09:00,89000.0,89000.0,88900.0,88900.0,27,0.0,0.0
2024-06-25 11:45:00+09:00,88900.0,88900.0,88800.0,88800.0,2,0.0,0.0
2024-06-25 11:55:00+09:00,88800.0,88900.0,88800.0,88900.0,47,0.0,0.0
2024-06-25 12:00:00+09:00,88900.0,88900.0,88900.0,88900.0,3,0.0,0.0
2024-06-25 12:05:00+09:00,89000.0,89000.0,89000.0,89000.0,5,0.0,0.0
2024-06-25 12:10:00+09:00,88900.0,89000.0,88900.0,89000.0,13,0.0,0.0
2024-06-25 12:15:00+09:00,88900.0,88900.0,88900.0,88900.0,2,0.0,0.0
2024-06-25 12:20:00+09:00,89000.0,89000.0,89000.0,89000.0,4,0.0,0.0
2024-06-25 12:25:00+09:00,88900.0,89000.0,88900.0,89000.0,6,0.0,0.0
2024-06-25 12:30:00+09:00,88900.0,88900.0,88900.0,88900.0,4,0.0,0.0
2024-06-25 12:35:00+09:00,88900.0,88900.0,88900.0,88900.0,12,0.0,0.0
2024-06-25 12:40:00+09:00,88900.0,89000.0,88900.0,89000.0,1,0.0,0.0
2024-06-25 12:45:00+09:00,88900.0,89000.0,88900.0,88900.0,34,0.0,0.0
2024-06-25 12:50:00+09:00,88900.0,89000.0,88900.0,89000.0,7,0.0,0.0
2024-06-25 12:55:00+09:00,88900.0,88900.0,88900.0,88900.0,0,0.0,0.0
2024-06-25 13:00:00+09:00,88900.0,89000.0,88900.0,88900.0,7,0.0,0.0
2024-06-25 13:05:00+09:00,89000.0,89000.0,88900.0,88900.0,7,0.0,0.0
2024-06-25 13:10:00+09:00,88900.0,88900.0,88900.0,88900.0,2,0.0,0.0
2024-06-25 13:15:00+09:00,88900.0,88900.0,88900.0,88900.0,139,0.0,0.0
2024-06-25 13:20:00+09:00,89000.0,89000.0,88900.0,88900.0,5,0.0,0.0
2024-06-25 13:30:00+09:00,88900.0,89000.0,88900.0,89000.0,3,0.0,0.0
2024-06-25 13:35:00+09:00,88900.0,88900.0,88900.0,88900.0,2,0.0,0.0
2024-06-25 13:40:00+09:00,88900.0,89000.0,88900.0,89000.0,71,0.0,0.0
2024-06-25 13:45:00+09:00,89100.0,89100.0,89000.0,89000.0,0,0.0,0.0
2024-06-25 13:50:00+09:00,89000.0,89000.0,89000.0,89000.0,23,0.0,0.0
2024-06-25 13:55:00+09:00,89000.0,89000.0,89000.0,89000.0,1,0.0,0.0
2024-06-25 14:00:00+09:00,89000.0,89000.0,89000.0,89000.0,1,0.0,0.0
2024-06-25 14:05:00+09:00,89000.0,89000.0,89000.0,89000.0,1,0.0,0.0
2024-06-25 14:10:00+09:00,89000.0,89100.0,89000.0,89100.0,58,0.0,0.0
2024-06-25 14:15:00+09:00,89000.0,89100.0,89000.0,89100.0,53,0.0,0.0
2024-06-25 14:20:00+09:00,89100.0,89100.0,89100.0,89100.0,0,0.0,0.0
2024-06-25 14:25:00+09:00,89000.0,89000.0,88900.0,88900.0,0,0.0,0.0
2024-06-25 14:30:00+09:00,88900.0,88900.0,88900.0,88900.0,11,0.0,0.0
2024-06-25 14:40:00+09:00,89000.0,89000.0,89000.0,89000.0,4,0.0,0.0
2024-06-25 14:45:00+09:00,88900.0,88900.0,88900.0,88900.0,7,0.0,0.0
2024-06-25 14:50:00+09:00,88900.0,89100.0,88900.0,89100.0,10,0.0,0.0
2024-06-25 14:55:00+09:00,88900.0,89100.0,88900.0,89100.0,45,0.0,0.0
2024-06-26 09:00:00+09:00,89300.0,89300.0,89200.0,89200.0,7,0.0,0.0
2024-06-26 09:05:00+09:00,89200.0,89200.0,89200.0,89200.0,28,0.0,0.0
2024-06-26 09:10:00+09:00,89200.0,89200.0,89200.0,89200.0,1,0.0,0.0
2024-06-26 09:15:00+09:00,89100.0,89200.0,89000.0,89200.0,69,0.0,0.0
2024-06-26 09:20:00+09:00,89100.0,89100.0,89100.0,89100.0,6,0.0,0.0
2024-06-26 09:25:00+09:00,89100.0,89100.0,89100.0,89100.0,13,0.0,0.0
2024-06-26 09:30:00+09:00,89200.0,89200.0,89200.0,89200.0,8,0.0,0.0
2024-06-26 09:35:00+09:00,89200.0,89300.0,89200.0,89300.0,4,0.0,0.0
2024-06-26 09:40:00+09:00,89300.0,89300.0,89300.0,89300.0,78,0.0,0.0
2024-06-26 09:45:00+09:00,89200.0,89400.0,89200.0,89400.0,0,0.0,0.0
2024-06-26 09:50:00+09:00,89400.0,89400.0,89400.0,89400.0,7,0.0,0.0
2024-06-26 09:55:00+09:00,89400.0,89400.0,89400.0,89400.0,11,0.0,0.0
2024-06-26 10:00:00+09:00,89400.0,89400.0,89400.0,89400.0,19,0.0,0.0
2024-06-26 10:05:00+09:00,89400.0,89500.0,89300.0,89300.0,9,0.0,0.0
2024-06-26 10:10:00+09:00,89400.0,89500.0,89400.0,89500.0,25,0.0,0.0
2024-06-26 10:15:00+09:00,89500.0,89500.0,89500.0,89500.0,0,0.0,0.0
2024-06-26 10:20:00+09:00,89300.0,89400.0,89300.0,89400.0,1,0.0,0.0
2024-06-26 10:25:00+09:00,89400.0,89400.0,89400.0,89400.0,6,0.0,0.0
2024-06-26 10:30:00+09:00,89400.0,89400.0,89400.0,89400.0,0,0.0,0.0
2024-06-26 10:35:00+09:00,89500.0,89500.0,89400.0,89400.0,27,0.0,0.0
2024-06-26 10:40:00+09:00,89500.0,89500.0,89500.0,89500.0,516,0.0,0.0
2024-06-26 10:45:00+09:00,89500.0,89600.0,89400.0,89400.0,0,0.0,0.0
2024-06-26 10:50:00+09:00,89600.0,89600.0,89600.0,89600.0,4,0.0,0.0
2024-06-26 10:55:00+09:00,89600.0,89600.0,89600.0,89600.0,6,0.0,0.0
2024-06-26 11:05:00+09:00,89400.0,89400.0,89400.0,89400.0,1,0.0,0.0
2024-06-26 11:10:00+09:00,89400.0,89600.0,89400.0,89600.0,15,0.0,0.0
2024-06-26 11:15:00+09:00,89600.0,89600.0,89500.0,89500.0,12,0.0,0.0
2024-06-26 11:20:00+09:00,89600.0,89600.0,89600.0,89600.0,6,0.0,0.0
2024-06-26 11:25:00+09:00,89500.0,89600.0,89500.0,89600.0,0,0.0,0.0
2024-06-26 11:35:00+09:00,89600.0,89600.0,89600.0,89600.0,10,0.0,0.0
2024-06-26 11:45:00+09:00,89500.0,89500.0,89500.0,89500.0,0,0.0,0.0
2024-06-26 11:50:00+09:00,89500.0,89500.0,89500.0,89500.0,17,0.0,0.0
2024-06-26 11:55:00+09:00,89600.0,89600.0,89500.0,89500.0,16,0.0,0.0
2024-06-26 12:00:00+09:00,89500.0,89500.0,89400.0,89400.0,2,0.0,0.0
2024-06-26 12:05:00+09:00,89500.0,89500.0,89500.0,89500.0,2,0.0,0.0
2024-06-26 12:15:00+09:00,89500.0,89500.0,89400.0,89500.0,34,0.0,0.0
2024-06-26 12:25:00+09:00,89500.0,89500.0,89500.0,89500.0,3,0.0,0.0
2024-06-26 12:30:00+09:00,89400.0,89400.0,89400.0,89400.0,2,0.0,0.0
2024-06-26 12:35:00+09:00,89500.0,89500.0,89500.0,89500.0,44,0.0,0.0
2024-06-26 12:40:00+09:00,89400.0,89400.0,89400.0,89400.0,0,0.0,0.0
2024-06-26 12:45:00+09:00,89400.0,89400.0,89400.0,89400.0,1,0.0,0.0
2024-06-26 13:05:00+09:00,89400.0,89400.0,89400.0,89400.0,0,0.0,0.0
2024-06-26 13:10:00+09:00,89400.0,89500.0,89400.0,89500.0,802,0.0,0.0
2024-06-26 13:15:00+09:00,89500.0,89500.0,89500.0,89500.0,2,0.0,0.0
2024-06-26 13:20:00+09:00,89500.0,89500.0,89500.0,89500.0,2,0.0,0.0
2024-06-26 13:25:00+09:00,89500.0,89500.0,89400.0,89400.0,4,0.0,0.0
2024-06-26 13:30:00+09:00,89400.0,89400.0,89400.0,89400.0,4,0.0,0.0
2024-06-26 13:35:00+09:00,89500.0,89500.0,89500.0,89500.0,31,0.0,0.0
2024-06-26 13:45:00+09:00,89500.0,89500.0,89400.0,89400.0,12,0.0,0.0
2024-06-26 13:55:00+09:00,89500.0,89500.0,89500.0,89500.0,10,0.0,0.0
2024-06-26 14:05:00+09:00,89500.0,89500.0,89400.0,89400.0,24,0.0,0.0
2024-06-26 14:10:00+09:00,89400.0,89400.0,89400.0,89400.0,0,0.0,0.0
2024-06-26 14:15:00+09:00,89500.0,89500.0,89400.0,89400.0,4,0.0,0.0
2024-06-26 14:20:00+09:00,89300.0,89500.0,89300.0,89500.0,170,0.0,0.0
2024-06-26 14:25:00+09:00,89500.0,89500.0,89500.0,89500.0,2,0.0,0.0
2024-06-26 14:30:00+09:00,89500.0,89500.0,89500.0,89500.0,50,0.0,0.0
2024-06-26 14:35:00+09:00,89500.0,89500.0,89500.0,89500.0,16,0.0,0.0
2024-06-26 14:40:00+09:00,89500.0,89500.0,89500.0,89500.0,0,0.0,0.0
2024-06-26 14:45:00+09:00,89300.0,89300.0,89300.0,89300.0,20,0.0,0.0
2024-06-26 14:50:00+09:00,89400.0,89400.0,89400.0,89400.0,10,0.0,0.0
2024-06-26 14:55:00+09:00,89400.0,89400.0,89400.0,89400.0,1,0.0,0.0
2024-06-27 09:00:00+09:00,89300.0,89300.0,88900.0,89000.0,44,0.0,0.0
2024-06-27 09:05:00+09:00,89300.0,89300.0,89000.0,89000.0,9,0.0,0.0
2024-06-27 09:10:00+09:00,89300.0,89300.0,89100.0,89100.0,10,0.0,0.0
2024-06-27 09:15:00+09:00,89200.0,89200.0,89200.0,89200.0,6,0.0,0.0
2024-06-27 09:20:00+09:00,89200.0,89200.0,89200.0,89200.0,15,0.0,0.0
2024-06-27 09:25:00+09:00,89200.0,89200.0,89200.0,89200.0,1,0.0,0.0
2024-06-27 09:30:00+09:00,89200.0,89200.0,89100.0,89200.0,4,0.0,0.0
2024-06-27 09:40:00+09:00,89200.0,89200.0,89200.0,89200.0,10,0.0,0.0
2024-06-27 09:50:00+09:00,89200.0,89200.0,89100.0,89100.0,2,0.0,0.0
2024-06-27 09:55:00+09:00,89100.0,89100.0,89100.0,89100.0,2,0.0,0.0
2024-06-27 10:00:00+09:00,89200.0,89300.0,89200.0,89300.0,11,0.0,0.0
2024-06-27 10:05:00+09:00,89300.0,89300.0,89300.0,89300.0,2,0.0,0.0
2024-06-27 10:20:00+09:00,89300.0,89400.0,89300.0,89400.0,68,0.0,0.0
2024-06-27 10:30:00+09:00,89400.0,89400.0,89400.0,89400.0,1,0.0,0.0
2024-06-27 10:35:00+09:00,89200.0,89200.0,89200.0,89200.0,4,0.0,0.0
2024-06-27 10:40:00+09:00,89400.0,89400.0,89400.0,89400.0,6,0.0,0.0
2024-06-27 11:00:00+09:00,89400.0,89400.0,89400.0,89400.0,2,0.0,0.0
2024-06-27 11:05:00+09:00,89200.0,89200.0,89100.0,89100.0,123,0.0,0.0
2024-06-27 11:10:00+09:00,89100.0,89100.0,89000.0,89000.0,123,0.0,0.0
2024-06-27 11:15:00+09:00,89000.0,89000.0,88800.0,88800.0,373,0.0,0.0
2024-06-27 11:20:00+09:00,88900.0,89100.0,88900.0,88900.0,46,0.0,0.0
2024-06-27 11:35:00+09:00,88900.0,89000.0,88800.0,89000.0,14,0.0,0.0
2024-06-27 11:40:00+09:00,89000.0,89000.0,89000.0,89000.0,6,0.0,0.0
2024-06-27 11:50:00+09:00,88800.0,88800.0,88800.0,88800.0,0,0.0,0.0
2024-06-27 11:55:00+09:00,88800.0,88800.0,88700.0,88700.0,31,0.0,0.0
2024-06-27 12:00:00+09:00,88900.0,88900.0,88700.0,88700.0,2,0.0,0.0
2024-06-27 12:05:00+09:00,88700.0,88700.0,88700.0,88700.0,1,0.0,0.0
2024-06-27 12:10:00+09:00,88700.0,88700.0,88700.0,88700.0,4,0.0,0.0
2024-06-27 12:15:00+09:00,88700.0,88800.0,88700.0,88800.0,6,0.0,0.0
2024-06-27 12:20:00+09:00,88800.0,88800.0,88800.0,88800.0,4,0.0,0.0
2024-06-27 12:25:00+09:00,88800.0,88800.0,88700.0,88700.0,5,0.0,0.0
2024-06-27 12:30:00+09:00,88900.0,88900.0,88900.0,88900.0,4,0.0,0.0
2024-06-27 12:35:00+09:00,88900.0,88900.0,88800.0,88800.0,12,0.0,0.0
2024-06-27 12:40:00+09:00,88700.0,89000.0,88700.0,89000.0,5,0.0,0.0
2024-06-27 12:45:00+09:00,89000.0,89000.0,88700.0,89000.0,15,0.0,0.0
2024-06-27 12:50:00+09:00,88800.0,88800.0,88800.0,88800.0,1,0.0,0.0
2024-06-27 13:00:00+09:00,89000.0,89100.0,89000.0,89100.0,73,0.0,0.0
2024-06-27 13:10:00+09:00,89100.0,89100.0,89100.0,89100.0,7,0.0,0.0
2024-06-27 13:15:00+09:00,88900.0,88900.0,88800.0,88800.0,15,0.0,0.0
2024-06-27 13:20:00+09:00,89100.0,89100.0,89100.0,89100.0,2,0.0,0.0
2024-06-27 13:30:00+09:00,88900.0,88900.0,88900.0,88900.0,3,0.0,0.0
2024-06-27 13:35:00+09:00,88900.0,88900.0,88900.0,88900.0,4,0.0,0.0
2024-06-27 13:40:00+09:00,88900.0,89100.0,88900.0,88900.0,13,0.0,0.0
2024-06-27 13:45:00+09:00,88900.0,88900.0,88900.0,88900.0,3,0.0,0.0
2024-06-27 13:50:00+09:00,88900.0,88900.0,88800.0,88800.0,0,0.0,0.0
2024-06-27 13:55:00+09:00,88800.0,88900.0,88800.0,88800.0,1149,0.0,0.0
2024-06-27 14:00:00+09:00,88800.0,88900.0,88800.0,88800.0,17,0.0,0.0
2024-06-27 14:05:00+09:00,88800.0,88900.0,88800.0,88800.0,28,0.0,0.0
2024-06-27 14:10:00+09:00,88800.0,88800.0,88800.0,88800.0,5,0.0,0.0
2024-06-27 14:15:00+09:00,88800.0,88900.0,88800.0,88900.0,6,0.0,0.0
2024-06-27 14:20:00+09:00,88800.0,88900.0,88800.0,88800.0,11,0.0,0.0
2024-06-27 14:25:00+09:00,88800.0,88800.0,88800.0,88800.0,5,0.0,0.0
2024-06-27 14:30:00+09:00,88800.0,88800.0,88800.0,88800.0,20,0.0,0.0
2024-06-27 14:35:00+09:00,88800.0,88900.0,88800.0,88900.0,0,0.0,0.0
2024-06-27 14:40:00+09:00,88900.0,88900.0,88900.0,88900.0,23,0.0,0.0
2024-06-27 14:45:00+09:00,89100.0,89100.0,89100.0,89100.0,8,0.0,0.0
2024-06-27 14:50:00+09:00,89100.0,89100.0,88900.0,88900.0,4,0.0,0.0
2024-06-27 14:55:00+09:00,89100.0,89100.0,88800.0,88800.0,13,0.0,0.0
2024-06-28 09:00:00+09:00,89400.0,89400.0,89300.0,89300.0,4,0.0,0.0
2024-06-28 09:05:00+09:00,89100.0,89300.0,89000.0,89300.0,20,0.0,0.0
2024-06-28 09:10:00+09:00,89300.0,89300.0,89300.0,89300.0,0,0.0,0.0
2024-06-28 09:15:00+09:00,89300.0,89300.0,89000.0,89000.0,19,0.0,0.0
2024-06-28 09:20:00+09:00,89100.0,89300.0,89000.0,89300.0,28,0.0,0.0
2024-06-28 09:25:00+09:00,89100.0,89300.0,89100.0,89300.0,1,0.0,0.0
2024-06-28 09:30:00+09:00,89300.0,89300.0,89300.0,89300.0,1,0.0,0.0
2024-06-28 09:35:00+09:00,89100.0,89200.0,89100.0,89200.0,4,0.0,0.0
2024-06-28 09:40:00+09:00,89200.0,89200.0,89200.0,89200.0,20,0.0,0.0
2024-06-28 09:45:00+09:00,89100.0,89200.0,89100.0,89200.0,0,0.0,0.0
2024-06-28 09:50:00+09:00,89200.0,89200.0,89100.0,89100.0,23,0.0,0.0
2024-06-28 09:55:00+09:00,89200.0,89200.0,89200.0,89200.0,2,0.0,0.0
2024-06-28 10:00:00+09:00,89200.0,89200.0,89000.0,89200.0,29,0.0,0.0
2024-06-28 10:05:00+09:00,89000.0,89000.0,89000.0,89000.0,1,0.0,0.0
2024-06-28 10:10:00+09:00,89000.0,89000.0,89000.0,89000.0,1,0.0,0.0
2024-06-28 10:15:00+09:00,89100.0,89100.0,89000.0,89000.0,4,0.0,0.0
2024-06-28 10:20:00+09:00,89200.0,89200.0,89200.0,89200.0,2,0.0,0.0
2024-06-28 10:25:00+09:00,89000.0,89000.0,89000.0,89000.0,0,0.0,0.0
2024-06-28 10:30:00+09:00,89100.0,89100.0,89100.0,89100.0,2,0.0,0.0
2024-06-28 10:35:00+09:00,89100.0,89100.0,89100.0,89100.0,29,0.0,0.0
2024-06-28 10:40:00+09:00,89200.0,89200.0,89200.0,89200.0,252,0.0,0.0
2024-06-28 10:45:00+09:00,89100.0,89200.0,89100.0,89200.0,0,0.0,0.0
2024-06-28 10:50:00+09:00,89200.0,89200.0,89200.0,89200.0,20,0.0,0.0
2024-06-28 10:55:00+09:00,89200.0,89300.0,89200.0,89300.0,3,0.0,0.0
2024-06-28 11:00:00+09:00,89300.0,89300.0,89300.0,89300.0,17,0.0,0.0
2024-06-28 11:05:00+09:00,89100.0,89200.0,89100.0,89200.0,10,0.0,0.0
2024-06-28 11:10:00+09:00,89300.0,89300.0,89300.0,89300.0,2,0.0,0.0
2024-06-28 11:20:00+09:00,89100.0,89100.0,89100.0,89100.0,7,0.0,0.0
2024-06-28 11:30:00+09:00,89100.0,89100.0,89100.0,89100.0,4,0.0,0.0
2024-06-28 11:35:00+09:00,89300.0,89300.0,89300.0,89300.0,84,0.0,0.0
2024-06-28 11:40:00+09:00,89300.0,89300.0,89300.0,89300.0,0,0.0,0.0
2024-06-28 11:55:00+09:00,89200.0,89200.0,89200.0,89200.0,2,0.0,0.0
2024-06-28 12:00:00+09:00,89200.0,89200.0,89200.0,89200.0,5,0.0,0.0
2024-06-28 12:05:00+09:00,89300.0,89300.0,89300.0,89300.0,16,0.0,0.0
2024-06-28 12:15:00+09:00,89200.0,89300.0,89200.0,89300.0,4,0.0,0.0
2024-06-28 12:20:00+09:00,89200.0,89200.0,89200.0,89200.0,41,0.0,0.0
2024-06-28 12:25:00+09:00,89200.0,89200.0,89200.0,89200.0,0,0.0,0.0
2024-06-28 12:30:00+09:00,89200.0,89300.0,89200.0,89200.0,5,0.0,0.0
2024-06-28 12:40:00+09:00,89200.0,89200.0,89200.0,89200.0,7,0.0,0.0
2024-06-28 12:45:00+09:00,89300.0,89300.0,89300.0,89300.0,0,0.0,0.0
2024-06-28 12:55:00+09:00,89200.0,89200.0,89200.0,89200.0,31,0.0,0.0
2024-06-28 13:05:00+09:00,89200.0,89200.0,89200.0,89200.0,1,0.0,0.0
2024-06-28 13:10:00+09:00,89200.0,89300.0,89200.0,89300.0,111,0.0,0.0
2024-06-28 13:20:00+09:00,89300.0,89300.0,89300.0,89300.0,0,0.0,0.0
2024-06-28 13:25:00+09:00,89200.0,89200.0,89200.0,89200.0,0,0.0,0.0
2024-06-28 13:35:00+09:00,89300.0,89300.0,89300.0,89300.0,3,0.0,0.0
2024-06-28 13:40:00+09:00,89200.0,89200.0,89200.0,89200.0,44,0.0,0.0
2024-06-28 13:45:00+09:00,89300.0,89500.0,89200.0,89500.0,1643,0.0,0.0
2024-06-28 13:50:00+09:00,89600.0,89600.0,89400.0,89400.0,0,0.0,0.0
2024-06-28 13:55:00+09:00,89600.0,89600.0,89600.0,89600.0,6,0.0,0.0
2024-06-28 14:00:00+09:00,89600.0,89700.0,89600.0,89700.0,7,0.0,0.0
2024-06-28 14:05:00+09:00,89400.0,89700.0,89400.0,89700.0,133,0.0,0.0
2024-06-28 14:10:00+09:00,89700.0,89700.0,89600.0,89700.0,0,0.0,0.0
2024-06-28 14:15:00+09:00,89600.0,89700.0,89600.0,89700.0,19,0.0,0.0
2024-06-28 14:20:00+09:00,89700.0,89700.0,89600.0,89600.0,18,0.0,0.0
2024-06-28 14:25:00+09:00,89600.0,89600.0,89600.0,89600.0,1,0.0,0.0
2024-06-28 14:30:00+09:00,89600.0,89700.0,89600.0,89700.0,5,0.0,0.0
2024-06-28 14:35:00+09:00,89700.0,89700.0,89700.0,89700.0,30,0.0,0.0
2024-06-28 14:40:00+09:00,89700.0,89700.0,89700.0,89700.0,48,0.0,0.0
2024-06-28 14:45:00+09:00,89600.0,89700.0,89600.0,89700.0,15,0.0,0.0
2024-06-28 14:50:00+09:00,89700.0,89700.0,89600.0,89600.0,52,0.0,0.0
2024-06-28 14:55:00+09:00,89600.0,89600.0,89600.0,89600.0,0,0.0,0.0
