Datetime,Open,High,Low,Close,Volume,Dividends,Stock Splits
2024-06-24 09:30:00-04:00,0.5799999833106995,0.609000027179718,0.5776000022888184,0.6065000295639038,33756,0.0,0.0
2024-06-24 09:31:00-04:00,0.636900007724762,0.6399000287055969,0.5699999928474426,0.5763000249862671,19055,0.0,0.0
2024-06-24 09:32:00-04:00,0.5738999843597412,0.5738999843597412,0.5699999928474426,0.5699999928474426,278,0.0,0.0
2024-06-24 09:34:00-04:00,0.5699999928474426,0.5699999928474426,0.5699999928474426,0.5699999928474426,2185,0.0,0.0
2024-06-24 09:37:00-04:00,0.5799999833106995,0.5799999833106995,0.5699999928474426,0.5699999928474426,1010,0.0,0.0
2024-06-24 09:38:00-04:00,0.564300000667572,0.5699999928474426,0.4699999988079071,0.5299999713897705,6359,0.0,0.0
2024-06-24 09:39:00-04:00,0.5600000023841858,0.5600000023841858,0.5,0.5,743,0.0,0.0
2024-06-24 09:43:00-04:00,0.5020999908447266,0.5020999908447266,0.5019999742507935,0.5019999742507935,574,0.0,0.0
2024-06-24 09:44:00-04:00,0.5598999857902527,0.5598999857902527,0.5598999857902527,0.5598999857902527,310,0.0,0.0
2024-06-24 09:45:00-04:00,0.5598999857902527,0.5598999857902527,0.5598999857902527,0.5598999857902527,1815,0.0,0.0
2024-06-24 09:46:00-04:00,0.5019999742507935,0.5019999742507935,0.5019999742507935,0.5019999742507935,220,0.0,0.0
2024-06-24 09:47:00-04:00,0.5019999742507935,0.5019999742507935,0.5019999742507935,0.5019999742507935,6001,0.0,0.0
2024-06-24 09:48:00-04:00,0.5019999742507935,0.5019999742507935,0.5019999742507935,0.5019999742507935,510,0.0,0.0
2024-06-24 09:50:00-04:00,0.5020999908447266,0.5020999908447266,0.5020999908447266,0.5020999908447266,192,0.0,0.0
2024-06-24 09:51:00-04:00,0.5598999857902527,0.5598999857902527,0.5598999857902527,0.5598999857902527,618,0.0,0.0
2024-06-24 09:57:00-04:00,0.5309500098228455,0.5309500098228455,0.5309500098228455,0.5309500098228455,100,0.0,0.0
2024-06-24 09:58:00-04:00,0.5350000262260437,0.5350000262260437,0.531000018119812,0.531000018119812,1175,0.0,0.0
2024-06-24 10:02:00-04:00,0.550000011920929,0.550000011920929,0.5450999736785889,0.5450999736785889,1009,0.0,0.0
2024-06-24 10:03:00-04:00,0.5475490093231201,0.5475490093231201,0.5232999920845032,0.5321999788284302,1020,0.0,0.0
2024-06-24 10:04:00-04:00,0.5101000070571899,0.5260000228881836,0.5101000070571899,0.5101000070571899,1561,0.0,0.0
2024-06-24 10:06:00-04:00,0.510200023651123,0.510200023651123,0.5101000070571899,0.5101000070571899,550,0.0,0.0
2024-06-24 10:08:00-04:00,0.5260000228881836,0.5260000228881836,0.5260000228881836,0.5260000228881836,5543,0.0,0.0
2024-06-24 10:14:00-04:00,0.5023000240325928,0.5023000240325928,0.5019999742507935,0.5019999742507935,5991,0.0,0.0
2024-06-24 10:15:00-04:00,0.5249999761581421,0.5249999761581421,0.5249999761581421,0.5249999761581421,5935,0.0,0.0
2024-06-24 10:17:00-04:00,0.5251500010490417,0.5251500010490417,0.5251500010490417,0.5251500010490417,300,0.0,0.0
2024-06-24 10:18:00-04:00,0.5400000214576721,0.5400000214576721,0.5400000214576721,0.5400000214576721,101,0.0,0.0
2024-06-24 10:20:00-04:00,0.5450999736785889,0.5490000247955322,0.5400000214576721,0.5400000214576721,5400,0.0,0.0
2024-06-24 10:24:00-04:00,0.5375000238418579,0.5375000238418579,0.5375000238418579,0.5375000238418579,200,0.0,0.0
2024-06-24 10:25:00-04:00,0.5375000238418579,0.5400999784469604,0.5375000238418579,0.5400999784469604,836,0.0,0.0
2024-06-24 10:26:00-04:00,0.5490000247955322,0.5490000247955322,0.5490000247955322,0.5490000247955322,108311,0.0,0.0
2024-06-24 10:28:00-04:00,0.5249999761581421,0.5250999927520752,0.5249999761581421,0.5249999761581421,4005,0.0,0.0
2024-06-24 10:29:00-04:00,0.5002999901771545,0.5002999901771545,0.5002999901771545,0.5002999901771545,918,0.0,0.0
2024-06-24 10:31:00-04:00,0.5099999904632568,0.5101000070571899,0.5099999904632568,0.5101000070571899,790,0.0,0.0
2024-06-24 10:37:00-04:00,0.5174999833106995,0.5249000191688538,0.5099999904632568,0.5099999904632568,9893,0.0,0.0
2024-06-24 10:39:00-04:00,0.5242000222206116,0.5242000222206116,0.5242000222206116,0.5242000222206116,811,0.0,0.0
2024-06-24 10:41:00-04:00,0.5174999833106995,0.5249999761581421,0.5174999833106995,0.5174999833106995,1209,0.0,0.0
2024-06-24 10:43:00-04:00,0.5174999833106995,0.5174999833106995,0.5099999904632568,0.5174999833106995,8907,0.0,0.0
2024-06-24 10:45:00-04:00,0.5199999809265137,0.5199999809265137,0.5199999809265137,0.5199999809265137,200,0.0,0.0
2024-06-24 10:46:00-04:00,0.5199999809265137,0.5199999809265137,0.5199999809265137,0.5199999809265137,502,0.0,0.0
2024-06-24 10:47:00-04:00,0.5199999809265137,0.5199999809265137,0.5199999809265137,0.5199999809265137,100,0.0,0.0
2024-06-24 10:48:00-04:00,0.5249000191688538,0.5249000191688538,0.5249000191688538,0.5249000191688538,502,0.0,0.0
2024-06-24 10:49:00-04:00,0.5199999809265137,0.5224999785423279,0.5199999809265137,0.5224999785423279,200,0.0,0.0
2024-06-24 10:50:00-04:00,0.5199999809265137,0.5199999809265137,0.5199999809265137,0.5199999809265137,6156,0.0,0.0
2024-06-24 10:51:00-04:00,0.5199999809265137,0.5199999809265137,0.5199999809265137,0.5199999809265137,100,0.0,0.0
2024-06-24 10:52:00-04:00,0.5199999809265137,0.5199999809265137,0.5199999809265137,0.5199999809265137,100,0.0,0.0
2024-06-24 10:54:00-04:00,0.5199999809265137,0.5199999809265137,0.5199999809265137,0.5199999809265137,100,0.0,0.0
2024-06-24 10:55:00-04:00,0.5199999809265137,0.5199999809265137,0.5199999809265137,0.5199999809265137,100,0.0,0.0
2024-06-24 10:56:00-04:00,0.5199999809265137,0.5199999809265137,0.5199999809265137,0.5199999809265137,100,0.0,0.0
2024-06-24 10:57:00-04:00,0.5199999809265137,0.5199999809265137,0.5199999809265137,0.5199999809265137,321,0.0,0.0
2024-06-24 11:00:00-04:00,0.5224000215530396,0.5224000215530396,0.5224000215530396,0.5224000215530396,1000,0.0,0.0
2024-06-24 11:05:00-04:00,0.5224000215530396,0.5249999761581421,0.5163999795913696,0.5249999761581421,3561,0.0,0.0
2024-06-24 11:06:00-04:00,0.5203999876976013,0.5203999876976013,0.5203999876976013,0.5203999876976013,100,0.0,0.0
2024-06-24 11:08:00-04:00,0.5203999876976013,0.5203999876976013,0.5203999876976013,0.5203999876976013,100,0.0,0.0
2024-06-24 11:09:00-04:00,0.5203999876976013,0.5203999876976013,0.5203999876976013,0.5203999876976013,100,0.0,0.0
2024-06-24 11:10:00-04:00,0.5203999876976013,0.5203999876976013,0.5203999876976013,0.5203999876976013,100,0.0,0.0
2024-06-24 11:11:00-04:00,0.5203999876976013,0.5203999876976013,0.5203999876976013,0.5203999876976013,100,0.0,0.0
2024-06-24 11:13:00-04:00,0.5203999876976013,0.5203999876976013,0.5203999876976013,0.5203999876976013,100,0.0,0.0
2024-06-24 11:14:00-04:00,0.5203999876976013,0.5203999876976013,0.5203999876976013,0.5203999876976013,100,0.0,0.0
2024-06-24 11:15:00-04:00,0.5203999876976013,0.5203999876976013,0.5203999876976013,0.5203999876976013,100,0.0,0.0
2024-06-24 11:16:00-04:00,0.5203999876976013,0.5203999876976013,0.5203999876976013,0.5203999876976013,100,0.0,0.0
2024-06-24 11:18:00-04:00,0.5203999876976013,0.5203999876976013,0.5203999876976013,0.5203999876976013,100,0.0,0.0
2024-06-24 11:19:00-04:00,0.5203999876976013,0.5203999876976013,0.5203999876976013,0.5203999876976013,100,0.0,0.0
2024-06-24 11:20:00-04:00,0.5203999876976013,0.5203999876976013,0.5203999876976013,0.5203999876976013,100,0.0,0.0
2024-06-24 11:21:00-04:00,0.5203999876976013,0.5203999876976013,0.5203999876976013,0.5203999876976013,100,0.0,0.0
2024-06-24 11:22:00-04:00,0.5204460024833679,0.5204460024833679,0.5204460024833679,0.5204460024833679,460,0.0,0.0
2024-06-24 11:23:00-04:00,0.5203999876976013,0.5203999876976013,0.5203999876976013,0.5203999876976013,112,0.0,0.0
2024-06-24 11:24:00-04:00,0.5203999876976013,0.5203999876976013,0.5203999876976013,0.5203999876976013,102,0.0,0.0
2024-06-24 11:25:00-04:00,0.5203999876976013,0.5203999876976013,0.5203999876976013,0.5203999876976013,100,0.0,0.0
2024-06-24 11:26:00-04:00,0.5203999876976013,0.5203999876976013,0.5203999876976013,0.5203999876976013,110,0.0,0.0
2024-06-24 11:27:00-04:00,0.5203999876976013,0.5203999876976013,0.5203999876976013,0.5203999876976013,654,0.0,0.0
2024-06-24 11:28:00-04:00,0.5203999876976013,0.5203999876976013,0.5203999876976013,0.5203999876976013,413,0.0,0.0
2024-06-24 11:32:00-04:00,0.5203999876976013,0.5203999876976013,0.5203999876976013,0.5203999876976013,1411,0.0,0.0
2024-06-24 11:33:00-04:00,0.5200999975204468,0.5203999876976013,0.5200999975204468,0.5202999711036682,1702,0.0,0.0
2024-06-24 11:34:00-04:00,0.5200999975204468,0.5200999975204468,0.5200999975204468,0.5200999975204468,100,0.0,0.0
2024-06-24 11:35:00-04:00,0.5202999711036682,0.5202999711036682,0.5200999975204468,0.5200999975204468,1800,0.0,0.0
2024-06-24 11:36:00-04:00,0.5202000141143799,0.5202000141143799,0.5200999975204468,0.5200999975204468,400,0.0,0.0
2024-06-24 11:38:00-04:00,0.5200999975204468,0.5200999975204468,0.5200999975204468,0.5200999975204468,100,0.0,0.0
2024-06-24 11:39:00-04:00,0.5200999975204468,0.5200999975204468,0.5200999975204468,0.5200999975204468,100,0.0,0.0
2024-06-24 11:40:00-04:00,0.5200999975204468,0.5200999975204468,0.5200999975204468,0.5200999975204468,100,0.0,0.0
2024-06-24 11:41:00-04:00,0.5200999975204468,0.5200999975204468,0.5200999975204468,0.5200999975204468,100,0.0,0.0
2024-06-24 11:43:00-04:00,0.5200999975204468,0.5200999975204468,0.5200999975204468,0.5200999975204468,120,0.0,0.0
2024-06-24 11:44:00-04:00,0.5200999975204468,0.5200999975204468,0.5200999975204468,0.5200999975204468,100,0.0,0.0
2024-06-24 11:45:00-04:00,0.5200999975204468,0.5200999975204468,0.5200999975204468,0.5200999975204468,100,0.0,0.0
2024-06-24 11:46:00-04:00,0.5200999975204468,0.5200999975204468,0.5200999975204468,0.5200999975204468,103,0.0,0.0
2024-06-24 11:48:00-04:00,0.5199999809265137,0.5199999809265137,0.5199999809265137,0.5199999809265137,300,0.0,0.0
2024-06-24 11:49:00-04:00,0.5199999809265137,0.5203199982643127,0.5199999809265137,0.5203199982643127,400,0.0,0.0
2024-06-24 11:50:00-04:00,0.5199999809265137,0.5199999809265137,0.5199999809265137,0.5199999809265137,100,0.0,0.0
2024-06-24 11:51:00-04:00,0.5199999809265137,0.5199999809265137,0.5199999809265137,0.5199999809265137,150,0.0,0.0
2024-06-24 11:53:00-04:00,0.5200999975204468,0.5200999975204468,0.5200999975204468,0.5200999975204468,100,0.0,0.0
2024-06-24 11:54:00-04:00,0.5199999809265137,0.5199999809265137,0.5199999809265137,0.5199999809265137,150,0.0,0.0
2024-06-24 11:55:00-04:00,0.5199999809265137,0.5199999809265137,0.5199999809265137,0.5199999809265137,103,0.0,0.0
2024-06-24 11:56:00-04:00,0.5199999809265137,0.5199999809265137,0.5199999809265137,0.5199999809265137,100,0.0,0.0
2024-06-24 11:58:00-04:00,0.5200999975204468,0.5200999975204468,0.5200999975204468,0.5200999975204468,201,0.0,0.0
2024-06-24 12:05:00-04:00,0.5200999975204468,0.5200999975204468,0.5200999975204468,0.5200999975204468,200,0.0,0.0
2024-06-24 12:06:00-04:00,0.5200999975204468,0.5200999975204468,0.5199999809265137,0.5199999809265137,1044,0.0,0.0
2024-06-24 12:07:00-04:00,0.5200999975204468,0.5200999975204468,0.5200999975204468,0.5200999975204468,300,0.0,0.0
2024-06-24 12:12:00-04:00,0.5199999809265137,0.5199999809265137,0.5199999809265137,0.5199999809265137,100,0.0,0.0
2024-06-24 12:14:00-04:00,0.5200999975204468,0.5200999975204468,0.5200999975204468,0.5200999975204468,100,0.0,0.0
2024-06-24 12:15:00-04:00,0.5200999975204468,0.5202999711036682,0.5200999975204468,0.520255982875824,3540,0.0,0.0
2024-06-24 12:16:00-04:00,0.5200999975204468,0.5200999975204468,0.5199999809265137,0.5199999809265137,14229,0.0,0.0
2024-06-24 12:17:00-04:00,0.5199999809265137,0.5199999809265137,0.5199999809265137,0.5199999809265137,1709,0.0,0.0
2024-06-24 12:19:00-04:00,0.5199999809265137,0.5199999809265137,0.5199999809265137,0.5199999809265137,100,0.0,0.0
2024-06-24 12:20:00-04:00,0.5199999809265137,0.5199999809265137,0.5199999809265137,0.5199999809265137,100,0.0,0.0
2024-06-24 12:21:00-04:00,0.5199999809265137,0.5199999809265137,0.5199999809265137,0.5199999809265137,100,0.0,0.0
2024-06-24 12:22:00-04:00,0.5200499892234802,0.5200499892234802,0.5199999809265137,0.5199999809265137,263,0.0,0.0
2024-06-24 12:23:00-04:00,0.5199999809265137,0.5199999809265137,0.5199999809265137,0.5199999809265137,1100,0.0,0.0
2024-06-24 12:24:00-04:00,0.5199999809265137,0.5199999809265137,0.5199999809265137,0.5199999809265137,2000,0.0,0.0
2024-06-24 12:25:00-04:00,0.5199999809265137,0.5199999809265137,0.5199999809265137,0.5199999809265137,100,0.0,0.0
2024-06-24 12:26:00-04:00,0.5199999809265137,0.5199999809265137,0.5199999809265137,0.5199999809265137,103,0.0,0.0
2024-06-24 12:27:00-04:00,0.5199999809265137,0.5199999809265137,0.5199999809265137,0.5199999809265137,100,0.0,0.0
2024-06-24 12:29:00-04:00,0.5199999809265137,0.5199999809265137,0.5199999809265137,0.5199999809265137,100,0.0,0.0
2024-06-24 12:30:00-04:00,0.5199999809265137,0.5199999809265137,0.5199999809265137,0.5199999809265137,100,0.0,0.0
2024-06-24 12:31:00-04:00,0.5199999809265137,0.5199999809265137,0.5199999809265137,0.5199999809265137,4440,0.0,0.0
2024-06-24 12:32:00-04:00,0.5199999809265137,0.5199999809265137,0.5199999809265137,0.5199999809265137,100,0.0,0.0
2024-06-24 12:34:00-04:00,0.5199999809265137,0.5199999809265137,0.5199999809265137,0.5199999809265137,100,0.0,0.0
2024-06-24 12:35:00-04:00,0.5199999809265137,0.5199999809265137,0.5199999809265137,0.5199999809265137,5100,0.0,0.0
2024-06-24 12:36:00-04:00,0.5199999809265137,0.5199999809265137,0.5199999809265137,0.5199999809265137,3796,0.0,0.0
2024-06-24 12:39:00-04:00,0.5199999809265137,0.5199999809265137,0.5199999809265137,0.5199999809265137,574,0.0,0.0
2024-06-24 12:47:00-04:00,0.5200499892234802,0.5200499892234802,0.5200499892234802,0.5200499892234802,192,0.0,0.0
2024-06-24 12:49:00-04:00,0.5200999975204468,0.5200999975204468,0.5200999975204468,0.5200999975204468,236,0.0,0.0
2024-06-24 12:50:00-04:00,0.5200999975204468,0.5200999975204468,0.5200999975204468,0.5200999975204468,109,0.0,0.0
2024-06-24 13:05:00-04:00,0.5200999975204468,0.5200999975204468,0.5200999975204468,0.5200999975204468,160,0.0,0.0
2024-06-24 13:08:00-04:00,0.5200999975204468,0.5203999876976013,0.5200999975204468,0.5203999876976013,4120,0.0,0.0
2024-06-24 13:14:00-04:00,0.5203999876976013,0.5203999876976013,0.5203999876976013,0.5203999876976013,194,0.0,0.0
2024-06-24 13:16:00-04:00,0.5203999876976013,0.5203999876976013,0.5203999876976013,0.5203999876976013,717,0.0,0.0
2024-06-24 13:29:00-04:00,0.5249999761581421,0.5249999761581421,0.5249999761581421,0.5249999761581421,733,0.0,0.0
2024-06-24 13:36:00-04:00,0.5227000117301941,0.5227000117301941,0.5227000117301941,0.5227000117301941,175,0.0,0.0
2024-06-24 13:57:00-04:00,0.5249999761581421,0.5335000157356262,0.5249999761581421,0.5335000157356262,717,0.0,0.0
2024-06-24 14:04:00-04:00,0.5227000117301941,0.5227000117301941,0.5227000117301941,0.5227000117301941,757,0.0,0.0
2024-06-24 14:17:00-04:00,0.5228000283241272,0.5228000283241272,0.5228000283241272,0.5228000283241272,223,0.0,0.0
2024-06-24 14:31:00-04:00,0.550000011920929,0.550000011920929,0.550000011920929,0.550000011920929,191,0.0,0.0
2024-06-24 14:33:00-04:00,0.5400009751319885,0.5400009751319885,0.5400009751319885,0.5400009751319885,994,0.0,0.0
2024-06-24 14:46:00-04:00,0.5400000214576721,0.5400000214576721,0.5400000214576721,0.5400000214576721,200,0.0,0.0
2024-06-24 15:02:00-04:00,0.5300999879837036,0.5305500030517578,0.5299999713897705,0.5299999713897705,455,0.0,0.0
2024-06-24 15:30:00-04:00,0.550000011920929,0.550000011920929,0.550000011920929,0.550000011920929,338,0.0,0.0
2024-06-24 15:36:00-04:00,0.5400000214576721,0.5400000214576721,0.5400000214576721,0.5400000214576721,232,0.0,0.0
2024-06-24 15:44:00-04:00,0.5300999879837036,0.5300999879837036,0.5199999809265137,0.5199999809265137,3016,0.0,0.0
2024-06-24 15:45:00-04:00,0.5286999940872192,0.5286999940872192,0.5199999809265137,0.5200999975204468,9344,0.0,0.0
2024-06-24 15:46:00-04:00,0.5199999809265137,0.5200999975204468,0.5199999809265137,0.5199999809265137,5004,0.0,0.0
2024-06-24 15:47:00-04:00,0.5199999809265137,0.5199999809265137,0.5199999809265137,0.5199999809265137,4408,0.0,0.0
2024-06-24 15:49:00-04:00,0.5199999809265137,0.5199999809265137,0.5199999809265137,0.5199999809265137,213,0.0,0.0
2024-06-24 15:53:00-04:00,0.5200999975204468,0.5200999975204468,0.5199999809265137,0.5200999975204468,1502,0.0,0.0
2024-06-24 15:59:00-04:00,0.5200999975204468,0.5200999975204468,0.5199999809265137,0.5199999809265137,805,0.0,0.0
2024-06-25 09:30:00-04:00,0.5099999904632568,0.519599974155426,0.5099999904632568,0.519599974155426,13240,0.0,0.0
2024-06-25 09:41:00-04:00,0.5099999904632568,0.5199999809265137,0.5099999904632568,0.5099999904632568,8212,0.0,0.0
2024-06-25 09:48:00-04:00,0.5099999904632568,0.5099999904632568,0.5099999904632568,0.5099999904632568,1180,0.0,0.0
2024-06-25 09:49:00-04:00,0.5001999735832214,0.5009999871253967,0.5001000165939331,0.5001000165939331,5359,0.0,0.0
2024-06-25 09:51:00-04:00,0.5001000165939331,0.5001000165939331,0.4999000132083893,0.5,6860,0.0,0.0
2024-06-25 09:52:00-04:00,0.5,0.5,0.5,0.5,427,0.0,0.0
2024-06-25 09:53:00-04:00,0.47999998927116394,0.48100000619888306,0.4699999988079071,0.4699999988079071,2195,0.0,0.0
2024-06-25 09:54:00-04:00,0.4602000117301941,0.4602000117301941,0.42800000309944153,0.42800000309944153,2742,0.0,0.0
2024-06-25 09:55:00-04:00,0.4300999939441681,0.44999998807907104,0.41999998688697815,0.4212999939918518,41442,0.0,0.0
2024-06-25 09:56:00-04:00,0.4350000023841858,0.4350000023841858,0.4212000072002411,0.43059998750686646,2029,0.0,0.0
2024-06-25 09:57:00-04:00,0.42010000348091125,0.42010000348091125,0.42010000348091125,0.42010000348091125,268,0.0,0.0
2024-06-25 10:01:00-04:00,0.44999998807907104,0.46000000834465027,0.44999998807907104,0.46000000834465027,716,0.0,0.0
2024-06-25 10:04:00-04:00,0.4724999964237213,0.4724999964237213,0.4724999964237213,0.4724999964237213,200,0.0,0.0
2024-06-25 10:05:00-04:00,0.4726000130176544,0.4726000130176544,0.4726000130176544,0.4726000130176544,108,0.0,0.0
2024-06-25 10:08:00-04:00,0.4724999964237213,0.4724999964237213,0.4724999964237213,0.4724999964237213,529,0.0,0.0
2024-06-25 10:09:00-04:00,0.4699999988079071,0.4699999988079071,0.4699999988079071,0.4699999988079071,496,0.0,0.0
2024-06-25 10:10:00-04:00,0.48500001430511475,0.49000000953674316,0.4699999988079071,0.4699999988079071,1261,0.0,0.0
2024-06-25 10:25:00-04:00,0.4750500023365021,0.4750500023365021,0.4750500023365021,0.4750500023365021,271,0.0,0.0
2024-06-25 10:28:00-04:00,0.49000000953674316,0.49000000953674316,0.49000000953674316,0.49000000953674316,3405,0.0,0.0
2024-06-25 10:29:00-04:00,0.4900999963283539,0.4900999963283539,0.4900999963283539,0.4900999963283539,121,0.0,0.0
2024-06-25 10:38:00-04:00,0.48716500401496887,0.48716500401496887,0.48716500401496887,0.48716500401496887,948,0.0,0.0
2024-06-25 11:13:00-04:00,0.48510000109672546,0.48510000109672546,0.4850499927997589,0.48510000109672546,1471,0.0,0.0
2024-06-25 11:24:00-04:00,0.5009999871253967,0.5009999871253967,0.5009999871253967,0.5009999871253967,1000,0.0,0.0
2024-06-25 11:28:00-04:00,0.49050000309944153,0.49050000309944153,0.49050000309944153,0.49050000309944153,142,0.0,0.0
2024-06-25 11:47:00-04:00,0.48500001430511475,0.48500001430511475,0.48500001430511475,0.48500001430511475,201,0.0,0.0
2024-06-25 11:54:00-04:00,0.4903999865055084,0.4903999865055084,0.4903999865055084,0.4903999865055084,267,0.0,0.0
2024-06-25 12:24:00-04:00,0.4902999997138977,0.4902999997138977,0.4902999997138977,0.4902999997138977,1766,0.0,0.0
2024-06-25 12:38:00-04:00,0.49000000953674316,0.49000000953674316,0.49000000953674316,0.49000000953674316,100,0.0,0.0
2024-06-25 12:39:00-04:00,0.49000000953674316,0.49000000953674316,0.49000000953674316,0.49000000953674316,303,0.0,0.0
2024-06-25 13:36:00-04:00,0.4943999946117401,0.4943999946117401,0.4943999946117401,0.4943999946117401,199,0.0,0.0
2024-06-25 13:41:00-04:00,0.4973999857902527,0.4973999857902527,0.4973999857902527,0.4973999857902527,100,0.0,0.0
2024-06-25 13:44:00-04:00,0.49729999899864197,0.49729999899864197,0.49729999899864197,0.49729999899864197,198,0.0,0.0
2024-06-25 13:58:00-04:00,0.49729999899864197,0.49729999899864197,0.49729999899864197,0.49729999899864197,139,0.0,0.0
2024-06-25 14:27:00-04:00,0.4950000047683716,0.4950000047683716,0.4950000047683716,0.4950000047683716,292,0.0,0.0
2024-06-25 14:30:00-04:00,0.4973999857902527,0.4984000027179718,0.4973999857902527,0.4984000027179718,444,0.0,0.0
2024-06-25 15:04:00-04:00,0.4950000047683716,0.4950000047683716,0.49000000953674316,0.4909999966621399,1466,0.0,0.0
2024-06-25 15:05:00-04:00,0.47999998927116394,0.47999998927116394,0.47999998927116394,0.47999998927116394,109,0.0,0.0
2024-06-25 15:16:00-04:00,0.47999998927116394,0.47999998927116394,0.4699999988079071,0.4699999988079071,15876,0.0,0.0
2024-06-25 15:36:00-04:00,0.4699999988079071,0.4699999988079071,0.4699999988079071,0.4699999988079071,5018,0.0,0.0
2024-06-25 15:37:00-04:00,0.4699999988079071,0.4699999988079071,0.4699999988079071,0.4699999988079071,247,0.0,0.0
2024-06-25 15:39:00-04:00,0.4699999988079071,0.4699999988079071,0.4683000147342682,0.4683000147342682,1913,0.0,0.0
2024-06-25 15:43:00-04:00,0.46004998683929443,0.460099995136261,0.45590001344680786,0.46000000834465027,4055,0.0,0.0
2024-06-25 15:44:00-04:00,0.45100000500679016,0.45100000500679016,0.44999998807907104,0.44999998807907104,5198,0.0,0.0
2024-06-25 15:45:00-04:00,0.45010000467300415,0.45010000467300415,0.4203000068664551,0.4203999936580658,5304,0.0,0.0
2024-06-25 15:46:00-04:00,0.4203999936580658,0.4203999936580658,0.4203999936580658,0.4203999936580658,1001,0.0,0.0
2024-06-25 15:47:00-04:00,0.4203999936580658,0.4203999936580658,0.4203000068664551,0.4203999936580658,6611,0.0,0.0
2024-06-25 15:49:00-04:00,0.4203999936580658,0.4203999936580658,0.4203000068664551,0.4203000068664551,1445,0.0,0.0
2024-06-25 15:52:00-04:00,0.43129900097846985,0.43129900097846985,0.43129900097846985,0.43129900097846985,231,0.0,0.0
2024-06-25 15:53:00-04:00,0.4203999936580658,0.43130001425743103,0.4203999936580658,0.43130001425743103,374,0.0,0.0
2024-06-25 15:54:00-04:00,0.43130001425743103,0.43130001425743103,0.43130001425743103,0.43130001425743103,174,0.0,0.0
2024-06-25 15:55:00-04:00,0.42829999327659607,0.42829999327659607,0.42829999327659607,0.42829999327659607,306,0.0,0.0
2024-06-25 15:56:00-04:00,0.4203999936580658,0.4203999936580658,0.4203999936580658,0.4203999936580658,304,0.0,0.0
2024-06-26 09:30:00-04:00,0.44999998807907104,0.44999998807907104,0.44999998807907104,0.44999998807907104,823,0.0,0.0
2024-06-26 09:50:00-04:00,0.4399999976158142,0.4399999976158142,0.4399999976158142,0.4399999976158142,105,0.0,0.0
2024-06-26 09:52:00-04:00,0.4456999897956848,0.4456999897956848,0.4456999897956848,0.4456999897956848,6086,0.0,0.0
2024-06-26 09:53:00-04:00,0.45989999175071716,0.45989999175071716,0.45989999175071716,0.45989999175071716,2521,0.0,0.0
2024-06-26 09:57:00-04:00,0.45899999141693115,0.45899999141693115,0.4456999897956848,0.4456999897956848,579,0.0,0.0
2024-06-26 10:05:00-04:00,0.45989900827407837,0.46000000834465027,0.455049991607666,0.46000000834465027,3389,0.0,0.0
2024-06-26 10:08:00-04:00,0.45010000467300415,0.45010000467300415,0.45010000467300415,0.45010000467300415,0,0.0,0.0
2024-06-26 10:11:00-04:00,0.45010000467300415,0.45010000467300415,0.44999998807907104,0.44999998807907104,16285,0.0,0.0
2024-06-26 10:23:00-04:00,0.44999998807907104,0.44999998807907104,0.44999998807907104,0.44999998807907104,206,0.0,0.0
2024-06-26 11:07:00-04:00,0.4544000029563904,0.4544000029563904,0.4544000029563904,0.4544000029563904,1004,0.0,0.0
2024-06-26 11:17:00-04:00,0.44999998807907104,0.44999998807907104,0.44999998807907104,0.44999998807907104,203,0.0,0.0
2024-06-26 11:31:00-04:00,0.43140000104904175,0.43140000104904175,0.4228000044822693,0.4228000044822693,12910,0.0,0.0
2024-06-26 11:53:00-04:00,0.4422000050544739,0.44225001335144043,0.4422000050544739,0.44225001335144043,459,0.0,0.0
2024-06-26 11:59:00-04:00,0.4422000050544739,0.4422000050544739,0.4422000050544739,0.4422000050544739,190,0.0,0.0
2024-06-26 12:32:00-04:00,0.4399999976158142,0.4399999976158142,0.4399999976158142,0.4399999976158142,200,0.0,0.0
2024-06-26 12:33:00-04:00,0.44725000858306885,0.44999998807907104,0.44725000858306885,0.44999998807907104,449,0.0,0.0
2024-06-26 13:37:00-04:00,0.4447999894618988,0.4447999894618988,0.4447999894618988,0.4447999894618988,264,0.0,0.0
2024-06-26 13:40:00-04:00,0.4544999897480011,0.4544999897480011,0.4422999918460846,0.44999998807907104,2958,0.0,0.0
2024-06-26 13:41:00-04:00,0.44999998807907104,0.44999998807907104,0.44999998807907104,0.44999998807907104,511,0.0,0.0
2024-06-26 14:11:00-04:00,0.4302999973297119,0.4302999973297119,0.4302999973297119,0.4302999973297119,157,0.0,0.0
2024-06-26 14:12:00-04:00,0.4302999973297119,0.4302999973297119,0.4302999973297119,0.4302999973297119,301,0.0,0.0
2024-06-26 14:26:00-04:00,0.44519999623298645,0.44999998807907104,0.44519999623298645,0.44999998807907104,3746,0.0,0.0
2024-06-26 15:43:00-04:00,0.4300000071525574,0.4300000071525574,0.4300000071525574,0.4300000071525574,1030,0.0,0.0
2024-06-26 15:49:00-04:00,0.4449999928474426,0.4449999928474426,0.4449999928474426,0.4449999928474426,283,0.0,0.0
2024-06-26 15:58:00-04:00,0.43290001153945923,0.43290001153945923,0.43140000104904175,0.43140000104904175,929,0.0,0.0
2024-06-26 15:59:00-04:00,0.43320000171661377,0.44600000977516174,0.43320000171661377,0.44600000977516174,395,0.0,0.0
2024-06-27 09:30:00-04:00,0.44999998807907104,0.44999998807907104,0.44999998807907104,0.44999998807907104,2793,0.0,0.0
2024-06-27 09:35:00-04:00,0.436599999666214,0.436599999666214,0.436599999666214,0.436599999666214,249,0.0,0.0
2024-06-27 10:04:00-04:00,0.4499000012874603,0.4499000012874603,0.4499000012874603,0.4499000012874603,326,0.0,0.0
2024-06-27 10:48:00-04:00,0.44999998807907104,0.44999998807907104,0.44999998807907104,0.44999998807907104,335,0.0,0.0
2024-06-27 10:50:00-04:00,0.4399999976158142,0.4406000077724457,0.4399999976158142,0.4406000077724457,382,0.0,0.0
2024-06-27 11:01:00-04:00,0.4453499913215637,0.45434999465942383,0.4453499913215637,0.45434999465942383,12746,0.0,0.0
2024-06-27 11:02:00-04:00,0.46000000834465027,0.46000000834465027,0.46000000834465027,0.46000000834465027,110,0.0,0.0
2024-06-27 11:04:00-04:00,0.4410000145435333,0.4410000145435333,0.4406000077724457,0.4406000077724457,1073,0.0,0.0
2024-06-27 11:16:00-04:00,0.45899999141693115,0.45989999175071716,0.45899999141693115,0.45989999175071716,200,0.0,0.0
2024-06-27 11:20:00-04:00,0.4309999942779541,0.4309999942779541,0.4309999942779541,0.4309999942779541,172,0.0,0.0
2024-06-27 11:21:00-04:00,0.4406000077724457,0.4406000077724457,0.4406000077724457,0.4406000077724457,659,0.0,0.0
2024-06-27 11:24:00-04:00,0.4410000145435333,0.4410000145435333,0.4410000145435333,0.4410000145435333,756,0.0,0.0
2024-06-27 11:51:00-04:00,0.4300999939441681,0.4300999939441681,0.4300999939441681,0.4300999939441681,230,0.0,0.0
2024-06-27 13:06:00-04:00,0.4399999976158142,0.4399999976158142,0.4399999976158142,0.4399999976158142,617,0.0,0.0
2024-06-27 13:08:00-04:00,0.45159998536109924,0.45159998536109924,0.45159998536109924,0.45159998536109924,100,0.0,0.0
2024-06-27 13:09:00-04:00,0.45159998536109924,0.45159998536109924,0.45159998536109924,0.45159998536109924,100,0.0,0.0
2024-06-27 13:16:00-04:00,0.4399999976158142,0.4399999976158142,0.4399999976158142,0.4399999976158142,1320,0.0,0.0
2024-06-27 13:32:00-04:00,0.4399999976158142,0.4399999976158142,0.4399999976158142,0.4399999976158142,697,0.0,0.0
2024-06-27 14:07:00-04:00,0.45840001106262207,0.45840001106262207,0.45840001106262207,0.45840001106262207,210,0.0,0.0
2024-06-27 14:29:00-04:00,0.45840001106262207,0.45840001106262207,0.44920000433921814,0.44920000433921814,2500,0.0,0.0
2024-06-27 14:31:00-04:00,0.4498000144958496,0.4498000144958496,0.4399999976158142,0.4399999976158142,7600,0.0,0.0
2024-06-27 14:32:00-04:00,0.45840001106262207,0.45840001106262207,0.4399999976158142,0.45680001378059387,27600,0.0,0.0
2024-06-27 14:33:00-04:00,0.44920000433921814,0.45840001106262207,0.4399999976158142,0.44920000433921814,43318,0.0,0.0
2024-06-27 14:34:00-04:00,0.44920000433921814,0.45980000495910645,0.44920000433921814,0.45980000495910645,14267,0.0,0.0
2024-06-27 14:35:00-04:00,0.4499000012874603,0.4758000075817108,0.4499000012874603,0.4749999940395355,11608,0.0,0.0
2024-06-27 14:36:00-04:00,0.46299999952316284,0.46299999952316284,0.46299999952316284,0.46299999952316284,5000,0.0,0.0
2024-06-27 14:37:00-04:00,0.4650000035762787,0.4650000035762787,0.4650000035762787,0.4650000035762787,637,0.0,0.0
2024-06-27 14:39:00-04:00,0.4650000035762787,0.4650000035762787,0.4650000035762787,0.4650000035762787,2101,0.0,0.0
2024-06-27 14:43:00-04:00,0.46299999952316284,0.46299999952316284,0.46299999952316284,0.46299999952316284,905,0.0,0.0
2024-06-27 15:03:00-04:00,0.48089998960494995,0.4880000054836273,0.48089998960494995,0.4814999997615814,2995,0.0,0.0
2024-06-27 15:05:00-04:00,0.5,0.5,0.46299999952316284,0.4814999997615814,7720,0.0,0.0
2024-06-27 15:06:00-04:00,0.46299999952316284,0.5,0.46299999952316284,0.5,6919,0.0,0.0
2024-06-27 15:08:00-04:00,0.4814999997615814,0.4814999997615814,0.4814999997615814,0.4814999997615814,225,0.0,0.0
2024-06-27 15:13:00-04:00,0.4876999855041504,0.4876999855041504,0.4876999855041504,0.4876999855041504,1000,0.0,0.0
2024-06-27 15:16:00-04:00,0.49000000953674316,0.49000000953674316,0.49000000953674316,0.49000000953674316,400,0.0,0.0
2024-06-27 15:20:00-04:00,0.4999000132083893,0.4999000132083893,0.46299999952316284,0.4999000132083893,4101,0.0,0.0
2024-06-27 15:21:00-04:00,0.4999000132083893,0.5,0.49000000953674316,0.49000000953674316,8892,0.0,0.0
2024-06-27 15:22:00-04:00,0.5094509720802307,0.5094509720802307,0.5094509720802307,0.5094509720802307,337,0.0,0.0
2024-06-27 15:33:00-04:00,0.5070000290870667,0.5070000290870667,0.4999000132083893,0.4999000132083893,1100,0.0,0.0
2024-06-27 15:36:00-04:00,0.5087000131607056,0.5184999704360962,0.5087000131607056,0.5153999924659729,6377,0.0,0.0
2024-06-27 15:37:00-04:00,0.5461000204086304,0.5461000204086304,0.4650000035762787,0.4657000005245209,18176,0.0,0.0
2024-06-27 15:38:00-04:00,0.503000020980835,0.527899980545044,0.503000020980835,0.5109000205993652,5305,0.0,0.0
2024-06-27 15:40:00-04:00,0.5109000205993652,0.5109000205993652,0.5109000205993652,0.5109000205993652,116,0.0,0.0
2024-06-27 15:41:00-04:00,0.510798990726471,0.510798990726471,0.510798990726471,0.510798990726471,250,0.0,0.0
2024-06-27 15:42:00-04:00,0.5077000260353088,0.510899007320404,0.47859999537467957,0.47859999537467957,5100,0.0,0.0
2024-06-27 15:43:00-04:00,0.5077000260353088,0.5077000260353088,0.47850000858306885,0.47850000858306885,3100,0.0,0.0
2024-06-27 15:48:00-04:00,0.5241000056266785,0.52920001745224,0.4788999855518341,0.4788999855518341,10100,0.0,0.0
2024-06-27 15:50:00-04:00,0.4800010025501251,0.4800010025501251,0.4800010025501251,0.4800010025501251,1008,0.0,0.0
2024-06-27 15:53:00-04:00,0.52920001745224,0.5302000045776367,0.52920001745224,0.5299999713897705,21391,0.0,0.0
2024-06-27 15:54:00-04:00,0.544700026512146,0.555899977684021,0.544700026512146,0.550000011920929,55872,0.0,0.0
2024-06-27 15:55:00-04:00,0.5009999871253967,0.5009999871253967,0.49900001287460327,0.49900001287460327,20100,0.0,0.0
2024-06-27 15:56:00-04:00,0.48899999260902405,0.49300000071525574,0.47999998927116394,0.47999998927116394,4533,0.0,0.0
2024-06-27 15:57:00-04:00,0.492000013589859,0.49300000071525574,0.492000013589859,0.49300000071525574,23472,0.0,0.0
2024-06-27 15:58:00-04:00,0.4909999966621399,0.4909999966621399,0.4702000021934509,0.47029998898506165,15320,0.0,0.0
2024-06-27 15:59:00-04:00,0.47099998593330383,0.47429999709129333,0.4000000059604645,0.40880000591278076,56404,0.0,0.0
2024-06-28 09:30:00-04:00,0.4699999988079071,0.4699999988079071,0.4699999988079071,0.4699999988079071,8542,0.0,0.0
2024-06-28 09:33:00-04:00,0.4699999988079071,0.4699999988079071,0.44999998807907104,0.44999998807907104,1206,0.0,0.0
2024-06-28 09:34:00-04:00,0.4530999958515167,0.4650000035762787,0.4530999958515167,0.46000000834465027,1385,0.0,0.0
2024-06-28 10:03:00-04:00,0.41999998688697815,0.41999998688697815,0.41999998688697815,0.41999998688697815,799,0.0,0.0
2024-06-28 10:04:00-04:00,0.4221999943256378,0.4221999943256378,0.41909998655319214,0.41909998655319214,9600,0.0,0.0
2024-06-28 10:05:00-04:00,0.4343000054359436,0.4343000054359436,0.41909998655319214,0.41909998655319214,468,0.0,0.0
2024-06-28 10:08:00-04:00,0.46000000834465027,0.46000000834465027,0.46000000834465027,0.46000000834465027,1503,0.0,0.0
2024-06-28 10:15:00-04:00,0.46000000834465027,0.46000000834465027,0.46000000834465027,0.46000000834465027,1066,0.0,0.0
2024-06-28 10:19:00-04:00,0.46000000834465027,0.46000000834465027,0.46000000834465027,0.46000000834465027,2173,0.0,0.0
2024-06-28 10:20:00-04:00,0.46000000834465027,0.46000000834465027,0.46000000834465027,0.46000000834465027,2000,0.0,0.0
2024-06-28 10:23:00-04:00,0.46000000834465027,0.46000000834465027,0.46000000834465027,0.46000000834465027,8105,0.0,0.0
2024-06-28 10:26:00-04:00,0.44020000100135803,0.44020000100135803,0.44020000100135803,0.44020000100135803,168,0.0,0.0
2024-06-28 10:30:00-04:00,0.4496999979019165,0.4496999979019165,0.4496999979019165,0.4496999979019165,9948,0.0,0.0
2024-06-28 10:31:00-04:00,0.4499000012874603,0.44999998807907104,0.4499000012874603,0.4499000012874603,1060,0.0,0.0
2024-06-28 10:32:00-04:00,0.44999998807907104,0.46000000834465027,0.4499000012874603,0.46000000834465027,15090,0.0,0.0
2024-06-28 10:33:00-04:00,0.4549500048160553,0.4549500048160553,0.4499000012874603,0.4499000012874603,8100,0.0,0.0
2024-06-28 10:34:00-04:00,0.46000000834465027,0.46000000834465027,0.46000000834465027,0.46000000834465027,4000,0.0,0.0
2024-06-28 10:36:00-04:00,0.4549500048160553,0.4625000059604645,0.4499000012874603,0.4625000059604645,35853,0.0,0.0
2024-06-28 10:37:00-04:00,0.4611999988555908,0.46720001101493835,0.4561989903450012,0.46720001101493835,7562,0.0,0.0
2024-06-28 10:40:00-04:00,0.46650001406669617,0.46650001406669617,0.46650001406669617,0.46650001406669617,201,0.0,0.0
2024-06-28 10:54:00-04:00,0.46000000834465027,0.46000000834465027,0.46000000834465027,0.46000000834465027,677,0.0,0.0
2024-06-28 10:55:00-04:00,0.46000000834465027,0.46000000834465027,0.46000000834465027,0.46000000834465027,729,0.0,0.0
2024-06-28 11:08:00-04:00,0.4666999876499176,0.4666999876499176,0.4666999876499176,0.4666999876499176,138,0.0,0.0
2024-06-28 11:10:00-04:00,0.48375099897384644,0.4973999857902527,0.48375099897384644,0.4973999857902527,5100,0.0,0.0
2024-06-28 11:12:00-04:00,0.49399998784065247,0.49399998784065247,0.49399998784065247,0.49399998784065247,10000,0.0,0.0
2024-06-28 11:13:00-04:00,0.49390000104904175,0.5,0.49390000104904175,0.49399998784065247,14121,0.0,0.0
2024-06-28 11:14:00-04:00,0.49799999594688416,0.5,0.49799999594688416,0.49799999594688416,12085,0.0,0.0
2024-06-28 11:26:00-04:00,0.49790000915527344,0.5,0.492000013589859,0.492000013589859,2434,0.0,0.0
2024-06-28 11:42:00-04:00,0.4749999940395355,0.49000000953674316,0.4749999940395355,0.49000000953674316,6000,0.0,0.0
2024-06-28 11:43:00-04:00,0.49000000953674316,0.49000000953674316,0.49000000953674316,0.49000000953674316,3000,0.0,0.0
2024-06-28 11:45:00-04:00,0.49000000953674316,0.49000000953674316,0.47200000286102295,0.49000000953674316,11000,0.0,0.0
2024-06-28 11:48:00-04:00,0.48989999294281006,0.48989999294281006,0.48989999294281006,0.48989999294281006,3000,0.0,0.0
2024-06-28 11:49:00-04:00,0.48989999294281006,0.5099999904632568,0.48989999294281006,0.5099999904632568,21910,0.0,0.0
2024-06-28 11:50:00-04:00,0.5,0.5,0.49790000915527344,0.49790000915527344,213023,0.0,0.0
2024-06-28 11:52:00-04:00,0.5,0.5,0.5,0.5,100,0.0,0.0
2024-06-28 11:53:00-04:00,0.5,0.5,0.5,0.5,300,0.0,0.0
2024-06-28 11:54:00-04:00,0.5,0.5,0.5,0.5,205,0.0,0.0
2024-06-28 11:56:00-04:00,0.5099999904632568,0.5099999904632568,0.5,0.5,2600,0.0,0.0
2024-06-28 11:57:00-04:00,0.5099499821662903,0.5099499821662903,0.4999000132083893,0.4999000132083893,320,0.0,0.0
2024-06-28 11:58:00-04:00,0.5196999907493591,0.5196999907493591,0.5196999907493591,0.5196999907493591,3008,0.0,0.0
2024-06-28 12:00:00-04:00,0.5,0.5,0.5,0.5,800,0.0,0.0
2024-06-28 12:01:00-04:00,0.5049999952316284,0.5049999952316284,0.5049999952316284,0.5049999952316284,201,0.0,0.0
2024-06-28 12:02:00-04:00,0.5,0.519599974155426,0.5,0.519599974155426,7200,0.0,0.0
2024-06-28 12:03:00-04:00,0.519599974155426,0.5400000214576721,0.5099999904632568,0.5199999809265137,53318,0.0,0.0
2024-06-28 12:08:00-04:00,0.5299999713897705,0.5400000214576721,0.5299999713897705,0.5400000214576721,40905,0.0,0.0
2024-06-28 12:10:00-04:00,0.5400000214576721,0.5400000214576721,0.5400000214576721,0.5400000214576721,360,0.0,0.0
2024-06-28 12:12:00-04:00,0.5372999906539917,0.5372999906539917,0.5372999906539917,0.5372999906539917,152,0.0,0.0
2024-06-28 12:16:00-04:00,0.5400000214576721,0.5400000214576721,0.5249999761581421,0.539900004863739,4709,0.0,0.0
2024-06-28 12:17:00-04:00,0.539900004863739,0.539900004863739,0.5249999761581421,0.5360000133514404,7449,0.0,0.0
2024-06-28 12:19:00-04:00,0.5494999885559082,0.5494999885559082,0.5425000190734863,0.5494999885559082,3168,0.0,0.0
2024-06-28 12:20:00-04:00,0.5494999885559082,0.5498999953269958,0.5494999885559082,0.5498999953269958,989,0.0,0.0
2024-06-28 12:21:00-04:00,0.5499500036239624,0.5499500036239624,0.5499500036239624,0.5499500036239624,600,0.0,0.0
2024-06-28 12:22:00-04:00,0.550000011920929,0.550000011920929,0.550000011920929,0.550000011920929,4316,0.0,0.0
2024-06-28 12:23:00-04:00,0.5498999953269958,0.5498999953269958,0.5498999953269958,0.5498999953269958,420,0.0,0.0
2024-06-28 12:25:00-04:00,0.5424489974975586,0.5498999953269958,0.5408999919891357,0.5435680150985718,20527,0.0,0.0
2024-06-28 12:27:00-04:00,0.535099983215332,0.535099983215332,0.535099983215332,0.535099983215332,1050,0.0,0.0
2024-06-28 12:28:00-04:00,0.5400000214576721,0.5400000214576721,0.5400000214576721,0.5400000214576721,156,0.0,0.0
2024-06-28 12:29:00-04:00,0.5400000214576721,0.5440000295639038,0.5400000214576721,0.5440000295639038,1700,0.0,0.0
2024-06-28 12:30:00-04:00,0.5400999784469604,0.5497999787330627,0.5400999784469604,0.5497999787330627,3730,0.0,0.0
2024-06-28 12:36:00-04:00,0.5400000214576721,0.5400000214576721,0.5400000214576721,0.5400000214576721,221,0.0,0.0
2024-06-28 12:37:00-04:00,0.5400000214576721,0.5410000085830688,0.5299999713897705,0.5299999713897705,2408,0.0,0.0
2024-06-28 12:39:00-04:00,0.548799991607666,0.5497999787330627,0.548799991607666,0.5497999787330627,1901,0.0,0.0
2024-06-28 12:42:00-04:00,0.5497999787330627,0.5497999787330627,0.5299999713897705,0.539900004863739,2913,0.0,0.0
2024-06-28 12:44:00-04:00,0.531000018119812,0.531000018119812,0.5299999713897705,0.5299999713897705,2132,0.0,0.0
2024-06-28 12:45:00-04:00,0.5299999713897705,0.5299999713897705,0.5101000070571899,0.5101000070571899,600,0.0,0.0
2024-06-28 12:46:00-04:00,0.5101000070571899,0.5101000070571899,0.5101000070571899,0.5101000070571899,500,0.0,0.0
2024-06-28 12:47:00-04:00,0.5210000276565552,0.5299000144004822,0.5099999904632568,0.5299000144004822,23098,0.0,0.0
2024-06-28 12:49:00-04:00,0.5289999842643738,0.5289999842643738,0.5199490189552307,0.5199490189552307,3200,0.0,0.0
2024-06-28 12:50:00-04:00,0.5286999940872192,0.5286999940872192,0.5286999940872192,0.5286999940872192,100,0.0,0.0
2024-06-28 12:51:00-04:00,0.5293999910354614,0.5299000144004822,0.5293999910354614,0.5296000242233276,1336,0.0,0.0
2024-06-28 12:53:00-04:00,0.529699981212616,0.529699981212616,0.5239999890327454,0.5239999890327454,4993,0.0,0.0
2024-06-28 12:54:00-04:00,0.5241000056266785,0.5268999934196472,0.5220000147819519,0.5239999890327454,5101,0.0,0.0
2024-06-28 12:55:00-04:00,0.5239999890327454,0.5239999890327454,0.5239999890327454,0.5239999890327454,568,0.0,0.0
2024-06-28 12:56:00-04:00,0.5199999809265137,0.5289999842643738,0.5199999809265137,0.5289999842643738,17580,0.0,0.0
2024-06-28 12:57:00-04:00,0.527999997138977,0.527999997138977,0.5199999809265137,0.5277990102767944,13312,0.0,0.0
2024-06-28 12:58:00-04:00,0.5275999903678894,0.5299000144004822,0.5275999903678894,0.5295000076293945,3719,0.0,0.0
2024-06-28 13:07:00-04:00,0.5299999713897705,0.5300999879837036,0.5299999713897705,0.5300999879837036,5371,0.0,0.0
2024-06-28 13:08:00-04:00,0.5393000245094299,0.5393000245094299,0.5386999845504761,0.5386999845504761,500,0.0,0.0
2024-06-28 13:09:00-04:00,0.539900004863739,0.539900004863739,0.539900004863739,0.539900004863739,946,0.0,0.0
2024-06-28 13:13:00-04:00,0.5397999882698059,0.5397999882698059,0.5397999882698059,0.5397999882698059,300,0.0,0.0
2024-06-28 13:18:00-04:00,0.539900004863739,0.539900004863739,0.539900004863739,0.539900004863739,451,0.0,0.0
2024-06-28 13:24:00-04:00,0.539900004863739,0.539900004863739,0.539900004863739,0.539900004863739,947,0.0,0.0
2024-06-28 13:30:00-04:00,0.539900004863739,0.539900004863739,0.539900004863739,0.539900004863739,713,0.0,0.0
2024-06-28 13:35:00-04:00,0.5220000147819519,0.5220000147819519,0.5220000147819519,0.5220000147819519,123,0.0,0.0
2024-06-28 13:37:00-04:00,0.5400000214576721,0.5400000214576721,0.5400000214576721,0.5400000214576721,100,0.0,0.0
2024-06-28 13:39:00-04:00,0.5398989915847778,0.5398989915847778,0.5398989915847778,0.5398989915847778,750,0.0,0.0
2024-06-28 13:40:00-04:00,0.5400000214576721,0.5400000214576721,0.5400000214576721,0.5400000214576721,101,0.0,0.0
2024-06-28 13:42:00-04:00,0.539900004863739,0.5498999953269958,0.5397999882698059,0.5498999953269958,6684,0.0,0.0
2024-06-28 13:43:00-04:00,0.550000011920929,0.5562999844551086,0.5499989986419678,0.5562999844551086,6785,0.0,0.0
2024-06-28 13:44:00-04:00,0.5615000128746033,0.5680999755859375,0.5615000128746033,0.5672000050544739,2701,0.0,0.0
2024-06-28 13:45:00-04:00,0.5690000057220459,0.5690000057220459,0.5672000050544739,0.5672000050544739,745,0.0,0.0
2024-06-28 13:46:00-04:00,0.553600013256073,0.553600013256073,0.553600013256073,0.553600013256073,852,0.0,0.0
2024-06-28 13:47:00-04:00,0.5670999884605408,0.5690000057220459,0.5670999884605408,0.5690000057220459,294,0.0,0.0
2024-06-28 13:48:00-04:00,0.5562999844551086,0.5562999844551086,0.5562999844551086,0.5562999844551086,170,0.0,0.0
2024-06-28 13:56:00-04:00,0.5450000166893005,0.5450000166893005,0.539900004863739,0.539900004863739,342,0.0,0.0
2024-06-28 14:00:00-04:00,0.5449000000953674,0.5449000000953674,0.5449000000953674,0.5449000000953674,501,0.0,0.0
2024-06-28 14:02:00-04:00,0.5400000214576721,0.5476009845733643,0.539900004863739,0.5476009845733643,1721,0.0,0.0
2024-06-28 14:03:00-04:00,0.5489000082015991,0.550000011920929,0.548799991607666,0.550000011920929,2940,0.0,0.0
2024-06-28 14:04:00-04:00,0.5586000084877014,0.5690000057220459,0.5468999743461609,0.5468999743461609,11892,0.0,0.0
2024-06-28 14:05:00-04:00,0.5525000095367432,0.5608000159263611,0.5199999809265137,0.5199999809265137,24600,0.0,0.0
2024-06-28 14:06:00-04:00,0.5351499915122986,0.5425000190734863,0.5199999809265137,0.5379999876022339,14030,0.0,0.0
2024-06-28 14:17:00-04:00,0.5494999885559082,0.550000011920929,0.5494999885559082,0.550000011920929,400,0.0,0.0
2024-06-28 14:18:00-04:00,0.5494499802589417,0.5498999953269958,0.5490000247955322,0.5498999953269958,2604,0.0,0.0
2024-06-28 14:19:00-04:00,0.5649999976158142,0.5649999976158142,0.5649999976158142,0.5649999976158142,196,0.0,0.0
2024-06-28 14:20:00-04:00,0.5625,0.5625,0.5600000023841858,0.5600000023841858,1500,0.0,0.0
2024-06-28 14:21:00-04:00,0.564998984336853,0.564998984336853,0.564998984336853,0.564998984336853,700,0.0,0.0
2024-06-28 14:24:00-04:00,0.550000011920929,0.5575000047683716,0.550000011920929,0.5575000047683716,11878,0.0,0.0
2024-06-28 14:25:00-04:00,0.550000011920929,0.550000011920929,0.550000011920929,0.550000011920929,17826,0.0,0.0
2024-06-28 14:31:00-04:00,0.550000011920929,0.5774999856948853,0.550000011920929,0.5774999856948853,36887,0.0,0.0
2024-06-28 14:32:00-04:00,0.579800009727478,0.6000000238418579,0.579800009727478,0.6000000238418579,26413,0.0,0.0
2024-06-28 14:33:00-04:00,0.5800999999046326,0.5800999999046326,0.5800999999046326,0.5800999999046326,1977,0.0,0.0
2024-06-28 14:39:00-04:00,0.589900016784668,0.6118999719619751,0.589900016784668,0.6118999719619751,19587,0.0,0.0
2024-06-28 14:40:00-04:00,0.6118999719619751,0.6399999856948853,0.6000000238418579,0.6100000143051147,11572,0.0,0.0
2024-06-28 14:41:00-04:00,0.6111000180244446,0.6366000175476074,0.6111000180244446,0.6111000180244446,10533,0.0,0.0
2024-06-28 14:42:00-04:00,0.6200000047683716,0.6209999918937683,0.6200000047683716,0.6201000213623047,2261,0.0,0.0
2024-06-28 14:43:00-04:00,0.6209999918937683,0.6209999918937683,0.6209999918937683,0.6209999918937683,1434,0.0,0.0
2024-06-28 14:44:00-04:00,0.6299999952316284,0.6299999952316284,0.6269999742507935,0.6299999952316284,4799,0.0,0.0
2024-06-28 14:45:00-04:00,0.636900007724762,0.636900007724762,0.636900007724762,0.636900007724762,317,0.0,0.0
2024-06-28 14:47:00-04:00,0.6389999985694885,0.6389999985694885,0.6173999905586243,0.6173999905586243,5321,0.0,0.0
2024-06-28 14:48:00-04:00,0.6200000047683716,0.6200000047683716,0.6194999814033508,0.6194999814033508,1160,0.0,0.0
2024-06-28 14:49:00-04:00,0.6399000287055969,0.6399999856948853,0.6399000287055969,0.6399999856948853,2322,0.0,0.0
2024-06-28 14:50:00-04:00,0.6195999979972839,0.699999988079071,0.6194999814033508,0.6998999714851379,27415,0.0,0.0
2024-06-28 14:51:00-04:00,0.699999988079071,0.7335000038146973,0.6825000047683716,0.7001000046730042,52250,0.0,0.0
2024-06-28 14:52:00-04:00,0.7047989964485168,0.7664999961853027,0.7047989964485168,0.7267000079154968,74685,0.0,0.0
2024-06-28 14:53:00-04:00,0.7267000079154968,0.75,0.7265999913215637,0.7282999753952026,107741,0.0,0.0
2024-06-28 14:54:00-04:00,0.7271999716758728,0.7271999716758728,0.7269999980926514,0.7271000146865845,47928,0.0,0.0
2024-06-28 14:55:00-04:00,0.7271000146865845,0.75,0.6549999713897705,0.7124000191688538,154017,0.0,0.0
2024-06-28 14:56:00-04:00,0.7042999863624573,0.7350000143051147,0.6899999976158142,0.7239000201225281,61105,0.0,0.0
2024-06-28 14:57:00-04:00,0.7200999855995178,0.7235000133514404,0.7107999920845032,0.7200000286102295,12856,0.0,0.0
2024-06-28 14:58:00-04:00,0.7236999869346619,0.7275000214576721,0.7200000286102295,0.7200999855995178,36471,0.0,0.0
2024-06-28 14:59:00-04:00,0.7200499773025513,0.7200999855995178,0.7200000286102295,0.7200000286102295,21742,0.0,0.0
2024-06-28 15:00:00-04:00,0.7200000286102295,0.734000027179718,0.6899999976158142,0.7001000046730042,40917,0.0,0.0
2024-06-28 15:01:00-04:00,0.6959310173988342,0.7099999785423279,0.6959310173988342,0.6959310173988342,7420,0.0,0.0
2024-06-28 15:02:00-04:00,0.6974999904632568,0.735450029373169,0.6899999976158142,0.735450029373169,36867,0.0,0.0
2024-06-28 15:03:00-04:00,0.7394999861717224,0.7890999913215637,0.735450029373169,0.777400016784668,61648,0.0,0.0
2024-06-28 15:04:00-04:00,0.7746000289916992,0.8852999806404114,0.7746000289916992,0.8852999806404114,160858,0.0,0.0
2024-06-28 15:05:00-04:00,0.9300000071525574,0.9300000071525574,0.8801000118255615,0.9300000071525574,1675535,0.0,0.0
2024-06-28 15:10:00-04:00,0.9301000237464905,0.9800000190734863,0.9300000071525574,0.9301000237464905,340672,0.0,0.0
2024-06-28 15:11:00-04:00,0.9300000071525574,0.9301000237464905,0.8100000023841858,0.8442999720573425,344783,0.0,0.0
2024-06-28 15:12:00-04:00,0.844290018081665,0.8559100031852722,0.7799999713897705,0.8101000189781189,247129,0.0,0.0
2024-06-28 15:13:00-04:00,0.8198999762535095,0.8198999762535095,0.7950000166893005,0.8190000057220459,97834,0.0,0.0
2024-06-28 15:14:00-04:00,0.8112000226974487,0.8292999863624573,0.8001999855041504,0.8153749704360962,127540,0.0,0.0
2024-06-28 15:15:00-04:00,0.8252000212669373,0.8252000212669373,0.8004999756813049,0.823199987411499,89202,0.0,0.0
2024-06-28 15:16:00-04:00,0.8201500177383423,0.8203999996185303,0.7699999809265137,0.800000011920929,93110,0.0,0.0
2024-06-28 15:17:00-04:00,0.800000011920929,0.8001999855041504,0.7501999735832214,0.7599999904632568,101391,0.0,0.0
2024-06-28 15:18:00-04:00,0.7580999732017517,0.7599999904632568,0.718999981880188,0.718999981880188,106397,0.0,0.0
2024-06-28 15:19:00-04:00,0.7139999866485596,0.7300000190734863,0.7009999752044678,0.7299000024795532,115300,0.0,0.0
2024-06-28 15:20:00-04:00,0.7297999858856201,0.7300999760627747,0.7200999855995178,0.7202000021934509,36370,0.0,0.0
2024-06-28 15:21:00-04:00,0.720300018787384,0.7206060290336609,0.7120000123977661,0.7120000123977661,16381,0.0,0.0
2024-06-28 15:22:00-04:00,0.7120000123977661,0.7121000289916992,0.6425999999046326,0.6492999792098999,141987,0.0,0.0
2024-06-28 15:23:00-04:00,0.6492999792098999,0.6499999761581421,0.6200000047683716,0.6209999918937683,74383,0.0,0.0
2024-06-28 15:24:00-04:00,0.6205999851226807,0.6952999830245972,0.6205999851226807,0.6952999830245972,115714,0.0,0.0
2024-06-28 15:25:00-04:00,0.6707929968833923,0.6898999810218811,0.6200000047683716,0.6658999919891357,54782,0.0,0.0
2024-06-28 15:26:00-04:00,0.6330000162124634,0.6802999973297119,0.6330000162124634,0.6802999973297119,26191,0.0,0.0
2024-06-28 15:27:00-04:00,0.6888999938964844,0.6888999938964844,0.6334999799728394,0.641700029373169,15763,0.0,0.0
2024-06-28 15:28:00-04:00,0.6499999761581421,0.6499999761581421,0.6399999856948853,0.6449999809265137,5791,0.0,0.0
2024-06-28 15:29:00-04:00,0.6449999809265137,0.6449999809265137,0.6359999775886536,0.6449999809265137,22319,0.0,0.0
2024-06-28 15:30:00-04:00,0.6449999809265137,0.6796000003814697,0.6399999856948853,0.6796000003814697,17759,0.0,0.0
2024-06-28 15:31:00-04:00,0.6798999905586243,0.6798999905586243,0.6499999761581421,0.6773999929428101,13798,0.0,0.0
2024-06-28 15:32:00-04:00,0.677299976348877,0.6773999929428101,0.6682000160217285,0.6766999959945679,11748,0.0,0.0
2024-06-28 15:33:00-04:00,0.6766999959945679,0.6868000030517578,0.6741489768028259,0.6741489768028259,46324,0.0,0.0
2024-06-28 15:34:00-04:00,0.6800000071525574,0.6868000030517578,0.6798999905586243,0.6798999905586243,12968,0.0,0.0
2024-06-28 15:35:00-04:00,0.6845999956130981,0.6847000122070312,0.6337000131607056,0.6847000122070312,25532,0.0,0.0
2024-06-28 15:36:00-04:00,0.6815999746322632,0.6815999746322632,0.6449999809265137,0.6585999727249146,2575,0.0,0.0
2024-06-28 15:37:00-04:00,0.6449999809265137,0.659500002861023,0.6299999952316284,0.6313999891281128,19345,0.0,0.0
2024-06-28 15:38:00-04:00,0.6315000057220459,0.6800000071525574,0.6312999725341797,0.6721000075340271,34617,0.0,0.0
2024-06-28 15:39:00-04:00,0.6560999751091003,0.6560999751091003,0.6335999965667725,0.6349999904632568,18992,0.0,0.0
2024-06-28 15:40:00-04:00,0.6488000154495239,0.6499999761581421,0.6010000109672546,0.6304000020027161,28017,0.0,0.0
2024-06-28 15:41:00-04:00,0.6488990187644958,0.6488990187644958,0.6157000064849854,0.6359000205993652,3290,0.0,0.0
2024-06-28 15:42:00-04:00,0.6287999749183655,0.6359000205993652,0.6263999938964844,0.6263999938964844,10354,0.0,0.0
2024-06-28 15:43:00-04:00,0.6262999773025513,0.6262999773025513,0.6233000159263611,0.6259999871253967,4821,0.0,0.0
2024-06-28 15:44:00-04:00,0.6255999803543091,0.6255999803543091,0.6251000165939331,0.6251000165939331,6791,0.0,0.0
2024-06-28 15:45:00-04:00,0.6251000165939331,0.6251000165939331,0.6050000190734863,0.6050000190734863,17600,0.0,0.0
2024-06-28 15:46:00-04:00,0.6150000095367432,0.6200000047683716,0.6150000095367432,0.6200000047683716,4126,0.0,0.0
2024-06-28 15:47:00-04:00,0.6248999834060669,0.6248999834060669,0.6224499940872192,0.6248999834060669,2538,0.0,0.0
2024-06-28 15:48:00-04:00,0.6251000165939331,0.6251000165939331,0.6237000226974487,0.6237000226974487,4179,0.0,0.0
2024-06-28 15:49:00-04:00,0.6200000047683716,0.6200000047683716,0.6150000095367432,0.6171010136604309,8772,0.0,0.0
2024-06-28 15:50:00-04:00,0.6150000095367432,0.6171000003814697,0.6010000109672546,0.6010000109672546,4466,0.0,0.0
2024-06-28 15:51:00-04:00,0.6011999845504761,0.6097999811172485,0.6000000238418579,0.6018000245094299,20231,0.0,0.0
2024-06-28 15:52:00-04:00,0.6015210151672363,0.6015210151672363,0.6000000238418579,0.6000000238418579,42398,0.0,0.0
2024-06-28 15:53:00-04:00,0.6000000238418579,0.6000999808311462,0.6000000238418579,0.6000000238418579,8736,0.0,0.0
2024-06-28 15:54:00-04:00,0.6000000238418579,0.6000499725341797,0.6000000238418579,0.6000000238418579,1722,0.0,0.0
2024-06-28 15:55:00-04:00,0.6000000238418579,0.6000999808311462,0.6000000238418579,0.6000499725341797,21900,0.0,0.0
2024-06-28 15:56:00-04:00,0.6000999808311462,0.6000999808311462,0.6000000238418579,0.6000000238418579,24315,0.0,0.0
2024-06-28 15:57:00-04:00,0.5906999707221985,0.6302000284194946,0.5799999833106995,0.6000000238418579,29790,0.0,0.0
2024-06-28 15:58:00-04:00,0.6000000238418579,0.6380000114440918,0.5809999704360962,0.5877000093460083,7792,0.0,0.0
2024-06-28 15:59:00-04:00,0.5810499787330627,0.6007999777793884,0.5810499787330627,0.6007999777793884,9238,0.0,0.0
