Datetime,Open,High,Low,Close,Volume,Dividends,Stock Splits
2024-10-14 09:00:00+09:00,7820.0,7820.0,7820.0,7820.0,0,0.0,0.0
2024-10-14 09:01:00+09:00,7820.0,7820.0,7820.0,7820.0,87,0.0,0.0
2024-10-14 09:02:00+09:00,7820.0,7850.0,7820.0,7850.0,0,0.0,0.0
2024-10-14 09:04:00+09:00,7820.0,7820.0,7820.0,7820.0,166,0.0,0.0
2024-10-14 09:05:00+09:00,7810.0,7810.0,7800.0,7800.0,302,0.0,0.0
2024-10-14 09:06:00+09:00,7790.0,7790.0,7780.0,7780.0,275,0.0,0.0
2024-10-14 09:07:00+09:00,7800.0,7810.0,7800.0,7810.0,77,0.0,0.0
2024-10-14 09:09:00+09:00,7810.0,7810.0,7810.0,7810.0,6,0.0,0.0
2024-10-14 09:10:00+09:00,7810.0,7810.0,7800.0,7800.0,460,0.0,0.0
2024-10-14 09:12:00+09:00,7810.0,7850.0,7810.0,7820.0,0,0.0,0.0
2024-10-14 09:13:00+09:00,7830.0,7830.0,7830.0,7830.0,3,0.0,0.0
2024-10-14 09:15:00+09:00,7830.0,7830.0,7830.0,7830.0,15,0.0,0.0
2024-10-14 09:16:00+09:00,7850.0,7850.0,7850.0,7850.0,274,0.0,0.0
2024-10-14 09:18:00+09:00,7850.0,7850.0,7850.0,7850.0,0,0.0,0.0
2024-10-14 09:19:00+09:00,7850.0,7850.0,7850.0,7850.0,238,0.0,0.0
2024-10-14 09:20:00+09:00,7860.0,7870.0,7860.0,7870.0,197,0.0,0.0
2024-10-14 09:21:00+09:00,7870.0,7890.0,7870.0,7890.0,516,0.0,0.0
2024-10-14 09:22:00+09:00,7900.0,7920.0,7900.0,7920.0,540,0.0,0.0
2024-10-14 09:24:00+09:00,7920.0,7940.0,7920.0,7940.0,470,0.0,0.0
2024-10-14 09:25:00+09:00,7950.0,7950.0,7950.0,7950.0,202,0.0,0.0
2024-10-14 09:26:00+09:00,7950.0,7960.0,7950.0,7960.0,449,0.0,0.0
2024-10-14 09:27:00+09:00,7960.0,7960.0,7950.0,7950.0,261,0.0,0.0
2024-10-14 09:28:00+09:00,7950.0,7950.0,7950.0,7950.0,0,0.0,0.0
2024-10-14 09:29:00+09:00,7950.0,7950.0,7930.0,7930.0,109,0.0,0.0
2024-10-14 09:30:00+09:00,7950.0,7950.0,7950.0,7950.0,0,0.0,0.0
2024-10-14 09:31:00+09:00,7940.0,7980.0,7940.0,7980.0,739,0.0,0.0
2024-10-14 09:32:00+09:00,7990.0,8000.0,7990.0,7990.0,1260,0.0,0.0
2024-10-14 09:33:00+09:00,7990.0,7990.0,7940.0,7940.0,303,0.0,0.0
2024-10-14 09:35:00+09:00,7980.0,8000.0,7980.0,8000.0,11,0.0,0.0
2024-10-14 09:36:00+09:00,7980.0,7990.0,7980.0,7990.0,199,0.0,0.0
2024-10-14 09:38:00+09:00,7950.0,7950.0,7940.0,7940.0,19,0.0,0.0
2024-10-14 09:40:00+09:00,7950.0,7950.0,7950.0,7950.0,189,0.0,0.0
2024-10-14 09:41:00+09:00,7950.0,7950.0,7950.0,7950.0,63,0.0,0.0
2024-10-14 09:43:00+09:00,7950.0,7950.0,7940.0,7940.0,346,0.0,0.0
2024-10-14 09:44:00+09:00,7970.0,7970.0,7970.0,7970.0,92,0.0,0.0
2024-10-14 09:45:00+09:00,7980.0,7990.0,7980.0,7990.0,866,0.0,0.0
2024-10-14 09:46:00+09:00,7990.0,7990.0,7990.0,7990.0,5,0.0,0.0
2024-10-14 09:47:00+09:00,7990.0,7990.0,7990.0,7990.0,1,0.0,0.0
2024-10-14 09:48:00+09:00,7990.0,7990.0,7990.0,7990.0,301,0.0,0.0
2024-10-14 09:51:00+09:00,7960.0,7960.0,7960.0,7960.0,1,0.0,0.0
2024-10-14 09:52:00+09:00,7990.0,7990.0,7990.0,7990.0,0,0.0,0.0
2024-10-14 09:53:00+09:00,7990.0,7990.0,7990.0,7990.0,200,0.0,0.0
2024-10-14 09:54:00+09:00,7990.0,7990.0,7990.0,7990.0,0,0.0,0.0
2024-10-14 09:55:00+09:00,7990.0,7990.0,7990.0,7990.0,0,0.0,0.0
2024-10-14 09:56:00+09:00,7990.0,7990.0,7990.0,7990.0,50,0.0,0.0
2024-10-14 09:58:00+09:00,7990.0,7990.0,7990.0,7990.0,419,0.0,0.0
2024-10-14 09:59:00+09:00,7970.0,7990.0,7970.0,7990.0,0,0.0,0.0
2024-10-14 10:00:00+09:00,7970.0,7970.0,7970.0,7970.0,33,0.0,0.0
2024-10-14 10:01:00+09:00,7970.0,7970.0,7970.0,7970.0,383,0.0,0.0
2024-10-14 10:04:00+09:00,7990.0,7990.0,7990.0,7990.0,2,0.0,0.0
2024-10-14 10:05:00+09:00,7990.0,7990.0,7990.0,7990.0,1,0.0,0.0
2024-10-14 10:06:00+09:00,7970.0,8050.0,7970.0,8050.0,1368,0.0,0.0
2024-10-14 10:07:00+09:00,8030.0,8200.0,8030.0,8200.0,17316,0.0,0.0
2024-10-14 10:08:00+09:00,8190.0,8290.0,8140.0,8270.0,22106,0.0,0.0
2024-10-14 10:09:00+09:00,8250.0,8280.0,8030.0,8080.0,26317,0.0,0.0
2024-10-14 10:10:00+09:00,8090.0,8120.0,8020.0,8070.0,6040,0.0,0.0
2024-10-14 10:11:00+09:00,8070.0,8070.0,8040.0,8050.0,279,0.0,0.0
2024-10-14 10:12:00+09:00,8060.0,8070.0,8040.0,8040.0,1377,0.0,0.0
2024-10-14 10:13:00+09:00,8040.0,8040.0,8030.0,8030.0,2866,0.0,0.0
2024-10-14 10:14:00+09:00,8030.0,8050.0,8030.0,8050.0,0,0.0,0.0
2024-10-14 10:15:00+09:00,8050.0,8060.0,8050.0,8060.0,651,0.0,0.0
2024-10-14 10:16:00+09:00,8030.0,8050.0,8000.0,8000.0,3360,0.0,0.0
2024-10-14 10:17:00+09:00,8000.0,8000.0,8000.0,8000.0,599,0.0,0.0
2024-10-14 10:18:00+09:00,8000.0,8000.0,8000.0,8000.0,252,0.0,0.0
2024-10-14 10:19:00+09:00,8000.0,8080.0,8000.0,8080.0,476,0.0,0.0
2024-10-14 10:20:00+09:00,8080.0,8100.0,8010.0,8070.0,1611,0.0,0.0
2024-10-14 10:21:00+09:00,8060.0,8060.0,8020.0,8020.0,86,0.0,0.0
2024-10-14 10:22:00+09:00,8050.0,8050.0,8050.0,8050.0,8,0.0,0.0
2024-10-14 10:23:00+09:00,8020.0,8020.0,8010.0,8010.0,468,0.0,0.0
2024-10-14 10:24:00+09:00,8000.0,8000.0,7980.0,7990.0,1518,0.0,0.0
2024-10-14 10:25:00+09:00,8000.0,8030.0,8000.0,8030.0,409,0.0,0.0
2024-10-14 10:28:00+09:00,8000.0,8000.0,7980.0,7980.0,1371,0.0,0.0
2024-10-14 10:29:00+09:00,7980.0,7980.0,7980.0,7980.0,0,0.0,0.0
2024-10-14 10:30:00+09:00,8020.0,8020.0,7990.0,7990.0,309,0.0,0.0
2024-10-14 10:31:00+09:00,8030.0,8030.0,8030.0,8030.0,15,0.0,0.0
2024-10-14 10:33:00+09:00,7990.0,7990.0,7980.0,7980.0,795,0.0,0.0
2024-10-14 10:35:00+09:00,7980.0,7980.0,7980.0,7980.0,0,0.0,0.0
2024-10-14 10:41:00+09:00,7990.0,7990.0,7980.0,7980.0,46,0.0,0.0
2024-10-14 10:43:00+09:00,7980.0,7980.0,7980.0,7980.0,793,0.0,0.0
2024-10-14 10:44:00+09:00,7980.0,7990.0,7980.0,7990.0,173,0.0,0.0
2024-10-14 10:45:00+09:00,7980.0,7980.0,7970.0,7970.0,559,0.0,0.0
2024-10-14 10:46:00+09:00,7980.0,7980.0,7980.0,7980.0,0,0.0,0.0
2024-10-14 10:49:00+09:00,7980.0,7980.0,7980.0,7980.0,100,0.0,0.0
2024-10-14 10:50:00+09:00,7980.0,7980.0,7980.0,7980.0,662,0.0,0.0
2024-10-14 10:51:00+09:00,7970.0,7970.0,7970.0,7970.0,289,0.0,0.0
2024-10-14 10:52:00+09:00,7990.0,7990.0,7990.0,7990.0,0,0.0,0.0
2024-10-14 10:53:00+09:00,7990.0,7990.0,7990.0,7990.0,194,0.0,0.0
2024-10-14 10:55:00+09:00,7960.0,7960.0,7960.0,7960.0,390,0.0,0.0
2024-10-14 10:56:00+09:00,7960.0,7960.0,7960.0,7960.0,0,0.0,0.0
2024-10-14 10:58:00+09:00,7990.0,7990.0,7990.0,7990.0,0,0.0,0.0
2024-10-14 10:59:00+09:00,7990.0,7990.0,7990.0,7990.0,89,0.0,0.0
2024-10-14 11:02:00+09:00,7980.0,7980.0,7980.0,7980.0,0,0.0,0.0
2024-10-14 11:03:00+09:00,7980.0,7980.0,7970.0,7970.0,65,0.0,0.0
2024-10-14 11:08:00+09:00,7970.0,7970.0,7970.0,7970.0,134,0.0,0.0
2024-10-14 11:11:00+09:00,7970.0,7970.0,7970.0,7970.0,849,0.0,0.0
2024-10-14 11:12:00+09:00,7970.0,7970.0,7970.0,7970.0,0,0.0,0.0
2024-10-14 11:13:00+09:00,7970.0,7970.0,7970.0,7970.0,79,0.0,0.0
2024-10-14 11:14:00+09:00,7970.0,7970.0,7970.0,7970.0,0,0.0,0.0
2024-10-14 11:19:00+09:00,7980.0,7980.0,7970.0,7970.0,375,0.0,0.0
2024-10-14 11:21:00+09:00,7970.0,7970.0,7970.0,7970.0,97,0.0,0.0
2024-10-14 11:23:00+09:00,7970.0,7980.0,7970.0,7980.0,0,0.0,0.0
2024-10-14 11:25:00+09:00,7980.0,7980.0,7980.0,7980.0,1,0.0,0.0
2024-10-14 11:27:00+09:00,7980.0,7990.0,7980.0,7990.0,21,0.0,0.0
2024-10-14 11:29:00+09:00,7990.0,7990.0,7990.0,7990.0,134,0.0,0.0
2024-10-14 11:30:00+09:00,8000.0,8000.0,8000.0,8000.0,8,0.0,0.0
2024-10-14 11:31:00+09:00,8000.0,8010.0,8000.0,8010.0,62,0.0,0.0
2024-10-14 11:32:00+09:00,8010.0,8010.0,8010.0,8010.0,307,0.0,0.0
2024-10-14 11:33:00+09:00,8020.0,8020.0,8020.0,8020.0,0,0.0,0.0
2024-10-14 11:34:00+09:00,8020.0,8020.0,8020.0,8020.0,0,0.0,0.0
2024-10-14 11:35:00+09:00,8010.0,8010.0,8010.0,8010.0,70,0.0,0.0
2024-10-14 11:37:00+09:00,8000.0,8000.0,8000.0,8000.0,118,0.0,0.0
2024-10-14 11:38:00+09:00,8000.0,8000.0,8000.0,8000.0,9,0.0,0.0
2024-10-14 11:41:00+09:00,8000.0,8000.0,8000.0,8000.0,11,0.0,0.0
2024-10-14 11:42:00+09:00,8000.0,8000.0,8000.0,8000.0,333,0.0,0.0
2024-10-14 11:45:00+09:00,7990.0,7990.0,7990.0,7990.0,0,0.0,0.0
2024-10-14 11:46:00+09:00,7990.0,7990.0,7990.0,7990.0,0,0.0,0.0
2024-10-14 11:47:00+09:00,7990.0,7990.0,7990.0,7990.0,8,0.0,0.0
2024-10-14 11:49:00+09:00,8000.0,8000.0,7990.0,7990.0,286,0.0,0.0
2024-10-14 11:51:00+09:00,7990.0,7990.0,7990.0,7990.0,0,0.0,0.0
2024-10-14 11:52:00+09:00,7990.0,7990.0,7990.0,7990.0,6,0.0,0.0
2024-10-14 11:53:00+09:00,7990.0,7990.0,7990.0,7990.0,2,0.0,0.0
2024-10-14 11:55:00+09:00,7990.0,7990.0,7990.0,7990.0,1,0.0,0.0
2024-10-14 11:58:00+09:00,7990.0,7990.0,7990.0,7990.0,199,0.0,0.0
2024-10-14 12:00:00+09:00,7990.0,7990.0,7990.0,7990.0,0,0.0,0.0
2024-10-14 12:08:00+09:00,8000.0,8000.0,8000.0,8000.0,361,0.0,0.0
2024-10-14 12:10:00+09:00,8000.0,8020.0,8000.0,8020.0,855,0.0,0.0
2024-10-14 12:11:00+09:00,7990.0,8030.0,7990.0,8020.0,0,0.0,0.0
2024-10-14 12:12:00+09:00,8010.0,8010.0,8010.0,8010.0,1,0.0,0.0
2024-10-14 12:13:00+09:00,8030.0,8030.0,8030.0,8030.0,8,0.0,0.0
2024-10-14 12:16:00+09:00,8010.0,8010.0,7990.0,7990.0,218,0.0,0.0
2024-10-14 12:18:00+09:00,8000.0,8000.0,8000.0,8000.0,380,0.0,0.0
2024-10-14 12:37:00+09:00,8030.0,8030.0,8030.0,8030.0,58,0.0,0.0
2024-10-14 12:38:00+09:00,8030.0,8030.0,8030.0,8030.0,100,0.0,0.0
2024-10-14 12:39:00+09:00,8030.0,8030.0,8030.0,8030.0,45,0.0,0.0
2024-10-14 12:40:00+09:00,8040.0,8040.0,8040.0,8040.0,97,0.0,0.0
2024-10-14 12:42:00+09:00,8020.0,8020.0,8020.0,8020.0,59,0.0,0.0
2024-10-14 12:45:00+09:00,8000.0,8000.0,8000.0,8000.0,0,0.0,0.0
2024-10-14 12:46:00+09:00,8000.0,8000.0,8000.0,8000.0,96,0.0,0.0
2024-10-14 12:47:00+09:00,8000.0,8000.0,8000.0,8000.0,128,0.0,0.0
2024-10-14 12:58:00+09:00,7990.0,7990.0,7990.0,7990.0,63,0.0,0.0
2024-10-14 13:00:00+09:00,8000.0,8000.0,8000.0,8000.0,66,0.0,0.0
2024-10-14 13:02:00+09:00,8000.0,8000.0,8000.0,8000.0,103,0.0,0.0
2024-10-14 13:03:00+09:00,8020.0,8020.0,8020.0,8020.0,0,0.0,0.0
2024-10-14 13:06:00+09:00,8010.0,8020.0,8010.0,8020.0,69,0.0,0.0
2024-10-14 13:07:00+09:00,8000.0,8000.0,8000.0,8000.0,167,0.0,0.0
2024-10-14 13:10:00+09:00,8020.0,8030.0,8020.0,8030.0,50,0.0,0.0
2024-10-14 13:19:00+09:00,8030.0,8030.0,8030.0,8030.0,106,0.0,0.0
2024-10-14 13:20:00+09:00,8030.0,8030.0,8030.0,8030.0,0,0.0,0.0
2024-10-14 13:24:00+09:00,8030.0,8030.0,8030.0,8030.0,100,0.0,0.0
2024-10-14 13:25:00+09:00,8030.0,8030.0,8030.0,8030.0,0,0.0,0.0
2024-10-14 13:26:00+09:00,8030.0,8030.0,8030.0,8030.0,1,0.0,0.0
2024-10-14 13:27:00+09:00,8030.0,8030.0,8030.0,8030.0,4,0.0,0.0
2024-10-14 13:28:00+09:00,8020.0,8020.0,8020.0,8020.0,19,0.0,0.0
2024-10-14 13:30:00+09:00,8000.0,8000.0,8000.0,8000.0,406,0.0,0.0
2024-10-14 13:32:00+09:00,8000.0,8000.0,8000.0,8000.0,0,0.0,0.0
2024-10-14 13:33:00+09:00,8000.0,8000.0,8000.0,8000.0,83,0.0,0.0
2024-10-14 13:39:00+09:00,8020.0,8020.0,8020.0,8020.0,10,0.0,0.0
2024-10-14 13:40:00+09:00,8020.0,8020.0,8000.0,8000.0,31,0.0,0.0
2024-10-14 13:43:00+09:00,8000.0,8020.0,8000.0,8020.0,50,0.0,0.0
2024-10-14 13:44:00+09:00,8020.0,8020.0,8000.0,8000.0,10,0.0,0.0
2024-10-14 13:48:00+09:00,8000.0,8000.0,8000.0,8000.0,65,0.0,0.0
2024-10-14 13:49:00+09:00,8000.0,8000.0,8000.0,8000.0,0,0.0,0.0
2024-10-14 13:53:00+09:00,8000.0,8000.0,8000.0,8000.0,111,0.0,0.0
2024-10-14 13:55:00+09:00,8000.0,8000.0,8000.0,8000.0,7,0.0,0.0
2024-10-14 13:59:00+09:00,8000.0,8000.0,8000.0,8000.0,370,0.0,0.0
2024-10-14 14:00:00+09:00,8000.0,8000.0,8000.0,8000.0,300,0.0,0.0
2024-10-14 14:05:00+09:00,8020.0,8020.0,8020.0,8020.0,150,0.0,0.0
2024-10-14 14:08:00+09:00,8010.0,8010.0,8010.0,8010.0,190,0.0,0.0
2024-10-14 14:13:00+09:00,8000.0,8000.0,8000.0,8000.0,18,0.0,0.0
2024-10-14 14:15:00+09:00,7990.0,7990.0,7990.0,7990.0,124,0.0,0.0
2024-10-14 14:17:00+09:00,7990.0,8010.0,7990.0,8010.0,282,0.0,0.0
2024-10-14 14:24:00+09:00,8020.0,8020.0,8020.0,8020.0,50,0.0,0.0
2024-10-14 14:25:00+09:00,8030.0,8030.0,8030.0,8030.0,768,0.0,0.0
2024-10-14 14:26:00+09:00,8040.0,8040.0,8030.0,8030.0,0,0.0,0.0
2024-10-14 14:27:00+09:00,8030.0,8040.0,8030.0,8030.0,737,0.0,0.0
2024-10-14 14:28:00+09:00,8030.0,8040.0,8030.0,8040.0,0,0.0,0.0
2024-10-14 14:29:00+09:00,8040.0,8050.0,8040.0,8040.0,415,0.0,0.0
2024-10-14 14:30:00+09:00,8040.0,8060.0,8040.0,8050.0,1518,0.0,0.0
2024-10-14 14:32:00+09:00,8050.0,8070.0,8050.0,8070.0,1524,0.0,0.0
2024-10-14 14:33:00+09:00,8060.0,8070.0,8060.0,8070.0,253,0.0,0.0
2024-10-14 14:34:00+09:00,8060.0,8070.0,8060.0,8070.0,547,0.0,0.0
2024-10-14 14:35:00+09:00,8070.0,8070.0,8060.0,8060.0,0,0.0,0.0
2024-10-14 14:36:00+09:00,8060.0,8070.0,8060.0,8070.0,680,0.0,0.0
2024-10-14 14:37:00+09:00,8060.0,8060.0,8050.0,8050.0,431,0.0,0.0
2024-10-14 14:38:00+09:00,8050.0,8050.0,8040.0,8040.0,174,0.0,0.0
2024-10-14 14:39:00+09:00,8040.0,8060.0,8040.0,8040.0,118,0.0,0.0
2024-10-14 14:40:00+09:00,8040.0,8040.0,8040.0,8040.0,120,0.0,0.0
2024-10-14 14:41:00+09:00,8030.0,8030.0,8030.0,8030.0,891,0.0,0.0
2024-10-14 14:45:00+09:00,8040.0,8040.0,8040.0,8040.0,0,0.0,0.0
2024-10-14 14:50:00+09:00,8030.0,8030.0,8030.0,8030.0,2,0.0,0.0
2024-10-14 14:51:00+09:00,8030.0,8030.0,8030.0,8030.0,3,0.0,0.0
2024-10-14 14:54:00+09:00,8030.0,8030.0,8030.0,8030.0,104,0.0,0.0
2024-10-14 14:55:00+09:00,8020.0,8030.0,8010.0,8010.0,3902,0.0,0.0
2024-10-14 14:57:00+09:00,8040.0,8040.0,8040.0,8040.0,0,0.0,0.0
2024-10-15 09:00:00+09:00,8000.0,8010.0,8000.0,8010.0,1217,0.0,0.0
2024-10-15 09:01:00+09:00,8030.0,8030.0,8020.0,8020.0,80,0.0,0.0
2024-10-15 09:02:00+09:00,8030.0,8050.0,8030.0,8050.0,67,0.0,0.0
2024-10-15 09:03:00+09:00,8050.0,8050.0,8050.0,8050.0,142,0.0,0.0
2024-10-15 09:04:00+09:00,8050.0,8050.0,8050.0,8050.0,5,0.0,0.0
2024-10-15 09:05:00+09:00,8050.0,8070.0,8010.0,8070.0,636,0.0,0.0
2024-10-15 09:06:00+09:00,8040.0,8040.0,8040.0,8040.0,0,0.0,0.0
2024-10-15 09:07:00+09:00,8070.0,8090.0,8070.0,8090.0,33,0.0,0.0
2024-10-15 09:08:00+09:00,8090.0,8090.0,8090.0,8090.0,4,0.0,0.0
2024-10-15 09:09:00+09:00,8090.0,8090.0,8080.0,8080.0,120,0.0,0.0
2024-10-15 09:10:00+09:00,8070.0,8070.0,8060.0,8060.0,1148,0.0,0.0
2024-10-15 09:11:00+09:00,8070.0,8070.0,8070.0,8070.0,0,0.0,0.0
2024-10-15 09:13:00+09:00,8070.0,8070.0,8060.0,8070.0,103,0.0,0.0
2024-10-15 09:14:00+09:00,8060.0,8060.0,8060.0,8060.0,371,0.0,0.0
2024-10-15 09:15:00+09:00,8060.0,8070.0,8060.0,8070.0,156,0.0,0.0
2024-10-15 09:16:00+09:00,8060.0,8060.0,8060.0,8060.0,62,0.0,0.0
2024-10-15 09:17:00+09:00,8070.0,8070.0,8070.0,8070.0,0,0.0,0.0
2024-10-15 09:19:00+09:00,8090.0,8100.0,8090.0,8100.0,111,0.0,0.0
2024-10-15 09:20:00+09:00,8060.0,8060.0,8060.0,8060.0,357,0.0,0.0
2024-10-15 09:21:00+09:00,8040.0,8040.0,8040.0,8040.0,0,0.0,0.0
2024-10-15 09:22:00+09:00,8040.0,8040.0,8010.0,8010.0,309,0.0,0.0
2024-10-15 09:24:00+09:00,8020.0,8020.0,8020.0,8020.0,35,0.0,0.0
2024-10-15 09:25:00+09:00,8020.0,8020.0,8020.0,8020.0,25,0.0,0.0
2024-10-15 09:27:00+09:00,8020.0,8020.0,8020.0,8020.0,67,0.0,0.0
2024-10-15 09:28:00+09:00,8030.0,8030.0,8020.0,8020.0,393,0.0,0.0
2024-10-15 09:30:00+09:00,8060.0,8060.0,8060.0,8060.0,0,0.0,0.0
2024-10-15 09:33:00+09:00,8040.0,8040.0,8030.0,8030.0,20,0.0,0.0
2024-10-15 09:34:00+09:00,8020.0,8020.0,8010.0,8010.0,827,0.0,0.0
2024-10-15 09:36:00+09:00,8010.0,8010.0,8010.0,8010.0,2877,0.0,0.0
2024-10-15 09:37:00+09:00,8010.0,8010.0,8000.0,8000.0,0,0.0,0.0
2024-10-15 09:39:00+09:00,8000.0,8000.0,7990.0,7990.0,12,0.0,0.0
2024-10-15 09:40:00+09:00,7990.0,7990.0,7990.0,7990.0,1,0.0,0.0
2024-10-15 09:41:00+09:00,8020.0,8020.0,8020.0,8020.0,3,0.0,0.0
2024-10-15 09:42:00+09:00,8020.0,8020.0,8020.0,8020.0,1,0.0,0.0
2024-10-15 09:43:00+09:00,8000.0,8020.0,8000.0,8020.0,138,0.0,0.0
2024-10-15 09:44:00+09:00,8000.0,8000.0,7990.0,8000.0,1968,0.0,0.0
2024-10-15 09:45:00+09:00,7980.0,7980.0,7980.0,7980.0,60,0.0,0.0
2024-10-15 09:46:00+09:00,7970.0,7970.0,7960.0,7960.0,1372,0.0,0.0
2024-10-15 09:47:00+09:00,7960.0,7960.0,7960.0,7960.0,129,0.0,0.0
2024-10-15 09:50:00+09:00,7960.0,7970.0,7960.0,7970.0,501,0.0,0.0
2024-10-15 09:51:00+09:00,7970.0,7970.0,7970.0,7970.0,45,0.0,0.0
2024-10-15 09:52:00+09:00,7970.0,8010.0,7970.0,8010.0,98,0.0,0.0
2024-10-15 09:56:00+09:00,7980.0,7980.0,7980.0,7980.0,56,0.0,0.0
2024-10-15 09:59:00+09:00,7980.0,7980.0,7980.0,7980.0,176,0.0,0.0
2024-10-15 10:01:00+09:00,7980.0,7980.0,7980.0,7980.0,100,0.0,0.0
2024-10-15 10:04:00+09:00,7990.0,7990.0,7990.0,7990.0,2,0.0,0.0
2024-10-15 10:05:00+09:00,8000.0,8000.0,8000.0,8000.0,11,0.0,0.0
2024-10-15 10:06:00+09:00,7990.0,8000.0,7990.0,8000.0,12,0.0,0.0
2024-10-15 10:07:00+09:00,8000.0,8000.0,8000.0,8000.0,0,0.0,0.0
2024-10-15 10:08:00+09:00,7990.0,7990.0,7990.0,7990.0,24,0.0,0.0
2024-10-15 10:09:00+09:00,7990.0,7990.0,7980.0,7980.0,554,0.0,0.0
2024-10-15 10:11:00+09:00,7990.0,8000.0,7990.0,8000.0,0,0.0,0.0
2024-10-15 10:15:00+09:00,7970.0,7970.0,7970.0,7970.0,189,0.0,0.0
2024-10-15 10:16:00+09:00,7970.0,7980.0,7960.0,7960.0,660,0.0,0.0
2024-10-15 10:18:00+09:00,7990.0,7990.0,7990.0,7990.0,1,0.0,0.0
2024-10-15 10:24:00+09:00,7970.0,7970.0,7970.0,7970.0,2,0.0,0.0
2024-10-15 10:26:00+09:00,7960.0,7960.0,7960.0,7960.0,83,0.0,0.0
2024-10-15 10:29:00+09:00,7960.0,7960.0,7960.0,7960.0,0,0.0,0.0
2024-10-15 10:30:00+09:00,7950.0,7950.0,7950.0,7950.0,93,0.0,0.0
2024-10-15 10:31:00+09:00,7960.0,7960.0,7960.0,7960.0,1,0.0,0.0
2024-10-15 10:32:00+09:00,7960.0,7960.0,7960.0,7960.0,0,0.0,0.0
2024-10-15 10:38:00+09:00,7950.0,7970.0,7950.0,7970.0,21,0.0,0.0
2024-10-15 10:46:00+09:00,7970.0,7970.0,7970.0,7970.0,499,0.0,0.0
2024-10-15 10:47:00+09:00,7970.0,7970.0,7970.0,7970.0,100,0.0,0.0
2024-10-15 10:49:00+09:00,7970.0,7970.0,7970.0,7970.0,340,0.0,0.0
2024-10-15 10:51:00+09:00,7970.0,7970.0,7970.0,7970.0,0,0.0,0.0
2024-10-15 10:52:00+09:00,7970.0,7970.0,7950.0,7950.0,0,0.0,0.0
2024-10-15 10:55:00+09:00,7950.0,7970.0,7950.0,7970.0,483,0.0,0.0
2024-10-15 10:56:00+09:00,7970.0,7970.0,7970.0,7970.0,0,0.0,0.0
2024-10-15 10:58:00+09:00,7980.0,7980.0,7980.0,7980.0,3158,0.0,0.0
2024-10-15 11:00:00+09:00,7960.0,7960.0,7960.0,7960.0,0,0.0,0.0
2024-10-15 11:01:00+09:00,7980.0,7980.0,7980.0,7980.0,17,0.0,0.0
2024-10-15 11:02:00+09:00,7990.0,7990.0,7990.0,7990.0,480,0.0,0.0
2024-10-15 11:03:00+09:00,8000.0,8000.0,8000.0,8000.0,5,0.0,0.0
2024-10-15 11:05:00+09:00,8000.0,8000.0,8000.0,8000.0,45,0.0,0.0
2024-10-15 11:06:00+09:00,8000.0,8000.0,8000.0,8000.0,85,0.0,0.0
2024-10-15 11:07:00+09:00,8000.0,8000.0,8000.0,8000.0,0,0.0,0.0
2024-10-15 11:08:00+09:00,8000.0,8000.0,8000.0,8000.0,12,0.0,0.0
2024-10-15 11:09:00+09:00,8000.0,8000.0,8000.0,8000.0,2,0.0,0.0
2024-10-15 11:11:00+09:00,8010.0,8050.0,8010.0,8050.0,113,0.0,0.0
2024-10-15 11:12:00+09:00,8040.0,8040.0,8040.0,8040.0,0,0.0,0.0
2024-10-15 11:26:00+09:00,8020.0,8020.0,8020.0,8020.0,19,0.0,0.0
2024-10-15 11:27:00+09:00,8020.0,8020.0,8020.0,8020.0,222,0.0,0.0
2024-10-15 11:29:00+09:00,8020.0,8030.0,8020.0,8030.0,2282,0.0,0.0
2024-10-15 11:30:00+09:00,8030.0,8030.0,8030.0,8030.0,1124,0.0,0.0
2024-10-15 11:32:00+09:00,8030.0,8040.0,8030.0,8040.0,297,0.0,0.0
2024-10-15 11:46:00+09:00,7990.0,7990.0,7980.0,7980.0,370,0.0,0.0
2024-10-15 11:55:00+09:00,7990.0,7990.0,7990.0,7990.0,0,0.0,0.0
2024-10-15 12:01:00+09:00,8010.0,8010.0,8010.0,8010.0,23,0.0,0.0
2024-10-15 12:03:00+09:00,8020.0,8020.0,8020.0,8020.0,124,0.0,0.0
2024-10-15 12:04:00+09:00,7990.0,7990.0,7990.0,7990.0,0,0.0,0.0
2024-10-15 12:07:00+09:00,7990.0,8020.0,7990.0,8020.0,61,0.0,0.0
2024-10-15 12:08:00+09:00,8020.0,8020.0,8020.0,8020.0,24,0.0,0.0
2024-10-15 12:09:00+09:00,8020.0,8020.0,8020.0,8020.0,7,0.0,0.0
2024-10-15 12:10:00+09:00,8020.0,8020.0,8020.0,8020.0,341,0.0,0.0
2024-10-15 12:16:00+09:00,7990.0,7990.0,7990.0,7990.0,0,0.0,0.0
2024-10-15 12:17:00+09:00,7990.0,7990.0,7990.0,7990.0,0,0.0,0.0
2024-10-15 12:20:00+09:00,7990.0,7990.0,7980.0,7980.0,48,0.0,0.0
2024-10-15 12:21:00+09:00,8020.0,8020.0,8020.0,8020.0,0,0.0,0.0
2024-10-15 12:26:00+09:00,8020.0,8020.0,8020.0,8020.0,10,0.0,0.0
2024-10-15 12:28:00+09:00,8010.0,8010.0,8010.0,8010.0,0,0.0,0.0
2024-10-15 12:32:00+09:00,8020.0,8020.0,8020.0,8020.0,189,0.0,0.0
2024-10-15 12:33:00+09:00,8030.0,8030.0,8030.0,8030.0,6,0.0,0.0
2024-10-15 12:36:00+09:00,8020.0,8020.0,8020.0,8020.0,0,0.0,0.0
2024-10-15 12:37:00+09:00,8020.0,8020.0,8020.0,8020.0,19,0.0,0.0
2024-10-15 12:39:00+09:00,8020.0,8020.0,8020.0,8020.0,66,0.0,0.0
2024-10-15 12:40:00+09:00,8010.0,8010.0,8010.0,8010.0,2,0.0,0.0
2024-10-15 12:42:00+09:00,8000.0,8000.0,8000.0,8000.0,4,0.0,0.0
2024-10-15 12:48:00+09:00,7990.0,7990.0,7980.0,7980.0,62,0.0,0.0
2024-10-15 12:50:00+09:00,7980.0,7980.0,7980.0,7980.0,688,0.0,0.0
2024-10-15 13:04:00+09:00,8000.0,8000.0,8000.0,8000.0,0,0.0,0.0
2024-10-15 13:05:00+09:00,8000.0,8000.0,8000.0,8000.0,25,0.0,0.0
2024-10-15 13:09:00+09:00,8000.0,8000.0,8000.0,8000.0,14,0.0,0.0
2024-10-15 13:12:00+09:00,8000.0,8000.0,8000.0,8000.0,42,0.0,0.0
2024-10-15 13:13:00+09:00,7990.0,7990.0,7990.0,7990.0,0,0.0,0.0
2024-10-15 13:17:00+09:00,7990.0,7990.0,7990.0,7990.0,36,0.0,0.0
2024-10-15 13:18:00+09:00,7990.0,7990.0,7990.0,7990.0,108,0.0,0.0
2024-10-15 13:19:00+09:00,7990.0,8000.0,7990.0,8000.0,370,0.0,0.0
2024-10-15 13:20:00+09:00,8000.0,8000.0,8000.0,8000.0,0,0.0,0.0
2024-10-15 13:24:00+09:00,8010.0,8010.0,8000.0,8000.0,398,0.0,0.0
2024-10-15 13:25:00+09:00,8000.0,8000.0,8000.0,8000.0,0,0.0,0.0
2024-10-15 13:35:00+09:00,8000.0,8000.0,8000.0,8000.0,22,0.0,0.0
2024-10-15 13:37:00+09:00,7990.0,7990.0,7990.0,7990.0,178,0.0,0.0
2024-10-15 13:44:00+09:00,7990.0,8020.0,7990.0,8020.0,219,0.0,0.0
2024-10-15 13:50:00+09:00,7990.0,7990.0,7990.0,7990.0,20,0.0,0.0
2024-10-15 13:59:00+09:00,7990.0,7990.0,7990.0,7990.0,20,0.0,0.0
2024-10-15 14:02:00+09:00,7980.0,7980.0,7980.0,7980.0,890,0.0,0.0
2024-10-15 14:09:00+09:00,7980.0,7980.0,7980.0,7980.0,271,0.0,0.0
2024-10-15 14:10:00+09:00,7970.0,7980.0,7970.0,7980.0,277,0.0,0.0
2024-10-15 14:13:00+09:00,7970.0,7970.0,7970.0,7970.0,1199,0.0,0.0
2024-10-15 14:14:00+09:00,7970.0,7970.0,7970.0,7970.0,0,0.0,0.0
2024-10-15 14:20:00+09:00,7980.0,7980.0,7980.0,7980.0,2,0.0,0.0
2024-10-15 14:25:00+09:00,7980.0,7980.0,7980.0,7980.0,200,0.0,0.0
2024-10-15 14:26:00+09:00,7980.0,7980.0,7980.0,7980.0,0,0.0,0.0
2024-10-15 14:28:00+09:00,7990.0,7990.0,7990.0,7990.0,0,0.0,0.0
2024-10-15 14:30:00+09:00,7980.0,7980.0,7980.0,7980.0,19,0.0,0.0
2024-10-15 14:31:00+09:00,7980.0,7980.0,7980.0,7980.0,0,0.0,0.0
2024-10-15 14:35:00+09:00,7970.0,7980.0,7970.0,7980.0,174,0.0,0.0
2024-10-15 14:38:00+09:00,7970.0,7970.0,7970.0,7970.0,506,0.0,0.0
2024-10-15 14:39:00+09:00,7970.0,7970.0,7970.0,7970.0,0,0.0,0.0
2024-10-15 14:42:00+09:00,7980.0,7980.0,7980.0,7980.0,0,0.0,0.0
2024-10-15 14:43:00+09:00,7970.0,7970.0,7970.0,7970.0,489,0.0,0.0
2024-10-15 14:45:00+09:00,7970.0,7970.0,7970.0,7970.0,408,0.0,0.0
2024-10-15 14:47:00+09:00,7970.0,7970.0,7970.0,7970.0,0,0.0,0.0
2024-10-15 14:49:00+09:00,7970.0,7970.0,7940.0,7940.0,1470,0.0,0.0
2024-10-15 14:50:00+09:00,7940.0,7940.0,7940.0,7940.0,408,0.0,0.0
2024-10-15 14:52:00+09:00,7940.0,7940.0,7940.0,7940.0,0,0.0,0.0
2024-10-15 14:54:00+09:00,7930.0,7930.0,7920.0,7920.0,124,0.0,0.0
2024-10-15 14:55:00+09:00,7920.0,7920.0,7920.0,7920.0,166,0.0,0.0
2024-10-15 14:58:00+09:00,7930.0,7930.0,7930.0,7930.0,100,0.0,0.0
2024-10-16 09:00:00+09:00,7800.0,7840.0,7800.0,7810.0,891,0.0,0.0
2024-10-16 09:01:00+09:00,7810.0,7870.0,7780.0,7870.0,1107,0.0,0.0
2024-10-16 09:02:00+09:00,7860.0,7860.0,7860.0,7860.0,10,0.0,0.0
2024-10-16 09:04:00+09:00,7820.0,7820.0,7800.0,7800.0,724,0.0,0.0
2024-10-16 09:05:00+09:00,7800.0,7800.0,7800.0,7800.0,0,0.0,0.0
2024-10-16 09:08:00+09:00,7800.0,7800.0,7800.0,7800.0,400,0.0,0.0
2024-10-16 09:09:00+09:00,7800.0,7800.0,7800.0,7800.0,0,0.0,0.0
2024-10-16 09:12:00+09:00,7810.0,7810.0,7810.0,7810.0,214,0.0,0.0
2024-10-16 09:13:00+09:00,7810.0,7810.0,7810.0,7810.0,0,0.0,0.0
2024-10-16 09:14:00+09:00,7820.0,7820.0,7800.0,7800.0,1336,0.0,0.0
2024-10-16 09:16:00+09:00,7800.0,7800.0,7800.0,7800.0,0,0.0,0.0
2024-10-16 09:19:00+09:00,7810.0,7810.0,7810.0,7810.0,100,0.0,0.0
2024-10-16 09:22:00+09:00,7810.0,7810.0,7810.0,7810.0,237,0.0,0.0
2024-10-16 09:23:00+09:00,7810.0,7810.0,7810.0,7810.0,390,0.0,0.0
2024-10-16 09:25:00+09:00,7810.0,7810.0,7810.0,7810.0,100,0.0,0.0
2024-10-16 09:30:00+09:00,7850.0,7850.0,7850.0,7850.0,0,0.0,0.0
2024-10-16 09:31:00+09:00,7840.0,7840.0,7840.0,7840.0,0,0.0,0.0
2024-10-16 09:32:00+09:00,7830.0,7830.0,7830.0,7830.0,0,0.0,0.0
2024-10-16 09:33:00+09:00,7840.0,7840.0,7840.0,7840.0,1,0.0,0.0
2024-10-16 09:34:00+09:00,7830.0,7830.0,7830.0,7830.0,4,0.0,0.0
2024-10-16 09:35:00+09:00,7830.0,7840.0,7830.0,7840.0,50,0.0,0.0
2024-10-16 09:36:00+09:00,7840.0,7840.0,7840.0,7840.0,2,0.0,0.0
2024-10-16 09:39:00+09:00,7840.0,7840.0,7840.0,7840.0,100,0.0,0.0
2024-10-16 09:40:00+09:00,7840.0,7840.0,7840.0,7840.0,0,0.0,0.0
2024-10-16 09:41:00+09:00,7840.0,7860.0,7840.0,7860.0,1369,0.0,0.0
2024-10-16 09:42:00+09:00,7860.0,7860.0,7860.0,7860.0,1,0.0,0.0
2024-10-16 09:43:00+09:00,7860.0,7860.0,7860.0,7860.0,3,0.0,0.0
2024-10-16 09:44:00+09:00,7860.0,7860.0,7860.0,7860.0,19,0.0,0.0
2024-10-16 09:46:00+09:00,7860.0,7860.0,7860.0,7860.0,0,0.0,0.0
2024-10-16 09:48:00+09:00,7850.0,7850.0,7850.0,7850.0,94,0.0,0.0
2024-10-16 09:50:00+09:00,7850.0,7850.0,7850.0,7850.0,16,0.0,0.0
2024-10-16 09:51:00+09:00,7850.0,7850.0,7840.0,7840.0,154,0.0,0.0
2024-10-16 09:53:00+09:00,7850.0,7850.0,7850.0,7850.0,2,0.0,0.0
2024-10-16 09:54:00+09:00,7840.0,7840.0,7820.0,7820.0,1624,0.0,0.0
2024-10-16 09:55:00+09:00,7810.0,7810.0,7810.0,7810.0,1,0.0,0.0
2024-10-16 09:56:00+09:00,7820.0,7820.0,7820.0,7820.0,24,0.0,0.0
2024-10-16 09:57:00+09:00,7810.0,7810.0,7810.0,7810.0,430,0.0,0.0
2024-10-16 09:58:00+09:00,7800.0,7800.0,7800.0,7800.0,0,0.0,0.0
2024-10-16 10:00:00+09:00,7820.0,7840.0,7820.0,7840.0,334,0.0,0.0
2024-10-16 10:01:00+09:00,7830.0,7830.0,7830.0,7830.0,0,0.0,0.0
2024-10-16 10:02:00+09:00,7830.0,7830.0,7830.0,7830.0,58,0.0,0.0
2024-10-16 10:03:00+09:00,7830.0,7830.0,7830.0,7830.0,0,0.0,0.0
2024-10-16 10:04:00+09:00,7830.0,7830.0,7810.0,7810.0,9,0.0,0.0
2024-10-16 10:05:00+09:00,7830.0,7830.0,7830.0,7830.0,5,0.0,0.0
2024-10-16 10:06:00+09:00,7830.0,7830.0,7830.0,7830.0,2,0.0,0.0
2024-10-16 10:07:00+09:00,7830.0,7830.0,7830.0,7830.0,3018,0.0,0.0
2024-10-16 10:08:00+09:00,7830.0,7830.0,7830.0,7830.0,15,0.0,0.0
2024-10-16 10:12:00+09:00,7830.0,7830.0,7830.0,7830.0,2,0.0,0.0
2024-10-16 10:13:00+09:00,7830.0,7830.0,7830.0,7830.0,871,0.0,0.0
2024-10-16 10:14:00+09:00,7840.0,7840.0,7830.0,7830.0,2644,0.0,0.0
2024-10-16 10:17:00+09:00,7830.0,7830.0,7830.0,7830.0,864,0.0,0.0
2024-10-16 10:19:00+09:00,7860.0,7860.0,7860.0,7860.0,0,0.0,0.0
2024-10-16 10:20:00+09:00,7860.0,7860.0,7860.0,7860.0,25,0.0,0.0
2024-10-16 10:23:00+09:00,7860.0,7860.0,7860.0,7860.0,3,0.0,0.0
2024-10-16 10:27:00+09:00,7840.0,7840.0,7840.0,7840.0,298,0.0,0.0
2024-10-16 10:30:00+09:00,7840.0,7840.0,7840.0,7840.0,0,0.0,0.0
2024-10-16 10:33:00+09:00,7830.0,7830.0,7830.0,7830.0,65,0.0,0.0
2024-10-16 10:34:00+09:00,7830.0,7830.0,7830.0,7830.0,1218,0.0,0.0
2024-10-16 10:41:00+09:00,7840.0,7840.0,7840.0,7840.0,10,0.0,0.0
2024-10-16 10:43:00+09:00,7840.0,7840.0,7840.0,7840.0,17,0.0,0.0
2024-10-16 10:46:00+09:00,7840.0,7840.0,7820.0,7820.0,30,0.0,0.0
2024-10-16 10:48:00+09:00,7830.0,7840.0,7830.0,7840.0,5,0.0,0.0
2024-10-16 10:50:00+09:00,7840.0,7840.0,7840.0,7840.0,1,0.0,0.0
2024-10-16 10:54:00+09:00,7840.0,7840.0,7840.0,7840.0,1,0.0,0.0
2024-10-16 10:57:00+09:00,7840.0,7840.0,7830.0,7830.0,143,0.0,0.0
2024-10-16 10:58:00+09:00,7830.0,7830.0,7830.0,7830.0,39,0.0,0.0
2024-10-16 10:59:00+09:00,7830.0,7830.0,7830.0,7830.0,50,0.0,0.0
2024-10-16 11:00:00+09:00,7830.0,7830.0,7830.0,7830.0,0,0.0,0.0
2024-10-16 11:01:00+09:00,7830.0,7830.0,7830.0,7830.0,80,0.0,0.0
2024-10-16 11:02:00+09:00,7820.0,7820.0,7820.0,7820.0,157,0.0,0.0
2024-10-16 11:04:00+09:00,7830.0,7830.0,7830.0,7830.0,62,0.0,0.0
2024-10-16 11:05:00+09:00,7830.0,7830.0,7830.0,7830.0,54,0.0,0.0
2024-10-16 11:06:00+09:00,7820.0,7830.0,7820.0,7830.0,1058,0.0,0.0
2024-10-16 11:07:00+09:00,7830.0,7830.0,7830.0,7830.0,200,0.0,0.0
2024-10-16 11:10:00+09:00,7820.0,7820.0,7820.0,7820.0,0,0.0,0.0
2024-10-16 11:14:00+09:00,7820.0,7820.0,7820.0,7820.0,1095,0.0,0.0
2024-10-16 11:18:00+09:00,7830.0,7830.0,7830.0,7830.0,2,0.0,0.0
2024-10-16 11:19:00+09:00,7830.0,7830.0,7830.0,7830.0,19,0.0,0.0
2024-10-16 11:24:00+09:00,7830.0,7830.0,7830.0,7830.0,40,0.0,0.0
2024-10-16 11:25:00+09:00,7830.0,7830.0,7830.0,7830.0,248,0.0,0.0
2024-10-16 11:26:00+09:00,7830.0,7830.0,7830.0,7830.0,32,0.0,0.0
2024-10-16 11:34:00+09:00,7830.0,7830.0,7830.0,7830.0,11,0.0,0.0
2024-10-16 11:37:00+09:00,7830.0,7830.0,7830.0,7830.0,12,0.0,0.0
2024-10-16 11:42:00+09:00,7840.0,7840.0,7840.0,7840.0,0,0.0,0.0
2024-10-16 11:43:00+09:00,7840.0,7840.0,7840.0,7840.0,37,0.0,0.0
2024-10-16 11:47:00+09:00,7840.0,7840.0,7840.0,7840.0,10,0.0,0.0
2024-10-16 11:49:00+09:00,7830.0,7830.0,7830.0,7830.0,0,0.0,0.0
2024-10-16 11:55:00+09:00,7830.0,7830.0,7830.0,7830.0,2,0.0,0.0
2024-10-16 12:00:00+09:00,7830.0,7830.0,7830.0,7830.0,50,0.0,0.0
2024-10-16 12:03:00+09:00,7830.0,7830.0,7830.0,7830.0,65,0.0,0.0
2024-10-16 12:11:00+09:00,7830.0,7830.0,7830.0,7830.0,18,0.0,0.0
2024-10-16 12:13:00+09:00,7840.0,7840.0,7830.0,7830.0,4,0.0,0.0
2024-10-16 12:16:00+09:00,7820.0,7820.0,7820.0,7820.0,0,0.0,0.0
2024-10-16 12:19:00+09:00,7820.0,7830.0,7820.0,7830.0,5,0.0,0.0
2024-10-16 12:21:00+09:00,7830.0,7830.0,7830.0,7830.0,1863,0.0,0.0
2024-10-16 12:22:00+09:00,7830.0,7830.0,7830.0,7830.0,270,0.0,0.0
2024-10-16 12:23:00+09:00,7830.0,7830.0,7830.0,7830.0,0,0.0,0.0
2024-10-16 12:24:00+09:00,7830.0,7830.0,7830.0,7830.0,7,0.0,0.0
2024-10-16 12:31:00+09:00,7830.0,7830.0,7830.0,7830.0,32,0.0,0.0
2024-10-16 12:34:00+09:00,7830.0,7830.0,7830.0,7830.0,200,0.0,0.0
2024-10-16 12:37:00+09:00,7840.0,7840.0,7840.0,7840.0,20,0.0,0.0
2024-10-16 12:38:00+09:00,7830.0,7830.0,7830.0,7830.0,336,0.0,0.0
2024-10-16 12:41:00+09:00,7830.0,7830.0,7830.0,7830.0,0,0.0,0.0
2024-10-16 12:42:00+09:00,7830.0,7830.0,7830.0,7830.0,0,0.0,0.0
2024-10-16 12:44:00+09:00,7830.0,7830.0,7830.0,7830.0,1860,0.0,0.0
2024-10-16 12:46:00+09:00,7830.0,7830.0,7820.0,7820.0,598,0.0,0.0
2024-10-16 12:47:00+09:00,7820.0,7820.0,7820.0,7820.0,0,0.0,0.0
2024-10-16 13:01:00+09:00,7830.0,7830.0,7830.0,7830.0,30,0.0,0.0
2024-10-16 13:02:00+09:00,7830.0,7830.0,7830.0,7830.0,48,0.0,0.0
2024-10-16 13:03:00+09:00,7830.0,7830.0,7830.0,7830.0,0,0.0,0.0
2024-10-16 13:05:00+09:00,7830.0,7830.0,7830.0,7830.0,6,0.0,0.0
2024-10-16 13:06:00+09:00,7830.0,7830.0,7830.0,7830.0,3,0.0,0.0
2024-10-16 13:14:00+09:00,7840.0,7840.0,7840.0,7840.0,10,0.0,0.0
2024-10-16 13:15:00+09:00,7840.0,7840.0,7840.0,7840.0,245,0.0,0.0
2024-10-16 13:16:00+09:00,7840.0,7840.0,7840.0,7840.0,100,0.0,0.0
2024-10-16 13:17:00+09:00,7840.0,7840.0,7840.0,7840.0,10,0.0,0.0
2024-10-16 13:19:00+09:00,7840.0,7840.0,7840.0,7840.0,55,0.0,0.0
2024-10-16 13:20:00+09:00,7830.0,7830.0,7830.0,7830.0,0,0.0,0.0
2024-10-16 13:21:00+09:00,7830.0,7830.0,7830.0,7830.0,14,0.0,0.0
2024-10-16 13:26:00+09:00,7840.0,7840.0,7840.0,7840.0,40,0.0,0.0
2024-10-16 13:29:00+09:00,7840.0,7840.0,7840.0,7840.0,0,0.0,0.0
2024-10-16 13:30:00+09:00,7830.0,7830.0,7810.0,7810.0,1985,0.0,0.0
2024-10-16 13:34:00+09:00,7840.0,7840.0,7830.0,7830.0,6,0.0,0.0
2024-10-16 13:35:00+09:00,7830.0,7840.0,7830.0,7840.0,1,0.0,0.0
2024-10-16 13:45:00+09:00,7820.0,7820.0,7820.0,7820.0,4,0.0,0.0
2024-10-16 13:46:00+09:00,7820.0,7820.0,7820.0,7820.0,2,0.0,0.0
2024-10-16 13:48:00+09:00,7810.0,7820.0,7800.0,7820.0,2597,0.0,0.0
2024-10-16 13:49:00+09:00,7820.0,7820.0,7820.0,7820.0,26,0.0,0.0
2024-10-16 13:51:00+09:00,7820.0,7820.0,7820.0,7820.0,286,0.0,0.0
2024-10-16 13:58:00+09:00,7820.0,7820.0,7820.0,7820.0,10,0.0,0.0
2024-10-16 14:00:00+09:00,7820.0,7830.0,7820.0,7830.0,409,0.0,0.0
2024-10-16 14:01:00+09:00,7830.0,7840.0,7830.0,7840.0,0,0.0,0.0
2024-10-16 14:10:00+09:00,7810.0,7820.0,7810.0,7820.0,116,0.0,0.0
2024-10-16 14:11:00+09:00,7830.0,7830.0,7830.0,7830.0,536,0.0,0.0
2024-10-16 14:13:00+09:00,7810.0,7810.0,7810.0,7810.0,0,0.0,0.0
2024-10-16 14:14:00+09:00,7820.0,7820.0,7820.0,7820.0,9,0.0,0.0
2024-10-16 14:20:00+09:00,7820.0,7820.0,7820.0,7820.0,4,0.0,0.0
2024-10-16 14:21:00+09:00,7820.0,7820.0,7810.0,7810.0,2093,0.0,0.0
2024-10-16 14:23:00+09:00,7810.0,7810.0,7810.0,7810.0,164,0.0,0.0
2024-10-16 14:25:00+09:00,7800.0,7800.0,7800.0,7800.0,0,0.0,0.0
2024-10-16 14:30:00+09:00,7800.0,7800.0,7800.0,7800.0,45,0.0,0.0
2024-10-16 14:33:00+09:00,7820.0,7820.0,7820.0,7820.0,130,0.0,0.0
2024-10-16 14:35:00+09:00,7810.0,7810.0,7810.0,7810.0,0,0.0,0.0
2024-10-16 14:45:00+09:00,7820.0,7820.0,7820.0,7820.0,2,0.0,0.0
2024-10-16 14:53:00+09:00,7820.0,7820.0,7820.0,7820.0,9,0.0,0.0
2024-10-16 14:56:00+09:00,7820.0,7820.0,7820.0,7820.0,83,0.0,0.0
2024-10-16 14:57:00+09:00,7820.0,7820.0,7820.0,7820.0,0,0.0,0.0
2024-10-16 14:58:00+09:00,7820.0,7820.0,7820.0,7820.0,32,0.0,0.0
2024-10-17 09:00:00+09:00,7830.0,7830.0,7830.0,7830.0,1626,0.0,0.0
2024-10-17 09:01:00+09:00,7830.0,7830.0,7830.0,7830.0,0,0.0,0.0
2024-10-17 09:02:00+09:00,7830.0,7830.0,7830.0,7830.0,0,0.0,0.0
2024-10-17 09:03:00+09:00,7830.0,7830.0,7830.0,7830.0,690,0.0,0.0
2024-10-17 09:04:00+09:00,7870.0,7870.0,7870.0,7870.0,2,0.0,0.0
2024-10-17 09:05:00+09:00,7870.0,7870.0,7870.0,7870.0,73,0.0,0.0
2024-10-17 09:07:00+09:00,7870.0,7870.0,7870.0,7870.0,128,0.0,0.0
2024-10-17 09:08:00+09:00,7870.0,7870.0,7870.0,7870.0,100,0.0,0.0
2024-10-17 09:09:00+09:00,7840.0,7840.0,7830.0,7830.0,270,0.0,0.0
2024-10-17 09:10:00+09:00,7840.0,7840.0,7840.0,7840.0,50,0.0,0.0
2024-10-17 09:11:00+09:00,7830.0,7830.0,7790.0,7800.0,238,0.0,0.0
2024-10-17 09:12:00+09:00,7800.0,7800.0,7800.0,7800.0,77,0.0,0.0
2024-10-17 09:13:00+09:00,7810.0,7810.0,7810.0,7810.0,0,0.0,0.0
2024-10-17 09:15:00+09:00,7820.0,7820.0,7800.0,7800.0,169,0.0,0.0
2024-10-17 09:17:00+09:00,7800.0,7800.0,7800.0,7800.0,0,0.0,0.0
2024-10-17 09:20:00+09:00,7800.0,7800.0,7800.0,7800.0,6,0.0,0.0
2024-10-17 09:22:00+09:00,7820.0,7820.0,7820.0,7820.0,26,0.0,0.0
2024-10-17 09:23:00+09:00,7820.0,7820.0,7820.0,7820.0,60,0.0,0.0
2024-10-17 09:24:00+09:00,7820.0,7830.0,7820.0,7830.0,47,0.0,0.0
2024-10-17 09:25:00+09:00,7830.0,7830.0,7830.0,7830.0,0,0.0,0.0
2024-10-17 09:30:00+09:00,7840.0,7840.0,7840.0,7840.0,23,0.0,0.0
2024-10-17 09:33:00+09:00,7830.0,7830.0,7820.0,7820.0,25,0.0,0.0
2024-10-17 09:37:00+09:00,7830.0,7830.0,7830.0,7830.0,0,0.0,0.0
2024-10-17 09:38:00+09:00,7820.0,7820.0,7820.0,7820.0,276,0.0,0.0
2024-10-17 09:39:00+09:00,7830.0,7830.0,7830.0,7830.0,10,0.0,0.0
2024-10-17 09:40:00+09:00,7830.0,7830.0,7820.0,7820.0,0,0.0,0.0
2024-10-17 09:41:00+09:00,7820.0,7830.0,7810.0,7810.0,39,0.0,0.0
2024-10-17 09:42:00+09:00,7830.0,7830.0,7830.0,7830.0,0,0.0,0.0
2024-10-17 09:45:00+09:00,7830.0,7830.0,7830.0,7830.0,19,0.0,0.0
2024-10-17 09:46:00+09:00,7820.0,7820.0,7810.0,7810.0,23,0.0,0.0
2024-10-17 09:51:00+09:00,7810.0,7810.0,7810.0,7810.0,238,0.0,0.0
2024-10-17 09:53:00+09:00,7810.0,7810.0,7810.0,7810.0,0,0.0,0.0
2024-10-17 09:54:00+09:00,7810.0,7810.0,7810.0,7810.0,100,0.0,0.0
2024-10-17 09:56:00+09:00,7810.0,7810.0,7810.0,7810.0,150,0.0,0.0
2024-10-17 09:58:00+09:00,7810.0,7810.0,7810.0,7810.0,500,0.0,0.0
2024-10-17 09:59:00+09:00,7810.0,7810.0,7810.0,7810.0,0,0.0,0.0
2024-10-17 10:01:00+09:00,7810.0,7810.0,7800.0,7800.0,2339,0.0,0.0
2024-10-17 10:02:00+09:00,7790.0,7790.0,7790.0,7790.0,119,0.0,0.0
2024-10-17 10:03:00+09:00,7790.0,7810.0,7780.0,7810.0,218,0.0,0.0
2024-10-17 10:04:00+09:00,7810.0,7810.0,7810.0,7810.0,11,0.0,0.0
2024-10-17 10:05:00+09:00,7810.0,7810.0,7810.0,7810.0,0,0.0,0.0
2024-10-17 10:06:00+09:00,7810.0,7810.0,7810.0,7810.0,9,0.0,0.0
2024-10-17 10:09:00+09:00,7810.0,7810.0,7780.0,7780.0,128,0.0,0.0
2024-10-17 10:13:00+09:00,7790.0,7790.0,7780.0,7780.0,250,0.0,0.0
2024-10-17 10:15:00+09:00,7790.0,7790.0,7790.0,7790.0,0,0.0,0.0
2024-10-17 10:17:00+09:00,7780.0,7780.0,7780.0,7780.0,94,0.0,0.0
2024-10-17 10:18:00+09:00,7780.0,7780.0,7780.0,7780.0,100,0.0,0.0
2024-10-17 10:19:00+09:00,7780.0,7780.0,7780.0,7780.0,224,0.0,0.0
2024-10-17 10:20:00+09:00,7780.0,7780.0,7780.0,7780.0,105,0.0,0.0
2024-10-17 10:21:00+09:00,7780.0,7790.0,7780.0,7790.0,0,0.0,0.0
2024-10-17 10:22:00+09:00,7790.0,7790.0,7790.0,7790.0,312,0.0,0.0
2024-10-17 10:23:00+09:00,7790.0,7800.0,7790.0,7800.0,0,0.0,0.0
2024-10-17 10:26:00+09:00,7790.0,7790.0,7790.0,7790.0,23,0.0,0.0
2024-10-17 10:27:00+09:00,7780.0,7780.0,7780.0,7780.0,280,0.0,0.0
2024-10-17 10:30:00+09:00,7780.0,7780.0,7780.0,7780.0,10,0.0,0.0
2024-10-17 10:31:00+09:00,7770.0,7770.0,7770.0,7770.0,1421,0.0,0.0
2024-10-17 10:32:00+09:00,7770.0,7780.0,7770.0,7780.0,0,0.0,0.0
2024-10-17 10:34:00+09:00,7780.0,7780.0,7780.0,7780.0,0,0.0,0.0
2024-10-17 10:35:00+09:00,7780.0,7780.0,7780.0,7780.0,0,0.0,0.0
2024-10-17 10:36:00+09:00,7780.0,7780.0,7780.0,7780.0,234,0.0,0.0
2024-10-17 10:39:00+09:00,7780.0,7780.0,7780.0,7780.0,40,0.0,0.0
2024-10-17 10:44:00+09:00,7780.0,7780.0,7770.0,7770.0,230,0.0,0.0
2024-10-17 10:45:00+09:00,7770.0,7770.0,7770.0,7770.0,110,0.0,0.0
2024-10-17 10:46:00+09:00,7770.0,7770.0,7770.0,7770.0,361,0.0,0.0
2024-10-17 10:47:00+09:00,7780.0,7780.0,7780.0,7780.0,0,0.0,0.0
2024-10-17 10:48:00+09:00,7760.0,7770.0,7760.0,7770.0,515,0.0,0.0
2024-10-17 10:49:00+09:00,7770.0,7770.0,7750.0,7770.0,1147,0.0,0.0
2024-10-17 10:50:00+09:00,7770.0,7770.0,7770.0,7770.0,0,0.0,0.0
2024-10-17 10:52:00+09:00,7770.0,7770.0,7770.0,7770.0,127,0.0,0.0
2024-10-17 10:53:00+09:00,7750.0,7750.0,7750.0,7750.0,1598,0.0,0.0
2024-10-17 10:55:00+09:00,7750.0,7750.0,7750.0,7750.0,0,0.0,0.0
2024-10-17 10:56:00+09:00,7760.0,7760.0,7760.0,7760.0,59,0.0,0.0
2024-10-17 10:57:00+09:00,7760.0,7760.0,7760.0,7760.0,0,0.0,0.0
2024-10-17 10:58:00+09:00,7760.0,7760.0,7760.0,7760.0,14,0.0,0.0
2024-10-17 10:59:00+09:00,7760.0,7760.0,7760.0,7760.0,0,0.0,0.0
2024-10-17 11:01:00+09:00,7750.0,7750.0,7750.0,7750.0,1,0.0,0.0
2024-10-17 11:02:00+09:00,7760.0,7770.0,7760.0,7770.0,50,0.0,0.0
2024-10-17 11:03:00+09:00,7760.0,7760.0,7760.0,7760.0,2,0.0,0.0
2024-10-17 11:05:00+09:00,7770.0,7770.0,7770.0,7770.0,248,0.0,0.0
2024-10-17 11:09:00+09:00,7780.0,7780.0,7780.0,7780.0,10,0.0,0.0
2024-10-17 11:12:00+09:00,7790.0,7790.0,7790.0,7790.0,33,0.0,0.0
2024-10-17 11:14:00+09:00,7820.0,7820.0,7820.0,7820.0,0,0.0,0.0
2024-10-17 11:16:00+09:00,7820.0,7820.0,7820.0,7820.0,1,0.0,0.0
2024-10-17 11:25:00+09:00,7810.0,7810.0,7810.0,7810.0,1,0.0,0.0
2024-10-17 11:26:00+09:00,7810.0,7810.0,7810.0,7810.0,27,0.0,0.0
2024-10-17 11:28:00+09:00,7820.0,7820.0,7810.0,7810.0,187,0.0,0.0
2024-10-17 11:30:00+09:00,7820.0,7820.0,7820.0,7820.0,0,0.0,0.0
2024-10-17 11:35:00+09:00,7820.0,7820.0,7820.0,7820.0,8,0.0,0.0
2024-10-17 11:36:00+09:00,7820.0,7820.0,7820.0,7820.0,6,0.0,0.0
2024-10-17 11:37:00+09:00,7790.0,7790.0,7770.0,7770.0,20,0.0,0.0
2024-10-17 11:42:00+09:00,7780.0,7780.0,7780.0,7780.0,44,0.0,0.0
2024-10-17 11:47:00+09:00,7780.0,7800.0,7780.0,7800.0,368,0.0,0.0
2024-10-17 11:57:00+09:00,7790.0,7790.0,7790.0,7790.0,16,0.0,0.0
2024-10-17 11:58:00+09:00,7790.0,7790.0,7790.0,7790.0,9,0.0,0.0
2024-10-17 12:05:00+09:00,7790.0,7790.0,7790.0,7790.0,31,0.0,0.0
2024-10-17 12:06:00+09:00,7780.0,7790.0,7780.0,7790.0,0,0.0,0.0
2024-10-17 12:07:00+09:00,7790.0,7790.0,7790.0,7790.0,66,0.0,0.0
2024-10-17 12:08:00+09:00,7790.0,7790.0,7790.0,7790.0,2,0.0,0.0
2024-10-17 12:10:00+09:00,7800.0,7800.0,7800.0,7800.0,3,0.0,0.0
2024-10-17 12:12:00+09:00,7800.0,7810.0,7800.0,7810.0,1189,0.0,0.0
2024-10-17 12:15:00+09:00,7810.0,7820.0,7800.0,7820.0,44,0.0,0.0
2024-10-17 12:16:00+09:00,7820.0,7830.0,7820.0,7830.0,200,0.0,0.0
2024-10-17 12:17:00+09:00,7820.0,7820.0,7820.0,7820.0,0,0.0,0.0
2024-10-17 12:18:00+09:00,7830.0,7830.0,7830.0,7830.0,88,0.0,0.0
2024-10-17 12:19:00+09:00,7810.0,7810.0,7810.0,7810.0,498,0.0,0.0
2024-10-17 12:21:00+09:00,7800.0,7800.0,7800.0,7800.0,0,0.0,0.0
2024-10-17 12:24:00+09:00,7830.0,7830.0,7830.0,7830.0,10,0.0,0.0
2024-10-17 12:27:00+09:00,7820.0,7820.0,7820.0,7820.0,0,0.0,0.0
2024-10-17 12:30:00+09:00,7820.0,7820.0,7800.0,7800.0,200,0.0,0.0
2024-10-17 12:34:00+09:00,7800.0,7800.0,7790.0,7790.0,190,0.0,0.0
2024-10-17 12:44:00+09:00,7830.0,7830.0,7830.0,7830.0,10,0.0,0.0
2024-10-17 13:01:00+09:00,7800.0,7800.0,7800.0,7800.0,0,0.0,0.0
2024-10-17 13:03:00+09:00,7830.0,7830.0,7830.0,7830.0,1,0.0,0.0
2024-10-17 13:11:00+09:00,7800.0,7800.0,7800.0,7800.0,37,0.0,0.0
2024-10-17 13:13:00+09:00,7790.0,7790.0,7790.0,7790.0,26,0.0,0.0
2024-10-17 13:15:00+09:00,7790.0,7790.0,7790.0,7790.0,12,0.0,0.0
2024-10-17 13:21:00+09:00,7800.0,7800.0,7800.0,7800.0,230,0.0,0.0
2024-10-17 13:23:00+09:00,7800.0,7800.0,7800.0,7800.0,0,0.0,0.0
2024-10-17 13:25:00+09:00,7800.0,7800.0,7800.0,7800.0,321,0.0,0.0
2024-10-17 13:26:00+09:00,7790.0,7810.0,7780.0,7810.0,0,0.0,0.0
2024-10-17 13:33:00+09:00,7800.0,7800.0,7800.0,7800.0,1000,0.0,0.0
2024-10-17 13:34:00+09:00,7800.0,7800.0,7790.0,7790.0,50,0.0,0.0
2024-10-17 13:42:00+09:00,7790.0,7790.0,7790.0,7790.0,10,0.0,0.0
2024-10-17 13:49:00+09:00,7780.0,7780.0,7780.0,7780.0,183,0.0,0.0
2024-10-17 13:59:00+09:00,7780.0,7780.0,7780.0,7780.0,50,0.0,0.0
2024-10-17 14:05:00+09:00,7780.0,7780.0,7780.0,7780.0,95,0.0,0.0
2024-10-17 14:12:00+09:00,7780.0,7780.0,7780.0,7780.0,24,0.0,0.0
2024-10-17 14:16:00+09:00,7770.0,7780.0,7770.0,7780.0,18,0.0,0.0
2024-10-17 14:21:00+09:00,7780.0,7780.0,7780.0,7780.0,100,0.0,0.0
2024-10-17 14:22:00+09:00,7770.0,7770.0,7770.0,7770.0,228,0.0,0.0
2024-10-17 14:24:00+09:00,7770.0,7780.0,7770.0,7780.0,126,0.0,0.0
2024-10-17 14:25:00+09:00,7780.0,7780.0,7760.0,7760.0,404,0.0,0.0
2024-10-17 14:28:00+09:00,7760.0,7760.0,7760.0,7760.0,0,0.0,0.0
2024-10-17 14:34:00+09:00,7760.0,7780.0,7760.0,7780.0,324,0.0,0.0
2024-10-17 14:35:00+09:00,7780.0,7780.0,7780.0,7780.0,0,0.0,0.0
2024-10-17 14:36:00+09:00,7780.0,7790.0,7780.0,7790.0,627,0.0,0.0
2024-10-17 14:40:00+09:00,7790.0,7790.0,7790.0,7790.0,2,0.0,0.0
2024-10-17 14:45:00+09:00,7790.0,7790.0,7790.0,7790.0,8,0.0,0.0
2024-10-17 14:48:00+09:00,7790.0,7790.0,7790.0,7790.0,100,0.0,0.0
2024-10-17 14:51:00+09:00,7790.0,7790.0,7790.0,7790.0,0,0.0,0.0
2024-10-17 14:52:00+09:00,7790.0,7790.0,7790.0,7790.0,18,0.0,0.0
2024-10-17 14:55:00+09:00,7780.0,7780.0,7780.0,7780.0,2,0.0,0.0
2024-10-17 14:57:00+09:00,7790.0,7790.0,7790.0,7790.0,1,0.0,0.0
2024-10-17 14:58:00+09:00,7790.0,7800.0,7790.0,7800.0,2,0.0,0.0
2024-10-17 14:59:00+09:00,7790.0,7790.0,7790.0,7790.0,127,0.0,0.0
2024-10-18 09:00:00+09:00,7810.0,7830.0,7810.0,7830.0,286,0.0,0.0
2024-10-18 09:02:00+09:00,7830.0,7830.0,7830.0,7830.0,186,0.0,0.0
2024-10-18 09:03:00+09:00,7830.0,7830.0,7830.0,7830.0,0,0.0,0.0
2024-10-18 09:04:00+09:00,7830.0,7830.0,7810.0,7810.0,356,0.0,0.0
2024-10-18 09:05:00+09:00,7800.0,7800.0,7800.0,7800.0,0,0.0,0.0
2024-10-18 09:06:00+09:00,7800.0,7800.0,7800.0,7800.0,3,0.0,0.0
2024-10-18 09:07:00+09:00,7790.0,7790.0,7720.0,7720.0,257,0.0,0.0
2024-10-18 09:08:00+09:00,7730.0,7730.0,7730.0,7730.0,743,0.0,0.0
2024-10-18 09:10:00+09:00,7730.0,7730.0,7700.0,7700.0,1934,0.0,0.0
2024-10-18 09:11:00+09:00,7710.0,7720.0,7710.0,7720.0,551,0.0,0.0
2024-10-18 09:12:00+09:00,7740.0,7740.0,7740.0,7740.0,10,0.0,0.0
2024-10-18 09:13:00+09:00,7720.0,7740.0,7710.0,7740.0,892,0.0,0.0
2024-10-18 09:14:00+09:00,7750.0,7750.0,7750.0,7750.0,163,0.0,0.0
2024-10-18 09:15:00+09:00,7730.0,7730.0,7710.0,7710.0,4219,0.0,0.0
2024-10-18 09:17:00+09:00,7720.0,7720.0,7710.0,7710.0,0,0.0,0.0
2024-10-18 09:18:00+09:00,7710.0,7710.0,7710.0,7710.0,187,0.0,0.0
2024-10-18 09:19:00+09:00,7710.0,7710.0,7710.0,7710.0,218,0.0,0.0
2024-10-18 09:20:00+09:00,7710.0,7710.0,7700.0,7710.0,336,0.0,0.0
2024-10-18 09:21:00+09:00,7710.0,7710.0,7700.0,7700.0,324,0.0,0.0
2024-10-18 09:22:00+09:00,7710.0,7710.0,7710.0,7710.0,0,0.0,0.0
2024-10-18 09:23:00+09:00,7710.0,7710.0,7710.0,7710.0,62,0.0,0.0
2024-10-18 09:25:00+09:00,7710.0,7720.0,7710.0,7720.0,83,0.0,0.0
2024-10-18 09:27:00+09:00,7720.0,7720.0,7720.0,7720.0,0,0.0,0.0
2024-10-18 09:30:00+09:00,7730.0,7730.0,7720.0,7720.0,15,0.0,0.0
2024-10-18 09:34:00+09:00,7730.0,7730.0,7730.0,7730.0,2,0.0,0.0
2024-10-18 09:35:00+09:00,7730.0,7730.0,7730.0,7730.0,19,0.0,0.0
2024-10-18 09:37:00+09:00,7730.0,7730.0,7720.0,7720.0,30,0.0,0.0
2024-10-18 09:41:00+09:00,7720.0,7730.0,7720.0,7730.0,479,0.0,0.0
2024-10-18 09:42:00+09:00,7730.0,7730.0,7730.0,7730.0,31,0.0,0.0
2024-10-18 09:44:00+09:00,7730.0,7730.0,7710.0,7710.0,911,0.0,0.0
2024-10-18 09:45:00+09:00,7710.0,7710.0,7710.0,7710.0,0,0.0,0.0
2024-10-18 09:46:00+09:00,7710.0,7710.0,7710.0,7710.0,101,0.0,0.0
2024-10-18 09:47:00+09:00,7710.0,7710.0,7710.0,7710.0,39,0.0,0.0
2024-10-18 09:48:00+09:00,7710.0,7710.0,7700.0,7710.0,463,0.0,0.0
2024-10-18 09:49:00+09:00,7700.0,7700.0,7700.0,7700.0,128,0.0,0.0
2024-10-18 09:50:00+09:00,7700.0,7700.0,7700.0,7700.0,0,0.0,0.0
2024-10-18 09:53:00+09:00,7700.0,7700.0,7700.0,7700.0,223,0.0,0.0
2024-10-18 09:58:00+09:00,7710.0,7710.0,7690.0,7690.0,509,0.0,0.0
2024-10-18 10:04:00+09:00,7720.0,7720.0,7720.0,7720.0,2,0.0,0.0
2024-10-18 10:05:00+09:00,7720.0,7720.0,7700.0,7720.0,7,0.0,0.0
2024-10-18 10:07:00+09:00,7720.0,7720.0,7700.0,7700.0,418,0.0,0.0
2024-10-18 10:08:00+09:00,7700.0,7700.0,7700.0,7700.0,649,0.0,0.0
2024-10-18 10:10:00+09:00,7710.0,7710.0,7710.0,7710.0,0,0.0,0.0
2024-10-18 10:12:00+09:00,7710.0,7710.0,7670.0,7670.0,3164,0.0,0.0
2024-10-18 10:13:00+09:00,7710.0,7710.0,7710.0,7710.0,0,0.0,0.0
2024-10-18 10:18:00+09:00,7700.0,7700.0,7700.0,7700.0,217,0.0,0.0
2024-10-18 10:20:00+09:00,7700.0,7700.0,7700.0,7700.0,109,0.0,0.0
2024-10-18 10:21:00+09:00,7700.0,7700.0,7700.0,7700.0,0,0.0,0.0
2024-10-18 10:22:00+09:00,7690.0,7690.0,7660.0,7660.0,2497,0.0,0.0
2024-10-18 10:23:00+09:00,7660.0,7660.0,7660.0,7660.0,100,0.0,0.0
2024-10-18 10:26:00+09:00,7670.0,7670.0,7660.0,7660.0,1738,0.0,0.0
2024-10-18 10:30:00+09:00,7690.0,7690.0,7690.0,7690.0,0,0.0,0.0
2024-10-18 10:32:00+09:00,7690.0,7690.0,7690.0,7690.0,17,0.0,0.0
2024-10-18 10:33:00+09:00,7670.0,7670.0,7670.0,7670.0,151,0.0,0.0
2024-10-18 10:37:00+09:00,7690.0,7690.0,7690.0,7690.0,0,0.0,0.0
2024-10-18 10:41:00+09:00,7700.0,7700.0,7700.0,7700.0,26,0.0,0.0
2024-10-18 10:43:00+09:00,7690.0,7690.0,7690.0,7690.0,0,0.0,0.0
2024-10-18 10:44:00+09:00,7670.0,7680.0,7670.0,7680.0,33,0.0,0.0
2024-10-18 10:45:00+09:00,7670.0,7670.0,7660.0,7660.0,130,0.0,0.0
2024-10-18 10:46:00+09:00,7670.0,7670.0,7670.0,7670.0,6,0.0,0.0
2024-10-18 10:49:00+09:00,7670.0,7670.0,7670.0,7670.0,37,0.0,0.0
2024-10-18 10:50:00+09:00,7670.0,7670.0,7670.0,7670.0,0,0.0,0.0
2024-10-18 10:51:00+09:00,7670.0,7670.0,7670.0,7670.0,8,0.0,0.0
2024-10-18 10:56:00+09:00,7670.0,7670.0,7670.0,7670.0,200,0.0,0.0
2024-10-18 10:57:00+09:00,7670.0,7680.0,7670.0,7680.0,0,0.0,0.0
2024-10-18 10:58:00+09:00,7680.0,7680.0,7680.0,7680.0,9,0.0,0.0
2024-10-18 11:01:00+09:00,7680.0,7680.0,7680.0,7680.0,56,0.0,0.0
2024-10-18 11:02:00+09:00,7680.0,7680.0,7680.0,7680.0,0,0.0,0.0
2024-10-18 11:04:00+09:00,7670.0,7670.0,7660.0,7660.0,179,0.0,0.0
2024-10-18 11:05:00+09:00,7690.0,7690.0,7690.0,7690.0,0,0.0,0.0
2024-10-18 11:06:00+09:00,7690.0,7690.0,7690.0,7690.0,4,0.0,0.0
2024-10-18 11:12:00+09:00,7660.0,7670.0,7660.0,7660.0,34,0.0,0.0
2024-10-18 11:14:00+09:00,7660.0,7660.0,7660.0,7660.0,111,0.0,0.0
2024-10-18 11:17:00+09:00,7670.0,7670.0,7670.0,7670.0,0,0.0,0.0
2024-10-18 11:18:00+09:00,7660.0,7660.0,7650.0,7650.0,2015,0.0,0.0
2024-10-18 11:21:00+09:00,7650.0,7650.0,7640.0,7640.0,80,0.0,0.0
2024-10-18 11:23:00+09:00,7650.0,7650.0,7650.0,7650.0,0,0.0,0.0
2024-10-18 11:24:00+09:00,7640.0,7640.0,7640.0,7640.0,730,0.0,0.0
2024-10-18 11:26:00+09:00,7640.0,7640.0,7640.0,7640.0,55,0.0,0.0
2024-10-18 11:27:00+09:00,7650.0,7650.0,7650.0,7650.0,18,0.0,0.0
2024-10-18 11:29:00+09:00,7640.0,7650.0,7640.0,7650.0,52,0.0,0.0
2024-10-18 11:32:00+09:00,7650.0,7650.0,7650.0,7650.0,8,0.0,0.0
2024-10-18 11:37:00+09:00,7660.0,7660.0,7660.0,7660.0,24,0.0,0.0
2024-10-18 11:41:00+09:00,7660.0,7660.0,7660.0,7660.0,10,0.0,0.0
2024-10-18 11:42:00+09:00,7660.0,7660.0,7640.0,7640.0,934,0.0,0.0
2024-10-18 11:44:00+09:00,7650.0,7650.0,7650.0,7650.0,82,0.0,0.0
2024-10-18 11:46:00+09:00,7650.0,7650.0,7650.0,7650.0,0,0.0,0.0
2024-10-18 11:47:00+09:00,7650.0,7650.0,7650.0,7650.0,71,0.0,0.0
2024-10-18 11:48:00+09:00,7640.0,7640.0,7640.0,7640.0,251,0.0,0.0
2024-10-18 11:49:00+09:00,7640.0,7640.0,7640.0,7640.0,46,0.0,0.0
2024-10-18 11:50:00+09:00,7640.0,7640.0,7640.0,7640.0,902,0.0,0.0
2024-10-18 11:52:00+09:00,7640.0,7640.0,7640.0,7640.0,0,0.0,0.0
2024-10-18 11:53:00+09:00,7640.0,7640.0,7640.0,7640.0,594,0.0,0.0
2024-10-18 11:55:00+09:00,7640.0,7640.0,7640.0,7640.0,1,0.0,0.0
2024-10-18 11:58:00+09:00,7640.0,7640.0,7640.0,7640.0,399,0.0,0.0
2024-10-18 12:01:00+09:00,7630.0,7630.0,7630.0,7630.0,0,0.0,0.0
2024-10-18 12:06:00+09:00,7660.0,7660.0,7660.0,7660.0,4,0.0,0.0
2024-10-18 12:07:00+09:00,7660.0,7660.0,7660.0,7660.0,249,0.0,0.0
2024-10-18 12:09:00+09:00,7670.0,7670.0,7670.0,7670.0,2,0.0,0.0
2024-10-18 12:13:00+09:00,7670.0,7670.0,7630.0,7630.0,1308,0.0,0.0
2024-10-18 12:15:00+09:00,7630.0,7630.0,7630.0,7630.0,0,0.0,0.0
2024-10-18 12:17:00+09:00,7630.0,7630.0,7630.0,7630.0,46,0.0,0.0
2024-10-18 12:21:00+09:00,7650.0,7650.0,7630.0,7630.0,12,0.0,0.0
2024-10-18 12:28:00+09:00,7640.0,7640.0,7630.0,7630.0,12,0.0,0.0
2024-10-18 12:29:00+09:00,7630.0,7630.0,7620.0,7620.0,1079,0.0,0.0
2024-10-18 12:30:00+09:00,7620.0,7620.0,7610.0,7610.0,2438,0.0,0.0
2024-10-18 12:32:00+09:00,7630.0,7630.0,7630.0,7630.0,0,0.0,0.0
2024-10-18 12:34:00+09:00,7620.0,7620.0,7620.0,7620.0,205,0.0,0.0
2024-10-18 12:38:00+09:00,7620.0,7620.0,7620.0,7620.0,24,0.0,0.0
2024-10-18 12:39:00+09:00,7610.0,7610.0,7600.0,7600.0,1473,0.0,0.0
2024-10-18 12:40:00+09:00,7600.0,7600.0,7600.0,7600.0,4,0.0,0.0
2024-10-18 12:42:00+09:00,7600.0,7600.0,7600.0,7600.0,98,0.0,0.0
2024-10-18 12:44:00+09:00,7600.0,7600.0,7600.0,7600.0,0,0.0,0.0
2024-10-18 12:46:00+09:00,7600.0,7600.0,7600.0,7600.0,0,0.0,0.0
2024-10-18 12:47:00+09:00,7600.0,7600.0,7600.0,7600.0,10,0.0,0.0
2024-10-18 12:48:00+09:00,7600.0,7600.0,7600.0,7600.0,0,0.0,0.0
2024-10-18 12:49:00+09:00,7600.0,7600.0,7600.0,7600.0,3,0.0,0.0
2024-10-18 12:50:00+09:00,7600.0,7600.0,7600.0,7600.0,56,0.0,0.0
2024-10-18 12:52:00+09:00,7590.0,7600.0,7590.0,7600.0,113,0.0,0.0
2024-10-18 12:54:00+09:00,7600.0,7600.0,7600.0,7600.0,4,0.0,0.0
2024-10-18 12:55:00+09:00,7600.0,7600.0,7600.0,7600.0,1124,0.0,0.0
2024-10-18 12:56:00+09:00,7590.0,7590.0,7590.0,7590.0,0,0.0,0.0
2024-10-18 12:58:00+09:00,7590.0,7590.0,7590.0,7590.0,8,0.0,0.0
2024-10-18 12:59:00+09:00,7580.0,7600.0,7580.0,7600.0,209,0.0,0.0
2024-10-18 13:00:00+09:00,7580.0,7580.0,7580.0,7580.0,241,0.0,0.0
2024-10-18 13:01:00+09:00,7580.0,7580.0,7580.0,7580.0,0,0.0,0.0
2024-10-18 13:02:00+09:00,7570.0,7570.0,7570.0,7570.0,8,0.0,0.0
2024-10-18 13:03:00+09:00,7570.0,7570.0,7570.0,7570.0,185,0.0,0.0
2024-10-18 13:05:00+09:00,7580.0,7580.0,7580.0,7580.0,6,0.0,0.0
2024-10-18 13:06:00+09:00,7560.0,7580.0,7560.0,7580.0,9,0.0,0.0
2024-10-18 13:07:00+09:00,7580.0,7580.0,7560.0,7570.0,298,0.0,0.0
2024-10-18 13:08:00+09:00,7560.0,7560.0,7560.0,7560.0,0,0.0,0.0
2024-10-18 13:09:00+09:00,7560.0,7560.0,7560.0,7560.0,5,0.0,0.0
2024-10-18 13:10:00+09:00,7570.0,7570.0,7550.0,7560.0,91,0.0,0.0
2024-10-18 13:11:00+09:00,7560.0,7560.0,7560.0,7560.0,3,0.0,0.0
2024-10-18 13:12:00+09:00,7560.0,7560.0,7560.0,7560.0,13,0.0,0.0
2024-10-18 13:13:00+09:00,7560.0,7560.0,7540.0,7540.0,567,0.0,0.0
2024-10-18 13:14:00+09:00,7540.0,7540.0,7530.0,7530.0,293,0.0,0.0
2024-10-18 13:15:00+09:00,7530.0,7540.0,7520.0,7540.0,1572,0.0,0.0
2024-10-18 13:16:00+09:00,7540.0,7540.0,7530.0,7540.0,0,0.0,0.0
2024-10-18 13:17:00+09:00,7540.0,7550.0,7540.0,7550.0,211,0.0,0.0
2024-10-18 13:18:00+09:00,7540.0,7540.0,7540.0,7540.0,254,0.0,0.0
2024-10-18 13:22:00+09:00,7540.0,7540.0,7540.0,7540.0,0,0.0,0.0
2024-10-18 13:23:00+09:00,7540.0,7550.0,7540.0,7550.0,2,0.0,0.0
2024-10-18 13:24:00+09:00,7550.0,7550.0,7550.0,7550.0,39,0.0,0.0
2024-10-18 13:25:00+09:00,7550.0,7550.0,7550.0,7550.0,193,0.0,0.0
2024-10-18 13:26:00+09:00,7550.0,7560.0,7550.0,7560.0,40,0.0,0.0
2024-10-18 13:27:00+09:00,7560.0,7560.0,7560.0,7560.0,1,0.0,0.0
2024-10-18 13:29:00+09:00,7550.0,7560.0,7540.0,7550.0,50,0.0,0.0
2024-10-18 13:32:00+09:00,7550.0,7550.0,7550.0,7550.0,2,0.0,0.0
2024-10-18 13:37:00+09:00,7550.0,7560.0,7550.0,7560.0,40,0.0,0.0
2024-10-18 13:38:00+09:00,7550.0,7560.0,7550.0,7560.0,167,0.0,0.0
2024-10-18 13:39:00+09:00,7560.0,7560.0,7560.0,7560.0,21,0.0,0.0
2024-10-18 13:42:00+09:00,7560.0,7560.0,7560.0,7560.0,92,0.0,0.0
2024-10-18 13:47:00+09:00,7570.0,7570.0,7570.0,7570.0,275,0.0,0.0
2024-10-18 13:48:00+09:00,7580.0,7580.0,7580.0,7580.0,0,0.0,0.0
2024-10-18 13:50:00+09:00,7580.0,7580.0,7580.0,7580.0,8,0.0,0.0
2024-10-18 13:52:00+09:00,7560.0,7560.0,7560.0,7560.0,0,0.0,0.0
2024-10-18 13:53:00+09:00,7560.0,7560.0,7560.0,7560.0,30,0.0,0.0
2024-10-18 13:54:00+09:00,7560.0,7580.0,7560.0,7580.0,244,0.0,0.0
2024-10-18 13:55:00+09:00,7580.0,7580.0,7580.0,7580.0,31,0.0,0.0
2024-10-18 13:56:00+09:00,7580.0,7580.0,7580.0,7580.0,18,0.0,0.0
2024-10-18 13:57:00+09:00,7570.0,7580.0,7570.0,7580.0,43,0.0,0.0
2024-10-18 14:01:00+09:00,7580.0,7580.0,7580.0,7580.0,39,0.0,0.0
2024-10-18 14:02:00+09:00,7590.0,7590.0,7590.0,7590.0,0,0.0,0.0
2024-10-18 14:03:00+09:00,7590.0,7600.0,7590.0,7600.0,20,0.0,0.0
2024-10-18 14:04:00+09:00,7590.0,7590.0,7590.0,7590.0,67,0.0,0.0
2024-10-18 14:08:00+09:00,7580.0,7580.0,7580.0,7580.0,60,0.0,0.0
2024-10-18 14:09:00+09:00,7590.0,7590.0,7590.0,7590.0,0,0.0,0.0
2024-10-18 14:12:00+09:00,7590.0,7590.0,7590.0,7590.0,180,0.0,0.0
2024-10-18 14:13:00+09:00,7590.0,7590.0,7590.0,7590.0,10,0.0,0.0
2024-10-18 14:14:00+09:00,7590.0,7590.0,7550.0,7550.0,1322,0.0,0.0
2024-10-18 14:17:00+09:00,7580.0,7580.0,7580.0,7580.0,0,0.0,0.0
2024-10-18 14:18:00+09:00,7580.0,7580.0,7580.0,7580.0,266,0.0,0.0
2024-10-18 14:19:00+09:00,7580.0,7580.0,7580.0,7580.0,499,0.0,0.0
2024-10-18 14:20:00+09:00,7600.0,7600.0,7600.0,7600.0,0,0.0,0.0
2024-10-18 14:21:00+09:00,7590.0,7600.0,7580.0,7600.0,103,0.0,0.0
2024-10-18 14:22:00+09:00,7590.0,7590.0,7590.0,7590.0,1,0.0,0.0
2024-10-18 14:23:00+09:00,7590.0,7590.0,7590.0,7590.0,1,0.0,0.0
2024-10-18 14:24:00+09:00,7590.0,7590.0,7590.0,7590.0,4,0.0,0.0
2024-10-18 14:30:00+09:00,7590.0,7590.0,7580.0,7580.0,66,0.0,0.0
2024-10-18 14:34:00+09:00,7580.0,7580.0,7580.0,7580.0,6,0.0,0.0
2024-10-18 14:35:00+09:00,7570.0,7570.0,7550.0,7550.0,359,0.0,0.0
2024-10-18 14:36:00+09:00,7560.0,7570.0,7550.0,7570.0,0,0.0,0.0
2024-10-18 14:37:00+09:00,7570.0,7570.0,7570.0,7570.0,49,0.0,0.0
2024-10-18 14:43:00+09:00,7570.0,7570.0,7560.0,7560.0,48,0.0,0.0
2024-10-18 14:44:00+09:00,7570.0,7570.0,7570.0,7570.0,5,0.0,0.0
2024-10-18 14:50:00+09:00,7580.0,7580.0,7580.0,7580.0,80,0.0,0.0
2024-10-18 14:51:00+09:00,7580.0,7580.0,7580.0,7580.0,0,0.0,0.0
2024-10-18 14:55:00+09:00,7580.0,7580.0,7580.0,7580.0,2,0.0,0.0
2024-10-18 14:56:00+09:00,7570.0,7570.0,7570.0,7570.0,1,0.0,0.0
2024-10-18 14:57:00+09:00,7560.0,7560.0,7560.0,7560.0,3,0.0,0.0
