Datetime,Open,High,Low,Close,Volume,Dividends,Stock Splits
2024-06-24 09:00:00+09:00,3950.0,3954.0,3941.0,3946.0,0,0.0,0.0
2024-06-24 09:01:00+09:00,3940.0,3948.0,3940.0,3948.0,1400,0.0,0.0
2024-06-24 09:02:00+09:00,3948.0,3948.0,3936.0,3942.0,1900,0.0,0.0
2024-06-24 09:03:00+09:00,3939.0,3940.0,3939.0,3940.0,700,0.0,0.0
2024-06-24 09:04:00+09:00,3942.0,3946.0,3942.0,3942.0,2000,0.0,0.0
2024-06-24 09:05:00+09:00,3943.0,3946.0,3943.0,3944.0,500,0.0,0.0
2024-06-24 09:06:00+09:00,3945.0,3950.0,3945.0,3949.0,2400,0.0,0.0
2024-06-24 09:07:00+09:00,3949.0,3949.0,3949.0,3949.0,100,0.0,0.0
2024-06-24 09:08:00+09:00,3949.0,3951.0,3949.0,3951.0,300,0.0,0.0
2024-06-24 09:09:00+09:00,3950.0,3950.0,3949.0,3949.0,400,0.0,0.0
2024-06-24 09:10:00+09:00,3950.0,3960.0,3950.0,3960.0,2900,0.0,0.0
2024-06-24 09:11:00+09:00,3960.0,3960.0,3955.0,3955.0,1900,0.0,0.0
2024-06-24 09:12:00+09:00,3953.0,3953.0,3950.0,3950.0,400,0.0,0.0
2024-06-24 09:13:00+09:00,3952.0,3953.0,3952.0,3953.0,200,0.0,0.0
2024-06-24 09:14:00+09:00,3949.0,3950.0,3947.0,3950.0,500,0.0,0.0
2024-06-24 09:15:00+09:00,3951.0,3955.0,3951.0,3955.0,800,0.0,0.0
2024-06-24 09:16:00+09:00,3957.0,3957.0,3957.0,3957.0,200,0.0,0.0
2024-06-24 09:17:00+09:00,3959.0,3960.0,3959.0,3960.0,600,0.0,0.0
2024-06-24 09:18:00+09:00,3959.0,3959.0,3955.0,3955.0,600,0.0,0.0
2024-06-24 09:19:00+09:00,3956.0,3958.0,3956.0,3958.0,500,0.0,0.0
2024-06-24 09:20:00+09:00,3955.0,3955.0,3955.0,3955.0,200,0.0,0.0
2024-06-24 09:21:00+09:00,3954.0,3955.0,3953.0,3953.0,300,0.0,0.0
2024-06-24 09:22:00+09:00,3954.0,3957.0,3954.0,3955.0,1000,0.0,0.0
2024-06-24 09:23:00+09:00,3952.0,3954.0,3952.0,3954.0,600,0.0,0.0
2024-06-24 09:24:00+09:00,3955.0,3955.0,3955.0,3955.0,200,0.0,0.0
2024-06-24 09:26:00+09:00,3957.0,3957.0,3957.0,3957.0,700,0.0,0.0
2024-06-24 09:27:00+09:00,3956.0,3956.0,3955.0,3955.0,900,0.0,0.0
2024-06-24 09:28:00+09:00,3955.0,3955.0,3955.0,3955.0,300,0.0,0.0
2024-06-24 09:29:00+09:00,3955.0,3959.0,3955.0,3959.0,1400,0.0,0.0
2024-06-24 09:30:00+09:00,3958.0,3959.0,3958.0,3959.0,400,0.0,0.0
2024-06-24 09:31:00+09:00,3959.0,3959.0,3959.0,3959.0,100,0.0,0.0
2024-06-24 09:32:00+09:00,3960.0,3960.0,3956.0,3956.0,1400,0.0,0.0
2024-06-24 09:33:00+09:00,3958.0,3958.0,3953.0,3954.0,4500,0.0,0.0
2024-06-24 09:34:00+09:00,3954.0,3957.0,3954.0,3957.0,1000,0.0,0.0
2024-06-24 09:35:00+09:00,3958.0,3958.0,3956.0,3956.0,700,0.0,0.0
2024-06-24 09:37:00+09:00,3958.0,3959.0,3958.0,3959.0,900,0.0,0.0
2024-06-24 09:38:00+09:00,3959.0,3960.0,3959.0,3960.0,1100,0.0,0.0
2024-06-24 09:39:00+09:00,3959.0,3959.0,3957.0,3957.0,600,0.0,0.0
2024-06-24 09:40:00+09:00,3956.0,3956.0,3956.0,3956.0,100,0.0,0.0
2024-06-24 09:41:00+09:00,3956.0,3956.0,3956.0,3956.0,600,0.0,0.0
2024-06-24 09:42:00+09:00,3955.0,3956.0,3955.0,3956.0,400,0.0,0.0
2024-06-24 09:43:00+09:00,3956.0,3956.0,3956.0,3956.0,300,0.0,0.0
2024-06-24 09:45:00+09:00,3955.0,3957.0,3955.0,3957.0,4500,0.0,0.0
2024-06-24 09:46:00+09:00,3955.0,3955.0,3954.0,3954.0,300,0.0,0.0
2024-06-24 09:47:00+09:00,3955.0,3956.0,3955.0,3955.0,700,0.0,0.0
2024-06-24 09:48:00+09:00,3955.0,3956.0,3955.0,3956.0,500,0.0,0.0
2024-06-24 09:49:00+09:00,3956.0,3956.0,3955.0,3956.0,300,0.0,0.0
2024-06-24 09:50:00+09:00,3954.0,3954.0,3954.0,3954.0,400,0.0,0.0
2024-06-24 09:51:00+09:00,3952.0,3952.0,3952.0,3952.0,300,0.0,0.0
2024-06-24 09:52:00+09:00,3953.0,3953.0,3953.0,3953.0,500,0.0,0.0
2024-06-24 09:53:00+09:00,3954.0,3954.0,3951.0,3953.0,1300,0.0,0.0
2024-06-24 09:54:00+09:00,3953.0,3953.0,3953.0,3953.0,100,0.0,0.0
2024-06-24 09:55:00+09:00,3954.0,3954.0,3954.0,3954.0,100,0.0,0.0
2024-06-24 09:58:00+09:00,3953.0,3953.0,3951.0,3951.0,1200,0.0,0.0
2024-06-24 09:59:00+09:00,3950.0,3950.0,3950.0,3950.0,2900,0.0,0.0
2024-06-24 10:00:00+09:00,3950.0,3950.0,3949.0,3949.0,600,0.0,0.0
2024-06-24 10:01:00+09:00,3950.0,3951.0,3950.0,3951.0,1300,0.0,0.0
2024-06-24 10:02:00+09:00,3950.0,3950.0,3949.0,3949.0,1100,0.0,0.0
2024-06-24 10:03:00+09:00,3948.0,3948.0,3946.0,3947.0,600,0.0,0.0
2024-06-24 10:04:00+09:00,3945.0,3945.0,3945.0,3945.0,100,0.0,0.0
2024-06-24 10:05:00+09:00,3945.0,3946.0,3945.0,3946.0,300,0.0,0.0
2024-06-24 10:06:00+09:00,3946.0,3946.0,3942.0,3942.0,700,0.0,0.0
2024-06-24 10:07:00+09:00,3942.0,3942.0,3941.0,3941.0,600,0.0,0.0
2024-06-24 10:08:00+09:00,3940.0,3940.0,3937.0,3940.0,3700,0.0,0.0
2024-06-24 10:09:00+09:00,3939.0,3939.0,3939.0,3939.0,100,0.0,0.0
2024-06-24 10:10:00+09:00,3938.0,3941.0,3938.0,3941.0,1800,0.0,0.0
2024-06-24 10:11:00+09:00,3942.0,3943.0,3942.0,3942.0,1000,0.0,0.0
2024-06-24 10:12:00+09:00,3940.0,3941.0,3936.0,3936.0,2100,0.0,0.0
2024-06-24 10:14:00+09:00,3938.0,3938.0,3936.0,3936.0,200,0.0,0.0
2024-06-24 10:15:00+09:00,3938.0,3939.0,3938.0,3939.0,700,0.0,0.0
2024-06-24 10:16:00+09:00,3938.0,3938.0,3938.0,3938.0,400,0.0,0.0
2024-06-24 10:17:00+09:00,3937.0,3938.0,3937.0,3938.0,200,0.0,0.0
2024-06-24 10:18:00+09:00,3939.0,3940.0,3939.0,3940.0,1400,0.0,0.0
2024-06-24 10:19:00+09:00,3941.0,3942.0,3941.0,3942.0,500,0.0,0.0
2024-06-24 10:20:00+09:00,3941.0,3941.0,3941.0,3941.0,300,0.0,0.0
2024-06-24 10:21:00+09:00,3940.0,3940.0,3940.0,3940.0,100,0.0,0.0
2024-06-24 10:22:00+09:00,3940.0,3940.0,3939.0,3940.0,700,0.0,0.0
2024-06-24 10:23:00+09:00,3940.0,3941.0,3940.0,3941.0,400,0.0,0.0
2024-06-24 10:24:00+09:00,3942.0,3945.0,3942.0,3945.0,800,0.0,0.0
2024-06-24 10:25:00+09:00,3944.0,3944.0,3944.0,3944.0,600,0.0,0.0
2024-06-24 10:26:00+09:00,3945.0,3947.0,3945.0,3947.0,900,0.0,0.0
2024-06-24 10:28:00+09:00,3946.0,3949.0,3946.0,3949.0,1000,0.0,0.0
2024-06-24 10:29:00+09:00,3949.0,3956.0,3949.0,3953.0,2300,0.0,0.0
2024-06-24 10:30:00+09:00,3954.0,3956.0,3954.0,3956.0,300,0.0,0.0
2024-06-24 10:31:00+09:00,3957.0,3957.0,3956.0,3957.0,700,0.0,0.0
2024-06-24 10:32:00+09:00,3956.0,3956.0,3955.0,3955.0,800,0.0,0.0
2024-06-24 10:33:00+09:00,3954.0,3955.0,3954.0,3955.0,600,0.0,0.0
2024-06-24 10:34:00+09:00,3953.0,3953.0,3953.0,3953.0,500,0.0,0.0
2024-06-24 10:35:00+09:00,3952.0,3952.0,3952.0,3952.0,400,0.0,0.0
2024-06-24 10:36:00+09:00,3952.0,3952.0,3952.0,3952.0,300,0.0,0.0
2024-06-24 10:38:00+09:00,3951.0,3951.0,3949.0,3949.0,3100,0.0,0.0
2024-06-24 10:39:00+09:00,3950.0,3950.0,3950.0,3950.0,800,0.0,0.0
2024-06-24 10:40:00+09:00,3950.0,3951.0,3950.0,3951.0,800,0.0,0.0
2024-06-24 10:41:00+09:00,3950.0,3950.0,3948.0,3948.0,400,0.0,0.0
2024-06-24 10:42:00+09:00,3948.0,3948.0,3948.0,3948.0,200,0.0,0.0
2024-06-24 10:43:00+09:00,3948.0,3949.0,3948.0,3948.0,600,0.0,0.0
2024-06-24 10:44:00+09:00,3948.0,3948.0,3948.0,3948.0,200,0.0,0.0
2024-06-24 10:45:00+09:00,3949.0,3950.0,3949.0,3950.0,900,0.0,0.0
2024-06-24 10:46:00+09:00,3950.0,3951.0,3950.0,3951.0,1500,0.0,0.0
2024-06-24 10:47:00+09:00,3952.0,3954.0,3952.0,3954.0,900,0.0,0.0
2024-06-24 10:48:00+09:00,3954.0,3954.0,3954.0,3954.0,300,0.0,0.0
2024-06-24 10:50:00+09:00,3953.0,3953.0,3952.0,3952.0,700,0.0,0.0
2024-06-24 10:51:00+09:00,3951.0,3951.0,3950.0,3950.0,900,0.0,0.0
2024-06-24 10:52:00+09:00,3950.0,3950.0,3950.0,3950.0,100,0.0,0.0
2024-06-24 10:53:00+09:00,3950.0,3952.0,3949.0,3952.0,2000,0.0,0.0
2024-06-24 10:55:00+09:00,3953.0,3953.0,3953.0,3953.0,900,0.0,0.0
2024-06-24 10:57:00+09:00,3952.0,3953.0,3952.0,3953.0,500,0.0,0.0
2024-06-24 10:58:00+09:00,3953.0,3953.0,3952.0,3952.0,200,0.0,0.0
2024-06-24 10:59:00+09:00,3953.0,3955.0,3953.0,3955.0,800,0.0,0.0
2024-06-24 11:00:00+09:00,3955.0,3956.0,3955.0,3956.0,700,0.0,0.0
2024-06-24 11:01:00+09:00,3955.0,3955.0,3955.0,3955.0,100,0.0,0.0
2024-06-24 11:02:00+09:00,3955.0,3955.0,3953.0,3953.0,900,0.0,0.0
2024-06-24 11:03:00+09:00,3953.0,3953.0,3953.0,3953.0,400,0.0,0.0
2024-06-24 11:04:00+09:00,3954.0,3960.0,3954.0,3960.0,1600,0.0,0.0
2024-06-24 11:05:00+09:00,3959.0,3964.0,3959.0,3964.0,1500,0.0,0.0
2024-06-24 11:06:00+09:00,3962.0,3962.0,3961.0,3961.0,400,0.0,0.0
2024-06-24 11:08:00+09:00,3960.0,3960.0,3958.0,3959.0,1400,0.0,0.0
2024-06-24 11:09:00+09:00,3960.0,3960.0,3960.0,3960.0,100,0.0,0.0
2024-06-24 11:10:00+09:00,3958.0,3958.0,3957.0,3957.0,600,0.0,0.0
2024-06-24 11:11:00+09:00,3956.0,3956.0,3956.0,3956.0,200,0.0,0.0
2024-06-24 11:12:00+09:00,3955.0,3956.0,3953.0,3956.0,2500,0.0,0.0
2024-06-24 11:13:00+09:00,3957.0,3957.0,3957.0,3957.0,700,0.0,0.0
2024-06-24 11:14:00+09:00,3958.0,3959.0,3958.0,3959.0,300,0.0,0.0
2024-06-24 11:16:00+09:00,3959.0,3959.0,3959.0,3959.0,100,0.0,0.0
2024-06-24 11:17:00+09:00,3960.0,3960.0,3960.0,3960.0,600,0.0,0.0
2024-06-24 11:19:00+09:00,3959.0,3959.0,3959.0,3959.0,800,0.0,0.0
2024-06-24 11:22:00+09:00,3957.0,3958.0,3957.0,3958.0,400,0.0,0.0
2024-06-24 11:24:00+09:00,3959.0,3959.0,3959.0,3959.0,1000,0.0,0.0
2024-06-24 11:27:00+09:00,3959.0,3959.0,3959.0,3959.0,100,0.0,0.0
2024-06-24 11:29:00+09:00,3959.0,3959.0,3959.0,3959.0,100,0.0,0.0
2024-06-24 11:30:00+09:00,3959.0,3959.0,3958.0,3958.0,800,0.0,0.0
2024-06-24 11:35:00+09:00,3958.0,3958.0,3958.0,3958.0,0,0.0,0.0
2024-06-24 12:30:00+09:00,3969.0,3969.0,3961.0,3968.0,139500,0.0,0.0
2024-06-24 12:31:00+09:00,3969.0,3971.0,3969.0,3969.0,1500,0.0,0.0
2024-06-24 12:32:00+09:00,3972.0,3972.0,3971.0,3971.0,800,0.0,0.0
2024-06-24 12:33:00+09:00,3969.0,3969.0,3968.0,3968.0,300,0.0,0.0
2024-06-24 12:34:00+09:00,3966.0,3968.0,3966.0,3968.0,700,0.0,0.0
2024-06-24 12:35:00+09:00,3968.0,3968.0,3965.0,3966.0,800,0.0,0.0
2024-06-24 12:36:00+09:00,3967.0,3971.0,3967.0,3971.0,1900,0.0,0.0
2024-06-24 12:37:00+09:00,3971.0,3973.0,3971.0,3973.0,500,0.0,0.0
2024-06-24 12:38:00+09:00,3972.0,3973.0,3971.0,3973.0,400,0.0,0.0
2024-06-24 12:39:00+09:00,3974.0,3974.0,3972.0,3973.0,800,0.0,0.0
2024-06-24 12:40:00+09:00,3973.0,3973.0,3971.0,3972.0,800,0.0,0.0
2024-06-24 12:41:00+09:00,3973.0,3979.0,3973.0,3979.0,2500,0.0,0.0
2024-06-24 12:42:00+09:00,3976.0,3978.0,3976.0,3978.0,200,0.0,0.0
2024-06-24 12:43:00+09:00,3980.0,3983.0,3978.0,3983.0,1400,0.0,0.0
2024-06-24 12:44:00+09:00,3980.0,3980.0,3976.0,3976.0,1500,0.0,0.0
2024-06-24 12:46:00+09:00,3976.0,3977.0,3974.0,3974.0,500,0.0,0.0
2024-06-24 12:47:00+09:00,3973.0,3973.0,3972.0,3973.0,800,0.0,0.0
2024-06-24 12:48:00+09:00,3973.0,3973.0,3973.0,3973.0,500,0.0,0.0
2024-06-24 12:49:00+09:00,3974.0,3974.0,3974.0,3974.0,100,0.0,0.0
2024-06-24 12:50:00+09:00,3974.0,3975.0,3973.0,3973.0,1400,0.0,0.0
2024-06-24 12:52:00+09:00,3973.0,3973.0,3973.0,3973.0,100,0.0,0.0
2024-06-24 12:53:00+09:00,3972.0,3973.0,3972.0,3973.0,800,0.0,0.0
2024-06-24 12:54:00+09:00,3973.0,3973.0,3970.0,3970.0,700,0.0,0.0
2024-06-24 12:55:00+09:00,3969.0,3969.0,3969.0,3969.0,100,0.0,0.0
2024-06-24 12:56:00+09:00,3970.0,3972.0,3970.0,3971.0,1500,0.0,0.0
2024-06-24 12:57:00+09:00,3971.0,3972.0,3971.0,3971.0,800,0.0,0.0
2024-06-24 12:58:00+09:00,3971.0,3971.0,3971.0,3971.0,100,0.0,0.0
2024-06-24 12:59:00+09:00,3971.0,3971.0,3971.0,3971.0,100,0.0,0.0
2024-06-24 13:00:00+09:00,3971.0,3972.0,3971.0,3971.0,800,0.0,0.0
2024-06-24 13:01:00+09:00,3972.0,3972.0,3972.0,3972.0,100,0.0,0.0
2024-06-24 13:02:00+09:00,3971.0,3971.0,3971.0,3971.0,200,0.0,0.0
2024-06-24 13:03:00+09:00,3972.0,3972.0,3971.0,3971.0,200,0.0,0.0
2024-06-24 13:04:00+09:00,3972.0,3972.0,3972.0,3972.0,900,0.0,0.0
2024-06-24 13:05:00+09:00,3973.0,3973.0,3973.0,3973.0,800,0.0,0.0
2024-06-24 13:06:00+09:00,3972.0,3974.0,3971.0,3974.0,2000,0.0,0.0
2024-06-24 13:07:00+09:00,3975.0,3975.0,3975.0,3975.0,500,0.0,0.0
2024-06-24 13:08:00+09:00,3974.0,3976.0,3974.0,3976.0,500,0.0,0.0
2024-06-24 13:09:00+09:00,3976.0,3976.0,3976.0,3976.0,100,0.0,0.0
2024-06-24 13:10:00+09:00,3976.0,3976.0,3975.0,3976.0,1100,0.0,0.0
2024-06-24 13:11:00+09:00,3976.0,3976.0,3976.0,3976.0,300,0.0,0.0
2024-06-24 13:12:00+09:00,3976.0,3980.0,3976.0,3980.0,900,0.0,0.0
2024-06-24 13:13:00+09:00,3981.0,3982.0,3981.0,3982.0,500,0.0,0.0
2024-06-24 13:14:00+09:00,3982.0,3984.0,3982.0,3983.0,1400,0.0,0.0
2024-06-24 13:15:00+09:00,3984.0,3984.0,3983.0,3983.0,400,0.0,0.0
2024-06-24 13:16:00+09:00,3985.0,3985.0,3985.0,3985.0,800,0.0,0.0
2024-06-24 13:17:00+09:00,3984.0,3984.0,3984.0,3984.0,100,0.0,0.0
2024-06-24 13:18:00+09:00,3986.0,3986.0,3984.0,3984.0,1900,0.0,0.0
2024-06-24 13:19:00+09:00,3983.0,3983.0,3981.0,3981.0,800,0.0,0.0
2024-06-24 13:20:00+09:00,3982.0,3982.0,3982.0,3982.0,100,0.0,0.0
2024-06-24 13:22:00+09:00,3982.0,3982.0,3982.0,3982.0,800,0.0,0.0
2024-06-24 13:24:00+09:00,3983.0,3983.0,3982.0,3982.0,900,0.0,0.0
2024-06-24 13:25:00+09:00,3981.0,3981.0,3981.0,3981.0,200,0.0,0.0
2024-06-24 13:26:00+09:00,3981.0,3982.0,3981.0,3982.0,1200,0.0,0.0
2024-06-24 13:27:00+09:00,3982.0,3982.0,3982.0,3982.0,100,0.0,0.0
2024-06-24 13:28:00+09:00,3983.0,3983.0,3982.0,3982.0,2700,0.0,0.0
2024-06-24 13:29:00+09:00,3982.0,3982.0,3982.0,3982.0,700,0.0,0.0
2024-06-24 13:30:00+09:00,3981.0,3981.0,3981.0,3981.0,100,0.0,0.0
2024-06-24 13:31:00+09:00,3982.0,3982.0,3982.0,3982.0,400,0.0,0.0
2024-06-24 13:32:00+09:00,3982.0,3982.0,3982.0,3982.0,100,0.0,0.0
2024-06-24 13:33:00+09:00,3982.0,3982.0,3981.0,3981.0,200,0.0,0.0
2024-06-24 13:34:00+09:00,3981.0,3982.0,3981.0,3982.0,300,0.0,0.0
2024-06-24 13:35:00+09:00,3981.0,3982.0,3981.0,3982.0,1500,0.0,0.0
2024-06-24 13:36:00+09:00,3982.0,3982.0,3981.0,3981.0,500,0.0,0.0
2024-06-24 13:37:00+09:00,3981.0,3981.0,3981.0,3981.0,300,0.0,0.0
2024-06-24 13:38:00+09:00,3982.0,3983.0,3982.0,3983.0,600,0.0,0.0
2024-06-24 13:39:00+09:00,3981.0,3983.0,3980.0,3982.0,2100,0.0,0.0
2024-06-24 13:40:00+09:00,3980.0,3980.0,3980.0,3980.0,100,0.0,0.0
2024-06-24 13:41:00+09:00,3980.0,3980.0,3980.0,3980.0,400,0.0,0.0
2024-06-24 13:42:00+09:00,3981.0,3983.0,3981.0,3983.0,1000,0.0,0.0
2024-06-24 13:43:00+09:00,3982.0,3982.0,3980.0,3980.0,600,0.0,0.0
2024-06-24 13:44:00+09:00,3981.0,3981.0,3981.0,3981.0,300,0.0,0.0
2024-06-24 13:46:00+09:00,3981.0,3982.0,3980.0,3982.0,2100,0.0,0.0
2024-06-24 13:47:00+09:00,3982.0,3983.0,3982.0,3983.0,1700,0.0,0.0
2024-06-24 13:48:00+09:00,3982.0,3982.0,3982.0,3982.0,400,0.0,0.0
2024-06-24 13:49:00+09:00,3982.0,3982.0,3981.0,3981.0,700,0.0,0.0
2024-06-24 13:50:00+09:00,3981.0,3982.0,3981.0,3982.0,1000,0.0,0.0
2024-06-24 13:51:00+09:00,3982.0,3982.0,3982.0,3982.0,1200,0.0,0.0
2024-06-24 13:53:00+09:00,3982.0,3982.0,3982.0,3982.0,200,0.0,0.0
2024-06-24 13:54:00+09:00,3981.0,3982.0,3981.0,3982.0,900,0.0,0.0
2024-06-24 13:55:00+09:00,3983.0,3983.0,3982.0,3982.0,1000,0.0,0.0
2024-06-24 13:56:00+09:00,3982.0,3982.0,3981.0,3981.0,1600,0.0,0.0
2024-06-24 13:57:00+09:00,3980.0,3981.0,3980.0,3981.0,600,0.0,0.0
2024-06-24 13:58:00+09:00,3980.0,3980.0,3980.0,3980.0,300,0.0,0.0
2024-06-24 13:59:00+09:00,3980.0,3980.0,3980.0,3980.0,100,0.0,0.0
2024-06-24 14:00:00+09:00,3980.0,3981.0,3980.0,3981.0,2900,0.0,0.0
2024-06-24 14:01:00+09:00,3982.0,3982.0,3982.0,3982.0,500,0.0,0.0
2024-06-24 14:02:00+09:00,3982.0,3983.0,3982.0,3983.0,600,0.0,0.0
2024-06-24 14:03:00+09:00,3982.0,3982.0,3982.0,3982.0,600,0.0,0.0
2024-06-24 14:04:00+09:00,3982.0,3982.0,3981.0,3981.0,500,0.0,0.0
2024-06-24 14:05:00+09:00,3982.0,3982.0,3982.0,3982.0,100,0.0,0.0
2024-06-24 14:07:00+09:00,3982.0,3982.0,3980.0,3980.0,1400,0.0,0.0
2024-06-24 14:08:00+09:00,3981.0,3981.0,3981.0,3981.0,900,0.0,0.0
2024-06-24 14:09:00+09:00,3981.0,3981.0,3980.0,3981.0,1200,0.0,0.0
2024-06-24 14:10:00+09:00,3982.0,3983.0,3982.0,3983.0,2100,0.0,0.0
2024-06-24 14:11:00+09:00,3983.0,3983.0,3983.0,3983.0,100,0.0,0.0
2024-06-24 14:12:00+09:00,3982.0,3982.0,3982.0,3982.0,1000,0.0,0.0
2024-06-24 14:13:00+09:00,3982.0,3982.0,3982.0,3982.0,200,0.0,0.0
2024-06-24 14:14:00+09:00,3981.0,3981.0,3980.0,3980.0,1200,0.0,0.0
2024-06-24 14:16:00+09:00,3980.0,3980.0,3980.0,3980.0,800,0.0,0.0
2024-06-24 14:17:00+09:00,3981.0,3984.0,3981.0,3984.0,2200,0.0,0.0
2024-06-24 14:18:00+09:00,3985.0,3985.0,3984.0,3985.0,700,0.0,0.0
2024-06-24 14:19:00+09:00,3983.0,3983.0,3983.0,3983.0,400,0.0,0.0
2024-06-24 14:20:00+09:00,3982.0,3982.0,3982.0,3982.0,700,0.0,0.0
2024-06-24 14:21:00+09:00,3982.0,3982.0,3982.0,3982.0,1400,0.0,0.0
2024-06-24 14:22:00+09:00,3981.0,3981.0,3981.0,3981.0,1300,0.0,0.0
2024-06-24 14:25:00+09:00,3981.0,3981.0,3979.0,3980.0,3100,0.0,0.0
2024-06-24 14:26:00+09:00,3980.0,3980.0,3980.0,3980.0,100,0.0,0.0
2024-06-24 14:27:00+09:00,3980.0,3980.0,3980.0,3980.0,100,0.0,0.0
2024-06-24 14:28:00+09:00,3980.0,3980.0,3979.0,3979.0,600,0.0,0.0
2024-06-24 14:29:00+09:00,3978.0,3978.0,3977.0,3977.0,1100,0.0,0.0
2024-06-24 14:30:00+09:00,3978.0,3978.0,3978.0,3978.0,100,0.0,0.0
2024-06-24 14:31:00+09:00,3977.0,3978.0,3977.0,3978.0,2600,0.0,0.0
2024-06-24 14:32:00+09:00,3978.0,3978.0,3978.0,3978.0,400,0.0,0.0
2024-06-24 14:33:00+09:00,3978.0,3978.0,3977.0,3977.0,1300,0.0,0.0
2024-06-24 14:34:00+09:00,3978.0,3978.0,3978.0,3978.0,200,0.0,0.0
2024-06-24 14:35:00+09:00,3978.0,3978.0,3978.0,3978.0,2100,0.0,0.0
2024-06-24 14:36:00+09:00,3978.0,3978.0,3977.0,3978.0,1000,0.0,0.0
2024-06-24 14:37:00+09:00,3977.0,3979.0,3977.0,3979.0,1800,0.0,0.0
2024-06-24 14:38:00+09:00,3979.0,3979.0,3976.0,3979.0,2500,0.0,0.0
2024-06-24 14:39:00+09:00,3979.0,3981.0,3979.0,3981.0,3000,0.0,0.0
2024-06-24 14:40:00+09:00,3980.0,3980.0,3980.0,3980.0,900,0.0,0.0
2024-06-24 14:42:00+09:00,3980.0,3981.0,3980.0,3981.0,500,0.0,0.0
2024-06-24 14:43:00+09:00,3979.0,3980.0,3979.0,3980.0,600,0.0,0.0
2024-06-24 14:44:00+09:00,3980.0,3980.0,3975.0,3979.0,9000,0.0,0.0
2024-06-24 14:45:00+09:00,3979.0,3980.0,3979.0,3979.0,1300,0.0,0.0
2024-06-24 14:46:00+09:00,3978.0,3979.0,3978.0,3978.0,1900,0.0,0.0
2024-06-24 14:47:00+09:00,3978.0,3979.0,3977.0,3979.0,1900,0.0,0.0
2024-06-24 14:48:00+09:00,3980.0,3980.0,3977.0,3977.0,1200,0.0,0.0
2024-06-24 14:49:00+09:00,3977.0,3978.0,3977.0,3978.0,2800,0.0,0.0
2024-06-24 14:50:00+09:00,3978.0,3979.0,3978.0,3978.0,1300,0.0,0.0
2024-06-24 14:51:00+09:00,3978.0,3979.0,3978.0,3978.0,3200,0.0,0.0
2024-06-24 14:52:00+09:00,3978.0,3978.0,3978.0,3978.0,300,0.0,0.0
2024-06-24 14:53:00+09:00,3977.0,3977.0,3974.0,3974.0,2800,0.0,0.0
2024-06-24 14:54:00+09:00,3975.0,3977.0,3975.0,3977.0,3300,0.0,0.0
2024-06-24 14:55:00+09:00,3978.0,3978.0,3978.0,3978.0,500,0.0,0.0
2024-06-24 14:56:00+09:00,3977.0,3977.0,3976.0,3976.0,1700,0.0,0.0
2024-06-24 14:57:00+09:00,3976.0,3976.0,3976.0,3976.0,100,0.0,0.0
2024-06-24 14:58:00+09:00,3976.0,3976.0,3975.0,3976.0,2500,0.0,0.0
2024-06-24 14:59:00+09:00,3977.0,3979.0,3971.0,3971.0,11100,0.0,0.0
2024-06-25 09:00:00+09:00,3959.0,3960.0,3958.0,3960.0,40100,0.0,0.0
2024-06-25 09:01:00+09:00,3961.0,3971.0,3951.0,3957.0,4300,0.0,0.0
2024-06-25 09:03:00+09:00,3952.0,3965.0,3951.0,3965.0,2900,0.0,0.0
2024-06-25 09:04:00+09:00,3966.0,3969.0,3964.0,3966.0,1400,0.0,0.0
2024-06-25 09:05:00+09:00,3972.0,3973.0,3969.0,3973.0,2400,0.0,0.0
2024-06-25 09:06:00+09:00,3973.0,3982.0,3973.0,3982.0,400,0.0,0.0
2024-06-25 09:07:00+09:00,3982.0,3986.0,3982.0,3983.0,900,0.0,0.0
2024-06-25 09:08:00+09:00,3982.0,3982.0,3973.0,3973.0,1500,0.0,0.0
2024-06-25 09:09:00+09:00,3974.0,3976.0,3971.0,3974.0,1500,0.0,0.0
2024-06-25 09:10:00+09:00,3976.0,3977.0,3976.0,3977.0,300,0.0,0.0
2024-06-25 09:11:00+09:00,3977.0,3979.0,3977.0,3979.0,1000,0.0,0.0
2024-06-25 09:12:00+09:00,3977.0,3977.0,3976.0,3977.0,800,0.0,0.0
2024-06-25 09:13:00+09:00,3978.0,3980.0,3973.0,3973.0,3000,0.0,0.0
2024-06-25 09:14:00+09:00,3975.0,3979.0,3975.0,3979.0,1700,0.0,0.0
2024-06-25 09:15:00+09:00,3980.0,3982.0,3979.0,3979.0,900,0.0,0.0
2024-06-25 09:16:00+09:00,3979.0,3979.0,3979.0,3979.0,100,0.0,0.0
2024-06-25 09:17:00+09:00,3979.0,3980.0,3977.0,3978.0,700,0.0,0.0
2024-06-25 09:18:00+09:00,3976.0,3980.0,3976.0,3980.0,600,0.0,0.0
2024-06-25 09:19:00+09:00,3978.0,3978.0,3976.0,3978.0,2000,0.0,0.0
2024-06-25 09:20:00+09:00,3981.0,3982.0,3981.0,3982.0,400,0.0,0.0
2024-06-25 09:21:00+09:00,3981.0,3981.0,3977.0,3977.0,1200,0.0,0.0
2024-06-25 09:22:00+09:00,3977.0,3978.0,3977.0,3978.0,500,0.0,0.0
2024-06-25 09:24:00+09:00,3976.0,3976.0,3974.0,3974.0,500,0.0,0.0
2024-06-25 09:25:00+09:00,3976.0,3976.0,3976.0,3976.0,300,0.0,0.0
2024-06-25 09:26:00+09:00,3976.0,3979.0,3976.0,3979.0,400,0.0,0.0
2024-06-25 09:29:00+09:00,3982.0,3983.0,3980.0,3982.0,1700,0.0,0.0
2024-06-25 09:30:00+09:00,3982.0,3982.0,3982.0,3982.0,200,0.0,0.0
2024-06-25 09:31:00+09:00,3980.0,3980.0,3980.0,3980.0,300,0.0,0.0
2024-06-25 09:32:00+09:00,3979.0,3979.0,3977.0,3978.0,700,0.0,0.0
2024-06-25 09:33:00+09:00,3978.0,3978.0,3978.0,3978.0,400,0.0,0.0
2024-06-25 09:34:00+09:00,3979.0,3979.0,3977.0,3977.0,700,0.0,0.0
2024-06-25 09:35:00+09:00,3979.0,3980.0,3979.0,3980.0,600,0.0,0.0
2024-06-25 09:36:00+09:00,3980.0,3980.0,3980.0,3980.0,100,0.0,0.0
2024-06-25 09:37:00+09:00,3981.0,3981.0,3981.0,3981.0,500,0.0,0.0
2024-06-25 09:38:00+09:00,3982.0,3982.0,3982.0,3982.0,200,0.0,0.0
2024-06-25 09:39:00+09:00,3981.0,3981.0,3980.0,3980.0,700,0.0,0.0
2024-06-25 09:40:00+09:00,3980.0,3983.0,3980.0,3983.0,900,0.0,0.0
2024-06-25 09:41:00+09:00,3984.0,3984.0,3984.0,3984.0,400,0.0,0.0
2024-06-25 09:42:00+09:00,3983.0,3983.0,3981.0,3981.0,1000,0.0,0.0
2024-06-25 09:43:00+09:00,3982.0,3982.0,3982.0,3982.0,1500,0.0,0.0
2024-06-25 09:45:00+09:00,3980.0,3980.0,3980.0,3980.0,200,0.0,0.0
2024-06-25 09:46:00+09:00,3982.0,3982.0,3982.0,3982.0,300,0.0,0.0
2024-06-25 09:47:00+09:00,3983.0,3984.0,3983.0,3984.0,300,0.0,0.0
2024-06-25 09:48:00+09:00,3983.0,3983.0,3983.0,3983.0,300,0.0,0.0
2024-06-25 09:49:00+09:00,3980.0,3980.0,3979.0,3979.0,200,0.0,0.0
2024-06-25 09:50:00+09:00,3978.0,3978.0,3975.0,3977.0,2600,0.0,0.0
2024-06-25 09:51:00+09:00,3977.0,3979.0,3977.0,3978.0,700,0.0,0.0
2024-06-25 09:52:00+09:00,3977.0,3979.0,3977.0,3978.0,600,0.0,0.0
2024-06-25 09:53:00+09:00,3977.0,3977.0,3977.0,3977.0,200,0.0,0.0
2024-06-25 09:54:00+09:00,3976.0,3979.0,3975.0,3979.0,1200,0.0,0.0
2024-06-25 09:56:00+09:00,3976.0,3978.0,3975.0,3975.0,1000,0.0,0.0
2024-06-25 09:58:00+09:00,3972.0,3975.0,3972.0,3975.0,1400,0.0,0.0
2024-06-25 10:00:00+09:00,3973.0,3973.0,3973.0,3973.0,100,0.0,0.0
2024-06-25 10:01:00+09:00,3973.0,3973.0,3968.0,3971.0,3400,0.0,0.0
2024-06-25 10:02:00+09:00,3969.0,3969.0,3969.0,3969.0,200,0.0,0.0
2024-06-25 10:03:00+09:00,3969.0,3969.0,3966.0,3966.0,700,0.0,0.0
2024-06-25 10:04:00+09:00,3968.0,3968.0,3965.0,3965.0,1800,0.0,0.0
2024-06-25 10:05:00+09:00,3964.0,3964.0,3964.0,3964.0,500,0.0,0.0
2024-06-25 10:06:00+09:00,3965.0,3969.0,3965.0,3969.0,2300,0.0,0.0
2024-06-25 10:07:00+09:00,3967.0,3967.0,3967.0,3967.0,100,0.0,0.0
2024-06-25 10:08:00+09:00,3967.0,3968.0,3967.0,3967.0,300,0.0,0.0
2024-06-25 10:09:00+09:00,3967.0,3967.0,3967.0,3967.0,100,0.0,0.0
2024-06-25 10:10:00+09:00,3968.0,3970.0,3968.0,3970.0,500,0.0,0.0
2024-06-25 10:11:00+09:00,3971.0,3971.0,3971.0,3971.0,100,0.0,0.0
2024-06-25 10:12:00+09:00,3973.0,3975.0,3972.0,3972.0,1200,0.0,0.0
2024-06-25 10:14:00+09:00,3971.0,3971.0,3971.0,3971.0,300,0.0,0.0
2024-06-25 10:15:00+09:00,3972.0,3975.0,3972.0,3975.0,1000,0.0,0.0
2024-06-25 10:16:00+09:00,3973.0,3973.0,3971.0,3972.0,400,0.0,0.0
2024-06-25 10:17:00+09:00,3972.0,3974.0,3972.0,3972.0,700,0.0,0.0
2024-06-25 10:18:00+09:00,3971.0,3974.0,3970.0,3974.0,1000,0.0,0.0
2024-06-25 10:19:00+09:00,3973.0,3973.0,3973.0,3973.0,200,0.0,0.0
2024-06-25 10:20:00+09:00,3974.0,3974.0,3974.0,3974.0,500,0.0,0.0
2024-06-25 10:21:00+09:00,3975.0,3977.0,3975.0,3977.0,300,0.0,0.0
2024-06-25 10:22:00+09:00,3976.0,3977.0,3974.0,3977.0,800,0.0,0.0
2024-06-25 10:23:00+09:00,3975.0,3977.0,3975.0,3977.0,400,0.0,0.0
2024-06-25 10:24:00+09:00,3976.0,3977.0,3976.0,3976.0,300,0.0,0.0
2024-06-25 10:25:00+09:00,3977.0,3978.0,3977.0,3978.0,500,0.0,0.0
2024-06-25 10:26:00+09:00,3978.0,3979.0,3977.0,3979.0,600,0.0,0.0
2024-06-25 10:27:00+09:00,3981.0,3983.0,3979.0,3983.0,1400,0.0,0.0
2024-06-25 10:28:00+09:00,3984.0,3985.0,3982.0,3982.0,900,0.0,0.0
2024-06-25 10:29:00+09:00,3983.0,3983.0,3982.0,3982.0,300,0.0,0.0
2024-06-25 10:30:00+09:00,3984.0,3985.0,3984.0,3985.0,300,0.0,0.0
2024-06-25 10:32:00+09:00,3981.0,3985.0,3978.0,3983.0,3200,0.0,0.0
2024-06-25 10:33:00+09:00,3983.0,3983.0,3983.0,3983.0,300,0.0,0.0
2024-06-25 10:34:00+09:00,3982.0,3982.0,3981.0,3981.0,300,0.0,0.0
2024-06-25 10:35:00+09:00,3980.0,3981.0,3980.0,3980.0,500,0.0,0.0
2024-06-25 10:36:00+09:00,3979.0,3980.0,3977.0,3980.0,1900,0.0,0.0
2024-06-25 10:37:00+09:00,3981.0,3984.0,3981.0,3983.0,2600,0.0,0.0
2024-06-25 10:38:00+09:00,3981.0,3981.0,3981.0,3981.0,100,0.0,0.0
2024-06-25 10:39:00+09:00,3982.0,3983.0,3982.0,3982.0,700,0.0,0.0
2024-06-25 10:40:00+09:00,3983.0,3984.0,3981.0,3981.0,600,0.0,0.0
2024-06-25 10:42:00+09:00,3982.0,3983.0,3980.0,3983.0,1400,0.0,0.0
2024-06-25 10:43:00+09:00,3984.0,3985.0,3984.0,3985.0,1000,0.0,0.0
2024-06-25 10:44:00+09:00,3983.0,3983.0,3983.0,3983.0,300,0.0,0.0
2024-06-25 10:45:00+09:00,3983.0,3984.0,3982.0,3984.0,1200,0.0,0.0
2024-06-25 10:46:00+09:00,3985.0,3986.0,3984.0,3984.0,900,0.0,0.0
2024-06-25 10:47:00+09:00,3983.0,3983.0,3983.0,3983.0,200,0.0,0.0
2024-06-25 10:48:00+09:00,3984.0,3987.0,3984.0,3987.0,2600,0.0,0.0
2024-06-25 10:49:00+09:00,3986.0,3987.0,3986.0,3987.0,900,0.0,0.0
2024-06-25 10:50:00+09:00,3987.0,3989.0,3985.0,3989.0,1900,0.0,0.0
2024-06-25 10:51:00+09:00,3988.0,3992.0,3987.0,3992.0,5000,0.0,0.0
2024-06-25 10:52:00+09:00,3992.0,3993.0,3989.0,3990.0,1100,0.0,0.0
2024-06-25 10:53:00+09:00,3990.0,3990.0,3990.0,3990.0,100,0.0,0.0
2024-06-25 10:54:00+09:00,3990.0,3994.0,3990.0,3994.0,2200,0.0,0.0
2024-06-25 10:55:00+09:00,3991.0,3994.0,3991.0,3994.0,1600,0.0,0.0
2024-06-25 10:56:00+09:00,3995.0,3997.0,3992.0,3997.0,2500,0.0,0.0
2024-06-25 10:57:00+09:00,3994.0,3994.0,3992.0,3992.0,800,0.0,0.0
2024-06-25 10:58:00+09:00,3992.0,3993.0,3991.0,3993.0,400,0.0,0.0
2024-06-25 10:59:00+09:00,3992.0,3992.0,3992.0,3992.0,200,0.0,0.0
2024-06-25 11:00:00+09:00,3993.0,3996.0,3993.0,3996.0,2300,0.0,0.0
2024-06-25 11:01:00+09:00,3994.0,3994.0,3994.0,3994.0,400,0.0,0.0
2024-06-25 11:02:00+09:00,3994.0,3995.0,3994.0,3995.0,600,0.0,0.0
2024-06-25 11:03:00+09:00,3993.0,3994.0,3993.0,3994.0,300,0.0,0.0
2024-06-25 11:04:00+09:00,3993.0,3993.0,3992.0,3992.0,400,0.0,0.0
2024-06-25 11:05:00+09:00,3993.0,3993.0,3992.0,3992.0,200,0.0,0.0
2024-06-25 11:07:00+09:00,3994.0,3994.0,3993.0,3993.0,400,0.0,0.0
2024-06-25 11:08:00+09:00,3992.0,3994.0,3992.0,3993.0,500,0.0,0.0
2024-06-25 11:09:00+09:00,3994.0,3994.0,3994.0,3994.0,200,0.0,0.0
2024-06-25 11:10:00+09:00,3994.0,3996.0,3993.0,3994.0,900,0.0,0.0
2024-06-25 11:11:00+09:00,3995.0,3995.0,3995.0,3995.0,200,0.0,0.0
2024-06-25 11:12:00+09:00,3995.0,3995.0,3995.0,3995.0,300,0.0,0.0
2024-06-25 11:13:00+09:00,3996.0,4004.0,3996.0,4004.0,6600,0.0,0.0
2024-06-25 11:14:00+09:00,4005.0,4007.0,4005.0,4005.0,900,0.0,0.0
2024-06-25 11:15:00+09:00,4005.0,4005.0,4003.0,4003.0,700,0.0,0.0
2024-06-25 11:16:00+09:00,4004.0,4004.0,4003.0,4003.0,500,0.0,0.0
2024-06-25 11:17:00+09:00,4005.0,4005.0,4005.0,4005.0,100,0.0,0.0
2024-06-25 11:20:00+09:00,4002.0,4006.0,4001.0,4006.0,3900,0.0,0.0
2024-06-25 11:21:00+09:00,4004.0,4004.0,4002.0,4002.0,300,0.0,0.0
2024-06-25 11:22:00+09:00,4003.0,4003.0,4001.0,4001.0,500,0.0,0.0
2024-06-25 11:23:00+09:00,4002.0,4002.0,3999.0,4000.0,2200,0.0,0.0
2024-06-25 11:24:00+09:00,4000.0,4000.0,4000.0,4000.0,100,0.0,0.0
2024-06-25 11:25:00+09:00,3998.0,4001.0,3998.0,4001.0,700,0.0,0.0
2024-06-25 11:26:00+09:00,3999.0,3999.0,3999.0,3999.0,200,0.0,0.0
2024-06-25 11:27:00+09:00,3998.0,3998.0,3998.0,3998.0,100,0.0,0.0
2024-06-25 11:28:00+09:00,3999.0,3999.0,3998.0,3998.0,400,0.0,0.0
2024-06-25 11:29:00+09:00,3998.0,3998.0,3997.0,3997.0,300,0.0,0.0
2024-06-25 11:30:00+09:00,4000.0,4000.0,4000.0,4000.0,1000,0.0,0.0
2024-06-25 11:35:00+09:00,4000.0,4000.0,4000.0,4000.0,0,0.0,0.0
2024-06-25 12:30:00+09:00,4007.0,4008.0,4003.0,4003.0,179400,0.0,0.0
2024-06-25 12:31:00+09:00,4002.0,4002.0,3999.0,3999.0,1100,0.0,0.0
2024-06-25 12:32:00+09:00,3998.0,4000.0,3998.0,3999.0,1400,0.0,0.0
2024-06-25 12:33:00+09:00,3999.0,3999.0,3999.0,3999.0,800,0.0,0.0
2024-06-25 12:34:00+09:00,3999.0,4001.0,3999.0,4000.0,2400,0.0,0.0
2024-06-25 12:35:00+09:00,4001.0,4002.0,4001.0,4001.0,900,0.0,0.0
2024-06-25 12:36:00+09:00,4002.0,4002.0,4002.0,4002.0,300,0.0,0.0
2024-06-25 12:37:00+09:00,4003.0,4004.0,4003.0,4004.0,300,0.0,0.0
2024-06-25 12:38:00+09:00,4003.0,4004.0,4003.0,4004.0,1400,0.0,0.0
2024-06-25 12:39:00+09:00,4002.0,4002.0,4001.0,4002.0,700,0.0,0.0
2024-06-25 12:40:00+09:00,4001.0,4002.0,4000.0,4002.0,1700,0.0,0.0
2024-06-25 12:41:00+09:00,4002.0,4004.0,4002.0,4004.0,900,0.0,0.0
2024-06-25 12:42:00+09:00,4004.0,4004.0,4003.0,4003.0,200,0.0,0.0
2024-06-25 12:43:00+09:00,4003.0,4003.0,4003.0,4003.0,100,0.0,0.0
2024-06-25 12:44:00+09:00,4004.0,4005.0,4004.0,4005.0,600,0.0,0.0
2024-06-25 12:45:00+09:00,4005.0,4005.0,4004.0,4004.0,1000,0.0,0.0
2024-06-25 12:46:00+09:00,4004.0,4004.0,4004.0,4004.0,300,0.0,0.0
2024-06-25 12:47:00+09:00,4005.0,4005.0,4003.0,4003.0,1100,0.0,0.0
2024-06-25 12:48:00+09:00,4004.0,4004.0,4004.0,4004.0,200,0.0,0.0
2024-06-25 12:49:00+09:00,4005.0,4005.0,4005.0,4005.0,200,0.0,0.0
2024-06-25 12:50:00+09:00,4006.0,4008.0,4006.0,4008.0,1400,0.0,0.0
2024-06-25 12:51:00+09:00,4006.0,4006.0,4006.0,4006.0,200,0.0,0.0
2024-06-25 12:52:00+09:00,4006.0,4006.0,4005.0,4006.0,1000,0.0,0.0
2024-06-25 12:54:00+09:00,4005.0,4006.0,4005.0,4006.0,800,0.0,0.0
2024-06-25 12:55:00+09:00,4006.0,4006.0,4006.0,4006.0,200,0.0,0.0
2024-06-25 12:57:00+09:00,4006.0,4006.0,4005.0,4005.0,600,0.0,0.0
2024-06-25 12:58:00+09:00,4004.0,4004.0,4004.0,4004.0,400,0.0,0.0
2024-06-25 12:59:00+09:00,4004.0,4004.0,4003.0,4004.0,1000,0.0,0.0
2024-06-25 13:00:00+09:00,4002.0,4002.0,4002.0,4002.0,200,0.0,0.0
2024-06-25 13:01:00+09:00,4002.0,4003.0,3997.0,3997.0,9000,0.0,0.0
2024-06-25 13:02:00+09:00,3997.0,3997.0,3997.0,3997.0,100,0.0,0.0
2024-06-25 13:03:00+09:00,3997.0,3997.0,3996.0,3996.0,800,0.0,0.0
2024-06-25 13:04:00+09:00,3996.0,3997.0,3996.0,3996.0,600,0.0,0.0
2024-06-25 13:05:00+09:00,3998.0,3998.0,3998.0,3998.0,100,0.0,0.0
2024-06-25 13:06:00+09:00,3996.0,3996.0,3995.0,3995.0,300,0.0,0.0
2024-06-25 13:08:00+09:00,3995.0,3997.0,3995.0,3996.0,600,0.0,0.0
2024-06-25 13:09:00+09:00,3997.0,3997.0,3997.0,3997.0,900,0.0,0.0
2024-06-25 13:10:00+09:00,3996.0,3996.0,3995.0,3995.0,700,0.0,0.0
2024-06-25 13:11:00+09:00,3995.0,3995.0,3994.0,3995.0,1100,0.0,0.0
2024-06-25 13:12:00+09:00,3996.0,3996.0,3995.0,3995.0,500,0.0,0.0
2024-06-25 13:13:00+09:00,3994.0,3994.0,3993.0,3993.0,300,0.0,0.0
2024-06-25 13:14:00+09:00,3994.0,3996.0,3994.0,3995.0,1900,0.0,0.0
2024-06-25 13:15:00+09:00,3996.0,3998.0,3995.0,3996.0,1400,0.0,0.0
2024-06-25 13:16:00+09:00,3995.0,3996.0,3994.0,3994.0,2700,0.0,0.0
2024-06-25 13:17:00+09:00,3995.0,3995.0,3994.0,3995.0,600,0.0,0.0
2024-06-25 13:18:00+09:00,3994.0,3995.0,3994.0,3995.0,200,0.0,0.0
2024-06-25 13:20:00+09:00,3994.0,3997.0,3994.0,3997.0,1800,0.0,0.0
2024-06-25 13:21:00+09:00,3997.0,3997.0,3997.0,3997.0,100,0.0,0.0
2024-06-25 13:22:00+09:00,3996.0,3997.0,3996.0,3997.0,300,0.0,0.0
2024-06-25 13:24:00+09:00,3997.0,3997.0,3997.0,3997.0,100,0.0,0.0
2024-06-25 13:25:00+09:00,3996.0,3998.0,3996.0,3998.0,900,0.0,0.0
2024-06-25 13:26:00+09:00,3999.0,3999.0,3999.0,3999.0,300,0.0,0.0
2024-06-25 13:27:00+09:00,3999.0,3999.0,3999.0,3999.0,100,0.0,0.0
2024-06-25 13:28:00+09:00,3997.0,3999.0,3996.0,3999.0,1300,0.0,0.0
2024-06-25 13:29:00+09:00,3997.0,3997.0,3996.0,3996.0,1000,0.0,0.0
2024-06-25 13:30:00+09:00,3997.0,3997.0,3997.0,3997.0,600,0.0,0.0
2024-06-25 13:31:00+09:00,3996.0,3997.0,3996.0,3997.0,700,0.0,0.0
2024-06-25 13:32:00+09:00,3998.0,4000.0,3998.0,3998.0,1200,0.0,0.0
2024-06-25 13:34:00+09:00,3998.0,4001.0,3998.0,4001.0,1000,0.0,0.0
2024-06-25 13:35:00+09:00,4002.0,4004.0,4002.0,4003.0,900,0.0,0.0
2024-06-25 13:36:00+09:00,4003.0,4003.0,4001.0,4001.0,1000,0.0,0.0
2024-06-25 13:37:00+09:00,4000.0,4001.0,4000.0,4001.0,500,0.0,0.0
2024-06-25 13:38:00+09:00,4001.0,4001.0,4001.0,4001.0,300,0.0,0.0
2024-06-25 13:39:00+09:00,4000.0,4000.0,4000.0,4000.0,100,0.0,0.0
2024-06-25 13:40:00+09:00,4000.0,4000.0,3998.0,3998.0,1700,0.0,0.0
2024-06-25 13:42:00+09:00,4003.0,4003.0,4000.0,4002.0,3600,0.0,0.0
2024-06-25 13:43:00+09:00,4001.0,4002.0,4001.0,4002.0,400,0.0,0.0
2024-06-25 13:44:00+09:00,4003.0,4005.0,4003.0,4005.0,1100,0.0,0.0
2024-06-25 13:47:00+09:00,4004.0,4005.0,4003.0,4003.0,600,0.0,0.0
2024-06-25 13:48:00+09:00,4004.0,4006.0,4004.0,4006.0,1100,0.0,0.0
2024-06-25 13:49:00+09:00,4006.0,4007.0,4005.0,4005.0,700,0.0,0.0
2024-06-25 13:50:00+09:00,4007.0,4007.0,4005.0,4007.0,1200,0.0,0.0
2024-06-25 13:51:00+09:00,4007.0,4007.0,4007.0,4007.0,200,0.0,0.0
2024-06-25 13:52:00+09:00,4007.0,4007.0,4006.0,4007.0,900,0.0,0.0
2024-06-25 13:54:00+09:00,4005.0,4005.0,4005.0,4005.0,100,0.0,0.0
2024-06-25 13:55:00+09:00,4005.0,4006.0,4005.0,4006.0,300,0.0,0.0
2024-06-25 13:56:00+09:00,4006.0,4006.0,4005.0,4005.0,200,0.0,0.0
2024-06-25 13:58:00+09:00,4004.0,4004.0,4003.0,4003.0,1400,0.0,0.0
2024-06-25 13:59:00+09:00,4004.0,4007.0,4004.0,4007.0,2700,0.0,0.0
2024-06-25 14:00:00+09:00,4007.0,4007.0,4007.0,4007.0,500,0.0,0.0
2024-06-25 14:02:00+09:00,4006.0,4006.0,4005.0,4005.0,1400,0.0,0.0
2024-06-25 14:03:00+09:00,4005.0,4005.0,4005.0,4005.0,100,0.0,0.0
2024-06-25 14:05:00+09:00,4005.0,4005.0,4005.0,4005.0,500,0.0,0.0
2024-06-25 14:07:00+09:00,4006.0,4006.0,4006.0,4006.0,200,0.0,0.0
2024-06-25 14:08:00+09:00,4005.0,4005.0,4004.0,4004.0,1300,0.0,0.0
2024-06-25 14:09:00+09:00,4004.0,4004.0,4004.0,4004.0,100,0.0,0.0
2024-06-25 14:10:00+09:00,4004.0,4004.0,4004.0,4004.0,300,0.0,0.0
2024-06-25 14:13:00+09:00,4003.0,4006.0,4003.0,4006.0,3700,0.0,0.0
2024-06-25 14:14:00+09:00,4005.0,4005.0,4005.0,4005.0,800,0.0,0.0
2024-06-25 14:15:00+09:00,4004.0,4004.0,4004.0,4004.0,600,0.0,0.0
2024-06-25 14:16:00+09:00,4005.0,4007.0,4005.0,4006.0,1900,0.0,0.0
2024-06-25 14:17:00+09:00,4007.0,4007.0,4006.0,4007.0,1700,0.0,0.0
2024-06-25 14:18:00+09:00,4006.0,4006.0,4006.0,4006.0,200,0.0,0.0
2024-06-25 14:20:00+09:00,4005.0,4006.0,4004.0,4005.0,1400,0.0,0.0
2024-06-25 14:21:00+09:00,4004.0,4006.0,4002.0,4006.0,4900,0.0,0.0
2024-06-25 14:22:00+09:00,4005.0,4005.0,4004.0,4004.0,700,0.0,0.0
2024-06-25 14:25:00+09:00,4004.0,4005.0,4004.0,4005.0,1200,0.0,0.0
2024-06-25 14:26:00+09:00,4005.0,4005.0,4005.0,4005.0,100,0.0,0.0
2024-06-25 14:27:00+09:00,4006.0,4006.0,4004.0,4004.0,1000,0.0,0.0
2024-06-25 14:28:00+09:00,4005.0,4005.0,4005.0,4005.0,300,0.0,0.0
2024-06-25 14:29:00+09:00,4004.0,4004.0,4004.0,4004.0,300,0.0,0.0
2024-06-25 14:30:00+09:00,4005.0,4008.0,4005.0,4007.0,5000,0.0,0.0
2024-06-25 14:31:00+09:00,4006.0,4006.0,4006.0,4006.0,100,0.0,0.0
2024-06-25 14:32:00+09:00,4007.0,4010.0,4007.0,4010.0,3200,0.0,0.0
2024-06-25 14:33:00+09:00,4008.0,4008.0,4008.0,4008.0,800,0.0,0.0
2024-06-25 14:34:00+09:00,4008.0,4009.0,4008.0,4009.0,200,0.0,0.0
2024-06-25 14:35:00+09:00,4009.0,4010.0,4008.0,4010.0,2200,0.0,0.0
2024-06-25 14:36:00+09:00,4010.0,4017.0,4010.0,4015.0,9700,0.0,0.0
2024-06-25 14:37:00+09:00,4014.0,4016.0,4013.0,4013.0,2700,0.0,0.0
2024-06-25 14:38:00+09:00,4014.0,4017.0,4014.0,4017.0,1300,0.0,0.0
2024-06-25 14:39:00+09:00,4017.0,4017.0,4016.0,4017.0,1000,0.0,0.0
2024-06-25 14:40:00+09:00,4016.0,4017.0,4014.0,4017.0,3500,0.0,0.0
2024-06-25 14:41:00+09:00,4016.0,4016.0,4016.0,4016.0,200,0.0,0.0
2024-06-25 14:43:00+09:00,4016.0,4019.0,4016.0,4019.0,3200,0.0,0.0
2024-06-25 14:44:00+09:00,4017.0,4017.0,4017.0,4017.0,200,0.0,0.0
2024-06-25 14:45:00+09:00,4018.0,4018.0,4018.0,4018.0,600,0.0,0.0
2024-06-25 14:46:00+09:00,4017.0,4017.0,4014.0,4014.0,1900,0.0,0.0
2024-06-25 14:48:00+09:00,4015.0,4016.0,4014.0,4016.0,3400,0.0,0.0
2024-06-25 14:49:00+09:00,4015.0,4016.0,4015.0,4015.0,1300,0.0,0.0
2024-06-25 14:50:00+09:00,4016.0,4019.0,4015.0,4019.0,3600,0.0,0.0
2024-06-25 14:51:00+09:00,4019.0,4022.0,4019.0,4022.0,11900,0.0,0.0
2024-06-25 14:52:00+09:00,4021.0,4021.0,4019.0,4020.0,2200,0.0,0.0
2024-06-25 14:53:00+09:00,4019.0,4019.0,4019.0,4019.0,200,0.0,0.0
2024-06-25 14:54:00+09:00,4019.0,4020.0,4018.0,4020.0,1400,0.0,0.0
2024-06-25 14:55:00+09:00,4019.0,4020.0,4018.0,4019.0,1800,0.0,0.0
2024-06-25 14:56:00+09:00,4019.0,4020.0,4017.0,4017.0,7200,0.0,0.0
2024-06-25 14:57:00+09:00,4017.0,4019.0,4017.0,4019.0,1600,0.0,0.0
2024-06-25 14:58:00+09:00,4019.0,4020.0,4016.0,4016.0,4200,0.0,0.0
2024-06-25 14:59:00+09:00,4017.0,4028.0,4015.0,4021.0,9800,0.0,0.0
2024-06-26 09:00:00+09:00,4020.0,4021.0,4007.0,4016.0,40000,0.0,0.0
2024-06-26 09:01:00+09:00,4013.0,4013.0,4008.0,4008.0,1300,0.0,0.0
2024-06-26 09:02:00+09:00,4011.0,4011.0,4011.0,4011.0,400,0.0,0.0
2024-06-26 09:03:00+09:00,4010.0,4010.0,4005.0,4005.0,2200,0.0,0.0
2024-06-26 09:04:00+09:00,4007.0,4011.0,4007.0,4011.0,700,0.0,0.0
2024-06-26 09:05:00+09:00,4006.0,4006.0,4006.0,4006.0,100,0.0,0.0
2024-06-26 09:06:00+09:00,4009.0,4009.0,4009.0,4009.0,300,0.0,0.0
2024-06-26 09:07:00+09:00,4006.0,4006.0,4000.0,4004.0,2300,0.0,0.0
2024-06-26 09:08:00+09:00,4002.0,4002.0,4001.0,4001.0,600,0.0,0.0
2024-06-26 09:09:00+09:00,4002.0,4002.0,4001.0,4001.0,400,0.0,0.0
2024-06-26 09:10:00+09:00,4001.0,4010.0,3996.0,4008.0,5400,0.0,0.0
2024-06-26 09:11:00+09:00,4007.0,4007.0,4002.0,4002.0,1400,0.0,0.0
2024-06-26 09:12:00+09:00,4003.0,4003.0,4003.0,4003.0,100,0.0,0.0
2024-06-26 09:13:00+09:00,4002.0,4002.0,4002.0,4002.0,400,0.0,0.0
2024-06-26 09:14:00+09:00,4001.0,4001.0,3998.0,3998.0,700,0.0,0.0
2024-06-26 09:15:00+09:00,3997.0,4000.0,3996.0,3996.0,800,0.0,0.0
2024-06-26 09:16:00+09:00,3998.0,3999.0,3997.0,3999.0,1200,0.0,0.0
2024-06-26 09:17:00+09:00,3996.0,3996.0,3996.0,3996.0,400,0.0,0.0
2024-06-26 09:18:00+09:00,3996.0,3999.0,3996.0,3999.0,1000,0.0,0.0
2024-06-26 09:19:00+09:00,3998.0,3999.0,3996.0,3996.0,600,0.0,0.0
2024-06-26 09:20:00+09:00,3997.0,4000.0,3997.0,4000.0,400,0.0,0.0
2024-06-26 09:21:00+09:00,3998.0,4000.0,3998.0,3999.0,600,0.0,0.0
2024-06-26 09:22:00+09:00,3999.0,4000.0,3997.0,4000.0,1300,0.0,0.0
2024-06-26 09:23:00+09:00,4001.0,4004.0,4001.0,4004.0,1500,0.0,0.0
2024-06-26 09:24:00+09:00,4002.0,4002.0,4002.0,4002.0,100,0.0,0.0
2024-06-26 09:26:00+09:00,4003.0,4006.0,4003.0,4006.0,900,0.0,0.0
2024-06-26 09:27:00+09:00,4004.0,4006.0,4003.0,4006.0,500,0.0,0.0
2024-06-26 09:28:00+09:00,4003.0,4003.0,4002.0,4002.0,500,0.0,0.0
2024-06-26 09:29:00+09:00,4003.0,4003.0,4003.0,4003.0,100,0.0,0.0
2024-06-26 09:30:00+09:00,4002.0,4005.0,3999.0,4003.0,15600,0.0,0.0
2024-06-26 09:31:00+09:00,4004.0,4005.0,4004.0,4005.0,600,0.0,0.0
2024-06-26 09:32:00+09:00,4005.0,4006.0,4005.0,4005.0,300,0.0,0.0
2024-06-26 09:33:00+09:00,4004.0,4004.0,4004.0,4004.0,200,0.0,0.0
2024-06-26 09:35:00+09:00,4004.0,4004.0,4003.0,4003.0,1000,0.0,0.0
2024-06-26 09:36:00+09:00,4004.0,4006.0,4004.0,4005.0,1300,0.0,0.0
2024-06-26 09:37:00+09:00,4004.0,4004.0,3996.0,3997.0,11300,0.0,0.0
2024-06-26 09:38:00+09:00,3998.0,3999.0,3998.0,3999.0,300,0.0,0.0
2024-06-26 09:39:00+09:00,3999.0,3999.0,3996.0,3996.0,600,0.0,0.0
2024-06-26 09:40:00+09:00,3998.0,3999.0,3998.0,3999.0,400,0.0,0.0
2024-06-26 09:41:00+09:00,3999.0,3999.0,3999.0,3999.0,300,0.0,0.0
2024-06-26 09:42:00+09:00,3998.0,3999.0,3998.0,3999.0,500,0.0,0.0
2024-06-26 09:44:00+09:00,3997.0,3997.0,3992.0,3992.0,2200,0.0,0.0
2024-06-26 09:45:00+09:00,3992.0,3992.0,3988.0,3988.0,3200,0.0,0.0
2024-06-26 09:46:00+09:00,3986.0,3986.0,3986.0,3986.0,300,0.0,0.0
2024-06-26 09:47:00+09:00,3985.0,3985.0,3984.0,3985.0,400,0.0,0.0
2024-06-26 09:48:00+09:00,3982.0,3985.0,3982.0,3985.0,3200,0.0,0.0
2024-06-26 09:49:00+09:00,3985.0,3986.0,3984.0,3984.0,1000,0.0,0.0
2024-06-26 09:51:00+09:00,3983.0,3990.0,3983.0,3990.0,2700,0.0,0.0
2024-06-26 09:52:00+09:00,3990.0,3992.0,3990.0,3991.0,1100,0.0,0.0
2024-06-26 09:53:00+09:00,3990.0,3990.0,3990.0,3990.0,100,0.0,0.0
2024-06-26 09:54:00+09:00,3993.0,3993.0,3992.0,3992.0,1000,0.0,0.0
2024-06-26 09:55:00+09:00,3994.0,3997.0,3994.0,3994.0,1900,0.0,0.0
2024-06-26 09:56:00+09:00,3995.0,3995.0,3994.0,3994.0,200,0.0,0.0
2024-06-26 09:57:00+09:00,3993.0,3993.0,3993.0,3993.0,200,0.0,0.0
2024-06-26 09:59:00+09:00,3995.0,3995.0,3995.0,3995.0,200,0.0,0.0
2024-06-26 10:00:00+09:00,3996.0,3997.0,3995.0,3995.0,700,0.0,0.0
2024-06-26 10:01:00+09:00,3994.0,3994.0,3993.0,3993.0,400,0.0,0.0
2024-06-26 10:02:00+09:00,3994.0,3995.0,3994.0,3995.0,800,0.0,0.0
2024-06-26 10:03:00+09:00,3995.0,3995.0,3994.0,3994.0,600,0.0,0.0
2024-06-26 10:04:00+09:00,3993.0,3993.0,3991.0,3991.0,600,0.0,0.0
2024-06-26 10:05:00+09:00,3992.0,3993.0,3992.0,3993.0,300,0.0,0.0
2024-06-26 10:06:00+09:00,3994.0,3994.0,3994.0,3994.0,400,0.0,0.0
2024-06-26 10:07:00+09:00,3994.0,3995.0,3994.0,3995.0,200,0.0,0.0
2024-06-26 10:08:00+09:00,3995.0,3997.0,3995.0,3997.0,1000,0.0,0.0
2024-06-26 10:10:00+09:00,3997.0,3997.0,3997.0,3997.0,0,0.0,0.0
2024-06-26 10:11:00+09:00,3997.0,3998.0,3996.0,3997.0,123900,0.0,0.0
2024-06-26 10:12:00+09:00,3997.0,3997.0,3997.0,3997.0,300,0.0,0.0
2024-06-26 10:13:00+09:00,3997.0,4006.0,3997.0,4004.0,5900,0.0,0.0
2024-06-26 10:14:00+09:00,4005.0,4005.0,4003.0,4003.0,200,0.0,0.0
2024-06-26 10:15:00+09:00,4002.0,4004.0,4000.0,4004.0,1900,0.0,0.0
2024-06-26 10:16:00+09:00,4004.0,4007.0,4004.0,4007.0,700,0.0,0.0
2024-06-26 10:17:00+09:00,4008.0,4010.0,4008.0,4010.0,1800,0.0,0.0
2024-06-26 10:18:00+09:00,4009.0,4009.0,4006.0,4009.0,1100,0.0,0.0
2024-06-26 10:19:00+09:00,4009.0,4011.0,4009.0,4009.0,900,0.0,0.0
2024-06-26 10:21:00+09:00,4009.0,4009.0,4009.0,4009.0,300,0.0,0.0
2024-06-26 10:22:00+09:00,4010.0,4010.0,4010.0,4010.0,100,0.0,0.0
2024-06-26 10:23:00+09:00,4011.0,4012.0,4011.0,4011.0,1300,0.0,0.0
2024-06-26 10:24:00+09:00,4010.0,4010.0,4007.0,4007.0,1700,0.0,0.0
2024-06-26 10:25:00+09:00,4006.0,4010.0,4005.0,4010.0,2600,0.0,0.0
2024-06-26 10:26:00+09:00,4007.0,4007.0,4007.0,4007.0,100,0.0,0.0
2024-06-26 10:27:00+09:00,4008.0,4008.0,4006.0,4006.0,1400,0.0,0.0
2024-06-26 10:29:00+09:00,4005.0,4008.0,4005.0,4008.0,800,0.0,0.0
2024-06-26 10:30:00+09:00,4007.0,4009.0,4007.0,4009.0,900,0.0,0.0
2024-06-26 10:31:00+09:00,4008.0,4008.0,4006.0,4006.0,1600,0.0,0.0
2024-06-26 10:32:00+09:00,4008.0,4009.0,4007.0,4009.0,1500,0.0,0.0
2024-06-26 10:33:00+09:00,4008.0,4008.0,4007.0,4007.0,200,0.0,0.0
2024-06-26 10:35:00+09:00,4007.0,4008.0,4007.0,4008.0,700,0.0,0.0
2024-06-26 10:36:00+09:00,4008.0,4010.0,4008.0,4010.0,2200,0.0,0.0
2024-06-26 10:37:00+09:00,4009.0,4009.0,4008.0,4008.0,600,0.0,0.0
2024-06-26 10:38:00+09:00,4008.0,4008.0,4008.0,4008.0,800,0.0,0.0
2024-06-26 10:39:00+09:00,4009.0,4010.0,4009.0,4009.0,1500,0.0,0.0
2024-06-26 10:40:00+09:00,4010.0,4018.0,4010.0,4018.0,1700,0.0,0.0
2024-06-26 10:41:00+09:00,4015.0,4020.0,4010.0,4019.0,10200,0.0,0.0
2024-06-26 10:42:00+09:00,4017.0,4020.0,4016.0,4020.0,1800,0.0,0.0
2024-06-26 10:43:00+09:00,4018.0,4018.0,4017.0,4018.0,600,0.0,0.0
2024-06-26 10:44:00+09:00,4017.0,4018.0,4017.0,4018.0,700,0.0,0.0
2024-06-26 10:45:00+09:00,4017.0,4017.0,4016.0,4016.0,200,0.0,0.0
2024-06-26 10:46:00+09:00,4018.0,4018.0,4018.0,4018.0,600,0.0,0.0
2024-06-26 10:47:00+09:00,4017.0,4017.0,4017.0,4017.0,100,0.0,0.0
2024-06-26 10:48:00+09:00,4018.0,4019.0,4017.0,4019.0,2000,0.0,0.0
2024-06-26 10:49:00+09:00,4019.0,4021.0,4019.0,4021.0,1200,0.0,0.0
2024-06-26 10:50:00+09:00,4021.0,4022.0,4021.0,4022.0,500,0.0,0.0
2024-06-26 10:51:00+09:00,4020.0,4023.0,4020.0,4022.0,1500,0.0,0.0
2024-06-26 10:52:00+09:00,4022.0,4022.0,4016.0,4016.0,3500,0.0,0.0
2024-06-26 10:53:00+09:00,4017.0,4021.0,4017.0,4021.0,1000,0.0,0.0
2024-06-26 10:54:00+09:00,4021.0,4023.0,4021.0,4023.0,2000,0.0,0.0
2024-06-26 10:55:00+09:00,4023.0,4024.0,4023.0,4024.0,700,0.0,0.0
2024-06-26 10:56:00+09:00,4023.0,4025.0,4023.0,4024.0,800,0.0,0.0
2024-06-26 10:57:00+09:00,4025.0,4027.0,4025.0,4025.0,800,0.0,0.0
2024-06-26 10:58:00+09:00,4025.0,4025.0,4024.0,4024.0,400,0.0,0.0
2024-06-26 10:59:00+09:00,4024.0,4025.0,4024.0,4025.0,400,0.0,0.0
2024-06-26 11:00:00+09:00,4023.0,4023.0,4021.0,4021.0,1600,0.0,0.0
2024-06-26 11:01:00+09:00,4022.0,4023.0,4022.0,4023.0,700,0.0,0.0
2024-06-26 11:02:00+09:00,4023.0,4024.0,4023.0,4024.0,800,0.0,0.0
2024-06-26 11:03:00+09:00,4023.0,4023.0,4018.0,4020.0,5500,0.0,0.0
2024-06-26 11:04:00+09:00,4019.0,4019.0,4019.0,4019.0,100,0.0,0.0
2024-06-26 11:07:00+09:00,4018.0,4019.0,4017.0,4017.0,300,0.0,0.0
2024-06-26 11:08:00+09:00,4017.0,4017.0,4017.0,4017.0,100,0.0,0.0
2024-06-26 11:09:00+09:00,4019.0,4022.0,4019.0,4022.0,1800,0.0,0.0
2024-06-26 11:10:00+09:00,4020.0,4020.0,4020.0,4020.0,200,0.0,0.0
2024-06-26 11:12:00+09:00,4020.0,4020.0,4018.0,4018.0,900,0.0,0.0
2024-06-26 11:13:00+09:00,4017.0,4018.0,4017.0,4018.0,500,0.0,0.0
2024-06-26 11:14:00+09:00,4016.0,4018.0,4016.0,4018.0,1800,0.0,0.0
2024-06-26 11:16:00+09:00,4017.0,4019.0,4017.0,4019.0,700,0.0,0.0
2024-06-26 11:19:00+09:00,4019.0,4019.0,4019.0,4019.0,300,0.0,0.0
2024-06-26 11:20:00+09:00,4019.0,4019.0,4019.0,4019.0,300,0.0,0.0
2024-06-26 11:21:00+09:00,4019.0,4020.0,4019.0,4019.0,900,0.0,0.0
2024-06-26 11:22:00+09:00,4019.0,4020.0,4019.0,4020.0,500,0.0,0.0
2024-06-26 11:23:00+09:00,4018.0,4018.0,4018.0,4018.0,600,0.0,0.0
2024-06-26 11:24:00+09:00,4017.0,4017.0,4016.0,4016.0,1100,0.0,0.0
2024-06-26 11:25:00+09:00,4018.0,4018.0,4016.0,4018.0,800,0.0,0.0
2024-06-26 11:26:00+09:00,4017.0,4017.0,4017.0,4017.0,100,0.0,0.0
2024-06-26 11:27:00+09:00,4019.0,4020.0,4019.0,4020.0,500,0.0,0.0
2024-06-26 11:28:00+09:00,4020.0,4021.0,4020.0,4021.0,500,0.0,0.0
2024-06-26 11:29:00+09:00,4020.0,4021.0,4020.0,4020.0,400,0.0,0.0
2024-06-26 11:30:00+09:00,4020.0,4020.0,4020.0,4020.0,600,0.0,0.0
2024-06-26 11:35:00+09:00,4020.0,4020.0,4020.0,4020.0,0,0.0,0.0
2024-06-26 12:30:00+09:00,4020.0,4020.0,4009.0,4009.0,218400,0.0,0.0
2024-06-26 12:31:00+09:00,4009.0,4012.0,4009.0,4012.0,1900,0.0,0.0
2024-06-26 12:32:00+09:00,4010.0,4011.0,4009.0,4009.0,1000,0.0,0.0
2024-06-26 12:33:00+09:00,4010.0,4011.0,4007.0,4011.0,4100,0.0,0.0
2024-06-26 12:34:00+09:00,4009.0,4010.0,4007.0,4009.0,2500,0.0,0.0
2024-06-26 12:35:00+09:00,4009.0,4009.0,4006.0,4006.0,400,0.0,0.0
2024-06-26 12:36:00+09:00,4008.0,4008.0,4005.0,4005.0,1300,0.0,0.0
2024-06-26 12:37:00+09:00,4005.0,4005.0,4003.0,4003.0,1800,0.0,0.0
2024-06-26 12:38:00+09:00,4004.0,4011.0,4004.0,4008.0,3400,0.0,0.0
2024-06-26 12:39:00+09:00,4009.0,4010.0,4009.0,4010.0,400,0.0,0.0
2024-06-26 12:40:00+09:00,4011.0,4011.0,4011.0,4011.0,400,0.0,0.0
2024-06-26 12:41:00+09:00,4011.0,4013.0,4011.0,4013.0,1400,0.0,0.0
2024-06-26 12:42:00+09:00,4014.0,4017.0,4014.0,4017.0,800,0.0,0.0
2024-06-26 12:43:00+09:00,4016.0,4017.0,4016.0,4017.0,500,0.0,0.0
2024-06-26 12:44:00+09:00,4018.0,4019.0,4017.0,4017.0,1100,0.0,0.0
2024-06-26 12:46:00+09:00,4017.0,4018.0,4017.0,4018.0,800,0.0,0.0
2024-06-26 12:47:00+09:00,4020.0,4020.0,4020.0,4020.0,1300,0.0,0.0
2024-06-26 12:52:00+09:00,4020.0,4020.0,4020.0,4020.0,6200,0.0,0.0
2024-06-26 12:53:00+09:00,4017.0,4017.0,4017.0,4017.0,4000,0.0,0.0
2024-06-26 12:54:00+09:00,4019.0,4020.0,4019.0,4020.0,1600,0.0,0.0
2024-06-26 12:56:00+09:00,4019.0,4019.0,4014.0,4014.0,4500,0.0,0.0
2024-06-26 13:08:00+09:00,4018.0,4018.0,4018.0,4018.0,0,0.0,0.0
2024-06-26 13:09:00+09:00,4016.0,4016.0,4015.0,4016.0,277700,0.0,0.0
2024-06-26 13:10:00+09:00,4016.0,4016.0,4014.0,4014.0,500,0.0,0.0
2024-06-26 13:11:00+09:00,4014.0,4014.0,4013.0,4014.0,1200,0.0,0.0
2024-06-26 13:12:00+09:00,4014.0,4015.0,4014.0,4015.0,500,0.0,0.0
2024-06-26 13:13:00+09:00,4014.0,4014.0,4014.0,4014.0,300,0.0,0.0
2024-06-26 13:14:00+09:00,4013.0,4013.0,4013.0,4013.0,100,0.0,0.0
2024-06-26 13:16:00+09:00,4014.0,4015.0,4014.0,4015.0,700,0.0,0.0
2024-06-26 13:17:00+09:00,4013.0,4013.0,4013.0,4013.0,100,0.0,0.0
2024-06-26 13:18:00+09:00,4013.0,4015.0,4012.0,4012.0,1800,0.0,0.0
2024-06-26 13:19:00+09:00,4012.0,4012.0,4012.0,4012.0,300,0.0,0.0
2024-06-26 13:20:00+09:00,4011.0,4012.0,4011.0,4012.0,400,0.0,0.0
2024-06-26 13:21:00+09:00,4012.0,4013.0,4012.0,4013.0,1800,0.0,0.0
2024-06-26 13:22:00+09:00,4012.0,4012.0,4012.0,4012.0,600,0.0,0.0
2024-06-26 13:23:00+09:00,4013.0,4014.0,4013.0,4014.0,600,0.0,0.0
2024-06-26 13:24:00+09:00,4014.0,4014.0,4013.0,4014.0,1000,0.0,0.0
2024-06-26 13:25:00+09:00,4013.0,4014.0,4013.0,4014.0,600,0.0,0.0
2024-06-26 13:26:00+09:00,4014.0,4015.0,4014.0,4014.0,900,0.0,0.0
2024-06-26 13:29:00+09:00,4015.0,4017.0,4015.0,4015.0,4000,0.0,0.0
2024-06-26 13:30:00+09:00,4017.0,4017.0,4015.0,4015.0,800,0.0,0.0
2024-06-26 13:31:00+09:00,4016.0,4016.0,4016.0,4016.0,300,0.0,0.0
2024-06-26 13:32:00+09:00,4015.0,4016.0,4015.0,4016.0,400,0.0,0.0
2024-06-26 13:33:00+09:00,4016.0,4016.0,4016.0,4016.0,200,0.0,0.0
2024-06-26 13:34:00+09:00,4017.0,4018.0,4017.0,4018.0,1000,0.0,0.0
2024-06-26 13:35:00+09:00,4018.0,4020.0,4018.0,4019.0,1300,0.0,0.0
2024-06-26 13:36:00+09:00,4019.0,4020.0,4019.0,4020.0,300,0.0,0.0
2024-06-26 13:37:00+09:00,4019.0,4020.0,4019.0,4020.0,500,0.0,0.0
2024-06-26 13:38:00+09:00,4019.0,4021.0,4019.0,4021.0,900,0.0,0.0
2024-06-26 13:39:00+09:00,4019.0,4019.0,4016.0,4018.0,2600,0.0,0.0
2024-06-26 13:40:00+09:00,4018.0,4019.0,4018.0,4019.0,1200,0.0,0.0
2024-06-26 13:44:00+09:00,4019.0,4021.0,4019.0,4020.0,1900,0.0,0.0
2024-06-26 13:45:00+09:00,4019.0,4019.0,4018.0,4018.0,700,0.0,0.0
2024-06-26 13:46:00+09:00,4019.0,4019.0,4018.0,4018.0,900,0.0,0.0
2024-06-26 13:47:00+09:00,4017.0,4017.0,4017.0,4017.0,500,0.0,0.0
2024-06-26 13:48:00+09:00,4016.0,4016.0,4015.0,4015.0,1500,0.0,0.0
2024-06-26 13:49:00+09:00,4016.0,4017.0,4016.0,4017.0,1100,0.0,0.0
2024-06-26 13:51:00+09:00,4017.0,4018.0,4017.0,4018.0,1500,0.0,0.0
2024-06-26 13:52:00+09:00,4019.0,4019.0,4014.0,4014.0,5500,0.0,0.0
2024-06-26 13:53:00+09:00,4017.0,4017.0,4017.0,4017.0,100,0.0,0.0
2024-06-26 13:54:00+09:00,4017.0,4018.0,4017.0,4018.0,500,0.0,0.0
2024-06-26 13:55:00+09:00,4018.0,4018.0,4016.0,4016.0,300,0.0,0.0
2024-06-26 13:56:00+09:00,4016.0,4018.0,4016.0,4018.0,1300,0.0,0.0
2024-06-26 13:57:00+09:00,4019.0,4020.0,4018.0,4020.0,1200,0.0,0.0
2024-06-26 13:58:00+09:00,4018.0,4018.0,4018.0,4018.0,400,0.0,0.0
2024-06-26 13:59:00+09:00,4018.0,4018.0,4016.0,4017.0,1300,0.0,0.0
2024-06-26 14:00:00+09:00,4016.0,4017.0,4016.0,4016.0,1100,0.0,0.0
2024-06-26 14:01:00+09:00,4015.0,4016.0,4014.0,4014.0,2900,0.0,0.0
2024-06-26 14:02:00+09:00,4014.0,4017.0,4014.0,4015.0,3900,0.0,0.0
2024-06-26 14:03:00+09:00,4015.0,4015.0,4015.0,4015.0,700,0.0,0.0
2024-06-26 14:04:00+09:00,4014.0,4014.0,4013.0,4014.0,500,0.0,0.0
2024-06-26 14:05:00+09:00,4013.0,4016.0,4013.0,4016.0,900,0.0,0.0
2024-06-26 14:06:00+09:00,4016.0,4017.0,4016.0,4017.0,600,0.0,0.0
2024-06-26 14:07:00+09:00,4017.0,4018.0,4016.0,4018.0,1000,0.0,0.0
2024-06-26 14:09:00+09:00,4019.0,4019.0,4019.0,4019.0,700,0.0,0.0
2024-06-26 14:10:00+09:00,4019.0,4020.0,4019.0,4020.0,600,0.0,0.0
2024-06-26 14:11:00+09:00,4018.0,4018.0,4016.0,4016.0,3000,0.0,0.0
2024-06-26 14:12:00+09:00,4016.0,4017.0,4016.0,4017.0,900,0.0,0.0
2024-06-26 14:13:00+09:00,4017.0,4018.0,4017.0,4018.0,1100,0.0,0.0
2024-06-26 14:14:00+09:00,4019.0,4019.0,4019.0,4019.0,100,0.0,0.0
2024-06-26 14:15:00+09:00,4017.0,4017.0,4016.0,4016.0,1600,0.0,0.0
2024-06-26 14:16:00+09:00,4017.0,4019.0,4017.0,4019.0,900,0.0,0.0
2024-06-26 14:17:00+09:00,4019.0,4019.0,4019.0,4019.0,100,0.0,0.0
2024-06-26 14:18:00+09:00,4018.0,4018.0,4018.0,4018.0,200,0.0,0.0
2024-06-26 14:19:00+09:00,4019.0,4020.0,4018.0,4020.0,900,0.0,0.0
2024-06-26 14:20:00+09:00,4019.0,4019.0,4019.0,4019.0,100,0.0,0.0
2024-06-26 14:21:00+09:00,4019.0,4021.0,4019.0,4021.0,1800,0.0,0.0
2024-06-26 14:22:00+09:00,4021.0,4022.0,4020.0,4020.0,1800,0.0,0.0
2024-06-26 14:23:00+09:00,4019.0,4020.0,4019.0,4020.0,800,0.0,0.0
2024-06-26 14:24:00+09:00,4020.0,4021.0,4020.0,4021.0,800,0.0,0.0
2024-06-26 14:25:00+09:00,4021.0,4021.0,4020.0,4021.0,600,0.0,0.0
2024-06-26 14:26:00+09:00,4021.0,4022.0,4019.0,4019.0,3000,0.0,0.0
2024-06-26 14:27:00+09:00,4018.0,4018.0,4017.0,4017.0,1300,0.0,0.0
2024-06-26 14:28:00+09:00,4017.0,4017.0,4016.0,4016.0,900,0.0,0.0
2024-06-26 14:29:00+09:00,4016.0,4017.0,4016.0,4017.0,1100,0.0,0.0
2024-06-26 14:30:00+09:00,4017.0,4017.0,4017.0,4017.0,300,0.0,0.0
2024-06-26 14:31:00+09:00,4017.0,4018.0,4017.0,4017.0,300,0.0,0.0
2024-06-26 14:32:00+09:00,4017.0,4017.0,4016.0,4016.0,300,0.0,0.0
2024-06-26 14:33:00+09:00,4017.0,4017.0,4016.0,4017.0,500,0.0,0.0
2024-06-26 14:34:00+09:00,4016.0,4016.0,4016.0,4016.0,800,0.0,0.0
2024-06-26 14:35:00+09:00,4015.0,4016.0,4013.0,4013.0,2600,0.0,0.0
2024-06-26 14:36:00+09:00,4013.0,4014.0,4013.0,4013.0,3300,0.0,0.0
2024-06-26 14:37:00+09:00,4015.0,4015.0,4015.0,4015.0,1700,0.0,0.0
2024-06-26 14:38:00+09:00,4014.0,4014.0,4014.0,4014.0,1200,0.0,0.0
2024-06-26 14:39:00+09:00,4013.0,4014.0,4013.0,4014.0,400,0.0,0.0
2024-06-26 14:40:00+09:00,4013.0,4016.0,4013.0,4014.0,2700,0.0,0.0
2024-06-26 14:41:00+09:00,4014.0,4014.0,4013.0,4014.0,900,0.0,0.0
2024-06-26 14:42:00+09:00,4015.0,4016.0,4015.0,4015.0,300,0.0,0.0
2024-06-26 14:43:00+09:00,4014.0,4016.0,4014.0,4016.0,1500,0.0,0.0
2024-06-26 14:44:00+09:00,4017.0,4018.0,4017.0,4018.0,1900,0.0,0.0
2024-06-26 14:45:00+09:00,4018.0,4019.0,4018.0,4019.0,1900,0.0,0.0
2024-06-26 14:46:00+09:00,4020.0,4020.0,4018.0,4019.0,500,0.0,0.0
2024-06-26 14:47:00+09:00,4020.0,4020.0,4018.0,4018.0,2300,0.0,0.0
2024-06-26 14:48:00+09:00,4019.0,4021.0,4018.0,4020.0,1200,0.0,0.0
2024-06-26 14:49:00+09:00,4021.0,4021.0,4020.0,4020.0,1100,0.0,0.0
2024-06-26 14:50:00+09:00,4019.0,4020.0,4018.0,4018.0,2300,0.0,0.0
2024-06-26 14:51:00+09:00,4017.0,4019.0,4016.0,4019.0,2600,0.0,0.0
2024-06-26 14:52:00+09:00,4019.0,4019.0,4019.0,4019.0,300,0.0,0.0
2024-06-26 14:53:00+09:00,4019.0,4020.0,4016.0,4016.0,3200,0.0,0.0
2024-06-26 14:54:00+09:00,4015.0,4016.0,4015.0,4016.0,300,0.0,0.0
2024-06-26 14:55:00+09:00,4016.0,4016.0,4016.0,4016.0,2900,0.0,0.0
2024-06-26 14:56:00+09:00,4016.0,4019.0,4016.0,4018.0,14400,0.0,0.0
2024-06-26 14:57:00+09:00,4019.0,4020.0,4019.0,4020.0,1900,0.0,0.0
2024-06-26 14:58:00+09:00,4018.0,4020.0,4018.0,4018.0,4400,0.0,0.0
2024-06-26 14:59:00+09:00,4020.0,4025.0,4013.0,4025.0,13100,0.0,0.0
2024-06-27 09:00:00+09:00,4026.0,4044.0,4025.0,4026.0,63600,0.0,0.0
2024-06-27 09:01:00+09:00,4026.0,4026.0,4011.0,4023.0,11800,0.0,0.0
2024-06-27 09:02:00+09:00,4020.0,4024.0,4016.0,4021.0,2200,0.0,0.0
2024-06-27 09:03:00+09:00,4016.0,4022.0,4016.0,4018.0,2100,0.0,0.0
2024-06-27 09:04:00+09:00,4017.0,4017.0,4010.0,4010.0,3400,0.0,0.0
2024-06-27 09:05:00+09:00,4011.0,4017.0,4008.0,4008.0,4600,0.0,0.0
2024-06-27 09:06:00+09:00,4007.0,4010.0,4006.0,4010.0,500,0.0,0.0
2024-06-27 09:07:00+09:00,4006.0,4006.0,3993.0,3998.0,12300,0.0,0.0
2024-06-27 09:08:00+09:00,3996.0,4000.0,3995.0,4000.0,1000,0.0,0.0
2024-06-27 09:09:00+09:00,4000.0,4004.0,4000.0,4004.0,1800,0.0,0.0
2024-06-27 09:10:00+09:00,4003.0,4005.0,3997.0,4003.0,3700,0.0,0.0
2024-06-27 09:11:00+09:00,4002.0,4004.0,4000.0,4004.0,1300,0.0,0.0
2024-06-27 09:12:00+09:00,4001.0,4003.0,4001.0,4003.0,500,0.0,0.0
2024-06-27 09:13:00+09:00,4001.0,4003.0,4000.0,4002.0,1200,0.0,0.0
2024-06-27 09:15:00+09:00,4000.0,4001.0,3996.0,3999.0,10600,0.0,0.0
2024-06-27 09:16:00+09:00,4001.0,4003.0,4001.0,4001.0,1000,0.0,0.0
2024-06-27 09:17:00+09:00,4002.0,4006.0,4002.0,4002.0,2100,0.0,0.0
2024-06-27 09:18:00+09:00,4005.0,4008.0,4005.0,4006.0,1500,0.0,0.0
2024-06-27 09:19:00+09:00,4006.0,4006.0,4002.0,4002.0,900,0.0,0.0
2024-06-27 09:20:00+09:00,4001.0,4003.0,4001.0,4003.0,900,0.0,0.0
2024-06-27 09:21:00+09:00,4003.0,4005.0,4003.0,4005.0,1900,0.0,0.0
2024-06-27 09:22:00+09:00,4002.0,4002.0,4000.0,4000.0,700,0.0,0.0
2024-06-27 09:23:00+09:00,4000.0,4003.0,4000.0,4003.0,700,0.0,0.0
2024-06-27 09:24:00+09:00,4003.0,4003.0,4000.0,4000.0,1700,0.0,0.0
2024-06-27 09:25:00+09:00,3999.0,4001.0,3997.0,3997.0,1700,0.0,0.0
2024-06-27 09:26:00+09:00,3999.0,4000.0,3999.0,4000.0,1200,0.0,0.0
2024-06-27 09:27:00+09:00,3999.0,4001.0,3999.0,4001.0,800,0.0,0.0
2024-06-27 09:28:00+09:00,4000.0,4002.0,4000.0,4002.0,700,0.0,0.0
2024-06-27 09:29:00+09:00,4002.0,4002.0,3997.0,3997.0,1000,0.0,0.0
2024-06-27 09:30:00+09:00,4000.0,4000.0,3999.0,3999.0,400,0.0,0.0
2024-06-27 09:31:00+09:00,3998.0,3999.0,3997.0,3997.0,900,0.0,0.0
2024-06-27 09:32:00+09:00,3999.0,3999.0,3996.0,3999.0,1400,0.0,0.0
2024-06-27 09:33:00+09:00,3998.0,3998.0,3996.0,3996.0,200,0.0,0.0
2024-06-27 09:34:00+09:00,3998.0,3998.0,3998.0,3998.0,100,0.0,0.0
2024-06-27 09:35:00+09:00,3998.0,3998.0,3996.0,3997.0,3200,0.0,0.0
2024-06-27 09:36:00+09:00,3996.0,3998.0,3996.0,3997.0,1200,0.0,0.0
2024-06-27 09:37:00+09:00,3998.0,4000.0,3998.0,4000.0,1100,0.0,0.0
2024-06-27 09:38:00+09:00,4000.0,4001.0,4000.0,4001.0,600,0.0,0.0
2024-06-27 09:39:00+09:00,4002.0,4002.0,4002.0,4002.0,100,0.0,0.0
2024-06-27 09:40:00+09:00,4002.0,4007.0,4002.0,4004.0,1400,0.0,0.0
2024-06-27 09:41:00+09:00,4004.0,4005.0,4004.0,4004.0,400,0.0,0.0
2024-06-27 09:43:00+09:00,4008.0,4008.0,4008.0,4008.0,0,0.0,0.0
2024-06-27 09:44:00+09:00,4010.0,4012.0,4009.0,4009.0,150700,0.0,0.0
2024-06-27 09:45:00+09:00,4009.0,4009.0,4006.0,4006.0,600,0.0,0.0
2024-06-27 09:46:00+09:00,4005.0,4005.0,4002.0,4002.0,500,0.0,0.0
2024-06-27 09:47:00+09:00,4000.0,4003.0,4000.0,4003.0,800,0.0,0.0
2024-06-27 09:49:00+09:00,4005.0,4005.0,4005.0,4005.0,200,0.0,0.0
2024-06-27 09:50:00+09:00,4006.0,4006.0,4005.0,4006.0,700,0.0,0.0
2024-06-27 09:51:00+09:00,4005.0,4005.0,4005.0,4005.0,400,0.0,0.0
2024-06-27 09:52:00+09:00,4003.0,4003.0,4003.0,4003.0,100,0.0,0.0
2024-06-27 09:53:00+09:00,4004.0,4005.0,4004.0,4004.0,600,0.0,0.0
2024-06-27 09:54:00+09:00,4004.0,4004.0,4004.0,4004.0,200,0.0,0.0
2024-06-27 09:55:00+09:00,4004.0,4004.0,4003.0,4003.0,200,0.0,0.0
2024-06-27 09:57:00+09:00,4004.0,4004.0,4004.0,4004.0,0,0.0,0.0
2024-06-27 09:58:00+09:00,4004.0,4004.0,4003.0,4003.0,155900,0.0,0.0
2024-06-27 09:59:00+09:00,4002.0,4002.0,4001.0,4001.0,500,0.0,0.0
2024-06-27 10:00:00+09:00,4001.0,4004.0,4001.0,4004.0,800,0.0,0.0
2024-06-27 10:01:00+09:00,4002.0,4003.0,4001.0,4003.0,500,0.0,0.0
2024-06-27 10:03:00+09:00,4002.0,4003.0,4002.0,4003.0,800,0.0,0.0
2024-06-27 10:04:00+09:00,4002.0,4002.0,3999.0,4000.0,3000,0.0,0.0
2024-06-27 10:05:00+09:00,4001.0,4003.0,4001.0,4003.0,2300,0.0,0.0
2024-06-27 10:06:00+09:00,4002.0,4003.0,4002.0,4003.0,800,0.0,0.0
2024-06-27 10:07:00+09:00,4004.0,4006.0,4004.0,4006.0,900,0.0,0.0
2024-06-27 10:08:00+09:00,4004.0,4004.0,4002.0,4002.0,1100,0.0,0.0
2024-06-27 10:10:00+09:00,4002.0,4003.0,4000.0,4000.0,2200,0.0,0.0
2024-06-27 10:11:00+09:00,4001.0,4004.0,4001.0,4003.0,2500,0.0,0.0
2024-06-27 10:13:00+09:00,4001.0,4001.0,4001.0,4001.0,0,0.0,0.0
2024-06-27 10:14:00+09:00,4000.0,4000.0,4000.0,4000.0,172000,0.0,0.0
2024-06-27 10:15:00+09:00,3999.0,4000.0,3999.0,4000.0,600,0.0,0.0
2024-06-27 10:16:00+09:00,3999.0,3999.0,3999.0,3999.0,200,0.0,0.0
2024-06-27 10:17:00+09:00,4000.0,4001.0,4000.0,4001.0,800,0.0,0.0
2024-06-27 10:18:00+09:00,4001.0,4003.0,4001.0,4002.0,1700,0.0,0.0
2024-06-27 10:19:00+09:00,4001.0,4001.0,4001.0,4001.0,100,0.0,0.0
2024-06-27 10:21:00+09:00,4001.0,4002.0,4000.0,4001.0,700,0.0,0.0
2024-06-27 10:22:00+09:00,4002.0,4002.0,4001.0,4001.0,300,0.0,0.0
2024-06-27 10:23:00+09:00,4001.0,4001.0,4001.0,4001.0,200,0.0,0.0
2024-06-27 10:24:00+09:00,4000.0,4007.0,4000.0,4007.0,4000,0.0,0.0
2024-06-27 10:26:00+09:00,4007.0,4011.0,4007.0,4011.0,2100,0.0,0.0
2024-06-27 10:28:00+09:00,4011.0,4011.0,4010.0,4010.0,500,0.0,0.0
2024-06-27 10:29:00+09:00,4009.0,4009.0,4009.0,4009.0,300,0.0,0.0
2024-06-27 10:30:00+09:00,4008.0,4012.0,4008.0,4012.0,1100,0.0,0.0
2024-06-27 10:31:00+09:00,4011.0,4011.0,4011.0,4011.0,100,0.0,0.0
2024-06-27 10:32:00+09:00,4011.0,4011.0,4011.0,4011.0,100,0.0,0.0
2024-06-27 10:33:00+09:00,4013.0,4014.0,4012.0,4012.0,900,0.0,0.0
2024-06-27 10:34:00+09:00,4012.0,4012.0,4012.0,4012.0,200,0.0,0.0
2024-06-27 10:35:00+09:00,4012.0,4012.0,4009.0,4009.0,800,0.0,0.0
2024-06-27 10:36:00+09:00,4008.0,4008.0,4007.0,4007.0,500,0.0,0.0
2024-06-27 10:37:00+09:00,4008.0,4011.0,4008.0,4011.0,1300,0.0,0.0
2024-06-27 10:38:00+09:00,4010.0,4010.0,4009.0,4009.0,200,0.0,0.0
2024-06-27 10:39:00+09:00,4009.0,4009.0,4009.0,4009.0,200,0.0,0.0
2024-06-27 10:40:00+09:00,4008.0,4008.0,4008.0,4008.0,600,0.0,0.0
2024-06-27 10:41:00+09:00,4008.0,4008.0,4008.0,4008.0,300,0.0,0.0
2024-06-27 10:42:00+09:00,4008.0,4008.0,4008.0,4008.0,400,0.0,0.0
2024-06-27 10:44:00+09:00,4007.0,4007.0,4007.0,4007.0,600,0.0,0.0
2024-06-27 10:46:00+09:00,4007.0,4007.0,4007.0,4007.0,1200,0.0,0.0
2024-06-27 10:48:00+09:00,4007.0,4008.0,4007.0,4008.0,300,0.0,0.0
2024-06-27 10:52:00+09:00,4007.0,4007.0,4005.0,4005.0,1200,0.0,0.0
2024-06-27 10:53:00+09:00,4004.0,4004.0,4004.0,4004.0,100,0.0,0.0
2024-06-27 10:54:00+09:00,4004.0,4004.0,4004.0,4004.0,100,0.0,0.0
2024-06-27 10:55:00+09:00,4005.0,4007.0,4005.0,4007.0,1900,0.0,0.0
2024-06-27 10:56:00+09:00,4006.0,4006.0,4006.0,4006.0,300,0.0,0.0
2024-06-27 10:57:00+09:00,4006.0,4006.0,4006.0,4006.0,100,0.0,0.0
2024-06-27 10:58:00+09:00,4005.0,4005.0,4003.0,4003.0,700,0.0,0.0
2024-06-27 11:00:00+09:00,4003.0,4005.0,4002.0,4002.0,1900,0.0,0.0
2024-06-27 11:01:00+09:00,4001.0,4002.0,4000.0,4002.0,700,0.0,0.0
2024-06-27 11:02:00+09:00,4002.0,4002.0,4002.0,4002.0,400,0.0,0.0
2024-06-27 11:03:00+09:00,4003.0,4003.0,3993.0,3996.0,8900,0.0,0.0
2024-06-27 11:04:00+09:00,3995.0,3995.0,3995.0,3995.0,200,0.0,0.0
2024-06-27 11:05:00+09:00,3995.0,3996.0,3993.0,3995.0,1600,0.0,0.0
2024-06-27 11:06:00+09:00,3995.0,3996.0,3995.0,3996.0,600,0.0,0.0
2024-06-27 11:07:00+09:00,3997.0,3999.0,3996.0,3998.0,3400,0.0,0.0
2024-06-27 11:08:00+09:00,3997.0,3997.0,3997.0,3997.0,100,0.0,0.0
2024-06-27 11:11:00+09:00,3998.0,3999.0,3998.0,3999.0,700,0.0,0.0
2024-06-27 11:13:00+09:00,3998.0,3998.0,3997.0,3997.0,500,0.0,0.0
2024-06-27 11:15:00+09:00,3995.0,3995.0,3993.0,3995.0,2900,0.0,0.0
2024-06-27 11:17:00+09:00,3995.0,3997.0,3988.0,3988.0,11100,0.0,0.0
2024-06-27 11:18:00+09:00,3990.0,3990.0,3990.0,3990.0,200,0.0,0.0
2024-06-27 11:19:00+09:00,3988.0,3988.0,3988.0,3988.0,100,0.0,0.0
2024-06-27 11:20:00+09:00,3988.0,3988.0,3988.0,3988.0,300,0.0,0.0
2024-06-27 11:23:00+09:00,3990.0,3990.0,3989.0,3989.0,800,0.0,0.0
2024-06-27 11:24:00+09:00,3989.0,3989.0,3984.0,3985.0,5200,0.0,0.0
2024-06-27 11:25:00+09:00,3986.0,3986.0,3984.0,3984.0,1600,0.0,0.0
2024-06-27 11:26:00+09:00,3985.0,3985.0,3985.0,3985.0,100,0.0,0.0
2024-06-27 11:27:00+09:00,3984.0,3984.0,3981.0,3981.0,800,0.0,0.0
2024-06-27 11:28:00+09:00,3984.0,3984.0,3984.0,3984.0,300,0.0,0.0
2024-06-27 11:29:00+09:00,3983.0,3983.0,3981.0,3983.0,1600,0.0,0.0
2024-06-27 11:30:00+09:00,3984.0,3984.0,3984.0,3984.0,800,0.0,0.0
2024-06-27 11:35:00+09:00,3984.0,3984.0,3984.0,3984.0,0,0.0,0.0
2024-06-27 12:30:00+09:00,3986.0,3988.0,3983.0,3985.0,253800,0.0,0.0
2024-06-27 12:31:00+09:00,3983.0,3983.0,3982.0,3982.0,1000,0.0,0.0
2024-06-27 12:32:00+09:00,3982.0,3988.0,3982.0,3988.0,4500,0.0,0.0
2024-06-27 12:33:00+09:00,3988.0,3993.0,3988.0,3993.0,1700,0.0,0.0
2024-06-27 12:34:00+09:00,3993.0,3996.0,3993.0,3993.0,3200,0.0,0.0
2024-06-27 12:35:00+09:00,3992.0,3993.0,3992.0,3993.0,1100,0.0,0.0
2024-06-27 12:36:00+09:00,3994.0,3996.0,3994.0,3995.0,1900,0.0,0.0
2024-06-27 12:37:00+09:00,3994.0,3994.0,3994.0,3994.0,0,0.0,0.0
2024-06-27 12:38:00+09:00,3994.0,3995.0,3993.0,3993.0,267700,0.0,0.0
2024-06-27 12:39:00+09:00,3991.0,3991.0,3991.0,3991.0,100,0.0,0.0
2024-06-27 12:40:00+09:00,3993.0,3994.0,3993.0,3994.0,500,0.0,0.0
2024-06-27 12:41:00+09:00,3994.0,3996.0,3994.0,3996.0,1300,0.0,0.0
2024-06-27 12:42:00+09:00,3995.0,3995.0,3995.0,3995.0,200,0.0,0.0
2024-06-27 12:43:00+09:00,3996.0,3998.0,3996.0,3997.0,800,0.0,0.0
2024-06-27 12:44:00+09:00,3997.0,3997.0,3997.0,3997.0,200,0.0,0.0
2024-06-27 12:45:00+09:00,3997.0,3997.0,3995.0,3995.0,700,0.0,0.0
2024-06-27 12:46:00+09:00,3994.0,3995.0,3994.0,3995.0,200,0.0,0.0
2024-06-27 12:47:00+09:00,3996.0,3996.0,3996.0,3996.0,100,0.0,0.0
2024-06-27 12:48:00+09:00,3996.0,3998.0,3996.0,3997.0,4700,0.0,0.0
2024-06-27 12:51:00+09:00,3997.0,3998.0,3997.0,3998.0,2000,0.0,0.0
2024-06-27 12:52:00+09:00,3999.0,4000.0,3999.0,3999.0,600,0.0,0.0
2024-06-27 12:53:00+09:00,3998.0,3998.0,3998.0,3998.0,100,0.0,0.0
2024-06-27 12:54:00+09:00,3998.0,3998.0,3998.0,3998.0,200,0.0,0.0
2024-06-27 12:55:00+09:00,3998.0,3998.0,3997.0,3997.0,300,0.0,0.0
2024-06-27 12:56:00+09:00,3997.0,3997.0,3997.0,3997.0,600,0.0,0.0
2024-06-27 12:57:00+09:00,3997.0,3998.0,3997.0,3998.0,700,0.0,0.0
2024-06-27 12:58:00+09:00,3998.0,3998.0,3997.0,3997.0,500,0.0,0.0
2024-06-27 12:59:00+09:00,3996.0,3998.0,3996.0,3998.0,1100,0.0,0.0
2024-06-27 13:00:00+09:00,3998.0,3998.0,3998.0,3998.0,300,0.0,0.0
2024-06-27 13:01:00+09:00,3998.0,3998.0,3998.0,3998.0,400,0.0,0.0
2024-06-27 13:02:00+09:00,3999.0,3999.0,3999.0,3999.0,400,0.0,0.0
2024-06-27 13:04:00+09:00,3999.0,3999.0,3999.0,3999.0,100,0.0,0.0
2024-06-27 13:05:00+09:00,3998.0,3998.0,3998.0,3998.0,800,0.0,0.0
2024-06-27 13:06:00+09:00,3998.0,3998.0,3997.0,3997.0,200,0.0,0.0
2024-06-27 13:07:00+09:00,3998.0,3998.0,3998.0,3998.0,400,0.0,0.0
2024-06-27 13:08:00+09:00,3997.0,3998.0,3997.0,3998.0,1000,0.0,0.0
2024-06-27 13:10:00+09:00,3997.0,3999.0,3997.0,3998.0,1500,0.0,0.0
2024-06-27 13:11:00+09:00,4000.0,4004.0,4000.0,4004.0,5600,0.0,0.0
2024-06-27 13:13:00+09:00,4004.0,4004.0,4004.0,4004.0,100,0.0,0.0
2024-06-27 13:15:00+09:00,4004.0,4006.0,4004.0,4005.0,1000,0.0,0.0
2024-06-27 13:16:00+09:00,4005.0,4006.0,4005.0,4006.0,900,0.0,0.0
2024-06-27 13:17:00+09:00,4006.0,4006.0,4006.0,4006.0,100,0.0,0.0
2024-06-27 13:18:00+09:00,4006.0,4006.0,4006.0,4006.0,200,0.0,0.0
2024-06-27 13:19:00+09:00,4005.0,4006.0,4002.0,4006.0,4000,0.0,0.0
2024-06-27 13:21:00+09:00,4007.0,4008.0,4003.0,4006.0,8300,0.0,0.0
2024-06-27 13:22:00+09:00,4007.0,4010.0,4006.0,4010.0,2700,0.0,0.0
2024-06-27 13:23:00+09:00,4010.0,4010.0,4005.0,4009.0,3900,0.0,0.0
2024-06-27 13:24:00+09:00,4009.0,4010.0,4005.0,4010.0,8200,0.0,0.0
2024-06-27 13:25:00+09:00,4011.0,4012.0,4010.0,4010.0,1100,0.0,0.0
2024-06-27 13:28:00+09:00,4012.0,4012.0,4012.0,4012.0,100,0.0,0.0
2024-06-27 13:30:00+09:00,4011.0,4011.0,4011.0,4011.0,800,0.0,0.0
2024-06-27 13:31:00+09:00,4011.0,4011.0,4009.0,4009.0,700,0.0,0.0
2024-06-27 13:34:00+09:00,4009.0,4009.0,4009.0,4009.0,400,0.0,0.0
2024-06-27 13:38:00+09:00,4009.0,4009.0,4009.0,4009.0,100,0.0,0.0
2024-06-27 13:39:00+09:00,4010.0,4012.0,4010.0,4011.0,1500,0.0,0.0
2024-06-27 13:41:00+09:00,4010.0,4011.0,4010.0,4011.0,1500,0.0,0.0
2024-06-27 13:42:00+09:00,4010.0,4011.0,4010.0,4011.0,300,0.0,0.0
2024-06-27 13:43:00+09:00,4011.0,4011.0,4011.0,4011.0,600,0.0,0.0
2024-06-27 13:44:00+09:00,4012.0,4012.0,4012.0,4012.0,200,0.0,0.0
2024-06-27 13:45:00+09:00,4011.0,4014.0,4011.0,4014.0,500,0.0,0.0
2024-06-27 13:46:00+09:00,4014.0,4014.0,4014.0,4014.0,300,0.0,0.0
2024-06-27 13:48:00+09:00,4015.0,4016.0,4015.0,4016.0,400,0.0,0.0
2024-06-27 13:49:00+09:00,4015.0,4015.0,4014.0,4014.0,700,0.0,0.0
2024-06-27 13:50:00+09:00,4013.0,4013.0,4013.0,4013.0,500,0.0,0.0
2024-06-27 13:55:00+09:00,4013.0,4013.0,4012.0,4012.0,2300,0.0,0.0
2024-06-27 13:58:00+09:00,4013.0,4013.0,4012.0,4013.0,700,0.0,0.0
2024-06-27 14:00:00+09:00,4013.0,4014.0,4013.0,4014.0,400,0.0,0.0
2024-06-27 14:01:00+09:00,4013.0,4013.0,4013.0,4013.0,200,0.0,0.0
2024-06-27 14:02:00+09:00,4013.0,4013.0,4010.0,4010.0,1600,0.0,0.0
2024-06-27 14:03:00+09:00,4010.0,4012.0,4010.0,4012.0,1100,0.0,0.0
2024-06-27 14:07:00+09:00,4011.0,4011.0,4011.0,4011.0,700,0.0,0.0
2024-06-27 14:09:00+09:00,4010.0,4011.0,4010.0,4011.0,1100,0.0,0.0
2024-06-27 14:10:00+09:00,4009.0,4010.0,4009.0,4010.0,700,0.0,0.0
2024-06-27 14:11:00+09:00,4010.0,4010.0,4010.0,4010.0,100,0.0,0.0
2024-06-27 14:12:00+09:00,4011.0,4011.0,4009.0,4009.0,1700,0.0,0.0
2024-06-27 14:13:00+09:00,4008.0,4008.0,4008.0,4008.0,300,0.0,0.0
2024-06-27 14:15:00+09:00,4009.0,4009.0,4009.0,4009.0,200,0.0,0.0
2024-06-27 14:16:00+09:00,4009.0,4010.0,4008.0,4008.0,1400,0.0,0.0
2024-06-27 14:17:00+09:00,4008.0,4008.0,4008.0,4008.0,100,0.0,0.0
2024-06-27 14:18:00+09:00,4007.0,4008.0,4007.0,4008.0,800,0.0,0.0
2024-06-27 14:19:00+09:00,4007.0,4007.0,4007.0,4007.0,100,0.0,0.0
2024-06-27 14:20:00+09:00,4007.0,4007.0,4007.0,4007.0,300,0.0,0.0
2024-06-27 14:22:00+09:00,4007.0,4007.0,4007.0,4007.0,800,0.0,0.0
2024-06-27 14:23:00+09:00,4008.0,4008.0,4008.0,4008.0,500,0.0,0.0
2024-06-27 14:25:00+09:00,4008.0,4009.0,4008.0,4008.0,3000,0.0,0.0
2024-06-27 14:26:00+09:00,4008.0,4008.0,4008.0,4008.0,100,0.0,0.0
2024-06-27 14:27:00+09:00,4007.0,4007.0,4006.0,4006.0,1300,0.0,0.0
2024-06-27 14:28:00+09:00,4006.0,4006.0,4006.0,4006.0,300,0.0,0.0
2024-06-27 14:29:00+09:00,4006.0,4007.0,4006.0,4007.0,1700,0.0,0.0
2024-06-27 14:32:00+09:00,4008.0,4009.0,4008.0,4009.0,2100,0.0,0.0
2024-06-27 14:33:00+09:00,4009.0,4010.0,4009.0,4010.0,400,0.0,0.0
2024-06-27 14:35:00+09:00,4010.0,4011.0,4010.0,4011.0,2500,0.0,0.0
2024-06-27 14:36:00+09:00,4012.0,4012.0,4011.0,4011.0,1000,0.0,0.0
2024-06-27 14:37:00+09:00,4012.0,4012.0,4011.0,4011.0,800,0.0,0.0
2024-06-27 14:39:00+09:00,4011.0,4011.0,4011.0,4011.0,2100,0.0,0.0
2024-06-27 14:40:00+09:00,4012.0,4014.0,4009.0,4009.0,5600,0.0,0.0
2024-06-27 14:41:00+09:00,4011.0,4011.0,4011.0,4011.0,100,0.0,0.0
2024-06-27 14:42:00+09:00,4011.0,4012.0,4010.0,4012.0,6500,0.0,0.0
2024-06-27 14:43:00+09:00,4013.0,4013.0,4013.0,4013.0,300,0.0,0.0
2024-06-27 14:44:00+09:00,4011.0,4012.0,4011.0,4012.0,200,0.0,0.0
2024-06-27 14:45:00+09:00,4013.0,4017.0,4013.0,4017.0,2500,0.0,0.0
2024-06-27 14:46:00+09:00,4017.0,4020.0,4017.0,4018.0,3100,0.0,0.0
2024-06-27 14:47:00+09:00,4018.0,4018.0,4017.0,4017.0,700,0.0,0.0
2024-06-27 14:48:00+09:00,4016.0,4016.0,4015.0,4016.0,1200,0.0,0.0
2024-06-27 14:49:00+09:00,4015.0,4017.0,4014.0,4016.0,2900,0.0,0.0
2024-06-27 14:50:00+09:00,4016.0,4020.0,4015.0,4019.0,8700,0.0,0.0
2024-06-27 14:51:00+09:00,4017.0,4017.0,4016.0,4017.0,1200,0.0,0.0
2024-06-27 14:52:00+09:00,4016.0,4017.0,4015.0,4015.0,2900,0.0,0.0
2024-06-27 14:54:00+09:00,4018.0,4018.0,4016.0,4016.0,2000,0.0,0.0
2024-06-27 14:55:00+09:00,4017.0,4017.0,4013.0,4013.0,3800,0.0,0.0
2024-06-27 14:56:00+09:00,4014.0,4015.0,4013.0,4013.0,1100,0.0,0.0
2024-06-27 14:57:00+09:00,4015.0,4015.0,4014.0,4014.0,1900,0.0,0.0
2024-06-27 14:58:00+09:00,4014.0,4014.0,4011.0,4014.0,9400,0.0,0.0
2024-06-27 14:59:00+09:00,4014.0,4019.0,4008.0,4014.0,15100,0.0,0.0
2024-06-28 09:00:00+09:00,4040.0,4055.0,4030.0,4045.0,39300,0.0,0.0
2024-06-28 09:01:00+09:00,4047.0,4047.0,4037.0,4045.0,1500,0.0,0.0
2024-06-28 09:02:00+09:00,4042.0,4042.0,4042.0,4042.0,100,0.0,0.0
2024-06-28 09:03:00+09:00,4043.0,4050.0,4038.0,4050.0,6300,0.0,0.0
2024-06-28 09:04:00+09:00,4050.0,4055.0,4050.0,4054.0,7300,0.0,0.0
2024-06-28 09:05:00+09:00,4049.0,4060.0,4048.0,4060.0,7600,0.0,0.0
2024-06-28 09:06:00+09:00,4057.0,4060.0,4054.0,4058.0,3500,0.0,0.0
2024-06-28 09:07:00+09:00,4057.0,4060.0,4053.0,4053.0,5400,0.0,0.0
2024-06-28 09:08:00+09:00,4050.0,4050.0,4048.0,4048.0,700,0.0,0.0
2024-06-28 09:09:00+09:00,4046.0,4048.0,4045.0,4048.0,1200,0.0,0.0
2024-06-28 09:10:00+09:00,4048.0,4049.0,4043.0,4043.0,2000,0.0,0.0
2024-06-28 09:11:00+09:00,4041.0,4047.0,4037.0,4047.0,2300,0.0,0.0
2024-06-28 09:12:00+09:00,4044.0,4045.0,4043.0,4045.0,1800,0.0,0.0
2024-06-28 09:13:00+09:00,4041.0,4044.0,4040.0,4040.0,900,0.0,0.0
2024-06-28 09:14:00+09:00,4040.0,4046.0,4039.0,4043.0,2200,0.0,0.0
2024-06-28 09:15:00+09:00,4042.0,4048.0,4042.0,4044.0,5100,0.0,0.0
2024-06-28 09:16:00+09:00,4044.0,4047.0,4044.0,4047.0,2400,0.0,0.0
2024-06-28 09:17:00+09:00,4047.0,4050.0,4047.0,4047.0,1300,0.0,0.0
2024-06-28 09:18:00+09:00,4050.0,4053.0,4050.0,4053.0,3800,0.0,0.0
2024-06-28 09:19:00+09:00,4054.0,4060.0,4054.0,4059.0,4200,0.0,0.0
2024-06-28 09:20:00+09:00,4057.0,4057.0,4050.0,4050.0,9600,0.0,0.0
2024-06-28 09:22:00+09:00,4052.0,4055.0,4052.0,4055.0,1800,0.0,0.0
2024-06-28 09:23:00+09:00,4055.0,4056.0,4050.0,4050.0,2000,0.0,0.0
2024-06-28 09:24:00+09:00,4049.0,4049.0,4042.0,4043.0,1300,0.0,0.0
2024-06-28 09:25:00+09:00,4043.0,4043.0,4036.0,4038.0,1300,0.0,0.0
2024-06-28 09:26:00+09:00,4036.0,4036.0,4033.0,4033.0,1000,0.0,0.0
2024-06-28 09:27:00+09:00,4034.0,4035.0,4032.0,4033.0,1200,0.0,0.0
2024-06-28 09:28:00+09:00,4032.0,4032.0,4031.0,4031.0,500,0.0,0.0
2024-06-28 09:29:00+09:00,4031.0,4033.0,4023.0,4023.0,1100,0.0,0.0
2024-06-28 09:30:00+09:00,4023.0,4023.0,4019.0,4020.0,1000,0.0,0.0
2024-06-28 09:31:00+09:00,4020.0,4022.0,4019.0,4021.0,1200,0.0,0.0
2024-06-28 09:32:00+09:00,4021.0,4021.0,4020.0,4020.0,800,0.0,0.0
2024-06-28 09:33:00+09:00,4021.0,4025.0,4021.0,4025.0,1900,0.0,0.0
2024-06-28 09:34:00+09:00,4025.0,4025.0,4023.0,4023.0,300,0.0,0.0
2024-06-28 09:35:00+09:00,4026.0,4026.0,4026.0,4026.0,200,0.0,0.0
2024-06-28 09:36:00+09:00,4024.0,4024.0,4023.0,4023.0,800,0.0,0.0
2024-06-28 09:37:00+09:00,4021.0,4024.0,4016.0,4017.0,2900,0.0,0.0
2024-06-28 09:38:00+09:00,4016.0,4020.0,4016.0,4020.0,5200,0.0,0.0
2024-06-28 09:39:00+09:00,4020.0,4022.0,4020.0,4022.0,600,0.0,0.0
2024-06-28 09:40:00+09:00,4021.0,4021.0,4021.0,4021.0,100,0.0,0.0
2024-06-28 09:41:00+09:00,4022.0,4023.0,4022.0,4023.0,900,0.0,0.0
2024-06-28 09:42:00+09:00,4024.0,4025.0,4024.0,4025.0,900,0.0,0.0
2024-06-28 09:43:00+09:00,4024.0,4024.0,4020.0,4020.0,2600,0.0,0.0
2024-06-28 09:44:00+09:00,4021.0,4022.0,4021.0,4022.0,400,0.0,0.0
2024-06-28 09:45:00+09:00,4020.0,4020.0,4019.0,4019.0,300,0.0,0.0
2024-06-28 09:47:00+09:00,4020.0,4022.0,4020.0,4022.0,1000,0.0,0.0
2024-06-28 09:48:00+09:00,4023.0,4024.0,4022.0,4022.0,600,0.0,0.0
2024-06-28 09:49:00+09:00,4022.0,4022.0,4022.0,4022.0,100,0.0,0.0
2024-06-28 09:50:00+09:00,4024.0,4025.0,4024.0,4025.0,600,0.0,0.0
2024-06-28 09:51:00+09:00,4026.0,4027.0,4026.0,4027.0,800,0.0,0.0
2024-06-28 09:52:00+09:00,4028.0,4034.0,4028.0,4034.0,3700,0.0,0.0
2024-06-28 09:53:00+09:00,4035.0,4036.0,4033.0,4035.0,2100,0.0,0.0
2024-06-28 09:54:00+09:00,4035.0,4035.0,4035.0,4035.0,100,0.0,0.0
2024-06-28 09:55:00+09:00,4035.0,4035.0,4035.0,4035.0,500,0.0,0.0
2024-06-28 09:56:00+09:00,4035.0,4039.0,4035.0,4037.0,1400,0.0,0.0
2024-06-28 09:57:00+09:00,4036.0,4036.0,4034.0,4034.0,1100,0.0,0.0
2024-06-28 09:58:00+09:00,4034.0,4037.0,4034.0,4037.0,700,0.0,0.0
2024-06-28 09:59:00+09:00,4039.0,4039.0,4037.0,4039.0,700,0.0,0.0
2024-06-28 10:00:00+09:00,4039.0,4042.0,4039.0,4041.0,2200,0.0,0.0
2024-06-28 10:01:00+09:00,4041.0,4041.0,4040.0,4040.0,900,0.0,0.0
2024-06-28 10:02:00+09:00,4040.0,4040.0,4034.0,4034.0,1900,0.0,0.0
2024-06-28 10:03:00+09:00,4034.0,4036.0,4033.0,4033.0,1900,0.0,0.0
2024-06-28 10:04:00+09:00,4034.0,4034.0,4034.0,4034.0,100,0.0,0.0
2024-06-28 10:05:00+09:00,4032.0,4032.0,4030.0,4030.0,1900,0.0,0.0
2024-06-28 10:06:00+09:00,4029.0,4029.0,4026.0,4026.0,800,0.0,0.0
2024-06-28 10:07:00+09:00,4027.0,4027.0,4027.0,4027.0,200,0.0,0.0
2024-06-28 10:08:00+09:00,4028.0,4028.0,4028.0,4028.0,300,0.0,0.0
2024-06-28 10:09:00+09:00,4029.0,4030.0,4029.0,4030.0,700,0.0,0.0
2024-06-28 10:11:00+09:00,4029.0,4029.0,4027.0,4027.0,1200,0.0,0.0
2024-06-28 10:12:00+09:00,4031.0,4031.0,4030.0,4031.0,300,0.0,0.0
2024-06-28 10:13:00+09:00,4031.0,4033.0,4031.0,4033.0,1700,0.0,0.0
2024-06-28 10:14:00+09:00,4034.0,4035.0,4034.0,4035.0,200,0.0,0.0
2024-06-28 10:15:00+09:00,4035.0,4037.0,4035.0,4037.0,900,0.0,0.0
2024-06-28 10:16:00+09:00,4035.0,4035.0,4032.0,4032.0,2100,0.0,0.0
2024-06-28 10:17:00+09:00,4031.0,4031.0,4031.0,4031.0,200,0.0,0.0
2024-06-28 10:18:00+09:00,4031.0,4031.0,4031.0,4031.0,200,0.0,0.0
2024-06-28 10:19:00+09:00,4032.0,4032.0,4030.0,4030.0,400,0.0,0.0
2024-06-28 10:22:00+09:00,4032.0,4032.0,4032.0,4032.0,800,0.0,0.0
2024-06-28 10:23:00+09:00,4032.0,4032.0,4032.0,4032.0,600,0.0,0.0
2024-06-28 10:24:00+09:00,4033.0,4034.0,4033.0,4034.0,800,0.0,0.0
2024-06-28 10:25:00+09:00,4034.0,4034.0,4033.0,4033.0,300,0.0,0.0
2024-06-28 10:26:00+09:00,4034.0,4034.0,4034.0,4034.0,100,0.0,0.0
2024-06-28 10:27:00+09:00,4034.0,4035.0,4034.0,4035.0,300,0.0,0.0
2024-06-28 10:28:00+09:00,4033.0,4036.0,4033.0,4034.0,3300,0.0,0.0
2024-06-28 10:29:00+09:00,4034.0,4035.0,4034.0,4035.0,300,0.0,0.0
2024-06-28 10:30:00+09:00,4034.0,4034.0,4033.0,4033.0,900,0.0,0.0
2024-06-28 10:32:00+09:00,4032.0,4032.0,4032.0,4032.0,800,0.0,0.0
2024-06-28 10:33:00+09:00,4033.0,4034.0,4033.0,4034.0,500,0.0,0.0
2024-06-28 10:34:00+09:00,4033.0,4033.0,4033.0,4033.0,400,0.0,0.0
2024-06-28 10:35:00+09:00,4032.0,4033.0,4032.0,4033.0,800,0.0,0.0
2024-06-28 10:36:00+09:00,4033.0,4033.0,4033.0,4033.0,100,0.0,0.0
2024-06-28 10:37:00+09:00,4033.0,4033.0,4033.0,4033.0,300,0.0,0.0
2024-06-28 10:38:00+09:00,4034.0,4034.0,4034.0,4034.0,100,0.0,0.0
2024-06-28 10:39:00+09:00,4034.0,4034.0,4034.0,4034.0,600,0.0,0.0
2024-06-28 10:40:00+09:00,4033.0,4033.0,4025.0,4025.0,4400,0.0,0.0
2024-06-28 10:41:00+09:00,4025.0,4025.0,4024.0,4025.0,1800,0.0,0.0
2024-06-28 10:42:00+09:00,4026.0,4026.0,4026.0,4026.0,100,0.0,0.0
2024-06-28 10:43:00+09:00,4025.0,4025.0,4025.0,4025.0,100,0.0,0.0
2024-06-28 10:44:00+09:00,4025.0,4025.0,4025.0,4025.0,100,0.0,0.0
2024-06-28 10:45:00+09:00,4026.0,4026.0,4026.0,4026.0,1100,0.0,0.0
2024-06-28 10:46:00+09:00,4025.0,4025.0,4023.0,4023.0,1100,0.0,0.0
2024-06-28 10:47:00+09:00,4022.0,4022.0,4022.0,4022.0,300,0.0,0.0
2024-06-28 10:48:00+09:00,4024.0,4025.0,4023.0,4025.0,900,0.0,0.0
2024-06-28 10:50:00+09:00,4024.0,4026.0,4024.0,4026.0,700,0.0,0.0
2024-06-28 10:51:00+09:00,4026.0,4026.0,4026.0,4026.0,800,0.0,0.0
2024-06-28 10:53:00+09:00,4027.0,4028.0,4027.0,4028.0,2200,0.0,0.0
2024-06-28 10:54:00+09:00,4027.0,4027.0,4027.0,4027.0,400,0.0,0.0
2024-06-28 10:55:00+09:00,4027.0,4027.0,4027.0,4027.0,100,0.0,0.0
2024-06-28 10:56:00+09:00,4026.0,4026.0,4024.0,4024.0,1700,0.0,0.0
2024-06-28 10:57:00+09:00,4023.0,4023.0,4022.0,4022.0,1100,0.0,0.0
2024-06-28 10:59:00+09:00,4022.0,4022.0,4022.0,4022.0,100,0.0,0.0
2024-06-28 11:00:00+09:00,4021.0,4023.0,4021.0,4023.0,1400,0.0,0.0
2024-06-28 11:01:00+09:00,4023.0,4023.0,4023.0,4023.0,300,0.0,0.0
2024-06-28 11:02:00+09:00,4023.0,4024.0,4023.0,4024.0,1400,0.0,0.0
2024-06-28 11:03:00+09:00,4024.0,4025.0,4024.0,4025.0,1000,0.0,0.0
2024-06-28 11:04:00+09:00,4026.0,4031.0,4026.0,4031.0,5000,0.0,0.0
2024-06-28 11:05:00+09:00,4031.0,4031.0,4031.0,4031.0,100,0.0,0.0
2024-06-28 11:06:00+09:00,4029.0,4029.0,4028.0,4029.0,1500,0.0,0.0
2024-06-28 11:07:00+09:00,4029.0,4030.0,4029.0,4030.0,200,0.0,0.0
2024-06-28 11:08:00+09:00,4030.0,4032.0,4030.0,4032.0,600,0.0,0.0
2024-06-28 11:09:00+09:00,4032.0,4032.0,4032.0,4032.0,100,0.0,0.0
2024-06-28 11:10:00+09:00,4032.0,4033.0,4032.0,4033.0,1000,0.0,0.0
2024-06-28 11:11:00+09:00,4033.0,4033.0,4031.0,4031.0,1500,0.0,0.0
2024-06-28 11:12:00+09:00,4030.0,4031.0,4030.0,4031.0,1100,0.0,0.0
2024-06-28 11:13:00+09:00,4030.0,4030.0,4030.0,4030.0,200,0.0,0.0
2024-06-28 11:14:00+09:00,4031.0,4031.0,4031.0,4031.0,400,0.0,0.0
2024-06-28 11:15:00+09:00,4032.0,4033.0,4032.0,4033.0,700,0.0,0.0
2024-06-28 11:17:00+09:00,4034.0,4034.0,4034.0,4034.0,100,0.0,0.0
2024-06-28 11:18:00+09:00,4034.0,4034.0,4034.0,4034.0,100,0.0,0.0
2024-06-28 11:19:00+09:00,4033.0,4033.0,4029.0,4029.0,3800,0.0,0.0
2024-06-28 11:20:00+09:00,4029.0,4029.0,4029.0,4029.0,100,0.0,0.0
2024-06-28 11:21:00+09:00,4030.0,4030.0,4030.0,4030.0,100,0.0,0.0
2024-06-28 11:23:00+09:00,4030.0,4030.0,4030.0,4030.0,100,0.0,0.0
2024-06-28 11:24:00+09:00,4030.0,4030.0,4030.0,4030.0,600,0.0,0.0
2024-06-28 11:25:00+09:00,4031.0,4032.0,4031.0,4031.0,1500,0.0,0.0
2024-06-28 11:26:00+09:00,4030.0,4030.0,4029.0,4029.0,500,0.0,0.0
2024-06-28 11:27:00+09:00,4029.0,4029.0,4029.0,4029.0,300,0.0,0.0
2024-06-28 11:28:00+09:00,4028.0,4030.0,4028.0,4030.0,300,0.0,0.0
2024-06-28 11:29:00+09:00,4029.0,4030.0,4029.0,4030.0,200,0.0,0.0
2024-06-28 11:30:00+09:00,4032.0,4032.0,4032.0,4032.0,1500,0.0,0.0
2024-06-28 11:35:00+09:00,4032.0,4032.0,4032.0,4032.0,0,0.0,0.0
2024-06-28 12:30:00+09:00,4030.0,4032.0,4026.0,4032.0,237500,0.0,0.0
2024-06-28 12:31:00+09:00,4031.0,4037.0,4031.0,4037.0,3700,0.0,0.0
2024-06-28 12:32:00+09:00,4038.0,4038.0,4035.0,4036.0,1800,0.0,0.0
2024-06-28 12:34:00+09:00,4037.0,4037.0,4037.0,4037.0,300,0.0,0.0
2024-06-28 12:35:00+09:00,4036.0,4036.0,4036.0,4036.0,800,0.0,0.0
2024-06-28 12:36:00+09:00,4037.0,4037.0,4036.0,4037.0,1300,0.0,0.0
2024-06-28 12:38:00+09:00,4038.0,4038.0,4038.0,4038.0,100,0.0,0.0
2024-06-28 12:39:00+09:00,4038.0,4039.0,4038.0,4038.0,1500,0.0,0.0
2024-06-28 12:40:00+09:00,4037.0,4038.0,4036.0,4038.0,2000,0.0,0.0
2024-06-28 12:42:00+09:00,4037.0,4037.0,4035.0,4037.0,1200,0.0,0.0
2024-06-28 12:43:00+09:00,4037.0,4038.0,4037.0,4038.0,700,0.0,0.0
2024-06-28 12:44:00+09:00,4037.0,4038.0,4037.0,4038.0,200,0.0,0.0
2024-06-28 12:45:00+09:00,4037.0,4037.0,4037.0,4037.0,300,0.0,0.0
2024-06-28 12:46:00+09:00,4037.0,4037.0,4037.0,4037.0,300,0.0,0.0
2024-06-28 12:47:00+09:00,4038.0,4039.0,4038.0,4038.0,1000,0.0,0.0
2024-06-28 12:48:00+09:00,4040.0,4040.0,4040.0,4040.0,300,0.0,0.0
2024-06-28 12:49:00+09:00,4040.0,4041.0,4040.0,4040.0,2800,0.0,0.0
2024-06-28 12:51:00+09:00,4041.0,4041.0,4041.0,4041.0,100,0.0,0.0
2024-06-28 12:52:00+09:00,4040.0,4040.0,4035.0,4039.0,5000,0.0,0.0
2024-06-28 12:53:00+09:00,4040.0,4040.0,4040.0,4040.0,100,0.0,0.0
2024-06-28 12:55:00+09:00,4040.0,4041.0,4038.0,4038.0,2800,0.0,0.0
2024-06-28 12:56:00+09:00,4037.0,4037.0,4037.0,4037.0,400,0.0,0.0
2024-06-28 12:58:00+09:00,4038.0,4038.0,4038.0,4038.0,900,0.0,0.0
2024-06-28 13:00:00+09:00,4039.0,4039.0,4039.0,4039.0,100,0.0,0.0
2024-06-28 13:01:00+09:00,4039.0,4039.0,4039.0,4039.0,600,0.0,0.0
2024-06-28 13:02:00+09:00,4040.0,4043.0,4040.0,4042.0,5800,0.0,0.0
2024-06-28 13:03:00+09:00,4042.0,4045.0,4042.0,4042.0,4500,0.0,0.0
2024-06-28 13:04:00+09:00,4042.0,4042.0,4041.0,4041.0,1000,0.0,0.0
2024-06-28 13:05:00+09:00,4042.0,4042.0,4041.0,4041.0,1900,0.0,0.0
2024-06-28 13:06:00+09:00,4042.0,4042.0,4040.0,4040.0,900,0.0,0.0
2024-06-28 13:08:00+09:00,4041.0,4041.0,4041.0,4041.0,800,0.0,0.0
2024-06-28 13:10:00+09:00,4042.0,4045.0,4042.0,4045.0,1900,0.0,0.0
2024-06-28 13:11:00+09:00,4046.0,4046.0,4046.0,4046.0,1000,0.0,0.0
2024-06-28 13:12:00+09:00,4047.0,4048.0,4047.0,4047.0,400,0.0,0.0
2024-06-28 13:13:00+09:00,4046.0,4050.0,4046.0,4050.0,9300,0.0,0.0
2024-06-28 13:16:00+09:00,4048.0,4048.0,4047.0,4047.0,2700,0.0,0.0
2024-06-28 13:17:00+09:00,4048.0,4048.0,4048.0,4048.0,300,0.0,0.0
2024-06-28 13:18:00+09:00,4047.0,4047.0,4047.0,4047.0,500,0.0,0.0
2024-06-28 13:19:00+09:00,4048.0,4048.0,4048.0,4048.0,600,0.0,0.0
2024-06-28 13:20:00+09:00,4048.0,4048.0,4046.0,4046.0,4300,0.0,0.0
2024-06-28 13:21:00+09:00,4047.0,4047.0,4047.0,4047.0,100,0.0,0.0
2024-06-28 13:22:00+09:00,4047.0,4048.0,4047.0,4048.0,4800,0.0,0.0
2024-06-28 13:23:00+09:00,4049.0,4049.0,4049.0,4049.0,100,0.0,0.0
2024-06-28 13:24:00+09:00,4047.0,4047.0,4047.0,4047.0,300,0.0,0.0
2024-06-28 13:25:00+09:00,4049.0,4049.0,4049.0,4049.0,100,0.0,0.0
2024-06-28 13:26:00+09:00,4049.0,4049.0,4049.0,4049.0,300,0.0,0.0
2024-06-28 13:27:00+09:00,4048.0,4049.0,4048.0,4049.0,900,0.0,0.0
2024-06-28 13:29:00+09:00,4050.0,4050.0,4050.0,4050.0,100,0.0,0.0
2024-06-28 13:30:00+09:00,4050.0,4051.0,4050.0,4050.0,5300,0.0,0.0
2024-06-28 13:31:00+09:00,4051.0,4051.0,4051.0,4051.0,300,0.0,0.0
2024-06-28 13:32:00+09:00,4052.0,4053.0,4051.0,4051.0,2200,0.0,0.0
2024-06-28 13:33:00+09:00,4052.0,4052.0,4052.0,4052.0,500,0.0,0.0
2024-06-28 13:34:00+09:00,4053.0,4053.0,4053.0,4053.0,200,0.0,0.0
2024-06-28 13:36:00+09:00,4053.0,4053.0,4053.0,4053.0,200,0.0,0.0
2024-06-28 13:37:00+09:00,4052.0,4053.0,4052.0,4053.0,600,0.0,0.0
2024-06-28 13:38:00+09:00,4053.0,4053.0,4053.0,4053.0,400,0.0,0.0
2024-06-28 13:39:00+09:00,4053.0,4053.0,4052.0,4052.0,600,0.0,0.0
2024-06-28 13:40:00+09:00,4052.0,4052.0,4051.0,4052.0,7200,0.0,0.0
2024-06-28 13:41:00+09:00,4051.0,4051.0,4051.0,4051.0,100,0.0,0.0
2024-06-28 13:42:00+09:00,4051.0,4051.0,4047.0,4049.0,6000,0.0,0.0
2024-06-28 13:45:00+09:00,4049.0,4049.0,4049.0,4049.0,600,0.0,0.0
2024-06-28 13:46:00+09:00,4050.0,4052.0,4050.0,4051.0,1500,0.0,0.0
2024-06-28 13:47:00+09:00,4052.0,4054.0,4052.0,4054.0,2400,0.0,0.0
2024-06-28 13:51:00+09:00,4053.0,4053.0,4053.0,4053.0,1900,0.0,0.0
2024-06-28 13:52:00+09:00,4052.0,4054.0,4052.0,4053.0,4900,0.0,0.0
2024-06-28 13:54:00+09:00,4054.0,4056.0,4054.0,4055.0,1800,0.0,0.0
2024-06-28 13:57:00+09:00,4054.0,4054.0,4053.0,4053.0,3400,0.0,0.0
2024-06-28 13:58:00+09:00,4053.0,4053.0,4053.0,4053.0,500,0.0,0.0
2024-06-28 14:00:00+09:00,4052.0,4052.0,4051.0,4051.0,1700,0.0,0.0
2024-06-28 14:01:00+09:00,4051.0,4051.0,4050.0,4050.0,1200,0.0,0.0
2024-06-28 14:02:00+09:00,4051.0,4051.0,4048.0,4048.0,1300,0.0,0.0
2024-06-28 14:03:00+09:00,4048.0,4048.0,4048.0,4048.0,300,0.0,0.0
2024-06-28 14:04:00+09:00,4048.0,4048.0,4047.0,4047.0,400,0.0,0.0
2024-06-28 14:06:00+09:00,4048.0,4049.0,4039.0,4039.0,5500,0.0,0.0
2024-06-28 14:07:00+09:00,4038.0,4039.0,4034.0,4034.0,3600,0.0,0.0
2024-06-28 14:08:00+09:00,4034.0,4034.0,4034.0,4034.0,600,0.0,0.0
2024-06-28 14:10:00+09:00,4034.0,4034.0,4026.0,4028.0,7700,0.0,0.0
2024-06-28 14:11:00+09:00,4029.0,4034.0,4029.0,4032.0,4700,0.0,0.0
2024-06-28 14:13:00+09:00,4031.0,4031.0,4031.0,4031.0,900,0.0,0.0
2024-06-28 14:14:00+09:00,4032.0,4032.0,4031.0,4031.0,900,0.0,0.0
2024-06-28 14:17:00+09:00,4033.0,4034.0,4032.0,4034.0,3500,0.0,0.0
2024-06-28 14:18:00+09:00,4035.0,4036.0,4032.0,4032.0,4800,0.0,0.0
2024-06-28 14:19:00+09:00,4032.0,4032.0,4031.0,4031.0,700,0.0,0.0
2024-06-28 14:20:00+09:00,4031.0,4031.0,4031.0,4031.0,1200,0.0,0.0
2024-06-28 14:21:00+09:00,4032.0,4032.0,4030.0,4030.0,200,0.0,0.0
2024-06-28 14:22:00+09:00,4031.0,4031.0,4031.0,4031.0,100,0.0,0.0
2024-06-28 14:23:00+09:00,4030.0,4031.0,4028.0,4031.0,3900,0.0,0.0
2024-06-28 14:26:00+09:00,4031.0,4031.0,4031.0,4031.0,300,0.0,0.0
2024-06-28 14:27:00+09:00,4030.0,4030.0,4030.0,4030.0,300,0.0,0.0
2024-06-28 14:28:00+09:00,4031.0,4031.0,4031.0,4031.0,900,0.0,0.0
2024-06-28 14:29:00+09:00,4031.0,4031.0,4031.0,4031.0,1500,0.0,0.0
2024-06-28 14:30:00+09:00,4032.0,4032.0,4032.0,4032.0,100,0.0,0.0
2024-06-28 14:31:00+09:00,4032.0,4033.0,4031.0,4033.0,4500,0.0,0.0
2024-06-28 14:32:00+09:00,4034.0,4034.0,4033.0,4033.0,1300,0.0,0.0
2024-06-28 14:33:00+09:00,4032.0,4032.0,4032.0,4032.0,2600,0.0,0.0
2024-06-28 14:34:00+09:00,4033.0,4033.0,4033.0,4033.0,100,0.0,0.0
2024-06-28 14:35:00+09:00,4033.0,4036.0,4033.0,4036.0,4400,0.0,0.0
2024-06-28 14:36:00+09:00,4036.0,4037.0,4036.0,4036.0,500,0.0,0.0
2024-06-28 14:37:00+09:00,4036.0,4036.0,4036.0,4036.0,700,0.0,0.0
2024-06-28 14:38:00+09:00,4036.0,4037.0,4034.0,4034.0,6700,0.0,0.0
2024-06-28 14:39:00+09:00,4035.0,4036.0,4035.0,4036.0,2600,0.0,0.0
2024-06-28 14:40:00+09:00,4036.0,4037.0,4036.0,4037.0,1500,0.0,0.0
2024-06-28 14:41:00+09:00,4037.0,4037.0,4035.0,4035.0,2300,0.0,0.0
2024-06-28 14:42:00+09:00,4035.0,4035.0,4035.0,4035.0,1000,0.0,0.0
2024-06-28 14:43:00+09:00,4036.0,4037.0,4035.0,4035.0,2700,0.0,0.0
2024-06-28 14:44:00+09:00,4036.0,4036.0,4034.0,4034.0,3400,0.0,0.0
2024-06-28 14:45:00+09:00,4033.0,4034.0,4033.0,4034.0,2700,0.0,0.0
2024-06-28 14:46:00+09:00,4035.0,4036.0,4035.0,4036.0,1600,0.0,0.0
2024-06-28 14:47:00+09:00,4036.0,4036.0,4035.0,4035.0,800,0.0,0.0
2024-06-28 14:48:00+09:00,4035.0,4035.0,4035.0,4035.0,300,0.0,0.0
2024-06-28 14:49:00+09:00,4036.0,4036.0,4035.0,4035.0,2500,0.0,0.0
2024-06-28 14:50:00+09:00,4035.0,4035.0,4034.0,4035.0,3700,0.0,0.0
2024-06-28 14:51:00+09:00,4035.0,4036.0,4035.0,4035.0,700,0.0,0.0
2024-06-28 14:52:00+09:00,4036.0,4037.0,4036.0,4037.0,2600,0.0,0.0
2024-06-28 14:53:00+09:00,4036.0,4036.0,4033.0,4033.0,6700,0.0,0.0
2024-06-28 14:54:00+09:00,4034.0,4034.0,4031.0,4031.0,4900,0.0,0.0
2024-06-28 14:55:00+09:00,4031.0,4032.0,4030.0,4031.0,2700,0.0,0.0
2024-06-28 14:56:00+09:00,4032.0,4032.0,4032.0,4032.0,1700,0.0,0.0
2024-06-28 14:57:00+09:00,4033.0,4035.0,4033.0,4035.0,1700,0.0,0.0
2024-06-28 14:58:00+09:00,4034.0,4036.0,4034.0,4034.0,6700,0.0,0.0
2024-06-28 14:59:00+09:00,4034.0,4039.0,4030.0,4030.0,14400,0.0,0.0
