Datetime,Open,High,Low,Close,Volume,Dividends,Stock Splits
2024-09-17 09:00:00+09:00,2516.5,2520.0,2500.0,2511.0,0,0.0,0.0
2024-09-17 09:01:00+09:00,2511.0,2511.0,2508.0,2508.0,700,0.0,0.0
2024-09-17 09:02:00+09:00,2502.0,2502.0,2502.0,2502.0,100,0.0,0.0
2024-09-17 09:03:00+09:00,2501.5,2514.0,2501.0,2514.0,3300,0.0,0.0
2024-09-17 09:04:00+09:00,2514.5,2519.0,2514.5,2519.0,1100,0.0,0.0
2024-09-17 09:05:00+09:00,2517.0,2520.0,2514.5,2520.0,5200,0.0,0.0
2024-09-17 09:06:00+09:00,2518.5,2520.0,2516.5,2516.5,1200,0.0,0.0
2024-09-17 09:07:00+09:00,2516.0,2516.0,2515.0,2515.0,300,0.0,0.0
2024-09-17 09:08:00+09:00,2515.5,2517.0,2512.0,2514.0,4100,0.0,0.0
2024-09-17 09:09:00+09:00,2512.5,2515.0,2510.5,2512.0,2800,0.0,0.0
2024-09-17 09:10:00+09:00,2510.0,2512.5,2507.5,2512.5,5400,0.0,0.0
2024-09-17 09:11:00+09:00,2512.5,2515.5,2511.5,2515.5,4400,0.0,0.0
2024-09-17 09:12:00+09:00,2516.0,2517.0,2514.0,2515.5,2700,0.0,0.0
2024-09-17 09:13:00+09:00,2515.0,2515.0,2513.5,2515.0,1000,0.0,0.0
2024-09-17 09:14:00+09:00,2514.5,2515.0,2514.5,2515.0,300,0.0,0.0
2024-09-17 09:15:00+09:00,2514.0,2514.5,2512.0,2514.0,2500,0.0,0.0
2024-09-17 09:16:00+09:00,2513.5,2516.0,2513.5,2513.5,3200,0.0,0.0
2024-09-17 09:17:00+09:00,2513.5,2515.0,2513.5,2515.0,400,0.0,0.0
2024-09-17 09:18:00+09:00,2515.0,2515.0,2513.0,2513.0,3600,0.0,0.0
2024-09-17 09:19:00+09:00,2512.5,2513.0,2512.0,2513.0,1300,0.0,0.0
2024-09-17 09:20:00+09:00,2514.0,2515.0,2513.5,2514.0,2000,0.0,0.0
2024-09-17 09:21:00+09:00,2513.0,2513.0,2512.0,2512.5,700,0.0,0.0
2024-09-17 09:22:00+09:00,2513.0,2513.5,2512.5,2513.5,1000,0.0,0.0
2024-09-17 09:23:00+09:00,2512.0,2513.5,2511.0,2513.0,1900,0.0,0.0
2024-09-17 09:24:00+09:00,2512.5,2513.0,2510.0,2510.0,2000,0.0,0.0
2024-09-17 09:25:00+09:00,2510.0,2511.0,2508.0,2511.0,1900,0.0,0.0
2024-09-17 09:26:00+09:00,2512.0,2512.0,2512.0,2512.0,100,0.0,0.0
2024-09-17 09:27:00+09:00,2512.5,2512.5,2512.5,2512.5,500,0.0,0.0
2024-09-17 09:28:00+09:00,2511.5,2511.5,2509.5,2509.5,600,0.0,0.0
2024-09-17 09:29:00+09:00,2509.0,2509.0,2507.5,2507.5,300,0.0,0.0
2024-09-17 09:30:00+09:00,2507.0,2507.0,2503.0,2505.5,2700,0.0,0.0
2024-09-17 09:31:00+09:00,2506.5,2506.5,2506.0,2506.0,200,0.0,0.0
2024-09-17 09:32:00+09:00,2506.5,2508.5,2506.5,2508.5,1400,0.0,0.0
2024-09-17 09:33:00+09:00,2509.5,2510.0,2509.5,2509.5,400,0.0,0.0
2024-09-17 09:34:00+09:00,2508.5,2508.5,2506.5,2506.5,800,0.0,0.0
2024-09-17 09:35:00+09:00,2507.0,2507.0,2506.0,2506.5,500,0.0,0.0
2024-09-17 09:36:00+09:00,2505.5,2505.5,2504.0,2505.0,1300,0.0,0.0
2024-09-17 09:37:00+09:00,2505.5,2505.5,2503.5,2503.5,1200,0.0,0.0
2024-09-17 09:38:00+09:00,2503.0,2503.0,2502.0,2502.0,600,0.0,0.0
2024-09-17 09:39:00+09:00,2502.0,2502.0,2501.0,2501.0,300,0.0,0.0
2024-09-17 09:40:00+09:00,2501.5,2504.5,2501.5,2504.5,1900,0.0,0.0
2024-09-17 09:41:00+09:00,2504.5,2504.5,2501.0,2501.0,1600,0.0,0.0
2024-09-17 09:42:00+09:00,2501.5,2502.0,2501.5,2501.5,1300,0.0,0.0
2024-09-17 09:44:00+09:00,2501.5,2501.5,2501.5,2501.5,0,0.0,0.0
2024-09-17 09:45:00+09:00,2501.5,2503.0,2501.5,2503.0,88200,0.0,0.0
2024-09-17 09:46:00+09:00,2503.0,2503.5,2502.0,2502.5,1500,0.0,0.0
2024-09-17 09:47:00+09:00,2502.5,2502.5,2498.0,2498.0,3300,0.0,0.0
2024-09-17 09:48:00+09:00,2497.0,2499.0,2497.0,2498.0,1500,0.0,0.0
2024-09-17 09:49:00+09:00,2498.0,2501.0,2498.0,2501.0,1600,0.0,0.0
2024-09-17 09:51:00+09:00,2502.0,2502.0,2500.5,2500.5,600,0.0,0.0
2024-09-17 09:52:00+09:00,2500.5,2500.5,2499.5,2499.5,500,0.0,0.0
2024-09-17 09:53:00+09:00,2500.0,2500.5,2499.5,2499.5,600,0.0,0.0
2024-09-17 09:54:00+09:00,2499.5,2499.5,2496.0,2497.5,4700,0.0,0.0
2024-09-17 09:55:00+09:00,2497.5,2497.5,2497.0,2497.5,700,0.0,0.0
2024-09-17 09:56:00+09:00,2496.0,2496.0,2495.5,2495.5,600,0.0,0.0
2024-09-17 09:57:00+09:00,2494.5,2495.5,2490.0,2490.0,3900,0.0,0.0
2024-09-17 09:58:00+09:00,2491.0,2492.0,2488.5,2489.5,5000,0.0,0.0
2024-09-17 09:59:00+09:00,2489.5,2489.5,2488.0,2488.0,1400,0.0,0.0
2024-09-17 10:00:00+09:00,2487.0,2488.0,2487.0,2487.0,114700,0.0,0.0
2024-09-17 10:01:00+09:00,2487.0,2487.0,2484.0,2484.5,4500,0.0,0.0
2024-09-17 10:02:00+09:00,2484.0,2485.5,2482.0,2485.5,4400,0.0,0.0
2024-09-17 10:03:00+09:00,2486.0,2487.5,2484.0,2484.0,900,0.0,0.0
2024-09-17 10:04:00+09:00,2485.0,2485.0,2484.0,2484.5,1500,0.0,0.0
2024-09-17 10:05:00+09:00,2485.0,2485.0,2483.5,2483.5,600,0.0,0.0
2024-09-17 10:06:00+09:00,2483.0,2484.0,2483.0,2484.0,1200,0.0,0.0
2024-09-17 10:07:00+09:00,2482.0,2483.0,2482.0,2482.0,128900,0.0,0.0
2024-09-17 10:08:00+09:00,2481.5,2481.5,2478.0,2478.0,7400,0.0,0.0
2024-09-17 10:09:00+09:00,2477.5,2478.0,2477.5,2477.5,1300,0.0,0.0
2024-09-17 10:10:00+09:00,2480.0,2480.0,2478.0,2480.0,138600,0.0,0.0
2024-09-17 10:11:00+09:00,2481.5,2481.5,2479.5,2480.0,800,0.0,0.0
2024-09-17 10:12:00+09:00,2480.5,2482.0,2480.5,2482.0,900,0.0,0.0
2024-09-17 10:13:00+09:00,2482.0,2482.5,2482.0,2482.5,400,0.0,0.0
2024-09-17 10:14:00+09:00,2483.0,2483.5,2480.5,2481.5,2200,0.0,0.0
2024-09-17 10:15:00+09:00,2482.0,2482.0,2478.0,2479.0,8500,0.0,0.0
2024-09-17 10:16:00+09:00,2479.5,2482.5,2479.5,2482.5,1700,0.0,0.0
2024-09-17 10:17:00+09:00,2482.5,2482.5,2477.5,2478.5,900,0.0,0.0
2024-09-17 10:18:00+09:00,2477.5,2477.5,2475.5,2476.5,1100,0.0,0.0
2024-09-17 10:19:00+09:00,2475.5,2476.0,2475.0,2476.0,1100,0.0,0.0
2024-09-17 10:20:00+09:00,2476.0,2476.5,2475.0,2475.5,1000,0.0,0.0
2024-09-17 10:21:00+09:00,2476.0,2477.5,2476.0,2477.5,800,0.0,0.0
2024-09-17 10:22:00+09:00,2477.5,2477.5,2477.5,2477.5,100,0.0,0.0
2024-09-17 10:23:00+09:00,2477.0,2478.0,2476.5,2477.5,2000,0.0,0.0
2024-09-17 10:24:00+09:00,2478.0,2481.5,2478.0,2481.5,4600,0.0,0.0
2024-09-17 10:25:00+09:00,2480.5,2482.5,2480.0,2481.0,3000,0.0,0.0
2024-09-17 10:26:00+09:00,2480.0,2483.0,2479.5,2483.0,6800,0.0,0.0
2024-09-17 10:27:00+09:00,2483.5,2484.0,2483.5,2484.0,1100,0.0,0.0
2024-09-17 10:28:00+09:00,2484.0,2485.5,2484.0,2484.5,800,0.0,0.0
2024-09-17 10:29:00+09:00,2484.5,2485.5,2484.5,2484.5,1300,0.0,0.0
2024-09-17 10:30:00+09:00,2485.0,2489.0,2485.0,2489.0,900,0.0,0.0
2024-09-17 10:31:00+09:00,2489.5,2489.5,2488.0,2489.5,1000,0.0,0.0
2024-09-17 10:32:00+09:00,2489.0,2492.0,2489.0,2492.0,3500,0.0,0.0
2024-09-17 10:33:00+09:00,2492.5,2496.5,2492.5,2496.5,1400,0.0,0.0
2024-09-17 10:34:00+09:00,2497.5,2498.0,2497.5,2498.0,300,0.0,0.0
2024-09-17 10:35:00+09:00,2497.0,2499.0,2496.5,2499.0,500,0.0,0.0
2024-09-17 10:36:00+09:00,2499.5,2502.0,2499.5,2502.0,1200,0.0,0.0
2024-09-17 10:37:00+09:00,2501.0,2503.0,2501.0,2503.0,1500,0.0,0.0
2024-09-17 10:38:00+09:00,2503.5,2503.5,2503.5,2503.5,100,0.0,0.0
2024-09-17 10:39:00+09:00,2502.5,2505.5,2502.5,2505.5,1800,0.0,0.0
2024-09-17 10:40:00+09:00,2505.5,2506.5,2505.5,2506.5,200,0.0,0.0
2024-09-17 10:41:00+09:00,2506.0,2506.0,2505.0,2506.0,700,0.0,0.0
2024-09-17 10:42:00+09:00,2507.0,2507.0,2506.5,2507.0,700,0.0,0.0
2024-09-17 10:43:00+09:00,2507.0,2507.0,2505.5,2505.5,800,0.0,0.0
2024-09-17 10:44:00+09:00,2505.5,2506.0,2503.5,2506.0,2400,0.0,0.0
2024-09-17 10:45:00+09:00,2506.0,2510.0,2505.5,2508.0,4300,0.0,0.0
2024-09-17 10:46:00+09:00,2508.5,2509.5,2507.0,2508.5,1400,0.0,0.0
2024-09-17 10:47:00+09:00,2510.0,2510.0,2510.0,2510.0,200,0.0,0.0
2024-09-17 10:48:00+09:00,2509.0,2509.0,2507.0,2508.0,1400,0.0,0.0
2024-09-17 10:49:00+09:00,2508.0,2508.0,2507.0,2507.0,200,0.0,0.0
2024-09-17 10:50:00+09:00,2507.0,2507.0,2505.0,2505.5,900,0.0,0.0
2024-09-17 10:51:00+09:00,2506.0,2507.0,2504.0,2505.5,2600,0.0,0.0
2024-09-17 10:52:00+09:00,2506.0,2506.5,2504.5,2505.5,900,0.0,0.0
2024-09-17 10:53:00+09:00,2505.5,2505.5,2505.5,2505.5,500,0.0,0.0
2024-09-17 10:54:00+09:00,2506.0,2506.5,2503.0,2503.0,2900,0.0,0.0
2024-09-17 10:55:00+09:00,2504.5,2504.5,2504.5,2504.5,300,0.0,0.0
2024-09-17 10:56:00+09:00,2504.5,2508.0,2504.5,2508.0,2200,0.0,0.0
2024-09-17 10:57:00+09:00,2507.5,2508.5,2507.5,2508.5,400,0.0,0.0
2024-09-17 10:58:00+09:00,2508.5,2508.5,2508.5,2508.5,100,0.0,0.0
2024-09-17 10:59:00+09:00,2508.5,2508.5,2506.5,2506.5,400,0.0,0.0
2024-09-17 11:00:00+09:00,2507.0,2507.5,2507.0,2507.5,700,0.0,0.0
2024-09-17 11:01:00+09:00,2506.5,2507.0,2505.0,2507.0,2100,0.0,0.0
2024-09-17 11:02:00+09:00,2507.0,2507.5,2506.5,2507.0,1600,0.0,0.0
2024-09-17 11:03:00+09:00,2507.5,2508.0,2507.5,2508.0,900,0.0,0.0
2024-09-17 11:04:00+09:00,2507.5,2509.0,2507.5,2508.5,1300,0.0,0.0
2024-09-17 11:05:00+09:00,2508.0,2511.0,2508.0,2509.5,14300,0.0,0.0
2024-09-17 11:06:00+09:00,2510.5,2511.5,2510.5,2511.0,1800,0.0,0.0
2024-09-17 11:07:00+09:00,2510.5,2510.5,2509.0,2509.0,1000,0.0,0.0
2024-09-17 11:08:00+09:00,2508.0,2508.0,2506.5,2506.5,800,0.0,0.0
2024-09-17 11:09:00+09:00,2506.0,2507.5,2506.0,2507.5,1400,0.0,0.0
2024-09-17 11:10:00+09:00,2507.0,2507.5,2507.0,2507.5,500,0.0,0.0
2024-09-17 11:11:00+09:00,2508.0,2508.0,2506.0,2506.0,600,0.0,0.0
2024-09-17 11:12:00+09:00,2506.5,2507.0,2506.5,2507.0,200,0.0,0.0
2024-09-17 11:13:00+09:00,2506.5,2506.5,2506.5,2506.5,200,0.0,0.0
2024-09-17 11:14:00+09:00,2506.0,2507.0,2504.5,2506.5,2800,0.0,0.0
2024-09-17 11:15:00+09:00,2506.0,2506.0,2506.0,2506.0,100,0.0,0.0
2024-09-17 11:16:00+09:00,2506.5,2507.0,2506.5,2507.0,1000,0.0,0.0
2024-09-17 11:17:00+09:00,2506.5,2506.5,2505.5,2505.5,400,0.0,0.0
2024-09-17 11:18:00+09:00,2505.0,2506.5,2498.5,2499.0,23900,0.0,0.0
2024-09-17 11:19:00+09:00,2499.5,2501.0,2499.5,2501.0,1600,0.0,0.0
2024-09-17 11:20:00+09:00,2500.0,2500.0,2498.0,2500.0,1700,0.0,0.0
2024-09-17 11:21:00+09:00,2500.0,2500.0,2499.0,2499.0,500,0.0,0.0
2024-09-17 11:22:00+09:00,2500.0,2500.0,2499.5,2499.5,500,0.0,0.0
2024-09-17 11:23:00+09:00,2499.0,2499.0,2498.5,2499.0,600,0.0,0.0
2024-09-17 11:24:00+09:00,2498.5,2499.0,2496.5,2496.5,700,0.0,0.0
2024-09-17 11:25:00+09:00,2496.5,2496.5,2495.0,2496.0,2200,0.0,0.0
2024-09-17 11:26:00+09:00,2496.0,2497.0,2495.5,2497.0,1000,0.0,0.0
2024-09-17 11:27:00+09:00,2498.0,2498.5,2498.0,2498.5,300,0.0,0.0
2024-09-17 11:28:00+09:00,2498.5,2498.5,2498.0,2498.0,400,0.0,0.0
2024-09-17 11:29:00+09:00,2497.5,2497.5,2497.0,2497.0,500,0.0,0.0
2024-09-17 11:30:00+09:00,2499.5,2499.5,2499.5,2499.5,0,0.0,0.0
2024-09-17 11:35:00+09:00,2499.5,2499.5,2499.5,2499.5,0,0.0,0.0
2024-09-17 12:30:00+09:00,2496.5,2501.0,2496.5,2497.0,290900,0.0,0.0
2024-09-17 12:31:00+09:00,2498.0,2498.5,2495.0,2495.0,3000,0.0,0.0
2024-09-17 12:32:00+09:00,2495.5,2498.5,2495.5,2497.5,2000,0.0,0.0
2024-09-17 12:33:00+09:00,2497.0,2498.5,2496.5,2496.5,1700,0.0,0.0
2024-09-17 12:34:00+09:00,2497.0,2497.0,2494.5,2494.5,1000,0.0,0.0
2024-09-17 12:35:00+09:00,2494.5,2497.0,2494.0,2497.0,2900,0.0,0.0
2024-09-17 12:36:00+09:00,2496.0,2496.0,2495.5,2495.5,500,0.0,0.0
2024-09-17 12:37:00+09:00,2496.0,2497.0,2496.0,2497.0,600,0.0,0.0
2024-09-17 12:38:00+09:00,2497.5,2498.0,2496.5,2496.5,1000,0.0,0.0
2024-09-17 12:39:00+09:00,2496.0,2496.0,2493.0,2493.0,2400,0.0,0.0
2024-09-17 12:40:00+09:00,2492.5,2493.0,2492.5,2492.5,2100,0.0,0.0
2024-09-17 12:41:00+09:00,2493.5,2493.5,2492.0,2492.0,600,0.0,0.0
2024-09-17 12:42:00+09:00,2493.0,2493.0,2491.5,2492.5,1300,0.0,0.0
2024-09-17 12:43:00+09:00,2493.0,2495.5,2493.0,2495.5,1100,0.0,0.0
2024-09-17 12:44:00+09:00,2496.5,2497.0,2496.5,2497.0,200,0.0,0.0
2024-09-17 12:45:00+09:00,2496.5,2500.0,2496.0,2500.0,1400,0.0,0.0
2024-09-17 12:46:00+09:00,2499.5,2499.5,2499.0,2499.0,400,0.0,0.0
2024-09-17 12:47:00+09:00,2499.0,2500.5,2499.0,2500.5,900,0.0,0.0
2024-09-17 12:48:00+09:00,2500.5,2500.5,2499.0,2499.0,400,0.0,0.0
2024-09-17 12:49:00+09:00,2500.0,2501.0,2500.0,2501.0,2000,0.0,0.0
2024-09-17 12:50:00+09:00,2500.0,2501.0,2500.0,2501.0,1300,0.0,0.0
2024-09-17 12:51:00+09:00,2501.5,2504.0,2501.5,2504.0,1200,0.0,0.0
2024-09-17 12:52:00+09:00,2504.0,2504.5,2503.0,2504.5,1400,0.0,0.0
2024-09-17 12:53:00+09:00,2504.0,2506.5,2504.0,2506.5,1900,0.0,0.0
2024-09-17 12:54:00+09:00,2506.5,2508.0,2506.0,2508.0,1400,0.0,0.0
2024-09-17 12:55:00+09:00,2507.0,2507.0,2505.0,2505.0,1300,0.0,0.0
2024-09-17 12:56:00+09:00,2506.0,2507.0,2505.5,2507.0,800,0.0,0.0
2024-09-17 12:57:00+09:00,2507.0,2507.5,2507.0,2507.5,700,0.0,0.0
2024-09-17 12:58:00+09:00,2507.5,2507.5,2506.5,2506.5,400,0.0,0.0
2024-09-17 12:59:00+09:00,2506.5,2507.0,2506.0,2507.0,400,0.0,0.0
2024-09-17 13:00:00+09:00,2506.5,2507.0,2505.5,2507.0,600,0.0,0.0
2024-09-17 13:01:00+09:00,2507.5,2507.5,2506.5,2506.5,400,0.0,0.0
2024-09-17 13:02:00+09:00,2507.0,2507.0,2502.5,2502.5,2600,0.0,0.0
2024-09-17 13:03:00+09:00,2503.0,2503.5,2503.0,2503.5,1400,0.0,0.0
2024-09-17 13:04:00+09:00,2503.0,2503.0,2503.0,2503.0,600,0.0,0.0
2024-09-17 13:05:00+09:00,2503.5,2503.5,2503.0,2503.5,400,0.0,0.0
2024-09-17 13:06:00+09:00,2504.0,2505.5,2504.0,2504.0,1600,0.0,0.0
2024-09-17 13:07:00+09:00,2503.5,2503.5,2502.0,2502.0,400,0.0,0.0
2024-09-17 13:08:00+09:00,2503.0,2503.0,2503.0,2503.0,300,0.0,0.0
2024-09-17 13:09:00+09:00,2504.0,2504.5,2504.0,2504.5,600,0.0,0.0
2024-09-17 13:10:00+09:00,2505.0,2506.5,2505.0,2506.5,1200,0.0,0.0
2024-09-17 13:11:00+09:00,2506.5,2508.0,2506.5,2507.5,2300,0.0,0.0
2024-09-17 13:12:00+09:00,2508.0,2508.0,2507.5,2507.5,1500,0.0,0.0
2024-09-17 13:13:00+09:00,2509.0,2510.0,2509.0,2509.5,2800,0.0,0.0
2024-09-17 13:14:00+09:00,2509.5,2509.5,2508.5,2508.5,900,0.0,0.0
2024-09-17 13:15:00+09:00,2507.5,2508.5,2507.5,2508.5,900,0.0,0.0
2024-09-17 13:16:00+09:00,2509.0,2510.5,2509.0,2510.5,1200,0.0,0.0
2024-09-17 13:17:00+09:00,2509.5,2510.0,2509.0,2510.0,800,0.0,0.0
2024-09-17 13:18:00+09:00,2511.5,2511.5,2510.5,2510.5,1400,0.0,0.0
2024-09-17 13:19:00+09:00,2510.5,2510.5,2510.5,2510.5,900,0.0,0.0
2024-09-17 13:20:00+09:00,2510.5,2512.0,2510.0,2510.5,4100,0.0,0.0
2024-09-17 13:21:00+09:00,2510.5,2513.5,2510.0,2513.5,7200,0.0,0.0
2024-09-17 13:22:00+09:00,2514.0,2514.0,2514.0,2514.0,300,0.0,0.0
2024-09-17 13:23:00+09:00,2513.5,2514.0,2513.5,2514.0,800,0.0,0.0
2024-09-17 13:24:00+09:00,2514.0,2515.0,2514.0,2515.0,1800,0.0,0.0
2024-09-17 13:25:00+09:00,2514.0,2514.0,2513.5,2514.0,1300,0.0,0.0
2024-09-17 13:26:00+09:00,2513.5,2515.0,2513.5,2515.0,2600,0.0,0.0
2024-09-17 13:27:00+09:00,2515.5,2516.0,2515.0,2515.0,1100,0.0,0.0
2024-09-17 13:28:00+09:00,2515.0,2516.0,2515.0,2516.0,1300,0.0,0.0
2024-09-17 13:29:00+09:00,2516.5,2520.0,2516.5,2519.0,7900,0.0,0.0
2024-09-17 13:30:00+09:00,2518.5,2518.5,2517.5,2517.5,1400,0.0,0.0
2024-09-17 13:31:00+09:00,2517.5,2519.5,2517.5,2519.0,2000,0.0,0.0
2024-09-17 13:32:00+09:00,2518.5,2519.5,2517.5,2519.5,2700,0.0,0.0
2024-09-17 13:33:00+09:00,2519.0,2519.0,2518.5,2518.5,200,0.0,0.0
2024-09-17 13:34:00+09:00,2518.5,2519.0,2518.5,2518.5,385700,0.0,0.0
2024-09-17 13:35:00+09:00,2518.5,2518.5,2517.0,2517.0,2700,0.0,0.0
2024-09-17 13:36:00+09:00,2517.0,2518.0,2516.5,2517.0,1600,0.0,0.0
2024-09-17 13:37:00+09:00,2517.5,2519.0,2517.5,2519.0,1100,0.0,0.0
2024-09-17 13:38:00+09:00,2518.5,2518.5,2516.0,2516.0,2200,0.0,0.0
2024-09-17 13:39:00+09:00,2514.0,2515.5,2512.5,2514.0,397300,0.0,0.0
2024-09-17 13:40:00+09:00,2514.0,2515.0,2514.0,2515.0,1400,0.0,0.0
2024-09-17 13:41:00+09:00,2515.0,2515.5,2515.0,2515.0,1900,0.0,0.0
2024-09-17 13:42:00+09:00,2515.0,2516.0,2515.0,2515.0,800,0.0,0.0
2024-09-17 13:43:00+09:00,2515.0,2516.5,2514.5,2516.5,1700,0.0,0.0
2024-09-17 13:44:00+09:00,2517.5,2518.0,2515.0,2515.0,3000,0.0,0.0
2024-09-17 13:45:00+09:00,2515.0,2515.5,2513.0,2515.5,3700,0.0,0.0
2024-09-17 13:46:00+09:00,2516.0,2517.5,2516.0,2517.5,1000,0.0,0.0
2024-09-17 13:47:00+09:00,2517.5,2518.5,2517.5,2518.5,2100,0.0,0.0
2024-09-17 13:48:00+09:00,2519.0,2521.5,2519.0,2521.5,3700,0.0,0.0
2024-09-17 13:49:00+09:00,2522.0,2524.0,2521.5,2524.0,2100,0.0,0.0
2024-09-17 13:50:00+09:00,2524.5,2527.0,2524.5,2525.0,11300,0.0,0.0
2024-09-17 13:51:00+09:00,2524.0,2524.0,2523.5,2523.5,1100,0.0,0.0
2024-09-17 13:52:00+09:00,2522.5,2525.5,2522.5,2525.5,6700,0.0,0.0
2024-09-17 13:53:00+09:00,2524.0,2525.5,2524.0,2525.0,1000,0.0,0.0
2024-09-17 13:54:00+09:00,2525.0,2526.0,2525.0,2525.5,1200,0.0,0.0
2024-09-17 13:55:00+09:00,2525.0,2525.0,2524.5,2525.0,900,0.0,0.0
2024-09-17 13:56:00+09:00,2524.0,2524.5,2524.0,2524.5,500,0.0,0.0
2024-09-17 13:57:00+09:00,2524.0,2524.0,2522.5,2523.0,1600,0.0,0.0
2024-09-17 13:58:00+09:00,2523.0,2523.0,2523.0,2523.0,400,0.0,0.0
2024-09-17 13:59:00+09:00,2523.0,2523.5,2521.0,2523.5,3800,0.0,0.0
2024-09-17 14:00:00+09:00,2523.0,2524.5,2523.0,2524.5,1400,0.0,0.0
2024-09-17 14:01:00+09:00,2524.5,2526.0,2524.5,2525.5,2700,0.0,0.0
2024-09-17 14:02:00+09:00,2525.0,2528.0,2525.0,2528.0,6700,0.0,0.0
2024-09-17 14:03:00+09:00,2528.0,2528.0,2527.5,2527.5,500,0.0,0.0
2024-09-17 14:04:00+09:00,2528.0,2528.0,2526.0,2526.0,1500,0.0,0.0
2024-09-17 14:05:00+09:00,2526.0,2529.5,2526.0,2529.5,2200,0.0,0.0
2024-09-17 14:06:00+09:00,2528.5,2528.5,2527.0,2527.0,1300,0.0,0.0
2024-09-17 14:07:00+09:00,2528.5,2530.0,2528.5,2529.5,2000,0.0,0.0
2024-09-17 14:08:00+09:00,2529.0,2529.0,2529.0,2529.0,400,0.0,0.0
2024-09-17 14:09:00+09:00,2529.5,2530.0,2528.5,2529.0,1100,0.0,0.0
2024-09-17 14:10:00+09:00,2529.0,2529.0,2525.0,2525.0,1400,0.0,0.0
2024-09-17 14:11:00+09:00,2524.5,2524.5,2522.5,2523.0,1900,0.0,0.0
2024-09-17 14:12:00+09:00,2522.5,2522.5,2522.5,2522.5,700,0.0,0.0
2024-09-17 14:13:00+09:00,2522.5,2523.0,2518.5,2521.5,11000,0.0,0.0
2024-09-17 14:14:00+09:00,2522.5,2523.0,2522.5,2523.0,300,0.0,0.0
2024-09-17 14:15:00+09:00,2523.5,2525.0,2523.5,2525.0,900,0.0,0.0
2024-09-17 14:16:00+09:00,2523.5,2524.5,2523.5,2524.5,500,0.0,0.0
2024-09-17 14:17:00+09:00,2524.0,2526.0,2523.5,2526.0,1000,0.0,0.0
2024-09-17 14:18:00+09:00,2525.5,2525.5,2525.5,2525.5,300,0.0,0.0
2024-09-17 14:20:00+09:00,2525.5,2526.0,2524.5,2524.5,1800,0.0,0.0
2024-09-17 14:21:00+09:00,2523.0,2523.0,2522.5,2523.0,1700,0.0,0.0
2024-09-17 14:22:00+09:00,2522.0,2523.0,2522.0,2523.0,1400,0.0,0.0
2024-09-17 14:23:00+09:00,2523.0,2524.5,2522.0,2522.0,4700,0.0,0.0
2024-09-17 14:24:00+09:00,2521.5,2521.5,2521.0,2521.5,1000,0.0,0.0
2024-09-17 14:25:00+09:00,2522.0,2522.5,2521.5,2521.5,900,0.0,0.0
2024-09-17 14:26:00+09:00,2522.5,2522.5,2522.5,2522.5,400,0.0,0.0
2024-09-17 14:27:00+09:00,2522.5,2522.5,2522.5,2522.5,400,0.0,0.0
2024-09-17 14:28:00+09:00,2523.0,2523.5,2522.0,2522.0,1700,0.0,0.0
2024-09-17 14:29:00+09:00,2521.5,2521.5,2519.5,2519.5,1200,0.0,0.0
2024-09-17 14:30:00+09:00,2519.5,2519.5,2517.5,2518.5,1700,0.0,0.0
2024-09-17 14:31:00+09:00,2519.0,2520.0,2519.0,2520.0,1100,0.0,0.0
2024-09-17 14:32:00+09:00,2520.0,2520.5,2519.5,2519.5,600,0.0,0.0
2024-09-17 14:34:00+09:00,2518.0,2519.5,2518.0,2518.0,505000,0.0,0.0
2024-09-17 14:35:00+09:00,2517.0,2519.0,2516.5,2519.0,3500,0.0,0.0
2024-09-17 14:36:00+09:00,2518.5,2518.5,2517.0,2517.0,509200,0.0,0.0
2024-09-17 14:37:00+09:00,2517.5,2517.5,2517.5,2517.5,500,0.0,0.0
2024-09-17 14:39:00+09:00,2518.0,2518.0,2518.0,2518.0,1100,0.0,0.0
2024-09-17 14:40:00+09:00,2517.5,2517.5,2516.0,2516.0,1600,0.0,0.0
2024-09-17 14:41:00+09:00,2516.5,2518.0,2516.5,2518.0,1600,0.0,0.0
2024-09-17 14:42:00+09:00,2518.0,2519.0,2518.0,2519.0,1100,0.0,0.0
2024-09-17 14:43:00+09:00,2519.5,2522.5,2519.5,2521.0,2400,0.0,0.0
2024-09-17 14:44:00+09:00,2520.0,2520.0,2519.0,2519.5,900,0.0,0.0
2024-09-17 14:45:00+09:00,2520.0,2520.5,2519.5,2519.5,1100,0.0,0.0
2024-09-17 14:46:00+09:00,2520.0,2520.5,2520.0,2520.5,900,0.0,0.0
2024-09-17 14:47:00+09:00,2521.0,2525.5,2521.0,2523.5,5600,0.0,0.0
2024-09-17 14:48:00+09:00,2525.0,2525.5,2525.0,2525.5,500,0.0,0.0
2024-09-17 14:49:00+09:00,2525.0,2525.0,2525.0,2525.0,300,0.0,0.0
2024-09-17 14:50:00+09:00,2526.0,2529.5,2526.0,2529.0,3100,0.0,0.0
2024-09-17 14:51:00+09:00,2529.0,2529.5,2529.0,2529.0,800,0.0,0.0
2024-09-17 14:52:00+09:00,2529.5,2532.5,2529.5,2532.0,5000,0.0,0.0
2024-09-17 14:53:00+09:00,2531.5,2531.5,2528.5,2528.5,2200,0.0,0.0
2024-09-17 14:54:00+09:00,2529.5,2536.5,2529.5,2533.5,10800,0.0,0.0
2024-09-17 14:55:00+09:00,2534.5,2534.5,2529.5,2532.5,2600,0.0,0.0
2024-09-17 14:56:00+09:00,2532.0,2533.5,2531.5,2533.5,2200,0.0,0.0
2024-09-17 14:57:00+09:00,2534.0,2537.5,2534.0,2537.5,5700,0.0,0.0
2024-09-17 14:58:00+09:00,2538.0,2538.5,2537.0,2538.0,3300,0.0,0.0
2024-09-17 14:59:00+09:00,2539.0,2543.0,2538.5,2543.0,13600,0.0,0.0
2024-09-18 09:00:00+09:00,2549.0,2550.0,2540.0,2542.0,0,0.0,0.0
2024-09-18 09:01:00+09:00,2539.0,2539.5,2535.0,2539.5,5200,0.0,0.0
2024-09-18 09:02:00+09:00,2541.5,2545.0,2541.5,2545.0,2000,0.0,0.0
2024-09-18 09:03:00+09:00,2545.5,2550.5,2545.5,2548.0,3300,0.0,0.0
2024-09-18 09:04:00+09:00,2548.5,2552.5,2545.0,2552.5,1800,0.0,0.0
2024-09-18 09:05:00+09:00,2552.0,2554.0,2550.0,2550.0,2200,0.0,0.0
2024-09-18 09:06:00+09:00,2549.5,2549.5,2549.0,2549.0,1400,0.0,0.0
2024-09-18 09:07:00+09:00,2548.0,2549.0,2548.0,2549.0,300,0.0,0.0
2024-09-18 09:08:00+09:00,2550.0,2554.0,2550.0,2554.0,600,0.0,0.0
2024-09-18 09:09:00+09:00,2554.5,2559.0,2552.0,2559.0,7900,0.0,0.0
2024-09-18 09:10:00+09:00,2559.5,2565.0,2559.5,2565.0,7500,0.0,0.0
2024-09-18 09:11:00+09:00,2565.5,2568.0,2565.5,2566.5,4500,0.0,0.0
2024-09-18 09:12:00+09:00,2568.0,2576.5,2568.0,2575.5,6900,0.0,0.0
2024-09-18 09:13:00+09:00,2576.5,2579.0,2576.5,2577.0,1600,0.0,0.0
2024-09-18 09:14:00+09:00,2577.0,2578.5,2575.0,2575.0,1400,0.0,0.0
2024-09-18 09:15:00+09:00,2576.0,2578.5,2575.0,2578.0,3300,0.0,0.0
2024-09-18 09:16:00+09:00,2577.5,2578.5,2576.5,2578.5,1600,0.0,0.0
2024-09-18 09:17:00+09:00,2577.5,2580.5,2577.5,2578.0,5000,0.0,0.0
2024-09-18 09:18:00+09:00,2577.0,2577.0,2574.0,2575.5,1600,0.0,0.0
2024-09-18 09:19:00+09:00,2574.0,2574.5,2573.0,2573.5,4100,0.0,0.0
2024-09-18 09:20:00+09:00,2573.0,2574.0,2570.0,2570.5,1900,0.0,0.0
2024-09-18 09:21:00+09:00,2570.0,2574.0,2570.0,2573.0,4100,0.0,0.0
2024-09-18 09:22:00+09:00,2572.5,2572.5,2569.0,2570.0,1900,0.0,0.0
2024-09-18 09:23:00+09:00,2570.5,2571.0,2566.5,2567.5,2200,0.0,0.0
2024-09-18 09:24:00+09:00,2567.0,2567.0,2560.5,2561.0,3800,0.0,0.0
2024-09-18 09:25:00+09:00,2559.0,2561.0,2558.0,2558.0,3600,0.0,0.0
2024-09-18 09:26:00+09:00,2555.0,2555.5,2553.5,2554.5,800,0.0,0.0
2024-09-18 09:27:00+09:00,2556.0,2556.0,2554.0,2554.0,1100,0.0,0.0
2024-09-18 09:28:00+09:00,2555.0,2557.0,2553.5,2557.0,900,0.0,0.0
2024-09-18 09:29:00+09:00,2557.5,2560.0,2557.0,2557.0,2700,0.0,0.0
2024-09-18 09:30:00+09:00,2558.0,2559.5,2558.0,2559.0,1400,0.0,0.0
2024-09-18 09:31:00+09:00,2561.0,2562.0,2561.0,2561.0,800,0.0,0.0
2024-09-18 09:32:00+09:00,2560.5,2560.5,2559.0,2559.0,1900,0.0,0.0
2024-09-18 09:33:00+09:00,2559.0,2559.0,2559.0,2559.0,600,0.0,0.0
2024-09-18 09:34:00+09:00,2559.0,2559.0,2558.0,2558.0,1100,0.0,0.0
2024-09-18 09:35:00+09:00,2558.0,2558.0,2557.5,2557.5,500,0.0,0.0
2024-09-18 09:36:00+09:00,2558.0,2558.5,2556.5,2557.0,2600,0.0,0.0
2024-09-18 09:37:00+09:00,2556.0,2556.0,2554.0,2554.0,11400,0.0,0.0
2024-09-18 09:38:00+09:00,2554.0,2554.5,2553.5,2554.5,600,0.0,0.0
2024-09-18 09:39:00+09:00,2553.5,2556.0,2553.5,2556.0,3100,0.0,0.0
2024-09-18 09:40:00+09:00,2556.5,2556.5,2555.0,2556.0,1100,0.0,0.0
2024-09-18 09:41:00+09:00,2555.0,2555.0,2554.0,2554.0,600,0.0,0.0
2024-09-18 09:42:00+09:00,2553.5,2555.5,2553.5,2555.5,1300,0.0,0.0
2024-09-18 09:43:00+09:00,2556.0,2557.0,2556.0,2557.0,1000,0.0,0.0
2024-09-18 09:44:00+09:00,2556.5,2556.5,2555.0,2555.5,1300,0.0,0.0
2024-09-18 09:45:00+09:00,2556.5,2558.5,2556.5,2558.5,300,0.0,0.0
2024-09-18 09:46:00+09:00,2559.5,2559.5,2558.5,2559.5,1000,0.0,0.0
2024-09-18 09:47:00+09:00,2560.0,2560.5,2558.5,2560.5,800,0.0,0.0
2024-09-18 09:48:00+09:00,2561.0,2562.5,2561.0,2562.5,1000,0.0,0.0
2024-09-18 09:49:00+09:00,2562.0,2562.0,2558.5,2558.5,1700,0.0,0.0
2024-09-18 09:50:00+09:00,2559.5,2559.5,2558.5,2559.5,300,0.0,0.0
2024-09-18 09:51:00+09:00,2560.0,2560.5,2559.5,2560.5,700,0.0,0.0
2024-09-18 09:52:00+09:00,2561.0,2561.0,2560.0,2560.0,800,0.0,0.0
2024-09-18 09:53:00+09:00,2559.5,2559.5,2559.0,2559.0,900,0.0,0.0
2024-09-18 09:54:00+09:00,2559.0,2559.0,2557.5,2557.5,600,0.0,0.0
2024-09-18 09:55:00+09:00,2559.0,2560.5,2559.0,2560.5,900,0.0,0.0
2024-09-18 09:56:00+09:00,2561.5,2561.5,2561.0,2561.5,400,0.0,0.0
2024-09-18 09:57:00+09:00,2559.0,2559.0,2559.0,2559.0,300,0.0,0.0
2024-09-18 09:58:00+09:00,2558.5,2558.5,2557.5,2557.5,800,0.0,0.0
2024-09-18 09:59:00+09:00,2556.5,2556.5,2555.0,2555.5,1100,0.0,0.0
2024-09-18 10:00:00+09:00,2553.5,2553.5,2553.0,2553.0,400,0.0,0.0
2024-09-18 10:01:00+09:00,2553.0,2553.5,2552.5,2553.5,400,0.0,0.0
2024-09-18 10:02:00+09:00,2554.0,2555.0,2554.0,2554.0,500,0.0,0.0
2024-09-18 10:03:00+09:00,2553.5,2553.5,2553.0,2553.5,700,0.0,0.0
2024-09-18 10:04:00+09:00,2553.5,2554.0,2553.0,2553.0,500,0.0,0.0
2024-09-18 10:05:00+09:00,2553.5,2553.5,2553.5,2553.5,100,0.0,0.0
2024-09-18 10:06:00+09:00,2553.5,2554.0,2552.5,2554.0,600,0.0,0.0
2024-09-18 10:07:00+09:00,2554.5,2554.5,2554.0,2554.5,800,0.0,0.0
2024-09-18 10:08:00+09:00,2555.0,2559.0,2555.0,2559.0,1200,0.0,0.0
2024-09-18 10:09:00+09:00,2559.5,2559.5,2559.0,2559.0,600,0.0,0.0
2024-09-18 10:10:00+09:00,2559.5,2559.5,2559.5,2559.5,200,0.0,0.0
2024-09-18 10:11:00+09:00,2559.5,2560.5,2557.5,2560.0,2200,0.0,0.0
2024-09-18 10:12:00+09:00,2559.0,2560.0,2555.5,2559.0,9300,0.0,0.0
2024-09-18 10:13:00+09:00,2558.5,2559.0,2558.5,2559.0,200,0.0,0.0
2024-09-18 10:14:00+09:00,2559.0,2559.5,2559.0,2559.5,300,0.0,0.0
2024-09-18 10:15:00+09:00,2560.0,2560.0,2559.0,2559.0,700,0.0,0.0
2024-09-18 10:16:00+09:00,2558.5,2558.5,2556.5,2556.5,600,0.0,0.0
2024-09-18 10:17:00+09:00,2557.5,2559.5,2557.0,2559.5,1000,0.0,0.0
2024-09-18 10:18:00+09:00,2560.0,2560.0,2559.0,2559.0,800,0.0,0.0
2024-09-18 10:19:00+09:00,2559.0,2559.0,2559.0,2559.0,200,0.0,0.0
2024-09-18 10:20:00+09:00,2559.0,2559.0,2555.0,2555.5,1100,0.0,0.0
2024-09-18 10:21:00+09:00,2555.5,2555.5,2555.0,2555.5,400,0.0,0.0
2024-09-18 10:22:00+09:00,2553.5,2553.5,2553.5,2553.5,600,0.0,0.0
2024-09-18 10:23:00+09:00,2553.0,2553.5,2552.5,2553.0,700,0.0,0.0
2024-09-18 10:24:00+09:00,2553.5,2553.5,2552.5,2552.5,300,0.0,0.0
2024-09-18 10:25:00+09:00,2553.5,2555.0,2553.5,2555.0,1100,0.0,0.0
2024-09-18 10:26:00+09:00,2555.0,2556.5,2555.0,2556.5,600,0.0,0.0
2024-09-18 10:27:00+09:00,2556.0,2556.5,2556.0,2556.0,300,0.0,0.0
2024-09-18 10:28:00+09:00,2556.0,2556.0,2554.5,2556.0,800,0.0,0.0
2024-09-18 10:29:00+09:00,2557.0,2557.0,2557.0,2557.0,400,0.0,0.0
2024-09-18 10:30:00+09:00,2556.5,2565.0,2556.5,2562.5,4700,0.0,0.0
2024-09-18 10:31:00+09:00,2562.0,2562.0,2561.0,2561.0,400,0.0,0.0
2024-09-18 10:32:00+09:00,2561.5,2561.5,2561.5,2561.5,100,0.0,0.0
2024-09-18 10:33:00+09:00,2560.0,2560.0,2558.5,2558.5,600,0.0,0.0
2024-09-18 10:34:00+09:00,2558.0,2559.0,2558.0,2559.0,400,0.0,0.0
2024-09-18 10:35:00+09:00,2558.5,2558.5,2556.0,2556.5,800,0.0,0.0
2024-09-18 10:36:00+09:00,2556.0,2556.0,2556.0,2556.0,300,0.0,0.0
2024-09-18 10:37:00+09:00,2556.0,2560.0,2556.0,2559.0,3200,0.0,0.0
2024-09-18 10:38:00+09:00,2560.0,2560.0,2558.5,2558.5,800,0.0,0.0
2024-09-18 10:39:00+09:00,2558.5,2558.5,2558.5,2558.5,300,0.0,0.0
2024-09-18 10:40:00+09:00,2559.0,2559.0,2559.0,2559.0,100,0.0,0.0
2024-09-18 10:41:00+09:00,2560.0,2563.5,2560.0,2563.5,1000,0.0,0.0
2024-09-18 10:42:00+09:00,2562.5,2562.5,2561.5,2561.5,300,0.0,0.0
2024-09-18 10:43:00+09:00,2562.0,2562.0,2561.5,2562.0,400,0.0,0.0
2024-09-18 10:44:00+09:00,2561.0,2561.0,2560.0,2560.0,200,0.0,0.0
2024-09-18 10:45:00+09:00,2559.0,2559.0,2557.0,2557.0,800,0.0,0.0
2024-09-18 10:46:00+09:00,2557.0,2557.0,2555.5,2555.5,1900,0.0,0.0
2024-09-18 10:48:00+09:00,2555.5,2556.0,2553.5,2553.5,1900,0.0,0.0
2024-09-18 10:49:00+09:00,2553.0,2553.0,2550.0,2553.0,3200,0.0,0.0
2024-09-18 10:50:00+09:00,2552.0,2552.0,2550.5,2550.5,600,0.0,0.0
2024-09-18 10:51:00+09:00,2551.5,2554.0,2551.5,2554.0,1800,0.0,0.0
2024-09-18 10:52:00+09:00,2554.0,2554.0,2552.0,2552.0,400,0.0,0.0
2024-09-18 10:53:00+09:00,2551.0,2551.0,2551.0,2551.0,200,0.0,0.0
2024-09-18 10:54:00+09:00,2550.5,2550.5,2550.0,2550.0,500,0.0,0.0
2024-09-18 10:55:00+09:00,2549.5,2549.5,2548.0,2548.0,500,0.0,0.0
2024-09-18 10:56:00+09:00,2548.0,2550.0,2548.0,2549.0,1800,0.0,0.0
2024-09-18 10:57:00+09:00,2548.5,2551.0,2548.5,2551.0,600,0.0,0.0
2024-09-18 10:58:00+09:00,2551.5,2551.5,2551.0,2551.0,400,0.0,0.0
2024-09-18 10:59:00+09:00,2550.0,2550.0,2549.5,2549.5,400,0.0,0.0
2024-09-18 11:00:00+09:00,2549.5,2549.5,2549.0,2549.0,400,0.0,0.0
2024-09-18 11:02:00+09:00,2548.5,2548.5,2547.0,2547.0,500,0.0,0.0
2024-09-18 11:03:00+09:00,2547.0,2547.0,2546.5,2546.5,200,0.0,0.0
2024-09-18 11:04:00+09:00,2546.5,2549.5,2546.5,2549.5,1800,0.0,0.0
2024-09-18 11:05:00+09:00,2549.5,2550.0,2549.5,2550.0,300,0.0,0.0
2024-09-18 11:06:00+09:00,2551.0,2551.5,2550.0,2550.0,1600,0.0,0.0
2024-09-18 11:07:00+09:00,2550.5,2550.5,2549.5,2549.5,200,0.0,0.0
2024-09-18 11:08:00+09:00,2550.5,2554.0,2550.5,2554.0,1200,0.0,0.0
2024-09-18 11:09:00+09:00,2553.5,2553.5,2552.0,2552.5,400,0.0,0.0
2024-09-18 11:10:00+09:00,2552.5,2553.0,2552.5,2553.0,200,0.0,0.0
2024-09-18 11:11:00+09:00,2552.5,2554.0,2552.5,2554.0,1100,0.0,0.0
2024-09-18 11:12:00+09:00,2554.5,2555.0,2553.5,2555.0,900,0.0,0.0
2024-09-18 11:13:00+09:00,2555.0,2556.0,2555.0,2556.0,700,0.0,0.0
2024-09-18 11:14:00+09:00,2556.0,2556.0,2556.0,2556.0,200,0.0,0.0
2024-09-18 11:15:00+09:00,2555.5,2555.5,2555.0,2555.0,600,0.0,0.0
2024-09-18 11:16:00+09:00,2555.0,2555.0,2553.0,2553.0,2800,0.0,0.0
2024-09-18 11:17:00+09:00,2553.5,2554.5,2553.5,2554.5,300,0.0,0.0
2024-09-18 11:18:00+09:00,2554.0,2554.5,2553.5,2553.5,1400,0.0,0.0
2024-09-18 11:19:00+09:00,2554.5,2554.5,2553.5,2553.5,600,0.0,0.0
2024-09-18 11:20:00+09:00,2553.5,2554.5,2553.5,2554.5,1400,0.0,0.0
2024-09-18 11:21:00+09:00,2554.5,2555.0,2554.0,2554.0,800,0.0,0.0
2024-09-18 11:22:00+09:00,2553.5,2554.0,2553.5,2554.0,300,0.0,0.0
2024-09-18 11:23:00+09:00,2553.5,2554.5,2553.5,2554.5,400,0.0,0.0
2024-09-18 11:24:00+09:00,2554.5,2554.5,2554.5,2554.5,100,0.0,0.0
2024-09-18 11:25:00+09:00,2554.0,2555.0,2554.0,2554.5,500,0.0,0.0
2024-09-18 11:26:00+09:00,2555.0,2555.5,2555.0,2555.5,600,0.0,0.0
2024-09-18 11:27:00+09:00,2555.0,2555.0,2555.0,2555.0,300,0.0,0.0
2024-09-18 11:28:00+09:00,2555.5,2555.5,2555.0,2555.0,400,0.0,0.0
2024-09-18 11:29:00+09:00,2554.5,2554.5,2551.5,2551.5,6000,0.0,0.0
2024-09-18 11:30:00+09:00,2553.5,2553.5,2553.5,2553.5,800,0.0,0.0
2024-09-18 11:35:00+09:00,2553.5,2553.5,2553.5,2553.5,0,0.0,0.0
2024-09-18 12:30:00+09:00,2549.5,2551.0,2543.0,2543.0,242200,0.0,0.0
2024-09-18 12:31:00+09:00,2542.0,2542.0,2537.0,2541.0,4100,0.0,0.0
2024-09-18 12:32:00+09:00,2541.5,2541.5,2537.0,2537.0,2400,0.0,0.0
2024-09-18 12:33:00+09:00,2536.5,2537.0,2533.5,2535.0,5200,0.0,0.0
2024-09-18 12:34:00+09:00,2534.0,2535.5,2532.0,2535.5,2500,0.0,0.0
2024-09-18 12:35:00+09:00,2536.0,2537.0,2534.5,2537.0,2300,0.0,0.0
2024-09-18 12:36:00+09:00,2537.5,2538.5,2537.5,2538.0,800,0.0,0.0
2024-09-18 12:37:00+09:00,2537.5,2537.5,2535.0,2535.0,3000,0.0,0.0
2024-09-18 12:38:00+09:00,2535.0,2537.0,2535.0,2537.0,3100,0.0,0.0
2024-09-18 12:39:00+09:00,2536.5,2536.5,2536.0,2536.0,500,0.0,0.0
2024-09-18 12:40:00+09:00,2535.5,2537.5,2535.5,2537.5,2200,0.0,0.0
2024-09-18 12:41:00+09:00,2537.5,2537.5,2537.5,2537.5,200,0.0,0.0
2024-09-18 12:42:00+09:00,2538.0,2538.5,2537.5,2538.5,1500,0.0,0.0
2024-09-18 12:43:00+09:00,2538.5,2539.0,2538.5,2539.0,270900,0.0,0.0
2024-09-18 12:44:00+09:00,2540.0,2540.5,2539.5,2539.5,1300,0.0,0.0
2024-09-18 12:45:00+09:00,2540.0,2540.0,2539.5,2539.5,800,0.0,0.0
2024-09-18 12:46:00+09:00,2539.0,2540.5,2538.5,2540.5,3400,0.0,0.0
2024-09-18 12:47:00+09:00,2541.0,2544.0,2541.0,2543.0,1200,0.0,0.0
2024-09-18 12:48:00+09:00,2542.5,2543.0,2542.5,2543.0,300,0.0,0.0
2024-09-18 12:49:00+09:00,2542.5,2542.5,2542.0,2542.5,1200,0.0,0.0
2024-09-18 12:50:00+09:00,2543.0,2543.0,2543.0,2543.0,500,0.0,0.0
2024-09-18 12:51:00+09:00,2542.5,2542.5,2541.5,2541.5,700,0.0,0.0
2024-09-18 12:52:00+09:00,2542.0,2542.0,2542.0,2542.0,200,0.0,0.0
2024-09-18 12:53:00+09:00,2542.0,2545.0,2542.0,2544.5,2400,0.0,0.0
2024-09-18 12:54:00+09:00,2545.0,2545.0,2545.0,2545.0,400,0.0,0.0
2024-09-18 12:55:00+09:00,2543.0,2543.0,2542.5,2542.5,400,0.0,0.0
2024-09-18 12:56:00+09:00,2542.5,2542.5,2540.5,2540.5,700,0.0,0.0
2024-09-18 12:57:00+09:00,2540.0,2540.0,2539.5,2539.5,700,0.0,0.0
2024-09-18 12:58:00+09:00,2538.5,2539.0,2538.5,2539.0,500,0.0,0.0
2024-09-18 12:59:00+09:00,2538.5,2538.5,2537.5,2537.5,400,0.0,0.0
2024-09-18 13:00:00+09:00,2537.5,2537.5,2535.0,2536.0,400,0.0,0.0
2024-09-18 13:01:00+09:00,2535.5,2537.0,2535.5,2537.0,1000,0.0,0.0
2024-09-18 13:02:00+09:00,2537.5,2537.5,2535.5,2535.5,1200,0.0,0.0
2024-09-18 13:03:00+09:00,2537.0,2537.0,2535.5,2535.5,600,0.0,0.0
2024-09-18 13:04:00+09:00,2535.5,2536.0,2535.0,2536.0,500,0.0,0.0
2024-09-18 13:05:00+09:00,2535.5,2538.5,2535.5,2538.5,2300,0.0,0.0
2024-09-18 13:06:00+09:00,2538.5,2538.5,2536.5,2536.5,1000,0.0,0.0
2024-09-18 13:08:00+09:00,2537.5,2538.0,2537.5,2537.5,900,0.0,0.0
2024-09-18 13:10:00+09:00,2538.0,2538.0,2537.5,2537.5,1200,0.0,0.0
2024-09-18 13:11:00+09:00,2537.0,2537.5,2537.0,2537.0,800,0.0,0.0
2024-09-18 13:12:00+09:00,2536.5,2536.5,2534.0,2534.0,1400,0.0,0.0
2024-09-18 13:13:00+09:00,2533.0,2534.0,2533.0,2533.5,1200,0.0,0.0
2024-09-18 13:14:00+09:00,2534.5,2534.5,2534.5,2534.5,100,0.0,0.0
2024-09-18 13:15:00+09:00,2534.0,2537.0,2533.5,2536.5,4700,0.0,0.0
2024-09-18 13:16:00+09:00,2536.5,2539.0,2536.5,2538.5,1200,0.0,0.0
2024-09-18 13:17:00+09:00,2539.5,2539.5,2539.5,2539.5,200,0.0,0.0
2024-09-18 13:18:00+09:00,2539.0,2541.5,2538.5,2541.5,2000,0.0,0.0
2024-09-18 13:20:00+09:00,2541.5,2543.0,2541.5,2543.0,700,0.0,0.0
2024-09-18 13:22:00+09:00,2543.5,2544.0,2541.5,2543.5,5200,0.0,0.0
2024-09-18 13:23:00+09:00,2543.5,2543.5,2542.5,2542.5,700,0.0,0.0
2024-09-18 13:24:00+09:00,2541.5,2541.5,2538.5,2538.5,800,0.0,0.0
2024-09-18 13:25:00+09:00,2538.0,2539.0,2538.0,2539.0,300,0.0,0.0
2024-09-18 13:26:00+09:00,2539.0,2540.0,2539.0,2540.0,400,0.0,0.0
2024-09-18 13:27:00+09:00,2540.0,2540.0,2539.5,2539.5,300,0.0,0.0
2024-09-18 13:28:00+09:00,2539.0,2539.0,2537.0,2538.5,900,0.0,0.0
2024-09-18 13:29:00+09:00,2538.0,2541.0,2538.0,2541.0,2200,0.0,0.0
2024-09-18 13:30:00+09:00,2540.5,2541.0,2540.0,2541.0,1400,0.0,0.0
2024-09-18 13:31:00+09:00,2540.5,2541.0,2540.5,2541.0,500,0.0,0.0
2024-09-18 13:32:00+09:00,2540.5,2540.5,2540.5,2540.5,300,0.0,0.0
2024-09-18 13:33:00+09:00,2541.5,2541.5,2540.5,2540.5,500,0.0,0.0
2024-09-18 13:34:00+09:00,2540.0,2541.0,2540.0,2541.0,700,0.0,0.0
2024-09-18 13:35:00+09:00,2541.5,2541.5,2541.5,2541.5,200,0.0,0.0
2024-09-18 13:36:00+09:00,2541.5,2541.5,2541.5,2541.5,700,0.0,0.0
2024-09-18 13:37:00+09:00,2541.5,2541.5,2540.5,2540.5,900,0.0,0.0
2024-09-18 13:38:00+09:00,2540.0,2540.0,2540.0,2540.0,300,0.0,0.0
2024-09-18 13:39:00+09:00,2539.5,2539.5,2539.0,2539.0,200,0.0,0.0
2024-09-18 13:40:00+09:00,2539.5,2540.0,2538.5,2539.0,900,0.0,0.0
2024-09-18 13:41:00+09:00,2539.5,2539.5,2539.5,2539.5,600,0.0,0.0
2024-09-18 13:42:00+09:00,2540.0,2540.0,2540.0,2540.0,800,0.0,0.0
2024-09-18 13:43:00+09:00,2539.5,2539.5,2539.0,2539.0,600,0.0,0.0
2024-09-18 13:44:00+09:00,2540.0,2540.0,2539.0,2539.0,500,0.0,0.0
2024-09-18 13:45:00+09:00,2540.0,2542.5,2540.0,2542.0,3600,0.0,0.0
2024-09-18 13:46:00+09:00,2542.5,2542.5,2542.5,2542.5,200,0.0,0.0
2024-09-18 13:47:00+09:00,2542.0,2542.0,2541.0,2541.0,1000,0.0,0.0
2024-09-18 13:48:00+09:00,2540.5,2540.5,2539.5,2540.0,900,0.0,0.0
2024-09-18 13:49:00+09:00,2539.5,2540.0,2539.5,2540.0,500,0.0,0.0
2024-09-18 13:50:00+09:00,2539.5,2539.5,2538.5,2538.5,1900,0.0,0.0
2024-09-18 13:51:00+09:00,2538.0,2538.0,2537.0,2537.0,300,0.0,0.0
2024-09-18 13:52:00+09:00,2537.5,2537.5,2537.0,2537.5,1400,0.0,0.0
2024-09-18 13:53:00+09:00,2537.0,2537.5,2537.0,2537.5,500,0.0,0.0
2024-09-18 13:54:00+09:00,2537.5,2538.5,2537.5,2538.5,1300,0.0,0.0
2024-09-18 13:55:00+09:00,2538.0,2538.0,2538.0,2538.0,400,0.0,0.0
2024-09-18 13:56:00+09:00,2538.5,2538.5,2538.5,2538.5,400,0.0,0.0
2024-09-18 13:57:00+09:00,2538.5,2538.5,2538.5,2538.5,700,0.0,0.0
2024-09-18 13:58:00+09:00,2538.5,2539.0,2538.0,2539.0,1000,0.0,0.0
2024-09-18 13:59:00+09:00,2540.5,2542.0,2540.5,2541.5,1300,0.0,0.0
2024-09-18 14:00:00+09:00,2540.0,2540.0,2539.0,2539.5,1600,0.0,0.0
2024-09-18 14:01:00+09:00,2539.0,2539.0,2539.0,2539.0,300,0.0,0.0
2024-09-18 14:02:00+09:00,2539.0,2539.0,2538.5,2538.5,1000,0.0,0.0
2024-09-18 14:03:00+09:00,2539.0,2539.0,2538.0,2538.0,1400,0.0,0.0
2024-09-18 14:04:00+09:00,2539.0,2539.0,2539.0,2539.0,200,0.0,0.0
2024-09-18 14:05:00+09:00,2538.5,2539.0,2538.5,2539.0,1100,0.0,0.0
2024-09-18 14:06:00+09:00,2539.5,2539.5,2539.5,2539.5,200,0.0,0.0
2024-09-18 14:07:00+09:00,2540.0,2540.0,2540.0,2540.0,800,0.0,0.0
2024-09-18 14:08:00+09:00,2540.0,2540.0,2540.0,2540.0,200,0.0,0.0
2024-09-18 14:09:00+09:00,2540.0,2540.5,2540.0,2540.5,1300,0.0,0.0
2024-09-18 14:10:00+09:00,2541.0,2542.5,2540.5,2542.5,1500,0.0,0.0
2024-09-18 14:11:00+09:00,2543.0,2543.5,2543.0,2543.0,1500,0.0,0.0
2024-09-18 14:12:00+09:00,2543.0,2543.0,2542.5,2542.5,1000,0.0,0.0
2024-09-18 14:13:00+09:00,2542.5,2542.5,2541.0,2541.0,1100,0.0,0.0
2024-09-18 14:14:00+09:00,2540.5,2540.5,2540.0,2540.0,600,0.0,0.0
2024-09-18 14:16:00+09:00,2539.5,2539.5,2539.5,2539.5,100,0.0,0.0
2024-09-18 14:17:00+09:00,2540.0,2540.5,2539.5,2539.5,1900,0.0,0.0
2024-09-18 14:18:00+09:00,2539.0,2539.0,2537.5,2538.0,1700,0.0,0.0
2024-09-18 14:19:00+09:00,2538.0,2539.0,2538.0,2539.0,600,0.0,0.0
2024-09-18 14:20:00+09:00,2539.5,2540.0,2538.0,2538.5,7600,0.0,0.0
2024-09-18 14:21:00+09:00,2538.5,2538.5,2538.0,2538.5,1300,0.0,0.0
2024-09-18 14:22:00+09:00,2539.0,2540.5,2539.0,2540.5,2000,0.0,0.0
2024-09-18 14:23:00+09:00,2541.0,2542.0,2541.0,2542.0,600,0.0,0.0
2024-09-18 14:24:00+09:00,2542.0,2542.0,2542.0,2542.0,300,0.0,0.0
2024-09-18 14:25:00+09:00,2542.5,2544.0,2542.5,2544.0,1000,0.0,0.0
2024-09-18 14:26:00+09:00,2544.0,2544.5,2543.5,2543.5,400,0.0,0.0
2024-09-18 14:27:00+09:00,2544.5,2546.0,2543.5,2546.0,2200,0.0,0.0
2024-09-18 14:28:00+09:00,2546.0,2547.0,2545.5,2547.0,1900,0.0,0.0
2024-09-18 14:29:00+09:00,2547.0,2548.5,2546.5,2548.5,1200,0.0,0.0
2024-09-18 14:30:00+09:00,2548.0,2548.0,2544.5,2544.5,2700,0.0,0.0
2024-09-18 14:31:00+09:00,2545.5,2545.5,2545.5,2545.5,1000,0.0,0.0
2024-09-18 14:32:00+09:00,2545.0,2545.0,2544.5,2544.5,1300,0.0,0.0
2024-09-18 14:33:00+09:00,2544.5,2544.5,2544.5,2544.5,200,0.0,0.0
2024-09-18 14:34:00+09:00,2544.5,2544.5,2544.5,2544.5,1400,0.0,0.0
2024-09-18 14:35:00+09:00,2545.0,2546.5,2545.0,2546.5,2200,0.0,0.0
2024-09-18 14:36:00+09:00,2546.5,2546.5,2545.5,2545.5,1200,0.0,0.0
2024-09-18 14:37:00+09:00,2545.5,2545.5,2542.5,2542.5,4000,0.0,0.0
2024-09-18 14:38:00+09:00,2542.5,2543.5,2542.0,2543.5,1400,0.0,0.0
2024-09-18 14:39:00+09:00,2544.0,2545.0,2544.0,2545.0,800,0.0,0.0
2024-09-18 14:40:00+09:00,2545.5,2546.0,2545.5,2546.0,600,0.0,0.0
2024-09-18 14:41:00+09:00,2546.0,2547.0,2546.0,2546.0,1900,0.0,0.0
2024-09-18 14:42:00+09:00,2546.0,2548.0,2546.0,2546.0,3100,0.0,0.0
2024-09-18 14:43:00+09:00,2546.0,2546.0,2545.0,2545.0,1500,0.0,0.0
2024-09-18 14:44:00+09:00,2545.5,2545.5,2543.5,2543.5,2900,0.0,0.0
2024-09-18 14:45:00+09:00,2543.5,2544.0,2543.5,2543.5,1200,0.0,0.0
2024-09-18 14:46:00+09:00,2542.5,2543.0,2542.5,2542.5,800,0.0,0.0
2024-09-18 14:47:00+09:00,2542.5,2542.5,2540.5,2542.0,2500,0.0,0.0
2024-09-18 14:48:00+09:00,2542.0,2543.0,2541.5,2543.0,3800,0.0,0.0
2024-09-18 14:49:00+09:00,2542.5,2542.5,2542.0,2542.5,1900,0.0,0.0
2024-09-18 14:50:00+09:00,2542.0,2544.5,2542.0,2544.0,3600,0.0,0.0
2024-09-18 14:51:00+09:00,2543.5,2543.5,2542.5,2543.0,2400,0.0,0.0
2024-09-18 14:52:00+09:00,2543.5,2544.0,2543.0,2544.0,1500,0.0,0.0
2024-09-18 14:53:00+09:00,2543.5,2543.5,2541.0,2541.0,2200,0.0,0.0
2024-09-18 14:54:00+09:00,2540.5,2541.0,2540.0,2541.0,4100,0.0,0.0
2024-09-18 14:55:00+09:00,2541.5,2543.0,2541.5,2543.0,4700,0.0,0.0
2024-09-18 14:56:00+09:00,2543.0,2543.0,2541.5,2541.5,1400,0.0,0.0
2024-09-18 14:57:00+09:00,2541.5,2542.5,2541.5,2542.5,1700,0.0,0.0
2024-09-18 14:58:00+09:00,2542.5,2543.0,2541.5,2543.0,4500,0.0,0.0
2024-09-18 14:59:00+09:00,2543.0,2545.0,2542.0,2544.0,6400,0.0,0.0
2024-09-19 09:00:00+09:00,2587.0,2604.0,2585.0,2597.5,89800,0.0,0.0
2024-09-19 09:01:00+09:00,2600.0,2606.0,2593.0,2593.0,3500,0.0,0.0
2024-09-19 09:02:00+09:00,2594.0,2598.5,2592.5,2597.5,2100,0.0,0.0
2024-09-19 09:03:00+09:00,2599.0,2601.5,2595.5,2596.0,3100,0.0,0.0
2024-09-19 09:04:00+09:00,2596.0,2597.0,2591.0,2594.5,2700,0.0,0.0
2024-09-19 09:05:00+09:00,2594.5,2595.0,2594.5,2595.0,600,0.0,0.0
2024-09-19 09:06:00+09:00,2593.5,2593.5,2592.5,2592.5,800,0.0,0.0
2024-09-19 09:07:00+09:00,2593.0,2595.0,2592.5,2595.0,3900,0.0,0.0
2024-09-19 09:08:00+09:00,2592.0,2594.0,2592.0,2594.0,400,0.0,0.0
2024-09-19 09:09:00+09:00,2592.0,2596.5,2591.0,2593.5,2400,0.0,0.0
2024-09-19 09:10:00+09:00,2593.5,2594.0,2591.5,2591.5,1700,0.0,0.0
2024-09-19 09:12:00+09:00,2593.5,2594.5,2590.5,2590.5,4600,0.0,0.0
2024-09-19 09:13:00+09:00,2590.5,2592.0,2590.5,2590.5,500,0.0,0.0
2024-09-19 09:14:00+09:00,2590.0,2590.5,2585.5,2585.5,3500,0.0,0.0
2024-09-19 09:15:00+09:00,2588.0,2591.5,2588.0,2591.5,1400,0.0,0.0
2024-09-19 09:16:00+09:00,2591.0,2592.5,2589.5,2592.5,2900,0.0,0.0
2024-09-19 09:17:00+09:00,2594.0,2594.5,2593.5,2594.5,2300,0.0,0.0
2024-09-19 09:18:00+09:00,2593.5,2593.5,2590.5,2590.5,800,0.0,0.0
2024-09-19 09:19:00+09:00,2590.5,2592.0,2588.0,2588.0,1000,0.0,0.0
2024-09-19 09:20:00+09:00,2586.5,2591.0,2586.5,2590.5,5800,0.0,0.0
2024-09-19 09:21:00+09:00,2591.5,2591.5,2588.5,2589.5,3200,0.0,0.0
2024-09-19 09:22:00+09:00,2590.5,2591.5,2589.5,2589.5,1400,0.0,0.0
2024-09-19 09:23:00+09:00,2590.0,2592.5,2588.5,2591.0,1900,0.0,0.0
2024-09-19 09:24:00+09:00,2587.5,2587.5,2587.5,2587.5,100,0.0,0.0
2024-09-19 09:25:00+09:00,2591.0,2593.5,2591.0,2593.5,2300,0.0,0.0
2024-09-19 09:26:00+09:00,2594.0,2594.0,2593.0,2593.0,800,0.0,0.0
2024-09-19 09:27:00+09:00,2593.0,2595.0,2592.5,2592.5,5700,0.0,0.0
2024-09-19 09:28:00+09:00,2592.5,2592.5,2590.5,2590.5,500,0.0,0.0
2024-09-19 09:29:00+09:00,2590.5,2591.5,2590.5,2590.5,300,0.0,0.0
2024-09-19 09:30:00+09:00,2590.5,2592.0,2590.0,2592.0,800,0.0,0.0
2024-09-19 09:31:00+09:00,2593.0,2594.0,2593.0,2594.0,700,0.0,0.0
2024-09-19 09:32:00+09:00,2593.0,2595.0,2593.0,2595.0,2500,0.0,0.0
2024-09-19 09:33:00+09:00,2596.5,2596.5,2588.5,2593.0,11000,0.0,0.0
2024-09-19 09:34:00+09:00,2591.5,2593.0,2591.5,2592.0,1300,0.0,0.0
2024-09-19 09:35:00+09:00,2591.0,2593.0,2590.0,2593.0,1200,0.0,0.0
2024-09-19 09:36:00+09:00,2592.0,2592.0,2588.5,2588.5,1700,0.0,0.0
2024-09-19 09:37:00+09:00,2589.5,2591.5,2588.5,2591.5,600,0.0,0.0
2024-09-19 09:38:00+09:00,2590.5,2592.5,2590.5,2591.0,1300,0.0,0.0
2024-09-19 09:39:00+09:00,2591.5,2591.5,2588.5,2588.5,1700,0.0,0.0
2024-09-19 09:40:00+09:00,2591.5,2592.5,2591.5,2592.5,300,0.0,0.0
2024-09-19 09:41:00+09:00,2591.0,2592.0,2590.0,2590.0,700,0.0,0.0
2024-09-19 09:42:00+09:00,2591.0,2591.5,2588.0,2588.0,7000,0.0,0.0
2024-09-19 09:43:00+09:00,2590.5,2592.5,2590.5,2592.5,1500,0.0,0.0
2024-09-19 09:44:00+09:00,2592.0,2593.0,2591.5,2592.0,2300,0.0,0.0
2024-09-19 09:45:00+09:00,2591.0,2591.0,2590.0,2590.0,700,0.0,0.0
2024-09-19 09:46:00+09:00,2590.5,2592.0,2590.5,2591.0,400,0.0,0.0
2024-09-19 09:47:00+09:00,2590.0,2592.0,2590.0,2592.0,900,0.0,0.0
2024-09-19 09:48:00+09:00,2592.5,2594.0,2592.5,2594.0,1000,0.0,0.0
2024-09-19 09:49:00+09:00,2595.0,2598.0,2595.0,2597.0,8200,0.0,0.0
2024-09-19 09:50:00+09:00,2596.0,2596.0,2594.0,2594.5,1100,0.0,0.0
2024-09-19 09:51:00+09:00,2594.0,2594.0,2592.0,2592.0,1100,0.0,0.0
2024-09-19 09:52:00+09:00,2592.5,2592.5,2591.5,2591.5,300,0.0,0.0
2024-09-19 09:53:00+09:00,2591.0,2591.5,2591.0,2591.5,200,0.0,0.0
2024-09-19 09:54:00+09:00,2593.0,2594.0,2592.0,2594.0,400,0.0,0.0
2024-09-19 09:55:00+09:00,2594.5,2595.0,2593.5,2593.5,2600,0.0,0.0
2024-09-19 09:56:00+09:00,2593.0,2593.0,2592.5,2592.5,500,0.0,0.0
2024-09-19 09:57:00+09:00,2591.5,2591.5,2591.0,2591.0,500,0.0,0.0
2024-09-19 09:58:00+09:00,2593.0,2594.0,2593.0,2593.0,500,0.0,0.0
2024-09-19 09:59:00+09:00,2594.5,2594.5,2594.0,2594.0,600,0.0,0.0
2024-09-19 10:00:00+09:00,2593.5,2596.5,2592.5,2596.5,8300,0.0,0.0
2024-09-19 10:01:00+09:00,2597.0,2598.0,2596.5,2596.5,1300,0.0,0.0
2024-09-19 10:02:00+09:00,2595.5,2597.0,2595.5,2597.0,300,0.0,0.0
2024-09-19 10:03:00+09:00,2597.5,2597.5,2597.5,2597.5,100,0.0,0.0
2024-09-19 10:04:00+09:00,2598.5,2598.5,2596.0,2596.0,1400,0.0,0.0
2024-09-19 10:05:00+09:00,2597.0,2597.0,2595.0,2595.0,800,0.0,0.0
2024-09-19 10:06:00+09:00,2598.0,2603.0,2598.0,2600.5,22800,0.0,0.0
2024-09-19 10:07:00+09:00,2598.5,2598.5,2597.5,2597.5,700,0.0,0.0
2024-09-19 10:08:00+09:00,2597.5,2597.5,2597.5,2597.5,200,0.0,0.0
2024-09-19 10:09:00+09:00,2597.5,2597.5,2597.5,2597.5,400,0.0,0.0
2024-09-19 10:10:00+09:00,2597.5,2598.5,2596.5,2598.5,3700,0.0,0.0
2024-09-19 10:11:00+09:00,2597.5,2598.0,2597.5,2598.0,200,0.0,0.0
2024-09-19 10:12:00+09:00,2597.0,2597.0,2596.5,2596.5,1100,0.0,0.0
2024-09-19 10:13:00+09:00,2595.0,2598.5,2594.5,2598.0,800,0.0,0.0
2024-09-19 10:14:00+09:00,2597.5,2599.0,2596.0,2598.0,900,0.0,0.0
2024-09-19 10:15:00+09:00,2598.0,2599.5,2598.0,2599.5,300,0.0,0.0
2024-09-19 10:16:00+09:00,2599.5,2601.0,2599.0,2600.5,248800,0.0,0.0
2024-09-19 10:17:00+09:00,2600.5,2600.5,2600.5,2600.5,300,0.0,0.0
2024-09-19 10:18:00+09:00,2601.5,2601.5,2601.5,2601.5,200,0.0,0.0
2024-09-19 10:19:00+09:00,2601.0,2601.0,2600.0,2600.0,1900,0.0,0.0
2024-09-19 10:20:00+09:00,2599.0,2600.5,2599.0,2599.5,500,0.0,0.0
2024-09-19 10:21:00+09:00,2600.5,2601.0,2600.5,2601.0,400,0.0,0.0
2024-09-19 10:22:00+09:00,2601.0,2601.5,2600.5,2601.0,1800,0.0,0.0
2024-09-19 10:23:00+09:00,2601.0,2602.5,2601.0,2602.5,500,0.0,0.0
2024-09-19 10:24:00+09:00,2603.0,2603.0,2602.0,2602.0,1200,0.0,0.0
2024-09-19 10:25:00+09:00,2601.5,2605.0,2601.5,2605.0,2600,0.0,0.0
2024-09-19 10:26:00+09:00,2606.0,2606.5,2605.5,2605.5,1200,0.0,0.0
2024-09-19 10:27:00+09:00,2605.0,2605.0,2604.5,2605.0,1100,0.0,0.0
2024-09-19 10:28:00+09:00,2603.0,2603.0,2602.0,2602.0,500,0.0,0.0
2024-09-19 10:29:00+09:00,2604.0,2604.5,2603.5,2603.5,1400,0.0,0.0
2024-09-19 10:30:00+09:00,2604.0,2605.0,2604.0,2605.0,600,0.0,0.0
2024-09-19 10:31:00+09:00,2606.0,2606.0,2605.0,2605.0,300,0.0,0.0
2024-09-19 10:32:00+09:00,2606.5,2609.5,2606.5,2608.5,3400,0.0,0.0
2024-09-19 10:33:00+09:00,2609.0,2610.0,2606.0,2606.0,1200,0.0,0.0
2024-09-19 10:34:00+09:00,2606.5,2606.5,2605.5,2605.5,600,0.0,0.0
2024-09-19 10:35:00+09:00,2604.5,2606.0,2604.5,2606.0,300,0.0,0.0
2024-09-19 10:36:00+09:00,2606.0,2606.0,2605.0,2605.0,1100,0.0,0.0
2024-09-19 10:38:00+09:00,2606.0,2609.5,2606.0,2609.0,2000,0.0,0.0
2024-09-19 10:39:00+09:00,2608.5,2609.0,2608.0,2608.0,400,0.0,0.0
2024-09-19 10:40:00+09:00,2609.0,2612.0,2609.0,2612.0,4100,0.0,0.0
2024-09-19 10:41:00+09:00,2610.0,2610.0,2609.5,2609.5,200,0.0,0.0
2024-09-19 10:42:00+09:00,2608.0,2609.0,2608.0,2608.0,600,0.0,0.0
2024-09-19 10:43:00+09:00,2609.5,2611.5,2609.5,2611.5,1700,0.0,0.0
2024-09-19 10:44:00+09:00,2612.0,2612.0,2610.0,2610.0,400,0.0,0.0
2024-09-19 10:46:00+09:00,2610.5,2611.0,2610.5,2611.0,500,0.0,0.0
2024-09-19 10:47:00+09:00,2610.5,2610.5,2610.0,2610.0,400,0.0,0.0
2024-09-19 10:48:00+09:00,2609.5,2610.5,2609.5,2610.5,400,0.0,0.0
2024-09-19 10:49:00+09:00,2609.5,2609.5,2607.0,2607.0,2300,0.0,0.0
2024-09-19 10:50:00+09:00,2605.5,2606.0,2605.5,2605.5,700,0.0,0.0
2024-09-19 10:51:00+09:00,2605.0,2605.0,2602.0,2603.5,1100,0.0,0.0
2024-09-19 10:53:00+09:00,2604.5,2604.5,2604.5,2604.5,100,0.0,0.0
2024-09-19 10:54:00+09:00,2605.5,2606.5,2602.0,2605.5,4200,0.0,0.0
2024-09-19 10:55:00+09:00,2604.0,2604.0,2602.0,2604.0,1000,0.0,0.0
2024-09-19 10:57:00+09:00,2603.0,2603.5,2603.0,2603.5,300,0.0,0.0
2024-09-19 10:58:00+09:00,2602.5,2603.0,2601.5,2602.5,700,0.0,0.0
2024-09-19 11:00:00+09:00,2604.5,2606.0,2604.5,2606.0,1500,0.0,0.0
2024-09-19 11:01:00+09:00,2606.0,2607.0,2606.0,2606.5,600,0.0,0.0
2024-09-19 11:02:00+09:00,2606.0,2606.0,2602.5,2602.5,1500,0.0,0.0
2024-09-19 11:03:00+09:00,2601.0,2601.5,2601.0,2601.5,800,0.0,0.0
2024-09-19 11:04:00+09:00,2602.5,2604.5,2602.5,2604.5,800,0.0,0.0
2024-09-19 11:05:00+09:00,2604.5,2604.5,2604.0,2604.0,200,0.0,0.0
2024-09-19 11:06:00+09:00,2604.0,2604.0,2601.5,2601.5,900,0.0,0.0
2024-09-19 11:07:00+09:00,2601.0,2601.0,2600.0,2601.0,600,0.0,0.0
2024-09-19 11:08:00+09:00,2603.5,2604.0,2603.5,2603.5,300,0.0,0.0
2024-09-19 11:09:00+09:00,2606.0,2606.0,2606.0,2606.0,200,0.0,0.0
2024-09-19 11:10:00+09:00,2605.0,2605.0,2605.0,2605.0,300,0.0,0.0
2024-09-19 11:11:00+09:00,2606.0,2606.0,2605.0,2605.0,200,0.0,0.0
2024-09-19 11:12:00+09:00,2606.0,2608.0,2606.0,2608.0,1700,0.0,0.0
2024-09-19 11:13:00+09:00,2606.5,2606.5,2606.5,2606.5,200,0.0,0.0
2024-09-19 11:14:00+09:00,2608.0,2608.5,2608.0,2608.0,1600,0.0,0.0
2024-09-19 11:15:00+09:00,2608.5,2608.5,2608.0,2608.0,1400,0.0,0.0
2024-09-19 11:16:00+09:00,2607.5,2607.5,2607.5,2607.5,300,0.0,0.0
2024-09-19 11:17:00+09:00,2606.5,2606.5,2604.5,2605.0,2600,0.0,0.0
2024-09-19 11:18:00+09:00,2605.0,2605.5,2603.5,2605.5,1100,0.0,0.0
2024-09-19 11:19:00+09:00,2604.5,2605.5,2604.5,2605.5,300,0.0,0.0
2024-09-19 11:20:00+09:00,2605.0,2605.0,2603.0,2603.0,600,0.0,0.0
2024-09-19 11:21:00+09:00,2604.0,2604.0,2603.0,2604.0,400,0.0,0.0
2024-09-19 11:22:00+09:00,2603.5,2603.5,2603.5,2603.5,100,0.0,0.0
2024-09-19 11:23:00+09:00,2604.0,2604.0,2604.0,2604.0,200,0.0,0.0
2024-09-19 11:24:00+09:00,2604.0,2604.0,2604.0,2604.0,400,0.0,0.0
2024-09-19 11:25:00+09:00,2603.5,2603.5,2603.0,2603.0,500,0.0,0.0
2024-09-19 11:26:00+09:00,2603.5,2603.5,2600.0,2600.0,1600,0.0,0.0
2024-09-19 11:27:00+09:00,2599.0,2600.0,2599.0,2600.0,500,0.0,0.0
2024-09-19 11:28:00+09:00,2600.5,2600.5,2598.5,2598.5,200,0.0,0.0
2024-09-19 11:29:00+09:00,2598.0,2600.5,2598.0,2600.5,400,0.0,0.0
2024-09-19 11:30:00+09:00,2600.5,2600.5,2600.5,2600.5,400,0.0,0.0
2024-09-19 11:35:00+09:00,2600.5,2600.5,2600.5,2600.5,0,0.0,0.0
2024-09-19 12:30:00+09:00,2599.5,2601.5,2597.5,2597.5,323800,0.0,0.0
2024-09-19 12:31:00+09:00,2599.0,2600.0,2599.0,2600.0,500,0.0,0.0
2024-09-19 12:32:00+09:00,2602.0,2602.0,2598.5,2599.5,3800,0.0,0.0
2024-09-19 12:33:00+09:00,2599.5,2600.0,2595.5,2598.0,2000,0.0,0.0
2024-09-19 12:34:00+09:00,2600.0,2601.0,2599.5,2601.0,800,0.0,0.0
2024-09-19 12:35:00+09:00,2600.0,2601.0,2598.5,2598.5,1400,0.0,0.0
2024-09-19 12:36:00+09:00,2601.0,2605.0,2601.0,2605.0,3000,0.0,0.0
2024-09-19 12:37:00+09:00,2607.0,2607.0,2607.0,2607.0,200,0.0,0.0
2024-09-19 12:38:00+09:00,2605.5,2605.5,2603.0,2603.0,1500,0.0,0.0
2024-09-19 12:39:00+09:00,2605.0,2605.0,2603.0,2604.0,1800,0.0,0.0
2024-09-19 12:40:00+09:00,2604.5,2605.0,2604.5,2605.0,300,0.0,0.0
2024-09-19 12:41:00+09:00,2604.5,2604.5,2603.5,2603.5,900,0.0,0.0
2024-09-19 12:42:00+09:00,2604.5,2605.0,2604.5,2605.0,200,0.0,0.0
2024-09-19 12:43:00+09:00,2606.0,2606.0,2605.0,2606.0,2700,0.0,0.0
2024-09-19 12:44:00+09:00,2605.5,2606.0,2605.0,2606.0,2800,0.0,0.0
2024-09-19 12:45:00+09:00,2606.5,2607.0,2606.5,2607.0,400,0.0,0.0
2024-09-19 12:46:00+09:00,2607.0,2607.5,2606.0,2607.5,600,0.0,0.0
2024-09-19 12:47:00+09:00,2608.0,2611.0,2608.0,2610.0,6600,0.0,0.0
2024-09-19 12:48:00+09:00,2609.5,2611.0,2609.5,2611.0,1200,0.0,0.0
2024-09-19 12:49:00+09:00,2611.5,2612.5,2611.5,2612.5,900,0.0,0.0
2024-09-19 12:50:00+09:00,2613.0,2614.5,2613.0,2613.5,2700,0.0,0.0
2024-09-19 12:51:00+09:00,2613.0,2613.0,2613.0,2613.0,400,0.0,0.0
2024-09-19 12:52:00+09:00,2613.0,2614.0,2612.0,2613.5,1500,0.0,0.0
2024-09-19 12:53:00+09:00,2612.5,2613.5,2612.0,2612.0,2300,0.0,0.0
2024-09-19 12:54:00+09:00,2612.0,2615.0,2608.5,2614.0,8700,0.0,0.0
2024-09-19 12:55:00+09:00,2614.0,2616.0,2613.5,2616.0,4700,0.0,0.0
2024-09-19 12:56:00+09:00,2615.0,2615.0,2613.5,2614.5,3900,0.0,0.0
2024-09-19 12:57:00+09:00,2614.5,2614.5,2612.0,2613.0,1100,0.0,0.0
2024-09-19 12:58:00+09:00,2613.0,2616.0,2613.0,2616.0,1800,0.0,0.0
2024-09-19 12:59:00+09:00,2615.0,2616.5,2615.0,2616.5,1500,0.0,0.0
2024-09-19 13:00:00+09:00,2617.0,2617.0,2616.0,2616.0,300,0.0,0.0
2024-09-19 13:01:00+09:00,2617.0,2620.5,2617.0,2619.5,7100,0.0,0.0
2024-09-19 13:02:00+09:00,2619.5,2620.5,2619.5,2619.5,1200,0.0,0.0
2024-09-19 13:03:00+09:00,2621.0,2621.0,2618.5,2618.5,1900,0.0,0.0
2024-09-19 13:04:00+09:00,2618.5,2618.5,2616.0,2617.5,3200,0.0,0.0
2024-09-19 13:05:00+09:00,2617.5,2619.5,2617.5,2619.0,1100,0.0,0.0
2024-09-19 13:06:00+09:00,2618.5,2618.5,2615.5,2618.5,6200,0.0,0.0
2024-09-19 13:07:00+09:00,2619.0,2623.5,2619.0,2620.5,40600,0.0,0.0
2024-09-19 13:08:00+09:00,2620.0,2621.5,2617.5,2618.0,5700,0.0,0.0
2024-09-19 13:09:00+09:00,2618.5,2625.0,2618.5,2624.0,25400,0.0,0.0
2024-09-19 13:10:00+09:00,2624.0,2625.5,2623.5,2624.0,1600,0.0,0.0
2024-09-19 13:11:00+09:00,2624.5,2626.0,2624.5,2626.0,5400,0.0,0.0
2024-09-19 13:12:00+09:00,2625.5,2628.0,2625.5,2628.0,4100,0.0,0.0
2024-09-19 13:13:00+09:00,2628.5,2629.5,2626.0,2626.0,2100,0.0,0.0
2024-09-19 13:14:00+09:00,2627.0,2627.0,2626.5,2627.0,600,0.0,0.0
2024-09-19 13:15:00+09:00,2627.0,2628.0,2626.0,2626.0,3400,0.0,0.0
2024-09-19 13:16:00+09:00,2627.0,2627.0,2626.0,2626.5,400,0.0,0.0
2024-09-19 13:17:00+09:00,2627.5,2628.5,2627.5,2628.0,800,0.0,0.0
2024-09-19 13:18:00+09:00,2628.0,2628.0,2626.5,2627.0,1400,0.0,0.0
2024-09-19 13:19:00+09:00,2628.0,2628.0,2627.0,2627.5,400,0.0,0.0
2024-09-19 13:20:00+09:00,2627.0,2628.0,2627.0,2628.0,900,0.0,0.0
2024-09-19 13:21:00+09:00,2627.0,2627.5,2625.5,2625.5,2300,0.0,0.0
2024-09-19 13:22:00+09:00,2625.5,2625.5,2625.0,2625.0,1400,0.0,0.0
2024-09-19 13:23:00+09:00,2624.5,2625.5,2624.5,2624.5,1500,0.0,0.0
2024-09-19 13:24:00+09:00,2624.0,2624.0,2622.5,2622.5,1300,0.0,0.0
2024-09-19 13:25:00+09:00,2623.0,2625.0,2623.0,2623.5,1500,0.0,0.0
2024-09-19 13:26:00+09:00,2624.5,2625.5,2624.5,2625.5,1000,0.0,0.0
2024-09-19 13:27:00+09:00,2626.5,2626.5,2626.5,2626.5,100,0.0,0.0
2024-09-19 13:28:00+09:00,2626.0,2627.0,2626.0,2627.0,1100,0.0,0.0
2024-09-19 13:29:00+09:00,2625.5,2625.5,2624.5,2624.5,600,0.0,0.0
2024-09-19 13:30:00+09:00,2624.5,2624.5,2623.0,2623.0,1900,0.0,0.0
2024-09-19 13:31:00+09:00,2622.5,2623.0,2621.5,2622.0,1200,0.0,0.0
2024-09-19 13:32:00+09:00,2622.0,2622.5,2621.5,2622.0,500,0.0,0.0
2024-09-19 13:33:00+09:00,2622.5,2623.5,2622.5,2623.5,300,0.0,0.0
2024-09-19 13:34:00+09:00,2623.0,2623.0,2619.5,2619.5,1700,0.0,0.0
2024-09-19 13:35:00+09:00,2619.5,2619.5,2619.5,2619.5,200,0.0,0.0
2024-09-19 13:36:00+09:00,2619.5,2619.5,2619.5,2619.5,400,0.0,0.0
2024-09-19 13:37:00+09:00,2619.5,2620.0,2618.5,2618.5,1400,0.0,0.0
2024-09-19 13:38:00+09:00,2618.0,2620.0,2616.5,2618.0,5300,0.0,0.0
2024-09-19 13:39:00+09:00,2617.0,2617.0,2616.5,2617.0,600,0.0,0.0
2024-09-19 13:40:00+09:00,2617.0,2617.5,2616.5,2617.0,400,0.0,0.0
2024-09-19 13:41:00+09:00,2616.5,2616.5,2616.0,2616.5,1100,0.0,0.0
2024-09-19 13:42:00+09:00,2617.5,2618.0,2616.5,2616.5,1400,0.0,0.0
2024-09-19 13:43:00+09:00,2617.5,2617.5,2617.0,2617.0,800,0.0,0.0
2024-09-19 13:44:00+09:00,2618.0,2618.5,2617.0,2617.0,3800,0.0,0.0
2024-09-19 13:45:00+09:00,2617.0,2617.5,2616.0,2617.0,1500,0.0,0.0
2024-09-19 13:46:00+09:00,2618.5,2619.0,2618.5,2619.0,700,0.0,0.0
2024-09-19 13:47:00+09:00,2619.5,2620.5,2619.5,2620.5,1200,0.0,0.0
2024-09-19 13:48:00+09:00,2620.5,2620.5,2619.5,2620.5,1100,0.0,0.0
2024-09-19 13:49:00+09:00,2620.5,2621.0,2620.0,2620.0,800,0.0,0.0
2024-09-19 13:50:00+09:00,2621.0,2622.0,2619.5,2619.5,3000,0.0,0.0
2024-09-19 13:51:00+09:00,2620.0,2620.0,2620.0,2620.0,100,0.0,0.0
2024-09-19 13:52:00+09:00,2620.0,2620.0,2619.5,2619.5,300,0.0,0.0
2024-09-19 13:53:00+09:00,2619.5,2619.5,2619.0,2619.5,1300,0.0,0.0
2024-09-19 13:54:00+09:00,2618.5,2619.5,2618.5,2619.0,900,0.0,0.0
2024-09-19 13:55:00+09:00,2619.5,2619.5,2619.5,2619.5,200,0.0,0.0
2024-09-19 13:56:00+09:00,2619.5,2619.5,2619.5,2619.5,100,0.0,0.0
2024-09-19 13:57:00+09:00,2620.0,2622.0,2620.0,2621.5,2100,0.0,0.0
2024-09-19 13:58:00+09:00,2622.0,2622.5,2622.0,2622.5,1700,0.0,0.0
2024-09-19 13:59:00+09:00,2621.5,2621.5,2621.0,2621.0,1200,0.0,0.0
2024-09-19 14:00:00+09:00,2621.5,2622.0,2621.5,2622.0,700,0.0,0.0
2024-09-19 14:01:00+09:00,2622.0,2622.0,2621.5,2621.5,2200,0.0,0.0
2024-09-19 14:02:00+09:00,2621.5,2622.0,2621.5,2622.0,1600,0.0,0.0
2024-09-19 14:04:00+09:00,2622.5,2622.5,2621.5,2621.5,1200,0.0,0.0
2024-09-19 14:05:00+09:00,2621.0,2621.0,2620.0,2620.0,1500,0.0,0.0
2024-09-19 14:06:00+09:00,2620.0,2621.5,2620.0,2621.5,1300,0.0,0.0
2024-09-19 14:07:00+09:00,2621.5,2621.5,2620.0,2620.0,2300,0.0,0.0
2024-09-19 14:08:00+09:00,2621.0,2621.0,2621.0,2621.0,300,0.0,0.0
2024-09-19 14:09:00+09:00,2621.0,2621.0,2621.0,2621.0,200,0.0,0.0
2024-09-19 14:10:00+09:00,2621.0,2621.0,2621.0,2621.0,400,0.0,0.0
2024-09-19 14:11:00+09:00,2621.0,2621.5,2621.0,2621.5,600,0.0,0.0
2024-09-19 14:12:00+09:00,2622.0,2623.0,2621.5,2622.5,1400,0.0,0.0
2024-09-19 14:14:00+09:00,2622.5,2624.0,2622.5,2623.5,2700,0.0,0.0
2024-09-19 14:15:00+09:00,2623.0,2623.0,2619.0,2619.0,8000,0.0,0.0
2024-09-19 14:16:00+09:00,2619.0,2619.5,2619.0,2619.5,600,0.0,0.0
2024-09-19 14:17:00+09:00,2619.0,2619.0,2619.0,2619.0,1600,0.0,0.0
2024-09-19 14:18:00+09:00,2618.5,2618.5,2618.5,2618.5,100,0.0,0.0
2024-09-19 14:19:00+09:00,2619.5,2620.5,2619.5,2620.5,800,0.0,0.0
2024-09-19 14:20:00+09:00,2621.0,2621.0,2621.0,2621.0,100,0.0,0.0
2024-09-19 14:21:00+09:00,2620.5,2620.5,2620.0,2620.0,1500,0.0,0.0
2024-09-19 14:22:00+09:00,2620.0,2620.0,2618.5,2618.5,900,0.0,0.0
2024-09-19 14:23:00+09:00,2619.0,2619.0,2619.0,2619.0,400,0.0,0.0
2024-09-19 14:24:00+09:00,2619.5,2619.5,2619.5,2619.5,200,0.0,0.0
2024-09-19 14:25:00+09:00,2619.5,2620.0,2619.0,2619.0,2700,0.0,0.0
2024-09-19 14:26:00+09:00,2620.0,2620.0,2619.0,2619.0,400,0.0,0.0
2024-09-19 14:27:00+09:00,2619.5,2619.5,2619.5,2619.5,200,0.0,0.0
2024-09-19 14:28:00+09:00,2619.5,2620.0,2619.5,2619.5,800,0.0,0.0
2024-09-19 14:29:00+09:00,2620.5,2621.0,2620.0,2620.0,2300,0.0,0.0
2024-09-19 14:30:00+09:00,2620.0,2620.0,2618.0,2618.5,5000,0.0,0.0
2024-09-19 14:31:00+09:00,2618.0,2618.0,2617.5,2617.5,1600,0.0,0.0
2024-09-19 14:32:00+09:00,2619.0,2619.0,2615.5,2615.5,2800,0.0,0.0
2024-09-19 14:33:00+09:00,2616.5,2617.0,2616.5,2617.0,400,0.0,0.0
2024-09-19 14:34:00+09:00,2617.5,2617.5,2616.0,2616.5,2000,0.0,0.0
2024-09-19 14:35:00+09:00,2616.5,2617.5,2616.5,2617.5,400,0.0,0.0
2024-09-19 14:36:00+09:00,2617.5,2617.5,2617.0,2617.0,1200,0.0,0.0
2024-09-19 14:37:00+09:00,2617.0,2617.0,2616.5,2617.0,500,0.0,0.0
2024-09-19 14:38:00+09:00,2617.5,2618.0,2617.5,2618.0,800,0.0,0.0
2024-09-19 14:39:00+09:00,2617.0,2617.5,2610.0,2610.0,6700,0.0,0.0
2024-09-19 14:40:00+09:00,2609.5,2610.5,2609.0,2610.5,3300,0.0,0.0
2024-09-19 14:41:00+09:00,2610.0,2611.0,2608.5,2610.5,4500,0.0,0.0
2024-09-19 14:42:00+09:00,2610.0,2610.0,2609.0,2609.0,1400,0.0,0.0
2024-09-19 14:43:00+09:00,2609.0,2609.0,2608.5,2609.0,700,0.0,0.0
2024-09-19 14:44:00+09:00,2608.5,2610.5,2608.0,2609.5,5800,0.0,0.0
2024-09-19 14:45:00+09:00,2610.0,2610.0,2610.0,2610.0,400,0.0,0.0
2024-09-19 14:46:00+09:00,2610.0,2610.5,2609.0,2609.0,1900,0.0,0.0
2024-09-19 14:47:00+09:00,2608.5,2608.5,2605.5,2607.0,4900,0.0,0.0
2024-09-19 14:48:00+09:00,2606.5,2607.0,2606.5,2606.5,300,0.0,0.0
2024-09-19 14:49:00+09:00,2606.0,2607.0,2606.0,2607.0,1600,0.0,0.0
2024-09-19 14:50:00+09:00,2606.5,2607.0,2606.0,2607.0,2400,0.0,0.0
2024-09-19 14:51:00+09:00,2607.0,2607.5,2605.5,2606.0,4200,0.0,0.0
2024-09-19 14:52:00+09:00,2606.5,2608.0,2606.5,2606.5,3100,0.0,0.0
2024-09-19 14:53:00+09:00,2607.0,2609.0,2606.5,2608.5,4100,0.0,0.0
2024-09-19 14:54:00+09:00,2607.5,2608.5,2604.0,2605.5,2900,0.0,0.0
2024-09-19 14:55:00+09:00,2605.5,2606.5,2605.5,2605.5,1800,0.0,0.0
2024-09-19 14:56:00+09:00,2606.5,2606.5,2605.5,2606.0,1600,0.0,0.0
2024-09-19 14:57:00+09:00,2605.0,2608.5,2604.5,2607.5,6600,0.0,0.0
2024-09-19 14:58:00+09:00,2607.5,2610.0,2607.5,2610.0,3300,0.0,0.0
2024-09-19 14:59:00+09:00,2608.5,2615.0,2607.0,2615.0,13400,0.0,0.0
2024-09-20 09:00:00+09:00,2633.0,2638.0,2629.0,2635.5,33800,0.0,0.0
2024-09-20 09:01:00+09:00,2631.5,2631.5,2622.0,2625.5,6600,0.0,0.0
2024-09-20 09:02:00+09:00,2626.5,2630.5,2626.5,2630.5,1500,0.0,0.0
2024-09-20 09:03:00+09:00,2632.5,2638.0,2632.5,2638.0,1300,0.0,0.0
2024-09-20 09:04:00+09:00,2637.0,2637.0,2635.0,2635.0,700,0.0,0.0
2024-09-20 09:05:00+09:00,2637.5,2638.0,2622.5,2625.5,8800,0.0,0.0
2024-09-20 09:06:00+09:00,2625.5,2627.0,2618.5,2621.5,2900,0.0,0.0
2024-09-20 09:07:00+09:00,2621.5,2621.5,2621.5,2621.5,100,0.0,0.0
2024-09-20 09:08:00+09:00,2620.0,2623.5,2620.0,2623.5,2900,0.0,0.0
2024-09-20 09:09:00+09:00,2623.0,2623.5,2617.5,2623.5,7500,0.0,0.0
2024-09-20 09:10:00+09:00,2623.5,2627.0,2622.5,2626.5,3600,0.0,0.0
2024-09-20 09:11:00+09:00,2627.0,2628.5,2627.0,2628.5,600,0.0,0.0
2024-09-20 09:12:00+09:00,2627.0,2627.0,2623.5,2624.5,5000,0.0,0.0
2024-09-20 09:13:00+09:00,2624.5,2624.5,2622.5,2623.0,800,0.0,0.0
2024-09-20 09:14:00+09:00,2625.0,2625.5,2625.0,2625.5,400,0.0,0.0
2024-09-20 09:15:00+09:00,2626.5,2628.5,2625.5,2625.5,1800,0.0,0.0
2024-09-20 09:16:00+09:00,2625.5,2636.0,2625.5,2633.5,9400,0.0,0.0
2024-09-20 09:17:00+09:00,2633.5,2633.5,2629.0,2631.5,3200,0.0,0.0
2024-09-20 09:18:00+09:00,2629.5,2631.0,2629.5,2631.0,600,0.0,0.0
2024-09-20 09:19:00+09:00,2629.5,2637.0,2629.5,2636.0,3100,0.0,0.0
2024-09-20 09:20:00+09:00,2635.5,2639.0,2634.0,2637.5,4300,0.0,0.0
2024-09-20 09:21:00+09:00,2638.0,2641.5,2636.0,2639.0,7000,0.0,0.0
2024-09-20 09:22:00+09:00,2638.5,2641.5,2637.0,2641.5,2400,0.0,0.0
2024-09-20 09:23:00+09:00,2640.5,2643.5,2638.5,2638.5,4700,0.0,0.0
2024-09-20 09:25:00+09:00,2638.5,2640.0,2636.5,2637.5,1500,0.0,0.0
2024-09-20 09:26:00+09:00,2638.5,2638.5,2638.0,2638.0,800,0.0,0.0
2024-09-20 09:27:00+09:00,2637.0,2638.0,2635.5,2638.0,1500,0.0,0.0
2024-09-20 09:28:00+09:00,2637.5,2642.0,2637.5,2641.5,4300,0.0,0.0
2024-09-20 09:29:00+09:00,2642.0,2644.0,2640.0,2640.0,7900,0.0,0.0
2024-09-20 09:30:00+09:00,2642.0,2642.5,2640.0,2640.0,1400,0.0,0.0
2024-09-20 09:31:00+09:00,2640.0,2640.5,2638.5,2639.5,1900,0.0,0.0
2024-09-20 09:32:00+09:00,2640.0,2642.0,2640.0,2642.0,900,0.0,0.0
2024-09-20 09:33:00+09:00,2642.0,2642.0,2642.0,2642.0,200,0.0,0.0
2024-09-20 09:34:00+09:00,2641.5,2641.5,2639.5,2641.0,2100,0.0,0.0
2024-09-20 09:35:00+09:00,2641.5,2642.5,2641.5,2642.0,500,0.0,0.0
2024-09-20 09:36:00+09:00,2642.0,2643.5,2641.0,2643.5,2500,0.0,0.0
2024-09-20 09:37:00+09:00,2644.0,2650.0,2644.0,2647.0,35100,0.0,0.0
2024-09-20 09:38:00+09:00,2648.0,2649.0,2646.5,2648.0,2700,0.0,0.0
2024-09-20 09:39:00+09:00,2649.0,2649.0,2649.0,2649.0,100,0.0,0.0
2024-09-20 09:40:00+09:00,2650.0,2653.0,2649.0,2650.5,15000,0.0,0.0
2024-09-20 09:41:00+09:00,2651.0,2651.5,2649.0,2651.5,3700,0.0,0.0
2024-09-20 09:42:00+09:00,2650.5,2651.5,2650.5,2650.5,600,0.0,0.0
2024-09-20 09:43:00+09:00,2652.0,2652.0,2650.5,2650.5,700,0.0,0.0
2024-09-20 09:44:00+09:00,2651.5,2652.5,2651.5,2652.5,400,0.0,0.0
2024-09-20 09:45:00+09:00,2651.5,2651.5,2651.5,2651.5,100,0.0,0.0
2024-09-20 09:46:00+09:00,2653.0,2653.0,2644.5,2648.0,15400,0.0,0.0
2024-09-20 09:47:00+09:00,2648.0,2648.5,2644.0,2646.0,4800,0.0,0.0
2024-09-20 09:48:00+09:00,2646.0,2646.5,2645.5,2645.5,500,0.0,0.0
2024-09-20 09:49:00+09:00,2645.5,2645.5,2645.5,2645.5,200,0.0,0.0
2024-09-20 09:50:00+09:00,2647.0,2648.0,2645.0,2645.5,3600,0.0,0.0
2024-09-20 09:51:00+09:00,2645.0,2645.0,2644.0,2645.0,1100,0.0,0.0
2024-09-20 09:52:00+09:00,2645.0,2645.0,2644.0,2644.5,700,0.0,0.0
2024-09-20 09:53:00+09:00,2645.0,2646.0,2645.0,2646.0,1800,0.0,0.0
2024-09-20 09:54:00+09:00,2646.0,2647.0,2646.0,2646.0,900,0.0,0.0
2024-09-20 09:55:00+09:00,2646.5,2646.5,2645.0,2645.5,2500,0.0,0.0
2024-09-20 09:56:00+09:00,2645.0,2646.5,2645.0,2645.5,700,0.0,0.0
2024-09-20 09:57:00+09:00,2645.0,2647.0,2645.0,2645.5,300,0.0,0.0
2024-09-20 09:58:00+09:00,2646.5,2646.5,2646.0,2646.5,400,0.0,0.0
2024-09-20 09:59:00+09:00,2646.5,2646.5,2646.0,2646.0,1300,0.0,0.0
2024-09-20 10:00:00+09:00,2645.5,2646.0,2645.0,2645.5,2000,0.0,0.0
2024-09-20 10:01:00+09:00,2645.5,2646.5,2644.5,2646.5,2100,0.0,0.0
2024-09-20 10:02:00+09:00,2647.0,2647.0,2647.0,2647.0,500,0.0,0.0
2024-09-20 10:03:00+09:00,2647.5,2648.5,2647.5,2648.5,500,0.0,0.0
2024-09-20 10:04:00+09:00,2648.5,2648.5,2648.5,2648.5,100,0.0,0.0
2024-09-20 10:05:00+09:00,2648.5,2649.0,2646.5,2646.5,4900,0.0,0.0
2024-09-20 10:06:00+09:00,2647.0,2647.0,2646.0,2646.0,1500,0.0,0.0
2024-09-20 10:07:00+09:00,2646.5,2647.0,2646.0,2646.5,700,0.0,0.0
2024-09-20 10:08:00+09:00,2647.0,2647.0,2646.5,2646.5,400,0.0,0.0
2024-09-20 10:09:00+09:00,2646.5,2646.5,2646.5,2646.5,400,0.0,0.0
2024-09-20 10:10:00+09:00,2646.5,2646.5,2644.0,2644.5,4600,0.0,0.0
2024-09-20 10:11:00+09:00,2644.0,2644.0,2642.5,2643.0,2400,0.0,0.0
2024-09-20 10:12:00+09:00,2643.5,2644.0,2643.0,2643.0,1000,0.0,0.0
2024-09-20 10:13:00+09:00,2643.0,2643.0,2643.0,2643.0,100,0.0,0.0
2024-09-20 10:14:00+09:00,2644.5,2645.5,2644.5,2644.5,700,0.0,0.0
2024-09-20 10:15:00+09:00,2644.5,2644.5,2643.5,2643.5,900,0.0,0.0
2024-09-20 10:16:00+09:00,2645.0,2645.5,2644.5,2644.5,1400,0.0,0.0
2024-09-20 10:17:00+09:00,2644.0,2646.5,2642.5,2646.5,5600,0.0,0.0
2024-09-20 10:18:00+09:00,2645.0,2645.5,2643.0,2645.5,1000,0.0,0.0
2024-09-20 10:19:00+09:00,2645.0,2647.0,2645.0,2647.0,2500,0.0,0.0
2024-09-20 10:20:00+09:00,2648.0,2648.0,2648.0,2648.0,200,0.0,0.0
2024-09-20 10:21:00+09:00,2647.0,2647.0,2647.0,2647.0,200,0.0,0.0
2024-09-20 10:22:00+09:00,2646.5,2646.5,2646.5,2646.5,100,0.0,0.0
2024-09-20 10:23:00+09:00,2647.5,2649.5,2646.5,2649.5,2300,0.0,0.0
2024-09-20 10:24:00+09:00,2649.5,2649.5,2648.5,2649.5,1300,0.0,0.0
2024-09-20 10:25:00+09:00,2649.5,2649.5,2648.5,2648.5,500,0.0,0.0
2024-09-20 10:26:00+09:00,2650.0,2652.0,2650.0,2651.5,2800,0.0,0.0
2024-09-20 10:27:00+09:00,2650.5,2650.5,2650.0,2650.0,500,0.0,0.0
2024-09-20 10:28:00+09:00,2650.5,2650.5,2649.0,2649.5,1900,0.0,0.0
2024-09-20 10:29:00+09:00,2649.5,2650.0,2649.5,2650.0,400,0.0,0.0
2024-09-20 10:30:00+09:00,2649.5,2650.0,2649.5,2649.5,400,0.0,0.0
2024-09-20 10:31:00+09:00,2649.5,2650.0,2649.5,2650.0,500,0.0,0.0
2024-09-20 10:32:00+09:00,2650.0,2650.5,2649.5,2650.5,3300,0.0,0.0
2024-09-20 10:33:00+09:00,2650.5,2651.0,2650.5,2650.5,900,0.0,0.0
2024-09-20 10:34:00+09:00,2650.5,2650.5,2639.5,2640.0,6600,0.0,0.0
2024-09-20 10:35:00+09:00,2639.0,2639.0,2639.0,2639.0,400,0.0,0.0
2024-09-20 10:36:00+09:00,2638.5,2639.0,2638.5,2639.0,500,0.0,0.0
2024-09-20 10:37:00+09:00,2640.5,2640.5,2640.5,2640.5,200,0.0,0.0
2024-09-20 10:38:00+09:00,2641.5,2645.0,2641.5,2644.0,1900,0.0,0.0
2024-09-20 10:39:00+09:00,2644.5,2645.0,2644.0,2644.0,600,0.0,0.0
2024-09-20 10:40:00+09:00,2643.5,2649.0,2643.5,2649.0,4600,0.0,0.0
2024-09-20 10:41:00+09:00,2649.0,2649.0,2649.0,2649.0,200,0.0,0.0
2024-09-20 10:42:00+09:00,2648.5,2649.5,2648.5,2649.5,300,0.0,0.0
2024-09-20 10:43:00+09:00,2649.5,2651.0,2649.5,2650.0,800,0.0,0.0
2024-09-20 10:44:00+09:00,2650.0,2650.0,2648.0,2648.0,2200,0.0,0.0
2024-09-20 10:45:00+09:00,2647.5,2648.5,2647.5,2648.5,400,0.0,0.0
2024-09-20 10:46:00+09:00,2648.5,2649.5,2647.0,2647.0,1500,0.0,0.0
2024-09-20 10:47:00+09:00,2646.5,2647.5,2646.5,2647.5,500,0.0,0.0
2024-09-20 10:48:00+09:00,2647.0,2647.0,2647.0,2647.0,300,0.0,0.0
2024-09-20 10:49:00+09:00,2647.0,2648.0,2646.5,2648.0,400,0.0,0.0
2024-09-20 10:51:00+09:00,2647.0,2647.5,2647.0,2647.0,1700,0.0,0.0
2024-09-20 10:52:00+09:00,2647.0,2647.0,2645.0,2646.0,2500,0.0,0.0
2024-09-20 10:53:00+09:00,2646.5,2646.5,2641.5,2643.5,3100,0.0,0.0
2024-09-20 10:54:00+09:00,2642.0,2642.5,2641.5,2642.5,600,0.0,0.0
2024-09-20 10:55:00+09:00,2641.5,2641.5,2641.5,2641.5,200,0.0,0.0
2024-09-20 10:56:00+09:00,2642.0,2644.5,2640.0,2644.5,7000,0.0,0.0
2024-09-20 10:57:00+09:00,2644.0,2645.0,2643.5,2645.0,1000,0.0,0.0
2024-09-20 10:58:00+09:00,2644.0,2644.0,2644.0,2644.0,300,0.0,0.0
2024-09-20 10:59:00+09:00,2644.0,2644.0,2643.0,2643.5,1200,0.0,0.0
2024-09-20 11:00:00+09:00,2643.0,2643.0,2642.0,2642.5,2500,0.0,0.0
2024-09-20 11:02:00+09:00,2642.0,2646.5,2642.0,2645.5,3400,0.0,0.0
2024-09-20 11:03:00+09:00,2645.5,2645.5,2645.0,2645.0,600,0.0,0.0
2024-09-20 11:04:00+09:00,2645.0,2647.5,2644.0,2647.5,1800,0.0,0.0
2024-09-20 11:05:00+09:00,2647.5,2648.5,2647.5,2647.5,1600,0.0,0.0
2024-09-20 11:06:00+09:00,2647.5,2648.5,2647.5,2648.5,800,0.0,0.0
2024-09-20 11:07:00+09:00,2649.0,2649.5,2648.5,2649.5,1000,0.0,0.0
2024-09-20 11:08:00+09:00,2648.5,2648.5,2647.0,2647.5,2300,0.0,0.0
2024-09-20 11:09:00+09:00,2647.0,2647.0,2644.0,2645.0,3300,0.0,0.0
2024-09-20 11:10:00+09:00,2644.5,2644.5,2643.5,2643.5,500,0.0,0.0
2024-09-20 11:11:00+09:00,2644.0,2645.0,2643.5,2643.5,1600,0.0,0.0
2024-09-20 11:12:00+09:00,2644.5,2645.0,2644.5,2645.0,300,0.0,0.0
2024-09-20 11:13:00+09:00,2643.5,2645.5,2643.5,2645.5,1700,0.0,0.0
2024-09-20 11:14:00+09:00,2645.0,2647.0,2643.0,2647.0,4300,0.0,0.0
2024-09-20 11:15:00+09:00,2646.0,2646.0,2646.0,2646.0,100,0.0,0.0
2024-09-20 11:16:00+09:00,2647.0,2647.0,2646.5,2647.0,800,0.0,0.0
2024-09-20 11:17:00+09:00,2646.0,2646.0,2645.5,2645.5,1400,0.0,0.0
2024-09-20 11:18:00+09:00,2645.0,2648.5,2644.5,2647.0,2500,0.0,0.0
2024-09-20 11:19:00+09:00,2646.5,2648.0,2646.5,2647.5,1000,0.0,0.0
2024-09-20 11:20:00+09:00,2648.5,2650.5,2648.0,2650.0,2500,0.0,0.0
2024-09-20 11:21:00+09:00,2651.0,2652.0,2649.0,2649.0,4600,0.0,0.0
2024-09-20 11:22:00+09:00,2648.5,2648.5,2648.5,2648.5,100,0.0,0.0
2024-09-20 11:23:00+09:00,2648.5,2648.5,2648.5,2648.5,100,0.0,0.0
2024-09-20 11:24:00+09:00,2648.5,2648.5,2648.5,2648.5,800,0.0,0.0
2024-09-20 11:25:00+09:00,2648.0,2649.0,2647.5,2649.0,4800,0.0,0.0
2024-09-20 11:26:00+09:00,2649.0,2649.0,2648.0,2648.0,300,0.0,0.0
2024-09-20 11:27:00+09:00,2648.5,2649.0,2647.0,2648.5,1700,0.0,0.0
2024-09-20 11:28:00+09:00,2649.0,2649.5,2648.0,2648.0,700,0.0,0.0
2024-09-20 11:29:00+09:00,2647.5,2650.0,2647.5,2649.5,1200,0.0,0.0
2024-09-20 11:30:00+09:00,2648.5,2648.5,2648.5,2648.5,1300,0.0,0.0
2024-09-20 11:35:00+09:00,2648.5,2648.5,2648.5,2648.5,0,0.0,0.0
2024-09-20 12:30:00+09:00,2648.0,2651.5,2643.5,2651.5,385200,0.0,0.0
2024-09-20 12:31:00+09:00,2652.0,2657.0,2652.0,2657.0,13400,0.0,0.0
2024-09-20 12:32:00+09:00,2655.0,2656.0,2654.0,2654.0,5300,0.0,0.0
2024-09-20 12:33:00+09:00,2654.0,2657.0,2654.0,2655.0,2000,0.0,0.0
2024-09-20 12:34:00+09:00,2654.5,2654.5,2652.0,2652.0,2100,0.0,0.0
2024-09-20 12:35:00+09:00,2651.5,2651.5,2648.5,2651.0,1900,0.0,0.0
2024-09-20 12:36:00+09:00,2651.5,2651.5,2650.0,2650.0,1200,0.0,0.0
2024-09-20 12:37:00+09:00,2650.0,2650.0,2648.0,2648.5,3000,0.0,0.0
2024-09-20 12:38:00+09:00,2648.0,2648.5,2647.5,2647.5,5800,0.0,0.0
2024-09-20 12:39:00+09:00,2647.5,2648.0,2644.0,2644.0,2600,0.0,0.0
2024-09-20 12:40:00+09:00,2643.0,2646.5,2643.0,2644.0,3100,0.0,0.0
2024-09-20 12:41:00+09:00,2645.0,2645.5,2643.5,2645.5,1100,0.0,0.0
2024-09-20 12:42:00+09:00,2645.5,2646.5,2645.5,2646.5,500,0.0,0.0
2024-09-20 12:43:00+09:00,2646.5,2648.5,2646.5,2648.5,700,0.0,0.0
2024-09-20 12:44:00+09:00,2648.5,2650.0,2648.0,2650.0,1300,0.0,0.0
2024-09-20 12:45:00+09:00,2650.0,2651.5,2650.0,2651.0,1100,0.0,0.0
2024-09-20 12:46:00+09:00,2651.5,2651.5,2650.5,2650.5,1200,0.0,0.0
2024-09-20 12:47:00+09:00,2651.0,2651.0,2647.5,2649.0,3800,0.0,0.0
2024-09-20 12:48:00+09:00,2648.0,2648.5,2648.0,2648.0,500,0.0,0.0
2024-09-20 12:49:00+09:00,2647.5,2651.5,2646.5,2651.5,3300,0.0,0.0
2024-09-20 12:50:00+09:00,2650.5,2652.0,2650.5,2651.0,1700,0.0,0.0
2024-09-20 12:51:00+09:00,2651.0,2652.0,2648.5,2648.5,2400,0.0,0.0
2024-09-20 12:52:00+09:00,2648.0,2649.5,2646.5,2647.5,4300,0.0,0.0
2024-09-20 12:54:00+09:00,2647.0,2647.0,2645.0,2646.0,1300,0.0,0.0
2024-09-20 12:55:00+09:00,2645.0,2645.5,2644.0,2645.5,1300,0.0,0.0
2024-09-20 12:56:00+09:00,2644.5,2646.5,2644.5,2646.5,1000,0.0,0.0
2024-09-20 12:57:00+09:00,2646.0,2647.5,2645.5,2645.5,1700,0.0,0.0
2024-09-20 12:58:00+09:00,2647.5,2650.0,2647.5,2649.0,5200,0.0,0.0
2024-09-20 12:59:00+09:00,2649.5,2652.0,2649.5,2652.0,2200,0.0,0.0
2024-09-20 13:00:00+09:00,2652.0,2653.0,2650.0,2653.0,800,0.0,0.0
2024-09-20 13:01:00+09:00,2653.0,2653.5,2648.0,2648.5,3500,0.0,0.0
2024-09-20 13:02:00+09:00,2647.5,2647.5,2647.5,2647.5,300,0.0,0.0
2024-09-20 13:03:00+09:00,2647.0,2647.5,2647.0,2647.5,400,0.0,0.0
2024-09-20 13:04:00+09:00,2647.0,2647.5,2646.5,2647.0,700,0.0,0.0
2024-09-20 13:05:00+09:00,2646.0,2647.0,2644.5,2647.0,3100,0.0,0.0
2024-09-20 13:06:00+09:00,2645.5,2647.0,2645.0,2646.5,1400,0.0,0.0
2024-09-20 13:07:00+09:00,2645.0,2645.5,2641.0,2642.0,2100,0.0,0.0
2024-09-20 13:08:00+09:00,2643.0,2643.0,2643.0,2643.0,300,0.0,0.0
2024-09-20 13:09:00+09:00,2644.0,2647.0,2644.0,2647.0,1800,0.0,0.0
2024-09-20 13:10:00+09:00,2646.5,2646.5,2645.0,2646.0,1800,0.0,0.0
2024-09-20 13:11:00+09:00,2646.0,2647.0,2646.0,2646.5,1100,0.0,0.0
2024-09-20 13:12:00+09:00,2647.5,2647.5,2646.5,2646.5,478000,0.0,0.0
2024-09-20 13:13:00+09:00,2646.0,2646.5,2646.0,2646.5,200,0.0,0.0
2024-09-20 13:14:00+09:00,2647.0,2647.5,2646.5,2647.0,500,0.0,0.0
2024-09-20 13:15:00+09:00,2646.5,2647.5,2644.5,2645.0,3300,0.0,0.0
2024-09-20 13:16:00+09:00,2644.0,2645.0,2644.0,2645.0,700,0.0,0.0
2024-09-20 13:17:00+09:00,2644.0,2645.5,2640.5,2643.5,6800,0.0,0.0
2024-09-20 13:18:00+09:00,2644.5,2646.5,2644.5,2645.5,2400,0.0,0.0
2024-09-20 13:19:00+09:00,2646.0,2647.5,2645.5,2647.5,1200,0.0,0.0
2024-09-20 13:20:00+09:00,2647.0,2649.0,2647.0,2649.0,2100,0.0,0.0
2024-09-20 13:21:00+09:00,2649.5,2649.5,2649.0,2649.0,495400,0.0,0.0
2024-09-20 13:22:00+09:00,2649.0,2649.5,2648.0,2648.0,1100,0.0,0.0
2024-09-20 13:23:00+09:00,2649.5,2649.5,2645.5,2645.5,3500,0.0,0.0
2024-09-20 13:25:00+09:00,2645.5,2645.5,2644.0,2645.5,2000,0.0,0.0
2024-09-20 13:26:00+09:00,2644.0,2644.0,2641.0,2644.0,4400,0.0,0.0
2024-09-20 13:27:00+09:00,2643.5,2643.5,2643.5,2643.5,100,0.0,0.0
2024-09-20 13:28:00+09:00,2644.0,2644.5,2643.0,2643.5,1200,0.0,0.0
2024-09-20 13:29:00+09:00,2643.5,2643.5,2643.0,2643.5,400,0.0,0.0
2024-09-20 13:30:00+09:00,2644.0,2644.5,2642.0,2642.5,2600,0.0,0.0
2024-09-20 13:31:00+09:00,2643.0,2645.0,2638.0,2643.5,16600,0.0,0.0
2024-09-20 13:32:00+09:00,2644.5,2644.5,2644.0,2644.5,500,0.0,0.0
2024-09-20 13:33:00+09:00,2644.5,2645.0,2642.0,2642.0,2800,0.0,0.0
2024-09-20 13:34:00+09:00,2641.5,2642.0,2640.5,2641.0,1200,0.0,0.0
2024-09-20 13:35:00+09:00,2641.0,2643.0,2641.0,2643.0,1000,0.0,0.0
2024-09-20 13:36:00+09:00,2643.0,2643.0,2642.0,2642.0,400,0.0,0.0
2024-09-20 13:37:00+09:00,2642.5,2643.0,2642.0,2643.0,600,0.0,0.0
2024-09-20 13:38:00+09:00,2643.0,2644.0,2643.0,2644.0,600,0.0,0.0
2024-09-20 13:39:00+09:00,2643.0,2643.0,2641.5,2643.0,1300,0.0,0.0
2024-09-20 13:40:00+09:00,2641.5,2643.0,2641.5,2643.0,200,0.0,0.0
2024-09-20 13:41:00+09:00,2642.5,2642.5,2639.0,2640.0,2700,0.0,0.0
2024-09-20 13:42:00+09:00,2640.0,2641.0,2640.0,2641.0,500,0.0,0.0
2024-09-20 13:43:00+09:00,2640.5,2643.5,2640.0,2643.5,542400,0.0,0.0
2024-09-20 13:44:00+09:00,2642.5,2643.0,2642.0,2643.0,1700,0.0,0.0
2024-09-20 13:45:00+09:00,2642.0,2645.5,2642.0,2645.5,1800,0.0,0.0
2024-09-20 13:46:00+09:00,2644.5,2645.0,2644.0,2645.0,700,0.0,0.0
2024-09-20 13:47:00+09:00,2644.5,2645.5,2644.5,2645.5,400,0.0,0.0
2024-09-20 13:48:00+09:00,2644.5,2644.5,2643.5,2644.5,1000,0.0,0.0
2024-09-20 13:49:00+09:00,2644.0,2644.0,2642.5,2643.5,1300,0.0,0.0
2024-09-20 13:50:00+09:00,2642.5,2643.5,2642.5,2643.0,800,0.0,0.0
2024-09-20 13:51:00+09:00,2643.5,2644.0,2643.5,2644.0,500,0.0,0.0
2024-09-20 13:52:00+09:00,2644.0,2644.5,2644.0,2644.5,700,0.0,0.0
2024-09-20 13:53:00+09:00,2644.0,2645.0,2644.0,2645.0,900,0.0,0.0
2024-09-20 13:54:00+09:00,2644.5,2644.5,2643.0,2643.0,2700,0.0,0.0
2024-09-20 13:55:00+09:00,2642.5,2644.5,2642.5,2644.0,1600,0.0,0.0
2024-09-20 13:56:00+09:00,2644.5,2650.5,2636.0,2650.5,27700,0.0,0.0
2024-09-20 13:57:00+09:00,2650.0,2650.0,2648.0,2648.0,1900,0.0,0.0
2024-09-20 13:58:00+09:00,2646.5,2649.5,2646.5,2649.5,2000,0.0,0.0
2024-09-20 13:59:00+09:00,2649.5,2654.0,2649.5,2651.5,5300,0.0,0.0
2024-09-20 14:00:00+09:00,2650.5,2650.5,2649.5,2650.0,700,0.0,0.0
2024-09-20 14:01:00+09:00,2650.5,2651.5,2649.0,2649.0,2300,0.0,0.0
2024-09-20 14:02:00+09:00,2647.5,2647.5,2646.5,2646.5,1100,0.0,0.0
2024-09-20 14:03:00+09:00,2646.0,2646.5,2643.5,2646.5,1700,0.0,0.0
2024-09-20 14:04:00+09:00,2646.0,2646.0,2645.5,2645.5,800,0.0,0.0
2024-09-20 14:05:00+09:00,2645.0,2646.0,2644.5,2646.0,2600,0.0,0.0
2024-09-20 14:06:00+09:00,2646.0,2647.0,2644.0,2645.0,3100,0.0,0.0
2024-09-20 14:07:00+09:00,2644.0,2645.0,2644.0,2644.5,2200,0.0,0.0
2024-09-20 14:08:00+09:00,2643.5,2644.5,2643.5,2644.0,2000,0.0,0.0
2024-09-20 14:09:00+09:00,2643.5,2644.0,2643.0,2643.0,1500,0.0,0.0
2024-09-20 14:10:00+09:00,2643.0,2645.0,2643.0,2645.0,1000,0.0,0.0
2024-09-20 14:11:00+09:00,2644.5,2645.0,2644.5,2645.0,613100,0.0,0.0
2024-09-20 14:12:00+09:00,2644.5,2646.0,2644.5,2645.5,1500,0.0,0.0
2024-09-20 14:13:00+09:00,2646.0,2646.5,2646.0,2646.0,1500,0.0,0.0
2024-09-20 14:14:00+09:00,2645.5,2645.5,2645.0,2645.0,900,0.0,0.0
2024-09-20 14:15:00+09:00,2645.5,2645.5,2644.0,2644.5,1500,0.0,0.0
2024-09-20 14:16:00+09:00,2644.0,2644.0,2642.5,2643.0,1500,0.0,0.0
2024-09-20 14:17:00+09:00,2642.5,2642.5,2641.5,2641.5,1200,0.0,0.0
2024-09-20 14:18:00+09:00,2642.0,2642.0,2640.0,2640.0,1300,0.0,0.0
2024-09-20 14:19:00+09:00,2639.0,2639.5,2637.5,2638.0,2300,0.0,0.0
2024-09-20 14:20:00+09:00,2640.5,2641.5,2636.5,2640.5,629200,0.0,0.0
2024-09-20 14:21:00+09:00,2641.5,2642.0,2641.0,2642.0,1200,0.0,0.0
2024-09-20 14:22:00+09:00,2642.0,2642.5,2641.0,2641.5,400,0.0,0.0
2024-09-20 14:23:00+09:00,2641.5,2643.0,2641.5,2643.0,1100,0.0,0.0
2024-09-20 14:24:00+09:00,2643.0,2644.5,2643.0,2644.5,2600,0.0,0.0
2024-09-20 14:25:00+09:00,2645.0,2645.0,2641.5,2643.0,11600,0.0,0.0
2024-09-20 14:26:00+09:00,2642.0,2643.5,2641.0,2643.5,2600,0.0,0.0
2024-09-20 14:27:00+09:00,2644.0,2644.5,2643.5,2643.5,1700,0.0,0.0
2024-09-20 14:28:00+09:00,2643.0,2644.0,2642.0,2642.0,1300,0.0,0.0
2024-09-20 14:29:00+09:00,2642.0,2644.0,2642.0,2643.0,3100,0.0,0.0
2024-09-20 14:30:00+09:00,2640.0,2642.0,2639.5,2640.0,661900,0.0,0.0
2024-09-20 14:31:00+09:00,2639.0,2641.0,2638.0,2639.5,3500,0.0,0.0
2024-09-20 14:32:00+09:00,2639.0,2640.5,2639.0,2639.5,800,0.0,0.0
2024-09-20 14:33:00+09:00,2639.5,2640.0,2637.0,2638.0,3800,0.0,0.0
2024-09-20 14:34:00+09:00,2638.5,2642.0,2638.5,2641.5,4600,0.0,0.0
2024-09-20 14:35:00+09:00,2641.5,2642.5,2640.5,2640.5,4200,0.0,0.0
2024-09-20 14:36:00+09:00,2641.0,2642.0,2639.5,2639.5,2400,0.0,0.0
2024-09-20 14:37:00+09:00,2639.5,2641.5,2639.5,2640.0,3900,0.0,0.0
2024-09-20 14:38:00+09:00,2640.0,2641.0,2640.0,2641.0,400,0.0,0.0
2024-09-20 14:39:00+09:00,2641.0,2641.0,2636.0,2639.0,7300,0.0,0.0
2024-09-20 14:40:00+09:00,2638.5,2642.5,2638.5,2642.5,5100,0.0,0.0
2024-09-20 14:41:00+09:00,2643.5,2647.0,2643.0,2645.0,16600,0.0,0.0
2024-09-20 14:42:00+09:00,2644.0,2645.0,2642.5,2645.0,3400,0.0,0.0
2024-09-20 14:43:00+09:00,2645.0,2646.0,2643.5,2645.0,4700,0.0,0.0
2024-09-20 14:44:00+09:00,2644.5,2645.5,2643.5,2643.5,2500,0.0,0.0
2024-09-20 14:45:00+09:00,2643.0,2643.0,2639.0,2639.0,3600,0.0,0.0
2024-09-20 14:46:00+09:00,2638.0,2638.0,2624.5,2628.5,18100,0.0,0.0
2024-09-20 14:47:00+09:00,2628.0,2630.0,2626.0,2630.0,8200,0.0,0.0
2024-09-20 14:48:00+09:00,2629.5,2630.0,2626.5,2626.5,6100,0.0,0.0
2024-09-20 14:49:00+09:00,2627.0,2631.0,2626.5,2628.5,9300,0.0,0.0
2024-09-20 14:50:00+09:00,2628.5,2628.5,2622.0,2623.0,6900,0.0,0.0
2024-09-20 14:51:00+09:00,2623.0,2624.5,2622.5,2623.5,5800,0.0,0.0
2024-09-20 14:52:00+09:00,2623.5,2625.0,2623.0,2624.5,8400,0.0,0.0
2024-09-20 14:53:00+09:00,2624.0,2624.0,2620.0,2621.5,8800,0.0,0.0
2024-09-20 14:54:00+09:00,2621.5,2622.0,2619.5,2619.5,6500,0.0,0.0
2024-09-20 14:55:00+09:00,2619.0,2619.0,2613.0,2614.5,7300,0.0,0.0
2024-09-20 14:56:00+09:00,2614.0,2622.0,2614.0,2614.5,16500,0.0,0.0
2024-09-20 14:57:00+09:00,2614.0,2614.0,2604.0,2605.5,14500,0.0,0.0
2024-09-20 14:58:00+09:00,2605.0,2608.5,2603.5,2603.5,14900,0.0,0.0
2024-09-20 14:59:00+09:00,2603.5,2630.5,2599.0,2630.5,49800,0.0,0.0
