Datetime,Open,High,Low,Close,Volume,Dividends,Stock Splits
2024-09-12 09:30:00-04:00,11.710399627685547,11.710399627685547,11.710399627685547,11.710399627685547,5621,0.0,0.0
2024-09-12 09:40:00-04:00,11.789999961853027,11.800000190734863,11.789999961853027,11.789999961853027,17616,0.0,0.0
2024-09-12 09:45:00-04:00,11.789999961853027,11.789999961853027,11.770000457763672,11.770000457763672,1430,0.0,0.0
2024-09-12 09:55:00-04:00,11.770000457763672,11.770000457763672,11.765999794006348,11.765999794006348,1846,0.0,0.0
2024-09-12 10:00:00-04:00,11.760000228881836,11.779999732971191,11.760000228881836,11.760000228881836,1248,0.0,0.0
2024-09-12 10:05:00-04:00,11.770000457763672,11.770000457763672,11.75,11.75,934,0.0,0.0
2024-09-12 10:10:00-04:00,11.75,11.770000457763672,11.75,11.770000457763672,1317,0.0,0.0
2024-09-12 10:15:00-04:00,11.779999732971191,11.779999732971191,11.779999732971191,11.779999732971191,651,0.0,0.0
2024-09-12 10:20:00-04:00,11.779999732971191,11.779999732971191,11.774999618530273,11.779999732971191,596,0.0,0.0
2024-09-12 10:30:00-04:00,11.789999961853027,11.8100004196167,11.789999961853027,11.8100004196167,1467,0.0,0.0
2024-09-12 10:35:00-04:00,11.800000190734863,11.854999542236328,11.800000190734863,11.854999542236328,4707,0.0,0.0
2024-09-12 10:40:00-04:00,11.829999923706055,11.84000015258789,11.829999923706055,11.84000015258789,2039,0.0,0.0
2024-09-12 10:45:00-04:00,11.84000015258789,11.845000267028809,11.829999923706055,11.845000267028809,812,0.0,0.0
2024-09-12 10:50:00-04:00,11.84000015258789,11.84000015258789,11.84000015258789,11.84000015258789,880,0.0,0.0
2024-09-12 10:55:00-04:00,11.829999923706055,11.829999923706055,11.8100004196167,11.8100004196167,1815,0.0,0.0
2024-09-12 11:00:00-04:00,11.805000305175781,11.8100004196167,11.805000305175781,11.805000305175781,942,0.0,0.0
2024-09-12 11:05:00-04:00,11.8100004196167,11.819999694824219,11.8100004196167,11.8149995803833,937,0.0,0.0
2024-09-12 11:10:00-04:00,11.829999923706055,11.845000267028809,11.829999923706055,11.845000267028809,993,0.0,0.0
2024-09-12 11:15:00-04:00,11.84000015258789,11.84000015258789,11.84000015258789,11.84000015258789,457,0.0,0.0
2024-09-12 11:20:00-04:00,11.845000267028809,11.845000267028809,11.845000267028809,11.845000267028809,690,0.0,0.0
2024-09-12 11:25:00-04:00,11.859999656677246,11.859999656677246,11.850000381469727,11.850000381469727,1515,0.0,0.0
2024-09-12 11:30:00-04:00,11.859999656677246,11.859999656677246,11.854999542236328,11.854999542236328,685,0.0,0.0
2024-09-12 11:35:00-04:00,11.850000381469727,11.859999656677246,11.850000381469727,11.859999656677246,603,0.0,0.0
2024-09-12 11:40:00-04:00,11.869999885559082,11.880000114440918,11.864999771118164,11.864999771118164,2502,0.0,0.0
2024-09-12 11:50:00-04:00,11.850000381469727,11.850000381469727,11.845000267028809,11.845000267028809,439,0.0,0.0
2024-09-12 11:55:00-04:00,11.84000015258789,11.845000267028809,11.84000015258789,11.845000267028809,1208,0.0,0.0
2024-09-12 12:00:00-04:00,11.845000267028809,11.845000267028809,11.845000267028809,11.845000267028809,364,0.0,0.0
2024-09-12 12:05:00-04:00,11.850000381469727,11.859999656677246,11.845000267028809,11.859999656677246,1655,0.0,0.0
2024-09-12 12:10:00-04:00,11.850000381469727,11.850000381469727,11.845000267028809,11.850000381469727,1424,0.0,0.0
2024-09-12 12:15:00-04:00,11.845000267028809,11.845000267028809,11.845000267028809,11.845000267028809,780,0.0,0.0
2024-09-12 12:20:00-04:00,11.845000267028809,11.859999656677246,11.845000267028809,11.850000381469727,1676,0.0,0.0
2024-09-12 12:25:00-04:00,11.850000381469727,11.854999542236328,11.84000015258789,11.84000015258789,2332,0.0,0.0
2024-09-12 12:30:00-04:00,11.850000381469727,11.850000381469727,11.840100288391113,11.840100288391113,742,0.0,0.0
2024-09-12 12:35:00-04:00,11.850000381469727,11.850000381469727,11.84000015258789,11.84000015258789,1335,0.0,0.0
2024-09-12 12:40:00-04:00,11.829999923706055,11.850000381469727,11.829999923706055,11.850000381469727,1210,0.0,0.0
2024-09-12 12:45:00-04:00,11.854999542236328,11.854999542236328,11.854999542236328,11.854999542236328,312,0.0,0.0
2024-09-12 12:50:00-04:00,11.869999885559082,11.880000114440918,11.869999885559082,11.880000114440918,1336,0.0,0.0
2024-09-12 12:55:00-04:00,11.880000114440918,11.885000228881836,11.880000114440918,11.885000228881836,1082,0.0,0.0
2024-09-12 13:00:00-04:00,11.890000343322754,11.890000343322754,11.880000114440918,11.880000114440918,1232,0.0,0.0
2024-09-12 13:05:00-04:00,11.880000114440918,11.890000343322754,11.880000114440918,11.890000343322754,341,0.0,0.0
2024-09-12 13:10:00-04:00,11.890000343322754,11.890000343322754,11.890000343322754,11.890000343322754,935,0.0,0.0
2024-09-12 13:15:00-04:00,11.880599975585938,11.880599975585938,11.880599975585938,11.880599975585938,296,0.0,0.0
2024-09-12 13:20:00-04:00,11.890000343322754,11.890000343322754,11.890000343322754,11.890000343322754,875,0.0,0.0
2024-09-12 13:25:00-04:00,11.895000457763672,11.899999618530273,11.895000457763672,11.899999618530273,3521,0.0,0.0
2024-09-12 13:30:00-04:00,11.899999618530273,11.90999984741211,11.899999618530273,11.90999984741211,876,0.0,0.0
2024-09-12 13:35:00-04:00,11.914999961853027,11.920000076293945,11.914999961853027,11.920000076293945,368,0.0,0.0
2024-09-12 13:40:00-04:00,11.920000076293945,11.920000076293945,11.914999961853027,11.914999961853027,1756,0.0,0.0
2024-09-12 13:45:00-04:00,11.914999961853027,11.930000305175781,11.914999961853027,11.930000305175781,1174,0.0,0.0
2024-09-12 13:50:00-04:00,11.925000190734863,11.930000305175781,11.925000190734863,11.930000305175781,2737,0.0,0.0
2024-09-12 13:55:00-04:00,11.930000305175781,11.9350004196167,11.930000305175781,11.930000305175781,1524,0.0,0.0
2024-09-12 14:00:00-04:00,11.930000305175781,11.930000305175781,11.930000305175781,11.930000305175781,511,0.0,0.0
2024-09-12 14:05:00-04:00,11.920000076293945,11.920000076293945,11.90999984741211,11.90999984741211,1212,0.0,0.0
2024-09-12 14:10:00-04:00,11.910300254821777,11.910300254821777,11.890000343322754,11.890000343322754,1056,0.0,0.0
2024-09-12 14:15:00-04:00,11.890000343322754,11.890000343322754,11.890000343322754,11.890000343322754,282,0.0,0.0
2024-09-12 14:20:00-04:00,11.885000228881836,11.895000457763672,11.885000228881836,11.895000457763672,1216,0.0,0.0
2024-09-12 14:25:00-04:00,11.899999618530273,11.899999618530273,11.899999618530273,11.899999618530273,326,0.0,0.0
2024-09-12 14:30:00-04:00,11.890000343322754,11.890000343322754,11.885000228881836,11.890000343322754,1575,0.0,0.0
2024-09-12 14:40:00-04:00,11.890000343322754,11.890000343322754,11.885000228881836,11.885000228881836,1037,0.0,0.0
2024-09-12 14:45:00-04:00,11.880000114440918,11.880000114440918,11.875,11.875,447,0.0,0.0
2024-09-12 14:50:00-04:00,11.864999771118164,11.869999885559082,11.835000038146973,11.869999885559082,6560,0.0,0.0
2024-09-12 14:55:00-04:00,11.869999885559082,11.869999885559082,11.859999656677246,11.869999885559082,1177,0.0,0.0
2024-09-12 15:00:00-04:00,11.869999885559082,11.875,11.869999885559082,11.869999885559082,1469,0.0,0.0
2024-09-12 15:05:00-04:00,11.859999656677246,11.864999771118164,11.859999656677246,11.864999771118164,1077,0.0,0.0
2024-09-12 15:10:00-04:00,11.864999771118164,11.869999885559082,11.864999771118164,11.869999885559082,1236,0.0,0.0
2024-09-12 15:25:00-04:00,11.869999885559082,11.875,11.869999885559082,11.869999885559082,2483,0.0,0.0
2024-09-12 15:30:00-04:00,11.869999885559082,11.869999885559082,11.869999885559082,11.869999885559082,552,0.0,0.0
2024-09-12 15:35:00-04:00,11.869999885559082,11.875,11.869999885559082,11.875,2447,0.0,0.0
2024-09-12 15:40:00-04:00,11.875,11.875,11.875,11.875,2046,0.0,0.0
2024-09-12 15:45:00-04:00,11.875,11.875,11.859999656677246,11.859999656677246,2746,0.0,0.0
2024-09-12 15:50:00-04:00,11.864999771118164,11.864999771118164,11.845000267028809,11.845000267028809,13756,0.0,0.0
2024-09-12 15:55:00-04:00,11.845000267028809,11.869999885559082,11.845000267028809,11.859999656677246,9736,0.0,0.0
2024-09-13 09:30:00-04:00,11.979999542236328,11.979999542236328,11.90999984741211,11.9350004196167,6150,0.0,0.0
2024-09-13 09:35:00-04:00,11.9399995803833,11.9399995803833,11.920000076293945,11.930000305175781,904,0.0,0.0
2024-09-13 09:40:00-04:00,11.930000305175781,11.930000305175781,11.930000305175781,11.930000305175781,392,0.0,0.0
2024-09-13 09:45:00-04:00,11.930000305175781,11.930000305175781,11.930000305175781,11.930000305175781,353,0.0,0.0
2024-09-13 09:50:00-04:00,11.930000305175781,11.970000267028809,11.930000305175781,11.970000267028809,2105,0.0,0.0
2024-09-13 09:55:00-04:00,11.970000267028809,11.970000267028809,11.96500015258789,11.970000267028809,1418,0.0,0.0
2024-09-13 10:00:00-04:00,11.970000267028809,11.979999542236328,11.954999923706055,11.970000267028809,3378,0.0,0.0
2024-09-13 10:05:00-04:00,11.970000267028809,11.970000267028809,11.949999809265137,11.949999809265137,754,0.0,0.0
2024-09-13 10:10:00-04:00,11.949999809265137,11.970000267028809,11.949999809265137,11.96500015258789,1087,0.0,0.0
2024-09-13 10:15:00-04:00,11.960000038146973,11.970000267028809,11.960000038146973,11.960000038146973,3252,0.0,0.0
2024-09-13 10:20:00-04:00,11.954999923706055,11.960000038146973,11.954999923706055,11.960000038146973,406,0.0,0.0
2024-09-13 10:25:00-04:00,11.960000038146973,11.960000038146973,11.949999809265137,11.954999923706055,3548,0.0,0.0
2024-09-13 10:30:00-04:00,11.954999923706055,11.954999923706055,11.949999809265137,11.949999809265137,557,0.0,0.0
2024-09-13 10:35:00-04:00,11.930000305175781,11.949999809265137,11.925000190734863,11.949999809265137,2444,0.0,0.0
2024-09-13 10:40:00-04:00,11.949999809265137,11.949999809265137,11.9399995803833,11.944999694824219,1578,0.0,0.0
2024-09-13 10:45:00-04:00,11.930000305175781,11.949999809265137,11.920000076293945,11.949999809265137,3892,0.0,0.0
2024-09-13 10:50:00-04:00,11.960000038146973,11.960000038146973,11.949999809265137,11.949999809265137,1620,0.0,0.0
2024-09-13 10:55:00-04:00,11.949999809265137,11.954999923706055,11.904999732971191,11.920000076293945,2613,0.0,0.0
2024-09-13 11:00:00-04:00,11.920000076293945,11.920000076293945,11.914999961853027,11.914999961853027,368,0.0,0.0
2024-09-13 11:05:00-04:00,11.914999961853027,11.914999961853027,11.904999732971191,11.904999732971191,2182,0.0,0.0
2024-09-13 11:10:00-04:00,11.904999732971191,11.914999961853027,11.904999732971191,11.914999961853027,1459,0.0,0.0
2024-09-13 11:15:00-04:00,11.914999961853027,11.920000076293945,11.904999732971191,11.914999961853027,3853,0.0,0.0
2024-09-13 11:20:00-04:00,11.904999732971191,11.930000305175781,11.904999732971191,11.925000190734863,1383,0.0,0.0
2024-09-13 11:25:00-04:00,11.9399995803833,11.9399995803833,11.930000305175781,11.930000305175781,1673,0.0,0.0
2024-09-13 11:30:00-04:00,11.930000305175781,11.930000305175781,11.925000190734863,11.925000190734863,1707,0.0,0.0
2024-09-13 11:35:00-04:00,11.925000190734863,11.925000190734863,11.920000076293945,11.925000190734863,485,0.0,0.0
2024-09-13 11:40:00-04:00,11.925000190734863,11.949899673461914,11.925000190734863,11.9399995803833,2576,0.0,0.0
2024-09-13 11:45:00-04:00,11.944999694824219,11.944999694824219,11.944999694824219,11.944999694824219,230,0.0,0.0
2024-09-13 11:50:00-04:00,11.944999694824219,11.944999694824219,11.944999694824219,11.944999694824219,795,0.0,0.0
2024-09-13 11:55:00-04:00,11.944999694824219,11.944999694824219,11.930000305175781,11.9350004196167,2601,0.0,0.0
2024-09-13 12:00:00-04:00,11.9350004196167,11.9350004196167,11.9350004196167,11.9350004196167,970,0.0,0.0
2024-09-13 12:05:00-04:00,11.9350004196167,11.944999694824219,11.9350004196167,11.944999694824219,1285,0.0,0.0
2024-09-13 12:10:00-04:00,11.944999694824219,11.944999694824219,11.944999694824219,11.944999694824219,320,0.0,0.0
2024-09-13 12:15:00-04:00,11.944999694824219,11.944999694824219,11.944999694824219,11.944999694824219,447,0.0,0.0
2024-09-13 12:20:00-04:00,11.944999694824219,11.944999694824219,11.930000305175781,11.9350004196167,1991,0.0,0.0
2024-09-13 12:25:00-04:00,11.939900398254395,11.939900398254395,11.930000305175781,11.9350004196167,1912,0.0,0.0
2024-09-13 12:30:00-04:00,11.930000305175781,11.930000305175781,11.90999984741211,11.914999961853027,1573,0.0,0.0
2024-09-13 12:35:00-04:00,11.920000076293945,11.925000190734863,11.920000076293945,11.925000190734863,1922,0.0,0.0
2024-09-13 12:40:00-04:00,11.925000190734863,11.925000190734863,11.925000190734863,11.925000190734863,314,0.0,0.0
2024-09-13 12:45:00-04:00,11.925000190734863,11.925000190734863,11.920000076293945,11.925000190734863,668,0.0,0.0
2024-09-13 12:50:00-04:00,11.920000076293945,11.925000190734863,11.920000076293945,11.925000190734863,358,0.0,0.0
2024-09-13 12:55:00-04:00,11.920299530029297,11.925000190734863,11.90999984741211,11.914999961853027,2437,0.0,0.0
2024-09-13 13:00:00-04:00,11.920000076293945,11.9350004196167,11.914999961853027,11.9350004196167,4991,0.0,0.0
2024-09-13 13:05:00-04:00,11.9399995803833,11.9399995803833,11.9350004196167,11.9350004196167,1681,0.0,0.0
2024-09-13 13:10:00-04:00,11.9399995803833,11.944999694824219,11.930000305175781,11.944999694824219,12282,0.0,0.0
2024-09-13 13:15:00-04:00,11.9399995803833,11.944999694824219,11.9399995803833,11.944299697875977,1038,0.0,0.0
2024-09-13 13:20:00-04:00,11.944999694824219,11.944999694824219,11.930000305175781,11.938400268554688,19727,0.0,0.0
2024-09-13 13:25:00-04:00,11.9350004196167,11.949999809265137,11.9350004196167,11.944999694824219,2641,0.0,0.0
2024-09-13 13:30:00-04:00,11.949999809265137,11.960000038146973,11.949999809265137,11.954999923706055,1141,0.0,0.0
2024-09-13 13:35:00-04:00,11.949999809265137,11.954999923706055,11.949999809265137,11.954999923706055,1143,0.0,0.0
2024-09-13 13:40:00-04:00,11.960000038146973,11.96500015258789,11.954999923706055,11.954999923706055,1965,0.0,0.0
2024-09-13 13:45:00-04:00,11.949999809265137,11.954999923706055,11.949999809265137,11.954999923706055,220,0.0,0.0
2024-09-13 13:50:00-04:00,11.954999923706055,11.955900192260742,11.944999694824219,11.949999809265137,5973,0.0,0.0
2024-09-13 13:55:00-04:00,11.960000038146973,11.960000038146973,11.944999694824219,11.949999809265137,3899,0.0,0.0
2024-09-13 14:00:00-04:00,11.949999809265137,11.954999923706055,11.9399995803833,11.954999923706055,1790,0.0,0.0
2024-09-13 14:05:00-04:00,11.949999809265137,11.96500015258789,11.949999809265137,11.96500015258789,1679,0.0,0.0
2024-09-13 14:10:00-04:00,11.949999809265137,11.954999923706055,11.949999809265137,11.954999923706055,1751,0.0,0.0
2024-09-13 14:15:00-04:00,11.954999923706055,11.954999923706055,11.949999809265137,11.954999923706055,1598,0.0,0.0
2024-09-13 14:20:00-04:00,11.954999923706055,11.954999923706055,11.954999923706055,11.954999923706055,481,0.0,0.0
2024-09-13 14:25:00-04:00,11.949999809265137,11.954999923706055,11.949999809265137,11.949999809265137,1376,0.0,0.0
2024-09-13 14:30:00-04:00,11.944999694824219,11.944999694824219,11.944999694824219,11.944999694824219,1008,0.0,0.0
2024-09-13 14:35:00-04:00,11.944999694824219,11.944999694824219,11.9399995803833,11.944999694824219,645,0.0,0.0
2024-09-13 14:40:00-04:00,11.944999694824219,11.954999923706055,11.944999694824219,11.954999923706055,2406,0.0,0.0
2024-09-13 14:45:00-04:00,11.960000038146973,11.970000267028809,11.960000038146973,11.96500015258789,1042,0.0,0.0
2024-09-13 14:50:00-04:00,11.960000038146973,11.96500015258789,11.954999923706055,11.96500015258789,3389,0.0,0.0
2024-09-13 14:55:00-04:00,11.96500015258789,11.96500015258789,11.96500015258789,11.96500015258789,377,0.0,0.0
2024-09-13 15:00:00-04:00,11.96500015258789,11.96500015258789,11.960000038146973,11.96500015258789,1407,0.0,0.0
2024-09-13 15:05:00-04:00,11.96500015258789,11.96500015258789,11.949999809265137,11.949999809265137,5521,0.0,0.0
2024-09-13 15:10:00-04:00,11.940799713134766,11.940799713134766,11.9350004196167,11.9399995803833,6456,0.0,0.0
2024-09-13 15:15:00-04:00,11.944999694824219,11.954999923706055,11.944999694824219,11.954999923706055,1588,0.0,0.0
2024-09-13 15:20:00-04:00,11.954999923706055,11.956008911132812,11.949999809265137,11.949999809265137,1858,0.0,0.0
2024-09-13 15:25:00-04:00,11.960000038146973,11.96500015258789,11.954999923706055,11.96500015258789,2450,0.0,0.0
2024-09-13 15:30:00-04:00,11.960000038146973,11.979999542236328,11.960000038146973,11.975000381469727,11008,0.0,0.0
2024-09-13 15:35:00-04:00,11.975000381469727,11.975000381469727,11.960000038146973,11.960000038146973,6732,0.0,0.0
2024-09-13 15:40:00-04:00,11.96500015258789,11.970000267028809,11.960000038146973,11.96500015258789,3916,0.0,0.0
2024-09-13 15:45:00-04:00,11.96500015258789,11.975000381469727,11.960000038146973,11.975000381469727,3741,0.0,0.0
2024-09-13 15:50:00-04:00,11.975000381469727,12.0,11.96500015258789,11.975000381469727,35129,0.0,0.0
2024-09-13 15:55:00-04:00,11.984999656677246,11.994999885559082,11.949999809265137,11.970000267028809,80374,0.0,0.0
2024-09-16 09:30:00-04:00,12.010000228881836,12.079999923706055,12.010000228881836,12.020000457763672,9561,0.0,0.0
2024-09-16 09:35:00-04:00,12.0600004196167,12.079999923706055,12.039999961853027,12.039999961853027,1607,0.0,0.0
2024-09-16 09:40:00-04:00,12.039999961853027,12.039999961853027,12.039999961853027,12.039999961853027,250,0.0,0.0
2024-09-16 09:45:00-04:00,12.0,12.0,12.0,12.0,1572,0.0,0.0
2024-09-16 09:50:00-04:00,11.989999771118164,12.029999732971191,11.989999771118164,12.020000457763672,1691,0.0,0.0
2024-09-16 09:55:00-04:00,12.020000457763672,12.020000457763672,12.020000457763672,12.020000457763672,298,0.0,0.0
2024-09-16 10:00:00-04:00,12.029999732971191,12.039899826049805,12.020000457763672,12.039899826049805,2430,0.0,0.0
2024-09-16 10:05:00-04:00,12.0600004196167,12.074999809265137,12.0600004196167,12.074999809265137,979,0.0,0.0
2024-09-16 10:10:00-04:00,12.069999694824219,12.069999694824219,12.050000190734863,12.055000305175781,1581,0.0,0.0
2024-09-16 10:15:00-04:00,12.0600004196167,12.074999809265137,12.0600004196167,12.074999809265137,585,0.0,0.0
2024-09-16 10:20:00-04:00,12.0649995803833,12.0649995803833,12.0649995803833,12.0649995803833,378,0.0,0.0
2024-09-16 10:25:00-04:00,12.0600004196167,12.0600004196167,12.029999732971191,12.029999732971191,1179,0.0,0.0
2024-09-16 10:30:00-04:00,12.020000457763672,12.029999732971191,12.020000457763672,12.029999732971191,11747,0.0,0.0
2024-09-16 10:35:00-04:00,12.0600004196167,12.0600004196167,12.0600004196167,12.0600004196167,139,0.0,0.0
2024-09-16 10:40:00-04:00,12.058500289916992,12.058500289916992,12.050000190734863,12.050000190734863,428,0.0,0.0
2024-09-16 10:45:00-04:00,12.069999694824219,12.069999694824219,12.039999961853027,12.045000076293945,1014,0.0,0.0
2024-09-16 10:50:00-04:00,12.045000076293945,12.045000076293945,12.015000343322754,12.015000343322754,4843,0.0,0.0
2024-09-16 10:55:00-04:00,12.015000343322754,12.01990032196045,12.015000343322754,12.015000343322754,1889,0.0,0.0
2024-09-16 11:00:00-04:00,12.010000228881836,12.010000228881836,12.005000114440918,12.005000114440918,1875,0.0,0.0
2024-09-16 11:05:00-04:00,12.010000228881836,12.020000457763672,12.010000228881836,12.015000343322754,4132,0.0,0.0
2024-09-16 11:10:00-04:00,12.01360034942627,12.01360034942627,11.989999771118164,11.989999771118164,1933,0.0,0.0
2024-09-16 11:15:00-04:00,11.989999771118164,11.994999885559082,11.989999771118164,11.989999771118164,1248,0.0,0.0
2024-09-16 11:20:00-04:00,11.979999542236328,12.005000114440918,11.979999542236328,12.005000114440918,1873,0.0,0.0
2024-09-16 11:25:00-04:00,12.0,12.0,11.979999542236328,11.979999542236328,734,0.0,0.0
2024-09-16 11:30:00-04:00,11.984999656677246,11.984999656677246,11.979999542236328,11.979999542236328,331,0.0,0.0
2024-09-16 11:35:00-04:00,11.989999771118164,11.989999771118164,11.989999771118164,11.989999771118164,1085,0.0,0.0
2024-09-16 11:45:00-04:00,11.989999771118164,11.989999771118164,11.989999771118164,11.989999771118164,865,0.0,0.0
2024-09-16 11:50:00-04:00,11.980299949645996,11.989999771118164,11.980299949645996,11.989999771118164,557,0.0,0.0
2024-09-16 11:55:00-04:00,12.0,12.0,11.998000144958496,11.998000144958496,249,0.0,0.0
2024-09-16 12:00:00-04:00,11.984999656677246,11.989999771118164,11.984999656677246,11.989999771118164,2677,0.0,0.0
2024-09-16 12:05:00-04:00,11.989999771118164,12.005000114440918,11.989999771118164,12.0,1163,0.0,0.0
2024-09-16 12:10:00-04:00,11.989999771118164,11.989999771118164,11.984999656677246,11.989999771118164,777,0.0,0.0
2024-09-16 12:15:00-04:00,11.989999771118164,11.994999885559082,11.989999771118164,11.994999885559082,345,0.0,0.0
2024-09-16 12:20:00-04:00,12.0,12.0,11.989999771118164,11.989999771118164,636,0.0,0.0
2024-09-16 12:25:00-04:00,12.0,12.020000457763672,12.0,12.015000343322754,1204,0.0,0.0
2024-09-16 12:30:00-04:00,12.015000343322754,12.015000343322754,12.005000114440918,12.010000228881836,1651,0.0,0.0
2024-09-16 12:35:00-04:00,12.005000114440918,12.015000343322754,12.005000114440918,12.010000228881836,1567,0.0,0.0
2024-09-16 12:40:00-04:00,12.015000343322754,12.015000343322754,12.015000343322754,12.015000343322754,336,0.0,0.0
2024-09-16 12:45:00-04:00,12.020000457763672,12.020000457763672,12.015000343322754,12.015000343322754,1244,0.0,0.0
2024-09-16 12:50:00-04:00,12.020000457763672,12.029999732971191,12.020000457763672,12.029999732971191,623,0.0,0.0
2024-09-16 12:55:00-04:00,12.029999732971191,12.029999732971191,12.029999732971191,12.029999732971191,538,0.0,0.0
2024-09-16 13:00:00-04:00,12.03499984741211,12.03499984741211,12.03499984741211,12.03499984741211,606,0.0,0.0
2024-09-16 13:05:00-04:00,12.029999732971191,12.029999732971191,12.024999618530273,12.024999618530273,2813,0.0,0.0
2024-09-16 13:10:00-04:00,12.029999732971191,12.029999732971191,12.015000343322754,12.015000343322754,1489,0.0,0.0
2024-09-16 13:15:00-04:00,12.010000228881836,12.020000457763672,12.010000228881836,12.020000457763672,827,0.0,0.0
2024-09-16 13:20:00-04:00,12.029999732971191,12.029999732971191,12.015000343322754,12.015000343322754,1389,0.0,0.0
2024-09-16 13:25:00-04:00,12.015000343322754,12.020000457763672,12.010000228881836,12.010000228881836,1721,0.0,0.0
2024-09-16 13:30:00-04:00,12.020000457763672,12.024999618530273,12.020000457763672,12.024999618530273,664,0.0,0.0
2024-09-16 13:35:00-04:00,12.020000457763672,12.03499984741211,12.020000457763672,12.03499984741211,1338,0.0,0.0
2024-09-16 13:40:00-04:00,12.039999961853027,12.045000076293945,12.03499984741211,12.045000076293945,1356,0.0,0.0
2024-09-16 13:45:00-04:00,12.039999961853027,12.039999961853027,12.03499984741211,12.03499984741211,1537,0.0,0.0
2024-09-16 13:50:00-04:00,12.03499984741211,12.039999961853027,12.03499984741211,12.039999961853027,551,0.0,0.0
2024-09-16 13:55:00-04:00,12.03499984741211,12.045000076293945,12.03499984741211,12.045000076293945,1480,0.0,0.0
2024-09-16 14:00:00-04:00,12.045000076293945,12.045000076293945,12.045000076293945,12.045000076293945,469,0.0,0.0
2024-09-16 14:05:00-04:00,12.039999961853027,12.055000305175781,12.03499984741211,12.055000305175781,3318,0.0,0.0
2024-09-16 14:10:00-04:00,12.0600004196167,12.074999809265137,12.055000305175781,12.069999694824219,3879,0.0,0.0
2024-09-16 14:15:00-04:00,12.069999694824219,12.069999694824219,12.0649995803833,12.0649995803833,514,0.0,0.0
2024-09-16 14:20:00-04:00,12.069999694824219,12.069999694824219,12.069999694824219,12.069999694824219,1733,0.0,0.0
2024-09-16 14:25:00-04:00,12.0649995803833,12.069999694824219,12.0649995803833,12.069999694824219,503,0.0,0.0
2024-09-16 14:30:00-04:00,12.0649995803833,12.0649995803833,12.0649995803833,12.0649995803833,896,0.0,0.0
2024-09-16 14:35:00-04:00,12.069999694824219,12.069999694824219,12.0649995803833,12.0649995803833,664,0.0,0.0
2024-09-16 14:40:00-04:00,12.069999694824219,12.069999694824219,12.055000305175781,12.0649995803833,2612,0.0,0.0
2024-09-16 14:45:00-04:00,12.0600004196167,12.0600004196167,12.053999900817871,12.055000305175781,3686,0.0,0.0
2024-09-16 14:50:00-04:00,12.055000305175781,12.055000305175781,12.050000190734863,12.050000190734863,1692,0.0,0.0
2024-09-16 14:55:00-04:00,12.0600004196167,12.079999923706055,12.0600004196167,12.079999923706055,3980,0.0,0.0
2024-09-16 15:00:00-04:00,12.079999923706055,12.079999923706055,12.045000076293945,12.045000076293945,3699,0.0,0.0
2024-09-16 15:05:00-04:00,12.045000076293945,12.069999694824219,12.039999961853027,12.069999694824219,3485,0.0,0.0
2024-09-16 15:10:00-04:00,12.0649995803833,12.0649995803833,12.055000305175781,12.055000305175781,1271,0.0,0.0
2024-09-16 15:15:00-04:00,12.050000190734863,12.050000190734863,12.045000076293945,12.045000076293945,3035,0.0,0.0
2024-09-16 15:20:00-04:00,12.045000076293945,12.050000190734863,12.045000076293945,12.045000076293945,789,0.0,0.0
2024-09-16 15:25:00-04:00,12.045000076293945,12.050000190734863,12.039999961853027,12.039999961853027,1293,0.0,0.0
2024-09-16 15:30:00-04:00,12.045000076293945,12.055000305175781,12.045000076293945,12.055000305175781,6804,0.0,0.0
2024-09-16 15:35:00-04:00,12.050000190734863,12.050000190734863,12.045000076293945,12.045000076293945,2609,0.0,0.0
2024-09-16 15:40:00-04:00,12.045000076293945,12.045000076293945,12.045000076293945,12.045000076293945,408,0.0,0.0
2024-09-16 15:45:00-04:00,12.039999961853027,12.058799743652344,12.039999961853027,12.058799743652344,6564,0.0,0.0
2024-09-16 15:50:00-04:00,12.055000305175781,12.0600004196167,12.039999961853027,12.055000305175781,9457,0.0,0.0
2024-09-16 15:55:00-04:00,12.050000190734863,12.050000190734863,12.015000343322754,12.050000190734863,105943,0.0,0.0
2024-09-17 09:30:00-04:00,12.079999923706055,12.079999923706055,12.039999961853027,12.039999961853027,5428,0.0,0.0
2024-09-17 09:35:00-04:00,12.050000190734863,12.050000190734863,12.050000190734863,12.050000190734863,303,0.0,0.0
2024-09-17 09:40:00-04:00,12.052000045776367,12.052000045776367,12.050000190734863,12.050000190734863,502,0.0,0.0
2024-09-17 09:45:00-04:00,12.045000076293945,12.07979965209961,12.045000076293945,12.07979965209961,8523,0.0,0.0
2024-09-17 09:50:00-04:00,12.079899787902832,12.100000381469727,12.079899787902832,12.079999923706055,3243,0.0,0.0
2024-09-17 09:55:00-04:00,12.100000381469727,12.100000381469727,12.09000015258789,12.09000015258789,1948,0.0,0.0
2024-09-17 10:00:00-04:00,12.079999923706055,12.09000015258789,12.069999694824219,12.069999694824219,3748,0.0,0.0
2024-09-17 10:05:00-04:00,12.079999923706055,12.09000015258789,12.079999923706055,12.09000015258789,0,0.0,0.0
2024-09-17 10:10:00-04:00,12.074999809265137,12.100000381469727,12.069999694824219,12.100000381469727,29409,0.0,0.0
2024-09-17 10:15:00-04:00,12.109999656677246,12.140000343322754,12.095000267028809,12.140000343322754,2622,0.0,0.0
2024-09-17 10:20:00-04:00,12.140000343322754,12.170000076293945,12.140000343322754,12.170000076293945,2944,0.0,0.0
2024-09-17 10:25:00-04:00,12.170000076293945,12.180000305175781,12.140000343322754,12.140000343322754,3648,0.0,0.0
2024-09-17 10:30:00-04:00,12.130000114440918,12.130000114440918,12.109999656677246,12.119999885559082,1636,0.0,0.0
2024-09-17 10:35:00-04:00,12.114999771118164,12.119999885559082,12.114999771118164,12.114999771118164,3025,0.0,0.0
2024-09-17 10:40:00-04:00,12.110300064086914,12.110300064086914,12.100000381469727,12.100000381469727,3858,0.0,0.0
2024-09-17 10:45:00-04:00,12.100000381469727,12.130000114440918,12.100000381469727,12.130000114440918,4491,0.0,0.0
2024-09-17 10:50:00-04:00,12.120100021362305,12.120100021362305,12.109999656677246,12.109999656677246,1135,0.0,0.0
2024-09-17 10:55:00-04:00,12.100000381469727,12.104999542236328,12.095000267028809,12.100000381469727,6227,0.0,0.0
2024-09-17 11:00:00-04:00,12.100000381469727,12.100000381469727,12.095000267028809,12.100000381469727,3497,0.0,0.0
2024-09-17 11:05:00-04:00,12.100000381469727,12.125,12.100000381469727,12.100000381469727,5916,0.0,0.0
2024-09-17 11:10:00-04:00,12.100000381469727,12.10319995880127,12.095000267028809,12.100000381469727,3329,0.0,0.0
2024-09-17 11:15:00-04:00,12.100000381469727,12.104999542236328,12.100000381469727,12.100099563598633,1884,0.0,0.0
2024-09-17 11:20:00-04:00,12.095000267028809,12.100000381469727,12.095000267028809,12.100000381469727,2702,0.0,0.0
2024-09-17 11:25:00-04:00,12.109999656677246,12.114999771118164,12.109999656677246,12.109999656677246,1161,0.0,0.0
2024-09-17 11:30:00-04:00,12.109999656677246,12.109999656677246,12.079999923706055,12.079999923706055,2410,0.0,0.0
2024-09-17 11:35:00-04:00,12.085000038146973,12.104999542236328,12.079999923706055,12.104999542236328,3733,0.0,0.0
2024-09-17 11:40:00-04:00,12.109999656677246,12.109999656677246,12.109999656677246,12.109999656677246,1351,0.0,0.0
2024-09-17 11:45:00-04:00,12.100000381469727,12.104999542236328,12.100000381469727,12.100000381469727,1869,0.0,0.0
2024-09-17 11:50:00-04:00,12.109999656677246,12.109999656677246,12.092499732971191,12.092499732971191,2473,0.0,0.0
2024-09-17 11:55:00-04:00,12.095000267028809,12.095000267028809,12.085000038146973,12.095000267028809,4937,0.0,0.0
2024-09-17 12:00:00-04:00,12.095000267028809,12.100000381469727,12.095000267028809,12.100000381469727,2274,0.0,0.0
2024-09-17 12:05:00-04:00,12.095000267028809,12.100000381469727,12.09000015258789,12.100000381469727,22634,0.0,0.0
2024-09-17 12:10:00-04:00,12.104999542236328,12.109999656677246,12.104999542236328,12.109999656677246,938,0.0,0.0
2024-09-17 12:15:00-04:00,12.104999542236328,12.109999656677246,12.095000267028809,12.109999656677246,6285,0.0,0.0
2024-09-17 12:20:00-04:00,12.119999885559082,12.130000114440918,12.104999542236328,12.104999542236328,3326,0.0,0.0
2024-09-17 12:25:00-04:00,12.109999656677246,12.119999885559082,12.109999656677246,12.114999771118164,1918,0.0,0.0
2024-09-17 12:30:00-04:00,12.114999771118164,12.140000343322754,12.114999771118164,12.140000343322754,10416,0.0,0.0
2024-09-17 12:35:00-04:00,12.140000343322754,12.140000343322754,12.140000343322754,12.140000343322754,398,0.0,0.0
2024-09-17 12:40:00-04:00,12.130000114440918,12.135000228881836,12.114999771118164,12.114999771118164,2653,0.0,0.0
2024-09-17 12:45:00-04:00,12.109999656677246,12.109999656677246,12.100000381469727,12.100000381469727,3564,0.0,0.0
2024-09-17 12:50:00-04:00,12.095000267028809,12.109999656677246,12.095000267028809,12.109999656677246,9300,0.0,0.0
2024-09-17 12:55:00-04:00,12.100000381469727,12.100000381469727,12.09000015258789,12.100000381469727,5117,0.0,0.0
2024-09-17 13:00:00-04:00,12.100000381469727,12.119999885559082,12.100000381469727,12.109999656677246,6968,0.0,0.0
2024-09-17 13:05:00-04:00,12.100000381469727,12.109999656677246,12.095000267028809,12.095000267028809,2904,0.0,0.0
2024-09-17 13:10:00-04:00,12.100000381469727,12.100000381469727,12.095000267028809,12.100000381469727,6895,0.0,0.0
2024-09-17 13:15:00-04:00,12.109999656677246,12.119999885559082,12.109999656677246,12.119999885559082,1889,0.0,0.0
2024-09-17 13:20:00-04:00,12.119999885559082,12.130000114440918,12.119999885559082,12.130000114440918,1412,0.0,0.0
2024-09-17 13:25:00-04:00,12.130000114440918,12.130000114440918,12.114999771118164,12.114999771118164,1228,0.0,0.0
2024-09-17 13:30:00-04:00,12.119999885559082,12.130000114440918,12.114999771118164,12.119999885559082,4083,0.0,0.0
2024-09-17 13:35:00-04:00,12.125200271606445,12.135000228881836,12.125,12.13010025024414,2223,0.0,0.0
2024-09-17 13:40:00-04:00,12.125,12.130000114440918,12.114999771118164,12.114999771118164,1791,0.0,0.0
2024-09-17 13:45:00-04:00,12.114999771118164,12.119999885559082,12.114999771118164,12.119999885559082,1887,0.0,0.0
2024-09-17 13:50:00-04:00,12.119999885559082,12.119999885559082,12.119999885559082,12.119999885559082,830,0.0,0.0
2024-09-17 13:55:00-04:00,12.125,12.125,12.125,12.125,1034,0.0,0.0
2024-09-17 14:00:00-04:00,12.119999885559082,12.140000343322754,12.119999885559082,12.140000343322754,5195,0.0,0.0
2024-09-17 14:05:00-04:00,12.135000228881836,12.135000228881836,12.130900382995605,12.135000228881836,1781,0.0,0.0
2024-09-17 14:10:00-04:00,12.130000114440918,12.130000114440918,12.119999885559082,12.119999885559082,681,0.0,0.0
2024-09-17 14:15:00-04:00,12.125,12.125,12.119999885559082,12.119999885559082,1825,0.0,0.0
2024-09-17 14:20:00-04:00,12.125,12.140000343322754,12.125,12.140000343322754,3170,0.0,0.0
2024-09-17 14:25:00-04:00,12.135000228881836,12.145000457763672,12.135000228881836,12.145000457763672,1338,0.0,0.0
2024-09-17 14:30:00-04:00,12.140000343322754,12.140000343322754,12.130000114440918,12.130000114440918,1072,0.0,0.0
2024-09-17 14:35:00-04:00,12.135000228881836,12.140000343322754,12.135000228881836,12.140000343322754,1934,0.0,0.0
2024-09-17 14:40:00-04:00,12.140000343322754,12.154999732971191,12.135000228881836,12.149999618530273,3945,0.0,0.0
2024-09-17 14:45:00-04:00,12.149999618530273,12.149999618530273,12.119999885559082,12.135000228881836,2411,0.0,0.0
2024-09-17 14:50:00-04:00,12.130200386047363,12.130200386047363,12.125,12.125,3067,0.0,0.0
2024-09-17 14:55:00-04:00,12.140000343322754,12.145000457763672,12.130000114440918,12.130000114440918,1817,0.0,0.0
2024-09-17 15:00:00-04:00,12.130200386047363,12.130200386047363,12.125,12.125,2168,0.0,0.0
2024-09-17 15:05:00-04:00,12.120200157165527,12.120200157165527,12.119999885559082,12.120200157165527,2287,0.0,0.0
2024-09-17 15:10:00-04:00,12.125,12.130000114440918,12.120200157165527,12.130000114440918,2102,0.0,0.0
2024-09-17 15:15:00-04:00,12.125,12.125,12.100000381469727,12.100000381469727,2716,0.0,0.0
2024-09-17 15:20:00-04:00,12.100000381469727,12.104999542236328,12.09000015258789,12.100000381469727,9659,0.0,0.0
2024-09-17 15:25:00-04:00,12.098799705505371,12.109999656677246,12.098799705505371,12.109999656677246,5243,0.0,0.0
2024-09-17 15:30:00-04:00,12.109999656677246,12.109999656677246,12.095000267028809,12.104999542236328,3440,0.0,0.0
2024-09-17 15:35:00-04:00,12.100000381469727,12.100000381469727,12.090200424194336,12.090200424194336,4743,0.0,0.0
2024-09-17 15:40:00-04:00,12.095000267028809,12.095000267028809,12.079999923706055,12.079999923706055,5383,0.0,0.0
2024-09-17 15:45:00-04:00,12.079999923706055,12.100000381469727,12.079999923706055,12.09000015258789,6902,0.0,0.0
2024-09-17 15:50:00-04:00,12.09000015258789,12.09000015258789,12.055000305175781,12.0600004196167,9758,0.0,0.0
2024-09-17 15:55:00-04:00,12.0649995803833,12.079999923706055,12.050000190734863,12.050000190734863,36694,0.0,0.0
2024-09-18 09:30:00-04:00,12.079999923706055,12.095000267028809,12.079999923706055,12.086000442504883,8300,0.0,0.0
2024-09-18 09:40:00-04:00,12.050000190734863,12.050000190734863,12.020000457763672,12.039999961853027,3964,0.0,0.0
2024-09-18 09:45:00-04:00,12.059499740600586,12.0600004196167,12.045000076293945,12.045000076293945,935,0.0,0.0
2024-09-18 09:55:00-04:00,12.045000076293945,12.045000076293945,12.045000076293945,12.045000076293945,954,0.0,0.0
2024-09-18 10:00:00-04:00,12.029999732971191,12.045000076293945,12.029999732971191,12.045000076293945,2344,0.0,0.0
2024-09-18 10:05:00-04:00,12.050000190734863,12.0649995803833,12.029999732971191,12.0649995803833,17741,0.0,0.0
2024-09-18 10:10:00-04:00,12.0649995803833,12.069999694824219,12.039999961853027,12.039999961853027,1950,0.0,0.0
2024-09-18 10:15:00-04:00,12.050000190734863,12.0600004196167,12.045000076293945,12.045000076293945,957,0.0,0.0
2024-09-18 10:20:00-04:00,12.030099868774414,12.030099868774414,12.02079963684082,12.024999618530273,1789,0.0,0.0
2024-09-18 10:25:00-04:00,12.029999732971191,12.039999961853027,12.020000457763672,12.039999961853027,2715,0.0,0.0
2024-09-18 10:30:00-04:00,12.010000228881836,12.010000228881836,12.0,12.0,1527,0.0,0.0
2024-09-18 10:35:00-04:00,12.0,12.0,11.990300178527832,11.994999885559082,1220,0.0,0.0
2024-09-18 10:40:00-04:00,11.989999771118164,12.0,11.989999771118164,12.0,1285,0.0,0.0
2024-09-18 10:45:00-04:00,12.0,12.0,11.982500076293945,11.982500076293945,1362,0.0,0.0
2024-09-18 10:50:00-04:00,11.979999542236328,11.989999771118164,11.979999542236328,11.989999771118164,714,0.0,0.0
2024-09-18 10:55:00-04:00,12.0,12.010000228881836,11.994999885559082,12.010000228881836,2027,0.0,0.0
2024-09-18 11:00:00-04:00,12.015000343322754,12.020000457763672,12.010000228881836,12.020000457763672,743,0.0,0.0
2024-09-18 11:05:00-04:00,12.020000457763672,12.026900291442871,12.020000457763672,12.024999618530273,798,0.0,0.0
2024-09-18 11:10:00-04:00,12.020000457763672,12.020000457763672,12.020000457763672,12.020000457763672,297,0.0,0.0
2024-09-18 11:15:00-04:00,12.010000228881836,12.010000228881836,12.010000228881836,12.010000228881836,588,0.0,0.0
2024-09-18 11:20:00-04:00,11.989999771118164,11.994999885559082,11.989999771118164,11.989999771118164,1850,0.0,0.0
2024-09-18 11:35:00-04:00,12.0,12.0,12.0,12.0,407,0.0,0.0
2024-09-18 11:45:00-04:00,11.984999656677246,11.98639965057373,11.984999656677246,11.98639965057373,224,0.0,0.0
2024-09-18 11:50:00-04:00,11.989999771118164,11.989999771118164,11.989999771118164,11.989999771118164,607,0.0,0.0
2024-09-18 12:05:00-04:00,11.979999542236328,11.979999542236328,11.975000381469727,11.979999542236328,3800,0.0,0.0
2024-09-18 12:10:00-04:00,11.984999656677246,11.989999771118164,11.975000381469727,11.975000381469727,1192,0.0,0.0
2024-09-18 12:15:00-04:00,11.979999542236328,11.979999542236328,11.975000381469727,11.979399681091309,437,0.0,0.0
2024-09-18 12:20:00-04:00,11.979599952697754,11.984999656677246,11.979599952697754,11.984999656677246,2527,0.0,0.0
2024-09-18 12:25:00-04:00,11.984999656677246,12.0,11.984999656677246,12.0,4940,0.0,0.0
2024-09-18 12:30:00-04:00,11.994999885559082,12.0,11.993599891662598,12.0,1162,0.0,0.0
2024-09-18 12:35:00-04:00,12.0,12.0,12.0,12.0,291,0.0,0.0
2024-09-18 12:40:00-04:00,11.994999885559082,11.994999885559082,11.989999771118164,11.989999771118164,1839,0.0,0.0
2024-09-18 12:45:00-04:00,11.989999771118164,11.989999771118164,11.989999771118164,11.989999771118164,338,0.0,0.0
2024-09-18 12:50:00-04:00,11.984999656677246,11.989999771118164,11.984999656677246,11.989999771118164,2301,0.0,0.0
2024-09-18 12:55:00-04:00,11.994999885559082,11.994999885559082,11.989999771118164,11.989999771118164,779,0.0,0.0
2024-09-18 13:00:00-04:00,11.979999542236328,11.979999542236328,11.975000381469727,11.979999542236328,2219,0.0,0.0
2024-09-18 13:05:00-04:00,11.979999542236328,11.979999542236328,11.979999542236328,11.979999542236328,426,0.0,0.0
2024-09-18 13:10:00-04:00,11.989999771118164,11.994999885559082,11.984999656677246,11.994999885559082,4643,0.0,0.0
2024-09-18 13:15:00-04:00,11.994999885559082,11.994999885559082,11.984999656677246,11.984999656677246,963,0.0,0.0
2024-09-18 13:20:00-04:00,11.984999656677246,11.984999656677246,11.984700202941895,11.984999656677246,445,0.0,0.0
2024-09-18 13:25:00-04:00,11.984999656677246,11.994999885559082,11.984999656677246,11.994999885559082,844,0.0,0.0
2024-09-18 13:30:00-04:00,11.994999885559082,11.994999885559082,11.994999885559082,11.994999885559082,2326,0.0,0.0
2024-09-18 13:35:00-04:00,12.0,12.029999732971191,12.0,12.020000457763672,14950,0.0,0.0
2024-09-18 13:40:00-04:00,12.029399871826172,12.03499984741211,12.029399871826172,12.03499984741211,699,0.0,0.0
2024-09-18 13:45:00-04:00,12.03499984741211,12.045000076293945,12.024999618530273,12.024999618530273,741,0.0,0.0
2024-09-18 13:50:00-04:00,12.02910041809082,12.029999732971191,12.02910041809082,12.029999732971191,1204,0.0,0.0
2024-09-18 13:55:00-04:00,12.029999732971191,12.029999732971191,12.029999732971191,12.029999732971191,3162,0.0,0.0
2024-09-18 14:00:00-04:00,12.029999732971191,12.25,12.029999732971191,12.170000076293945,13533,0.0,0.0
2024-09-18 14:05:00-04:00,12.15999984741211,12.15999984741211,12.119999885559082,12.140000343322754,11328,0.0,0.0
2024-09-18 14:10:00-04:00,12.145000457763672,12.145000457763672,12.09000015258789,12.135000228881836,11025,0.0,0.0
2024-09-18 14:15:00-04:00,12.13700008392334,12.164999961853027,12.130000114440918,12.15999984741211,10846,0.0,0.0
2024-09-18 14:20:00-04:00,12.15999984741211,12.170000076293945,12.130000114440918,12.149999618530273,3131,0.0,0.0
2024-09-18 14:25:00-04:00,12.15999984741211,12.15999984741211,12.149999618530273,12.15999984741211,1798,0.0,0.0
2024-09-18 14:30:00-04:00,12.15999984741211,12.199999809265137,12.15999984741211,12.1899995803833,5628,0.0,0.0
2024-09-18 14:35:00-04:00,12.199899673461914,12.210000038146973,12.135000228881836,12.210000038146973,4998,0.0,0.0
2024-09-18 14:40:00-04:00,12.210000038146973,12.219400405883789,12.100000381469727,12.109999656677246,8476,0.0,0.0
2024-09-18 14:45:00-04:00,12.100000381469727,12.15999984741211,12.100000381469727,12.149999618530273,5840,0.0,0.0
2024-09-18 14:50:00-04:00,12.140000343322754,12.175000190734863,12.140000343322754,12.170000076293945,2975,0.0,0.0
2024-09-18 14:55:00-04:00,12.15999984741211,12.15999984741211,12.109999656677246,12.109999656677246,1501,0.0,0.0
2024-09-18 15:00:00-04:00,12.109999656677246,12.109999656677246,12.069999694824219,12.095000267028809,4784,0.0,0.0
2024-09-18 15:05:00-04:00,12.095000267028809,12.119999885559082,12.085000038146973,12.119999885559082,2923,0.0,0.0
2024-09-18 15:10:00-04:00,12.130000114440918,12.1899995803833,12.130000114440918,12.1899995803833,2851,0.0,0.0
2024-09-18 15:15:00-04:00,12.180000305175781,12.189000129699707,12.180000305175781,12.189000129699707,1525,0.0,0.0
2024-09-18 15:20:00-04:00,12.129899978637695,12.130000114440918,12.109999656677246,12.130000114440918,2842,0.0,0.0
2024-09-18 15:25:00-04:00,12.140000343322754,12.1850004196167,12.140000343322754,12.154999732971191,3483,0.0,0.0
2024-09-18 15:30:00-04:00,12.159000396728516,12.159000396728516,12.079999923706055,12.088500022888184,3603,0.0,0.0
2024-09-18 15:35:00-04:00,12.085000038146973,12.119999885559082,12.085000038146973,12.108499526977539,6702,0.0,0.0
2024-09-18 15:40:00-04:00,12.105999946594238,12.109999656677246,12.09000015258789,12.09000015258789,4589,0.0,0.0
2024-09-18 15:45:00-04:00,12.085000038146973,12.09000015258789,12.055000305175781,12.0600004196167,4945,0.0,0.0
2024-09-18 15:50:00-04:00,12.0600004196167,12.089200019836426,12.0600004196167,12.079999923706055,9805,0.0,0.0
2024-09-18 15:55:00-04:00,12.079999923706055,12.09000015258789,12.069999694824219,12.079999923706055,14412,0.0,0.0
2024-09-19 09:30:00-04:00,12.279999732971191,12.279999732971191,12.220000267028809,12.229999542236328,4776,0.0,0.0
2024-09-19 09:35:00-04:00,12.180000305175781,12.199999809265137,12.180000305175781,12.199999809265137,845,0.0,0.0
2024-09-19 09:40:00-04:00,12.180000305175781,12.180000305175781,12.15999984741211,12.15999984741211,7208,0.0,0.0
2024-09-19 09:45:00-04:00,12.138999938964844,12.140000343322754,12.138999938964844,12.140000343322754,582,0.0,0.0
2024-09-19 09:50:00-04:00,12.140000343322754,12.140000343322754,12.130000114440918,12.130000114440918,582,0.0,0.0
2024-09-19 09:55:00-04:00,12.125,12.140000343322754,12.125,12.140000343322754,794,0.0,0.0
2024-09-19 10:00:00-04:00,12.149999618530273,12.164999961853027,12.140000343322754,12.15999984741211,1654,0.0,0.0
2024-09-19 10:05:00-04:00,12.154999732971191,12.154999732971191,12.114999771118164,12.114999771118164,2936,0.0,0.0
2024-09-19 10:10:00-04:00,12.119999885559082,12.119999885559082,12.109999656677246,12.109999656677246,1989,0.0,0.0
2024-09-19 10:15:00-04:00,12.09000015258789,12.09000015258789,12.089900016784668,12.09000015258789,1454,0.0,0.0
2024-09-19 10:20:00-04:00,12.09000015258789,12.095000267028809,12.079999923706055,12.09000015258789,1007,0.0,0.0
2024-09-19 10:25:00-04:00,12.09000015258789,12.140000343322754,12.09000015258789,12.140000343322754,6414,0.0,0.0
2024-09-19 10:30:00-04:00,12.140000343322754,12.1899995803833,12.140000343322754,12.15999984741211,30501,0.0,0.0
2024-09-19 10:35:00-04:00,12.15999984741211,12.170000076293945,12.15999984741211,12.170000076293945,3035,0.0,0.0
2024-09-19 10:40:00-04:00,12.170000076293945,12.170000076293945,12.140000343322754,12.140000343322754,994,0.0,0.0
2024-09-19 10:45:00-04:00,12.140000343322754,12.140000343322754,12.119999885559082,12.140000343322754,2539,0.0,0.0
2024-09-19 10:50:00-04:00,12.139399528503418,12.139399528503418,12.130000114440918,12.130000114440918,1606,0.0,0.0
2024-09-19 10:55:00-04:00,12.109999656677246,12.109999656677246,12.100000381469727,12.100000381469727,891,0.0,0.0
2024-09-19 11:00:00-04:00,12.09939956665039,12.109999656677246,12.09939956665039,12.109999656677246,1693,0.0,0.0
2024-09-19 11:05:00-04:00,12.100000381469727,12.100000381469727,12.09000015258789,12.09000015258789,1030,0.0,0.0
2024-09-19 11:10:00-04:00,12.085000038146973,12.09000015258789,12.085000038146973,12.089200019836426,1095,0.0,0.0
2024-09-19 11:15:00-04:00,12.09000015258789,12.100000381469727,12.09000015258789,12.100000381469727,2791,0.0,0.0
2024-09-19 11:20:00-04:00,12.109399795532227,12.119999885559082,12.109399795532227,12.119999885559082,1589,0.0,0.0
2024-09-19 11:25:00-04:00,12.119999885559082,12.130000114440918,12.119999885559082,12.130000114440918,690,0.0,0.0
2024-09-19 11:30:00-04:00,12.130000114440918,12.130000114440918,12.130000114440918,12.130000114440918,305,0.0,0.0
2024-09-19 11:35:00-04:00,12.135000228881836,12.135000228881836,12.109999656677246,12.109999656677246,1747,0.0,0.0
2024-09-19 11:40:00-04:00,12.109999656677246,12.119199752807617,12.109999656677246,12.114999771118164,940,0.0,0.0
2024-09-19 11:45:00-04:00,12.109999656677246,12.109999656677246,12.109999656677246,12.109999656677246,1138,0.0,0.0
2024-09-19 11:50:00-04:00,12.109999656677246,12.109999656677246,12.104999542236328,12.104999542236328,2550,0.0,0.0
2024-09-19 11:55:00-04:00,12.109999656677246,12.109999656677246,12.095000267028809,12.095000267028809,4800,0.0,0.0
2024-09-19 12:00:00-04:00,12.100000381469727,12.119999885559082,12.100000381469727,12.109999656677246,6661,0.0,0.0
2024-09-19 12:05:00-04:00,12.109999656677246,12.130000114440918,12.109999656677246,12.130000114440918,1684,0.0,0.0
2024-09-19 12:10:00-04:00,12.13070011138916,12.13070011138916,12.119999885559082,12.125,2629,0.0,0.0
2024-09-19 12:15:00-04:00,12.130000114440918,12.130000114440918,12.119999885559082,12.119999885559082,1077,0.0,0.0
2024-09-19 12:20:00-04:00,12.114999771118164,12.114999771118164,12.109999656677246,12.109999656677246,623,0.0,0.0
2024-09-19 12:25:00-04:00,12.109999656677246,12.130000114440918,12.109999656677246,12.130000114440918,2057,0.0,0.0
2024-09-19 12:30:00-04:00,12.135000228881836,12.140000343322754,12.135000228881836,12.140000343322754,776,0.0,0.0
2024-09-19 12:35:00-04:00,12.135000228881836,12.140000343322754,12.135000228881836,12.140000343322754,611,0.0,0.0
2024-09-19 12:40:00-04:00,12.149999618530273,12.159700393676758,12.149999618530273,12.149999618530273,1686,0.0,0.0
2024-09-19 12:45:00-04:00,12.159500122070312,12.164999961853027,12.154999732971191,12.15999984741211,2229,0.0,0.0
2024-09-19 12:50:00-04:00,12.159899711608887,12.15999984741211,12.156299591064453,12.156299591064453,595,0.0,0.0
2024-09-19 12:55:00-04:00,12.149999618530273,12.149999618530273,12.149999618530273,12.149999618530273,1214,0.0,0.0
2024-09-19 13:00:00-04:00,12.15999984741211,12.170000076293945,12.149999618530273,12.170000076293945,11448,0.0,0.0
2024-09-19 13:05:00-04:00,12.164999961853027,12.164999961853027,12.15999984741211,12.15999984741211,1295,0.0,0.0
2024-09-19 13:10:00-04:00,12.154999732971191,12.170000076293945,12.154999732971191,12.164999961853027,9922,0.0,0.0
2024-09-19 13:15:00-04:00,12.164999961853027,12.180000305175781,12.164999961853027,12.180000305175781,3861,0.0,0.0
2024-09-19 13:20:00-04:00,12.170000076293945,12.170000076293945,12.164999961853027,12.164999961853027,729,0.0,0.0
2024-09-19 13:25:00-04:00,12.170000076293945,12.180000305175781,12.164999961853027,12.164999961853027,1530,0.0,0.0
2024-09-19 13:30:00-04:00,12.170000076293945,12.170000076293945,12.164999961853027,12.164999961853027,1729,0.0,0.0
2024-09-19 13:35:00-04:00,12.164999961853027,12.164999961853027,12.164999961853027,12.164999961853027,951,0.0,0.0
2024-09-19 13:40:00-04:00,12.15999984741211,12.170000076293945,12.15999984741211,12.164999961853027,3291,0.0,0.0
2024-09-19 13:45:00-04:00,12.164999961853027,12.164999961853027,12.15999984741211,12.15999984741211,2109,0.0,0.0
2024-09-19 13:50:00-04:00,12.160300254821777,12.170000076293945,12.160300254821777,12.164999961853027,1368,0.0,0.0
2024-09-19 13:55:00-04:00,12.164999961853027,12.164999961853027,12.164999961853027,12.164999961853027,814,0.0,0.0
2024-09-19 14:00:00-04:00,12.175000190734863,12.175000190734863,12.175000190734863,12.175000190734863,1613,0.0,0.0
2024-09-19 14:10:00-04:00,12.179200172424316,12.179200172424316,12.179200172424316,12.179200172424316,657,0.0,0.0
2024-09-19 14:15:00-04:00,12.170000076293945,12.170000076293945,12.150099754333496,12.150099754333496,5290,0.0,0.0
2024-09-19 14:20:00-04:00,12.15999984741211,12.170000076293945,12.15999984741211,12.15999984741211,6842,0.0,0.0
2024-09-19 14:25:00-04:00,12.170000076293945,12.187600135803223,12.170000076293945,12.1850004196167,2311,0.0,0.0
2024-09-19 14:30:00-04:00,12.1899995803833,12.208999633789062,12.1899995803833,12.19629955291748,3227,0.0,0.0
2024-09-19 14:35:00-04:00,12.204999923706055,12.204999923706055,12.204999923706055,12.204999923706055,923,0.0,0.0
2024-09-19 14:40:00-04:00,12.204999923706055,12.21500015258789,12.204999923706055,12.210000038146973,2385,0.0,0.0
2024-09-19 14:45:00-04:00,12.21500015258789,12.220000267028809,12.210000038146973,12.210000038146973,2737,0.0,0.0
2024-09-19 14:50:00-04:00,12.210000038146973,12.210000038146973,12.194999694824219,12.199999809265137,1979,0.0,0.0
2024-09-19 14:55:00-04:00,12.210000038146973,12.211000442504883,12.204999923706055,12.204999923706055,4855,0.0,0.0
2024-09-19 15:00:00-04:00,12.199999809265137,12.199999809265137,12.194999694824219,12.199999809265137,1310,0.0,0.0
2024-09-19 15:05:00-04:00,12.204999923706055,12.228899955749512,12.204999923706055,12.225000381469727,3471,0.0,0.0
2024-09-19 15:10:00-04:00,12.229999542236328,12.229999542236328,12.225000381469727,12.225000381469727,2152,0.0,0.0
2024-09-19 15:15:00-04:00,12.220000267028809,12.220000267028809,12.210000038146973,12.210000038146973,2043,0.0,0.0
2024-09-19 15:20:00-04:00,12.210000038146973,12.210000038146973,12.199999809265137,12.204999923706055,3435,0.0,0.0
2024-09-19 15:25:00-04:00,12.199999809265137,12.204999923706055,12.199999809265137,12.204999923706055,2220,0.0,0.0
2024-09-19 15:30:00-04:00,12.210000038146973,12.220000267028809,12.20989990234375,12.210000038146973,4422,0.0,0.0
2024-09-19 15:35:00-04:00,12.204999923706055,12.220000267028809,12.202500343322754,12.210000038146973,3545,0.0,0.0
2024-09-19 15:40:00-04:00,12.209799766540527,12.234999656677246,12.209799766540527,12.21500015258789,14068,0.0,0.0
2024-09-19 15:45:00-04:00,12.21500015258789,12.220000267028809,12.210000038146973,12.210000038146973,3897,0.0,0.0
2024-09-19 15:50:00-04:00,12.21500015258789,12.21500015258789,12.199999809265137,12.210000038146973,7194,0.0,0.0
2024-09-19 15:55:00-04:00,12.210000038146973,12.25,12.204999923706055,12.25,31161,0.0,0.0
2024-09-20 09:30:00-04:00,12.15999984741211,12.15999984741211,12.130000114440918,12.140000343322754,131873,0.0,0.0
2024-09-20 09:35:00-04:00,12.109999656677246,12.109999656677246,12.109999656677246,12.109999656677246,185,0.0,0.0
2024-09-20 09:40:00-04:00,12.109999656677246,12.170000076293945,12.104999542236328,12.170000076293945,5690,0.0,0.0
2024-09-20 09:45:00-04:00,12.180000305175781,12.180000305175781,12.15999984741211,12.15999984741211,441,0.0,0.0
2024-09-20 09:50:00-04:00,12.164999961853027,12.164999961853027,12.164999961853027,12.164999961853027,6263,0.0,0.0
2024-09-20 09:55:00-04:00,12.164999961853027,12.17710018157959,12.154563903808594,12.154563903808594,7523,0.0,0.0
2024-09-20 10:00:00-04:00,12.15999984741211,12.15999984741211,12.140000343322754,12.145000457763672,3548,0.0,0.0
2024-09-20 10:05:00-04:00,12.145000457763672,12.149999618530273,12.119999885559082,12.119999885559082,5071,0.0,0.0
2024-09-20 10:10:00-04:00,12.109999656677246,12.140000343322754,12.109999656677246,12.140000343322754,1362,0.0,0.0
2024-09-20 10:15:00-04:00,12.140000343322754,12.149999618530273,12.135000228881836,12.149999618530273,1117,0.0,0.0
2024-09-20 10:20:00-04:00,12.150699615478516,12.15999984741211,12.135000228881836,12.135000228881836,4354,0.0,0.0
2024-09-20 10:25:00-04:00,12.140000343322754,12.140000343322754,12.140000343322754,12.140000343322754,368,0.0,0.0
2024-09-20 10:30:00-04:00,12.130000114440918,12.130000114440918,12.104999542236328,12.104999542236328,3066,0.0,0.0
2024-09-20 10:35:00-04:00,12.100000381469727,12.104999542236328,12.095000267028809,12.104999542236328,3110,0.0,0.0
2024-09-20 10:40:00-04:00,12.100000381469727,12.100000381469727,12.095000267028809,12.095000267028809,3040,0.0,0.0
2024-09-20 10:45:00-04:00,12.095000267028809,12.100000381469727,12.079999923706055,12.079999923706055,8268,0.0,0.0
2024-09-20 10:50:00-04:00,12.085000038146973,12.109999656677246,12.085000038146973,12.104999542236328,4800,0.0,0.0
2024-09-20 10:55:00-04:00,12.104999542236328,12.135000228881836,12.104999542236328,12.130000114440918,6237,0.0,0.0
2024-09-20 11:00:00-04:00,12.119999885559082,12.119999885559082,12.109999656677246,12.119799613952637,2510,0.0,0.0
2024-09-20 11:05:00-04:00,12.114999771118164,12.140000343322754,12.114999771118164,12.140000343322754,1203,0.0,0.0
2024-09-20 11:10:00-04:00,12.130000114440918,12.130000114440918,12.104999542236328,12.114999771118164,3302,0.0,0.0
2024-09-20 11:15:00-04:00,12.109999656677246,12.109999656677246,12.095000267028809,12.100000381469727,2366,0.0,0.0
2024-09-20 11:20:00-04:00,12.104999542236328,12.109999656677246,12.09000015258789,12.095000267028809,2905,0.0,0.0
2024-09-20 11:25:00-04:00,12.104999542236328,12.104999542236328,12.09000015258789,12.09000015258789,812,0.0,0.0
2024-09-20 11:30:00-04:00,12.079999923706055,12.079999923706055,12.045000076293945,12.050000190734863,7714,0.0,0.0
2024-09-20 11:35:00-04:00,12.055000305175781,12.0600004196167,12.045000076293945,12.0600004196167,5608,0.0,0.0
2024-09-20 11:40:00-04:00,12.055000305175781,12.0649995803833,12.055000305175781,12.0649995803833,3874,0.0,0.0
2024-09-20 11:45:00-04:00,12.0649995803833,12.09000015258789,12.064000129699707,12.069999694824219,3978,0.0,0.0
2024-09-20 11:50:00-04:00,12.0600004196167,12.0600004196167,12.039999961853027,12.04990005493164,1322,0.0,0.0
2024-09-20 11:55:00-04:00,12.050000190734863,12.050000190734863,12.050000190734863,12.050000190734863,1823,0.0,0.0
2024-09-20 12:00:00-04:00,12.039999961853027,12.039999961853027,12.020000457763672,12.020000457763672,1115,0.0,0.0
2024-09-20 12:05:00-04:00,12.020000457763672,12.029999732971191,12.020000457763672,12.029999732971191,2702,0.0,0.0
2024-09-20 12:10:00-04:00,12.024999618530273,12.024999618530273,12.010000228881836,12.010000228881836,1694,0.0,0.0
2024-09-20 12:15:00-04:00,12.010000228881836,12.015000343322754,12.010000228881836,12.015000343322754,1540,0.0,0.0
2024-09-20 12:20:00-04:00,12.015000343322754,12.020000457763672,12.010000228881836,12.015000343322754,6530,0.0,0.0
2024-09-20 12:25:00-04:00,12.015000343322754,12.01990032196045,12.005000114440918,12.005000114440918,5289,0.0,0.0
2024-09-20 12:30:00-04:00,12.005000114440918,12.010000228881836,12.005000114440918,12.005000114440918,4088,0.0,0.0
2024-09-20 12:35:00-04:00,12.0,12.0,11.98009967803955,11.984999656677246,2522,0.0,0.0
2024-09-20 12:40:00-04:00,11.984999656677246,11.989999771118164,11.979999542236328,11.98169994354248,4484,0.0,0.0
2024-09-20 12:45:00-04:00,11.984999656677246,11.984999656677246,11.96500015258789,11.984999656677246,8474,0.0,0.0
2024-09-20 12:50:00-04:00,11.984999656677246,11.999199867248535,11.984999656677246,11.994999885559082,3678,0.0,0.0
2024-09-20 12:55:00-04:00,11.994999885559082,11.994999885559082,11.970000267028809,11.970000267028809,4308,0.0,0.0
2024-09-20 13:00:00-04:00,11.970000267028809,11.975000381469727,11.954999923706055,11.975000381469727,4428,0.0,0.0
2024-09-20 13:05:00-04:00,11.975000381469727,11.984999656677246,11.971099853515625,11.984999656677246,2676,0.0,0.0
2024-09-20 13:10:00-04:00,11.984999656677246,11.994999885559082,11.984999656677246,11.984999656677246,7281,0.0,0.0
2024-09-20 13:15:00-04:00,11.984999656677246,11.984999656677246,11.979999542236328,11.979999542236328,1897,0.0,0.0
2024-09-20 13:20:00-04:00,11.984999656677246,11.984999656677246,11.979999542236328,11.979999542236328,1251,0.0,0.0
2024-09-20 13:25:00-04:00,11.984999656677246,11.984999656677246,11.960000038146973,11.960000038146973,3219,0.0,0.0
2024-09-20 13:30:00-04:00,11.970000267028809,11.975000381469727,11.970000267028809,11.975000381469727,1073,0.0,0.0
2024-09-20 13:35:00-04:00,11.979999542236328,11.984999656677246,11.979999542236328,11.979999542236328,1239,0.0,0.0
2024-09-20 13:40:00-04:00,11.984999656677246,11.984999656677246,11.984999656677246,11.984999656677246,554,0.0,0.0
2024-09-20 13:45:00-04:00,11.979999542236328,11.979999542236328,11.975000381469727,11.975000381469727,1097,0.0,0.0
2024-09-20 13:50:00-04:00,11.970000267028809,11.975000381469727,11.970000267028809,11.975000381469727,589,0.0,0.0
2024-09-20 13:55:00-04:00,11.970000267028809,11.970000267028809,11.954999923706055,11.954999923706055,1426,0.0,0.0
2024-09-20 14:00:00-04:00,11.949999809265137,11.949999809265137,11.9399995803833,11.9399995803833,1745,0.0,0.0
2024-09-20 14:05:00-04:00,11.944999694824219,11.949199676513672,11.944999694824219,11.944999694824219,982,0.0,0.0
2024-09-20 14:10:00-04:00,11.944999694824219,11.949999809265137,11.9399995803833,11.949999809265137,2579,0.0,0.0
2024-09-20 14:20:00-04:00,11.944999694824219,11.944999694824219,11.944999694824219,11.944999694824219,846,0.0,0.0
2024-09-20 14:25:00-04:00,11.9399995803833,11.9399995803833,11.9399995803833,11.9399995803833,995,0.0,0.0
2024-09-20 14:30:00-04:00,11.930000305175781,11.930000305175781,11.90999984741211,11.925000190734863,3575,0.0,0.0
2024-09-20 14:35:00-04:00,11.925000190734863,11.9350004196167,11.925000190734863,11.9350004196167,837,0.0,0.0
2024-09-20 14:40:00-04:00,11.9350004196167,11.9350004196167,11.930000305175781,11.9350004196167,1228,0.0,0.0
2024-09-20 14:45:00-04:00,11.9399995803833,11.944999694824219,11.9399995803833,11.9399995803833,1835,0.0,0.0
2024-09-20 14:50:00-04:00,11.9399995803833,11.949999809265137,11.9399995803833,11.944999694824219,2270,0.0,0.0
2024-09-20 14:55:00-04:00,11.9399995803833,11.9399995803833,11.9350004196167,11.9350004196167,1224,0.0,0.0
2024-09-20 15:00:00-04:00,11.93910026550293,11.9399995803833,11.9350004196167,11.9350004196167,1989,0.0,0.0
2024-09-20 15:05:00-04:00,11.9399995803833,11.944999694824219,11.9399995803833,11.9399995803833,2700,0.0,0.0
2024-09-20 15:10:00-04:00,11.9350004196167,11.9350004196167,11.925000190734863,11.925000190734863,3738,0.0,0.0
2024-09-20 15:15:00-04:00,11.925000190734863,11.925000190734863,11.890000343322754,11.890000343322754,7701,0.0,0.0
2024-09-20 15:20:00-04:00,11.890000343322754,11.914999961853027,11.890000343322754,11.899999618530273,10601,0.0,0.0
2024-09-20 15:25:00-04:00,11.90999984741211,11.920000076293945,11.90999984741211,11.90999984741211,3388,0.0,0.0
2024-09-20 15:30:00-04:00,11.904999732971191,11.914999961853027,11.899999618530273,11.90999984741211,6063,0.0,0.0
2024-09-20 15:35:00-04:00,11.90999984741211,11.925000190734863,11.899999618530273,11.90999984741211,7842,0.0,0.0
2024-09-20 15:40:00-04:00,11.899999618530273,11.920000076293945,11.899999618530273,11.920000076293945,6263,0.0,0.0
2024-09-20 15:45:00-04:00,11.920000076293945,11.920000076293945,11.890000343322754,11.895000457763672,11842,0.0,0.0
2024-09-20 15:50:00-04:00,11.890000343322754,11.90999984741211,11.859999656677246,11.864999771118164,37677,0.0,0.0
2024-09-20 15:55:00-04:00,11.869999885559082,11.920000076293945,11.850000381469727,11.920000076293945,58959,0.0,0.0
2024-09-23 09:30:00-04:00,11.979999542236328,12.029999732971191,11.970000267028809,12.020000457763672,13672,0.0,0.0
2024-09-23 09:35:00-04:00,12.010000228881836,12.055000305175781,12.010000228881836,12.043999671936035,5821,0.0,0.0
2024-09-23 09:40:00-04:00,12.050000190734863,12.050000190734863,12.050000190734863,12.050000190734863,500,0.0,0.0
2024-09-23 09:45:00-04:00,12.0600004196167,12.079999923706055,12.0600004196167,12.0600004196167,6721,0.0,0.0
2024-09-23 09:50:00-04:00,12.050000190734863,12.0649995803833,12.050000190734863,12.0600004196167,1665,0.0,0.0
2024-09-23 09:55:00-04:00,12.0600004196167,12.0600004196167,12.0600004196167,12.0600004196167,1208,0.0,0.0
2024-09-23 10:00:00-04:00,12.0649995803833,12.069999694824219,12.0600004196167,12.0600004196167,2831,0.0,0.0
2024-09-23 10:05:00-04:00,12.050000190734863,12.050000190734863,12.020000457763672,12.029999732971191,2941,0.0,0.0
2024-09-23 10:10:00-04:00,12.03499984741211,12.079999923706055,12.03499984741211,12.079999923706055,10260,0.0,0.0
2024-09-23 10:15:00-04:00,12.069999694824219,12.086999893188477,12.069999694824219,12.086999893188477,1395,0.0,0.0
2024-09-23 10:20:00-04:00,12.09000015258789,12.104999542236328,12.079999923706055,12.079999923706055,1660,0.0,0.0
2024-09-23 10:25:00-04:00,12.069999694824219,12.069999694824219,12.050000190734863,12.050000190734863,2023,0.0,0.0
2024-09-23 10:30:00-04:00,12.055000305175781,12.055000305175781,12.055000305175781,12.055000305175781,582,0.0,0.0
2024-09-23 10:35:00-04:00,12.052000045776367,12.052000045776367,12.032699584960938,12.032699584960938,2289,0.0,0.0
2024-09-23 10:40:00-04:00,12.039999961853027,12.050000190734863,12.039999961853027,12.050000190734863,3676,0.0,0.0
2024-09-23 10:45:00-04:00,12.04990005493164,12.0649995803833,12.04990005493164,12.0649995803833,3973,0.0,0.0
2024-09-23 10:50:00-04:00,12.0600004196167,12.069999694824219,12.050000190734863,12.050000190734863,1218,0.0,0.0
2024-09-23 10:55:00-04:00,12.0600004196167,12.0600004196167,12.045000076293945,12.050000190734863,7113,0.0,0.0
2024-09-23 11:00:00-04:00,12.050000190734863,12.050000190734863,12.045000076293945,12.050000190734863,754,0.0,0.0
2024-09-23 11:05:00-04:00,12.050000190734863,12.050000190734863,12.029999732971191,12.029999732971191,849,0.0,0.0
2024-09-23 11:10:00-04:00,12.03499984741211,12.03499984741211,12.03499984741211,12.03499984741211,953,0.0,0.0
2024-09-23 11:15:00-04:00,12.038000106811523,12.038000106811523,12.03499984741211,12.03499984741211,2333,0.0,0.0
2024-09-23 11:20:00-04:00,12.029999732971191,12.050000190734863,12.029999732971191,12.039999961853027,2329,0.0,0.0
2024-09-23 11:25:00-04:00,12.039999961853027,12.039999961853027,12.039899826049805,12.039999961853027,1092,0.0,0.0
2024-09-23 11:35:00-04:00,12.050000190734863,12.050000190734863,12.045000076293945,12.045000076293945,1187,0.0,0.0
2024-09-23 11:40:00-04:00,12.050000190734863,12.050000190734863,12.034000396728516,12.03499984741211,2156,0.0,0.0
2024-09-23 11:45:00-04:00,12.029999732971191,12.03499984741211,12.029999732971191,12.03499984741211,2021,0.0,0.0
2024-09-23 11:50:00-04:00,12.039999961853027,12.039999961853027,12.03499984741211,12.039799690246582,1301,0.0,0.0
2024-09-23 11:55:00-04:00,12.029999732971191,12.03499984741211,12.029999732971191,12.029999732971191,771,0.0,0.0
2024-09-23 12:00:00-04:00,12.029999732971191,12.029999732971191,12.029999732971191,12.029999732971191,146,0.0,0.0
2024-09-23 12:05:00-04:00,12.03499984741211,12.039999961853027,12.03499984741211,12.03499984741211,2814,0.0,0.0
2024-09-23 12:10:00-04:00,12.03499984741211,12.039999961853027,12.029999732971191,12.039999961853027,6535,0.0,0.0
2024-09-23 12:15:00-04:00,12.029999732971191,12.039999961853027,12.029999732971191,12.03499984741211,1616,0.0,0.0
2024-09-23 12:20:00-04:00,12.03499984741211,12.03499984741211,12.03499984741211,12.03499984741211,247,0.0,0.0
2024-09-23 12:25:00-04:00,12.029999732971191,12.029999732971191,12.024999618530273,12.024999618530273,1319,0.0,0.0
2024-09-23 12:30:00-04:00,12.024999618530273,12.024999618530273,12.021100044250488,12.024999618530273,1546,0.0,0.0
2024-09-23 12:35:00-04:00,12.024999618530273,12.024999618530273,12.015000343322754,12.020000457763672,1559,0.0,0.0
2024-09-23 12:40:00-04:00,12.015000343322754,12.029999732971191,12.010000228881836,12.024999618530273,32237,0.0,0.0
2024-09-23 12:45:00-04:00,12.020000457763672,12.020000457763672,12.005000114440918,12.010000228881836,2961,0.0,0.0
2024-09-23 12:50:00-04:00,12.015000343322754,12.020000457763672,12.010000228881836,12.020000457763672,1190,0.0,0.0
2024-09-23 12:55:00-04:00,12.020000457763672,12.020000457763672,12.015000343322754,12.015000343322754,1308,0.0,0.0
2024-09-23 13:00:00-04:00,12.010000228881836,12.010000228881836,12.0,12.010000228881836,2860,0.0,0.0
2024-09-23 13:05:00-04:00,12.010000228881836,12.019100189208984,12.009900093078613,12.019000053405762,2697,0.0,0.0
2024-09-23 13:10:00-04:00,12.029999732971191,12.03499984741211,12.029999732971191,12.029999732971191,1266,0.0,0.0
2024-09-23 13:15:00-04:00,12.024999618530273,12.024999618530273,12.020000457763672,12.024999618530273,1117,0.0,0.0
2024-09-23 13:20:00-04:00,12.020000457763672,12.020000457763672,12.010000228881836,12.010000228881836,2846,0.0,0.0
2024-09-23 13:25:00-04:00,12.020000457763672,12.020000457763672,12.020000457763672,12.020000457763672,1400,0.0,0.0
2024-09-23 13:30:00-04:00,12.029999732971191,12.029999732971191,12.029999732971191,12.029999732971191,551,0.0,0.0
2024-09-23 13:35:00-04:00,12.024999618530273,12.029999732971191,12.020000457763672,12.029999732971191,2893,0.0,0.0
2024-09-23 13:40:00-04:00,12.039999961853027,12.045000076293945,12.039999961853027,12.039999961853027,3284,0.0,0.0
2024-09-23 13:45:00-04:00,12.039999961853027,12.039999961853027,12.039999961853027,12.039999961853027,561,0.0,0.0
2024-09-23 13:50:00-04:00,12.041099548339844,12.045000076293945,12.039999961853027,12.039999961853027,2454,0.0,0.0
2024-09-23 13:55:00-04:00,12.039999961853027,12.039999961853027,12.03499984741211,12.03499984741211,996,0.0,0.0
2024-09-23 14:00:00-04:00,12.029999732971191,12.029999732971191,12.029999732971191,12.029999732971191,2397,0.0,0.0
2024-09-23 14:05:00-04:00,12.03499984741211,12.039999961853027,12.03499984741211,12.039999961853027,1784,0.0,0.0
2024-09-23 14:10:00-04:00,12.049500465393066,12.049500465393066,12.045000076293945,12.045000076293945,818,0.0,0.0
2024-09-23 14:15:00-04:00,12.045000076293945,12.050000190734863,12.045000076293945,12.045000076293945,1701,0.0,0.0
2024-09-23 14:20:00-04:00,12.050000190734863,12.055000305175781,12.050000190734863,12.055000305175781,2124,0.0,0.0
2024-09-23 14:25:00-04:00,12.050000190734863,12.0649995803833,12.050000190734863,12.0649995803833,2027,0.0,0.0
2024-09-23 14:30:00-04:00,12.0600004196167,12.0600004196167,12.055000305175781,12.055000305175781,888,0.0,0.0
2024-09-23 14:35:00-04:00,12.055000305175781,12.055000305175781,12.050000190734863,12.050000190734863,2194,0.0,0.0
2024-09-23 14:40:00-04:00,12.050000190734863,12.050000190734863,12.050000190734863,12.050000190734863,1838,0.0,0.0
2024-09-23 14:45:00-04:00,12.0600004196167,12.0600004196167,12.0600004196167,12.0600004196167,1057,0.0,0.0
2024-09-23 14:50:00-04:00,12.055000305175781,12.055000305175781,12.055000305175781,12.055000305175781,1097,0.0,0.0
2024-09-23 14:55:00-04:00,12.0600004196167,12.0600004196167,12.0600004196167,12.0600004196167,425,0.0,0.0
2024-09-23 15:00:00-04:00,12.059100151062012,12.0600004196167,12.050000190734863,12.050000190734863,2288,0.0,0.0
2024-09-23 15:05:00-04:00,12.050000190734863,12.0600004196167,12.050000190734863,12.0600004196167,2567,0.0,0.0
2024-09-23 15:10:00-04:00,12.0600004196167,12.079999923706055,12.0600004196167,12.079999923706055,2130,0.0,0.0
2024-09-23 15:15:00-04:00,12.074999809265137,12.079099655151367,12.074999809265137,12.074999809265137,2467,0.0,0.0
2024-09-23 15:20:00-04:00,12.069999694824219,12.069999694824219,12.0649995803833,12.0649995803833,2460,0.0,0.0
2024-09-23 15:25:00-04:00,12.0649995803833,12.0649995803833,12.0600004196167,12.0600004196167,777,0.0,0.0
2024-09-23 15:30:00-04:00,12.0649995803833,12.079999923706055,12.061800003051758,12.079999923706055,6008,0.0,0.0
2024-09-23 15:35:00-04:00,12.079999923706055,12.100000381469727,12.079999923706055,12.09000015258789,3106,0.0,0.0
2024-09-23 15:40:00-04:00,12.09000015258789,12.095000267028809,12.085000038146973,12.095000267028809,5121,0.0,0.0
2024-09-23 15:45:00-04:00,12.095000267028809,12.104999542236328,12.085000038146973,12.09000015258789,6769,0.0,0.0
2024-09-23 15:50:00-04:00,12.09000015258789,12.09000015258789,12.0600004196167,12.0600004196167,11074,0.0,0.0
2024-09-23 15:55:00-04:00,12.0649995803833,12.069999694824219,12.039999961853027,12.039999961853027,34673,0.0,0.0
2024-09-24 09:30:00-04:00,12.050000190734863,12.050000190734863,12.050000190734863,12.050000190734863,6125,0.0,0.0
2024-09-24 09:35:00-04:00,12.0600004196167,12.0600004196167,12.0600004196167,12.0600004196167,214,0.0,0.0
2024-09-24 09:40:00-04:00,12.050000190734863,12.050000190734863,12.036652565002441,12.050000190734863,3160,0.0,0.0
2024-09-24 09:45:00-04:00,12.069899559020996,12.069899559020996,12.069899559020996,12.069899559020996,355,0.0,0.0
2024-09-24 09:50:00-04:00,12.063599586486816,12.063599586486816,12.0600004196167,12.0600004196167,2072,0.0,0.0
2024-09-24 09:55:00-04:00,12.069999694824219,12.069999694824219,12.069999694824219,12.069999694824219,221,0.0,0.0
2024-09-24 10:00:00-04:00,12.069999694824219,12.095000267028809,12.069999694824219,12.09000015258789,2345,0.0,0.0
2024-09-24 10:05:00-04:00,12.09000015258789,12.09000015258789,12.079999923706055,12.09000015258789,1056,0.0,0.0
2024-09-24 10:10:00-04:00,12.09000015258789,12.09000015258789,12.085000038146973,12.085000038146973,1168,0.0,0.0
2024-09-24 10:20:00-04:00,12.09000015258789,12.100000381469727,12.085000038146973,12.100000381469727,1565,0.0,0.0
2024-09-24 10:25:00-04:00,12.09000015258789,12.09000015258789,12.079999923706055,12.079999923706055,1254,0.0,0.0
2024-09-24 10:35:00-04:00,12.069999694824219,12.09000015258789,12.069999694824219,12.09000015258789,2318,0.0,0.0
2024-09-24 10:40:00-04:00,12.09000015258789,12.109800338745117,12.09000015258789,12.100000381469727,907,0.0,0.0
2024-09-24 10:45:00-04:00,12.100000381469727,12.129799842834473,12.100000381469727,12.125,5361,0.0,0.0
2024-09-24 10:50:00-04:00,12.128999710083008,12.130000114440918,12.119999885559082,12.125,4749,0.0,0.0
2024-09-24 10:55:00-04:00,12.140000343322754,12.140000343322754,12.130000114440918,12.130000114440918,2546,0.0,0.0
2024-09-24 11:00:00-04:00,12.125,12.125,12.11520004272461,12.11520004272461,3755,0.0,0.0
2024-09-24 11:05:00-04:00,12.119999885559082,12.130000114440918,12.119999885559082,12.130000114440918,1263,0.0,0.0
2024-09-24 11:10:00-04:00,12.140000343322754,12.149999618530273,12.140000343322754,12.140000343322754,2306,0.0,0.0
2024-09-24 11:15:00-04:00,12.149999618530273,12.149999618530273,12.149999618530273,12.149999618530273,445,0.0,0.0
2024-09-24 11:20:00-04:00,12.154999732971191,12.154999732971191,12.154999732971191,12.154999732971191,381,0.0,0.0
2024-09-24 11:25:00-04:00,12.159000396728516,12.159000396728516,12.149999618530273,12.149999618530273,311,0.0,0.0
2024-09-24 11:30:00-04:00,12.150699615478516,12.154999732971191,12.149999618530273,12.149999618530273,1575,0.0,0.0
2024-09-24 11:35:00-04:00,12.135000228881836,12.149900436401367,12.119999885559082,12.149900436401367,3841,0.0,0.0
2024-09-24 11:40:00-04:00,12.149999618530273,12.149999618530273,12.140000343322754,12.140000343322754,1295,0.0,0.0
2024-09-24 11:45:00-04:00,12.130000114440918,12.140000343322754,12.130000114440918,12.130000114440918,2674,0.0,0.0
2024-09-24 11:50:00-04:00,12.130000114440918,12.140000343322754,12.130000114440918,12.140000343322754,1015,0.0,0.0
2024-09-24 11:55:00-04:00,12.140000343322754,12.140000343322754,12.135000228881836,12.135000228881836,2796,0.0,0.0
2024-09-24 12:00:00-04:00,12.140000343322754,12.140000343322754,12.135000228881836,12.140000343322754,494,0.0,0.0
2024-09-24 12:05:00-04:00,12.166000366210938,12.170000076293945,12.166000366210938,12.170000076293945,6662,0.0,0.0
2024-09-24 12:10:00-04:00,12.176199913024902,12.1899995803833,12.176199913024902,12.1899995803833,1879,0.0,0.0
2024-09-24 12:15:00-04:00,12.1899995803833,12.1899995803833,12.1899995803833,12.1899995803833,1139,0.0,0.0
2024-09-24 12:20:00-04:00,12.199999809265137,12.199999809265137,12.194999694824219,12.194999694824219,1859,0.0,0.0
2024-09-24 12:25:00-04:00,12.199999809265137,12.20300006866455,12.199999809265137,12.20300006866455,797,0.0,0.0
2024-09-24 12:30:00-04:00,12.199999809265137,12.199999809265137,12.199999809265137,12.199999809265137,761,0.0,0.0
2024-09-24 12:35:00-04:00,12.210000038146973,12.21500015258789,12.210000038146973,12.211600303649902,719,0.0,0.0
2024-09-24 12:40:00-04:00,12.204999923706055,12.204999923706055,12.204999923706055,12.204999923706055,175,0.0,0.0
2024-09-24 12:50:00-04:00,12.210000038146973,12.220000267028809,12.210000038146973,12.220000267028809,666,0.0,0.0
2024-09-24 12:55:00-04:00,12.21500015258789,12.21500015258789,12.21500015258789,12.21500015258789,260,0.0,0.0
2024-09-24 13:00:00-04:00,12.220000267028809,12.234999656677246,12.220000267028809,12.234999656677246,1558,0.0,0.0
2024-09-24 13:05:00-04:00,12.225000381469727,12.229999542236328,12.225000381469727,12.229999542236328,4443,0.0,0.0
2024-09-24 13:15:00-04:00,12.229999542236328,12.229999542236328,12.229999542236328,12.229999542236328,308,0.0,0.0
2024-09-24 13:20:00-04:00,12.220100402832031,12.227499961853027,12.220100402832031,12.227499961853027,2795,0.0,0.0
2024-09-24 13:25:00-04:00,12.229999542236328,12.239999771118164,12.229999542236328,12.239999771118164,1152,0.0,0.0
2024-09-24 13:30:00-04:00,12.234999656677246,12.25,12.234999656677246,12.25,4942,0.0,0.0
2024-09-24 13:35:00-04:00,12.244999885559082,12.244999885559082,12.239999771118164,12.239999771118164,779,0.0,0.0
2024-09-24 13:40:00-04:00,12.239999771118164,12.239999771118164,12.234999656677246,12.234999656677246,441,0.0,0.0
2024-09-24 13:45:00-04:00,12.229999542236328,12.234999656677246,12.229999542236328,12.234999656677246,2940,0.0,0.0
2024-09-24 13:50:00-04:00,12.234999656677246,12.234999656677246,12.229999542236328,12.229999542236328,460,0.0,0.0
2024-09-24 13:55:00-04:00,12.234999656677246,12.239999771118164,12.229999542236328,12.234000205993652,1366,0.0,0.0
2024-09-24 14:00:00-04:00,12.234999656677246,12.25,12.234999656677246,12.25,2318,0.0,0.0
2024-09-24 14:05:00-04:00,12.25,12.25,12.239999771118164,12.239999771118164,3508,0.0,0.0
2024-09-24 14:10:00-04:00,12.234999656677246,12.234999656677246,12.234999656677246,12.234999656677246,140,0.0,0.0
2024-09-24 14:15:00-04:00,12.229999542236328,12.229999542236328,12.220000267028809,12.229999542236328,2069,0.0,0.0
2024-09-24 14:20:00-04:00,12.224599838256836,12.225000381469727,12.218000411987305,12.225000381469727,2317,0.0,0.0
2024-09-24 14:25:00-04:00,12.225000381469727,12.225000381469727,12.225000381469727,12.225000381469727,412,0.0,0.0
2024-09-24 14:30:00-04:00,12.220000267028809,12.220000267028809,12.21500015258789,12.219900131225586,1536,0.0,0.0
2024-09-24 14:35:00-04:00,12.220000267028809,12.225000381469727,12.220000267028809,12.225000381469727,1828,0.0,0.0
2024-09-24 14:40:00-04:00,12.225000381469727,12.234999656677246,12.225000381469727,12.229999542236328,4537,0.0,0.0
2024-09-24 14:45:00-04:00,12.225000381469727,12.225000381469727,12.21500015258789,12.21500015258789,953,0.0,0.0
2024-09-24 14:50:00-04:00,12.210000038146973,12.210000038146973,12.199999809265137,12.199999809265137,2324,0.0,0.0
2024-09-24 14:55:00-04:00,12.199999809265137,12.199999809265137,12.199999809265137,12.199999809265137,382,0.0,0.0
2024-09-24 15:00:00-04:00,12.199999809265137,12.199999809265137,12.194999694824219,12.199999809265137,3968,0.0,0.0
2024-09-24 15:05:00-04:00,12.199999809265137,12.204999923706055,12.199999809265137,12.204999923706055,2629,0.0,0.0
2024-09-24 15:10:00-04:00,12.20009994506836,12.204999923706055,12.20009994506836,12.204999923706055,657,0.0,0.0
2024-09-24 15:15:00-04:00,12.210000038146973,12.215499877929688,12.210000038146973,12.215499877929688,1650,0.0,0.0
2024-09-24 15:20:00-04:00,12.21500015258789,12.21500015258789,12.199999809265137,12.210000038146973,6576,0.0,0.0
2024-09-24 15:25:00-04:00,12.220000267028809,12.229999542236328,12.220000267028809,12.229999542236328,1313,0.0,0.0
2024-09-24 15:30:00-04:00,12.23900032043457,12.23900032043457,12.229999542236328,12.234999656677246,4022,0.0,0.0
2024-09-24 15:35:00-04:00,12.229999542236328,12.229999542236328,12.220000267028809,12.220000267028809,1341,0.0,0.0
2024-09-24 15:40:00-04:00,12.220000267028809,12.225000381469727,12.21500015258789,12.225000381469727,3029,0.0,0.0
2024-09-24 15:45:00-04:00,12.225000381469727,12.229999542236328,12.225000381469727,12.225000381469727,935,0.0,0.0
2024-09-24 15:50:00-04:00,12.220000267028809,12.229999542236328,12.21500015258789,12.225000381469727,9365,0.0,0.0
2024-09-24 15:55:00-04:00,12.220000267028809,12.225000381469727,12.204999923706055,12.21500015258789,21700,0.0,0.0
2024-09-25 09:30:00-04:00,11.970000267028809,11.970000267028809,11.800000190734863,11.968700408935547,31689,0.0,0.0
2024-09-25 09:35:00-04:00,11.950799942016602,11.970000267028809,11.9350004196167,11.949199676513672,3827,0.0,0.0
2024-09-25 09:40:00-04:00,11.960000038146973,11.989999771118164,11.960000038146973,11.979999542236328,2633,0.0,0.0
2024-09-25 09:45:00-04:00,11.989999771118164,12.0,11.989999771118164,11.989999771118164,2687,0.0,0.0
2024-09-25 09:50:00-04:00,11.990300178527832,11.994999885559082,11.970000267028809,11.970000267028809,1472,0.0,0.0
2024-09-25 09:55:00-04:00,11.975000381469727,11.975000381469727,11.970000267028809,11.970000267028809,633,0.0,0.0
2024-09-25 10:00:00-04:00,11.96500015258789,11.96500015258789,11.949999809265137,11.949999809265137,1239,0.0,0.0
2024-09-25 10:05:00-04:00,11.940999984741211,12.0,11.940999984741211,11.989999771118164,7478,0.0,0.0
2024-09-25 10:10:00-04:00,11.979999542236328,11.979999542236328,11.960000038146973,11.960000038146973,764,0.0,0.0
2024-09-25 10:15:00-04:00,11.96500015258789,11.969900131225586,11.96500015258789,11.969900131225586,445,0.0,0.0
2024-09-25 10:20:00-04:00,11.96500015258789,11.970000267028809,11.960200309753418,11.96500015258789,2127,0.0,0.0
2024-09-25 10:25:00-04:00,11.960000038146973,11.96500015258789,11.949999809265137,11.96500015258789,3043,0.0,0.0
2024-09-25 10:30:00-04:00,11.96500015258789,11.975000381469727,11.96500015258789,11.975000381469727,1478,0.0,0.0
2024-09-25 10:35:00-04:00,11.96500015258789,11.970000267028809,11.96090030670166,11.970000267028809,1329,0.0,0.0
2024-09-25 10:40:00-04:00,11.979999542236328,11.979999542236328,11.970000267028809,11.970000267028809,1262,0.0,0.0
2024-09-25 10:45:00-04:00,11.970000267028809,11.979299545288086,11.96500015258789,11.975000381469727,2054,0.0,0.0
2024-09-25 10:50:00-04:00,11.979999542236328,12.010000228881836,11.979999542236328,12.010000228881836,2946,0.0,0.0
2024-09-25 10:55:00-04:00,12.010000228881836,12.015000343322754,12.0,12.005000114440918,6384,0.0,0.0
2024-09-25 11:00:00-04:00,12.010000228881836,12.015000343322754,12.010000228881836,12.015000343322754,1089,0.0,0.0
2024-09-25 11:05:00-04:00,12.010000228881836,12.010000228881836,11.994999885559082,11.994999885559082,2148,0.0,0.0
2024-09-25 11:10:00-04:00,11.989999771118164,11.989999771118164,11.984999656677246,11.989999771118164,2164,0.0,0.0
2024-09-25 11:15:00-04:00,11.989999771118164,11.989999771118164,11.975000381469727,11.984999656677246,2368,0.0,0.0
2024-09-25 11:20:00-04:00,11.979999542236328,11.979999542236328,11.975000381469727,11.975000381469727,2066,0.0,0.0
2024-09-25 11:25:00-04:00,11.970000267028809,11.979999542236328,11.970000267028809,11.979999542236328,632,0.0,0.0
2024-09-25 11:30:00-04:00,11.975000381469727,11.975000381469727,11.975000381469727,11.975000381469727,1224,0.0,0.0
2024-09-25 11:35:00-04:00,11.975000381469727,11.979999542236328,11.975000381469727,11.975000381469727,1313,0.0,0.0
2024-09-25 11:40:00-04:00,11.970000267028809,11.975000381469727,11.970000267028809,11.975000381469727,642,0.0,0.0
2024-09-25 11:45:00-04:00,11.975000381469727,11.984999656677246,11.970000267028809,11.984999656677246,3002,0.0,0.0
2024-09-25 11:50:00-04:00,11.984999656677246,11.984999656677246,11.975000381469727,11.979999542236328,3066,0.0,0.0
2024-09-25 11:55:00-04:00,11.979999542236328,11.979999542236328,11.979999542236328,11.979999542236328,100,0.0,0.0
2024-09-25 12:00:00-04:00,11.987500190734863,11.987500190734863,11.979999542236328,11.979999542236328,1208,0.0,0.0
2024-09-25 12:05:00-04:00,11.979999542236328,11.979999542236328,11.975000381469727,11.975000381469727,616,0.0,0.0
2024-09-25 12:10:00-04:00,11.975000381469727,11.975000381469727,11.975000381469727,11.975000381469727,1463,0.0,0.0
2024-09-25 12:15:00-04:00,11.970000267028809,11.979900360107422,11.970000267028809,11.975000381469727,2538,0.0,0.0
2024-09-25 12:20:00-04:00,11.970000267028809,11.970000267028809,11.9399995803833,11.9399995803833,1358,0.0,0.0
2024-09-25 12:25:00-04:00,11.9399995803833,11.944999694824219,11.9399995803833,11.944999694824219,2119,0.0,0.0
2024-09-25 12:30:00-04:00,11.9350004196167,11.9399995803833,11.925000190734863,11.925000190734863,3433,0.0,0.0
2024-09-25 12:35:00-04:00,11.925000190734863,11.930000305175781,11.925000190734863,11.930000305175781,3210,0.0,0.0
2024-09-25 12:40:00-04:00,11.920000076293945,11.920000076293945,11.920000076293945,11.920000076293945,1285,0.0,0.0
2024-09-25 12:45:00-04:00,11.914999961853027,11.914999961853027,11.90999984741211,11.914999961853027,304,0.0,0.0
2024-09-25 12:50:00-04:00,11.90999984741211,11.927499771118164,11.90999984741211,11.927499771118164,1791,0.0,0.0
2024-09-25 12:55:00-04:00,11.920000076293945,11.920000076293945,11.914999961853027,11.914999961853027,1897,0.0,0.0
2024-09-25 13:00:00-04:00,11.90999984741211,11.90999984741211,11.904999732971191,11.904999732971191,1169,0.0,0.0
2024-09-25 13:05:00-04:00,11.904999732971191,11.904999732971191,11.895000457763672,11.895000457763672,2088,0.0,0.0
2024-09-25 13:10:00-04:00,11.895000457763672,11.904999732971191,11.895000457763672,11.899999618530273,2086,0.0,0.0
2024-09-25 13:15:00-04:00,11.899999618530273,11.899999618530273,11.895000457763672,11.895000457763672,1406,0.0,0.0
2024-09-25 13:20:00-04:00,11.890000343322754,11.890000343322754,11.885000228881836,11.885000228881836,725,0.0,0.0
2024-09-25 13:25:00-04:00,11.880000114440918,11.880000114440918,11.869999885559082,11.869999885559082,2174,0.0,0.0
2024-09-25 13:30:00-04:00,11.859999656677246,11.859999656677246,11.845000267028809,11.850000381469727,5580,0.0,0.0
2024-09-25 13:35:00-04:00,11.84000015258789,11.850000381469727,11.84000015258789,11.850000381469727,4648,0.0,0.0
2024-09-25 13:40:00-04:00,11.850000381469727,11.850000381469727,11.835000038146973,11.84000015258789,1007,0.0,0.0
2024-09-25 13:45:00-04:00,11.845000267028809,11.850000381469727,11.845000267028809,11.850000381469727,1609,0.0,0.0
2024-09-25 13:55:00-04:00,11.869999885559082,11.87909984588623,11.869999885559082,11.873700141906738,4159,0.0,0.0
2024-09-25 14:05:00-04:00,11.875,11.875,11.869999885559082,11.870100021362305,1680,0.0,0.0
2024-09-25 14:10:00-04:00,11.875,11.875,11.875,11.875,103,0.0,0.0
2024-09-25 14:15:00-04:00,11.869999885559082,11.889900207519531,11.869999885559082,11.880000114440918,4191,0.0,0.0
2024-09-25 14:20:00-04:00,11.883600234985352,11.88700008392334,11.883600234985352,11.88700008392334,1496,0.0,0.0
2024-09-25 14:25:00-04:00,11.890000343322754,11.895000457763672,11.887499809265137,11.887499809265137,1532,0.0,0.0
2024-09-25 14:30:00-04:00,11.895000457763672,11.899999618530273,11.890000343322754,11.895000457763672,942,0.0,0.0
2024-09-25 14:35:00-04:00,11.899999618530273,11.90999984741211,11.899999618530273,11.90999984741211,3146,0.0,0.0
2024-09-25 14:40:00-04:00,11.899999618530273,11.899999618530273,11.899999618530273,11.899999618530273,1148,0.0,0.0
2024-09-25 14:45:00-04:00,11.90999984741211,11.90999984741211,11.904999732971191,11.904999732971191,800,0.0,0.0
2024-09-25 14:50:00-04:00,11.904999732971191,11.904999732971191,11.899999618530273,11.904999732971191,1702,0.0,0.0
2024-09-25 14:55:00-04:00,11.899999618530273,11.899999618530273,11.899999618530273,11.899999618530273,1454,0.0,0.0
2024-09-25 15:00:00-04:00,11.904999732971191,11.90999984741211,11.904999732971191,11.904999732971191,4733,0.0,0.0
2024-09-25 15:05:00-04:00,11.904999732971191,11.904999732971191,11.904999732971191,11.904999732971191,940,0.0,0.0
2024-09-25 15:10:00-04:00,11.899999618530273,11.904999732971191,11.899999618530273,11.904999732971191,1271,0.0,0.0
2024-09-25 15:15:00-04:00,11.904999732971191,11.920000076293945,11.904999732971191,11.920000076293945,3080,0.0,0.0
2024-09-25 15:20:00-04:00,11.914999961853027,11.918999671936035,11.904999732971191,11.904999732971191,1146,0.0,0.0
2024-09-25 15:25:00-04:00,11.904999732971191,11.904999732971191,11.904999732971191,11.904999732971191,621,0.0,0.0
2024-09-25 15:30:00-04:00,11.899999618530273,11.904999732971191,11.880000114440918,11.885000228881836,2896,0.0,0.0
2024-09-25 15:35:00-04:00,11.880000114440918,11.880000114440918,11.850000381469727,11.850000381469727,3099,0.0,0.0
2024-09-25 15:40:00-04:00,11.845000267028809,11.859999656677246,11.84000015258789,11.859999656677246,6557,0.0,0.0
2024-09-25 15:45:00-04:00,11.864999771118164,11.864999771118164,11.850000381469727,11.850000381469727,3753,0.0,0.0
2024-09-25 15:50:00-04:00,11.854999542236328,11.859999656677246,11.850000381469727,11.85890007019043,7372,0.0,0.0
2024-09-25 15:55:00-04:00,11.859999656677246,11.869999885559082,11.850000381469727,11.869999885559082,31092,0.0,0.0
2024-09-26 09:30:00-04:00,10.960000038146973,11.140000343322754,10.899999618530273,11.0649995803833,549293,0.0,0.0
2024-09-26 09:35:00-04:00,11.050000190734863,11.140000343322754,10.960000038146973,11.09000015258789,259079,0.0,0.0
2024-09-26 09:40:00-04:00,11.095000267028809,11.140000343322754,11.074999809265137,11.083200454711914,109067,0.0,0.0
2024-09-26 09:45:00-04:00,11.079999923706055,11.100000381469727,11.0,11.020000457763672,103255,0.0,0.0
2024-09-26 09:50:00-04:00,11.020000457763672,11.0600004196167,10.970000267028809,11.029999732971191,77170,0.0,0.0
2024-09-26 09:55:00-04:00,11.039999961853027,11.045000076293945,10.979999542236328,10.989999771118164,39979,0.0,0.0
2024-09-26 10:00:00-04:00,11.024999618530273,11.069999694824219,11.0,11.039999961853027,69676,0.0,0.0
2024-09-26 10:05:00-04:00,11.029999732971191,11.069999694824219,11.015000343322754,11.020000457763672,52757,0.0,0.0
2024-09-26 10:10:00-04:00,11.015000343322754,11.015000343322754,10.979999542236328,10.989999771118164,66650,0.0,0.0
2024-09-26 10:15:00-04:00,11.0,11.005000114440918,10.970000267028809,10.989999771118164,40802,0.0,0.0
2024-09-26 10:20:00-04:00,10.989999771118164,11.0,10.982500076293945,11.0,29789,0.0,0.0
2024-09-26 10:25:00-04:00,11.0,11.005000114440918,10.970000267028809,10.984999656677246,36187,0.0,0.0
2024-09-26 10:30:00-04:00,10.984999656677246,11.0,10.960000038146973,10.994999885559082,62047,0.0,0.0
2024-09-26 10:35:00-04:00,10.989999771118164,10.989999771118164,10.869999885559082,10.895000457763672,92893,0.0,0.0
2024-09-26 10:40:00-04:00,10.895000457763672,10.909899711608887,10.890000343322754,10.899999618530273,40625,0.0,0.0
2024-09-26 10:45:00-04:00,10.899999618530273,10.90999984741211,10.856300354003906,10.90999984741211,81242,0.0,0.0
2024-09-26 10:50:00-04:00,10.90999984741211,10.930000305175781,10.899999618530273,10.914999961853027,19352,0.0,0.0
2024-09-26 10:55:00-04:00,10.914999961853027,10.930000305175781,10.861000061035156,10.87399959564209,25949,0.0,0.0
2024-09-26 11:00:00-04:00,10.869999885559082,10.875,10.819999694824219,10.86400032043457,39543,0.0,0.0
2024-09-26 11:05:00-04:00,10.859999656677246,10.899999618530273,10.859999656677246,10.869999885559082,24159,0.0,0.0
2024-09-26 11:10:00-04:00,10.869999885559082,10.890000343322754,10.859999656677246,10.875,25428,0.0,0.0
2024-09-26 11:15:00-04:00,10.869999885559082,10.890000343322754,10.829999923706055,10.869999885559082,61389,0.0,0.0
2024-09-26 11:20:00-04:00,10.869999885559082,10.920000076293945,10.850000381469727,10.875,76663,0.0,0.0
2024-09-26 11:25:00-04:00,10.880000114440918,10.880000114440918,10.8149995803833,10.84000015258789,30279,0.0,0.0
2024-09-26 11:30:00-04:00,10.835000038146973,10.899999618530273,10.835000038146973,10.890000343322754,29349,0.0,0.0
2024-09-26 11:35:00-04:00,10.890000343322754,10.920000076293945,10.880000114440918,10.920000076293945,22045,0.0,0.0
2024-09-26 11:40:00-04:00,10.920000076293945,10.925000190734863,10.899999618530273,10.914999961853027,22731,0.0,0.0
2024-09-26 11:45:00-04:00,10.914999961853027,10.930000305175781,10.90999984741211,10.90999984741211,24842,0.0,0.0
2024-09-26 11:50:00-04:00,10.914999961853027,10.949999809265137,10.90999984741211,10.9399995803833,27625,0.0,0.0
2024-09-26 11:55:00-04:00,10.944999694824219,10.944999694824219,10.895000457763672,10.930000305175781,43745,0.0,0.0
2024-09-26 12:00:00-04:00,10.925000190734863,10.930000305175781,10.904999732971191,10.90999984741211,18580,0.0,0.0
2024-09-26 12:05:00-04:00,10.899999618530273,10.920000076293945,10.885000228881836,10.887999534606934,11330,0.0,0.0
2024-09-26 12:10:00-04:00,10.885000228881836,10.920000076293945,10.880000114440918,10.890000343322754,21478,0.0,0.0
2024-09-26 12:15:00-04:00,10.880000114440918,10.890000343322754,10.869999885559082,10.869999885559082,6685,0.0,0.0
2024-09-26 12:20:00-04:00,10.875,10.890000343322754,10.859999656677246,10.864999771118164,14451,0.0,0.0
2024-09-26 12:25:00-04:00,10.850000381469727,10.869999885559082,10.850000381469727,10.855199813842773,6665,0.0,0.0
2024-09-26 12:30:00-04:00,10.854999542236328,10.890000343322754,10.850000381469727,10.885000228881836,16733,0.0,0.0
2024-09-26 12:35:00-04:00,10.880000114440918,10.899999618530273,10.869999885559082,10.880000114440918,25775,0.0,0.0
2024-09-26 12:40:00-04:00,10.880000114440918,10.899999618530273,10.864999771118164,10.895000457763672,27940,0.0,0.0
2024-09-26 12:45:00-04:00,10.895000457763672,10.904999732971191,10.885199546813965,10.895000457763672,17958,0.0,0.0
2024-09-26 12:50:00-04:00,10.895000457763672,10.899999618530273,10.885000228881836,10.895000457763672,6181,0.0,0.0
2024-09-26 12:55:00-04:00,10.895000457763672,10.895000457763672,10.880000114440918,10.890000343322754,5110,0.0,0.0
2024-09-26 13:00:00-04:00,10.885000228881836,10.895000457763672,10.880000114440918,10.890000343322754,9812,0.0,0.0
2024-09-26 13:05:00-04:00,10.880000114440918,10.899999618530273,10.880000114440918,10.899999618530273,15470,0.0,0.0
2024-09-26 13:10:00-04:00,10.899999618530273,10.930000305175781,10.899999618530273,10.920000076293945,26229,0.0,0.0
2024-09-26 13:15:00-04:00,10.925000190734863,10.928999900817871,10.899999618530273,10.904999732971191,34916,0.0,0.0
2024-09-26 13:20:00-04:00,10.904999732971191,10.920000076293945,10.90250015258789,10.90999984741211,12876,0.0,0.0
2024-09-26 13:25:00-04:00,10.904999732971191,10.904999732971191,10.882499694824219,10.899999618530273,24582,0.0,0.0
2024-09-26 13:30:00-04:00,10.895000457763672,10.899999618530273,10.880000114440918,10.890000343322754,37626,0.0,0.0
2024-09-26 13:35:00-04:00,10.890000343322754,10.895000457763672,10.880000114440918,10.895000457763672,16663,0.0,0.0
2024-09-26 13:40:00-04:00,10.895000457763672,10.895000457763672,10.8725004196167,10.882499694824219,17635,0.0,0.0
2024-09-26 13:45:00-04:00,10.890000343322754,10.904999732971191,10.882499694824219,10.899999618530273,22746,0.0,0.0
2024-09-26 13:50:00-04:00,10.890000343322754,10.90999984741211,10.890000343322754,10.90999984741211,14111,0.0,0.0
2024-09-26 13:55:00-04:00,10.904999732971191,10.90999984741211,10.899999618530273,10.899999618530273,10396,0.0,0.0
2024-09-26 14:00:00-04:00,10.904999732971191,10.904999732971191,10.890000343322754,10.899999618530273,21456,0.0,0.0
2024-09-26 14:05:00-04:00,10.904999732971191,10.909899711608887,10.899999618530273,10.899999618530273,14091,0.0,0.0
2024-09-26 14:10:00-04:00,10.904999732971191,10.90999984741211,10.895000457763672,10.899999618530273,20098,0.0,0.0
2024-09-26 14:15:00-04:00,10.904999732971191,10.90999984741211,10.890000343322754,10.899999618530273,33708,0.0,0.0
2024-09-26 14:20:00-04:00,10.904999732971191,10.904999732971191,10.890000343322754,10.899999618530273,34613,0.0,0.0
2024-09-26 14:25:00-04:00,10.904999732971191,10.90999984741211,10.899999618530273,10.899999618530273,7163,0.0,0.0
2024-09-26 14:30:00-04:00,10.904999732971191,10.90999984741211,10.892499923706055,10.904999732971191,17922,0.0,0.0
2024-09-26 14:35:00-04:00,10.904999732971191,10.90999984741211,10.899999618530273,10.899999618530273,12673,0.0,0.0
2024-09-26 14:40:00-04:00,10.904999732971191,10.90999984741211,10.890000343322754,10.899999618530273,42260,0.0,0.0
2024-09-26 14:45:00-04:00,10.904999732971191,10.904999732971191,10.895000457763672,10.899999618530273,28976,0.0,0.0
2024-09-26 14:50:00-04:00,10.904999732971191,10.904999732971191,10.859999656677246,10.859999656677246,108612,0.0,0.0
2024-09-26 14:55:00-04:00,10.864999771118164,10.880000114440918,10.859999656677246,10.869999885559082,15742,0.0,0.0
2024-09-26 15:00:00-04:00,10.880000114440918,10.895000457763672,10.869999885559082,10.895000457763672,19884,0.0,0.0
2024-09-26 15:05:00-04:00,10.895000457763672,10.895000457763672,10.880000114440918,10.885000228881836,25155,0.0,0.0
2024-09-26 15:10:00-04:00,10.885000228881836,10.895000457763672,10.869999885559082,10.875,20517,0.0,0.0
2024-09-26 15:15:00-04:00,10.880000114440918,10.890000343322754,10.819999694824219,10.824999809265137,71025,0.0,0.0
2024-09-26 15:20:00-04:00,10.824999809265137,10.829999923706055,10.789999961853027,10.795000076293945,30687,0.0,0.0
2024-09-26 15:25:00-04:00,10.795000076293945,10.829999923706055,10.795000076293945,10.829000473022461,29111,0.0,0.0
2024-09-26 15:30:00-04:00,10.819999694824219,10.850000381469727,10.8100004196167,10.819999694824219,30298,0.0,0.0
2024-09-26 15:35:00-04:00,10.8149995803833,10.84000015258789,10.800000190734863,10.824999809265137,43193,0.0,0.0
2024-09-26 15:40:00-04:00,10.829999923706055,10.835000038146973,10.789999961853027,10.795000076293945,54128,0.0,0.0
2024-09-26 15:45:00-04:00,10.795000076293945,10.800000190734863,10.770000457763672,10.770000457763672,42695,0.0,0.0
2024-09-26 15:50:00-04:00,10.774999618530273,10.8100004196167,10.770000457763672,10.805000305175781,65497,0.0,0.0
2024-09-26 15:55:00-04:00,10.805000305175781,10.84000015258789,10.789999961853027,10.789999961853027,126275,0.0,0.0
2024-09-27 09:30:00-04:00,10.930000305175781,10.949999809265137,10.880000114440918,10.885000228881836,31799,0.0,0.0
2024-09-27 09:35:00-04:00,10.890000343322754,10.925000190734863,10.859999656677246,10.864999771118164,12190,0.0,0.0
2024-09-27 09:40:00-04:00,10.864999771118164,10.868000030517578,10.824999809265137,10.824999809265137,4899,0.0,0.0
2024-09-27 09:45:00-04:00,10.819999694824219,10.835000038146973,10.805000305175781,10.824999809265137,10435,0.0,0.0
2024-09-27 09:50:00-04:00,10.829999923706055,10.904000282287598,10.82979965209961,10.882499694824219,11100,0.0,0.0
2024-09-27 09:55:00-04:00,10.890000343322754,10.890000343322754,10.880000114440918,10.889200210571289,3661,0.0,0.0
2024-09-27 10:00:00-04:00,10.890000343322754,10.920000076293945,10.880000114440918,10.885000228881836,14576,0.0,0.0
2024-09-27 10:05:00-04:00,10.890000343322754,10.949999809265137,10.890000343322754,10.944999694824219,11680,0.0,0.0
2024-09-27 10:10:00-04:00,10.944999694824219,10.949999809265137,10.930000305175781,10.9399995803833,4643,0.0,0.0
2024-09-27 10:15:00-04:00,10.9399995803833,10.949999809265137,10.9350004196167,10.9350004196167,3109,0.0,0.0
2024-09-27 10:20:00-04:00,10.9399995803833,10.975000381469727,10.9350004196167,10.975000381469727,11291,0.0,0.0
2024-09-27 10:25:00-04:00,10.975000381469727,10.994999885559082,10.975000381469727,10.975199699401855,6291,0.0,0.0
2024-09-27 10:30:00-04:00,10.975000381469727,10.989999771118164,10.96500015258789,10.984999656677246,9020,0.0,0.0
2024-09-27 10:35:00-04:00,10.984999656677246,10.994999885559082,10.95009994506836,10.954999923706055,13794,0.0,0.0
2024-09-27 10:40:00-04:00,10.951199531555176,10.96500015258789,10.944999694824219,10.949999809265137,6884,0.0,0.0
2024-09-27 10:45:00-04:00,10.949999809265137,10.994999885559082,10.944999694824219,10.989999771118164,22482,0.0,0.0
2024-09-27 10:50:00-04:00,10.994000434875488,10.999500274658203,10.979999542236328,10.994999885559082,24977,0.0,0.0
2024-09-27 10:55:00-04:00,10.989999771118164,11.003999710083008,10.979999542236328,10.994999885559082,34340,0.0,0.0
2024-09-27 11:00:00-04:00,10.994999885559082,11.008899688720703,10.979999542236328,11.005000114440918,33251,0.0,0.0
2024-09-27 11:05:00-04:00,11.010000228881836,11.015000343322754,10.991999626159668,10.994999885559082,34606,0.0,0.0
2024-09-27 11:10:00-04:00,10.989999771118164,11.0,10.979999542236328,10.994999885559082,18113,0.0,0.0
2024-09-27 11:15:00-04:00,10.999500274658203,11.0,10.989999771118164,10.994999885559082,13466,0.0,0.0
2024-09-27 11:20:00-04:00,10.994999885559082,11.00879955291748,10.994999885559082,11.005000114440918,12676,0.0,0.0
2024-09-27 11:25:00-04:00,11.005000114440918,11.005000114440918,10.979999542236328,10.989800453186035,29565,0.0,0.0
2024-09-27 11:30:00-04:00,10.984999656677246,11.010000228881836,10.984999656677246,10.994999885559082,19356,0.0,0.0
2024-09-27 11:35:00-04:00,10.989999771118164,10.994999885559082,10.96500015258789,10.970000267028809,18567,0.0,0.0
2024-09-27 11:40:00-04:00,10.975000381469727,11.0,10.964200019836426,10.989999771118164,19372,0.0,0.0
2024-09-27 11:45:00-04:00,10.994999885559082,11.020000457763672,10.989999771118164,11.005000114440918,20037,0.0,0.0
2024-09-27 11:50:00-04:00,11.010000228881836,11.01990032196045,11.0,11.005000114440918,5632,0.0,0.0
2024-09-27 11:55:00-04:00,11.009900093078613,11.01990032196045,11.003000259399414,11.01990032196045,14716,0.0,0.0
2024-09-27 12:00:00-04:00,11.010000228881836,11.02649974822998,11.005000114440918,11.015000343322754,34608,0.0,0.0
2024-09-27 12:05:00-04:00,11.010000228881836,11.010000228881836,10.989999771118164,10.995100021362305,11365,0.0,0.0
2024-09-27 12:10:00-04:00,10.998000144958496,10.998000144958496,10.984999656677246,10.989999771118164,6263,0.0,0.0
2024-09-27 12:15:00-04:00,10.984999656677246,10.98900032043457,10.96500015258789,10.969200134277344,15239,0.0,0.0
2024-09-27 12:20:00-04:00,10.970000267028809,10.970000267028809,10.960000038146973,10.960000038146973,5685,0.0,0.0
2024-09-27 12:25:00-04:00,10.96500015258789,10.96500015258789,10.9399995803833,10.9399995803833,16222,0.0,0.0
2024-09-27 12:30:00-04:00,10.944999694824219,10.979999542236328,10.944999694824219,10.975000381469727,26797,0.0,0.0
2024-09-27 12:35:00-04:00,10.975000381469727,10.984999656677246,10.975000381469727,10.984999656677246,8824,0.0,0.0
2024-09-27 12:40:00-04:00,10.984999656677246,11.0,10.970000267028809,10.984999656677246,29688,0.0,0.0
2024-09-27 12:45:00-04:00,10.984999656677246,10.989999771118164,10.949999809265137,10.975000381469727,80171,0.0,0.0
2024-09-27 12:50:00-04:00,10.979999542236328,10.994999885559082,10.979999542236328,10.979999542236328,9133,0.0,0.0
2024-09-27 12:55:00-04:00,10.987500190734863,10.989899635314941,10.979999542236328,10.979999542236328,7244,0.0,0.0
2024-09-27 13:00:00-04:00,10.979999542236328,11.0,10.979999542236328,11.0,16521,0.0,0.0
2024-09-27 13:05:00-04:00,10.991299629211426,10.999500274658203,10.989999771118164,10.994999885559082,9123,0.0,0.0
2024-09-27 13:10:00-04:00,10.989999771118164,10.994999885559082,10.984999656677246,10.984999656677246,8676,0.0,0.0
2024-09-27 13:15:00-04:00,10.986200332641602,10.994999885559082,10.984999656677246,10.989999771118164,6361,0.0,0.0
2024-09-27 13:20:00-04:00,10.99269962310791,10.994999885559082,10.984999656677246,10.989999771118164,8680,0.0,0.0
2024-09-27 13:25:00-04:00,10.989999771118164,11.0,10.986599922180176,10.994999885559082,20878,0.0,0.0
2024-09-27 13:30:00-04:00,10.994999885559082,11.0,10.979999542236328,10.979999542236328,9775,0.0,0.0
2024-09-27 13:35:00-04:00,10.989999771118164,11.0,10.985699653625488,10.994999885559082,15054,0.0,0.0
2024-09-27 13:40:00-04:00,10.994999885559082,10.994999885559082,10.984999656677246,10.984999656677246,15171,0.0,0.0
2024-09-27 13:45:00-04:00,10.984999656677246,10.994999885559082,10.984999656677246,10.994999885559082,1877,0.0,0.0
2024-09-27 13:50:00-04:00,10.989999771118164,10.989999771118164,10.984999656677246,10.984999656677246,5128,0.0,0.0
2024-09-27 13:55:00-04:00,10.984999656677246,10.989999771118164,10.979999542236328,10.989999771118164,2275,0.0,0.0
2024-09-27 14:00:00-04:00,10.984999656677246,10.989999771118164,10.979999542236328,10.984999656677246,3208,0.0,0.0
2024-09-27 14:05:00-04:00,10.984999656677246,10.988300323486328,10.975000381469727,10.988300323486328,11135,0.0,0.0
2024-09-27 14:10:00-04:00,10.989999771118164,10.998900413513184,10.979999542236328,10.989999771118164,7849,0.0,0.0
2024-09-27 14:15:00-04:00,10.989999771118164,10.989999771118164,10.984999656677246,10.984999656677246,3803,0.0,0.0
2024-09-27 14:20:00-04:00,10.984999656677246,11.0,10.984999656677246,11.0,7797,0.0,0.0
2024-09-27 14:25:00-04:00,10.989999771118164,10.989999771118164,10.975000381469727,10.975000381469727,4661,0.0,0.0
2024-09-27 14:30:00-04:00,10.979900360107422,10.994999885559082,10.979900360107422,10.993000030517578,14885,0.0,0.0
2024-09-27 14:35:00-04:00,10.994999885559082,10.994999885559082,10.989999771118164,10.994999885559082,5555,0.0,0.0
2024-09-27 14:40:00-04:00,10.994999885559082,10.994999885559082,10.984999656677246,10.984999656677246,7908,0.0,0.0
2024-09-27 14:45:00-04:00,10.989999771118164,11.0,10.979999542236328,10.994999885559082,16450,0.0,0.0
2024-09-27 14:50:00-04:00,11.0,11.0,10.979999542236328,10.984999656677246,12416,0.0,0.0
2024-09-27 14:55:00-04:00,10.989999771118164,11.0,10.989999771118164,10.999899864196777,11477,0.0,0.0
2024-09-27 15:00:00-04:00,10.989999771118164,10.994999885559082,10.979999542236328,10.984999656677246,5572,0.0,0.0
2024-09-27 15:05:00-04:00,10.984999656677246,10.984999656677246,10.975000381469727,10.975000381469727,8683,0.0,0.0
2024-09-27 15:10:00-04:00,10.975000381469727,10.979999542236328,10.975000381469727,10.975000381469727,6497,0.0,0.0
2024-09-27 15:15:00-04:00,10.976400375366211,10.976400375366211,10.930000305175781,10.93120002746582,42702,0.0,0.0
2024-09-27 15:20:00-04:00,10.9350004196167,10.9399995803833,10.920000076293945,10.930000305175781,22607,0.0,0.0
2024-09-27 15:25:00-04:00,10.925000190734863,10.949999809265137,10.925000190734863,10.944999694824219,18949,0.0,0.0
2024-09-27 15:30:00-04:00,10.944999694824219,10.949999809265137,10.9350004196167,10.944999694824219,19253,0.0,0.0
2024-09-27 15:35:00-04:00,10.944999694824219,10.944999694824219,10.913000106811523,10.920000076293945,31668,0.0,0.0
2024-09-27 15:40:00-04:00,10.930000305175781,10.9399995803833,10.930000305175781,10.9350004196167,14819,0.0,0.0
2024-09-27 15:45:00-04:00,10.930000305175781,10.949999809265137,10.930000305175781,10.9399995803833,23739,0.0,0.0
2024-09-27 15:50:00-04:00,10.94950008392334,10.949999809265137,10.9306001663208,10.9350004196167,49645,0.0,0.0
2024-09-27 15:55:00-04:00,10.9350004196167,10.949999809265137,10.899999618530273,10.90999984741211,136936,0.0,0.0
2024-09-30 09:30:00-04:00,10.984999656677246,11.0,10.9399995803833,10.954999923706055,73809,0.0,0.0
2024-09-30 09:35:00-04:00,10.944999694824219,10.944999694824219,10.90999984741211,10.925000190734863,7345,0.0,0.0
2024-09-30 09:40:00-04:00,10.930000305175781,10.954999923706055,10.920000076293945,10.944999694824219,17293,0.0,0.0
2024-09-30 09:45:00-04:00,10.9399995803833,11.0,10.9399995803833,10.994999885559082,17047,0.0,0.0
2024-09-30 09:50:00-04:00,11.0,11.0,10.99120044708252,10.994999885559082,17273,0.0,0.0
2024-09-30 09:55:00-04:00,11.0,11.0,10.989999771118164,10.994999885559082,19264,0.0,0.0
2024-09-30 10:00:00-04:00,10.994999885559082,11.0,10.994999885559082,10.994999885559082,55259,0.0,0.0
2024-09-30 10:05:00-04:00,10.994999885559082,11.0,10.994999885559082,10.994999885559082,16448,0.0,0.0
2024-09-30 10:10:00-04:00,10.994999885559082,10.994999885559082,10.979999542236328,10.979999542236328,13238,0.0,0.0
2024-09-30 10:15:00-04:00,10.979999542236328,10.989999771118164,10.96500015258789,10.984999656677246,12946,0.0,0.0
2024-09-30 10:20:00-04:00,10.984999656677246,10.984999656677246,10.975000381469727,10.975000381469727,6715,0.0,0.0
2024-09-30 10:25:00-04:00,10.975000381469727,10.994999885559082,10.975000381469727,10.989999771118164,11360,0.0,0.0
2024-09-30 10:30:00-04:00,10.984999656677246,11.03499984741211,10.979999542236328,11.020000457763672,76547,0.0,0.0
2024-09-30 10:35:00-04:00,11.024999618530273,11.050000190734863,11.020000457763672,11.045000076293945,18259,0.0,0.0
2024-09-30 10:40:00-04:00,11.046600341796875,11.050000190734863,11.0,11.015000343322754,34976,0.0,0.0
2024-09-30 10:45:00-04:00,11.010000228881836,11.029999732971191,11.010000228881836,11.024999618530273,7110,0.0,0.0
2024-09-30 10:50:00-04:00,11.020000457763672,11.029999732971191,11.005000114440918,11.005000114440918,11844,0.0,0.0
2024-09-30 10:55:00-04:00,11.005000114440918,11.015000343322754,10.994999885559082,10.994999885559082,259211,0.0,0.0
2024-09-30 11:00:00-04:00,10.994999885559082,11.020000457763672,10.989999771118164,10.994999885559082,14954,0.0,0.0
2024-09-30 11:05:00-04:00,11.0,11.005000114440918,10.994999885559082,10.994999885559082,4485,0.0,0.0
2024-09-30 11:10:00-04:00,10.994999885559082,11.005000114440918,10.96500015258789,10.96500015258789,65582,0.0,0.0
2024-09-30 11:15:00-04:00,10.96500015258789,10.96500015258789,10.96500015258789,10.96500015258789,2648,0.0,0.0
2024-09-30 11:20:00-04:00,10.96500015258789,10.96500015258789,10.960000038146973,10.96500015258789,6017,0.0,0.0
2024-09-30 11:25:00-04:00,10.96500015258789,10.96500015258789,10.930000305175781,10.930000305175781,7555,0.0,0.0
2024-09-30 11:30:00-04:00,10.925000190734863,10.930000305175781,10.914999961853027,10.925000190734863,11253,0.0,0.0
2024-09-30 11:35:00-04:00,10.925000190734863,10.925000190734863,10.925000190734863,10.925000190734863,4666,0.0,0.0
2024-09-30 11:40:00-04:00,10.920000076293945,10.930000305175781,10.914999961853027,10.914999961853027,7753,0.0,0.0
2024-09-30 11:45:00-04:00,10.918800354003906,10.930000305175781,10.914999961853027,10.925000190734863,6742,0.0,0.0
2024-09-30 11:50:00-04:00,10.925000190734863,10.930000305175781,10.925000190734863,10.930000305175781,2069,0.0,0.0
2024-09-30 11:55:00-04:00,10.930000305175781,10.944999694824219,10.925000190734863,10.944999694824219,8703,0.0,0.0
2024-09-30 12:00:00-04:00,10.944999694824219,10.949999809265137,10.944999694824219,10.94950008392334,2809,0.0,0.0
2024-09-30 12:05:00-04:00,10.944999694824219,10.949999809265137,10.944999694824219,10.944999694824219,4836,0.0,0.0
2024-09-30 12:10:00-04:00,10.944999694824219,10.944999694824219,10.9350004196167,10.9350004196167,7892,0.0,0.0
2024-09-30 12:15:00-04:00,10.9350004196167,10.949999809265137,10.9350004196167,10.94950008392334,5070,0.0,0.0
2024-09-30 12:20:00-04:00,10.944999694824219,10.954999923706055,10.9399995803833,10.954999923706055,3785,0.0,0.0
2024-09-30 12:25:00-04:00,10.954999923706055,10.970000267028809,10.954999923706055,10.96500015258789,6021,0.0,0.0
2024-09-30 12:30:00-04:00,10.96500015258789,10.979100227355957,10.96500015258789,10.970000267028809,9461,0.0,0.0
2024-09-30 12:35:00-04:00,10.96500015258789,10.96500015258789,10.9399995803833,10.944999694824219,18030,0.0,0.0
2024-09-30 12:40:00-04:00,10.944999694824219,10.944999694824219,10.9399995803833,10.944999694824219,2627,0.0,0.0
2024-09-30 12:45:00-04:00,10.944999694824219,10.949999809265137,10.9399995803833,10.944999694824219,4772,0.0,0.0
2024-09-30 12:50:00-04:00,10.944999694824219,10.944999694824219,10.930000305175781,10.9350004196167,5699,0.0,0.0
2024-09-30 12:55:00-04:00,10.930000305175781,10.9399995803833,10.930000305175781,10.9350004196167,6893,0.0,0.0
2024-09-30 13:00:00-04:00,10.9350004196167,10.9350004196167,10.930000305175781,10.9350004196167,3667,0.0,0.0
2024-09-30 13:05:00-04:00,10.9350004196167,10.9399995803833,10.930000305175781,10.9350004196167,5685,0.0,0.0
2024-09-30 13:10:00-04:00,10.9350004196167,10.9350004196167,10.920000076293945,10.925000190734863,11533,0.0,0.0
2024-09-30 13:15:00-04:00,10.925000190734863,10.925000190734863,10.920000076293945,10.925000190734863,3136,0.0,0.0
2024-09-30 13:20:00-04:00,10.925000190734863,10.925000190734863,10.925000190734863,10.925000190734863,2010,0.0,0.0
2024-09-30 13:25:00-04:00,10.925000190734863,10.925000190734863,10.920000076293945,10.925000190734863,4731,0.0,0.0
2024-09-30 13:30:00-04:00,10.925000190734863,10.925000190734863,10.899999618530273,10.899999618530273,11521,0.0,0.0
2024-09-30 13:35:00-04:00,10.900500297546387,10.900500297546387,10.885000228881836,10.890000343322754,14818,0.0,0.0
2024-09-30 13:40:00-04:00,10.895000457763672,10.899999618530273,10.869999885559082,10.875,16811,0.0,0.0
2024-09-30 13:45:00-04:00,10.869999885559082,10.875,10.869999885559082,10.875,4294,0.0,0.0
2024-09-30 13:50:00-04:00,10.875,10.880000114440918,10.869999885559082,10.875,3442,0.0,0.0
2024-09-30 13:55:00-04:00,10.880000114440918,10.880000114440918,10.850000381469727,10.850000381469727,9830,0.0,0.0
2024-09-30 14:00:00-04:00,10.850000381469727,10.850500106811523,10.8100004196167,10.819999694824219,31989,0.0,0.0
2024-09-30 14:05:00-04:00,10.824999809265137,10.829999923706055,10.819999694824219,10.824999809265137,5252,0.0,0.0
2024-09-30 14:10:00-04:00,10.824999809265137,10.824999809265137,10.800000190734863,10.805000305175781,8411,0.0,0.0
2024-09-30 14:15:00-04:00,10.800000190734863,10.809900283813477,10.760000228881836,10.760000228881836,24521,0.0,0.0
2024-09-30 14:20:00-04:00,10.760000228881836,10.765000343322754,10.734999656677246,10.744999885559082,29846,0.0,0.0
2024-09-30 14:25:00-04:00,10.744999885559082,10.760000228881836,10.739999771118164,10.755000114440918,16880,0.0,0.0
2024-09-30 14:30:00-04:00,10.759900093078613,10.765000343322754,10.739999771118164,10.758000373840332,55305,0.0,0.0
2024-09-30 14:35:00-04:00,10.765000343322754,10.789999961853027,10.765000343322754,10.774999618530273,20397,0.0,0.0
2024-09-30 14:40:00-04:00,10.770000457763672,10.789999961853027,10.770000457763672,10.78499984741211,7431,0.0,0.0
2024-09-30 14:45:00-04:00,10.78499984741211,10.795000076293945,10.779999732971191,10.779999732971191,9242,0.0,0.0
2024-09-30 14:50:00-04:00,10.774999618530273,10.774999618530273,10.760000228881836,10.765000343322754,5005,0.0,0.0
2024-09-30 14:55:00-04:00,10.765000343322754,10.765000343322754,10.75,10.755000114440918,3322,0.0,0.0
2024-09-30 15:00:00-04:00,10.75,10.770000457763672,10.739999771118164,10.765000343322754,12482,0.0,0.0
2024-09-30 15:05:00-04:00,10.765000343322754,10.765000343322754,10.760000228881836,10.760000228881836,5490,0.0,0.0
2024-09-30 15:10:00-04:00,10.765000343322754,10.765000343322754,10.734999656677246,10.75,13331,0.0,0.0
2024-09-30 15:15:00-04:00,10.754599571228027,10.755000114440918,10.739999771118164,10.744999885559082,7432,0.0,0.0
2024-09-30 15:20:00-04:00,10.744999885559082,10.75,10.739999771118164,10.744999885559082,4347,0.0,0.0
2024-09-30 15:25:00-04:00,10.744999885559082,10.757499694824219,10.729999542236328,10.755000114440918,32566,0.0,0.0
2024-09-30 15:30:00-04:00,10.760000228881836,10.774999618530273,10.75,10.774999618530273,14518,0.0,0.0
2024-09-30 15:35:00-04:00,10.774999618530273,10.789999961853027,10.774999618530273,10.78499984741211,15796,0.0,0.0
2024-09-30 15:40:00-04:00,10.78499984741211,10.795000076293945,10.765000343322754,10.765000343322754,22773,0.0,0.0
2024-09-30 15:45:00-04:00,10.765000343322754,10.774999618530273,10.75,10.770000457763672,27206,0.0,0.0
2024-09-30 15:50:00-04:00,10.770000457763672,10.819999694824219,10.770000457763672,10.805000305175781,32960,0.0,0.0
2024-09-30 15:55:00-04:00,10.8100004196167,10.829999923706055,10.8100004196167,10.829999923706055,83350,0.0,0.0
2024-10-01 09:30:00-04:00,11.119999885559082,11.119999885559082,10.880000114440918,10.880000114440918,76706,0.0,0.0
2024-10-01 09:35:00-04:00,10.899999618530273,10.899999618530273,10.84000015258789,10.850000381469727,19406,0.0,0.0
2024-10-01 09:40:00-04:00,10.859999656677246,10.880000114440918,10.835000038146973,10.84000015258789,14418,0.0,0.0
2024-10-01 09:45:00-04:00,10.84000015258789,10.84000015258789,10.789999961853027,10.795000076293945,9943,0.0,0.0
2024-10-01 09:50:00-04:00,10.789999961853027,10.800000190734863,10.774999618530273,10.795000076293945,9141,0.0,0.0
2024-10-01 09:55:00-04:00,10.79990005493164,10.79990005493164,10.795000076293945,10.795000076293945,3173,0.0,0.0
2024-10-01 10:00:00-04:00,10.795000076293945,10.864999771118164,10.779999732971191,10.824999809265137,19110,0.0,0.0
2024-10-01 10:05:00-04:00,10.820599555969238,10.824999809265137,10.780799865722656,10.789999961853027,10377,0.0,0.0
2024-10-01 10:10:00-04:00,10.789999961853027,10.800000190734863,10.781100273132324,10.789999961853027,24392,0.0,0.0
2024-10-01 10:15:00-04:00,10.789999961853027,10.800000190734863,10.765000343322754,10.765000343322754,10711,0.0,0.0
2024-10-01 10:20:00-04:00,10.765000343322754,10.805000305175781,10.765000343322754,10.795000076293945,8724,0.0,0.0
2024-10-01 10:25:00-04:00,10.795000076293945,10.800000190734863,10.789999961853027,10.795000076293945,5818,0.0,0.0
2024-10-01 10:30:00-04:00,10.795000076293945,10.817500114440918,10.795000076293945,10.8149995803833,6583,0.0,0.0
2024-10-01 10:35:00-04:00,10.8149995803833,10.854999542236328,10.8149995803833,10.854999542236328,7923,0.0,0.0
2024-10-01 10:40:00-04:00,10.853300094604492,10.854999542236328,10.84000015258789,10.845000267028809,6440,0.0,0.0
2024-10-01 10:45:00-04:00,10.845000267028809,10.845000267028809,10.824999809265137,10.835000038146973,16199,0.0,0.0
2024-10-01 10:50:00-04:00,10.829999923706055,10.845000267028809,10.8149995803833,10.8149995803833,11027,0.0,0.0
2024-10-01 10:55:00-04:00,10.8149995803833,10.859999656677246,10.811300277709961,10.850000381469727,7127,0.0,0.0
2024-10-01 11:00:00-04:00,10.850000381469727,10.859999656677246,10.829999923706055,10.829999923706055,7472,0.0,0.0
2024-10-01 11:05:00-04:00,10.819999694824219,10.824999809265137,10.78499984741211,10.78499984741211,11786,0.0,0.0
2024-10-01 11:10:00-04:00,10.789999961853027,10.795000076293945,10.78499984741211,10.795000076293945,8851,0.0,0.0
2024-10-01 11:15:00-04:00,10.789999961853027,10.795000076293945,10.779999732971191,10.789999961853027,7089,0.0,0.0
2024-10-01 11:20:00-04:00,10.800000190734863,10.8100004196167,10.789999961853027,10.798500061035156,7642,0.0,0.0
2024-10-01 11:25:00-04:00,10.795000076293945,10.8100004196167,10.78499984741211,10.8100004196167,8499,0.0,0.0
2024-10-01 11:30:00-04:00,10.8149995803833,10.824999809265137,10.8100004196167,10.824999809265137,9351,0.0,0.0
2024-10-01 11:35:00-04:00,10.824999809265137,10.84000015258789,10.824999809265137,10.835000038146973,7692,0.0,0.0
2024-10-01 11:40:00-04:00,10.84000015258789,10.845000267028809,10.835000038146973,10.845000267028809,9505,0.0,0.0
2024-10-01 11:45:00-04:00,10.84000015258789,10.845000267028809,10.829999923706055,10.835000038146973,8278,0.0,0.0
2024-10-01 11:50:00-04:00,10.835000038146973,10.84000015258789,10.824999809265137,10.824999809265137,7944,0.0,0.0
2024-10-01 11:55:00-04:00,10.819999694824219,10.829999923706055,10.8100004196167,10.824999809265137,9325,0.0,0.0
2024-10-01 12:00:00-04:00,10.819999694824219,10.819999694824219,10.800000190734863,10.8149995803833,8887,0.0,0.0
2024-10-01 12:05:00-04:00,10.819999694824219,10.824999809265137,10.819999694824219,10.824999809265137,3332,0.0,0.0
2024-10-01 12:10:00-04:00,10.829999923706055,10.835000038146973,10.829999923706055,10.835000038146973,6952,0.0,0.0
2024-10-01 12:15:00-04:00,10.835000038146973,10.845000267028809,10.824999809265137,10.835000038146973,10288,0.0,0.0
2024-10-01 12:20:00-04:00,10.835000038146973,10.835000038146973,10.829999923706055,10.835000038146973,6090,0.0,0.0
2024-10-01 12:25:00-04:00,10.84000015258789,10.85990047454834,10.835000038146973,10.84000015258789,20106,0.0,0.0
2024-10-01 12:30:00-04:00,10.84000015258789,10.845000267028809,10.824999809265137,10.845000267028809,12103,0.0,0.0
2024-10-01 12:35:00-04:00,10.845000267028809,10.860099792480469,10.845000267028809,10.850000381469727,16061,0.0,0.0
2024-10-01 12:40:00-04:00,10.854999542236328,10.854999542236328,10.84000015258789,10.84000015258789,5207,0.0,0.0
2024-10-01 12:45:00-04:00,10.84000015258789,10.86970043182373,10.831299781799316,10.86970043182373,8283,0.0,0.0
2024-10-01 12:50:00-04:00,10.885000228881836,10.895000457763672,10.869999885559082,10.888899803161621,30499,0.0,0.0
2024-10-01 12:55:00-04:00,10.885000228881836,10.899200439453125,10.885000228881836,10.895000457763672,6707,0.0,0.0
2024-10-01 13:00:00-04:00,10.895000457763672,10.909299850463867,10.880000114440918,10.880000114440918,22156,0.0,0.0
2024-10-01 13:05:00-04:00,10.885000228881836,10.895000457763672,10.880000114440918,10.885000228881836,20271,0.0,0.0
2024-10-01 13:10:00-04:00,10.885000228881836,10.899999618530273,10.885000228881836,10.899100303649902,6196,0.0,0.0
2024-10-01 13:15:00-04:00,10.890000343322754,10.895000457763672,10.885000228881836,10.895000457763672,10658,0.0,0.0
2024-10-01 13:20:00-04:00,10.895000457763672,10.895000457763672,10.875,10.875,4174,0.0,0.0
2024-10-01 13:25:00-04:00,10.87969970703125,10.895000457763672,10.875,10.895000457763672,27349,0.0,0.0
2024-10-01 13:30:00-04:00,10.895000457763672,10.904999732971191,10.892000198364258,10.895000457763672,6552,0.0,0.0
2024-10-01 13:35:00-04:00,10.895000457763672,10.904999732971191,10.885000228881836,10.904999732971191,9700,0.0,0.0
2024-10-01 13:40:00-04:00,10.904999732971191,10.90999984741211,10.904999732971191,10.904999732971191,1232,0.0,0.0
2024-10-01 13:45:00-04:00,10.90999984741211,10.920000076293945,10.904999732971191,10.920000076293945,5062,0.0,0.0
2024-10-01 13:50:00-04:00,10.914999961853027,10.930000305175781,10.90999984741211,10.914999961853027,13457,0.0,0.0
2024-10-01 13:55:00-04:00,10.914999961853027,10.954999923706055,10.914999961853027,10.954999923706055,9289,0.0,0.0
2024-10-01 14:00:00-04:00,10.960000038146973,10.96500015258789,10.9399995803833,10.949999809265137,11924,0.0,0.0
2024-10-01 14:05:00-04:00,10.953200340270996,10.970000267028809,10.95009994506836,10.96500015258789,13199,0.0,0.0
2024-10-01 14:10:00-04:00,10.969300270080566,10.98799991607666,10.969300270080566,10.970000267028809,9433,0.0,0.0
2024-10-01 14:15:00-04:00,10.96500015258789,10.966400146484375,10.944999694824219,10.954999923706055,7953,0.0,0.0
2024-10-01 14:20:00-04:00,10.949999809265137,10.954999923706055,10.9399995803833,10.945500373840332,5722,0.0,0.0
2024-10-01 14:25:00-04:00,10.944999694824219,10.949999809265137,10.9399995803833,10.949999809265137,5212,0.0,0.0
2024-10-01 14:30:00-04:00,10.954999923706055,10.960000038146973,10.944999694824219,10.944999694824219,7756,0.0,0.0
2024-10-01 14:35:00-04:00,10.940099716186523,10.944999694824219,10.920000076293945,10.930000305175781,23120,0.0,0.0
2024-10-01 14:40:00-04:00,10.9350004196167,10.9399995803833,10.9350004196167,10.9399995803833,3219,0.0,0.0
2024-10-01 14:45:00-04:00,10.9399995803833,10.954999923706055,10.930000305175781,10.9350004196167,16385,0.0,0.0
2024-10-01 14:50:00-04:00,10.9350004196167,10.9350004196167,10.914999961853027,10.930000305175781,22162,0.0,0.0
2024-10-01 14:55:00-04:00,10.9350004196167,10.94909954071045,10.920000076293945,10.9399995803833,17615,0.0,0.0
2024-10-01 15:00:00-04:00,10.9399995803833,10.9399995803833,10.920000076293945,10.920000076293945,18745,0.0,0.0
2024-10-01 15:05:00-04:00,10.929200172424316,10.929400444030762,10.920000076293945,10.925000190734863,12347,0.0,0.0
2024-10-01 15:10:00-04:00,10.920000076293945,10.925000190734863,10.90999984741211,10.914999961853027,15897,0.0,0.0
2024-10-01 15:15:00-04:00,10.918999671936035,10.920000076293945,10.90999984741211,10.90999984741211,6693,0.0,0.0
2024-10-01 15:20:00-04:00,10.91759967803955,10.920000076293945,10.90999984741211,10.920000076293945,6941,0.0,0.0
2024-10-01 15:25:00-04:00,10.914999961853027,10.928999900817871,10.914999961853027,10.925000190734863,15249,0.0,0.0
2024-10-01 15:30:00-04:00,10.920000076293945,10.920000076293945,10.890000343322754,10.895000457763672,15441,0.0,0.0
2024-10-01 15:35:00-04:00,10.890000343322754,10.919400215148926,10.885000228881836,10.914999961853027,31531,0.0,0.0
2024-10-01 15:40:00-04:00,10.90999984741211,10.930000305175781,10.899999618530273,10.899999618530273,46837,0.0,0.0
2024-10-01 15:45:00-04:00,10.904999732971191,10.930000305175781,10.904999732971191,10.925000190734863,24956,0.0,0.0
2024-10-01 15:50:00-04:00,10.920000076293945,10.927499771118164,10.899999618530273,10.904999732971191,61355,0.0,0.0
2024-10-01 15:55:00-04:00,10.904999732971191,10.9399995803833,10.895000457763672,10.9399995803833,86662,0.0,0.0
2024-10-02 09:30:00-04:00,10.850000381469727,10.899999618530273,10.8100004196167,10.829999923706055,14235,0.0,0.0
2024-10-02 09:35:00-04:00,10.822500228881836,10.880000114440918,10.8100004196167,10.859999656677246,14812,0.0,0.0
2024-10-02 09:40:00-04:00,10.859999656677246,10.859999656677246,10.843899726867676,10.843899726867676,6729,0.0,0.0
2024-10-02 09:45:00-04:00,10.844200134277344,10.90999984741211,10.844200134277344,10.90999984741211,9677,0.0,0.0
2024-10-02 09:50:00-04:00,10.920000076293945,10.920000076293945,10.890000343322754,10.890000343322754,3524,0.0,0.0
2024-10-02 09:55:00-04:00,10.880000114440918,10.880000114440918,10.859999656677246,10.87600040435791,828,0.0,0.0
2024-10-02 10:00:00-04:00,10.869999885559082,10.899999618530273,10.869999885559082,10.899999618530273,5974,0.0,0.0
2024-10-02 10:05:00-04:00,10.899999618530273,10.904999732971191,10.869999885559082,10.869999885559082,12221,0.0,0.0
2024-10-02 10:10:00-04:00,10.875,10.890000343322754,10.875,10.875,4785,0.0,0.0
2024-10-02 10:15:00-04:00,10.872699737548828,10.872699737548828,10.84000015258789,10.845000267028809,4520,0.0,0.0
2024-10-02 10:20:00-04:00,10.84000015258789,10.84000015258789,10.8149995803833,10.819999694824219,8670,0.0,0.0
2024-10-02 10:25:00-04:00,10.8149995803833,10.824999809265137,10.8100004196167,10.819999694824219,3987,0.0,0.0
2024-10-02 10:30:00-04:00,10.829999923706055,10.854999542236328,10.824999809265137,10.845000267028809,17145,0.0,0.0
2024-10-02 10:35:00-04:00,10.845000267028809,10.845000267028809,10.819999694824219,10.824999809265137,2698,0.0,0.0
2024-10-02 10:40:00-04:00,10.819999694824219,10.829999923706055,10.819999694824219,10.829899787902832,9374,0.0,0.0
2024-10-02 10:45:00-04:00,10.819999694824219,10.824999809265137,10.8100004196167,10.8100004196167,12372,0.0,0.0
2024-10-02 10:50:00-04:00,10.8100004196167,10.8100004196167,10.789999961853027,10.795000076293945,10737,0.0,0.0
2024-10-02 10:55:00-04:00,10.795000076293945,10.795000076293945,10.760000228881836,10.760000228881836,4880,0.0,0.0
2024-10-02 11:00:00-04:00,10.774999618530273,10.800000190734863,10.770000457763672,10.795000076293945,14995,0.0,0.0
2024-10-02 11:05:00-04:00,10.800000190734863,10.805000305175781,10.760000228881836,10.765000343322754,6797,0.0,0.0
2024-10-02 11:10:00-04:00,10.765000343322754,10.765000343322754,10.760000228881836,10.765000343322754,1404,0.0,0.0
2024-10-02 11:15:00-04:00,10.765000343322754,10.799799919128418,10.760000228881836,10.795000076293945,17471,0.0,0.0
2024-10-02 11:20:00-04:00,10.789999961853027,10.789999961853027,10.774999618530273,10.774999618530273,3346,0.0,0.0
2024-10-02 11:25:00-04:00,10.779999732971191,10.789999961853027,10.774999618530273,10.779999732971191,7731,0.0,0.0
2024-10-02 11:30:00-04:00,10.78499984741211,10.795000076293945,10.779999732971191,10.779999732971191,6951,0.0,0.0
2024-10-02 11:35:00-04:00,10.78499984741211,10.789199829101562,10.779999732971191,10.779999732971191,6280,0.0,0.0
2024-10-02 11:40:00-04:00,10.78499984741211,10.795000076293945,10.779999732971191,10.795000076293945,5749,0.0,0.0
2024-10-02 11:45:00-04:00,10.795000076293945,10.800000190734863,10.779999732971191,10.78499984741211,7266,0.0,0.0
2024-10-02 11:50:00-04:00,10.789999961853027,10.800000190734863,10.781000137329102,10.795000076293945,16481,0.0,0.0
2024-10-02 11:55:00-04:00,10.795000076293945,10.799300193786621,10.795000076293945,10.795000076293945,2960,0.0,0.0
2024-10-02 12:00:00-04:00,10.795000076293945,10.8149995803833,10.795000076293945,10.805000305175781,7645,0.0,0.0
2024-10-02 12:05:00-04:00,10.8100004196167,10.824999809265137,10.8100004196167,10.824999809265137,5923,0.0,0.0
2024-10-02 12:10:00-04:00,10.819999694824219,10.819999694824219,10.8100004196167,10.815799713134766,3435,0.0,0.0
2024-10-02 12:15:00-04:00,10.8100004196167,10.8100004196167,10.805000305175781,10.805000305175781,7397,0.0,0.0
2024-10-02 12:20:00-04:00,10.805000305175781,10.818300247192383,10.800100326538086,10.818300247192383,8848,0.0,0.0
2024-10-02 12:25:00-04:00,10.819999694824219,10.829999923706055,10.8149995803833,10.8149995803833,6853,0.0,0.0
2024-10-02 12:30:00-04:00,10.819899559020996,10.819999694824219,10.8149995803833,10.8149995803833,4131,0.0,0.0
2024-10-02 12:35:00-04:00,10.819999694824219,10.850000381469727,10.819999694824219,10.84000015258789,21801,0.0,0.0
2024-10-02 12:40:00-04:00,10.835000038146973,10.84000015258789,10.835000038146973,10.835000038146973,4149,0.0,0.0
2024-10-02 12:45:00-04:00,10.835000038146973,10.84000015258789,10.829999923706055,10.835000038146973,6058,0.0,0.0
2024-10-02 12:50:00-04:00,10.835000038146973,10.84000015258789,10.829999923706055,10.835000038146973,1903,0.0,0.0
2024-10-02 12:55:00-04:00,10.835000038146973,10.84000015258789,10.829999923706055,10.835000038146973,2941,0.0,0.0
2024-10-02 13:00:00-04:00,10.835000038146973,10.835000038146973,10.819999694824219,10.819999694824219,8788,0.0,0.0
2024-10-02 13:05:00-04:00,10.824999809265137,10.829400062561035,10.819999694824219,10.820099830627441,9675,0.0,0.0
2024-10-02 13:10:00-04:00,10.824999809265137,10.824999809265137,10.819999694824219,10.824999809265137,1553,0.0,0.0
2024-10-02 13:15:00-04:00,10.824999809265137,10.827199935913086,10.819999694824219,10.819999694824219,4442,0.0,0.0
2024-10-02 13:20:00-04:00,10.824999809265137,10.824999809265137,10.819999694824219,10.819999694824219,3067,0.0,0.0
2024-10-02 13:25:00-04:00,10.824999809265137,10.829999923706055,10.824999809265137,10.828900337219238,4196,0.0,0.0
2024-10-02 13:30:00-04:00,10.82349967956543,10.824999809265137,10.8100004196167,10.8100004196167,5381,0.0,0.0
2024-10-02 13:35:00-04:00,10.8100004196167,10.8100004196167,10.800000190734863,10.800000190734863,6000,0.0,0.0
2024-10-02 13:40:00-04:00,10.8100004196167,10.8149995803833,10.800000190734863,10.8100004196167,9486,0.0,0.0
2024-10-02 13:45:00-04:00,10.805000305175781,10.805000305175781,10.800000190734863,10.800000190734863,2256,0.0,0.0
2024-10-02 13:50:00-04:00,10.800000190734863,10.805000305175781,10.800000190734863,10.805000305175781,1811,0.0,0.0
2024-10-02 13:55:00-04:00,10.800000190734863,10.8100004196167,10.789999961853027,10.789999961853027,8241,0.0,0.0
2024-10-02 14:00:00-04:00,10.789999961853027,10.800000190734863,10.770000457763672,10.770000457763672,17000,0.0,0.0
2024-10-02 14:05:00-04:00,10.770000457763672,10.779999732971191,10.760000228881836,10.765000343322754,20544,0.0,0.0
2024-10-02 14:10:00-04:00,10.760000228881836,10.770000457763672,10.75,10.75,25677,0.0,0.0
2024-10-02 14:15:00-04:00,10.75,10.755000114440918,10.720000267028809,10.744999885559082,20523,0.0,0.0
2024-10-02 14:20:00-04:00,10.739999771118164,10.75,10.739999771118164,10.739999771118164,6187,0.0,0.0
2024-10-02 14:25:00-04:00,10.739999771118164,10.744999885559082,10.71500015258789,10.729999542236328,11994,0.0,0.0
2024-10-02 14:30:00-04:00,10.729999542236328,10.729999542236328,10.710000038146973,10.710000038146973,15791,0.0,0.0
2024-10-02 14:35:00-04:00,10.710000038146973,10.734999656677246,10.710000038146973,10.725000381469727,12656,0.0,0.0
2024-10-02 14:40:00-04:00,10.720000267028809,10.734999656677246,10.720000267028809,10.734999656677246,5700,0.0,0.0
2024-10-02 14:45:00-04:00,10.734999656677246,10.760000228881836,10.729999542236328,10.755000114440918,7426,0.0,0.0
2024-10-02 14:50:00-04:00,10.755000114440918,10.770000457763672,10.755000114440918,10.760000228881836,13034,0.0,0.0
2024-10-02 14:55:00-04:00,10.765000343322754,10.770000457763672,10.760000228881836,10.765000343322754,4951,0.0,0.0
2024-10-02 15:00:00-04:00,10.765000343322754,10.765000343322754,10.760000228881836,10.765000343322754,4161,0.0,0.0
2024-10-02 15:05:00-04:00,10.760000228881836,10.765000343322754,10.744999885559082,10.755000114440918,14651,0.0,0.0
2024-10-02 15:10:00-04:00,10.75,10.765000343322754,10.75,10.75,11142,0.0,0.0
2024-10-02 15:15:00-04:00,10.759900093078613,10.759900093078613,10.734999656677246,10.739999771118164,13594,0.0,0.0
2024-10-02 15:20:00-04:00,10.739999771118164,10.760000228881836,10.739999771118164,10.744999885559082,11248,0.0,0.0
2024-10-02 15:25:00-04:00,10.739999771118164,10.765600204467773,10.739999771118164,10.760000228881836,15607,0.0,0.0
2024-10-02 15:30:00-04:00,10.760000228881836,10.769200325012207,10.75,10.75,18091,0.0,0.0
2024-10-02 15:35:00-04:00,10.75,10.8100004196167,10.75,10.800000190734863,36140,0.0,0.0
2024-10-02 15:40:00-04:00,10.805000305175781,10.819999694824219,10.800000190734863,10.8149995803833,16155,0.0,0.0
2024-10-02 15:45:00-04:00,10.8149995803833,10.8149995803833,10.779999732971191,10.795000076293945,33540,0.0,0.0
2024-10-02 15:50:00-04:00,10.794899940490723,10.8100004196167,10.794899940490723,10.805000305175781,21211,0.0,0.0
2024-10-02 15:55:00-04:00,10.805000305175781,10.829999923706055,10.800000190734863,10.819999694824219,84636,0.0,0.0
2024-10-03 09:30:00-04:00,10.770000457763672,10.78499984741211,10.720000267028809,10.729999542236328,30077,0.0,0.0
2024-10-03 09:35:00-04:00,10.729999542236328,10.739999771118164,10.720000267028809,10.720000267028809,4689,0.0,0.0
2024-10-03 09:40:00-04:00,10.725000381469727,10.725000381469727,10.694999694824219,10.694999694824219,18675,0.0,0.0
2024-10-03 09:45:00-04:00,10.6899995803833,10.710000038146973,10.680000305175781,10.680000305175781,13590,0.0,0.0
2024-10-03 09:50:00-04:00,10.670000076293945,10.675000190734863,10.65999984741211,10.664999961853027,4056,0.0,0.0
2024-10-03 09:55:00-04:00,10.65999984741211,10.675000190734863,10.640000343322754,10.675000190734863,12129,0.0,0.0
2024-10-03 10:00:00-04:00,10.680000305175781,10.699799537658691,10.65999984741211,10.664999961853027,15917,0.0,0.0
2024-10-03 10:05:00-04:00,10.664999961853027,10.680000305175781,10.664999961853027,10.675000190734863,16334,0.0,0.0
2024-10-03 10:10:00-04:00,10.679800033569336,10.6899995803833,10.670000076293945,10.680000305175781,9521,0.0,0.0
2024-10-03 10:15:00-04:00,10.675000190734863,10.71500015258789,10.675000190734863,10.704999923706055,8201,0.0,0.0
2024-10-03 10:20:00-04:00,10.704999923706055,10.720000267028809,10.704999923706055,10.720000267028809,3748,0.0,0.0
2024-10-03 10:25:00-04:00,10.720000267028809,10.739999771118164,10.71500015258789,10.739899635314941,3985,0.0,0.0
2024-10-03 10:30:00-04:00,10.734999656677246,10.744999885559082,10.729999542236328,10.734999656677246,7664,0.0,0.0
2024-10-03 10:35:00-04:00,10.739999771118164,10.765000343322754,10.739999771118164,10.744999885559082,7296,0.0,0.0
2024-10-03 10:40:00-04:00,10.744999885559082,10.760000228881836,10.744999885559082,10.760000228881836,3363,0.0,0.0
2024-10-03 10:45:00-04:00,10.760000228881836,10.760000228881836,10.744999885559082,10.75,5632,0.0,0.0
2024-10-03 10:50:00-04:00,10.75,10.75,10.744999885559082,10.744999885559082,4385,0.0,0.0
2024-10-03 10:55:00-04:00,10.744999885559082,10.760000228881836,10.744999885559082,10.755000114440918,7792,0.0,0.0
2024-10-03 11:00:00-04:00,10.75,10.75,10.734999656677246,10.734999656677246,4740,0.0,0.0
2024-10-03 11:05:00-04:00,10.734999656677246,10.75,10.734999656677246,10.75,9429,0.0,0.0
2024-10-03 11:10:00-04:00,10.744999885559082,10.744999885559082,10.734999656677246,10.734999656677246,3726,0.0,0.0
2024-10-03 11:15:00-04:00,10.739999771118164,10.755000114440918,10.739999771118164,10.744999885559082,29020,0.0,0.0
2024-10-03 11:20:00-04:00,10.744999885559082,10.75,10.744999885559082,10.75,14120,0.0,0.0
2024-10-03 11:25:00-04:00,10.75,10.75,10.730799674987793,10.734999656677246,5081,0.0,0.0
2024-10-03 11:30:00-04:00,10.734999656677246,10.739999771118164,10.725000381469727,10.732000350952148,40249,0.0,0.0
2024-10-03 11:35:00-04:00,10.734999656677246,10.75,10.734999656677246,10.75,2893,0.0,0.0
2024-10-03 11:40:00-04:00,10.744999885559082,10.744999885559082,10.734999656677246,10.739999771118164,10624,0.0,0.0
2024-10-03 11:45:00-04:00,10.739999771118164,10.75,10.734999656677246,10.75,4355,0.0,0.0
2024-10-03 11:50:00-04:00,10.75,10.75,10.746000289916992,10.75,12939,0.0,0.0
2024-10-03 11:55:00-04:00,10.75,10.765000343322754,10.734999656677246,10.734999656677246,17988,0.0,0.0
2024-10-03 12:00:00-04:00,10.734999656677246,10.744999885559082,10.734999656677246,10.739999771118164,4267,0.0,0.0
2024-10-03 12:05:00-04:00,10.739999771118164,10.760000228881836,10.739999771118164,10.755000114440918,4073,0.0,0.0
2024-10-03 12:10:00-04:00,10.760000228881836,10.769200325012207,10.755000114440918,10.765000343322754,2849,0.0,0.0
2024-10-03 12:15:00-04:00,10.760000228881836,10.765000343322754,10.760000228881836,10.760000228881836,1676,0.0,0.0
2024-10-03 12:20:00-04:00,10.770000457763672,10.774999618530273,10.770000457763672,10.774999618530273,4681,0.0,0.0
2024-10-03 12:25:00-04:00,10.774999618530273,10.800000190734863,10.774999618530273,10.779999732971191,11389,0.0,0.0
2024-10-03 12:30:00-04:00,10.779600143432617,10.779999732971191,10.765000343322754,10.770000457763672,12721,0.0,0.0
2024-10-03 12:35:00-04:00,10.775400161743164,10.775400161743164,10.770000457763672,10.770000457763672,2042,0.0,0.0
2024-10-03 12:40:00-04:00,10.765000343322754,10.765000343322754,10.75,10.75,4661,0.0,0.0
2024-10-03 12:45:00-04:00,10.755000114440918,10.760000228881836,10.739999771118164,10.760000228881836,8223,0.0,0.0
2024-10-03 12:50:00-04:00,10.760000228881836,10.770000457763672,10.755000114440918,10.760000228881836,4464,0.0,0.0
2024-10-03 12:55:00-04:00,10.770000457763672,10.774999618530273,10.760000228881836,10.760000228881836,6454,0.0,0.0
2024-10-03 13:00:00-04:00,10.760000228881836,10.760000228881836,10.760000228881836,10.760000228881836,3520,0.0,0.0
2024-10-03 13:05:00-04:00,10.760000228881836,10.765000343322754,10.760000228881836,10.765000343322754,2497,0.0,0.0
2024-10-03 13:10:00-04:00,10.760000228881836,10.760000228881836,10.755000114440918,10.755000114440918,3601,0.0,0.0
2024-10-03 13:15:00-04:00,10.751399993896484,10.755000114440918,10.744999885559082,10.75,5399,0.0,0.0
2024-10-03 13:20:00-04:00,10.75,10.760000228881836,10.75,10.755000114440918,3350,0.0,0.0
2024-10-03 13:25:00-04:00,10.760000228881836,10.765000343322754,10.729999542236328,10.729999542236328,7429,0.0,0.0
2024-10-03 13:30:00-04:00,10.729999542236328,10.755000114440918,10.729999542236328,10.755000114440918,5301,0.0,0.0
2024-10-03 13:35:00-04:00,10.755000114440918,10.760000228881836,10.755000114440918,10.755000114440918,2499,0.0,0.0
2024-10-03 13:40:00-04:00,10.755000114440918,10.755000114440918,10.729999542236328,10.729999542236328,11274,0.0,0.0
2024-10-03 13:45:00-04:00,10.739999771118164,10.739999771118164,10.739999771118164,10.739999771118164,9022,0.0,0.0
2024-10-03 13:50:00-04:00,10.734999656677246,10.739999771118164,10.725000381469727,10.739999771118164,8637,0.0,0.0
2024-10-03 13:55:00-04:00,10.734999656677246,10.739999771118164,10.734199523925781,10.739999771118164,2293,0.0,0.0
2024-10-03 14:00:00-04:00,10.734999656677246,10.734999656677246,10.729999542236328,10.734999656677246,5172,0.0,0.0
2024-10-03 14:05:00-04:00,10.739999771118164,10.739999771118164,10.739999771118164,10.739999771118164,5979,0.0,0.0
2024-10-03 14:10:00-04:00,10.725000381469727,10.739999771118164,10.720000267028809,10.739999771118164,7652,0.0,0.0
2024-10-03 14:15:00-04:00,10.739999771118164,10.744999885559082,10.739999771118164,10.739999771118164,9449,0.0,0.0
2024-10-03 14:20:00-04:00,10.739999771118164,10.75,10.739999771118164,10.75,10861,0.0,0.0
2024-10-03 14:25:00-04:00,10.755000114440918,10.770000457763672,10.755000114440918,10.760000228881836,3138,0.0,0.0
2024-10-03 14:30:00-04:00,10.760000228881836,10.760000228881836,10.75,10.755000114440918,5263,0.0,0.0
2024-10-03 14:35:00-04:00,10.755000114440918,10.760000228881836,10.755000114440918,10.760000228881836,3343,0.0,0.0
2024-10-03 14:40:00-04:00,10.765000343322754,10.770000457763672,10.765000343322754,10.770000457763672,696,0.0,0.0
2024-10-03 14:45:00-04:00,10.760000228881836,10.760000228881836,10.744999885559082,10.755000114440918,7383,0.0,0.0
2024-10-03 14:50:00-04:00,10.759900093078613,10.760000228881836,10.759900093078613,10.760000228881836,1238,0.0,0.0
2024-10-03 14:55:00-04:00,10.770000457763672,10.770000457763672,10.765000343322754,10.765000343322754,2361,0.0,0.0
2024-10-03 15:00:00-04:00,10.765000343322754,10.774999618530273,10.765000343322754,10.774999618530273,3261,0.0,0.0
2024-10-03 15:05:00-04:00,10.774999618530273,10.774999618530273,10.770000457763672,10.774999618530273,1640,0.0,0.0
2024-10-03 15:10:00-04:00,10.774999618530273,10.774999618530273,10.760000228881836,10.774999618530273,7099,0.0,0.0
2024-10-03 15:15:00-04:00,10.774999618530273,10.78499984741211,10.774999618530273,10.78499984741211,4178,0.0,0.0
2024-10-03 15:20:00-04:00,10.789999961853027,10.795000076293945,10.78499984741211,10.789999961853027,3887,0.0,0.0
2024-10-03 15:25:00-04:00,10.795000076293945,10.795000076293945,10.78499984741211,10.78499984741211,8729,0.0,0.0
2024-10-03 15:30:00-04:00,10.78499984741211,10.789999961853027,10.78499984741211,10.78499984741211,4805,0.0,0.0
2024-10-03 15:35:00-04:00,10.78499984741211,10.789999961853027,10.770000457763672,10.774999618530273,10354,0.0,0.0
2024-10-03 15:40:00-04:00,10.770000457763672,10.770000457763672,10.755000114440918,10.755000114440918,14507,0.0,0.0
2024-10-03 15:45:00-04:00,10.755000114440918,10.770000457763672,10.755000114440918,10.765000343322754,13266,0.0,0.0
2024-10-03 15:50:00-04:00,10.770000457763672,10.774999618530273,10.755000114440918,10.765000343322754,16630,0.0,0.0
2024-10-03 15:55:00-04:00,10.765000343322754,10.779999732971191,10.755000114440918,10.760000228881836,107385,0.0,0.0
2024-10-04 09:30:00-04:00,10.899999618530273,10.899999618530273,10.8100004196167,10.84000015258789,23550,0.0,0.0
2024-10-04 09:35:00-04:00,10.835000038146973,10.880000114440918,10.835000038146973,10.869999885559082,4965,0.0,0.0
2024-10-04 09:40:00-04:00,10.869999885559082,10.869999885559082,10.84000015258789,10.845000267028809,2348,0.0,0.0
2024-10-04 09:45:00-04:00,10.84000015258789,10.84000015258789,10.8100004196167,10.829999923706055,5496,0.0,0.0
2024-10-04 09:50:00-04:00,10.829999923706055,10.829999923706055,10.800000190734863,10.805000305175781,2226,0.0,0.0
2024-10-04 09:55:00-04:00,10.800000190734863,10.800000190734863,10.770000457763672,10.774999618530273,2772,0.0,0.0
2024-10-04 10:00:00-04:00,10.774999618530273,10.779999732971191,10.744999885559082,10.75,6727,0.0,0.0
2024-10-04 10:05:00-04:00,10.739999771118164,10.75,10.739999771118164,10.75,5842,0.0,0.0
2024-10-04 10:10:00-04:00,10.744999885559082,10.755000114440918,10.734999656677246,10.755000114440918,3668,0.0,0.0
2024-10-04 10:15:00-04:00,10.75,10.759099960327148,10.734999656677246,10.744999885559082,6781,0.0,0.0
2024-10-04 10:20:00-04:00,10.744999885559082,10.744999885559082,10.704999923706055,10.71500015258789,5479,0.0,0.0
2024-10-04 10:25:00-04:00,10.720000267028809,10.729999542236328,10.6899995803833,10.694999694824219,8052,0.0,0.0
2024-10-04 10:30:00-04:00,10.6899995803833,10.71500015258789,10.6899995803833,10.694999694824219,4666,0.0,0.0
2024-10-04 10:35:00-04:00,10.694999694824219,10.719900131225586,10.680000305175781,10.6850004196167,7524,0.0,0.0
2024-10-04 10:40:00-04:00,10.6850004196167,10.699999809265137,10.6850004196167,10.699999809265137,4450,0.0,0.0
2024-10-04 10:45:00-04:00,10.68690013885498,10.699999809265137,10.6850004196167,10.699999809265137,2921,0.0,0.0
2024-10-04 10:50:00-04:00,10.699999809265137,10.725000381469727,10.699999809265137,10.71500015258789,7625,0.0,0.0
2024-10-04 10:55:00-04:00,10.71500015258789,10.719900131225586,10.699999809265137,10.71500015258789,3500,0.0,0.0
2024-10-04 11:00:00-04:00,10.710000038146973,10.734999656677246,10.710000038146973,10.734999656677246,9135,0.0,0.0
2024-10-04 11:05:00-04:00,10.739999771118164,10.739999771118164,10.729999542236328,10.734999656677246,5341,0.0,0.0
2024-10-04 11:10:00-04:00,10.729999542236328,10.736705780029297,10.725000381469727,10.731200218200684,6378,0.0,0.0
2024-10-04 11:15:00-04:00,10.729999542236328,10.729999542236328,10.699999809265137,10.71500015258789,8026,0.0,0.0
2024-10-04 11:20:00-04:00,10.710000038146973,10.710000038146973,10.680000305175781,10.6850004196167,6075,0.0,0.0
2024-10-04 11:25:00-04:00,10.680000305175781,10.699999809265137,10.680000305175781,10.699999809265137,5696,0.0,0.0
2024-10-04 11:30:00-04:00,10.6899995803833,10.710000038146973,10.68970012664795,10.710000038146973,5230,0.0,0.0
2024-10-04 11:35:00-04:00,10.720000267028809,10.725000381469727,10.720000267028809,10.720000267028809,1627,0.0,0.0
2024-10-04 11:40:00-04:00,10.729999542236328,10.729999542236328,10.71500015258789,10.720000267028809,6563,0.0,0.0
2024-10-04 11:45:00-04:00,10.719900131225586,10.729999542236328,10.71500015258789,10.720000267028809,2200,0.0,0.0
2024-10-04 11:50:00-04:00,10.720000267028809,10.75,10.720000267028809,10.747300148010254,4773,0.0,0.0
2024-10-04 11:55:00-04:00,10.744999885559082,10.75,10.739999771118164,10.744999885559082,1860,0.0,0.0
2024-10-04 12:00:00-04:00,10.75,10.795000076293945,10.75,10.795000076293945,9372,0.0,0.0
2024-10-04 12:05:00-04:00,10.795000076293945,10.805000305175781,10.770000457763672,10.770000457763672,9691,0.0,0.0
2024-10-04 12:10:00-04:00,10.760000228881836,10.770000457763672,10.755000114440918,10.760000228881836,5370,0.0,0.0
2024-10-04 12:15:00-04:00,10.765000343322754,10.777099609375,10.765000343322754,10.765000343322754,5264,0.0,0.0
2024-10-04 12:20:00-04:00,10.765000343322754,10.770000457763672,10.744999885559082,10.755000114440918,6989,0.0,0.0
2024-10-04 12:25:00-04:00,10.75,10.760000228881836,10.744999885559082,10.75,5123,0.0,0.0
2024-10-04 12:30:00-04:00,10.744999885559082,10.760000228881836,10.744999885559082,10.760000228881836,1639,0.0,0.0
2024-10-04 12:35:00-04:00,10.755000114440918,10.789999961853027,10.755000114440918,10.78499984741211,7717,0.0,0.0
2024-10-04 12:40:00-04:00,10.78499984741211,10.800000190734863,10.78499984741211,10.795000076293945,4303,0.0,0.0
2024-10-04 12:45:00-04:00,10.795000076293945,10.805000305175781,10.795000076293945,10.800000190734863,6000,0.0,0.0
2024-10-04 12:50:00-04:00,10.795000076293945,10.800000190734863,10.789999961853027,10.797499656677246,4239,0.0,0.0
2024-10-04 12:55:00-04:00,10.795000076293945,10.8100004196167,10.789999961853027,10.8100004196167,5251,0.0,0.0
2024-10-04 13:00:00-04:00,10.800000190734863,10.8100004196167,10.800000190734863,10.8100004196167,4283,0.0,0.0
2024-10-04 13:05:00-04:00,10.8100004196167,10.824999809265137,10.805000305175781,10.805000305175781,3102,0.0,0.0
2024-10-04 13:10:00-04:00,10.805000305175781,10.8149995803833,10.805000305175781,10.8100004196167,4291,0.0,0.0
2024-10-04 13:15:00-04:00,10.8149995803833,10.825599670410156,10.8149995803833,10.824999809265137,3520,0.0,0.0
2024-10-04 13:20:00-04:00,10.824999809265137,10.835000038146973,10.819999694824219,10.829999923706055,6933,0.0,0.0
2024-10-04 13:25:00-04:00,10.819999694824219,10.819999694824219,10.8149995803833,10.819999694824219,3338,0.0,0.0
2024-10-04 13:30:00-04:00,10.824999809265137,10.829999923706055,10.819999694824219,10.819999694824219,3356,0.0,0.0
2024-10-04 13:35:00-04:00,10.824999809265137,10.824999809265137,10.800000190734863,10.805000305175781,9305,0.0,0.0
2024-10-04 13:40:00-04:00,10.805000305175781,10.819999694824219,10.805000305175781,10.8149995803833,4353,0.0,0.0
2024-10-04 13:45:00-04:00,10.8149995803833,10.8149995803833,10.800000190734863,10.805000305175781,6454,0.0,0.0
2024-10-04 13:50:00-04:00,10.800000190734863,10.800000190734863,10.774999618530273,10.78499984741211,10631,0.0,0.0
2024-10-04 13:55:00-04:00,10.78499984741211,10.78499984741211,10.765000343322754,10.765000343322754,4003,0.0,0.0
2024-10-04 14:00:00-04:00,10.760000228881836,10.770000457763672,10.760000228881836,10.765000343322754,4127,0.0,0.0
2024-10-04 14:05:00-04:00,10.765000343322754,10.774999618530273,10.760000228881836,10.774999618530273,6783,0.0,0.0
2024-10-04 14:10:00-04:00,10.770000457763672,10.770000457763672,10.760000228881836,10.765000343322754,4476,0.0,0.0
2024-10-04 14:15:00-04:00,10.765000343322754,10.765000343322754,10.760000228881836,10.765000343322754,3770,0.0,0.0
2024-10-04 14:20:00-04:00,10.760000228881836,10.788999557495117,10.760000228881836,10.781100273132324,6692,0.0,0.0
2024-10-04 14:25:00-04:00,10.78499984741211,10.800000190734863,10.779999732971191,10.789999961853027,3649,0.0,0.0
2024-10-04 14:30:00-04:00,10.789999961853027,10.800000190734863,10.779999732971191,10.795000076293945,10496,0.0,0.0
2024-10-04 14:35:00-04:00,10.795000076293945,10.800000190734863,10.789999961853027,10.800000190734863,4270,0.0,0.0
2024-10-04 14:40:00-04:00,10.800000190734863,10.803999900817871,10.789999961853027,10.795000076293945,4761,0.0,0.0
2024-10-04 14:45:00-04:00,10.789999961853027,10.789999961853027,10.779999732971191,10.78499984741211,6916,0.0,0.0
2024-10-04 14:50:00-04:00,10.78499984741211,10.789899826049805,10.779999732971191,10.78499984741211,2520,0.0,0.0
2024-10-04 14:55:00-04:00,10.78499984741211,10.805000305175781,10.78499984741211,10.805000305175781,6716,0.0,0.0
2024-10-04 15:00:00-04:00,10.800000190734863,10.800000190734863,10.770000457763672,10.770000457763672,5486,0.0,0.0
2024-10-04 15:05:00-04:00,10.770000457763672,10.798999786376953,10.770000457763672,10.78499984741211,9681,0.0,0.0
2024-10-04 15:10:00-04:00,10.78499984741211,10.78499984741211,10.78499984741211,10.78499984741211,1858,0.0,0.0
2024-10-04 15:15:00-04:00,10.78499984741211,10.795000076293945,10.779999732971191,10.795000076293945,6481,0.0,0.0
2024-10-04 15:20:00-04:00,10.795000076293945,10.800000190734863,10.789999961853027,10.789999961853027,8296,0.0,0.0
2024-10-04 15:25:00-04:00,10.789999961853027,10.799300193786621,10.779999732971191,10.779999732971191,7958,0.0,0.0
2024-10-04 15:30:00-04:00,10.78499984741211,10.78499984741211,10.770000457763672,10.774999618530273,8226,0.0,0.0
2024-10-04 15:35:00-04:00,10.774999618530273,10.789999961853027,10.770000457763672,10.78499984741211,14227,0.0,0.0
2024-10-04 15:40:00-04:00,10.78499984741211,10.800000190734863,10.779999732971191,10.795000076293945,7817,0.0,0.0
2024-10-04 15:45:00-04:00,10.789999961853027,10.795000076293945,10.774999618530273,10.789999961853027,23028,0.0,0.0
2024-10-04 15:50:00-04:00,10.789999961853027,10.8100004196167,10.789999961853027,10.805000305175781,13980,0.0,0.0
2024-10-04 15:55:00-04:00,10.805000305175781,10.850000381469727,10.805000305175781,10.829999923706055,94012,0.0,0.0
2024-10-07 09:30:00-04:00,10.84000015258789,10.84000015258789,10.760000228881836,10.760000228881836,31095,0.0,0.0
2024-10-07 09:35:00-04:00,10.770000457763672,10.770000457763672,10.729999542236328,10.739999771118164,5775,0.0,0.0
2024-10-07 09:40:00-04:00,10.739999771118164,10.770000457763672,10.729999542236328,10.760000228881836,6224,0.0,0.0
2024-10-07 09:45:00-04:00,10.75,10.75,10.71500015258789,10.71500015258789,9602,0.0,0.0
2024-10-07 09:50:00-04:00,10.71500015258789,10.71500015258789,10.675000190734863,10.680000305175781,18100,0.0,0.0
2024-10-07 09:55:00-04:00,10.689499855041504,10.6899995803833,10.680000305175781,10.680000305175781,7475,0.0,0.0
2024-10-07 10:00:00-04:00,10.675000190734863,10.694999694824219,10.675000190734863,10.6850004196167,6054,0.0,0.0
2024-10-07 10:05:00-04:00,10.6850004196167,10.694999694824219,10.675000190734863,10.6899995803833,5766,0.0,0.0
2024-10-07 10:10:00-04:00,10.694999694824219,10.729999542236328,10.694999694824219,10.720000267028809,6807,0.0,0.0
2024-10-07 10:15:00-04:00,10.71500015258789,10.720000267028809,10.699999809265137,10.699999809265137,6354,0.0,0.0
2024-10-07 10:20:00-04:00,10.694999694824219,10.710000038146973,10.694999694824219,10.704999923706055,4275,0.0,0.0
2024-10-07 10:25:00-04:00,10.70460033416748,10.710000038146973,10.6899995803833,10.699999809265137,6873,0.0,0.0
2024-10-07 10:30:00-04:00,10.704999923706055,10.725000381469727,10.704999923706055,10.71500015258789,2643,0.0,0.0
2024-10-07 10:35:00-04:00,10.71500015258789,10.734999656677246,10.71500015258789,10.734999656677246,3905,0.0,0.0
2024-10-07 10:40:00-04:00,10.725000381469727,10.744999885559082,10.725000381469727,10.744999885559082,2990,0.0,0.0
2024-10-07 10:45:00-04:00,10.739999771118164,10.75570011138916,10.734999656677246,10.75570011138916,4431,0.0,0.0
2024-10-07 10:50:00-04:00,10.755000114440918,10.765000343322754,10.755000114440918,10.760000228881836,4327,0.0,0.0
2024-10-07 10:55:00-04:00,10.759900093078613,10.759900093078613,10.755000114440918,10.755000114440918,767,0.0,0.0
2024-10-07 11:00:00-04:00,10.755000114440918,10.755000114440918,10.739999771118164,10.755000114440918,6959,0.0,0.0
2024-10-07 11:05:00-04:00,10.760000228881836,10.76930046081543,10.755000114440918,10.760000228881836,4443,0.0,0.0
2024-10-07 11:10:00-04:00,10.760000228881836,10.760000228881836,10.755000114440918,10.755000114440918,4933,0.0,0.0
2024-10-07 11:15:00-04:00,10.755000114440918,10.760000228881836,10.75,10.760000228881836,3444,0.0,0.0
2024-10-07 11:20:00-04:00,10.75,10.760000228881836,10.75,10.760000228881836,1014,0.0,0.0
2024-10-07 11:25:00-04:00,10.758899688720703,10.760000228881836,10.75,10.755000114440918,5303,0.0,0.0
2024-10-07 11:30:00-04:00,10.755000114440918,10.755000114440918,10.755000114440918,10.755000114440918,540,0.0,0.0
2024-10-07 11:35:00-04:00,10.755000114440918,10.755000114440918,10.739999771118164,10.739999771118164,5420,0.0,0.0
2024-10-07 11:40:00-04:00,10.744999885559082,10.749799728393555,10.720000267028809,10.725000381469727,5635,0.0,0.0
2024-10-07 11:45:00-04:00,10.725000381469727,10.729999542236328,10.725000381469727,10.725000381469727,3607,0.0,0.0
2024-10-07 11:50:00-04:00,10.729999542236328,10.729999542236328,10.725000381469727,10.725000381469727,851,0.0,0.0
2024-10-07 11:55:00-04:00,10.729999542236328,10.729999542236328,10.725000381469727,10.729999542236328,1214,0.0,0.0
2024-10-07 12:00:00-04:00,10.725000381469727,10.7253999710083,10.722399711608887,10.724100112915039,3245,0.0,0.0
2024-10-07 12:05:00-04:00,10.725000381469727,10.734999656677246,10.725000381469727,10.734999656677246,8320,0.0,0.0
2024-10-07 12:10:00-04:00,10.734999656677246,10.739899635314941,10.734999656677246,10.734999656677246,1792,0.0,0.0
2024-10-07 12:15:00-04:00,10.734999656677246,10.755000114440918,10.734999656677246,10.744999885559082,8942,0.0,0.0
2024-10-07 12:20:00-04:00,10.744999885559082,10.75,10.739999771118164,10.744999885559082,3100,0.0,0.0
2024-10-07 12:25:00-04:00,10.744999885559082,10.75,10.744999885559082,10.744999885559082,2004,0.0,0.0
2024-10-07 12:30:00-04:00,10.745699882507324,10.745699882507324,10.744999885559082,10.744999885559082,6651,0.0,0.0
2024-10-07 12:35:00-04:00,10.74590015411377,10.755000114440918,10.744999885559082,10.755000114440918,5350,0.0,0.0
2024-10-07 12:40:00-04:00,10.75,10.75,10.739999771118164,10.744999885559082,5110,0.0,0.0
2024-10-07 12:45:00-04:00,10.744999885559082,10.755000114440918,10.744999885559082,10.755000114440918,5258,0.0,0.0
2024-10-07 12:50:00-04:00,10.755000114440918,10.765000343322754,10.75,10.760000228881836,9616,0.0,0.0
2024-10-07 12:55:00-04:00,10.766500473022461,10.766500473022461,10.755000114440918,10.760000228881836,4956,0.0,0.0
2024-10-07 13:00:00-04:00,10.765000343322754,10.779999732971191,10.760000228881836,10.779999732971191,14919,0.0,0.0
2024-10-07 13:05:00-04:00,10.774999618530273,10.779999732971191,10.774999618530273,10.774999618530273,3531,0.0,0.0
2024-10-07 13:10:00-04:00,10.774999618530273,10.795000076293945,10.774999618530273,10.795000076293945,5221,0.0,0.0
2024-10-07 13:15:00-04:00,10.793999671936035,10.793999671936035,10.779999732971191,10.779999732971191,6911,0.0,0.0
2024-10-07 13:20:00-04:00,10.789899826049805,10.789899826049805,10.770000457763672,10.770000457763672,1813,0.0,0.0
2024-10-07 13:25:00-04:00,10.774999618530273,10.787500381469727,10.774999618530273,10.78499984741211,5623,0.0,0.0
2024-10-07 13:30:00-04:00,10.78499984741211,10.78499984741211,10.774999618530273,10.779999732971191,5563,0.0,0.0
2024-10-07 13:35:00-04:00,10.779999732971191,10.78499984741211,10.779999732971191,10.779999732971191,1688,0.0,0.0
2024-10-07 13:40:00-04:00,10.779999732971191,10.779999732971191,10.765000343322754,10.765000343322754,6137,0.0,0.0
2024-10-07 13:45:00-04:00,10.765000343322754,10.765899658203125,10.755000114440918,10.755000114440918,3062,0.0,0.0
2024-10-07 13:50:00-04:00,10.755000114440918,10.760000228881836,10.744999885559082,10.760000228881836,7673,0.0,0.0
2024-10-07 13:55:00-04:00,10.756699562072754,10.765000343322754,10.755000114440918,10.763999938964844,3909,0.0,0.0
2024-10-07 14:00:00-04:00,10.760000228881836,10.76830005645752,10.755000114440918,10.765000343322754,5172,0.0,0.0
2024-10-07 14:05:00-04:00,10.765000343322754,10.770000457763672,10.765000343322754,10.765000343322754,1949,0.0,0.0
2024-10-07 14:10:00-04:00,10.765000343322754,10.779999732971191,10.765000343322754,10.774999618530273,5719,0.0,0.0
2024-10-07 14:15:00-04:00,10.774999618530273,10.776900291442871,10.770000457763672,10.770000457763672,1869,0.0,0.0
2024-10-07 14:20:00-04:00,10.770000457763672,10.779999732971191,10.770000457763672,10.774999618530273,7458,0.0,0.0
2024-10-07 14:25:00-04:00,10.779999732971191,10.789999961853027,10.770000457763672,10.774999618530273,31064,0.0,0.0
2024-10-07 14:30:00-04:00,10.78499984741211,10.78499984741211,10.760000228881836,10.765000343322754,10761,0.0,0.0
2024-10-07 14:35:00-04:00,10.76990032196045,10.770000457763672,10.739999771118164,10.755000114440918,22907,0.0,0.0
2024-10-07 14:40:00-04:00,10.755000114440918,10.770000457763672,10.755000114440918,10.765000343322754,7048,0.0,0.0
2024-10-07 14:45:00-04:00,10.755000114440918,10.760000228881836,10.75,10.755000114440918,4738,0.0,0.0
2024-10-07 14:50:00-04:00,10.759900093078613,10.759900093078613,10.729999542236328,10.75,20186,0.0,0.0
2024-10-07 14:55:00-04:00,10.760000228881836,10.760000228881836,10.75,10.759499549865723,9749,0.0,0.0
2024-10-07 15:00:00-04:00,10.751199722290039,10.774999618530273,10.75,10.774999618530273,12587,0.0,0.0
2024-10-07 15:05:00-04:00,10.774999618530273,10.805000305175781,10.774999618530273,10.805000305175781,8789,0.0,0.0
2024-10-07 15:10:00-04:00,10.795000076293945,10.800000190734863,10.789999961853027,10.789999961853027,4558,0.0,0.0
2024-10-07 15:15:00-04:00,10.789999961853027,10.805000305175781,10.789999961853027,10.805000305175781,3782,0.0,0.0
2024-10-07 15:20:00-04:00,10.807999610900879,10.8149995803833,10.805000305175781,10.8100004196167,5827,0.0,0.0
2024-10-07 15:25:00-04:00,10.8149995803833,10.8149995803833,10.8100004196167,10.8149995803833,8768,0.0,0.0
2024-10-07 15:30:00-04:00,10.8149995803833,10.8149995803833,10.800000190734863,10.800000190734863,6062,0.0,0.0
2024-10-07 15:35:00-04:00,10.800000190734863,10.805000305175781,10.800000190734863,10.800000190734863,2327,0.0,0.0
2024-10-07 15:40:00-04:00,10.800000190734863,10.8149995803833,10.795000076293945,10.8149995803833,21036,0.0,0.0
2024-10-07 15:45:00-04:00,10.8100004196167,10.829999923706055,10.8100004196167,10.819999694824219,13263,0.0,0.0
2024-10-07 15:50:00-04:00,10.829999923706055,10.835000038146973,10.8149995803833,10.819999694824219,30532,0.0,0.0
2024-10-07 15:55:00-04:00,10.829999923706055,10.84000015258789,10.819999694824219,10.84000015258789,62817,0.0,0.0
2024-10-08 09:30:00-04:00,10.829999923706055,10.859999656677246,10.800000190734863,10.8149995803833,12681,0.0,0.0
2024-10-08 09:35:00-04:00,10.8100004196167,10.8100004196167,10.770000457763672,10.779999732971191,3010,0.0,0.0
2024-10-08 09:40:00-04:00,10.779999732971191,10.779999732971191,10.760000228881836,10.76990032196045,2223,0.0,0.0
2024-10-08 09:45:00-04:00,10.751399993896484,10.760000228881836,10.739999771118164,10.755000114440918,3528,0.0,0.0
2024-10-08 09:50:00-04:00,10.760000228881836,10.770000457763672,10.755000114440918,10.770000457763672,4966,0.0,0.0
2024-10-08 09:55:00-04:00,10.779999732971191,10.780799865722656,10.779999732971191,10.780799865722656,1046,0.0,0.0
2024-10-08 10:00:00-04:00,10.770000457763672,10.799300193786621,10.770000457763672,10.799300193786621,11199,0.0,0.0
2024-10-08 10:05:00-04:00,10.78499984741211,10.795000076293945,10.78499984741211,10.795000076293945,1159,0.0,0.0
2024-10-08 10:10:00-04:00,10.79010009765625,10.79010009765625,10.774999618530273,10.779500007629395,8252,0.0,0.0
2024-10-08 10:15:00-04:00,10.770000457763672,10.779999732971191,10.770000457763672,10.774999618530273,3907,0.0,0.0
2024-10-08 10:20:00-04:00,10.770000457763672,10.770000457763672,10.755000114440918,10.755000114440918,1351,0.0,0.0
2024-10-08 10:25:00-04:00,10.760000228881836,10.774999618530273,10.755000114440918,10.770000457763672,4441,0.0,0.0
2024-10-08 10:30:00-04:00,10.765000343322754,10.770000457763672,10.760000228881836,10.760000228881836,3311,0.0,0.0
2024-10-08 10:35:00-04:00,10.755000114440918,10.760000228881836,10.75,10.759099960327148,2695,0.0,0.0
2024-10-08 10:40:00-04:00,10.760000228881836,10.774999618530273,10.734999656677246,10.760000228881836,12955,0.0,0.0
2024-10-08 10:45:00-04:00,10.765000343322754,10.779999732971191,10.765000343322754,10.774999618530273,3392,0.0,0.0
2024-10-08 10:50:00-04:00,10.774999618530273,10.805000305175781,10.774999618530273,10.805000305175781,10143,0.0,0.0
2024-10-08 10:55:00-04:00,10.8100004196167,10.8100004196167,10.78499984741211,10.789999961853027,3383,0.0,0.0
2024-10-08 11:00:00-04:00,10.789999961853027,10.8100004196167,10.78499984741211,10.8100004196167,5486,0.0,0.0
2024-10-08 11:05:00-04:00,10.8149995803833,10.819999694824219,10.81470012664795,10.8149995803833,1475,0.0,0.0
2024-10-08 11:10:00-04:00,10.8149995803833,10.819999694824219,10.81089973449707,10.819999694824219,4627,0.0,0.0
2024-10-08 11:15:00-04:00,10.8149995803833,10.819999694824219,10.810099601745605,10.8149995803833,8919,0.0,0.0
2024-10-08 11:20:00-04:00,10.8149995803833,10.835000038146973,10.8149995803833,10.835000038146973,6284,0.0,0.0
2024-10-08 11:25:00-04:00,10.84000015258789,10.84000015258789,10.829999923706055,10.84000015258789,17236,0.0,0.0
2024-10-08 11:30:00-04:00,10.835000038146973,10.845000267028809,10.8149995803833,10.8149995803833,13285,0.0,0.0
2024-10-08 11:35:00-04:00,10.8149995803833,10.819999694824219,10.8100004196167,10.8149995803833,5606,0.0,0.0
2024-10-08 11:40:00-04:00,10.8149995803833,10.829999923706055,10.805000305175781,10.805000305175781,10331,0.0,0.0
2024-10-08 11:45:00-04:00,10.805000305175781,10.8100004196167,10.795000076293945,10.800000190734863,3827,0.0,0.0
2024-10-08 11:50:00-04:00,10.795000076293945,10.824999809265137,10.789999961853027,10.8149995803833,19101,0.0,0.0
2024-10-08 11:55:00-04:00,10.819999694824219,10.829999923706055,10.8149995803833,10.829999923706055,9004,0.0,0.0
2024-10-08 12:00:00-04:00,10.824999809265137,10.84000015258789,10.824999809265137,10.835000038146973,10488,0.0,0.0
2024-10-08 12:05:00-04:00,10.829999923706055,10.859299659729004,10.829999923706055,10.859299659729004,18047,0.0,0.0
2024-10-08 12:10:00-04:00,10.854999542236328,10.864999771118164,10.850000381469727,10.854999542236328,15390,0.0,0.0
2024-10-08 12:15:00-04:00,10.854999542236328,10.859999656677246,10.854999542236328,10.859999656677246,4368,0.0,0.0
2024-10-08 12:20:00-04:00,10.854999542236328,10.869999885559082,10.854999542236328,10.864999771118164,7808,0.0,0.0
2024-10-08 12:25:00-04:00,10.869999885559082,10.880000114440918,10.864999771118164,10.869999885559082,7354,0.0,0.0
2024-10-08 12:30:00-04:00,10.869999885559082,10.875,10.84000015258789,10.854999542236328,27025,0.0,0.0
2024-10-08 12:35:00-04:00,10.854999542236328,10.869999885559082,10.854999542236328,10.864999771118164,4258,0.0,0.0
2024-10-08 12:40:00-04:00,10.864999771118164,10.869999885559082,10.850000381469727,10.854999542236328,20491,0.0,0.0
2024-10-08 12:45:00-04:00,10.854999542236328,10.859999656677246,10.850000381469727,10.854999542236328,4797,0.0,0.0
2024-10-08 12:50:00-04:00,10.854999542236328,10.859999656677246,10.850000381469727,10.854999542236328,2660,0.0,0.0
2024-10-08 12:55:00-04:00,10.854999542236328,10.859999656677246,10.854999542236328,10.854999542236328,8670,0.0,0.0
2024-10-08 13:00:00-04:00,10.859999656677246,10.859999656677246,10.850000381469727,10.854999542236328,5823,0.0,0.0
2024-10-08 13:05:00-04:00,10.854999542236328,10.859999656677246,10.850000381469727,10.859999656677246,4989,0.0,0.0
2024-10-08 13:10:00-04:00,10.859999656677246,10.859999656677246,10.850000381469727,10.854999542236328,2449,0.0,0.0
2024-10-08 13:15:00-04:00,10.854999542236328,10.859999656677246,10.850000381469727,10.859999656677246,4209,0.0,0.0
2024-10-08 13:20:00-04:00,10.854999542236328,10.880000114440918,10.854999542236328,10.875,6022,0.0,0.0
2024-10-08 13:25:00-04:00,10.880000114440918,10.880000114440918,10.871199607849121,10.875,4889,0.0,0.0
2024-10-08 13:30:00-04:00,10.875,10.880000114440918,10.875,10.880000114440918,1427,0.0,0.0
2024-10-08 13:35:00-04:00,10.875,10.880000114440918,10.864999771118164,10.864999771118164,5353,0.0,0.0
2024-10-08 13:40:00-04:00,10.864999771118164,10.880000114440918,10.859999656677246,10.875,3680,0.0,0.0
2024-10-08 13:45:00-04:00,10.880000114440918,10.880000114440918,10.875,10.875,1638,0.0,0.0
2024-10-08 13:50:00-04:00,10.869999885559082,10.875,10.862000465393066,10.875,6070,0.0,0.0
2024-10-08 13:55:00-04:00,10.874500274658203,10.885000228881836,10.869999885559082,10.885000228881836,12579,0.0,0.0
2024-10-08 14:00:00-04:00,10.885000228881836,10.885000228881836,10.875,10.880000114440918,2661,0.0,0.0
2024-10-08 14:05:00-04:00,10.875,10.880000114440918,10.875,10.880000114440918,2615,0.0,0.0
2024-10-08 14:10:00-04:00,10.880000114440918,10.880000114440918,10.854999542236328,10.854999542236328,6178,0.0,0.0
2024-10-08 14:15:00-04:00,10.854999542236328,10.854999542236328,10.84000015258789,10.845000267028809,3482,0.0,0.0
2024-10-08 14:20:00-04:00,10.845000267028809,10.850000381469727,10.835000038146973,10.835000038146973,3034,0.0,0.0
2024-10-08 14:25:00-04:00,10.835000038146973,10.84000015258789,10.833000183105469,10.84000015258789,3724,0.0,0.0
2024-10-08 14:30:00-04:00,10.84000015258789,10.869999885559082,10.835000038146973,10.864999771118164,15152,0.0,0.0
2024-10-08 14:35:00-04:00,10.864999771118164,10.869999885559082,10.850000381469727,10.850000381469727,5473,0.0,0.0
2024-10-08 14:40:00-04:00,10.84000015258789,10.84000015258789,10.84000015258789,10.84000015258789,1281,0.0,0.0
2024-10-08 14:45:00-04:00,10.835000038146973,10.850000381469727,10.835000038146973,10.845000267028809,5569,0.0,0.0
2024-10-08 14:50:00-04:00,10.845000267028809,10.850000381469727,10.845000267028809,10.845000267028809,2474,0.0,0.0
2024-10-08 14:55:00-04:00,10.850000381469727,10.859999656677246,10.850000381469727,10.854999542236328,3174,0.0,0.0
2024-10-08 15:00:00-04:00,10.850000381469727,10.859999656677246,10.850000381469727,10.854999542236328,3827,0.0,0.0
2024-10-08 15:05:00-04:00,10.854999542236328,10.854999542236328,10.835000038146973,10.854999542236328,6377,0.0,0.0
2024-10-08 15:10:00-04:00,10.850000381469727,10.859000205993652,10.850000381469727,10.854999542236328,1201,0.0,0.0
2024-10-08 15:15:00-04:00,10.854999542236328,10.854999542236328,10.850000381469727,10.854999542236328,3009,0.0,0.0
2024-10-08 15:20:00-04:00,10.854999542236328,10.864999771118164,10.850000381469727,10.864999771118164,6642,0.0,0.0
2024-10-08 15:25:00-04:00,10.869999885559082,10.875,10.864999771118164,10.87389087677002,5961,0.0,0.0
2024-10-08 15:30:00-04:00,10.875,10.890000343322754,10.869999885559082,10.880000114440918,5975,0.0,0.0
2024-10-08 15:35:00-04:00,10.885000228881836,10.885000228881836,10.880000114440918,10.885000228881836,4183,0.0,0.0
2024-10-08 15:40:00-04:00,10.885000228881836,10.899999618530273,10.885000228881836,10.899999618530273,8932,0.0,0.0
2024-10-08 15:45:00-04:00,10.895000457763672,10.899999618530273,10.890000343322754,10.890000343322754,9211,0.0,0.0
2024-10-08 15:50:00-04:00,10.890000343322754,10.90999984741211,10.880000114440918,10.895000457763672,20460,0.0,0.0
2024-10-08 15:55:00-04:00,10.895000457763672,10.90999984741211,10.880000114440918,10.890000343322754,53926,0.0,0.0
2024-10-09 09:30:00-04:00,10.880000114440918,10.904999732971191,10.84000015258789,10.840800285339355,19165,0.0,0.0
2024-10-09 09:35:00-04:00,10.845000267028809,10.869999885559082,10.829099655151367,10.869999885559082,4366,0.0,0.0
2024-10-09 09:40:00-04:00,10.869999885559082,10.90999984741211,10.869999885559082,10.899999618530273,5163,0.0,0.0
2024-10-09 09:45:00-04:00,10.880000114440918,10.885000228881836,10.870200157165527,10.875,10876,0.0,0.0
2024-10-09 09:50:00-04:00,10.880000114440918,10.890000343322754,10.880000114440918,10.885000228881836,7865,0.0,0.0
2024-10-09 09:55:00-04:00,10.885000228881836,10.899999618530273,10.885000228881836,10.890000343322754,3040,0.0,0.0
2024-10-09 10:00:00-04:00,10.885000228881836,10.899999618530273,10.885000228881836,10.890000343322754,3041,0.0,0.0
2024-10-09 10:05:00-04:00,10.885000228881836,10.885000228881836,10.864999771118164,10.875,4075,0.0,0.0
2024-10-09 10:10:00-04:00,10.875,10.880000114440918,10.869999885559082,10.880000114440918,4867,0.0,0.0
2024-10-09 10:15:00-04:00,10.880000114440918,10.880000114440918,10.850000381469727,10.850000381469727,1658,0.0,0.0
2024-10-09 10:20:00-04:00,10.84000015258789,10.84000015258789,10.824999809265137,10.824999809265137,1201,0.0,0.0
2024-10-09 10:25:00-04:00,10.829099655151367,10.829999923706055,10.824999809265137,10.824999809265137,2596,0.0,0.0
2024-10-09 10:30:00-04:00,10.819999694824219,10.829999923706055,10.8149995803833,10.819999694824219,1667,0.0,0.0
2024-10-09 10:35:00-04:00,10.8149995803833,10.850000381469727,10.8149995803833,10.835000038146973,4366,0.0,0.0
2024-10-09 10:40:00-04:00,10.84000015258789,10.84000015258789,10.835000038146973,10.835000038146973,420,0.0,0.0
2024-10-09 10:45:00-04:00,10.835000038146973,10.854999542236328,10.835000038146973,10.854999542236328,2697,0.0,0.0
2024-10-09 10:50:00-04:00,10.854999542236328,10.854999542236328,10.850000381469727,10.85420036315918,1338,0.0,0.0
2024-10-09 10:55:00-04:00,10.859999656677246,10.859999656677246,10.84000015258789,10.845000267028809,1499,0.0,0.0
2024-10-09 11:00:00-04:00,10.845000267028809,10.850000381469727,10.84000015258789,10.845000267028809,1742,0.0,0.0
2024-10-09 11:05:00-04:00,10.850000381469727,10.864999771118164,10.845000267028809,10.859999656677246,3723,0.0,0.0
2024-10-09 11:10:00-04:00,10.855299949645996,10.869099617004395,10.854999542236328,10.869099617004395,6430,0.0,0.0
2024-10-09 11:15:00-04:00,10.864999771118164,10.869999885559082,10.845000267028809,10.859999656677246,6115,0.0,0.0
2024-10-09 11:20:00-04:00,10.864999771118164,10.869999885559082,10.864999771118164,10.864999771118164,1635,0.0,0.0
2024-10-09 11:25:00-04:00,10.869999885559082,10.890000343322754,10.864999771118164,10.876947402954102,4604,0.0,0.0
2024-10-09 11:30:00-04:00,10.877400398254395,10.880000114440918,10.875,10.875,1802,0.0,0.0
2024-10-09 11:35:00-04:00,10.879300117492676,10.879300117492676,10.875,10.875,2317,0.0,0.0
2024-10-09 11:40:00-04:00,10.880000114440918,10.899999618530273,10.880000114440918,10.890000343322754,5407,0.0,0.0
2024-10-09 11:45:00-04:00,10.890000343322754,10.895000457763672,10.885000228881836,10.885000228881836,12094,0.0,0.0
2024-10-09 11:50:00-04:00,10.885000228881836,10.890000343322754,10.880000114440918,10.880000114440918,4892,0.0,0.0
2024-10-09 11:55:00-04:00,10.880000114440918,10.880000114440918,10.854999542236328,10.854999542236328,5795,0.0,0.0
2024-10-09 12:00:00-04:00,10.845000267028809,10.845000267028809,10.84000015258789,10.845000267028809,868,0.0,0.0
2024-10-09 12:05:00-04:00,10.84000015258789,10.850000381469727,10.84000015258789,10.850000381469727,3669,0.0,0.0
2024-10-09 12:15:00-04:00,10.850000381469727,10.854999542236328,10.850000381469727,10.850000381469727,2732,0.0,0.0
2024-10-09 12:20:00-04:00,10.85890007019043,10.85890007019043,10.835000038146973,10.835000038146973,4442,0.0,0.0
2024-10-09 12:25:00-04:00,10.829999923706055,10.829999923706055,10.829999923706055,10.829999923706055,164,0.0,0.0
2024-10-09 12:30:00-04:00,10.829999923706055,10.829999923706055,10.819999694824219,10.824999809265137,3181,0.0,0.0
2024-10-09 12:35:00-04:00,10.824999809265137,10.829099655151367,10.824999809265137,10.829099655151367,1426,0.0,0.0
2024-10-09 12:40:00-04:00,10.829999923706055,10.829999923706055,10.819999694824219,10.819999694824219,1004,0.0,0.0
2024-10-09 12:45:00-04:00,10.819999694824219,10.829999923706055,10.8149995803833,10.819999694824219,2724,0.0,0.0
2024-10-09 12:50:00-04:00,10.8100004196167,10.8149995803833,10.8100004196167,10.8100004196167,1685,0.0,0.0
2024-10-09 12:55:00-04:00,10.8149995803833,10.819999694824219,10.8149995803833,10.8149995803833,1279,0.0,0.0
2024-10-09 13:00:00-04:00,10.819499969482422,10.819499969482422,10.819499969482422,10.819499969482422,388,0.0,0.0
2024-10-09 13:05:00-04:00,10.8149995803833,10.819999694824219,10.8149995803833,10.8149995803833,2866,0.0,0.0
2024-10-09 13:10:00-04:00,10.819999694824219,10.829999923706055,10.819999694824219,10.824999809265137,935,0.0,0.0
2024-10-09 13:15:00-04:00,10.824999809265137,10.824999809265137,10.824999809265137,10.824999809265137,848,0.0,0.0
2024-10-09 13:20:00-04:00,10.824999809265137,10.824999809265137,10.8149995803833,10.8149995803833,1345,0.0,0.0
2024-10-09 13:25:00-04:00,10.819999694824219,10.824999809265137,10.8149995803833,10.8149995803833,2701,0.0,0.0
2024-10-09 13:30:00-04:00,10.819999694824219,10.819999694824219,10.8149995803833,10.8149995803833,986,0.0,0.0
2024-10-09 13:35:00-04:00,10.8149995803833,10.8149995803833,10.8149995803833,10.8149995803833,625,0.0,0.0
2024-10-09 13:40:00-04:00,10.8149995803833,10.824999809265137,10.8149995803833,10.824999809265137,4503,0.0,0.0
2024-10-09 13:45:00-04:00,10.824999809265137,10.824999809265137,10.819999694824219,10.819999694824219,1094,0.0,0.0
2024-10-09 13:50:00-04:00,10.829899787902832,10.829899787902832,10.8149995803833,10.8149995803833,4575,0.0,0.0
2024-10-09 13:55:00-04:00,10.819999694824219,10.819999694824219,10.8149995803833,10.8149995803833,4105,0.0,0.0
2024-10-09 14:00:00-04:00,10.819999694824219,10.819999694824219,10.8149995803833,10.8149995803833,1770,0.0,0.0
2024-10-09 14:05:00-04:00,10.819999694824219,10.82919979095459,10.8149995803833,10.824999809265137,3118,0.0,0.0
2024-10-09 14:10:00-04:00,10.819999694824219,10.819999694824219,10.805000305175781,10.805000305175781,4838,0.0,0.0
2024-10-09 14:15:00-04:00,10.800000190734863,10.800000190734863,10.779999732971191,10.78499984741211,9131,0.0,0.0
2024-10-09 14:20:00-04:00,10.784199714660645,10.789999961853027,10.779999732971191,10.78499984741211,4882,0.0,0.0
2024-10-09 14:25:00-04:00,10.789999961853027,10.795000076293945,10.78499984741211,10.789999961853027,5141,0.0,0.0
2024-10-09 14:30:00-04:00,10.789999961853027,10.789999961853027,10.78499984741211,10.78499984741211,2327,0.0,0.0
2024-10-09 14:35:00-04:00,10.782899856567383,10.795000076293945,10.782899856567383,10.795000076293945,3658,0.0,0.0
2024-10-09 14:45:00-04:00,10.799099922180176,10.799099922180176,10.795000076293945,10.795000076293945,1979,0.0,0.0
2024-10-09 14:50:00-04:00,10.789999961853027,10.789999961853027,10.789999961853027,10.789999961853027,448,0.0,0.0
2024-10-09 14:55:00-04:00,10.789999961853027,10.795000076293945,10.78499984741211,10.785699844360352,5567,0.0,0.0
2024-10-09 15:00:00-04:00,10.779999732971191,10.779999732971191,10.779999732971191,10.779999732971191,1641,0.0,0.0
2024-10-09 15:05:00-04:00,10.779999732971191,10.78499984741211,10.779999732971191,10.781100273132324,1843,0.0,0.0
2024-10-09 15:10:00-04:00,10.78499984741211,10.78499984741211,10.765000343322754,10.770000457763672,7449,0.0,0.0
2024-10-09 15:15:00-04:00,10.774999618530273,10.78499984741211,10.770000457763672,10.774999618530273,7216,0.0,0.0
2024-10-09 15:20:00-04:00,10.774999618530273,10.774999618530273,10.765000343322754,10.770000457763672,7251,0.0,0.0
2024-10-09 15:25:00-04:00,10.774999618530273,10.78499984741211,10.774999618530273,10.779999732971191,5737,0.0,0.0
2024-10-09 15:30:00-04:00,10.779999732971191,10.788999557495117,10.779999732971191,10.779999732971191,3456,0.0,0.0
2024-10-09 15:35:00-04:00,10.779999732971191,10.78499984741211,10.765000343322754,10.774999618530273,12186,0.0,0.0
2024-10-09 15:40:00-04:00,10.774999618530273,10.787500381469727,10.774999618530273,10.779999732971191,8043,0.0,0.0
2024-10-09 15:45:00-04:00,10.779999732971191,10.789999961853027,10.779999732971191,10.78499984741211,11440,0.0,0.0
2024-10-09 15:50:00-04:00,10.779999732971191,10.795000076293945,10.774999618530273,10.779999732971191,28816,0.0,0.0
2024-10-09 15:55:00-04:00,10.779999732971191,10.789999961853027,10.770000457763672,10.779999732971191,59018,0.0,0.0
2024-10-10 09:30:00-04:00,10.710000038146973,10.725000381469727,10.70199966430664,10.720000267028809,8895,0.0,0.0
2024-10-10 09:35:00-04:00,10.709600448608398,10.71500015258789,10.704999923706055,10.71500015258789,1435,0.0,0.0
2024-10-10 09:40:00-04:00,10.720000267028809,10.720000267028809,10.710000038146973,10.710000038146973,1130,0.0,0.0
2024-10-10 09:45:00-04:00,10.720000267028809,10.725000381469727,10.710000038146973,10.720000267028809,2694,0.0,0.0
2024-10-10 09:50:00-04:00,10.725000381469727,10.739999771118164,10.725000381469727,10.729999542236328,2389,0.0,0.0
2024-10-10 09:55:00-04:00,10.720000267028809,10.745200157165527,10.720000267028809,10.729999542236328,1989,0.0,0.0
2024-10-10 10:00:00-04:00,10.729999542236328,10.739100456237793,10.720000267028809,10.720000267028809,10957,0.0,0.0
2024-10-10 10:05:00-04:00,10.71500015258789,10.725000381469727,10.710000038146973,10.720000267028809,2528,0.0,0.0
2024-10-10 10:10:00-04:00,10.725000381469727,10.739999771118164,10.725000381469727,10.739999771118164,2224,0.0,0.0
2024-10-10 10:15:00-04:00,10.734999656677246,10.734999656677246,10.725000381469727,10.725000381469727,834,0.0,0.0
2024-10-10 10:20:00-04:00,10.729999542236328,10.729999542236328,10.71500015258789,10.720000267028809,4119,0.0,0.0
2024-10-10 10:25:00-04:00,10.71500015258789,10.71500015258789,10.699999809265137,10.708999633789062,4570,0.0,0.0
2024-10-10 10:30:00-04:00,10.710000038146973,10.720000267028809,10.704999923706055,10.704999923706055,5814,0.0,0.0
2024-10-10 10:35:00-04:00,10.710000038146973,10.710000038146973,10.704999923706055,10.704999923706055,1900,0.0,0.0
2024-10-10 10:40:00-04:00,10.708900451660156,10.708999633789062,10.704999923706055,10.704999923706055,1131,0.0,0.0
2024-10-10 10:45:00-04:00,10.704999923706055,10.704999923706055,10.6850004196167,10.6899995803833,5508,0.0,0.0
2024-10-10 10:50:00-04:00,10.699299812316895,10.704999923706055,10.6899995803833,10.699999809265137,2874,0.0,0.0
2024-10-10 10:55:00-04:00,10.6899995803833,10.6899995803833,10.680000305175781,10.6850004196167,708,0.0,0.0
2024-10-10 11:00:00-04:00,10.6850004196167,10.725000381469727,10.6850004196167,10.725000381469727,16109,0.0,0.0
2024-10-10 11:05:00-04:00,10.729999542236328,10.744999885559082,10.729999542236328,10.744999885559082,2035,0.0,0.0
2024-10-10 11:10:00-04:00,10.739999771118164,10.75,10.739999771118164,10.744999885559082,1442,0.0,0.0
2024-10-10 11:15:00-04:00,10.744999885559082,10.744999885559082,10.725000381469727,10.725000381469727,2130,0.0,0.0
2024-10-10 11:20:00-04:00,10.720000267028809,10.729999542236328,10.71500015258789,10.720000267028809,26669,0.0,0.0
2024-10-10 11:25:00-04:00,10.71500015258789,10.720000267028809,10.699999809265137,10.710000038146973,5114,0.0,0.0
2024-10-10 11:30:00-04:00,10.710000038146973,10.725000381469727,10.710000038146973,10.720000267028809,3672,0.0,0.0
2024-10-10 11:35:00-04:00,10.710000038146973,10.720000267028809,10.710000038146973,10.720000267028809,1332,0.0,0.0
2024-10-10 11:40:00-04:00,10.710000038146973,10.720000267028809,10.710000038146973,10.720000267028809,948,0.0,0.0
2024-10-10 11:45:00-04:00,10.710000038146973,10.734999656677246,10.710000038146973,10.720000267028809,5953,0.0,0.0
2024-10-10 11:50:00-04:00,10.720000267028809,10.720000267028809,10.71500015258789,10.71500015258789,1692,0.0,0.0
2024-10-10 11:55:00-04:00,10.720000267028809,10.7391996383667,10.720000267028809,10.725000381469727,3437,0.0,0.0
2024-10-10 12:00:00-04:00,10.725000381469727,10.729999542236328,10.720000267028809,10.729000091552734,7183,0.0,0.0
2024-10-10 12:05:00-04:00,10.720000267028809,10.720000267028809,10.720000267028809,10.720000267028809,840,0.0,0.0
2024-10-10 12:10:00-04:00,10.725000381469727,10.729999542236328,10.725000381469727,10.725000381469727,1910,0.0,0.0
2024-10-10 12:15:00-04:00,10.729000091552734,10.729000091552734,10.720000267028809,10.720000267028809,1036,0.0,0.0
2024-10-10 12:20:00-04:00,10.725000381469727,10.725000381469727,10.720000267028809,10.725000381469727,4285,0.0,0.0
2024-10-10 12:25:00-04:00,10.720000267028809,10.72920036315918,10.720000267028809,10.725000381469727,1552,0.0,0.0
2024-10-10 12:30:00-04:00,10.729999542236328,10.734999656677246,10.729999542236328,10.734999656677246,4624,0.0,0.0
2024-10-10 12:35:00-04:00,10.734999656677246,10.75,10.734999656677246,10.744999885559082,5161,0.0,0.0
2024-10-10 12:40:00-04:00,10.746000289916992,10.746500015258789,10.734999656677246,10.734999656677246,4277,0.0,0.0
2024-10-10 12:45:00-04:00,10.734999656677246,10.734999656677246,10.71500015258789,10.720000267028809,3451,0.0,0.0
2024-10-10 12:50:00-04:00,10.720000267028809,10.729999542236328,10.720000267028809,10.729999542236328,1425,0.0,0.0
2024-10-10 12:55:00-04:00,10.720000267028809,10.720000267028809,10.719499588012695,10.719499588012695,2148,0.0,0.0
2024-10-10 13:00:00-04:00,10.710000038146973,10.720000267028809,10.710000038146973,10.720000267028809,1033,0.0,0.0
2024-10-10 13:05:00-04:00,10.710000038146973,10.739999771118164,10.710000038146973,10.729999542236328,22222,0.0,0.0
2024-10-10 13:10:00-04:00,10.729999542236328,10.739999771118164,10.729999542236328,10.734999656677246,1170,0.0,0.0
2024-10-10 13:15:00-04:00,10.739999771118164,10.739999771118164,10.729999542236328,10.734999656677246,2667,0.0,0.0
2024-10-10 13:20:00-04:00,10.734999656677246,10.75,10.734999656677246,10.744999885559082,2430,0.0,0.0
2024-10-10 13:25:00-04:00,10.744999885559082,10.744999885559082,10.739999771118164,10.739999771118164,754,0.0,0.0
2024-10-10 13:30:00-04:00,10.75,10.75,10.744999885559082,10.75,1695,0.0,0.0
2024-10-10 13:35:00-04:00,10.75,10.75,10.739999771118164,10.739999771118164,1952,0.0,0.0
2024-10-10 13:40:00-04:00,10.74899959564209,10.74899959564209,10.739999771118164,10.744999885559082,1033,0.0,0.0
2024-10-10 13:45:00-04:00,10.744999885559082,10.744999885559082,10.734999656677246,10.739999771118164,3461,0.0,0.0
2024-10-10 13:50:00-04:00,10.744999885559082,10.755000114440918,10.744999885559082,10.755000114440918,1025,0.0,0.0
2024-10-10 13:55:00-04:00,10.75,10.760000228881836,10.75,10.755000114440918,877,0.0,0.0
2024-10-10 14:00:00-04:00,10.75,10.75,10.744999885559082,10.75,2104,0.0,0.0
2024-10-10 14:05:00-04:00,10.739999771118164,10.739999771118164,10.734999656677246,10.734999656677246,1972,0.0,0.0
2024-10-10 14:10:00-04:00,10.734999656677246,10.75,10.734999656677246,10.75,1883,0.0,0.0
2024-10-10 14:15:00-04:00,10.75,10.75,10.739999771118164,10.739999771118164,934,0.0,0.0
2024-10-10 14:20:00-04:00,10.740799903869629,10.75,10.740799903869629,10.744999885559082,3573,0.0,0.0
2024-10-10 14:25:00-04:00,10.75,10.765000343322754,10.75,10.765000343322754,14950,0.0,0.0
2024-10-10 14:30:00-04:00,10.760000228881836,10.760000228881836,10.75,10.75,2971,0.0,0.0
2024-10-10 14:35:00-04:00,10.739999771118164,10.739999771118164,10.739999771118164,10.739999771118164,303,0.0,0.0
2024-10-10 14:40:00-04:00,10.739999771118164,10.760000228881836,10.739999771118164,10.755000114440918,14044,0.0,0.0
2024-10-10 14:45:00-04:00,10.755000114440918,10.760000228881836,10.75,10.75,1247,0.0,0.0
2024-10-10 14:50:00-04:00,10.75,10.755000114440918,10.739999771118164,10.75,3979,0.0,0.0
2024-10-10 14:55:00-04:00,10.744999885559082,10.75,10.744999885559082,10.744999885559082,4147,0.0,0.0
2024-10-10 15:00:00-04:00,10.749899864196777,10.749899864196777,10.729999542236328,10.734299659729004,5228,0.0,0.0
2024-10-10 15:05:00-04:00,10.729999542236328,10.734999656677246,10.729999542236328,10.734999656677246,1577,0.0,0.0
2024-10-10 15:10:00-04:00,10.734999656677246,10.734999656677246,10.720000267028809,10.729999542236328,6197,0.0,0.0
2024-10-10 15:15:00-04:00,10.729999542236328,10.73900032043457,10.729999542236328,10.73900032043457,3816,0.0,0.0
2024-10-10 15:20:00-04:00,10.734999656677246,10.734999656677246,10.729999542236328,10.729999542236328,1378,0.0,0.0
2024-10-10 15:25:00-04:00,10.734999656677246,10.739999771118164,10.729999542236328,10.739999771118164,1312,0.0,0.0
2024-10-10 15:30:00-04:00,10.729999542236328,10.744999885559082,10.729999542236328,10.739999771118164,6806,0.0,0.0
2024-10-10 15:35:00-04:00,10.744999885559082,10.744999885559082,10.739999771118164,10.744999885559082,1746,0.0,0.0
2024-10-10 15:40:00-04:00,10.740099906921387,10.755305290222168,10.740099906921387,10.755000114440918,11350,0.0,0.0
2024-10-10 15:45:00-04:00,10.755000114440918,10.760000228881836,10.75,10.755000114440918,3661,0.0,0.0
2024-10-10 15:50:00-04:00,10.755000114440918,10.760000228881836,10.75,10.755000114440918,7953,0.0,0.0
2024-10-10 15:55:00-04:00,10.755000114440918,10.800000190734863,10.75,10.779999732971191,81765,0.0,0.0
2024-10-11 09:30:00-04:00,10.800000190734863,10.850000381469727,10.800000190734863,10.829999923706055,5790,0.0,0.0
2024-10-11 09:35:00-04:00,10.83489990234375,10.84000015258789,10.8100004196167,10.84000015258789,8843,0.0,0.0
2024-10-11 09:40:00-04:00,10.850000381469727,10.850000381469727,10.850000381469727,10.850000381469727,1114,0.0,0.0
2024-10-11 09:45:00-04:00,10.819999694824219,10.819999694824219,10.8100004196167,10.8100004196167,1085,0.0,0.0
2024-10-11 09:50:00-04:00,10.8100004196167,10.835000038146973,10.8100004196167,10.835000038146973,2128,0.0,0.0
2024-10-11 09:55:00-04:00,10.830100059509277,10.850000381469727,10.830100059509277,10.850000381469727,1009,0.0,0.0
2024-10-11 10:00:00-04:00,10.859999656677246,10.890000343322754,10.859999656677246,10.890000343322754,3035,0.0,0.0
2024-10-11 10:05:00-04:00,10.885000228881836,10.895000457763672,10.885000228881836,10.885000228881836,11484,0.0,0.0
2024-10-11 10:10:00-04:00,10.890000343322754,10.895000457763672,10.885000228881836,10.895000457763672,1133,0.0,0.0
2024-10-11 10:15:00-04:00,10.899999618530273,10.930000305175781,10.899999618530273,10.914999961853027,16954,0.0,0.0
2024-10-11 10:20:00-04:00,10.90999984741211,10.90999984741211,10.89009952545166,10.899999618530273,14129,0.0,0.0
2024-10-11 10:25:00-04:00,10.899999618530273,10.899999618530273,10.875,10.895000457763672,3082,0.0,0.0
2024-10-11 10:30:00-04:00,10.890000343322754,10.890000343322754,10.875,10.875,4868,0.0,0.0
2024-10-11 10:35:00-04:00,10.869999885559082,10.875,10.84000015258789,10.845000267028809,5823,0.0,0.0
2024-10-11 10:40:00-04:00,10.84000015258789,10.859999656677246,10.84000015258789,10.845000267028809,3136,0.0,0.0
2024-10-11 10:45:00-04:00,10.845000267028809,10.850000381469727,10.845000267028809,10.850000381469727,1985,0.0,0.0
2024-10-11 10:50:00-04:00,10.850000381469727,10.859999656677246,10.845000267028809,10.854999542236328,2944,0.0,0.0
2024-10-11 10:55:00-04:00,10.850000381469727,10.850000381469727,10.84000015258789,10.84000015258789,1398,0.0,0.0
2024-10-11 11:00:00-04:00,10.84000015258789,10.84000015258789,10.824999809265137,10.824999809265137,2179,0.0,0.0
2024-10-11 11:05:00-04:00,10.824999809265137,10.829999923706055,10.820099830627441,10.829999923706055,1250,0.0,0.0
2024-10-11 11:10:00-04:00,10.819999694824219,10.829999923706055,10.819999694824219,10.829999923706055,797,0.0,0.0
2024-10-11 11:15:00-04:00,10.829500198364258,10.835000038146973,10.829500198364258,10.829999923706055,3375,0.0,0.0
2024-10-11 11:20:00-04:00,10.824999809265137,10.824999809265137,10.824999809265137,10.824999809265137,2582,0.0,0.0
2024-10-11 11:25:00-04:00,10.824999809265137,10.829999923706055,10.819999694824219,10.824999809265137,12264,0.0,0.0
2024-10-11 11:30:00-04:00,10.819999694824219,10.835000038146973,10.819999694824219,10.829999923706055,5666,0.0,0.0
2024-10-11 11:35:00-04:00,10.819999694824219,10.819999694824219,10.8149995803833,10.8193998336792,1934,0.0,0.0
2024-10-11 11:40:00-04:00,10.8149995803833,10.8149995803833,10.8100004196167,10.8100004196167,556,0.0,0.0
2024-10-11 11:45:00-04:00,10.8100004196167,10.819999694824219,10.8100004196167,10.8100004196167,7188,0.0,0.0
2024-10-11 11:50:00-04:00,10.8100004196167,10.8149995803833,10.805000305175781,10.805000305175781,3960,0.0,0.0
2024-10-11 11:55:00-04:00,10.809300422668457,10.809300422668457,10.800000190734863,10.800000190734863,2708,0.0,0.0
2024-10-11 12:00:00-04:00,10.800000190734863,10.800000190734863,10.78909969329834,10.78909969329834,8023,0.0,0.0
2024-10-11 12:05:00-04:00,10.78499984741211,10.799200057983398,10.78499984741211,10.795000076293945,3251,0.0,0.0
2024-10-11 12:10:00-04:00,10.774999618530273,10.795000076293945,10.774999618530273,10.795000076293945,2919,0.0,0.0
2024-10-11 12:15:00-04:00,10.795000076293945,10.805000305175781,10.795000076293945,10.805000305175781,1457,0.0,0.0
2024-10-11 12:20:00-04:00,10.809200286865234,10.819999694824219,10.809200286865234,10.8100004196167,7390,0.0,0.0
2024-10-11 12:25:00-04:00,10.8149995803833,10.8149995803833,10.800000190734863,10.805000305175781,6626,0.0,0.0
2024-10-11 12:30:00-04:00,10.805000305175781,10.829099655151367,10.805000305175781,10.824999809265137,3787,0.0,0.0
2024-10-11 12:35:00-04:00,10.824999809265137,10.824999809265137,10.8149995803833,10.8149995803833,1819,0.0,0.0
2024-10-11 12:40:00-04:00,10.8100004196167,10.8149995803833,10.8100004196167,10.8100004196167,1858,0.0,0.0
2024-10-11 12:50:00-04:00,10.8149995803833,10.8149995803833,10.800000190734863,10.800000190734863,8982,0.0,0.0
2024-10-11 12:55:00-04:00,10.800000190734863,10.805000305175781,10.800000190734863,10.805000305175781,2479,0.0,0.0
2024-10-11 13:00:00-04:00,10.8100004196167,10.8100004196167,10.78499984741211,10.78499984741211,8373,0.0,0.0
2024-10-11 13:05:00-04:00,10.789999961853027,10.795000076293945,10.779999732971191,10.784099578857422,5439,0.0,0.0
2024-10-11 13:10:00-04:00,10.78909969329834,10.789999961853027,10.78499984741211,10.78499984741211,3653,0.0,0.0
2024-10-11 13:15:00-04:00,10.779999732971191,10.779999732971191,10.770000457763672,10.779999732971191,3542,0.0,0.0
2024-10-11 13:20:00-04:00,10.779000282287598,10.78499984741211,10.779000282287598,10.78499984741211,1372,0.0,0.0
2024-10-11 13:25:00-04:00,10.789999961853027,10.795000076293945,10.78499984741211,10.795000076293945,4356,0.0,0.0
2024-10-11 13:30:00-04:00,10.800000190734863,10.800000190734863,10.800000190734863,10.800000190734863,182,0.0,0.0
2024-10-11 13:35:00-04:00,10.795000076293945,10.795000076293945,10.789999961853027,10.789999961853027,613,0.0,0.0
2024-10-11 13:40:00-04:00,10.795000076293945,10.799099922180176,10.789999961853027,10.789999961853027,839,0.0,0.0
2024-10-11 13:45:00-04:00,10.795000076293945,10.8149995803833,10.795000076293945,10.8149995803833,6098,0.0,0.0
2024-10-11 13:50:00-04:00,10.8149995803833,10.8149995803833,10.8100004196167,10.8100004196167,1413,0.0,0.0
2024-10-11 13:55:00-04:00,10.805000305175781,10.805000305175781,10.805000305175781,10.805000305175781,468,0.0,0.0
2024-10-11 14:00:00-04:00,10.800000190734863,10.805000305175781,10.800000190734863,10.805000305175781,851,0.0,0.0
2024-10-11 14:05:00-04:00,10.805000305175781,10.805000305175781,10.795000076293945,10.805000305175781,4085,0.0,0.0
2024-10-11 14:15:00-04:00,10.805000305175781,10.819999694824219,10.805000305175781,10.819999694824219,3819,0.0,0.0
2024-10-11 14:20:00-04:00,10.829000473022461,10.829000473022461,10.824999809265137,10.824999809265137,1844,0.0,0.0
2024-10-11 14:25:00-04:00,10.824999809265137,10.829099655151367,10.824999809265137,10.829099655151367,1020,0.0,0.0
2024-10-11 14:30:00-04:00,10.829999923706055,10.84000015258789,10.829999923706055,10.84000015258789,5667,0.0,0.0
2024-10-11 14:35:00-04:00,10.829999923706055,10.835000038146973,10.824999809265137,10.824999809265137,3209,0.0,0.0
2024-10-11 14:40:00-04:00,10.819999694824219,10.829999923706055,10.819999694824219,10.829999923706055,2367,0.0,0.0
2024-10-11 14:45:00-04:00,10.835000038146973,10.845000267028809,10.832500457763672,10.835000038146973,5045,0.0,0.0
2024-10-11 14:50:00-04:00,10.829999923706055,10.835000038146973,10.829999923706055,10.829999923706055,1028,0.0,0.0
2024-10-11 14:55:00-04:00,10.835000038146973,10.835000038146973,10.829999923706055,10.829999923706055,1413,0.0,0.0
2024-10-11 15:00:00-04:00,10.829999923706055,10.829999923706055,10.8100004196167,10.8100004196167,3743,0.0,0.0
2024-10-11 15:05:00-04:00,10.8100004196167,10.819999694824219,10.8100004196167,10.819999694824219,1157,0.0,0.0
2024-10-11 15:10:00-04:00,10.8149995803833,10.845000267028809,10.8149995803833,10.835000038146973,16311,0.0,0.0
2024-10-11 15:15:00-04:00,10.835000038146973,10.845000267028809,10.835000038146973,10.845000267028809,10973,0.0,0.0
2024-10-11 15:20:00-04:00,10.845000267028809,10.845000267028809,10.84000015258789,10.845000267028809,4140,0.0,0.0
2024-10-11 15:25:00-04:00,10.845000267028809,10.850000381469727,10.835000038146973,10.835000038146973,6110,0.0,0.0
2024-10-11 15:30:00-04:00,10.835000038146973,10.845000267028809,10.824999809265137,10.845000267028809,11124,0.0,0.0
2024-10-11 15:35:00-04:00,10.84000015258789,10.859999656677246,10.84000015258789,10.854999542236328,9332,0.0,0.0
2024-10-11 15:40:00-04:00,10.854999542236328,10.869999885559082,10.850000381469727,10.864999771118164,8876,0.0,0.0
2024-10-11 15:45:00-04:00,10.864999771118164,10.880000114440918,10.864999771118164,10.875,15092,0.0,0.0
2024-10-11 15:50:00-04:00,10.869999885559082,10.875,10.864999771118164,10.864999771118164,12617,0.0,0.0
2024-10-11 15:55:00-04:00,10.864999771118164,10.920000076293945,10.859999656677246,10.920000076293945,100928,0.0,0.0
