Datetime,Open,High,Low,Close,Volume,Dividends,Stock Splits
2024-09-12 09:30:00-04:00,10.8100004196167,10.8100004196167,10.8100004196167,10.8100004196167,0,0.0,0.0
2024-09-12 09:35:00-04:00,10.800000190734863,10.800000190734863,10.795000076293945,10.795000076293945,881,0.0,0.0
2024-09-12 09:40:00-04:00,10.800000190734863,10.800000190734863,10.800000190734863,10.800000190734863,285,0.0,0.0
2024-09-12 09:45:00-04:00,10.779999732971191,10.779999732971191,10.779999732971191,10.779999732971191,120,0.0,0.0
2024-09-12 09:50:00-04:00,10.739999771118164,10.75,10.739999771118164,10.75,1183,0.0,0.0
2024-09-12 09:55:00-04:00,10.760000228881836,10.760000228881836,10.75,10.75,938,0.0,0.0
2024-09-12 10:00:00-04:00,10.778900146484375,10.778900146484375,10.770000457763672,10.770000457763672,1028,0.0,0.0
2024-09-12 10:10:00-04:00,10.779999732971191,10.779999732971191,10.779999732971191,10.779999732971191,963,0.0,0.0
2024-09-12 10:20:00-04:00,10.800000190734863,10.800000190734863,10.770000457763672,10.770000457763672,2075,0.0,0.0
2024-09-12 10:25:00-04:00,10.770000457763672,10.789999961853027,10.770000457763672,10.779999732971191,1020,0.0,0.0
2024-09-12 10:30:00-04:00,10.800000190734863,10.800000190734863,10.800000190734863,10.800000190734863,491,0.0,0.0
2024-09-12 10:35:00-04:00,10.789999961853027,10.805000305175781,10.789999961853027,10.805000305175781,1055,0.0,0.0
2024-09-12 10:40:00-04:00,10.800000190734863,10.800000190734863,10.800000190734863,10.800000190734863,2507,0.0,0.0
2024-09-12 10:50:00-04:00,10.800000190734863,10.800000190734863,10.800000190734863,10.800000190734863,1126,0.0,0.0
2024-09-12 11:10:00-04:00,10.769700050354004,10.779999732971191,10.769700050354004,10.779999732971191,1858,0.0,0.0
2024-09-12 11:15:00-04:00,10.779999732971191,10.779999732971191,10.779999732971191,10.779999732971191,446,0.0,0.0
2024-09-12 11:20:00-04:00,10.779999732971191,10.779999732971191,10.779999732971191,10.779999732971191,763,0.0,0.0
2024-09-12 11:30:00-04:00,10.800000190734863,10.8100004196167,10.800000190734863,10.8100004196167,1360,0.0,0.0
2024-09-12 11:35:00-04:00,10.800000190734863,10.8100004196167,10.800000190734863,10.8100004196167,1025,0.0,0.0
2024-09-12 11:40:00-04:00,10.800000190734863,10.800000190734863,10.800000190734863,10.800000190734863,321,0.0,0.0
2024-09-12 11:50:00-04:00,10.789999961853027,10.789999961853027,10.789999961853027,10.789999961853027,356,0.0,0.0
2024-09-12 12:00:00-04:00,10.770000457763672,10.770000457763672,10.770000457763672,10.770000457763672,200,0.0,0.0
2024-09-12 12:05:00-04:00,10.770000457763672,10.770000457763672,10.740300178527832,10.740300178527832,4338,0.0,0.0
2024-09-12 12:10:00-04:00,10.740400314331055,10.75,10.740400314331055,10.75,2063,0.0,0.0
2024-09-12 12:15:00-04:00,10.75,10.770000457763672,10.75,10.770000457763672,715,0.0,0.0
2024-09-12 12:20:00-04:00,10.770000457763672,10.770000457763672,10.760000228881836,10.760000228881836,702,0.0,0.0
2024-09-12 12:25:00-04:00,10.760000228881836,10.760000228881836,10.760000228881836,10.760000228881836,212,0.0,0.0
2024-09-12 12:30:00-04:00,10.770000457763672,10.770000457763672,10.770000457763672,10.770000457763672,1120,0.0,0.0
2024-09-12 12:35:00-04:00,10.760000228881836,10.760000228881836,10.760000228881836,10.760000228881836,613,0.0,0.0
2024-09-12 12:40:00-04:00,10.770000457763672,10.770000457763672,10.770000457763672,10.770000457763672,458,0.0,0.0
2024-09-12 12:45:00-04:00,10.779999732971191,10.779999732971191,10.755000114440918,10.770000457763672,5827,0.0,0.0
2024-09-12 12:50:00-04:00,10.779999732971191,10.789999961853027,10.779999732971191,10.789999961853027,1681,0.0,0.0
2024-09-12 12:55:00-04:00,10.805000305175781,10.805000305175781,10.805000305175781,10.805000305175781,507,0.0,0.0
2024-09-12 13:00:00-04:00,10.789999961853027,10.789999961853027,10.78499984741211,10.78499984741211,1857,0.0,0.0
2024-09-12 13:05:00-04:00,10.770000457763672,10.770000457763672,10.770000457763672,10.770000457763672,286,0.0,0.0
2024-09-12 13:10:00-04:00,10.779999732971191,10.779999732971191,10.779999732971191,10.779999732971191,647,0.0,0.0
2024-09-12 13:15:00-04:00,10.779999732971191,10.789999961853027,10.779999732971191,10.789999961853027,356,0.0,0.0
2024-09-12 13:25:00-04:00,10.786600112915039,10.786600112915039,10.786600112915039,10.786600112915039,309,0.0,0.0
2024-09-12 13:30:00-04:00,10.800000190734863,10.800000190734863,10.789999961853027,10.789999961853027,2273,0.0,0.0
2024-09-12 13:40:00-04:00,10.800000190734863,10.800000190734863,10.800000190734863,10.800000190734863,1341,0.0,0.0
2024-09-12 13:45:00-04:00,10.800000190734863,10.800000190734863,10.800000190734863,10.800000190734863,329,0.0,0.0
2024-09-12 13:50:00-04:00,10.800000190734863,10.8100004196167,10.800000190734863,10.8100004196167,13387,0.0,0.0
2024-09-12 13:55:00-04:00,10.859999656677246,10.859999656677246,10.850000381469727,10.850000381469727,1742,0.0,0.0
2024-09-12 14:00:00-04:00,10.850000381469727,10.850000381469727,10.850000381469727,10.850000381469727,795,0.0,0.0
2024-09-12 14:05:00-04:00,10.859999656677246,10.859999656677246,10.859999656677246,10.859999656677246,923,0.0,0.0
2024-09-12 14:10:00-04:00,10.850000381469727,10.850000381469727,10.84000015258789,10.84000015258789,941,0.0,0.0
2024-09-12 14:20:00-04:00,10.84000015258789,10.84000015258789,10.84000015258789,10.84000015258789,216,0.0,0.0
2024-09-12 14:25:00-04:00,10.84000015258789,10.84000015258789,10.835000038146973,10.835000038146973,2315,0.0,0.0
2024-09-12 14:35:00-04:00,10.819199562072754,10.819199562072754,10.819199562072754,10.819199562072754,358,0.0,0.0
2024-09-12 14:40:00-04:00,10.819999694824219,10.819999694824219,10.819999694824219,10.819999694824219,720,0.0,0.0
2024-09-12 14:45:00-04:00,10.8100004196167,10.8100004196167,10.8100004196167,10.8100004196167,1158,0.0,0.0
2024-09-12 14:50:00-04:00,10.800000190734863,10.800000190734863,10.770000457763672,10.789999961853027,1388,0.0,0.0
2024-09-12 14:55:00-04:00,10.800000190734863,10.800000190734863,10.800000190734863,10.800000190734863,1183,0.0,0.0
2024-09-12 15:00:00-04:00,10.800000190734863,10.800000190734863,10.800000190734863,10.800000190734863,392,0.0,0.0
2024-09-12 15:05:00-04:00,10.790200233459473,10.8100004196167,10.790200233459473,10.8100004196167,2428,0.0,0.0
2024-09-12 15:10:00-04:00,10.819999694824219,10.819999694824219,10.819999694824219,10.819999694824219,396,0.0,0.0
2024-09-12 15:15:00-04:00,10.819999694824219,10.819999694824219,10.8100004196167,10.8100004196167,2516,0.0,0.0
2024-09-12 15:25:00-04:00,10.800000190734863,10.800000190734863,10.791999816894531,10.791999816894531,868,0.0,0.0
2024-09-12 15:30:00-04:00,10.789999961853027,10.789999961853027,10.779999732971191,10.779999732971191,1654,0.0,0.0
2024-09-12 15:35:00-04:00,10.779999732971191,10.800000190734863,10.779999732971191,10.789999961853027,3230,0.0,0.0
2024-09-12 15:45:00-04:00,10.779999732971191,10.779999732971191,10.760000228881836,10.774999618530273,5031,0.0,0.0
2024-09-12 15:50:00-04:00,10.78499984741211,10.78499984741211,10.755000114440918,10.755000114440918,9741,0.0,0.0
2024-09-12 15:55:00-04:00,10.755000114440918,10.755000114440918,10.734999656677246,10.744999885559082,18201,0.0,0.0
2024-09-13 09:30:00-04:00,10.829999923706055,10.829999923706055,10.800000190734863,10.819999694824219,0,0.0,0.0
2024-09-13 09:40:00-04:00,10.84000015258789,10.84000015258789,10.84000015258789,10.84000015258789,200,0.0,0.0
2024-09-13 09:45:00-04:00,10.869999885559082,10.869999885559082,10.859999656677246,10.859999656677246,459,0.0,0.0
2024-09-13 09:50:00-04:00,10.876399993896484,10.876399993896484,10.876399993896484,10.876399993896484,1377,0.0,0.0
2024-09-13 10:00:00-04:00,10.859999656677246,10.90999984741211,10.859999656677246,10.90999984741211,1368,0.0,0.0
2024-09-13 10:05:00-04:00,10.899999618530273,10.90999984741211,10.890000343322754,10.890000343322754,1904,0.0,0.0
2024-09-13 10:10:00-04:00,10.920000076293945,10.9399995803833,10.920000076293945,10.9399995803833,548,0.0,0.0
2024-09-13 10:15:00-04:00,10.960000038146973,10.960000038146973,10.960000038146973,10.960000038146973,638,0.0,0.0
2024-09-13 10:20:00-04:00,10.899999618530273,10.920000076293945,10.899999618530273,10.920000076293945,1551,0.0,0.0
2024-09-13 10:30:00-04:00,10.920999526977539,10.930000305175781,10.920999526977539,10.930000305175781,506,0.0,0.0
2024-09-13 10:35:00-04:00,10.920000076293945,11.0,10.920000076293945,11.0,17700,0.0,0.0
2024-09-13 10:40:00-04:00,10.989999771118164,11.010000228881836,10.979999542236328,11.010000228881836,928,0.0,0.0
2024-09-13 10:50:00-04:00,11.020000457763672,11.020000457763672,11.010000228881836,11.010000228881836,2026,0.0,0.0
2024-09-13 11:05:00-04:00,10.979999542236328,10.979999542236328,10.979999542236328,10.979999542236328,753,0.0,0.0
2024-09-13 11:15:00-04:00,10.979999542236328,10.979999542236328,10.979999542236328,10.979999542236328,141,0.0,0.0
2024-09-13 11:20:00-04:00,10.979999542236328,11.008999824523926,10.979999542236328,10.989999771118164,3343,0.0,0.0
2024-09-13 11:30:00-04:00,11.020000457763672,11.020000457763672,11.020000457763672,11.020000457763672,629,0.0,0.0
2024-09-13 11:35:00-04:00,11.020000457763672,11.020000457763672,11.020000457763672,11.020000457763672,581,0.0,0.0
2024-09-13 11:40:00-04:00,11.029999732971191,11.029999732971191,11.010000228881836,11.010000228881836,1314,0.0,0.0
2024-09-13 11:45:00-04:00,11.020000457763672,11.020000457763672,11.020000457763672,11.020000457763672,540,0.0,0.0
2024-09-13 11:55:00-04:00,11.029999732971191,11.029999732971191,11.029999732971191,11.029999732971191,775,0.0,0.0
2024-09-13 12:00:00-04:00,11.039999961853027,11.039999961853027,11.010000228881836,11.015000343322754,16423,0.0,0.0
2024-09-13 12:05:00-04:00,11.010000228881836,11.010000228881836,11.0,11.0,977,0.0,0.0
2024-09-13 12:10:00-04:00,11.010000228881836,11.010000228881836,11.010000228881836,11.010000228881836,137,0.0,0.0
2024-09-13 12:15:00-04:00,11.020000457763672,11.020000457763672,11.010000228881836,11.010000228881836,296,0.0,0.0
2024-09-13 12:20:00-04:00,11.020000457763672,11.020000457763672,11.010000228881836,11.010000228881836,665,0.0,0.0
2024-09-13 12:25:00-04:00,11.020000457763672,11.020000457763672,11.010000228881836,11.010000228881836,293,0.0,0.0
2024-09-13 12:30:00-04:00,11.0,11.0,10.979999542236328,10.979999542236328,1363,0.0,0.0
2024-09-13 12:35:00-04:00,10.979999542236328,10.979999542236328,10.979999542236328,10.979999542236328,656,0.0,0.0
2024-09-13 12:45:00-04:00,10.970000267028809,11.0,10.970000267028809,11.0,4495,0.0,0.0
2024-09-13 12:50:00-04:00,11.0,11.019000053405762,10.989899635314941,11.0,16822,0.0,0.0
2024-09-13 12:55:00-04:00,11.0,11.0,10.991999626159668,10.991999626159668,791,0.0,0.0
2024-09-13 13:00:00-04:00,10.994999885559082,10.994999885559082,10.994999885559082,10.994999885559082,212,0.0,0.0
2024-09-13 13:05:00-04:00,11.010000228881836,11.010000228881836,10.989999771118164,10.989999771118164,1300,0.0,0.0
2024-09-13 13:10:00-04:00,10.979999542236328,10.989999771118164,10.979999542236328,10.989999771118164,737,0.0,0.0
2024-09-13 13:20:00-04:00,10.979999542236328,10.979999542236328,10.970000267028809,10.979999542236328,1341,0.0,0.0
2024-09-13 13:25:00-04:00,10.97719955444336,10.979100227355957,10.97719955444336,10.979100227355957,777,0.0,0.0
2024-09-13 13:35:00-04:00,10.979999542236328,10.989999771118164,10.979999542236328,10.989999771118164,811,0.0,0.0
2024-09-13 13:40:00-04:00,10.994999885559082,10.99899959564209,10.994999885559082,10.99899959564209,2227,0.0,0.0
2024-09-13 13:45:00-04:00,10.989999771118164,10.989999771118164,10.970000267028809,10.970000267028809,1017,0.0,0.0
2024-09-13 13:50:00-04:00,10.960000038146973,10.960000038146973,10.946000099182129,10.946000099182129,722,0.0,0.0
2024-09-13 13:55:00-04:00,10.949999809265137,10.949999809265137,10.9399995803833,10.9399995803833,1258,0.0,0.0
2024-09-13 14:00:00-04:00,10.930000305175781,10.930000305175781,10.899999618530273,10.914999961853027,874,0.0,0.0
2024-09-13 14:05:00-04:00,10.920000076293945,10.949999809265137,10.920000076293945,10.949999809265137,1456,0.0,0.0
2024-09-13 14:10:00-04:00,10.9399995803833,10.9399995803833,10.9399995803833,10.9399995803833,1071,0.0,0.0
2024-09-13 14:20:00-04:00,10.925000190734863,10.925000190734863,10.920000076293945,10.920000076293945,746,0.0,0.0
2024-09-13 14:25:00-04:00,10.90999984741211,10.920000076293945,10.90999984741211,10.920000076293945,754,0.0,0.0
2024-09-13 14:35:00-04:00,10.930000305175781,10.930000305175781,10.930000305175781,10.930000305175781,234,0.0,0.0
2024-09-13 14:40:00-04:00,10.9399995803833,10.949999809265137,10.9399995803833,10.949999809265137,2076,0.0,0.0
2024-09-13 14:45:00-04:00,10.945899963378906,10.945899963378906,10.9399995803833,10.9399995803833,1931,0.0,0.0
2024-09-13 14:50:00-04:00,10.930000305175781,10.930000305175781,10.930000305175781,10.930000305175781,311,0.0,0.0
2024-09-13 14:55:00-04:00,10.930000305175781,10.930000305175781,10.930000305175781,10.930000305175781,241,0.0,0.0
2024-09-13 15:00:00-04:00,10.920000076293945,10.920000076293945,10.90999984741211,10.920000076293945,2826,0.0,0.0
2024-09-13 15:05:00-04:00,10.920000076293945,10.944999694824219,10.920000076293945,10.944999694824219,1665,0.0,0.0
2024-09-13 15:10:00-04:00,10.930000305175781,10.930000305175781,10.920000076293945,10.920000076293945,3778,0.0,0.0
2024-09-13 15:15:00-04:00,10.920000076293945,10.930000305175781,10.920000076293945,10.930000305175781,674,0.0,0.0
2024-09-13 15:20:00-04:00,10.920000076293945,10.9350004196167,10.920000076293945,10.930000305175781,2050,0.0,0.0
2024-09-13 15:25:00-04:00,10.9399995803833,10.9399995803833,10.930000305175781,10.9399995803833,2066,0.0,0.0
2024-09-13 15:30:00-04:00,10.949999809265137,10.960000038146973,10.930000305175781,10.960000038146973,4499,0.0,0.0
2024-09-13 15:35:00-04:00,10.970000267028809,10.970000267028809,10.960000038146973,10.960000038146973,1794,0.0,0.0
2024-09-13 15:40:00-04:00,10.960000038146973,10.970000267028809,10.9399995803833,10.949999809265137,4495,0.0,0.0
2024-09-13 15:45:00-04:00,10.954999923706055,10.954999923706055,10.954999923706055,10.954999923706055,829,0.0,0.0
2024-09-13 15:50:00-04:00,10.949999809265137,10.979999542236328,10.9399995803833,10.942000389099121,15280,0.0,0.0
2024-09-13 15:55:00-04:00,10.9399995803833,10.949999809265137,10.9399995803833,10.9399995803833,13059,0.0,0.0
2024-09-16 09:30:00-04:00,10.994999885559082,10.994999885559082,10.994999885559082,10.994999885559082,656,0.0,0.0
2024-09-16 09:35:00-04:00,10.994999885559082,10.994999885559082,10.994999885559082,10.994999885559082,640,0.0,0.0
2024-09-16 09:40:00-04:00,10.949999809265137,10.949999809265137,10.949999809265137,10.949999809265137,832,0.0,0.0
2024-09-16 09:50:00-04:00,11.0,11.020000457763672,11.0,11.020000457763672,918,0.0,0.0
2024-09-16 10:00:00-04:00,11.020000457763672,11.039999961853027,11.010000228881836,11.01200008392334,2700,0.0,0.0
2024-09-16 10:05:00-04:00,11.010000228881836,11.015000343322754,11.0,11.0,1839,0.0,0.0
2024-09-16 10:10:00-04:00,10.989999771118164,10.989999771118164,10.989999771118164,10.989999771118164,351,0.0,0.0
2024-09-16 10:15:00-04:00,10.989999771118164,10.989999771118164,10.989999771118164,10.989999771118164,724,0.0,0.0
2024-09-16 10:20:00-04:00,10.979999542236328,10.979999542236328,10.979999542236328,10.979999542236328,837,0.0,0.0
2024-09-16 10:25:00-04:00,10.960000038146973,10.975000381469727,10.960000038146973,10.975000381469727,1976,0.0,0.0
2024-09-16 10:30:00-04:00,10.980999946594238,10.980999946594238,10.949999809265137,10.949999809265137,2092,0.0,0.0
2024-09-16 10:35:00-04:00,10.949999809265137,10.949999809265137,10.949999809265137,10.949999809265137,936,0.0,0.0
2024-09-16 10:45:00-04:00,10.960000038146973,10.960000038146973,10.960000038146973,10.960000038146973,229,0.0,0.0
2024-09-16 10:50:00-04:00,10.954999923706055,10.954999923706055,10.954999923706055,10.954999923706055,240,0.0,0.0
2024-09-16 10:55:00-04:00,10.930000305175781,10.930000305175781,10.930000305175781,10.930000305175781,2502,0.0,0.0
2024-09-16 11:00:00-04:00,10.930000305175781,10.930000305175781,10.930000305175781,10.930000305175781,321,0.0,0.0
2024-09-16 11:05:00-04:00,10.930000305175781,10.930000305175781,10.899999618530273,10.90999984741211,3457,0.0,0.0
2024-09-16 11:15:00-04:00,10.90999984741211,10.90999984741211,10.90999984741211,10.90999984741211,212,0.0,0.0
2024-09-16 11:20:00-04:00,10.930000305175781,10.930000305175781,10.925000190734863,10.925000190734863,2766,0.0,0.0
2024-09-16 11:25:00-04:00,10.920000076293945,10.925000190734863,10.920000076293945,10.925000190734863,325,0.0,0.0
2024-09-16 11:30:00-04:00,10.925000190734863,10.925000190734863,10.904999732971191,10.90999984741211,4524,0.0,0.0
2024-09-16 11:40:00-04:00,10.90999984741211,10.90999984741211,10.90999984741211,10.90999984741211,343,0.0,0.0
2024-09-16 11:45:00-04:00,10.920000076293945,10.9399995803833,10.90999984741211,10.914999961853027,3715,0.0,0.0
2024-09-16 11:50:00-04:00,10.902000427246094,10.920000076293945,10.902000427246094,10.920000076293945,900,0.0,0.0
2024-09-16 12:00:00-04:00,10.930000305175781,10.930000305175781,10.930000305175781,10.930000305175781,675,0.0,0.0
2024-09-16 12:05:00-04:00,10.920000076293945,10.920000076293945,10.90999984741211,10.90999984741211,1657,0.0,0.0
2024-09-16 12:10:00-04:00,10.920000076293945,10.920000076293945,10.90999984741211,10.90999984741211,1353,0.0,0.0
2024-09-16 12:20:00-04:00,10.90999984741211,10.90999984741211,10.90999984741211,10.90999984741211,576,0.0,0.0
2024-09-16 12:25:00-04:00,10.90999984741211,10.949999809265137,10.90999984741211,10.949999809265137,2005,0.0,0.0
2024-09-16 12:30:00-04:00,10.949999809265137,10.949999809265137,10.949999809265137,10.949999809265137,579,0.0,0.0
2024-09-16 12:35:00-04:00,10.960000038146973,10.979999542236328,10.960000038146973,10.970000267028809,4553,0.0,0.0
2024-09-16 12:40:00-04:00,10.979999542236328,10.989999771118164,10.979399681091309,10.989999771118164,875,0.0,0.0
2024-09-16 12:45:00-04:00,10.979999542236328,10.989999771118164,10.960000038146973,10.989999771118164,2736,0.0,0.0
2024-09-16 12:50:00-04:00,10.979999542236328,10.979999542236328,10.979999542236328,10.979999542236328,410,0.0,0.0
2024-09-16 12:55:00-04:00,10.989999771118164,11.005000114440918,10.989999771118164,11.005000114440918,1371,0.0,0.0
2024-09-16 13:00:00-04:00,11.005000114440918,11.020000457763672,11.005000114440918,11.020000457763672,1032,0.0,0.0
2024-09-16 13:05:00-04:00,11.020000457763672,11.020000457763672,11.0,11.0,3343,0.0,0.0
2024-09-16 13:15:00-04:00,11.010000228881836,11.010000228881836,11.010000228881836,11.010000228881836,747,0.0,0.0
2024-09-16 13:20:00-04:00,11.010000228881836,11.010000228881836,11.010000228881836,11.010000228881836,1093,0.0,0.0
2024-09-16 13:25:00-04:00,11.01990032196045,11.020000457763672,10.989999771118164,10.989999771118164,3296,0.0,0.0
2024-09-16 13:30:00-04:00,10.989999771118164,10.989999771118164,10.989999771118164,10.989999771118164,246,0.0,0.0
2024-09-16 13:35:00-04:00,10.984999656677246,10.990900039672852,10.984999656677246,10.990900039672852,696,0.0,0.0
2024-09-16 13:40:00-04:00,10.999699592590332,10.999699592590332,10.999699592590332,10.999699592590332,1435,0.0,0.0
2024-09-16 13:50:00-04:00,10.989999771118164,10.989999771118164,10.989999771118164,10.989999771118164,799,0.0,0.0
2024-09-16 13:55:00-04:00,10.984999656677246,10.984999656677246,10.984999656677246,10.984999656677246,525,0.0,0.0
2024-09-16 14:00:00-04:00,10.979999542236328,10.979999542236328,10.972800254821777,10.972800254821777,1759,0.0,0.0
2024-09-16 14:10:00-04:00,10.984999656677246,10.984999656677246,10.984999656677246,10.984999656677246,675,0.0,0.0
2024-09-16 14:15:00-04:00,10.960000038146973,10.960000038146973,10.960000038146973,10.960000038146973,336,0.0,0.0
2024-09-16 14:20:00-04:00,10.954999923706055,10.954999923706055,10.954999923706055,10.954999923706055,764,0.0,0.0
2024-09-16 14:30:00-04:00,10.949999809265137,10.949999809265137,10.9399995803833,10.9399995803833,1940,0.0,0.0
2024-09-16 14:45:00-04:00,10.949999809265137,10.954999923706055,10.949999809265137,10.949999809265137,2072,0.0,0.0
2024-09-16 14:50:00-04:00,10.949999809265137,10.949999809265137,10.949999809265137,10.949999809265137,481,0.0,0.0
2024-09-16 15:00:00-04:00,10.956000328063965,10.956000328063965,10.954999923706055,10.954999923706055,629,0.0,0.0
2024-09-16 15:05:00-04:00,10.949999809265137,10.949999809265137,10.949999809265137,10.949999809265137,1030,0.0,0.0
2024-09-16 15:10:00-04:00,10.960000038146973,10.960000038146973,10.949999809265137,10.949999809265137,1619,0.0,0.0
2024-09-16 15:15:00-04:00,10.949000358581543,10.949999809265137,10.949000358581543,10.949999809265137,894,0.0,0.0
2024-09-16 15:20:00-04:00,10.954999923706055,10.954999923706055,10.954999923706055,10.954999923706055,809,0.0,0.0
2024-09-16 15:30:00-04:00,10.949999809265137,10.949999809265137,10.949999809265137,10.949999809265137,2083,0.0,0.0
2024-09-16 15:35:00-04:00,10.949999809265137,10.954999923706055,10.949999809265137,10.954999923706055,2113,0.0,0.0
2024-09-16 15:40:00-04:00,10.970000267028809,10.970000267028809,10.960000038146973,10.960000038146973,2074,0.0,0.0
2024-09-16 15:45:00-04:00,10.960000038146973,10.975000381469727,10.960000038146973,10.970000267028809,3617,0.0,0.0
2024-09-16 15:50:00-04:00,10.975000381469727,10.989999771118164,10.970000267028809,10.975000381469727,5998,0.0,0.0
2024-09-16 15:55:00-04:00,10.975000381469727,11.0,10.970000267028809,11.0,7017,0.0,0.0
2024-09-17 09:30:00-04:00,11.09000015258789,11.09000015258789,11.09000015258789,11.09000015258789,1105,0.0,0.0
2024-09-17 09:35:00-04:00,11.020000457763672,11.029999732971191,11.0,11.0,2617,0.0,0.0
2024-09-17 09:40:00-04:00,10.970000267028809,11.029999732971191,10.970000267028809,11.010000228881836,1342,0.0,0.0
2024-09-17 09:45:00-04:00,11.029999732971191,11.074999809265137,11.029999732971191,11.074999809265137,5794,0.0,0.0
2024-09-17 09:50:00-04:00,11.085000038146973,11.085000038146973,11.074999809265137,11.074999809265137,534,0.0,0.0
2024-09-17 09:55:00-04:00,11.069999694824219,11.069999694824219,11.069999694824219,11.069999694824219,687,0.0,0.0
2024-09-17 10:00:00-04:00,11.09000015258789,11.09000015258789,11.039999961853027,11.069999694824219,3275,0.0,0.0
2024-09-17 10:05:00-04:00,11.09000015258789,11.095000267028809,11.09000015258789,11.09000015258789,743,0.0,0.0
2024-09-17 10:10:00-04:00,11.09000015258789,11.09000015258789,11.079999923706055,11.079999923706055,707,0.0,0.0
2024-09-17 10:15:00-04:00,11.095000267028809,11.095000267028809,11.079999923706055,11.079999923706055,1604,0.0,0.0
2024-09-17 10:20:00-04:00,11.079999923706055,11.079999923706055,11.0649995803833,11.069999694824219,2019,0.0,0.0
2024-09-17 10:25:00-04:00,11.079999923706055,11.09000015258789,11.069999694824219,11.069999694824219,2088,0.0,0.0
2024-09-17 10:30:00-04:00,11.065999984741211,11.09000015258789,11.065999984741211,11.09000015258789,1519,0.0,0.0
2024-09-17 10:35:00-04:00,11.079999923706055,11.09000015258789,11.079999923706055,11.09000015258789,1743,0.0,0.0
2024-09-17 10:40:00-04:00,11.100000381469727,11.100000381469727,11.095000267028809,11.095000267028809,698,0.0,0.0
2024-09-17 10:45:00-04:00,11.100000381469727,11.149999618530273,11.09000015258789,11.140000343322754,11933,0.0,0.0
2024-09-17 10:50:00-04:00,11.131999969482422,11.149999618530273,11.131999969482422,11.140000343322754,2039,0.0,0.0
2024-09-17 10:55:00-04:00,11.140000343322754,11.140000343322754,11.100000381469727,11.100000381469727,1717,0.0,0.0
2024-09-17 11:00:00-04:00,11.109999656677246,11.130000114440918,11.109999656677246,11.130000114440918,2086,0.0,0.0
2024-09-17 11:05:00-04:00,11.100000381469727,11.109999656677246,11.100000381469727,11.104999542236328,1309,0.0,0.0
2024-09-17 11:10:00-04:00,11.100000381469727,11.100000381469727,11.100000381469727,11.100000381469727,1165,0.0,0.0
2024-09-17 11:15:00-04:00,11.109999656677246,11.114999771118164,11.104999542236328,11.114999771118164,1324,0.0,0.0
2024-09-17 11:20:00-04:00,11.110300064086914,11.110300064086914,11.079999923706055,11.100000381469727,6155,0.0,0.0
2024-09-17 11:25:00-04:00,11.109999656677246,11.109999656677246,11.079999923706055,11.079999923706055,2122,0.0,0.0
2024-09-17 11:30:00-04:00,11.085000038146973,11.085000038146973,11.085000038146973,11.085000038146973,242,0.0,0.0
2024-09-17 11:35:00-04:00,11.085000038146973,11.095000267028809,11.085000038146973,11.093600273132324,1648,0.0,0.0
2024-09-17 11:40:00-04:00,11.100000381469727,11.100000381469727,11.100000381469727,11.100000381469727,246,0.0,0.0
2024-09-17 11:45:00-04:00,11.100000381469727,11.100000381469727,11.100000381469727,11.100000381469727,1278,0.0,0.0
2024-09-17 11:50:00-04:00,11.100000381469727,11.104000091552734,11.09000015258789,11.09000015258789,3065,0.0,0.0
2024-09-17 11:55:00-04:00,11.069999694824219,11.069999694824219,11.069999694824219,11.069999694824219,662,0.0,0.0
2024-09-17 12:00:00-04:00,11.050000190734863,11.050100326538086,11.050000190734863,11.050100326538086,1349,0.0,0.0
2024-09-17 12:10:00-04:00,11.045000076293945,11.050000190734863,11.039999961853027,11.050000190734863,2493,0.0,0.0
2024-09-17 12:15:00-04:00,11.050000190734863,11.050000190734863,11.050000190734863,11.050000190734863,601,0.0,0.0
2024-09-17 12:20:00-04:00,11.0600004196167,11.060999870300293,11.039999961853027,11.045000076293945,8060,0.0,0.0
2024-09-17 12:25:00-04:00,11.050000190734863,11.050000190734863,11.050000190734863,11.050000190734863,759,0.0,0.0
2024-09-17 12:30:00-04:00,11.050999641418457,11.050999641418457,11.029999732971191,11.050000190734863,9273,0.0,0.0
2024-09-17 12:35:00-04:00,11.050000190734863,11.050000190734863,11.039999961853027,11.039999961853027,2997,0.0,0.0
2024-09-17 12:40:00-04:00,11.045000076293945,11.045000076293945,10.989999771118164,11.0,2334,0.0,0.0
2024-09-17 12:45:00-04:00,10.989999771118164,10.989999771118164,10.979999542236328,10.979999542236328,372,0.0,0.0
2024-09-17 12:50:00-04:00,10.989999771118164,11.010000228881836,10.989999771118164,11.010000228881836,602,0.0,0.0
2024-09-17 12:55:00-04:00,10.989999771118164,10.989999771118164,10.979999542236328,10.979999542236328,977,0.0,0.0
2024-09-17 13:00:00-04:00,10.979999542236328,10.979999542236328,10.979999542236328,10.979999542236328,1221,0.0,0.0
2024-09-17 13:10:00-04:00,10.960000038146973,10.970000267028809,10.960000038146973,10.970000267028809,1063,0.0,0.0
2024-09-17 13:15:00-04:00,10.970000267028809,10.970000267028809,10.970000267028809,10.970000267028809,897,0.0,0.0
2024-09-17 13:25:00-04:00,10.960000038146973,10.970000267028809,10.960000038146973,10.970000267028809,348,0.0,0.0
2024-09-17 13:30:00-04:00,10.960000038146973,10.960000038146973,10.960000038146973,10.960000038146973,1334,0.0,0.0
2024-09-17 13:35:00-04:00,10.96500015258789,10.96500015258789,10.96500015258789,10.96500015258789,785,0.0,0.0
2024-09-17 13:40:00-04:00,10.970000267028809,10.970000267028809,10.960000038146973,10.960000038146973,493,0.0,0.0
2024-09-17 13:45:00-04:00,10.9399995803833,10.960000038146973,10.9399995803833,10.960000038146973,1505,0.0,0.0
2024-09-17 13:50:00-04:00,10.970000267028809,10.975000381469727,10.970000267028809,10.975000381469727,533,0.0,0.0
2024-09-17 13:55:00-04:00,10.979999542236328,10.979999542236328,10.979999542236328,10.979999542236328,335,0.0,0.0
2024-09-17 14:00:00-04:00,10.975000381469727,10.979999542236328,10.975000381469727,10.975000381469727,517,0.0,0.0
2024-09-17 14:05:00-04:00,10.979999542236328,10.979999542236328,10.975000381469727,10.975000381469727,480,0.0,0.0
2024-09-17 14:10:00-04:00,10.982199668884277,10.982199668884277,10.970000267028809,10.970000267028809,727,0.0,0.0
2024-09-17 14:15:00-04:00,10.960000038146973,10.960000038146973,10.944999694824219,10.944999694824219,1353,0.0,0.0
2024-09-17 14:20:00-04:00,10.944999694824219,10.949999809265137,10.944999694824219,10.944999694824219,689,0.0,0.0
2024-09-17 14:25:00-04:00,10.944999694824219,10.944999694824219,10.9399995803833,10.9399995803833,1286,0.0,0.0
2024-09-17 14:30:00-04:00,10.9399995803833,10.9399995803833,10.930000305175781,10.930000305175781,1705,0.0,0.0
2024-09-17 14:35:00-04:00,10.930000305175781,10.930000305175781,10.930000305175781,10.930000305175781,2233,0.0,0.0
2024-09-17 14:40:00-04:00,10.920000076293945,10.920000076293945,10.920000076293945,10.920000076293945,237,0.0,0.0
2024-09-17 14:45:00-04:00,10.930000305175781,10.944999694824219,10.920000076293945,10.920000076293945,36160,0.0,0.0
2024-09-17 14:50:00-04:00,10.899999618530273,10.901000022888184,10.899999618530273,10.899999618530273,685,0.0,0.0
2024-09-17 14:55:00-04:00,10.899999618530273,10.920000076293945,10.899999618530273,10.920000076293945,2491,0.0,0.0
2024-09-17 15:00:00-04:00,10.9399995803833,10.9399995803833,10.930000305175781,10.930000305175781,1419,0.0,0.0
2024-09-17 15:05:00-04:00,10.920000076293945,10.920000076293945,10.920000076293945,10.920000076293945,1403,0.0,0.0
2024-09-17 15:10:00-04:00,10.914999961853027,10.920000076293945,10.897500038146973,10.897500038146973,4833,0.0,0.0
2024-09-17 15:15:00-04:00,10.890000343322754,10.890000343322754,10.880000114440918,10.880000114440918,1722,0.0,0.0
2024-09-17 15:20:00-04:00,10.869999885559082,10.878999710083008,10.860099792480469,10.860099792480469,3524,0.0,0.0
2024-09-17 15:25:00-04:00,10.864999771118164,10.890000343322754,10.864999771118164,10.890000343322754,2721,0.0,0.0
2024-09-17 15:30:00-04:00,10.880000114440918,10.90999984741211,10.880000114440918,10.895000457763672,18370,0.0,0.0
2024-09-17 15:35:00-04:00,10.920000076293945,10.949999809265137,10.920000076293945,10.949999809265137,5975,0.0,0.0
2024-09-17 15:40:00-04:00,10.970000267028809,10.970000267028809,10.9399995803833,10.9399995803833,3114,0.0,0.0
2024-09-17 15:45:00-04:00,10.930000305175781,10.949999809265137,10.930000305175781,10.949999809265137,2498,0.0,0.0
2024-09-17 15:50:00-04:00,10.944999694824219,10.96500015258789,10.9399995803833,10.944999694824219,2824,0.0,0.0
2024-09-17 15:55:00-04:00,10.944999694824219,10.960000038146973,10.899999618530273,10.920000076293945,13625,0.0,0.0
2024-09-18 09:30:00-04:00,10.880000114440918,10.880000114440918,10.880000114440918,10.880000114440918,804,0.0,0.0
2024-09-18 09:35:00-04:00,10.899999618530273,10.90999984741211,10.880000114440918,10.880000114440918,1104,0.0,0.0
2024-09-18 09:40:00-04:00,10.899999618530273,10.899999618530273,10.899999618530273,10.899999618530273,677,0.0,0.0
2024-09-18 09:45:00-04:00,10.920000076293945,10.920000076293945,10.920000076293945,10.920000076293945,1426,0.0,0.0
2024-09-18 10:10:00-04:00,10.899999618530273,10.899999618530273,10.899999618530273,10.899999618530273,780,0.0,0.0
2024-09-18 10:15:00-04:00,10.890000343322754,10.899999618530273,10.890000343322754,10.899999618530273,379,0.0,0.0
2024-09-18 10:20:00-04:00,10.899999618530273,10.899999618530273,10.87399959564209,10.880000114440918,2417,0.0,0.0
2024-09-18 10:25:00-04:00,10.890000343322754,10.890000343322754,10.890000343322754,10.890000343322754,561,0.0,0.0
2024-09-18 10:30:00-04:00,10.869999885559082,10.869999885559082,10.869999885559082,10.869999885559082,1442,0.0,0.0
2024-09-18 10:40:00-04:00,10.869999885559082,10.880000114440918,10.869999885559082,10.869999885559082,1479,0.0,0.0
2024-09-18 10:45:00-04:00,10.859999656677246,10.859999656677246,10.850000381469727,10.850000381469727,1197,0.0,0.0
2024-09-18 10:50:00-04:00,10.850000381469727,10.850000381469727,10.850000381469727,10.850000381469727,909,0.0,0.0
2024-09-18 10:55:00-04:00,10.850000381469727,10.899999618530273,10.850000381469727,10.899999618530273,10139,0.0,0.0
2024-09-18 11:00:00-04:00,10.890000343322754,10.890000343322754,10.880000114440918,10.880000114440918,752,0.0,0.0
2024-09-18 11:05:00-04:00,10.880000114440918,10.880000114440918,10.880000114440918,10.880000114440918,654,0.0,0.0
2024-09-18 11:10:00-04:00,10.890000343322754,10.899999618530273,10.880000114440918,10.899999618530273,6314,0.0,0.0
2024-09-18 11:15:00-04:00,10.880000114440918,10.880000114440918,10.869999885559082,10.869999885559082,1246,0.0,0.0
2024-09-18 11:20:00-04:00,10.859999656677246,10.890000343322754,10.829999923706055,10.829999923706055,7964,0.0,0.0
2024-09-18 11:25:00-04:00,10.859999656677246,10.859999656677246,10.859999656677246,10.859999656677246,900,0.0,0.0
2024-09-18 11:35:00-04:00,10.850000381469727,10.859999656677246,10.850000381469727,10.859999656677246,864,0.0,0.0
2024-09-18 11:40:00-04:00,10.850000381469727,10.850000381469727,10.829999923706055,10.835000038146973,2701,0.0,0.0
2024-09-18 11:45:00-04:00,10.829999923706055,10.829999923706055,10.8100004196167,10.8100004196167,731,0.0,0.0
2024-09-18 11:55:00-04:00,10.8100004196167,10.819999694824219,10.8100004196167,10.819999694824219,639,0.0,0.0
2024-09-18 12:05:00-04:00,10.818499565124512,10.819999694824219,10.800000190734863,10.819999694824219,1845,0.0,0.0
2024-09-18 12:15:00-04:00,10.826000213623047,10.826000213623047,10.826000213623047,10.826000213623047,562,0.0,0.0
2024-09-18 12:20:00-04:00,10.829999923706055,10.829999923706055,10.819999694824219,10.824999809265137,1992,0.0,0.0
2024-09-18 12:25:00-04:00,10.819999694824219,10.819999694824219,10.819999694824219,10.819999694824219,1274,0.0,0.0
2024-09-18 12:35:00-04:00,10.8100004196167,10.8100004196167,10.8100004196167,10.8100004196167,1773,0.0,0.0
2024-09-18 12:55:00-04:00,10.800000190734863,10.800000190734863,10.800000190734863,10.800000190734863,306,0.0,0.0
2024-09-18 13:05:00-04:00,10.819999694824219,10.819999694824219,10.800000190734863,10.800000190734863,1341,0.0,0.0
2024-09-18 13:10:00-04:00,10.8100004196167,10.8100004196167,10.770000457763672,10.779999732971191,7670,0.0,0.0
2024-09-18 13:15:00-04:00,10.779600143432617,10.779999732971191,10.779600143432617,10.779999732971191,1102,0.0,0.0
2024-09-18 13:25:00-04:00,10.800000190734863,10.8100004196167,10.800000190734863,10.800000190734863,2334,0.0,0.0
2024-09-18 13:35:00-04:00,10.819999694824219,10.819999694824219,10.819999694824219,10.819999694824219,1638,0.0,0.0
2024-09-18 13:50:00-04:00,10.809700012207031,10.809700012207031,10.809700012207031,10.809700012207031,253,0.0,0.0
2024-09-18 13:55:00-04:00,10.819999694824219,10.819999694824219,10.819999694824219,10.819999694824219,458,0.0,0.0
2024-09-18 14:00:00-04:00,10.819999694824219,10.949999809265137,10.819999694824219,10.9399995803833,36273,0.0,0.0
2024-09-18 14:05:00-04:00,10.9399995803833,10.9399995803833,10.920000076293945,10.925000190734863,2883,0.0,0.0
2024-09-18 14:10:00-04:00,10.9399995803833,10.9399995803833,10.899999618530273,10.9399995803833,3798,0.0,0.0
2024-09-18 14:15:00-04:00,10.970000267028809,11.010000228881836,10.970000267028809,11.000100135803223,2824,0.0,0.0
2024-09-18 14:20:00-04:00,11.010000228881836,11.010000228881836,10.979999542236328,10.989999771118164,3583,0.0,0.0
2024-09-18 14:25:00-04:00,10.989999771118164,10.989999771118164,10.9399995803833,10.960000038146973,14008,0.0,0.0
2024-09-18 14:30:00-04:00,10.970000267028809,10.989999771118164,10.9399995803833,10.970000267028809,9172,0.0,0.0
2024-09-18 14:35:00-04:00,10.960000038146973,10.960000038146973,10.899999618530273,10.949999809265137,12454,0.0,0.0
2024-09-18 14:40:00-04:00,10.9399995803833,10.9399995803833,10.880000114440918,10.890000343322754,5766,0.0,0.0
2024-09-18 14:45:00-04:00,10.890000343322754,10.960000038146973,10.890000343322754,10.930000305175781,2917,0.0,0.0
2024-09-18 14:50:00-04:00,10.960000038146973,10.960000038146973,10.930000305175781,10.930000305175781,5151,0.0,0.0
2024-09-18 14:55:00-04:00,10.930000305175781,10.9399995803833,10.930000305175781,10.930000305175781,2945,0.0,0.0
2024-09-18 15:00:00-04:00,10.899999618530273,10.899999618530273,10.869999885559082,10.880000114440918,1422,0.0,0.0
2024-09-18 15:05:00-04:00,10.859999656677246,10.859999656677246,10.850000381469727,10.850000381469727,773,0.0,0.0
2024-09-18 15:10:00-04:00,10.845000267028809,10.899999618530273,10.845000267028809,10.890000343322754,2721,0.0,0.0
2024-09-18 15:15:00-04:00,10.880000114440918,10.880000114440918,10.850000381469727,10.850000381469727,3132,0.0,0.0
2024-09-18 15:20:00-04:00,10.805000305175781,10.8100004196167,10.789999961853027,10.8100004196167,1484,0.0,0.0
2024-09-18 15:25:00-04:00,10.819999694824219,10.850000381469727,10.819999694824219,10.84000015258789,1980,0.0,0.0
2024-09-18 15:30:00-04:00,10.800000190734863,10.8100004196167,10.779999732971191,10.779999732971191,3064,0.0,0.0
2024-09-18 15:35:00-04:00,10.760000228881836,10.779999732971191,10.75,10.770000457763672,2513,0.0,0.0
2024-09-18 15:40:00-04:00,10.760000228881836,10.760000228881836,10.729999542236328,10.729999542236328,2258,0.0,0.0
2024-09-18 15:45:00-04:00,10.729999542236328,10.729999542236328,10.710000038146973,10.710000038146973,3538,0.0,0.0
2024-09-18 15:50:00-04:00,10.699999809265137,10.75,10.699999809265137,10.739999771118164,6499,0.0,0.0
2024-09-18 15:55:00-04:00,10.75,10.755000114440918,10.720000267028809,10.729999542236328,5424,0.0,0.0
2024-09-19 09:35:00-04:00,10.925000190734863,10.925000190734863,10.925000190734863,10.925000190734863,2522,0.0,0.0
2024-09-19 09:45:00-04:00,10.90999984741211,10.930000305175781,10.710000038146973,10.880000114440918,4277,0.0,0.0
2024-09-19 09:50:00-04:00,10.880000114440918,10.880000114440918,10.864999771118164,10.864999771118164,2203,0.0,0.0
2024-09-19 09:55:00-04:00,10.859999656677246,10.859999656677246,10.850000381469727,10.850000381469727,1041,0.0,0.0
2024-09-19 10:00:00-04:00,10.84000015258789,10.84000015258789,10.84000015258789,10.84000015258789,249,0.0,0.0
2024-09-19 10:05:00-04:00,10.819999694824219,10.819999694824219,10.8100004196167,10.8100004196167,1614,0.0,0.0
2024-09-19 10:10:00-04:00,10.800000190734863,10.800000190734863,10.78499984741211,10.78499984741211,1943,0.0,0.0
2024-09-19 10:15:00-04:00,10.789999961853027,10.789999961853027,10.760000228881836,10.789999961853027,1565,0.0,0.0
2024-09-19 10:20:00-04:00,10.789999961853027,10.789999961853027,10.779999732971191,10.779999732971191,1680,0.0,0.0
2024-09-19 10:25:00-04:00,10.779999732971191,10.779999732971191,10.779999732971191,10.779999732971191,1415,0.0,0.0
2024-09-19 10:30:00-04:00,10.779999732971191,10.817999839782715,10.779999732971191,10.789999961853027,4646,0.0,0.0
2024-09-19 10:35:00-04:00,10.789999961853027,10.789999961853027,10.779999732971191,10.779999732971191,1777,0.0,0.0
2024-09-19 10:40:00-04:00,10.770000457763672,10.770000457763672,10.765000343322754,10.770000457763672,1829,0.0,0.0
2024-09-19 10:50:00-04:00,10.779999732971191,10.78499984741211,10.770000457763672,10.770000457763672,2094,0.0,0.0
2024-09-19 10:55:00-04:00,10.760000228881836,10.779999732971191,10.760000228881836,10.779999732971191,346,0.0,0.0
2024-09-19 11:00:00-04:00,10.770000457763672,10.770000457763672,10.760000228881836,10.760000228881836,857,0.0,0.0
2024-09-19 11:10:00-04:00,10.779999732971191,10.779999732971191,10.779999732971191,10.779999732971191,1169,0.0,0.0
2024-09-19 11:15:00-04:00,10.779999732971191,10.779999732971191,10.770000457763672,10.770000457763672,857,0.0,0.0
2024-09-19 11:20:00-04:00,10.779999732971191,10.800000190734863,10.779999732971191,10.800000190734863,4328,0.0,0.0
2024-09-19 11:25:00-04:00,10.78499984741211,10.805000305175781,10.779999732971191,10.805000305175781,3528,0.0,0.0
2024-09-19 11:35:00-04:00,10.795000076293945,10.795000076293945,10.779999732971191,10.78499984741211,1491,0.0,0.0
2024-09-19 11:40:00-04:00,10.789999961853027,10.789999961853027,10.770000457763672,10.779999732971191,10535,0.0,0.0
2024-09-19 11:45:00-04:00,10.760000228881836,10.779999732971191,10.760000228881836,10.779999732971191,1131,0.0,0.0
2024-09-19 11:55:00-04:00,10.760000228881836,10.782500267028809,10.760000228881836,10.782500267028809,1465,0.0,0.0
2024-09-19 12:00:00-04:00,10.779999732971191,10.800000190734863,10.770000457763672,10.779999732971191,1605,0.0,0.0
2024-09-19 12:05:00-04:00,10.779999732971191,10.789999961853027,10.779999732971191,10.779999732971191,2084,0.0,0.0
2024-09-19 12:10:00-04:00,10.793499946594238,10.793499946594238,10.793499946594238,10.793499946594238,269,0.0,0.0
2024-09-19 12:15:00-04:00,10.779999732971191,10.789999961853027,10.779999732971191,10.779999732971191,4261,0.0,0.0
2024-09-19 12:20:00-04:00,10.800999641418457,10.800999641418457,10.779999732971191,10.779999732971191,1503,0.0,0.0
2024-09-19 12:25:00-04:00,10.789999961853027,10.789999961853027,10.779999732971191,10.779999732971191,669,0.0,0.0
2024-09-19 12:30:00-04:00,10.779999732971191,10.789999961853027,10.779999732971191,10.779999732971191,1618,0.0,0.0
2024-09-19 12:35:00-04:00,10.800000190734863,10.800000190734863,10.789999961853027,10.789999961853027,812,0.0,0.0
2024-09-19 12:40:00-04:00,10.803999900817871,10.8100004196167,10.800000190734863,10.8100004196167,3048,0.0,0.0
2024-09-19 12:50:00-04:00,10.8100004196167,10.819999694824219,10.800000190734863,10.800000190734863,3113,0.0,0.0
2024-09-19 12:55:00-04:00,10.800000190734863,10.800000190734863,10.779999732971191,10.779999732971191,2298,0.0,0.0
2024-09-19 13:00:00-04:00,10.798299789428711,10.798299789428711,10.78499984741211,10.78499984741211,1402,0.0,0.0
2024-09-19 13:05:00-04:00,10.789999961853027,10.789999961853027,10.779999732971191,10.779999732971191,1340,0.0,0.0
2024-09-19 13:10:00-04:00,10.770000457763672,10.779999732971191,10.770000457763672,10.779000282287598,1235,0.0,0.0
2024-09-19 13:20:00-04:00,10.779999732971191,10.779999732971191,10.770000457763672,10.777299880981445,2202,0.0,0.0
2024-09-19 13:25:00-04:00,10.770000457763672,10.770000457763672,10.770000457763672,10.770000457763672,147,0.0,0.0
2024-09-19 13:30:00-04:00,10.760000228881836,10.760000228881836,10.760000228881836,10.760000228881836,584,0.0,0.0
2024-09-19 13:35:00-04:00,10.770000457763672,10.770000457763672,10.770000457763672,10.770000457763672,566,0.0,0.0
2024-09-19 13:40:00-04:00,10.78499984741211,10.805000305175781,10.779999732971191,10.805000305175781,20903,0.0,0.0
2024-09-19 13:45:00-04:00,10.819999694824219,10.84000015258789,10.800000190734863,10.829999923706055,2375,0.0,0.0
2024-09-19 13:50:00-04:00,10.819999694824219,10.819999694824219,10.789999961853027,10.789999961853027,3151,0.0,0.0
2024-09-19 13:55:00-04:00,10.8100004196167,10.850000381469727,10.8100004196167,10.829999923706055,6991,0.0,0.0
2024-09-19 14:00:00-04:00,10.8100004196167,10.826000213623047,10.8100004196167,10.826000213623047,2815,0.0,0.0
2024-09-19 14:05:00-04:00,10.829999923706055,10.845000267028809,10.829999923706055,10.829999923706055,7478,0.0,0.0
2024-09-19 14:10:00-04:00,10.84000015258789,10.84000015258789,10.829999923706055,10.829999923706055,971,0.0,0.0
2024-09-19 14:15:00-04:00,10.819999694824219,10.845000267028809,10.819999694824219,10.829999923706055,3371,0.0,0.0
2024-09-19 14:20:00-04:00,10.84000015258789,10.854999542236328,10.84000015258789,10.84000015258789,3734,0.0,0.0
2024-09-19 14:25:00-04:00,10.84000015258789,10.859700202941895,10.84000015258789,10.859700202941895,2306,0.0,0.0
2024-09-19 14:30:00-04:00,10.850000381469727,10.850000381469727,10.84000015258789,10.84000015258789,2228,0.0,0.0
2024-09-19 14:35:00-04:00,10.84000015258789,10.850000381469727,10.84000015258789,10.84000015258789,2079,0.0,0.0
2024-09-19 14:40:00-04:00,10.84000015258789,10.84000015258789,10.84000015258789,10.84000015258789,487,0.0,0.0
2024-09-19 14:45:00-04:00,10.84000015258789,10.850000381469727,10.84000015258789,10.84000015258789,2094,0.0,0.0
2024-09-19 14:50:00-04:00,10.84000015258789,10.880000114440918,10.84000015258789,10.869999885559082,12912,0.0,0.0
2024-09-19 14:55:00-04:00,10.869999885559082,10.885000228881836,10.869999885559082,10.875,1541,0.0,0.0
2024-09-19 15:00:00-04:00,10.899999618530273,10.90999984741211,10.890000343322754,10.90999984741211,2725,0.0,0.0
2024-09-19 15:05:00-04:00,10.90999984741211,10.930000305175781,10.90999984741211,10.920000076293945,3032,0.0,0.0
2024-09-19 15:10:00-04:00,10.90999984741211,10.913200378417969,10.899999618530273,10.90999984741211,2681,0.0,0.0
2024-09-19 15:15:00-04:00,10.920000076293945,10.920000076293945,10.890000343322754,10.890000343322754,4601,0.0,0.0
2024-09-19 15:20:00-04:00,10.880000114440918,10.880000114440918,10.859999656677246,10.864999771118164,5054,0.0,0.0
2024-09-19 15:25:00-04:00,10.859999656677246,10.880000114440918,10.859999656677246,10.869999885559082,4437,0.0,0.0
2024-09-19 15:30:00-04:00,10.869999885559082,10.899999618530273,10.869999885559082,10.892499923706055,6309,0.0,0.0
2024-09-19 15:35:00-04:00,10.899999618530273,10.899999618530273,10.890000343322754,10.899999618530273,9276,0.0,0.0
2024-09-19 15:40:00-04:00,10.899999618530273,10.90999984741211,10.890000343322754,10.90999984741211,7438,0.0,0.0
2024-09-19 15:45:00-04:00,10.899999618530273,10.90999984741211,10.890000343322754,10.904999732971191,11525,0.0,0.0
2024-09-19 15:50:00-04:00,10.90999984741211,10.90999984741211,10.890000343322754,10.890000343322754,14940,0.0,0.0
2024-09-19 15:55:00-04:00,10.895000457763672,10.9399995803833,10.890000343322754,10.9399995803833,29918,0.0,0.0
2024-09-20 09:30:00-04:00,10.949999809265137,11.119999885559082,10.949999809265137,11.0600004196167,66706,0.0,0.0
2024-09-20 09:35:00-04:00,11.085000038146973,11.085000038146973,11.0600004196167,11.079999923706055,725,0.0,0.0
2024-09-20 09:40:00-04:00,11.039999961853027,11.039999961853027,11.039999961853027,11.039999961853027,1034,0.0,0.0
2024-09-20 09:45:00-04:00,11.0600004196167,11.0600004196167,11.024999618530273,11.050000190734863,2891,0.0,0.0
2024-09-20 09:50:00-04:00,11.039999961853027,11.039999961853027,11.020000457763672,11.020000457763672,830,0.0,0.0
2024-09-20 09:55:00-04:00,11.010000228881836,11.0600004196167,11.010000228881836,11.029999732971191,4553,0.0,0.0
2024-09-20 10:00:00-04:00,11.029999732971191,11.029999732971191,11.029999732971191,11.029999732971191,760,0.0,0.0
2024-09-20 10:10:00-04:00,11.010000228881836,11.010000228881836,11.0,11.0,1066,0.0,0.0
2024-09-20 10:15:00-04:00,11.0,11.0,10.979999542236328,11.0,2185,0.0,0.0
2024-09-20 10:25:00-04:00,11.059100151062012,11.0600004196167,11.059100151062012,11.0600004196167,646,0.0,0.0
2024-09-20 10:30:00-04:00,11.050000190734863,11.0600004196167,11.050000190734863,11.0600004196167,1123,0.0,0.0
2024-09-20 10:35:00-04:00,11.050000190734863,11.050000190734863,11.050000190734863,11.050000190734863,1249,0.0,0.0
2024-09-20 10:40:00-04:00,11.039999961853027,11.050000190734863,11.039999961853027,11.050000190734863,1951,0.0,0.0
2024-09-20 10:45:00-04:00,11.050000190734863,11.050000190734863,11.050000190734863,11.050000190734863,223,0.0,0.0
2024-09-20 10:50:00-04:00,11.029999732971191,11.029999732971191,11.020000457763672,11.029999732971191,2281,0.0,0.0
2024-09-20 10:55:00-04:00,11.029999732971191,11.050000190734863,11.029999732971191,11.029999732971191,1598,0.0,0.0
2024-09-20 11:00:00-04:00,11.029999732971191,11.029999732971191,11.029999732971191,11.029999732971191,247,0.0,0.0
2024-09-20 11:05:00-04:00,11.020000457763672,11.020000457763672,11.020000457763672,11.020000457763672,1257,0.0,0.0
2024-09-20 11:10:00-04:00,11.029000282287598,11.029999732971191,11.029000282287598,11.029999732971191,404,0.0,0.0
2024-09-20 11:15:00-04:00,11.020000457763672,11.020000457763672,11.020000457763672,11.020000457763672,966,0.0,0.0
2024-09-20 11:30:00-04:00,11.010000228881836,11.010000228881836,10.949999809265137,10.949999809265137,2790,0.0,0.0
2024-09-20 11:35:00-04:00,10.979999542236328,10.989999771118164,10.979999542236328,10.989999771118164,1053,0.0,0.0
2024-09-20 11:40:00-04:00,10.989999771118164,10.989999771118164,10.989999771118164,10.989999771118164,656,0.0,0.0
2024-09-20 11:50:00-04:00,11.015000343322754,11.020000457763672,11.015000343322754,11.020000457763672,311,0.0,0.0
2024-09-20 11:55:00-04:00,11.020000457763672,11.020000457763672,11.010000228881836,11.010000228881836,1627,0.0,0.0
2024-09-20 12:00:00-04:00,11.010000228881836,11.010000228881836,11.0,11.0,1149,0.0,0.0
2024-09-20 12:05:00-04:00,11.010000228881836,11.029999732971191,11.010000228881836,11.029999732971191,1348,0.0,0.0
2024-09-20 12:10:00-04:00,11.029999732971191,11.031000137329102,11.020000457763672,11.020000457763672,1428,0.0,0.0
2024-09-20 12:15:00-04:00,11.010000228881836,11.010000228881836,11.010000228881836,11.010000228881836,202,0.0,0.0
2024-09-20 12:20:00-04:00,11.020000457763672,11.020000457763672,11.020000457763672,11.020000457763672,134,0.0,0.0
2024-09-20 12:25:00-04:00,11.010000228881836,11.010000228881836,11.0,11.0,2164,0.0,0.0
2024-09-20 12:30:00-04:00,11.010000228881836,11.010000228881836,11.010000228881836,11.010000228881836,299,0.0,0.0
2024-09-20 12:40:00-04:00,11.020000457763672,11.020000457763672,11.020000457763672,11.020000457763672,964,0.0,0.0
2024-09-20 12:55:00-04:00,11.010000228881836,11.010000228881836,11.010000228881836,11.010000228881836,988,0.0,0.0
2024-09-20 13:05:00-04:00,11.019000053405762,11.039999961853027,11.019000053405762,11.039999961853027,1075,0.0,0.0
2024-09-20 13:10:00-04:00,11.039999961853027,11.0600004196167,11.039999961853027,11.0600004196167,484,0.0,0.0
2024-09-20 13:15:00-04:00,11.050000190734863,11.050000190734863,11.039999961853027,11.050000190734863,1604,0.0,0.0
2024-09-20 13:20:00-04:00,11.050000190734863,11.050000190734863,11.029999732971191,11.039999961853027,784,0.0,0.0
2024-09-20 13:25:00-04:00,11.029999732971191,11.029999732971191,11.020000457763672,11.020000457763672,1356,0.0,0.0
2024-09-20 13:30:00-04:00,11.020000457763672,11.020000457763672,11.020000457763672,11.020000457763672,722,0.0,0.0
2024-09-20 13:35:00-04:00,11.010000228881836,11.020000457763672,11.010000228881836,11.020000457763672,465,0.0,0.0
2024-09-20 13:40:00-04:00,11.015000343322754,11.015000343322754,11.015000343322754,11.015000343322754,577,0.0,0.0
2024-09-20 13:45:00-04:00,11.015000343322754,11.015000343322754,11.0,11.010000228881836,1803,0.0,0.0
2024-09-20 13:50:00-04:00,11.005000114440918,11.010000228881836,11.0,11.0,1914,0.0,0.0
2024-09-20 13:55:00-04:00,11.010000228881836,11.010000228881836,11.010000228881836,11.010000228881836,387,0.0,0.0
2024-09-20 14:00:00-04:00,11.010000228881836,11.010000228881836,11.010000228881836,11.010000228881836,832,0.0,0.0
2024-09-20 14:05:00-04:00,11.010000228881836,11.029999732971191,11.010000228881836,11.029999732971191,2534,0.0,0.0
2024-09-20 14:10:00-04:00,11.029999732971191,11.069999694824219,11.029999732971191,11.050000190734863,13894,0.0,0.0
2024-09-20 14:15:00-04:00,11.0649995803833,11.09000015258789,11.0649995803833,11.09000015258789,1974,0.0,0.0
2024-09-20 14:20:00-04:00,11.100000381469727,11.100000381469727,11.079999923706055,11.079999923706055,1863,0.0,0.0
2024-09-20 14:25:00-04:00,11.095000267028809,11.095000267028809,11.085000038146973,11.085000038146973,1577,0.0,0.0
2024-09-20 14:30:00-04:00,11.085000038146973,11.085000038146973,11.0600004196167,11.0600004196167,5571,0.0,0.0
2024-09-20 14:35:00-04:00,11.069999694824219,11.069999694824219,11.0649995803833,11.069999694824219,1625,0.0,0.0
2024-09-20 14:40:00-04:00,11.079999923706055,11.09000015258789,11.07509994506836,11.07509994506836,1447,0.0,0.0
2024-09-20 14:45:00-04:00,11.09000015258789,11.09000015258789,11.09000015258789,11.09000015258789,419,0.0,0.0
2024-09-20 14:50:00-04:00,11.09000015258789,11.100000381469727,11.09000015258789,11.100000381469727,1862,0.0,0.0
2024-09-20 14:55:00-04:00,11.100000381469727,11.100000381469727,11.09000015258789,11.09000015258789,664,0.0,0.0
2024-09-20 15:00:00-04:00,11.09000015258789,11.119999885559082,11.09000015258789,11.095000267028809,2731,0.0,0.0
2024-09-20 15:05:00-04:00,11.095000267028809,11.095000267028809,11.095000267028809,11.095000267028809,403,0.0,0.0
2024-09-20 15:10:00-04:00,11.09000015258789,11.09000015258789,11.074999809265137,11.074999809265137,3099,0.0,0.0
2024-09-20 15:15:00-04:00,11.074999809265137,11.074999809265137,11.039999961853027,11.039999961853027,3750,0.0,0.0
2024-09-20 15:20:00-04:00,11.045000076293945,11.045000076293945,10.979999542236328,11.010000228881836,10512,0.0,0.0
2024-09-20 15:25:00-04:00,11.029999732971191,11.029999732971191,11.029999732971191,11.029999732971191,4177,0.0,0.0
2024-09-20 15:30:00-04:00,11.030099868774414,11.030099868774414,11.030099868774414,11.030099868774414,244,0.0,0.0
2024-09-20 15:35:00-04:00,11.039999961853027,11.0600004196167,11.020000457763672,11.0600004196167,10339,0.0,0.0
2024-09-20 15:40:00-04:00,11.050000190734863,11.050000190734863,11.041000366210938,11.041000366210938,2202,0.0,0.0
2024-09-20 15:45:00-04:00,11.050000190734863,11.050000190734863,11.010000228881836,11.029999732971191,15844,0.0,0.0
2024-09-20 15:50:00-04:00,11.010000228881836,11.010000228881836,10.970000267028809,10.979999542236328,12489,0.0,0.0
2024-09-20 15:55:00-04:00,10.970000267028809,10.970000267028809,10.930000305175781,10.949999809265137,32948,0.0,0.0
2024-09-23 09:30:00-04:00,11.0,11.055000305175781,11.0,11.055000305175781,2733,0.0,0.0
2024-09-23 09:35:00-04:00,10.989999771118164,10.989999771118164,10.982399940490723,10.982399940490723,761,0.0,0.0
2024-09-23 09:40:00-04:00,11.008399963378906,11.008399963378906,10.949999809265137,10.949999809265137,1762,0.0,0.0
2024-09-23 09:50:00-04:00,10.90999984741211,10.90999984741211,10.90999984741211,10.90999984741211,350,0.0,0.0
2024-09-23 09:55:00-04:00,10.930000305175781,10.930000305175781,10.930000305175781,10.930000305175781,847,0.0,0.0
2024-09-23 10:05:00-04:00,10.930000305175781,10.930000305175781,10.914999961853027,10.914999961853027,939,0.0,0.0
2024-09-23 10:15:00-04:00,10.920000076293945,10.930000305175781,10.920000076293945,10.920000076293945,852,0.0,0.0
2024-09-23 10:20:00-04:00,10.920000076293945,10.920000076293945,10.920000076293945,10.920000076293945,1235,0.0,0.0
2024-09-23 10:25:00-04:00,10.90999984741211,10.90999984741211,10.90999984741211,10.90999984741211,563,0.0,0.0
2024-09-23 10:30:00-04:00,10.890000343322754,10.899999618530273,10.885000228881836,10.899999618530273,1910,0.0,0.0
2024-09-23 10:35:00-04:00,10.880000114440918,10.880000114440918,10.880000114440918,10.880000114440918,1039,0.0,0.0
2024-09-23 10:45:00-04:00,10.869999885559082,10.869999885559082,10.869999885559082,10.869999885559082,318,0.0,0.0
2024-09-23 10:50:00-04:00,10.869999885559082,10.869999885559082,10.850000381469727,10.850000381469727,951,0.0,0.0
2024-09-23 11:00:00-04:00,10.84000015258789,10.850000381469727,10.829999923706055,10.84000015258789,4324,0.0,0.0
2024-09-23 11:05:00-04:00,10.829999923706055,10.850000381469727,10.829999923706055,10.84000015258789,7480,0.0,0.0
2024-09-23 11:10:00-04:00,10.850000381469727,10.850000381469727,10.814599990844727,10.8149995803833,3316,0.0,0.0
2024-09-23 11:15:00-04:00,10.819999694824219,10.850000381469727,10.819999694824219,10.850000381469727,3272,0.0,0.0
2024-09-23 11:20:00-04:00,10.890000343322754,10.909899711608887,10.890000343322754,10.909899711608887,623,0.0,0.0
2024-09-23 11:25:00-04:00,10.90999984741211,10.90999984741211,10.890000343322754,10.899999618530273,2149,0.0,0.0
2024-09-23 11:30:00-04:00,10.90999984741211,10.9399995803833,10.90999984741211,10.930000305175781,1515,0.0,0.0
2024-09-23 11:40:00-04:00,10.9399995803833,10.96500015258789,10.9399995803833,10.96500015258789,2298,0.0,0.0
2024-09-23 11:45:00-04:00,10.954999923706055,10.954999923706055,10.930000305175781,10.9399995803833,1822,0.0,0.0
2024-09-23 11:50:00-04:00,10.920000076293945,10.920000076293945,10.920000076293945,10.920000076293945,167,0.0,0.0
2024-09-23 11:55:00-04:00,10.920000076293945,10.920000076293945,10.90999984741211,10.90999984741211,1121,0.0,0.0
2024-09-23 12:00:00-04:00,10.919899940490723,10.919899940490723,10.919899940490723,10.919899940490723,1180,0.0,0.0
2024-09-23 12:05:00-04:00,10.916000366210938,10.916000366210938,10.916000366210938,10.916000366210938,757,0.0,0.0
2024-09-23 12:10:00-04:00,10.899999618530273,10.899999618530273,10.899999618530273,10.899999618530273,398,0.0,0.0
2024-09-23 12:15:00-04:00,10.899999618530273,10.899999618530273,10.890000343322754,10.899999618530273,857,0.0,0.0
2024-09-23 12:20:00-04:00,10.899999618530273,10.909799575805664,10.899999618530273,10.899999618530273,1049,0.0,0.0
2024-09-23 12:25:00-04:00,10.90999984741211,10.920000076293945,10.90999984741211,10.920000076293945,644,0.0,0.0
2024-09-23 12:30:00-04:00,10.899999618530273,10.899999618530273,10.899999618530273,10.899999618530273,501,0.0,0.0
2024-09-23 12:35:00-04:00,10.90999984741211,10.90999984741211,10.90999984741211,10.90999984741211,227,0.0,0.0
2024-09-23 12:40:00-04:00,10.918700218200684,10.920000076293945,10.90999984741211,10.920000076293945,1007,0.0,0.0
2024-09-23 12:45:00-04:00,10.90999984741211,10.90999984741211,10.904999732971191,10.90999984741211,3121,0.0,0.0
2024-09-23 13:05:00-04:00,10.920000076293945,10.920000076293945,10.920000076293945,10.920000076293945,1090,0.0,0.0
2024-09-23 13:25:00-04:00,10.937100410461426,10.937100410461426,10.937100410461426,10.937100410461426,1317,0.0,0.0
2024-09-23 13:35:00-04:00,10.930000305175781,10.930000305175781,10.925000190734863,10.925000190734863,2733,0.0,0.0
2024-09-23 13:45:00-04:00,10.925000190734863,10.925000190734863,10.90999984741211,10.920000076293945,844,0.0,0.0
2024-09-23 13:55:00-04:00,10.920000076293945,10.920000076293945,10.920000076293945,10.920000076293945,570,0.0,0.0
2024-09-23 14:00:00-04:00,10.914999961853027,10.914999961853027,10.914999961853027,10.914999961853027,690,0.0,0.0
2024-09-23 14:05:00-04:00,10.914999961853027,10.914999961853027,10.914999961853027,10.914999961853027,631,0.0,0.0
2024-09-23 14:10:00-04:00,10.911999702453613,10.920000076293945,10.911999702453613,10.920000076293945,2300,0.0,0.0
2024-09-23 14:15:00-04:00,10.920000076293945,10.920000076293945,10.920000076293945,10.920000076293945,1626,0.0,0.0
2024-09-23 14:25:00-04:00,10.9399995803833,10.9399995803833,10.9399995803833,10.9399995803833,1451,0.0,0.0
2024-09-23 14:40:00-04:00,10.9399995803833,10.949999809265137,10.9399995803833,10.9399995803833,3034,0.0,0.0
2024-09-23 14:45:00-04:00,10.9399995803833,10.9399995803833,10.9399995803833,10.9399995803833,811,0.0,0.0
2024-09-23 14:50:00-04:00,10.9350004196167,10.9399995803833,10.9350004196167,10.9399995803833,774,0.0,0.0
2024-09-23 15:00:00-04:00,10.9399995803833,10.9399995803833,10.9399995803833,10.9399995803833,705,0.0,0.0
2024-09-23 15:05:00-04:00,10.930000305175781,10.930000305175781,10.930000305175781,10.930000305175781,853,0.0,0.0
2024-09-23 15:10:00-04:00,10.9350004196167,10.9350004196167,10.9350004196167,10.9350004196167,823,0.0,0.0
2024-09-23 15:20:00-04:00,10.930000305175781,10.930000305175781,10.925000190734863,10.925000190734863,1300,0.0,0.0
2024-09-23 15:25:00-04:00,10.929900169372559,10.930000305175781,10.929900169372559,10.930000305175781,571,0.0,0.0
2024-09-23 15:30:00-04:00,10.925000190734863,10.925000190734863,10.925000190734863,10.925000190734863,511,0.0,0.0
2024-09-23 15:35:00-04:00,10.920000076293945,10.920000076293945,10.920000076293945,10.920000076293945,1003,0.0,0.0
2024-09-23 15:40:00-04:00,10.920000076293945,10.920000076293945,10.91100025177002,10.920000076293945,1963,0.0,0.0
2024-09-23 15:45:00-04:00,10.914999961853027,10.944999694824219,10.90999984741211,10.9350004196167,6911,0.0,0.0
2024-09-23 15:50:00-04:00,10.9350004196167,10.9399995803833,10.914999961853027,10.914999961853027,3194,0.0,0.0
2024-09-23 15:55:00-04:00,10.914999961853027,10.920000076293945,10.90999984741211,10.90999984741211,10112,0.0,0.0
2024-09-24 09:30:00-04:00,10.920000076293945,10.949999809265137,10.920000076293945,10.949999809265137,1579,0.0,0.0
2024-09-24 09:50:00-04:00,10.914999961853027,10.914999961853027,10.899999618530273,10.899999618530273,540,0.0,0.0
2024-09-24 09:55:00-04:00,10.899999618530273,10.899999618530273,10.899999618530273,10.899999618530273,413,0.0,0.0
2024-09-24 10:00:00-04:00,10.890000343322754,10.899999618530273,10.890000343322754,10.899999618530273,2197,0.0,0.0
2024-09-24 10:35:00-04:00,10.880000114440918,10.880000114440918,10.850000381469727,10.850000381469727,1732,0.0,0.0
2024-09-24 10:45:00-04:00,10.880000114440918,10.880000114440918,10.880000114440918,10.880000114440918,589,0.0,0.0
2024-09-24 10:55:00-04:00,10.890000343322754,10.899999618530273,10.890000343322754,10.899999618530273,2735,0.0,0.0
2024-09-24 11:10:00-04:00,10.920000076293945,10.9399995803833,10.920000076293945,10.930000305175781,6207,0.0,0.0
2024-09-24 11:15:00-04:00,10.920000076293945,10.930000305175781,10.920000076293945,10.930000305175781,994,0.0,0.0
2024-09-24 11:30:00-04:00,10.9399995803833,10.9399995803833,10.9399995803833,10.9399995803833,403,0.0,0.0
2024-09-24 11:35:00-04:00,10.9350004196167,10.9350004196167,10.930000305175781,10.930000305175781,581,0.0,0.0
2024-09-24 11:40:00-04:00,10.930000305175781,10.930000305175781,10.920000076293945,10.925000190734863,2105,0.0,0.0
2024-09-24 11:45:00-04:00,10.930000305175781,10.930000305175781,10.930000305175781,10.930000305175781,648,0.0,0.0
2024-09-24 12:00:00-04:00,10.930000305175781,10.930000305175781,10.930000305175781,10.930000305175781,144,0.0,0.0
2024-09-24 12:05:00-04:00,10.930000305175781,10.930000305175781,10.930000305175781,10.930000305175781,1461,0.0,0.0
2024-09-24 12:25:00-04:00,10.930000305175781,10.930000305175781,10.930000305175781,10.930000305175781,239,0.0,0.0
2024-09-24 12:30:00-04:00,10.9399995803833,10.9399995803833,10.9350004196167,10.9350004196167,1895,0.0,0.0
2024-09-24 12:35:00-04:00,10.9399995803833,10.949999809265137,10.930000305175781,10.930000305175781,12676,0.0,0.0
2024-09-24 12:40:00-04:00,10.9399995803833,10.9399995803833,10.9350004196167,10.9399995803833,3132,0.0,0.0
2024-09-24 12:50:00-04:00,10.9399995803833,10.989999771118164,10.9399995803833,10.989999771118164,1489,0.0,0.0
2024-09-24 12:55:00-04:00,10.979999542236328,10.979999542236328,10.960000038146973,10.970000267028809,2773,0.0,0.0
2024-09-24 13:00:00-04:00,10.970000267028809,10.979999542236328,10.970000267028809,10.979999542236328,488,0.0,0.0
2024-09-24 13:05:00-04:00,10.979999542236328,10.979999542236328,10.979999542236328,10.979999542236328,380,0.0,0.0
2024-09-24 13:10:00-04:00,10.979999542236328,10.979999542236328,10.972200393676758,10.972200393676758,2952,0.0,0.0
2024-09-24 13:25:00-04:00,10.970000267028809,10.970000267028809,10.970000267028809,10.970000267028809,1156,0.0,0.0
2024-09-24 13:30:00-04:00,10.960000038146973,10.970000267028809,10.960000038146973,10.960000038146973,855,0.0,0.0
2024-09-24 13:35:00-04:00,10.960000038146973,10.96500015258789,10.960000038146973,10.96500015258789,318,0.0,0.0
2024-09-24 13:40:00-04:00,10.96500015258789,10.970000267028809,10.96500015258789,10.970000267028809,1915,0.0,0.0
2024-09-24 13:45:00-04:00,10.970000267028809,10.970000267028809,10.970000267028809,10.970000267028809,493,0.0,0.0
2024-09-24 13:55:00-04:00,10.975000381469727,11.0,10.975000381469727,11.0,2424,0.0,0.0
2024-09-24 14:00:00-04:00,11.010000228881836,11.010000228881836,11.010000228881836,11.010000228881836,880,0.0,0.0
2024-09-24 14:05:00-04:00,11.039999961853027,11.039999961853027,11.039999961853027,11.039999961853027,437,0.0,0.0
2024-09-24 14:10:00-04:00,11.03499984741211,11.03499984741211,11.03499984741211,11.03499984741211,1194,0.0,0.0
2024-09-24 14:15:00-04:00,11.03499984741211,11.03499984741211,11.03499984741211,11.03499984741211,591,0.0,0.0
2024-09-24 14:20:00-04:00,11.039999961853027,11.039999961853027,11.034199714660645,11.03499984741211,1725,0.0,0.0
2024-09-24 14:25:00-04:00,11.039999961853027,11.039999961853027,11.039999961853027,11.039999961853027,1482,0.0,0.0
2024-09-24 14:30:00-04:00,11.029999732971191,11.039999961853027,11.024999618530273,11.039999961853027,2854,0.0,0.0
2024-09-24 14:35:00-04:00,11.0600004196167,11.0600004196167,11.029999732971191,11.039999961853027,7253,0.0,0.0
2024-09-24 14:40:00-04:00,11.050000190734863,11.050000190734863,11.050000190734863,11.050000190734863,1088,0.0,0.0
2024-09-24 14:45:00-04:00,11.050000190734863,11.050000190734863,11.050000190734863,11.050000190734863,785,0.0,0.0
2024-09-24 14:50:00-04:00,11.039999961853027,11.045000076293945,11.039999961853027,11.045000076293945,3080,0.0,0.0
2024-09-24 14:55:00-04:00,11.050000190734863,11.055000305175781,11.029999732971191,11.029999732971191,2935,0.0,0.0
2024-09-24 15:00:00-04:00,11.03499984741211,11.03499984741211,11.03499984741211,11.03499984741211,146,0.0,0.0
2024-09-24 15:05:00-04:00,11.029999732971191,11.029999732971191,11.029999732971191,11.029999732971191,2056,0.0,0.0
2024-09-24 15:15:00-04:00,11.029999732971191,11.039999961853027,11.029999732971191,11.039999961853027,1155,0.0,0.0
2024-09-24 15:20:00-04:00,11.024999618530273,11.039999961853027,11.024999618530273,11.039999961853027,1866,0.0,0.0
2024-09-24 15:25:00-04:00,11.069999694824219,11.069999694824219,11.020000457763672,11.020000457763672,7303,0.0,0.0
2024-09-24 15:30:00-04:00,11.029999732971191,11.039999961853027,11.029999732971191,11.03499984741211,2621,0.0,0.0
2024-09-24 15:35:00-04:00,11.039999961853027,11.039999961853027,11.039999961853027,11.039999961853027,819,0.0,0.0
2024-09-24 15:40:00-04:00,11.039999961853027,11.069999694824219,11.039999961853027,11.069999694824219,2996,0.0,0.0
2024-09-24 15:45:00-04:00,11.0649995803833,11.069999694824219,11.0600004196167,11.069999694824219,3803,0.0,0.0
2024-09-24 15:50:00-04:00,11.074999809265137,11.100000381469727,11.069999694824219,11.09000015258789,10226,0.0,0.0
2024-09-24 15:55:00-04:00,11.085000038146973,11.085000038146973,11.0,11.039999961853027,17498,0.0,0.0
2024-09-25 09:30:00-04:00,11.050000190734863,11.060700416564941,10.979999542236328,10.979999542236328,2262,0.0,0.0
2024-09-25 09:35:00-04:00,10.979999542236328,10.979999542236328,10.979999542236328,10.979999542236328,491,0.0,0.0
2024-09-25 09:40:00-04:00,11.010000228881836,11.010000228881836,10.979999542236328,10.979999542236328,584,0.0,0.0
2024-09-25 09:45:00-04:00,10.970000267028809,11.0,10.970000267028809,10.970000267028809,1045,0.0,0.0
2024-09-25 09:50:00-04:00,10.949999809265137,10.949999809265137,10.949999809265137,10.949999809265137,1550,0.0,0.0
2024-09-25 10:00:00-04:00,10.960000038146973,10.960000038146973,10.9399995803833,10.9399995803833,1338,0.0,0.0
2024-09-25 10:10:00-04:00,10.949999809265137,10.970000267028809,10.949999809265137,10.970000267028809,1595,0.0,0.0
2024-09-25 10:15:00-04:00,10.970000267028809,10.970000267028809,10.970000267028809,10.970000267028809,591,0.0,0.0
2024-09-25 10:20:00-04:00,10.949999809265137,10.960000038146973,10.949999809265137,10.960000038146973,1737,0.0,0.0
2024-09-25 10:25:00-04:00,10.949999809265137,10.979999542236328,10.949999809265137,10.979999542236328,1467,0.0,0.0
2024-09-25 10:30:00-04:00,10.979999542236328,10.979999542236328,10.979999542236328,10.979999542236328,983,0.0,0.0
2024-09-25 10:35:00-04:00,11.010000228881836,11.010000228881836,11.010000228881836,11.010000228881836,101,0.0,0.0
2024-09-25 10:40:00-04:00,10.989999771118164,11.010000228881836,10.989999771118164,11.010000228881836,2817,0.0,0.0
2024-09-25 10:45:00-04:00,11.010000228881836,11.010000228881836,11.010000228881836,11.010000228881836,1174,0.0,0.0
2024-09-25 10:50:00-04:00,11.005000114440918,11.020000457763672,11.005000114440918,11.020000457763672,1060,0.0,0.0
2024-09-25 10:55:00-04:00,11.029999732971191,11.03499984741211,11.029999732971191,11.03499984741211,690,0.0,0.0
2024-09-25 11:00:00-04:00,11.039999961853027,11.050000190734863,11.039999961853027,11.050000190734863,625,0.0,0.0
2024-09-25 11:05:00-04:00,11.0600004196167,11.0600004196167,11.0600004196167,11.0600004196167,909,0.0,0.0
2024-09-25 11:10:00-04:00,11.060999870300293,11.060999870300293,11.060999870300293,11.060999870300293,581,0.0,0.0
2024-09-25 11:20:00-04:00,11.0600004196167,11.0600004196167,11.050000190734863,11.050000190734863,819,0.0,0.0
2024-09-25 11:25:00-04:00,11.050000190734863,11.050000190734863,11.039999961853027,11.039999961853027,1601,0.0,0.0
2024-09-25 11:35:00-04:00,11.039999961853027,11.039999961853027,11.039999961853027,11.039999961853027,649,0.0,0.0
2024-09-25 11:40:00-04:00,11.039999961853027,11.039999961853027,11.029999732971191,11.03499984741211,1091,0.0,0.0
2024-09-25 11:45:00-04:00,11.039999961853027,11.039999961853027,11.039999961853027,11.039999961853027,693,0.0,0.0
2024-09-25 11:55:00-04:00,11.03499984741211,11.039999961853027,11.03499984741211,11.039999961853027,1028,0.0,0.0
2024-09-25 12:00:00-04:00,11.045000076293945,11.050000190734863,11.045000076293945,11.050000190734863,955,0.0,0.0
2024-09-25 12:15:00-04:00,11.045000076293945,11.045000076293945,11.045000076293945,11.045000076293945,364,0.0,0.0
2024-09-25 12:20:00-04:00,11.045000076293945,11.045000076293945,11.03499984741211,11.03499984741211,2359,0.0,0.0
2024-09-25 12:30:00-04:00,11.03499984741211,11.03499984741211,11.020000457763672,11.029999732971191,2931,0.0,0.0
2024-09-25 12:35:00-04:00,11.029999732971191,11.029999732971191,11.029999732971191,11.029999732971191,461,0.0,0.0
2024-09-25 12:45:00-04:00,11.024999618530273,11.024999618530273,11.015000343322754,11.015000343322754,1818,0.0,0.0
2024-09-25 12:50:00-04:00,11.015000343322754,11.020000457763672,11.015000343322754,11.020000457763672,701,0.0,0.0
2024-09-25 12:55:00-04:00,11.029999732971191,11.029999732971191,11.029999732971191,11.029999732971191,251,0.0,0.0
2024-09-25 13:00:00-04:00,11.010000228881836,11.015000343322754,11.010000228881836,11.015000343322754,813,0.0,0.0
2024-09-25 13:05:00-04:00,11.015000343322754,11.024999618530273,11.015000343322754,11.024999618530273,1451,0.0,0.0
2024-09-25 13:10:00-04:00,11.0,11.0,11.0,11.0,505,0.0,0.0
2024-09-25 13:15:00-04:00,11.015000343322754,11.015000343322754,11.015000343322754,11.015000343322754,807,0.0,0.0
2024-09-25 13:20:00-04:00,11.010000228881836,11.010000228881836,11.0,11.0,490,0.0,0.0
2024-09-25 13:25:00-04:00,11.0,11.0,11.0,11.0,483,0.0,0.0
2024-09-25 13:30:00-04:00,10.989999771118164,10.994999885559082,10.989999771118164,10.994999885559082,1749,0.0,0.0
2024-09-25 13:40:00-04:00,10.979999542236328,10.979999542236328,10.970000267028809,10.970000267028809,1951,0.0,0.0
2024-09-25 13:45:00-04:00,10.975000381469727,10.975000381469727,10.975000381469727,10.975000381469727,450,0.0,0.0
2024-09-25 13:50:00-04:00,10.979999542236328,10.984999656677246,10.979999542236328,10.984999656677246,799,0.0,0.0
2024-09-25 13:55:00-04:00,10.989999771118164,10.994999885559082,10.989999771118164,10.994999885559082,969,0.0,0.0
2024-09-25 14:00:00-04:00,10.999899864196777,10.999899864196777,10.999899864196777,10.999899864196777,203,0.0,0.0
2024-09-25 14:05:00-04:00,11.0,11.0,10.979999542236328,10.979999542236328,1394,0.0,0.0
2024-09-25 14:10:00-04:00,10.989999771118164,10.994999885559082,10.989999771118164,10.994999885559082,1325,0.0,0.0
2024-09-25 14:15:00-04:00,11.0,11.010000228881836,11.0,11.010000228881836,2831,0.0,0.0
2024-09-25 14:30:00-04:00,11.010000228881836,11.010000228881836,10.994999885559082,11.005000114440918,2945,0.0,0.0
2024-09-25 14:35:00-04:00,11.0,11.0,11.0,11.0,606,0.0,0.0
2024-09-25 14:40:00-04:00,11.0,11.0,10.989999771118164,10.989999771118164,1340,0.0,0.0
2024-09-25 14:45:00-04:00,10.979999542236328,10.979999542236328,10.979999542236328,10.979999542236328,1295,0.0,0.0
2024-09-25 14:55:00-04:00,10.970000267028809,10.970000267028809,10.960000038146973,10.960000038146973,359,0.0,0.0
2024-09-25 15:00:00-04:00,10.970000267028809,10.970000267028809,10.970000267028809,10.970000267028809,503,0.0,0.0
2024-09-25 15:05:00-04:00,10.960000038146973,10.970000267028809,10.960000038146973,10.970000267028809,2107,0.0,0.0
2024-09-25 15:10:00-04:00,10.960000038146973,10.975000381469727,10.949999809265137,10.970800399780273,6173,0.0,0.0
2024-09-25 15:15:00-04:00,10.975000381469727,10.975000381469727,10.920000076293945,10.920000076293945,9779,0.0,0.0
2024-09-25 15:20:00-04:00,10.920000076293945,10.920000076293945,10.920000076293945,10.920000076293945,448,0.0,0.0
2024-09-25 15:25:00-04:00,10.914999961853027,10.914999961853027,10.90999984741211,10.914999961853027,1847,0.0,0.0
2024-09-25 15:30:00-04:00,10.914999961853027,10.914999961853027,10.90999984741211,10.90999984741211,1924,0.0,0.0
2024-09-25 15:35:00-04:00,10.899999618530273,10.90999984741211,10.899999618530273,10.904999732971191,1127,0.0,0.0
2024-09-25 15:40:00-04:00,10.904999732971191,10.904999732971191,10.895000457763672,10.904999732971191,2998,0.0,0.0
2024-09-25 15:45:00-04:00,10.904999732971191,10.909899711608887,10.904999732971191,10.909899711608887,1758,0.0,0.0
2024-09-25 15:50:00-04:00,10.904999732971191,10.904999732971191,10.880000114440918,10.899999618530273,8538,0.0,0.0
2024-09-25 15:55:00-04:00,10.904999732971191,10.904999732971191,10.890000343322754,10.890000343322754,9756,0.0,0.0
2024-09-26 09:30:00-04:00,11.010000228881836,11.100000381469727,10.970000267028809,11.039999961853027,1819,0.0,0.0
2024-09-26 09:35:00-04:00,10.970000267028809,10.970000267028809,10.970000267028809,10.970000267028809,353,0.0,0.0
2024-09-26 09:40:00-04:00,10.960000038146973,10.960000038146973,10.960000038146973,10.960000038146973,276,0.0,0.0
2024-09-26 09:50:00-04:00,10.956299781799316,10.956299781799316,10.920000076293945,10.920000076293945,2243,0.0,0.0
2024-09-26 09:55:00-04:00,10.90999984741211,10.90999984741211,10.90999984741211,10.90999984741211,126,0.0,0.0
2024-09-26 10:00:00-04:00,10.930000305175781,10.960000038146973,10.930000305175781,10.949999809265137,2479,0.0,0.0
2024-09-26 10:05:00-04:00,10.930000305175781,10.930000305175781,10.930000305175781,10.930000305175781,838,0.0,0.0
2024-09-26 10:10:00-04:00,10.90999984741211,10.930000305175781,10.90999984741211,10.930000305175781,2061,0.0,0.0
2024-09-26 10:20:00-04:00,10.899999618530273,10.90999984741211,10.895000457763672,10.904999732971191,2647,0.0,0.0
2024-09-26 10:25:00-04:00,10.899999618530273,10.899999618530273,10.899999618530273,10.899999618530273,846,0.0,0.0
2024-09-26 10:30:00-04:00,10.904999732971191,10.90999984741211,10.904999732971191,10.90999984741211,1870,0.0,0.0
2024-09-26 10:35:00-04:00,10.930000305175781,10.930000305175781,10.920000076293945,10.920000076293945,883,0.0,0.0
2024-09-26 10:45:00-04:00,10.930000305175781,10.9399995803833,10.930000305175781,10.930000305175781,2177,0.0,0.0
2024-09-26 10:50:00-04:00,10.920000076293945,10.920000076293945,10.90999984741211,10.90999984741211,775,0.0,0.0
2024-09-26 10:55:00-04:00,10.901399612426758,10.901399612426758,10.901399612426758,10.901399612426758,1507,0.0,0.0
2024-09-26 11:00:00-04:00,10.897500038146973,10.899999618530273,10.897500038146973,10.899999618530273,1482,0.0,0.0
2024-09-26 11:05:00-04:00,10.899999618530273,10.899999618530273,10.899999618530273,10.899999618530273,2536,0.0,0.0
2024-09-26 11:10:00-04:00,10.880000114440918,10.890000343322754,10.869999885559082,10.880000114440918,3109,0.0,0.0
2024-09-26 11:15:00-04:00,10.895000457763672,10.949999809265137,10.890000343322754,10.949999809265137,3555,0.0,0.0
2024-09-26 11:30:00-04:00,10.930000305175781,10.949999809265137,10.930000305175781,10.949999809265137,1954,0.0,0.0
2024-09-26 11:35:00-04:00,10.9399995803833,10.9399995803833,10.9399995803833,10.9399995803833,1603,0.0,0.0
2024-09-26 11:50:00-04:00,10.949999809265137,10.949999809265137,10.9399995803833,10.9399995803833,2714,0.0,0.0
2024-09-26 11:55:00-04:00,10.970000267028809,10.970000267028809,10.970000267028809,10.970000267028809,572,0.0,0.0
2024-09-26 12:05:00-04:00,10.960000038146973,10.960000038146973,10.960000038146973,10.960000038146973,1506,0.0,0.0
2024-09-26 12:10:00-04:00,10.949999809265137,10.949999809265137,10.949999809265137,10.949999809265137,239,0.0,0.0
2024-09-26 12:15:00-04:00,10.9399995803833,10.9399995803833,10.9399995803833,10.9399995803833,391,0.0,0.0
2024-09-26 12:25:00-04:00,10.9399995803833,10.949999809265137,10.9399995803833,10.949999809265137,547,0.0,0.0
2024-09-26 12:30:00-04:00,10.9399995803833,10.9399995803833,10.9399995803833,10.9399995803833,707,0.0,0.0
2024-09-26 12:35:00-04:00,10.949999809265137,10.949999809265137,10.9399995803833,10.949999809265137,1382,0.0,0.0
2024-09-26 12:40:00-04:00,10.949999809265137,10.960000038146973,10.949999809265137,10.960000038146973,759,0.0,0.0
2024-09-26 12:50:00-04:00,10.949999809265137,10.949999809265137,10.949999809265137,10.949999809265137,961,0.0,0.0
2024-09-26 13:00:00-04:00,10.954999923706055,10.954999923706055,10.949999809265137,10.949999809265137,252,0.0,0.0
2024-09-26 13:05:00-04:00,10.949999809265137,10.949999809265137,10.944999694824219,10.944999694824219,1617,0.0,0.0
2024-09-26 13:10:00-04:00,10.9399995803833,10.9399995803833,10.9399995803833,10.9399995803833,535,0.0,0.0
2024-09-26 13:15:00-04:00,10.9399995803833,10.9399995803833,10.920000076293945,10.920000076293945,644,0.0,0.0
2024-09-26 13:20:00-04:00,10.920000076293945,10.920000076293945,10.90999984741211,10.920000076293945,2290,0.0,0.0
2024-09-26 13:30:00-04:00,10.919400215148926,10.930000305175781,10.919400215148926,10.920000076293945,2238,0.0,0.0
2024-09-26 13:35:00-04:00,10.920000076293945,10.920000076293945,10.920000076293945,10.920000076293945,771,0.0,0.0
2024-09-26 13:40:00-04:00,10.930000305175781,10.930000305175781,10.920000076293945,10.920000076293945,2133,0.0,0.0
2024-09-26 13:45:00-04:00,10.9399995803833,10.949999809265137,10.9350004196167,10.9399995803833,2228,0.0,0.0
2024-09-26 13:50:00-04:00,10.9399995803833,10.9399995803833,10.9350004196167,10.9350004196167,1745,0.0,0.0
2024-09-26 14:00:00-04:00,10.9350004196167,10.949999809265137,10.9350004196167,10.9350004196167,2699,0.0,0.0
2024-09-26 14:10:00-04:00,10.9399995803833,10.944999694824219,10.9399995803833,10.944999694824219,2061,0.0,0.0
2024-09-26 14:15:00-04:00,10.944999694824219,10.949999809265137,10.944999694824219,10.949999809265137,2697,0.0,0.0
2024-09-26 14:20:00-04:00,10.949999809265137,10.949999809265137,10.949999809265137,10.949999809265137,263,0.0,0.0
2024-09-26 14:25:00-04:00,10.9399995803833,10.960000038146973,10.9399995803833,10.960000038146973,1721,0.0,0.0
2024-09-26 14:35:00-04:00,10.960000038146973,10.960000038146973,10.960000038146973,10.960000038146973,1578,0.0,0.0
2024-09-26 14:40:00-04:00,10.949999809265137,10.949999809265137,10.949999809265137,10.949999809265137,656,0.0,0.0
2024-09-26 14:45:00-04:00,10.949999809265137,10.949999809265137,10.949999809265137,10.949999809265137,1037,0.0,0.0
2024-09-26 14:50:00-04:00,10.960000038146973,10.960000038146973,10.960000038146973,10.960000038146973,1569,0.0,0.0
2024-09-26 14:55:00-04:00,10.960000038146973,10.960000038146973,10.960000038146973,10.960000038146973,751,0.0,0.0
2024-09-26 15:00:00-04:00,10.970000267028809,10.989999771118164,10.970000267028809,10.989999771118164,3418,0.0,0.0
2024-09-26 15:15:00-04:00,10.994999885559082,10.994999885559082,10.989999771118164,10.989999771118164,573,0.0,0.0
2024-09-26 15:20:00-04:00,10.994999885559082,11.029999732971191,10.989999771118164,11.029999732971191,6864,0.0,0.0
2024-09-26 15:25:00-04:00,11.020000457763672,11.020000457763672,11.020000457763672,11.020000457763672,1821,0.0,0.0
2024-09-26 15:30:00-04:00,11.010000228881836,11.024999618530273,11.010000228881836,11.024999618530273,2246,0.0,0.0
2024-09-26 15:35:00-04:00,11.024999618530273,11.024999618530273,10.979999542236328,10.979999542236328,10463,0.0,0.0
2024-09-26 15:40:00-04:00,10.960000038146973,10.960000038146973,10.949999809265137,10.960000038146973,1407,0.0,0.0
2024-09-26 15:45:00-04:00,10.960000038146973,10.960000038146973,10.944999694824219,10.944999694824219,4900,0.0,0.0
2024-09-26 15:50:00-04:00,10.944999694824219,10.949999809265137,10.9399995803833,10.9399995803833,6917,0.0,0.0
2024-09-26 15:55:00-04:00,10.9399995803833,10.960000038146973,10.930000305175781,10.954999923706055,31128,0.0,0.0
2024-09-27 09:30:00-04:00,11.079999923706055,11.079999923706055,11.079999923706055,11.079999923706055,3483,0.0,0.0
2024-09-27 09:35:00-04:00,11.047499656677246,11.047499656677246,11.047499656677246,11.047499656677246,667,0.0,0.0
2024-09-27 09:40:00-04:00,11.0649995803833,11.0649995803833,11.0,11.0,1535,0.0,0.0
2024-09-27 09:45:00-04:00,10.994999885559082,10.994999885559082,10.994999885559082,10.994999885559082,308,0.0,0.0
2024-09-27 09:50:00-04:00,11.0,11.020000457763672,11.0,11.020000457763672,595,0.0,0.0
2024-09-27 09:55:00-04:00,11.055000305175781,11.100000381469727,11.055000305175781,11.100000381469727,1084,0.0,0.0
2024-09-27 10:00:00-04:00,11.109999656677246,11.109999656677246,11.109999656677246,11.109999656677246,2027,0.0,0.0
2024-09-27 10:15:00-04:00,11.130000114440918,11.140000343322754,11.130000114440918,11.140000343322754,1217,0.0,0.0
2024-09-27 10:20:00-04:00,11.170000076293945,11.170000076293945,11.170000076293945,11.170000076293945,402,0.0,0.0
2024-09-27 10:25:00-04:00,11.1899995803833,11.220000267028809,11.1899995803833,11.210000038146973,999,0.0,0.0
2024-09-27 10:30:00-04:00,11.199999809265137,11.214099884033203,11.199999809265137,11.214099884033203,1602,0.0,0.0
2024-09-27 10:35:00-04:00,11.220000267028809,11.229999542236328,11.220000267028809,11.225000381469727,1168,0.0,0.0
2024-09-27 10:40:00-04:00,11.220000267028809,11.220000267028809,11.220000267028809,11.220000267028809,692,0.0,0.0
2024-09-27 10:45:00-04:00,11.229999542236328,11.229999542236328,11.194999694824219,11.204999923706055,3544,0.0,0.0
2024-09-27 10:55:00-04:00,11.192399978637695,11.192399978637695,11.192399978637695,11.192399978637695,1049,0.0,0.0
2024-09-27 11:00:00-04:00,11.1899995803833,11.1899995803833,11.1899995803833,11.1899995803833,1156,0.0,0.0
2024-09-27 11:05:00-04:00,11.180100440979004,11.180100440979004,11.180000305175781,11.180000305175781,1943,0.0,0.0
2024-09-27 11:15:00-04:00,11.20989990234375,11.229999542236328,11.20989990234375,11.220000267028809,4157,0.0,0.0
2024-09-27 11:30:00-04:00,11.220000267028809,11.220000267028809,11.220000267028809,11.220000267028809,832,0.0,0.0
2024-09-27 11:40:00-04:00,11.239999771118164,11.239999771118164,11.229999542236328,11.229999542236328,1454,0.0,0.0
2024-09-27 11:45:00-04:00,11.23270034790039,11.23270034790039,11.229999542236328,11.229999542236328,339,0.0,0.0
2024-09-27 11:50:00-04:00,11.229999542236328,11.229999542236328,11.220000267028809,11.220000267028809,1339,0.0,0.0
2024-09-27 12:00:00-04:00,11.199999809265137,11.199999809265137,11.199999809265137,11.199999809265137,1304,0.0,0.0
2024-09-27 12:05:00-04:00,11.1899995803833,11.1899995803833,11.15999984741211,11.15999984741211,2530,0.0,0.0
2024-09-27 12:10:00-04:00,11.140000343322754,11.140000343322754,11.130000114440918,11.130000114440918,1362,0.0,0.0
2024-09-27 12:15:00-04:00,11.140000343322754,11.140000343322754,11.140000343322754,11.140000343322754,817,0.0,0.0
2024-09-27 12:25:00-04:00,11.119999885559082,11.119999885559082,11.119999885559082,11.119999885559082,889,0.0,0.0
2024-09-27 12:30:00-04:00,11.119999885559082,11.119999885559082,11.119999885559082,11.119999885559082,594,0.0,0.0
2024-09-27 12:40:00-04:00,11.109999656677246,11.109999656677246,11.099800109863281,11.100000381469727,2445,0.0,0.0
2024-09-27 12:45:00-04:00,11.100000381469727,11.100000381469727,11.100000381469727,11.100000381469727,255,0.0,0.0
2024-09-27 12:50:00-04:00,11.109999656677246,11.109999656677246,11.109999656677246,11.109999656677246,674,0.0,0.0
2024-09-27 12:55:00-04:00,11.119999885559082,11.119999885559082,11.119999885559082,11.119999885559082,786,0.0,0.0
2024-09-27 13:00:00-04:00,11.119999885559082,11.119999885559082,11.119999885559082,11.119999885559082,584,0.0,0.0
2024-09-27 13:05:00-04:00,11.119999885559082,11.119999885559082,11.119999885559082,11.119999885559082,1774,0.0,0.0
2024-09-27 13:15:00-04:00,11.109999656677246,11.149999618530273,11.109999656677246,11.149999618530273,1640,0.0,0.0
2024-09-27 13:20:00-04:00,11.149999618530273,11.149999618530273,11.149999618530273,11.149999618530273,1525,0.0,0.0
2024-09-27 13:35:00-04:00,11.149999618530273,11.149999618530273,11.149999618530273,11.149999618530273,962,0.0,0.0
2024-09-27 13:40:00-04:00,11.149999618530273,11.149999618530273,11.149999618530273,11.149999618530273,424,0.0,0.0
2024-09-27 13:45:00-04:00,11.149999618530273,11.15999984741211,11.149999618530273,11.15999984741211,979,0.0,0.0
2024-09-27 13:55:00-04:00,11.15999984741211,11.15999984741211,11.154999732971191,11.15999984741211,1613,0.0,0.0
2024-09-27 14:00:00-04:00,11.149999618530273,11.149999618530273,11.109999656677246,11.109999656677246,6310,0.0,0.0
2024-09-27 14:10:00-04:00,11.119999885559082,11.130000114440918,11.119999885559082,11.130000114440918,1379,0.0,0.0
2024-09-27 14:15:00-04:00,11.15999984741211,11.15999984741211,11.154999732971191,11.159899711608887,3395,0.0,0.0
2024-09-27 14:20:00-04:00,11.164999961853027,11.164999961853027,11.15999984741211,11.15999984741211,1008,0.0,0.0
2024-09-27 14:25:00-04:00,11.15999984741211,11.15999984741211,11.119999885559082,11.119999885559082,4020,0.0,0.0
2024-09-27 14:30:00-04:00,11.100000381469727,11.100000381469727,11.100000381469727,11.100000381469727,1073,0.0,0.0
2024-09-27 14:40:00-04:00,11.109999656677246,11.109999656677246,11.109999656677246,11.109999656677246,871,0.0,0.0
2024-09-27 14:45:00-04:00,11.119999885559082,11.119999885559082,11.119999885559082,11.119999885559082,1107,0.0,0.0
2024-09-27 14:50:00-04:00,11.119999885559082,11.119999885559082,11.119999885559082,11.119999885559082,600,0.0,0.0
2024-09-27 14:55:00-04:00,11.130000114440918,11.130000114440918,11.114999771118164,11.114999771118164,2045,0.0,0.0
2024-09-27 15:00:00-04:00,11.114999771118164,11.114999771118164,11.114999771118164,11.114999771118164,418,0.0,0.0
2024-09-27 15:05:00-04:00,11.109999656677246,11.109999656677246,11.100000381469727,11.100000381469727,2063,0.0,0.0
2024-09-27 15:15:00-04:00,11.069999694824219,11.069999694824219,11.069999694824219,11.069999694824219,761,0.0,0.0
2024-09-27 15:20:00-04:00,11.069999694824219,11.069999694824219,11.069999694824219,11.069999694824219,2163,0.0,0.0
2024-09-27 15:30:00-04:00,11.069999694824219,11.074999809265137,11.069999694824219,11.074999809265137,755,0.0,0.0
2024-09-27 15:35:00-04:00,11.069999694824219,11.069999694824219,11.0649995803833,11.0649995803833,2177,0.0,0.0
2024-09-27 15:40:00-04:00,11.0649995803833,11.0649995803833,11.0649995803833,11.0649995803833,915,0.0,0.0
2024-09-27 15:45:00-04:00,11.069999694824219,11.09000015258789,11.069999694824219,11.085000038146973,2558,0.0,0.0
2024-09-27 15:50:00-04:00,11.100000381469727,11.100000381469727,11.09000015258789,11.100000381469727,4561,0.0,0.0
2024-09-27 15:55:00-04:00,11.100000381469727,11.100000381469727,11.0600004196167,11.069999694824219,15058,0.0,0.0
2024-09-30 09:30:00-04:00,11.010000228881836,11.010000228881836,11.010000228881836,11.010000228881836,901,0.0,0.0
2024-09-30 09:40:00-04:00,11.015000343322754,11.015000343322754,11.015000343322754,11.015000343322754,302,0.0,0.0
2024-09-30 09:45:00-04:00,11.022100448608398,11.022100448608398,11.022100448608398,11.022100448608398,235,0.0,0.0
2024-09-30 09:55:00-04:00,11.09000015258789,11.09000015258789,11.079999923706055,11.079999923706055,973,0.0,0.0
2024-09-30 10:00:00-04:00,11.119999885559082,11.119999885559082,11.109999656677246,11.109999656677246,3654,0.0,0.0
2024-09-30 10:25:00-04:00,11.100000381469727,11.100000381469727,11.100000381469727,11.100000381469727,2233,0.0,0.0
2024-09-30 10:50:00-04:00,11.109999656677246,11.109999656677246,11.109999656677246,11.109999656677246,557,0.0,0.0
2024-09-30 10:55:00-04:00,11.119999885559082,11.119999885559082,11.119999885559082,11.119999885559082,498,0.0,0.0
2024-09-30 11:05:00-04:00,11.119999885559082,11.119999885559082,11.119999885559082,11.119999885559082,1517,0.0,0.0
2024-09-30 11:40:00-04:00,11.09000015258789,11.09000015258789,11.050000190734863,11.050000190734863,3385,0.0,0.0
2024-09-30 11:45:00-04:00,11.0600004196167,11.069999694824219,11.0600004196167,11.069999694824219,549,0.0,0.0
2024-09-30 11:50:00-04:00,11.069999694824219,11.069999694824219,11.069999694824219,11.069999694824219,322,0.0,0.0
2024-09-30 11:55:00-04:00,11.0649995803833,11.0649995803833,11.0649995803833,11.0649995803833,294,0.0,0.0
2024-09-30 12:00:00-04:00,11.069999694824219,11.069999694824219,11.069999694824219,11.069999694824219,919,0.0,0.0
2024-09-30 12:05:00-04:00,11.069999694824219,11.069999694824219,11.069999694824219,11.069999694824219,486,0.0,0.0
2024-09-30 12:10:00-04:00,11.069999694824219,11.069999694824219,11.069999694824219,11.069999694824219,138,0.0,0.0
2024-09-30 12:15:00-04:00,11.069999694824219,11.069999694824219,11.069999694824219,11.069999694824219,490,0.0,0.0
2024-09-30 12:20:00-04:00,11.069999694824219,11.069999694824219,11.069999694824219,11.069999694824219,283,0.0,0.0
2024-09-30 12:25:00-04:00,11.069999694824219,11.109999656677246,11.069999694824219,11.100000381469727,5867,0.0,0.0
2024-09-30 12:30:00-04:00,11.109999656677246,11.109999656677246,11.109999656677246,11.109999656677246,1283,0.0,0.0
2024-09-30 12:40:00-04:00,11.1274995803833,11.1274995803833,11.123299598693848,11.123299598693848,1187,0.0,0.0
2024-09-30 12:55:00-04:00,11.119999885559082,11.119999885559082,11.119999885559082,11.119999885559082,1421,0.0,0.0
2024-09-30 13:05:00-04:00,11.135000228881836,11.135000228881836,11.135000228881836,11.135000228881836,591,0.0,0.0
2024-09-30 13:10:00-04:00,11.140000343322754,11.145000457763672,11.130000114440918,11.130000114440918,956,0.0,0.0
2024-09-30 13:20:00-04:00,11.130000114440918,11.130000114440918,11.130000114440918,11.130000114440918,907,0.0,0.0
2024-09-30 13:45:00-04:00,11.109999656677246,11.109999656677246,11.104999542236328,11.104999542236328,1148,0.0,0.0
2024-09-30 13:55:00-04:00,11.109999656677246,11.109999656677246,11.109999656677246,11.109999656677246,435,0.0,0.0
2024-09-30 14:05:00-04:00,11.100000381469727,11.100000381469727,11.100000381469727,11.100000381469727,1469,0.0,0.0
2024-09-30 14:10:00-04:00,11.09000015258789,11.09000015258789,11.079999923706055,11.089900016784668,1436,0.0,0.0
2024-09-30 14:15:00-04:00,11.069999694824219,11.069999694824219,11.0600004196167,11.0600004196167,1187,0.0,0.0
2024-09-30 14:20:00-04:00,11.069999694824219,11.079999923706055,11.069999694824219,11.079999923706055,1984,0.0,0.0
2024-09-30 14:25:00-04:00,11.09000015258789,11.09000015258789,11.09000015258789,11.09000015258789,247,0.0,0.0
2024-09-30 14:30:00-04:00,11.09000015258789,11.09000015258789,11.09000015258789,11.09000015258789,1670,0.0,0.0
2024-09-30 14:35:00-04:00,11.095000267028809,11.100000381469727,11.095000267028809,11.100000381469727,679,0.0,0.0
2024-09-30 14:40:00-04:00,11.119999885559082,11.119999885559082,11.119999885559082,11.119999885559082,186,0.0,0.0
2024-09-30 14:45:00-04:00,11.130000114440918,11.130000114440918,11.129899978637695,11.130000114440918,1578,0.0,0.0
2024-09-30 14:50:00-04:00,11.119999885559082,11.119999885559082,11.119999885559082,11.119999885559082,648,0.0,0.0
2024-09-30 15:00:00-04:00,11.109999656677246,11.109999656677246,11.109999656677246,11.109999656677246,1026,0.0,0.0
2024-09-30 15:10:00-04:00,11.114999771118164,11.114999771118164,11.109999656677246,11.109999656677246,1341,0.0,0.0
2024-09-30 15:25:00-04:00,11.119999885559082,11.119999885559082,11.119999885559082,11.119999885559082,1155,0.0,0.0
2024-09-30 15:30:00-04:00,11.14009952545166,11.170000076293945,11.14009952545166,11.170000076293945,5162,0.0,0.0
2024-09-30 15:35:00-04:00,11.170000076293945,11.170000076293945,11.154999732971191,11.154999732971191,2891,0.0,0.0
2024-09-30 15:40:00-04:00,11.170000076293945,11.170000076293945,11.170000076293945,11.170000076293945,1138,0.0,0.0
2024-09-30 15:45:00-04:00,11.175000190734863,11.1899995803833,11.175000190734863,11.180000305175781,3099,0.0,0.0
2024-09-30 15:50:00-04:00,11.199999809265137,11.204999923706055,11.194999694824219,11.199999809265137,4630,0.0,0.0
2024-09-30 15:55:00-04:00,11.210000038146973,11.210000038146973,11.180000305175781,11.180000305175781,12189,0.0,0.0
2024-10-01 09:30:00-04:00,11.229999542236328,11.229999542236328,11.229999542236328,11.229999542236328,0,0.0,0.0
2024-10-01 09:35:00-04:00,11.119999885559082,11.149999618530273,11.119999885559082,11.149999618530273,615,0.0,0.0
2024-10-01 09:40:00-04:00,11.130000114440918,11.140000343322754,11.130000114440918,11.140000343322754,597,0.0,0.0
2024-10-01 09:50:00-04:00,11.079999923706055,11.079999923706055,11.079999923706055,11.079999923706055,920,0.0,0.0
2024-10-01 10:00:00-04:00,11.050000190734863,11.079999923706055,11.050000190734863,11.069999694824219,700,0.0,0.0
2024-10-01 10:05:00-04:00,11.039999961853027,11.0600004196167,11.039999961853027,11.045000076293945,517,0.0,0.0
2024-10-01 10:10:00-04:00,11.0,11.0,11.0,11.0,499,0.0,0.0
2024-10-01 10:15:00-04:00,10.979999542236328,10.979999542236328,10.979999542236328,10.979999542236328,126,0.0,0.0
2024-10-01 10:20:00-04:00,10.989999771118164,11.0,10.984999656677246,11.0,1286,0.0,0.0
2024-10-01 10:25:00-04:00,11.010000228881836,11.010000228881836,10.989999771118164,11.0,815,0.0,0.0
2024-10-01 10:30:00-04:00,11.005000114440918,11.005000114440918,11.005000114440918,11.005000114440918,715,0.0,0.0
2024-10-01 10:40:00-04:00,11.039999961853027,11.039999961853027,11.039999961853027,11.039999961853027,845,0.0,0.0
2024-10-01 10:50:00-04:00,11.0,11.010000228881836,11.0,11.005000114440918,1960,0.0,0.0
2024-10-01 10:55:00-04:00,11.015000343322754,11.015000343322754,11.015000343322754,11.015000343322754,755,0.0,0.0
2024-10-01 11:05:00-04:00,11.029999732971191,11.029999732971191,11.010000228881836,11.010000228881836,1436,0.0,0.0
2024-10-01 11:10:00-04:00,10.979999542236328,10.979999542236328,10.979999542236328,10.979999542236328,1421,0.0,0.0
2024-10-01 11:20:00-04:00,10.960000038146973,10.960000038146973,10.960000038146973,10.960000038146973,538,0.0,0.0
2024-10-01 11:25:00-04:00,10.949999809265137,10.954999923706055,10.949999809265137,10.949999809265137,2304,0.0,0.0
2024-10-01 11:35:00-04:00,10.989999771118164,10.989999771118164,10.989999771118164,10.989999771118164,668,0.0,0.0
2024-10-01 11:45:00-04:00,11.0,11.0,11.0,11.0,816,0.0,0.0
2024-10-01 11:55:00-04:00,10.989999771118164,10.989999771118164,10.971699714660645,10.971699714660645,2050,0.0,0.0
2024-10-01 12:05:00-04:00,10.994999885559082,10.994999885559082,10.994999885559082,10.994999885559082,168,0.0,0.0
2024-10-01 12:10:00-04:00,10.979999542236328,10.979999542236328,10.950699806213379,10.950699806213379,1083,0.0,0.0
2024-10-01 12:15:00-04:00,10.949999809265137,10.949999809265137,10.949999809265137,10.949999809265137,444,0.0,0.0
2024-10-01 12:25:00-04:00,10.930000305175781,10.930000305175781,10.930000305175781,10.930000305175781,525,0.0,0.0
2024-10-01 12:30:00-04:00,10.930000305175781,10.930000305175781,10.920000076293945,10.930000305175781,1237,0.0,0.0
2024-10-01 12:35:00-04:00,10.9399995803833,10.9399995803833,10.9399995803833,10.9399995803833,467,0.0,0.0
2024-10-01 12:40:00-04:00,10.920000076293945,10.920000076293945,10.906299591064453,10.906299591064453,835,0.0,0.0
2024-10-01 12:45:00-04:00,10.899999618530273,10.899999618530273,10.899999618530273,10.899999618530273,550,0.0,0.0
2024-10-01 12:50:00-04:00,10.920000076293945,10.920000076293945,10.920000076293945,10.920000076293945,496,0.0,0.0
2024-10-01 13:00:00-04:00,10.90999984741211,10.90999984741211,10.899999618530273,10.899999618530273,631,0.0,0.0
2024-10-01 13:10:00-04:00,10.890000343322754,10.890000343322754,10.890000343322754,10.890000343322754,789,0.0,0.0
2024-10-01 13:20:00-04:00,10.890000343322754,10.890000343322754,10.890000343322754,10.890000343322754,394,0.0,0.0
2024-10-01 13:30:00-04:00,10.899999618530273,10.899999618530273,10.890000343322754,10.890000343322754,1600,0.0,0.0
2024-10-01 13:35:00-04:00,10.880000114440918,10.880000114440918,10.880000114440918,10.880000114440918,450,0.0,0.0
2024-10-01 13:45:00-04:00,10.899999618530273,10.90999984741211,10.899999618530273,10.90999984741211,1443,0.0,0.0
2024-10-01 14:00:00-04:00,10.920000076293945,10.920000076293945,10.916099548339844,10.920000076293945,2405,0.0,0.0
2024-10-01 14:05:00-04:00,10.920000076293945,10.920000076293945,10.920000076293945,10.920000076293945,499,0.0,0.0
2024-10-01 14:15:00-04:00,10.925100326538086,10.925100326538086,10.925100326538086,10.925100326538086,1131,0.0,0.0
2024-10-01 14:20:00-04:00,10.925000190734863,10.925000190734863,10.925000190734863,10.925000190734863,724,0.0,0.0
2024-10-01 14:25:00-04:00,10.930000305175781,10.9399995803833,10.930000305175781,10.9399995803833,1061,0.0,0.0
2024-10-01 14:30:00-04:00,10.949999809265137,10.949999809265137,10.9399995803833,10.9399995803833,5006,0.0,0.0
2024-10-01 14:35:00-04:00,10.930000305175781,10.930000305175781,10.90999984741211,10.90999984741211,1512,0.0,0.0
2024-10-01 14:40:00-04:00,10.920000076293945,10.920000076293945,10.920000076293945,10.920000076293945,139,0.0,0.0
2024-10-01 14:45:00-04:00,10.920000076293945,10.930000305175781,10.920000076293945,10.930000305175781,341,0.0,0.0
2024-10-01 14:50:00-04:00,10.920000076293945,10.920000076293945,10.90999984741211,10.90999984741211,888,0.0,0.0
2024-10-01 14:55:00-04:00,10.90999984741211,10.90999984741211,10.90999984741211,10.90999984741211,789,0.0,0.0
2024-10-01 15:05:00-04:00,10.895000457763672,10.895000457763672,10.895000457763672,10.895000457763672,557,0.0,0.0
2024-10-01 15:10:00-04:00,10.890000343322754,10.890000343322754,10.890000343322754,10.890000343322754,371,0.0,0.0
2024-10-01 15:15:00-04:00,10.885000228881836,10.885000228881836,10.869999885559082,10.880000114440918,2605,0.0,0.0
2024-10-01 15:20:00-04:00,10.880000114440918,10.880000114440918,10.880000114440918,10.880000114440918,352,0.0,0.0
2024-10-01 15:25:00-04:00,10.869999885559082,10.869999885559082,10.859999656677246,10.859999656677246,1220,0.0,0.0
2024-10-01 15:30:00-04:00,10.850000381469727,10.850000381469727,10.850000381469727,10.850000381469727,2457,0.0,0.0
2024-10-01 15:35:00-04:00,10.850000381469727,10.850000381469727,10.850000381469727,10.850000381469727,581,0.0,0.0
2024-10-01 15:40:00-04:00,10.854999542236328,10.854999542236328,10.854999542236328,10.854999542236328,983,0.0,0.0
2024-10-01 15:45:00-04:00,10.854999542236328,10.854999542236328,10.854100227355957,10.854999542236328,1755,0.0,0.0
2024-10-01 15:50:00-04:00,10.854999542236328,10.899999618530273,10.854999542236328,10.899999618530273,10403,0.0,0.0
2024-10-01 15:55:00-04:00,10.914999961853027,10.949999809265137,10.904999732971191,10.949999809265137,15977,0.0,0.0
