Datetime,Open,High,Low,Close,Volume,Dividends,Stock Splits,Capital Gains
2024-09-12 09:30:00-04:00,23.8799991607666,23.8799991607666,23.864999771118164,23.864999771118164,4605,0.0,0.0,0.0
2024-09-12 09:35:00-04:00,23.864999771118164,23.864999771118164,23.864999771118164,23.864999771118164,3100,0.0,0.0,0.0
2024-09-12 09:40:00-04:00,23.864999771118164,23.864999771118164,23.864999771118164,23.864999771118164,3233,0.0,0.0,0.0
2024-09-12 09:55:00-04:00,23.864999771118164,23.864999771118164,23.864999771118164,23.864999771118164,2275,0.0,0.0,0.0
2024-09-12 10:05:00-04:00,23.864999771118164,23.864999771118164,23.864999771118164,23.864999771118164,1091,0.0,0.0,0.0
2024-09-12 10:25:00-04:00,23.86009979248047,23.86009979248047,23.86009979248047,23.86009979248047,521,0.0,0.0,0.0
2024-09-12 10:35:00-04:00,23.860000610351562,23.860000610351562,23.860000610351562,23.860000610351562,611,0.0,0.0,0.0
2024-09-12 10:45:00-04:00,23.864999771118164,23.864999771118164,23.864999771118164,23.864999771118164,201,0.0,0.0,0.0
2024-09-12 10:55:00-04:00,23.86009979248047,23.86009979248047,23.86009979248047,23.86009979248047,420,0.0,0.0,0.0
2024-09-12 11:00:00-04:00,23.8700008392334,23.8700008392334,23.86009979248047,23.86009979248047,806,0.0,0.0,0.0
2024-09-12 11:20:00-04:00,23.864999771118164,23.8700008392334,23.864999771118164,23.8700008392334,204,0.0,0.0,0.0
2024-09-12 11:25:00-04:00,23.864999771118164,23.864999771118164,23.864999771118164,23.864999771118164,847,0.0,0.0,0.0
2024-09-12 11:30:00-04:00,23.864999771118164,23.864999771118164,23.864999771118164,23.864999771118164,950,0.0,0.0,0.0
2024-09-12 11:45:00-04:00,23.868000030517578,23.868000030517578,23.868000030517578,23.868000030517578,1050,0.0,0.0,0.0
2024-09-12 11:50:00-04:00,23.86669921875,23.8700008392334,23.86669921875,23.86669921875,1054,0.0,0.0,0.0
2024-09-12 12:00:00-04:00,23.864999771118164,23.8700008392334,23.864999771118164,23.864999771118164,553,0.0,0.0,0.0
2024-09-12 12:15:00-04:00,23.8700008392334,23.8700008392334,23.86910057067871,23.8700008392334,360,0.0,0.0,0.0
2024-09-12 12:20:00-04:00,23.86199951171875,23.8700008392334,23.860000610351562,23.8700008392334,1045,0.0,0.0,0.0
2024-09-12 12:40:00-04:00,23.864999771118164,23.864999771118164,23.864999771118164,23.864999771118164,278,0.0,0.0,0.0
2024-09-12 13:05:00-04:00,23.864999771118164,23.8700008392334,23.864999771118164,23.8700008392334,413,0.0,0.0,0.0
2024-09-12 13:15:00-04:00,23.86009979248047,23.8700008392334,23.86009979248047,23.8700008392334,340,0.0,0.0,0.0
2024-09-12 13:25:00-04:00,23.864999771118164,23.864999771118164,23.864999771118164,23.864999771118164,913,0.0,0.0,0.0
2024-09-12 13:30:00-04:00,23.862899780273438,23.862899780273438,23.862899780273438,23.862899780273438,556,0.0,0.0,0.0
2024-09-12 13:50:00-04:00,23.8700008392334,23.8700008392334,23.8700008392334,23.8700008392334,150,0.0,0.0,0.0
2024-09-12 14:00:00-04:00,23.864999771118164,23.8700008392334,23.864999771118164,23.8700008392334,791,0.0,0.0,0.0
2024-09-12 14:15:00-04:00,23.864999771118164,23.864999771118164,23.864999771118164,23.864999771118164,833,0.0,0.0,0.0
2024-09-12 14:20:00-04:00,23.866500854492188,23.8700008392334,23.864999771118164,23.864999771118164,3043,0.0,0.0,0.0
2024-09-12 14:35:00-04:00,23.864999771118164,23.864999771118164,23.864999771118164,23.864999771118164,301,0.0,0.0,0.0
2024-09-12 14:40:00-04:00,23.869699478149414,23.8700008392334,23.869699478149414,23.8700008392334,695,0.0,0.0,0.0
2024-09-12 14:45:00-04:00,23.864999771118164,23.864999771118164,23.864999771118164,23.864999771118164,2105,0.0,0.0,0.0
2024-09-12 14:50:00-04:00,23.86989974975586,23.8700008392334,23.864999771118164,23.8700008392334,2138,0.0,0.0,0.0
2024-09-12 15:05:00-04:00,23.86009979248047,23.864999771118164,23.86009979248047,23.864999771118164,683,0.0,0.0,0.0
2024-09-12 15:10:00-04:00,23.864999771118164,23.864999771118164,23.864999771118164,23.864999771118164,1028,0.0,0.0,0.0
2024-09-12 15:20:00-04:00,23.864999771118164,23.8700008392334,23.864999771118164,23.864999771118164,20628,0.0,0.0,0.0
2024-09-12 15:40:00-04:00,23.864999771118164,23.864999771118164,23.864999771118164,23.864999771118164,100,0.0,0.0,0.0
2024-09-12 15:55:00-04:00,23.860000610351562,23.864999771118164,23.860000610351562,23.860000610351562,0,0.0,0.0,0.0
2024-09-13 09:30:00-04:00,23.8700008392334,23.889999389648438,23.8700008392334,23.8799991607666,1256,0.0,0.0,0.0
2024-09-13 09:35:00-04:00,23.8799991607666,23.885000228881836,23.8799991607666,23.885000228881836,1429,0.0,0.0,0.0
2024-09-13 09:40:00-04:00,23.885000228881836,23.885000228881836,23.885000228881836,23.885000228881836,100,0.0,0.0,0.0
2024-09-13 09:45:00-04:00,23.885000228881836,23.885000228881836,23.8799991607666,23.8799991607666,627,0.0,0.0,0.0
2024-09-13 09:50:00-04:00,23.8799991607666,23.8799991607666,23.8799991607666,23.8799991607666,102,0.0,0.0,0.0
2024-09-13 09:55:00-04:00,23.8799991607666,23.885000228881836,23.8799991607666,23.8799991607666,0,0.0,0.0,0.0
2024-09-13 10:00:00-04:00,23.875,23.875,23.870500564575195,23.875,18213,0.0,0.0,0.0
2024-09-13 10:05:00-04:00,23.875,23.875,23.875,23.875,4400,0.0,0.0,0.0
2024-09-13 10:15:00-04:00,23.875,23.875,23.875,23.875,1223,0.0,0.0,0.0
2024-09-13 10:20:00-04:00,23.875,23.875,23.875,23.875,200,0.0,0.0,0.0
2024-09-13 10:25:00-04:00,23.875,23.875,23.872699737548828,23.872699737548828,287,0.0,0.0,0.0
2024-09-13 10:30:00-04:00,23.875,23.875,23.875,23.875,128,0.0,0.0,0.0
2024-09-13 10:35:00-04:00,23.875999450683594,23.875999450683594,23.875,23.875,1885,0.0,0.0,0.0
2024-09-13 10:55:00-04:00,23.8799991607666,23.8799991607666,23.8799991607666,23.8799991607666,337,0.0,0.0,0.0
2024-09-13 11:05:00-04:00,23.8799991607666,23.8799991607666,23.8799991607666,23.8799991607666,101,0.0,0.0,0.0
2024-09-13 11:10:00-04:00,23.875,23.875,23.875,23.875,500,0.0,0.0,0.0
2024-09-13 11:15:00-04:00,23.870100021362305,23.875,23.870100021362305,23.875,2561,0.0,0.0,0.0
2024-09-13 11:30:00-04:00,23.875,23.8799991607666,23.875,23.8799991607666,1298,0.0,0.0,0.0
2024-09-13 11:40:00-04:00,23.875,23.8799991607666,23.875,23.8799991607666,404,0.0,0.0,0.0
2024-09-13 11:45:00-04:00,23.875,23.875,23.875,23.875,3268,0.0,0.0,0.0
2024-09-13 11:50:00-04:00,23.875,23.875,23.875,23.875,514,0.0,0.0,0.0
2024-09-13 11:55:00-04:00,23.875,23.875,23.875,23.875,294,0.0,0.0,0.0
2024-09-13 12:00:00-04:00,23.8799991607666,23.8799991607666,23.8799991607666,23.8799991607666,172,0.0,0.0,0.0
2024-09-13 12:25:00-04:00,23.875,23.8799991607666,23.875,23.8799991607666,690,0.0,0.0,0.0
2024-09-13 12:30:00-04:00,23.875,23.875,23.875,23.875,200,0.0,0.0,0.0
2024-09-13 12:35:00-04:00,23.875,23.875,23.875,23.875,335,0.0,0.0,0.0
2024-09-13 12:45:00-04:00,23.875,23.875,23.875,23.875,203,0.0,0.0,0.0
2024-09-13 13:10:00-04:00,23.879899978637695,23.879899978637695,23.875,23.875,1150,0.0,0.0,0.0
2024-09-13 13:15:00-04:00,23.875,23.875,23.875,23.875,168,0.0,0.0,0.0
2024-09-13 13:20:00-04:00,23.875,23.875,23.875,23.875,202,0.0,0.0,0.0
2024-09-13 13:25:00-04:00,23.875,23.875,23.875,23.875,261,0.0,0.0,0.0
2024-09-13 13:30:00-04:00,23.875,23.875,23.8700008392334,23.875,786,0.0,0.0,0.0
2024-09-13 14:00:00-04:00,23.875,23.8799991607666,23.875,23.8799991607666,697,0.0,0.0,0.0
2024-09-13 14:10:00-04:00,23.874500274658203,23.874500274658203,23.8700008392334,23.8700008392334,1100,0.0,0.0,0.0
2024-09-13 14:15:00-04:00,23.875,23.875,23.875,23.875,424,0.0,0.0,0.0
2024-09-13 14:20:00-04:00,23.875,23.8799991607666,23.8700008392334,23.8799991607666,300,0.0,0.0,0.0
2024-09-13 14:25:00-04:00,23.875,23.875,23.875,23.875,287,0.0,0.0,0.0
2024-09-13 14:40:00-04:00,23.875,23.875,23.875,23.875,100,0.0,0.0,0.0
2024-09-13 14:45:00-04:00,23.8799991607666,23.8799991607666,23.875,23.875,4225,0.0,0.0,0.0
2024-09-13 14:55:00-04:00,23.8799991607666,23.8799991607666,23.8799991607666,23.8799991607666,934,0.0,0.0,0.0
2024-09-13 15:00:00-04:00,23.875,23.875,23.875,23.875,376,0.0,0.0,0.0
2024-09-13 15:20:00-04:00,23.875,23.875,23.875,23.875,520,0.0,0.0,0.0
2024-09-13 15:25:00-04:00,23.875,23.875,23.875,23.875,165,0.0,0.0,0.0
2024-09-13 15:30:00-04:00,23.8799991607666,23.8799991607666,23.875,23.875,547,0.0,0.0,0.0
2024-09-13 15:40:00-04:00,23.875,23.875,23.875,23.875,500,0.0,0.0,0.0
2024-09-13 15:45:00-04:00,23.875,23.875,23.875,23.875,4200,0.0,0.0,0.0
2024-09-13 15:50:00-04:00,23.875,23.875,23.870100021362305,23.870100021362305,1944,0.0,0.0,0.0
2024-09-13 15:55:00-04:00,23.875,23.875,23.8700008392334,23.875,3255,0.0,0.0,0.0
2024-09-16 09:30:00-04:00,23.885000228881836,23.885000228881836,23.885000228881836,23.885000228881836,0,0.0,0.0,0.0
2024-09-16 09:35:00-04:00,23.885000228881836,23.885000228881836,23.885000228881836,23.885000228881836,124,0.0,0.0,0.0
2024-09-16 09:40:00-04:00,23.885000228881836,23.885000228881836,23.88332748413086,23.885000228881836,1183,0.0,0.0,0.0
2024-09-16 09:45:00-04:00,23.884000778198242,23.885000228881836,23.884000778198242,23.885000228881836,752,0.0,0.0,0.0
2024-09-16 09:50:00-04:00,23.885000228881836,23.885000228881836,23.885000228881836,23.885000228881836,101,0.0,0.0,0.0
2024-09-16 09:55:00-04:00,23.88990020751953,23.88990020751953,23.885000228881836,23.885000228881836,454,0.0,0.0,0.0
2024-09-16 10:00:00-04:00,23.885000228881836,23.885000228881836,23.885000228881836,23.885000228881836,815,0.0,0.0,0.0
2024-09-16 10:05:00-04:00,23.885000228881836,23.885000228881836,23.885000228881836,23.885000228881836,175,0.0,0.0,0.0
2024-09-16 10:10:00-04:00,23.885000228881836,23.885000228881836,23.885000228881836,23.885000228881836,102,0.0,0.0,0.0
2024-09-16 10:15:00-04:00,23.885000228881836,23.889999389648438,23.885000228881836,23.889999389648438,1544,0.0,0.0,0.0
2024-09-16 10:20:00-04:00,23.88010025024414,23.885000228881836,23.88010025024414,23.885000228881836,619,0.0,0.0,0.0
2024-09-16 10:25:00-04:00,23.889699935913086,23.889699935913086,23.889699935913086,23.889699935913086,100,0.0,0.0,0.0
2024-09-16 10:30:00-04:00,23.885000228881836,23.885000228881836,23.885000228881836,23.885000228881836,160,0.0,0.0,0.0
2024-09-16 10:35:00-04:00,23.885000228881836,23.885000228881836,23.885000228881836,23.885000228881836,311,0.0,0.0,0.0
2024-09-16 10:40:00-04:00,23.885000228881836,23.885000228881836,23.885000228881836,23.885000228881836,140,0.0,0.0,0.0
2024-09-16 10:45:00-04:00,23.885000228881836,23.885000228881836,23.885000228881836,23.885000228881836,1000,0.0,0.0,0.0
2024-09-16 10:50:00-04:00,23.88159942626953,23.885000228881836,23.88159942626953,23.885000228881836,579,0.0,0.0,0.0
2024-09-16 11:00:00-04:00,23.885000228881836,23.885000228881836,23.885000228881836,23.885000228881836,499,0.0,0.0,0.0
2024-09-16 11:10:00-04:00,23.889999389648438,23.889999389648438,23.889999389648438,23.889999389648438,1007,0.0,0.0,0.0
2024-09-16 11:25:00-04:00,23.885000228881836,23.885000228881836,23.885000228881836,23.885000228881836,787,0.0,0.0,0.0
2024-09-16 11:30:00-04:00,23.885000228881836,23.885000228881836,23.885000228881836,23.885000228881836,263,0.0,0.0,0.0
2024-09-16 11:45:00-04:00,23.885000228881836,23.88800048828125,23.8799991607666,23.88800048828125,1396,0.0,0.0,0.0
2024-09-16 11:50:00-04:00,23.885000228881836,23.885000228881836,23.885000228881836,23.885000228881836,1028,0.0,0.0,0.0
2024-09-16 12:00:00-04:00,23.8799991607666,23.889999389648438,23.8799991607666,23.889999389648438,13582,0.0,0.0,0.0
2024-09-16 12:30:00-04:00,23.882999420166016,23.882999420166016,23.882999420166016,23.882999420166016,228,0.0,0.0,0.0
2024-09-16 12:40:00-04:00,23.885000228881836,23.885000228881836,23.885000228881836,23.885000228881836,500,0.0,0.0,0.0
2024-09-16 12:45:00-04:00,23.885000228881836,23.885000228881836,23.885000228881836,23.885000228881836,1102,0.0,0.0,0.0
2024-09-16 13:00:00-04:00,23.885000228881836,23.885000228881836,23.885000228881836,23.885000228881836,200,0.0,0.0,0.0
2024-09-16 13:15:00-04:00,23.88010025024414,23.88990020751953,23.88010025024414,23.885000228881836,13063,0.0,0.0,0.0
2024-09-16 13:20:00-04:00,23.885000228881836,23.885000228881836,23.885000228881836,23.885000228881836,862,0.0,0.0,0.0
2024-09-16 13:25:00-04:00,23.88990020751953,23.88990020751953,23.88990020751953,23.88990020751953,102,0.0,0.0,0.0
2024-09-16 13:40:00-04:00,23.88010025024414,23.88010025024414,23.88010025024414,23.88010025024414,649,0.0,0.0,0.0
2024-09-16 13:45:00-04:00,23.885000228881836,23.885000228881836,23.885000228881836,23.885000228881836,111,0.0,0.0,0.0
2024-09-16 13:50:00-04:00,23.88010025024414,23.88010025024414,23.88010025024414,23.88010025024414,255,0.0,0.0,0.0
2024-09-16 14:05:00-04:00,23.885000228881836,23.889999389648438,23.885000228881836,23.889999389648438,1199,0.0,0.0,0.0
2024-09-16 14:15:00-04:00,23.88010025024414,23.889999389648438,23.88010025024414,23.889999389648438,14159,0.0,0.0,0.0
2024-09-16 14:25:00-04:00,23.885000228881836,23.885000228881836,23.885000228881836,23.885000228881836,165,0.0,0.0,0.0
2024-09-16 14:30:00-04:00,23.886999130249023,23.886999130249023,23.886999130249023,23.886999130249023,100,0.0,0.0,0.0
2024-09-16 14:35:00-04:00,23.885000228881836,23.885000228881836,23.885000228881836,23.885000228881836,200,0.0,0.0,0.0
2024-09-16 14:40:00-04:00,23.887300491333008,23.887300491333008,23.887300491333008,23.887300491333008,458,0.0,0.0,0.0
2024-09-16 15:00:00-04:00,23.885000228881836,23.885000228881836,23.885000228881836,23.885000228881836,1130,0.0,0.0,0.0
2024-09-16 15:20:00-04:00,23.885000228881836,23.887699127197266,23.885000228881836,23.887699127197266,728,0.0,0.0,0.0
2024-09-16 15:30:00-04:00,23.88990020751953,23.88990020751953,23.885000228881836,23.885000228881836,1441,0.0,0.0,0.0
2024-09-16 15:35:00-04:00,23.8799991607666,23.8799991607666,23.8799991607666,23.8799991607666,191,0.0,0.0,0.0
2024-09-16 15:40:00-04:00,23.885000228881836,23.889999389648438,23.885000228881836,23.885000228881836,4400,0.0,0.0,0.0
2024-09-16 15:45:00-04:00,23.885000228881836,23.885000228881836,23.885000228881836,23.885000228881836,4379,0.0,0.0,0.0
2024-09-16 15:50:00-04:00,23.885000228881836,23.889999389648438,23.885000228881836,23.885000228881836,6258,0.0,0.0,0.0
2024-09-16 15:55:00-04:00,23.885000228881836,23.889999389648438,23.885000228881836,23.885000228881836,12126,0.0,0.0,0.0
2024-09-17 09:30:00-04:00,23.889999389648438,23.899999618530273,23.889999389648438,23.895000457763672,2671,0.0,0.0,0.0
2024-09-17 09:35:00-04:00,23.892099380493164,23.895000457763672,23.892099380493164,23.89299964904785,1000,0.0,0.0,0.0
2024-09-17 09:40:00-04:00,23.895000457763672,23.8976993560791,23.89109992980957,23.895000457763672,5763,0.0,0.0,0.0
2024-09-17 09:45:00-04:00,23.895000457763672,23.895000457763672,23.895000457763672,23.895000457763672,384,0.0,0.0,0.0
2024-09-17 09:50:00-04:00,23.89900016784668,23.89900016784668,23.89109992980957,23.895000457763672,368,0.0,0.0,0.0
2024-09-17 09:55:00-04:00,23.895000457763672,23.895000457763672,23.891300201416016,23.895000457763672,664,0.0,0.0,0.0
2024-09-17 10:00:00-04:00,23.895000457763672,23.895000457763672,23.890100479125977,23.890100479125977,880,0.0,0.0,0.0
2024-09-17 10:05:00-04:00,23.895000457763672,23.895000457763672,23.895000457763672,23.895000457763672,100,0.0,0.0,0.0
2024-09-17 10:10:00-04:00,23.895000457763672,23.895000457763672,23.895000457763672,23.895000457763672,0,0.0,0.0,0.0
2024-09-17 10:15:00-04:00,23.895000457763672,23.895000457763672,23.895000457763672,23.895000457763672,12230,0.0,0.0,0.0
2024-09-17 10:20:00-04:00,23.899799346923828,23.899799346923828,23.899799346923828,23.899799346923828,4320,0.0,0.0,0.0
2024-09-17 10:25:00-04:00,23.89739990234375,23.89739990234375,23.895000457763672,23.895000457763672,720,0.0,0.0,0.0
2024-09-17 10:30:00-04:00,23.890100479125977,23.895000457763672,23.890100479125977,23.895000457763672,307,0.0,0.0,0.0
2024-09-17 10:35:00-04:00,23.895000457763672,23.895000457763672,23.895000457763672,23.895000457763672,309,0.0,0.0,0.0
2024-09-17 10:40:00-04:00,23.895000457763672,23.895000457763672,23.895000457763672,23.895000457763672,260,0.0,0.0,0.0
2024-09-17 10:45:00-04:00,23.895000457763672,23.895000457763672,23.895000457763672,23.895000457763672,121,0.0,0.0,0.0
2024-09-17 10:55:00-04:00,23.895000457763672,23.895000457763672,23.895000457763672,23.895000457763672,1891,0.0,0.0,0.0
2024-09-17 11:00:00-04:00,23.895000457763672,23.897300720214844,23.895000457763672,23.895000457763672,857,0.0,0.0,0.0
2024-09-17 11:10:00-04:00,23.895000457763672,23.895000457763672,23.895000457763672,23.895000457763672,347,0.0,0.0,0.0
2024-09-17 11:15:00-04:00,23.895000457763672,23.899999618530273,23.895000457763672,23.899900436401367,646,0.0,0.0,0.0
2024-09-17 11:20:00-04:00,23.895000457763672,23.899999618530273,23.895000457763672,23.899999618530273,202,0.0,0.0,0.0
2024-09-17 11:25:00-04:00,23.895000457763672,23.896400451660156,23.895000457763672,23.895000457763672,710,0.0,0.0,0.0
2024-09-17 11:30:00-04:00,23.899999618530273,23.899999618530273,23.891300201416016,23.895000457763672,1355,0.0,0.0,0.0
2024-09-17 11:35:00-04:00,23.895000457763672,23.895000457763672,23.895000457763672,23.895000457763672,100,0.0,0.0,0.0
2024-09-17 11:40:00-04:00,23.895000457763672,23.895000457763672,23.895000457763672,23.895000457763672,200,0.0,0.0,0.0
2024-09-17 11:45:00-04:00,23.895000457763672,23.89739990234375,23.895000457763672,23.89739990234375,763,0.0,0.0,0.0
2024-09-17 11:55:00-04:00,23.895000457763672,23.899900436401367,23.895000457763672,23.895000457763672,708,0.0,0.0,0.0
2024-09-17 12:00:00-04:00,23.89699935913086,23.899999618530273,23.895000457763672,23.895000457763672,580,0.0,0.0,0.0
2024-09-17 12:05:00-04:00,23.895000457763672,23.899999618530273,23.895000457763672,23.899999618530273,761,0.0,0.0,0.0
2024-09-17 12:10:00-04:00,23.892900466918945,23.899999618530273,23.892900466918945,23.899999618530273,2512,0.0,0.0,0.0
2024-09-17 12:15:00-04:00,23.895000457763672,23.899999618530273,23.895000457763672,23.895000457763672,2122,0.0,0.0,0.0
2024-09-17 12:20:00-04:00,23.895000457763672,23.895000457763672,23.895000457763672,23.895000457763672,100,0.0,0.0,0.0
2024-09-17 12:25:00-04:00,23.895000457763672,23.899999618530273,23.895000457763672,23.896299362182617,369,0.0,0.0,0.0
2024-09-17 12:30:00-04:00,23.895000457763672,23.895000457763672,23.895000457763672,23.895000457763672,100,0.0,0.0,0.0
2024-09-17 12:35:00-04:00,23.895000457763672,23.895000457763672,23.895000457763672,23.895000457763672,100,0.0,0.0,0.0
2024-09-17 12:40:00-04:00,23.895000457763672,23.895000457763672,23.895000457763672,23.895000457763672,156,0.0,0.0,0.0
2024-09-17 12:45:00-04:00,23.895000457763672,23.895000457763672,23.895000457763672,23.895000457763672,200,0.0,0.0,0.0
2024-09-17 12:50:00-04:00,23.895000457763672,23.895000457763672,23.895000457763672,23.895000457763672,200,0.0,0.0,0.0
2024-09-17 12:55:00-04:00,23.89550018310547,23.89550018310547,23.89550018310547,23.89550018310547,4500,0.0,0.0,0.0
2024-09-17 13:00:00-04:00,23.895000457763672,23.895000457763672,23.895000457763672,23.895000457763672,100,0.0,0.0,0.0
2024-09-17 13:05:00-04:00,23.899999618530273,23.899999618530273,23.895000457763672,23.895000457763672,250,0.0,0.0,0.0
2024-09-17 13:10:00-04:00,23.895000457763672,23.896699905395508,23.895000457763672,23.896699905395508,200,0.0,0.0,0.0
2024-09-17 13:15:00-04:00,23.89240074157715,23.895000457763672,23.89240074157715,23.895000457763672,952,0.0,0.0,0.0
2024-09-17 13:20:00-04:00,23.895000457763672,23.895000457763672,23.895000457763672,23.895000457763672,100,0.0,0.0,0.0
2024-09-17 13:25:00-04:00,23.89739990234375,23.89739990234375,23.895000457763672,23.895000457763672,1064,0.0,0.0,0.0
2024-09-17 13:30:00-04:00,23.895000457763672,23.899999618530273,23.895000457763672,23.899999618530273,204,0.0,0.0,0.0
2024-09-17 13:35:00-04:00,23.895000457763672,23.895000457763672,23.895000457763672,23.895000457763672,312,0.0,0.0,0.0
2024-09-17 13:40:00-04:00,23.895000457763672,23.895000457763672,23.895000457763672,23.895000457763672,100,0.0,0.0,0.0
2024-09-17 13:45:00-04:00,23.895000457763672,23.899999618530273,23.895000457763672,23.899999618530273,1896,0.0,0.0,0.0
2024-09-17 13:50:00-04:00,23.899700164794922,23.899700164794922,23.899700164794922,23.899700164794922,210,0.0,0.0,0.0
2024-09-17 13:55:00-04:00,23.898000717163086,23.898000717163086,23.898000717163086,23.898000717163086,2001,0.0,0.0,0.0
2024-09-17 14:00:00-04:00,23.895000457763672,23.895000457763672,23.895000457763672,23.895000457763672,170,0.0,0.0,0.0
2024-09-17 14:05:00-04:00,23.895000457763672,23.895000457763672,23.895000457763672,23.895000457763672,189,0.0,0.0,0.0
2024-09-17 14:15:00-04:00,23.896299362182617,23.896299362182617,23.896299362182617,23.896299362182617,125,0.0,0.0,0.0
2024-09-17 14:30:00-04:00,23.899900436401367,23.899900436401367,23.899900436401367,23.899900436401367,6905,0.0,0.0,0.0
2024-09-17 14:40:00-04:00,23.890100479125977,23.890100479125977,23.890100479125977,23.890100479125977,959,0.0,0.0,0.0
2024-09-17 14:50:00-04:00,23.899799346923828,23.899799346923828,23.899799346923828,23.899799346923828,418,0.0,0.0,0.0
2024-09-17 14:55:00-04:00,23.895000457763672,23.899999618530273,23.895000457763672,23.895000457763672,1218,0.0,0.0,0.0
2024-09-17 15:05:00-04:00,23.895000457763672,23.899999618530273,23.895000457763672,23.895000457763672,6375,0.0,0.0,0.0
2024-09-17 15:20:00-04:00,23.895000457763672,23.895000457763672,23.895000457763672,23.895000457763672,219,0.0,0.0,0.0
2024-09-17 15:25:00-04:00,23.895000457763672,23.895000457763672,23.895000457763672,23.895000457763672,367,0.0,0.0,0.0
2024-09-17 15:30:00-04:00,23.895000457763672,23.895000457763672,23.895000457763672,23.895000457763672,297,0.0,0.0,0.0
2024-09-17 15:40:00-04:00,23.895000457763672,23.895000457763672,23.895000457763672,23.895000457763672,142,0.0,0.0,0.0
2024-09-17 15:45:00-04:00,23.895000457763672,23.8971004486084,23.895000457763672,23.895000457763672,2233,0.0,0.0,0.0
2024-09-17 15:50:00-04:00,23.895000457763672,23.895000457763672,23.895000457763672,23.895000457763672,1170,0.0,0.0,0.0
2024-09-17 15:55:00-04:00,23.895000457763672,23.899999618530273,23.89259910583496,23.895000457763672,0,0.0,0.0,0.0
2024-09-18 09:30:00-04:00,23.889999389648438,23.895000457763672,23.889999389648438,23.895000457763672,2075,0.0,0.0,0.0
2024-09-18 09:35:00-04:00,23.895000457763672,23.895000457763672,23.895000457763672,23.895000457763672,650,0.0,0.0,0.0
2024-09-18 09:40:00-04:00,23.895000457763672,23.895000457763672,23.895000457763672,23.895000457763672,390,0.0,0.0,0.0
2024-09-18 09:50:00-04:00,23.895000457763672,23.89620018005371,23.892000198364258,23.892000198364258,3211,0.0,0.0,0.0
2024-09-18 09:55:00-04:00,23.895000457763672,23.895000457763672,23.895000457763672,23.895000457763672,400,0.0,0.0,0.0
2024-09-18 10:00:00-04:00,23.895000457763672,23.895000457763672,23.889999389648438,23.889999389648438,400,0.0,0.0,0.0
2024-09-18 10:05:00-04:00,23.895000457763672,23.895000457763672,23.890100479125977,23.895000457763672,1999,0.0,0.0,0.0
2024-09-18 10:10:00-04:00,23.895000457763672,23.895000457763672,23.895000457763672,23.895000457763672,215,0.0,0.0,0.0
2024-09-18 10:15:00-04:00,23.895000457763672,23.8966007232666,23.895000457763672,23.895000457763672,355,0.0,0.0,0.0
2024-09-18 10:20:00-04:00,23.895000457763672,23.895000457763672,23.895000457763672,23.895000457763672,300,0.0,0.0,0.0
2024-09-18 10:25:00-04:00,23.895000457763672,23.895000457763672,23.895000457763672,23.895000457763672,400,0.0,0.0,0.0
2024-09-18 10:30:00-04:00,23.895000457763672,23.8966007232666,23.895000457763672,23.895000457763672,350,0.0,0.0,0.0
2024-09-18 10:35:00-04:00,23.895000457763672,23.895000457763672,23.895000457763672,23.895000457763672,200,0.0,0.0,0.0
2024-09-18 10:40:00-04:00,23.895000457763672,23.895000457763672,23.895000457763672,23.895000457763672,435,0.0,0.0,0.0
2024-09-18 10:45:00-04:00,23.89109992980957,23.899999618530273,23.89109992980957,23.899999618530273,2690,0.0,0.0,0.0
2024-09-18 10:50:00-04:00,23.899999618530273,23.899999618530273,23.895000457763672,23.895000457763672,321,0.0,0.0,0.0
2024-09-18 10:55:00-04:00,23.899999618530273,23.899999618530273,23.899999618530273,23.899999618530273,330,0.0,0.0,0.0
2024-09-18 11:00:00-04:00,23.899999618530273,23.899999618530273,23.899999618530273,23.899999618530273,210,0.0,0.0,0.0
2024-09-18 11:05:00-04:00,23.899999618530273,23.899999618530273,23.890100479125977,23.890100479125977,571,0.0,0.0,0.0
2024-09-18 11:10:00-04:00,23.899999618530273,23.899999618530273,23.899999618530273,23.899999618530273,200,0.0,0.0,0.0
2024-09-18 11:15:00-04:00,23.899999618530273,23.899999618530273,23.899999618530273,23.899999618530273,301,0.0,0.0,0.0
2024-09-18 11:20:00-04:00,23.899999618530273,23.899999618530273,23.895000457763672,23.895000457763672,474,0.0,0.0,0.0
2024-09-18 11:25:00-04:00,23.899999618530273,23.899999618530273,23.899999618530273,23.899999618530273,200,0.0,0.0,0.0
2024-09-18 11:30:00-04:00,23.899999618530273,23.899999618530273,23.895000457763672,23.895000457763672,947,0.0,0.0,0.0
2024-09-18 11:35:00-04:00,23.895000457763672,23.895000457763672,23.895000457763672,23.895000457763672,785,0.0,0.0,0.0
2024-09-18 11:40:00-04:00,23.895000457763672,23.899999618530273,23.892799377441406,23.895000457763672,892,0.0,0.0,0.0
2024-09-18 11:50:00-04:00,23.899999618530273,23.899999618530273,23.899999618530273,23.899999618530273,100,0.0,0.0,0.0
2024-09-18 11:55:00-04:00,23.898000717163086,23.898000717163086,23.898000717163086,23.898000717163086,813,0.0,0.0,0.0
2024-09-18 12:00:00-04:00,23.889999389648438,23.899999618530273,23.889999389648438,23.899999618530273,10670,0.0,0.0,0.0
2024-09-18 12:05:00-04:00,23.899999618530273,23.899999618530273,23.899999618530273,23.899999618530273,155,0.0,0.0,0.0
2024-09-18 12:10:00-04:00,23.899999618530273,23.899999618530273,23.896299362182617,23.899999618530273,1050,0.0,0.0,0.0
2024-09-18 12:15:00-04:00,23.899999618530273,23.905000686645508,23.899999618530273,23.905000686645508,10662,0.0,0.0,0.0
2024-09-18 12:20:00-04:00,23.905000686645508,23.905000686645508,23.905000686645508,23.905000686645508,6946,0.0,0.0,0.0
2024-09-18 12:25:00-04:00,23.90180015563965,23.905000686645508,23.90180015563965,23.905000686645508,1400,0.0,0.0,0.0
2024-09-18 12:30:00-04:00,23.905000686645508,23.905000686645508,23.905000686645508,23.905000686645508,100,0.0,0.0,0.0
2024-09-18 12:40:00-04:00,23.909000396728516,23.909000396728516,23.905000686645508,23.905000686645508,1516,0.0,0.0,0.0
2024-09-18 12:55:00-04:00,23.905000686645508,23.90999984741211,23.905000686645508,23.905000686645508,2424,0.0,0.0,0.0
2024-09-18 13:00:00-04:00,23.909900665283203,23.909900665283203,23.909900665283203,23.909900665283203,863,0.0,0.0,0.0
2024-09-18 13:10:00-04:00,23.905000686645508,23.909900665283203,23.905000686645508,23.905000686645508,6343,0.0,0.0,0.0
2024-09-18 13:15:00-04:00,23.905000686645508,23.90999984741211,23.905000686645508,23.90999984741211,2389,0.0,0.0,0.0
2024-09-18 13:20:00-04:00,23.905000686645508,23.905000686645508,23.900100708007812,23.900100708007812,432,0.0,0.0,0.0
2024-09-18 13:30:00-04:00,23.905000686645508,23.905000686645508,23.903799057006836,23.903799057006836,319,0.0,0.0,0.0
2024-09-18 13:40:00-04:00,23.905000686645508,23.905000686645508,23.905000686645508,23.905000686645508,107,0.0,0.0,0.0
2024-09-18 13:45:00-04:00,23.90999984741211,23.90999984741211,23.90999984741211,23.90999984741211,100,0.0,0.0,0.0
2024-09-18 13:55:00-04:00,23.899999618530273,23.90999984741211,23.899999618530273,23.901100158691406,1207,0.0,0.0,0.0
2024-09-18 14:00:00-04:00,23.90760040283203,23.90760040283203,23.900100708007812,23.900100708007812,544,0.0,0.0,0.0
2024-09-18 14:10:00-04:00,23.90730094909668,23.90730094909668,23.90730094909668,23.90730094909668,364,0.0,0.0,0.0
2024-09-18 14:20:00-04:00,23.90690040588379,23.90690040588379,23.90690040588379,23.90690040588379,345,0.0,0.0,0.0
2024-09-18 14:30:00-04:00,23.905000686645508,23.905000686645508,23.905000686645508,23.905000686645508,148,0.0,0.0,0.0
2024-09-18 14:40:00-04:00,23.905000686645508,23.905000686645508,23.905000686645508,23.905000686645508,4201,0.0,0.0,0.0
2024-09-18 14:45:00-04:00,23.909900665283203,23.909900665283203,23.905000686645508,23.905000686645508,327,0.0,0.0,0.0
2024-09-18 14:55:00-04:00,23.90999984741211,23.90999984741211,23.905000686645508,23.905000686645508,301,0.0,0.0,0.0
2024-09-18 15:00:00-04:00,23.905000686645508,23.905000686645508,23.905000686645508,23.905000686645508,320,0.0,0.0,0.0
2024-09-18 15:05:00-04:00,23.905000686645508,23.905000686645508,23.905000686645508,23.905000686645508,178,0.0,0.0,0.0
2024-09-18 15:15:00-04:00,23.909799575805664,23.909799575805664,23.900100708007812,23.900100708007812,735,0.0,0.0,0.0
2024-09-18 15:25:00-04:00,23.90999984741211,23.90999984741211,23.905000686645508,23.905000686645508,445,0.0,0.0,0.0
2024-09-18 15:35:00-04:00,23.905000686645508,23.905000686645508,23.905000686645508,23.905000686645508,904,0.0,0.0,0.0
2024-09-18 15:40:00-04:00,23.905000686645508,23.905000686645508,23.905000686645508,23.905000686645508,369,0.0,0.0,0.0
2024-09-18 15:45:00-04:00,23.90169906616211,23.905000686645508,23.899999618530273,23.905000686645508,1523,0.0,0.0,0.0
2024-09-18 15:50:00-04:00,23.899999618530273,23.908100128173828,23.899999618530273,23.905000686645508,1421,0.0,0.0,0.0
2024-09-18 15:55:00-04:00,23.905000686645508,23.90999984741211,23.905000686645508,23.905000686645508,3171,0.0,0.0,0.0
2024-09-19 09:30:00-04:00,23.90999984741211,23.90999984741211,23.905000686645508,23.905000686645508,10933,0.0,0.0,0.0
2024-09-19 09:35:00-04:00,23.90999984741211,23.90999984741211,23.905000686645508,23.905000686645508,1201,0.0,0.0,0.0
2024-09-19 09:40:00-04:00,23.906700134277344,23.908300399780273,23.902099609375,23.905000686645508,4551,0.0,0.0,0.0
2024-09-19 09:45:00-04:00,23.905000686645508,23.905000686645508,23.905000686645508,23.905000686645508,3847,0.0,0.0,0.0
2024-09-19 09:50:00-04:00,23.905000686645508,23.905000686645508,23.905000686645508,23.905000686645508,200,0.0,0.0,0.0
2024-09-19 09:55:00-04:00,23.905000686645508,23.905000686645508,23.905000686645508,23.905000686645508,1735,0.0,0.0,0.0
2024-09-19 10:00:00-04:00,23.90999984741211,23.90999984741211,23.905000686645508,23.905000686645508,1252,0.0,0.0,0.0
2024-09-19 10:05:00-04:00,23.905000686645508,23.90999984741211,23.900100708007812,23.90130043029785,1452,0.0,0.0,0.0
2024-09-19 10:15:00-04:00,23.90999984741211,23.90999984741211,23.90999984741211,23.90999984741211,532,0.0,0.0,0.0
2024-09-19 10:20:00-04:00,23.90999984741211,23.90999984741211,23.900100708007812,23.909900665283203,5333,0.0,0.0,0.0
2024-09-19 10:25:00-04:00,23.90999984741211,23.90999984741211,23.90999984741211,23.90999984741211,220,0.0,0.0,0.0
2024-09-19 10:30:00-04:00,23.90999984741211,23.90999984741211,23.900100708007812,23.90999984741211,1544,0.0,0.0,0.0
2024-09-19 10:35:00-04:00,23.90999984741211,23.90999984741211,23.90999984741211,23.90999984741211,200,0.0,0.0,0.0
2024-09-19 10:40:00-04:00,23.90999984741211,23.90999984741211,23.909900665283203,23.909900665283203,2288,0.0,0.0,0.0
2024-09-19 10:45:00-04:00,23.90999984741211,23.90999984741211,23.903400421142578,23.90999984741211,4864,0.0,0.0,0.0
2024-09-19 10:50:00-04:00,23.90999984741211,23.90999984741211,23.90999984741211,23.90999984741211,331,0.0,0.0,0.0
2024-09-19 10:55:00-04:00,23.90999984741211,23.90999984741211,23.90519905090332,23.90999984741211,2803,0.0,0.0,0.0
2024-09-19 11:00:00-04:00,23.90999984741211,23.90999984741211,23.90999984741211,23.90999984741211,214,0.0,0.0,0.0
2024-09-19 11:05:00-04:00,23.90999984741211,23.90999984741211,23.90999984741211,23.90999984741211,313,0.0,0.0,0.0
2024-09-19 11:20:00-04:00,23.90999984741211,23.90999984741211,23.90999984741211,23.90999984741211,100,0.0,0.0,0.0
2024-09-19 11:25:00-04:00,23.900100708007812,23.90999984741211,23.900100708007812,23.90999984741211,2906,0.0,0.0,0.0
2024-09-19 11:30:00-04:00,23.905000686645508,23.90999984741211,23.905000686645508,23.909799575805664,1844,0.0,0.0,0.0
2024-09-19 11:40:00-04:00,23.90999984741211,23.90999984741211,23.909900665283203,23.90999984741211,442,0.0,0.0,0.0
2024-09-19 11:45:00-04:00,23.909700393676758,23.90999984741211,23.909700393676758,23.90999984741211,620,0.0,0.0,0.0
2024-09-19 11:55:00-04:00,23.90329933166504,23.90329933166504,23.902099609375,23.902099609375,4174,0.0,0.0,0.0
2024-09-19 12:00:00-04:00,23.902099609375,23.902099609375,23.902099609375,23.902099609375,1106,0.0,0.0,0.0
2024-09-19 12:05:00-04:00,23.907100677490234,23.907100677490234,23.907100677490234,23.907100677490234,1055,0.0,0.0,0.0
2024-09-19 12:20:00-04:00,23.909700393676758,23.909700393676758,23.909700393676758,23.909700393676758,152,0.0,0.0,0.0
2024-09-19 12:30:00-04:00,23.90399932861328,23.90399932861328,23.90399932861328,23.90399932861328,150,0.0,0.0,0.0
2024-09-19 12:35:00-04:00,23.90999984741211,23.90999984741211,23.909900665283203,23.90999984741211,372,0.0,0.0,0.0
2024-09-19 12:40:00-04:00,23.90999984741211,23.90999984741211,23.905000686645508,23.905000686645508,663,0.0,0.0,0.0
2024-09-19 12:45:00-04:00,23.909799575805664,23.909799575805664,23.909799575805664,23.909799575805664,168,0.0,0.0,0.0
2024-09-19 12:50:00-04:00,23.909799575805664,23.90999984741211,23.909799575805664,23.90999984741211,750,0.0,0.0,0.0
2024-09-19 13:20:00-04:00,23.905000686645508,23.905000686645508,23.905000686645508,23.905000686645508,604,0.0,0.0,0.0
2024-09-19 13:25:00-04:00,23.90999984741211,23.90999984741211,23.90519905090332,23.90999984741211,761,0.0,0.0,0.0
2024-09-19 13:35:00-04:00,23.905000686645508,23.905000686645508,23.905000686645508,23.905000686645508,169,0.0,0.0,0.0
2024-09-19 13:40:00-04:00,23.909700393676758,23.90999984741211,23.909700393676758,23.90999984741211,1151,0.0,0.0,0.0
2024-09-19 13:45:00-04:00,23.90999984741211,23.90999984741211,23.90839958190918,23.90999984741211,1713,0.0,0.0,0.0
2024-09-19 13:55:00-04:00,23.90999984741211,23.90999984741211,23.90999984741211,23.90999984741211,344,0.0,0.0,0.0
2024-09-19 14:05:00-04:00,23.90999984741211,23.90999984741211,23.90999984741211,23.90999984741211,230,0.0,0.0,0.0
2024-09-19 14:10:00-04:00,23.909799575805664,23.909799575805664,23.909799575805664,23.909799575805664,1172,0.0,0.0,0.0
2024-09-19 14:15:00-04:00,23.909700393676758,23.90999984741211,23.909700393676758,23.90999984741211,985,0.0,0.0,0.0
2024-09-19 14:30:00-04:00,23.90760040283203,23.90760040283203,23.90760040283203,23.90760040283203,400,0.0,0.0,0.0
2024-09-19 14:35:00-04:00,23.90999984741211,23.90999984741211,23.90999984741211,23.90999984741211,125,0.0,0.0,0.0
2024-09-19 14:45:00-04:00,23.907400131225586,23.907400131225586,23.907400131225586,23.907400131225586,248,0.0,0.0,0.0
2024-09-19 14:50:00-04:00,23.90999984741211,23.90999984741211,23.906600952148438,23.90999984741211,1604,0.0,0.0,0.0
2024-09-19 14:55:00-04:00,23.90999984741211,23.90999984741211,23.90999984741211,23.90999984741211,202,0.0,0.0,0.0
2024-09-19 15:00:00-04:00,23.90999984741211,23.915000915527344,23.909900665283203,23.90999984741211,27292,0.0,0.0,0.0
2024-09-19 15:05:00-04:00,23.90999984741211,23.90999984741211,23.905000686645508,23.905000686645508,1228,0.0,0.0,0.0
2024-09-19 15:10:00-04:00,23.90999984741211,23.90999984741211,23.90999984741211,23.90999984741211,801,0.0,0.0,0.0
2024-09-19 15:15:00-04:00,23.899999618530273,23.905000686645508,23.899999618530273,23.905000686645508,19187,0.0,0.0,0.0
2024-09-19 15:25:00-04:00,23.905000686645508,23.905000686645508,23.905000686645508,23.905000686645508,382,0.0,0.0,0.0
2024-09-19 15:45:00-04:00,23.899999618530273,23.899999618530273,23.899999618530273,23.899999618530273,312,0.0,0.0,0.0
2024-09-19 15:50:00-04:00,23.90999984741211,23.90999984741211,23.90999984741211,23.90999984741211,336,0.0,0.0,0.0
2024-09-19 15:55:00-04:00,23.905000686645508,23.90999984741211,23.899999618530273,23.899999618530273,4555,0.0,0.0,0.0
2024-09-20 09:30:00-04:00,23.760000228881836,23.764999389648438,23.75,23.764999389648438,0,0.0,0.0,0.0
2024-09-20 09:35:00-04:00,23.767799377441406,23.767799377441406,23.76409912109375,23.764999389648438,4109,0.0,0.0,0.0
2024-09-20 09:40:00-04:00,23.760000228881836,23.760000228881836,23.760000228881836,23.760000228881836,525,0.0,0.0,0.0
2024-09-20 09:45:00-04:00,23.769899368286133,23.769899368286133,23.76180076599121,23.764999389648438,1695,0.0,0.0,0.0
2024-09-20 09:50:00-04:00,23.760099411010742,23.762399673461914,23.760099411010742,23.762399673461914,1091,0.0,0.0,0.0
2024-09-20 09:55:00-04:00,23.764999389648438,23.764999389648438,23.764999389648438,23.764999389648438,431,0.0,0.0,0.0
2024-09-20 10:00:00-04:00,23.760000228881836,23.764999389648438,23.760000228881836,23.764999389648438,872,0.0,0.0,0.0
2024-09-20 10:05:00-04:00,23.764999389648438,23.764999389648438,23.764999389648438,23.764999389648438,21387,0.0,0.0,0.0
2024-09-20 10:10:00-04:00,23.764999389648438,23.764999389648438,23.764999389648438,23.764999389648438,200,0.0,0.0,0.0
2024-09-20 10:15:00-04:00,23.764999389648438,23.764999389648438,23.764999389648438,23.764999389648438,3631,0.0,0.0,0.0
2024-09-20 10:20:00-04:00,23.764999389648438,23.764999389648438,23.764999389648438,23.764999389648438,456,0.0,0.0,0.0
2024-09-20 10:25:00-04:00,23.764999389648438,23.764999389648438,23.764999389648438,23.764999389648438,1476,0.0,0.0,0.0
2024-09-20 10:30:00-04:00,23.764999389648438,23.764999389648438,23.760099411010742,23.764999389648438,1342,0.0,0.0,0.0
2024-09-20 10:35:00-04:00,23.769800186157227,23.769800186157227,23.764999389648438,23.764999389648438,2561,0.0,0.0,0.0
2024-09-20 10:40:00-04:00,23.764999389648438,23.769699096679688,23.764999389648438,23.764999389648438,2002,0.0,0.0,0.0
2024-09-20 10:45:00-04:00,23.761999130249023,23.761999130249023,23.761999130249023,23.761999130249023,1000,0.0,0.0,0.0
2024-09-20 10:50:00-04:00,23.769699096679688,23.769699096679688,23.764999389648438,23.764999389648438,754,0.0,0.0,0.0
2024-09-20 10:55:00-04:00,23.767499923706055,23.767499923706055,23.767499923706055,23.767499923706055,914,0.0,0.0,0.0
2024-09-20 11:00:00-04:00,23.762100219726562,23.762100219726562,23.762100219726562,23.762100219726562,1089,0.0,0.0,0.0
2024-09-20 11:05:00-04:00,23.766399383544922,23.766399383544922,23.760000228881836,23.760000228881836,453,0.0,0.0,0.0
2024-09-20 11:10:00-04:00,23.767200469970703,23.767200469970703,23.760099411010742,23.760099411010742,983,0.0,0.0,0.0
2024-09-20 11:15:00-04:00,23.764999389648438,23.764999389648438,23.760000228881836,23.760000228881836,685,0.0,0.0,0.0
2024-09-20 11:25:00-04:00,23.764999389648438,23.764999389648438,23.764999389648438,23.764999389648438,316,0.0,0.0,0.0
2024-09-20 11:35:00-04:00,23.760000228881836,23.767099380493164,23.760000228881836,23.760000228881836,3546,0.0,0.0,0.0
2024-09-20 11:50:00-04:00,23.764999389648438,23.769899368286133,23.764999389648438,23.764999389648438,736,0.0,0.0,0.0
2024-09-20 11:55:00-04:00,23.770000457763672,23.770000457763672,23.770000457763672,23.770000457763672,3501,0.0,0.0,0.0
2024-09-20 12:10:00-04:00,23.764999389648438,23.764999389648438,23.764999389648438,23.764999389648438,125,0.0,0.0,0.0
2024-09-20 12:15:00-04:00,23.764999389648438,23.764999389648438,23.764999389648438,23.764999389648438,291,0.0,0.0,0.0
2024-09-20 12:35:00-04:00,23.764999389648438,23.764999389648438,23.764999389648438,23.764999389648438,150,0.0,0.0,0.0
2024-09-20 12:40:00-04:00,23.764999389648438,23.764999389648438,23.764999389648438,23.764999389648438,2585,0.0,0.0,0.0
2024-09-20 12:45:00-04:00,23.764999389648438,23.766399383544922,23.764999389648438,23.766399383544922,1023,0.0,0.0,0.0
2024-09-20 13:00:00-04:00,23.764999389648438,23.764999389648438,23.764999389648438,23.764999389648438,269,0.0,0.0,0.0
2024-09-20 13:10:00-04:00,23.760000228881836,23.760000228881836,23.760000228881836,23.760000228881836,30334,0.0,0.0,0.0
2024-09-20 13:15:00-04:00,23.764999389648438,23.764999389648438,23.764999389648438,23.764999389648438,965,0.0,0.0,0.0
2024-09-20 13:20:00-04:00,23.764999389648438,23.764999389648438,23.760000228881836,23.764999389648438,3527,0.0,0.0,0.0
2024-09-20 13:35:00-04:00,23.76289939880371,23.76289939880371,23.76289939880371,23.76289939880371,124,0.0,0.0,0.0
2024-09-20 13:40:00-04:00,23.765100479125977,23.765100479125977,23.765100479125977,23.765100479125977,3032,0.0,0.0,0.0
2024-09-20 14:05:00-04:00,23.764999389648438,23.764999389648438,23.764999389648438,23.764999389648438,800,0.0,0.0,0.0
2024-09-20 14:10:00-04:00,23.764999389648438,23.764999389648438,23.764999389648438,23.764999389648438,328,0.0,0.0,0.0
2024-09-20 14:15:00-04:00,23.764999389648438,23.764999389648438,23.764999389648438,23.764999389648438,210,0.0,0.0,0.0
2024-09-20 14:20:00-04:00,23.764999389648438,23.764999389648438,23.764999389648438,23.764999389648438,100,0.0,0.0,0.0
2024-09-20 14:25:00-04:00,23.764999389648438,23.764999389648438,23.764999389648438,23.764999389648438,823,0.0,0.0,0.0
2024-09-20 14:35:00-04:00,23.769899368286133,23.769899368286133,23.769899368286133,23.769899368286133,214,0.0,0.0,0.0
2024-09-20 14:40:00-04:00,23.763099670410156,23.763099670410156,23.760099411010742,23.760099411010742,515,0.0,0.0,0.0
2024-09-20 15:00:00-04:00,23.764999389648438,23.764999389648438,23.764999389648438,23.764999389648438,280,0.0,0.0,0.0
2024-09-20 15:10:00-04:00,23.764999389648438,23.764999389648438,23.764999389648438,23.764999389648438,536,0.0,0.0,0.0
2024-09-20 15:15:00-04:00,23.76110076904297,23.764999389648438,23.76110076904297,23.764999389648438,200,0.0,0.0,0.0
2024-09-20 15:20:00-04:00,23.76110076904297,23.769800186157227,23.76110076904297,23.769800186157227,478,0.0,0.0,0.0
2024-09-20 15:40:00-04:00,23.764999389648438,23.770000457763672,23.764999389648438,23.764999389648438,2888,0.0,0.0,0.0
2024-09-20 15:45:00-04:00,23.764999389648438,23.764999389648438,23.764999389648438,23.764999389648438,212,0.0,0.0,0.0
2024-09-20 15:50:00-04:00,23.764999389648438,23.764999389648438,23.760000228881836,23.760000228881836,1882,0.0,0.0,0.0
2024-09-20 15:55:00-04:00,23.764999389648438,23.764999389648438,23.764999389648438,23.764999389648438,1057,0.0,0.0,0.0
2024-09-23 09:30:00-04:00,23.790000915527344,23.790000915527344,23.774999618530273,23.774999618530273,0,0.0,0.0,0.0
2024-09-23 09:35:00-04:00,23.771299362182617,23.774999618530273,23.771299362182617,23.774999618530273,1227,0.0,0.0,0.0
2024-09-23 09:40:00-04:00,23.774999618530273,23.774999618530273,23.774999618530273,23.774999618530273,206,0.0,0.0,0.0
2024-09-23 09:45:00-04:00,23.774999618530273,23.77630043029785,23.774999618530273,23.774999618530273,471,0.0,0.0,0.0
2024-09-23 09:50:00-04:00,23.774999618530273,23.774999618530273,23.774999618530273,23.774999618530273,554,0.0,0.0,0.0
2024-09-23 09:55:00-04:00,23.774999618530273,23.774999618530273,23.774999618530273,23.774999618530273,1212,0.0,0.0,0.0
2024-09-23 10:00:00-04:00,23.774999618530273,23.774999618530273,23.774999618530273,23.774999618530273,1679,0.0,0.0,0.0
2024-09-23 10:05:00-04:00,23.776399612426758,23.776399612426758,23.774999618530273,23.774999618530273,0,0.0,0.0,0.0
2024-09-23 10:10:00-04:00,23.774999618530273,23.77989959716797,23.774999618530273,23.774999618530273,11016,0.0,0.0,0.0
2024-09-23 10:15:00-04:00,23.774999618530273,23.779800415039062,23.774999618530273,23.774999618530273,3796,0.0,0.0,0.0
2024-09-23 10:20:00-04:00,23.774999618530273,23.774999618530273,23.774999618530273,23.774999618530273,2746,0.0,0.0,0.0
2024-09-23 10:25:00-04:00,23.774999618530273,23.779699325561523,23.774999618530273,23.774999618530273,2074,0.0,0.0,0.0
2024-09-23 10:30:00-04:00,23.774999618530273,23.774999618530273,23.774999618530273,23.774999618530273,251,0.0,0.0,0.0
2024-09-23 10:35:00-04:00,23.774999618530273,23.774999618530273,23.770099639892578,23.770099639892578,1185,0.0,0.0,0.0
2024-09-23 10:40:00-04:00,23.774999618530273,23.774999618530273,23.774999618530273,23.774999618530273,401,0.0,0.0,0.0
2024-09-23 10:45:00-04:00,23.774999618530273,23.774999618530273,23.774999618530273,23.774999618530273,101,0.0,0.0,0.0
2024-09-23 10:50:00-04:00,23.774999618530273,23.774999618530273,23.774999618530273,23.774999618530273,1844,0.0,0.0,0.0
2024-09-23 10:55:00-04:00,23.774999618530273,23.774999618530273,23.774999618530273,23.774999618530273,998,0.0,0.0,0.0
2024-09-23 11:00:00-04:00,23.770000457763672,23.770000457763672,23.770000457763672,23.770000457763672,318,0.0,0.0,0.0
2024-09-23 11:10:00-04:00,23.774999618530273,23.774999618530273,23.774999618530273,23.774999618530273,344,0.0,0.0,0.0
2024-09-23 11:20:00-04:00,23.774999618530273,23.774999618530273,23.774999618530273,23.774999618530273,180,0.0,0.0,0.0
2024-09-23 11:30:00-04:00,23.770099639892578,23.770099639892578,23.770099639892578,23.770099639892578,393,0.0,0.0,0.0
2024-09-23 11:45:00-04:00,23.780000686645508,23.780000686645508,23.780000686645508,23.780000686645508,2103,0.0,0.0,0.0
2024-09-23 11:55:00-04:00,23.770000457763672,23.770000457763672,23.770000457763672,23.770000457763672,480,0.0,0.0,0.0
2024-09-23 12:05:00-04:00,23.774999618530273,23.774999618530273,23.774999618530273,23.774999618530273,690,0.0,0.0,0.0
2024-09-23 12:10:00-04:00,23.77469253540039,23.77469253540039,23.77469253540039,23.77469253540039,450,0.0,0.0,0.0
2024-09-23 12:15:00-04:00,23.774999618530273,23.774999618530273,23.774999618530273,23.774999618530273,141,0.0,0.0,0.0
2024-09-23 12:20:00-04:00,23.772499084472656,23.772499084472656,23.772499084472656,23.772499084472656,4200,0.0,0.0,0.0
2024-09-23 12:25:00-04:00,23.774999618530273,23.774999618530273,23.774999618530273,23.774999618530273,3121,0.0,0.0,0.0
2024-09-23 12:40:00-04:00,23.774999618530273,23.774999618530273,23.774999618530273,23.774999618530273,316,0.0,0.0,0.0
2024-09-23 13:00:00-04:00,23.774999618530273,23.774999618530273,23.774999618530273,23.774999618530273,2321,0.0,0.0,0.0
2024-09-23 13:05:00-04:00,23.774999618530273,23.774999618530273,23.774999618530273,23.774999618530273,1140,0.0,0.0,0.0
2024-09-23 13:10:00-04:00,23.773300170898438,23.773300170898438,23.773300170898438,23.773300170898438,140,0.0,0.0,0.0
2024-09-23 13:15:00-04:00,23.774999618530273,23.774999618530273,23.773099899291992,23.773099899291992,1316,0.0,0.0,0.0
2024-09-23 13:20:00-04:00,23.773000717163086,23.773000717163086,23.773000717163086,23.773000717163086,0,0.0,0.0,0.0
2024-09-23 13:30:00-04:00,23.774999618530273,23.774999618530273,23.770000457763672,23.774999618530273,42952,0.0,0.0,0.0
2024-09-23 13:40:00-04:00,23.774999618530273,23.774999618530273,23.774999618530273,23.774999618530273,453,0.0,0.0,0.0
2024-09-23 14:10:00-04:00,23.774999618530273,23.774999618530273,23.774999618530273,23.774999618530273,260,0.0,0.0,0.0
2024-09-23 14:35:00-04:00,23.772899627685547,23.772899627685547,23.772899627685547,23.772899627685547,425,0.0,0.0,0.0
2024-09-23 14:45:00-04:00,23.774999618530273,23.774999618530273,23.774999618530273,23.774999618530273,263,0.0,0.0,0.0
2024-09-23 14:55:00-04:00,23.774999618530273,23.774999618530273,23.7721004486084,23.7721004486084,1140,0.0,0.0,0.0
2024-09-23 15:00:00-04:00,23.771900177001953,23.77989959716797,23.771900177001953,23.77989959716797,2499,0.0,0.0,0.0
2024-09-23 15:05:00-04:00,23.774999618530273,23.774999618530273,23.774999618530273,23.774999618530273,591,0.0,0.0,0.0
2024-09-23 15:20:00-04:00,23.774999618530273,23.774999618530273,23.770000457763672,23.770000457763672,2161,0.0,0.0,0.0
2024-09-23 15:30:00-04:00,23.772499084472656,23.772499084472656,23.772499084472656,23.772499084472656,1002,0.0,0.0,0.0
2024-09-23 15:35:00-04:00,23.774999618530273,23.774999618530273,23.774999618530273,23.774999618530273,1315,0.0,0.0,0.0
2024-09-23 15:40:00-04:00,23.771299362182617,23.774999618530273,23.771299362182617,23.772499084472656,4188,0.0,0.0,0.0
2024-09-23 15:50:00-04:00,23.774999618530273,23.774999618530273,23.770000457763672,23.770000457763672,781,0.0,0.0,0.0
2024-09-23 15:55:00-04:00,23.780000686645508,23.780000686645508,23.774999618530273,23.774999618530273,930,0.0,0.0,0.0
2024-09-24 09:30:00-04:00,23.780000686645508,23.780000686645508,23.774999618530273,23.774999618530273,4320,0.0,0.0,0.0
2024-09-24 09:35:00-04:00,23.774999618530273,23.774999618530273,23.774999618530273,23.774999618530273,2912,0.0,0.0,0.0
2024-09-24 09:40:00-04:00,23.774999618530273,23.774999618530273,23.774999618530273,23.774999618530273,789,0.0,0.0,0.0
2024-09-24 09:45:00-04:00,23.774999618530273,23.780000686645508,23.774999618530273,23.777999877929688,2356,0.0,0.0,0.0
2024-09-24 09:50:00-04:00,23.774999618530273,23.774999618530273,23.774999618530273,23.774999618530273,655,0.0,0.0,0.0
2024-09-24 09:55:00-04:00,23.774999618530273,23.777000427246094,23.774999618530273,23.774999618530273,692,0.0,0.0,0.0
2024-09-24 10:00:00-04:00,23.774999618530273,23.774999618530273,23.774999618530273,23.774999618530273,3359,0.0,0.0,0.0
2024-09-24 10:05:00-04:00,23.774999618530273,23.774999618530273,23.774999618530273,23.774999618530273,522,0.0,0.0,0.0
2024-09-24 10:10:00-04:00,23.774999618530273,23.774999618530273,23.774999618530273,23.774999618530273,374,0.0,0.0,0.0
2024-09-24 10:15:00-04:00,23.774999618530273,23.774999618530273,23.774999618530273,23.774999618530273,532,0.0,0.0,0.0
2024-09-24 10:20:00-04:00,23.774999618530273,23.780000686645508,23.774999618530273,23.774999618530273,1300,0.0,0.0,0.0
2024-09-24 10:25:00-04:00,23.774999618530273,23.774999618530273,23.774999618530273,23.774999618530273,300,0.0,0.0,0.0
2024-09-24 10:30:00-04:00,23.778099060058594,23.778099060058594,23.774999618530273,23.774999618530273,2570,0.0,0.0,0.0
2024-09-24 10:35:00-04:00,23.774999618530273,23.774999618530273,23.771299362182617,23.774999618530273,600,0.0,0.0,0.0
2024-09-24 10:40:00-04:00,23.770000457763672,23.774999618530273,23.770000457763672,23.774999618530273,590,0.0,0.0,0.0
2024-09-24 10:45:00-04:00,23.774999618530273,23.774999618530273,23.774999618530273,23.774999618530273,350,0.0,0.0,0.0
2024-09-24 10:50:00-04:00,23.774999618530273,23.774999618530273,23.770099639892578,23.770099639892578,735,0.0,0.0,0.0
2024-09-24 10:55:00-04:00,23.774999618530273,23.774999618530273,23.774999618530273,23.774999618530273,1411,0.0,0.0,0.0
2024-09-24 11:00:00-04:00,23.775999069213867,23.775999069213867,23.774999618530273,23.774999618530273,811,0.0,0.0,0.0
2024-09-24 11:05:00-04:00,23.774999618530273,23.780000686645508,23.770099639892578,23.774999618530273,1350,0.0,0.0,0.0
2024-09-24 11:20:00-04:00,23.774999618530273,23.77549934387207,23.770000457763672,23.770000457763672,696,0.0,0.0,0.0
2024-09-24 11:25:00-04:00,23.774999618530273,23.774999618530273,23.774999618530273,23.774999618530273,443,0.0,0.0,0.0
2024-09-24 11:30:00-04:00,23.774999618530273,23.774999618530273,23.774999618530273,23.774999618530273,505,0.0,0.0,0.0
2024-09-24 11:35:00-04:00,23.774999618530273,23.774999618530273,23.770000457763672,23.774999618530273,1074,0.0,0.0,0.0
2024-09-24 11:40:00-04:00,23.780000686645508,23.780000686645508,23.771099090576172,23.773099899291992,931,0.0,0.0,0.0
2024-09-24 11:45:00-04:00,23.774999618530273,23.774999618530273,23.774999618530273,23.774999618530273,312,0.0,0.0,0.0
2024-09-24 11:50:00-04:00,23.770000457763672,23.774999618530273,23.770000457763672,23.774999618530273,210,0.0,0.0,0.0
2024-09-24 11:55:00-04:00,23.770000457763672,23.770000457763672,23.770000457763672,23.770000457763672,456,0.0,0.0,0.0
2024-09-24 12:05:00-04:00,23.774999618530273,23.774999618530273,23.774999618530273,23.774999618530273,1726,0.0,0.0,0.0
2024-09-24 12:15:00-04:00,23.774999618530273,23.774999618530273,23.774999618530273,23.774999618530273,383,0.0,0.0,0.0
2024-09-24 12:35:00-04:00,23.774999618530273,23.774999618530273,23.774999618530273,23.774999618530273,118,0.0,0.0,0.0
2024-09-24 12:40:00-04:00,23.774999618530273,23.774999618530273,23.774999618530273,23.774999618530273,2317,0.0,0.0,0.0
2024-09-24 12:45:00-04:00,23.77989959716797,23.77989959716797,23.77989959716797,23.77989959716797,200,0.0,0.0,0.0
2024-09-24 12:50:00-04:00,23.774999618530273,23.774999618530273,23.774999618530273,23.774999618530273,661,0.0,0.0,0.0
2024-09-24 12:55:00-04:00,23.774999618530273,23.774999618530273,23.774999618530273,23.774999618530273,169,0.0,0.0,0.0
2024-09-24 13:05:00-04:00,23.771900177001953,23.771900177001953,23.771900177001953,23.771900177001953,4404,0.0,0.0,0.0
2024-09-24 13:25:00-04:00,23.770000457763672,23.770000457763672,23.770000457763672,23.770000457763672,301,0.0,0.0,0.0
2024-09-24 13:30:00-04:00,23.770000457763672,23.770000457763672,23.770000457763672,23.770000457763672,196,0.0,0.0,0.0
2024-09-24 14:00:00-04:00,23.770000457763672,23.770000457763672,23.770000457763672,23.770000457763672,250,0.0,0.0,0.0
2024-09-24 14:10:00-04:00,23.774999618530273,23.774999618530273,23.774999618530273,23.774999618530273,190,0.0,0.0,0.0
2024-09-24 14:15:00-04:00,23.774999618530273,23.774999618530273,23.774999618530273,23.774999618530273,271,0.0,0.0,0.0
2024-09-24 14:20:00-04:00,23.775991439819336,23.775991439819336,23.775991439819336,23.775991439819336,1799,0.0,0.0,0.0
2024-09-24 14:25:00-04:00,23.774999618530273,23.774999618530273,23.774999618530273,23.774999618530273,127,0.0,0.0,0.0
2024-09-24 14:30:00-04:00,23.77989959716797,23.77989959716797,23.77989959716797,23.77989959716797,172,0.0,0.0,0.0
2024-09-24 14:45:00-04:00,23.774999618530273,23.774999618530273,23.774999618530273,23.774999618530273,460,0.0,0.0,0.0
2024-09-24 14:50:00-04:00,23.777299880981445,23.777299880981445,23.777299880981445,23.777299880981445,343,0.0,0.0,0.0
2024-09-24 14:55:00-04:00,23.777799606323242,23.777799606323242,23.774999618530273,23.774999618530273,1263,0.0,0.0,0.0
2024-09-24 15:00:00-04:00,23.77400016784668,23.77400016784668,23.77400016784668,23.77400016784668,251,0.0,0.0,0.0
2024-09-24 15:15:00-04:00,23.774999618530273,23.774999618530273,23.774999618530273,23.774999618530273,456,0.0,0.0,0.0
2024-09-24 15:20:00-04:00,23.77400016784668,23.774999618530273,23.77400016784668,23.774999618530273,626,0.0,0.0,0.0
2024-09-24 15:25:00-04:00,23.774999618530273,23.774999618530273,23.774999618530273,23.774999618530273,210,0.0,0.0,0.0
2024-09-24 15:30:00-04:00,23.774999618530273,23.774999618530273,23.774999618530273,23.774999618530273,357,0.0,0.0,0.0
2024-09-24 15:50:00-04:00,23.779800415039062,23.779800415039062,23.779800415039062,23.779800415039062,685,0.0,0.0,0.0
2024-09-24 15:55:00-04:00,23.774999618530273,23.774999618530273,23.770000457763672,23.770000457763672,0,0.0,0.0,0.0
2024-09-25 09:30:00-04:00,23.790000915527344,23.790000915527344,23.770099639892578,23.774999618530273,3813,0.0,0.0,0.0
2024-09-25 09:35:00-04:00,23.772899627685547,23.77669906616211,23.772899627685547,23.77669906616211,400,0.0,0.0,0.0
2024-09-25 09:40:00-04:00,23.774999618530273,23.774999618530273,23.774999618530273,23.774999618530273,385,0.0,0.0,0.0
2024-09-25 09:45:00-04:00,23.774999618530273,23.774999618530273,23.774999618530273,23.774999618530273,3254,0.0,0.0,0.0
2024-09-25 10:00:00-04:00,23.77120018005371,23.774999618530273,23.770000457763672,23.774999618530273,3118,0.0,0.0,0.0
2024-09-25 10:15:00-04:00,23.774999618530273,23.77989959716797,23.774999618530273,23.77989959716797,322,0.0,0.0,0.0
2024-09-25 10:20:00-04:00,23.77790069580078,23.77790069580078,23.77790069580078,23.77790069580078,175,0.0,0.0,0.0
2024-09-25 10:35:00-04:00,23.774999618530273,23.777999877929688,23.774999618530273,23.777999877929688,4012,0.0,0.0,0.0
2024-09-25 10:40:00-04:00,23.774999618530273,23.774999618530273,23.774999618530273,23.774999618530273,632,0.0,0.0,0.0
2024-09-25 10:45:00-04:00,23.77989959716797,23.77989959716797,23.774999618530273,23.774999618530273,4500,0.0,0.0,0.0
2024-09-25 10:50:00-04:00,23.780000686645508,23.780000686645508,23.780000686645508,23.780000686645508,1001,0.0,0.0,0.0
2024-09-25 10:55:00-04:00,23.774999618530273,23.777999877929688,23.770000457763672,23.777999877929688,397,0.0,0.0,0.0
2024-09-25 11:00:00-04:00,23.77989959716797,23.77989959716797,23.774999618530273,23.774999618530273,1456,0.0,0.0,0.0
2024-09-25 11:10:00-04:00,23.774999618530273,23.774999618530273,23.774999618530273,23.774999618530273,488,0.0,0.0,0.0
2024-09-25 11:25:00-04:00,23.774999618530273,23.774999618530273,23.774999618530273,23.774999618530273,1452,0.0,0.0,0.0
2024-09-25 11:30:00-04:00,23.774999618530273,23.774999618530273,23.774999618530273,23.774999618530273,688,0.0,0.0,0.0
2024-09-25 11:35:00-04:00,23.777700424194336,23.777700424194336,23.774999618530273,23.774999618530273,1151,0.0,0.0,0.0
2024-09-25 11:40:00-04:00,23.776899337768555,23.776899337768555,23.776899337768555,23.776899337768555,390,0.0,0.0,0.0
2024-09-25 12:20:00-04:00,23.774999618530273,23.774999618530273,23.774999618530273,23.774999618530273,1472,0.0,0.0,0.0
2024-09-25 12:50:00-04:00,23.774999618530273,23.774999618530273,23.774999618530273,23.774999618530273,417,0.0,0.0,0.0
2024-09-25 13:00:00-04:00,23.774999618530273,23.774999618530273,23.774999618530273,23.774999618530273,726,0.0,0.0,0.0
2024-09-25 13:10:00-04:00,23.774999618530273,23.774999618530273,23.774999618530273,23.774999618530273,140,0.0,0.0,0.0
2024-09-25 13:25:00-04:00,23.777000427246094,23.777000427246094,23.774999618530273,23.774999618530273,3298,0.0,0.0,0.0
2024-09-25 13:30:00-04:00,23.770000457763672,23.770000457763672,23.770000457763672,23.770000457763672,168,0.0,0.0,0.0
2024-09-25 13:50:00-04:00,23.774999618530273,23.774999618530273,23.774999618530273,23.774999618530273,1555,0.0,0.0,0.0
2024-09-25 14:10:00-04:00,23.778200149536133,23.778200149536133,23.774999618530273,23.776599884033203,4586,0.0,0.0,0.0
2024-09-25 14:15:00-04:00,23.770099639892578,23.770099639892578,23.770099639892578,23.770099639892578,440,0.0,0.0,0.0
2024-09-25 14:40:00-04:00,23.774999618530273,23.774999618530273,23.774999618530273,23.774999618530273,448,0.0,0.0,0.0
2024-09-25 15:20:00-04:00,23.77680015563965,23.77680015563965,23.77680015563965,23.77680015563965,211,0.0,0.0,0.0
2024-09-25 15:30:00-04:00,23.780000686645508,23.780000686645508,23.780000686645508,23.780000686645508,400,0.0,0.0,0.0
2024-09-25 15:35:00-04:00,23.774999618530273,23.774999618530273,23.774999618530273,23.774999618530273,768,0.0,0.0,0.0
2024-09-25 15:40:00-04:00,23.775100708007812,23.775100708007812,23.774999618530273,23.774999618530273,5857,0.0,0.0,0.0
2024-09-25 15:55:00-04:00,23.774999618530273,23.774999618530273,23.774999618530273,23.774999618530273,4052,0.0,0.0,0.0
2024-09-26 09:30:00-04:00,23.790000915527344,23.790000915527344,23.790000915527344,23.790000915527344,0,0.0,0.0,0.0
2024-09-26 09:35:00-04:00,23.7726993560791,23.780000686645508,23.770099639892578,23.77989959716797,2617,0.0,0.0,0.0
2024-09-26 09:40:00-04:00,23.780000686645508,23.780000686645508,23.780000686645508,23.780000686645508,110,0.0,0.0,0.0
2024-09-26 09:45:00-04:00,23.780000686645508,23.790000915527344,23.780000686645508,23.78499984741211,10847,0.0,0.0,0.0
2024-09-26 09:50:00-04:00,23.78499984741211,23.785900115966797,23.78499984741211,23.78499984741211,5742,0.0,0.0,0.0
2024-09-26 09:55:00-04:00,23.78499984741211,23.78499984741211,23.780000686645508,23.780000686645508,605,0.0,0.0,0.0
2024-09-26 10:00:00-04:00,23.772899627685547,23.780000686645508,23.772899627685547,23.780000686645508,8673,0.0,0.0,0.0
2024-09-26 10:05:00-04:00,23.780000686645508,23.780000686645508,23.770000457763672,23.770000457763672,520,0.0,0.0,0.0
2024-09-26 10:10:00-04:00,23.774999618530273,23.780000686645508,23.772600173950195,23.774999618530273,6847,0.0,0.0,0.0
2024-09-26 10:15:00-04:00,23.774999618530273,23.780000686645508,23.774999618530273,23.77989959716797,2627,0.0,0.0,0.0
2024-09-26 10:20:00-04:00,23.780000686645508,23.780000686645508,23.771699905395508,23.771699905395508,2451,0.0,0.0,0.0
2024-09-26 10:25:00-04:00,23.780000686645508,23.780000686645508,23.780000686645508,23.780000686645508,100,0.0,0.0,0.0
2024-09-26 10:30:00-04:00,23.780000686645508,23.780000686645508,23.780000686645508,23.780000686645508,201,0.0,0.0,0.0
2024-09-26 10:35:00-04:00,23.780000686645508,23.780000686645508,23.773000717163086,23.774999618530273,1965,0.0,0.0,0.0
2024-09-26 10:40:00-04:00,23.780000686645508,23.780000686645508,23.774999618530273,23.774999618530273,618,0.0,0.0,0.0
2024-09-26 10:45:00-04:00,23.780000686645508,23.780000686645508,23.780000686645508,23.780000686645508,100,0.0,0.0,0.0
2024-09-26 10:50:00-04:00,23.780000686645508,23.780000686645508,23.77989959716797,23.77989959716797,800,0.0,0.0,0.0
2024-09-26 10:55:00-04:00,23.780000686645508,23.780000686645508,23.780000686645508,23.780000686645508,103,0.0,0.0,0.0
2024-09-26 11:00:00-04:00,23.774999618530273,23.780000686645508,23.774999618530273,23.776662826538086,575,0.0,0.0,0.0
2024-09-26 11:05:00-04:00,23.779699325561523,23.780000686645508,23.779699325561523,23.780000686645508,250,0.0,0.0,0.0
2024-09-26 11:15:00-04:00,23.780000686645508,23.780000686645508,23.780000686645508,23.780000686645508,144,0.0,0.0,0.0
2024-09-26 11:20:00-04:00,23.780000686645508,23.780000686645508,23.779699325561523,23.779699325561523,621,0.0,0.0,0.0
2024-09-26 11:25:00-04:00,23.780000686645508,23.780000686645508,23.774999618530273,23.774999618530273,2520,0.0,0.0,0.0
2024-09-26 11:30:00-04:00,23.780000686645508,23.780000686645508,23.770099639892578,23.774999618530273,342,0.0,0.0,0.0
2024-09-26 11:40:00-04:00,23.780000686645508,23.780000686645508,23.780000686645508,23.780000686645508,114,0.0,0.0,0.0
2024-09-26 11:45:00-04:00,23.780000686645508,23.78499984741211,23.780000686645508,23.78499984741211,1139,0.0,0.0,0.0
2024-09-26 11:50:00-04:00,23.78499984741211,23.78499984741211,23.780000686645508,23.780000686645508,227,0.0,0.0,0.0
2024-09-26 12:05:00-04:00,23.78499984741211,23.78499984741211,23.780000686645508,23.78499984741211,413,0.0,0.0,0.0
2024-09-26 12:15:00-04:00,23.789899826049805,23.789899826049805,23.78499984741211,23.78499984741211,271,0.0,0.0,0.0
2024-09-26 12:20:00-04:00,23.78499984741211,23.789899826049805,23.78499984741211,23.78499984741211,4721,0.0,0.0,0.0
2024-09-26 12:35:00-04:00,23.782100677490234,23.782100677490234,23.780000686645508,23.780000686645508,250,0.0,0.0,0.0
2024-09-26 12:40:00-04:00,23.78499984741211,23.78499984741211,23.78499984741211,23.78499984741211,230,0.0,0.0,0.0
2024-09-26 12:45:00-04:00,23.78499984741211,23.78499984741211,23.78499984741211,23.78499984741211,276,0.0,0.0,0.0
2024-09-26 12:50:00-04:00,23.780000686645508,23.780000686645508,23.780000686645508,23.780000686645508,146,0.0,0.0,0.0
2024-09-26 13:00:00-04:00,23.780000686645508,23.780000686645508,23.780000686645508,23.780000686645508,100,0.0,0.0,0.0
2024-09-26 13:05:00-04:00,23.78499984741211,23.78499984741211,23.78499984741211,23.78499984741211,201,0.0,0.0,0.0
2024-09-26 13:10:00-04:00,23.780000686645508,23.780000686645508,23.780000686645508,23.780000686645508,227,0.0,0.0,0.0
2024-09-26 13:25:00-04:00,23.78499984741211,23.78499984741211,23.78499984741211,23.78499984741211,342,0.0,0.0,0.0
2024-09-26 13:30:00-04:00,23.780000686645508,23.78499984741211,23.780000686645508,23.78499984741211,1484,0.0,0.0,0.0
2024-09-26 13:35:00-04:00,23.78499984741211,23.78499984741211,23.780000686645508,23.780000686645508,1278,0.0,0.0,0.0
2024-09-26 13:40:00-04:00,23.78499984741211,23.78499984741211,23.78499984741211,23.78499984741211,426,0.0,0.0,0.0
2024-09-26 13:55:00-04:00,23.780000686645508,23.780000686645508,23.780000686645508,23.780000686645508,100,0.0,0.0,0.0
2024-09-26 14:00:00-04:00,23.782100677490234,23.782100677490234,23.782100677490234,23.782100677490234,1000,0.0,0.0,0.0
2024-09-26 14:05:00-04:00,23.78499984741211,23.78499984741211,23.780000686645508,23.780000686645508,506,0.0,0.0,0.0
2024-09-26 14:25:00-04:00,23.78499984741211,23.78499984741211,23.78499984741211,23.78499984741211,642,0.0,0.0,0.0
2024-09-26 14:30:00-04:00,23.780000686645508,23.790000915527344,23.780000686645508,23.780000686645508,4830,0.0,0.0,0.0
2024-09-26 14:35:00-04:00,23.78499984741211,23.78499984741211,23.78499984741211,23.78499984741211,1420,0.0,0.0,0.0
2024-09-26 14:40:00-04:00,23.78499984741211,23.78499984741211,23.780000686645508,23.78499984741211,2207,0.0,0.0,0.0
2024-09-26 14:45:00-04:00,23.78499984741211,23.78499984741211,23.78499984741211,23.78499984741211,210,0.0,0.0,0.0
2024-09-26 14:50:00-04:00,23.780000686645508,23.780000686645508,23.780000686645508,23.780000686645508,224,0.0,0.0,0.0
2024-09-26 15:00:00-04:00,23.789899826049805,23.789899826049805,23.789899826049805,23.789899826049805,2426,0.0,0.0,0.0
2024-09-26 15:05:00-04:00,23.780000686645508,23.780000686645508,23.780000686645508,23.780000686645508,150,0.0,0.0,0.0
2024-09-26 15:10:00-04:00,23.780000686645508,23.78499984741211,23.780000686645508,23.78499984741211,1460,0.0,0.0,0.0
2024-09-26 15:15:00-04:00,23.780000686645508,23.780000686645508,23.780000686645508,23.780000686645508,107,0.0,0.0,0.0
2024-09-26 15:25:00-04:00,23.78499984741211,23.78499984741211,23.780000686645508,23.780000686645508,201,0.0,0.0,0.0
2024-09-26 15:30:00-04:00,23.78499984741211,23.78499984741211,23.780000686645508,23.780000686645508,400,0.0,0.0,0.0
2024-09-26 15:35:00-04:00,23.78499984741211,23.790000915527344,23.780000686645508,23.78499984741211,13293,0.0,0.0,0.0
2024-09-26 15:55:00-04:00,23.784000396728516,23.78499984741211,23.784000396728516,23.78499984741211,1081,0.0,0.0,0.0
2024-09-27 09:30:00-04:00,23.799999237060547,23.799999237060547,23.780099868774414,23.780099868774414,0,0.0,0.0,0.0
2024-09-27 09:35:00-04:00,23.78499984741211,23.78499984741211,23.78499984741211,23.78499984741211,312,0.0,0.0,0.0
2024-09-27 09:40:00-04:00,23.781099319458008,23.78499984741211,23.780099868774414,23.780099868774414,623,0.0,0.0,0.0
2024-09-27 09:45:00-04:00,23.78499984741211,23.78499984741211,23.78499984741211,23.78499984741211,684,0.0,0.0,0.0
2024-09-27 09:50:00-04:00,23.78499984741211,23.78499984741211,23.782499313354492,23.78499984741211,3421,0.0,0.0,0.0
2024-09-27 09:55:00-04:00,23.78499984741211,23.78499984741211,23.78499984741211,23.78499984741211,581,0.0,0.0,0.0
2024-09-27 10:00:00-04:00,23.790000915527344,23.795799255371094,23.78499984741211,23.790000915527344,7042,0.0,0.0,0.0
2024-09-27 10:05:00-04:00,23.78499984741211,23.78499984741211,23.78499984741211,23.78499984741211,495,0.0,0.0,0.0
2024-09-27 10:10:00-04:00,23.78499984741211,23.78499984741211,23.78499984741211,23.78499984741211,729,0.0,0.0,0.0
2024-09-27 10:15:00-04:00,23.78499984741211,23.78499984741211,23.78499984741211,23.78499984741211,1220,0.0,0.0,0.0
2024-09-27 10:20:00-04:00,23.780099868774414,23.7898006439209,23.780099868774414,23.78499984741211,2213,0.0,0.0,0.0
2024-09-27 10:25:00-04:00,23.782100677490234,23.782100677490234,23.780099868774414,23.780099868774414,2456,0.0,0.0,0.0
2024-09-27 10:30:00-04:00,23.78499984741211,23.78499984741211,23.78499984741211,23.78499984741211,399,0.0,0.0,0.0
2024-09-27 10:40:00-04:00,23.78499984741211,23.78499984741211,23.781099319458008,23.781099319458008,1195,0.0,0.0,0.0
2024-09-27 10:45:00-04:00,23.78499984741211,23.78499984741211,23.780000686645508,23.78499984741211,718,0.0,0.0,0.0
2024-09-27 10:55:00-04:00,23.78499984741211,23.78499984741211,23.780000686645508,23.78499984741211,1522,0.0,0.0,0.0
2024-09-27 11:10:00-04:00,23.78499984741211,23.78499984741211,23.780000686645508,23.78499984741211,780,0.0,0.0,0.0
2024-09-27 11:15:00-04:00,23.78499984741211,23.78499984741211,23.78499984741211,23.78499984741211,7019,0.0,0.0,0.0
2024-09-27 11:20:00-04:00,23.780000686645508,23.780000686645508,23.780000686645508,23.780000686645508,143,0.0,0.0,0.0
2024-09-27 11:30:00-04:00,23.780000686645508,23.780099868774414,23.780000686645508,23.780099868774414,366,0.0,0.0,0.0
2024-09-27 11:35:00-04:00,23.780000686645508,23.780000686645508,23.780000686645508,23.780000686645508,280,0.0,0.0,0.0
2024-09-27 11:40:00-04:00,23.789899826049805,23.789899826049805,23.789899826049805,23.789899826049805,2003,0.0,0.0,0.0
2024-09-27 11:45:00-04:00,23.780000686645508,23.780000686645508,23.780000686645508,23.780000686645508,103,0.0,0.0,0.0
2024-09-27 11:55:00-04:00,23.78499984741211,23.78499984741211,23.780000686645508,23.780000686645508,552,0.0,0.0,0.0
2024-09-27 12:05:00-04:00,23.78969955444336,23.78969955444336,23.780000686645508,23.780000686645508,721,0.0,0.0,0.0
2024-09-27 12:15:00-04:00,23.782499313354492,23.78499984741211,23.780000686645508,23.780000686645508,471,0.0,0.0,0.0
2024-09-27 12:20:00-04:00,23.780000686645508,23.789899826049805,23.780000686645508,23.789899826049805,267,0.0,0.0,0.0
2024-09-27 12:40:00-04:00,23.789899826049805,23.789899826049805,23.78499984741211,23.78499984741211,356,0.0,0.0,0.0
2024-09-27 12:50:00-04:00,23.78499984741211,23.78499984741211,23.780000686645508,23.780000686645508,487,0.0,0.0,0.0
2024-09-27 12:55:00-04:00,23.780000686645508,23.780000686645508,23.780000686645508,23.780000686645508,212,0.0,0.0,0.0
2024-09-27 13:05:00-04:00,23.780000686645508,23.78499984741211,23.780000686645508,23.78499984741211,3612,0.0,0.0,0.0
2024-09-27 13:10:00-04:00,23.780000686645508,23.780000686645508,23.774999618530273,23.774999618530273,1612,0.0,0.0,0.0
2024-09-27 13:20:00-04:00,23.77989959716797,23.77989959716797,23.774999618530273,23.774999618530273,660,0.0,0.0,0.0
2024-09-27 13:45:00-04:00,23.770000457763672,23.774999618530273,23.770000457763672,23.774999618530273,382,0.0,0.0,0.0
2024-09-27 13:55:00-04:00,23.774999618530273,23.774999618530273,23.774999618530273,23.774999618530273,539,0.0,0.0,0.0
2024-09-27 14:05:00-04:00,23.774999618530273,23.774999618530273,23.774999618530273,23.774999618530273,206,0.0,0.0,0.0
2024-09-27 14:10:00-04:00,23.774999618530273,23.774999618530273,23.774999618530273,23.774999618530273,1258,0.0,0.0,0.0
2024-09-27 14:25:00-04:00,23.774999618530273,23.774999618530273,23.774999618530273,23.774999618530273,604,0.0,0.0,0.0
2024-09-27 14:35:00-04:00,23.774999618530273,23.774999618530273,23.774999618530273,23.774999618530273,345,0.0,0.0,0.0
2024-09-27 15:25:00-04:00,23.774999618530273,23.774999618530273,23.774999618530273,23.774999618530273,367,0.0,0.0,0.0
2024-09-27 15:40:00-04:00,23.774999618530273,23.780000686645508,23.774999618530273,23.774999618530273,1737,0.0,0.0,0.0
2024-09-27 15:45:00-04:00,23.774999618530273,23.780000686645508,23.770000457763672,23.774999618530273,10497,0.0,0.0,0.0
2024-09-27 15:50:00-04:00,23.779699325561523,23.77989959716797,23.779699325561523,23.77989959716797,2100,0.0,0.0,0.0
2024-09-27 15:55:00-04:00,23.770000457763672,23.780000686645508,23.770000457763672,23.780000686645508,2053,0.0,0.0,0.0
2024-09-30 09:30:00-04:00,23.790000915527344,23.795000076293945,23.790000915527344,23.795000076293945,5935,0.0,0.0,0.0
2024-09-30 09:35:00-04:00,23.795000076293945,23.795000076293945,23.795000076293945,23.795000076293945,370,0.0,0.0,0.0
2024-09-30 09:40:00-04:00,23.79199981689453,23.795000076293945,23.790000915527344,23.795000076293945,1382,0.0,0.0,0.0
2024-09-30 09:45:00-04:00,23.795000076293945,23.795000076293945,23.795000076293945,23.795000076293945,1190,0.0,0.0,0.0
2024-09-30 09:50:00-04:00,23.795000076293945,23.795000076293945,23.795000076293945,23.795000076293945,501,0.0,0.0,0.0
2024-09-30 09:55:00-04:00,23.799999237060547,23.799999237060547,23.795000076293945,23.795000076293945,313,0.0,0.0,0.0
2024-09-30 10:00:00-04:00,23.79010009765625,23.799999237060547,23.79010009765625,23.799999237060547,675,0.0,0.0,0.0
2024-09-30 10:05:00-04:00,23.795000076293945,23.795000076293945,23.795000076293945,23.795000076293945,110,0.0,0.0,0.0
2024-09-30 10:10:00-04:00,23.795000076293945,23.795000076293945,23.795000076293945,23.795000076293945,1043,0.0,0.0,0.0
2024-09-30 10:15:00-04:00,23.795000076293945,23.799999237060547,23.79010009765625,23.795000076293945,557,0.0,0.0,0.0
2024-09-30 10:20:00-04:00,23.799999237060547,23.799999237060547,23.795000076293945,23.795000076293945,300,0.0,0.0,0.0
2024-09-30 10:25:00-04:00,23.795000076293945,23.799999237060547,23.790000915527344,23.795000076293945,514,0.0,0.0,0.0
2024-09-30 10:30:00-04:00,23.795000076293945,23.799999237060547,23.790000915527344,23.790000915527344,789,0.0,0.0,0.0
2024-09-30 10:35:00-04:00,23.795000076293945,23.799999237060547,23.790000915527344,23.795000076293945,2041,0.0,0.0,0.0
2024-09-30 10:40:00-04:00,23.795000076293945,23.799999237060547,23.790000915527344,23.790000915527344,676,0.0,0.0,0.0
2024-09-30 10:45:00-04:00,23.795000076293945,23.795000076293945,23.790000915527344,23.795000076293945,992,0.0,0.0,0.0
2024-09-30 10:50:00-04:00,23.795000076293945,23.795000076293945,23.795000076293945,23.795000076293945,240,0.0,0.0,0.0
2024-09-30 10:55:00-04:00,23.790000915527344,23.795000076293945,23.790000915527344,23.795000076293945,711,0.0,0.0,0.0
2024-09-30 11:00:00-04:00,23.795000076293945,23.799999237060547,23.790000915527344,23.795000076293945,709,0.0,0.0,0.0
2024-09-30 11:05:00-04:00,23.795000076293945,23.795000076293945,23.780000686645508,23.78499984741211,6881,0.0,0.0,0.0
2024-09-30 11:10:00-04:00,23.78499984741211,23.78499984741211,23.78499984741211,23.78499984741211,100,0.0,0.0,0.0
2024-09-30 11:15:00-04:00,23.78499984741211,23.78499984741211,23.78499984741211,23.78499984741211,611,0.0,0.0,0.0
2024-09-30 11:20:00-04:00,23.78499984741211,23.78499984741211,23.780000686645508,23.78499984741211,5488,0.0,0.0,0.0
2024-09-30 11:25:00-04:00,23.78499984741211,23.78499984741211,23.78499984741211,23.78499984741211,444,0.0,0.0,0.0
2024-09-30 11:30:00-04:00,23.78499984741211,23.78499984741211,23.78499984741211,23.78499984741211,270,0.0,0.0,0.0
2024-09-30 11:35:00-04:00,23.780000686645508,23.78499984741211,23.780000686645508,23.78499984741211,6550,0.0,0.0,0.0
2024-09-30 11:40:00-04:00,23.783199310302734,23.78499984741211,23.783199310302734,23.78499984741211,424,0.0,0.0,0.0
2024-09-30 11:45:00-04:00,23.78499984741211,23.78499984741211,23.78499984741211,23.78499984741211,336,0.0,0.0,0.0
2024-09-30 11:55:00-04:00,23.78499984741211,23.78499984741211,23.78499984741211,23.78499984741211,1893,0.0,0.0,0.0
2024-09-30 12:05:00-04:00,23.78499984741211,23.78499984741211,23.780000686645508,23.780000686645508,4005,0.0,0.0,0.0
2024-09-30 12:25:00-04:00,23.780000686645508,23.78499984741211,23.780000686645508,23.78499984741211,6217,0.0,0.0,0.0
2024-09-30 12:30:00-04:00,23.780000686645508,23.780000686645508,23.780000686645508,23.780000686645508,205,0.0,0.0,0.0
2024-09-30 12:35:00-04:00,23.780000686645508,23.78499984741211,23.780000686645508,23.780000686645508,23345,0.0,0.0,0.0
2024-09-30 12:40:00-04:00,23.780000686645508,23.780000686645508,23.780000686645508,23.780000686645508,102,0.0,0.0,0.0
2024-09-30 12:45:00-04:00,23.78499984741211,23.78499984741211,23.78499984741211,23.78499984741211,1075,0.0,0.0,0.0
2024-09-30 12:50:00-04:00,23.780000686645508,23.78499984741211,23.780000686645508,23.78499984741211,8135,0.0,0.0,0.0
2024-09-30 12:55:00-04:00,23.780000686645508,23.780000686645508,23.780000686645508,23.780000686645508,200,0.0,0.0,0.0
2024-09-30 13:00:00-04:00,23.780000686645508,23.78499984741211,23.780000686645508,23.78499984741211,500,0.0,0.0,0.0
2024-09-30 13:05:00-04:00,23.78499984741211,23.78499984741211,23.78499984741211,23.78499984741211,300,0.0,0.0,0.0
2024-09-30 13:10:00-04:00,23.78499984741211,23.78499984741211,23.780000686645508,23.780000686645508,1694,0.0,0.0,0.0
2024-09-30 13:20:00-04:00,23.78499984741211,23.78499984741211,23.780000686645508,23.78499984741211,3035,0.0,0.0,0.0
2024-09-30 13:25:00-04:00,23.78499984741211,23.78499984741211,23.780000686645508,23.780000686645508,7325,0.0,0.0,0.0
2024-09-30 13:30:00-04:00,23.789899826049805,23.789899826049805,23.780000686645508,23.780000686645508,523,0.0,0.0,0.0
2024-09-30 13:45:00-04:00,23.780000686645508,23.781600952148438,23.780000686645508,23.781600952148438,1784,0.0,0.0,0.0
2024-09-30 13:50:00-04:00,23.780099868774414,23.78499984741211,23.780099868774414,23.78499984741211,1696,0.0,0.0,0.0
2024-09-30 14:00:00-04:00,23.78499984741211,23.78499984741211,23.78499984741211,23.78499984741211,852,0.0,0.0,0.0
2024-09-30 14:10:00-04:00,23.78499984741211,23.78499984741211,23.78499984741211,23.78499984741211,155,0.0,0.0,0.0
2024-09-30 14:30:00-04:00,23.78219985961914,23.78219985961914,23.78219985961914,23.78219985961914,305,0.0,0.0,0.0
2024-09-30 14:40:00-04:00,23.78230094909668,23.78499984741211,23.78230094909668,23.78499984741211,296,0.0,0.0,0.0
2024-09-30 14:45:00-04:00,23.78230094909668,23.78499984741211,23.78230094909668,23.78499984741211,1365,0.0,0.0,0.0
2024-09-30 14:50:00-04:00,23.78700065612793,23.78700065612793,23.78700065612793,23.78700065612793,170,0.0,0.0,0.0
2024-09-30 14:55:00-04:00,23.78499984741211,23.78499984741211,23.78499984741211,23.78499984741211,333,0.0,0.0,0.0
2024-09-30 15:00:00-04:00,23.78499984741211,23.78499984741211,23.78499984741211,23.78499984741211,501,0.0,0.0,0.0
2024-09-30 15:05:00-04:00,23.78499984741211,23.78499984741211,23.78499984741211,23.78499984741211,242,0.0,0.0,0.0
2024-09-30 15:40:00-04:00,23.782400131225586,23.782400131225586,23.782400131225586,23.782400131225586,354,0.0,0.0,0.0
2024-09-30 15:55:00-04:00,23.78499984741211,23.790000915527344,23.780000686645508,23.790000915527344,1451,0.0,0.0,0.0
2024-10-01 09:30:00-04:00,23.799999237060547,23.799999237060547,23.799999237060547,23.799999237060547,2087,0.0,0.0,0.0
2024-10-01 09:35:00-04:00,23.799999237060547,23.799999237060547,23.799999237060547,23.799999237060547,1177,0.0,0.0,0.0
2024-10-01 09:40:00-04:00,23.802099227905273,23.802099227905273,23.802099227905273,23.802099227905273,370,0.0,0.0,0.0
2024-10-01 09:45:00-04:00,23.799999237060547,23.799999237060547,23.799999237060547,23.799999237060547,101,0.0,0.0,0.0
2024-10-01 09:50:00-04:00,23.80500030517578,23.80500030517578,23.799999237060547,23.80500030517578,3625,0.0,0.0,0.0
2024-10-01 09:55:00-04:00,23.795000076293945,23.799999237060547,23.790000915527344,23.799999237060547,7287,0.0,0.0,0.0
2024-10-01 10:00:00-04:00,23.798999786376953,23.799999237060547,23.792499542236328,23.795000076293945,1438,0.0,0.0,0.0
2024-10-01 10:05:00-04:00,23.795000076293945,23.795000076293945,23.795000076293945,23.795000076293945,571,0.0,0.0,0.0
2024-10-01 10:10:00-04:00,23.792200088500977,23.795000076293945,23.792200088500977,23.795000076293945,505,0.0,0.0,0.0
2024-10-01 10:15:00-04:00,23.795000076293945,23.795000076293945,23.795000076293945,23.795000076293945,393,0.0,0.0,0.0
2024-10-01 10:20:00-04:00,23.795000076293945,23.799999237060547,23.795000076293945,23.799999237060547,818,0.0,0.0,0.0
2024-10-01 10:25:00-04:00,23.795000076293945,23.79990005493164,23.790000915527344,23.795000076293945,6701,0.0,0.0,0.0
2024-10-01 10:30:00-04:00,23.795000076293945,23.795000076293945,23.795000076293945,23.795000076293945,100,0.0,0.0,0.0
2024-10-01 10:35:00-04:00,23.795000076293945,23.795000076293945,23.79010009765625,23.795000076293945,5770,0.0,0.0,0.0
2024-10-01 10:40:00-04:00,23.790800094604492,23.790800094604492,23.790800094604492,23.790800094604492,200,0.0,0.0,0.0
2024-10-01 10:45:00-04:00,23.795000076293945,23.795000076293945,23.795000076293945,23.795000076293945,204,0.0,0.0,0.0
2024-10-01 10:50:00-04:00,23.795000076293945,23.79990005493164,23.795000076293945,23.79990005493164,10606,0.0,0.0,0.0
2024-10-01 11:00:00-04:00,23.795000076293945,23.795000076293945,23.7908992767334,23.795000076293945,534,0.0,0.0,0.0
2024-10-01 11:05:00-04:00,23.796899795532227,23.796899795532227,23.795000076293945,23.795000076293945,614,0.0,0.0,0.0
2024-10-01 11:15:00-04:00,23.795000076293945,23.797000885009766,23.790000915527344,23.790000915527344,517,0.0,0.0,0.0
2024-10-01 11:25:00-04:00,23.795000076293945,23.795000076293945,23.79170036315918,23.79170036315918,1403,0.0,0.0,0.0
2024-10-01 11:35:00-04:00,23.79050064086914,23.79050064086914,23.790000915527344,23.790000915527344,557,0.0,0.0,0.0
2024-10-01 11:40:00-04:00,23.795000076293945,23.795000076293945,23.790000915527344,23.790000915527344,947,0.0,0.0,0.0
2024-10-01 11:45:00-04:00,23.795000076293945,23.795000076293945,23.795000076293945,23.795000076293945,112,0.0,0.0,0.0
2024-10-01 11:50:00-04:00,23.795000076293945,23.797399520874023,23.790000915527344,23.797399520874023,2102,0.0,0.0,0.0
2024-10-01 11:55:00-04:00,23.79210090637207,23.799999237060547,23.790000915527344,23.790000915527344,4091,0.0,0.0,0.0
2024-10-01 12:00:00-04:00,23.79010009765625,23.795000076293945,23.790000915527344,23.790000915527344,1205,0.0,0.0,0.0
2024-10-01 12:05:00-04:00,23.795000076293945,23.795000076293945,23.795000076293945,23.795000076293945,1753,0.0,0.0,0.0
2024-10-01 12:25:00-04:00,23.799999237060547,23.799999237060547,23.799999237060547,23.799999237060547,100,0.0,0.0,0.0
2024-10-01 12:30:00-04:00,23.799999237060547,23.799999237060547,23.795000076293945,23.795000076293945,200,0.0,0.0,0.0
2024-10-01 12:35:00-04:00,23.79129981994629,23.79129981994629,23.79129981994629,23.79129981994629,170,0.0,0.0,0.0
2024-10-01 12:40:00-04:00,23.799999237060547,23.799999237060547,23.799999237060547,23.799999237060547,100,0.0,0.0,0.0
2024-10-01 12:45:00-04:00,23.799999237060547,23.799999237060547,23.79789924621582,23.79789924621582,580,0.0,0.0,0.0
2024-10-01 12:50:00-04:00,23.797500610351562,23.79990005493164,23.790000915527344,23.79990005493164,529,0.0,0.0,0.0
2024-10-01 12:55:00-04:00,23.799999237060547,23.799999237060547,23.799999237060547,23.799999237060547,205,0.0,0.0,0.0
2024-10-01 13:05:00-04:00,23.799999237060547,23.799999237060547,23.799999237060547,23.799999237060547,100,0.0,0.0,0.0
2024-10-01 13:10:00-04:00,23.799999237060547,23.799999237060547,23.799999237060547,23.799999237060547,1764,0.0,0.0,0.0
2024-10-01 13:15:00-04:00,23.795000076293945,23.795000076293945,23.795000076293945,23.795000076293945,300,0.0,0.0,0.0
2024-10-01 13:20:00-04:00,23.795000076293945,23.795000076293945,23.795000076293945,23.795000076293945,100,0.0,0.0,0.0
2024-10-01 13:25:00-04:00,23.795000076293945,23.795000076293945,23.795000076293945,23.795000076293945,202,0.0,0.0,0.0
2024-10-01 13:35:00-04:00,23.799999237060547,23.799999237060547,23.797700881958008,23.799999237060547,2857,0.0,0.0,0.0
2024-10-01 13:55:00-04:00,23.795000076293945,23.799999237060547,23.790000915527344,23.795000076293945,8719,0.0,0.0,0.0
2024-10-01 14:00:00-04:00,23.795000076293945,23.795000076293945,23.791000366210938,23.795000076293945,1081,0.0,0.0,0.0
2024-10-01 14:05:00-04:00,23.79520034790039,23.79520034790039,23.790000915527344,23.790000915527344,976,0.0,0.0,0.0
2024-10-01 14:10:00-04:00,23.795000076293945,23.795000076293945,23.795000076293945,23.795000076293945,117,0.0,0.0,0.0
2024-10-01 14:15:00-04:00,23.79990005493164,23.79990005493164,23.790000915527344,23.790000915527344,422,0.0,0.0,0.0
2024-10-01 14:40:00-04:00,23.79210090637207,23.79210090637207,23.79210090637207,23.79210090637207,201,0.0,0.0,0.0
2024-10-01 14:45:00-04:00,23.796899795532227,23.796899795532227,23.796899795532227,23.796899795532227,190,0.0,0.0,0.0
2024-10-01 14:50:00-04:00,23.795000076293945,23.795000076293945,23.795000076293945,23.795000076293945,125,0.0,0.0,0.0
2024-10-01 15:10:00-04:00,23.7987003326416,23.7987003326416,23.7987003326416,23.7987003326416,6800,0.0,0.0,0.0
2024-10-01 15:15:00-04:00,23.795000076293945,23.795000076293945,23.795000076293945,23.795000076293945,503,0.0,0.0,0.0
2024-10-01 15:30:00-04:00,23.790000915527344,23.790000915527344,23.790000915527344,23.790000915527344,140,0.0,0.0,0.0
2024-10-01 15:40:00-04:00,23.795000076293945,23.795000076293945,23.795000076293945,23.795000076293945,696,0.0,0.0,0.0
2024-10-01 15:55:00-04:00,23.795000076293945,23.795000076293945,23.795000076293945,23.795000076293945,2475,0.0,0.0,0.0
2024-10-02 09:30:00-04:00,23.81999969482422,23.81999969482422,23.815000534057617,23.815000534057617,0,0.0,0.0,0.0
2024-10-02 09:35:00-04:00,23.815000534057617,23.815000534057617,23.815000534057617,23.815000534057617,1164,0.0,0.0,0.0
2024-10-02 09:40:00-04:00,23.815000534057617,23.81999969482422,23.815000534057617,23.815000534057617,510,0.0,0.0,0.0
2024-10-02 09:45:00-04:00,23.815000534057617,23.81999969482422,23.815000534057617,23.81999969482422,1545,0.0,0.0,0.0
2024-10-02 09:50:00-04:00,23.81999969482422,23.81999969482422,23.81999969482422,23.81999969482422,860,0.0,0.0,0.0
2024-10-02 09:55:00-04:00,23.81999969482422,23.81999969482422,23.81999969482422,23.81999969482422,620,0.0,0.0,0.0
2024-10-02 10:00:00-04:00,23.81999969482422,23.825000762939453,23.81999969482422,23.825000762939453,512,0.0,0.0,0.0
2024-10-02 10:05:00-04:00,23.825000762939453,23.825000762939453,23.822599411010742,23.822599411010742,789,0.0,0.0,0.0
2024-10-02 10:10:00-04:00,23.821300506591797,23.825000762939453,23.821300506591797,23.825000762939453,316,0.0,0.0,0.0
2024-10-02 10:20:00-04:00,23.825000762939453,23.825000762939453,23.825000762939453,23.825000762939453,100,0.0,0.0,0.0
2024-10-02 10:25:00-04:00,23.825000762939453,23.825000762939453,23.825000762939453,23.825000762939453,200,0.0,0.0,0.0
2024-10-02 10:30:00-04:00,23.825000762939453,23.825000762939453,23.822900772094727,23.822900772094727,660,0.0,0.0,0.0
2024-10-02 10:35:00-04:00,23.825000762939453,23.825000762939453,23.820100784301758,23.825000762939453,4073,0.0,0.0,0.0
2024-10-02 10:40:00-04:00,23.825000762939453,23.825000762939453,23.825000762939453,23.825000762939453,700,0.0,0.0,0.0
2024-10-02 10:45:00-04:00,23.825000762939453,23.825000762939453,23.825000762939453,23.825000762939453,375,0.0,0.0,0.0
2024-10-02 10:50:00-04:00,23.825000762939453,23.825000762939453,23.825000762939453,23.825000762939453,332,0.0,0.0,0.0
2024-10-02 10:55:00-04:00,23.825000762939453,23.825000762939453,23.81999969482422,23.81999969482422,3077,0.0,0.0,0.0
2024-10-02 11:00:00-04:00,23.825000762939453,23.825000762939453,23.81999969482422,23.81999969482422,1400,0.0,0.0,0.0
2024-10-02 11:05:00-04:00,23.825000762939453,23.825000762939453,23.825000762939453,23.825000762939453,542,0.0,0.0,0.0
2024-10-02 11:10:00-04:00,23.825000762939453,23.825000762939453,23.81999969482422,23.81999969482422,404,0.0,0.0,0.0
2024-10-02 11:15:00-04:00,23.825000762939453,23.825000762939453,23.825000762939453,23.825000762939453,262,0.0,0.0,0.0
2024-10-02 11:20:00-04:00,23.825000762939453,23.825000762939453,23.81999969482422,23.825000762939453,300,0.0,0.0,0.0
2024-10-02 11:25:00-04:00,23.825000762939453,23.825000762939453,23.825000762939453,23.825000762939453,290,0.0,0.0,0.0
2024-10-02 11:30:00-04:00,23.825000762939453,23.825000762939453,23.81999969482422,23.825000762939453,635,0.0,0.0,0.0
2024-10-02 11:50:00-04:00,23.82110023498535,23.825000762939453,23.81999969482422,23.821300506591797,2794,0.0,0.0,0.0
2024-10-02 11:55:00-04:00,23.82990074157715,23.82990074157715,23.81999969482422,23.8262996673584,1982,0.0,0.0,0.0
2024-10-02 12:15:00-04:00,23.822099685668945,23.825000762939453,23.822099685668945,23.825000762939453,1400,0.0,0.0,0.0
2024-10-02 12:20:00-04:00,23.81999969482422,23.82539939880371,23.81999969482422,23.82539939880371,338,0.0,0.0,0.0
2024-10-02 12:25:00-04:00,23.825000762939453,23.825000762939453,23.81999969482422,23.825000762939453,3140,0.0,0.0,0.0
2024-10-02 12:30:00-04:00,23.826499938964844,23.826499938964844,23.826499938964844,23.826499938964844,1000,0.0,0.0,0.0
2024-10-02 12:35:00-04:00,23.820100784301758,23.820100784301758,23.820100784301758,23.820100784301758,266,0.0,0.0,0.0
2024-10-02 12:40:00-04:00,23.82990074157715,23.82990074157715,23.82990074157715,23.82990074157715,1183,0.0,0.0,0.0
2024-10-02 12:45:00-04:00,23.82990074157715,23.82990074157715,23.82990074157715,23.82990074157715,1068,0.0,0.0,0.0
2024-10-02 12:50:00-04:00,23.825000762939453,23.825000762939453,23.825000762939453,23.825000762939453,117,0.0,0.0,0.0
2024-10-02 12:55:00-04:00,23.825000762939453,23.825000762939453,23.825000762939453,23.825000762939453,1000,0.0,0.0,0.0
2024-10-02 13:00:00-04:00,23.81999969482422,23.826499938964844,23.81999969482422,23.825000762939453,3971,0.0,0.0,0.0
2024-10-02 13:10:00-04:00,23.825000762939453,23.825000762939453,23.81999969482422,23.81999969482422,1205,0.0,0.0,0.0
2024-10-02 13:15:00-04:00,23.825000762939453,23.829700469970703,23.825000762939453,23.829700469970703,844,0.0,0.0,0.0
2024-10-02 13:35:00-04:00,23.825000762939453,23.825000762939453,23.825000762939453,23.825000762939453,258,0.0,0.0,0.0
2024-10-02 14:00:00-04:00,23.825000762939453,23.825000762939453,23.822099685668945,23.825000762939453,5320,0.0,0.0,0.0
2024-10-02 14:05:00-04:00,23.825000762939453,23.825000762939453,23.81999969482422,23.81999969482422,744,0.0,0.0,0.0
2024-10-02 14:10:00-04:00,23.825000762939453,23.826400756835938,23.822099685668945,23.825000762939453,2251,0.0,0.0,0.0
2024-10-02 14:15:00-04:00,23.81999969482422,23.825000762939453,23.81999969482422,23.825000762939453,918,0.0,0.0,0.0
2024-10-02 14:20:00-04:00,23.825000762939453,23.82550048828125,23.81999969482422,23.825000762939453,2388,0.0,0.0,0.0
2024-10-02 14:25:00-04:00,23.825000762939453,23.825000762939453,23.81999969482422,23.825000762939453,3120,0.0,0.0,0.0
2024-10-02 14:30:00-04:00,23.822099685668945,23.825000762939453,23.81999969482422,23.825000762939453,3617,0.0,0.0,0.0
2024-10-02 14:35:00-04:00,23.825000762939453,23.829999923706055,23.822099685668945,23.82900047302246,119509,0.0,0.0,0.0
2024-10-02 14:40:00-04:00,23.82900047302246,23.829999923706055,23.82900047302246,23.82900047302246,2009,0.0,0.0,0.0
2024-10-02 14:45:00-04:00,23.829999923706055,23.829999923706055,23.825000762939453,23.825000762939453,3833,0.0,0.0,0.0
2024-10-02 14:50:00-04:00,23.825000762939453,23.825000762939453,23.825000762939453,23.825000762939453,497,0.0,0.0,0.0
2024-10-02 15:10:00-04:00,23.820100784301758,23.826400756835938,23.820100784301758,23.826400756835938,1045,0.0,0.0,0.0
2024-10-02 15:15:00-04:00,23.829999923706055,23.829999923706055,23.825000762939453,23.825000762939453,3003,0.0,0.0,0.0
2024-10-02 15:25:00-04:00,23.829999923706055,23.829999923706055,23.829999923706055,23.829999923706055,140,0.0,0.0,0.0
2024-10-02 15:30:00-04:00,23.825000762939453,23.825000762939453,23.825000762939453,23.825000762939453,879,0.0,0.0,0.0
2024-10-02 15:35:00-04:00,23.820100784301758,23.825000762939453,23.820100784301758,23.825000762939453,225,0.0,0.0,0.0
2024-10-02 15:40:00-04:00,23.825000762939453,23.825000762939453,23.822099685668945,23.825000762939453,2423,0.0,0.0,0.0
2024-10-02 15:45:00-04:00,23.825000762939453,23.825000762939453,23.825000762939453,23.825000762939453,546,0.0,0.0,0.0
2024-10-02 15:55:00-04:00,23.829999923706055,23.829999923706055,23.825000762939453,23.825000762939453,7415,0.0,0.0,0.0
2024-10-03 09:30:00-04:00,23.829999923706055,23.829999923706055,23.81999969482422,23.81999969482422,552,0.0,0.0,0.0
2024-10-03 09:35:00-04:00,23.829999923706055,23.829999923706055,23.821199417114258,23.821199417114258,597,0.0,0.0,0.0
2024-10-03 09:40:00-04:00,23.827800750732422,23.829999923706055,23.827800750732422,23.829999923706055,815,0.0,0.0,0.0
2024-10-03 09:50:00-04:00,23.836700439453125,23.836700439453125,23.836700439453125,23.836700439453125,115,0.0,0.0,0.0
2024-10-03 10:05:00-04:00,23.837299346923828,23.837299346923828,23.837299346923828,23.837299346923828,243,0.0,0.0,0.0
2024-10-03 10:10:00-04:00,23.837900161743164,23.837900161743164,23.835100173950195,23.835100173950195,3168,0.0,0.0,0.0
2024-10-03 10:15:00-04:00,23.837499618530273,23.837499618530273,23.834999084472656,23.835399627685547,645,0.0,0.0,0.0
2024-10-03 10:20:00-04:00,23.834999084472656,23.834999084472656,23.834999084472656,23.834999084472656,1834,0.0,0.0,0.0
2024-10-03 10:25:00-04:00,23.84000015258789,23.84000015258789,23.84000015258789,23.84000015258789,201,0.0,0.0,0.0
2024-10-03 10:30:00-04:00,23.834999084472656,23.834999084472656,23.834999084472656,23.834999084472656,1294,0.0,0.0,0.0
2024-10-03 10:45:00-04:00,23.83989906311035,23.84000015258789,23.829999923706055,23.834999084472656,2866,0.0,0.0,0.0
2024-10-03 10:50:00-04:00,23.834999084472656,23.834999084472656,23.834999084472656,23.834999084472656,173,0.0,0.0,0.0
2024-10-03 11:05:00-04:00,23.834999084472656,23.834999084472656,23.834999084472656,23.834999084472656,3752,0.0,0.0,0.0
2024-10-03 11:10:00-04:00,23.83009910583496,23.83009910583496,23.83009910583496,23.83009910583496,264,0.0,0.0,0.0
2024-10-03 11:15:00-04:00,23.831499099731445,23.84000015258789,23.831499099731445,23.84000015258789,568,0.0,0.0,0.0
2024-10-03 11:40:00-04:00,23.84000015258789,23.84000015258789,23.84000015258789,23.84000015258789,101,0.0,0.0,0.0
2024-10-03 11:45:00-04:00,23.839799880981445,23.839799880981445,23.839799880981445,23.839799880981445,248,0.0,0.0,0.0
2024-10-03 12:05:00-04:00,23.834999084472656,23.834999084472656,23.834999084472656,23.834999084472656,213,0.0,0.0,0.0
2024-10-03 12:10:00-04:00,23.834999084472656,23.84000015258789,23.834999084472656,23.834999084472656,4323,0.0,0.0,0.0
2024-10-03 12:20:00-04:00,23.83009910583496,23.84000015258789,23.83009910583496,23.834999084472656,411,0.0,0.0,0.0
2024-10-03 12:25:00-04:00,23.834999084472656,23.839000701904297,23.83169937133789,23.83169937133789,788,0.0,0.0,0.0
2024-10-03 12:35:00-04:00,23.834999084472656,23.834999084472656,23.834999084472656,23.834999084472656,639,0.0,0.0,0.0
2024-10-03 12:55:00-04:00,23.834999084472656,23.834999084472656,23.834999084472656,23.834999084472656,1699,0.0,0.0,0.0
2024-10-03 13:00:00-04:00,23.83009910583496,23.83009910583496,23.83009910583496,23.83009910583496,1140,0.0,0.0,0.0
2024-10-03 13:10:00-04:00,23.834999084472656,23.834999084472656,23.834999084472656,23.834999084472656,100,0.0,0.0,0.0
2024-10-03 13:15:00-04:00,23.834999084472656,23.834999084472656,23.834999084472656,23.834999084472656,210,0.0,0.0,0.0
2024-10-03 13:25:00-04:00,23.83289909362793,23.834999084472656,23.83289909362793,23.834999084472656,1901,0.0,0.0,0.0
2024-10-03 13:30:00-04:00,23.83989906311035,23.84000015258789,23.834999084472656,23.834999084472656,945,0.0,0.0,0.0
2024-10-03 13:35:00-04:00,23.834999084472656,23.834999084472656,23.834999084472656,23.834999084472656,530,0.0,0.0,0.0
2024-10-03 13:40:00-04:00,23.834999084472656,23.834999084472656,23.83009910583496,23.834999084472656,2655,0.0,0.0,0.0
2024-10-03 13:45:00-04:00,23.834999084472656,23.834999084472656,23.834999084472656,23.834999084472656,2009,0.0,0.0,0.0
2024-10-03 13:55:00-04:00,23.834999084472656,23.834999084472656,23.834999084472656,23.834999084472656,201,0.0,0.0,0.0
2024-10-03 14:00:00-04:00,23.834999084472656,23.834999084472656,23.834999084472656,23.834999084472656,100,0.0,0.0,0.0
2024-10-03 14:05:00-04:00,23.834999084472656,23.834999084472656,23.834999084472656,23.834999084472656,2081,0.0,0.0,0.0
2024-10-03 14:20:00-04:00,23.834999084472656,23.834999084472656,23.834999084472656,23.834999084472656,619,0.0,0.0,0.0
2024-10-03 14:50:00-04:00,23.834999084472656,23.83989906311035,23.834999084472656,23.83989906311035,5127,0.0,0.0,0.0
2024-10-03 15:00:00-04:00,23.834999084472656,23.834999084472656,23.834999084472656,23.834999084472656,1000,0.0,0.0,0.0
2024-10-03 15:10:00-04:00,23.834999084472656,23.834999084472656,23.834999084472656,23.834999084472656,1974,0.0,0.0,0.0
2024-10-03 15:20:00-04:00,23.837900161743164,23.837900161743164,23.837900161743164,23.837900161743164,621,0.0,0.0,0.0
2024-10-03 15:30:00-04:00,23.833200454711914,23.833200454711914,23.833200454711914,23.833200454711914,115,0.0,0.0,0.0
2024-10-03 15:35:00-04:00,23.84000015258789,23.84000015258789,23.83989906311035,23.83989906311035,632,0.0,0.0,0.0
2024-10-03 15:40:00-04:00,23.834999084472656,23.834999084472656,23.834999084472656,23.834999084472656,400,0.0,0.0,0.0
2024-10-03 15:45:00-04:00,23.834999084472656,23.834999084472656,23.834999084472656,23.834999084472656,272,0.0,0.0,0.0
2024-10-03 15:50:00-04:00,23.83009910583496,23.834999084472656,23.83009910583496,23.834999084472656,3416,0.0,0.0,0.0
2024-10-03 15:55:00-04:00,23.834999084472656,23.84000015258789,23.834999084472656,23.84000015258789,6942,0.0,0.0,0.0
2024-10-04 09:30:00-04:00,23.860000610351562,23.860000610351562,23.836700439453125,23.84000015258789,17599,0.0,0.0,0.0
2024-10-04 09:35:00-04:00,23.84000015258789,23.850000381469727,23.83989906311035,23.850000381469727,4241,0.0,0.0,0.0
2024-10-04 09:40:00-04:00,23.844999313354492,23.844999313354492,23.844999313354492,23.844999313354492,301,0.0,0.0,0.0
2024-10-04 09:45:00-04:00,23.844999313354492,23.844999313354492,23.844999313354492,23.844999313354492,1219,0.0,0.0,0.0
2024-10-04 09:50:00-04:00,23.844999313354492,23.844999313354492,23.844999313354492,23.844999313354492,100,0.0,0.0,0.0
2024-10-04 09:55:00-04:00,23.844999313354492,23.844999313354492,23.844999313354492,23.844999313354492,103,0.0,0.0,0.0
2024-10-04 10:00:00-04:00,23.844999313354492,23.844999313354492,23.841100692749023,23.841100692749023,1301,0.0,0.0,0.0
2024-10-04 10:05:00-04:00,23.844999313354492,23.844999313354492,23.844999313354492,23.844999313354492,1100,0.0,0.0,0.0
2024-10-04 10:10:00-04:00,23.844999313354492,23.850000381469727,23.842100143432617,23.842100143432617,2197,0.0,0.0,0.0
2024-10-04 10:15:00-04:00,23.846900939941406,23.850000381469727,23.844999313354492,23.850000381469727,2583,0.0,0.0,0.0
2024-10-04 10:20:00-04:00,23.844999313354492,23.844999313354492,23.844999313354492,23.844999313354492,225,0.0,0.0,0.0
2024-10-04 10:30:00-04:00,23.850000381469727,23.850000381469727,23.844999313354492,23.844999313354492,705,0.0,0.0,0.0
2024-10-04 10:35:00-04:00,23.844999313354492,23.850000381469727,23.844999313354492,23.850000381469727,727,0.0,0.0,0.0
2024-10-04 10:45:00-04:00,23.84149932861328,23.848400115966797,23.840099334716797,23.848400115966797,1085,0.0,0.0,0.0
2024-10-04 10:50:00-04:00,23.844999313354492,23.850000381469727,23.844999313354492,23.850000381469727,1731,0.0,0.0,0.0
2024-10-04 10:55:00-04:00,23.840099334716797,23.844999313354492,23.840099334716797,23.844999313354492,419,0.0,0.0,0.0
2024-10-04 11:00:00-04:00,23.84149932861328,23.844999313354492,23.84149932861328,23.844999313354492,1594,0.0,0.0,0.0
2024-10-04 11:05:00-04:00,23.844999313354492,23.844999313354492,23.844999313354492,23.844999313354492,600,0.0,0.0,0.0
2024-10-04 11:20:00-04:00,23.84149932861328,23.84670066833496,23.84149932861328,23.843299865722656,1319,0.0,0.0,0.0
2024-10-04 11:25:00-04:00,23.840099334716797,23.840099334716797,23.840099334716797,23.840099334716797,329,0.0,0.0,0.0
2024-10-04 11:35:00-04:00,23.844999313354492,23.844999313354492,23.844999313354492,23.844999313354492,210,0.0,0.0,0.0
2024-10-04 11:45:00-04:00,23.844999313354492,23.850000381469727,23.8439998626709,23.8439998626709,1526,0.0,0.0,0.0
2024-10-04 11:55:00-04:00,23.844999313354492,23.854999542236328,23.844999313354492,23.850000381469727,11834,0.0,0.0,0.0
2024-10-04 12:10:00-04:00,23.842300415039062,23.844999313354492,23.842300415039062,23.844999313354492,3162,0.0,0.0,0.0
2024-10-04 12:15:00-04:00,23.844999313354492,23.844999313354492,23.841299057006836,23.841299057006836,509,0.0,0.0,0.0
2024-10-04 12:25:00-04:00,23.844999313354492,23.854999542236328,23.844999313354492,23.854999542236328,10380,0.0,0.0,0.0
2024-10-04 12:35:00-04:00,23.85650062561035,23.85650062561035,23.85650062561035,23.85650062561035,1000,0.0,0.0,0.0
2024-10-04 12:40:00-04:00,23.854999542236328,23.854999542236328,23.854999542236328,23.854999542236328,140,0.0,0.0,0.0
2024-10-04 12:45:00-04:00,23.854999542236328,23.858999252319336,23.854999542236328,23.854999542236328,2689,0.0,0.0,0.0
2024-10-04 12:50:00-04:00,23.854999542236328,23.85810089111328,23.854999542236328,23.854999542236328,2909,0.0,0.0,0.0
2024-10-04 12:55:00-04:00,23.851499557495117,23.851499557495117,23.851499557495117,23.851499557495117,435,0.0,0.0,0.0
2024-10-04 13:00:00-04:00,23.859899520874023,23.859899520874023,23.854999542236328,23.854999542236328,1358,0.0,0.0,0.0
2024-10-04 13:05:00-04:00,23.854999542236328,23.854999542236328,23.851499557495117,23.851499557495117,1177,0.0,0.0,0.0
2024-10-04 13:10:00-04:00,23.854999542236328,23.854999542236328,23.850099563598633,23.850099563598633,448,0.0,0.0,0.0
2024-10-04 13:15:00-04:00,23.850099563598633,23.850099563598633,23.850099563598633,23.850099563598633,262,0.0,0.0,0.0
2024-10-04 13:20:00-04:00,23.854999542236328,23.854999542236328,23.854999542236328,23.854999542236328,1107,0.0,0.0,0.0
2024-10-04 13:25:00-04:00,23.854999542236328,23.854999542236328,23.854999542236328,23.854999542236328,401,0.0,0.0,0.0
2024-10-04 13:30:00-04:00,23.854999542236328,23.857900619506836,23.851499557495117,23.854999542236328,1826,0.0,0.0,0.0
2024-10-04 13:35:00-04:00,23.854999542236328,23.854999542236328,23.854999542236328,23.854999542236328,228,0.0,0.0,0.0
2024-10-04 13:45:00-04:00,23.850000381469727,23.854999542236328,23.850000381469727,23.850000381469727,10326,0.0,0.0,0.0
2024-10-04 13:55:00-04:00,23.851499557495117,23.851499557495117,23.851499557495117,23.851499557495117,319,0.0,0.0,0.0
2024-10-04 14:05:00-04:00,23.859899520874023,23.859899520874023,23.859899520874023,23.859899520874023,825,0.0,0.0,0.0
2024-10-04 14:15:00-04:00,23.851499557495117,23.851499557495117,23.851499557495117,23.851499557495117,851,0.0,0.0,0.0
2024-10-04 14:20:00-04:00,23.854299545288086,23.854299545288086,23.850000381469727,23.850000381469727,2315,0.0,0.0,0.0
2024-10-04 14:30:00-04:00,23.854999542236328,23.859899520874023,23.850000381469727,23.854999542236328,28210,0.0,0.0,0.0
2024-10-04 14:35:00-04:00,23.856000900268555,23.860000610351562,23.854999542236328,23.854999542236328,789,0.0,0.0,0.0
2024-10-04 14:40:00-04:00,23.851499557495117,23.8700008392334,23.851499557495117,23.860000610351562,287916,0.0,0.0,0.0
2024-10-04 14:45:00-04:00,23.864999771118164,23.8700008392334,23.860000610351562,23.864999771118164,332343,0.0,0.0,0.0
2024-10-04 14:50:00-04:00,23.864999771118164,23.8700008392334,23.864999771118164,23.864999771118164,6703,0.0,0.0,0.0
2024-10-04 14:55:00-04:00,23.864999771118164,23.8700008392334,23.864999771118164,23.864999771118164,4964,0.0,0.0,0.0
2024-10-04 15:00:00-04:00,23.864999771118164,23.864999771118164,23.864999771118164,23.864999771118164,265,0.0,0.0,0.0
2024-10-04 15:05:00-04:00,23.864999771118164,23.8700008392334,23.864999771118164,23.864999771118164,9389,0.0,0.0,0.0
2024-10-04 15:10:00-04:00,23.864999771118164,23.8700008392334,23.864999771118164,23.864999771118164,10652,0.0,0.0,0.0
2024-10-04 15:15:00-04:00,23.864999771118164,23.8700008392334,23.864999771118164,23.864999771118164,17198,0.0,0.0,0.0
2024-10-04 15:20:00-04:00,23.8700008392334,23.8700008392334,23.864999771118164,23.864999771118164,16301,0.0,0.0,0.0
2024-10-04 15:25:00-04:00,23.864999771118164,23.8700008392334,23.864999771118164,23.864999771118164,5106,0.0,0.0,0.0
2024-10-04 15:30:00-04:00,23.864999771118164,23.8700008392334,23.863000869750977,23.8700008392334,2877,0.0,0.0,0.0
2024-10-04 15:45:00-04:00,23.864999771118164,23.864999771118164,23.864999771118164,23.864999771118164,626,0.0,0.0,0.0
2024-10-04 15:50:00-04:00,23.864999771118164,23.864999771118164,23.864999771118164,23.864999771118164,2021,0.0,0.0,0.0
2024-10-04 15:55:00-04:00,23.864999771118164,23.864999771118164,23.860000610351562,23.860000610351562,3054,0.0,0.0,0.0
2024-10-07 09:30:00-04:00,23.889999389648438,23.889999389648438,23.860000610351562,23.864999771118164,42463,0.0,0.0,0.0
2024-10-07 09:35:00-04:00,23.864999771118164,23.8700008392334,23.864999771118164,23.864999771118164,6618,0.0,0.0,0.0
2024-10-07 09:40:00-04:00,23.86009979248047,23.864999771118164,23.86009979248047,23.86009979248047,12009,0.0,0.0,0.0
2024-10-07 09:45:00-04:00,23.864999771118164,23.869699478149414,23.864999771118164,23.869699478149414,5262,0.0,0.0,0.0
2024-10-07 09:55:00-04:00,23.864999771118164,23.864999771118164,23.864999771118164,23.864999771118164,501,0.0,0.0,0.0
2024-10-07 10:00:00-04:00,23.864999771118164,23.8700008392334,23.864999771118164,23.8700008392334,888,0.0,0.0,0.0
2024-10-07 10:05:00-04:00,23.8700008392334,23.8700008392334,23.866500854492188,23.866500854492188,1135,0.0,0.0,0.0
2024-10-07 10:10:00-04:00,23.8700008392334,23.8700008392334,23.8617000579834,23.8617000579834,558,0.0,0.0,0.0
2024-10-07 10:15:00-04:00,23.864999771118164,23.864999771118164,23.864999771118164,23.864999771118164,414,0.0,0.0,0.0
2024-10-07 10:25:00-04:00,23.864999771118164,23.864999771118164,23.864999771118164,23.864999771118164,1031,0.0,0.0,0.0
2024-10-07 10:30:00-04:00,23.864999771118164,23.864999771118164,23.864999771118164,23.864999771118164,153,0.0,0.0,0.0
2024-10-07 10:35:00-04:00,23.8700008392334,23.8700008392334,23.864999771118164,23.8700008392334,315,0.0,0.0,0.0
2024-10-07 10:45:00-04:00,23.864999771118164,23.864999771118164,23.864999771118164,23.864999771118164,201,0.0,0.0,0.0
2024-10-07 10:50:00-04:00,23.864999771118164,23.864999771118164,23.864999771118164,23.864999771118164,409,0.0,0.0,0.0
2024-10-07 11:00:00-04:00,23.864999771118164,23.864999771118164,23.864999771118164,23.864999771118164,179,0.0,0.0,0.0
2024-10-07 11:15:00-04:00,23.86009979248047,23.8700008392334,23.86009979248047,23.8700008392334,0,0.0,0.0,0.0
2024-10-07 11:20:00-04:00,23.875,23.875,23.875,23.875,78413,0.0,0.0,0.0
2024-10-07 11:25:00-04:00,23.875,23.875,23.870100021362305,23.870100021362305,1952,0.0,0.0,0.0
2024-10-07 11:30:00-04:00,23.875,23.875,23.875,23.875,241,0.0,0.0,0.0
2024-10-07 11:35:00-04:00,23.875,23.8799991607666,23.87019920349121,23.8799991607666,427,0.0,0.0,0.0
2024-10-07 11:40:00-04:00,23.875,23.875,23.875,23.875,206,0.0,0.0,0.0
2024-10-07 11:45:00-04:00,23.875,23.875,23.875,23.875,108,0.0,0.0,0.0
2024-10-07 12:05:00-04:00,23.875,23.875,23.875,23.875,771,0.0,0.0,0.0
2024-10-07 12:20:00-04:00,23.8700008392334,23.8700008392334,23.8700008392334,23.8700008392334,343,0.0,0.0,0.0
2024-10-07 12:25:00-04:00,23.8799991607666,23.8799991607666,23.875,23.875,1300,0.0,0.0,0.0
2024-10-07 12:30:00-04:00,23.875900268554688,23.87980079650879,23.875,23.875,10631,0.0,0.0,0.0
2024-10-07 12:35:00-04:00,23.875,23.875,23.875,23.875,3215,0.0,0.0,0.0
2024-10-07 12:40:00-04:00,23.875,23.875,23.875,23.875,512,0.0,0.0,0.0
2024-10-07 12:45:00-04:00,23.8710994720459,23.875,23.8710994720459,23.875,889,0.0,0.0,0.0
2024-10-07 12:55:00-04:00,23.875,23.879899978637695,23.875,23.879899978637695,1547,0.0,0.0,0.0
2024-10-07 13:00:00-04:00,23.87150001525879,23.8799991607666,23.8700008392334,23.875,6591,0.0,0.0,0.0
2024-10-07 13:05:00-04:00,23.879899978637695,23.879899978637695,23.8700008392334,23.8700008392334,5472,0.0,0.0,0.0
2024-10-07 13:10:00-04:00,23.87150001525879,23.87150001525879,23.87150001525879,23.87150001525879,0,0.0,0.0,0.0
2024-10-07 13:15:00-04:00,23.875,23.875,23.875,23.875,113744,0.0,0.0,0.0
2024-10-07 13:20:00-04:00,23.87969970703125,23.87969970703125,23.876399993896484,23.876399993896484,572,0.0,0.0,0.0
2024-10-07 13:25:00-04:00,23.875,23.87980079650879,23.875,23.875,1247,0.0,0.0,0.0
2024-10-07 13:30:00-04:00,23.875,23.875,23.87150001525879,23.875,2559,0.0,0.0,0.0
2024-10-07 13:35:00-04:00,23.875,23.878999710083008,23.87150001525879,23.874000549316406,2621,0.0,0.0,0.0
2024-10-07 13:40:00-04:00,23.875,23.875,23.875,23.875,276,0.0,0.0,0.0
2024-10-07 13:45:00-04:00,23.875,23.875,23.870100021362305,23.87150001525879,9732,0.0,0.0,0.0
2024-10-07 13:50:00-04:00,23.875,23.87649917602539,23.875,23.87649917602539,2807,0.0,0.0,0.0
2024-10-07 13:55:00-04:00,23.875,23.875,23.875,23.875,100,0.0,0.0,0.0
2024-10-07 14:00:00-04:00,23.875,23.875,23.872100830078125,23.872100830078125,929,0.0,0.0,0.0
2024-10-07 14:05:00-04:00,23.875,23.875,23.87150001525879,23.87150001525879,800,0.0,0.0,0.0
2024-10-07 14:10:00-04:00,23.875,23.879899978637695,23.875,23.875,8323,0.0,0.0,0.0
2024-10-07 14:15:00-04:00,23.875,23.875,23.875,23.875,137,0.0,0.0,0.0
2024-10-07 14:20:00-04:00,23.875,23.879899978637695,23.875,23.879899978637695,1906,0.0,0.0,0.0
2024-10-07 14:25:00-04:00,23.87150001525879,23.875,23.87150001525879,23.875,1037,0.0,0.0,0.0
2024-10-07 14:35:00-04:00,23.875,23.87980079650879,23.8700008392334,23.871599197387695,4507,0.0,0.0,0.0
2024-10-07 14:40:00-04:00,23.875,23.876699447631836,23.875,23.875,1971,0.0,0.0,0.0
2024-10-07 14:45:00-04:00,23.8799991607666,23.8799991607666,23.8799991607666,23.8799991607666,307,0.0,0.0,0.0
2024-10-07 14:50:00-04:00,23.875,23.876399993896484,23.875,23.875,3143,0.0,0.0,0.0
2024-10-07 14:55:00-04:00,23.87150001525879,23.8799991607666,23.8700008392334,23.879899978637695,19615,0.0,0.0,0.0
2024-10-07 15:00:00-04:00,23.875,23.87980079650879,23.87150001525879,23.87980079650879,5322,0.0,0.0,0.0
2024-10-07 15:05:00-04:00,23.875,23.879899978637695,23.875,23.875,4149,0.0,0.0,0.0
2024-10-07 15:10:00-04:00,23.875,23.8799991607666,23.875,23.8799991607666,722,0.0,0.0,0.0
2024-10-07 15:15:00-04:00,23.875,23.87969970703125,23.864999771118164,23.864999771118164,12366,0.0,0.0,0.0
2024-10-07 15:20:00-04:00,23.864999771118164,23.864999771118164,23.864999771118164,23.864999771118164,0,0.0,0.0,0.0
2024-10-07 15:30:00-04:00,23.864999771118164,23.864999771118164,23.864999771118164,23.864999771118164,203233,0.0,0.0,0.0
2024-10-07 15:40:00-04:00,23.864999771118164,23.864999771118164,23.864999771118164,23.864999771118164,207,0.0,0.0,0.0
2024-10-07 15:45:00-04:00,23.864999771118164,23.8700008392334,23.864999771118164,23.8700008392334,8203,0.0,0.0,0.0
2024-10-07 15:50:00-04:00,23.861299514770508,23.864999771118164,23.861299514770508,23.864999771118164,5368,0.0,0.0,0.0
2024-10-07 15:55:00-04:00,23.864999771118164,23.8700008392334,23.860000610351562,23.8700008392334,5097,0.0,0.0,0.0
2024-10-08 09:30:00-04:00,23.889999389648438,23.889999389648438,23.870100021362305,23.875,10645,0.0,0.0,0.0
2024-10-08 09:35:00-04:00,23.875,23.879899978637695,23.8710994720459,23.875,5626,0.0,0.0,0.0
2024-10-08 09:40:00-04:00,23.875,23.875,23.875,23.875,1714,0.0,0.0,0.0
2024-10-08 09:45:00-04:00,23.8700008392334,23.8799991607666,23.8700008392334,23.8799991607666,4123,0.0,0.0,0.0
2024-10-08 09:50:00-04:00,23.8799991607666,23.8799991607666,23.875,23.875,255,0.0,0.0,0.0
2024-10-08 09:55:00-04:00,23.875,23.8799991607666,23.872499465942383,23.872499465942383,512,0.0,0.0,0.0
2024-10-08 10:00:00-04:00,23.8799991607666,23.8799991607666,23.8700008392334,23.875,692,0.0,0.0,0.0
2024-10-08 10:05:00-04:00,23.87150001525879,23.875,23.87150001525879,23.875,1696,0.0,0.0,0.0
2024-10-08 10:10:00-04:00,23.875,23.875,23.875,23.875,214,0.0,0.0,0.0
2024-10-08 10:15:00-04:00,23.875,23.876699447631836,23.875,23.876699447631836,1630,0.0,0.0,0.0
2024-10-08 10:30:00-04:00,23.876100540161133,23.876300811767578,23.876100540161133,23.876300811767578,392,0.0,0.0,0.0
2024-10-08 10:35:00-04:00,23.876100540161133,23.876100540161133,23.876100540161133,23.876100540161133,184,0.0,0.0,0.0
2024-10-08 10:50:00-04:00,23.878400802612305,23.8799991607666,23.878400802612305,23.8799991607666,2901,0.0,0.0,0.0
2024-10-08 10:55:00-04:00,23.87150001525879,23.878999710083008,23.8700008392334,23.875,11493,0.0,0.0,0.0
2024-10-08 11:00:00-04:00,23.875,23.876100540161133,23.875,23.875,701,0.0,0.0,0.0
2024-10-08 11:05:00-04:00,23.8700008392334,23.8799991607666,23.8700008392334,23.875,39055,0.0,0.0,0.0
2024-10-08 11:10:00-04:00,23.87150001525879,23.875,23.87150001525879,23.875,220,0.0,0.0,0.0
2024-10-08 11:15:00-04:00,23.875,23.8799991607666,23.87150001525879,23.879899978637695,44008,0.0,0.0,0.0
2024-10-08 11:20:00-04:00,23.87150001525879,23.875,23.87150001525879,23.875,3302,0.0,0.0,0.0
2024-10-08 11:25:00-04:00,23.874300003051758,23.875,23.8700008392334,23.875,51329,0.0,0.0,0.0
2024-10-08 11:30:00-04:00,23.875,23.875,23.875,23.875,191,0.0,0.0,0.0
2024-10-08 11:40:00-04:00,23.876300811767578,23.8799991607666,23.87150001525879,23.875,48311,0.0,0.0,0.0
2024-10-08 11:45:00-04:00,23.875,23.875,23.875,23.875,147,0.0,0.0,0.0
2024-10-08 11:50:00-04:00,23.875,23.8799991607666,23.875,23.8799991607666,1014,0.0,0.0,0.0
2024-10-08 11:55:00-04:00,23.875,23.875,23.875,23.875,430,0.0,0.0,0.0
2024-10-08 12:10:00-04:00,23.879199981689453,23.879199981689453,23.879199981689453,23.879199981689453,129,0.0,0.0,0.0
2024-10-08 12:20:00-04:00,23.877199172973633,23.8799991607666,23.871299743652344,23.8799991607666,11385,0.0,0.0,0.0
2024-10-08 12:35:00-04:00,23.87150001525879,23.8799991607666,23.87150001525879,23.8799991607666,26774,0.0,0.0,0.0
2024-10-08 12:50:00-04:00,23.879899978637695,23.879899978637695,23.879899978637695,23.879899978637695,4325,0.0,0.0,0.0
2024-10-08 13:05:00-04:00,23.8799991607666,23.8799991607666,23.879899978637695,23.879899978637695,1695,0.0,0.0,0.0
2024-10-08 13:10:00-04:00,23.87969970703125,23.87969970703125,23.87969970703125,23.87969970703125,410,0.0,0.0,0.0
2024-10-08 13:20:00-04:00,23.8799991607666,23.8799991607666,23.87150001525879,23.8799991607666,30690,0.0,0.0,0.0
2024-10-08 13:25:00-04:00,23.87649917602539,23.87649917602539,23.87649917602539,23.87649917602539,103,0.0,0.0,0.0
2024-10-08 13:35:00-04:00,23.8799991607666,23.8799991607666,23.8700008392334,23.876300811767578,5674,0.0,0.0,0.0
2024-10-08 13:45:00-04:00,23.870100021362305,23.870100021362305,23.870100021362305,23.870100021362305,210,0.0,0.0,0.0
2024-10-08 13:50:00-04:00,23.8799991607666,23.8799991607666,23.87660026550293,23.87660026550293,1434,0.0,0.0,0.0
2024-10-08 13:55:00-04:00,23.8799991607666,23.8799991607666,23.875200271606445,23.875200271606445,2172,0.0,0.0,0.0
2024-10-08 14:05:00-04:00,23.87700080871582,23.8799991607666,23.870100021362305,23.8799991607666,4766,0.0,0.0,0.0
2024-10-08 14:25:00-04:00,23.877399444580078,23.8799991607666,23.87150001525879,23.87660026550293,13589,0.0,0.0,0.0
2024-10-08 14:30:00-04:00,23.873600006103516,23.8799991607666,23.873600006103516,23.8799991607666,10246,0.0,0.0,0.0
2024-10-08 14:40:00-04:00,23.8799991607666,23.8799991607666,23.8799991607666,23.8799991607666,244,0.0,0.0,0.0
2024-10-08 14:50:00-04:00,23.875,23.875,23.875,23.875,957,0.0,0.0,0.0
2024-10-08 14:55:00-04:00,23.875,23.875,23.875,23.875,745,0.0,0.0,0.0
2024-10-08 15:10:00-04:00,23.876399993896484,23.876399993896484,23.876399993896484,23.876399993896484,314,0.0,0.0,0.0
2024-10-08 15:15:00-04:00,23.875,23.875,23.875,23.875,187,0.0,0.0,0.0
2024-10-08 15:20:00-04:00,23.875,23.875,23.8700008392334,23.8700008392334,2525,0.0,0.0,0.0
2024-10-08 15:40:00-04:00,23.875999450683594,23.875999450683594,23.875999450683594,23.875999450683594,489,0.0,0.0,0.0
2024-10-08 15:50:00-04:00,23.875,23.875,23.875,23.875,378,0.0,0.0,0.0
2024-10-08 15:55:00-04:00,23.8799991607666,23.8799991607666,23.875,23.875,698810,0.0,0.0,0.0
2024-10-09 09:30:00-04:00,23.899999618530273,23.899999618530273,23.881500244140625,23.881500244140625,0,0.0,0.0,0.0
2024-10-09 09:35:00-04:00,23.889999389648438,23.889999389648438,23.889999389648438,23.889999389648438,456,0.0,0.0,0.0
2024-10-09 09:40:00-04:00,23.889999389648438,23.889999389648438,23.889999389648438,23.889999389648438,189,0.0,0.0,0.0
2024-10-09 09:45:00-04:00,23.885700225830078,23.889999389648438,23.883499145507812,23.883499145507812,734,0.0,0.0,0.0
2024-10-09 09:50:00-04:00,23.889999389648438,23.889999389648438,23.889999389648438,23.889999389648438,600,0.0,0.0,0.0
2024-10-09 09:55:00-04:00,23.889999389648438,23.889999389648438,23.88520050048828,23.889999389648438,1392,0.0,0.0,0.0
2024-10-09 10:00:00-04:00,23.895000457763672,23.895000457763672,23.895000457763672,23.895000457763672,109,0.0,0.0,0.0
2024-10-09 10:05:00-04:00,23.895000457763672,23.895000457763672,23.895000457763672,23.895000457763672,615,0.0,0.0,0.0
2024-10-09 10:10:00-04:00,23.895000457763672,23.895000457763672,23.895000457763672,23.895000457763672,111,0.0,0.0,0.0
2024-10-09 10:15:00-04:00,23.895000457763672,23.895000457763672,23.895000457763672,23.895000457763672,905,0.0,0.0,0.0
2024-10-09 10:20:00-04:00,23.895000457763672,23.899900436401367,23.895000457763672,23.895000457763672,11811,0.0,0.0,0.0
2024-10-09 10:25:00-04:00,23.89310073852539,23.89310073852539,23.89310073852539,23.89310073852539,259,0.0,0.0,0.0
2024-10-09 10:30:00-04:00,23.899900436401367,23.899900436401367,23.895000457763672,23.895000457763672,5260,0.0,0.0,0.0
2024-10-09 10:35:00-04:00,23.895000457763672,23.8981990814209,23.895000457763672,23.8981990814209,3479,0.0,0.0,0.0
2024-10-09 10:55:00-04:00,23.895000457763672,23.895000457763672,23.895000457763672,23.895000457763672,113,0.0,0.0,0.0
2024-10-09 11:05:00-04:00,23.895000457763672,23.899999618530273,23.890100479125977,23.896799087524414,13699,0.0,0.0,0.0
2024-10-09 11:10:00-04:00,23.895000457763672,23.89900016784668,23.893699645996094,23.895000457763672,15170,0.0,0.0,0.0
2024-10-09 11:15:00-04:00,23.895000457763672,23.895000457763672,23.895000457763672,23.895000457763672,946,0.0,0.0,0.0
2024-10-09 11:35:00-04:00,23.895000457763672,23.895000457763672,23.895000457763672,23.895000457763672,134,0.0,0.0,0.0
2024-10-09 11:45:00-04:00,23.899900436401367,23.899900436401367,23.899900436401367,23.899900436401367,139,0.0,0.0,0.0
2024-10-09 11:50:00-04:00,23.895000457763672,23.895000457763672,23.895000457763672,23.895000457763672,206,0.0,0.0,0.0
2024-10-09 11:55:00-04:00,23.899999618530273,23.899999618530273,23.895000457763672,23.895000457763672,1172,0.0,0.0,0.0
2024-10-09 12:00:00-04:00,23.895000457763672,23.895000457763672,23.889999389648438,23.889999389648438,1411,0.0,0.0,0.0
2024-10-09 12:05:00-04:00,23.895000457763672,23.895000457763672,23.895000457763672,23.895000457763672,686,0.0,0.0,0.0
2024-10-09 12:10:00-04:00,23.895000457763672,23.899900436401367,23.895000457763672,23.899900436401367,2184,0.0,0.0,0.0
2024-10-09 12:25:00-04:00,23.895299911499023,23.895299911499023,23.895000457763672,23.895000457763672,1205,0.0,0.0,0.0
2024-10-09 12:40:00-04:00,23.895000457763672,23.895000457763672,23.895000457763672,23.895000457763672,100,0.0,0.0,0.0
2024-10-09 12:45:00-04:00,23.89620018005371,23.89620018005371,23.894800186157227,23.894800186157227,548,0.0,0.0,0.0
2024-10-09 12:50:00-04:00,23.89349937438965,23.89349937438965,23.89349937438965,23.89349937438965,848,0.0,0.0,0.0
2024-10-09 12:55:00-04:00,23.892099380493164,23.892099380493164,23.892099380493164,23.892099380493164,1546,0.0,0.0,0.0
2024-10-09 13:00:00-04:00,23.895000457763672,23.895000457763672,23.895000457763672,23.895000457763672,609,0.0,0.0,0.0
2024-10-09 13:05:00-04:00,23.89349937438965,23.89349937438965,23.89349937438965,23.89349937438965,121,0.0,0.0,0.0
2024-10-09 13:10:00-04:00,23.892799377441406,23.899900436401367,23.892799377441406,23.895000457763672,16797,0.0,0.0,0.0
2024-10-09 13:15:00-04:00,23.89150047302246,23.899999618530273,23.89150047302246,23.899999618530273,68986,0.0,0.0,0.0
2024-10-09 13:25:00-04:00,23.895000457763672,23.895000457763672,23.895000457763672,23.895000457763672,509,0.0,0.0,0.0
2024-10-09 13:30:00-04:00,23.895000457763672,23.895000457763672,23.895000457763672,23.895000457763672,512,0.0,0.0,0.0
2024-10-09 13:40:00-04:00,23.89900016784668,23.89900016784668,23.896299362182617,23.8966007232666,2108,0.0,0.0,0.0
2024-10-09 13:45:00-04:00,23.89900016784668,23.89900016784668,23.89900016784668,23.89900016784668,503,0.0,0.0,0.0
2024-10-09 14:05:00-04:00,23.899999618530273,23.899999618530273,23.899999618530273,23.899999618530273,103,0.0,0.0,0.0
2024-10-09 14:10:00-04:00,23.899999618530273,23.899999618530273,23.899999618530273,23.899999618530273,288,0.0,0.0,0.0
2024-10-09 14:25:00-04:00,23.89900016784668,23.89900016784668,23.89900016784668,23.89900016784668,1209,0.0,0.0,0.0
2024-10-09 14:35:00-04:00,23.89900016784668,23.899900436401367,23.89900016784668,23.899900436401367,979,0.0,0.0,0.0
2024-10-09 14:40:00-04:00,23.89310073852539,23.89310073852539,23.89310073852539,23.89310073852539,509,0.0,0.0,0.0
2024-10-09 14:45:00-04:00,23.89150047302246,23.899999618530273,23.89150047302246,23.899999618530273,1343,0.0,0.0,0.0
2024-10-09 14:55:00-04:00,23.899799346923828,23.899799346923828,23.899799346923828,23.899799346923828,1110,0.0,0.0,0.0
2024-10-09 15:05:00-04:00,23.899999618530273,23.899999618530273,23.899900436401367,23.899999618530273,4417,0.0,0.0,0.0
2024-10-09 15:10:00-04:00,23.899999618530273,23.899999618530273,23.899900436401367,23.899900436401367,2238,0.0,0.0,0.0
2024-10-09 15:15:00-04:00,23.899999618530273,23.899999618530273,23.899999618530273,23.899999618530273,291,0.0,0.0,0.0
2024-10-09 15:20:00-04:00,23.890100479125977,23.890100479125977,23.890100479125977,23.890100479125977,405,0.0,0.0,0.0
2024-10-09 15:25:00-04:00,23.899999618530273,23.899999618530273,23.899900436401367,23.899900436401367,1597,0.0,0.0,0.0
2024-10-09 15:30:00-04:00,23.896299362182617,23.899999618530273,23.896299362182617,23.896400451660156,5354,0.0,0.0,0.0
2024-10-09 15:35:00-04:00,23.899999618530273,23.899999618530273,23.896299362182617,23.8966007232666,2083,0.0,0.0,0.0
2024-10-09 15:40:00-04:00,23.899999618530273,23.899999618530273,23.899900436401367,23.899900436401367,321,0.0,0.0,0.0
2024-10-09 15:45:00-04:00,23.895000457763672,23.899999618530273,23.895000457763672,23.896299362182617,2110,0.0,0.0,0.0
2024-10-09 15:50:00-04:00,23.890100479125977,23.890100479125977,23.890100479125977,23.890100479125977,179,0.0,0.0,0.0
2024-10-09 15:55:00-04:00,23.899999618530273,23.899999618530273,23.899900436401367,23.899999618530273,2090,0.0,0.0,0.0
2024-10-10 09:30:00-04:00,23.899999618530273,23.90999984741211,23.899999618530273,23.90999984741211,0,0.0,0.0,0.0
2024-10-10 09:35:00-04:00,23.915000915527344,23.915000915527344,23.90999984741211,23.90999984741211,1065,0.0,0.0,0.0
2024-10-10 09:40:00-04:00,23.911100387573242,23.915000915527344,23.911100387573242,23.915000915527344,215,0.0,0.0,0.0
2024-10-10 09:45:00-04:00,23.915000915527344,23.915000915527344,23.915000915527344,23.915000915527344,1360,0.0,0.0,0.0
2024-10-10 09:55:00-04:00,23.915000915527344,23.915000915527344,23.915000915527344,23.915000915527344,1800,0.0,0.0,0.0
2024-10-10 10:05:00-04:00,23.915000915527344,23.920000076293945,23.915000915527344,23.915000915527344,2485,0.0,0.0,0.0
2024-10-10 10:10:00-04:00,23.911100387573242,23.915000915527344,23.911100387573242,23.915000915527344,405,0.0,0.0,0.0
2024-10-10 10:15:00-04:00,23.917699813842773,23.917699813842773,23.915000915527344,23.915000915527344,2115,0.0,0.0,0.0
2024-10-10 10:20:00-04:00,23.91010093688965,23.91010093688965,23.91010093688965,23.91010093688965,429,0.0,0.0,0.0
2024-10-10 10:25:00-04:00,23.915000915527344,23.915000915527344,23.913299560546875,23.913299560546875,1652,0.0,0.0,0.0
2024-10-10 10:30:00-04:00,23.915000915527344,23.915000915527344,23.915000915527344,23.915000915527344,679,0.0,0.0,0.0
2024-10-10 10:35:00-04:00,23.915000915527344,23.915000915527344,23.915000915527344,23.915000915527344,1224,0.0,0.0,0.0
2024-10-10 10:40:00-04:00,23.915000915527344,23.915000915527344,23.915000915527344,23.915000915527344,217,0.0,0.0,0.0
2024-10-10 10:45:00-04:00,23.915000915527344,23.915000915527344,23.915000915527344,23.915000915527344,391,0.0,0.0,0.0
2024-10-10 10:55:00-04:00,23.915000915527344,23.915000915527344,23.915000915527344,23.915000915527344,866,0.0,0.0,0.0
2024-10-10 11:00:00-04:00,23.915000915527344,23.915000915527344,23.915000915527344,23.915000915527344,8963,0.0,0.0,0.0
2024-10-10 11:05:00-04:00,23.915000915527344,23.920000076293945,23.915000915527344,23.91659927368164,3314,0.0,0.0,0.0
2024-10-10 11:15:00-04:00,23.920000076293945,23.920000076293945,23.920000076293945,23.920000076293945,306,0.0,0.0,0.0
2024-10-10 11:20:00-04:00,23.920000076293945,23.920000076293945,23.912750244140625,23.912750244140625,2837,0.0,0.0,0.0
2024-10-10 11:25:00-04:00,23.911100387573242,23.924999237060547,23.911100387573242,23.924999237060547,24101,0.0,0.0,0.0
2024-10-10 11:30:00-04:00,23.924999237060547,23.924999237060547,23.921100616455078,23.921100616455078,795,0.0,0.0,0.0
2024-10-10 11:35:00-04:00,23.924999237060547,23.924999237060547,23.924999237060547,23.924999237060547,3366,0.0,0.0,0.0
2024-10-10 11:40:00-04:00,23.924999237060547,23.924999237060547,23.924999237060547,23.924999237060547,262,0.0,0.0,0.0
2024-10-10 11:45:00-04:00,23.924999237060547,23.924999237060547,23.924999237060547,23.924999237060547,11646,0.0,0.0,0.0
2024-10-10 11:50:00-04:00,23.924999237060547,23.924999237060547,23.924999237060547,23.924999237060547,153,0.0,0.0,0.0
2024-10-10 11:55:00-04:00,23.924999237060547,23.929899215698242,23.921100616455078,23.924999237060547,36243,0.0,0.0,0.0
2024-10-10 12:00:00-04:00,23.924999237060547,23.93000030517578,23.924999237060547,23.924999237060547,54790,0.0,0.0,0.0
2024-10-10 12:05:00-04:00,23.924999237060547,23.924999237060547,23.924999237060547,23.924999237060547,1223,0.0,0.0,0.0
2024-10-10 12:10:00-04:00,23.924999237060547,23.924999237060547,23.924999237060547,23.924999237060547,501,0.0,0.0,0.0
2024-10-10 12:15:00-04:00,23.924999237060547,23.93000030517578,23.921100616455078,23.924999237060547,50479,0.0,0.0,0.0
2024-10-10 12:20:00-04:00,23.924999237060547,23.924999237060547,23.924999237060547,23.924999237060547,1903,0.0,0.0,0.0
2024-10-10 12:30:00-04:00,23.924999237060547,23.924999237060547,23.92009925842285,23.924999237060547,12623,0.0,0.0,0.0
2024-10-10 12:35:00-04:00,23.9281005859375,23.93000030517578,23.921100616455078,23.927000045776367,24959,0.0,0.0,0.0
2024-10-10 12:45:00-04:00,23.924999237060547,23.924999237060547,23.924999237060547,23.924999237060547,161,0.0,0.0,0.0
2024-10-10 12:50:00-04:00,23.924999237060547,23.924999237060547,23.924999237060547,23.924999237060547,1169,0.0,0.0,0.0
2024-10-10 12:55:00-04:00,23.924999237060547,23.924999237060547,23.921100616455078,23.921100616455078,5604,0.0,0.0,0.0
2024-10-10 13:00:00-04:00,23.921100616455078,23.924999237060547,23.921100616455078,23.924999237060547,3217,0.0,0.0,0.0
2024-10-10 13:05:00-04:00,23.924999237060547,23.924999237060547,23.924999237060547,23.924999237060547,2754,0.0,0.0,0.0
2024-10-10 13:10:00-04:00,23.929800033569336,23.929899215698242,23.921100616455078,23.924999237060547,4593,0.0,0.0,0.0
2024-10-10 13:15:00-04:00,23.924999237060547,23.929899215698242,23.923200607299805,23.923200607299805,13400,0.0,0.0,0.0
2024-10-10 13:30:00-04:00,23.921100616455078,23.924999237060547,23.921100616455078,23.924999237060547,1130,0.0,0.0,0.0
2024-10-10 13:40:00-04:00,23.924999237060547,23.924999237060547,23.924999237060547,23.924999237060547,339,0.0,0.0,0.0
2024-10-10 13:50:00-04:00,23.921100616455078,23.93000030517578,23.921100616455078,23.924999237060547,72763,0.0,0.0,0.0
2024-10-10 13:55:00-04:00,23.924999237060547,23.924999237060547,23.924999237060547,23.924999237060547,723,0.0,0.0,0.0
2024-10-10 14:05:00-04:00,23.924999237060547,23.93000030517578,23.924999237060547,23.924999237060547,148309,0.0,0.0,0.0
2024-10-10 14:15:00-04:00,23.924999237060547,23.93000030517578,23.924999237060547,23.93000030517578,8828,0.0,0.0,0.0
2024-10-10 14:25:00-04:00,23.92329978942871,23.92329978942871,23.92329978942871,23.92329978942871,165,0.0,0.0,0.0
2024-10-10 14:30:00-04:00,23.924999237060547,23.924999237060547,23.924999237060547,23.924999237060547,492,0.0,0.0,0.0
2024-10-10 14:40:00-04:00,23.93000030517578,23.93000030517578,23.920000076293945,23.920000076293945,30344,0.0,0.0,0.0
2024-10-10 14:45:00-04:00,23.915000915527344,23.915000915527344,23.915000915527344,23.915000915527344,415,0.0,0.0,0.0
2024-10-10 14:50:00-04:00,23.9197998046875,23.9197998046875,23.911100387573242,23.911100387573242,1820,0.0,0.0,0.0
2024-10-10 14:55:00-04:00,23.915000915527344,23.915000915527344,23.915000915527344,23.915000915527344,3412,0.0,0.0,0.0
2024-10-10 15:00:00-04:00,23.915000915527344,23.92970085144043,23.915000915527344,23.92970085144043,42284,0.0,0.0,0.0
2024-10-10 15:05:00-04:00,23.924999237060547,23.924999237060547,23.924999237060547,23.924999237060547,780,0.0,0.0,0.0
2024-10-10 15:10:00-04:00,23.924999237060547,23.924999237060547,23.920000076293945,23.924999237060547,15580,0.0,0.0,0.0
2024-10-10 15:20:00-04:00,23.924999237060547,23.93000030517578,23.921100616455078,23.93000030517578,48181,0.0,0.0,0.0
2024-10-10 15:30:00-04:00,23.924999237060547,23.924999237060547,23.924999237060547,23.924999237060547,2007,0.0,0.0,0.0
2024-10-10 15:35:00-04:00,23.924999237060547,23.924999237060547,23.921300888061523,23.921300888061523,13389,0.0,0.0,0.0
2024-10-10 15:40:00-04:00,23.924999237060547,23.924999237060547,23.923599243164062,23.923599243164062,1540,0.0,0.0,0.0
2024-10-10 15:45:00-04:00,23.924999237060547,23.924999237060547,23.924999237060547,23.924999237060547,10759,0.0,0.0,0.0
2024-10-10 15:55:00-04:00,23.93000030517578,23.959999084472656,23.924999237060547,23.93000030517578,23135,0.0,0.0,0.0
2024-10-11 09:30:00-04:00,23.959999084472656,23.959999084472656,23.950000762939453,23.950000762939453,2061,0.0,0.0,0.0
2024-10-11 09:35:00-04:00,23.950000762939453,23.959800720214844,23.94499969482422,23.94499969482422,766,0.0,0.0,0.0
2024-10-11 09:40:00-04:00,23.94499969482422,23.947200775146484,23.94499969482422,23.94499969482422,1228,0.0,0.0,0.0
2024-10-11 09:45:00-04:00,23.94499969482422,23.94499969482422,23.940900802612305,23.940900802612305,580,0.0,0.0,0.0
2024-10-11 09:50:00-04:00,23.94499969482422,23.94499969482422,23.94499969482422,23.94499969482422,1560,0.0,0.0,0.0
2024-10-11 09:55:00-04:00,23.94499969482422,23.954999923706055,23.94499969482422,23.954999923706055,10215,0.0,0.0,0.0
2024-10-11 10:00:00-04:00,23.951099395751953,23.954999923706055,23.951099395751953,23.954999923706055,630,0.0,0.0,0.0
2024-10-11 10:05:00-04:00,23.950899124145508,23.959999084472656,23.950899124145508,23.954999923706055,3625,0.0,0.0,0.0
2024-10-11 10:10:00-04:00,23.95669937133789,23.959999084472656,23.95669937133789,23.959999084472656,2750,0.0,0.0,0.0
2024-10-11 10:15:00-04:00,23.95009994506836,23.954999923706055,23.95009994506836,23.954999923706055,601,0.0,0.0,0.0
2024-10-11 10:20:00-04:00,23.9512996673584,23.955299377441406,23.9512996673584,23.955299377441406,598,0.0,0.0,0.0
2024-10-11 10:25:00-04:00,23.954999923706055,23.959999084472656,23.950899124145508,23.959999084472656,13493,0.0,0.0,0.0
2024-10-11 10:30:00-04:00,23.95009994506836,23.959999084472656,23.95009994506836,23.954999923706055,4030,0.0,0.0,0.0
2024-10-11 10:35:00-04:00,23.954999923706055,23.954999923706055,23.954999923706055,23.954999923706055,250,0.0,0.0,0.0
2024-10-11 10:40:00-04:00,23.954999923706055,23.954999923706055,23.954999923706055,23.954999923706055,964,0.0,0.0,0.0
2024-10-11 10:45:00-04:00,23.954999923706055,23.954999923706055,23.954999923706055,23.954999923706055,1191,0.0,0.0,0.0
2024-10-11 10:50:00-04:00,23.954999923706055,23.954999923706055,23.954999923706055,23.954999923706055,443,0.0,0.0,0.0
2024-10-11 11:00:00-04:00,23.954999923706055,23.95989990234375,23.950899124145508,23.954999923706055,10943,0.0,0.0,0.0
2024-10-11 11:05:00-04:00,23.954999923706055,23.959699630737305,23.950899124145508,23.954999923706055,3942,0.0,0.0,0.0
2024-10-11 11:10:00-04:00,23.954999923706055,23.954999923706055,23.954999923706055,23.954999923706055,1232,0.0,0.0,0.0
2024-10-11 11:15:00-04:00,23.954999923706055,23.95989990234375,23.95330047607422,23.95330047607422,5686,0.0,0.0,0.0
2024-10-11 11:20:00-04:00,23.954999923706055,23.95989990234375,23.950899124145508,23.950899124145508,13288,0.0,0.0,0.0
2024-10-11 11:25:00-04:00,23.950899124145508,23.954999923706055,23.950899124145508,23.953100204467773,1393,0.0,0.0,0.0
2024-10-11 11:30:00-04:00,23.95989990234375,23.95989990234375,23.95989990234375,23.95989990234375,199,0.0,0.0,0.0
2024-10-11 11:35:00-04:00,23.957599639892578,23.957599639892578,23.950899124145508,23.950899124145508,1498,0.0,0.0,0.0
2024-10-11 11:45:00-04:00,23.954999923706055,23.954999923706055,23.954999923706055,23.954999923706055,1704,0.0,0.0,0.0
2024-10-11 11:50:00-04:00,23.95009994506836,23.954999923706055,23.95009994506836,23.954999923706055,1461,0.0,0.0,0.0
2024-10-11 11:55:00-04:00,23.952999114990234,23.959699630737305,23.952999114990234,23.959699630737305,693,0.0,0.0,0.0
2024-10-11 12:05:00-04:00,23.954999923706055,23.954999923706055,23.950899124145508,23.950899124145508,678,0.0,0.0,0.0
2024-10-11 12:15:00-04:00,23.954999923706055,23.95989990234375,23.950899124145508,23.954999923706055,22594,0.0,0.0,0.0
2024-10-11 12:25:00-04:00,23.954999923706055,23.954999923706055,23.950899124145508,23.950899124145508,1209,0.0,0.0,0.0
2024-10-11 12:30:00-04:00,23.954999923706055,23.954999923706055,23.954999923706055,23.954999923706055,1064,0.0,0.0,0.0
2024-10-11 12:40:00-04:00,23.954999923706055,23.954999923706055,23.954999923706055,23.954999923706055,1031,0.0,0.0,0.0
2024-10-11 12:50:00-04:00,23.954999923706055,23.954999923706055,23.954999923706055,23.954999923706055,343,0.0,0.0,0.0
2024-10-11 13:00:00-04:00,23.954999923706055,23.954999923706055,23.954999923706055,23.954999923706055,382,0.0,0.0,0.0
2024-10-11 13:05:00-04:00,23.954999923706055,23.954999923706055,23.954999923706055,23.954999923706055,979,0.0,0.0,0.0
2024-10-11 13:10:00-04:00,23.954999923706055,23.954999923706055,23.954999923706055,23.954999923706055,315,0.0,0.0,0.0
2024-10-11 13:15:00-04:00,23.954999923706055,23.95669937133789,23.954999923706055,23.954999923706055,2934,0.0,0.0,0.0
2024-10-11 13:20:00-04:00,23.954999923706055,23.954999923706055,23.954999923706055,23.954999923706055,408,0.0,0.0,0.0
2024-10-11 13:25:00-04:00,23.954999923706055,23.954999923706055,23.954999923706055,23.954999923706055,270,0.0,0.0,0.0
2024-10-11 13:30:00-04:00,23.954999923706055,23.954999923706055,23.954999923706055,23.954999923706055,178,0.0,0.0,0.0
2024-10-11 13:35:00-04:00,23.954999923706055,23.954999923706055,23.954999923706055,23.954999923706055,954,0.0,0.0,0.0
2024-10-11 13:40:00-04:00,23.954999923706055,23.954999923706055,23.954999923706055,23.954999923706055,235,0.0,0.0,0.0
2024-10-11 13:45:00-04:00,23.954999923706055,23.954999923706055,23.953100204467773,23.953100204467773,286,0.0,0.0,0.0
2024-10-11 13:50:00-04:00,23.954999923706055,23.954999923706055,23.954999923706055,23.954999923706055,101,0.0,0.0,0.0
2024-10-11 13:55:00-04:00,23.954999923706055,23.954999923706055,23.954999923706055,23.954999923706055,178,0.0,0.0,0.0
2024-10-11 14:00:00-04:00,23.954999923706055,23.954999923706055,23.951799392700195,23.951799392700195,1200,0.0,0.0,0.0
2024-10-11 14:05:00-04:00,23.954999923706055,23.959999084472656,23.95009994506836,23.954999923706055,1305,0.0,0.0,0.0
2024-10-11 14:10:00-04:00,23.954999923706055,23.954999923706055,23.954999923706055,23.954999923706055,782,0.0,0.0,0.0
2024-10-11 14:15:00-04:00,23.954999923706055,23.954999923706055,23.954999923706055,23.954999923706055,856,0.0,0.0,0.0
2024-10-11 14:20:00-04:00,23.954999923706055,23.954999923706055,23.950899124145508,23.950899124145508,2951,0.0,0.0,0.0
2024-10-11 14:25:00-04:00,23.954999923706055,23.954999923706055,23.954999923706055,23.954999923706055,142,0.0,0.0,0.0
2024-10-11 14:30:00-04:00,23.954999923706055,23.959800720214844,23.954999923706055,23.959800720214844,1315,0.0,0.0,0.0
2024-10-11 14:35:00-04:00,23.954999923706055,23.954999923706055,23.954999923706055,23.954999923706055,210,0.0,0.0,0.0
2024-10-11 14:40:00-04:00,23.954999923706055,23.954999923706055,23.954999923706055,23.954999923706055,438,0.0,0.0,0.0
2024-10-11 14:55:00-04:00,23.95009994506836,23.954999923706055,23.95009994506836,23.954999923706055,389,0.0,0.0,0.0
2024-10-11 15:05:00-04:00,23.954999923706055,23.954999923706055,23.954999923706055,23.954999923706055,1025,0.0,0.0,0.0
2024-10-11 15:20:00-04:00,23.954999923706055,23.954999923706055,23.954999923706055,23.954999923706055,569,0.0,0.0,0.0
2024-10-11 15:35:00-04:00,23.954999923706055,23.954999923706055,23.954999923706055,23.954999923706055,119,0.0,0.0,0.0
2024-10-11 15:40:00-04:00,23.959800720214844,23.959800720214844,23.954999923706055,23.954999923706055,2717,0.0,0.0,0.0
2024-10-11 15:45:00-04:00,23.954999923706055,23.954999923706055,23.954999923706055,23.954999923706055,710,0.0,0.0,0.0
2024-10-11 15:50:00-04:00,23.954999923706055,23.959999084472656,23.954999923706055,23.954999923706055,1807,0.0,0.0,0.0
2024-10-11 15:55:00-04:00,23.954999923706055,23.954999923706055,23.950000762939453,23.950000762939453,2922,0.0,0.0,0.0
