Datetime,Open,High,Low,Close,Volume,Dividends,Stock Splits
2024-09-13 09:30:00-04:00,20.610000610351562,20.649999618530273,20.459999084472656,20.6299991607666,0,0.0,0.0
2024-09-13 09:35:00-04:00,20.545000076293945,20.600000381469727,20.40999984741211,20.40999984741211,3090,0.0,0.0
2024-09-13 09:40:00-04:00,20.450000762939453,20.4950008392334,20.40999984741211,20.485000610351562,3082,0.0,0.0
2024-09-13 09:45:00-04:00,20.5049991607666,20.639999389648438,20.5049991607666,20.639999389648438,2969,0.0,0.0
2024-09-13 09:50:00-04:00,20.614999771118164,20.639999389648438,20.34000015258789,20.510000228881836,23573,0.0,0.0
2024-09-13 09:55:00-04:00,20.454999923706055,20.510000228881836,20.454999923706055,20.510000228881836,997,0.0,0.0
2024-09-13 10:00:00-04:00,20.43000030517578,20.479999542236328,20.31999969482422,20.389999389648438,5129,0.0,0.0
2024-09-13 10:05:00-04:00,20.424999237060547,20.424999237060547,20.239999771118164,20.34000015258789,6095,0.0,0.0
2024-09-13 10:10:00-04:00,20.360000610351562,20.459999084472656,20.360000610351562,20.450000762939453,3481,0.0,0.0
2024-09-13 10:15:00-04:00,20.462299346923828,20.469999313354492,20.450000762939453,20.459999084472656,1705,0.0,0.0
2024-09-13 10:20:00-04:00,20.469999313354492,20.510000228881836,20.436500549316406,20.436500549316406,6327,0.0,0.0
2024-09-13 10:25:00-04:00,20.43000030517578,20.450000762939453,20.34000015258789,20.350000381469727,14797,0.0,0.0
2024-09-13 10:30:00-04:00,20.34000015258789,20.34000015258789,20.30500030517578,20.30500030517578,1256,0.0,0.0
2024-09-13 10:35:00-04:00,20.299999237060547,20.350000381469727,20.299999237060547,20.325000762939453,1475,0.0,0.0
2024-09-13 10:40:00-04:00,20.313499450683594,20.359600067138672,20.313499450683594,20.34000015258789,1587,0.0,0.0
2024-09-13 10:45:00-04:00,20.31999969482422,20.34000015258789,20.209999084472656,20.239999771118164,7212,0.0,0.0
2024-09-13 10:50:00-04:00,20.260000228881836,20.260000228881836,20.200000762939453,20.229999542236328,5217,0.0,0.0
2024-09-13 10:55:00-04:00,20.2450008392334,20.270000457763672,20.239999771118164,20.270000457763672,2154,0.0,0.0
2024-09-13 11:00:00-04:00,20.270000457763672,20.290000915527344,20.270000457763672,20.290000915527344,1155,0.0,0.0
2024-09-13 11:05:00-04:00,20.309999465942383,20.309999465942383,20.235000610351562,20.235000610351562,2999,0.0,0.0
2024-09-13 11:10:00-04:00,20.260000228881836,20.264999389648438,20.229999542236328,20.25,1685,0.0,0.0
2024-09-13 11:15:00-04:00,20.264999389648438,20.264999389648438,20.25,20.25,986,0.0,0.0
2024-09-13 11:25:00-04:00,20.25,20.315000534057617,20.25,20.299999237060547,3503,0.0,0.0
2024-09-13 11:30:00-04:00,20.303699493408203,20.309999465942383,20.303699493408203,20.309999465942383,1289,0.0,0.0
2024-09-13 11:35:00-04:00,20.315000534057617,20.360000610351562,20.280000686645508,20.290000915527344,15931,0.0,0.0
2024-09-13 11:40:00-04:00,20.290000915527344,20.290000915527344,20.219999313354492,20.229999542236328,3463,0.0,0.0
2024-09-13 11:50:00-04:00,20.264999389648438,20.264999389648438,20.264999389648438,20.264999389648438,765,0.0,0.0
2024-09-13 11:55:00-04:00,20.260000228881836,20.274999618530273,20.2450008392334,20.2450008392334,1665,0.0,0.0
2024-09-13 12:00:00-04:00,20.270000457763672,20.270000457763672,20.270000457763672,20.270000457763672,2209,0.0,0.0
2024-09-13 12:10:00-04:00,20.31999969482422,20.31999969482422,20.309999465942383,20.309999465942383,2511,0.0,0.0
2024-09-13 12:15:00-04:00,20.31999969482422,20.31999969482422,20.31999969482422,20.31999969482422,449,0.0,0.0
2024-09-13 12:20:00-04:00,20.325000762939453,20.325000762939453,20.325000762939453,20.325000762939453,359,0.0,0.0
2024-09-13 12:25:00-04:00,20.34000015258789,20.360000610351562,20.34000015258789,20.360000610351562,1136,0.0,0.0
2024-09-13 12:30:00-04:00,20.3700008392334,20.3700008392334,20.360000610351562,20.360000610351562,910,0.0,0.0
2024-09-13 12:40:00-04:00,20.360000610351562,20.360000610351562,20.334999084472656,20.334999084472656,1325,0.0,0.0
2024-09-13 12:45:00-04:00,20.329999923706055,20.329999923706055,20.329999923706055,20.329999923706055,434,0.0,0.0
2024-09-13 12:50:00-04:00,20.31999969482422,20.34000015258789,20.31999969482422,20.34000015258789,2651,0.0,0.0
2024-09-13 12:55:00-04:00,20.33009910583496,20.34000015258789,20.31999969482422,20.31999969482422,1731,0.0,0.0
2024-09-13 13:05:00-04:00,20.329999923706055,20.329999923706055,20.290000915527344,20.290000915527344,1522,0.0,0.0
2024-09-13 13:10:00-04:00,20.299999237060547,20.299999237060547,20.299999237060547,20.299999237060547,543,0.0,0.0
2024-09-13 13:15:00-04:00,20.30500030517578,20.30500030517578,20.30500030517578,20.30500030517578,422,0.0,0.0
2024-09-13 13:20:00-04:00,20.309999465942383,20.450000762939453,20.309999465942383,20.43000030517578,8252,0.0,0.0
2024-09-13 13:25:00-04:00,20.43000030517578,20.43000030517578,20.399999618530273,20.415000915527344,3702,0.0,0.0
2024-09-13 13:30:00-04:00,20.415000915527344,20.415000915527344,20.415000915527344,20.415000915527344,184,0.0,0.0
2024-09-13 13:35:00-04:00,20.415000915527344,20.415000915527344,20.399999618530273,20.415000915527344,681,0.0,0.0
2024-09-13 13:40:00-04:00,20.43000030517578,20.43000030517578,20.43000030517578,20.43000030517578,423,0.0,0.0
2024-09-13 13:45:00-04:00,20.459999084472656,20.479999542236328,20.459999084472656,20.479999542236328,1043,0.0,0.0
2024-09-13 13:50:00-04:00,20.469999313354492,20.469999313354492,20.454999923706055,20.454999923706055,1296,0.0,0.0
2024-09-13 13:55:00-04:00,20.450000762939453,20.450000762939453,20.43000030517578,20.43000030517578,1167,0.0,0.0
2024-09-13 14:00:00-04:00,20.450000762939453,20.450000762939453,20.3799991607666,20.405000686645508,2339,0.0,0.0
2024-09-13 14:05:00-04:00,20.415000915527344,20.420000076293945,20.415000915527344,20.420000076293945,490,0.0,0.0
2024-09-13 14:10:00-04:00,20.43000030517578,20.43000030517578,20.3799991607666,20.3799991607666,1407,0.0,0.0
2024-09-13 14:15:00-04:00,20.399999618530273,20.399999618530273,20.329999923706055,20.329999923706055,2269,0.0,0.0
2024-09-13 14:20:00-04:00,20.299999237060547,20.299999237060547,20.280000686645508,20.290000915527344,3292,0.0,0.0
2024-09-13 14:25:00-04:00,20.260000228881836,20.260000228881836,20.225000381469727,20.25,4109,0.0,0.0
2024-09-13 14:30:00-04:00,20.25,20.280000686645508,20.25,20.280000686645508,1212,0.0,0.0
2024-09-13 14:35:00-04:00,20.309999465942383,20.309999465942383,20.309999465942383,20.309999465942383,337,0.0,0.0
2024-09-13 14:45:00-04:00,20.360000610351562,20.3799991607666,20.360000610351562,20.3700008392334,1353,0.0,0.0
2024-09-13 14:50:00-04:00,20.389999389648438,20.415000915527344,20.3700008392334,20.415000915527344,2193,0.0,0.0
2024-09-13 14:55:00-04:00,20.415000915527344,20.450000762939453,20.399999618530273,20.450000762939453,3585,0.0,0.0
2024-09-13 15:00:00-04:00,20.420000076293945,20.420000076293945,20.40999984741211,20.40999984741211,1395,0.0,0.0
2024-09-13 15:05:00-04:00,20.424999237060547,20.424999237060547,20.329999923706055,20.375,25390,0.0,0.0
2024-09-13 15:10:00-04:00,20.375,20.440000534057617,20.375,20.440000534057617,2540,0.0,0.0
2024-09-13 15:15:00-04:00,20.479999542236328,20.530000686645508,20.479999542236328,20.530000686645508,1572,0.0,0.0
2024-09-13 15:20:00-04:00,20.530000686645508,20.540000915527344,20.510000228881836,20.510000228881836,3905,0.0,0.0
2024-09-13 15:25:00-04:00,20.52899932861328,20.530000686645508,20.514999389648438,20.530000686645508,607,0.0,0.0
2024-09-13 15:30:00-04:00,20.530000686645508,20.559999465942383,20.530000686645508,20.559999465942383,3049,0.0,0.0
2024-09-13 15:35:00-04:00,20.584999084472656,20.584999084472656,20.5,20.5049991607666,5319,0.0,0.0
2024-09-13 15:40:00-04:00,20.540000915527344,20.559999465942383,20.530000686645508,20.530000686645508,5173,0.0,0.0
2024-09-13 15:45:00-04:00,20.532100677490234,20.549999237060547,20.489999771118164,20.540000915527344,8416,0.0,0.0
2024-09-13 15:50:00-04:00,20.540000915527344,20.540000915527344,20.444000244140625,20.444000244140625,11992,0.0,0.0
2024-09-13 15:55:00-04:00,20.459999084472656,20.540000915527344,20.43000030517578,20.530000686645508,32220,0.0,0.0
2024-09-16 09:30:00-04:00,20.850000381469727,21.139999389648438,20.65999984741211,21.06999969482422,16076,0.0,0.0
2024-09-16 09:35:00-04:00,20.950000762939453,20.950000762939453,20.770000457763672,20.770000457763672,7203,0.0,0.0
2024-09-16 09:45:00-04:00,20.670000076293945,20.799999237060547,20.670000076293945,20.799999237060547,1450,0.0,0.0
2024-09-16 09:50:00-04:00,20.825000762939453,20.922500610351562,20.825000762939453,20.922500610351562,2170,0.0,0.0
2024-09-16 09:55:00-04:00,20.920000076293945,20.93000030517578,20.920000076293945,20.93000030517578,733,0.0,0.0
2024-09-16 10:00:00-04:00,20.920000076293945,20.940000534057617,20.8799991607666,20.93000030517578,1837,0.0,0.0
2024-09-16 10:05:00-04:00,20.940000534057617,20.940000534057617,20.8799991607666,20.8799991607666,1613,0.0,0.0
2024-09-16 10:10:00-04:00,20.864999771118164,20.889999389648438,20.809999465942383,20.889999389648438,2097,0.0,0.0
2024-09-16 10:15:00-04:00,20.889999389648438,20.889999389648438,20.8700008392334,20.875,1150,0.0,0.0
2024-09-16 10:20:00-04:00,20.875,20.875,20.809999465942383,20.851200103759766,5278,0.0,0.0
2024-09-16 10:25:00-04:00,20.850000381469727,20.860000610351562,20.770000457763672,20.770000457763672,3294,0.0,0.0
2024-09-16 10:35:00-04:00,20.768999099731445,20.850000381469727,20.768999099731445,20.850000381469727,2776,0.0,0.0
2024-09-16 10:40:00-04:00,20.8700008392334,20.959999084472656,20.8700008392334,20.959999084472656,2043,0.0,0.0
2024-09-16 10:45:00-04:00,20.989999771118164,21.030000686645508,20.959999084472656,20.959999084472656,3772,0.0,0.0
2024-09-16 10:50:00-04:00,20.959999084472656,21.079999923706055,20.959999084472656,20.969999313354492,3241,0.0,0.0
2024-09-16 10:55:00-04:00,20.979999542236328,20.979999542236328,20.979999542236328,20.979999542236328,1410,0.0,0.0
2024-09-16 11:00:00-04:00,21.040000915527344,21.040000915527344,20.989999771118164,20.989999771118164,2362,0.0,0.0
2024-09-16 11:05:00-04:00,20.989999771118164,21.0,20.979999542236328,20.979999542236328,1301,0.0,0.0
2024-09-16 11:10:00-04:00,21.020000457763672,21.049999237060547,21.020000457763672,21.040000915527344,915,0.0,0.0
2024-09-16 11:15:00-04:00,21.084999084472656,21.084999084472656,21.084999084472656,21.084999084472656,297,0.0,0.0
2024-09-16 11:20:00-04:00,21.135000228881836,21.139999389648438,21.09000015258789,21.09000015258789,1610,0.0,0.0
2024-09-16 11:25:00-04:00,21.09000015258789,21.09000015258789,21.050100326538086,21.079999923706055,2336,0.0,0.0
2024-09-16 11:30:00-04:00,21.049999237060547,21.06999969482422,21.049999237060547,21.06999969482422,944,0.0,0.0
2024-09-16 11:35:00-04:00,21.05500030517578,21.075000762939453,21.020000457763672,21.020000457763672,1849,0.0,0.0
2024-09-16 11:40:00-04:00,21.059999465942383,21.059999465942383,21.020000457763672,21.059999465942383,1191,0.0,0.0
2024-09-16 11:45:00-04:00,21.059999465942383,21.059999465942383,21.046199798583984,21.046199798583984,3202,0.0,0.0
2024-09-16 11:50:00-04:00,21.06999969482422,21.079999923706055,21.06999969482422,21.079999923706055,645,0.0,0.0
2024-09-16 11:55:00-04:00,21.06999969482422,21.079999923706055,21.06999969482422,21.06999969482422,1396,0.0,0.0
2024-09-16 12:00:00-04:00,21.049999237060547,21.059999465942383,21.049999237060547,21.059999465942383,1099,0.0,0.0
2024-09-16 12:05:00-04:00,21.100000381469727,21.100000381469727,21.100000381469727,21.100000381469727,256,0.0,0.0
2024-09-16 12:10:00-04:00,21.06999969482422,21.06999969482422,21.020000457763672,21.020000457763672,1490,0.0,0.0
2024-09-16 12:15:00-04:00,21.0,21.0,21.0,21.0,1309,0.0,0.0
2024-09-16 12:25:00-04:00,21.020000457763672,21.059999465942383,21.020000457763672,21.059999465942383,1702,0.0,0.0
2024-09-16 12:30:00-04:00,21.06999969482422,21.06999969482422,20.989999771118164,20.989999771118164,2592,0.0,0.0
2024-09-16 12:35:00-04:00,20.959999084472656,20.959999084472656,20.90999984741211,20.90999984741211,206,0.0,0.0
2024-09-16 12:40:00-04:00,20.959999084472656,20.959999084472656,20.8799991607666,20.8799991607666,2297,0.0,0.0
2024-09-16 12:45:00-04:00,20.829999923706055,20.829999923706055,20.79400062561035,20.825000762939453,963,0.0,0.0
2024-09-16 12:50:00-04:00,20.829999923706055,20.829999923706055,20.670000076293945,20.690000534057617,14632,0.0,0.0
2024-09-16 12:55:00-04:00,20.719999313354492,20.739999771118164,20.704999923706055,20.704999923706055,1434,0.0,0.0
2024-09-16 13:05:00-04:00,20.690000534057617,20.709999084472656,20.68000030517578,20.700000762939453,2654,0.0,0.0
2024-09-16 13:20:00-04:00,20.6200008392334,20.6200008392334,20.610000610351562,20.610000610351562,898,0.0,0.0
2024-09-16 13:25:00-04:00,20.6299991607666,20.649999618530273,20.6299991607666,20.649999618530273,1416,0.0,0.0
2024-09-16 13:30:00-04:00,20.6200008392334,20.649999618530273,20.610000610351562,20.649999618530273,4912,0.0,0.0
2024-09-16 13:35:00-04:00,20.649999618530273,20.649999618530273,20.610000610351562,20.610000610351562,5059,0.0,0.0
2024-09-16 13:40:00-04:00,20.610000610351562,20.729999542236328,20.610000610351562,20.729999542236328,6827,0.0,0.0
2024-09-16 13:45:00-04:00,20.770000457763672,20.770000457763672,20.729999542236328,20.770000457763672,653,0.0,0.0
2024-09-16 13:50:00-04:00,20.729999542236328,20.729999542236328,20.729999542236328,20.729999542236328,1879,0.0,0.0
2024-09-16 13:55:00-04:00,20.780000686645508,20.780000686645508,20.75,20.75,505,0.0,0.0
2024-09-16 14:00:00-04:00,20.75,20.760000228881836,20.75,20.760000228881836,497,0.0,0.0
2024-09-16 14:05:00-04:00,20.729999542236328,20.730300903320312,20.729999542236328,20.730300903320312,1762,0.0,0.0
2024-09-16 14:10:00-04:00,20.729999542236328,20.739999771118164,20.719999313354492,20.739999771118164,1464,0.0,0.0
2024-09-16 14:15:00-04:00,20.719999313354492,20.729999542236328,20.709999084472656,20.729999542236328,1440,0.0,0.0
2024-09-16 14:20:00-04:00,20.739999771118164,20.75,20.709999084472656,20.709999084472656,1746,0.0,0.0
2024-09-16 14:25:00-04:00,20.719999313354492,20.75,20.719999313354492,20.75,1050,0.0,0.0
2024-09-16 14:30:00-04:00,20.75,20.75,20.75,20.75,242,0.0,0.0
2024-09-16 14:35:00-04:00,20.739999771118164,20.739999771118164,20.735000610351562,20.735000610351562,1652,0.0,0.0
2024-09-16 14:40:00-04:00,20.739999771118164,20.739999771118164,20.729999542236328,20.729999542236328,2444,0.0,0.0
2024-09-16 14:45:00-04:00,20.729999542236328,20.739999771118164,20.729999542236328,20.739999771118164,1348,0.0,0.0
2024-09-16 14:50:00-04:00,20.700000762939453,20.719999313354492,20.700000762939453,20.719999313354492,838,0.0,0.0
2024-09-16 14:55:00-04:00,20.719999313354492,20.719999313354492,20.719999313354492,20.719999313354492,540,0.0,0.0
2024-09-16 15:00:00-04:00,20.75,20.75,20.719999313354492,20.719999313354492,1817,0.0,0.0
2024-09-16 15:10:00-04:00,20.725000381469727,20.725000381469727,20.709999084472656,20.709999084472656,2515,0.0,0.0
2024-09-16 15:25:00-04:00,20.665000915527344,20.690000534057617,20.665000915527344,20.684999465942383,2263,0.0,0.0
2024-09-16 15:30:00-04:00,20.709999084472656,20.719999313354492,20.690000534057617,20.694000244140625,3771,0.0,0.0
2024-09-16 15:35:00-04:00,20.684999465942383,20.7549991607666,20.68000030517578,20.75,4351,0.0,0.0
2024-09-16 15:40:00-04:00,20.729999542236328,20.760000228881836,20.729999542236328,20.75,7938,0.0,0.0
2024-09-16 15:45:00-04:00,20.75,20.760000228881836,20.709999084472656,20.719999313354492,15342,0.0,0.0
2024-09-16 15:50:00-04:00,20.719999313354492,20.75,20.690000534057617,20.739999771118164,12757,0.0,0.0
2024-09-16 15:55:00-04:00,20.739999771118164,20.739999771118164,20.670000076293945,20.670000076293945,20947,0.0,0.0
2024-09-17 09:30:00-04:00,20.850000381469727,21.43000030517578,20.850000381469727,21.43000030517578,0,0.0,0.0
2024-09-17 09:35:00-04:00,20.825000762939453,20.940000534057617,20.825000762939453,20.940000534057617,890,0.0,0.0
2024-09-17 09:40:00-04:00,20.93000030517578,20.940000534057617,20.729999542236328,20.73740005493164,4575,0.0,0.0
2024-09-17 09:45:00-04:00,20.739999771118164,20.829999923706055,20.739999771118164,20.829999923706055,2746,0.0,0.0
2024-09-17 09:50:00-04:00,20.834999084472656,20.989999771118164,20.780000686645508,20.989999771118164,8949,0.0,0.0
2024-09-17 09:55:00-04:00,20.989999771118164,20.989999771118164,20.809999465942383,20.829999923706055,16118,0.0,0.0
2024-09-17 10:00:00-04:00,20.829999923706055,20.848499298095703,20.719999313354492,20.809999465942383,8886,0.0,0.0
2024-09-17 10:05:00-04:00,20.850000381469727,20.899999618530273,20.850000381469727,20.899999618530273,379,0.0,0.0
2024-09-17 10:10:00-04:00,20.905000686645508,20.9950008392334,20.8700008392334,20.979999542236328,1951,0.0,0.0
2024-09-17 10:15:00-04:00,21.010000228881836,21.010000228881836,20.93000030517578,20.93000030517578,1358,0.0,0.0
2024-09-17 10:20:00-04:00,20.920000076293945,21.0,20.920000076293945,21.0,835,0.0,0.0
2024-09-17 10:25:00-04:00,21.040000915527344,21.065000534057617,21.0,21.0,1975,0.0,0.0
2024-09-17 10:30:00-04:00,20.969999313354492,20.989999771118164,20.934999465942383,20.969999313354492,1908,0.0,0.0
2024-09-17 10:35:00-04:00,20.899999618530273,20.959999084472656,20.899999618530273,20.959999084472656,1258,0.0,0.0
2024-09-17 10:40:00-04:00,20.93000030517578,20.959999084472656,20.920000076293945,20.959999084472656,1188,0.0,0.0
2024-09-17 10:50:00-04:00,20.93000030517578,20.950000762939453,20.8700008392334,20.8700008392334,1998,0.0,0.0
2024-09-17 10:55:00-04:00,20.8700008392334,20.90999984741211,20.84000015258789,20.84000015258789,2198,0.0,0.0
2024-09-17 11:00:00-04:00,20.84000015258789,20.8799991607666,20.84000015258789,20.8799991607666,1087,0.0,0.0
2024-09-17 11:05:00-04:00,20.920000076293945,20.920000076293945,20.90999984741211,20.90999984741211,827,0.0,0.0
2024-09-17 11:10:00-04:00,20.90999984741211,20.90999984741211,20.864200592041016,20.864200592041016,916,0.0,0.0
2024-09-17 11:15:00-04:00,20.8799991607666,20.90999984741211,20.8700008392334,20.889999389648438,1335,0.0,0.0
2024-09-17 11:20:00-04:00,20.8799991607666,20.8799991607666,20.8700008392334,20.8799991607666,1275,0.0,0.0
2024-09-17 11:25:00-04:00,20.90999984741211,20.934999465942383,20.889999389648438,20.905000686645508,2987,0.0,0.0
2024-09-17 11:30:00-04:00,20.905000686645508,20.90999984741211,20.899999618530273,20.90999984741211,798,0.0,0.0
2024-09-17 11:35:00-04:00,20.90999984741211,20.90999984741211,20.90999984741211,20.90999984741211,361,0.0,0.0
2024-09-17 11:40:00-04:00,20.899999618530273,20.90999984741211,20.899999618530273,20.90999984741211,790,0.0,0.0
2024-09-17 11:45:00-04:00,20.90999984741211,20.90999984741211,20.905000686645508,20.905000686645508,629,0.0,0.0
2024-09-17 11:50:00-04:00,20.899999618530273,20.899999618530273,20.889999389648438,20.889999389648438,479,0.0,0.0
2024-09-17 11:55:00-04:00,20.899999618530273,20.899999618530273,20.8799991607666,20.889999389648438,2664,0.0,0.0
2024-09-17 12:00:00-04:00,20.895000457763672,20.90999984741211,20.895000457763672,20.899999618530273,1125,0.0,0.0
2024-09-17 12:05:00-04:00,20.905000686645508,20.905000686645508,20.905000686645508,20.905000686645508,697,0.0,0.0
2024-09-17 12:10:00-04:00,20.8799991607666,20.889999389648438,20.81999969482422,20.864999771118164,5774,0.0,0.0
2024-09-17 12:15:00-04:00,20.8700008392334,20.8700008392334,20.84000015258789,20.84000015258789,1410,0.0,0.0
2024-09-17 12:20:00-04:00,20.799999237060547,20.799999237060547,20.774999618530273,20.774999618530273,959,0.0,0.0
2024-09-17 12:25:00-04:00,20.75,20.780000686645508,20.75,20.780000686645508,1102,0.0,0.0
2024-09-17 12:40:00-04:00,20.780000686645508,20.780000686645508,20.735000610351562,20.735000610351562,1773,0.0,0.0
2024-09-17 12:45:00-04:00,20.7450008392334,20.75,20.7450008392334,20.75,896,0.0,0.0
2024-09-17 12:50:00-04:00,20.75,20.799999237060547,20.75,20.799999237060547,2317,0.0,0.0
2024-09-17 12:55:00-04:00,20.809999465942383,20.809999465942383,20.809999465942383,20.809999465942383,1313,0.0,0.0
2024-09-17 13:00:00-04:00,20.760000228881836,20.760000228881836,20.700000762939453,20.700000762939453,863,0.0,0.0
2024-09-17 13:05:00-04:00,20.760000228881836,20.760000228881836,20.7549991607666,20.7549991607666,504,0.0,0.0
2024-09-17 13:10:00-04:00,20.790000915527344,20.790000915527344,20.75,20.75,1045,0.0,0.0
2024-09-17 13:20:00-04:00,20.780000686645508,20.799999237060547,20.780000686645508,20.799999237060547,1197,0.0,0.0
2024-09-17 13:25:00-04:00,20.799999237060547,20.81999969482422,20.799999237060547,20.81999969482422,883,0.0,0.0
2024-09-17 13:30:00-04:00,20.809999465942383,20.81999969482422,20.809999465942383,20.809999465942383,946,0.0,0.0
2024-09-17 13:40:00-04:00,20.799999237060547,20.799999237060547,20.75,20.75,1085,0.0,0.0
2024-09-17 13:45:00-04:00,20.770000457763672,20.780000686645508,20.770000457763672,20.780000686645508,2375,0.0,0.0
2024-09-17 13:50:00-04:00,20.799999237060547,20.829999923706055,20.799999237060547,20.829999923706055,678,0.0,0.0
2024-09-17 13:55:00-04:00,20.81999969482422,20.81999969482422,20.81999969482422,20.81999969482422,1197,0.0,0.0
2024-09-17 14:05:00-04:00,20.780000686645508,20.780000686645508,20.780000686645508,20.780000686645508,770,0.0,0.0
2024-09-17 14:10:00-04:00,20.809999465942383,20.809999465942383,20.795000076293945,20.795000076293945,480,0.0,0.0
2024-09-17 14:15:00-04:00,20.780000686645508,20.790000915527344,20.739999771118164,20.739999771118164,2221,0.0,0.0
2024-09-17 14:20:00-04:00,20.790000915527344,20.790000915527344,20.790000915527344,20.790000915527344,1011,0.0,0.0
2024-09-17 14:30:00-04:00,20.770000457763672,20.770000457763672,20.770000457763672,20.770000457763672,1920,0.0,0.0
2024-09-17 14:50:00-04:00,20.790000915527344,20.790000915527344,20.78499984741211,20.78499984741211,671,0.0,0.0
2024-09-17 14:55:00-04:00,20.77750015258789,20.844999313354492,20.77750015258789,20.837499618530273,3314,0.0,0.0
2024-09-17 15:00:00-04:00,20.860000610351562,20.8700008392334,20.850000381469727,20.850000381469727,1376,0.0,0.0
2024-09-17 15:05:00-04:00,20.860000610351562,20.860000610351562,20.825000762939453,20.825000762939453,2926,0.0,0.0
2024-09-17 15:15:00-04:00,20.809999465942383,20.809999465942383,20.809999465942383,20.809999465942383,523,0.0,0.0
2024-09-17 15:20:00-04:00,20.761999130249023,20.761999130249023,20.75,20.75,1363,0.0,0.0
2024-09-17 15:25:00-04:00,20.780000686645508,20.799999237060547,20.780000686645508,20.799999237060547,855,0.0,0.0
2024-09-17 15:30:00-04:00,20.790000915527344,20.790000915527344,20.774999618530273,20.774999618530273,298,0.0,0.0
2024-09-17 15:35:00-04:00,20.770000457763672,20.770000457763672,20.770000457763672,20.770000457763672,1309,0.0,0.0
2024-09-17 15:40:00-04:00,20.75,20.760000228881836,20.719999313354492,20.719999313354492,1268,0.0,0.0
2024-09-17 15:45:00-04:00,20.739999771118164,20.7450008392334,20.729999542236328,20.7450008392334,1839,0.0,0.0
2024-09-17 15:50:00-04:00,20.75,20.780000686645508,20.722999572753906,20.722999572753906,2622,0.0,0.0
2024-09-17 15:55:00-04:00,20.709999084472656,20.774999618530273,20.709999084472656,20.750999450683594,9300,0.0,0.0
2024-09-18 09:30:00-04:00,20.739999771118164,21.09000015258789,20.709999084472656,21.09000015258789,6550,0.0,0.0
2024-09-18 09:40:00-04:00,21.0,21.0,20.920000076293945,20.920000076293945,1967,0.0,0.0
2024-09-18 09:55:00-04:00,21.079999923706055,21.104999542236328,20.940000534057617,21.030000686645508,11078,0.0,0.0
2024-09-18 10:00:00-04:00,21.03499984741211,21.079999923706055,21.0,21.03499984741211,21059,0.0,0.0
2024-09-18 10:05:00-04:00,21.0,21.110000610351562,21.0,21.059999465942383,37791,0.0,0.0
2024-09-18 10:10:00-04:00,21.084999084472656,21.084999084472656,21.075000762939453,21.075000762939453,1034,0.0,0.0
2024-09-18 10:15:00-04:00,21.059999465942383,21.098800659179688,21.030000686645508,21.030000686645508,2948,0.0,0.0
2024-09-18 10:20:00-04:00,21.010000228881836,21.020000457763672,20.96500015258789,21.0,5468,0.0,0.0
2024-09-18 10:25:00-04:00,21.0,21.0,20.989999771118164,20.9950008392334,4071,0.0,0.0
2024-09-18 10:30:00-04:00,20.9950008392334,21.0,20.989999771118164,21.0,1790,0.0,0.0
2024-09-18 10:35:00-04:00,21.0,21.114999771118164,20.979999542236328,21.06999969482422,24152,0.0,0.0
2024-09-18 10:40:00-04:00,21.06999969482422,21.200000762939453,21.049999237060547,21.139999389648438,10091,0.0,0.0
2024-09-18 10:45:00-04:00,21.139999389648438,21.174999237060547,21.139999389648438,21.155000686645508,10611,0.0,0.0
2024-09-18 10:50:00-04:00,21.200000762939453,21.3799991607666,21.200000762939453,21.34000015258789,1682,0.0,0.0
2024-09-18 10:55:00-04:00,21.360000610351562,21.40999984741211,21.309999465942383,21.40999984741211,22794,0.0,0.0
2024-09-18 11:00:00-04:00,21.479999542236328,21.479999542236328,21.44499969482422,21.450000762939453,4103,0.0,0.0
2024-09-18 11:05:00-04:00,21.43000030517578,21.459999084472656,21.43000030517578,21.459999084472656,1136,0.0,0.0
2024-09-18 11:10:00-04:00,21.459999084472656,21.489999771118164,21.459999084472656,21.469999313354492,6957,0.0,0.0
2024-09-18 11:15:00-04:00,21.440000534057617,21.450000762939453,21.440000534057617,21.450000762939453,1085,0.0,0.0
2024-09-18 11:20:00-04:00,21.440000534057617,21.449600219726562,21.43000030517578,21.449600219726562,1541,0.0,0.0
2024-09-18 11:25:00-04:00,21.415000915527344,21.43000030517578,21.415000915527344,21.43000030517578,657,0.0,0.0
2024-09-18 11:30:00-04:00,21.405000686645508,21.520000457763672,21.405000686645508,21.520000457763672,842,0.0,0.0
2024-09-18 11:35:00-04:00,21.514999389648438,21.514999389648438,21.450000762939453,21.450000762939453,2805,0.0,0.0
2024-09-18 11:40:00-04:00,21.43000030517578,21.43000030517578,21.309999465942383,21.309999465942383,2485,0.0,0.0
2024-09-18 11:45:00-04:00,21.29010009765625,21.309999465942383,21.270000457763672,21.280000686645508,2365,0.0,0.0
2024-09-18 11:50:00-04:00,21.260000228881836,21.260000228881836,21.260000228881836,21.260000228881836,1042,0.0,0.0
2024-09-18 11:55:00-04:00,21.309999465942383,21.309999465942383,21.30500030517578,21.30500030517578,791,0.0,0.0
2024-09-18 12:00:00-04:00,21.2406005859375,21.2406005859375,21.2406005859375,21.2406005859375,348,0.0,0.0
2024-09-18 12:05:00-04:00,21.28499984741211,21.28499984741211,21.239999771118164,21.239999771118164,1672,0.0,0.0
2024-09-18 12:10:00-04:00,21.31999969482422,21.31999969482422,21.31999969482422,21.31999969482422,325,0.0,0.0
2024-09-18 12:15:00-04:00,21.31999969482422,21.31999969482422,21.31999969482422,21.31999969482422,607,0.0,0.0
2024-09-18 12:20:00-04:00,21.350000381469727,21.350000381469727,21.25,21.25,2233,0.0,0.0
2024-09-18 12:25:00-04:00,21.229999542236328,21.229999542236328,21.229999542236328,21.229999542236328,322,0.0,0.0
2024-09-18 12:30:00-04:00,21.2450008392334,21.2450008392334,21.2450008392334,21.2450008392334,231,0.0,0.0
2024-09-18 12:35:00-04:00,21.25,21.25,21.25,21.25,919,0.0,0.0
2024-09-18 12:50:00-04:00,21.219999313354492,21.219999313354492,21.190000534057617,21.190000534057617,1065,0.0,0.0
2024-09-18 13:00:00-04:00,21.149999618530273,21.149999618530273,21.149999618530273,21.149999618530273,552,0.0,0.0
2024-09-18 13:05:00-04:00,21.110000610351562,21.135000228881836,21.110000610351562,21.1200008392334,1105,0.0,0.0
2024-09-18 13:15:00-04:00,21.100000381469727,21.100000381469727,21.100000381469727,21.100000381469727,458,0.0,0.0
2024-09-18 13:20:00-04:00,21.100000381469727,21.100000381469727,21.100000381469727,21.100000381469727,310,0.0,0.0
2024-09-18 13:25:00-04:00,21.170000076293945,21.170000076293945,21.149999618530273,21.155000686645508,803,0.0,0.0
2024-09-18 13:30:00-04:00,21.139999389648438,21.149999618530273,21.10110092163086,21.1200008392334,5809,0.0,0.0
2024-09-18 13:35:00-04:00,21.174999237060547,21.190000534057617,21.135000228881836,21.135000228881836,11696,0.0,0.0
2024-09-18 13:40:00-04:00,21.135000228881836,21.209999084472656,21.09000015258789,21.209999084472656,26782,0.0,0.0
2024-09-18 13:45:00-04:00,21.239999771118164,21.260000228881836,21.204999923706055,21.219999313354492,4585,0.0,0.0
2024-09-18 13:50:00-04:00,21.209999084472656,21.209999084472656,21.1299991607666,21.1299991607666,4835,0.0,0.0
2024-09-18 13:55:00-04:00,21.1200008392334,21.219999313354492,21.1200008392334,21.209999084472656,2800,0.0,0.0
2024-09-18 14:00:00-04:00,21.049999237060547,21.450000762939453,21.049999237060547,21.31999969482422,26712,0.0,0.0
2024-09-18 14:05:00-04:00,21.309999465942383,21.350000381469727,21.270000457763672,21.270000457763672,1460,0.0,0.0
2024-09-18 14:10:00-04:00,21.219999313354492,21.270000457763672,20.989999771118164,21.0,14661,0.0,0.0
2024-09-18 14:15:00-04:00,21.0,21.09000015258789,21.0,21.09000015258789,1401,0.0,0.0
2024-09-18 14:20:00-04:00,21.1200008392334,21.1299991607666,21.030000686645508,21.110000610351562,5531,0.0,0.0
2024-09-18 14:25:00-04:00,21.110000610351562,21.110000610351562,21.010000228881836,21.010000228881836,4325,0.0,0.0
2024-09-18 14:30:00-04:00,21.094999313354492,21.094999313354492,21.020000457763672,21.045000076293945,4251,0.0,0.0
2024-09-18 14:35:00-04:00,21.040000915527344,21.06999969482422,21.0,21.065000534057617,5524,0.0,0.0
2024-09-18 14:40:00-04:00,21.020000457763672,21.075000762939453,20.989999771118164,21.0,3077,0.0,0.0
2024-09-18 14:45:00-04:00,21.0,21.100000381469727,20.969999313354492,21.079999923706055,13810,0.0,0.0
2024-09-18 14:50:00-04:00,21.06999969482422,21.110000610351562,21.049999237060547,21.110000610351562,1002,0.0,0.0
2024-09-18 14:55:00-04:00,21.15999984741211,21.219999313354492,21.06999969482422,21.06999969482422,4723,0.0,0.0
2024-09-18 15:00:00-04:00,20.969999313354492,20.975000381469727,20.950000762939453,20.975000381469727,409,0.0,0.0
2024-09-18 15:05:00-04:00,20.959999084472656,21.06999969482422,20.959999084472656,21.0,10234,0.0,0.0
2024-09-18 15:10:00-04:00,20.969900131225586,21.1299991607666,20.94499969482422,21.075000762939453,13654,0.0,0.0
2024-09-18 15:15:00-04:00,21.079999923706055,21.079999923706055,21.049999237060547,21.065000534057617,2380,0.0,0.0
2024-09-18 15:20:00-04:00,21.06999969482422,21.06999969482422,21.0,21.059999465942383,65600,0.0,0.0
2024-09-18 15:25:00-04:00,21.079999923706055,21.104999542236328,21.079999923706055,21.104999542236328,781,0.0,0.0
2024-09-18 15:30:00-04:00,21.139999389648438,21.219999313354492,21.139999389648438,21.18000030517578,5664,0.0,0.0
2024-09-18 15:35:00-04:00,21.149999618530273,21.229999542236328,21.149999618530273,21.209999084472656,3104,0.0,0.0
2024-09-18 15:40:00-04:00,21.229999542236328,21.239999771118164,21.149999618530273,21.149999618530273,9552,0.0,0.0
2024-09-18 15:45:00-04:00,21.149999618530273,21.149999618530273,21.1200008392334,21.1200008392334,1638,0.0,0.0
2024-09-18 15:50:00-04:00,21.15999984741211,21.239999771118164,21.155000686645508,21.239999771118164,6831,0.0,0.0
2024-09-18 15:55:00-04:00,21.21500015258789,21.25,21.1299991607666,21.219999313354492,25960,0.0,0.0
2024-09-19 09:30:00-04:00,21.309999465942383,21.309999465942383,21.1299991607666,21.190000534057617,21991,0.0,0.0
2024-09-19 09:35:00-04:00,21.190000534057617,21.190000534057617,21.125,21.155000686645508,6752,0.0,0.0
2024-09-19 09:40:00-04:00,21.155000686645508,21.25,21.155000686645508,21.200000762939453,2008,0.0,0.0
2024-09-19 09:45:00-04:00,21.200000762939453,21.25,21.190000534057617,21.25,5717,0.0,0.0
2024-09-19 09:50:00-04:00,21.190000534057617,21.309999465942383,21.15999984741211,21.274999618530273,4507,0.0,0.0
2024-09-19 09:55:00-04:00,21.28499984741211,21.3799991607666,21.25,21.2549991607666,14288,0.0,0.0
2024-09-19 10:00:00-04:00,21.270000457763672,21.359899520874023,21.270000457763672,21.359899520874023,7476,0.0,0.0
2024-09-19 10:05:00-04:00,21.309999465942383,21.309999465942383,21.280000686645508,21.290000915527344,2273,0.0,0.0
2024-09-19 10:10:00-04:00,21.28499984741211,21.334999084472656,21.28499984741211,21.31999969482422,4637,0.0,0.0
2024-09-19 10:15:00-04:00,21.290000915527344,21.309999465942383,21.2450008392334,21.30500030517578,6520,0.0,0.0
2024-09-19 10:20:00-04:00,21.290000915527344,21.299999237060547,21.264999389648438,21.264999389648438,7119,0.0,0.0
2024-09-19 10:25:00-04:00,21.232500076293945,21.252500534057617,21.170000076293945,21.170000076293945,3960,0.0,0.0
2024-09-19 10:30:00-04:00,21.149999618530273,21.25,21.145000457763672,21.145000457763672,8957,0.0,0.0
2024-09-19 10:35:00-04:00,21.1200008392334,21.18000030517578,21.1200008392334,21.18000030517578,4763,0.0,0.0
2024-09-19 10:40:00-04:00,21.190000534057617,21.19499969482422,21.149999618530273,21.170000076293945,4408,0.0,0.0
2024-09-19 10:45:00-04:00,21.172500610351562,21.18000030517578,21.149999618530273,21.165000915527344,3746,0.0,0.0
2024-09-19 10:50:00-04:00,21.15999984741211,21.200000762939453,21.149999618530273,21.184999465942383,6674,0.0,0.0
2024-09-19 10:55:00-04:00,21.174999237060547,21.19499969482422,21.174999237060547,21.190000534057617,4301,0.0,0.0
2024-09-19 11:00:00-04:00,21.200000762939453,21.239999771118164,21.200000762939453,21.21500015258789,4197,0.0,0.0
2024-09-19 11:05:00-04:00,21.200000762939453,21.200000762939453,21.18000030517578,21.18000030517578,5302,0.0,0.0
2024-09-19 11:10:00-04:00,21.209999084472656,21.209999084472656,21.200000762939453,21.200000762939453,4558,0.0,0.0
2024-09-19 11:15:00-04:00,21.200000762939453,21.25,21.200000762939453,21.209999084472656,5008,0.0,0.0
2024-09-19 11:20:00-04:00,21.25,21.25,21.209999084472656,21.209999084472656,839,0.0,0.0
2024-09-19 11:25:00-04:00,21.235000610351562,21.270000457763672,21.209999084472656,21.270000457763672,4884,0.0,0.0
2024-09-19 11:30:00-04:00,21.2549991607666,21.2549991607666,21.200000762939453,21.219999313354492,1754,0.0,0.0
2024-09-19 11:35:00-04:00,21.219999313354492,21.219999313354492,21.184999465942383,21.209999084472656,2046,0.0,0.0
2024-09-19 11:40:00-04:00,21.21500015258789,21.260000228881836,21.21500015258789,21.260000228881836,4457,0.0,0.0
2024-09-19 11:45:00-04:00,21.270000457763672,21.325000762939453,21.270000457763672,21.325000762939453,4310,0.0,0.0
2024-09-19 11:50:00-04:00,21.325000762939453,21.329999923706055,21.270000457763672,21.270000457763672,3142,0.0,0.0
2024-09-19 11:55:00-04:00,21.260000228881836,21.260000228881836,21.219999313354492,21.2549991607666,3662,0.0,0.0
2024-09-19 12:00:00-04:00,21.260000228881836,21.260000228881836,21.239999771118164,21.25,1825,0.0,0.0
2024-09-19 12:05:00-04:00,21.25,21.260000228881836,21.25,21.260000228881836,1141,0.0,0.0
2024-09-19 12:10:00-04:00,21.25,21.280000686645508,21.25,21.280000686645508,5712,0.0,0.0
2024-09-19 12:15:00-04:00,21.280000686645508,21.280000686645508,21.264999389648438,21.264999389648438,1300,0.0,0.0
2024-09-19 12:20:00-04:00,21.264999389648438,21.280000686645508,21.264999389648438,21.270000457763672,2211,0.0,0.0
2024-09-19 12:25:00-04:00,21.260000228881836,21.299999237060547,21.260000228881836,21.280000686645508,5110,0.0,0.0
2024-09-19 12:30:00-04:00,21.270000457763672,21.274999618530273,21.239999771118164,21.25,3004,0.0,0.0
2024-09-19 12:35:00-04:00,21.2450008392334,21.280000686645508,21.2450008392334,21.280000686645508,4819,0.0,0.0
2024-09-19 12:40:00-04:00,21.290000915527344,21.290000915527344,21.28499984741211,21.28499984741211,1672,0.0,0.0
2024-09-19 12:45:00-04:00,21.290000915527344,21.299999237060547,21.270000457763672,21.290000915527344,4141,0.0,0.0
2024-09-19 12:50:00-04:00,21.260000228881836,21.260000228881836,21.2450008392334,21.25,2369,0.0,0.0
2024-09-19 12:55:00-04:00,21.2450008392334,21.25,21.239999771118164,21.2450008392334,2532,0.0,0.0
2024-09-19 13:00:00-04:00,21.2450008392334,21.25,21.209999084472656,21.209999084472656,3884,0.0,0.0
2024-09-19 13:05:00-04:00,21.200000762939453,21.200000762939453,21.190000534057617,21.190000534057617,1638,0.0,0.0
2024-09-19 13:10:00-04:00,21.18000030517578,21.204999923706055,21.18000030517578,21.204999923706055,4045,0.0,0.0
2024-09-19 13:15:00-04:00,21.200000762939453,21.209999084472656,21.200000762939453,21.209999084472656,2309,0.0,0.0
2024-09-19 13:20:00-04:00,21.219999313354492,21.219999313354492,21.165000915527344,21.165000915527344,1922,0.0,0.0
2024-09-19 13:25:00-04:00,21.149999618530273,21.174999237060547,21.145000457763672,21.145000457763672,4588,0.0,0.0
2024-09-19 13:30:00-04:00,21.139999389648438,21.15999984741211,21.125,21.15999984741211,1039,0.0,0.0
2024-09-19 13:35:00-04:00,21.155000686645508,21.18000030517578,21.135000228881836,21.135000228881836,42657,0.0,0.0
2024-09-19 13:40:00-04:00,21.127500534057617,21.139999389648438,21.09749984741211,21.110000610351562,4536,0.0,0.0
2024-09-19 13:45:00-04:00,21.110000610351562,21.1200008392334,21.110000610351562,21.1200008392334,1655,0.0,0.0
2024-09-19 13:50:00-04:00,21.110000610351562,21.149999618530273,21.110000610351562,21.149999618530273,5681,0.0,0.0
2024-09-19 13:55:00-04:00,21.145000457763672,21.15999984741211,21.145000457763672,21.155000686645508,3672,0.0,0.0
2024-09-19 14:00:00-04:00,21.170000076293945,21.200000762939453,21.170000076293945,21.184999465942383,2796,0.0,0.0
2024-09-19 14:05:00-04:00,21.190000534057617,21.260000228881836,21.190000534057617,21.260000228881836,4144,0.0,0.0
2024-09-19 14:10:00-04:00,21.2450008392334,21.30500030517578,21.2450008392334,21.30500030517578,4233,0.0,0.0
2024-09-19 14:15:00-04:00,21.270000457763672,21.28499984741211,21.239999771118164,21.25,5403,0.0,0.0
2024-09-19 14:20:00-04:00,21.2450008392334,21.2549991607666,21.225000381469727,21.225000381469727,3072,0.0,0.0
2024-09-19 14:25:00-04:00,21.209999084472656,21.264999389648438,21.209999084472656,21.2450008392334,6141,0.0,0.0
2024-09-19 14:30:00-04:00,21.25,21.25,21.239999771118164,21.239999771118164,2779,0.0,0.0
2024-09-19 14:35:00-04:00,21.2450008392334,21.270000457763672,21.2450008392334,21.260000228881836,5018,0.0,0.0
2024-09-19 14:40:00-04:00,21.260000228881836,21.260000228881836,21.235000610351562,21.235000610351562,2971,0.0,0.0
2024-09-19 14:45:00-04:00,21.239999771118164,21.25,21.239999771118164,21.2450008392334,3572,0.0,0.0
2024-09-19 14:50:00-04:00,21.2450008392334,21.2450008392334,21.190000534057617,21.239999771118164,4848,0.0,0.0
2024-09-19 14:55:00-04:00,21.239999771118164,21.239999771118164,21.200000762939453,21.200000762939453,3222,0.0,0.0
2024-09-19 15:00:00-04:00,21.200000762939453,21.229999542236328,21.170000076293945,21.225000381469727,4961,0.0,0.0
2024-09-19 15:05:00-04:00,21.21500015258789,21.21500015258789,21.190000534057617,21.209999084472656,3554,0.0,0.0
2024-09-19 15:10:00-04:00,21.225000381469727,21.225000381469727,21.09000015258789,21.100000381469727,8686,0.0,0.0
2024-09-19 15:15:00-04:00,21.06999969482422,21.100000381469727,21.06999969482422,21.079999923706055,5271,0.0,0.0
2024-09-19 15:20:00-04:00,21.079999923706055,21.09000015258789,21.06999969482422,21.09000015258789,4690,0.0,0.0
2024-09-19 15:25:00-04:00,21.010000228881836,21.05500030517578,21.0049991607666,21.05500030517578,5345,0.0,0.0
2024-09-19 15:30:00-04:00,21.05500030517578,21.06999969482422,21.040000915527344,21.065000534057617,5438,0.0,0.0
2024-09-19 15:35:00-04:00,21.059999465942383,21.079999923706055,21.030000686645508,21.079999923706055,7327,0.0,0.0
2024-09-19 15:40:00-04:00,21.059999465942383,21.059999465942383,21.020000457763672,21.020000457763672,2849,0.0,0.0
2024-09-19 15:45:00-04:00,21.020000457763672,21.049999237060547,20.985000610351562,21.040000915527344,9518,0.0,0.0
2024-09-19 15:50:00-04:00,21.030000686645508,21.06999969482422,21.014999389648438,21.059999465942383,64434,0.0,0.0
2024-09-19 15:55:00-04:00,21.06999969482422,21.104999542236328,21.059999465942383,21.09000015258789,49339,0.0,0.0
2024-09-20 09:30:00-04:00,21.06999969482422,21.139999389648438,21.049999237060547,21.072500228881836,24228,0.0,0.0
2024-09-20 09:35:00-04:00,21.075000762939453,21.155000686645508,21.010000228881836,21.010000228881836,22998,0.0,0.0
2024-09-20 09:40:00-04:00,20.920000076293945,20.959999084472656,20.744199752807617,20.799999237060547,10331,0.0,0.0
2024-09-20 09:45:00-04:00,20.809999465942383,20.8799991607666,20.809999465942383,20.8799991607666,1436,0.0,0.0
2024-09-20 09:50:00-04:00,20.844999313354492,20.90999984741211,20.81999969482422,20.90999984741211,2227,0.0,0.0
2024-09-20 09:55:00-04:00,20.90999984741211,20.90999984741211,20.895000457763672,20.895000457763672,1022,0.0,0.0
2024-09-20 10:00:00-04:00,20.864999771118164,20.885000228881836,20.829999923706055,20.829999923706055,1370,0.0,0.0
2024-09-20 10:10:00-04:00,20.795000076293945,20.84000015258789,20.795000076293945,20.84000015258789,1811,0.0,0.0
2024-09-20 10:15:00-04:00,20.84000015258789,20.84000015258789,20.84000015258789,20.84000015258789,1886,0.0,0.0
2024-09-20 10:20:00-04:00,20.864999771118164,20.889999389648438,20.864999771118164,20.889999389648438,1431,0.0,0.0
2024-09-20 10:25:00-04:00,20.8700008392334,20.8799991607666,20.8700008392334,20.8799991607666,2605,0.0,0.0
2024-09-20 10:30:00-04:00,20.895000457763672,20.93000030517578,20.895000457763672,20.93000030517578,2007,0.0,0.0
2024-09-20 10:35:00-04:00,20.93000030517578,20.940000534057617,20.920000076293945,20.93000030517578,1377,0.0,0.0
2024-09-20 10:40:00-04:00,20.940000534057617,20.940000534057617,20.93000030517578,20.93000030517578,638,0.0,0.0
2024-09-20 10:45:00-04:00,20.93000030517578,20.950000762939453,20.915000915527344,20.915000915527344,2387,0.0,0.0
2024-09-20 10:50:00-04:00,20.93000030517578,20.93000030517578,20.93000030517578,20.93000030517578,652,0.0,0.0
2024-09-20 10:55:00-04:00,20.940000534057617,20.940000534057617,20.8799991607666,20.8799991607666,8480,0.0,0.0
2024-09-20 11:00:00-04:00,20.8799991607666,20.8799991607666,20.864999771118164,20.8799991607666,2888,0.0,0.0
2024-09-20 11:05:00-04:00,20.84000015258789,20.8700008392334,20.799999237060547,20.81999969482422,20561,0.0,0.0
2024-09-20 11:10:00-04:00,20.829999923706055,20.899999618530273,20.829999923706055,20.899999618530273,13978,0.0,0.0
2024-09-20 11:15:00-04:00,20.885000228881836,20.940000534057617,20.885000228881836,20.93000030517578,5432,0.0,0.0
2024-09-20 11:20:00-04:00,20.93000030517578,20.93000030517578,20.889999389648438,20.899999618530273,2538,0.0,0.0
2024-09-20 11:25:00-04:00,20.899999618530273,20.90999984741211,20.899999618530273,20.90999984741211,1349,0.0,0.0
2024-09-20 11:30:00-04:00,20.90999984741211,20.920000076293945,20.895000457763672,20.90999984741211,18772,0.0,0.0
2024-09-20 11:35:00-04:00,20.920000076293945,21.030000686645508,20.920000076293945,21.024999618530273,13922,0.0,0.0
2024-09-20 11:40:00-04:00,21.010000228881836,21.010000228881836,20.96500015258789,20.96500015258789,6510,0.0,0.0
2024-09-20 11:45:00-04:00,20.96500015258789,21.0,20.96500015258789,20.979999542236328,278,0.0,0.0
2024-09-20 11:50:00-04:00,20.979999542236328,21.010000228881836,20.975000381469727,20.979999542236328,3565,0.0,0.0
2024-09-20 11:55:00-04:00,21.0,21.0,20.989999771118164,20.989999771118164,2015,0.0,0.0
2024-09-20 12:00:00-04:00,20.9950008392334,21.010000228881836,20.9950008392334,21.0,3382,0.0,0.0
2024-09-20 12:05:00-04:00,21.0,21.010000228881836,21.0,21.0049991607666,5344,0.0,0.0
2024-09-20 12:10:00-04:00,20.989999771118164,21.0,20.989999771118164,20.989999771118164,2119,0.0,0.0
2024-09-20 12:15:00-04:00,20.979999542236328,20.979999542236328,20.954999923706055,20.969999313354492,1593,0.0,0.0
2024-09-20 12:20:00-04:00,20.959999084472656,20.969999313354492,20.959999084472656,20.969999313354492,1445,0.0,0.0
2024-09-20 12:25:00-04:00,20.969999313354492,20.969999313354492,20.959999084472656,20.96500015258789,3297,0.0,0.0
2024-09-20 12:30:00-04:00,20.969999313354492,20.969999313354492,20.959999084472656,20.969999313354492,2211,0.0,0.0
2024-09-20 12:35:00-04:00,21.049999237060547,21.049999237060547,21.049999237060547,21.049999237060547,7932,0.0,0.0
2024-09-20 12:40:00-04:00,21.040000915527344,21.040000915527344,21.010000228881836,21.010000228881836,1163,0.0,0.0
2024-09-20 12:45:00-04:00,21.020000457763672,21.059999465942383,21.020000457763672,21.059999465942383,1487,0.0,0.0
2024-09-20 12:50:00-04:00,21.079999923706055,21.15999984741211,21.079999923706055,21.15999984741211,2576,0.0,0.0
2024-09-20 12:55:00-04:00,21.15999984741211,21.18000030517578,21.149999618530273,21.18000030517578,2542,0.0,0.0
2024-09-20 13:00:00-04:00,21.200000762939453,21.229999542236328,21.200000762939453,21.200000762939453,2269,0.0,0.0
2024-09-20 13:05:00-04:00,21.200000762939453,21.21500015258789,21.200000762939453,21.200000762939453,1850,0.0,0.0
2024-09-20 13:10:00-04:00,21.25,21.25,21.229999542236328,21.25,504,0.0,0.0
2024-09-20 13:15:00-04:00,21.25,21.25,21.219999313354492,21.225000381469727,895,0.0,0.0
2024-09-20 13:20:00-04:00,21.229999542236328,21.229999542236328,21.21500015258789,21.21500015258789,919,0.0,0.0
2024-09-20 13:25:00-04:00,21.225000381469727,21.225000381469727,21.209999084472656,21.209999084472656,1014,0.0,0.0
2024-09-20 13:30:00-04:00,21.21500015258789,21.34000015258789,21.21500015258789,21.34000015258789,3183,0.0,0.0
2024-09-20 13:35:00-04:00,21.325000762939453,21.34000015258789,21.315000534057617,21.34000015258789,1941,0.0,0.0
2024-09-20 13:40:00-04:00,21.290000915527344,21.290000915527344,21.245899200439453,21.260000228881836,1579,0.0,0.0
2024-09-20 13:45:00-04:00,21.25,21.280000686645508,21.2450008392334,21.280000686645508,2167,0.0,0.0
2024-09-20 13:50:00-04:00,21.270000457763672,21.290000915527344,21.270000457763672,21.290000915527344,1244,0.0,0.0
2024-09-20 13:55:00-04:00,21.299999237060547,21.299999237060547,21.270000457763672,21.270000457763672,1061,0.0,0.0
2024-09-20 14:00:00-04:00,21.219999313354492,21.235000610351562,21.219999313354492,21.235000610351562,923,0.0,0.0
2024-09-20 14:05:00-04:00,21.239999771118164,21.280000686645508,21.239999771118164,21.280000686645508,1831,0.0,0.0
2024-09-20 14:10:00-04:00,21.280000686645508,21.31999969482422,21.260000228881836,21.31999969482422,1454,0.0,0.0
2024-09-20 14:15:00-04:00,21.309999465942383,21.309999465942383,21.290000915527344,21.290000915527344,569,0.0,0.0
2024-09-20 14:20:00-04:00,21.290000915527344,21.295000076293945,21.280000686645508,21.290000915527344,1552,0.0,0.0
2024-09-20 14:25:00-04:00,21.309900283813477,21.360000610351562,21.295000076293945,21.360000610351562,5814,0.0,0.0
2024-09-20 14:30:00-04:00,21.34000015258789,21.34000015258789,21.280000686645508,21.329999923706055,1442,0.0,0.0
2024-09-20 14:35:00-04:00,21.309999465942383,21.350000381469727,21.309999465942383,21.350000381469727,1709,0.0,0.0
2024-09-20 14:40:00-04:00,21.360000610351562,21.399999618530273,21.360000610351562,21.399999618530273,2178,0.0,0.0
2024-09-20 14:45:00-04:00,21.420000076293945,21.44499969482422,21.420000076293945,21.440000534057617,2185,0.0,0.0
2024-09-20 14:50:00-04:00,21.44499969482422,21.450000762939453,21.44499969482422,21.450000762939453,1391,0.0,0.0
2024-09-20 14:55:00-04:00,21.440000534057617,21.489999771118164,21.43000030517578,21.469999313354492,4220,0.0,0.0
2024-09-20 15:00:00-04:00,21.43000030517578,21.530000686645508,21.43000030517578,21.524999618530273,6106,0.0,0.0
2024-09-20 15:05:00-04:00,21.549999237060547,21.579999923706055,21.549999237060547,21.56999969482422,2984,0.0,0.0
2024-09-20 15:10:00-04:00,21.57990074157715,21.600000381469727,21.57990074157715,21.600000381469727,2518,0.0,0.0
2024-09-20 15:15:00-04:00,21.572500228881836,21.575000762939453,21.4950008392334,21.510000228881836,3791,0.0,0.0
2024-09-20 15:20:00-04:00,21.549999237060547,21.549999237060547,21.530000686645508,21.530000686645508,2096,0.0,0.0
2024-09-20 15:25:00-04:00,21.520000457763672,21.6299991607666,21.520000457763672,21.594999313354492,5468,0.0,0.0
2024-09-20 15:30:00-04:00,21.59000015258789,21.610000610351562,21.59000015258789,21.594999313354492,4233,0.0,0.0
2024-09-20 15:35:00-04:00,21.625,21.780000686645508,21.610000610351562,21.764999389648438,16176,0.0,0.0
2024-09-20 15:40:00-04:00,21.760000228881836,21.799999237060547,21.7549991607666,21.790000915527344,7477,0.0,0.0
2024-09-20 15:45:00-04:00,21.78499984741211,21.854999542236328,21.78499984741211,21.809999465942383,8147,0.0,0.0
2024-09-20 15:50:00-04:00,21.809999465942383,21.90999984741211,21.780000686645508,21.809999465942383,20994,0.0,0.0
2024-09-20 15:55:00-04:00,21.84000015258789,21.899999618530273,21.75,21.8700008392334,74368,0.0,0.0
2024-09-23 09:30:00-04:00,21.489999771118164,21.5,20.975000381469727,21.0049991607666,24657,0.0,0.0
2024-09-23 09:35:00-04:00,20.969999313354492,21.049999237060547,20.950000762939453,20.989999771118164,3611,0.0,0.0
2024-09-23 09:40:00-04:00,20.96500015258789,21.030000686645508,20.96500015258789,21.030000686645508,1831,0.0,0.0
2024-09-23 09:45:00-04:00,20.950000762939453,21.1200008392334,20.950000762939453,21.079999923706055,6609,0.0,0.0
2024-09-23 09:50:00-04:00,21.0,21.0,21.0,21.0,1685,0.0,0.0
2024-09-23 09:55:00-04:00,21.139999389648438,21.184999465942383,21.114999771118164,21.149999618530273,2485,0.0,0.0
2024-09-23 10:00:00-04:00,21.135000228881836,21.135000228881836,21.045000076293945,21.045000076293945,2532,0.0,0.0
2024-09-23 10:05:00-04:00,21.0,21.040000915527344,21.0,21.040000915527344,955,0.0,0.0
2024-09-23 10:10:00-04:00,21.040000915527344,21.040000915527344,20.969499588012695,20.969499588012695,4012,0.0,0.0
2024-09-23 10:15:00-04:00,20.90999984741211,20.90999984741211,20.829999923706055,20.84000015258789,2667,0.0,0.0
2024-09-23 10:20:00-04:00,20.84000015258789,20.950000762939453,20.832500457763672,20.938600540161133,11196,0.0,0.0
2024-09-23 10:25:00-04:00,20.975200653076172,21.059999465942383,20.959999084472656,21.040000915527344,12106,0.0,0.0
2024-09-23 10:30:00-04:00,21.040000915527344,21.040000915527344,21.0049991607666,21.0049991607666,2216,0.0,0.0
2024-09-23 10:35:00-04:00,21.014999389648438,21.020000457763672,21.0049991607666,21.010000228881836,1551,0.0,0.0
2024-09-23 10:40:00-04:00,21.020000457763672,21.020000457763672,21.010000228881836,21.010000228881836,2813,0.0,0.0
2024-09-23 10:45:00-04:00,21.030000686645508,21.049999237060547,21.030000686645508,21.032499313354492,4202,0.0,0.0
2024-09-23 10:50:00-04:00,21.03499984741211,21.094999313354492,21.03499984741211,21.094999313354492,9603,0.0,0.0
2024-09-23 10:55:00-04:00,21.100000381469727,21.149999618530273,21.100000381469727,21.149999618530273,3282,0.0,0.0
2024-09-23 11:00:00-04:00,21.155000686645508,21.155000686645508,21.049999237060547,21.09000015258789,9106,0.0,0.0
2024-09-23 11:05:00-04:00,21.040000915527344,21.05500030517578,21.040000915527344,21.049999237060547,922,0.0,0.0
2024-09-23 11:10:00-04:00,21.05500030517578,21.09000015258789,21.05470085144043,21.09000015258789,4876,0.0,0.0
2024-09-23 11:15:00-04:00,21.075000762939453,21.079999923706055,21.0,21.0,3785,0.0,0.0
2024-09-23 11:20:00-04:00,20.975000381469727,20.989999771118164,20.915000915527344,20.920000076293945,3591,0.0,0.0
2024-09-23 11:25:00-04:00,20.915000915527344,20.989700317382812,20.915000915527344,20.979999542236328,6135,0.0,0.0
2024-09-23 11:30:00-04:00,20.979999542236328,20.985000610351562,20.969999313354492,20.975000381469727,2849,0.0,0.0
2024-09-23 11:35:00-04:00,20.950000762939453,20.989999771118164,20.940000534057617,20.985000610351562,3546,0.0,0.0
2024-09-23 11:40:00-04:00,20.989999771118164,20.989999771118164,20.989999771118164,20.989999771118164,495,0.0,0.0
2024-09-23 11:45:00-04:00,21.0,21.040000915527344,21.0,21.040000915527344,2489,0.0,0.0
2024-09-23 11:50:00-04:00,21.044099807739258,21.044099807739258,21.020000457763672,21.020000457763672,737,0.0,0.0
2024-09-23 11:55:00-04:00,21.040000915527344,21.049999237060547,21.040000915527344,21.045000076293945,2235,0.0,0.0
2024-09-23 12:00:00-04:00,21.049999237060547,21.049999237060547,21.045000076293945,21.049999237060547,1229,0.0,0.0
2024-09-23 12:05:00-04:00,21.049999237060547,21.100000381469727,21.030000686645508,21.059999465942383,7833,0.0,0.0
2024-09-23 12:10:00-04:00,20.99020004272461,20.99020004272461,20.962499618530273,20.975000381469727,3091,0.0,0.0
2024-09-23 12:15:00-04:00,20.969999313354492,20.985000610351562,20.969999313354492,20.975000381469727,3035,0.0,0.0
2024-09-23 12:20:00-04:00,20.975000381469727,20.99530029296875,20.969999313354492,20.969999313354492,2049,0.0,0.0
2024-09-23 12:25:00-04:00,20.979999542236328,20.979999542236328,20.979999542236328,20.979999542236328,1706,0.0,0.0
2024-09-23 12:30:00-04:00,20.975000381469727,20.975000381469727,20.975000381469727,20.975000381469727,1693,0.0,0.0
2024-09-23 12:35:00-04:00,20.989999771118164,21.010000228881836,20.989999771118164,21.0049991607666,7073,0.0,0.0
2024-09-23 12:40:00-04:00,21.0,21.0,20.9950008392334,20.9950008392334,3593,0.0,0.0
2024-09-23 12:45:00-04:00,20.9950008392334,21.0,20.9950008392334,20.9950008392334,2575,0.0,0.0
2024-09-23 12:50:00-04:00,21.0,21.0,20.979999542236328,20.985000610351562,3805,0.0,0.0
2024-09-23 12:55:00-04:00,20.989999771118164,20.989999771118164,20.84469985961914,20.860000610351562,8436,0.0,0.0
2024-09-23 13:00:00-04:00,20.850000381469727,20.899999618530273,20.850000381469727,20.895000457763672,8526,0.0,0.0
2024-09-23 13:05:00-04:00,20.889999389648438,20.90999984741211,20.889999389648438,20.90999984741211,3164,0.0,0.0
2024-09-23 13:10:00-04:00,20.8799991607666,20.8799991607666,20.8700008392334,20.8700008392334,1122,0.0,0.0
2024-09-23 13:15:00-04:00,20.829999923706055,20.829999923706055,20.709999084472656,20.709999084472656,5169,0.0,0.0
2024-09-23 13:20:00-04:00,20.670000076293945,20.690000534057617,20.645000457763672,20.690000534057617,5415,0.0,0.0
2024-09-23 13:25:00-04:00,20.709999084472656,20.739999771118164,20.700000762939453,20.700000762939453,5632,0.0,0.0
2024-09-23 13:30:00-04:00,20.69499969482422,20.719999313354492,20.69499969482422,20.719999313354492,1851,0.0,0.0
2024-09-23 13:35:00-04:00,20.735000610351562,20.739999771118164,20.735000610351562,20.739999771118164,1944,0.0,0.0
2024-09-23 13:40:00-04:00,20.75,20.7549991607666,20.739999771118164,20.739999771118164,2714,0.0,0.0
2024-09-23 13:45:00-04:00,20.739999771118164,20.739999771118164,20.729999542236328,20.729999542236328,1379,0.0,0.0
2024-09-23 13:50:00-04:00,20.7450008392334,20.74880027770996,20.7450008392334,20.7450008392334,1532,0.0,0.0
2024-09-23 13:55:00-04:00,20.7450008392334,20.790000915527344,20.729999542236328,20.790000915527344,5163,0.0,0.0
2024-09-23 14:00:00-04:00,20.780000686645508,20.780000686645508,20.774999618530273,20.774999618530273,843,0.0,0.0
2024-09-23 14:05:00-04:00,20.774999618530273,20.799999237060547,20.770000457763672,20.799999237060547,2108,0.0,0.0
2024-09-23 14:10:00-04:00,20.809999465942383,20.809999465942383,20.799999237060547,20.799999237060547,1607,0.0,0.0
2024-09-23 14:15:00-04:00,20.81999969482422,20.829999923706055,20.81999969482422,20.829999923706055,1709,0.0,0.0
2024-09-23 14:20:00-04:00,20.81999969482422,20.81999969482422,20.81999969482422,20.81999969482422,734,0.0,0.0
2024-09-23 14:25:00-04:00,20.799999237060547,20.809999465942383,20.790000915527344,20.790000915527344,3331,0.0,0.0
2024-09-23 14:30:00-04:00,20.799999237060547,20.799999237060547,20.770000457763672,20.770000457763672,2313,0.0,0.0
2024-09-23 14:35:00-04:00,20.729999542236328,20.739999771118164,20.670000076293945,20.670000076293945,5384,0.0,0.0
2024-09-23 14:40:00-04:00,20.649999618530273,20.649999618530273,20.6200008392334,20.645000457763672,2610,0.0,0.0
2024-09-23 14:45:00-04:00,20.645000457763672,20.722000122070312,20.610000610351562,20.610000610351562,12064,0.0,0.0
2024-09-23 14:50:00-04:00,20.6299991607666,20.6299991607666,20.530000686645508,20.530000686645508,2522,0.0,0.0
2024-09-23 14:55:00-04:00,20.520000457763672,20.549999237060547,20.510000228881836,20.530000686645508,3420,0.0,0.0
2024-09-23 15:00:00-04:00,20.530000686645508,20.545000076293945,20.524999618530273,20.545000076293945,6238,0.0,0.0
2024-09-23 15:05:00-04:00,20.559999465942383,20.56999969482422,20.559999465942383,20.559999465942383,2373,0.0,0.0
2024-09-23 15:10:00-04:00,20.579999923706055,20.65999984741211,20.579999923706055,20.65999984741211,6717,0.0,0.0
2024-09-23 15:15:00-04:00,20.665800094604492,20.68000030517578,20.665800094604492,20.68000030517578,1285,0.0,0.0
2024-09-23 15:20:00-04:00,20.670000076293945,20.700000762939453,20.670000076293945,20.690000534057617,3489,0.0,0.0
2024-09-23 15:25:00-04:00,20.699399948120117,20.700000762939453,20.67009925842285,20.684999465942383,2991,0.0,0.0
2024-09-23 15:30:00-04:00,20.68000030517578,20.68000030517578,20.649999618530273,20.670000076293945,5433,0.0,0.0
2024-09-23 15:35:00-04:00,20.670000076293945,20.690000534057617,20.65999984741211,20.68000030517578,7167,0.0,0.0
2024-09-23 15:40:00-04:00,20.671199798583984,20.68000030517578,20.6299991607666,20.639999389648438,9394,0.0,0.0
2024-09-23 15:45:00-04:00,20.6299991607666,20.639999389648438,20.610000610351562,20.639999389648438,9519,0.0,0.0
2024-09-23 15:50:00-04:00,20.639999389648438,20.68000030517578,20.600000381469727,20.610000610351562,19654,0.0,0.0
2024-09-23 15:55:00-04:00,20.600000381469727,20.75,20.600000381469727,20.75,64771,0.0,0.0
2024-09-24 09:30:00-04:00,20.81999969482422,20.985000610351562,20.622499465942383,20.68000030517578,18985,0.0,0.0
2024-09-24 09:35:00-04:00,20.59000015258789,20.732999801635742,20.545000076293945,20.545000076293945,5593,0.0,0.0
2024-09-24 09:40:00-04:00,20.545000076293945,20.59000015258789,20.5,20.56999969482422,9648,0.0,0.0
2024-09-24 09:45:00-04:00,20.559999465942383,20.635000228881836,20.540000915527344,20.6299991607666,2580,0.0,0.0
2024-09-24 09:50:00-04:00,20.6299991607666,20.68000030517578,20.360000610351562,20.405000686645508,10115,0.0,0.0
2024-09-24 09:55:00-04:00,20.350000381469727,20.399999618530273,20.297399520874023,20.399999618530273,6508,0.0,0.0
2024-09-24 10:00:00-04:00,20.3700008392334,20.424999237060547,20.360000610351562,20.40999984741211,22385,0.0,0.0
2024-09-24 10:05:00-04:00,20.424999237060547,20.450000762939453,20.360000610351562,20.3700008392334,4663,0.0,0.0
2024-09-24 10:10:00-04:00,20.399999618530273,20.420000076293945,20.31999969482422,20.360000610351562,6256,0.0,0.0
2024-09-24 10:15:00-04:00,20.389999389648438,20.420000076293945,20.389999389648438,20.389999389648438,4923,0.0,0.0
2024-09-24 10:20:00-04:00,20.350000381469727,20.350000381469727,20.290000915527344,20.315000534057617,2790,0.0,0.0
2024-09-24 10:25:00-04:00,20.34000015258789,20.360000610351562,20.34000015258789,20.360000610351562,2689,0.0,0.0
2024-09-24 10:30:00-04:00,20.34000015258789,20.34000015258789,20.280000686645508,20.299999237060547,4971,0.0,0.0
2024-09-24 10:35:00-04:00,20.31999969482422,20.34000015258789,20.290000915527344,20.329999923706055,6555,0.0,0.0
2024-09-24 10:40:00-04:00,20.299999237060547,20.299999237060547,20.264999389648438,20.28499984741211,2299,0.0,0.0
2024-09-24 10:45:00-04:00,20.299999237060547,20.31999969482422,20.290000915527344,20.290000915527344,6227,0.0,0.0
2024-09-24 10:50:00-04:00,20.290000915527344,20.315000534057617,20.260000228881836,20.260000228881836,4567,0.0,0.0
2024-09-24 10:55:00-04:00,20.280000686645508,20.315000534057617,20.280000686645508,20.309999465942383,2239,0.0,0.0
2024-09-24 11:00:00-04:00,20.309999465942383,20.309999465942383,20.209999084472656,20.209999084472656,6764,0.0,0.0
2024-09-24 11:05:00-04:00,20.239999771118164,20.329999923706055,20.239999771118164,20.329999923706055,16564,0.0,0.0
2024-09-24 11:10:00-04:00,20.358600616455078,20.360000610351562,20.31999969482422,20.31999969482422,5569,0.0,0.0
2024-09-24 11:15:00-04:00,20.290000915527344,20.290000915527344,20.25,20.290000915527344,10818,0.0,0.0
2024-09-24 11:20:00-04:00,20.299999237060547,20.33989906311035,20.280000686645508,20.280000686645508,1914,0.0,0.0
2024-09-24 11:25:00-04:00,20.290000915527344,20.34000015258789,20.290000915527344,20.34000015258789,1927,0.0,0.0
2024-09-24 11:30:00-04:00,20.325000762939453,20.399999618530273,20.31999969482422,20.399999618530273,4527,0.0,0.0
2024-09-24 11:35:00-04:00,20.420000076293945,20.43000030517578,20.34000015258789,20.405000686645508,1841,0.0,0.0
2024-09-24 11:40:00-04:00,20.43000030517578,20.53499984741211,20.40999984741211,20.520000457763672,5363,0.0,0.0
2024-09-24 11:45:00-04:00,20.56999969482422,20.56999969482422,20.510000228881836,20.559999465942383,1614,0.0,0.0
2024-09-24 11:50:00-04:00,20.545000076293945,20.65999984741211,20.520000457763672,20.65999984741211,4065,0.0,0.0
2024-09-24 11:55:00-04:00,20.665000915527344,20.665000915527344,20.59709930419922,20.625,1816,0.0,0.0
2024-09-24 12:00:00-04:00,20.549999237060547,20.579999923706055,20.545000076293945,20.549999237060547,2336,0.0,0.0
2024-09-24 12:05:00-04:00,20.530000686645508,20.579999923706055,20.530000686645508,20.547399520874023,2320,0.0,0.0
2024-09-24 12:10:00-04:00,20.56999969482422,20.674100875854492,20.56999969482422,20.674100875854492,1877,0.0,0.0
2024-09-24 12:15:00-04:00,20.65999984741211,20.700000762939453,20.639999389648438,20.684999465942383,4096,0.0,0.0
2024-09-24 12:20:00-04:00,20.780000686645508,20.829999923706055,20.780000686645508,20.799999237060547,3207,0.0,0.0
2024-09-24 12:30:00-04:00,20.790000915527344,20.859699249267578,20.790000915527344,20.859699249267578,1746,0.0,0.0
2024-09-24 12:35:00-04:00,20.860000610351562,20.860000610351562,20.860000610351562,20.860000610351562,402,0.0,0.0
2024-09-24 12:40:00-04:00,20.850000381469727,20.850000381469727,20.850000381469727,20.850000381469727,624,0.0,0.0
2024-09-24 12:45:00-04:00,20.860000610351562,20.860000610351562,20.832500457763672,20.832500457763672,976,0.0,0.0
2024-09-24 12:50:00-04:00,20.850000381469727,20.860000610351562,20.84000015258789,20.84000015258789,1977,0.0,0.0
2024-09-24 12:55:00-04:00,20.809999465942383,20.842899322509766,20.809999465942383,20.814699172973633,1098,0.0,0.0
2024-09-24 13:00:00-04:00,20.829999923706055,20.950000762939453,20.829999923706055,20.950000762939453,2659,0.0,0.0
2024-09-24 13:05:00-04:00,20.979999542236328,20.979999542236328,20.969999313354492,20.969999313354492,1406,0.0,0.0
2024-09-24 13:10:00-04:00,20.895000457763672,20.90999984741211,20.895000457763672,20.90999984741211,359,0.0,0.0
2024-09-24 13:15:00-04:00,20.920000076293945,20.940000534057617,20.90999984741211,20.940000534057617,2760,0.0,0.0
2024-09-24 13:20:00-04:00,20.959999084472656,20.959999084472656,20.959999084472656,20.959999084472656,741,0.0,0.0
2024-09-24 13:25:00-04:00,20.96500015258789,20.989999771118164,20.96500015258789,20.989999771118164,1188,0.0,0.0
2024-09-24 13:30:00-04:00,20.979999542236328,21.030000686645508,20.979999542236328,21.030000686645508,2976,0.0,0.0
2024-09-24 13:35:00-04:00,21.042499542236328,21.06999969482422,21.042499542236328,21.06999969482422,1996,0.0,0.0
2024-09-24 13:40:00-04:00,21.060199737548828,21.1200008392334,21.060199737548828,21.110000610351562,3707,0.0,0.0
2024-09-24 13:45:00-04:00,21.149999618530273,21.200000762939453,21.149999618530273,21.200000762939453,1066,0.0,0.0
2024-09-24 13:50:00-04:00,21.190000534057617,21.299999237060547,21.190000534057617,21.299999237060547,8536,0.0,0.0
2024-09-24 13:55:00-04:00,21.290000915527344,21.309999465942383,21.290000915527344,21.309999465942383,2269,0.0,0.0
2024-09-24 14:00:00-04:00,21.36050033569336,21.459999084472656,21.36050033569336,21.459999084472656,5287,0.0,0.0
2024-09-24 14:05:00-04:00,21.46500015258789,21.510000228881836,21.450000762939453,21.475000381469727,9197,0.0,0.0
2024-09-24 14:10:00-04:00,21.51409912109375,21.520000457763672,21.489999771118164,21.489999771118164,761,0.0,0.0
2024-09-24 14:15:00-04:00,21.459999084472656,21.575000762939453,21.459999084472656,21.575000762939453,3671,0.0,0.0
2024-09-24 14:20:00-04:00,21.579999923706055,21.579999923706055,21.549999237060547,21.559999465942383,1082,0.0,0.0
2024-09-24 14:25:00-04:00,21.549999237060547,21.579999923706055,21.549999237060547,21.579999923706055,1764,0.0,0.0
2024-09-24 14:30:00-04:00,21.579999923706055,21.579999923706055,21.57069969177246,21.579999923706055,1571,0.0,0.0
2024-09-24 14:35:00-04:00,21.59000015258789,21.670000076293945,21.59000015258789,21.639999389648438,2427,0.0,0.0
2024-09-24 14:40:00-04:00,21.649999618530273,21.65999984741211,21.600000381469727,21.600000381469727,2104,0.0,0.0
2024-09-24 14:45:00-04:00,21.6200008392334,21.6200008392334,21.535900115966797,21.540000915527344,3185,0.0,0.0
2024-09-24 14:50:00-04:00,21.51569938659668,21.625,21.51569938659668,21.625,3184,0.0,0.0
2024-09-24 14:55:00-04:00,21.686500549316406,21.690000534057617,21.65999984741211,21.68199920654297,2720,0.0,0.0
2024-09-24 15:00:00-04:00,21.690000534057617,21.719999313354492,21.610000610351562,21.610000610351562,7938,0.0,0.0
2024-09-24 15:05:00-04:00,21.6200008392334,21.6200008392334,21.600000381469727,21.600000381469727,1034,0.0,0.0
2024-09-24 15:10:00-04:00,21.584999084472656,21.614999771118164,21.520000457763672,21.614999771118164,3519,0.0,0.0
2024-09-24 15:15:00-04:00,21.625,21.625,21.579999923706055,21.579999923706055,1222,0.0,0.0
2024-09-24 15:20:00-04:00,21.584999084472656,21.59000015258789,21.572999954223633,21.59000015258789,891,0.0,0.0
2024-09-24 15:25:00-04:00,21.582000732421875,21.59000015258789,21.579999923706055,21.584999084472656,1946,0.0,0.0
2024-09-24 15:30:00-04:00,21.57200050354004,21.579999923706055,21.489999771118164,21.540000915527344,31681,0.0,0.0
2024-09-24 15:35:00-04:00,21.549999237060547,21.56999969482422,21.5,21.56999969482422,8522,0.0,0.0
2024-09-24 15:40:00-04:00,21.56999969482422,21.579999923706055,21.520000457763672,21.549999237060547,5760,0.0,0.0
2024-09-24 15:45:00-04:00,21.559999465942383,21.625999450683594,21.559999465942383,21.579999923706055,9595,0.0,0.0
2024-09-24 15:50:00-04:00,21.56999969482422,21.56999969482422,21.489999771118164,21.5,21562,0.0,0.0
2024-09-24 15:55:00-04:00,21.5,21.610000610351562,21.489999771118164,21.610000610351562,60468,0.0,0.0
2024-09-25 09:30:00-04:00,20.229999542236328,20.450000762939453,20.170000076293945,20.358999252319336,32842,0.0,0.0
2024-09-25 09:35:00-04:00,20.30500030517578,20.3700008392334,20.260000228881836,20.360000610351562,11263,0.0,0.0
2024-09-25 09:40:00-04:00,20.347299575805664,20.450000762939453,20.31999969482422,20.420000076293945,21291,0.0,0.0
2024-09-25 09:45:00-04:00,20.344999313354492,20.399999618530273,20.34000015258789,20.360000610351562,18075,0.0,0.0
2024-09-25 09:50:00-04:00,20.34000015258789,20.440000534057617,20.34000015258789,20.399999618530273,12337,0.0,0.0
2024-09-25 09:55:00-04:00,20.405000686645508,20.5,20.399999618530273,20.5,13025,0.0,0.0
2024-09-25 10:00:00-04:00,20.469999313354492,20.5,20.43000030517578,20.469999313354492,8218,0.0,0.0
2024-09-25 10:05:00-04:00,20.485000610351562,20.565000534057617,20.485000610351562,20.520000457763672,19117,0.0,0.0
2024-09-25 10:10:00-04:00,20.530000686645508,20.549999237060547,20.459999084472656,20.459999084472656,6565,0.0,0.0
2024-09-25 10:15:00-04:00,20.479999542236328,20.56999969482422,20.479999542236328,20.489999771118164,10101,0.0,0.0
2024-09-25 10:20:00-04:00,20.469999313354492,20.5,20.469999313354492,20.469999313354492,4082,0.0,0.0
2024-09-25 10:25:00-04:00,20.489999771118164,20.575000762939453,20.450000762939453,20.575000762939453,14832,0.0,0.0
2024-09-25 10:30:00-04:00,20.56999969482422,20.690000534057617,20.56999969482422,20.6299991607666,5033,0.0,0.0
2024-09-25 10:35:00-04:00,20.6299991607666,20.6299991607666,20.600000381469727,20.610000610351562,2047,0.0,0.0
2024-09-25 10:40:00-04:00,20.610000610351562,20.6200008392334,20.600000381469727,20.600000381469727,2870,0.0,0.0
2024-09-25 10:45:00-04:00,20.600000381469727,20.709999084472656,20.600000381469727,20.700000762939453,10266,0.0,0.0
2024-09-25 10:50:00-04:00,20.665000915527344,20.75,20.665000915527344,20.69499969482422,7210,0.0,0.0
2024-09-25 10:55:00-04:00,20.690000534057617,20.700000762939453,20.690000534057617,20.69499969482422,1558,0.0,0.0
2024-09-25 11:00:00-04:00,20.71500015258789,20.8799991607666,20.700000762939453,20.829999923706055,10198,0.0,0.0
2024-09-25 11:05:00-04:00,20.850000381469727,20.93000030517578,20.850000381469727,20.93000030517578,3812,0.0,0.0
2024-09-25 11:10:00-04:00,20.899999618530273,20.940000534057617,20.860000610351562,20.920000076293945,4596,0.0,0.0
2024-09-25 11:15:00-04:00,20.920000076293945,21.020000457763672,20.8700008392334,20.893600463867188,8046,0.0,0.0
2024-09-25 11:20:00-04:00,20.8700008392334,20.899999618530273,20.690000534057617,20.741300582885742,13246,0.0,0.0
2024-09-25 11:25:00-04:00,20.739999771118164,20.739999771118164,20.670000076293945,20.690000534057617,6903,0.0,0.0
2024-09-25 11:30:00-04:00,20.700000762939453,20.739999771118164,20.700000762939453,20.700000762939453,1310,0.0,0.0
2024-09-25 11:35:00-04:00,20.690000534057617,20.709999084472656,20.690000534057617,20.700000762939453,2406,0.0,0.0
2024-09-25 11:40:00-04:00,20.700000762939453,20.709999084472656,20.65999984741211,20.68000030517578,15706,0.0,0.0
2024-09-25 11:45:00-04:00,20.670000076293945,20.690000534057617,20.59000015258789,20.59000015258789,17893,0.0,0.0
2024-09-25 11:50:00-04:00,20.56999969482422,20.610000610351562,20.56999969482422,20.59000015258789,6249,0.0,0.0
2024-09-25 11:55:00-04:00,20.59000015258789,20.610000610351562,20.56999969482422,20.584999084472656,2922,0.0,0.0
2024-09-25 12:00:00-04:00,20.594999313354492,20.649999618530273,20.594999313354492,20.649999618530273,3302,0.0,0.0
2024-09-25 12:05:00-04:00,20.655000686645508,20.68000030517578,20.559999465942383,20.559999465942383,5756,0.0,0.0
2024-09-25 12:10:00-04:00,20.559999465942383,20.559999465942383,20.545000076293945,20.545000076293945,2234,0.0,0.0
2024-09-25 12:15:00-04:00,20.549999237060547,20.549999237060547,20.5,20.510000228881836,2072,0.0,0.0
2024-09-25 12:20:00-04:00,20.520000457763672,20.610000610351562,20.482500076293945,20.600000381469727,18837,0.0,0.0
2024-09-25 12:25:00-04:00,20.610000610351562,20.639999389648438,20.56999969482422,20.639999389648438,832,0.0,0.0
2024-09-25 12:30:00-04:00,20.56999969482422,20.62929916381836,20.559999465942383,20.584999084472656,1992,0.0,0.0
2024-09-25 12:35:00-04:00,20.559999465942383,20.649999618530273,20.559999465942383,20.639999389648438,3477,0.0,0.0
2024-09-25 12:40:00-04:00,20.66309928894043,20.670000076293945,20.66309928894043,20.670000076293945,497,0.0,0.0
2024-09-25 12:45:00-04:00,20.639999389648438,20.670000076293945,20.639999389648438,20.65999984741211,2209,0.0,0.0
2024-09-25 12:50:00-04:00,20.639999389648438,20.649999618530273,20.639999389648438,20.649999618530273,545,0.0,0.0
2024-09-25 12:55:00-04:00,20.645000457763672,20.649999618530273,20.645000457763672,20.649999618530273,1874,0.0,0.0
2024-09-25 13:00:00-04:00,20.639999389648438,20.700000762939453,20.639999389648438,20.6825008392334,2325,0.0,0.0
2024-09-25 13:05:00-04:00,20.65999984741211,20.700000762939453,20.655000686645508,20.662500381469727,3558,0.0,0.0
2024-09-25 13:10:00-04:00,20.645000457763672,20.65999984741211,20.62470054626465,20.65999984741211,2539,0.0,0.0
2024-09-25 13:15:00-04:00,20.635000228881836,20.68000030517578,20.6299991607666,20.665000915527344,4267,0.0,0.0
2024-09-25 13:20:00-04:00,20.665000915527344,20.700000762939453,20.665000915527344,20.700000762939453,2838,0.0,0.0
2024-09-25 13:25:00-04:00,20.709999084472656,20.729999542236328,20.709999084472656,20.729999542236328,2680,0.0,0.0
2024-09-25 13:30:00-04:00,20.735000610351562,20.739999771118164,20.690000534057617,20.704999923706055,5102,0.0,0.0
2024-09-25 13:35:00-04:00,20.719999313354492,20.719999313354492,20.639999389648438,20.655000686645508,7038,0.0,0.0
2024-09-25 13:40:00-04:00,20.68000030517578,20.690000534057617,20.65999984741211,20.670000076293945,3803,0.0,0.0
2024-09-25 13:45:00-04:00,20.690000534057617,20.700000762939453,20.645000457763672,20.690000534057617,5572,0.0,0.0
2024-09-25 13:50:00-04:00,20.649999618530273,20.700000762939453,20.600000381469727,20.649999618530273,12383,0.0,0.0
2024-09-25 13:55:00-04:00,20.649999618530273,20.649999618530273,20.56999969482422,20.56999969482422,3746,0.0,0.0
2024-09-25 14:00:00-04:00,20.584999084472656,20.600000381469727,20.479999542236328,20.524999618530273,6054,0.0,0.0
2024-09-25 14:05:00-04:00,20.530000686645508,20.63290023803711,20.524999618530273,20.63290023803711,8065,0.0,0.0
2024-09-25 14:10:00-04:00,20.610000610351562,20.6299991607666,20.579999923706055,20.6299991607666,7874,0.0,0.0
2024-09-25 14:15:00-04:00,20.600000381469727,20.639999389648438,20.600000381469727,20.6299991607666,3431,0.0,0.0
2024-09-25 14:20:00-04:00,20.614999771118164,20.6299991607666,20.594999313354492,20.614999771118164,3978,0.0,0.0
2024-09-25 14:25:00-04:00,20.6200008392334,20.6200008392334,20.594999313354492,20.610000610351562,5909,0.0,0.0
2024-09-25 14:30:00-04:00,20.639999389648438,20.639999389648438,20.579999923706055,20.600000381469727,4033,0.0,0.0
2024-09-25 14:35:00-04:00,20.6299991607666,20.639999389648438,20.610000610351562,20.6200008392334,4481,0.0,0.0
2024-09-25 14:40:00-04:00,20.6200008392334,20.6299991607666,20.600000381469727,20.610000610351562,2926,0.0,0.0
2024-09-25 14:45:00-04:00,20.610000610351562,20.6299991607666,20.600000381469727,20.604999542236328,6733,0.0,0.0
2024-09-25 14:50:00-04:00,20.600000381469727,20.639999389648438,20.594999313354492,20.6200008392334,5288,0.0,0.0
2024-09-25 14:55:00-04:00,20.6299991607666,20.6299991607666,20.600000381469727,20.6200008392334,4852,0.0,0.0
2024-09-25 15:00:00-04:00,20.600000381469727,20.610000610351562,20.559999465942383,20.559999465942383,8144,0.0,0.0
2024-09-25 15:05:00-04:00,20.510000228881836,20.549999237060547,20.479999542236328,20.540000915527344,5399,0.0,0.0
2024-09-25 15:10:00-04:00,20.510000228881836,20.530000686645508,20.5,20.530000686645508,9649,0.0,0.0
2024-09-25 15:15:00-04:00,20.520000457763672,20.549999237060547,20.4950008392334,20.520000457763672,8937,0.0,0.0
2024-09-25 15:20:00-04:00,20.5,20.520000457763672,20.479999542236328,20.5,6624,0.0,0.0
2024-09-25 15:25:00-04:00,20.5,20.5,20.350000381469727,20.3700008392334,7741,0.0,0.0
2024-09-25 15:30:00-04:00,20.3700008392334,20.3700008392334,20.25,20.260000228881836,12382,0.0,0.0
2024-09-25 15:35:00-04:00,20.270000457763672,20.325000762939453,20.270000457763672,20.31999969482422,14029,0.0,0.0
2024-09-25 15:40:00-04:00,20.329999923706055,20.34000015258789,20.29400062561035,20.325000762939453,8609,0.0,0.0
2024-09-25 15:45:00-04:00,20.34000015258789,20.3700008392334,20.295000076293945,20.360000610351562,13816,0.0,0.0
2024-09-25 15:50:00-04:00,20.360000610351562,20.40999984741211,20.354999542236328,20.364999771118164,45674,0.0,0.0
2024-09-25 15:55:00-04:00,20.3700008392334,20.395000457763672,20.280000686645508,20.329999923706055,50626,0.0,0.0
2024-09-26 09:30:00-04:00,20.809999465942383,21.1200008392334,20.809999465942383,20.979999542236328,14119,0.0,0.0
2024-09-26 09:35:00-04:00,20.979999542236328,21.045000076293945,20.920000076293945,20.969999313354492,25671,0.0,0.0
2024-09-26 09:40:00-04:00,20.927499771118164,21.0049991607666,20.927499771118164,21.0049991607666,3818,0.0,0.0
2024-09-26 09:45:00-04:00,21.024999618530273,21.059999465942383,20.899999618530273,20.975000381469727,11345,0.0,0.0
2024-09-26 09:50:00-04:00,20.975000381469727,21.084999084472656,20.975000381469727,21.084999084472656,5397,0.0,0.0
2024-09-26 09:55:00-04:00,21.084999084472656,21.18000030517578,21.084999084472656,21.149999618530273,14353,0.0,0.0
2024-09-26 10:00:00-04:00,21.190000534057617,21.209999084472656,21.174999237060547,21.209999084472656,3879,0.0,0.0
2024-09-26 10:05:00-04:00,21.18000030517578,21.375,21.170000076293945,21.375,10048,0.0,0.0
2024-09-26 10:10:00-04:00,21.3700008392334,21.5,21.360000610351562,21.407499313354492,10156,0.0,0.0
2024-09-26 10:15:00-04:00,21.405000686645508,21.429500579833984,21.344999313354492,21.40999984741211,13761,0.0,0.0
2024-09-26 10:20:00-04:00,21.40999984741211,21.479999542236328,21.405000686645508,21.475000381469727,4902,0.0,0.0
2024-09-26 10:25:00-04:00,21.46500015258789,21.5,21.459999084472656,21.489999771118164,5649,0.0,0.0
2024-09-26 10:30:00-04:00,21.46500015258789,21.50200080871582,21.459999084472656,21.479999542236328,7075,0.0,0.0
2024-09-26 10:35:00-04:00,21.479999542236328,21.547700881958008,21.459999084472656,21.547700881958008,7012,0.0,0.0
2024-09-26 10:40:00-04:00,21.489999771118164,21.489999771118164,21.40999984741211,21.40999984741211,7404,0.0,0.0
2024-09-26 10:45:00-04:00,21.440000534057617,21.459999084472656,21.416000366210938,21.44499969482422,4512,0.0,0.0
2024-09-26 10:50:00-04:00,21.44499969482422,21.5,21.44499969482422,21.485000610351562,3336,0.0,0.0
2024-09-26 10:55:00-04:00,21.485000610351562,21.540000915527344,21.459999084472656,21.510000228881836,8356,0.0,0.0
2024-09-26 11:00:00-04:00,21.5,21.520000457763672,21.475000381469727,21.510000228881836,8376,0.0,0.0
2024-09-26 11:05:00-04:00,21.485000610351562,21.524999618530273,21.475000381469727,21.524999618530273,5288,0.0,0.0
2024-09-26 11:10:00-04:00,21.524999618530273,21.600000381469727,21.4950008392334,21.584999084472656,11551,0.0,0.0
2024-09-26 11:15:00-04:00,21.579999923706055,21.704999923706055,21.579999923706055,21.704999923706055,4007,0.0,0.0
2024-09-26 11:20:00-04:00,21.709999084472656,21.854999542236328,21.709999084472656,21.790000915527344,8701,0.0,0.0
2024-09-26 11:25:00-04:00,21.78499984741211,21.790000915527344,21.764999389648438,21.774999618530273,1991,0.0,0.0
2024-09-26 11:30:00-04:00,21.790000915527344,21.809999465942383,21.790000915527344,21.795000076293945,1212,0.0,0.0
2024-09-26 11:35:00-04:00,21.799999237060547,21.799999237060547,21.725000381469727,21.770000457763672,3614,0.0,0.0
2024-09-26 11:40:00-04:00,21.75,21.780000686645508,21.75,21.760000228881836,1029,0.0,0.0
2024-09-26 11:45:00-04:00,21.760000228881836,21.760000228881836,21.59000015258789,21.649999618530273,4947,0.0,0.0
2024-09-26 11:50:00-04:00,21.649999618530273,21.65999984741211,21.639999389648438,21.639999389648438,811,0.0,0.0
2024-09-26 11:55:00-04:00,21.639999389648438,21.639999389648438,21.639999389648438,21.639999389648438,696,0.0,0.0
2024-09-26 12:00:00-04:00,21.68000030517578,21.799999237060547,21.68000030517578,21.75,9428,0.0,0.0
2024-09-26 12:05:00-04:00,21.760000228881836,21.780000686645508,21.739999771118164,21.739999771118164,891,0.0,0.0
2024-09-26 12:10:00-04:00,21.719999313354492,21.719999313354492,21.709999084472656,21.709999084472656,2011,0.0,0.0
2024-09-26 12:15:00-04:00,21.56999969482422,21.584999084472656,21.520000457763672,21.549999237060547,6977,0.0,0.0
2024-09-26 12:20:00-04:00,21.5,21.540000915527344,21.5,21.540000915527344,3227,0.0,0.0
2024-09-26 12:25:00-04:00,21.510000228881836,21.520000457763672,21.489999771118164,21.5,5292,0.0,0.0
2024-09-26 12:30:00-04:00,21.5,21.5,21.479999542236328,21.485000610351562,1885,0.0,0.0
2024-09-26 12:35:00-04:00,21.489999771118164,21.510000228881836,21.489999771118164,21.489999771118164,3488,0.0,0.0
2024-09-26 12:40:00-04:00,21.520000457763672,21.520000457763672,21.5,21.5,2095,0.0,0.0
2024-09-26 12:45:00-04:00,21.5,21.549999237060547,21.497600555419922,21.530000686645508,4780,0.0,0.0
2024-09-26 12:50:00-04:00,21.530000686645508,21.539899826049805,21.5,21.5049991607666,3215,0.0,0.0
2024-09-26 12:55:00-04:00,21.5,21.520000457763672,21.485000610351562,21.4950008392334,3174,0.0,0.0
2024-09-26 13:00:00-04:00,21.4950008392334,21.5,21.479999542236328,21.5,6779,0.0,0.0
2024-09-26 13:05:00-04:00,21.5,21.530000686645508,21.485000610351562,21.520000457763672,10680,0.0,0.0
2024-09-26 13:10:00-04:00,21.5049991607666,21.5049991607666,21.489999771118164,21.5,3037,0.0,0.0
2024-09-26 13:15:00-04:00,21.5,21.540000915527344,21.489999771118164,21.540000915527344,6056,0.0,0.0
2024-09-26 13:20:00-04:00,21.540000915527344,21.559999465942383,21.4950008392334,21.514999389648438,3104,0.0,0.0
2024-09-26 13:25:00-04:00,21.520000457763672,21.540000915527344,21.49489974975586,21.53499984741211,4760,0.0,0.0
2024-09-26 13:30:00-04:00,21.549999237060547,21.684999465942383,21.549999237060547,21.684999465942383,6942,0.0,0.0
2024-09-26 13:35:00-04:00,21.700000762939453,21.799999237060547,21.674999237060547,21.674999237060547,21102,0.0,0.0
2024-09-26 13:40:00-04:00,21.68000030517578,21.700000762939453,21.645000457763672,21.700000762939453,6566,0.0,0.0
2024-09-26 13:45:00-04:00,21.71500015258789,21.71500015258789,21.690000534057617,21.700000762939453,1608,0.0,0.0
2024-09-26 13:50:00-04:00,21.709999084472656,21.71500015258789,21.709999084472656,21.71500015258789,2310,0.0,0.0
2024-09-26 13:55:00-04:00,21.739999771118164,21.799999237060547,21.729999542236328,21.735000610351562,7833,0.0,0.0
2024-09-26 14:00:00-04:00,21.735000610351562,21.797000885009766,21.735000610351562,21.78499984741211,6907,0.0,0.0
2024-09-26 14:05:00-04:00,21.799999237060547,21.850000381469727,21.795000076293945,21.84000015258789,5714,0.0,0.0
2024-09-26 14:10:00-04:00,21.829999923706055,21.928499221801758,21.829999923706055,21.928499221801758,7363,0.0,0.0
2024-09-26 14:15:00-04:00,21.93000030517578,22.07990074157715,21.93000030517578,22.0,83499,0.0,0.0
2024-09-26 14:20:00-04:00,22.049999237060547,22.09000015258789,22.049999237060547,22.05500030517578,3916,0.0,0.0
2024-09-26 14:25:00-04:00,22.06999969482422,22.18000030517578,22.065000534057617,22.18000030517578,7537,0.0,0.0
2024-09-26 14:30:00-04:00,22.184999465942383,22.344999313354492,22.184999465942383,22.299999237060547,26935,0.0,0.0
2024-09-26 14:35:00-04:00,22.34000015258789,22.459999084472656,22.31999969482422,22.34000015258789,20411,0.0,0.0
2024-09-26 14:40:00-04:00,22.364999771118164,22.3799991607666,22.31999969482422,22.350000381469727,5780,0.0,0.0
2024-09-26 14:45:00-04:00,22.364999771118164,22.405000686645508,22.350000381469727,22.399999618530273,7466,0.0,0.0
2024-09-26 14:50:00-04:00,22.420000076293945,22.649999618530273,22.420000076293945,22.649999618530273,14623,0.0,0.0
2024-09-26 14:55:00-04:00,22.6299991607666,22.655000686645508,22.520000457763672,22.520000457763672,10571,0.0,0.0
2024-09-26 15:00:00-04:00,22.5049991607666,22.844999313354492,22.5049991607666,22.829999923706055,14167,0.0,0.0
2024-09-26 15:05:00-04:00,22.8700008392334,22.8700008392334,22.6299991607666,22.635000228881836,22445,0.0,0.0
2024-09-26 15:10:00-04:00,22.670000076293945,22.729999542236328,22.614999771118164,22.670000076293945,63960,0.0,0.0
2024-09-26 15:15:00-04:00,22.670000076293945,22.751800537109375,22.670000076293945,22.684999465942383,10222,0.0,0.0
2024-09-26 15:20:00-04:00,22.670000076293945,22.709999084472656,22.549999237060547,22.549999237060547,6684,0.0,0.0
2024-09-26 15:25:00-04:00,22.559999465942383,22.579999923706055,22.415000915527344,22.459999084472656,18622,0.0,0.0
2024-09-26 15:30:00-04:00,22.469999313354492,22.579999923706055,22.461999893188477,22.549999237060547,69186,0.0,0.0
2024-09-26 15:35:00-04:00,22.55500030517578,22.613800048828125,22.55500030517578,22.592500686645508,27692,0.0,0.0
2024-09-26 15:40:00-04:00,22.591999053955078,22.594999313354492,22.540000915527344,22.549999237060547,40336,0.0,0.0
2024-09-26 15:45:00-04:00,22.549999237060547,22.6200008392334,22.549999237060547,22.604999542236328,39182,0.0,0.0
2024-09-26 15:50:00-04:00,22.600000381469727,22.610000610351562,22.549999237060547,22.579999923706055,104920,0.0,0.0
2024-09-26 15:55:00-04:00,22.584999084472656,22.704999923706055,22.510000228881836,22.600000381469727,328616,0.0,0.0
2024-09-27 09:30:00-04:00,23.690000534057617,23.899999618530273,23.299999237060547,23.299999237060547,83056,0.0,0.0
2024-09-27 09:35:00-04:00,23.299999237060547,23.30389976501465,23.010000228881836,23.229999542236328,11955,0.0,0.0
2024-09-27 09:40:00-04:00,23.229999542236328,23.229999542236328,23.100000381469727,23.206499099731445,6078,0.0,0.0
2024-09-27 09:45:00-04:00,23.200000762939453,23.420000076293945,23.18000030517578,23.40999984741211,10737,0.0,0.0
2024-09-27 09:50:00-04:00,23.429899215698242,23.488000869750977,23.290000915527344,23.309999465942383,17032,0.0,0.0
2024-09-27 09:55:00-04:00,23.260000228881836,23.3799991607666,23.2549991607666,23.360000610351562,8638,0.0,0.0
2024-09-27 10:00:00-04:00,23.329999923706055,23.3700008392334,23.260000228881836,23.290000915527344,12300,0.0,0.0
2024-09-27 10:05:00-04:00,23.31999969482422,23.514999389648438,23.290000915527344,23.479999542236328,26442,0.0,0.0
2024-09-27 10:10:00-04:00,23.40999984741211,23.440000534057617,23.21500015258789,23.295000076293945,15434,0.0,0.0
2024-09-27 10:15:00-04:00,23.30500030517578,23.30500030517578,23.239999771118164,23.239999771118164,2031,0.0,0.0
2024-09-27 10:20:00-04:00,23.290000915527344,23.3700008392334,23.290000915527344,23.30500030517578,8603,0.0,0.0
2024-09-27 10:25:00-04:00,23.325000762939453,23.329999923706055,23.290000915527344,23.329999923706055,2416,0.0,0.0
2024-09-27 10:30:00-04:00,23.329999923706055,23.329999923706055,23.290000915527344,23.290000915527344,5891,0.0,0.0
2024-09-27 10:35:00-04:00,23.309999465942383,23.350000381469727,23.290000915527344,23.325000762939453,28138,0.0,0.0
2024-09-27 10:40:00-04:00,23.325000762939453,23.469999313354492,23.299999237060547,23.399999618530273,40431,0.0,0.0
2024-09-27 10:45:00-04:00,23.389999389648438,23.68000030517578,23.299999237060547,23.549999237060547,45749,0.0,0.0
2024-09-27 10:50:00-04:00,23.59000015258789,23.59000015258789,23.489999771118164,23.549999237060547,7422,0.0,0.0
2024-09-27 10:55:00-04:00,23.530000686645508,23.670000076293945,23.530000686645508,23.6299991607666,10544,0.0,0.0
2024-09-27 11:00:00-04:00,23.670000076293945,23.84000015258789,23.670000076293945,23.834999084472656,9284,0.0,0.0
2024-09-27 11:05:00-04:00,23.81999969482422,23.950000762939453,23.81999969482422,23.950000762939453,11109,0.0,0.0
2024-09-27 11:10:00-04:00,23.949899673461914,24.200000762939453,23.940000534057617,24.200000762939453,19714,0.0,0.0
2024-09-27 11:15:00-04:00,24.209999084472656,24.209999084472656,24.139999389648438,24.190000534057617,4878,0.0,0.0
2024-09-27 11:20:00-04:00,24.270000457763672,24.459999084472656,24.270000457763672,24.329999923706055,25593,0.0,0.0
2024-09-27 11:25:00-04:00,24.235000610351562,24.34000015258789,24.21500015258789,24.21500015258789,28700,0.0,0.0
2024-09-27 11:30:00-04:00,24.225000381469727,24.225000381469727,24.020000457763672,24.075000762939453,24988,0.0,0.0
2024-09-27 11:35:00-04:00,24.040000915527344,24.110000610351562,23.899999618530273,23.920000076293945,10291,0.0,0.0
2024-09-27 11:40:00-04:00,23.950000762939453,24.094999313354492,23.950000762939453,24.094999313354492,6735,0.0,0.0
2024-09-27 11:45:00-04:00,24.014699935913086,24.014699935913086,23.934999465942383,24.0,8864,0.0,0.0
2024-09-27 11:50:00-04:00,24.010000228881836,24.010000228881836,23.90999984741211,23.920000076293945,4649,0.0,0.0
2024-09-27 11:55:00-04:00,23.90999984741211,23.934999465942383,23.860000610351562,23.860000610351562,3073,0.0,0.0
2024-09-27 12:00:00-04:00,23.860000610351562,23.889999389648438,23.860000610351562,23.864999771118164,2397,0.0,0.0
2024-09-27 12:05:00-04:00,23.8799991607666,23.959999084472656,23.875,23.94499969482422,17160,0.0,0.0
2024-09-27 12:10:00-04:00,23.950000762939453,24.010000228881836,23.950000762939453,24.0,4947,0.0,0.0
2024-09-27 12:15:00-04:00,23.9950008392334,23.9950008392334,23.93000030517578,23.934999465942383,2391,0.0,0.0
2024-09-27 12:20:00-04:00,23.934999465942383,23.940000534057617,23.8799991607666,23.930599212646484,11726,0.0,0.0
2024-09-27 12:25:00-04:00,23.8700008392334,23.950000762939453,23.8700008392334,23.924999237060547,8691,0.0,0.0
2024-09-27 12:30:00-04:00,23.93000030517578,23.979999542236328,23.924999237060547,23.950000762939453,6402,0.0,0.0
2024-09-27 12:35:00-04:00,23.93000030517578,24.040000915527344,23.929100036621094,24.024999618530273,8874,0.0,0.0
2024-09-27 12:40:00-04:00,24.02199935913086,24.049999237060547,23.989999771118164,24.024999618530273,4208,0.0,0.0
2024-09-27 12:45:00-04:00,24.024999618530273,24.1299991607666,24.024999618530273,24.030000686645508,51556,0.0,0.0
2024-09-27 12:50:00-04:00,23.979999542236328,24.030000686645508,23.975000381469727,24.030000686645508,2860,0.0,0.0
2024-09-27 12:55:00-04:00,24.0049991607666,24.0049991607666,23.979999542236328,23.979999542236328,2637,0.0,0.0
2024-09-27 13:00:00-04:00,23.979999542236328,24.0,23.969999313354492,23.969999313354492,1677,0.0,0.0
2024-09-27 13:05:00-04:00,23.959999084472656,23.969999313354492,23.90999984741211,23.90999984741211,8627,0.0,0.0
2024-09-27 13:10:00-04:00,23.90999984741211,23.91189956665039,23.899999618530273,23.90999984741211,14284,0.0,0.0
2024-09-27 13:15:00-04:00,23.915000915527344,23.950000762939453,23.899999618530273,23.940000534057617,6009,0.0,0.0
2024-09-27 13:20:00-04:00,23.90999984741211,24.045000076293945,23.90999984741211,24.045000076293945,4896,0.0,0.0
2024-09-27 13:25:00-04:00,24.045000076293945,24.065000534057617,24.0,24.049999237060547,4933,0.0,0.0
2024-09-27 13:30:00-04:00,24.010000228881836,24.049999237060547,24.0,24.03499984741211,2737,0.0,0.0
2024-09-27 13:35:00-04:00,24.0,24.039899826049805,24.0,24.0049991607666,2504,0.0,0.0
2024-09-27 13:40:00-04:00,24.0049991607666,24.174999237060547,24.0049991607666,24.174999237060547,9534,0.0,0.0
2024-09-27 13:45:00-04:00,24.170000076293945,24.170000076293945,24.110000610351562,24.110000610351562,4230,0.0,0.0
2024-09-27 13:55:00-04:00,24.145000457763672,24.145000457763672,24.100000381469727,24.139999389648438,1800,0.0,0.0
2024-09-27 14:00:00-04:00,24.135000228881836,24.135000228881836,24.049999237060547,24.049999237060547,2316,0.0,0.0
2024-09-27 14:05:00-04:00,24.020000457763672,24.05500030517578,23.8700008392334,23.889999389648438,38379,0.0,0.0
2024-09-27 14:10:00-04:00,23.920000076293945,23.93000030517578,23.889999389648438,23.90999984741211,9763,0.0,0.0
2024-09-27 14:15:00-04:00,23.927499771118164,23.950000762939453,23.899999618530273,23.899999618530273,1829,0.0,0.0
2024-09-27 14:20:00-04:00,23.950000762939453,23.950000762939453,23.899999618530273,23.899999618530273,1672,0.0,0.0
2024-09-27 14:25:00-04:00,23.920000076293945,23.920000076293945,23.739999771118164,23.739999771118164,13899,0.0,0.0
2024-09-27 14:30:00-04:00,23.690000534057617,23.764999389648438,23.580699920654297,23.6299991607666,7817,0.0,0.0
2024-09-27 14:35:00-04:00,23.649999618530273,23.649999618530273,23.56999969482422,23.56999969482422,3964,0.0,0.0
2024-09-27 14:40:00-04:00,23.6299991607666,23.649999618530273,23.56999969482422,23.649999618530273,6535,0.0,0.0
2024-09-27 14:45:00-04:00,23.6200008392334,23.6299991607666,23.600000381469727,23.6299991607666,2663,0.0,0.0
2024-09-27 14:50:00-04:00,23.6299991607666,23.649999618530273,23.6299991607666,23.649999618530273,1662,0.0,0.0
2024-09-27 14:55:00-04:00,23.645000457763672,23.655000686645508,23.59000015258789,23.610000610351562,9973,0.0,0.0
2024-09-27 15:00:00-04:00,23.610000610351562,23.610000610351562,23.59000015258789,23.59000015258789,6734,0.0,0.0
2024-09-27 15:05:00-04:00,23.6200008392334,23.639999389648438,23.610000610351562,23.6200008392334,1609,0.0,0.0
2024-09-27 15:10:00-04:00,23.600000381469727,23.6200008392334,23.600000381469727,23.6200008392334,4100,0.0,0.0
2024-09-27 15:15:00-04:00,23.59000015258789,23.6200008392334,23.59000015258789,23.6200008392334,3006,0.0,0.0
2024-09-27 15:20:00-04:00,23.639999389648438,23.69499969482422,23.635000228881836,23.69499969482422,4790,0.0,0.0
2024-09-27 15:25:00-04:00,23.719999313354492,23.780000686645508,23.690000534057617,23.75,8391,0.0,0.0
2024-09-27 15:30:00-04:00,23.760000228881836,23.770000457763672,23.69499969482422,23.704999923706055,11048,0.0,0.0
2024-09-27 15:35:00-04:00,23.704999923706055,23.704999923706055,23.594999313354492,23.6299991607666,5326,0.0,0.0
2024-09-27 15:40:00-04:00,23.639999389648438,23.65999984741211,23.590999603271484,23.65999984741211,27031,0.0,0.0
2024-09-27 15:45:00-04:00,23.645000457763672,23.65999984741211,23.510000228881836,23.545000076293945,44537,0.0,0.0
2024-09-27 15:50:00-04:00,23.549999237060547,23.649999618530273,23.549999237060547,23.625,15065,0.0,0.0
2024-09-27 15:55:00-04:00,23.6200008392334,23.700000762939453,23.600000381469727,23.649999618530273,76693,0.0,0.0
2024-09-30 09:30:00-04:00,24.040000915527344,24.739999771118164,24.030000686645508,24.639999389648438,40025,0.0,0.0
2024-09-30 09:35:00-04:00,24.65999984741211,25.0,24.6560001373291,24.989999771118164,26129,0.0,0.0
2024-09-30 09:40:00-04:00,25.0,25.0,24.899999618530273,24.950000762939453,75687,0.0,0.0
2024-09-30 09:45:00-04:00,24.975000381469727,24.975000381469727,24.84429931640625,24.84429931640625,22986,0.0,0.0
2024-09-30 09:50:00-04:00,24.850000381469727,24.989999771118164,24.740999221801758,24.920000076293945,15574,0.0,0.0
2024-09-30 09:55:00-04:00,24.920000076293945,25.014999389648438,24.8799991607666,24.8799991607666,73269,0.0,0.0
2024-09-30 10:00:00-04:00,24.885000228881836,24.920000076293945,24.75,24.8700008392334,14925,0.0,0.0
2024-09-30 10:05:00-04:00,24.899999618530273,24.899999618530273,24.825000762939453,24.829999923706055,3720,0.0,0.0
2024-09-30 10:10:00-04:00,24.834999084472656,24.874500274658203,24.729999542236328,24.84000015258789,11573,0.0,0.0
2024-09-30 10:15:00-04:00,24.790000915527344,24.790000915527344,24.604999542236328,24.700000762939453,13660,0.0,0.0
2024-09-30 10:20:00-04:00,24.665000915527344,24.739999771118164,24.639999389648438,24.709999084472656,16697,0.0,0.0
2024-09-30 10:25:00-04:00,24.704999923706055,24.8799991607666,24.670000076293945,24.719999313354492,49563,0.0,0.0
2024-09-30 10:30:00-04:00,24.663299560546875,24.719999313354492,24.520000457763672,24.540000915527344,3727,0.0,0.0
2024-09-30 10:35:00-04:00,24.540000915527344,24.600000381469727,24.399999618530273,24.510000228881836,15416,0.0,0.0
2024-09-30 10:40:00-04:00,24.485000610351562,24.485000610351562,24.399999618530273,24.450000762939453,4294,0.0,0.0
2024-09-30 10:45:00-04:00,24.450000762939453,24.559999465942383,24.43000030517578,24.510000228881836,18890,0.0,0.0
2024-09-30 10:50:00-04:00,24.5,24.520000457763672,24.420000076293945,24.489999771118164,36234,0.0,0.0
2024-09-30 10:55:00-04:00,24.485000610351562,24.485000610351562,24.31999969482422,24.360000610351562,6564,0.0,0.0
2024-09-30 11:00:00-04:00,24.389999389648438,24.485000610351562,24.389999389648438,24.485000610351562,5309,0.0,0.0
2024-09-30 11:05:00-04:00,24.489999771118164,24.489999771118164,24.364999771118164,24.3799991607666,4745,0.0,0.0
2024-09-30 11:10:00-04:00,24.3700008392334,24.420000076293945,24.34000015258789,24.389999389648438,2172,0.0,0.0
2024-09-30 11:15:00-04:00,24.360000610351562,24.40999984741211,24.360000610351562,24.385000228881836,3566,0.0,0.0
2024-09-30 11:20:00-04:00,24.360000610351562,24.479999542236328,24.360000610351562,24.440000534057617,7086,0.0,0.0
2024-09-30 11:25:00-04:00,24.440000534057617,24.440000534057617,24.290000915527344,24.290000915527344,5300,0.0,0.0
2024-09-30 11:30:00-04:00,24.280000686645508,24.280000686645508,24.239999771118164,24.239999771118164,5186,0.0,0.0
2024-09-30 11:35:00-04:00,24.219999313354492,24.219999313354492,23.950000762939453,23.950000762939453,8726,0.0,0.0
2024-09-30 11:40:00-04:00,23.95400047302246,24.075000762939453,23.950000762939453,24.010000228881836,7186,0.0,0.0
2024-09-30 11:45:00-04:00,24.030000686645508,24.045000076293945,24.014999389648438,24.020000457763672,2166,0.0,0.0
2024-09-30 11:50:00-04:00,24.020000457763672,24.030000686645508,23.94379997253418,23.950000762939453,4635,0.0,0.0
2024-09-30 11:55:00-04:00,23.9950008392334,24.049999237060547,23.959999084472656,24.0049991607666,1764,0.0,0.0
2024-09-30 12:00:00-04:00,23.979999542236328,24.03499984741211,23.90999984741211,23.969999313354492,5826,0.0,0.0
2024-09-30 12:05:00-04:00,23.969999313354492,24.0049991607666,23.940000534057617,24.0,2276,0.0,0.0
2024-09-30 12:10:00-04:00,24.014999389648438,24.030000686645508,23.940000534057617,23.950000762939453,6991,0.0,0.0
2024-09-30 12:15:00-04:00,23.959999084472656,24.05900001525879,23.950000762939453,24.05500030517578,5700,0.0,0.0
2024-09-30 12:20:00-04:00,24.05500030517578,24.059999465942383,24.020000457763672,24.059999465942383,4209,0.0,0.0
2024-09-30 12:25:00-04:00,24.065000534057617,24.065000534057617,24.0,24.0,4579,0.0,0.0
2024-09-30 12:30:00-04:00,23.989999771118164,23.989999771118164,23.989999771118164,23.989999771118164,640,0.0,0.0
2024-09-30 12:35:00-04:00,24.030000686645508,24.030000686645508,23.969999313354492,23.969999313354492,4162,0.0,0.0
2024-09-30 12:40:00-04:00,23.969999313354492,23.969999313354492,23.90999984741211,23.950000762939453,3035,0.0,0.0
2024-09-30 12:45:00-04:00,23.959999084472656,24.0,23.959999084472656,24.0,1430,0.0,0.0
2024-09-30 12:50:00-04:00,23.989999771118164,23.989999771118164,23.989999771118164,23.989999771118164,1228,0.0,0.0
2024-09-30 12:55:00-04:00,23.985000610351562,24.09000015258789,23.985000610351562,24.049999237060547,14123,0.0,0.0
2024-09-30 13:00:00-04:00,23.979999542236328,24.110000610351562,23.979999542236328,24.110000610351562,21840,0.0,0.0
2024-09-30 13:05:00-04:00,24.059999465942383,24.094999313354492,24.049999237060547,24.094999313354492,2392,0.0,0.0
2024-09-30 13:10:00-04:00,24.010000228881836,24.031400680541992,24.010000228881836,24.03070068359375,5374,0.0,0.0
2024-09-30 13:15:00-04:00,24.049999237060547,24.049999237060547,23.8799991607666,23.889999389648438,4526,0.0,0.0
2024-09-30 13:20:00-04:00,23.90999984741211,23.950000762939453,23.89080047607422,23.899999618530273,8110,0.0,0.0
2024-09-30 13:25:00-04:00,23.850000381469727,23.850000381469727,23.850000381469727,23.850000381469727,817,0.0,0.0
2024-09-30 13:30:00-04:00,23.809999465942383,23.84000015258789,23.809999465942383,23.829999923706055,2622,0.0,0.0
2024-09-30 13:35:00-04:00,23.829999923706055,23.854999542236328,23.81999969482422,23.829999923706055,2039,0.0,0.0
2024-09-30 13:40:00-04:00,23.860000610351562,23.860000610351562,23.860000610351562,23.860000610351562,847,0.0,0.0
2024-09-30 13:45:00-04:00,23.860000610351562,23.864999771118164,23.780000686645508,23.795000076293945,5530,0.0,0.0
2024-09-30 13:50:00-04:00,23.770000457763672,23.795000076293945,23.770000457763672,23.770000457763672,1294,0.0,0.0
2024-09-30 13:55:00-04:00,23.809999465942383,23.885000228881836,23.809999465942383,23.885000228881836,2225,0.0,0.0
2024-09-30 14:00:00-04:00,23.920000076293945,23.920000076293945,23.885000228881836,23.885000228881836,2453,0.0,0.0
2024-09-30 14:05:00-04:00,23.899999618530273,24.0,23.899999618530273,23.959999084472656,5031,0.0,0.0
2024-09-30 14:10:00-04:00,23.96500015258789,23.96500015258789,23.899999618530273,23.90999984741211,3920,0.0,0.0
2024-09-30 14:15:00-04:00,23.889999389648438,23.889999389648438,23.8700008392334,23.8700008392334,2480,0.0,0.0
2024-09-30 14:20:00-04:00,23.8700008392334,23.889999389648438,23.84000015258789,23.84000015258789,2509,0.0,0.0
2024-09-30 14:25:00-04:00,23.86590003967285,23.875,23.790000915527344,23.84000015258789,5907,0.0,0.0
2024-09-30 14:30:00-04:00,23.829999923706055,23.889999389648438,23.81999969482422,23.8799991607666,2776,0.0,0.0
2024-09-30 14:35:00-04:00,23.889999389648438,23.96500015258789,23.8799991607666,23.959999084472656,3429,0.0,0.0
2024-09-30 14:40:00-04:00,23.959999084472656,23.975000381469727,23.940000534057617,23.975000381469727,2306,0.0,0.0
2024-09-30 14:45:00-04:00,23.969999313354492,24.020000457763672,23.969999313354492,24.0,2145,0.0,0.0
2024-09-30 14:50:00-04:00,24.020000457763672,24.020000457763672,23.969999313354492,23.975000381469727,4210,0.0,0.0
2024-09-30 14:55:00-04:00,23.969999313354492,24.139999389648438,23.969999313354492,24.139999389648438,5496,0.0,0.0
2024-09-30 15:00:00-04:00,24.1200008392334,24.1200008392334,24.06999969482422,24.1200008392334,1588,0.0,0.0
2024-09-30 15:05:00-04:00,24.18000030517578,24.190000534057617,24.135000228881836,24.149999618530273,4119,0.0,0.0
2024-09-30 15:10:00-04:00,24.155000686645508,24.155000686645508,24.1200008392334,24.143999099731445,8779,0.0,0.0
2024-09-30 15:15:00-04:00,24.149999618530273,24.149999618530273,24.1200008392334,24.125,6078,0.0,0.0
2024-09-30 15:20:00-04:00,24.139999389648438,24.15999984741211,24.1200008392334,24.15999984741211,5721,0.0,0.0
2024-09-30 15:25:00-04:00,24.15999984741211,24.18000030517578,24.125,24.135000228881836,8521,0.0,0.0
2024-09-30 15:30:00-04:00,24.149999618530273,24.25,24.149999618530273,24.19499969482422,9262,0.0,0.0
2024-09-30 15:35:00-04:00,24.18000030517578,24.190000534057617,24.170000076293945,24.170000076293945,1815,0.0,0.0
2024-09-30 15:40:00-04:00,24.190000534057617,24.229999542236328,24.125,24.15999984741211,22677,0.0,0.0
2024-09-30 15:45:00-04:00,24.170000076293945,24.174999237060547,24.125,24.170000076293945,7701,0.0,0.0
2024-09-30 15:50:00-04:00,24.165000915527344,24.270000457763672,24.165000915527344,24.239999771118164,13081,0.0,0.0
2024-09-30 15:55:00-04:00,24.229999542236328,24.229999542236328,24.1200008392334,24.139999389648438,29638,0.0,0.0
2024-10-01 09:30:00-04:00,24.5,24.849300384521484,24.020000457763672,24.020000457763672,25045,0.0,0.0
2024-10-01 09:35:00-04:00,24.05500030517578,24.079999923706055,24.05500030517578,24.079999923706055,432,0.0,0.0
2024-10-01 09:40:00-04:00,23.875,24.01219940185547,23.875,24.01219940185547,565,0.0,0.0
2024-10-01 09:45:00-04:00,24.104999542236328,24.110000610351562,24.100000381469727,24.100000381469727,14877,0.0,0.0
2024-10-01 09:50:00-04:00,24.19499969482422,24.2731990814209,24.15999984741211,24.190000534057617,2325,0.0,0.0
2024-10-01 09:55:00-04:00,24.270000457763672,24.415000915527344,24.25,24.415000915527344,12115,0.0,0.0
2024-10-01 10:00:00-04:00,24.360000610351562,24.489999771118164,24.360000610351562,24.489999771118164,1854,0.0,0.0
2024-10-01 10:05:00-04:00,24.420000076293945,24.420000076293945,24.378599166870117,24.420000076293945,1432,0.0,0.0
2024-10-01 10:10:00-04:00,24.389999389648438,24.389999389648438,24.240800857543945,24.240800857543945,1882,0.0,0.0
2024-10-01 10:15:00-04:00,24.280000686645508,24.420000076293945,24.280000686645508,24.3799991607666,4945,0.0,0.0
2024-10-01 10:20:00-04:00,24.3799991607666,24.530000686645508,24.239999771118164,24.375,22370,0.0,0.0
2024-10-01 10:25:00-04:00,24.375,24.375,24.264999389648438,24.280000686645508,4199,0.0,0.0
2024-10-01 10:30:00-04:00,24.28499984741211,24.295000076293945,24.128000259399414,24.1299991607666,2868,0.0,0.0
2024-10-01 10:35:00-04:00,24.170000076293945,24.209999084472656,24.170000076293945,24.209999084472656,1491,0.0,0.0
2024-10-01 10:40:00-04:00,24.18000030517578,24.21500015258789,24.139999389648438,24.190000534057617,3172,0.0,0.0
2024-10-01 10:45:00-04:00,24.149999618530273,24.149999618530273,24.059999465942383,24.059999465942383,2685,0.0,0.0
2024-10-01 10:50:00-04:00,24.100000381469727,24.139999389648438,24.049999237060547,24.06999969482422,2165,0.0,0.0
2024-10-01 10:55:00-04:00,24.06999969482422,24.104999542236328,24.06999969482422,24.100000381469727,729,0.0,0.0
2024-10-01 11:00:00-04:00,24.104999542236328,24.170000076293945,24.079999923706055,24.149999618530273,2390,0.0,0.0
2024-10-01 11:05:00-04:00,24.100000381469727,24.100000381469727,24.040000915527344,24.079999923706055,2722,0.0,0.0
2024-10-01 11:10:00-04:00,24.030000686645508,24.040000915527344,23.969999313354492,23.969999313354492,4381,0.0,0.0
2024-10-01 11:15:00-04:00,23.959999084472656,23.959999084472656,23.850000381469727,23.90999984741211,4968,0.0,0.0
2024-10-01 11:20:00-04:00,23.950000762939453,24.0,23.950000762939453,24.0,1424,0.0,0.0
2024-10-01 11:25:00-04:00,24.020000457763672,24.030000686645508,23.979999542236328,24.020000457763672,1883,0.0,0.0
2024-10-01 11:30:00-04:00,24.0,24.030000686645508,23.979999542236328,24.010000228881836,6612,0.0,0.0
2024-10-01 11:35:00-04:00,24.0,24.023700714111328,23.989999771118164,23.989999771118164,3764,0.0,0.0
2024-10-01 11:40:00-04:00,23.940000534057617,24.05500030517578,23.940000534057617,24.05500030517578,12636,0.0,0.0
2024-10-01 11:45:00-04:00,24.09000015258789,24.280000686645508,24.09000015258789,24.260000228881836,2973,0.0,0.0
2024-10-01 11:50:00-04:00,24.2549991607666,24.274999618530273,24.25,24.25,1971,0.0,0.0
2024-10-01 11:55:00-04:00,24.30500030517578,24.389999389648438,24.299999237060547,24.3799991607666,2211,0.0,0.0
2024-10-01 12:00:00-04:00,24.350000381469727,24.530000686645508,24.329999923706055,24.5,9027,0.0,0.0
2024-10-01 12:05:00-04:00,24.5049991607666,24.540000915527344,24.489999771118164,24.489999771118164,7225,0.0,0.0
2024-10-01 12:10:00-04:00,24.520000457763672,24.535499572753906,24.469999313354492,24.489999771118164,3922,0.0,0.0
2024-10-01 12:15:00-04:00,24.5,24.5,24.329999923706055,24.364999771118164,14902,0.0,0.0
2024-10-01 12:20:00-04:00,24.395000457763672,24.399999618530273,24.344999313354492,24.344999313354492,4212,0.0,0.0
2024-10-01 12:25:00-04:00,24.344999313354492,24.3700008392334,24.31999969482422,24.34000015258789,2397,0.0,0.0
2024-10-01 12:30:00-04:00,24.34000015258789,24.34000015258789,24.299999237060547,24.299999237060547,6815,0.0,0.0
2024-10-01 12:35:00-04:00,24.290000915527344,24.30500030517578,24.2549991607666,24.30500030517578,2604,0.0,0.0
2024-10-01 12:40:00-04:00,24.280000686645508,24.309999465942383,24.260000228881836,24.270000457763672,4205,0.0,0.0
2024-10-01 12:45:00-04:00,24.270000457763672,24.280000686645508,24.255800247192383,24.255800247192383,2451,0.0,0.0
2024-10-01 12:50:00-04:00,24.260000228881836,24.264999389648438,24.25,24.260000228881836,4875,0.0,0.0
2024-10-01 12:55:00-04:00,24.260000228881836,24.264999389648438,24.25,24.25,2488,0.0,0.0
2024-10-01 13:00:00-04:00,24.25,24.260000228881836,24.25,24.25,1439,0.0,0.0
2024-10-01 13:05:00-04:00,24.239999771118164,24.239999771118164,24.162500381469727,24.219999313354492,12187,0.0,0.0
2024-10-01 13:10:00-04:00,24.200000762939453,24.219999313354492,24.180500030517578,24.204999923706055,4907,0.0,0.0
2024-10-01 13:15:00-04:00,24.18000030517578,24.18000030517578,24.125,24.125,3732,0.0,0.0
2024-10-01 13:25:00-04:00,24.1299991607666,24.190000534057617,24.1299991607666,24.190000534057617,2031,0.0,0.0
2024-10-01 13:30:00-04:00,24.170000076293945,24.200000762939453,24.170000076293945,24.200000762939453,3237,0.0,0.0
2024-10-01 13:35:00-04:00,24.260000228881836,24.260000228881836,24.239999771118164,24.25,4420,0.0,0.0
2024-10-01 13:40:00-04:00,24.2549991607666,24.337499618530273,24.2549991607666,24.325000762939453,7945,0.0,0.0
2024-10-01 13:45:00-04:00,24.322500228881836,24.40999984741211,24.322500228881836,24.3799991607666,7438,0.0,0.0
2024-10-01 13:50:00-04:00,24.43000030517578,24.44499969482422,24.399999618530273,24.440000534057617,5146,0.0,0.0
2024-10-01 13:55:00-04:00,24.450000762939453,24.5049991607666,24.3700008392334,24.3700008392334,8572,0.0,0.0
2024-10-01 14:00:00-04:00,24.34000015258789,24.43000030517578,24.34000015258789,24.43000030517578,3784,0.0,0.0
2024-10-01 14:05:00-04:00,24.40999984741211,24.424999237060547,24.3799991607666,24.422500610351562,2478,0.0,0.0
2024-10-01 14:10:00-04:00,24.440000534057617,24.450000762939453,24.43000030517578,24.450000762939453,1933,0.0,0.0
2024-10-01 14:15:00-04:00,24.450000762939453,24.459999084472656,24.40999984741211,24.432600021362305,4310,0.0,0.0
2024-10-01 14:20:00-04:00,24.4325008392334,24.4325008392334,24.4325008392334,24.4325008392334,27,0.0,0.0
2024-10-01 14:25:00-04:00,24.43000030517578,24.44499969482422,24.43000030517578,24.440000534057617,9655,0.0,0.0
2024-10-01 14:30:00-04:00,24.440000534057617,24.530000686645508,24.440000534057617,24.479999542236328,8785,0.0,0.0
2024-10-01 14:35:00-04:00,24.469999313354492,24.469999313354492,24.43000030517578,24.43000030517578,2152,0.0,0.0
2024-10-01 14:40:00-04:00,24.450000762939453,24.475000381469727,24.450000762939453,24.459999084472656,4609,0.0,0.0
2024-10-01 14:45:00-04:00,24.459999084472656,24.520000457763672,24.440000534057617,24.475000381469727,8424,0.0,0.0
2024-10-01 14:50:00-04:00,24.485000610351562,24.485000610351562,24.485000610351562,24.485000610351562,634,0.0,0.0
2024-10-01 14:55:00-04:00,24.469999313354492,24.489999771118164,24.415000915527344,24.46500015258789,11446,0.0,0.0
2024-10-01 15:00:00-04:00,24.450000762939453,24.46500015258789,24.450000762939453,24.46500015258789,1840,0.0,0.0
2024-10-01 15:05:00-04:00,24.440000534057617,24.469999313354492,24.440000534057617,24.469999313354492,4413,0.0,0.0
2024-10-01 15:10:00-04:00,24.482500076293945,24.489999771118164,24.399999618530273,24.399999618530273,8014,0.0,0.0
2024-10-01 15:15:00-04:00,24.40999984741211,24.479999542236328,24.389999389648438,24.459999084472656,18589,0.0,0.0
2024-10-01 15:20:00-04:00,24.459999084472656,24.5,24.450000762939453,24.459999084472656,6032,0.0,0.0
2024-10-01 15:25:00-04:00,24.479999542236328,24.479999542236328,24.440000534057617,24.459999084472656,9504,0.0,0.0
2024-10-01 15:30:00-04:00,24.459999084472656,24.46500015258789,24.450000762939453,24.450000762939453,2793,0.0,0.0
2024-10-01 15:35:00-04:00,24.459999084472656,24.540000915527344,24.459999084472656,24.514999389648438,31702,0.0,0.0
2024-10-01 15:40:00-04:00,24.514999389648438,24.520000457763672,24.440000534057617,24.5049991607666,11136,0.0,0.0
2024-10-01 15:45:00-04:00,24.502500534057617,24.579999923706055,24.502500534057617,24.55500030517578,13008,0.0,0.0
2024-10-01 15:50:00-04:00,24.55500030517578,24.799999237060547,24.55500030517578,24.799999237060547,30941,0.0,0.0
2024-10-01 15:55:00-04:00,24.799999237060547,24.8799991607666,24.78499984741211,24.8799991607666,78929,0.0,0.0
2024-10-02 09:30:00-04:00,25.549999237060547,25.610000610351562,25.360000610351562,25.424999237060547,43604,0.0,0.0
2024-10-02 09:35:00-04:00,25.350000381469727,25.790000915527344,25.350000381469727,25.690000534057617,26814,0.0,0.0
2024-10-02 09:40:00-04:00,25.709999084472656,25.709999084472656,25.360000610351562,25.440000534057617,13970,0.0,0.0
2024-10-02 09:45:00-04:00,25.436899185180664,25.436899185180664,25.149999618530273,25.43000030517578,6991,0.0,0.0
2024-10-02 09:50:00-04:00,25.34000015258789,25.420000076293945,25.260000228881836,25.260000228881836,11456,0.0,0.0
2024-10-02 09:55:00-04:00,25.280500411987305,25.28499984741211,25.219499588012695,25.219499588012695,5673,0.0,0.0
2024-10-02 10:00:00-04:00,25.239999771118164,25.25,25.100000381469727,25.2450008392334,5156,0.0,0.0
2024-10-02 10:05:00-04:00,25.309999465942383,25.610000610351562,25.309999465942383,25.549999237060547,61864,0.0,0.0
2024-10-02 10:10:00-04:00,25.59000015258789,25.6200008392334,25.520000457763672,25.584999084472656,9204,0.0,0.0
2024-10-02 10:15:00-04:00,25.610000610351562,25.700000762939453,25.575000762939453,25.700000762939453,9687,0.0,0.0
2024-10-02 10:20:00-04:00,25.68000030517578,25.709999084472656,25.540000915527344,25.565000534057617,10735,0.0,0.0
2024-10-02 10:25:00-04:00,25.565000534057617,25.6200008392334,25.520000457763672,25.6200008392334,23978,0.0,0.0
2024-10-02 10:30:00-04:00,25.6200008392334,25.68000030517578,25.610000610351562,25.68000030517578,4586,0.0,0.0
2024-10-02 10:35:00-04:00,25.700000762939453,25.780000686645508,25.700000762939453,25.780000686645508,4033,0.0,0.0
2024-10-02 10:40:00-04:00,25.780000686645508,25.84000015258789,25.7539005279541,25.78499984741211,7486,0.0,0.0
2024-10-02 10:45:00-04:00,25.815000534057617,25.924999237060547,25.790000915527344,25.924999237060547,3597,0.0,0.0
2024-10-02 10:50:00-04:00,25.940000534057617,26.299999237060547,25.809999465942383,25.81999969482422,47502,0.0,0.0
2024-10-02 10:55:00-04:00,25.81999969482422,25.899999618530273,25.799999237060547,25.829999923706055,5660,0.0,0.0
2024-10-02 11:00:00-04:00,25.809999465942383,25.844999313354492,25.739999771118164,25.790000915527344,2690,0.0,0.0
2024-10-02 11:05:00-04:00,25.829999923706055,25.829999923706055,25.719999313354492,25.760000228881836,3617,0.0,0.0
2024-10-02 11:10:00-04:00,25.799999237060547,25.850000381469727,25.799999237060547,25.850000381469727,2276,0.0,0.0
2024-10-02 11:15:00-04:00,25.85569953918457,25.875,25.75,25.875,11874,0.0,0.0
2024-10-02 11:20:00-04:00,25.875,25.899999618530273,25.84000015258789,25.899999618530273,2601,0.0,0.0
2024-10-02 11:25:00-04:00,25.875,25.875,25.729999542236328,25.729999542236328,5242,0.0,0.0
2024-10-02 11:30:00-04:00,25.729999542236328,25.770000457763672,25.729999542236328,25.75,9096,0.0,0.0
2024-10-02 11:35:00-04:00,25.75,25.780000686645508,25.7450008392334,25.760000228881836,3655,0.0,0.0
2024-10-02 11:40:00-04:00,25.760000228881836,25.760000228881836,25.670000076293945,25.700000762939453,6961,0.0,0.0
2024-10-02 11:45:00-04:00,25.780000686645508,25.850000381469727,25.7450008392334,25.844999313354492,7665,0.0,0.0
2024-10-02 11:50:00-04:00,25.8799991607666,25.889999389648438,25.709999084472656,25.764999389648438,17196,0.0,0.0
2024-10-02 11:55:00-04:00,25.799999237060547,25.84000015258789,25.510000228881836,25.510000228881836,143555,0.0,0.0
2024-10-02 12:00:00-04:00,25.510000228881836,25.600000381469727,25.209999084472656,25.2450008392334,25460,0.0,0.0
2024-10-02 12:05:00-04:00,25.209999084472656,25.269500732421875,25.059999465942383,25.059999465942383,9281,0.0,0.0
2024-10-02 12:10:00-04:00,25.010000228881836,25.139999389648438,25.0,25.06999969482422,8850,0.0,0.0
2024-10-02 12:15:00-04:00,25.06999969482422,25.06999969482422,25.010000228881836,25.030000686645508,4232,0.0,0.0
2024-10-02 12:20:00-04:00,25.020000457763672,25.049999237060547,24.920000076293945,25.020000457763672,9759,0.0,0.0
2024-10-02 12:25:00-04:00,25.030000686645508,25.1200008392334,24.905000686645508,24.905000686645508,10479,0.0,0.0
2024-10-02 12:30:00-04:00,24.905000686645508,24.90999984741211,24.860000610351562,24.860000610351562,3387,0.0,0.0
2024-10-02 12:35:00-04:00,24.860000610351562,24.950000762939453,24.860000610351562,24.90999984741211,4644,0.0,0.0
2024-10-02 12:40:00-04:00,24.920000076293945,24.979999542236328,24.920000076293945,24.950000762939453,2573,0.0,0.0
2024-10-02 12:45:00-04:00,24.950000762939453,25.010000228881836,24.950000762939453,24.989999771118164,4866,0.0,0.0
2024-10-02 12:50:00-04:00,24.985000610351562,25.049999237060547,24.959999084472656,25.024999618530273,5263,0.0,0.0
2024-10-02 12:55:00-04:00,25.049999237060547,25.100000381469727,24.969999313354492,25.075000762939453,17335,0.0,0.0
2024-10-02 13:00:00-04:00,25.040000915527344,25.040000915527344,25.0,25.040000915527344,1774,0.0,0.0
2024-10-02 13:05:00-04:00,25.059999465942383,25.059999465942383,25.030000686645508,25.059999465942383,1373,0.0,0.0
2024-10-02 13:10:00-04:00,25.059999465942383,25.100000381469727,25.024999618530273,25.094999313354492,4024,0.0,0.0
2024-10-02 13:15:00-04:00,25.149999618530273,25.229999542236328,25.149999618530273,25.229999542236328,3562,0.0,0.0
2024-10-02 13:20:00-04:00,25.25,25.43000030517578,25.200000762939453,25.43000030517578,138055,0.0,0.0
2024-10-02 13:25:00-04:00,25.440000534057617,25.450000762939453,25.299999237060547,25.3700008392334,10084,0.0,0.0
2024-10-02 13:30:00-04:00,25.350000381469727,25.389999389648438,25.342500686645508,25.389999389648438,2719,0.0,0.0
2024-10-02 13:35:00-04:00,25.360000610351562,25.360000610351562,25.209999084472656,25.280000686645508,7034,0.0,0.0
2024-10-02 13:40:00-04:00,25.299999237060547,25.360000610351562,25.299999237060547,25.350000381469727,2944,0.0,0.0
2024-10-02 13:45:00-04:00,25.350000381469727,25.389999389648438,25.350000381469727,25.389999389648438,6723,0.0,0.0
2024-10-02 13:50:00-04:00,25.43000030517578,25.469999313354492,25.43000030517578,25.469999313354492,2293,0.0,0.0
2024-10-02 13:55:00-04:00,25.520000457763672,25.56999969482422,25.489999771118164,25.510000228881836,5373,0.0,0.0
2024-10-02 14:00:00-04:00,25.510000228881836,25.520000457763672,25.3700008392334,25.3700008392334,10452,0.0,0.0
2024-10-02 14:05:00-04:00,25.350000381469727,25.420000076293945,25.350000381469727,25.420000076293945,1690,0.0,0.0
2024-10-02 14:10:00-04:00,25.420000076293945,25.420000076293945,25.309999465942383,25.34000015258789,10219,0.0,0.0
2024-10-02 14:15:00-04:00,25.399999618530273,25.399999618530273,25.399999618530273,25.399999618530273,1322,0.0,0.0
2024-10-02 14:20:00-04:00,25.40999984741211,25.43000030517578,25.360000610351562,25.360000610351562,5837,0.0,0.0
2024-10-02 14:25:00-04:00,25.3799991607666,25.385000228881836,25.329999923706055,25.350000381469727,4986,0.0,0.0
2024-10-02 14:30:00-04:00,25.350000381469727,25.40999984741211,25.260000228881836,25.3700008392334,18491,0.0,0.0
2024-10-02 14:35:00-04:00,25.399999618530273,25.459999084472656,25.399999618530273,25.43000030517578,3241,0.0,0.0
2024-10-02 14:40:00-04:00,25.43000030517578,25.459999084472656,25.424999237060547,25.424999237060547,3525,0.0,0.0
2024-10-02 14:45:00-04:00,25.424999237060547,25.424999237060547,25.3799991607666,25.420000076293945,3965,0.0,0.0
2024-10-02 14:50:00-04:00,25.389999389648438,25.40999984741211,25.329999923706055,25.329999923706055,5708,0.0,0.0
2024-10-02 14:55:00-04:00,25.360000610351562,25.385000228881836,25.350000381469727,25.360000610351562,3842,0.0,0.0
2024-10-02 15:00:00-04:00,25.342500686645508,25.40999984741211,25.342500686645508,25.375,7453,0.0,0.0
2024-10-02 15:05:00-04:00,25.3799991607666,25.420000076293945,25.350000381469727,25.350000381469727,7927,0.0,0.0
2024-10-02 15:10:00-04:00,25.360000610351562,25.3700008392334,25.34000015258789,25.3700008392334,6349,0.0,0.0
2024-10-02 15:15:00-04:00,25.389999389648438,25.440000534057617,25.3799991607666,25.40999984741211,7158,0.0,0.0
2024-10-02 15:20:00-04:00,25.40999984741211,25.479999542236328,25.389999389648438,25.479999542236328,6192,0.0,0.0
2024-10-02 15:25:00-04:00,25.479999542236328,25.59000015258789,25.479999542236328,25.59000015258789,7851,0.0,0.0
2024-10-02 15:30:00-04:00,25.575000762939453,25.575000762939453,25.399999618530273,25.469999313354492,29631,0.0,0.0
2024-10-02 15:35:00-04:00,25.5,25.59000015258789,25.40999984741211,25.450000762939453,29499,0.0,0.0
2024-10-02 15:40:00-04:00,25.459999084472656,25.479999542236328,25.44499969482422,25.469999313354492,8948,0.0,0.0
2024-10-02 15:45:00-04:00,25.469999313354492,25.549999237060547,25.40999984741211,25.40999984741211,44314,0.0,0.0
2024-10-02 15:50:00-04:00,25.440000534057617,25.600000381469727,25.424999237060547,25.59000015258789,55146,0.0,0.0
2024-10-02 15:55:00-04:00,25.55500030517578,25.649999618530273,25.55500030517578,25.6200008392334,53513,0.0,0.0
2024-10-03 09:30:00-04:00,24.8799991607666,24.989999771118164,24.399999618530273,24.625,23839,0.0,0.0
2024-10-03 09:35:00-04:00,24.68000030517578,25.010000228881836,24.604999542236328,25.010000228881836,36063,0.0,0.0
2024-10-03 09:40:00-04:00,25.079999923706055,25.149999618530273,24.950000762939453,25.149999618530273,1656,0.0,0.0
2024-10-03 09:45:00-04:00,25.045000076293945,25.520000457763672,25.045000076293945,25.47909927368164,4533,0.0,0.0
2024-10-03 09:50:00-04:00,25.479999542236328,25.84000015258789,25.364999771118164,25.84000015258789,4833,0.0,0.0
2024-10-03 09:55:00-04:00,25.725000381469727,25.8799991607666,25.469999313354492,25.475000381469727,5979,0.0,0.0
2024-10-03 10:00:00-04:00,25.469999313354492,25.780000686645508,25.450000762939453,25.5,15235,0.0,0.0
2024-10-03 10:05:00-04:00,25.600000381469727,25.780000686645508,25.420000076293945,25.780000686645508,4500,0.0,0.0
2024-10-03 10:10:00-04:00,25.809999465942383,25.809999465942383,25.540000915527344,25.559999465942383,4025,0.0,0.0
2024-10-03 10:15:00-04:00,25.545000076293945,25.75830078125,25.545000076293945,25.59000015258789,3248,0.0,0.0
2024-10-03 10:20:00-04:00,25.579999923706055,25.579999923706055,25.43000030517578,25.530000686645508,2758,0.0,0.0
2024-10-03 10:25:00-04:00,25.59000015258789,25.6200008392334,25.56999969482422,25.56999969482422,1083,0.0,0.0
2024-10-03 10:30:00-04:00,25.56999969482422,25.6200008392334,25.540000915527344,25.56999969482422,3806,0.0,0.0
2024-10-03 10:35:00-04:00,25.50029945373535,25.549999237060547,25.5,25.549999237060547,1262,0.0,0.0
2024-10-03 10:40:00-04:00,25.53499984741211,25.559999465942383,25.424999237060547,25.545000076293945,5234,0.0,0.0
2024-10-03 10:45:00-04:00,25.517499923706055,25.56999969482422,25.440000534057617,25.450000762939453,9097,0.0,0.0
2024-10-03 10:50:00-04:00,25.43000030517578,25.520000457763672,25.43000030517578,25.450000762939453,2672,0.0,0.0
2024-10-03 10:55:00-04:00,25.4375,25.4375,25.399999618530273,25.405000686645508,2210,0.0,0.0
2024-10-03 11:00:00-04:00,25.387500762939453,25.43000030517578,25.344999313354492,25.43000030517578,2921,0.0,0.0
2024-10-03 11:05:00-04:00,25.399999618530273,25.440000534057617,25.325000762939453,25.325000762939453,2559,0.0,0.0
2024-10-03 11:10:00-04:00,25.34000015258789,25.34000015258789,25.270000457763672,25.270000457763672,937,0.0,0.0
2024-10-03 11:15:00-04:00,25.30500030517578,25.30500030517578,25.219999313354492,25.290000915527344,3188,0.0,0.0
2024-10-03 11:20:00-04:00,25.260000228881836,25.350000381469727,25.25,25.309999465942383,3098,0.0,0.0
2024-10-03 11:25:00-04:00,25.295000076293945,25.299999237060547,25.270000457763672,25.299999237060547,1081,0.0,0.0
2024-10-03 11:30:00-04:00,25.299999237060547,25.329999923706055,25.260000228881836,25.260000228881836,2374,0.0,0.0
2024-10-03 11:35:00-04:00,25.274999618530273,25.299999237060547,25.239999771118164,25.239999771118164,3764,0.0,0.0
2024-10-03 11:40:00-04:00,25.25,25.350000381469727,25.25,25.350000381469727,3726,0.0,0.0
2024-10-03 11:45:00-04:00,25.354999542236328,25.3700008392334,25.315000534057617,25.315000534057617,1719,0.0,0.0
2024-10-03 11:50:00-04:00,25.290000915527344,25.329999923706055,25.290000915527344,25.329999923706055,1211,0.0,0.0
2024-10-03 11:55:00-04:00,25.315000534057617,25.315000534057617,25.270000457763672,25.299999237060547,2013,0.0,0.0
2024-10-03 12:00:00-04:00,25.295000076293945,25.299999237060547,25.087499618530273,25.170000076293945,16645,0.0,0.0
2024-10-03 12:05:00-04:00,25.21500015258789,25.21500015258789,24.989999771118164,25.05500030517578,24713,0.0,0.0
2024-10-03 12:10:00-04:00,25.030000686645508,25.049999237060547,24.979999542236328,24.979999542236328,14129,0.0,0.0
2024-10-03 12:15:00-04:00,24.985000610351562,25.020000457763672,24.950000762939453,25.010000228881836,23468,0.0,0.0
2024-10-03 12:20:00-04:00,25.010000228881836,25.040000915527344,24.979999542236328,24.989999771118164,53737,0.0,0.0
2024-10-03 12:25:00-04:00,25.0,25.059999465942383,24.979999542236328,25.0049991607666,7811,0.0,0.0
2024-10-03 12:30:00-04:00,25.0049991607666,25.014999389648438,24.979999542236328,25.0,12792,0.0,0.0
2024-10-03 12:35:00-04:00,24.989999771118164,25.030000686645508,24.96500015258789,25.0,28480,0.0,0.0
2024-10-03 12:40:00-04:00,25.0,25.010000228881836,24.860000610351562,24.8700008392334,24889,0.0,0.0
2024-10-03 12:45:00-04:00,24.84480094909668,24.844999313354492,24.834800720214844,24.834800720214844,1439,0.0,0.0
2024-10-03 12:50:00-04:00,24.834999084472656,24.834999084472656,24.780000686645508,24.809999465942383,5313,0.0,0.0
2024-10-03 12:55:00-04:00,24.80500030517578,24.809999465942383,24.770000457763672,24.770000457763672,5587,0.0,0.0
2024-10-03 13:00:00-04:00,24.760000228881836,24.764999389648438,24.719999313354492,24.725000381469727,2650,0.0,0.0
2024-10-03 13:05:00-04:00,24.723100662231445,24.739999771118164,24.68000030517578,24.719999313354492,5177,0.0,0.0
2024-10-03 13:10:00-04:00,24.719999313354492,24.889999389648438,24.69499969482422,24.889999389648438,36172,0.0,0.0
2024-10-03 13:15:00-04:00,24.860000610351562,25.048900604248047,24.860000610351562,25.014999389648438,10341,0.0,0.0
2024-10-03 13:20:00-04:00,25.010000228881836,25.09000015258789,25.0,25.06999969482422,6202,0.0,0.0
2024-10-03 13:25:00-04:00,25.06999969482422,25.079999923706055,25.03499984741211,25.065000534057617,3721,0.0,0.0
2024-10-03 13:30:00-04:00,25.100000381469727,25.100000381469727,24.899999618530273,24.915000915527344,3657,0.0,0.0
2024-10-03 13:35:00-04:00,24.90999984741211,24.90999984741211,24.829999923706055,24.8700008392334,5393,0.0,0.0
2024-10-03 13:40:00-04:00,24.860000610351562,24.924999237060547,24.854999542236328,24.924999237060547,4422,0.0,0.0
2024-10-03 13:45:00-04:00,24.90999984741211,24.969999313354492,24.90999984741211,24.950000762939453,3812,0.0,0.0
2024-10-03 13:50:00-04:00,24.950000762939453,24.959999084472656,24.889999389648438,24.94499969482422,4363,0.0,0.0
2024-10-03 13:55:00-04:00,24.94499969482422,25.010000228881836,24.94499969482422,25.010000228881836,2923,0.0,0.0
2024-10-03 14:00:00-04:00,25.030000686645508,25.030000686645508,24.940000534057617,24.959999084472656,3046,0.0,0.0
2024-10-03 14:05:00-04:00,24.954999923706055,25.030000686645508,24.920000076293945,25.030000686645508,4202,0.0,0.0
2024-10-03 14:10:00-04:00,24.959999084472656,25.0,24.959999084472656,24.975000381469727,4992,0.0,0.0
2024-10-03 14:15:00-04:00,24.950000762939453,25.020000457763672,24.950000762939453,25.020000457763672,3502,0.0,0.0
2024-10-03 14:20:00-04:00,25.020000457763672,25.020000457763672,24.985000610351562,24.989999771118164,1269,0.0,0.0
2024-10-03 14:25:00-04:00,25.0,25.0,24.920000076293945,24.920000076293945,2477,0.0,0.0
2024-10-03 14:30:00-04:00,24.915000915527344,24.915000915527344,24.81999969482422,24.81999969482422,3374,0.0,0.0
2024-10-03 14:35:00-04:00,24.809999465942383,24.809999465942383,24.75,24.760000228881836,4673,0.0,0.0
2024-10-03 14:40:00-04:00,24.729999542236328,24.770000457763672,24.729999542236328,24.75,5661,0.0,0.0
2024-10-03 14:45:00-04:00,24.729999542236328,24.790000915527344,24.729999542236328,24.780000686645508,5484,0.0,0.0
2024-10-03 14:50:00-04:00,24.790000915527344,24.790000915527344,24.7549991607666,24.7549991607666,1910,0.0,0.0
2024-10-03 14:55:00-04:00,24.739999771118164,24.7549991607666,24.6200008392334,24.635000228881836,7856,0.0,0.0
2024-10-03 15:00:00-04:00,24.6299991607666,24.729999542236328,24.6299991607666,24.729999542236328,4574,0.0,0.0
2024-10-03 15:05:00-04:00,24.719900131225586,24.729999542236328,24.645000457763672,24.65999984741211,4935,0.0,0.0
2024-10-03 15:10:00-04:00,24.649999618530273,24.719999313354492,24.645000457763672,24.719999313354492,6262,0.0,0.0
2024-10-03 15:15:00-04:00,24.719999313354492,24.790000915527344,24.709999084472656,24.790000915527344,5126,0.0,0.0
2024-10-03 15:20:00-04:00,24.770000457763672,24.770000457763672,24.674999237060547,24.709999084472656,6249,0.0,0.0
2024-10-03 15:25:00-04:00,24.690000534057617,24.729999542236328,24.68000030517578,24.709999084472656,4129,0.0,0.0
2024-10-03 15:30:00-04:00,24.719999313354492,24.825000762939453,24.719999313354492,24.790000915527344,4507,0.0,0.0
2024-10-03 15:35:00-04:00,24.815000534057617,24.81999969482422,24.760000228881836,24.770000457763672,4438,0.0,0.0
2024-10-03 15:40:00-04:00,24.760000228881836,24.780000686645508,24.704999923706055,24.75,12092,0.0,0.0
2024-10-03 15:45:00-04:00,24.729999542236328,24.75,24.610000610351562,24.6299991607666,14699,0.0,0.0
2024-10-03 15:50:00-04:00,24.625,24.649999618530273,24.579999923706055,24.639999389648438,23045,0.0,0.0
2024-10-03 15:55:00-04:00,24.625,24.65999984741211,24.579999923706055,24.6200008392334,46994,0.0,0.0
2024-10-04 09:30:00-04:00,25.010000228881836,25.520000457763672,25.010000228881836,25.424999237060547,25885,0.0,0.0
2024-10-04 09:35:00-04:00,25.43000030517578,25.95800018310547,25.43000030517578,25.885000228881836,9557,0.0,0.0
2024-10-04 09:40:00-04:00,25.899999618530273,25.934999465942383,25.799999237060547,25.934999465942383,5655,0.0,0.0
2024-10-04 09:45:00-04:00,25.912500381469727,25.940000534057617,25.725000381469727,25.832500457763672,5187,0.0,0.0
2024-10-04 09:50:00-04:00,25.779399871826172,25.779399871826172,25.760000228881836,25.760000228881836,2446,0.0,0.0
2024-10-04 09:55:00-04:00,25.75,25.799999237060547,25.75,25.75,3629,0.0,0.0
2024-10-04 10:00:00-04:00,25.719999313354492,25.76569938659668,25.635000228881836,25.76569938659668,3050,0.0,0.0
2024-10-04 10:05:00-04:00,25.770000457763672,25.80500030517578,25.770000457763672,25.799999237060547,3713,0.0,0.0
2024-10-04 10:10:00-04:00,25.709999084472656,25.860000610351562,25.709999084472656,25.799999237060547,4491,0.0,0.0
2024-10-04 10:15:00-04:00,25.8700008392334,25.899999618530273,25.729999542236328,25.790000915527344,2361,0.0,0.0
2024-10-04 10:20:00-04:00,25.795000076293945,25.80579948425293,25.649999618530273,25.690000534057617,2537,0.0,0.0
2024-10-04 10:25:00-04:00,25.68000030517578,25.739999771118164,25.6200008392334,25.638399124145508,1709,0.0,0.0
2024-10-04 10:30:00-04:00,25.700000762939453,25.809999465942383,25.700000762939453,25.770000457763672,4336,0.0,0.0
2024-10-04 10:35:00-04:00,25.799999237060547,25.799999237060547,25.7549991607666,25.790000915527344,1137,0.0,0.0
2024-10-04 10:40:00-04:00,25.790000915527344,25.799999237060547,25.719999313354492,25.75,7686,0.0,0.0
2024-10-04 10:45:00-04:00,25.760000228881836,25.760000228881836,25.56999969482422,25.59000015258789,5834,0.0,0.0
2024-10-04 10:50:00-04:00,25.6299991607666,25.762500762939453,25.6299991607666,25.71500015258789,3998,0.0,0.0
2024-10-04 10:55:00-04:00,25.729999542236328,25.75,25.729999542236328,25.75,2130,0.0,0.0
2024-10-04 11:00:00-04:00,25.799999237060547,25.825000762939453,25.790000915527344,25.80500030517578,2375,0.0,0.0
2024-10-04 11:05:00-04:00,25.80500030517578,25.84000015258789,25.760000228881836,25.760000228881836,2908,0.0,0.0
2024-10-04 11:10:00-04:00,25.770000457763672,25.790000915527344,25.770000457763672,25.780000686645508,3900,0.0,0.0
2024-10-04 11:15:00-04:00,25.790000915527344,25.95400047302246,25.790000915527344,25.93000030517578,11001,0.0,0.0
2024-10-04 11:20:00-04:00,25.950000762939453,25.959999084472656,25.81999969482422,25.860000610351562,3807,0.0,0.0
2024-10-04 11:25:00-04:00,25.834999084472656,25.860000610351562,25.760000228881836,25.860000610351562,5477,0.0,0.0
2024-10-04 11:30:00-04:00,25.850000381469727,25.996400833129883,25.809999465942383,25.96500015258789,91382,0.0,0.0
2024-10-04 11:35:00-04:00,25.93000030517578,25.940000534057617,25.81599998474121,25.940000534057617,8637,0.0,0.0
2024-10-04 11:40:00-04:00,25.940000534057617,26.0,25.940000534057617,25.9950008392334,15117,0.0,0.0
2024-10-04 11:45:00-04:00,26.010000228881836,26.030000686645508,25.920000076293945,25.950000762939453,10922,0.0,0.0
2024-10-04 11:50:00-04:00,25.959999084472656,26.0,25.950000762939453,25.974700927734375,4241,0.0,0.0
2024-10-04 11:55:00-04:00,25.940000534057617,25.940000534057617,25.809999465942383,25.825000762939453,3346,0.0,0.0
2024-10-04 12:00:00-04:00,25.829999923706055,25.850000381469727,25.809999465942383,25.829999923706055,2550,0.0,0.0
2024-10-04 12:05:00-04:00,25.815000534057617,25.829999923706055,25.790000915527344,25.799999237060547,2731,0.0,0.0
2024-10-04 12:10:00-04:00,25.799999237060547,25.825000762939453,25.799999237060547,25.799999237060547,1493,0.0,0.0
2024-10-04 12:15:00-04:00,25.850000381469727,25.860000610351562,25.850000381469727,25.850000381469727,2241,0.0,0.0
2024-10-04 12:20:00-04:00,25.864999771118164,25.979999542236328,25.864999771118164,25.979999542236328,2876,0.0,0.0
2024-10-04 12:25:00-04:00,25.920000076293945,25.920000076293945,25.920000076293945,25.920000076293945,381,0.0,0.0
2024-10-04 12:30:00-04:00,25.899999618530273,25.927600860595703,25.81999969482422,25.875,1453,0.0,0.0
2024-10-04 12:35:00-04:00,25.8799991607666,26.0,25.8799991607666,25.979999542236328,4342,0.0,0.0
2024-10-04 12:40:00-04:00,25.979999542236328,25.989999771118164,25.969999313354492,25.989999771118164,2550,0.0,0.0
2024-10-04 12:45:00-04:00,25.989999771118164,26.010000228881836,25.979999542236328,25.979999542236328,1428,0.0,0.0
2024-10-04 12:50:00-04:00,25.977800369262695,26.020000457763672,25.959999084472656,25.989999771118164,6863,0.0,0.0
2024-10-04 12:55:00-04:00,25.986600875854492,26.010000228881836,25.959999084472656,25.959999084472656,5432,0.0,0.0
2024-10-04 13:00:00-04:00,25.940000534057617,25.940399169921875,25.8799991607666,25.909000396728516,2560,0.0,0.0
2024-10-04 13:05:00-04:00,25.90999984741211,25.90999984741211,25.889999389648438,25.899999618530273,704,0.0,0.0
2024-10-04 13:10:00-04:00,25.899999618530273,25.989999771118164,25.899999618530273,25.989999771118164,2622,0.0,0.0
2024-10-04 13:15:00-04:00,25.985000610351562,25.9950008392334,25.985000610351562,25.9950008392334,319,0.0,0.0
2024-10-04 13:20:00-04:00,25.989999771118164,26.0,25.969999313354492,25.99370002746582,1505,0.0,0.0
2024-10-04 13:25:00-04:00,26.010000228881836,26.010000228881836,25.940000534057617,25.940000534057617,1615,0.0,0.0
2024-10-04 13:30:00-04:00,25.940000534057617,25.950000762939453,25.940000534057617,25.950000762939453,892,0.0,0.0
2024-10-04 13:35:00-04:00,25.94770050048828,25.969999313354492,25.920000076293945,25.950000762939453,3127,0.0,0.0
2024-10-04 13:40:00-04:00,25.950000762939453,25.979900360107422,25.889999389648438,25.93000030517578,15620,0.0,0.0
2024-10-04 13:45:00-04:00,25.915000915527344,26.049999237060547,25.90999984741211,26.030000686645508,6113,0.0,0.0
2024-10-04 13:50:00-04:00,26.024999618530273,26.049999237060547,26.010000228881836,26.049999237060547,5956,0.0,0.0
2024-10-04 13:55:00-04:00,26.06999969482422,26.110000610351562,26.06999969482422,26.100000381469727,3501,0.0,0.0
2024-10-04 14:00:00-04:00,26.1299991607666,26.1299991607666,25.8799991607666,25.979999542236328,27478,0.0,0.0
2024-10-04 14:05:00-04:00,26.0,26.110000610351562,26.0,26.110000610351562,5717,0.0,0.0
2024-10-04 14:10:00-04:00,26.100000381469727,26.128700256347656,26.049999237060547,26.100000381469727,4207,0.0,0.0
2024-10-04 14:15:00-04:00,26.100000381469727,26.110300064086914,26.049999237060547,26.100000381469727,6094,0.0,0.0
2024-10-04 14:20:00-04:00,26.079999923706055,26.100000381469727,26.06999969482422,26.09000015258789,5167,0.0,0.0
2024-10-04 14:25:00-04:00,26.1200008392334,26.1200008392334,26.100000381469727,26.110000610351562,1820,0.0,0.0
2024-10-04 14:30:00-04:00,26.110000610351562,26.1200008392334,26.06999969482422,26.1200008392334,3810,0.0,0.0
2024-10-04 14:35:00-04:00,26.1299991607666,26.18000030517578,26.1299991607666,26.139999389648438,2815,0.0,0.0
2024-10-04 14:40:00-04:00,26.15999984741211,26.18000030517578,26.140100479125977,26.170000076293945,2687,0.0,0.0
2024-10-04 14:45:00-04:00,26.190000534057617,26.25,26.190000534057617,26.239999771118164,3041,0.0,0.0
2024-10-04 14:50:00-04:00,26.239999771118164,26.329999923706055,26.219999313354492,26.329999923706055,10702,0.0,0.0
2024-10-04 14:55:00-04:00,26.34000015258789,26.420000076293945,26.329999923706055,26.364999771118164,7891,0.0,0.0
2024-10-04 15:00:00-04:00,26.350000381469727,26.350000381469727,26.200000762939453,26.21500015258789,9557,0.0,0.0
2024-10-04 15:05:00-04:00,26.239999771118164,26.3351993560791,26.235000610351562,26.31999969482422,4603,0.0,0.0
2024-10-04 15:10:00-04:00,26.329999923706055,26.329999923706055,26.170000076293945,26.170000076293945,5379,0.0,0.0
2024-10-04 15:15:00-04:00,26.149999618530273,26.18000030517578,26.145000457763672,26.165000915527344,3641,0.0,0.0
2024-10-04 15:20:00-04:00,26.190000534057617,26.229999542236328,26.190000534057617,26.214500427246094,3769,0.0,0.0
2024-10-04 15:25:00-04:00,26.204999923706055,26.2549991607666,26.18000030517578,26.200000762939453,18579,0.0,0.0
2024-10-04 15:30:00-04:00,26.190000534057617,26.190000534057617,26.010000228881836,26.170000076293945,29153,0.0,0.0
2024-10-04 15:35:00-04:00,26.149999618530273,26.149999618530273,26.049999237060547,26.100000381469727,8583,0.0,0.0
2024-10-04 15:40:00-04:00,26.100000381469727,26.155000686645508,26.079999923706055,26.155000686645508,9080,0.0,0.0
2024-10-04 15:45:00-04:00,26.170000076293945,26.170000076293945,26.06999969482422,26.100000381469727,12729,0.0,0.0
2024-10-04 15:50:00-04:00,26.09000015258789,26.239999771118164,26.073999404907227,26.200000762939453,34677,0.0,0.0
2024-10-04 15:55:00-04:00,26.200000762939453,26.3799991607666,26.18000030517578,26.3799991607666,108348,0.0,0.0
2024-10-07 09:30:00-04:00,27.200000762939453,27.366300582885742,26.950000762939453,27.135000228881836,31624,0.0,0.0
2024-10-07 09:35:00-04:00,26.779399871826172,27.1299991607666,26.749399185180664,26.969999313354492,20360,0.0,0.0
2024-10-07 09:40:00-04:00,26.93000030517578,27.030000686645508,26.860000610351562,27.030000686645508,8547,0.0,0.0
2024-10-07 09:45:00-04:00,26.915000915527344,27.030000686645508,26.600000381469727,26.600000381469727,23810,0.0,0.0
2024-10-07 09:50:00-04:00,26.645000457763672,26.645000457763672,26.614999771118164,26.614999771118164,1581,0.0,0.0
2024-10-07 09:55:00-04:00,26.614999771118164,26.614999771118164,26.399999618530273,26.399999618530273,12028,0.0,0.0
2024-10-07 10:00:00-04:00,26.389999389648438,26.520000457763672,26.329999923706055,26.334999084472656,7005,0.0,0.0
2024-10-07 10:05:00-04:00,26.3700008392334,26.68000030517578,26.3700008392334,26.584999084472656,27333,0.0,0.0
2024-10-07 10:10:00-04:00,26.649999618530273,26.649999618530273,26.559999465942383,26.649999618530273,7380,0.0,0.0
2024-10-07 10:15:00-04:00,26.6299991607666,26.649999618530273,26.510000228881836,26.59000015258789,9272,0.0,0.0
2024-10-07 10:20:00-04:00,26.59000015258789,26.725000381469727,26.56999969482422,26.719999313354492,6694,0.0,0.0
2024-10-07 10:25:00-04:00,26.670000076293945,26.790000915527344,26.59000015258789,26.59000015258789,8359,0.0,0.0
2024-10-07 10:30:00-04:00,26.59000015258789,26.663999557495117,26.51799964904785,26.6299991607666,18251,0.0,0.0
2024-10-07 10:35:00-04:00,26.59000015258789,26.719999313354492,26.59000015258789,26.674999237060547,5901,0.0,0.0
2024-10-07 10:40:00-04:00,26.655000686645508,26.68000030517578,26.55500030517578,26.55500030517578,6634,0.0,0.0
2024-10-07 10:45:00-04:00,26.549999237060547,26.56999969482422,26.540000915527344,26.540000915527344,10141,0.0,0.0
2024-10-07 10:50:00-04:00,26.545000076293945,26.56999969482422,26.360000610351562,26.360000610351562,16873,0.0,0.0
2024-10-07 10:55:00-04:00,26.309999465942383,26.31999969482422,26.250099182128906,26.280000686645508,4727,0.0,0.0
2024-10-07 11:00:00-04:00,26.25,26.25,26.06999969482422,26.075000762939453,6543,0.0,0.0
2024-10-07 11:05:00-04:00,26.1200008392334,26.170000076293945,25.850000381469727,25.950000762939453,16001,0.0,0.0
2024-10-07 11:10:00-04:00,25.920000076293945,25.989999771118164,25.920000076293945,25.979999542236328,4483,0.0,0.0
2024-10-07 11:15:00-04:00,25.989999771118164,26.0,25.989999771118164,26.0,2313,0.0,0.0
2024-10-07 11:20:00-04:00,26.030000686645508,26.040000915527344,25.93000030517578,25.950000762939453,14683,0.0,0.0
2024-10-07 11:25:00-04:00,25.950000762939453,25.950000762939453,25.950000762939453,25.950000762939453,2148,0.0,0.0
2024-10-07 11:30:00-04:00,25.959999084472656,26.049999237060547,25.950000762939453,26.049999237060547,5321,0.0,0.0
2024-10-07 11:35:00-04:00,26.014999389648438,26.094999313354492,25.989999771118164,26.024999618530273,6864,0.0,0.0
2024-10-07 11:40:00-04:00,26.024999618530273,26.059999465942383,25.989999771118164,25.989999771118164,5029,0.0,0.0
2024-10-07 11:45:00-04:00,25.96500015258789,25.96500015258789,25.96500015258789,25.96500015258789,2090,0.0,0.0
2024-10-07 11:50:00-04:00,25.959999084472656,25.959999084472656,25.934999465942383,25.959999084472656,1205,0.0,0.0
2024-10-07 11:55:00-04:00,25.959999084472656,26.06999969482422,25.959999084472656,26.040000915527344,6100,0.0,0.0
2024-10-07 12:00:00-04:00,26.040000915527344,26.040000915527344,25.979999542236328,25.9950008392334,4515,0.0,0.0
2024-10-07 12:05:00-04:00,26.020000457763672,26.020000457763672,26.0,26.0,3812,0.0,0.0
2024-10-07 12:10:00-04:00,25.989999771118164,25.989999771118164,25.950000762939453,25.979999542236328,5645,0.0,0.0
2024-10-07 12:15:00-04:00,25.977500915527344,26.09000015258789,25.977500915527344,26.065000534057617,4481,0.0,0.0
2024-10-07 12:20:00-04:00,26.065000534057617,26.065000534057617,26.045000076293945,26.059999465942383,1996,0.0,0.0
2024-10-07 12:25:00-04:00,26.059999465942383,26.200000762939453,26.059999465942383,26.200000762939453,3669,0.0,0.0
2024-10-07 12:30:00-04:00,26.200000762939453,26.225000381469727,26.18000030517578,26.18000030517578,3340,0.0,0.0
2024-10-07 12:35:00-04:00,26.18000030517578,26.229999542236328,26.18000030517578,26.184999465942383,4366,0.0,0.0
2024-10-07 12:40:00-04:00,26.149999618530273,26.200000762939453,26.108200073242188,26.170000076293945,5708,0.0,0.0
2024-10-07 12:45:00-04:00,26.139999389648438,26.145000457763672,26.06999969482422,26.06999969482422,2432,0.0,0.0
2024-10-07 12:50:00-04:00,26.059999465942383,26.1299991607666,26.030000686645508,26.1299991607666,5991,0.0,0.0
2024-10-07 12:55:00-04:00,26.110000610351562,26.110000610351562,26.110000610351562,26.110000610351562,780,0.0,0.0
2024-10-07 13:00:00-04:00,26.135000228881836,26.135000228881836,26.135000228881836,26.135000228881836,365,0.0,0.0
2024-10-07 13:05:00-04:00,26.15999984741211,26.219999313354492,26.15999984741211,26.219999313354492,2690,0.0,0.0
2024-10-07 13:10:00-04:00,26.209999084472656,26.450000762939453,26.209999084472656,26.399999618530273,8927,0.0,0.0
2024-10-07 13:15:00-04:00,26.3700008392334,26.40999984741211,26.325000762939453,26.3700008392334,5190,0.0,0.0
2024-10-07 13:20:00-04:00,26.344999313354492,26.3799991607666,26.329999923706055,26.360000610351562,6133,0.0,0.0
2024-10-07 13:25:00-04:00,26.3700008392334,26.440000534057617,26.364999771118164,26.440000534057617,3329,0.0,0.0
2024-10-07 13:30:00-04:00,26.40999984741211,26.40999984741211,26.350000381469727,26.350000381469727,3557,0.0,0.0
2024-10-07 13:35:00-04:00,26.3700008392334,26.40999984741211,26.3700008392334,26.40999984741211,1200,0.0,0.0
2024-10-07 13:40:00-04:00,26.395000457763672,26.44499969482422,26.360000610351562,26.420000076293945,5250,0.0,0.0
2024-10-07 13:45:00-04:00,26.44499969482422,26.459999084472656,26.43000030517578,26.434999465942383,2250,0.0,0.0
2024-10-07 13:50:00-04:00,26.399999618530273,26.405000686645508,26.375,26.375,2237,0.0,0.0
2024-10-07 13:55:00-04:00,26.375099182128906,26.399999618530273,26.375099182128906,26.399999618530273,735,0.0,0.0
2024-10-07 14:00:00-04:00,26.399999618530273,26.440000534057617,26.3700008392334,26.3799991607666,6605,0.0,0.0
2024-10-07 14:05:00-04:00,26.360000610351562,26.43000030517578,26.360000610351562,26.43000030517578,2833,0.0,0.0
2024-10-07 14:10:00-04:00,26.440000534057617,26.5,26.440000534057617,26.489999771118164,3093,0.0,0.0
2024-10-07 14:15:00-04:00,26.489999771118164,26.489999771118164,26.479999542236328,26.479999542236328,1124,0.0,0.0
2024-10-07 14:20:00-04:00,26.479999542236328,26.510000228881836,26.479999542236328,26.510000228881836,1856,0.0,0.0
2024-10-07 14:25:00-04:00,26.510000228881836,26.510000228881836,26.450000762939453,26.469999313354492,4367,0.0,0.0
2024-10-07 14:30:00-04:00,26.450000762939453,26.5,26.420000076293945,26.5,5423,0.0,0.0
2024-10-07 14:35:00-04:00,26.5049991607666,26.520000457763672,26.5,26.520000457763672,3263,0.0,0.0
2024-10-07 14:40:00-04:00,26.540000915527344,26.559999465942383,26.440000534057617,26.440000534057617,3463,0.0,0.0
2024-10-07 14:45:00-04:00,26.40999984741211,26.475000381469727,26.1200008392334,26.1200008392334,13451,0.0,0.0
2024-10-07 14:50:00-04:00,26.15999984741211,26.15999984741211,26.040000915527344,26.06999969482422,7964,0.0,0.0
2024-10-07 14:55:00-04:00,26.06999969482422,26.209999084472656,26.06999969482422,26.190000534057617,16043,0.0,0.0
2024-10-07 15:00:00-04:00,26.280000686645508,26.34000015258789,26.280000686645508,26.31999969482422,5198,0.0,0.0
2024-10-07 15:05:00-04:00,26.31999969482422,26.450000762939453,26.309999465942383,26.450000762939453,8314,0.0,0.0
2024-10-07 15:10:00-04:00,26.40999984741211,26.440000534057617,26.389999389648438,26.43000030517578,6347,0.0,0.0
2024-10-07 15:15:00-04:00,26.43000030517578,26.510000228881836,26.360000610351562,26.360000610351562,12838,0.0,0.0
2024-10-07 15:20:00-04:00,26.3799991607666,26.399999618530273,26.290000915527344,26.309999465942383,5913,0.0,0.0
2024-10-07 15:25:00-04:00,26.31100082397461,26.350000381469727,26.270000457763672,26.315000534057617,10347,0.0,0.0
2024-10-07 15:30:00-04:00,26.270000457763672,26.389999389648438,26.253999710083008,26.389999389648438,16049,0.0,0.0
2024-10-07 15:35:00-04:00,26.360000610351562,26.3700008392334,26.290000915527344,26.315000534057617,12465,0.0,0.0
2024-10-07 15:40:00-04:00,26.315000534057617,26.3799991607666,26.280000686645508,26.360000610351562,12143,0.0,0.0
2024-10-07 15:45:00-04:00,26.360000610351562,26.489999771118164,26.360000610351562,26.440000534057617,18850,0.0,0.0
2024-10-07 15:50:00-04:00,26.440000534057617,26.5,26.360000610351562,26.489999771118164,45354,0.0,0.0
2024-10-07 15:55:00-04:00,26.450000762939453,26.520000457763672,26.329999923706055,26.329999923706055,90615,0.0,0.0
2024-10-08 09:30:00-04:00,23.979999542236328,24.329999923706055,23.70009994506836,24.243000030517578,42205,0.0,0.0
2024-10-08 09:35:00-04:00,24.149999618530273,24.59000015258789,24.049999237060547,24.520000457763672,21139,0.0,0.0
2024-10-08 09:40:00-04:00,24.645000457763672,24.719999313354492,24.440000534057617,24.645000457763672,23841,0.0,0.0
2024-10-08 09:45:00-04:00,24.447799682617188,25.020000457763672,24.447799682617188,24.940000534057617,9627,0.0,0.0
2024-10-08 09:50:00-04:00,24.940000534057617,25.125,24.907499313354492,25.059999465942383,30051,0.0,0.0
2024-10-08 09:55:00-04:00,25.049999237060547,25.209999084472656,25.0,25.045000076293945,15174,0.0,0.0
2024-10-08 10:00:00-04:00,25.040000915527344,25.59000015258789,24.969999313354492,25.489999771118164,23121,0.0,0.0
2024-10-08 10:05:00-04:00,25.475000381469727,25.829999923706055,25.475000381469727,25.565000534057617,8815,0.0,0.0
2024-10-08 10:10:00-04:00,25.559999465942383,25.69499969482422,25.510000228881836,25.579999923706055,6292,0.0,0.0
2024-10-08 10:15:00-04:00,25.489999771118164,25.55500030517578,25.200000762939453,25.2549991607666,7460,0.0,0.0
2024-10-08 10:20:00-04:00,25.270000457763672,25.510000228881836,25.270000457763672,25.424999237060547,3871,0.0,0.0
2024-10-08 10:25:00-04:00,25.489999771118164,25.559999465942383,25.3799991607666,25.440000534057617,6106,0.0,0.0
2024-10-08 10:30:00-04:00,25.389999389648438,25.469999313354492,25.389999389648438,25.469999313354492,4377,0.0,0.0
2024-10-08 10:35:00-04:00,25.530000686645508,25.530000686645508,25.19499969482422,25.19499969482422,10835,0.0,0.0
2024-10-08 10:40:00-04:00,25.190000534057617,25.389999389648438,25.190000534057617,25.290000915527344,8596,0.0,0.0
2024-10-08 10:45:00-04:00,25.3799991607666,25.3799991607666,25.219999313354492,25.239999771118164,8130,0.0,0.0
2024-10-08 10:50:00-04:00,25.200000762939453,25.200000762939453,25.1299991607666,25.139999389648438,3846,0.0,0.0
2024-10-08 10:55:00-04:00,25.139999389648438,25.139999389648438,25.049999237060547,25.12380027770996,9836,0.0,0.0
2024-10-08 11:00:00-04:00,25.059999465942383,25.059999465942383,24.799999237060547,24.860000610351562,13645,0.0,0.0
2024-10-08 11:05:00-04:00,24.875,25.0049991607666,24.869300842285156,25.0049991607666,3964,0.0,0.0
2024-10-08 11:10:00-04:00,25.049999237060547,25.1299991607666,24.989999771118164,24.989999771118164,3362,0.0,0.0
2024-10-08 11:15:00-04:00,25.023300170898438,25.03499984741211,24.93000030517578,24.93000030517578,4676,0.0,0.0
2024-10-08 11:20:00-04:00,24.96500015258789,24.96500015258789,24.889999389648438,24.889999389648438,1804,0.0,0.0
2024-10-08 11:25:00-04:00,24.90999984741211,24.90999984741211,24.83009910583496,24.8700008392334,3597,0.0,0.0
2024-10-08 11:30:00-04:00,24.84000015258789,24.84000015258789,24.84000015258789,24.84000015258789,1299,0.0,0.0
2024-10-08 11:35:00-04:00,24.81999969482422,24.93000030517578,24.78499984741211,24.93000030517578,6290,0.0,0.0
2024-10-08 11:40:00-04:00,24.96500015258789,24.96500015258789,24.96500015258789,24.96500015258789,507,0.0,0.0
2024-10-08 11:45:00-04:00,24.969999313354492,24.975000381469727,24.940000534057617,24.940000534057617,2255,0.0,0.0
2024-10-08 11:50:00-04:00,24.979999542236328,25.010000228881836,24.899999618530273,24.899999618530273,6330,0.0,0.0
2024-10-08 11:55:00-04:00,24.899999618530273,24.940000534057617,24.8799991607666,24.940000534057617,3346,0.0,0.0
2024-10-08 12:00:00-04:00,25.030000686645508,25.030000686645508,24.860000610351562,24.860000610351562,3609,0.0,0.0
2024-10-08 12:05:00-04:00,24.850000381469727,24.850000381469727,24.735000610351562,24.7549991607666,4256,0.0,0.0
2024-10-08 12:10:00-04:00,24.690000534057617,24.700000762939453,24.58099937438965,24.65999984741211,5422,0.0,0.0
2024-10-08 12:15:00-04:00,24.665000915527344,24.780000686645508,24.665000915527344,24.780000686645508,4386,0.0,0.0
2024-10-08 12:20:00-04:00,24.809999465942383,24.84000015258789,24.780000686645508,24.84000015258789,3029,0.0,0.0
2024-10-08 12:25:00-04:00,24.850000381469727,24.885900497436523,24.850000381469727,24.885900497436523,771,0.0,0.0
2024-10-08 12:30:00-04:00,24.885000228881836,24.885000228881836,24.885000228881836,24.885000228881836,353,0.0,0.0
2024-10-08 12:35:00-04:00,24.860000610351562,24.860000610351562,24.860000610351562,24.860000610351562,631,0.0,0.0
2024-10-08 12:40:00-04:00,24.899999618530273,24.899999618530273,24.799999237060547,24.799999237060547,2366,0.0,0.0
2024-10-08 12:45:00-04:00,24.799999237060547,24.799999237060547,24.700000762939453,24.700000762939453,8859,0.0,0.0
2024-10-08 12:50:00-04:00,24.649999618530273,24.649999618530273,24.649999618530273,24.649999618530273,511,0.0,0.0
2024-10-08 12:55:00-04:00,24.740400314331055,24.740400314331055,24.740400314331055,24.740400314331055,2541,0.0,0.0
2024-10-08 13:00:00-04:00,24.640100479125977,24.81999969482422,24.640100479125977,24.799999237060547,4595,0.0,0.0
2024-10-08 13:05:00-04:00,24.799999237060547,24.809999465942383,24.799999237060547,24.809999465942383,972,0.0,0.0
2024-10-08 13:10:00-04:00,24.809999465942383,24.809999465942383,24.809999465942383,24.809999465942383,1455,0.0,0.0
2024-10-08 13:15:00-04:00,24.790000915527344,24.799999237060547,24.670000076293945,24.719999313354492,5745,0.0,0.0
2024-10-08 13:20:00-04:00,24.725000381469727,24.860000610351562,24.725000381469727,24.850000381469727,11493,0.0,0.0
2024-10-08 13:25:00-04:00,24.850000381469727,24.850000381469727,24.81999969482422,24.81999969482422,850,0.0,0.0
2024-10-08 13:30:00-04:00,24.825000762939453,24.975000381469727,24.825000762939453,24.975000381469727,3921,0.0,0.0
2024-10-08 13:35:00-04:00,25.049999237060547,25.080299377441406,24.985000610351562,25.075000762939453,3074,0.0,0.0
2024-10-08 13:40:00-04:00,25.079999923706055,25.09000015258789,25.020000457763672,25.05500030517578,14103,0.0,0.0
2024-10-08 13:45:00-04:00,25.030000686645508,25.059999465942383,25.0,25.059999465942383,1762,0.0,0.0
2024-10-08 13:50:00-04:00,25.059999465942383,25.059999465942383,25.0,25.010000228881836,2980,0.0,0.0
2024-10-08 13:55:00-04:00,25.059999465942383,25.065000534057617,25.0,25.030000686645508,2191,0.0,0.0
2024-10-08 14:00:00-04:00,25.0,25.010000228881836,24.90999984741211,25.0,39668,0.0,0.0
2024-10-08 14:05:00-04:00,25.0,25.0049991607666,24.920000076293945,24.959999084472656,16393,0.0,0.0
2024-10-08 14:10:00-04:00,24.959999084472656,24.979999542236328,24.920000076293945,24.950000762939453,17692,0.0,0.0
2024-10-08 14:15:00-04:00,24.900100708007812,24.900100708007812,24.800100326538086,24.800100326538086,4201,0.0,0.0
2024-10-08 14:20:00-04:00,24.668899536132812,24.71500015258789,24.668899536132812,24.690000534057617,1464,0.0,0.0
2024-10-08 14:25:00-04:00,24.670000076293945,24.739999771118164,24.670000076293945,24.674999237060547,2788,0.0,0.0
2024-10-08 14:30:00-04:00,24.674999237060547,24.799999237060547,24.674999237060547,24.780000686645508,5729,0.0,0.0
2024-10-08 14:35:00-04:00,24.774999618530273,24.81999969482422,24.774999618530273,24.78499984741211,1335,0.0,0.0
2024-10-08 14:40:00-04:00,24.78499984741211,24.844999313354492,24.780000686645508,24.844999313354492,2894,0.0,0.0
2024-10-08 14:45:00-04:00,24.860000610351562,24.860000610351562,24.80500030517578,24.80500030517578,1652,0.0,0.0
2024-10-08 14:50:00-04:00,24.825000762939453,24.93000030517578,24.825000762939453,24.899999618530273,3840,0.0,0.0
2024-10-08 14:55:00-04:00,24.870100021362305,24.870100021362305,24.78499984741211,24.78499984741211,1877,0.0,0.0
2024-10-08 15:00:00-04:00,24.760000228881836,24.760000228881836,24.75,24.75,835,0.0,0.0
2024-10-08 15:05:00-04:00,24.760000228881836,24.799999237060547,24.670000076293945,24.774999618530273,18668,0.0,0.0
2024-10-08 15:10:00-04:00,24.780000686645508,24.809999465942383,24.740800857543945,24.790000915527344,5360,0.0,0.0
2024-10-08 15:15:00-04:00,24.780000686645508,24.844999313354492,24.729999542236328,24.729999542236328,10442,0.0,0.0
2024-10-08 15:20:00-04:00,24.739999771118164,24.760000228881836,24.729999542236328,24.739999771118164,1904,0.0,0.0
2024-10-08 15:25:00-04:00,24.75,24.770000457763672,24.704999923706055,24.735000610351562,49431,0.0,0.0
2024-10-08 15:30:00-04:00,24.735000610351562,24.770000457763672,24.735000610351562,24.764999389648438,11467,0.0,0.0
2024-10-08 15:35:00-04:00,24.774999618530273,24.8700008392334,24.770000457763672,24.864999771118164,9141,0.0,0.0
2024-10-08 15:40:00-04:00,24.899999618530273,24.989999771118164,24.899999618530273,24.950000762939453,34065,0.0,0.0
2024-10-08 15:45:00-04:00,24.954999923706055,24.954999923706055,24.850000381469727,24.94499969482422,47118,0.0,0.0
2024-10-08 15:50:00-04:00,24.94499969482422,25.020000457763672,24.90999984741211,24.975000381469727,71030,0.0,0.0
2024-10-08 15:55:00-04:00,24.950000762939453,24.989999771118164,24.809999465942383,24.854999542236328,93269,0.0,0.0
2024-10-09 09:30:00-04:00,24.399999618530273,24.40999984741211,24.2549991607666,24.309999465942383,8221,0.0,0.0
2024-10-09 09:35:00-04:00,24.40999984741211,24.459999084472656,24.280000686645508,24.360000610351562,3602,0.0,0.0
2024-10-09 09:40:00-04:00,24.290000915527344,24.31999969482422,24.170000076293945,24.225000381469727,11408,0.0,0.0
2024-10-09 09:45:00-04:00,24.229999542236328,24.709999084472656,24.229999542236328,24.530000686645508,9592,0.0,0.0
2024-10-09 09:50:00-04:00,24.59000015258789,24.719999313354492,24.549999237060547,24.600000381469727,4622,0.0,0.0
2024-10-09 09:55:00-04:00,24.690000534057617,24.690000534057617,24.479999542236328,24.510000228881836,9775,0.0,0.0
2024-10-09 10:00:00-04:00,24.5,24.549999237060547,24.3700008392334,24.3700008392334,11844,0.0,0.0
2024-10-09 10:05:00-04:00,24.329999923706055,24.329999923706055,24.104999542236328,24.280099868774414,16691,0.0,0.0
2024-10-09 10:10:00-04:00,24.270000457763672,24.329999923706055,24.239999771118164,24.309999465942383,5940,0.0,0.0
2024-10-09 10:15:00-04:00,24.350000381469727,24.350000381469727,24.290000915527344,24.309999465942383,5699,0.0,0.0
2024-10-09 10:20:00-04:00,24.31999969482422,24.385000228881836,24.31999969482422,24.3700008392334,4355,0.0,0.0
2024-10-09 10:25:00-04:00,24.350099563598633,24.43000030517578,24.31999969482422,24.389999389648438,36555,0.0,0.0
2024-10-09 10:30:00-04:00,24.329999923706055,24.56999969482422,24.329999923706055,24.520000457763672,6142,0.0,0.0
2024-10-09 10:35:00-04:00,24.514999389648438,24.594999313354492,24.5,24.514999389648438,7064,0.0,0.0
2024-10-09 10:40:00-04:00,24.489999771118164,24.56999969482422,24.469999313354492,24.56999969482422,6608,0.0,0.0
2024-10-09 10:45:00-04:00,24.559999465942383,24.559999465942383,24.530000686645508,24.530000686645508,2835,0.0,0.0
2024-10-09 10:50:00-04:00,24.540000915527344,24.655000686645508,24.540000915527344,24.6200008392334,3417,0.0,0.0
2024-10-09 10:55:00-04:00,24.546899795532227,24.546899795532227,24.520000457763672,24.530000686645508,1553,0.0,0.0
2024-10-09 11:00:00-04:00,24.530000686645508,24.575000762939453,24.520000457763672,24.540000915527344,3038,0.0,0.0
2024-10-09 11:05:00-04:00,24.510000228881836,24.559999465942383,24.510000228881836,24.530000686645508,7876,0.0,0.0
2024-10-09 11:10:00-04:00,24.549999237060547,24.549999237060547,24.5,24.5,2604,0.0,0.0
2024-10-09 11:15:00-04:00,24.489999771118164,24.489999771118164,24.485000610351562,24.485000610351562,1364,0.0,0.0
2024-10-09 11:20:00-04:00,24.485000610351562,24.5,24.440000534057617,24.454999923706055,10841,0.0,0.0
2024-10-09 11:25:00-04:00,24.489999771118164,24.489999771118164,24.440000534057617,24.489999771118164,5036,0.0,0.0
2024-10-09 11:30:00-04:00,24.510000228881836,24.510000228881836,24.5,24.5,1642,0.0,0.0
2024-10-09 11:35:00-04:00,24.5049991607666,24.520000457763672,24.407499313354492,24.407499313354492,5134,0.0,0.0
2024-10-09 11:40:00-04:00,24.454999923706055,24.530000686645508,24.450000762939453,24.459999084472656,6014,0.0,0.0
2024-10-09 11:45:00-04:00,24.44499969482422,24.575000762939453,24.44499969482422,24.565000534057617,5590,0.0,0.0
2024-10-09 11:50:00-04:00,24.604999542236328,24.604999542236328,24.549999237060547,24.549999237060547,1417,0.0,0.0
2024-10-09 11:55:00-04:00,24.549999237060547,24.610000610351562,24.549999237060547,24.59000015258789,2849,0.0,0.0
2024-10-09 12:00:00-04:00,24.579999923706055,24.68000030517578,24.579999923706055,24.655000686645508,2807,0.0,0.0
2024-10-09 12:05:00-04:00,24.639999389648438,24.68000030517578,24.6299991607666,24.649999618530273,3517,0.0,0.0
2024-10-09 12:10:00-04:00,24.65999984741211,24.65999984741211,24.610000610351562,24.639999389648438,3179,0.0,0.0
2024-10-09 12:15:00-04:00,24.610000610351562,24.610000610351562,24.4950008392334,24.4950008392334,4372,0.0,0.0
2024-10-09 12:20:00-04:00,24.485000610351562,24.56999969482422,24.485000610351562,24.56999969482422,2637,0.0,0.0
2024-10-09 12:25:00-04:00,24.56999969482422,24.59000015258789,24.559999465942383,24.559999465942383,3757,0.0,0.0
2024-10-09 12:30:00-04:00,24.59000015258789,24.600000381469727,24.56999969482422,24.56999969482422,1678,0.0,0.0
2024-10-09 12:35:00-04:00,24.530000686645508,24.530000686645508,24.530000686645508,24.530000686645508,102,0.0,0.0
2024-10-09 12:40:00-04:00,24.55500030517578,24.559999465942383,24.520000457763672,24.520000457763672,4570,0.0,0.0
2024-10-09 12:45:00-04:00,24.510000228881836,24.549999237060547,24.485000610351562,24.549999237060547,4844,0.0,0.0
2024-10-09 12:50:00-04:00,24.530000686645508,24.540000915527344,24.520000457763672,24.540000915527344,1945,0.0,0.0
2024-10-09 12:55:00-04:00,24.530000686645508,24.530000686645508,24.530000686645508,24.530000686645508,236,0.0,0.0
2024-10-09 13:00:00-04:00,24.530000686645508,24.530000686645508,24.520000457763672,24.530000686645508,437,0.0,0.0
2024-10-09 13:05:00-04:00,24.530099868774414,24.549999237060547,24.459999084472656,24.459999084472656,5383,0.0,0.0
2024-10-09 13:10:00-04:00,24.489999771118164,24.5,24.389999389648438,24.389999389648438,3359,0.0,0.0
2024-10-09 13:15:00-04:00,24.3700008392334,24.3700008392334,24.334999084472656,24.34000015258789,2041,0.0,0.0
2024-10-09 13:20:00-04:00,24.329999923706055,24.360000610351562,24.27750015258789,24.360000610351562,2295,0.0,0.0
2024-10-09 13:25:00-04:00,24.329999923706055,24.34000015258789,24.309999465942383,24.309999465942383,2620,0.0,0.0
2024-10-09 13:30:00-04:00,24.290000915527344,24.34000015258789,24.290000915527344,24.34000015258789,2341,0.0,0.0
2024-10-09 13:35:00-04:00,24.350000381469727,24.489999771118164,24.350000381469727,24.459999084472656,2224,0.0,0.0
2024-10-09 13:40:00-04:00,24.450000762939453,24.450000762939453,24.450000762939453,24.450000762939453,1112,0.0,0.0
2024-10-09 13:45:00-04:00,24.459999084472656,24.485000610351562,24.459999084472656,24.485000610351562,1548,0.0,0.0
2024-10-09 13:50:00-04:00,24.489999771118164,24.520000457763672,24.489999771118164,24.5,2465,0.0,0.0
2024-10-09 13:55:00-04:00,24.520000457763672,24.540000915527344,24.5,24.540000915527344,2246,0.0,0.0
2024-10-09 14:00:00-04:00,24.530000686645508,24.530000686645508,24.530000686645508,24.530000686645508,535,0.0,0.0
2024-10-09 14:05:00-04:00,24.510000228881836,24.510000228881836,24.440000534057617,24.479999542236328,5873,0.0,0.0
2024-10-09 14:10:00-04:00,24.489999771118164,24.489999771118164,24.489999771118164,24.489999771118164,2074,0.0,0.0
2024-10-09 14:15:00-04:00,24.475000381469727,24.5,24.459999084472656,24.479999542236328,1795,0.0,0.0
2024-10-09 14:20:00-04:00,24.479999542236328,24.485000610351562,24.469999313354492,24.469999313354492,1477,0.0,0.0
2024-10-09 14:25:00-04:00,24.479999542236328,24.479999542236328,24.43000030517578,24.450000762939453,3696,0.0,0.0
2024-10-09 14:30:00-04:00,24.43000030517578,24.43000030517578,24.3799991607666,24.40999984741211,3456,0.0,0.0
2024-10-09 14:35:00-04:00,24.40999984741211,24.420000076293945,24.399999618530273,24.399999618530273,2027,0.0,0.0
2024-10-09 14:40:00-04:00,24.3700008392334,24.420000076293945,24.3700008392334,24.389999389648438,3721,0.0,0.0
2024-10-09 14:45:00-04:00,24.3799991607666,24.3799991607666,24.3799991607666,24.3799991607666,683,0.0,0.0
2024-10-09 14:50:00-04:00,24.364999771118164,24.469999313354492,24.360000610351562,24.459999084472656,31313,0.0,0.0
2024-10-09 14:55:00-04:00,24.440000534057617,24.59000015258789,24.420000076293945,24.524999618530273,146095,0.0,0.0
2024-10-09 15:00:00-04:00,24.514999389648438,24.549999237060547,24.489999771118164,24.489999771118164,4474,0.0,0.0
2024-10-09 15:05:00-04:00,24.485000610351562,24.514999389648438,24.485000610351562,24.5,2852,0.0,0.0
2024-10-09 15:10:00-04:00,24.514999389648438,24.649999618530273,24.5049991607666,24.6299991607666,5973,0.0,0.0
2024-10-09 15:15:00-04:00,24.6200008392334,24.93000030517578,24.594999313354492,24.90999984741211,10013,0.0,0.0
2024-10-09 15:20:00-04:00,24.915000915527344,24.915000915527344,24.700000762939453,24.700000762939453,7950,0.0,0.0
2024-10-09 15:25:00-04:00,24.700000762939453,24.719999313354492,24.655000686645508,24.690000534057617,7701,0.0,0.0
2024-10-09 15:30:00-04:00,24.719999313354492,24.719999313354492,24.514999389648438,24.514999389648438,6376,0.0,0.0
2024-10-09 15:35:00-04:00,24.514999389648438,24.760000228881836,24.514999389648438,24.700000762939453,18743,0.0,0.0
2024-10-09 15:40:00-04:00,24.655000686645508,24.65999984741211,24.600000381469727,24.649999618530273,9919,0.0,0.0
2024-10-09 15:45:00-04:00,24.625,24.625,24.5049991607666,24.520000457763672,9481,0.0,0.0
2024-10-09 15:50:00-04:00,24.5,24.610000610351562,24.489999771118164,24.594999313354492,21525,0.0,0.0
2024-10-09 15:55:00-04:00,24.59000015258789,24.709999084472656,24.565000534057617,24.6299991607666,41604,0.0,0.0
2024-10-10 09:30:00-04:00,24.90999984741211,24.90999984741211,24.674999237060547,24.8700008392334,4004,0.0,0.0
2024-10-10 09:35:00-04:00,24.780000686645508,25.08989906311035,24.780000686645508,25.08989906311035,3713,0.0,0.0
2024-10-10 09:40:00-04:00,25.079999923706055,25.09000015258789,24.989999771118164,25.05500030517578,4681,0.0,0.0
2024-10-10 09:45:00-04:00,25.079999923706055,25.09000015258789,24.635000228881836,24.635000228881836,3065,0.0,0.0
2024-10-10 09:50:00-04:00,24.627500534057617,24.75,24.454999923706055,24.604999542236328,4950,0.0,0.0
2024-10-10 09:55:00-04:00,24.565000534057617,24.75,24.545000076293945,24.739999771118164,4318,0.0,0.0
2024-10-10 10:00:00-04:00,24.739999771118164,24.950000762939453,24.739999771118164,24.899999618530273,5184,0.0,0.0
2024-10-10 10:05:00-04:00,24.940000534057617,24.969999313354492,24.81999969482422,24.844999313354492,10457,0.0,0.0
2024-10-10 10:10:00-04:00,24.889999389648438,24.920000076293945,24.860000610351562,24.90999984741211,2662,0.0,0.0
2024-10-10 10:15:00-04:00,24.90999984741211,24.920000076293945,24.81999969482422,24.864999771118164,5522,0.0,0.0
2024-10-10 10:20:00-04:00,24.850000381469727,24.905000686645508,24.825000762939453,24.850000381469727,4681,0.0,0.0
2024-10-10 10:25:00-04:00,24.815000534057617,24.8799991607666,24.815000534057617,24.854999542236328,2033,0.0,0.0
2024-10-10 10:30:00-04:00,24.8799991607666,24.8799991607666,24.80500030517578,24.80500030517578,3083,0.0,0.0
2024-10-10 10:35:00-04:00,24.84000015258789,24.90999984741211,24.75,24.799999237060547,10076,0.0,0.0
2024-10-10 10:40:00-04:00,24.78499984741211,24.829999923706055,24.780000686645508,24.829999923706055,1810,0.0,0.0
2024-10-10 10:45:00-04:00,24.809999465942383,24.84000015258789,24.78499984741211,24.809999465942383,1896,0.0,0.0
2024-10-10 10:50:00-04:00,24.809999465942383,24.809999465942383,24.709999084472656,24.709999084472656,1829,0.0,0.0
2024-10-10 10:55:00-04:00,24.65999984741211,24.719999313354492,24.65999984741211,24.700000762939453,1684,0.0,0.0
2024-10-10 11:00:00-04:00,24.700000762939453,24.700000762939453,24.645000457763672,24.645000457763672,1768,0.0,0.0
2024-10-10 11:05:00-04:00,24.719999313354492,24.78499984741211,24.719999313354492,24.78499984741211,1978,0.0,0.0
2024-10-10 11:10:00-04:00,24.799999237060547,24.860000610351562,24.780000686645508,24.81999969482422,3401,0.0,0.0
2024-10-10 11:15:00-04:00,24.81999969482422,24.889999389648438,24.780000686645508,24.889999389648438,2424,0.0,0.0
2024-10-10 11:20:00-04:00,24.920000076293945,24.989999771118164,24.90999984741211,24.989999771118164,2132,0.0,0.0
2024-10-10 11:25:00-04:00,24.9950008392334,25.03499984741211,24.959999084472656,25.020000457763672,11107,0.0,0.0
2024-10-10 11:30:00-04:00,25.084999084472656,25.09000015258789,24.96500015258789,25.020000457763672,8828,0.0,0.0
2024-10-10 11:35:00-04:00,25.030000686645508,25.149999618530273,25.030000686645508,25.1299991607666,4168,0.0,0.0
2024-10-10 11:40:00-04:00,25.135000228881836,25.190000534057617,25.135000228881836,25.18000030517578,2085,0.0,0.0
2024-10-10 11:45:00-04:00,25.190000534057617,25.19499969482422,25.104999542236328,25.104999542236328,2099,0.0,0.0
2024-10-10 11:50:00-04:00,25.12070083618164,25.209999084472656,25.12070083618164,25.209999084472656,3232,0.0,0.0
2024-10-10 11:55:00-04:00,25.270000457763672,25.270000457763672,25.270000457763672,25.270000457763672,1092,0.0,0.0
2024-10-10 12:00:00-04:00,25.309999465942383,25.309999465942383,25.290000915527344,25.295000076293945,3075,0.0,0.0
2024-10-10 12:05:00-04:00,25.299999237060547,25.329999923706055,25.270000457763672,25.309999465942383,3198,0.0,0.0
2024-10-10 12:10:00-04:00,25.290000915527344,25.420000076293945,25.290000915527344,25.389999389648438,2934,0.0,0.0
2024-10-10 12:15:00-04:00,25.389999389648438,25.405000686645508,25.3799991607666,25.3799991607666,2916,0.0,0.0
2024-10-10 12:20:00-04:00,25.399999618530273,25.399999618530273,25.360000610351562,25.360000610351562,2781,0.0,0.0
2024-10-10 12:25:00-04:00,25.34000015258789,25.40999984741211,25.34000015258789,25.389999389648438,3539,0.0,0.0
2024-10-10 12:30:00-04:00,25.389999389648438,25.469999313354492,25.385000228881836,25.469999313354492,1782,0.0,0.0
2024-10-10 12:35:00-04:00,25.489999771118164,25.719999313354492,25.489999771118164,25.709999084472656,9240,0.0,0.0
2024-10-10 12:40:00-04:00,25.719999313354492,25.790000915527344,25.709999084472656,25.760000228881836,15809,0.0,0.0
2024-10-10 12:45:00-04:00,25.719999313354492,25.719999313354492,25.625,25.625,4797,0.0,0.0
2024-10-10 12:50:00-04:00,25.649999618530273,25.65999984741211,25.6200008392334,25.649999618530273,4556,0.0,0.0
2024-10-10 12:55:00-04:00,25.6299991607666,25.649999618530273,25.614999771118164,25.6200008392334,5399,0.0,0.0
2024-10-10 13:00:00-04:00,25.610000610351562,25.6299991607666,25.600000381469727,25.6200008392334,4928,0.0,0.0
2024-10-10 13:05:00-04:00,25.600000381469727,25.625,25.579999923706055,25.625,11493,0.0,0.0
2024-10-10 13:10:00-04:00,25.625,25.760000228881836,25.610000610351562,25.760000228881836,6315,0.0,0.0
2024-10-10 13:15:00-04:00,25.760000228881836,25.760000228881836,25.68000030517578,25.68000030517578,5995,0.0,0.0
2024-10-10 13:20:00-04:00,25.704999923706055,25.75,25.704999923706055,25.739999771118164,737,0.0,0.0
2024-10-10 13:25:00-04:00,25.719999313354492,25.719999313354492,25.49679946899414,25.523799896240234,3705,0.0,0.0
2024-10-10 13:30:00-04:00,25.520000457763672,25.600000381469727,25.520000457763672,25.579999923706055,2270,0.0,0.0
2024-10-10 13:35:00-04:00,25.579999923706055,25.579999923706055,25.559999465942383,25.559999465942383,1086,0.0,0.0
2024-10-10 13:40:00-04:00,25.545000076293945,25.549999237060547,25.530000686645508,25.540000915527344,2300,0.0,0.0
2024-10-10 13:45:00-04:00,25.520000457763672,25.520000457763672,25.34000015258789,25.34000015258789,2299,0.0,0.0
2024-10-10 13:50:00-04:00,25.309999465942383,25.354999542236328,25.219999313354492,25.354999542236328,6088,0.0,0.0
2024-10-10 13:55:00-04:00,25.395000457763672,25.395000457763672,25.3700008392334,25.395000457763672,1610,0.0,0.0
2024-10-10 14:00:00-04:00,25.36709976196289,25.415000915527344,25.36709976196289,25.3799991607666,2049,0.0,0.0
2024-10-10 14:05:00-04:00,25.3700008392334,25.450000762939453,25.3700008392334,25.450000762939453,2771,0.0,0.0
2024-10-10 14:10:00-04:00,25.450000762939453,25.450000762939453,25.3700008392334,25.3700008392334,2573,0.0,0.0
2024-10-10 14:15:00-04:00,25.34000015258789,25.34000015258789,25.290000915527344,25.290000915527344,1271,0.0,0.0
2024-10-10 14:20:00-04:00,25.219999313354492,25.219999313354492,25.209999084472656,25.209999084472656,988,0.0,0.0
2024-10-10 14:25:00-04:00,25.209999084472656,25.209999084472656,25.1299991607666,25.1299991607666,1774,0.0,0.0
2024-10-10 14:30:00-04:00,25.125,25.18000030517578,25.125,25.15999984741211,6968,0.0,0.0
2024-10-10 14:35:00-04:00,25.139999389648438,25.190000534057617,25.1299991607666,25.190000534057617,6099,0.0,0.0
2024-10-10 14:40:00-04:00,25.184999465942383,25.2549991607666,25.184999465942383,25.2549991607666,3662,0.0,0.0
2024-10-10 14:45:00-04:00,25.280000686645508,25.3799991607666,25.280000686645508,25.34000015258789,3146,0.0,0.0
2024-10-10 14:50:00-04:00,25.31999969482422,25.31999969482422,25.209999084472656,25.209999084472656,1520,0.0,0.0
2024-10-10 14:55:00-04:00,25.229999542236328,25.260000228881836,25.18000030517578,25.18000030517578,8639,0.0,0.0
2024-10-10 15:00:00-04:00,25.15999984741211,25.15999984741211,25.09000015258789,25.139999389648438,4068,0.0,0.0
2024-10-10 15:05:00-04:00,25.135000228881836,25.135000228881836,25.09000015258789,25.09000015258789,1716,0.0,0.0
2024-10-10 15:10:00-04:00,25.110000610351562,25.200000762939453,25.104999542236328,25.190000534057617,5298,0.0,0.0
2024-10-10 15:15:00-04:00,25.225000381469727,25.225000381469727,25.219999313354492,25.225000381469727,1406,0.0,0.0
2024-10-10 15:20:00-04:00,25.225000381469727,25.375,25.225000381469727,25.364999771118164,54542,0.0,0.0
2024-10-10 15:25:00-04:00,25.360000610351562,25.360000610351562,25.31999969482422,25.31999969482422,2568,0.0,0.0
2024-10-10 15:30:00-04:00,25.350000381469727,25.389999389648438,25.350000381469727,25.360000610351562,3955,0.0,0.0
2024-10-10 15:35:00-04:00,25.344999313354492,25.344999313354492,25.260000228881836,25.260000228881836,3522,0.0,0.0
2024-10-10 15:40:00-04:00,25.290000915527344,25.309999465942383,25.270000457763672,25.290000915527344,5773,0.0,0.0
2024-10-10 15:45:00-04:00,25.299999237060547,25.329999923706055,25.239999771118164,25.280000686645508,6385,0.0,0.0
2024-10-10 15:50:00-04:00,25.295000076293945,25.309999465942383,25.270000457763672,25.30500030517578,11338,0.0,0.0
2024-10-10 15:55:00-04:00,25.280000686645508,25.469999313354492,25.280000686645508,25.360000610351562,47544,0.0,0.0
2024-10-11 09:30:00-04:00,25.079999923706055,25.489999771118164,25.079999923706055,25.489999771118164,8622,0.0,0.0
2024-10-11 09:35:00-04:00,25.489999771118164,25.489999771118164,25.489999771118164,25.489999771118164,189,0.0,0.0
2024-10-11 09:40:00-04:00,25.3799991607666,25.475000381469727,25.3700008392334,25.469999313354492,3224,0.0,0.0
2024-10-11 09:45:00-04:00,25.459999084472656,25.540000915527344,25.459999084472656,25.540000915527344,621,0.0,0.0
2024-10-11 09:50:00-04:00,25.59000015258789,25.790000915527344,25.59000015258789,25.790000915527344,5164,0.0,0.0
2024-10-11 09:55:00-04:00,25.7450008392334,25.799999237060547,25.56999969482422,25.56999969482422,3754,0.0,0.0
2024-10-11 10:00:00-04:00,25.520000457763672,25.6299991607666,25.520000457763672,25.56999969482422,2982,0.0,0.0
2024-10-11 10:05:00-04:00,25.57659912109375,25.57659912109375,25.530000686645508,25.545000076293945,3490,0.0,0.0
2024-10-11 10:10:00-04:00,25.479999542236328,25.479999542236328,25.43000030517578,25.43000030517578,4411,0.0,0.0
2024-10-11 10:15:00-04:00,25.46500015258789,25.46500015258789,25.399999618530273,25.43000030517578,2166,0.0,0.0
2024-10-11 10:20:00-04:00,25.40999984741211,25.40999984741211,25.350000381469727,25.350000381469727,1865,0.0,0.0
2024-10-11 10:25:00-04:00,25.350000381469727,25.350000381469727,25.260000228881836,25.270000457763672,3160,0.0,0.0
2024-10-11 10:30:00-04:00,25.290000915527344,25.3700008392334,25.270000457763672,25.350000381469727,4049,0.0,0.0
2024-10-11 10:35:00-04:00,25.350000381469727,25.354999542236328,25.264999389648438,25.28499984741211,3541,0.0,0.0
2024-10-11 10:40:00-04:00,25.299999237060547,25.299999237060547,25.239999771118164,25.25,7139,0.0,0.0
2024-10-11 10:45:00-04:00,25.219999313354492,25.229999542236328,25.15999984741211,25.174999237060547,4444,0.0,0.0
2024-10-11 10:50:00-04:00,25.174999237060547,25.174999237060547,25.1299991607666,25.139999389648438,1818,0.0,0.0
2024-10-11 10:55:00-04:00,25.1299991607666,25.149999618530273,25.0,25.079999923706055,26113,0.0,0.0
2024-10-11 11:00:00-04:00,25.110000610351562,25.200000762939453,25.110000610351562,25.19499969482422,2388,0.0,0.0
2024-10-11 11:05:00-04:00,25.204999923706055,25.204999923706055,25.18000030517578,25.18000030517578,1612,0.0,0.0
2024-10-11 11:10:00-04:00,25.1299991607666,25.1299991607666,25.1299991607666,25.1299991607666,108,0.0,0.0
2024-10-11 11:15:00-04:00,25.1299991607666,25.1299991607666,25.110000610351562,25.110000610351562,2027,0.0,0.0
2024-10-11 11:20:00-04:00,25.1200008392334,25.264999389648438,25.110000610351562,25.264999389648438,10649,0.0,0.0
2024-10-11 11:25:00-04:00,25.299999237060547,25.30500030517578,25.280000686645508,25.28499984741211,1193,0.0,0.0
2024-10-11 11:30:00-04:00,25.270000457763672,25.270000457763672,25.239999771118164,25.260000228881836,3071,0.0,0.0
2024-10-11 11:35:00-04:00,25.260000228881836,25.350000381469727,25.260000228881836,25.315000534057617,3753,0.0,0.0
2024-10-11 11:40:00-04:00,25.360000610351562,25.360000610351562,25.270000457763672,25.270000457763672,1240,0.0,0.0
2024-10-11 11:45:00-04:00,25.25,25.25,25.25,25.25,585,0.0,0.0
2024-10-11 11:50:00-04:00,25.239999771118164,25.239999771118164,25.209999084472656,25.209999084472656,2414,0.0,0.0
2024-10-11 11:55:00-04:00,25.200000762939453,25.229999542236328,25.200000762939453,25.209999084472656,4187,0.0,0.0
2024-10-11 12:05:00-04:00,25.190000534057617,25.219999313354492,25.190000534057617,25.219999313354492,2843,0.0,0.0
2024-10-11 12:10:00-04:00,25.190000534057617,25.219999313354492,25.18000030517578,25.18000030517578,1128,0.0,0.0
2024-10-11 12:15:00-04:00,25.149999618530273,25.17650032043457,25.149999618530273,25.15999984741211,2910,0.0,0.0
2024-10-11 12:20:00-04:00,25.174999237060547,25.18000030517578,25.149999618530273,25.155000686645508,4788,0.0,0.0
2024-10-11 12:25:00-04:00,25.170000076293945,25.18000030517578,25.139999389648438,25.155000686645508,9168,0.0,0.0
2024-10-11 12:30:00-04:00,25.125,25.125,25.125,25.125,221,0.0,0.0
2024-10-11 12:35:00-04:00,25.1200008392334,25.1200008392334,25.020000457763672,25.1200008392334,24835,0.0,0.0
2024-10-11 12:40:00-04:00,25.1200008392334,25.15999984741211,25.1200008392334,25.145000457763672,4945,0.0,0.0
2024-10-11 12:45:00-04:00,25.1200008392334,25.1200008392334,25.059999465942383,25.079999923706055,9765,0.0,0.0
2024-10-11 12:50:00-04:00,25.084999084472656,25.084999084472656,25.06999969482422,25.084999084472656,1435,0.0,0.0
2024-10-11 12:55:00-04:00,25.075000762939453,25.09000015258789,25.020000457763672,25.075000762939453,16467,0.0,0.0
2024-10-11 13:00:00-04:00,25.110000610351562,25.1299991607666,25.100000381469727,25.1299991607666,1315,0.0,0.0
2024-10-11 13:05:00-04:00,25.09000015258789,25.229999542236328,25.09000015258789,25.229999542236328,3264,0.0,0.0
2024-10-11 13:10:00-04:00,25.229999542236328,25.290000915527344,25.229999542236328,25.280000686645508,2117,0.0,0.0
2024-10-11 13:15:00-04:00,25.229999542236328,25.2549991607666,25.209999084472656,25.25,3062,0.0,0.0
2024-10-11 13:20:00-04:00,25.260000228881836,25.290000915527344,25.229999542236328,25.274999618530273,1810,0.0,0.0
2024-10-11 13:25:00-04:00,25.25,25.25,25.239999771118164,25.239999771118164,421,0.0,0.0
2024-10-11 13:30:00-04:00,25.25,25.260000228881836,25.225000381469727,25.239999771118164,784,0.0,0.0
2024-10-11 13:35:00-04:00,25.219999313354492,25.219999313354492,25.219999313354492,25.219999313354492,527,0.0,0.0
2024-10-11 13:40:00-04:00,25.229999542236328,25.270000457763672,25.229999542236328,25.270000457763672,2909,0.0,0.0
2024-10-11 13:45:00-04:00,25.25,25.270000457763672,25.25,25.260000228881836,759,0.0,0.0
2024-10-11 13:50:00-04:00,25.280000686645508,25.280000686645508,25.239999771118164,25.239999771118164,1791,0.0,0.0
2024-10-11 13:55:00-04:00,25.229999542236328,25.229999542236328,25.219999313354492,25.229999542236328,2090,0.0,0.0
2024-10-11 14:00:00-04:00,25.25,25.290000915527344,25.229999542236328,25.270000457763672,5770,0.0,0.0
2024-10-11 14:05:00-04:00,25.280000686645508,25.309999465942383,25.280000686645508,25.299999237060547,3186,0.0,0.0
2024-10-11 14:15:00-04:00,25.270000457763672,25.274999618530273,25.270000457763672,25.274999618530273,933,0.0,0.0
2024-10-11 14:20:00-04:00,25.270000457763672,25.354999542236328,25.270000457763672,25.354999542236328,2424,0.0,0.0
2024-10-11 14:30:00-04:00,25.3700008392334,25.3700008392334,25.31999969482422,25.325000762939453,3201,0.0,0.0
2024-10-11 14:35:00-04:00,25.344999313354492,25.360000610351562,25.344999313354492,25.360000610351562,747,0.0,0.0
2024-10-11 14:40:00-04:00,25.364999771118164,25.3799991607666,25.364999771118164,25.375,733,0.0,0.0
2024-10-11 14:45:00-04:00,25.399999618530273,25.399999618530273,25.385000228881836,25.385000228881836,1302,0.0,0.0
2024-10-11 14:50:00-04:00,25.450000762939453,25.450000762939453,25.389999389648438,25.389999389648438,3128,0.0,0.0
2024-10-11 14:55:00-04:00,25.364999771118164,25.364999771118164,25.329999923706055,25.329999923706055,1097,0.0,0.0
2024-10-11 15:00:00-04:00,25.31999969482422,25.34000015258789,25.299999237060547,25.299999237060547,1976,0.0,0.0
2024-10-11 15:05:00-04:00,25.31999969482422,25.329999923706055,25.290000915527344,25.309999465942383,2358,0.0,0.0
2024-10-11 15:10:00-04:00,25.309999465942383,25.309999465942383,25.25,25.2549991607666,3902,0.0,0.0
2024-10-11 15:15:00-04:00,25.239999771118164,25.290000915527344,25.229999542236328,25.264999389648438,8782,0.0,0.0
2024-10-11 15:20:00-04:00,25.2549991607666,25.280000686645508,25.2450008392334,25.2549991607666,3533,0.0,0.0
2024-10-11 15:25:00-04:00,25.2549991607666,25.299999237060547,25.2549991607666,25.274999618530273,4623,0.0,0.0
2024-10-11 15:30:00-04:00,25.290000915527344,25.350000381469727,25.2549991607666,25.2549991607666,5191,0.0,0.0
2024-10-11 15:35:00-04:00,25.239999771118164,25.239999771118164,25.1299991607666,25.149999618530273,6906,0.0,0.0
2024-10-11 15:40:00-04:00,25.149999618530273,25.15999984741211,25.100000381469727,25.15999984741211,13527,0.0,0.0
2024-10-11 15:45:00-04:00,25.155000686645508,25.18000030517578,25.1299991607666,25.155000686645508,7754,0.0,0.0
2024-10-11 15:50:00-04:00,25.139999389648438,25.46500015258789,25.1200008392334,25.43000030517578,39640,0.0,0.0
2024-10-11 15:55:00-04:00,25.40999984741211,25.40999984741211,25.280000686645508,25.309999465942383,58935,0.0,0.0
