Datetime,Open,High,Low,Close,Volume,Dividends,Stock Splits,Capital Gains
2025-02-10 09:30:00-05:00,108.27999877929688,108.27999877929688,108.27999877929688,108.27999877929688,3018,0.0,0.0,0.0
2025-02-10 09:36:00-05:00,108.18000030517578,108.18000030517578,107.83999633789062,107.83999633789062,219,0.0,0.0,0.0
2025-02-10 09:37:00-05:00,108.12999725341797,108.12999725341797,108.12999725341797,108.12999725341797,825,0.0,0.0,0.0
2025-02-10 09:42:00-05:00,108.19000244140625,108.25,107.93000030517578,107.93000030517578,2990,0.0,0.0,0.0
2025-02-10 09:46:00-05:00,108.21990203857422,108.21990203857422,108.11499786376953,108.11499786376953,1041,0.0,0.0,0.0
2025-02-10 09:47:00-05:00,108.05000305175781,108.05999755859375,108.05000305175781,108.05999755859375,733,0.0,0.0,0.0
2025-02-10 09:51:00-05:00,107.86000061035156,107.86000061035156,107.80999755859375,107.80999755859375,320,0.0,0.0,0.0
2025-02-10 09:53:00-05:00,107.86000061035156,107.86000061035156,107.86000061035156,107.86000061035156,103,0.0,0.0,0.0
2025-02-10 09:54:00-05:00,107.95999908447266,108.0,107.95999908447266,108.0,527,0.0,0.0,0.0
2025-02-10 09:55:00-05:00,107.93990325927734,107.93990325927734,107.91500091552734,107.93990325927734,10041,0.0,0.0,0.0
2025-02-10 09:56:00-05:00,107.89569854736328,107.91999816894531,107.89569854736328,107.91999816894531,535,0.0,0.0,0.0
2025-02-10 09:57:00-05:00,107.81600189208984,107.95999908447266,107.81600189208984,107.95999908447266,972,0.0,0.0,0.0
2025-02-10 09:59:00-05:00,107.97000122070312,107.97000122070312,107.90249633789062,107.90249633789062,445,0.0,0.0,0.0
2025-02-10 10:00:00-05:00,108.01000213623047,108.01000213623047,107.9708023071289,107.9708023071289,222,0.0,0.0,0.0
2025-02-10 10:01:00-05:00,108.08200073242188,108.08200073242188,107.98400115966797,107.98400115966797,373,0.0,0.0,0.0
2025-02-10 10:03:00-05:00,107.8499984741211,107.8499984741211,107.8499984741211,107.8499984741211,239,0.0,0.0,0.0
2025-02-10 10:07:00-05:00,108.1698989868164,108.1698989868164,108.1698989868164,108.1698989868164,248,0.0,0.0,0.0
2025-02-10 10:08:00-05:00,108.08689880371094,108.08689880371094,108.06999969482422,108.06999969482422,685,0.0,0.0,0.0
2025-02-10 10:09:00-05:00,107.97000122070312,107.99099731445312,107.85050201416016,107.85050201416016,2529,0.0,0.0,0.0
2025-02-10 10:11:00-05:00,108.08989715576172,108.08989715576172,108.08989715576172,108.08989715576172,151,0.0,0.0,0.0
2025-02-10 10:12:00-05:00,107.93000030517578,107.93000030517578,107.93000030517578,107.93000030517578,167,0.0,0.0,0.0
2025-02-10 10:14:00-05:00,107.94920349121094,107.94920349121094,107.94920349121094,107.94920349121094,140,0.0,0.0,0.0
2025-02-10 10:15:00-05:00,107.94499969482422,108.0282974243164,107.94499969482422,107.94499969482422,1969,0.0,0.0,0.0
2025-02-10 10:17:00-05:00,108.08000183105469,108.08000183105469,108.08000183105469,108.08000183105469,502,0.0,0.0,0.0
2025-02-10 10:18:00-05:00,108.08999633789062,108.12999725341797,108.08999633789062,108.12999725341797,345,0.0,0.0,0.0
2025-02-10 10:24:00-05:00,108.0459976196289,108.0459976196289,108.04000091552734,108.04000091552734,454,0.0,0.0,0.0
2025-02-10 10:25:00-05:00,108.12999725341797,108.12999725341797,108.12000274658203,108.12999725341797,213,0.0,0.0,0.0
2025-02-10 10:29:00-05:00,108.23999786376953,108.2499008178711,108.23999786376953,108.2499008178711,902,0.0,0.0,0.0
2025-02-10 10:32:00-05:00,108.1583023071289,108.1583023071289,108.1583023071289,108.1583023071289,283,0.0,0.0,0.0
2025-02-10 10:37:00-05:00,108.30999755859375,108.30999755859375,108.30999755859375,108.30999755859375,200,0.0,0.0,0.0
2025-02-10 10:38:00-05:00,108.27999877929688,108.27999877929688,108.27999877929688,108.27999877929688,214,0.0,0.0,0.0
2025-02-10 10:39:00-05:00,108.34989929199219,108.34989929199219,108.34989929199219,108.34989929199219,378,0.0,0.0,0.0
2025-02-10 10:44:00-05:00,108.22010040283203,108.22010040283203,108.22010040283203,108.22010040283203,275,0.0,0.0,0.0
2025-02-10 10:48:00-05:00,108.38999938964844,108.38999938964844,108.33000183105469,108.33000183105469,331,0.0,0.0,0.0
2025-02-10 10:53:00-05:00,108.31999969482422,108.31999969482422,108.31999969482422,108.31999969482422,24185,0.0,0.0,0.0
2025-02-10 11:01:00-05:00,108.31999969482422,108.31999969482422,108.31999969482422,108.31999969482422,260,0.0,0.0,0.0
2025-02-10 11:05:00-05:00,108.2300033569336,108.2300033569336,108.2300033569336,108.2300033569336,194,0.0,0.0,0.0
2025-02-10 11:07:00-05:00,108.27999877929688,108.27999877929688,108.27999877929688,108.27999877929688,24756,0.0,0.0,0.0
2025-02-10 11:08:00-05:00,108.27999877929688,108.27999877929688,108.27999877929688,108.27999877929688,325,0.0,0.0,0.0
2025-02-10 11:16:00-05:00,108.16000366210938,108.19000244140625,108.16000366210938,108.19000244140625,527,0.0,0.0,0.0
2025-02-10 11:21:00-05:00,108.09919738769531,108.09919738769531,108.09919738769531,108.09919738769531,150,0.0,0.0,0.0
2025-02-10 11:23:00-05:00,108.01000213623047,108.1500015258789,108.01000213623047,108.1500015258789,571,0.0,0.0,0.0
2025-02-10 11:28:00-05:00,108.10269927978516,108.19999694824219,108.10269927978516,108.19999694824219,310,0.0,0.0,0.0
2025-02-10 11:29:00-05:00,108.18000030517578,108.18000030517578,108.18000030517578,108.18000030517578,954,0.0,0.0,0.0
2025-02-10 11:32:00-05:00,108.18000030517578,108.18000030517578,108.18000030517578,108.18000030517578,1248,0.0,0.0,0.0
2025-02-10 11:33:00-05:00,108.18000030517578,108.18000030517578,108.12000274658203,108.12000274658203,1799,0.0,0.0,0.0
2025-02-10 11:34:00-05:00,108.12000274658203,108.12000274658203,108.12000274658203,108.12000274658203,404,0.0,0.0,0.0
2025-02-10 11:38:00-05:00,108.18000030517578,108.18000030517578,108.18000030517578,108.18000030517578,100,0.0,0.0,0.0
2025-02-10 11:39:00-05:00,108.1500015258789,108.1500015258789,108.1500015258789,108.1500015258789,220,0.0,0.0,0.0
2025-02-10 11:42:00-05:00,108.16000366210938,108.16000366210938,108.1500015258789,108.1500015258789,2866,0.0,0.0,0.0
2025-02-10 11:44:00-05:00,108.11499786376953,108.11499786376953,108.11499786376953,108.11499786376953,695,0.0,0.0,0.0
2025-02-10 11:50:00-05:00,108.14810180664062,108.14810180664062,108.14810180664062,108.14810180664062,4681,0.0,0.0,0.0
2025-02-10 11:51:00-05:00,108.16999816894531,108.20899963378906,108.16999816894531,108.20899963378906,200,0.0,0.0,0.0
2025-02-10 11:52:00-05:00,108.23919677734375,108.23919677734375,108.23919677734375,108.23919677734375,4537,0.0,0.0,0.0
2025-02-10 11:54:00-05:00,108.2499008178711,108.2499008178711,108.2499008178711,108.2499008178711,100,0.0,0.0,0.0
2025-02-10 11:55:00-05:00,108.23999786376953,108.26000213623047,108.21289825439453,108.26000213623047,626,0.0,0.0,0.0
2025-02-10 12:00:00-05:00,108.18009948730469,108.26000213623047,108.18009948730469,108.26000213623047,309,0.0,0.0,0.0
2025-02-10 12:01:00-05:00,108.18170166015625,108.18170166015625,108.18170166015625,108.18170166015625,606,0.0,0.0,0.0
2025-02-10 12:03:00-05:00,108.19750213623047,108.20249938964844,108.19750213623047,108.20249938964844,276,0.0,0.0,0.0
2025-02-10 12:04:00-05:00,108.18409729003906,108.19000244140625,108.18409729003906,108.19000244140625,1407,0.0,0.0,0.0
2025-02-10 12:09:00-05:00,108.05259704589844,108.05259704589844,108.05259704589844,108.05259704589844,263,0.0,0.0,0.0
2025-02-10 12:12:00-05:00,108.0999984741211,108.0999984741211,108.0999984741211,108.0999984741211,128,0.0,0.0,0.0
2025-02-10 12:13:00-05:00,108.05000305175781,108.05000305175781,108.05000305175781,108.05000305175781,139,0.0,0.0,0.0
2025-02-10 12:14:00-05:00,108.08000183105469,108.10990142822266,108.08000183105469,108.10990142822266,842,0.0,0.0,0.0
2025-02-10 12:16:00-05:00,108.01000213623047,108.01000213623047,108.01000213623047,108.01000213623047,452,0.0,0.0,0.0
2025-02-10 12:19:00-05:00,108.12989807128906,108.12989807128906,108.12989807128906,108.12989807128906,364,0.0,0.0,0.0
2025-02-10 12:20:00-05:00,108.04010009765625,108.08381652832031,108.04010009765625,108.08381652832031,450,0.0,0.0,0.0
2025-02-10 12:21:00-05:00,108.07499694824219,108.07499694824219,108.07499694824219,108.07499694824219,106,0.0,0.0,0.0
2025-02-10 12:27:00-05:00,108.1698989868164,108.1698989868164,108.1698989868164,108.1698989868164,216,0.0,0.0,0.0
2025-02-10 12:29:00-05:00,108.14920043945312,108.14920043945312,108.14920043945312,108.14920043945312,203,0.0,0.0,0.0
2025-02-10 12:30:00-05:00,108.13999938964844,108.13999938964844,108.13999938964844,108.13999938964844,210,0.0,0.0,0.0
2025-02-10 12:33:00-05:00,108.1249008178711,108.1249008178711,108.1249008178711,108.1249008178711,653,0.0,0.0,0.0
2025-02-10 12:49:00-05:00,108.19499969482422,108.19499969482422,108.19499969482422,108.19499969482422,352,0.0,0.0,0.0
2025-02-10 12:51:00-05:00,108.17009735107422,108.17009735107422,108.17009735107422,108.17009735107422,100,0.0,0.0,0.0
2025-02-10 12:53:00-05:00,108.2300033569336,108.2300033569336,108.22940063476562,108.22940063476562,655,0.0,0.0,0.0
2025-02-10 12:55:00-05:00,108.25,108.25,108.22000122070312,108.25,325,0.0,0.0,0.0
2025-02-10 12:56:00-05:00,108.26000213623047,108.26000213623047,108.26000213623047,108.26000213623047,509,0.0,0.0,0.0
2025-02-10 12:57:00-05:00,108.2699966430664,108.2699966430664,108.2699966430664,108.2699966430664,830,0.0,0.0,0.0
2025-02-10 13:09:00-05:00,108.25,108.25,108.25,108.25,380,0.0,0.0,0.0
2025-02-10 13:10:00-05:00,108.27999877929688,108.27999877929688,108.27999877929688,108.27999877929688,488,0.0,0.0,0.0
2025-02-10 13:11:00-05:00,108.27999877929688,108.27999877929688,108.27999877929688,108.27999877929688,196,0.0,0.0,0.0
2025-02-10 13:14:00-05:00,108.30999755859375,108.30999755859375,108.30999755859375,108.30999755859375,1087,0.0,0.0,0.0
2025-02-10 13:15:00-05:00,108.33000183105469,108.33000183105469,108.33000183105469,108.33000183105469,550,0.0,0.0,0.0
2025-02-10 13:17:00-05:00,108.3499984741211,108.3499984741211,108.34989929199219,108.34989929199219,1485,0.0,0.0,0.0
2025-02-10 13:18:00-05:00,108.30500030517578,108.30500030517578,108.30500030517578,108.30500030517578,241,0.0,0.0,0.0
2025-02-10 13:21:00-05:00,108.30999755859375,108.30999755859375,108.30010223388672,108.30010223388672,392,0.0,0.0,0.0
2025-02-10 13:25:00-05:00,108.30999755859375,108.30999755859375,108.30999755859375,108.30999755859375,354,0.0,0.0,0.0
2025-02-10 13:30:00-05:00,108.30000305175781,108.30000305175781,108.30000305175781,108.30000305175781,406,0.0,0.0,0.0
2025-02-10 13:35:00-05:00,108.2301025390625,108.2301025390625,108.2301025390625,108.2301025390625,144,0.0,0.0,0.0
2025-02-10 13:36:00-05:00,108.30999755859375,108.30999755859375,108.30999755859375,108.30999755859375,319,0.0,0.0,0.0
2025-02-10 13:37:00-05:00,108.3395004272461,108.3395004272461,108.3395004272461,108.3395004272461,188,0.0,0.0,0.0
2025-02-10 13:39:00-05:00,108.24259948730469,108.24259948730469,108.24259948730469,108.24259948730469,61011,0.0,0.0,0.0
2025-02-10 13:49:00-05:00,108.33999633789062,108.33999633789062,108.33999633789062,108.33999633789062,185,0.0,0.0,0.0
2025-02-10 13:50:00-05:00,108.36000061035156,108.38999938964844,108.36000061035156,108.38999938964844,823,0.0,0.0,0.0
2025-02-10 13:51:00-05:00,108.2677001953125,108.2677001953125,108.2677001953125,108.2677001953125,101,0.0,0.0,0.0
2025-02-10 13:52:00-05:00,108.41999816894531,108.41999816894531,108.41999816894531,108.41999816894531,182,0.0,0.0,0.0
2025-02-10 13:55:00-05:00,108.38999938964844,108.38999938964844,108.38999938964844,108.38999938964844,232,0.0,0.0,0.0
2025-02-10 13:57:00-05:00,108.3949966430664,108.3949966430664,108.3949966430664,108.3949966430664,139,0.0,0.0,0.0
2025-02-10 13:58:00-05:00,108.47850036621094,108.47850036621094,108.47850036621094,108.47850036621094,339,0.0,0.0,0.0
2025-02-10 14:05:00-05:00,108.26740264892578,108.26740264892578,108.26740264892578,108.26740264892578,391,0.0,0.0,0.0
2025-02-10 14:08:00-05:00,108.41000366210938,108.41999816894531,108.41000366210938,108.41999816894531,200,0.0,0.0,0.0
2025-02-10 14:09:00-05:00,108.44989776611328,108.44989776611328,108.44989776611328,108.44989776611328,375,0.0,0.0,0.0
2025-02-10 14:15:00-05:00,108.45500183105469,108.45500183105469,108.41380310058594,108.41380310058594,452,0.0,0.0,0.0
2025-02-10 14:19:00-05:00,108.35530090332031,108.35530090332031,108.35530090332031,108.35530090332031,64644,0.0,0.0,0.0
2025-02-10 14:23:00-05:00,108.45850372314453,108.45850372314453,108.31009674072266,108.31009674072266,265,0.0,0.0,0.0
2025-02-10 14:25:00-05:00,108.35820007324219,108.35820007324219,108.35820007324219,108.35820007324219,101,0.0,0.0,0.0
2025-02-10 14:26:00-05:00,108.38349914550781,108.38349914550781,108.38349914550781,108.38349914550781,759,0.0,0.0,0.0
2025-02-10 14:27:00-05:00,108.31559753417969,108.31559753417969,108.31559753417969,108.31559753417969,225,0.0,0.0,0.0
2025-02-10 14:30:00-05:00,108.33209991455078,108.33209991455078,108.33209991455078,108.33209991455078,402,0.0,0.0,0.0
2025-02-10 14:31:00-05:00,108.41999816894531,108.41999816894531,108.41000366210938,108.41000366210938,302,0.0,0.0,0.0
2025-02-10 14:32:00-05:00,108.41999816894531,108.41999816894531,108.41999816894531,108.41999816894531,110,0.0,0.0,0.0
2025-02-10 14:34:00-05:00,108.29010009765625,108.29010009765625,108.29010009765625,108.29010009765625,195,0.0,0.0,0.0
2025-02-10 14:43:00-05:00,108.29630279541016,108.4000015258789,108.29630279541016,108.4000015258789,381,0.0,0.0,0.0
2025-02-10 14:50:00-05:00,108.27020263671875,108.27020263671875,108.27020263671875,108.27020263671875,317,0.0,0.0,0.0
2025-02-10 14:51:00-05:00,108.31999969482422,108.31999969482422,108.31999969482422,108.31999969482422,498,0.0,0.0,0.0
2025-02-10 14:53:00-05:00,108.38999938964844,108.38999938964844,108.33709716796875,108.33709716796875,302,0.0,0.0,0.0
2025-02-10 14:56:00-05:00,108.3499984741211,108.42960357666016,108.3499984741211,108.42960357666016,793,0.0,0.0,0.0
2025-02-10 15:03:00-05:00,108.37480163574219,108.37480163574219,108.36470031738281,108.36470031738281,285,0.0,0.0,0.0
2025-02-10 15:04:00-05:00,108.36000061035156,108.36000061035156,108.36000061035156,108.36000061035156,200,0.0,0.0,0.0
2025-02-10 15:05:00-05:00,108.3499984741211,108.3499984741211,108.32099914550781,108.32099914550781,2096,0.0,0.0,0.0
2025-02-10 15:06:00-05:00,108.37000274658203,108.37000274658203,108.37000274658203,108.37000274658203,648,0.0,0.0,0.0
2025-02-10 15:12:00-05:00,108.38999938964844,108.38999938964844,108.38999938964844,108.38999938964844,219,0.0,0.0,0.0
2025-02-10 15:13:00-05:00,108.39990234375,108.39990234375,108.39990234375,108.39990234375,905,0.0,0.0,0.0
2025-02-10 15:20:00-05:00,108.36000061035156,108.36000061035156,108.3499984741211,108.3499984741211,417,0.0,0.0,0.0
2025-02-10 15:21:00-05:00,108.3499984741211,108.3499984741211,108.33999633789062,108.33999633789062,200,0.0,0.0,0.0
2025-02-10 15:22:00-05:00,108.331298828125,108.331298828125,108.331298828125,108.331298828125,470,0.0,0.0,0.0
2025-02-10 15:23:00-05:00,108.33000183105469,108.33899688720703,108.33000183105469,108.33899688720703,2331,0.0,0.0,0.0
2025-02-10 15:24:00-05:00,108.34929656982422,108.34929656982422,108.34929656982422,108.34929656982422,996,0.0,0.0,0.0
2025-02-10 15:26:00-05:00,108.29740142822266,108.29740142822266,108.29740142822266,108.29740142822266,470,0.0,0.0,0.0
2025-02-10 15:28:00-05:00,108.36000061035156,108.36000061035156,108.31300354003906,108.31300354003906,256,0.0,0.0,0.0
2025-02-10 15:30:00-05:00,108.3499984741211,108.3499984741211,108.34989929199219,108.34989929199219,403,0.0,0.0,0.0
2025-02-10 15:31:00-05:00,108.3499984741211,108.36000061035156,108.33000183105469,108.33999633789062,885,0.0,0.0,0.0
2025-02-10 15:32:00-05:00,108.34929656982422,108.3499984741211,108.34929656982422,108.3499984741211,404,0.0,0.0,0.0
2025-02-10 15:34:00-05:00,108.33999633789062,108.33999633789062,108.30500030517578,108.30500030517578,874,0.0,0.0,0.0
2025-02-10 15:35:00-05:00,108.29000091552734,108.33000183105469,108.29000091552734,108.29000091552734,1148,0.0,0.0,0.0
2025-02-10 15:36:00-05:00,108.29000091552734,108.30999755859375,108.29000091552734,108.29000091552734,816,0.0,0.0,0.0
2025-02-10 15:37:00-05:00,108.2699966430664,108.29000091552734,108.2699966430664,108.29000091552734,534,0.0,0.0,0.0
2025-02-10 15:38:00-05:00,108.2699966430664,108.2750015258789,108.2699966430664,108.2750015258789,326,0.0,0.0,0.0
2025-02-10 15:39:00-05:00,108.29000091552734,108.29000091552734,108.27999877929688,108.27999877929688,819,0.0,0.0,0.0
2025-02-10 15:40:00-05:00,108.29000091552734,108.29000091552734,108.2699966430664,108.2699966430664,945,0.0,0.0,0.0
2025-02-10 15:41:00-05:00,108.29000091552734,108.29000091552734,108.29000091552734,108.29000091552734,545,0.0,0.0,0.0
2025-02-10 15:44:00-05:00,108.31999969482422,108.31999969482422,108.31999969482422,108.31999969482422,138,0.0,0.0,0.0
2025-02-10 15:48:00-05:00,108.31999969482422,108.31999969482422,108.27999877929688,108.27999877929688,389,0.0,0.0,0.0
2025-02-10 15:49:00-05:00,108.26000213623047,108.26000213623047,108.26000213623047,108.26000213623047,260,0.0,0.0,0.0
2025-02-10 15:51:00-05:00,108.33000183105469,108.33000183105469,108.33000183105469,108.33000183105469,280,0.0,0.0,0.0
2025-02-10 15:52:00-05:00,108.33000183105469,108.33000183105469,108.33000183105469,108.33000183105469,334,0.0,0.0,0.0
2025-02-10 15:59:00-05:00,108.30999755859375,108.30999755859375,108.30999755859375,108.30999755859375,458,0.0,0.0,0.0
2025-02-11 09:30:00-05:00,108.1500015258789,108.1500015258789,107.75740051269531,107.75740051269531,2340,0.0,0.0,0.0
2025-02-11 09:33:00-05:00,107.77050018310547,107.77050018310547,107.77050018310547,107.77050018310547,259,0.0,0.0,0.0
2025-02-11 09:35:00-05:00,108.01000213623047,108.06800079345703,108.01000213623047,108.06800079345703,339,0.0,0.0,0.0
2025-02-11 09:36:00-05:00,107.81999969482422,107.81999969482422,107.81999969482422,107.81999969482422,115,0.0,0.0,0.0
2025-02-11 09:37:00-05:00,107.98999786376953,107.98999786376953,107.98999786376953,107.98999786376953,203,0.0,0.0,0.0
2025-02-11 09:40:00-05:00,107.77999877929688,107.77999877929688,107.77999877929688,107.77999877929688,168,0.0,0.0,0.0
2025-02-11 09:41:00-05:00,107.70020294189453,107.91000366210938,107.70020294189453,107.90989685058594,579,0.0,0.0,0.0
2025-02-11 09:47:00-05:00,107.70999908447266,107.70999908447266,107.70999908447266,107.70999908447266,853,0.0,0.0,0.0
2025-02-11 09:48:00-05:00,107.80000305175781,107.80000305175781,107.61000061035156,107.63780212402344,9550,0.0,0.0,0.0
2025-02-11 09:49:00-05:00,107.7699966430664,107.7699966430664,107.7699966430664,107.7699966430664,3487,0.0,0.0,0.0
2025-02-11 09:50:00-05:00,107.76000213623047,107.76000213623047,107.76000213623047,107.76000213623047,282,0.0,0.0,0.0
2025-02-11 09:54:00-05:00,107.70999908447266,107.70999908447266,107.70999908447266,107.70999908447266,197,0.0,0.0,0.0
2025-02-11 09:55:00-05:00,107.5999984741211,107.64730072021484,107.5999984741211,107.64730072021484,665,0.0,0.0,0.0
2025-02-11 09:57:00-05:00,107.63999938964844,107.63999938964844,107.59500122070312,107.59500122070312,284,0.0,0.0,0.0
2025-02-11 09:58:00-05:00,107.55339813232422,107.55339813232422,107.55339813232422,107.55339813232422,100,0.0,0.0,0.0
2025-02-11 09:59:00-05:00,107.69999694824219,107.69999694824219,107.63999938964844,107.66999816894531,1060,0.0,0.0,0.0
2025-02-11 10:00:00-05:00,107.76000213623047,107.76000213623047,107.76000213623047,107.76000213623047,1643,0.0,0.0,0.0
2025-02-11 10:04:00-05:00,107.4801025390625,107.4801025390625,107.4801025390625,107.4801025390625,195,0.0,0.0,0.0
2025-02-11 10:05:00-05:00,107.62000274658203,107.62000274658203,107.62000274658203,107.62000274658203,3870,0.0,0.0,0.0
2025-02-11 10:15:00-05:00,107.59049987792969,107.59049987792969,107.59049987792969,107.59049987792969,142,0.0,0.0,0.0
2025-02-11 10:16:00-05:00,107.56500244140625,107.56500244140625,107.56500244140625,107.56500244140625,506,0.0,0.0,0.0
2025-02-11 10:25:00-05:00,107.54000091552734,107.54000091552734,107.54000091552734,107.54000091552734,137,0.0,0.0,0.0
2025-02-11 10:28:00-05:00,107.46499633789062,107.46499633789062,107.46499633789062,107.46499633789062,124,0.0,0.0,0.0
2025-02-11 10:30:00-05:00,107.5071029663086,107.5071029663086,107.5071029663086,107.5071029663086,302,0.0,0.0,0.0
2025-02-11 10:31:00-05:00,107.56500244140625,107.56500244140625,107.56500244140625,107.56500244140625,267,0.0,0.0,0.0
2025-02-11 10:36:00-05:00,107.55500030517578,107.55500030517578,107.55500030517578,107.55500030517578,202,0.0,0.0,0.0
2025-02-11 10:40:00-05:00,107.7300033569336,107.7300033569336,107.7300033569336,107.7300033569336,422,0.0,0.0,0.0
2025-02-11 10:43:00-05:00,107.69999694824219,107.69999694824219,107.69999694824219,107.69999694824219,385,0.0,0.0,0.0
2025-02-11 10:45:00-05:00,107.61000061035156,107.61000061035156,107.61000061035156,107.61000061035156,146,0.0,0.0,0.0
2025-02-11 10:46:00-05:00,107.70249938964844,107.70989990234375,107.70249938964844,107.70989990234375,330,0.0,0.0,0.0
2025-02-11 10:47:00-05:00,107.72000122070312,107.72000122070312,107.72000122070312,107.72000122070312,311,0.0,0.0,0.0
2025-02-11 10:50:00-05:00,107.70159912109375,107.70159912109375,107.70159912109375,107.70159912109375,753,0.0,0.0,0.0
2025-02-11 10:56:00-05:00,107.79299926757812,107.79299926757812,107.79299926757812,107.79299926757812,196,0.0,0.0,0.0
2025-02-11 10:58:00-05:00,107.6449966430664,107.6449966430664,107.6449966430664,107.6449966430664,990,0.0,0.0,0.0
2025-02-11 10:59:00-05:00,107.66000366210938,107.66000366210938,107.66000366210938,107.66000366210938,487,0.0,0.0,0.0
2025-02-11 11:09:00-05:00,107.66999816894531,107.66999816894531,107.66999816894531,107.66999816894531,100,0.0,0.0,0.0
2025-02-11 11:10:00-05:00,107.6050033569336,107.6050033569336,107.6050033569336,107.6050033569336,720,0.0,0.0,0.0
2025-02-11 11:12:00-05:00,107.58390045166016,107.58390045166016,107.58390045166016,107.58390045166016,302,0.0,0.0,0.0
2025-02-11 11:16:00-05:00,107.68990325927734,107.68990325927734,107.68990325927734,107.68990325927734,396,0.0,0.0,0.0
2025-02-11 11:18:00-05:00,107.6415023803711,107.6720962524414,107.6415023803711,107.6720962524414,849,0.0,0.0,0.0
2025-02-11 11:20:00-05:00,107.66999816894531,107.68000030517578,107.66999816894531,107.68000030517578,383,0.0,0.0,0.0
2025-02-11 11:23:00-05:00,107.62349700927734,107.62349700927734,107.62349700927734,107.62349700927734,453,0.0,0.0,0.0
2025-02-11 11:28:00-05:00,107.52999877929688,107.52999877929688,107.52999877929688,107.52999877929688,279,0.0,0.0,0.0
2025-02-11 11:30:00-05:00,107.3301010131836,107.3301010131836,107.3301010131836,107.3301010131836,265,0.0,0.0,0.0
2025-02-11 11:32:00-05:00,107.41000366210938,107.41000366210938,107.41000366210938,107.41000366210938,415,0.0,0.0,0.0
2025-02-11 11:41:00-05:00,107.33609771728516,107.33609771728516,107.33609771728516,107.33609771728516,435,0.0,0.0,0.0
2025-02-11 11:50:00-05:00,107.37989807128906,107.37989807128906,107.37989807128906,107.37989807128906,797,0.0,0.0,0.0
2025-02-11 11:52:00-05:00,107.2301025390625,107.2301025390625,107.2301025390625,107.2301025390625,2257,0.0,0.0,0.0
2025-02-11 12:17:00-05:00,107.05999755859375,107.05999755859375,107.05999755859375,107.05999755859375,579,0.0,0.0,0.0
2025-02-11 12:23:00-05:00,107.0801010131836,107.0801010131836,107.0801010131836,107.0801010131836,235,0.0,0.0,0.0
2025-02-11 12:24:00-05:00,107.30870056152344,107.30870056152344,107.30870056152344,107.30870056152344,240,0.0,0.0,0.0
2025-02-11 12:25:00-05:00,107.29000091552734,107.30999755859375,107.29000091552734,107.30999755859375,3124,0.0,0.0,0.0
2025-02-11 12:34:00-05:00,107.26000213623047,107.29000091552734,107.26000213623047,107.29000091552734,3668,0.0,0.0,0.0
2025-02-11 13:06:00-05:00,107.1155014038086,107.16000366210938,107.1155014038086,107.16000366210938,388,0.0,0.0,0.0
2025-02-11 13:08:00-05:00,107.15499877929688,107.15499877929688,107.15499877929688,107.15499877929688,561,0.0,0.0,0.0
2025-02-11 13:11:00-05:00,107.16000366210938,107.16000366210938,107.16000366210938,107.16000366210938,714,0.0,0.0,0.0
2025-02-11 13:22:00-05:00,107.12439727783203,107.12439727783203,107.12439727783203,107.12439727783203,186,0.0,0.0,0.0
2025-02-11 13:24:00-05:00,107.15509796142578,107.15509796142578,107.15509796142578,107.15509796142578,200,0.0,0.0,0.0
2025-02-11 13:25:00-05:00,107.2300033569336,107.2300033569336,107.19254302978516,107.2300033569336,1968,0.0,0.0,0.0
2025-02-11 13:39:00-05:00,107.4530029296875,107.4530029296875,107.38500213623047,107.38500213623047,246,0.0,0.0,0.0
2025-02-11 13:43:00-05:00,107.37999725341797,107.37999725341797,107.37999725341797,107.37999725341797,104,0.0,0.0,0.0
2025-02-11 13:45:00-05:00,107.44000244140625,107.47840118408203,107.40499877929688,107.40499877929688,7139,0.0,0.0,0.0
2025-02-11 13:48:00-05:00,107.41999816894531,107.41999816894531,107.41999816894531,107.41999816894531,217,0.0,0.0,0.0
2025-02-11 13:56:00-05:00,107.26000213623047,107.26000213623047,107.26000213623047,107.26000213623047,507,0.0,0.0,0.0
2025-02-11 13:58:00-05:00,107.31999969482422,107.31999969482422,107.31999969482422,107.31999969482422,1178,0.0,0.0,0.0
2025-02-11 14:08:00-05:00,107.28849792480469,107.28849792480469,107.28849792480469,107.28849792480469,162,0.0,0.0,0.0
2025-02-11 14:10:00-05:00,107.32499694824219,107.32499694824219,107.32499694824219,107.32499694824219,160,0.0,0.0,0.0
2025-02-11 14:12:00-05:00,107.3125,107.3125,107.3125,107.3125,151,0.0,0.0,0.0
2025-02-11 14:14:00-05:00,107.32990264892578,107.32990264892578,107.27999877929688,107.27999877929688,775,0.0,0.0,0.0
2025-02-11 14:17:00-05:00,107.2699966430664,107.2699966430664,107.2699966430664,107.2699966430664,62313,0.0,0.0,0.0
2025-02-11 14:24:00-05:00,107.3499984741211,107.37840270996094,107.3499984741211,107.37840270996094,944,0.0,0.0,0.0
2025-02-11 14:29:00-05:00,107.38999938964844,107.38999938964844,107.38999938964844,107.38999938964844,582,0.0,0.0,0.0
2025-02-11 14:52:00-05:00,107.54499816894531,107.54499816894531,107.54499816894531,107.54499816894531,572,0.0,0.0,0.0
2025-02-11 15:18:00-05:00,107.54000091552734,107.54000091552734,107.54000091552734,107.54000091552734,321,0.0,0.0,0.0
2025-02-11 15:27:00-05:00,107.45999908447266,107.54000091552734,107.45999908447266,107.52999877929688,1024,0.0,0.0,0.0
2025-02-11 15:35:00-05:00,107.55000305175781,107.55000305175781,107.54000091552734,107.55000305175781,550,0.0,0.0,0.0
2025-02-11 15:37:00-05:00,107.5199966430664,107.5199966430664,107.51000213623047,107.51499938964844,1110,0.0,0.0,0.0
2025-02-11 15:38:00-05:00,107.5199966430664,107.5199966430664,107.5199966430664,107.5199966430664,537,0.0,0.0,0.0
2025-02-11 15:39:00-05:00,107.5,107.5,107.5,107.5,149,0.0,0.0,0.0
2025-02-11 15:40:00-05:00,107.5,107.5,107.5,107.5,30512,0.0,0.0,0.0
2025-02-11 15:41:00-05:00,107.5,107.51000213623047,107.36479949951172,107.48999786376953,1857,0.0,0.0,0.0
2025-02-11 15:43:00-05:00,107.42500305175781,107.42500305175781,107.42500305175781,107.42500305175781,511,0.0,0.0,0.0
2025-02-11 15:46:00-05:00,107.47000122070312,107.47000122070312,107.47000122070312,107.47000122070312,100,0.0,0.0,0.0
2025-02-11 15:48:00-05:00,107.42500305175781,107.42500305175781,107.42500305175781,107.42500305175781,371,0.0,0.0,0.0
2025-02-11 15:49:00-05:00,107.44999694824219,107.44999694824219,107.44999694824219,107.44999694824219,124,0.0,0.0,0.0
2025-02-11 15:55:00-05:00,107.47989654541016,107.47989654541016,107.47989654541016,107.47989654541016,496,0.0,0.0,0.0
2025-02-11 15:59:00-05:00,107.45999908447266,107.66999816894531,107.45999908447266,107.66999816894531,7272,0.0,0.0,0.0
2025-02-12 09:30:00-05:00,106.2300033569336,106.2300033569336,105.91999816894531,105.91999816894531,988,0.0,0.0,0.0
2025-02-12 09:31:00-05:00,106.23190307617188,106.23200225830078,106.23190307617188,106.23190307617188,412,0.0,0.0,0.0
2025-02-12 09:41:00-05:00,106.62989807128906,106.62989807128906,106.62989807128906,106.62989807128906,103,0.0,0.0,0.0
2025-02-12 09:43:00-05:00,106.69000244140625,106.69000244140625,106.69000244140625,106.69000244140625,153,0.0,0.0,0.0
2025-02-12 09:51:00-05:00,106.95099639892578,106.95099639892578,106.95099639892578,106.95099639892578,296,0.0,0.0,0.0
2025-02-12 09:55:00-05:00,107.02999877929688,107.02999877929688,107.01000213623047,107.0199966430664,939,0.0,0.0,0.0
2025-02-12 09:56:00-05:00,106.91999816894531,106.91999816894531,106.91999816894531,106.91999816894531,124,0.0,0.0,0.0
2025-02-12 09:57:00-05:00,107.0,107.00990295410156,107.0,107.00990295410156,2605,0.0,0.0,0.0
2025-02-12 10:00:00-05:00,106.83000183105469,106.83000183105469,106.83000183105469,106.83000183105469,436,0.0,0.0,0.0
2025-02-12 10:07:00-05:00,106.55500030517578,106.55500030517578,106.55500030517578,106.55500030517578,179,0.0,0.0,0.0
2025-02-12 10:08:00-05:00,106.66500091552734,106.66500091552734,106.66500091552734,106.66500091552734,194,0.0,0.0,0.0
2025-02-12 10:10:00-05:00,106.58999633789062,106.58999633789062,106.58999633789062,106.58999633789062,1035,0.0,0.0,0.0
2025-02-12 10:12:00-05:00,106.5,106.5,106.5,106.5,117,0.0,0.0,0.0
2025-02-12 10:13:00-05:00,106.5,106.52999877929688,106.5,106.52999877929688,1216,0.0,0.0,0.0
2025-02-12 10:15:00-05:00,106.40689849853516,106.40689849853516,106.40689849853516,106.40689849853516,498,0.0,0.0,0.0
2025-02-12 10:18:00-05:00,106.66000366210938,106.68000030517578,106.66000366210938,106.68000030517578,394,0.0,0.0,0.0
2025-02-12 10:19:00-05:00,106.66000366210938,106.66000366210938,106.66000366210938,106.66000366210938,392,0.0,0.0,0.0
2025-02-12 10:30:00-05:00,106.7300033569336,106.7300033569336,106.7300033569336,106.7300033569336,406,0.0,0.0,0.0
2025-02-12 10:31:00-05:00,106.74600219726562,106.74600219726562,106.74600219726562,106.74600219726562,420,0.0,0.0,0.0
2025-02-12 10:33:00-05:00,106.91000366210938,106.91000366210938,106.91000366210938,106.91000366210938,1857,0.0,0.0,0.0
2025-02-12 10:34:00-05:00,106.91000366210938,106.91000366210938,106.91000366210938,106.91000366210938,190,0.0,0.0,0.0
2025-02-12 10:39:00-05:00,107.02999877929688,107.02999877929688,107.02999877929688,107.02999877929688,534,0.0,0.0,0.0
2025-02-12 10:45:00-05:00,106.94210052490234,106.94210052490234,106.94210052490234,106.94210052490234,170,0.0,0.0,0.0
2025-02-12 10:46:00-05:00,107.00789642333984,107.00789642333984,107.00789642333984,107.00789642333984,242,0.0,0.0,0.0
2025-02-12 10:50:00-05:00,106.96990203857422,106.96990203857422,106.96990203857422,106.96990203857422,282,0.0,0.0,0.0
2025-02-12 11:01:00-05:00,107.12000274658203,107.12000274658203,107.12000274658203,107.12000274658203,376,0.0,0.0,0.0
2025-02-12 11:07:00-05:00,106.95999908447266,106.95999908447266,106.95999908447266,106.95999908447266,454,0.0,0.0,0.0
2025-02-12 11:23:00-05:00,106.91799926757812,106.91799926757812,106.91799926757812,106.91799926757812,5611,0.0,0.0,0.0
2025-02-12 11:31:00-05:00,106.94869995117188,106.94869995117188,106.94869995117188,106.94869995117188,815,0.0,0.0,0.0
2025-02-12 11:32:00-05:00,106.85669708251953,106.85669708251953,106.85669708251953,106.85669708251953,186,0.0,0.0,0.0
2025-02-12 11:39:00-05:00,107.02999877929688,107.02999877929688,106.95500183105469,106.95500183105469,473,0.0,0.0,0.0
2025-02-12 11:41:00-05:00,106.98290252685547,106.98290252685547,106.98290252685547,106.98290252685547,337,0.0,0.0,0.0
2025-02-12 11:43:00-05:00,107.08000183105469,107.08000183105469,107.08000183105469,107.08000183105469,418,0.0,0.0,0.0
2025-02-12 11:44:00-05:00,107.17829895019531,107.17829895019531,107.17829895019531,107.17829895019531,258,0.0,0.0,0.0
2025-02-12 11:45:00-05:00,107.1500015258789,107.1698989868164,107.0999984741211,107.1698989868164,2018,0.0,0.0,0.0
2025-02-12 11:48:00-05:00,107.08830261230469,107.08830261230469,107.08830261230469,107.08830261230469,868,0.0,0.0,0.0
2025-02-12 11:53:00-05:00,107.1500015258789,107.1500015258789,107.1500015258789,107.1500015258789,604,0.0,0.0,0.0
2025-02-12 12:03:00-05:00,107.37000274658203,107.41000366210938,107.37000274658203,107.41000366210938,330,0.0,0.0,0.0
2025-02-12 12:04:00-05:00,107.31999969482422,107.31999969482422,107.31999969482422,107.31999969482422,218,0.0,0.0,0.0
2025-02-12 12:05:00-05:00,107.32879638671875,107.3988037109375,107.32879638671875,107.3988037109375,474,0.0,0.0,0.0
2025-02-12 12:12:00-05:00,107.33149719238281,107.33149719238281,107.31999969482422,107.31999969482422,963,0.0,0.0,0.0
2025-02-12 12:15:00-05:00,107.35980224609375,107.35980224609375,107.35980224609375,107.35980224609375,468,0.0,0.0,0.0
2025-02-12 12:24:00-05:00,107.43499755859375,107.43499755859375,107.43499755859375,107.43499755859375,124,0.0,0.0,0.0
2025-02-12 12:27:00-05:00,107.45999908447266,107.45999908447266,107.44000244140625,107.44000244140625,3791,0.0,0.0,0.0
2025-02-12 12:28:00-05:00,107.41500091552734,107.41500091552734,107.41500091552734,107.41500091552734,934,0.0,0.0,0.0
2025-02-12 12:30:00-05:00,107.5,107.5,107.5,107.5,575,0.0,0.0,0.0
2025-02-12 12:31:00-05:00,107.44999694824219,107.44999694824219,107.44999694824219,107.44999694824219,233,0.0,0.0,0.0
2025-02-12 12:36:00-05:00,107.43000030517578,107.43000030517578,107.43000030517578,107.43000030517578,742,0.0,0.0,0.0
2025-02-12 12:37:00-05:00,107.41999816894531,107.41999816894531,107.41999816894531,107.41999816894531,255,0.0,0.0,0.0
2025-02-12 12:41:00-05:00,107.31539916992188,107.32140350341797,107.31539916992188,107.32140350341797,497,0.0,0.0,0.0
2025-02-12 12:42:00-05:00,107.43990325927734,107.43990325927734,107.43990325927734,107.43990325927734,244,0.0,0.0,0.0
2025-02-12 12:47:00-05:00,107.30999755859375,107.30999755859375,107.30999755859375,107.30999755859375,512,0.0,0.0,0.0
2025-02-12 13:01:00-05:00,107.5779037475586,107.62000274658203,107.5779037475586,107.62000274658203,6770,0.0,0.0,0.0
2025-02-12 13:03:00-05:00,107.61000061035156,107.61000061035156,107.61000061035156,107.61000061035156,220,0.0,0.0,0.0
2025-02-12 13:07:00-05:00,107.5,107.5,107.5,107.5,129,0.0,0.0,0.0
2025-02-12 13:11:00-05:00,107.45500183105469,107.53829956054688,107.45500183105469,107.53829956054688,1073,0.0,0.0,0.0
2025-02-12 13:14:00-05:00,107.54000091552734,107.54000091552734,107.4800033569336,107.4800033569336,481,0.0,0.0,0.0
2025-02-12 13:15:00-05:00,107.56919860839844,107.56919860839844,107.56919860839844,107.56919860839844,893,0.0,0.0,0.0
2025-02-12 13:18:00-05:00,107.48999786376953,107.48999786376953,107.48999786376953,107.48999786376953,892,0.0,0.0,0.0
2025-02-12 13:20:00-05:00,107.50759887695312,107.50759887695312,107.50759887695312,107.50759887695312,266,0.0,0.0,0.0
2025-02-12 13:22:00-05:00,107.53600311279297,107.53600311279297,107.53600311279297,107.53600311279297,913,0.0,0.0,0.0
2025-02-12 13:24:00-05:00,107.46499633789062,107.46499633789062,107.46499633789062,107.46499633789062,167,0.0,0.0,0.0
2025-02-12 13:25:00-05:00,107.51000213623047,107.51000213623047,107.5,107.5,973,0.0,0.0,0.0
2025-02-12 13:30:00-05:00,107.5198974609375,107.5198974609375,107.51000213623047,107.51000213623047,3202,0.0,0.0,0.0
2025-02-12 13:32:00-05:00,107.44000244140625,107.44000244140625,107.44000244140625,107.44000244140625,196,0.0,0.0,0.0
2025-02-12 13:34:00-05:00,107.46499633789062,107.46499633789062,107.46499633789062,107.46499633789062,573,0.0,0.0,0.0
2025-02-12 13:38:00-05:00,107.47830200195312,107.47830200195312,107.47830200195312,107.47830200195312,119,0.0,0.0,0.0
2025-02-12 13:39:00-05:00,107.46800231933594,107.46800231933594,107.46800231933594,107.46800231933594,107,0.0,0.0,0.0
2025-02-12 13:42:00-05:00,107.5199966430664,107.5199966430664,107.5199966430664,107.5199966430664,876,0.0,0.0,0.0
2025-02-12 13:43:00-05:00,107.34449768066406,107.34449768066406,107.34449768066406,107.34449768066406,531,0.0,0.0,0.0
2025-02-12 13:45:00-05:00,107.44000244140625,107.44000244140625,107.44000244140625,107.44000244140625,343,0.0,0.0,0.0
2025-02-12 13:47:00-05:00,107.38999938964844,107.38999938964844,107.38999938964844,107.38999938964844,148,0.0,0.0,0.0
2025-02-12 13:49:00-05:00,107.3301010131836,107.42449951171875,107.3301010131836,107.42449951171875,589,0.0,0.0,0.0
2025-02-12 13:51:00-05:00,107.4800033569336,107.4800033569336,107.4800033569336,107.4800033569336,100,0.0,0.0,0.0
2025-02-12 13:52:00-05:00,107.44999694824219,107.44999694824219,107.44999694824219,107.44999694824219,513,0.0,0.0,0.0
2025-02-12 14:03:00-05:00,107.37000274658203,107.37000274658203,107.37000274658203,107.37000274658203,219,0.0,0.0,0.0
2025-02-12 14:04:00-05:00,107.29630279541016,107.29630279541016,107.29630279541016,107.29630279541016,1176,0.0,0.0,0.0
2025-02-12 14:09:00-05:00,107.29499816894531,107.29499816894531,107.29499816894531,107.29499816894531,243,0.0,0.0,0.0
2025-02-12 14:16:00-05:00,107.26000213623047,107.26000213623047,107.26000213623047,107.26000213623047,669,0.0,0.0,0.0
2025-02-12 14:27:00-05:00,107.36859893798828,107.36859893798828,107.36859893798828,107.36859893798828,1768,0.0,0.0,0.0
2025-02-12 14:28:00-05:00,107.41000366210938,107.41000366210938,107.41000366210938,107.41000366210938,112,0.0,0.0,0.0
2025-02-12 14:32:00-05:00,107.36750030517578,107.36750030517578,107.36750030517578,107.36750030517578,350,0.0,0.0,0.0
2025-02-12 14:45:00-05:00,107.46499633789062,107.46499633789062,107.46499633789062,107.46499633789062,124,0.0,0.0,0.0
2025-02-12 14:47:00-05:00,107.5780029296875,107.5780029296875,107.50247955322266,107.56999969482422,6594,0.0,0.0,0.0
2025-02-12 14:51:00-05:00,107.54630279541016,107.54630279541016,107.54630279541016,107.54630279541016,216,0.0,0.0,0.0
2025-02-12 14:53:00-05:00,107.52339935302734,107.52339935302734,107.52339935302734,107.52339935302734,450,0.0,0.0,0.0
2025-02-12 15:00:00-05:00,107.54499816894531,107.5999984741211,107.54499816894531,107.5999984741211,2688,0.0,0.0,0.0
2025-02-12 15:03:00-05:00,107.55999755859375,107.56999969482422,107.55999755859375,107.56999969482422,364,0.0,0.0,0.0
2025-02-12 15:12:00-05:00,107.56999969482422,107.56999969482422,107.56999969482422,107.56999969482422,105,0.0,0.0,0.0
2025-02-12 15:14:00-05:00,107.52999877929688,107.52999877929688,107.52999877929688,107.52999877929688,472,0.0,0.0,0.0
2025-02-12 15:18:00-05:00,107.54000091552734,107.54000091552734,107.52999877929688,107.52999877929688,1162,0.0,0.0,0.0
2025-02-12 15:23:00-05:00,107.5199966430664,107.54000091552734,107.5199966430664,107.54000091552734,415,0.0,0.0,0.0
2025-02-12 15:24:00-05:00,107.4354019165039,107.4354019165039,107.4354019165039,107.4354019165039,142,0.0,0.0,0.0
2025-02-12 15:25:00-05:00,107.4800033569336,107.5199966430664,107.4800033569336,107.5199966430664,7271,0.0,0.0,0.0
2025-02-12 15:26:00-05:00,107.53450012207031,107.53450012207031,107.53450012207031,107.53450012207031,222,0.0,0.0,0.0
2025-02-12 15:30:00-05:00,107.47989654541016,107.47989654541016,107.47989654541016,107.47989654541016,103,0.0,0.0,0.0
2025-02-12 15:33:00-05:00,107.45999908447266,107.45999908447266,107.45999908447266,107.45999908447266,121,0.0,0.0,0.0
2025-02-12 15:39:00-05:00,107.43000030517578,107.43000030517578,107.43000030517578,107.43000030517578,319,0.0,0.0,0.0
2025-02-12 15:40:00-05:00,107.4000015258789,107.4000015258789,107.4000015258789,107.4000015258789,194,0.0,0.0,0.0
2025-02-12 15:44:00-05:00,107.36000061035156,107.36000061035156,107.36000061035156,107.36000061035156,230,0.0,0.0,0.0
2025-02-12 15:46:00-05:00,107.31629943847656,107.31629943847656,107.31629943847656,107.31629943847656,146,0.0,0.0,0.0
2025-02-12 15:52:00-05:00,107.37999725341797,107.37999725341797,107.37999725341797,107.37999725341797,408,0.0,0.0,0.0
2025-02-13 09:30:00-05:00,108.58999633789062,108.58999633789062,108.40499877929688,108.40499877929688,3115,0.0,0.0,0.0
2025-02-13 09:34:00-05:00,108.70999908447266,108.70999908447266,108.70999908447266,108.70999908447266,533,0.0,0.0,0.0
2025-02-13 09:38:00-05:00,108.47000122070312,108.47000122070312,108.47000122070312,108.47000122070312,203,0.0,0.0,0.0
2025-02-13 09:39:00-05:00,108.27999877929688,108.27999877929688,108.27999877929688,108.27999877929688,201,0.0,0.0,0.0
2025-02-13 09:43:00-05:00,108.38999938964844,108.44000244140625,108.38999938964844,108.44000244140625,1247,0.0,0.0,0.0
2025-02-13 09:44:00-05:00,108.4000015258789,108.4000015258789,108.4000015258789,108.4000015258789,160,0.0,0.0,0.0
2025-02-13 09:47:00-05:00,108.62999725341797,108.63899993896484,108.52040100097656,108.63899993896484,398,0.0,0.0,0.0
2025-02-13 09:48:00-05:00,108.2750015258789,108.2750015258789,108.2750015258789,108.2750015258789,369,0.0,0.0,0.0
2025-02-13 09:50:00-05:00,108.44000244140625,108.44000244140625,108.33000183105469,108.33000183105469,1031,0.0,0.0,0.0
2025-02-13 09:56:00-05:00,108.55999755859375,108.63899993896484,108.55999755859375,108.63899993896484,1846,0.0,0.0,0.0
2025-02-13 09:57:00-05:00,108.66999816894531,108.68000030517578,108.65599822998047,108.65599822998047,2513,0.0,0.0,0.0
2025-02-13 10:00:00-05:00,108.5,108.5,108.5,108.5,293,0.0,0.0,0.0
2025-02-13 10:01:00-05:00,108.44000244140625,108.44000244140625,108.44000244140625,108.44000244140625,346,0.0,0.0,0.0
2025-02-13 10:06:00-05:00,108.49369812011719,108.49369812011719,108.49369812011719,108.49369812011719,426,0.0,0.0,0.0
2025-02-13 10:07:00-05:00,108.38990020751953,108.41850280761719,108.38990020751953,108.41850280761719,8027,0.0,0.0,0.0
2025-02-13 10:15:00-05:00,108.41999816894531,108.41999816894531,108.41999816894531,108.41999816894531,250,0.0,0.0,0.0
2025-02-13 10:18:00-05:00,108.44120025634766,108.44120025634766,108.44120025634766,108.44120025634766,212,0.0,0.0,0.0
2025-02-13 10:20:00-05:00,108.48500061035156,108.58000183105469,108.48500061035156,108.58000183105469,734,0.0,0.0,0.0
2025-02-13 10:26:00-05:00,108.5,108.5,108.48999786376953,108.48999786376953,461,0.0,0.0,0.0
2025-02-13 10:32:00-05:00,108.41000366210938,108.5199966430664,108.29010009765625,108.4520034790039,1251,0.0,0.0,0.0
2025-02-13 10:37:00-05:00,108.44999694824219,108.45500183105469,108.44999694824219,108.45500183105469,4124,0.0,0.0,0.0
2025-02-13 10:38:00-05:00,108.55999755859375,108.55999755859375,108.55999755859375,108.55999755859375,266,0.0,0.0,0.0
2025-02-13 10:42:00-05:00,108.5999984741211,108.5999984741211,108.46710205078125,108.55500030517578,617,0.0,0.0,0.0
2025-02-13 10:43:00-05:00,108.46700286865234,108.6229019165039,108.46700286865234,108.6229019165039,1104,0.0,0.0,0.0
2025-02-13 10:47:00-05:00,108.61000061035156,108.61959838867188,108.61000061035156,108.61959838867188,1011,0.0,0.0,0.0
2025-02-13 10:48:00-05:00,108.5999984741211,108.62999725341797,108.55010223388672,108.62999725341797,697,0.0,0.0,0.0
2025-02-13 10:49:00-05:00,108.55000305175781,108.5999984741211,108.55000305175781,108.5999984741211,321,0.0,0.0,0.0
2025-02-13 10:51:00-05:00,108.38200378417969,108.38200378417969,108.38200378417969,108.38200378417969,195,0.0,0.0,0.0
2025-02-13 10:53:00-05:00,108.4800033569336,108.4800033569336,108.4800033569336,108.4800033569336,139,0.0,0.0,0.0
2025-02-13 10:55:00-05:00,108.52999877929688,108.52999877929688,108.52999877929688,108.52999877929688,651,0.0,0.0,0.0
2025-02-13 10:57:00-05:00,108.41500091552734,108.41500091552734,108.41500091552734,108.41500091552734,194,0.0,0.0,0.0
2025-02-13 10:59:00-05:00,108.3301010131836,108.4999008178711,108.3301010131836,108.4999008178711,3906,0.0,0.0,0.0
2025-02-13 11:05:00-05:00,108.3499984741211,108.3499984741211,108.3499984741211,108.3499984741211,2279,0.0,0.0,0.0
2025-02-13 11:07:00-05:00,108.37000274658203,108.37000274658203,108.37000274658203,108.37000274658203,161,0.0,0.0,0.0
2025-02-13 11:10:00-05:00,108.38999938964844,108.38999938964844,108.36000061035156,108.36000061035156,392,0.0,0.0,0.0
2025-02-13 11:13:00-05:00,108.38240051269531,108.38999938964844,108.37999725341797,108.37999725341797,736,0.0,0.0,0.0
2025-02-13 11:15:00-05:00,108.37000274658203,108.37000274658203,108.37000274658203,108.37000274658203,158,0.0,0.0,0.0
2025-02-13 11:17:00-05:00,108.3499984741211,108.3499984741211,108.3499984741211,108.3499984741211,513,0.0,0.0,0.0
2025-02-13 11:29:00-05:00,108.25,108.27870178222656,108.25,108.2699966430664,7451,0.0,0.0,0.0
2025-02-13 11:30:00-05:00,108.2249984741211,108.2249984741211,108.19999694824219,108.20010375976562,610,0.0,0.0,0.0
2025-02-13 11:33:00-05:00,108.25,108.25,108.25,108.25,268,0.0,0.0,0.0
2025-02-13 11:34:00-05:00,108.23999786376953,108.23999786376953,108.23999786376953,108.23999786376953,153,0.0,0.0,0.0
2025-02-13 11:39:00-05:00,108.31999969482422,108.31999969482422,108.31999969482422,108.31999969482422,212,0.0,0.0,0.0
2025-02-13 11:46:00-05:00,108.27179718017578,108.27179718017578,108.27179718017578,108.27179718017578,287,0.0,0.0,0.0
2025-02-13 11:47:00-05:00,108.29000091552734,108.29000091552734,108.29000091552734,108.29000091552734,828,0.0,0.0,0.0
2025-02-13 11:50:00-05:00,108.33000183105469,108.33000183105469,108.33000183105469,108.33000183105469,174,0.0,0.0,0.0
2025-02-13 11:54:00-05:00,108.2249984741211,108.2249984741211,108.2249984741211,108.2249984741211,100,0.0,0.0,0.0
2025-02-13 11:55:00-05:00,108.21499633789062,108.21499633789062,108.19000244140625,108.19000244140625,667,0.0,0.0,0.0
2025-02-13 11:57:00-05:00,108.08999633789062,108.08999633789062,108.08999633789062,108.08999633789062,220,0.0,0.0,0.0
2025-02-13 12:00:00-05:00,108.00370025634766,108.00370025634766,108.00370025634766,108.00370025634766,281,0.0,0.0,0.0
2025-02-13 12:03:00-05:00,108.23999786376953,108.23999786376953,108.23999786376953,108.23999786376953,730,0.0,0.0,0.0
2025-02-13 12:07:00-05:00,108.23500061035156,108.23500061035156,108.23500061035156,108.23500061035156,462,0.0,0.0,0.0
2025-02-13 12:15:00-05:00,108.16999816894531,108.16999816894531,108.16999816894531,108.16999816894531,154,0.0,0.0,0.0
2025-02-13 12:20:00-05:00,108.1500015258789,108.1500015258789,108.1500015258789,108.1500015258789,239,0.0,0.0,0.0
2025-02-13 12:21:00-05:00,108.20999908447266,108.20999908447266,108.20999908447266,108.20999908447266,440,0.0,0.0,0.0
2025-02-13 12:26:00-05:00,108.2698974609375,108.2698974609375,108.2698974609375,108.2698974609375,291,0.0,0.0,0.0
2025-02-13 12:28:00-05:00,108.2300033569336,108.2300033569336,108.19613647460938,108.20140075683594,3898,0.0,0.0,0.0
2025-02-13 12:29:00-05:00,108.20999908447266,108.20999908447266,108.20999908447266,108.20999908447266,271,0.0,0.0,0.0
2025-02-13 12:32:00-05:00,108.12010192871094,108.12010192871094,108.12010192871094,108.12010192871094,159,0.0,0.0,0.0
2025-02-13 12:35:00-05:00,108.12010192871094,108.12010192871094,108.12010192871094,108.12010192871094,125,0.0,0.0,0.0
2025-02-13 12:37:00-05:00,108.12999725341797,108.12999725341797,108.12999725341797,108.12999725341797,100,0.0,0.0,0.0
2025-02-13 12:39:00-05:00,108.12000274658203,108.12000274658203,108.12000274658203,108.12000274658203,299,0.0,0.0,0.0
2025-02-13 12:44:00-05:00,108.0999984741211,108.0999984741211,108.08999633789062,108.0999984741211,2421,0.0,0.0,0.0
2025-02-13 12:50:00-05:00,108.08000183105469,108.08000183105469,108.08000183105469,108.08000183105469,217,0.0,0.0,0.0
2025-02-13 12:55:00-05:00,108.05000305175781,108.05000305175781,108.05000305175781,108.05000305175781,295,0.0,0.0,0.0
2025-02-13 12:59:00-05:00,108.0199966430664,108.0199966430664,108.0199966430664,108.0199966430664,949,0.0,0.0,0.0
2025-02-13 13:01:00-05:00,107.87999725341797,108.01499938964844,107.87000274658203,108.01499938964844,2530,0.0,0.0,0.0
2025-02-13 13:03:00-05:00,107.90499877929688,107.90499877929688,107.90499877929688,107.90499877929688,100,0.0,0.0,0.0
2025-02-13 13:04:00-05:00,107.88999938964844,107.88999938964844,107.88999938964844,107.88999938964844,100,0.0,0.0,0.0
2025-02-13 13:05:00-05:00,107.9000015258789,107.9000015258789,107.9000015258789,107.9000015258789,100,0.0,0.0,0.0
2025-02-13 13:07:00-05:00,107.90499877929688,107.91500091552734,107.90499877929688,107.91500091552734,706,0.0,0.0,0.0
2025-02-13 13:08:00-05:00,107.9000015258789,107.9000015258789,107.9000015258789,107.9000015258789,248,0.0,0.0,0.0
2025-02-13 13:19:00-05:00,107.87000274658203,107.87000274658203,107.87000274658203,107.87000274658203,203,0.0,0.0,0.0
2025-02-13 13:24:00-05:00,108.0,108.0,108.0,108.0,1764,0.0,0.0,0.0
2025-02-13 13:31:00-05:00,108.0790023803711,108.0790023803711,108.0790023803711,108.0790023803711,306,0.0,0.0,0.0
2025-02-13 13:39:00-05:00,108.13909912109375,108.18000030517578,108.13909912109375,108.18000030517578,490,0.0,0.0,0.0
2025-02-13 13:49:00-05:00,108.24829864501953,108.24829864501953,108.20999908447266,108.20999908447266,5349,0.0,0.0,0.0
2025-02-13 13:52:00-05:00,108.08999633789062,108.08999633789062,108.08999633789062,108.08999633789062,155,0.0,0.0,0.0
2025-02-13 13:58:00-05:00,108.1812973022461,108.1812973022461,108.1812973022461,108.1812973022461,838,0.0,0.0,0.0
2025-02-13 14:01:00-05:00,108.2699966430664,108.2699966430664,108.2699966430664,108.2699966430664,195,0.0,0.0,0.0
2025-02-13 14:02:00-05:00,108.26000213623047,108.31999969482422,108.26000213623047,108.31999969482422,16187,0.0,0.0,0.0
2025-02-13 14:03:00-05:00,108.26000213623047,108.31999969482422,108.26000213623047,108.31999969482422,261,0.0,0.0,0.0
2025-02-13 14:07:00-05:00,108.41999816894531,108.41999816894531,108.41999816894531,108.41999816894531,155,0.0,0.0,0.0
2025-02-13 14:08:00-05:00,108.41999816894531,108.41999816894531,108.41999816894531,108.41999816894531,345,0.0,0.0,0.0
2025-02-13 14:10:00-05:00,108.42829895019531,108.42829895019531,108.42829895019531,108.42829895019531,102,0.0,0.0,0.0
2025-02-13 14:11:00-05:00,108.48999786376953,108.50969696044922,108.43000030517578,108.50969696044922,1276,0.0,0.0,0.0
2025-02-13 14:12:00-05:00,108.4800033569336,108.4800033569336,108.4800033569336,108.4800033569336,458,0.0,0.0,0.0
2025-02-13 14:14:00-05:00,108.3499984741211,108.3499984741211,108.3499984741211,108.3499984741211,112,0.0,0.0,0.0
2025-02-13 14:15:00-05:00,108.43000030517578,108.43000030517578,108.43000030517578,108.43000030517578,430,0.0,0.0,0.0
2025-02-13 14:18:00-05:00,108.46880340576172,108.46880340576172,108.46880340576172,108.46880340576172,354,0.0,0.0,0.0
2025-02-13 14:20:00-05:00,108.39009857177734,108.39009857177734,108.39009857177734,108.39009857177734,464,0.0,0.0,0.0
2025-02-13 14:21:00-05:00,108.5198974609375,108.5198974609375,108.51689910888672,108.51689910888672,2870,0.0,0.0,0.0
2025-02-13 14:22:00-05:00,108.48519897460938,108.48519897460938,108.48519897460938,108.48519897460938,622,0.0,0.0,0.0
2025-02-13 14:23:00-05:00,108.5,108.5,108.43689727783203,108.43689727783203,462,0.0,0.0,0.0
2025-02-13 14:24:00-05:00,108.48880004882812,108.48880004882812,108.48880004882812,108.48880004882812,340,0.0,0.0,0.0
2025-02-13 14:25:00-05:00,108.47000122070312,108.47000122070312,108.47000122070312,108.47000122070312,231,0.0,0.0,0.0
2025-02-13 14:27:00-05:00,108.49720001220703,108.49720001220703,108.49720001220703,108.49720001220703,472,0.0,0.0,0.0
2025-02-13 14:29:00-05:00,108.5199966430664,108.5199966430664,108.5199966430664,108.5199966430664,354,0.0,0.0,0.0
2025-02-13 14:30:00-05:00,108.50689697265625,108.51000213623047,108.50689697265625,108.51000213623047,309,0.0,0.0,0.0
2025-02-13 14:32:00-05:00,108.49579620361328,108.51000213623047,108.49579620361328,108.51000213623047,657,0.0,0.0,0.0
2025-02-13 14:33:00-05:00,108.58489990234375,108.58489990234375,108.58489990234375,108.58489990234375,288,0.0,0.0,0.0
2025-02-13 14:38:00-05:00,108.59500122070312,108.59500122070312,108.59500122070312,108.59500122070312,332,0.0,0.0,0.0
2025-02-13 14:40:00-05:00,108.64679718017578,108.66000366210938,108.64679718017578,108.66000366210938,326,0.0,0.0,0.0
2025-02-13 14:42:00-05:00,108.62750244140625,108.62750244140625,108.5947036743164,108.5947036743164,656,0.0,0.0,0.0
2025-02-13 14:43:00-05:00,108.58059692382812,108.58059692382812,108.58059692382812,108.58059692382812,161,0.0,0.0,0.0
2025-02-13 14:44:00-05:00,108.62989807128906,108.62989807128906,108.61000061035156,108.61000061035156,401,0.0,0.0,0.0
2025-02-13 14:45:00-05:00,108.62909698486328,108.62909698486328,108.62909698486328,108.62909698486328,140,0.0,0.0,0.0
2025-02-13 14:46:00-05:00,108.61499786376953,108.62960052490234,108.61499786376953,108.62000274658203,2895,0.0,0.0,0.0
2025-02-13 14:47:00-05:00,108.61009979248047,108.61009979248047,108.61009979248047,108.61009979248047,359,0.0,0.0,0.0
2025-02-13 14:50:00-05:00,108.66999816894531,108.66999816894531,108.66999816894531,108.66999816894531,422,0.0,0.0,0.0
2025-02-13 14:55:00-05:00,108.68000030517578,108.68199920654297,108.68000030517578,108.68199920654297,687,0.0,0.0,0.0
2025-02-13 15:03:00-05:00,108.66000366210938,108.66000366210938,108.66000366210938,108.66000366210938,547,0.0,0.0,0.0
2025-02-13 15:07:00-05:00,108.69999694824219,108.69999694824219,108.69999694824219,108.69999694824219,100,0.0,0.0,0.0
2025-02-13 15:10:00-05:00,108.73999786376953,108.73999786376953,108.73999786376953,108.73999786376953,339,0.0,0.0,0.0
2025-02-13 15:12:00-05:00,108.73999786376953,108.73999786376953,108.73999786376953,108.73999786376953,315,0.0,0.0,0.0
2025-02-13 15:13:00-05:00,108.73999786376953,108.73999786376953,108.73999786376953,108.73999786376953,400,0.0,0.0,0.0
2025-02-13 15:14:00-05:00,108.73999786376953,108.75,108.72010040283203,108.73999786376953,12932,0.0,0.0,0.0
2025-02-13 15:15:00-05:00,108.73999786376953,108.73999786376953,108.73970031738281,108.73999786376953,1278,0.0,0.0,0.0
2025-02-13 15:16:00-05:00,108.73999786376953,108.74099731445312,108.72000122070312,108.72000122070312,4157,0.0,0.0,0.0
2025-02-13 15:17:00-05:00,108.73999786376953,108.80000305175781,108.73999786376953,108.7750015258789,9530,0.0,0.0,0.0
2025-02-13 15:18:00-05:00,108.76000213623047,108.76000213623047,108.76000213623047,108.76000213623047,401,0.0,0.0,0.0
2025-02-13 15:19:00-05:00,108.77999877929688,108.77999877929688,108.77999877929688,108.77999877929688,537,0.0,0.0,0.0
2025-02-13 15:20:00-05:00,108.79740142822266,108.87000274658203,108.79740142822266,108.81999969482422,2839,0.0,0.0,0.0
2025-02-13 15:24:00-05:00,108.82279968261719,108.82279968261719,108.82279968261719,108.82279968261719,157,0.0,0.0,0.0
2025-02-13 15:27:00-05:00,108.81500244140625,108.81500244140625,108.81500244140625,108.81500244140625,385,0.0,0.0,0.0
2025-02-13 15:31:00-05:00,108.84980010986328,108.84980010986328,108.84980010986328,108.84980010986328,275,0.0,0.0,0.0
2025-02-13 15:32:00-05:00,108.81999969482422,108.84980010986328,108.81999969482422,108.84980010986328,351,0.0,0.0,0.0
2025-02-13 15:36:00-05:00,108.72139739990234,108.72139739990234,108.72139739990234,108.72139739990234,211,0.0,0.0,0.0
2025-02-13 15:37:00-05:00,108.78459930419922,108.78459930419922,108.78459930419922,108.78459930419922,107,0.0,0.0,0.0
2025-02-13 15:39:00-05:00,108.79499816894531,108.79499816894531,108.79499816894531,108.79499816894531,139,0.0,0.0,0.0
2025-02-13 15:40:00-05:00,108.7300033569336,108.7300033569336,108.7300033569336,108.7300033569336,147,0.0,0.0,0.0
2025-02-13 15:41:00-05:00,108.88939666748047,108.88939666748047,108.88939666748047,108.88939666748047,213,0.0,0.0,0.0
2025-02-13 15:45:00-05:00,108.86499786376953,108.86499786376953,108.86499786376953,108.86499786376953,368,0.0,0.0,0.0
2025-02-13 15:46:00-05:00,108.92539978027344,108.92539978027344,108.92539978027344,108.92539978027344,252,0.0,0.0,0.0
2025-02-13 15:48:00-05:00,109.0,109.0,109.0,109.0,383,0.0,0.0,0.0
2025-02-13 15:52:00-05:00,108.91500091552734,108.91500091552734,108.91500091552734,108.91500091552734,800,0.0,0.0,0.0
2025-02-13 15:53:00-05:00,108.91999816894531,108.91999816894531,108.91999816894531,108.91999816894531,121,0.0,0.0,0.0
2025-02-13 15:55:00-05:00,108.97000122070312,108.97000122070312,108.97000122070312,108.97000122070312,478,0.0,0.0,0.0
2025-02-13 15:59:00-05:00,109.0999984741211,109.0999984741211,109.08000183105469,109.08000183105469,365,0.0,0.0,0.0
2025-02-14 09:30:00-05:00,109.06999969482422,109.06999969482422,109.06999969482422,109.06999969482422,1878,0.0,0.0,0.0
2025-02-14 09:32:00-05:00,108.79499816894531,108.79499816894531,108.79499816894531,108.79499816894531,246,0.0,0.0,0.0
2025-02-14 09:36:00-05:00,108.7300033569336,108.7300033569336,108.7300033569336,108.7300033569336,299,0.0,0.0,0.0
2025-02-14 09:38:00-05:00,108.59989929199219,108.59989929199219,108.59989929199219,108.59989929199219,743,0.0,0.0,0.0
2025-02-14 09:39:00-05:00,108.23480224609375,108.23480224609375,108.23480224609375,108.23480224609375,230,0.0,0.0,0.0
2025-02-14 09:40:00-05:00,108.42050170898438,108.42050170898438,108.42050170898438,108.42050170898438,315,0.0,0.0,0.0
2025-02-14 09:41:00-05:00,108.5199966430664,108.5199966430664,108.5199966430664,108.5199966430664,469,0.0,0.0,0.0
2025-02-14 09:44:00-05:00,108.5,108.5,108.5,108.5,105,0.0,0.0,0.0
2025-02-14 09:45:00-05:00,108.48909759521484,108.5199966430664,108.48909759521484,108.5199966430664,625,0.0,0.0,0.0
2025-02-14 09:46:00-05:00,108.3290023803711,108.3290023803711,108.3290023803711,108.3290023803711,422,0.0,0.0,0.0
2025-02-14 09:50:00-05:00,108.78959655761719,108.78959655761719,108.62220001220703,108.78959655761719,2411,0.0,0.0,0.0
2025-02-14 09:52:00-05:00,108.68499755859375,108.68499755859375,108.68499755859375,108.68499755859375,393,0.0,0.0,0.0
2025-02-14 10:02:00-05:00,108.52999877929688,108.52999877929688,108.52999877929688,108.52999877929688,491,0.0,0.0,0.0
2025-02-14 10:09:00-05:00,109.02999877929688,109.02999877929688,109.02999877929688,109.02999877929688,614,0.0,0.0,0.0
2025-02-14 10:10:00-05:00,109.05999755859375,109.05999755859375,109.0199966430664,109.04000091552734,10696,0.0,0.0,0.0
2025-02-14 10:16:00-05:00,108.92890167236328,108.92890167236328,108.92890167236328,108.92890167236328,317,0.0,0.0,0.0
2025-02-14 10:22:00-05:00,108.9000015258789,108.9000015258789,108.73999786376953,108.73999786376953,10469,0.0,0.0,0.0
2025-02-14 10:23:00-05:00,108.84500122070312,108.94000244140625,108.84500122070312,108.94000244140625,1136,0.0,0.0,0.0
2025-02-14 10:27:00-05:00,108.939697265625,108.939697265625,108.939697265625,108.939697265625,182,0.0,0.0,0.0
2025-02-14 10:28:00-05:00,108.74569702148438,108.74569702148438,108.74569702148438,108.74569702148438,560,0.0,0.0,0.0
2025-02-14 10:30:00-05:00,108.79499816894531,108.79499816894531,108.79499816894531,108.79499816894531,279,0.0,0.0,0.0
2025-02-14 10:31:00-05:00,108.73999786376953,108.75,108.73999786376953,108.74009704589844,4200,0.0,0.0,0.0
2025-02-14 10:33:00-05:00,108.731201171875,108.731201171875,108.70500183105469,108.70500183105469,2296,0.0,0.0,0.0
2025-02-14 10:35:00-05:00,108.71479797363281,108.71479797363281,108.71479797363281,108.71479797363281,101,0.0,0.0,0.0
2025-02-14 10:37:00-05:00,108.76499938964844,108.76499938964844,108.76499938964844,108.76499938964844,144,0.0,0.0,0.0
2025-02-14 10:39:00-05:00,108.67009735107422,108.67009735107422,108.67009735107422,108.67009735107422,449,0.0,0.0,0.0
2025-02-14 10:42:00-05:00,108.69129943847656,108.69129943847656,108.69129943847656,108.69129943847656,749,0.0,0.0,0.0
2025-02-14 10:43:00-05:00,108.75499725341797,108.75499725341797,108.69660186767578,108.69660186767578,319,0.0,0.0,0.0
2025-02-14 10:51:00-05:00,108.94950103759766,108.94950103759766,108.93000030517578,108.94950103759766,100,0.0,0.0,0.0
2025-02-14 10:52:00-05:00,108.8301010131836,108.84500122070312,108.8301010131836,108.84500122070312,674,0.0,0.0,0.0
2025-02-14 11:02:00-05:00,108.97000122070312,108.9800033569336,108.97000122070312,108.9800033569336,42231,0.0,0.0,0.0
2025-02-14 11:05:00-05:00,108.92790222167969,108.92790222167969,108.92790222167969,108.92790222167969,161,0.0,0.0,0.0
2025-02-14 11:06:00-05:00,108.86710357666016,108.86710357666016,108.86710357666016,108.86710357666016,196,0.0,0.0,0.0
2025-02-14 11:07:00-05:00,109.04199981689453,109.04199981689453,109.04199981689453,109.04199981689453,505,0.0,0.0,0.0
2025-02-14 11:15:00-05:00,109.0376968383789,109.0376968383789,109.0250015258789,109.0250015258789,870,0.0,0.0,0.0
2025-02-14 11:23:00-05:00,108.83000183105469,108.83000183105469,108.83000183105469,108.83000183105469,194,0.0,0.0,0.0
2025-02-14 11:27:00-05:00,108.9800033569336,108.9800033569336,108.9800033569336,108.9800033569336,44257,0.0,0.0,0.0
2025-02-14 11:28:00-05:00,108.87999725341797,108.87999725341797,108.87999725341797,108.87999725341797,382,0.0,0.0,0.0
2025-02-14 11:35:00-05:00,108.82879638671875,108.82879638671875,108.82879638671875,108.82879638671875,221,0.0,0.0,0.0
2025-02-14 11:38:00-05:00,108.86990356445312,108.86990356445312,108.86990356445312,108.86990356445312,367,0.0,0.0,0.0
2025-02-14 11:40:00-05:00,108.87999725341797,108.87999725341797,108.87999725341797,108.87999725341797,226,0.0,0.0,0.0
2025-02-14 11:44:00-05:00,108.8550033569336,108.8550033569336,108.8550033569336,108.8550033569336,201,0.0,0.0,0.0
2025-02-14 11:47:00-05:00,108.75,108.75,108.75,108.75,185,0.0,0.0,0.0
2025-02-14 11:53:00-05:00,108.83000183105469,108.83910369873047,108.81999969482422,108.83910369873047,1283,0.0,0.0,0.0
2025-02-14 11:56:00-05:00,108.8499984741211,108.8499984741211,108.8499984741211,108.8499984741211,269,0.0,0.0,0.0
2025-02-14 11:59:00-05:00,108.69580078125,108.69580078125,108.69580078125,108.69580078125,153,0.0,0.0,0.0
2025-02-14 12:02:00-05:00,108.80000305175781,108.83989715576172,108.80000305175781,108.83989715576172,1103,0.0,0.0,0.0
2025-02-14 12:19:00-05:00,108.71839904785156,108.7499008178711,108.71839904785156,108.7499008178711,464,0.0,0.0,0.0
2025-02-14 12:20:00-05:00,108.78990173339844,108.78990173339844,108.78990173339844,108.78990173339844,274,0.0,0.0,0.0
2025-02-14 12:23:00-05:00,108.69629669189453,108.69629669189453,108.69629669189453,108.69629669189453,370,0.0,0.0,0.0
2025-02-14 12:26:00-05:00,108.64830017089844,108.64830017089844,108.64830017089844,108.64830017089844,374,0.0,0.0,0.0
2025-02-14 12:33:00-05:00,108.71499633789062,108.71499633789062,108.71499633789062,108.71499633789062,512,0.0,0.0,0.0
2025-02-14 12:36:00-05:00,108.78500366210938,108.78500366210938,108.78500366210938,108.78500366210938,315,0.0,0.0,0.0
2025-02-14 12:37:00-05:00,108.84989929199219,108.84989929199219,108.84989929199219,108.84989929199219,230,0.0,0.0,0.0
2025-02-14 12:44:00-05:00,108.77999877929688,108.77999877929688,108.77999877929688,108.77999877929688,274,0.0,0.0,0.0
2025-02-14 12:52:00-05:00,108.80619812011719,108.80619812011719,108.80619812011719,108.80619812011719,673,0.0,0.0,0.0
2025-02-14 13:19:00-05:00,108.94999694824219,108.94999694824219,108.94999694824219,108.94999694824219,221,0.0,0.0,0.0
2025-02-14 13:20:00-05:00,108.93250274658203,108.93250274658203,108.93250274658203,108.93250274658203,159,0.0,0.0,0.0
2025-02-14 13:21:00-05:00,109.04940032958984,109.04940032958984,109.04940032958984,109.04940032958984,417,0.0,0.0,0.0
2025-02-14 13:26:00-05:00,108.88999938964844,108.88999938964844,108.88999938964844,108.88999938964844,564,0.0,0.0,0.0
2025-02-14 13:33:00-05:00,109.08999633789062,109.08999633789062,109.08999633789062,109.08999633789062,242,0.0,0.0,0.0
2025-02-14 13:36:00-05:00,109.09420013427734,109.09420013427734,109.09420013427734,109.09420013427734,115,0.0,0.0,0.0
2025-02-14 13:41:00-05:00,109.11000061035156,109.11000061035156,109.11000061035156,109.11000061035156,246,0.0,0.0,0.0
2025-02-14 13:42:00-05:00,109.16999816894531,109.16999816894531,109.11499786376953,109.11499786376953,145,0.0,0.0,0.0
2025-02-14 13:43:00-05:00,109.1083984375,109.1083984375,109.1083984375,109.1083984375,331,0.0,0.0,0.0
2025-02-14 13:47:00-05:00,109.04820251464844,109.04820251464844,109.04820251464844,109.04820251464844,198,0.0,0.0,0.0
2025-02-14 13:48:00-05:00,109.1572036743164,109.1572036743164,109.1572036743164,109.1572036743164,359,0.0,0.0,0.0
2025-02-14 13:53:00-05:00,109.16500091552734,109.16999816894531,109.16500091552734,109.16999816894531,430,0.0,0.0,0.0
2025-02-14 13:54:00-05:00,109.2145004272461,109.2145004272461,109.2145004272461,109.2145004272461,200,0.0,0.0,0.0
2025-02-14 13:56:00-05:00,109.1449966430664,109.1449966430664,109.1449966430664,109.1449966430664,373,0.0,0.0,0.0
2025-02-14 13:57:00-05:00,109.13500213623047,109.13500213623047,109.0999984741211,109.13500213623047,56391,0.0,0.0,0.0
2025-02-14 13:59:00-05:00,109.0999984741211,109.0999984741211,109.0999984741211,109.0999984741211,205,0.0,0.0,0.0
2025-02-14 14:03:00-05:00,109.14189910888672,109.14189910888672,109.14189910888672,109.14189910888672,100,0.0,0.0,0.0
2025-02-14 14:05:00-05:00,109.07499694824219,109.07499694824219,109.07499694824219,109.07499694824219,798,0.0,0.0,0.0
2025-02-14 14:11:00-05:00,109.12850189208984,109.12850189208984,109.12850189208984,109.12850189208984,550,0.0,0.0,0.0
2025-02-14 14:14:00-05:00,109.18800354003906,109.18800354003906,109.09600067138672,109.09600067138672,1252,0.0,0.0,0.0
2025-02-14 14:18:00-05:00,109.18499755859375,109.18499755859375,109.18499755859375,109.18499755859375,857,0.0,0.0,0.0
2025-02-14 14:20:00-05:00,109.15499877929688,109.15499877929688,109.15499877929688,109.15499877929688,881,0.0,0.0,0.0
2025-02-14 14:33:00-05:00,109.07589721679688,109.07589721679688,109.07589721679688,109.07589721679688,490,0.0,0.0,0.0
2025-02-14 14:47:00-05:00,109.23619842529297,109.23619842529297,109.23619842529297,109.23619842529297,368,0.0,0.0,0.0
2025-02-14 14:50:00-05:00,109.17500305175781,109.17500305175781,109.17500305175781,109.17500305175781,286,0.0,0.0,0.0
2025-02-14 14:57:00-05:00,109.19010162353516,109.2145004272461,109.19010162353516,109.2145004272461,2032,0.0,0.0,0.0
2025-02-14 15:01:00-05:00,109.21810150146484,109.21810150146484,109.21810150146484,109.21810150146484,326,0.0,0.0,0.0
2025-02-14 15:04:00-05:00,109.21009826660156,109.21009826660156,109.21009826660156,109.21009826660156,1788,0.0,0.0,0.0
2025-02-14 15:07:00-05:00,109.26000213623047,109.26000213623047,109.26000213623047,109.26000213623047,533,0.0,0.0,0.0
2025-02-14 15:10:00-05:00,109.24500274658203,109.24500274658203,109.24500274658203,109.24500274658203,368,0.0,0.0,0.0
2025-02-14 15:11:00-05:00,109.2699966430664,109.2699966430664,109.2699966430664,109.2699966430664,389,0.0,0.0,0.0
2025-02-14 15:13:00-05:00,109.27989959716797,109.27989959716797,109.27989959716797,109.27989959716797,276,0.0,0.0,0.0
2025-02-14 15:14:00-05:00,109.31999969482422,109.31999969482422,109.2750015258789,109.2750015258789,496,0.0,0.0,0.0
2025-02-14 15:15:00-05:00,109.27239990234375,109.29090118408203,109.27239990234375,109.29090118408203,976,0.0,0.0,0.0
2025-02-14 15:20:00-05:00,109.3499984741211,109.3499984741211,109.3499984741211,109.3499984741211,692,0.0,0.0,0.0
2025-02-14 15:25:00-05:00,109.3499984741211,109.3499984741211,109.27059936523438,109.27059936523438,702,0.0,0.0,0.0
2025-02-14 15:41:00-05:00,109.31999969482422,109.31999969482422,109.31999969482422,109.31999969482422,330,0.0,0.0,0.0
2025-02-14 15:42:00-05:00,109.29000091552734,109.29000091552734,109.29000091552734,109.29000091552734,500,0.0,0.0,0.0
2025-02-14 15:44:00-05:00,109.30999755859375,109.30999755859375,109.30999755859375,109.30999755859375,101,0.0,0.0,0.0
2025-02-14 15:46:00-05:00,109.33499908447266,109.33499908447266,109.33499908447266,109.33499908447266,1240,0.0,0.0,0.0
2025-02-14 15:49:00-05:00,109.35980224609375,109.35980224609375,109.35980224609375,109.35980224609375,316,0.0,0.0,0.0
2025-02-14 15:50:00-05:00,109.38999938964844,109.38999938964844,109.38999938964844,109.38999938964844,130,0.0,0.0,0.0
2025-02-14 15:52:00-05:00,109.31500244140625,109.31500244140625,109.31500244140625,109.31500244140625,193,0.0,0.0,0.0
2025-02-14 15:53:00-05:00,109.3499984741211,109.3499984741211,109.3499984741211,109.3499984741211,109,0.0,0.0,0.0
2025-02-14 15:54:00-05:00,109.37000274658203,109.37000274658203,109.37000274658203,109.37000274658203,494,0.0,0.0,0.0
2025-02-14 15:55:00-05:00,109.31999969482422,109.31999969482422,109.27999877929688,109.27999877929688,301,0.0,0.0,0.0
2025-02-14 15:56:00-05:00,109.30000305175781,109.30000305175781,109.30000305175781,109.30000305175781,174,0.0,0.0,0.0
2025-02-14 15:58:00-05:00,109.31999969482422,109.31999969482422,109.29499816894531,109.29499816894531,526,0.0,0.0,0.0
2025-02-14 15:59:00-05:00,109.30999755859375,109.30999755859375,109.30999755859375,109.30999755859375,1229,0.0,0.0,0.0
