Datetime,Open,High,Low,Close,Volume,Dividends,Stock Splits,Capital Gains
2024-07-10 09:50:00-04:00,43.290000915527344,43.290000915527344,43.290000915527344,43.290000915527344,0,0.0,0.0,0.0
2024-07-10 09:55:00-04:00,43.28929901123047,43.291500091552734,43.28929901123047,43.290000915527344,782,0.0,0.0,0.0
2024-07-10 10:00:00-04:00,43.28499984741211,43.28499984741211,43.28499984741211,43.28499984741211,223,0.0,0.0,0.0
2024-07-10 10:15:00-04:00,43.29999923706055,43.29999923706055,43.29999923706055,43.29999923706055,233,0.0,0.0,0.0
2024-07-10 10:20:00-04:00,43.29999923706055,43.29999923706055,43.29999923706055,43.29999923706055,575,0.0,0.0,0.0
2024-07-10 10:25:00-04:00,43.308998107910156,43.310001373291016,43.308998107910156,43.309898376464844,2044,0.0,0.0,0.0
2024-07-10 10:30:00-04:00,43.310001373291016,43.310001373291016,43.29999923706055,43.29999923706055,638,0.0,0.0,0.0
2024-07-10 10:40:00-04:00,43.29119873046875,43.29119873046875,43.29119873046875,43.29119873046875,361,0.0,0.0,0.0
2024-07-10 10:45:00-04:00,43.28499984741211,43.28499984741211,43.28499984741211,43.28499984741211,230,0.0,0.0,0.0
2024-07-10 10:50:00-04:00,43.28499984741211,43.290000915527344,43.28499984741211,43.290000915527344,339,0.0,0.0,0.0
2024-07-10 10:55:00-04:00,43.27000045776367,43.27000045776367,43.27000045776367,43.27000045776367,506,0.0,0.0,0.0
2024-07-10 11:05:00-04:00,43.27629852294922,43.27629852294922,43.27629852294922,43.27629852294922,141,0.0,0.0,0.0
2024-07-10 11:10:00-04:00,43.27000045776367,43.27000045776367,43.27000045776367,43.27000045776367,290,0.0,0.0,0.0
2024-07-10 11:15:00-04:00,43.2599983215332,43.2599983215332,43.25400161743164,43.25400161743164,1323,0.0,0.0,0.0
2024-07-10 11:20:00-04:00,43.2599983215332,43.269901275634766,43.2599983215332,43.26499938964844,1951,0.0,0.0,0.0
2024-07-10 11:30:00-04:00,43.26499938964844,43.26499938964844,43.26499938964844,43.26499938964844,1273,0.0,0.0,0.0
2024-07-10 11:40:00-04:00,43.26369857788086,43.26369857788086,43.26369857788086,43.26369857788086,774,0.0,0.0,0.0
2024-07-10 11:45:00-04:00,43.27000045776367,43.27000045776367,43.27000045776367,43.27000045776367,315,0.0,0.0,0.0
2024-07-10 11:55:00-04:00,43.279998779296875,43.279998779296875,43.279998779296875,43.279998779296875,122,0.0,0.0,0.0
2024-07-10 12:00:00-04:00,43.279998779296875,43.290000915527344,43.279998779296875,43.290000915527344,396,0.0,0.0,0.0
2024-07-10 12:05:00-04:00,43.279998779296875,43.29999923706055,43.279998779296875,43.29999923706055,3954,0.0,0.0,0.0
2024-07-10 12:15:00-04:00,43.29999923706055,43.29999923706055,43.29999923706055,43.29999923706055,800,0.0,0.0,0.0
2024-07-10 12:20:00-04:00,43.29999923706055,43.29999923706055,43.29999923706055,43.29999923706055,353,0.0,0.0,0.0
2024-07-10 12:35:00-04:00,43.29999923706055,43.29999923706055,43.29999923706055,43.29999923706055,875,0.0,0.0,0.0
2024-07-10 12:40:00-04:00,43.310001373291016,43.310001373291016,43.310001373291016,43.310001373291016,1100,0.0,0.0,0.0
2024-07-10 12:45:00-04:00,43.310001373291016,43.310001373291016,43.310001373291016,43.310001373291016,800,0.0,0.0,0.0
2024-07-10 12:50:00-04:00,43.310001373291016,43.310001373291016,43.310001373291016,43.310001373291016,460,0.0,0.0,0.0
2024-07-10 12:55:00-04:00,43.310001373291016,43.310001373291016,43.30970001220703,43.30970001220703,1019,0.0,0.0,0.0
2024-07-10 13:00:00-04:00,43.310001373291016,43.334999084472656,43.310001373291016,43.334999084472656,788,0.0,0.0,0.0
2024-07-10 13:05:00-04:00,43.33000183105469,43.33000183105469,43.33000183105469,43.33000183105469,1380,0.0,0.0,0.0
2024-07-10 13:10:00-04:00,43.31999969482422,43.31999969482422,43.31999969482422,43.31999969482422,413,0.0,0.0,0.0
2024-07-10 13:20:00-04:00,43.31999969482422,43.31999969482422,43.310001373291016,43.31399917602539,577,0.0,0.0,0.0
2024-07-10 13:25:00-04:00,43.310001373291016,43.310001373291016,43.310001373291016,43.310001373291016,602,0.0,0.0,0.0
2024-07-10 13:30:00-04:00,43.29999923706055,43.29999923706055,43.29999923706055,43.29999923706055,348,0.0,0.0,0.0
2024-07-10 13:35:00-04:00,43.30759811401367,43.310001373291016,43.307498931884766,43.310001373291016,413,0.0,0.0,0.0
2024-07-10 13:40:00-04:00,43.310001373291016,43.310001373291016,43.310001373291016,43.310001373291016,201,0.0,0.0,0.0
2024-07-10 13:45:00-04:00,43.310001373291016,43.310001373291016,43.310001373291016,43.310001373291016,727,0.0,0.0,0.0
2024-07-10 13:50:00-04:00,43.310001373291016,43.310001373291016,43.310001373291016,43.310001373291016,218,0.0,0.0,0.0
2024-07-10 13:55:00-04:00,43.29999923706055,43.310001373291016,43.29999923706055,43.310001373291016,6207,0.0,0.0,0.0
2024-07-10 14:00:00-04:00,43.30699920654297,43.310001373291016,43.30699920654297,43.310001373291016,3095,0.0,0.0,0.0
2024-07-10 14:05:00-04:00,43.30500030517578,43.30500030517578,43.29719924926758,43.29719924926758,1860,0.0,0.0,0.0
2024-07-10 14:10:00-04:00,43.29999923706055,43.29999923706055,43.29999923706055,43.29999923706055,104,0.0,0.0,0.0
2024-07-10 14:15:00-04:00,43.29999923706055,43.30500030517578,43.29999923706055,43.29999923706055,13533,0.0,0.0,0.0
2024-07-10 14:20:00-04:00,43.29999923706055,43.29999923706055,43.29999923706055,43.29999923706055,200,0.0,0.0,0.0
2024-07-10 14:25:00-04:00,43.29999923706055,43.29999923706055,43.29999923706055,43.29999923706055,300,0.0,0.0,0.0
2024-07-10 14:30:00-04:00,43.29999923706055,43.310001373291016,43.29999923706055,43.310001373291016,475,0.0,0.0,0.0
2024-07-10 14:35:00-04:00,43.31999969482422,43.31999969482422,43.31999969482422,43.31999969482422,140,0.0,0.0,0.0
2024-07-10 14:40:00-04:00,43.314998626708984,43.31999969482422,43.314998626708984,43.31999969482422,729,0.0,0.0,0.0
2024-07-10 14:45:00-04:00,43.31999969482422,43.31999969482422,43.31999969482422,43.31999969482422,407,0.0,0.0,0.0
2024-07-10 14:50:00-04:00,43.32500076293945,43.32500076293945,43.32310104370117,43.32500076293945,1840,0.0,0.0,0.0
2024-07-10 14:55:00-04:00,43.32500076293945,43.33000183105469,43.323699951171875,43.323699951171875,1287,0.0,0.0,0.0
2024-07-10 15:00:00-04:00,43.31999969482422,43.31999969482422,43.31999969482422,43.31999969482422,258,0.0,0.0,0.0
2024-07-10 15:05:00-04:00,43.31999969482422,43.31999969482422,43.31999969482422,43.31999969482422,200,0.0,0.0,0.0
2024-07-10 15:10:00-04:00,43.31999969482422,43.33000183105469,43.31999969482422,43.33000183105469,614,0.0,0.0,0.0
2024-07-10 15:15:00-04:00,43.32500076293945,43.33000183105469,43.31480026245117,43.31480026245117,5472,0.0,0.0,0.0
2024-07-10 15:20:00-04:00,43.310001373291016,43.327999114990234,43.310001373291016,43.32749938964844,1918,0.0,0.0,0.0
2024-07-10 15:25:00-04:00,43.31999969482422,43.31999969482422,43.31999969482422,43.31999969482422,471,0.0,0.0,0.0
2024-07-10 15:30:00-04:00,43.31999969482422,43.32500076293945,43.31999969482422,43.31999969482422,832,0.0,0.0,0.0
2024-07-10 15:35:00-04:00,43.31999969482422,43.34000015258789,43.31999969482422,43.31999969482422,86159,0.0,0.0,0.0
2024-07-10 15:40:00-04:00,43.31999969482422,43.33000183105469,43.31999969482422,43.33000183105469,583,0.0,0.0,0.0
2024-07-10 15:45:00-04:00,43.320098876953125,43.33000183105469,43.320098876953125,43.33000183105469,562,0.0,0.0,0.0
2024-07-10 15:50:00-04:00,43.34000015258789,43.34000015258789,43.334999084472656,43.334999084472656,424,0.0,0.0,0.0
2024-07-10 15:55:00-04:00,43.314998626708984,43.31999969482422,43.314998626708984,43.31999969482422,0,0.0,0.0,0.0
2024-07-11 09:30:00-04:00,43.5,43.5,43.5,43.5,1097,0.0,0.0,0.0
2024-07-11 09:35:00-04:00,43.52750015258789,43.52750015258789,43.52750015258789,43.52750015258789,233,0.0,0.0,0.0
2024-07-11 09:40:00-04:00,43.52000045776367,43.52000045776367,43.52000045776367,43.52000045776367,0,0.0,0.0,0.0
2024-07-11 10:00:00-04:00,43.56050109863281,43.56050109863281,43.560001373291016,43.560001373291016,2257,0.0,0.0,0.0
2024-07-11 10:05:00-04:00,43.57360076904297,43.57360076904297,43.560001373291016,43.560001373291016,833,0.0,0.0,0.0
2024-07-11 10:10:00-04:00,43.560001373291016,43.560001373291016,43.560001373291016,43.560001373291016,101,0.0,0.0,0.0
2024-07-11 10:15:00-04:00,43.54999923706055,43.54999923706055,43.54999923706055,43.54999923706055,339,0.0,0.0,0.0
2024-07-11 10:20:00-04:00,43.55030059814453,43.55030059814453,43.54999923706055,43.54999923706055,1233,0.0,0.0,0.0
2024-07-11 10:30:00-04:00,43.54719924926758,43.55270004272461,43.54719924926758,43.54999923706055,1314,0.0,0.0,0.0
2024-07-11 10:35:00-04:00,43.52989959716797,43.52989959716797,43.52000045776367,43.52000045776367,838,0.0,0.0,0.0
2024-07-11 10:50:00-04:00,43.529998779296875,43.529998779296875,43.529998779296875,43.529998779296875,293,0.0,0.0,0.0
2024-07-11 10:55:00-04:00,43.540000915527344,43.540000915527344,43.53990173339844,43.540000915527344,791,0.0,0.0,0.0
2024-07-11 11:20:00-04:00,43.54999923706055,43.54999923706055,43.54999923706055,43.54999923706055,429,0.0,0.0,0.0
2024-07-11 11:35:00-04:00,43.54999923706055,43.54999923706055,43.540000915527344,43.540000915527344,1537,0.0,0.0,0.0
2024-07-11 11:45:00-04:00,43.556800842285156,43.55720138549805,43.556800842285156,43.55720138549805,2190,0.0,0.0,0.0
2024-07-11 11:50:00-04:00,43.55500030517578,43.55500030517578,43.55500030517578,43.55500030517578,1179,0.0,0.0,0.0
2024-07-11 11:55:00-04:00,43.54999923706055,43.552799224853516,43.54199981689453,43.54199981689453,8985,0.0,0.0,0.0
2024-07-11 12:05:00-04:00,43.540000915527344,43.540000915527344,43.540000915527344,43.540000915527344,523,0.0,0.0,0.0
2024-07-11 12:10:00-04:00,43.540000915527344,43.540000915527344,43.535701751708984,43.535701751708984,386,0.0,0.0,0.0
2024-07-11 12:25:00-04:00,43.540000915527344,43.540000915527344,43.540000915527344,43.540000915527344,147,0.0,0.0,0.0
2024-07-11 12:40:00-04:00,43.540000915527344,43.540000915527344,43.540000915527344,43.540000915527344,0,0.0,0.0,0.0
2024-07-11 12:45:00-04:00,43.54999923706055,43.54999923706055,43.54999923706055,43.54999923706055,23971,0.0,0.0,0.0
2024-07-11 12:50:00-04:00,43.542198181152344,43.542198181152344,43.542198181152344,43.542198181152344,458,0.0,0.0,0.0
2024-07-11 13:00:00-04:00,43.52989959716797,43.52989959716797,43.52000045776367,43.52000045776367,3790,0.0,0.0,0.0
2024-07-11 13:05:00-04:00,43.5099983215332,43.5099983215332,43.5099983215332,43.5099983215332,252,0.0,0.0,0.0
2024-07-11 13:10:00-04:00,43.525299072265625,43.525299072265625,43.525299072265625,43.525299072265625,412,0.0,0.0,0.0
2024-07-11 13:40:00-04:00,43.50419998168945,43.50419998168945,43.5,43.5,1988,0.0,0.0,0.0
2024-07-11 13:50:00-04:00,43.505001068115234,43.505001068115234,43.50400161743164,43.50400161743164,7758,0.0,0.0,0.0
2024-07-11 14:00:00-04:00,43.505001068115234,43.505001068115234,43.505001068115234,43.505001068115234,513,0.0,0.0,0.0
2024-07-11 14:15:00-04:00,43.5099983215332,43.51499938964844,43.5099983215332,43.51499938964844,3696,0.0,0.0,0.0
2024-07-11 14:20:00-04:00,43.51240158081055,43.518001556396484,43.51240158081055,43.518001556396484,595,0.0,0.0,0.0
2024-07-11 14:25:00-04:00,43.5099983215332,43.5099983215332,43.5099983215332,43.5099983215332,693,0.0,0.0,0.0
2024-07-11 14:30:00-04:00,43.51100158691406,43.52000045776367,43.51100158691406,43.52000045776367,343,0.0,0.0,0.0
2024-07-11 14:35:00-04:00,43.51649856567383,43.52000045776367,43.51649856567383,43.52000045776367,872,0.0,0.0,0.0
2024-07-11 14:40:00-04:00,43.52000045776367,43.52989959716797,43.52000045776367,43.52989959716797,4362,0.0,0.0,0.0
2024-07-11 14:45:00-04:00,43.52009963989258,43.52009963989258,43.511199951171875,43.511199951171875,1318,0.0,0.0,0.0
2024-07-11 14:50:00-04:00,43.52479934692383,43.52479934692383,43.518699645996094,43.518699645996094,369,0.0,0.0,0.0
2024-07-11 14:55:00-04:00,43.52000045776367,43.529998779296875,43.52000045776367,43.529998779296875,618,0.0,0.0,0.0
2024-07-11 15:05:00-04:00,43.53499984741211,43.53499984741211,43.52000045776367,43.52000045776367,472,0.0,0.0,0.0
2024-07-11 15:15:00-04:00,43.529998779296875,43.529998779296875,43.529998779296875,43.529998779296875,234,0.0,0.0,0.0
2024-07-11 15:25:00-04:00,43.529998779296875,43.529998779296875,43.52000045776367,43.52000045776367,434,0.0,0.0,0.0
2024-07-11 15:30:00-04:00,43.5276985168457,43.5276985168457,43.5276985168457,43.5276985168457,438,0.0,0.0,0.0
2024-07-11 15:35:00-04:00,43.52000045776367,43.52000045776367,43.512298583984375,43.512298583984375,1523,0.0,0.0,0.0
2024-07-11 15:40:00-04:00,43.5099983215332,43.5099983215332,43.5099983215332,43.5099983215332,204,0.0,0.0,0.0
2024-07-11 15:45:00-04:00,43.5099983215332,43.5099983215332,43.504798889160156,43.504798889160156,890,0.0,0.0,0.0
2024-07-11 15:50:00-04:00,43.50490188598633,43.5099983215332,43.50490188598633,43.5099983215332,453,0.0,0.0,0.0
2024-07-11 15:55:00-04:00,43.525001525878906,43.525001525878906,43.525001525878906,43.525001525878906,2858,0.0,0.0,0.0
2024-07-12 09:30:00-04:00,43.56999969482422,43.56999969482422,43.54010009765625,43.54010009765625,0,0.0,0.0,0.0
2024-07-12 09:40:00-04:00,43.540000915527344,43.540000915527344,43.529998779296875,43.529998779296875,964,0.0,0.0,0.0
2024-07-12 09:45:00-04:00,43.53799819946289,43.53799819946289,43.53799819946289,43.53799819946289,193,0.0,0.0,0.0
2024-07-12 09:50:00-04:00,43.54999923706055,43.54999923706055,43.54999923706055,43.54999923706055,102,0.0,0.0,0.0
2024-07-12 10:00:00-04:00,43.560001373291016,43.56999969482422,43.560001373291016,43.56999969482422,418,0.0,0.0,0.0
2024-07-12 10:05:00-04:00,43.56999969482422,43.56999969482422,43.56999969482422,43.56999969482422,195,0.0,0.0,0.0
2024-07-12 10:10:00-04:00,43.58000183105469,43.595001220703125,43.58000183105469,43.595001220703125,2123,0.0,0.0,0.0
2024-07-12 10:25:00-04:00,43.560001373291016,43.560001373291016,43.55550003051758,43.55550003051758,1624,0.0,0.0,0.0
2024-07-12 10:30:00-04:00,43.55500030517578,43.560001373291016,43.55500030517578,43.560001373291016,395,0.0,0.0,0.0
2024-07-12 10:40:00-04:00,43.560001373291016,43.560001373291016,43.560001373291016,43.560001373291016,443,0.0,0.0,0.0
2024-07-12 10:45:00-04:00,43.55459976196289,43.55459976196289,43.54999923706055,43.54999923706055,785,0.0,0.0,0.0
2024-07-12 10:55:00-04:00,43.55009841918945,43.55009841918945,43.55009841918945,43.55009841918945,799,0.0,0.0,0.0
2024-07-12 11:10:00-04:00,43.55580139160156,43.55580139160156,43.55580139160156,43.55580139160156,1089,0.0,0.0,0.0
2024-07-12 11:20:00-04:00,43.55500030517578,43.55500030517578,43.55500030517578,43.55500030517578,1127,0.0,0.0,0.0
2024-07-12 11:25:00-04:00,43.560001373291016,43.560001373291016,43.560001373291016,43.560001373291016,171,0.0,0.0,0.0
2024-07-12 11:30:00-04:00,43.569000244140625,43.569000244140625,43.569000244140625,43.569000244140625,325,0.0,0.0,0.0
2024-07-12 11:35:00-04:00,43.56650161743164,43.56650161743164,43.56650161743164,43.56650161743164,116,0.0,0.0,0.0
2024-07-12 11:40:00-04:00,43.57339859008789,43.57339859008789,43.57339859008789,43.57339859008789,790,0.0,0.0,0.0
2024-07-12 11:45:00-04:00,43.560001373291016,43.560001373291016,43.560001373291016,43.560001373291016,354,0.0,0.0,0.0
2024-07-12 11:50:00-04:00,43.560001373291016,43.57500076293945,43.560001373291016,43.56999969482422,4692,0.0,0.0,0.0
2024-07-12 11:55:00-04:00,43.56999969482422,43.570098876953125,43.56999969482422,43.570098876953125,437,0.0,0.0,0.0
2024-07-12 12:00:00-04:00,43.575199127197266,43.575199127197266,43.575199127197266,43.575199127197266,128,0.0,0.0,0.0
2024-07-12 12:20:00-04:00,43.57500076293945,43.57500076293945,43.564998626708984,43.5703010559082,5053,0.0,0.0,0.0
2024-07-12 12:30:00-04:00,43.58000183105469,43.58000183105469,43.56999969482422,43.56999969482422,11056,0.0,0.0,0.0
2024-07-12 12:35:00-04:00,43.56010055541992,43.56010055541992,43.56010055541992,43.56010055541992,288,0.0,0.0,0.0
2024-07-12 12:40:00-04:00,43.564998626708984,43.564998626708984,43.564998626708984,43.564998626708984,861,0.0,0.0,0.0
2024-07-12 12:45:00-04:00,43.560001373291016,43.566001892089844,43.560001373291016,43.566001892089844,557,0.0,0.0,0.0
2024-07-12 12:55:00-04:00,43.564998626708984,43.564998626708984,43.564998626708984,43.564998626708984,590,0.0,0.0,0.0
2024-07-12 13:00:00-04:00,43.564998626708984,43.564998626708984,43.564998626708984,43.564998626708984,1290,0.0,0.0,0.0
2024-07-12 13:05:00-04:00,43.56999969482422,43.57109832763672,43.56999969482422,43.57109832763672,537,0.0,0.0,0.0
2024-07-12 13:10:00-04:00,43.58000183105469,43.58000183105469,43.58000183105469,43.58000183105469,477,0.0,0.0,0.0
2024-07-12 13:35:00-04:00,43.59989929199219,43.59989929199219,43.59989929199219,43.59989929199219,365,0.0,0.0,0.0
2024-07-12 13:45:00-04:00,43.599998474121094,43.61989974975586,43.595001220703125,43.61989974975586,1526,0.0,0.0,0.0
2024-07-12 14:00:00-04:00,43.61069869995117,43.61069869995117,43.61069869995117,43.61069869995117,282,0.0,0.0,0.0
2024-07-12 14:05:00-04:00,43.60499954223633,43.60499954223633,43.60499954223633,43.60499954223633,883,0.0,0.0,0.0
2024-07-12 14:25:00-04:00,43.599998474121094,43.599998474121094,43.599998474121094,43.599998474121094,383,0.0,0.0,0.0
2024-07-12 14:45:00-04:00,43.609901428222656,43.609901428222656,43.609901428222656,43.609901428222656,964,0.0,0.0,0.0
2024-07-12 14:50:00-04:00,43.61000061035156,43.61000061035156,43.61000061035156,43.61000061035156,144,0.0,0.0,0.0
2024-07-12 15:00:00-04:00,43.61000061035156,43.61000061035156,43.61000061035156,43.61000061035156,562,0.0,0.0,0.0
2024-07-12 15:10:00-04:00,43.61000061035156,43.619998931884766,43.61000061035156,43.619998931884766,31779,0.0,0.0,0.0
2024-07-12 15:25:00-04:00,43.630001068115234,43.630001068115234,43.630001068115234,43.630001068115234,306,0.0,0.0,0.0
2024-07-12 15:35:00-04:00,43.614601135253906,43.614601135253906,43.614601135253906,43.614601135253906,305,0.0,0.0,0.0
2024-07-12 15:40:00-04:00,43.619998931884766,43.627498626708984,43.61000061035156,43.627498626708984,75490,0.0,0.0,0.0
2024-07-12 15:45:00-04:00,43.625,43.630001068115234,43.625,43.630001068115234,1930,0.0,0.0,0.0
2024-07-12 15:50:00-04:00,43.630001068115234,43.63999938964844,43.619998931884766,43.63999938964844,993,0.0,0.0,0.0
2024-07-12 15:55:00-04:00,43.63999938964844,43.63999938964844,43.63999938964844,43.63999938964844,2316,0.0,0.0,0.0
2024-07-15 09:30:00-04:00,43.58000183105469,43.58000183105469,43.58000183105469,43.58000183105469,0,0.0,0.0,0.0
2024-07-15 09:40:00-04:00,43.58509826660156,43.58509826660156,43.54999923706055,43.54999923706055,3355,0.0,0.0,0.0
2024-07-15 10:00:00-04:00,43.521400451660156,43.525001525878906,43.52000045776367,43.52000045776367,1710,0.0,0.0,0.0
2024-07-15 10:05:00-04:00,43.529998779296875,43.529998779296875,43.529998779296875,43.529998779296875,198,0.0,0.0,0.0
2024-07-15 10:10:00-04:00,43.540000915527344,43.540000915527344,43.540000915527344,43.540000915527344,1420,0.0,0.0,0.0
2024-07-15 10:15:00-04:00,43.529998779296875,43.529998779296875,43.529998779296875,43.529998779296875,366,0.0,0.0,0.0
2024-07-15 10:20:00-04:00,43.52000045776367,43.52000045776367,43.51940155029297,43.51940155029297,1255,0.0,0.0,0.0
2024-07-15 10:25:00-04:00,43.52000045776367,43.52000045776367,43.518699645996094,43.52000045776367,1587,0.0,0.0,0.0
2024-07-15 10:30:00-04:00,43.52000045776367,43.52000045776367,43.52000045776367,43.52000045776367,600,0.0,0.0,0.0
2024-07-15 10:35:00-04:00,43.519901275634766,43.519901275634766,43.519901275634766,43.519901275634766,168,0.0,0.0,0.0
2024-07-15 10:40:00-04:00,43.51110076904297,43.52000045776367,43.51110076904297,43.52000045776367,832,0.0,0.0,0.0
2024-07-15 10:45:00-04:00,43.52560043334961,43.529998779296875,43.52560043334961,43.529998779296875,2546,0.0,0.0,0.0
2024-07-15 10:50:00-04:00,43.540000915527344,43.540000915527344,43.540000915527344,43.540000915527344,1137,0.0,0.0,0.0
2024-07-15 10:55:00-04:00,43.557498931884766,43.557498931884766,43.557498931884766,43.557498931884766,2773,0.0,0.0,0.0
2024-07-15 11:00:00-04:00,43.54999923706055,43.54999923706055,43.54999923706055,43.54999923706055,237,0.0,0.0,0.0
2024-07-15 11:05:00-04:00,43.54999923706055,43.54999923706055,43.54999923706055,43.54999923706055,1624,0.0,0.0,0.0
2024-07-15 11:15:00-04:00,43.54999923706055,43.54999923706055,43.54999923706055,43.54999923706055,230,0.0,0.0,0.0
2024-07-15 11:20:00-04:00,43.560001373291016,43.560001373291016,43.560001373291016,43.560001373291016,752,0.0,0.0,0.0
2024-07-15 11:35:00-04:00,43.55630111694336,43.55630111694336,43.55630111694336,43.55630111694336,222,0.0,0.0,0.0
2024-07-15 11:45:00-04:00,43.560001373291016,43.560001373291016,43.560001373291016,43.560001373291016,839,0.0,0.0,0.0
2024-07-15 11:55:00-04:00,43.56999969482422,43.56999969482422,43.564998626708984,43.564998626708984,2138,0.0,0.0,0.0
2024-07-15 12:00:00-04:00,43.564998626708984,43.564998626708984,43.564998626708984,43.564998626708984,216,0.0,0.0,0.0
2024-07-15 12:10:00-04:00,43.55500030517578,43.55500030517578,43.54880142211914,43.54880142211914,1167,0.0,0.0,0.0
2024-07-15 12:25:00-04:00,43.54999923706055,43.54999923706055,43.54999923706055,43.54999923706055,2390,0.0,0.0,0.0
2024-07-15 12:30:00-04:00,43.55500030517578,43.55500030517578,43.54999923706055,43.54999923706055,1129,0.0,0.0,0.0
2024-07-15 12:35:00-04:00,43.54999923706055,43.55500030517578,43.54499816894531,43.55500030517578,3102,0.0,0.0,0.0
2024-07-15 12:40:00-04:00,43.560001373291016,43.58000183105469,43.560001373291016,43.56999969482422,547,0.0,0.0,0.0
2024-07-15 12:50:00-04:00,43.54999923706055,43.54999923706055,43.540000915527344,43.540000915527344,2469,0.0,0.0,0.0
2024-07-15 12:55:00-04:00,43.54439926147461,43.54499816894531,43.534000396728516,43.534000396728516,1306,0.0,0.0,0.0
2024-07-15 13:05:00-04:00,43.529998779296875,43.529998779296875,43.52799987792969,43.529998779296875,386,0.0,0.0,0.0
2024-07-15 13:10:00-04:00,43.529998779296875,43.529998779296875,43.529998779296875,43.529998779296875,620,0.0,0.0,0.0
2024-07-15 13:15:00-04:00,43.52000045776367,43.52000045776367,43.52000045776367,43.52000045776367,141,0.0,0.0,0.0
2024-07-15 13:20:00-04:00,43.52000045776367,43.52000045776367,43.52000045776367,43.52000045776367,200,0.0,0.0,0.0
2024-07-15 13:25:00-04:00,43.52000045776367,43.52000045776367,43.5099983215332,43.5099983215332,657,0.0,0.0,0.0
2024-07-15 13:30:00-04:00,43.5099983215332,43.5099983215332,43.5099983215332,43.5099983215332,2162,0.0,0.0,0.0
2024-07-15 13:40:00-04:00,43.5099983215332,43.5099983215332,43.5099983215332,43.5099983215332,576,0.0,0.0,0.0
2024-07-15 13:45:00-04:00,43.5099983215332,43.5099983215332,43.5099983215332,43.5099983215332,474,0.0,0.0,0.0
2024-07-15 13:50:00-04:00,43.50529861450195,43.50529861450195,43.50529861450195,43.50529861450195,385,0.0,0.0,0.0
2024-07-15 13:55:00-04:00,43.505001068115234,43.5099983215332,43.505001068115234,43.5099983215332,602,0.0,0.0,0.0
2024-07-15 14:00:00-04:00,43.505001068115234,43.5099983215332,43.505001068115234,43.5099983215332,3353,0.0,0.0,0.0
2024-07-15 14:05:00-04:00,43.5099983215332,43.5099983215332,43.5099983215332,43.5099983215332,2471,0.0,0.0,0.0
2024-07-15 14:10:00-04:00,43.51620101928711,43.52000045776367,43.51620101928711,43.52000045776367,1393,0.0,0.0,0.0
2024-07-15 14:15:00-04:00,43.51499938964844,43.51499938964844,43.5099983215332,43.5099983215332,963,0.0,0.0,0.0
2024-07-15 14:20:00-04:00,43.52000045776367,43.52000045776367,43.52000045776367,43.52000045776367,1227,0.0,0.0,0.0
2024-07-15 14:25:00-04:00,43.52000045776367,43.52000045776367,43.51369857788086,43.52000045776367,2052,0.0,0.0,0.0
2024-07-15 14:30:00-04:00,43.51110076904297,43.51110076904297,43.51110076904297,43.51110076904297,1919,0.0,0.0,0.0
2024-07-15 14:35:00-04:00,43.51359939575195,43.51359939575195,43.5099983215332,43.5099983215332,1215,0.0,0.0,0.0
2024-07-15 14:40:00-04:00,43.5099983215332,43.5099983215332,43.5099983215332,43.5099983215332,515,0.0,0.0,0.0
2024-07-15 14:45:00-04:00,43.507999420166016,43.5099983215332,43.507999420166016,43.5099983215332,766,0.0,0.0,0.0
2024-07-15 15:00:00-04:00,43.505001068115234,43.5099983215332,43.5,43.5,2928,0.0,0.0,0.0
2024-07-15 15:05:00-04:00,43.5,43.5,43.5,43.5,670,0.0,0.0,0.0
2024-07-15 15:10:00-04:00,43.494998931884766,43.499900817871094,43.494998931884766,43.499900817871094,827,0.0,0.0,0.0
2024-07-15 15:15:00-04:00,43.5,43.5,43.494998931884766,43.5,1202,0.0,0.0,0.0
2024-07-15 15:20:00-04:00,43.5,43.5,43.5,43.5,944,0.0,0.0,0.0
2024-07-15 15:25:00-04:00,43.5,43.5,43.5,43.5,235,0.0,0.0,0.0
2024-07-15 15:30:00-04:00,43.5,43.5,43.5,43.5,403,0.0,0.0,0.0
2024-07-15 15:35:00-04:00,43.499000549316406,43.499000549316406,43.499000549316406,43.499000549316406,159,0.0,0.0,0.0
2024-07-15 15:40:00-04:00,43.5,43.5,43.5,43.5,1000,0.0,0.0,0.0
2024-07-15 15:45:00-04:00,43.494998931884766,43.5099983215332,43.494998931884766,43.50400161743164,27466,0.0,0.0,0.0
2024-07-15 15:50:00-04:00,43.505001068115234,43.505001068115234,43.505001068115234,43.505001068115234,1268,0.0,0.0,0.0
2024-07-15 15:55:00-04:00,43.5,43.5,43.4900016784668,43.4900016784668,0,0.0,0.0,0.0
2024-07-16 09:30:00-04:00,43.58000183105469,43.58000183105469,43.58000183105469,43.58000183105469,1577,0.0,0.0,0.0
2024-07-16 09:45:00-04:00,43.54499816894531,43.54499816894531,43.54499816894531,43.54499816894531,237,0.0,0.0,0.0
2024-07-16 09:50:00-04:00,43.560001373291016,43.560001373291016,43.560001373291016,43.560001373291016,3091,0.0,0.0,0.0
2024-07-16 10:00:00-04:00,43.5547981262207,43.560001373291016,43.5547981262207,43.560001373291016,218,0.0,0.0,0.0
2024-07-16 10:05:00-04:00,43.54999923706055,43.55120086669922,43.54999923706055,43.55120086669922,2706,0.0,0.0,0.0
2024-07-16 10:10:00-04:00,43.54999923706055,43.54999923706055,43.54999923706055,43.54999923706055,407,0.0,0.0,0.0
2024-07-16 10:15:00-04:00,43.54999923706055,43.54999923706055,43.54999923706055,43.54999923706055,153,0.0,0.0,0.0
2024-07-16 10:20:00-04:00,43.560001373291016,43.560001373291016,43.560001373291016,43.560001373291016,1084,0.0,0.0,0.0
2024-07-16 10:25:00-04:00,43.564998626708984,43.564998626708984,43.560001373291016,43.564998626708984,621,0.0,0.0,0.0
2024-07-16 10:30:00-04:00,43.56999969482422,43.57500076293945,43.56999969482422,43.57500076293945,1111,0.0,0.0,0.0
2024-07-16 10:35:00-04:00,43.57500076293945,43.57500076293945,43.57500076293945,43.57500076293945,747,0.0,0.0,0.0
2024-07-16 10:40:00-04:00,43.57709884643555,43.57709884643555,43.57709884643555,43.57709884643555,265,0.0,0.0,0.0
2024-07-16 10:50:00-04:00,43.56420135498047,43.56420135498047,43.56100082397461,43.56100082397461,955,0.0,0.0,0.0
2024-07-16 11:00:00-04:00,43.58000183105469,43.58000183105469,43.58000183105469,43.58000183105469,134,0.0,0.0,0.0
2024-07-16 11:05:00-04:00,43.59000015258789,43.59000015258789,43.584999084472656,43.584999084472656,675,0.0,0.0,0.0
2024-07-16 11:10:00-04:00,43.59000015258789,43.59000015258789,43.59000015258789,43.59000015258789,723,0.0,0.0,0.0
2024-07-16 11:15:00-04:00,43.58000183105469,43.58000183105469,43.58000183105469,43.58000183105469,175,0.0,0.0,0.0
2024-07-16 11:20:00-04:00,43.58000183105469,43.58000183105469,43.58000183105469,43.58000183105469,258,0.0,0.0,0.0
2024-07-16 11:30:00-04:00,43.599998474121094,43.599998474121094,43.59000015258789,43.59000015258789,880,0.0,0.0,0.0
2024-07-16 11:35:00-04:00,43.59109878540039,43.599998474121094,43.59109878540039,43.599998474121094,3996,0.0,0.0,0.0
2024-07-16 11:50:00-04:00,43.61000061035156,43.61000061035156,43.61000061035156,43.61000061035156,195,0.0,0.0,0.0
2024-07-16 12:00:00-04:00,43.61040115356445,43.61349868774414,43.61000061035156,43.61000061035156,408,0.0,0.0,0.0
2024-07-16 12:05:00-04:00,43.60499954223633,43.60499954223633,43.60499954223633,43.60499954223633,668,0.0,0.0,0.0
2024-07-16 12:20:00-04:00,43.59989929199219,43.59989929199219,43.59989929199219,43.59989929199219,3219,0.0,0.0,0.0
2024-07-16 12:25:00-04:00,43.59669876098633,43.59669876098633,43.59669876098633,43.59669876098633,746,0.0,0.0,0.0
2024-07-16 12:30:00-04:00,43.60499954223633,43.60499954223633,43.60499954223633,43.60499954223633,839,0.0,0.0,0.0
2024-07-16 12:35:00-04:00,43.60100173950195,43.60100173950195,43.60100173950195,43.60100173950195,2052,0.0,0.0,0.0
2024-07-16 12:40:00-04:00,43.605899810791016,43.605899810791016,43.599998474121094,43.599998474121094,1053,0.0,0.0,0.0
2024-07-16 12:45:00-04:00,43.61000061035156,43.61000061035156,43.61000061035156,43.61000061035156,345,0.0,0.0,0.0
2024-07-16 12:50:00-04:00,43.6150016784668,43.6150016784668,43.6150016784668,43.6150016784668,267,0.0,0.0,0.0
2024-07-16 12:55:00-04:00,43.60499954223633,43.60499954223633,43.60499954223633,43.60499954223633,604,0.0,0.0,0.0
2024-07-16 13:00:00-04:00,43.608299255371094,43.608299255371094,43.608299255371094,43.608299255371094,255,0.0,0.0,0.0
2024-07-16 13:05:00-04:00,43.61000061035156,43.61000061035156,43.61000061035156,43.61000061035156,280,0.0,0.0,0.0
2024-07-16 13:10:00-04:00,43.61000061035156,43.61009979248047,43.609901428222656,43.61009979248047,2022,0.0,0.0,0.0
2024-07-16 13:15:00-04:00,43.61000061035156,43.61000061035156,43.61000061035156,43.61000061035156,100,0.0,0.0,0.0
2024-07-16 13:20:00-04:00,43.619998931884766,43.619998931884766,43.61980056762695,43.61980056762695,208,0.0,0.0,0.0
2024-07-16 13:25:00-04:00,43.619998931884766,43.619998931884766,43.61650085449219,43.6172981262207,4746,0.0,0.0,0.0
2024-07-16 13:30:00-04:00,43.619998931884766,43.62009811401367,43.619998931884766,43.62009811401367,716,0.0,0.0,0.0
2024-07-16 13:35:00-04:00,43.619998931884766,43.619998931884766,43.619998931884766,43.619998931884766,379,0.0,0.0,0.0
2024-07-16 13:40:00-04:00,43.630001068115234,43.630001068115234,43.630001068115234,43.630001068115234,665,0.0,0.0,0.0
2024-07-16 13:45:00-04:00,43.630001068115234,43.630001068115234,43.630001068115234,43.630001068115234,474,0.0,0.0,0.0
2024-07-16 13:50:00-04:00,43.631500244140625,43.631500244140625,43.631500244140625,43.631500244140625,1247,0.0,0.0,0.0
2024-07-16 13:55:00-04:00,43.6349983215332,43.63999938964844,43.634700775146484,43.63990020751953,1596,0.0,0.0,0.0
2024-07-16 14:00:00-04:00,43.630001068115234,43.630001068115234,43.630001068115234,43.630001068115234,646,0.0,0.0,0.0
2024-07-16 14:05:00-04:00,43.63999938964844,43.64500045776367,43.63999938964844,43.63999938964844,1181,0.0,0.0,0.0
2024-07-16 14:15:00-04:00,43.6431999206543,43.6431999206543,43.6431999206543,43.6431999206543,1258,0.0,0.0,0.0
2024-07-16 14:20:00-04:00,43.64500045776367,43.64500045776367,43.64500045776367,43.64500045776367,101,0.0,0.0,0.0
2024-07-16 14:25:00-04:00,43.64500045776367,43.64500045776367,43.63999938964844,43.64310073852539,2450,0.0,0.0,0.0
2024-07-16 14:30:00-04:00,43.650001525878906,43.650001525878906,43.650001525878906,43.650001525878906,102,0.0,0.0,0.0
2024-07-16 14:35:00-04:00,43.65999984741211,43.65999984741211,43.65999984741211,43.65999984741211,275,0.0,0.0,0.0
2024-07-16 14:50:00-04:00,43.654998779296875,43.654998779296875,43.654998779296875,43.654998779296875,386,0.0,0.0,0.0
2024-07-16 14:55:00-04:00,43.6411018371582,43.6411018371582,43.6411018371582,43.6411018371582,676,0.0,0.0,0.0
2024-07-16 15:10:00-04:00,43.63999938964844,43.650001525878906,43.63999938964844,43.64500045776367,1179,0.0,0.0,0.0
2024-07-16 15:15:00-04:00,43.64739990234375,43.64739990234375,43.64739990234375,43.64739990234375,344,0.0,0.0,0.0
2024-07-16 15:30:00-04:00,43.64099884033203,43.64099884033203,43.64099884033203,43.64099884033203,1271,0.0,0.0,0.0
2024-07-16 15:35:00-04:00,43.63999938964844,43.650001525878906,43.63999938964844,43.650001525878906,1156,0.0,0.0,0.0
2024-07-16 15:40:00-04:00,43.650001525878906,43.650001525878906,43.649898529052734,43.649898529052734,2298,0.0,0.0,0.0
2024-07-16 15:45:00-04:00,43.64500045776367,43.64500045776367,43.64500045776367,43.64500045776367,378,0.0,0.0,0.0
2024-07-16 15:50:00-04:00,43.63999938964844,43.650001525878906,43.63999938964844,43.650001525878906,1173,0.0,0.0,0.0
2024-07-16 15:55:00-04:00,43.650001525878906,43.65999984741211,43.650001525878906,43.650001525878906,4764,0.0,0.0,0.0
2024-07-17 09:30:00-04:00,43.56999969482422,43.56999969482422,43.56999969482422,43.56999969482422,837,0.0,0.0,0.0
2024-07-17 09:35:00-04:00,43.63999938964844,43.63999938964844,43.6349983215332,43.6349983215332,1893,0.0,0.0,0.0
2024-07-17 09:40:00-04:00,43.649898529052734,43.649898529052734,43.630001068115234,43.630001068115234,1671,0.0,0.0,0.0
2024-07-17 09:55:00-04:00,43.61040115356445,43.61040115356445,43.61040115356445,43.61040115356445,161,0.0,0.0,0.0
2024-07-17 10:00:00-04:00,43.627601623535156,43.627601623535156,43.627601623535156,43.627601623535156,151,0.0,0.0,0.0
2024-07-17 10:05:00-04:00,43.61000061035156,43.61000061035156,43.61000061035156,43.61000061035156,1212,0.0,0.0,0.0
2024-07-17 10:10:00-04:00,43.599998474121094,43.599998474121094,43.59709930419922,43.59709930419922,602,0.0,0.0,0.0
2024-07-17 10:20:00-04:00,43.56999969482422,43.56999969482422,43.56999969482422,43.56999969482422,446,0.0,0.0,0.0
2024-07-17 10:25:00-04:00,43.59000015258789,43.59000015258789,43.59000015258789,43.59000015258789,437,0.0,0.0,0.0
2024-07-17 10:35:00-04:00,43.59000015258789,43.59000015258789,43.59000015258789,43.59000015258789,520,0.0,0.0,0.0
2024-07-17 10:40:00-04:00,43.59579849243164,43.60499954223633,43.59579849243164,43.60499954223633,2718,0.0,0.0,0.0
2024-07-17 10:45:00-04:00,43.6083984375,43.6083984375,43.599998474121094,43.599998474121094,1681,0.0,0.0,0.0
2024-07-17 10:55:00-04:00,43.5900993347168,43.599998474121094,43.5900993347168,43.599998474121094,1707,0.0,0.0,0.0
2024-07-17 11:00:00-04:00,43.595001220703125,43.595001220703125,43.595001220703125,43.595001220703125,734,0.0,0.0,0.0
2024-07-17 11:05:00-04:00,43.599998474121094,43.61000061035156,43.599998474121094,43.61000061035156,1209,0.0,0.0,0.0
2024-07-17 11:10:00-04:00,43.60089874267578,43.60089874267578,43.60089874267578,43.60089874267578,2469,0.0,0.0,0.0
2024-07-17 11:15:00-04:00,43.61000061035156,43.61000061035156,43.61000061035156,43.61000061035156,1511,0.0,0.0,0.0
2024-07-17 11:20:00-04:00,43.63010025024414,43.63010025024414,43.630001068115234,43.630001068115234,5231,0.0,0.0,0.0
2024-07-17 11:25:00-04:00,43.6349983215332,43.6349983215332,43.6349983215332,43.6349983215332,153,0.0,0.0,0.0
2024-07-17 11:30:00-04:00,43.63999938964844,43.63999938964844,43.63999938964844,43.63999938964844,320,0.0,0.0,0.0
2024-07-17 11:35:00-04:00,43.650001525878906,43.65999984741211,43.650001525878906,43.65999984741211,1216,0.0,0.0,0.0
2024-07-17 11:45:00-04:00,43.65999984741211,43.665000915527344,43.65999984741211,43.65999984741211,2002,0.0,0.0,0.0
2024-07-17 11:50:00-04:00,43.650001525878906,43.650001525878906,43.650001525878906,43.650001525878906,186,0.0,0.0,0.0
2024-07-17 11:55:00-04:00,43.64670181274414,43.64670181274414,43.64670181274414,43.64670181274414,522,0.0,0.0,0.0
2024-07-17 12:10:00-04:00,43.65999984741211,43.65999984741211,43.65999984741211,43.65999984741211,519,0.0,0.0,0.0
2024-07-17 12:15:00-04:00,43.65999984741211,43.65999984741211,43.65999984741211,43.65999984741211,273,0.0,0.0,0.0
2024-07-17 12:25:00-04:00,43.654998779296875,43.65999984741211,43.650001525878906,43.654998779296875,6846,0.0,0.0,0.0
2024-07-17 12:35:00-04:00,43.68000030517578,43.68000030517578,43.68000030517578,43.68000030517578,213,0.0,0.0,0.0
2024-07-17 12:40:00-04:00,43.66999816894531,43.66999816894531,43.66999816894531,43.66999816894531,245,0.0,0.0,0.0
2024-07-17 12:55:00-04:00,43.66809844970703,43.670799255371094,43.66809844970703,43.670799255371094,304,0.0,0.0,0.0
2024-07-17 13:10:00-04:00,43.68000030517578,43.68000030517578,43.68000030517578,43.68000030517578,420,0.0,0.0,0.0
2024-07-17 13:15:00-04:00,43.68000030517578,43.70000076293945,43.68000030517578,43.70000076293945,578,0.0,0.0,0.0
2024-07-17 13:30:00-04:00,43.67399978637695,43.67399978637695,43.67399978637695,43.67399978637695,742,0.0,0.0,0.0
2024-07-17 13:55:00-04:00,43.66999816894531,43.66999816894531,43.66999816894531,43.66999816894531,488,0.0,0.0,0.0
2024-07-17 14:00:00-04:00,43.68109893798828,43.68109893798828,43.68009948730469,43.68009948730469,457,0.0,0.0,0.0
2024-07-17 14:10:00-04:00,43.689998626708984,43.689998626708984,43.689998626708984,43.689998626708984,459,0.0,0.0,0.0
2024-07-17 14:20:00-04:00,43.709800720214844,43.709800720214844,43.689998626708984,43.689998626708984,562,0.0,0.0,0.0
2024-07-17 14:25:00-04:00,43.69499969482422,43.69960021972656,43.69499969482422,43.69960021972656,1108,0.0,0.0,0.0
2024-07-17 14:30:00-04:00,43.70109939575195,43.70989990234375,43.69779968261719,43.69779968261719,884,0.0,0.0,0.0
2024-07-17 14:40:00-04:00,43.70000076293945,43.70000076293945,43.70000076293945,43.70000076293945,203,0.0,0.0,0.0
2024-07-17 14:45:00-04:00,43.70500183105469,43.70500183105469,43.70500183105469,43.70500183105469,119,0.0,0.0,0.0
2024-07-17 14:50:00-04:00,43.709999084472656,43.709999084472656,43.709999084472656,43.709999084472656,162,0.0,0.0,0.0
2024-07-17 14:55:00-04:00,43.720001220703125,43.720001220703125,43.720001220703125,43.720001220703125,254,0.0,0.0,0.0
2024-07-17 15:00:00-04:00,43.709999084472656,43.709999084472656,43.70000076293945,43.70500183105469,5408,0.0,0.0,0.0
2024-07-17 15:10:00-04:00,43.69990158081055,43.70000076293945,43.69990158081055,43.70000076293945,2263,0.0,0.0,0.0
2024-07-17 15:15:00-04:00,43.69990158081055,43.70000076293945,43.69660186767578,43.70000076293945,2470,0.0,0.0,0.0
2024-07-17 15:25:00-04:00,43.69919967651367,43.69919967651367,43.69919967651367,43.69919967651367,1440,0.0,0.0,0.0
2024-07-17 15:30:00-04:00,43.689998626708984,43.690101623535156,43.689998626708984,43.689998626708984,1040,0.0,0.0,0.0
2024-07-17 15:45:00-04:00,43.68830108642578,43.68830108642578,43.68830108642578,43.68830108642578,269,0.0,0.0,0.0
2024-07-17 15:50:00-04:00,43.689998626708984,43.689998626708984,43.689998626708984,43.689998626708984,314,0.0,0.0,0.0
2024-07-17 15:55:00-04:00,43.685001373291016,43.689998626708984,43.685001373291016,43.689998626708984,0,0.0,0.0,0.0
2024-07-18 09:30:00-04:00,43.630001068115234,43.630001068115234,43.630001068115234,43.630001068115234,1555,0.0,0.0,0.0
2024-07-18 09:35:00-04:00,43.63359832763672,43.63359832763672,43.63359832763672,43.63359832763672,288,0.0,0.0,0.0
2024-07-18 09:40:00-04:00,43.63999938964844,43.63999938964844,43.63999938964844,43.63999938964844,122,0.0,0.0,0.0
2024-07-18 09:50:00-04:00,43.66600036621094,43.66600036621094,43.665000915527344,43.665000915527344,457,0.0,0.0,0.0
2024-07-18 10:00:00-04:00,43.67620086669922,43.67620086669922,43.66999816894531,43.66999816894531,1984,0.0,0.0,0.0
2024-07-18 10:05:00-04:00,43.68000030517578,43.68000030517578,43.6697998046875,43.6697998046875,616,0.0,0.0,0.0
2024-07-18 10:10:00-04:00,43.672000885009766,43.672000885009766,43.672000885009766,43.672000885009766,130,0.0,0.0,0.0
2024-07-18 10:15:00-04:00,43.68000030517578,43.68000030517578,43.68000030517578,43.68000030517578,258,0.0,0.0,0.0
2024-07-18 10:25:00-04:00,43.67279815673828,43.67279815673828,43.67279815673828,43.67279815673828,453,0.0,0.0,0.0
2024-07-18 10:30:00-04:00,43.665000915527344,43.665000915527344,43.665000915527344,43.665000915527344,868,0.0,0.0,0.0
2024-07-18 10:35:00-04:00,43.65999984741211,43.66999816894531,43.65999984741211,43.66999816894531,724,0.0,0.0,0.0
2024-07-18 10:50:00-04:00,43.66999816894531,43.67499923706055,43.66999816894531,43.67499923706055,306,0.0,0.0,0.0
2024-07-18 10:55:00-04:00,43.66999816894531,43.66999816894531,43.66080093383789,43.66080093383789,695,0.0,0.0,0.0
2024-07-18 11:00:00-04:00,43.66400146484375,43.66400146484375,43.66400146484375,43.66400146484375,108,0.0,0.0,0.0
2024-07-18 11:05:00-04:00,43.65999984741211,43.65999984741211,43.65999984741211,43.65999984741211,525,0.0,0.0,0.0
2024-07-18 11:10:00-04:00,43.66999816894531,43.66999816894531,43.66999816894531,43.66999816894531,132,0.0,0.0,0.0
2024-07-18 11:15:00-04:00,43.665000915527344,43.665000915527344,43.665000915527344,43.665000915527344,144,0.0,0.0,0.0
2024-07-18 11:25:00-04:00,43.65999984741211,43.65999984741211,43.65999984741211,43.65999984741211,284,0.0,0.0,0.0
2024-07-18 11:30:00-04:00,43.65999984741211,43.65999984741211,43.65999984741211,43.65999984741211,145,0.0,0.0,0.0
2024-07-18 11:35:00-04:00,43.65999984741211,43.65999984741211,43.65999984741211,43.65999984741211,123,0.0,0.0,0.0
2024-07-18 11:40:00-04:00,43.63999938964844,43.63999938964844,43.63999938964844,43.63999938964844,522,0.0,0.0,0.0
2024-07-18 11:45:00-04:00,43.64339828491211,43.64500045776367,43.63999938964844,43.64500045776367,1223,0.0,0.0,0.0
2024-07-18 11:55:00-04:00,43.619998931884766,43.630001068115234,43.619998931884766,43.630001068115234,778,0.0,0.0,0.0
2024-07-18 12:00:00-04:00,43.619998931884766,43.619998931884766,43.619998931884766,43.619998931884766,629,0.0,0.0,0.0
2024-07-18 12:10:00-04:00,43.630001068115234,43.630001068115234,43.62620162963867,43.62620162963867,581,0.0,0.0,0.0
2024-07-18 12:20:00-04:00,43.630001068115234,43.630001068115234,43.630001068115234,43.630001068115234,610,0.0,0.0,0.0
2024-07-18 12:25:00-04:00,43.630001068115234,43.630001068115234,43.630001068115234,43.630001068115234,530,0.0,0.0,0.0
2024-07-18 12:35:00-04:00,43.63359832763672,43.63359832763672,43.63359832763672,43.63359832763672,298,0.0,0.0,0.0
2024-07-18 12:40:00-04:00,43.619998931884766,43.619998931884766,43.619998931884766,43.619998931884766,531,0.0,0.0,0.0
2024-07-18 12:45:00-04:00,43.630001068115234,43.630001068115234,43.630001068115234,43.630001068115234,500,0.0,0.0,0.0
2024-07-18 12:50:00-04:00,43.630001068115234,43.630001068115234,43.630001068115234,43.630001068115234,419,0.0,0.0,0.0
2024-07-18 12:55:00-04:00,43.630001068115234,43.630001068115234,43.630001068115234,43.630001068115234,103,0.0,0.0,0.0
2024-07-18 13:00:00-04:00,43.619998931884766,43.619998931884766,43.61000061035156,43.619998931884766,3518,0.0,0.0,0.0
2024-07-18 13:05:00-04:00,43.61629867553711,43.619998931884766,43.61629867553711,43.619998931884766,1006,0.0,0.0,0.0
2024-07-18 13:10:00-04:00,43.6150016784668,43.619598388671875,43.6150016784668,43.619598388671875,1259,0.0,0.0,0.0
2024-07-18 13:15:00-04:00,43.619998931884766,43.619998931884766,43.619998931884766,43.619998931884766,774,0.0,0.0,0.0
2024-07-18 13:25:00-04:00,43.619998931884766,43.630001068115234,43.619998931884766,43.630001068115234,1711,0.0,0.0,0.0
2024-07-18 13:45:00-04:00,43.630001068115234,43.630001068115234,43.630001068115234,43.630001068115234,602,0.0,0.0,0.0
2024-07-18 13:50:00-04:00,43.6349983215332,43.6349983215332,43.6349983215332,43.6349983215332,3204,0.0,0.0,0.0
2024-07-18 13:55:00-04:00,43.63999938964844,43.63999938964844,43.630001068115234,43.630001068115234,1105,0.0,0.0,0.0
2024-07-18 14:00:00-04:00,43.630001068115234,43.630001068115234,43.625,43.625,1633,0.0,0.0,0.0
2024-07-18 14:05:00-04:00,43.619998931884766,43.619998931884766,43.619998931884766,43.619998931884766,1825,0.0,0.0,0.0
2024-07-18 14:10:00-04:00,43.619998931884766,43.619998931884766,43.619998931884766,43.619998931884766,300,0.0,0.0,0.0
2024-07-18 14:15:00-04:00,43.619998931884766,43.619998931884766,43.6150016784668,43.6150016784668,1677,0.0,0.0,0.0
2024-07-18 14:20:00-04:00,43.62770080566406,43.62990188598633,43.619998931884766,43.619998931884766,6095,0.0,0.0,0.0
2024-07-18 14:25:00-04:00,43.619998931884766,43.619998931884766,43.619998931884766,43.619998931884766,548,0.0,0.0,0.0
2024-07-18 14:30:00-04:00,43.61000061035156,43.61000061035156,43.61000061035156,43.61000061035156,1062,0.0,0.0,0.0
2024-07-18 14:35:00-04:00,43.599998474121094,43.61000061035156,43.599998474121094,43.61000061035156,694,0.0,0.0,0.0
2024-07-18 14:40:00-04:00,43.61000061035156,43.61000061035156,43.60499954223633,43.60499954223633,1129,0.0,0.0,0.0
2024-07-18 14:45:00-04:00,43.61000061035156,43.61000061035156,43.61000061035156,43.61000061035156,148,0.0,0.0,0.0
2024-07-18 14:50:00-04:00,43.5900993347168,43.599998474121094,43.5900993347168,43.599998474121094,1060,0.0,0.0,0.0
2024-07-18 15:00:00-04:00,43.59000015258789,43.595001220703125,43.59000015258789,43.59000015258789,1383,0.0,0.0,0.0
2024-07-18 15:05:00-04:00,43.59000015258789,43.59000015258789,43.58000183105469,43.58000183105469,3821,0.0,0.0,0.0
2024-07-18 15:10:00-04:00,43.56999969482422,43.56999969482422,43.560001373291016,43.56999969482422,2117,0.0,0.0,0.0
2024-07-18 15:15:00-04:00,43.564998626708984,43.564998626708984,43.56370162963867,43.56370162963867,1705,0.0,0.0,0.0
2024-07-18 15:25:00-04:00,43.56999969482422,43.56999969482422,43.56999969482422,43.56999969482422,985,0.0,0.0,0.0
2024-07-18 15:30:00-04:00,43.57659912109375,43.58000183105469,43.57500076293945,43.57500076293945,1512,0.0,0.0,0.0
2024-07-18 15:35:00-04:00,43.58000183105469,43.58000183105469,43.58000183105469,43.58000183105469,300,0.0,0.0,0.0
2024-07-18 15:40:00-04:00,43.58000183105469,43.58000183105469,43.58000183105469,43.58000183105469,773,0.0,0.0,0.0
2024-07-18 15:45:00-04:00,43.584999084472656,43.59000015258789,43.58000183105469,43.58000183105469,4053,0.0,0.0,0.0
2024-07-18 15:50:00-04:00,43.58000183105469,43.58000183105469,43.58000183105469,43.58000183105469,976,0.0,0.0,0.0
2024-07-18 15:55:00-04:00,43.56999969482422,43.576698303222656,43.560001373291016,43.56999969482422,0,0.0,0.0,0.0
2024-07-19 09:30:00-04:00,43.52000045776367,43.52000045776367,43.52000045776367,43.52000045776367,424,0.0,0.0,0.0
2024-07-19 09:40:00-04:00,43.5,43.5,43.4900016784668,43.4900016784668,1148,0.0,0.0,0.0
2024-07-19 09:45:00-04:00,43.47999954223633,43.47999954223633,43.47999954223633,43.47999954223633,0,0.0,0.0,0.0
2024-07-19 09:50:00-04:00,43.470001220703125,43.470001220703125,43.470001220703125,43.470001220703125,2075,0.0,0.0,0.0
2024-07-19 09:55:00-04:00,43.470001220703125,43.470001220703125,43.470001220703125,43.470001220703125,276,0.0,0.0,0.0
2024-07-19 10:00:00-04:00,43.46030044555664,43.470001220703125,43.46030044555664,43.470001220703125,790,0.0,0.0,0.0
2024-07-19 10:05:00-04:00,43.459999084472656,43.470001220703125,43.459999084472656,43.470001220703125,300,0.0,0.0,0.0
2024-07-19 10:10:00-04:00,43.470001220703125,43.470001220703125,43.470001220703125,43.470001220703125,652,0.0,0.0,0.0
2024-07-19 10:25:00-04:00,43.4900016784668,43.4900016784668,43.4900016784668,43.4900016784668,273,0.0,0.0,0.0
2024-07-19 10:35:00-04:00,43.47999954223633,43.47999954223633,43.47999954223633,43.47999954223633,400,0.0,0.0,0.0
2024-07-19 10:40:00-04:00,43.474998474121094,43.47999954223633,43.474998474121094,43.47999954223633,500,0.0,0.0,0.0
2024-07-19 10:50:00-04:00,43.493499755859375,43.493499755859375,43.493499755859375,43.493499755859375,602,0.0,0.0,0.0
2024-07-19 11:00:00-04:00,43.5,43.5,43.495201110839844,43.495201110839844,781,0.0,0.0,0.0
2024-07-19 11:20:00-04:00,43.4984016418457,43.4984016418457,43.4984016418457,43.4984016418457,385,0.0,0.0,0.0
2024-07-19 11:50:00-04:00,43.47999954223633,43.47999954223633,43.474998474121094,43.474998474121094,3221,0.0,0.0,0.0
2024-07-19 11:55:00-04:00,43.481201171875,43.481201171875,43.481201171875,43.481201171875,1723,0.0,0.0,0.0
2024-07-19 12:00:00-04:00,43.4900016784668,43.4900016784668,43.48500061035156,43.48500061035156,467,0.0,0.0,0.0
2024-07-19 12:15:00-04:00,43.485198974609375,43.485198974609375,43.485198974609375,43.485198974609375,125,0.0,0.0,0.0
2024-07-19 12:20:00-04:00,43.4900016784668,43.4900016784668,43.4900016784668,43.4900016784668,205,0.0,0.0,0.0
2024-07-19 12:25:00-04:00,43.47999954223633,43.47999954223633,43.47520065307617,43.47999954223633,724,0.0,0.0,0.0
2024-07-19 12:30:00-04:00,43.47999954223633,43.4900016784668,43.47800064086914,43.4900016784668,1667,0.0,0.0,0.0
2024-07-19 12:35:00-04:00,43.5,43.5,43.481998443603516,43.48500061035156,1545,0.0,0.0,0.0
2024-07-19 12:40:00-04:00,43.48500061035156,43.48500061035156,43.48500061035156,43.48500061035156,405,0.0,0.0,0.0
2024-07-19 12:45:00-04:00,43.481998443603516,43.481998443603516,43.481998443603516,43.481998443603516,164,0.0,0.0,0.0
2024-07-19 12:50:00-04:00,43.489898681640625,43.489898681640625,43.48500061035156,43.48500061035156,2533,0.0,0.0,0.0
2024-07-19 13:00:00-04:00,43.48500061035156,43.4900016784668,43.48500061035156,43.4900016784668,766,0.0,0.0,0.0
2024-07-19 13:05:00-04:00,43.48500061035156,43.48500061035156,43.48500061035156,43.48500061035156,686,0.0,0.0,0.0
2024-07-19 13:15:00-04:00,43.4900016784668,43.4900016784668,43.4900016784668,43.4900016784668,1400,0.0,0.0,0.0
2024-07-19 13:20:00-04:00,43.4900016784668,43.4900016784668,43.4900016784668,43.4900016784668,1000,0.0,0.0,0.0
2024-07-19 13:25:00-04:00,43.4900016784668,43.4900016784668,43.4900016784668,43.4900016784668,803,0.0,0.0,0.0
2024-07-19 13:35:00-04:00,43.5,43.5,43.5,43.5,301,0.0,0.0,0.0
2024-07-19 14:10:00-04:00,43.4900016784668,43.4900016784668,43.47999954223633,43.47999954223633,851,0.0,0.0,0.0
2024-07-19 14:15:00-04:00,43.470001220703125,43.474098205566406,43.470001220703125,43.474098205566406,403,0.0,0.0,0.0
2024-07-19 14:20:00-04:00,43.47990036010742,43.47990036010742,43.470001220703125,43.470001220703125,2147,0.0,0.0,0.0
2024-07-19 14:35:00-04:00,43.47159957885742,43.47159957885742,43.470001220703125,43.470001220703125,2066,0.0,0.0,0.0
2024-07-19 14:40:00-04:00,43.470001220703125,43.479801177978516,43.470001220703125,43.47840118408203,1724,0.0,0.0,0.0
2024-07-19 14:45:00-04:00,43.470001220703125,43.470001220703125,43.470001220703125,43.470001220703125,2700,0.0,0.0,0.0
2024-07-19 15:00:00-04:00,43.470001220703125,43.470001220703125,43.470001220703125,43.470001220703125,1258,0.0,0.0,0.0
2024-07-19 15:05:00-04:00,43.459999084472656,43.470001220703125,43.459999084472656,43.4656982421875,1725,0.0,0.0,0.0
2024-07-19 15:20:00-04:00,43.47999954223633,43.47999954223633,43.459999084472656,43.459999084472656,1785,0.0,0.0,0.0
2024-07-19 15:25:00-04:00,43.459999084472656,43.459999084472656,43.459999084472656,43.459999084472656,700,0.0,0.0,0.0
2024-07-19 15:30:00-04:00,43.459999084472656,43.459999084472656,43.45000076293945,43.45000076293945,533,0.0,0.0,0.0
2024-07-19 15:35:00-04:00,43.459999084472656,43.459999084472656,43.459999084472656,43.459999084472656,516,0.0,0.0,0.0
2024-07-19 15:40:00-04:00,43.459999084472656,43.459999084472656,43.459999084472656,43.459999084472656,1215,0.0,0.0,0.0
2024-07-19 15:45:00-04:00,43.45249938964844,43.459999084472656,43.45249938964844,43.459999084472656,1336,0.0,0.0,0.0
2024-07-19 15:50:00-04:00,43.459999084472656,43.459999084472656,43.459999084472656,43.459999084472656,277,0.0,0.0,0.0
2024-07-19 15:55:00-04:00,43.459999084472656,43.459999084472656,43.459999084472656,43.459999084472656,997,0.0,0.0,0.0
2024-07-22 09:30:00-04:00,43.540000915527344,43.540000915527344,43.540000915527344,43.540000915527344,1039,0.0,0.0,0.0
2024-07-22 09:40:00-04:00,43.52000045776367,43.52750015258789,43.52000045776367,43.52750015258789,1265,0.0,0.0,0.0
2024-07-22 09:45:00-04:00,43.51499938964844,43.51499938964844,43.51499938964844,43.51499938964844,129,0.0,0.0,0.0
2024-07-22 09:50:00-04:00,43.525001525878906,43.525001525878906,43.525001525878906,43.525001525878906,293,0.0,0.0,0.0
2024-07-22 09:55:00-04:00,43.52330017089844,43.52330017089844,43.52330017089844,43.52330017089844,335,0.0,0.0,0.0
2024-07-22 10:00:00-04:00,43.540000915527344,43.540000915527344,43.540000915527344,43.540000915527344,1988,0.0,0.0,0.0
2024-07-22 10:05:00-04:00,43.53329849243164,43.53329849243164,43.53329849243164,43.53329849243164,229,0.0,0.0,0.0
2024-07-22 10:10:00-04:00,43.529998779296875,43.529998779296875,43.529998779296875,43.529998779296875,278,0.0,0.0,0.0
2024-07-22 10:15:00-04:00,43.540000915527344,43.540000915527344,43.540000915527344,43.540000915527344,266,0.0,0.0,0.0
2024-07-22 10:20:00-04:00,43.54499816894531,43.54499816894531,43.54499816894531,43.54499816894531,409,0.0,0.0,0.0
2024-07-22 10:25:00-04:00,43.540000915527344,43.540000915527344,43.540000915527344,43.540000915527344,3765,0.0,0.0,0.0
2024-07-22 10:35:00-04:00,43.54499816894531,43.54499816894531,43.54499816894531,43.54499816894531,233,0.0,0.0,0.0
2024-07-22 10:40:00-04:00,43.54999923706055,43.54999923706055,43.54999923706055,43.54999923706055,313,0.0,0.0,0.0
2024-07-22 10:50:00-04:00,43.54570007324219,43.54990005493164,43.54570007324219,43.54990005493164,1111,0.0,0.0,0.0
2024-07-22 10:55:00-04:00,43.540000915527344,43.540000915527344,43.540000915527344,43.540000915527344,614,0.0,0.0,0.0
2024-07-22 11:00:00-04:00,43.540000915527344,43.54499816894531,43.540000915527344,43.54499816894531,782,0.0,0.0,0.0
2024-07-22 11:05:00-04:00,43.54359817504883,43.54359817504883,43.540000915527344,43.540000915527344,1125,0.0,0.0,0.0
2024-07-22 11:10:00-04:00,43.540000915527344,43.54499816894531,43.529998779296875,43.529998779296875,5831,0.0,0.0,0.0
2024-07-22 11:15:00-04:00,43.52000045776367,43.529998779296875,43.52000045776367,43.529998779296875,690,0.0,0.0,0.0
2024-07-22 11:20:00-04:00,43.51499938964844,43.52000045776367,43.51499938964844,43.52000045776367,437,0.0,0.0,0.0
2024-07-22 11:25:00-04:00,43.48500061035156,43.48500061035156,43.48500061035156,43.48500061035156,309,0.0,0.0,0.0
2024-07-22 11:30:00-04:00,43.45000076293945,43.45370101928711,43.45000076293945,43.45000076293945,860,0.0,0.0,0.0
2024-07-22 11:35:00-04:00,43.45000076293945,43.45000076293945,43.439998626708984,43.45000076293945,1703,0.0,0.0,0.0
2024-07-22 11:40:00-04:00,43.439998626708984,43.439998626708984,43.43000030517578,43.439998626708984,3535,0.0,0.0,0.0
2024-07-22 11:45:00-04:00,43.43000030517578,43.43000030517578,43.41999816894531,43.41999816894531,18163,0.0,0.0,0.0
2024-07-22 11:50:00-04:00,43.41999816894531,43.42100143432617,43.41999816894531,43.42100143432617,2581,0.0,0.0,0.0
2024-07-22 11:55:00-04:00,43.41999816894531,43.43000030517578,43.41999816894531,43.42499923706055,1356,0.0,0.0,0.0
2024-07-22 12:00:00-04:00,43.42499923706055,43.42499923706055,43.42499923706055,43.42499923706055,165,0.0,0.0,0.0
2024-07-22 12:05:00-04:00,43.41999816894531,43.42499923706055,43.4109001159668,43.42499923706055,2343,0.0,0.0,0.0
2024-07-22 12:15:00-04:00,43.427398681640625,43.427398681640625,43.427398681640625,43.427398681640625,1230,0.0,0.0,0.0
2024-07-22 12:25:00-04:00,43.41999816894531,43.41999816894531,43.41999816894531,43.41999816894531,149,0.0,0.0,0.0
2024-07-22 12:30:00-04:00,43.40999984741211,43.40999984741211,43.40999984741211,43.40999984741211,1911,0.0,0.0,0.0
2024-07-22 12:35:00-04:00,43.400001525878906,43.401100158691406,43.400001525878906,43.401100158691406,613,0.0,0.0,0.0
2024-07-22 13:00:00-04:00,43.42499923706055,43.42499923706055,43.41999816894531,43.41999816894531,1851,0.0,0.0,0.0
2024-07-22 13:05:00-04:00,43.43000030517578,43.4379997253418,43.43000030517578,43.43000030517578,1122,0.0,0.0,0.0
2024-07-22 13:10:00-04:00,43.43000030517578,43.43000030517578,43.43000030517578,43.43000030517578,136,0.0,0.0,0.0
2024-07-22 13:20:00-04:00,43.435001373291016,43.439998626708984,43.435001373291016,43.43629837036133,657,0.0,0.0,0.0
2024-07-22 13:25:00-04:00,43.441200256347656,43.441200256347656,43.439998626708984,43.439998626708984,360,0.0,0.0,0.0
2024-07-22 13:30:00-04:00,43.44499969482422,43.44499969482422,43.439998626708984,43.439998626708984,1041,0.0,0.0,0.0
2024-07-22 13:35:00-04:00,43.45000076293945,43.45000076293945,43.44499969482422,43.44499969482422,1450,0.0,0.0,0.0
2024-07-22 13:40:00-04:00,43.44060134887695,43.45000076293945,43.44060134887695,43.45000076293945,630,0.0,0.0,0.0
2024-07-22 13:45:00-04:00,43.459999084472656,43.459999084472656,43.44499969482422,43.45000076293945,1440,0.0,0.0,0.0
2024-07-22 13:50:00-04:00,43.45000076293945,43.45000076293945,43.45000076293945,43.45000076293945,791,0.0,0.0,0.0
2024-07-22 14:00:00-04:00,43.44499969482422,43.44499969482422,43.44499969482422,43.44499969482422,659,0.0,0.0,0.0
2024-07-22 14:05:00-04:00,43.44559860229492,43.44559860229492,43.44559860229492,43.44559860229492,180,0.0,0.0,0.0
2024-07-22 14:10:00-04:00,43.44499969482422,43.44499969482422,43.439998626708984,43.439998626708984,1246,0.0,0.0,0.0
2024-07-22 14:15:00-04:00,43.439701080322266,43.439998626708984,43.43659973144531,43.439998626708984,3269,0.0,0.0,0.0
2024-07-22 14:20:00-04:00,43.439998626708984,43.45000076293945,43.439998626708984,43.45000076293945,1010,0.0,0.0,0.0
2024-07-22 14:30:00-04:00,43.443199157714844,43.443199157714844,43.443199157714844,43.443199157714844,168,0.0,0.0,0.0
2024-07-22 14:40:00-04:00,43.443199157714844,43.443199157714844,43.443199157714844,43.443199157714844,190,0.0,0.0,0.0
2024-07-22 14:50:00-04:00,43.44499969482422,43.45000076293945,43.44499969482422,43.45000076293945,5673,0.0,0.0,0.0
2024-07-22 15:00:00-04:00,43.45989990234375,43.45989990234375,43.439998626708984,43.440101623535156,12788,0.0,0.0,0.0
2024-07-22 15:15:00-04:00,43.439998626708984,43.439998626708984,43.439998626708984,43.439998626708984,295,0.0,0.0,0.0
2024-07-22 15:20:00-04:00,43.44499969482422,43.44499969482422,43.440101623535156,43.440101623535156,224,0.0,0.0,0.0
2024-07-22 15:25:00-04:00,43.45000076293945,43.45000076293945,43.45000076293945,43.45000076293945,712,0.0,0.0,0.0
2024-07-22 15:30:00-04:00,43.45000076293945,43.45000076293945,43.45000076293945,43.45000076293945,316,0.0,0.0,0.0
2024-07-22 15:35:00-04:00,43.439998626708984,43.45000076293945,43.439998626708984,43.45000076293945,2273,0.0,0.0,0.0
2024-07-22 15:45:00-04:00,43.45000076293945,43.45000076293945,43.45000076293945,43.45000076293945,396,0.0,0.0,0.0
2024-07-22 15:50:00-04:00,43.45000076293945,43.459999084472656,43.4463996887207,43.45000076293945,204656,0.0,0.0,0.0
2024-07-22 15:55:00-04:00,43.45000076293945,43.45000076293945,43.44499969482422,43.45000076293945,0,0.0,0.0,0.0
2024-07-23 09:30:00-04:00,43.459999084472656,43.459999084472656,43.459999084472656,43.459999084472656,672,0.0,0.0,0.0
2024-07-23 09:35:00-04:00,43.459999084472656,43.459999084472656,43.459999084472656,43.459999084472656,903,0.0,0.0,0.0
2024-07-23 09:40:00-04:00,43.474998474121094,43.474998474121094,43.474998474121094,43.474998474121094,697,0.0,0.0,0.0
2024-07-23 10:00:00-04:00,43.5,43.5,43.5,43.5,257,0.0,0.0,0.0
2024-07-23 10:05:00-04:00,43.4900016784668,43.4900016784668,43.4900016784668,43.4900016784668,237,0.0,0.0,0.0
2024-07-23 10:15:00-04:00,43.5,43.5,43.5,43.5,414,0.0,0.0,0.0
2024-07-23 10:20:00-04:00,43.498199462890625,43.5099983215332,43.4921989440918,43.4921989440918,2140,0.0,0.0,0.0
2024-07-23 10:40:00-04:00,43.5,43.5,43.495201110839844,43.495201110839844,448,0.0,0.0,0.0
2024-07-23 10:55:00-04:00,43.47999954223633,43.48500061035156,43.474998474121094,43.474998474121094,1107,0.0,0.0,0.0
2024-07-23 11:10:00-04:00,43.4900016784668,43.4900016784668,43.4900016784668,43.4900016784668,1080,0.0,0.0,0.0
2024-07-23 11:20:00-04:00,43.487300872802734,43.494998931884766,43.487300872802734,43.49100112915039,2222,0.0,0.0,0.0
2024-07-23 11:25:00-04:00,43.49449920654297,43.49449920654297,43.49449920654297,43.49449920654297,152,0.0,0.0,0.0
2024-07-23 11:30:00-04:00,43.49250030517578,43.49250030517578,43.49250030517578,43.49250030517578,198,0.0,0.0,0.0
2024-07-23 11:40:00-04:00,43.5,43.5,43.5,43.5,350,0.0,0.0,0.0
2024-07-23 11:50:00-04:00,43.50550079345703,43.50550079345703,43.49610137939453,43.49610137939453,3203,0.0,0.0,0.0
2024-07-23 11:55:00-04:00,43.5099983215332,43.5099983215332,43.5099983215332,43.5099983215332,126,0.0,0.0,0.0
2024-07-23 12:00:00-04:00,43.50199890136719,43.50199890136719,43.5,43.5,409,0.0,0.0,0.0
2024-07-23 12:10:00-04:00,43.494998931884766,43.494998931884766,43.494998931884766,43.494998931884766,444,0.0,0.0,0.0
2024-07-23 12:25:00-04:00,43.5,43.5,43.5,43.5,576,0.0,0.0,0.0
2024-07-23 12:35:00-04:00,43.4900016784668,43.4900016784668,43.4900016784668,43.4900016784668,168,0.0,0.0,0.0
2024-07-23 12:40:00-04:00,43.49100112915039,43.49100112915039,43.49100112915039,43.49100112915039,736,0.0,0.0,0.0
2024-07-23 12:55:00-04:00,43.4900016784668,43.4900016784668,43.4900016784668,43.4900016784668,464,0.0,0.0,0.0
2024-07-23 13:15:00-04:00,43.4900016784668,43.4900016784668,43.4900016784668,43.4900016784668,235,0.0,0.0,0.0
2024-07-23 13:25:00-04:00,43.49100112915039,43.49700164794922,43.49100112915039,43.49700164794922,1276,0.0,0.0,0.0
2024-07-23 13:35:00-04:00,43.494998931884766,43.494998931884766,43.494998931884766,43.494998931884766,153,0.0,0.0,0.0
2024-07-23 13:40:00-04:00,43.47999954223633,43.47999954223633,43.47999954223633,43.47999954223633,114,0.0,0.0,0.0
2024-07-23 13:45:00-04:00,43.474998474121094,43.47999954223633,43.474998474121094,43.47999954223633,318,0.0,0.0,0.0
2024-07-23 13:50:00-04:00,43.480098724365234,43.480098724365234,43.480098724365234,43.480098724365234,652,0.0,0.0,0.0
2024-07-23 14:10:00-04:00,43.47999954223633,43.47999954223633,43.470001220703125,43.47589874267578,43851,0.0,0.0,0.0
2024-07-23 14:20:00-04:00,43.470001220703125,43.470001220703125,43.470001220703125,43.470001220703125,599,0.0,0.0,0.0
2024-07-23 14:25:00-04:00,43.479400634765625,43.479400634765625,43.470001220703125,43.470001220703125,1709,0.0,0.0,0.0
2024-07-23 14:30:00-04:00,43.474998474121094,43.474998474121094,43.46760177612305,43.470001220703125,4200,0.0,0.0,0.0
2024-07-23 14:45:00-04:00,43.460601806640625,43.460601806640625,43.460601806640625,43.460601806640625,339,0.0,0.0,0.0
2024-07-23 14:50:00-04:00,43.462501525878906,43.479801177978516,43.462501525878906,43.479801177978516,1314,0.0,0.0,0.0
2024-07-23 14:55:00-04:00,43.470001220703125,43.470001220703125,43.470001220703125,43.470001220703125,253,0.0,0.0,0.0
2024-07-23 15:00:00-04:00,43.470001220703125,43.470001220703125,43.470001220703125,43.470001220703125,545,0.0,0.0,0.0
2024-07-23 15:10:00-04:00,43.459999084472656,43.459999084472656,43.459999084472656,43.459999084472656,147,0.0,0.0,0.0
2024-07-23 15:15:00-04:00,43.464599609375,43.464599609375,43.464599609375,43.464599609375,157,0.0,0.0,0.0
2024-07-23 15:25:00-04:00,43.46989822387695,43.46989822387695,43.46989822387695,43.46989822387695,0,0.0,0.0,0.0
2024-07-23 15:30:00-04:00,43.459999084472656,43.459999084472656,43.45000076293945,43.45000076293945,73393,0.0,0.0,0.0
2024-07-23 15:35:00-04:00,43.45000076293945,43.45000076293945,43.45000076293945,43.45000076293945,536,0.0,0.0,0.0
2024-07-23 15:40:00-04:00,43.439998626708984,43.439998626708984,43.439998626708984,43.439998626708984,913,0.0,0.0,0.0
2024-07-23 15:45:00-04:00,43.440101623535156,43.44670104980469,43.440101623535156,43.44670104980469,761,0.0,0.0,0.0
2024-07-23 15:55:00-04:00,43.445499420166016,43.445499420166016,43.4453010559082,43.4453010559082,0,0.0,0.0,0.0
2024-07-24 09:45:00-04:00,43.48830032348633,43.48830032348633,43.472198486328125,43.47999954223633,1485,0.0,0.0,0.0
2024-07-24 09:55:00-04:00,43.41999816894531,43.41999816894531,43.41999816894531,43.41999816894531,888,0.0,0.0,0.0
2024-07-24 10:05:00-04:00,43.459999084472656,43.459999084472656,43.45000076293945,43.45000076293945,300,0.0,0.0,0.0
2024-07-24 10:10:00-04:00,43.44020080566406,43.44020080566406,43.43000030517578,43.43000030517578,461,0.0,0.0,0.0
2024-07-24 10:15:00-04:00,43.439998626708984,43.44990158081055,43.439998626708984,43.44990158081055,699,0.0,0.0,0.0
2024-07-24 10:20:00-04:00,43.440101623535156,43.440101623535156,43.440101623535156,43.440101623535156,214,0.0,0.0,0.0
2024-07-24 10:40:00-04:00,43.459999084472656,43.459999084472656,43.459999084472656,43.459999084472656,415,0.0,0.0,0.0
2024-07-24 10:50:00-04:00,43.474998474121094,43.474998474121094,43.474998474121094,43.474998474121094,761,0.0,0.0,0.0
2024-07-24 10:55:00-04:00,43.496299743652344,43.496299743652344,43.496299743652344,43.496299743652344,178,0.0,0.0,0.0
2024-07-24 11:00:00-04:00,43.49620056152344,43.49620056152344,43.494998931884766,43.494998931884766,1990,0.0,0.0,0.0
2024-07-24 11:05:00-04:00,43.4900016784668,43.4900016784668,43.47999954223633,43.47999954223633,1545,0.0,0.0,0.0
2024-07-24 11:10:00-04:00,43.47999954223633,43.47999954223633,43.47999954223633,43.47999954223633,1021,0.0,0.0,0.0
2024-07-24 11:15:00-04:00,43.4900016784668,43.4900016784668,43.4900016784668,43.4900016784668,143,0.0,0.0,0.0
2024-07-24 11:20:00-04:00,43.4900016784668,43.4900016784668,43.4900016784668,43.4900016784668,1422,0.0,0.0,0.0
2024-07-24 11:25:00-04:00,43.47999954223633,43.47999954223633,43.47999954223633,43.47999954223633,1461,0.0,0.0,0.0
2024-07-24 11:30:00-04:00,43.47999954223633,43.47999954223633,43.47999954223633,43.47999954223633,188,0.0,0.0,0.0
2024-07-24 11:40:00-04:00,43.47999954223633,43.47999954223633,43.47999954223633,43.47999954223633,378,0.0,0.0,0.0
2024-07-24 11:50:00-04:00,43.48500061035156,43.48500061035156,43.46220016479492,43.46220016479492,1247,0.0,0.0,0.0
2024-07-24 12:00:00-04:00,43.459999084472656,43.459999084472656,43.459999084472656,43.459999084472656,117,0.0,0.0,0.0
2024-07-24 12:05:00-04:00,43.45000076293945,43.45000076293945,43.45000076293945,43.45000076293945,437,0.0,0.0,0.0
2024-07-24 12:20:00-04:00,43.45000076293945,43.45000076293945,43.45000076293945,43.45000076293945,0,0.0,0.0,0.0
2024-07-24 12:25:00-04:00,43.439998626708984,43.439998626708984,43.439998626708984,43.439998626708984,16885,0.0,0.0,0.0
2024-07-24 12:30:00-04:00,43.43000030517578,43.45000076293945,43.43000030517578,43.45000076293945,5300,0.0,0.0,0.0
2024-07-24 12:35:00-04:00,43.439998626708984,43.439998626708984,43.439998626708984,43.439998626708984,627,0.0,0.0,0.0
2024-07-24 12:40:00-04:00,43.439998626708984,43.439998626708984,43.439998626708984,43.439998626708984,490,0.0,0.0,0.0
2024-07-24 12:45:00-04:00,43.439998626708984,43.439998626708984,43.439998626708984,43.439998626708984,1060,0.0,0.0,0.0
2024-07-24 13:00:00-04:00,43.439998626708984,43.439998626708984,43.439998626708984,43.439998626708984,108,0.0,0.0,0.0
2024-07-24 13:20:00-04:00,43.41210174560547,43.41999816894531,43.41210174560547,43.41999816894531,1323,0.0,0.0,0.0
2024-07-24 13:25:00-04:00,43.40999984741211,43.40999984741211,43.40520095825195,43.40520095825195,613,0.0,0.0,0.0
2024-07-24 13:30:00-04:00,43.400001525878906,43.400001525878906,43.400001525878906,43.400001525878906,1805,0.0,0.0,0.0
2024-07-24 13:40:00-04:00,43.4099006652832,43.40999984741211,43.400001525878906,43.400001525878906,1044,0.0,0.0,0.0
2024-07-24 13:45:00-04:00,43.400001525878906,43.400001525878906,43.400001525878906,43.400001525878906,200,0.0,0.0,0.0
2024-07-24 13:55:00-04:00,43.380001068115234,43.380001068115234,43.380001068115234,43.380001068115234,103,0.0,0.0,0.0
2024-07-24 14:00:00-04:00,43.34000015258789,43.349998474121094,43.31999969482422,43.34000015258789,1726,0.0,0.0,0.0
2024-07-24 14:05:00-04:00,43.35499954223633,43.35499954223633,43.35499954223633,43.35499954223633,520,0.0,0.0,0.0
2024-07-24 14:10:00-04:00,43.350101470947266,43.36000061035156,43.350101470947266,43.359901428222656,10115,0.0,0.0,0.0
2024-07-24 14:15:00-04:00,43.347599029541016,43.347599029541016,43.347599029541016,43.347599029541016,418,0.0,0.0,0.0
2024-07-24 14:20:00-04:00,43.34000015258789,43.34000015258789,43.34000015258789,43.34000015258789,394,0.0,0.0,0.0
2024-07-24 14:25:00-04:00,43.34000015258789,43.349998474121094,43.34000015258789,43.349998474121094,1345,0.0,0.0,0.0
2024-07-24 14:30:00-04:00,43.349998474121094,43.349998474121094,43.349998474121094,43.349998474121094,607,0.0,0.0,0.0
2024-07-24 14:35:00-04:00,43.34000015258789,43.349998474121094,43.34000015258789,43.349998474121094,4915,0.0,0.0,0.0
2024-07-24 14:40:00-04:00,43.349998474121094,43.349998474121094,43.34000015258789,43.34000015258789,650,0.0,0.0,0.0
2024-07-24 14:45:00-04:00,43.33000183105469,43.33000183105469,43.33000183105469,43.33000183105469,250,0.0,0.0,0.0
2024-07-24 14:50:00-04:00,43.33000183105469,43.33000183105469,43.33000183105469,43.33000183105469,406,0.0,0.0,0.0
2024-07-24 14:55:00-04:00,43.31999969482422,43.31999969482422,43.314998626708984,43.314998626708984,1362,0.0,0.0,0.0
2024-07-24 15:00:00-04:00,43.310001373291016,43.310001373291016,43.310001373291016,43.310001373291016,576,0.0,0.0,0.0
2024-07-24 15:15:00-04:00,43.31999969482422,43.31999969482422,43.31999969482422,43.31999969482422,681,0.0,0.0,0.0
2024-07-24 15:20:00-04:00,43.32500076293945,43.33430099487305,43.32500076293945,43.33430099487305,993,0.0,0.0,0.0
2024-07-24 15:25:00-04:00,43.34000015258789,43.34000015258789,43.34000015258789,43.34000015258789,478,0.0,0.0,0.0
2024-07-24 15:30:00-04:00,43.33000183105469,43.33000183105469,43.33000183105469,43.33000183105469,869,0.0,0.0,0.0
2024-07-24 15:40:00-04:00,43.33000183105469,43.33000183105469,43.33000183105469,43.33000183105469,416,0.0,0.0,0.0
2024-07-24 15:50:00-04:00,43.31999969482422,43.31999969482422,43.31370162963867,43.31370162963867,1430,0.0,0.0,0.0
2024-07-24 15:55:00-04:00,43.310001373291016,43.310001373291016,43.29499816894531,43.29499816894531,2351,0.0,0.0,0.0
2024-07-25 09:30:00-04:00,43.349998474121094,43.349998474121094,43.349998474121094,43.349998474121094,0,0.0,0.0,0.0
2024-07-25 09:55:00-04:00,43.415000915527344,43.415000915527344,43.415000915527344,43.415000915527344,644,0.0,0.0,0.0
2024-07-25 10:25:00-04:00,43.45000076293945,43.459999084472656,43.44499969482422,43.44499969482422,1469,0.0,0.0,0.0
2024-07-25 10:35:00-04:00,43.43000030517578,43.44350051879883,43.43000030517578,43.44350051879883,701,0.0,0.0,0.0
2024-07-25 10:40:00-04:00,43.45500183105469,43.45500183105469,43.45500183105469,43.45500183105469,444,0.0,0.0,0.0
2024-07-25 10:45:00-04:00,43.44070053100586,43.44070053100586,43.44070053100586,43.44070053100586,1277,0.0,0.0,0.0
2024-07-25 10:55:00-04:00,43.442901611328125,43.470001220703125,43.44169998168945,43.44169998168945,2181,0.0,0.0,0.0
2024-07-25 11:15:00-04:00,43.45000076293945,43.4557991027832,43.45000076293945,43.45199966430664,1239,0.0,0.0,0.0
2024-07-25 11:25:00-04:00,43.45000076293945,43.45000076293945,43.45000076293945,43.45000076293945,0,0.0,0.0,0.0
2024-07-25 11:30:00-04:00,43.45000076293945,43.45000076293945,43.45000076293945,43.45000076293945,10038,0.0,0.0,0.0
2024-07-25 11:40:00-04:00,43.44499969482422,43.44779968261719,43.43000030517578,43.44089889526367,900,0.0,0.0,0.0
2024-07-25 11:45:00-04:00,43.45000076293945,43.45000076293945,43.45000076293945,43.45000076293945,202,0.0,0.0,0.0
2024-07-25 11:55:00-04:00,43.44729995727539,43.44729995727539,43.444000244140625,43.444000244140625,715,0.0,0.0,0.0
2024-07-25 12:05:00-04:00,43.439998626708984,43.439998626708984,43.439998626708984,43.439998626708984,333,0.0,0.0,0.0
2024-07-25 12:10:00-04:00,43.42879867553711,43.43000030517578,43.41999816894531,43.41999816894531,1001,0.0,0.0,0.0
2024-07-25 12:40:00-04:00,43.42729949951172,43.42729949951172,43.42729949951172,43.42729949951172,500,0.0,0.0,0.0
2024-07-25 12:50:00-04:00,43.43080139160156,43.43080139160156,43.43080139160156,43.43080139160156,240,0.0,0.0,0.0
2024-07-25 12:55:00-04:00,43.439998626708984,43.439998626708984,43.42959976196289,43.42959976196289,5682,0.0,0.0,0.0
2024-07-25 13:00:00-04:00,43.435001373291016,43.435001373291016,43.435001373291016,43.435001373291016,183,0.0,0.0,0.0
2024-07-25 13:05:00-04:00,43.459999084472656,43.459999084472656,43.459999084472656,43.459999084472656,188,0.0,0.0,0.0
2024-07-25 13:10:00-04:00,43.470001220703125,43.470001220703125,43.470001220703125,43.470001220703125,221,0.0,0.0,0.0
2024-07-25 13:15:00-04:00,43.45000076293945,43.45000076293945,43.439998626708984,43.439998626708984,479,0.0,0.0,0.0
2024-07-25 13:20:00-04:00,43.41999816894531,43.41999816894531,43.41999816894531,43.41999816894531,962,0.0,0.0,0.0
2024-07-25 13:25:00-04:00,43.41999816894531,43.41999816894531,43.41999816894531,43.41999816894531,269,0.0,0.0,0.0
2024-07-25 13:30:00-04:00,43.41999816894531,43.43000030517578,43.41999816894531,43.43000030517578,857,0.0,0.0,0.0
2024-07-25 13:35:00-04:00,43.41999816894531,43.43000030517578,43.415000915527344,43.415000915527344,560,0.0,0.0,0.0
2024-07-25 13:55:00-04:00,43.402801513671875,43.402801513671875,43.402801513671875,43.402801513671875,900,0.0,0.0,0.0
2024-07-25 14:10:00-04:00,43.3765983581543,43.3765983581543,43.3765983581543,43.3765983581543,134,0.0,0.0,0.0
2024-07-25 14:15:00-04:00,43.39500045776367,43.40909957885742,43.39500045776367,43.40909957885742,1298,0.0,0.0,0.0
2024-07-25 14:25:00-04:00,43.39500045776367,43.39500045776367,43.39500045776367,43.39500045776367,316,0.0,0.0,0.0
2024-07-25 14:35:00-04:00,43.404998779296875,43.404998779296875,43.404998779296875,43.404998779296875,259,0.0,0.0,0.0
2024-07-25 14:45:00-04:00,43.404998779296875,43.404998779296875,43.400001525878906,43.400001525878906,671,0.0,0.0,0.0
2024-07-25 15:05:00-04:00,43.400001525878906,43.400001525878906,43.38999938964844,43.38999938964844,5721,0.0,0.0,0.0
2024-07-25 15:20:00-04:00,43.380001068115234,43.380001068115234,43.380001068115234,43.380001068115234,283,0.0,0.0,0.0
2024-07-25 15:35:00-04:00,43.38999938964844,43.39939880371094,43.3843994140625,43.3843994140625,991,0.0,0.0,0.0
2024-07-25 15:40:00-04:00,43.39500045776367,43.39500045776367,43.39500045776367,43.39500045776367,843,0.0,0.0,0.0
2024-07-25 15:45:00-04:00,43.40999984741211,43.40999984741211,43.380001068115234,43.380001068115234,801,0.0,0.0,0.0
2024-07-25 15:55:00-04:00,43.400001525878906,43.400001525878906,43.380001068115234,43.380001068115234,0,0.0,0.0,0.0
2024-07-26 09:30:00-04:00,43.369998931884766,43.369998931884766,43.369998931884766,43.369998931884766,1265,0.0,0.0,0.0
2024-07-26 09:35:00-04:00,43.375999450683594,43.375999450683594,43.375999450683594,43.375999450683594,202,0.0,0.0,0.0
2024-07-26 09:40:00-04:00,43.380001068115234,43.400001525878906,43.380001068115234,43.39659881591797,1085,0.0,0.0,0.0
2024-07-26 09:50:00-04:00,43.38999938964844,43.38999938964844,43.38999938964844,43.38999938964844,742,0.0,0.0,0.0
2024-07-26 09:55:00-04:00,43.400001525878906,43.400001525878906,43.400001525878906,43.400001525878906,150,0.0,0.0,0.0
2024-07-26 10:00:00-04:00,43.3849983215332,43.3849983215332,43.3849983215332,43.3849983215332,2040,0.0,0.0,0.0
2024-07-26 10:15:00-04:00,43.37799835205078,43.37799835205078,43.37799835205078,43.37799835205078,409,0.0,0.0,0.0
2024-07-26 10:20:00-04:00,43.369998931884766,43.38010025024414,43.369998931884766,43.38010025024414,1010,0.0,0.0,0.0
2024-07-26 10:25:00-04:00,43.37009811401367,43.37009811401367,43.37009811401367,43.37009811401367,491,0.0,0.0,0.0
2024-07-26 10:40:00-04:00,43.380001068115234,43.380001068115234,43.380001068115234,43.380001068115234,202,0.0,0.0,0.0
2024-07-26 10:45:00-04:00,43.369998931884766,43.380001068115234,43.36899948120117,43.380001068115234,497,0.0,0.0,0.0
2024-07-26 10:50:00-04:00,43.36000061035156,43.36399841308594,43.36000061035156,43.36399841308594,517,0.0,0.0,0.0
2024-07-26 10:55:00-04:00,43.36349868774414,43.36349868774414,43.36349868774414,43.36349868774414,779,0.0,0.0,0.0
2024-07-26 11:00:00-04:00,43.36000061035156,43.36000061035156,43.36000061035156,43.36000061035156,180,0.0,0.0,0.0
2024-07-26 11:05:00-04:00,43.34000015258789,43.34000015258789,43.34000015258789,43.34000015258789,106,0.0,0.0,0.0
2024-07-26 11:10:00-04:00,43.33000183105469,43.33000183105469,43.33000183105469,43.33000183105469,125,0.0,0.0,0.0
2024-07-26 11:25:00-04:00,43.34000015258789,43.349998474121094,43.34000015258789,43.349998474121094,729,0.0,0.0,0.0
2024-07-26 11:30:00-04:00,43.34379959106445,43.34379959106445,43.332000732421875,43.34000015258789,3740,0.0,0.0,0.0
2024-07-26 11:35:00-04:00,43.330299377441406,43.330299377441406,43.330299377441406,43.330299377441406,345,0.0,0.0,0.0
2024-07-26 11:40:00-04:00,43.33000183105469,43.34489822387695,43.33000183105469,43.34489822387695,5139,0.0,0.0,0.0
2024-07-26 11:45:00-04:00,43.34629821777344,43.34629821777344,43.34629821777344,43.34629821777344,332,0.0,0.0,0.0
2024-07-26 11:50:00-04:00,43.345001220703125,43.345001220703125,43.345001220703125,43.345001220703125,145,0.0,0.0,0.0
2024-07-26 11:55:00-04:00,43.33000183105469,43.33000183105469,43.33000183105469,43.33000183105469,1500,0.0,0.0,0.0
2024-07-26 12:00:00-04:00,43.35499954223633,43.35499954223633,43.35499954223633,43.35499954223633,318,0.0,0.0,0.0
2024-07-26 12:20:00-04:00,43.34000015258789,43.35499954223633,43.34000015258789,43.35499954223633,701,0.0,0.0,0.0
2024-07-26 12:40:00-04:00,43.3650016784668,43.3650016784668,43.3650016784668,43.3650016784668,368,0.0,0.0,0.0
2024-07-26 12:45:00-04:00,43.3739013671875,43.3739013671875,43.3650016784668,43.3650016784668,4394,0.0,0.0,0.0
2024-07-26 12:50:00-04:00,43.36040115356445,43.36040115356445,43.36040115356445,43.36040115356445,667,0.0,0.0,0.0
2024-07-26 12:55:00-04:00,43.37990188598633,43.37990188598633,43.37990188598633,43.37990188598633,490,0.0,0.0,0.0
2024-07-26 13:15:00-04:00,43.369998931884766,43.369998931884766,43.369998931884766,43.369998931884766,291,0.0,0.0,0.0
2024-07-26 13:20:00-04:00,43.37269973754883,43.37269973754883,43.35200119018555,43.35200119018555,1799,0.0,0.0,0.0
2024-07-26 13:40:00-04:00,43.380001068115234,43.380001068115234,43.351898193359375,43.351898193359375,2585,0.0,0.0,0.0
2024-07-26 13:45:00-04:00,43.349998474121094,43.349998474121094,43.349998474121094,43.349998474121094,331,0.0,0.0,0.0
2024-07-26 13:50:00-04:00,43.35029983520508,43.35029983520508,43.35029983520508,43.35029983520508,347,0.0,0.0,0.0
2024-07-26 14:00:00-04:00,43.369998931884766,43.380001068115234,43.369998931884766,43.380001068115234,1978,0.0,0.0,0.0
2024-07-26 14:05:00-04:00,43.3650016784668,43.369998931884766,43.3650016784668,43.369998931884766,448,0.0,0.0,0.0
2024-07-26 14:15:00-04:00,43.37929916381836,43.37929916381836,43.37929916381836,43.37929916381836,1731,0.0,0.0,0.0
2024-07-26 14:25:00-04:00,43.380001068115234,43.380001068115234,43.380001068115234,43.380001068115234,675,0.0,0.0,0.0
2024-07-26 14:35:00-04:00,43.38959884643555,43.38959884643555,43.38959884643555,43.38959884643555,626,0.0,0.0,0.0
2024-07-26 14:55:00-04:00,43.37630081176758,43.37630081176758,43.37630081176758,43.37630081176758,144,0.0,0.0,0.0
2024-07-26 15:00:00-04:00,43.36600112915039,43.36600112915039,43.36600112915039,43.36600112915039,106,0.0,0.0,0.0
2024-07-26 15:05:00-04:00,43.369998931884766,43.38970184326172,43.369998931884766,43.38199996948242,489,0.0,0.0,0.0
2024-07-26 15:10:00-04:00,43.369998931884766,43.369998931884766,43.369998931884766,43.369998931884766,274,0.0,0.0,0.0
2024-07-26 15:15:00-04:00,43.380001068115234,43.380001068115234,43.380001068115234,43.380001068115234,163,0.0,0.0,0.0
2024-07-26 15:20:00-04:00,43.40999984741211,43.40999984741211,43.380001068115234,43.380001068115234,951,0.0,0.0,0.0
2024-07-26 15:25:00-04:00,43.406700134277344,43.406700134277344,43.380001068115234,43.39500045776367,5030,0.0,0.0,0.0
2024-07-26 15:30:00-04:00,43.38750076293945,43.39500045776367,43.380001068115234,43.39500045776367,2775,0.0,0.0,0.0
2024-07-26 15:35:00-04:00,43.39179992675781,43.400001525878906,43.369998931884766,43.400001525878906,2375,0.0,0.0,0.0
2024-07-26 15:40:00-04:00,43.38399887084961,43.38399887084961,43.38399887084961,43.38399887084961,426,0.0,0.0,0.0
2024-07-26 15:50:00-04:00,43.37009811401367,43.38560104370117,43.37009811401367,43.38560104370117,966,0.0,0.0,0.0
2024-07-26 15:55:00-04:00,43.380001068115234,43.380001068115234,43.369998931884766,43.369998931884766,5827,0.0,0.0,0.0
2024-07-29 09:30:00-04:00,43.5,43.5,43.4900016784668,43.4900016784668,2193,0.0,0.0,0.0
2024-07-29 09:35:00-04:00,43.47779846191406,43.47779846191406,43.47779846191406,43.47779846191406,461,0.0,0.0,0.0
2024-07-29 09:40:00-04:00,43.470001220703125,43.470001220703125,43.470001220703125,43.470001220703125,1428,0.0,0.0,0.0
2024-07-29 09:50:00-04:00,43.45000076293945,43.45000076293945,43.45000076293945,43.45000076293945,540,0.0,0.0,0.0
2024-07-29 09:55:00-04:00,43.45000076293945,43.45000076293945,43.45000076293945,43.45000076293945,967,0.0,0.0,0.0
2024-07-29 10:00:00-04:00,43.447898864746094,43.447898864746094,43.447898864746094,43.447898864746094,256,0.0,0.0,0.0
2024-07-29 10:05:00-04:00,43.44879913330078,43.44879913330078,43.44879913330078,43.44879913330078,177,0.0,0.0,0.0
2024-07-29 10:10:00-04:00,43.450199127197266,43.450199127197266,43.44110107421875,43.44110107421875,1257,0.0,0.0,0.0
2024-07-29 10:15:00-04:00,43.440101623535156,43.440101623535156,43.440101623535156,43.440101623535156,223,0.0,0.0,0.0
2024-07-29 10:20:00-04:00,43.440101623535156,43.45000076293945,43.439998626708984,43.44540023803711,4612,0.0,0.0,0.0
2024-07-29 10:25:00-04:00,43.439998626708984,43.439998626708984,43.439998626708984,43.439998626708984,377,0.0,0.0,0.0
2024-07-29 10:30:00-04:00,43.43000030517578,43.43000030517578,43.43000030517578,43.43000030517578,350,0.0,0.0,0.0
2024-07-29 10:35:00-04:00,43.41999816894531,43.43000030517578,43.41999816894531,43.43000030517578,975,0.0,0.0,0.0
2024-07-29 10:40:00-04:00,43.42940139770508,43.439998626708984,43.42940139770508,43.43000030517578,13059,0.0,0.0,0.0
2024-07-29 10:45:00-04:00,43.43000030517578,43.43000030517578,43.41999816894531,43.42499923706055,9992,0.0,0.0,0.0
2024-07-29 10:55:00-04:00,43.42499923706055,43.42499923706055,43.42499923706055,43.42499923706055,229,0.0,0.0,0.0
2024-07-29 11:00:00-04:00,43.43000030517578,43.435001373291016,43.43000030517578,43.435001373291016,1711,0.0,0.0,0.0
2024-07-29 11:10:00-04:00,43.44499969482422,43.44499969482422,43.44499969482422,43.44499969482422,226,0.0,0.0,0.0
2024-07-29 11:20:00-04:00,43.44499969482422,43.44499969482422,43.44499969482422,43.44499969482422,551,0.0,0.0,0.0
2024-07-29 11:30:00-04:00,43.45500183105469,43.45500183105469,43.45000076293945,43.45000076293945,2108,0.0,0.0,0.0
2024-07-29 11:45:00-04:00,43.45500183105469,43.45500183105469,43.45000076293945,43.45000076293945,323,0.0,0.0,0.0
2024-07-29 11:55:00-04:00,43.459999084472656,43.459999084472656,43.459999084472656,43.459999084472656,268,0.0,0.0,0.0
2024-07-29 12:05:00-04:00,43.450801849365234,43.45500183105469,43.45000076293945,43.45000076293945,3104,0.0,0.0,0.0
2024-07-29 12:10:00-04:00,43.439998626708984,43.439998626708984,43.43899917602539,43.43899917602539,907,0.0,0.0,0.0
2024-07-29 12:15:00-04:00,43.43000030517578,43.43000030517578,43.43000030517578,43.43000030517578,620,0.0,0.0,0.0
2024-07-29 12:25:00-04:00,43.43000030517578,43.441001892089844,43.43000030517578,43.441001892089844,1358,0.0,0.0,0.0
2024-07-29 12:40:00-04:00,43.445899963378906,43.45000076293945,43.445899963378906,43.44620132446289,650,0.0,0.0,0.0
2024-07-29 12:45:00-04:00,43.45000076293945,43.45000076293945,43.45000076293945,43.45000076293945,0,0.0,0.0,0.0
2024-07-29 12:50:00-04:00,43.45000076293945,43.45000076293945,43.45000076293945,43.45000076293945,50335,0.0,0.0,0.0
2024-07-29 12:55:00-04:00,43.45479965209961,43.45479965209961,43.45479965209961,43.45479965209961,145,0.0,0.0,0.0
2024-07-29 13:00:00-04:00,43.46500015258789,43.46500015258789,43.459999084472656,43.459999084472656,236,0.0,0.0,0.0
2024-07-29 13:20:00-04:00,43.45500183105469,43.459999084472656,43.45000076293945,43.459800720214844,2494,0.0,0.0,0.0
2024-07-29 13:25:00-04:00,43.45500183105469,43.45500183105469,43.45500183105469,43.45500183105469,184,0.0,0.0,0.0
2024-07-29 13:30:00-04:00,43.457000732421875,43.457000732421875,43.457000732421875,43.457000732421875,111,0.0,0.0,0.0
2024-07-29 13:35:00-04:00,43.4541015625,43.45500183105469,43.45000076293945,43.45000076293945,1173,0.0,0.0,0.0
2024-07-29 13:40:00-04:00,43.45000076293945,43.45000076293945,43.45000076293945,43.45000076293945,284,0.0,0.0,0.0
2024-07-29 13:45:00-04:00,43.45000076293945,43.45000076293945,43.45000076293945,43.45000076293945,115,0.0,0.0,0.0
2024-07-29 13:50:00-04:00,43.439998626708984,43.440101623535156,43.439998626708984,43.439998626708984,1177,0.0,0.0,0.0
2024-07-29 13:55:00-04:00,43.439998626708984,43.439998626708984,43.439998626708984,43.439998626708984,435,0.0,0.0,0.0
2024-07-29 14:00:00-04:00,43.439998626708984,43.439998626708984,43.439998626708984,43.439998626708984,265,0.0,0.0,0.0
2024-07-29 14:05:00-04:00,43.43539810180664,43.439998626708984,43.43539810180664,43.439998626708984,1554,0.0,0.0,0.0
2024-07-29 14:10:00-04:00,43.439998626708984,43.439998626708984,43.439998626708984,43.439998626708984,281,0.0,0.0,0.0
2024-07-29 14:15:00-04:00,43.437198638916016,43.437198638916016,43.437198638916016,43.437198638916016,493,0.0,0.0,0.0
2024-07-29 14:20:00-04:00,43.43199920654297,43.43199920654297,43.43000030517578,43.43000030517578,513,0.0,0.0,0.0
2024-07-29 14:30:00-04:00,43.439998626708984,43.439998626708984,43.439998626708984,43.439998626708984,4846,0.0,0.0,0.0
2024-07-29 14:35:00-04:00,43.44499969482422,43.44499969482422,43.439998626708984,43.439998626708984,446,0.0,0.0,0.0
2024-07-29 14:45:00-04:00,43.45429992675781,43.45429992675781,43.45429992675781,43.45429992675781,200,0.0,0.0,0.0
2024-07-29 14:50:00-04:00,43.45000076293945,43.45000076293945,43.448001861572266,43.448001861572266,926,0.0,0.0,0.0
2024-07-29 15:05:00-04:00,43.470001220703125,43.470001220703125,43.46989822387695,43.46989822387695,6693,0.0,0.0,0.0
2024-07-29 15:10:00-04:00,43.470001220703125,43.47359848022461,43.470001220703125,43.47359848022461,436,0.0,0.0,0.0
2024-07-29 15:15:00-04:00,43.474998474121094,43.479000091552734,43.474998474121094,43.479000091552734,2260,0.0,0.0,0.0
2024-07-29 15:25:00-04:00,43.474998474121094,43.474998474121094,43.4739990234375,43.4739990234375,249,0.0,0.0,0.0
2024-07-29 15:30:00-04:00,43.470001220703125,43.470001220703125,43.470001220703125,43.470001220703125,1436,0.0,0.0,0.0
2024-07-29 15:35:00-04:00,43.47999954223633,43.47999954223633,43.474998474121094,43.474998474121094,362,0.0,0.0,0.0
2024-07-29 15:40:00-04:00,43.47600173950195,43.47600173950195,43.470001220703125,43.470001220703125,4527,0.0,0.0,0.0
2024-07-29 15:50:00-04:00,43.470001220703125,43.470001220703125,43.46009826660156,43.46009826660156,1473,0.0,0.0,0.0
2024-07-29 15:55:00-04:00,43.459999084472656,43.46500015258789,43.459999084472656,43.46500015258789,331,0.0,0.0,0.0
2024-07-30 09:30:00-04:00,43.52000045776367,43.52000045776367,43.48740005493164,43.48740005493164,0,0.0,0.0,0.0
2024-07-30 09:35:00-04:00,43.49980163574219,43.49980163574219,43.49980163574219,43.49980163574219,157,0.0,0.0,0.0
2024-07-30 09:40:00-04:00,43.487998962402344,43.487998962402344,43.47999954223633,43.47999954223633,773,0.0,0.0,0.0
2024-07-30 09:45:00-04:00,43.48500061035156,43.49919891357422,43.48500061035156,43.49919891357422,412,0.0,0.0,0.0
2024-07-30 09:50:00-04:00,43.5,43.5,43.5,43.5,509,0.0,0.0,0.0
2024-07-30 09:55:00-04:00,43.5,43.5,43.5,43.5,1160,0.0,0.0,0.0
2024-07-30 10:00:00-04:00,43.4900016784668,43.4900016784668,43.46989822387695,43.47999954223633,8875,0.0,0.0,0.0
2024-07-30 10:05:00-04:00,43.45000076293945,43.456298828125,43.45000076293945,43.456298828125,1814,0.0,0.0,0.0
2024-07-30 10:10:00-04:00,43.46979904174805,43.46979904174805,43.46979904174805,43.46979904174805,0,0.0,0.0,0.0
2024-07-30 10:15:00-04:00,43.45000076293945,43.45000076293945,43.45000076293945,43.45000076293945,16810,0.0,0.0,0.0
2024-07-30 10:25:00-04:00,43.45000076293945,43.459999084472656,43.45000076293945,43.459999084472656,1071,0.0,0.0,0.0
2024-07-30 10:40:00-04:00,43.459999084472656,43.459999084472656,43.44419860839844,43.44419860839844,768,0.0,0.0,0.0
2024-07-30 10:45:00-04:00,43.4473991394043,43.4473991394043,43.4463996887207,43.4463996887207,2307,0.0,0.0,0.0
2024-07-30 11:00:00-04:00,43.459800720214844,43.459800720214844,43.459800720214844,43.459800720214844,230,0.0,0.0,0.0
2024-07-30 11:05:00-04:00,43.44969940185547,43.44969940185547,43.44969940185547,43.44969940185547,1061,0.0,0.0,0.0
2024-07-30 11:10:00-04:00,43.439998626708984,43.439998626708984,43.439998626708984,43.439998626708984,348,0.0,0.0,0.0
2024-07-30 11:20:00-04:00,43.45000076293945,43.45000076293945,43.45000076293945,43.45000076293945,480,0.0,0.0,0.0
2024-07-30 11:45:00-04:00,43.444000244140625,43.444000244140625,43.440101623535156,43.440101623535156,3639,0.0,0.0,0.0
2024-07-30 11:55:00-04:00,43.45000076293945,43.45000076293945,43.439998626708984,43.439998626708984,577,0.0,0.0,0.0
2024-07-30 12:05:00-04:00,43.44499969482422,43.44499969482422,43.44200134277344,43.44200134277344,429,0.0,0.0,0.0
2024-07-30 12:15:00-04:00,43.439998626708984,43.439998626708984,43.439998626708984,43.439998626708984,227,0.0,0.0,0.0
2024-07-30 12:35:00-04:00,43.44990158081055,43.44990158081055,43.44990158081055,43.44990158081055,1134,0.0,0.0,0.0
2024-07-30 12:55:00-04:00,43.474998474121094,43.474998474121094,43.474998474121094,43.474998474121094,135,0.0,0.0,0.0
2024-07-30 13:00:00-04:00,43.50619888305664,43.50619888305664,43.50619888305664,43.50619888305664,120,0.0,0.0,0.0
2024-07-30 13:05:00-04:00,43.47999954223633,43.47999954223633,43.47999954223633,43.47999954223633,445,0.0,0.0,0.0
2024-07-30 13:15:00-04:00,43.474998474121094,43.474998474121094,43.474998474121094,43.474998474121094,368,0.0,0.0,0.0
2024-07-30 13:20:00-04:00,43.47999954223633,43.47999954223633,43.47999954223633,43.47999954223633,318,0.0,0.0,0.0
2024-07-30 13:45:00-04:00,43.470001220703125,43.470001220703125,43.470001220703125,43.470001220703125,789,0.0,0.0,0.0
2024-07-30 14:00:00-04:00,43.48189926147461,43.48189926147461,43.48189926147461,43.48189926147461,732,0.0,0.0,0.0
2024-07-30 14:05:00-04:00,43.4900016784668,43.4900016784668,43.4900016784668,43.4900016784668,277,0.0,0.0,0.0
2024-07-30 14:10:00-04:00,43.48699951171875,43.48699951171875,43.48699951171875,43.48699951171875,101,0.0,0.0,0.0
2024-07-30 14:15:00-04:00,43.4900016784668,43.4900016784668,43.4900016784668,43.4900016784668,540,0.0,0.0,0.0
2024-07-30 14:35:00-04:00,43.4900016784668,43.4900016784668,43.4900016784668,43.4900016784668,714,0.0,0.0,0.0
2024-07-30 14:50:00-04:00,43.4900016784668,43.4900016784668,43.48500061035156,43.4900016784668,3133,0.0,0.0,0.0
2024-07-30 15:05:00-04:00,43.4900016784668,43.494998931884766,43.4900016784668,43.490699768066406,3894,0.0,0.0,0.0
2024-07-30 15:15:00-04:00,43.4900016784668,43.4900016784668,43.4900016784668,43.4900016784668,461,0.0,0.0,0.0
2024-07-30 15:20:00-04:00,43.47999954223633,43.47999954223633,43.47999954223633,43.47999954223633,540,0.0,0.0,0.0
2024-07-30 15:25:00-04:00,43.4900016784668,43.5099983215332,43.4900016784668,43.490699768066406,694,0.0,0.0,0.0
2024-07-30 15:30:00-04:00,43.492000579833984,43.492000579833984,43.4906005859375,43.4906005859375,613,0.0,0.0,0.0
2024-07-30 15:35:00-04:00,43.494998931884766,43.494998931884766,43.494998931884766,43.494998931884766,2061,0.0,0.0,0.0
2024-07-30 15:40:00-04:00,43.494598388671875,43.494998931884766,43.494598388671875,43.494998931884766,1047,0.0,0.0,0.0
2024-07-30 15:45:00-04:00,43.4900016784668,43.4900016784668,43.4900016784668,43.4900016784668,942,0.0,0.0,0.0
2024-07-30 15:50:00-04:00,43.4900016784668,43.4900016784668,43.4900016784668,43.4900016784668,570,0.0,0.0,0.0
2024-07-30 15:55:00-04:00,43.47999954223633,43.48500061035156,43.47999954223633,43.48500061035156,1635,0.0,0.0,0.0
2024-07-31 09:30:00-04:00,43.59000015258789,43.619998931884766,43.59000015258789,43.619998931884766,0,0.0,0.0,0.0
2024-07-31 09:35:00-04:00,43.61000061035156,43.61000061035156,43.61000061035156,43.61000061035156,346,0.0,0.0,0.0
2024-07-31 09:45:00-04:00,43.599998474121094,43.599998474121094,43.599998474121094,43.599998474121094,313,0.0,0.0,0.0
2024-07-31 09:55:00-04:00,43.625,43.625,43.625,43.625,237,0.0,0.0,0.0
2024-07-31 10:00:00-04:00,43.61000061035156,43.61000061035156,43.61000061035156,43.61000061035156,258,0.0,0.0,0.0
2024-07-31 10:05:00-04:00,43.600101470947266,43.600101470947266,43.600101470947266,43.600101470947266,238,0.0,0.0,0.0
2024-07-31 10:10:00-04:00,43.6150016784668,43.6150016784668,43.6150016784668,43.6150016784668,523,0.0,0.0,0.0
2024-07-31 10:20:00-04:00,43.619998931884766,43.619998931884766,43.619998931884766,43.619998931884766,483,0.0,0.0,0.0
2024-07-31 10:25:00-04:00,43.630001068115234,43.630001068115234,43.61009979248047,43.61009979248047,620,0.0,0.0,0.0
2024-07-31 10:30:00-04:00,43.619998931884766,43.619998931884766,43.619998931884766,43.619998931884766,763,0.0,0.0,0.0
2024-07-31 10:35:00-04:00,43.606300354003906,43.61000061035156,43.60499954223633,43.606300354003906,1535,0.0,0.0,0.0
2024-07-31 10:45:00-04:00,43.59000015258789,43.59989929199219,43.59000015258789,43.59989929199219,556,0.0,0.0,0.0
2024-07-31 10:50:00-04:00,43.59000015258789,43.59000015258789,43.59000015258789,43.59000015258789,434,0.0,0.0,0.0
2024-07-31 10:55:00-04:00,43.584999084472656,43.584999084472656,43.584999084472656,43.584999084472656,282,0.0,0.0,0.0
2024-07-31 11:20:00-04:00,43.6083984375,43.6083984375,43.6083984375,43.6083984375,260,0.0,0.0,0.0
2024-07-31 11:25:00-04:00,43.599998474121094,43.599998474121094,43.599998474121094,43.599998474121094,282,0.0,0.0,0.0
2024-07-31 12:00:00-04:00,43.61000061035156,43.61000061035156,43.61000061035156,43.61000061035156,5724,0.0,0.0,0.0
2024-07-31 12:05:00-04:00,43.60499954223633,43.60499954223633,43.60499954223633,43.60499954223633,634,0.0,0.0,0.0
2024-07-31 12:10:00-04:00,43.60499954223633,43.60499954223633,43.60499954223633,43.60499954223633,1636,0.0,0.0,0.0
2024-07-31 12:20:00-04:00,43.60449981689453,43.60449981689453,43.60449981689453,43.60449981689453,864,0.0,0.0,0.0
2024-07-31 12:25:00-04:00,43.61000061035156,43.61000061035156,43.60499954223633,43.60499954223633,615,0.0,0.0,0.0
2024-07-31 12:35:00-04:00,43.60100173950195,43.60100173950195,43.60100173950195,43.60100173950195,369,0.0,0.0,0.0
2024-07-31 12:40:00-04:00,43.600101470947266,43.600101470947266,43.600101470947266,43.600101470947266,260,0.0,0.0,0.0
2024-07-31 12:55:00-04:00,43.60499954223633,43.60499954223633,43.60499954223633,43.60499954223633,408,0.0,0.0,0.0
2024-07-31 13:00:00-04:00,43.599998474121094,43.599998474121094,43.599998474121094,43.599998474121094,230,0.0,0.0,0.0
2024-07-31 13:10:00-04:00,43.595001220703125,43.595001220703125,43.595001220703125,43.595001220703125,298,0.0,0.0,0.0
2024-07-31 13:15:00-04:00,43.594200134277344,43.594200134277344,43.594200134277344,43.594200134277344,300,0.0,0.0,0.0
2024-07-31 13:20:00-04:00,43.59000015258789,43.59000015258789,43.59000015258789,43.59000015258789,107,0.0,0.0,0.0
2024-07-31 13:30:00-04:00,43.58000183105469,43.58000183105469,43.58000183105469,43.58000183105469,237,0.0,0.0,0.0
2024-07-31 13:35:00-04:00,43.56700134277344,43.56700134277344,43.56039810180664,43.56039810180664,1156,0.0,0.0,0.0
2024-07-31 13:40:00-04:00,43.560001373291016,43.560001373291016,43.560001373291016,43.560001373291016,382,0.0,0.0,0.0
2024-07-31 13:50:00-04:00,43.56999969482422,43.56999969482422,43.56999969482422,43.56999969482422,448,0.0,0.0,0.0
2024-07-31 13:55:00-04:00,43.584999084472656,43.59000015258789,43.584999084472656,43.59000015258789,11536,0.0,0.0,0.0
2024-07-31 14:00:00-04:00,43.54499816894531,43.54499816894531,43.54499816894531,43.54499816894531,319,0.0,0.0,0.0
2024-07-31 14:05:00-04:00,43.560001373291016,43.560001373291016,43.55569839477539,43.560001373291016,438,0.0,0.0,0.0
2024-07-31 14:15:00-04:00,43.56990051269531,43.56990051269531,43.560001373291016,43.560001373291016,2472,0.0,0.0,0.0
2024-07-31 14:20:00-04:00,43.566001892089844,43.56999969482422,43.564998626708984,43.56999969482422,823,0.0,0.0,0.0
2024-07-31 14:25:00-04:00,43.564998626708984,43.58000183105469,43.564998626708984,43.58000183105469,906,0.0,0.0,0.0
2024-07-31 14:30:00-04:00,43.59000015258789,43.59000015258789,43.584999084472656,43.584999084472656,257,0.0,0.0,0.0
2024-07-31 14:35:00-04:00,43.59000015258789,43.59000015258789,43.59000015258789,43.59000015258789,168,0.0,0.0,0.0
2024-07-31 14:40:00-04:00,43.61000061035156,43.61000061035156,43.599998474121094,43.599998474121094,7134,0.0,0.0,0.0
2024-07-31 14:45:00-04:00,43.61000061035156,43.61000061035156,43.61000061035156,43.61000061035156,309,0.0,0.0,0.0
2024-07-31 15:05:00-04:00,43.6150016784668,43.6150016784668,43.599998474121094,43.599998474121094,985,0.0,0.0,0.0
2024-07-31 15:15:00-04:00,43.61989974975586,43.619998931884766,43.61000061035156,43.61000061035156,0,0.0,0.0,0.0
2024-07-31 15:25:00-04:00,43.650001525878906,43.65420150756836,43.650001525878906,43.650001525878906,60614,0.0,0.0,0.0
2024-07-31 15:30:00-04:00,43.650001525878906,43.66999816894531,43.64500045776367,43.66999816894531,4745,0.0,0.0,0.0
2024-07-31 15:35:00-04:00,43.650001525878906,43.650001525878906,43.650001525878906,43.650001525878906,687,0.0,0.0,0.0
2024-07-31 15:40:00-04:00,43.675899505615234,43.675899505615234,43.665000915527344,43.665000915527344,6784,0.0,0.0,0.0
2024-07-31 15:45:00-04:00,43.66999816894531,43.66999816894531,43.6697998046875,43.6697998046875,5796,0.0,0.0,0.0
2024-07-31 15:50:00-04:00,43.66999816894531,43.68000030517578,43.66999816894531,43.68000030517578,4731,0.0,0.0,0.0
2024-07-31 15:55:00-04:00,43.68000030517578,43.689998626708984,43.68000030517578,43.689998626708984,1444,0.0,0.0,0.0
2024-08-01 09:30:00-04:00,43.7599983215332,43.7599983215332,43.63999938964844,43.63999938964844,1596,0.0,0.0,0.0
2024-08-01 09:40:00-04:00,43.827598571777344,43.827598571777344,43.827598571777344,43.827598571777344,234,0.0,0.0,0.0
2024-08-01 10:05:00-04:00,43.898101806640625,43.898101806640625,43.88050079345703,43.88050079345703,1132,0.0,0.0,0.0
2024-08-01 10:10:00-04:00,43.880001068115234,43.880001068115234,43.880001068115234,43.880001068115234,311,0.0,0.0,0.0
2024-08-01 10:15:00-04:00,43.869998931884766,43.869998931884766,43.869998931884766,43.869998931884766,300,0.0,0.0,0.0
2024-08-01 10:20:00-04:00,43.88999938964844,43.88999938964844,43.8849983215332,43.8849983215332,600,0.0,0.0,0.0
2024-08-01 10:30:00-04:00,43.9099006652832,43.91999816894531,43.9099006652832,43.91270065307617,7508,0.0,0.0,0.0
2024-08-01 10:35:00-04:00,43.90010070800781,43.907100677490234,43.90010070800781,43.907100677490234,1107,0.0,0.0,0.0
2024-08-01 10:45:00-04:00,43.90999984741211,43.90999984741211,43.90999984741211,43.90999984741211,307,0.0,0.0,0.0
2024-08-01 11:05:00-04:00,43.89799880981445,43.89799880981445,43.89799880981445,43.89799880981445,107,0.0,0.0,0.0
2024-08-01 11:10:00-04:00,43.88999938964844,43.88999938964844,43.88999938964844,43.88999938964844,779,0.0,0.0,0.0
2024-08-01 11:25:00-04:00,43.837398529052734,43.837398529052734,43.83000183105469,43.83000183105469,3468,0.0,0.0,0.0
2024-08-01 11:30:00-04:00,43.83000183105469,43.83000183105469,43.82500076293945,43.83000183105469,569,0.0,0.0,0.0
2024-08-01 11:45:00-04:00,43.845001220703125,43.849700927734375,43.839298248291016,43.839298248291016,994,0.0,0.0,0.0
2024-08-01 11:50:00-04:00,43.839599609375,43.839599609375,43.839599609375,43.839599609375,212,0.0,0.0,0.0
2024-08-01 11:55:00-04:00,43.84000015258789,43.84989929199219,43.84000015258789,43.84989929199219,424,0.0,0.0,0.0
2024-08-01 12:00:00-04:00,43.845001220703125,43.849998474121094,43.84000015258789,43.84000015258789,566,0.0,0.0,0.0
2024-08-01 12:05:00-04:00,43.845001220703125,43.845001220703125,43.845001220703125,43.845001220703125,707,0.0,0.0,0.0
2024-08-01 12:10:00-04:00,43.859901428222656,43.859901428222656,43.859901428222656,43.859901428222656,446,0.0,0.0,0.0
2024-08-01 12:15:00-04:00,43.849998474121094,43.849998474121094,43.849998474121094,43.849998474121094,422,0.0,0.0,0.0
2024-08-01 12:25:00-04:00,43.88999938964844,43.88999938964844,43.8849983215332,43.88999938964844,2547,0.0,0.0,0.0
2024-08-01 12:40:00-04:00,43.880001068115234,43.880001068115234,43.869998931884766,43.869998931884766,896,0.0,0.0,0.0
2024-08-01 13:00:00-04:00,43.85390090942383,43.86000061035156,43.85390090942383,43.86000061035156,2477,0.0,0.0,0.0
2024-08-01 13:05:00-04:00,43.85499954223633,43.85499954223633,43.849998474121094,43.85029983520508,1986,0.0,0.0,0.0
2024-08-01 13:10:00-04:00,43.86000061035156,43.86000061035156,43.859901428222656,43.859901428222656,2172,0.0,0.0,0.0
2024-08-01 13:20:00-04:00,43.849998474121094,43.849998474121094,43.849998474121094,43.849998474121094,374,0.0,0.0,0.0
2024-08-01 13:25:00-04:00,43.84400177001953,43.84400177001953,43.84400177001953,43.84400177001953,100,0.0,0.0,0.0
2024-08-01 13:30:00-04:00,43.845001220703125,43.845001220703125,43.842498779296875,43.842498779296875,641,0.0,0.0,0.0
2024-08-01 13:35:00-04:00,43.85499954223633,43.85499954223633,43.85499954223633,43.85499954223633,118,0.0,0.0,0.0
2024-08-01 13:40:00-04:00,43.85499954223633,43.86000061035156,43.85499954223633,43.86000061035156,854,0.0,0.0,0.0
2024-08-01 13:45:00-04:00,43.8661994934082,43.8661994934082,43.8661994934082,43.8661994934082,415,0.0,0.0,0.0
2024-08-01 13:50:00-04:00,43.86000061035156,43.86009979248047,43.86000061035156,43.86000061035156,0,0.0,0.0,0.0
2024-08-01 14:00:00-04:00,43.849998474121094,43.869998931884766,43.849998474121094,43.867698669433594,41044,0.0,0.0,0.0
2024-08-01 14:05:00-04:00,43.87369918823242,43.875,43.87369918823242,43.875,717,0.0,0.0,0.0
2024-08-01 14:25:00-04:00,43.869998931884766,43.869998931884766,43.869998931884766,43.869998931884766,205,0.0,0.0,0.0
2024-08-01 14:30:00-04:00,43.86000061035156,43.86000061035156,43.849998474121094,43.849998474121094,420,0.0,0.0,0.0
2024-08-01 14:40:00-04:00,43.84980010986328,43.84980010986328,43.84980010986328,43.84980010986328,450,0.0,0.0,0.0
2024-08-01 14:50:00-04:00,43.845001220703125,43.845001220703125,43.84199905395508,43.845001220703125,988,0.0,0.0,0.0
2024-08-01 14:55:00-04:00,43.864898681640625,43.864898681640625,43.86000061035156,43.86000061035156,593,0.0,0.0,0.0
2024-08-01 15:00:00-04:00,43.86000061035156,43.86000061035156,43.86000061035156,43.86000061035156,143,0.0,0.0,0.0
2024-08-01 15:05:00-04:00,43.86000061035156,43.86000061035156,43.86000061035156,43.86000061035156,252,0.0,0.0,0.0
2024-08-01 15:10:00-04:00,43.86989974975586,43.86989974975586,43.86989974975586,43.86989974975586,502,0.0,0.0,0.0
2024-08-01 15:30:00-04:00,43.8650016784668,43.8650016784668,43.8650016784668,43.8650016784668,0,0.0,0.0,0.0
2024-08-01 15:40:00-04:00,43.86000061035156,43.86000061035156,43.86000061035156,43.86000061035156,46075,0.0,0.0,0.0
2024-08-01 15:45:00-04:00,43.85499954223633,43.85499954223633,43.85499954223633,43.85499954223633,361,0.0,0.0,0.0
2024-08-01 15:50:00-04:00,43.849998474121094,43.849998474121094,43.849998474121094,43.849998474121094,392,0.0,0.0,0.0
2024-08-01 15:55:00-04:00,43.849998474121094,43.86000061035156,43.849998474121094,43.86000061035156,0,0.0,0.0,0.0
2024-08-02 09:30:00-04:00,44.06999969482422,44.134300231933594,44.06999969482422,44.134300231933594,1279,0.0,0.0,0.0
2024-08-02 09:40:00-04:00,44.110801696777344,44.110801696777344,44.110801696777344,44.110801696777344,0,0.0,0.0,0.0
2024-08-02 09:55:00-04:00,44.14799880981445,44.15999984741211,44.14799880981445,44.15999984741211,3067,0.0,0.0,0.0
2024-08-02 10:05:00-04:00,44.179298400878906,44.189998626708984,44.179298400878906,44.189998626708984,518,0.0,0.0,0.0
2024-08-02 10:10:00-04:00,44.18000030517578,44.185001373291016,44.16999816894531,44.185001373291016,1163,0.0,0.0,0.0
2024-08-02 10:20:00-04:00,44.20000076293945,44.20000076293945,44.189998626708984,44.20000076293945,4624,0.0,0.0,0.0
2024-08-02 10:25:00-04:00,44.20000076293945,44.20000076293945,44.20000076293945,44.20000076293945,425,0.0,0.0,0.0
2024-08-02 10:30:00-04:00,44.17499923706055,44.17499923706055,44.160099029541016,44.16999816894531,1088,0.0,0.0,0.0
2024-08-02 10:40:00-04:00,44.18009948730469,44.18009948730469,44.18009948730469,44.18009948730469,422,0.0,0.0,0.0
2024-08-02 10:45:00-04:00,44.18000030517578,44.18000030517578,44.18000030517578,44.18000030517578,101,0.0,0.0,0.0
2024-08-02 10:50:00-04:00,44.189998626708984,44.189998626708984,44.189998626708984,44.189998626708984,453,0.0,0.0,0.0
2024-08-02 11:05:00-04:00,44.16999816894531,44.16999816894531,44.165000915527344,44.165000915527344,877,0.0,0.0,0.0
2024-08-02 11:10:00-04:00,44.18989944458008,44.18989944458008,44.18989944458008,44.18989944458008,598,0.0,0.0,0.0
2024-08-02 11:25:00-04:00,44.209999084472656,44.209999084472656,44.20320129394531,44.20320129394531,1646,0.0,0.0,0.0
2024-08-02 11:30:00-04:00,44.20000076293945,44.20000076293945,44.20000076293945,44.20000076293945,817,0.0,0.0,0.0
2024-08-02 11:35:00-04:00,44.209999084472656,44.209999084472656,44.209999084472656,44.209999084472656,378,0.0,0.0,0.0
2024-08-02 11:40:00-04:00,44.20000076293945,44.22999954223633,44.20000076293945,44.22999954223633,1238,0.0,0.0,0.0
2024-08-02 11:50:00-04:00,44.22999954223633,44.2400016784668,44.22999954223633,44.2400016784668,0,0.0,0.0,0.0
2024-08-02 11:55:00-04:00,44.22999954223633,44.22999954223633,44.22999954223633,44.22999954223633,19386,0.0,0.0,0.0
2024-08-02 12:00:00-04:00,44.189998626708984,44.189998626708984,44.18000030517578,44.18000030517578,850,0.0,0.0,0.0
2024-08-02 12:05:00-04:00,44.16999816894531,44.16999816894531,44.16999816894531,44.16999816894531,180,0.0,0.0,0.0
2024-08-02 12:15:00-04:00,44.22999954223633,44.22999954223633,44.220001220703125,44.220001220703125,246,0.0,0.0,0.0
2024-08-02 12:35:00-04:00,44.209999084472656,44.209999084472656,44.198001861572266,44.20000076293945,2139,0.0,0.0,0.0
2024-08-02 12:40:00-04:00,44.209999084472656,44.209999084472656,44.209999084472656,44.209999084472656,409,0.0,0.0,0.0
2024-08-02 12:45:00-04:00,44.220001220703125,44.220001220703125,44.220001220703125,44.220001220703125,177,0.0,0.0,0.0
2024-08-02 12:55:00-04:00,44.2400016784668,44.2400016784668,44.2400016784668,44.2400016784668,345,0.0,0.0,0.0
2024-08-02 13:00:00-04:00,44.2599983215332,44.2599983215332,44.2599983215332,44.2599983215332,100,0.0,0.0,0.0
2024-08-02 13:05:00-04:00,44.2400016784668,44.2400016784668,44.2400016784668,44.2400016784668,499,0.0,0.0,0.0
2024-08-02 13:10:00-04:00,44.2400016784668,44.2400016784668,44.230098724365234,44.230098724365234,343,0.0,0.0,0.0
2024-08-02 13:15:00-04:00,44.220001220703125,44.220001220703125,44.220001220703125,44.220001220703125,232,0.0,0.0,0.0
2024-08-02 13:25:00-04:00,44.209999084472656,44.21500015258789,44.209999084472656,44.21500015258789,7040,0.0,0.0,0.0
2024-08-02 13:30:00-04:00,44.21500015258789,44.22999954223633,44.21500015258789,44.22999954223633,1593,0.0,0.0,0.0
2024-08-02 13:40:00-04:00,44.22999954223633,44.22999954223633,44.22999954223633,44.22999954223633,101,0.0,0.0,0.0
2024-08-02 13:45:00-04:00,44.2400016784668,44.244998931884766,44.2400016784668,44.244998931884766,394,0.0,0.0,0.0
2024-08-02 13:50:00-04:00,44.23500061035156,44.23500061035156,44.23500061035156,44.23500061035156,519,0.0,0.0,0.0
2024-08-02 14:15:00-04:00,44.22999954223633,44.22999954223633,44.22079849243164,44.22079849243164,1790,0.0,0.0,0.0
2024-08-02 14:20:00-04:00,44.2400016784668,44.2400016784668,44.2400016784668,44.2400016784668,302,0.0,0.0,0.0
2024-08-02 14:25:00-04:00,44.236000061035156,44.27000045776367,44.220001220703125,44.27000045776367,2412,0.0,0.0,0.0
2024-08-02 14:30:00-04:00,44.27000045776367,44.27000045776367,44.27000045776367,44.27000045776367,1874,0.0,0.0,0.0
2024-08-02 14:35:00-04:00,44.2599983215332,44.2599983215332,44.2599983215332,44.2599983215332,396,0.0,0.0,0.0
2024-08-02 14:40:00-04:00,44.26499938964844,44.26499938964844,44.26499938964844,44.26499938964844,206,0.0,0.0,0.0
2024-08-02 14:45:00-04:00,44.279998779296875,44.290000915527344,44.279998779296875,44.290000915527344,200,0.0,0.0,0.0
2024-08-02 14:50:00-04:00,44.279998779296875,44.279998779296875,44.279998779296875,44.279998779296875,111,0.0,0.0,0.0
2024-08-02 14:55:00-04:00,44.290000915527344,44.290000915527344,44.290000915527344,44.290000915527344,324,0.0,0.0,0.0
2024-08-02 15:10:00-04:00,44.26649856567383,44.26649856567383,44.26649856567383,44.26649856567383,753,0.0,0.0,0.0
2024-08-02 15:15:00-04:00,44.2599983215332,44.27000045776367,44.2599983215332,44.27000045776367,500,0.0,0.0,0.0
2024-08-02 15:20:00-04:00,44.27000045776367,44.27000045776367,44.27000045776367,44.27000045776367,158,0.0,0.0,0.0
2024-08-02 15:25:00-04:00,44.279998779296875,44.279998779296875,44.279998779296875,44.279998779296875,111,0.0,0.0,0.0
2024-08-02 15:35:00-04:00,44.27180099487305,44.27180099487305,44.27180099487305,44.27180099487305,193,0.0,0.0,0.0
2024-08-02 15:40:00-04:00,44.290000915527344,44.290000915527344,44.279998779296875,44.279998779296875,2639,0.0,0.0,0.0
2024-08-02 15:45:00-04:00,44.28499984741211,44.28499984741211,44.2599983215332,44.2599983215332,63602,0.0,0.0,0.0
2024-08-02 15:50:00-04:00,44.27000045776367,44.290000915527344,44.27000045776367,44.279998779296875,1041,0.0,0.0,0.0
2024-08-02 15:55:00-04:00,44.279998779296875,44.290000915527344,44.279998779296875,44.290000915527344,1036,0.0,0.0,0.0
2024-08-05 09:30:00-04:00,44.36000061035156,44.45989990234375,44.36000061035156,44.45989990234375,0,0.0,0.0,0.0
2024-08-05 09:40:00-04:00,44.3849983215332,44.3849983215332,44.3849983215332,44.3849983215332,272,0.0,0.0,0.0
2024-08-05 09:45:00-04:00,44.359798431396484,44.359798431396484,44.359798431396484,44.359798431396484,906,0.0,0.0,0.0
2024-08-05 10:00:00-04:00,44.2400016784668,44.2400016784668,44.2400016784668,44.2400016784668,128,0.0,0.0,0.0
2024-08-05 10:05:00-04:00,44.279998779296875,44.29010009765625,44.279998779296875,44.29010009765625,9874,0.0,0.0,0.0
2024-08-05 10:10:00-04:00,44.31129837036133,44.31129837036133,44.31129837036133,44.31129837036133,257,0.0,0.0,0.0
2024-08-05 10:15:00-04:00,44.27009963989258,44.27009963989258,44.27009963989258,44.27009963989258,3150,0.0,0.0,0.0
2024-08-05 10:25:00-04:00,44.2776985168457,44.2776985168457,44.2776985168457,44.2776985168457,503,0.0,0.0,0.0
2024-08-05 10:40:00-04:00,44.244998931884766,44.25,44.23109817504883,44.25,1696,0.0,0.0,0.0
2024-08-05 10:45:00-04:00,44.27000045776367,44.29990005493164,44.27000045776367,44.29990005493164,1194,0.0,0.0,0.0
2024-08-05 10:50:00-04:00,44.29059982299805,44.29800033569336,44.29059982299805,44.29800033569336,862,0.0,0.0,0.0
2024-08-05 10:55:00-04:00,44.310001373291016,44.310001373291016,44.310001373291016,44.310001373291016,307,0.0,0.0,0.0
2024-08-05 11:05:00-04:00,44.33000183105469,44.33000183105469,44.310001373291016,44.310001373291016,2483,0.0,0.0,0.0
2024-08-05 11:10:00-04:00,44.27000045776367,44.279998779296875,44.27000045776367,44.272701263427734,1734,0.0,0.0,0.0
2024-08-05 11:15:00-04:00,44.2599983215332,44.27000045776367,44.22999954223633,44.2400016784668,1870,0.0,0.0,0.0
2024-08-05 11:20:00-04:00,44.2400016784668,44.2400016784668,44.20000076293945,44.209999084472656,1652,0.0,0.0,0.0
2024-08-05 11:25:00-04:00,44.239898681640625,44.25,44.239898681640625,44.25,765,0.0,0.0,0.0
2024-08-05 11:35:00-04:00,44.22999954223633,44.22999954223633,44.22999954223633,44.22999954223633,103,0.0,0.0,0.0
2024-08-05 11:40:00-04:00,44.22999954223633,44.22999954223633,44.22999954223633,44.22999954223633,246,0.0,0.0,0.0
2024-08-05 11:45:00-04:00,44.2400016784668,44.2400016784668,44.2400016784668,44.2400016784668,243,0.0,0.0,0.0
2024-08-05 11:50:00-04:00,44.2400016784668,44.2400016784668,44.2400016784668,44.2400016784668,383,0.0,0.0,0.0
2024-08-05 11:55:00-04:00,44.244998931884766,44.244998931884766,44.244998931884766,44.244998931884766,442,0.0,0.0,0.0
2024-08-05 12:00:00-04:00,44.2599983215332,44.2599983215332,44.2599983215332,44.2599983215332,315,0.0,0.0,0.0
2024-08-05 12:25:00-04:00,44.18870162963867,44.18870162963867,44.18870162963867,44.18870162963867,321,0.0,0.0,0.0
2024-08-05 12:30:00-04:00,44.189998626708984,44.209999084472656,44.185001373291016,44.209999084472656,1411,0.0,0.0,0.0
2024-08-05 12:55:00-04:00,44.23500061035156,44.243499755859375,44.23500061035156,44.243499755859375,973,0.0,0.0,0.0
2024-08-05 13:00:00-04:00,44.2400016784668,44.2400016784668,44.2400016784668,44.2400016784668,728,0.0,0.0,0.0
2024-08-05 13:05:00-04:00,44.25,44.2599983215332,44.25,44.2599983215332,0,0.0,0.0,0.0
2024-08-05 13:25:00-04:00,44.25,44.25,44.25,44.25,39155,0.0,0.0,0.0
2024-08-05 13:30:00-04:00,44.255001068115234,44.2599983215332,44.255001068115234,44.255001068115234,578,0.0,0.0,0.0
2024-08-05 13:40:00-04:00,44.2400016784668,44.25,44.2400016784668,44.25,593,0.0,0.0,0.0
2024-08-05 13:50:00-04:00,44.27000045776367,44.27000045776367,44.27000045776367,44.27000045776367,646,0.0,0.0,0.0
2024-08-05 13:55:00-04:00,44.27000045776367,44.275001525878906,44.26219940185547,44.26219940185547,1678,0.0,0.0,0.0
2024-08-05 14:15:00-04:00,44.27000045776367,44.27000045776367,44.27000045776367,44.27000045776367,221,0.0,0.0,0.0
2024-08-05 14:35:00-04:00,44.29399871826172,44.29399871826172,44.29399871826172,44.29399871826172,0,0.0,0.0,0.0
2024-08-05 14:45:00-04:00,44.27109909057617,44.279998779296875,44.25,44.25,46912,0.0,0.0,0.0
2024-08-05 14:50:00-04:00,44.25,44.25,44.22999954223633,44.22999954223633,927,0.0,0.0,0.0
2024-08-05 14:55:00-04:00,44.220001220703125,44.2400016784668,44.209999084472656,44.209999084472656,2382,0.0,0.0,0.0
2024-08-05 15:00:00-04:00,44.25,44.2599983215332,44.2400016784668,44.2400016784668,31287,0.0,0.0,0.0
2024-08-05 15:05:00-04:00,44.2672004699707,44.2672004699707,44.2599983215332,44.2599983215332,721,0.0,0.0,0.0
2024-08-05 15:15:00-04:00,44.28010177612305,44.28010177612305,44.28010177612305,44.28010177612305,635,0.0,0.0,0.0
2024-08-05 15:20:00-04:00,44.279998779296875,44.279998779296875,44.26020050048828,44.26020050048828,6192,0.0,0.0,0.0
2024-08-05 15:25:00-04:00,44.2599983215332,44.2599983215332,44.2599983215332,44.2599983215332,527,0.0,0.0,0.0
2024-08-05 15:35:00-04:00,44.279998779296875,44.279998779296875,44.279998779296875,44.279998779296875,431,0.0,0.0,0.0
2024-08-05 15:45:00-04:00,44.30860137939453,44.30860137939453,44.30860137939453,44.30860137939453,1853,0.0,0.0,0.0
2024-08-05 15:50:00-04:00,44.29999923706055,44.327999114990234,44.29999923706055,44.327999114990234,3571,0.0,0.0,0.0
2024-08-05 15:55:00-04:00,44.27199935913086,44.27199935913086,44.2400016784668,44.2400016784668,4661,0.0,0.0,0.0
2024-08-06 09:30:00-04:00,44.22999954223633,44.2400016784668,44.20500183105469,44.20500183105469,0,0.0,0.0,0.0
2024-08-06 09:45:00-04:00,44.20000076293945,44.22999954223633,44.189998626708984,44.189998626708984,0,0.0,0.0,0.0
2024-08-06 09:50:00-04:00,44.18000030517578,44.18000030517578,44.16999816894531,44.16999816894531,3462,0.0,0.0,0.0
2024-08-06 09:55:00-04:00,44.160499572753906,44.18510055541992,44.160499572753906,44.18510055541992,1309,0.0,0.0,0.0
2024-08-06 10:05:00-04:00,44.18000030517578,44.189998626708984,44.18000030517578,44.189998626708984,312,0.0,0.0,0.0
2024-08-06 10:15:00-04:00,44.17449951171875,44.18009948730469,44.17449951171875,44.18009948730469,9611,0.0,0.0,0.0
2024-08-06 10:20:00-04:00,44.18000030517578,44.18000030517578,44.18000030517578,44.18000030517578,206,0.0,0.0,0.0
2024-08-06 10:30:00-04:00,44.16999816894531,44.18000030517578,44.16999816894531,44.18000030517578,1302,0.0,0.0,0.0
2024-08-06 10:35:00-04:00,44.15999984741211,44.15999984741211,44.15999984741211,44.15999984741211,293,0.0,0.0,0.0
2024-08-06 10:45:00-04:00,44.150001525878906,44.150001525878906,44.13999938964844,44.13999938964844,1150,0.0,0.0,0.0
2024-08-06 10:50:00-04:00,44.119998931884766,44.119998931884766,44.119998931884766,44.119998931884766,0,0.0,0.0,0.0
2024-08-06 10:55:00-04:00,44.130001068115234,44.130001068115234,44.130001068115234,44.130001068115234,18484,0.0,0.0,0.0
2024-08-06 11:00:00-04:00,44.120399475097656,44.120399475097656,44.120399475097656,44.120399475097656,5001,0.0,0.0,0.0
2024-08-06 11:10:00-04:00,44.119998931884766,44.12009811401367,44.119998931884766,44.119998931884766,4894,0.0,0.0,0.0
2024-08-06 11:15:00-04:00,44.119998931884766,44.119998931884766,44.119998931884766,44.119998931884766,312,0.0,0.0,0.0
2024-08-06 11:20:00-04:00,44.130001068115234,44.130001068115234,44.12049865722656,44.12049865722656,802,0.0,0.0,0.0
2024-08-06 11:25:00-04:00,44.11000061035156,44.11000061035156,44.11000061035156,44.11000061035156,357,0.0,0.0,0.0
2024-08-06 11:30:00-04:00,44.11989974975586,44.11989974975586,44.11989974975586,44.11989974975586,273,0.0,0.0,0.0
2024-08-06 11:35:00-04:00,44.09600067138672,44.099998474121094,44.09600067138672,44.09989929199219,2593,0.0,0.0,0.0
2024-08-06 11:40:00-04:00,44.099998474121094,44.099998474121094,44.09000015258789,44.09000015258789,1179,0.0,0.0,0.0
2024-08-06 11:45:00-04:00,44.130001068115234,44.130001068115234,44.130001068115234,44.130001068115234,1699,0.0,0.0,0.0
2024-08-06 11:50:00-04:00,44.1349983215332,44.13990020751953,44.1349983215332,44.13990020751953,848,0.0,0.0,0.0
2024-08-06 11:55:00-04:00,44.130001068115234,44.130001068115234,44.119998931884766,44.119998931884766,809,0.0,0.0,0.0
2024-08-06 12:15:00-04:00,44.106201171875,44.106201171875,44.106201171875,44.106201171875,1014,0.0,0.0,0.0
2024-08-06 12:25:00-04:00,44.119998931884766,44.119998931884766,44.119998931884766,44.119998931884766,310,0.0,0.0,0.0
2024-08-06 12:30:00-04:00,44.09000015258789,44.119998931884766,44.09000015258789,44.11470031738281,1324,0.0,0.0,0.0
2024-08-06 12:35:00-04:00,44.099998474121094,44.11000061035156,44.099998474121094,44.11000061035156,736,0.0,0.0,0.0
2024-08-06 12:40:00-04:00,44.11000061035156,44.11000061035156,44.105098724365234,44.105098724365234,1034,0.0,0.0,0.0
2024-08-06 12:45:00-04:00,44.095001220703125,44.10200119018555,44.095001220703125,44.10200119018555,626,0.0,0.0,0.0
2024-08-06 12:55:00-04:00,44.09000015258789,44.09280014038086,44.09000015258789,44.09000015258789,696,0.0,0.0,0.0
2024-08-06 13:00:00-04:00,44.09000015258789,44.09000015258789,44.09000015258789,44.09000015258789,210,0.0,0.0,0.0
2024-08-06 13:10:00-04:00,44.060001373291016,44.060001373291016,44.060001373291016,44.060001373291016,513,0.0,0.0,0.0
2024-08-06 13:15:00-04:00,44.062198638916016,44.08000183105469,44.062198638916016,44.08000183105469,10288,0.0,0.0,0.0
2024-08-06 13:20:00-04:00,44.08940124511719,44.08940124511719,44.08940124511719,44.08940124511719,203,0.0,0.0,0.0
2024-08-06 13:30:00-04:00,44.08000183105469,44.08000183105469,44.08000183105469,44.08000183105469,515,0.0,0.0,0.0
2024-08-06 13:35:00-04:00,44.08000183105469,44.08000183105469,44.06999969482422,44.06999969482422,496,0.0,0.0,0.0
2024-08-06 13:45:00-04:00,44.04999923706055,44.04999923706055,44.04999923706055,44.04999923706055,200,0.0,0.0,0.0
2024-08-06 13:50:00-04:00,44.04010009765625,44.04999923706055,44.04010009765625,44.04999923706055,8077,0.0,0.0,0.0
2024-08-06 13:55:00-04:00,44.0536994934082,44.0536994934082,44.04999923706055,44.04999923706055,448,0.0,0.0,0.0
2024-08-06 14:00:00-04:00,44.041099548339844,44.041099548339844,44.041099548339844,44.041099548339844,830,0.0,0.0,0.0
2024-08-06 14:05:00-04:00,44.05500030517578,44.05889892578125,44.05500030517578,44.05889892578125,1230,0.0,0.0,0.0
2024-08-06 14:10:00-04:00,44.060001373291016,44.06079864501953,44.060001373291016,44.06079864501953,1204,0.0,0.0,0.0
2024-08-06 14:15:00-04:00,44.06999969482422,44.06999969482422,44.06399917602539,44.06399917602539,1803,0.0,0.0,0.0
2024-08-06 14:20:00-04:00,44.06909942626953,44.06909942626953,44.06909942626953,44.06909942626953,923,0.0,0.0,0.0
2024-08-06 14:40:00-04:00,44.079898834228516,44.08000183105469,44.079898834228516,44.08000183105469,285,0.0,0.0,0.0
2024-08-06 14:55:00-04:00,44.06999969482422,44.09000015258789,44.06999969482422,44.08000183105469,13227,0.0,0.0,0.0
2024-08-06 15:05:00-04:00,44.06999969482422,44.06999969482422,44.04999923706055,44.05500030517578,6616,0.0,0.0,0.0
2024-08-06 15:10:00-04:00,44.05500030517578,44.06999969482422,44.05500030517578,44.06999969482422,1742,0.0,0.0,0.0
2024-08-06 15:15:00-04:00,44.060001373291016,44.077999114990234,44.060001373291016,44.077999114990234,842,0.0,0.0,0.0
2024-08-06 15:20:00-04:00,44.06999969482422,44.06999969482422,44.05500030517578,44.060001373291016,762,0.0,0.0,0.0
2024-08-06 15:30:00-04:00,44.052101135253906,44.052101135253906,44.052101135253906,44.052101135253906,712,0.0,0.0,0.0
2024-08-06 15:35:00-04:00,44.060001373291016,44.060001373291016,44.060001373291016,44.060001373291016,270,0.0,0.0,0.0
2024-08-06 15:40:00-04:00,44.060001373291016,44.060001373291016,44.051998138427734,44.051998138427734,335,0.0,0.0,0.0
2024-08-06 15:55:00-04:00,44.040000915527344,44.040000915527344,44.02000045776367,44.02000045776367,4053,0.0,0.0,0.0
2024-08-07 09:30:00-04:00,43.959999084472656,43.959999084472656,43.959999084472656,43.959999084472656,0,0.0,0.0,0.0
2024-08-07 09:40:00-04:00,43.94329833984375,43.94329833984375,43.94329833984375,43.94329833984375,512,0.0,0.0,0.0
2024-08-07 10:00:00-04:00,44.0,44.0,44.0,44.0,469,0.0,0.0,0.0
2024-08-07 10:05:00-04:00,43.98500061035156,44.0099983215332,43.98500061035156,44.0099983215332,597,0.0,0.0,0.0
2024-08-07 10:10:00-04:00,43.970401763916016,43.97999954223633,43.970401763916016,43.97999954223633,2016,0.0,0.0,0.0
2024-08-07 10:15:00-04:00,43.98500061035156,43.994300842285156,43.98500061035156,43.994300842285156,885,0.0,0.0,0.0
2024-08-07 10:20:00-04:00,44.007999420166016,44.007999420166016,44.007999420166016,44.007999420166016,1509,0.0,0.0,0.0
2024-08-07 10:25:00-04:00,43.99800109863281,43.99800109863281,43.99800109863281,43.99800109863281,0,0.0,0.0,0.0
2024-08-07 10:35:00-04:00,43.9900016784668,44.0,43.9900016784668,44.0,9221,0.0,0.0,0.0
2024-08-07 10:40:00-04:00,44.0,44.0,44.0,44.0,257,0.0,0.0,0.0
2024-08-07 10:50:00-04:00,44.0171012878418,44.0171012878418,44.0,44.0,1316,0.0,0.0,0.0
2024-08-07 10:55:00-04:00,43.98500061035156,43.98500061035156,43.98500061035156,43.98500061035156,1598,0.0,0.0,0.0
2024-08-07 11:00:00-04:00,43.970001220703125,43.970001220703125,43.970001220703125,43.970001220703125,219,0.0,0.0,0.0
2024-08-07 11:10:00-04:00,43.94300079345703,43.94300079345703,43.94300079345703,43.94300079345703,309,0.0,0.0,0.0
2024-08-07 11:15:00-04:00,43.95000076293945,43.95500183105469,43.95000076293945,43.95500183105469,7025,0.0,0.0,0.0
2024-08-07 11:20:00-04:00,43.95500183105469,43.95500183105469,43.95500183105469,43.95500183105469,2085,0.0,0.0,0.0
2024-08-07 11:25:00-04:00,43.959999084472656,43.959999084472656,43.959999084472656,43.959999084472656,485,0.0,0.0,0.0
2024-08-07 11:30:00-04:00,43.970298767089844,43.970298767089844,43.97010040283203,43.97010040283203,336,0.0,0.0,0.0
2024-08-07 11:35:00-04:00,43.959999084472656,43.959999084472656,43.959999084472656,43.959999084472656,304,0.0,0.0,0.0
2024-08-07 11:40:00-04:00,43.96500015258789,43.96500015258789,43.96500015258789,43.96500015258789,844,0.0,0.0,0.0
2024-08-07 11:45:00-04:00,43.970001220703125,43.970001220703125,43.970001220703125,43.970001220703125,315,0.0,0.0,0.0
2024-08-07 12:00:00-04:00,43.96289825439453,43.96289825439453,43.96289825439453,43.96289825439453,3286,0.0,0.0,0.0
2024-08-07 12:05:00-04:00,43.970001220703125,43.970001220703125,43.970001220703125,43.970001220703125,164,0.0,0.0,0.0
2024-08-07 12:15:00-04:00,43.970001220703125,43.970001220703125,43.970001220703125,43.970001220703125,537,0.0,0.0,0.0
2024-08-07 12:20:00-04:00,43.97990036010742,43.97990036010742,43.959999084472656,43.959999084472656,825,0.0,0.0,0.0
2024-08-07 12:25:00-04:00,43.959999084472656,43.959999084472656,43.959999084472656,43.959999084472656,319,0.0,0.0,0.0
2024-08-07 12:35:00-04:00,43.959999084472656,43.959999084472656,43.959999084472656,43.959999084472656,141,0.0,0.0,0.0
2024-08-07 12:40:00-04:00,43.96500015258789,43.96500015258789,43.96500015258789,43.96500015258789,1471,0.0,0.0,0.0
2024-08-07 12:50:00-04:00,43.97019958496094,43.97019958496094,43.97019958496094,43.97019958496094,266,0.0,0.0,0.0
2024-08-07 13:05:00-04:00,43.91999816894531,43.91999816894531,43.909400939941406,43.909400939941406,414,0.0,0.0,0.0
2024-08-07 13:15:00-04:00,43.900001525878906,43.900001525878906,43.900001525878906,43.900001525878906,721,0.0,0.0,0.0
2024-08-07 13:30:00-04:00,43.91999816894531,43.91999816894531,43.91999816894531,43.91999816894531,130,0.0,0.0,0.0
2024-08-07 13:35:00-04:00,43.88999938964844,43.91999816894531,43.88999938964844,43.91999816894531,19487,0.0,0.0,0.0
2024-08-07 13:45:00-04:00,43.900001525878906,43.900001525878906,43.900001525878906,43.900001525878906,300,0.0,0.0,0.0
2024-08-07 13:50:00-04:00,43.900001525878906,43.900001525878906,43.900001525878906,43.900001525878906,300,0.0,0.0,0.0
2024-08-07 13:55:00-04:00,43.904998779296875,43.90999984741211,43.904998779296875,43.90999984741211,2445,0.0,0.0,0.0
2024-08-07 14:05:00-04:00,43.90999984741211,43.915199279785156,43.90999984741211,43.90999984741211,8185,0.0,0.0,0.0
2024-08-07 14:10:00-04:00,43.91999816894531,43.91999816894531,43.91999816894531,43.91999816894531,400,0.0,0.0,0.0
2024-08-07 14:15:00-04:00,43.91999816894531,43.91999816894531,43.90999984741211,43.90999984741211,634,0.0,0.0,0.0
2024-08-07 14:20:00-04:00,43.90999984741211,43.90999984741211,43.90999984741211,43.90999984741211,600,0.0,0.0,0.0
2024-08-07 14:25:00-04:00,43.900001525878906,43.900001525878906,43.869998931884766,43.869998931884766,2301,0.0,0.0,0.0
2024-08-07 14:30:00-04:00,43.869998931884766,43.869998931884766,43.84000015258789,43.84000015258789,3819,0.0,0.0,0.0
2024-08-07 14:40:00-04:00,43.849998474121094,43.849998474121094,43.849998474121094,43.849998474121094,101,0.0,0.0,0.0
2024-08-07 14:45:00-04:00,43.83000183105469,43.83000183105469,43.83000183105469,43.83000183105469,100,0.0,0.0,0.0
2024-08-07 14:50:00-04:00,43.83399963378906,43.83399963378906,43.83399963378906,43.83399963378906,308,0.0,0.0,0.0
2024-08-07 15:00:00-04:00,43.880001068115234,43.880001068115234,43.880001068115234,43.880001068115234,376,0.0,0.0,0.0
2024-08-07 15:05:00-04:00,43.85139846801758,43.85139846801758,43.85139846801758,43.85139846801758,135,0.0,0.0,0.0
2024-08-07 15:10:00-04:00,43.85240173339844,43.862701416015625,43.85240173339844,43.86000061035156,522,0.0,0.0,0.0
2024-08-07 15:15:00-04:00,43.866600036621094,43.869998931884766,43.86000061035156,43.8650016784668,5229,0.0,0.0,0.0
2024-08-07 15:20:00-04:00,43.8650016784668,43.88999938964844,43.8650016784668,43.88990020751953,950,0.0,0.0,0.0
2024-08-07 15:25:00-04:00,43.880001068115234,43.880001068115234,43.869998931884766,43.869998931884766,2205,0.0,0.0,0.0
2024-08-07 15:30:00-04:00,43.880001068115234,43.880001068115234,43.880001068115234,43.880001068115234,318,0.0,0.0,0.0
2024-08-07 15:40:00-04:00,43.880001068115234,43.880001068115234,43.875,43.875,30822,0.0,0.0,0.0
2024-08-07 15:50:00-04:00,43.880001068115234,43.880001068115234,43.875,43.875,780,0.0,0.0,0.0
2024-08-07 15:55:00-04:00,43.875,43.875,43.869998931884766,43.869998931884766,4823,0.0,0.0,0.0
2024-08-08 09:30:00-04:00,43.810001373291016,43.810001373291016,43.810001373291016,43.810001373291016,0,0.0,0.0,0.0
2024-08-08 09:35:00-04:00,43.79570007324219,43.80500030517578,43.79570007324219,43.80500030517578,0,0.0,0.0,0.0
2024-08-08 09:55:00-04:00,43.829898834228516,43.829898834228516,43.829898834228516,43.829898834228516,9944,0.0,0.0,0.0
2024-08-08 10:00:00-04:00,43.8109016418457,43.82709884643555,43.8109016418457,43.82709884643555,2438,0.0,0.0,0.0
2024-08-08 10:15:00-04:00,43.832000732421875,43.832000732421875,43.832000732421875,43.832000732421875,1517,0.0,0.0,0.0
2024-08-08 10:20:00-04:00,43.83000183105469,43.83000183105469,43.83000183105469,43.83000183105469,269,0.0,0.0,0.0
2024-08-08 10:30:00-04:00,43.83000183105469,43.83380126953125,43.83000183105469,43.83000183105469,3098,0.0,0.0,0.0
2024-08-08 10:40:00-04:00,43.819698333740234,43.81999969482422,43.819698333740234,43.81999969482422,2400,0.0,0.0,0.0
2024-08-08 10:45:00-04:00,43.814998626708984,43.819698333740234,43.810001373291016,43.819698333740234,1769,0.0,0.0,0.0
2024-08-08 11:05:00-04:00,43.86000061035156,43.86000061035156,43.83000183105469,43.83000183105469,2244,0.0,0.0,0.0
2024-08-08 11:20:00-04:00,43.832401275634766,43.849998474121094,43.830101013183594,43.830101013183594,3001,0.0,0.0,0.0
2024-08-08 11:25:00-04:00,43.849998474121094,43.849998474121094,43.849998474121094,43.849998474121094,209,0.0,0.0,0.0
2024-08-08 11:30:00-04:00,43.84000015258789,43.849998474121094,43.84000015258789,43.84120178222656,1177,0.0,0.0,0.0
2024-08-08 11:35:00-04:00,43.8577995300293,43.8577995300293,43.8577995300293,43.8577995300293,324,0.0,0.0,0.0
2024-08-08 11:40:00-04:00,43.852699279785156,43.852699279785156,43.848899841308594,43.848899841308594,934,0.0,0.0,0.0
2024-08-08 11:50:00-04:00,43.866798400878906,43.866798400878906,43.866798400878906,43.866798400878906,1529,0.0,0.0,0.0
2024-08-08 12:10:00-04:00,43.86000061035156,43.86000061035156,43.86000061035156,43.86000061035156,100,0.0,0.0,0.0
2024-08-08 12:15:00-04:00,43.848899841308594,43.848899841308594,43.848899841308594,43.848899841308594,691,0.0,0.0,0.0
2024-08-08 12:25:00-04:00,43.84000015258789,43.84000015258789,43.84000015258789,43.84000015258789,365,0.0,0.0,0.0
2024-08-08 12:40:00-04:00,43.82500076293945,43.82500076293945,43.82500076293945,43.82500076293945,328,0.0,0.0,0.0
2024-08-08 12:50:00-04:00,43.83000183105469,43.83000183105469,43.82509994506836,43.82509994506836,1088,0.0,0.0,0.0
2024-08-08 12:55:00-04:00,43.820098876953125,43.820098876953125,43.820098876953125,43.820098876953125,1414,0.0,0.0,0.0
2024-08-08 13:05:00-04:00,43.775001525878906,43.78499984741211,43.775001525878906,43.78499984741211,1277,0.0,0.0,0.0
2024-08-08 13:15:00-04:00,43.81129837036133,43.81129837036133,43.81129837036133,43.81129837036133,789,0.0,0.0,0.0
2024-08-08 13:20:00-04:00,43.81760025024414,43.81760025024414,43.80080032348633,43.80080032348633,343,0.0,0.0,0.0
2024-08-08 13:30:00-04:00,43.79999923706055,43.80500030517578,43.79999923706055,43.80500030517578,329,0.0,0.0,0.0
2024-08-08 13:40:00-04:00,43.810001373291016,43.810001373291016,43.810001373291016,43.810001373291016,649,0.0,0.0,0.0
2024-08-08 13:50:00-04:00,43.80500030517578,43.80500030517578,43.80500030517578,43.80500030517578,339,0.0,0.0,0.0
2024-08-08 14:00:00-04:00,43.790000915527344,43.790000915527344,43.790000915527344,43.790000915527344,210,0.0,0.0,0.0
2024-08-08 14:05:00-04:00,43.79499816894531,43.79499816894531,43.79499816894531,43.79499816894531,397,0.0,0.0,0.0
2024-08-08 14:10:00-04:00,43.819698333740234,43.81999969482422,43.80500030517578,43.80500030517578,13857,0.0,0.0,0.0
2024-08-08 14:35:00-04:00,43.84000015258789,43.84000015258789,43.83810043334961,43.83810043334961,313,0.0,0.0,0.0
2024-08-08 14:40:00-04:00,43.820098876953125,43.84000015258789,43.820098876953125,43.832000732421875,671,0.0,0.0,0.0
2024-08-08 14:50:00-04:00,43.84000015258789,43.849998474121094,43.84000015258789,43.849998474121094,3482,0.0,0.0,0.0
2024-08-08 14:55:00-04:00,43.84000015258789,43.8400993347168,43.84000015258789,43.8400993347168,240,0.0,0.0,0.0
2024-08-08 15:00:00-04:00,43.84000015258789,43.84000015258789,43.84000015258789,43.84000015258789,120,0.0,0.0,0.0
2024-08-08 15:10:00-04:00,43.831600189208984,43.84000015258789,43.831600189208984,43.84000015258789,1019,0.0,0.0,0.0
2024-08-08 15:15:00-04:00,43.83000183105469,43.83000183105469,43.83000183105469,43.83000183105469,136,0.0,0.0,0.0
2024-08-08 15:20:00-04:00,43.84000015258789,43.84000015258789,43.820098876953125,43.83000183105469,1532,0.0,0.0,0.0
2024-08-08 15:35:00-04:00,43.81999969482422,43.83789825439453,43.81999969482422,43.83789825439453,608,0.0,0.0,0.0
2024-08-08 15:40:00-04:00,43.83980178833008,43.83980178833008,43.8223991394043,43.8223991394043,770,0.0,0.0,0.0
2024-08-08 15:55:00-04:00,43.822200775146484,43.84000015258789,43.822200775146484,43.84000015258789,1451,0.0,0.0,0.0
2024-08-09 09:30:00-04:00,44.06999969482422,44.06999969482422,44.06999969482422,44.06999969482422,1860,0.0,0.0,0.0
2024-08-09 09:35:00-04:00,43.97999954223633,44.0,43.97999954223633,43.992698669433594,1144,0.0,0.0,0.0
2024-08-09 09:40:00-04:00,43.980098724365234,44.0,43.980098724365234,44.0,362,0.0,0.0,0.0
2024-08-09 09:45:00-04:00,43.970001220703125,43.970001220703125,43.959999084472656,43.959999084472656,10390,0.0,0.0,0.0
2024-08-09 09:50:00-04:00,43.95000076293945,43.95000076293945,43.95000076293945,43.95000076293945,317,0.0,0.0,0.0
2024-08-09 09:55:00-04:00,43.97999954223633,43.97999954223633,43.97999954223633,43.97999954223633,175,0.0,0.0,0.0
2024-08-09 10:00:00-04:00,44.0,44.0,44.0,44.0,110,0.0,0.0,0.0
2024-08-09 10:10:00-04:00,44.0,44.0,44.0,44.0,102,0.0,0.0,0.0
2024-08-09 10:15:00-04:00,43.99190139770508,43.99190139770508,43.99190139770508,43.99190139770508,215,0.0,0.0,0.0
2024-08-09 10:20:00-04:00,43.9900016784668,43.9900016784668,43.9900016784668,43.9900016784668,173,0.0,0.0,0.0
2024-08-09 10:25:00-04:00,43.97999954223633,43.9900016784668,43.97999954223633,43.9900016784668,694,0.0,0.0,0.0
2024-08-09 10:35:00-04:00,43.9900016784668,43.9900016784668,43.9900016784668,43.9900016784668,102,0.0,0.0,0.0
2024-08-09 10:40:00-04:00,43.9900016784668,43.9900016784668,43.9900016784668,43.9900016784668,211,0.0,0.0,0.0
2024-08-09 10:45:00-04:00,43.9900016784668,43.9900016784668,43.9900016784668,43.9900016784668,100,0.0,0.0,0.0
2024-08-09 10:50:00-04:00,43.97999954223633,43.97999954223633,43.970001220703125,43.970001220703125,586,0.0,0.0,0.0
2024-08-09 10:55:00-04:00,43.97249984741211,43.97249984741211,43.970001220703125,43.970001220703125,400,0.0,0.0,0.0
2024-08-09 11:00:00-04:00,43.96269989013672,43.96269989013672,43.96269989013672,43.96269989013672,149,0.0,0.0,0.0
2024-08-09 11:05:00-04:00,43.9635009765625,43.97990036010742,43.9635009765625,43.97990036010742,1614,0.0,0.0,0.0
2024-08-09 11:10:00-04:00,43.959999084472656,43.97999954223633,43.959999084472656,43.97999954223633,1922,0.0,0.0,0.0
2024-08-09 11:15:00-04:00,43.99489974975586,43.99489974975586,43.97999954223633,43.97999954223633,1914,0.0,0.0,0.0
2024-08-09 11:30:00-04:00,43.9900016784668,43.9900016784668,43.9900016784668,43.9900016784668,100,0.0,0.0,0.0
2024-08-09 11:35:00-04:00,43.9900016784668,43.99760055541992,43.97999954223633,43.9900016784668,3542,0.0,0.0,0.0
2024-08-09 11:40:00-04:00,43.9900016784668,43.9900016784668,43.9900016784668,43.9900016784668,1531,0.0,0.0,0.0
2024-08-09 11:45:00-04:00,43.9900016784668,43.9900016784668,43.9900016784668,43.9900016784668,149,0.0,0.0,0.0
2024-08-09 11:50:00-04:00,43.9900016784668,43.9900016784668,43.9900016784668,43.9900016784668,700,0.0,0.0,0.0
2024-08-09 11:55:00-04:00,43.98160171508789,43.98160171508789,43.97999954223633,43.97999954223633,972,0.0,0.0,0.0
2024-08-09 12:00:00-04:00,43.970001220703125,43.97999954223633,43.959999084472656,43.96009826660156,1574,0.0,0.0,0.0
2024-08-09 12:05:00-04:00,44.0,44.0,43.959999084472656,43.959999084472656,1638,0.0,0.0,0.0
2024-08-09 12:10:00-04:00,43.974998474121094,43.974998474121094,43.959999084472656,43.959999084472656,2851,0.0,0.0,0.0
2024-08-09 12:15:00-04:00,43.97999954223633,43.97999954223633,43.95000076293945,43.95000076293945,1192,0.0,0.0,0.0
2024-08-09 12:20:00-04:00,43.959999084472656,43.959999084472656,43.95000076293945,43.95000076293945,877,0.0,0.0,0.0
2024-08-09 12:25:00-04:00,43.97999954223633,43.97999954223633,43.959999084472656,43.97779846191406,2053,0.0,0.0,0.0
2024-08-09 12:30:00-04:00,43.970001220703125,43.970001220703125,43.970001220703125,43.970001220703125,974,0.0,0.0,0.0
2024-08-09 12:35:00-04:00,43.970001220703125,43.970001220703125,43.970001220703125,43.970001220703125,400,0.0,0.0,0.0
2024-08-09 12:40:00-04:00,43.97999954223633,43.97999954223633,43.970001220703125,43.97999954223633,1241,0.0,0.0,0.0
2024-08-09 12:45:00-04:00,43.97999954223633,43.98500061035156,43.97999954223633,43.97999954223633,2061,0.0,0.0,0.0
2024-08-09 12:50:00-04:00,43.97999954223633,43.97999954223633,43.97999954223633,43.97999954223633,591,0.0,0.0,0.0
2024-08-09 12:55:00-04:00,43.97999954223633,43.97999954223633,43.970001220703125,43.97999954223633,1405,0.0,0.0,0.0
2024-08-09 13:00:00-04:00,43.974998474121094,43.974998474121094,43.974998474121094,43.974998474121094,136,0.0,0.0,0.0
2024-08-09 13:05:00-04:00,43.959999084472656,43.974998474121094,43.959999084472656,43.974998474121094,1198,0.0,0.0,0.0
2024-08-09 13:10:00-04:00,43.959999084472656,43.959999084472656,43.959999084472656,43.959999084472656,1014,0.0,0.0,0.0
2024-08-09 13:20:00-04:00,43.974998474121094,43.974998474121094,43.959999084472656,43.970001220703125,1550,0.0,0.0,0.0
2024-08-09 13:30:00-04:00,43.970001220703125,43.9900016784668,43.970001220703125,43.9900016784668,1486,0.0,0.0,0.0
2024-08-09 13:35:00-04:00,43.970001220703125,43.9723014831543,43.970001220703125,43.970001220703125,1093,0.0,0.0,0.0
2024-08-09 13:40:00-04:00,43.97999954223633,43.97999954223633,43.97999954223633,43.97999954223633,100,0.0,0.0,0.0
2024-08-09 13:45:00-04:00,43.970001220703125,43.97999954223633,43.970001220703125,43.97999954223633,1113,0.0,0.0,0.0
2024-08-09 13:50:00-04:00,43.970001220703125,43.970001220703125,43.95000076293945,43.95000076293945,1449,0.0,0.0,0.0
2024-08-09 13:55:00-04:00,43.970001220703125,43.974998474121094,43.970001220703125,43.974998474121094,503,0.0,0.0,0.0
2024-08-09 14:00:00-04:00,43.959999084472656,43.959999084472656,43.959999084472656,43.959999084472656,1033,0.0,0.0,0.0
2024-08-09 14:05:00-04:00,43.959999084472656,43.959999084472656,43.959999084472656,43.959999084472656,909,0.0,0.0,0.0
2024-08-09 14:10:00-04:00,43.970001220703125,43.970001220703125,43.959999084472656,43.959999084472656,284,0.0,0.0,0.0
2024-08-09 14:15:00-04:00,43.95000076293945,43.970001220703125,43.95000076293945,43.96500015258789,3527,0.0,0.0,0.0
2024-08-09 14:20:00-04:00,43.96500015258789,43.96500015258789,43.96500015258789,43.96500015258789,227,0.0,0.0,0.0
2024-08-09 14:25:00-04:00,43.95000076293945,43.970001220703125,43.95000076293945,43.970001220703125,1110,0.0,0.0,0.0
2024-08-09 14:30:00-04:00,43.95000076293945,43.96229934692383,43.95000076293945,43.96229934692383,1119,0.0,0.0,0.0
2024-08-09 14:35:00-04:00,43.95000076293945,43.97999954223633,43.939998626708984,43.96910095214844,18476,0.0,0.0,0.0
2024-08-09 14:40:00-04:00,43.95000076293945,43.96500015258789,43.95000076293945,43.96500015258789,1088,0.0,0.0,0.0
2024-08-09 14:45:00-04:00,43.959999084472656,43.959999084472656,43.95000076293945,43.95000076293945,1221,0.0,0.0,0.0
2024-08-09 14:50:00-04:00,43.96500015258789,43.970001220703125,43.959999084472656,43.959999084472656,1049,0.0,0.0,0.0
2024-08-09 14:55:00-04:00,43.974998474121094,43.974998474121094,43.959999084472656,43.96879959106445,1399,0.0,0.0,0.0
2024-08-09 15:00:00-04:00,43.959999084472656,43.9900016784668,43.959999084472656,43.9900016784668,758,0.0,0.0,0.0
2024-08-09 15:05:00-04:00,43.959999084472656,43.981998443603516,43.95000076293945,43.981998443603516,1753,0.0,0.0,0.0
2024-08-09 15:10:00-04:00,43.96500015258789,43.96500015258789,43.95000076293945,43.95000076293945,484,0.0,0.0,0.0
2024-08-09 15:15:00-04:00,43.95000076293945,43.96500015258789,43.95000076293945,43.96500015258789,1873,0.0,0.0,0.0
2024-08-09 15:20:00-04:00,43.96500015258789,43.96500015258789,43.93000030517578,43.959999084472656,2140,0.0,0.0,0.0
2024-08-09 15:25:00-04:00,43.95719909667969,43.969600677490234,43.939998626708984,43.939998626708984,4953,0.0,0.0,0.0
2024-08-09 15:30:00-04:00,43.939998626708984,43.959999084472656,43.939998626708984,43.939998626708984,3265,0.0,0.0,0.0
2024-08-09 15:35:00-04:00,43.970001220703125,43.970001220703125,43.939998626708984,43.939998626708984,1421,0.0,0.0,0.0
2024-08-09 15:40:00-04:00,43.95000076293945,43.970001220703125,43.939998626708984,43.939998626708984,2482,0.0,0.0,0.0
2024-08-09 15:45:00-04:00,43.939998626708984,43.959999084472656,43.939998626708984,43.95330047607422,3271,0.0,0.0,0.0
2024-08-09 15:50:00-04:00,43.959999084472656,43.959999084472656,43.939998626708984,43.941001892089844,5482,0.0,0.0,0.0
2024-08-09 15:55:00-04:00,43.939998626708984,43.97999954223633,43.939998626708984,43.95000076293945,10090,0.0,0.0,0.0
