Datetime,Open,High,Low,Close,Volume,Dividends,Stock Splits
2024-07-10 09:30:00-04:00,13.449999809265137,13.470000267028809,13.390000343322754,13.390000343322754,6225,0.0,0.0
2024-07-10 09:35:00-04:00,13.319999694824219,13.331199645996094,13.300000190734863,13.319999694824219,2076,0.0,0.0
2024-07-10 09:40:00-04:00,13.350000381469727,13.359999656677246,13.350000381469727,13.359999656677246,363,0.0,0.0
2024-07-10 09:45:00-04:00,13.34000015258789,13.34000015258789,13.34000015258789,13.34000015258789,422,0.0,0.0
2024-07-10 09:50:00-04:00,13.319999694824219,13.329999923706055,13.319999694824219,13.329999923706055,2146,0.0,0.0
2024-07-10 09:55:00-04:00,13.324999809265137,13.34000015258789,13.324999809265137,13.34000015258789,1157,0.0,0.0
2024-07-10 10:00:00-04:00,13.34000015258789,13.34000015258789,13.3100004196167,13.3149995803833,1993,0.0,0.0
2024-07-10 10:05:00-04:00,13.319999694824219,13.350000381469727,13.319999694824219,13.350000381469727,5314,0.0,0.0
2024-07-10 10:10:00-04:00,13.34000015258789,13.350000381469727,13.34000015258789,13.350000381469727,1477,0.0,0.0
2024-07-10 10:15:00-04:00,13.350000381469727,13.350000381469727,13.300000190734863,13.300000190734863,2263,0.0,0.0
2024-07-10 10:20:00-04:00,13.289999961853027,13.289999961853027,13.279999732971191,13.279999732971191,1491,0.0,0.0
2024-07-10 10:25:00-04:00,13.279999732971191,13.279999732971191,13.25,13.25,2006,0.0,0.0
2024-07-10 10:30:00-04:00,13.270000457763672,13.270000457763672,13.270000457763672,13.270000457763672,1051,0.0,0.0
2024-07-10 10:35:00-04:00,13.260000228881836,13.260000228881836,13.210000038146973,13.210000038146973,2733,0.0,0.0
2024-07-10 10:40:00-04:00,13.210000038146973,13.21500015258789,13.210000038146973,13.210000038146973,1054,0.0,0.0
2024-07-10 10:45:00-04:00,13.210000038146973,13.239999771118164,13.1899995803833,13.239999771118164,6840,0.0,0.0
2024-07-10 10:50:00-04:00,13.239999771118164,13.25,13.229999542236328,13.234999656677246,1325,0.0,0.0
2024-07-10 10:55:00-04:00,13.239999771118164,13.239999771118164,13.239999771118164,13.239999771118164,630,0.0,0.0
2024-07-10 11:00:00-04:00,13.25,13.25,13.229999542236328,13.229999542236328,1125,0.0,0.0
2024-07-10 11:05:00-04:00,13.220000267028809,13.229999542236328,13.210000038146973,13.229999542236328,3050,0.0,0.0
2024-07-10 11:10:00-04:00,13.225000381469727,13.229999542236328,13.225000381469727,13.229599952697754,1112,0.0,0.0
2024-07-10 11:15:00-04:00,13.220000267028809,13.220000267028809,13.199999809265137,13.199999809265137,3119,0.0,0.0
2024-07-10 11:20:00-04:00,13.210000038146973,13.210000038146973,13.210000038146973,13.210000038146973,394,0.0,0.0
2024-07-10 11:25:00-04:00,13.210000038146973,13.210000038146973,13.210000038146973,13.210000038146973,451,0.0,0.0
2024-07-10 11:30:00-04:00,13.220000267028809,13.229999542236328,13.220000267028809,13.229999542236328,2484,0.0,0.0
2024-07-10 11:35:00-04:00,13.229999542236328,13.239999771118164,13.229999542236328,13.239999771118164,2682,0.0,0.0
2024-07-10 11:40:00-04:00,13.229999542236328,13.239999771118164,13.229999542236328,13.239999771118164,1976,0.0,0.0
2024-07-10 11:45:00-04:00,13.25,13.270000457763672,13.25,13.270000457763672,7772,0.0,0.0
2024-07-10 11:50:00-04:00,13.270000457763672,13.270000457763672,13.270000457763672,13.270000457763672,328,0.0,0.0
2024-07-10 11:55:00-04:00,13.279999732971191,13.28499984741211,13.279999732971191,13.28499984741211,1169,0.0,0.0
2024-07-10 12:00:00-04:00,13.289999961853027,13.289999961853027,13.289999961853027,13.289999961853027,1347,0.0,0.0
2024-07-10 12:05:00-04:00,13.289999961853027,13.289999961853027,13.260000228881836,13.260000228881836,2414,0.0,0.0
2024-07-10 12:10:00-04:00,13.260000228881836,13.260000228881836,13.255000114440918,13.255000114440918,417,0.0,0.0
2024-07-10 12:15:00-04:00,13.25,13.255000114440918,13.25,13.25,3127,0.0,0.0
2024-07-10 12:20:00-04:00,13.25,13.300000190734863,13.25,13.300000190734863,5038,0.0,0.0
2024-07-10 12:25:00-04:00,13.289999961853027,13.289999961853027,13.289999961853027,13.289999961853027,983,0.0,0.0
2024-07-10 12:30:00-04:00,13.289999961853027,13.289999961853027,13.289999961853027,13.289999961853027,1020,0.0,0.0
2024-07-10 12:35:00-04:00,13.289999961853027,13.300000190734863,13.289999961853027,13.300000190734863,828,0.0,0.0
2024-07-10 12:40:00-04:00,13.289999961853027,13.300000190734863,13.289999961853027,13.300000190734863,1069,0.0,0.0
2024-07-10 12:45:00-04:00,13.300000190734863,13.329999923706055,13.300000190734863,13.319999694824219,3131,0.0,0.0
2024-07-10 12:50:00-04:00,13.319999694824219,13.319999694824219,13.3149995803833,13.3149995803833,1715,0.0,0.0
2024-07-10 12:55:00-04:00,13.3149995803833,13.3149995803833,13.3149995803833,13.3149995803833,996,0.0,0.0
2024-07-10 13:00:00-04:00,13.319999694824219,13.319999694824219,13.319999694824219,13.319999694824219,674,0.0,0.0
2024-07-10 13:05:00-04:00,13.324999809265137,13.324999809265137,13.300000190734863,13.3100004196167,3123,0.0,0.0
2024-07-10 13:10:00-04:00,13.3100004196167,13.3100004196167,13.3100004196167,13.3100004196167,491,0.0,0.0
2024-07-10 13:15:00-04:00,13.3100004196167,13.3100004196167,13.3100004196167,13.3100004196167,381,0.0,0.0
2024-07-10 13:20:00-04:00,13.3100004196167,13.3100004196167,13.289999961853027,13.289999961853027,3233,0.0,0.0
2024-07-10 13:25:00-04:00,13.289999961853027,13.300000190734863,13.289999961853027,13.300000190734863,2910,0.0,0.0
2024-07-10 13:30:00-04:00,13.291000366210938,13.300000190734863,13.29010009765625,13.300000190734863,7139,0.0,0.0
2024-07-10 13:35:00-04:00,13.300000190734863,13.3100004196167,13.300000190734863,13.3100004196167,461,0.0,0.0
2024-07-10 13:40:00-04:00,13.3100004196167,13.3100004196167,13.3100004196167,13.3100004196167,1173,0.0,0.0
2024-07-10 13:45:00-04:00,13.3100004196167,13.3100004196167,13.305000305175781,13.305000305175781,451,0.0,0.0
2024-07-10 13:50:00-04:00,13.3100004196167,13.319999694824219,13.305000305175781,13.319999694824219,3385,0.0,0.0
2024-07-10 13:55:00-04:00,13.319999694824219,13.319999694824219,13.3100004196167,13.3100004196167,4053,0.0,0.0
2024-07-10 14:00:00-04:00,13.3100004196167,13.3100004196167,13.3100004196167,13.3100004196167,449,0.0,0.0
2024-07-10 14:05:00-04:00,13.3100004196167,13.3100004196167,13.300000190734863,13.3100004196167,1486,0.0,0.0
2024-07-10 14:10:00-04:00,13.3100004196167,13.324999809265137,13.305000305175781,13.324999809265137,3558,0.0,0.0
2024-07-10 14:15:00-04:00,13.329999923706055,13.350000381469727,13.329999923706055,13.34000015258789,2369,0.0,0.0
2024-07-10 14:20:00-04:00,13.345000267028809,13.345000267028809,13.33810043334961,13.33810043334961,2444,0.0,0.0
2024-07-10 14:25:00-04:00,13.335000038146973,13.335000038146973,13.329999923706055,13.329999923706055,1536,0.0,0.0
2024-07-10 14:30:00-04:00,13.324999809265137,13.34000015258789,13.324999809265137,13.335000038146973,3288,0.0,0.0
2024-07-10 14:35:00-04:00,13.345000267028809,13.345000267028809,13.329999923706055,13.329999923706055,3893,0.0,0.0
2024-07-10 14:40:00-04:00,13.329999923706055,13.335000038146973,13.329999923706055,13.335000038146973,1049,0.0,0.0
2024-07-10 14:45:00-04:00,13.335000038146973,13.335000038146973,13.329999923706055,13.329999923706055,1523,0.0,0.0
2024-07-10 14:50:00-04:00,13.34000015258789,13.34000015258789,13.335000038146973,13.335000038146973,2709,0.0,0.0
2024-07-10 14:55:00-04:00,13.329999923706055,13.345000267028809,13.329999923706055,13.345000267028809,2376,0.0,0.0
2024-07-10 15:00:00-04:00,13.350000381469727,13.350000381469727,13.345000267028809,13.345000267028809,1025,0.0,0.0
2024-07-10 15:05:00-04:00,13.34000015258789,13.350000381469727,13.34000015258789,13.350000381469727,4872,0.0,0.0
2024-07-10 15:10:00-04:00,13.345000267028809,13.345000267028809,13.345000267028809,13.345000267028809,144,0.0,0.0
2024-07-10 15:15:00-04:00,13.34000015258789,13.350000381469727,13.34000015258789,13.345000267028809,1586,0.0,0.0
2024-07-10 15:20:00-04:00,13.345000267028809,13.350000381469727,13.34000015258789,13.350000381469727,1208,0.0,0.0
2024-07-10 15:25:00-04:00,13.345000267028809,13.350000381469727,13.34000015258789,13.350000381469727,2002,0.0,0.0
2024-07-10 15:30:00-04:00,13.350000381469727,13.375,13.34000015258789,13.345000267028809,9379,0.0,0.0
2024-07-10 15:35:00-04:00,13.345000267028809,13.350000381469727,13.34000015258789,13.345000267028809,1958,0.0,0.0
2024-07-10 15:40:00-04:00,13.345000267028809,13.364999771118164,13.34000015258789,13.364999771118164,13364,0.0,0.0
2024-07-10 15:45:00-04:00,13.364999771118164,13.399999618530273,13.364999771118164,13.395000457763672,8858,0.0,0.0
2024-07-10 15:50:00-04:00,13.390000343322754,13.430000305175781,13.390000343322754,13.420000076293945,22097,0.0,0.0
2024-07-10 15:55:00-04:00,13.420000076293945,13.470000267028809,13.420000076293945,13.454999923706055,81490,0.0,0.0
2024-07-11 09:30:00-04:00,13.6899995803833,13.6899995803833,13.595000267028809,13.595000267028809,6869,0.0,0.0
2024-07-11 09:40:00-04:00,13.65999984741211,13.710000038146973,13.630000114440918,13.710000038146973,2086,0.0,0.0
2024-07-11 09:45:00-04:00,13.704999923706055,13.704999923706055,13.630000114440918,13.649999618530273,4518,0.0,0.0
2024-07-11 09:50:00-04:00,13.670000076293945,13.6899995803833,13.670000076293945,13.6899995803833,1940,0.0,0.0
2024-07-11 09:55:00-04:00,13.670000076293945,13.699999809265137,13.670000076293945,13.699999809265137,930,0.0,0.0
2024-07-11 10:00:00-04:00,13.699999809265137,13.720000267028809,13.670000076293945,13.710000038146973,13657,0.0,0.0
2024-07-11 10:05:00-04:00,13.699999809265137,13.720000267028809,13.6899995803833,13.6899995803833,2532,0.0,0.0
2024-07-11 10:10:00-04:00,13.680000305175781,13.680000305175781,13.649999618530273,13.649999618530273,4538,0.0,0.0
2024-07-11 10:15:00-04:00,13.640000343322754,13.640000343322754,13.619999885559082,13.619999885559082,5791,0.0,0.0
2024-07-11 10:20:00-04:00,13.609999656677246,13.619999885559082,13.579999923706055,13.619999885559082,6091,0.0,0.0
2024-07-11 10:25:00-04:00,13.609999656677246,13.65999984741211,13.609999656677246,13.649999618530273,2234,0.0,0.0
2024-07-11 10:30:00-04:00,13.65999984741211,13.670000076293945,13.65999984741211,13.65999984741211,2660,0.0,0.0
2024-07-11 10:35:00-04:00,13.649999618530273,13.649999618530273,13.630000114440918,13.649999618530273,3001,0.0,0.0
2024-07-11 10:40:00-04:00,13.649999618530273,13.649999618530273,13.649999618530273,13.649999618530273,1684,0.0,0.0
2024-07-11 10:45:00-04:00,13.65999984741211,13.65999984741211,13.649999618530273,13.65999984741211,1389,0.0,0.0
2024-07-11 10:50:00-04:00,13.65999984741211,13.65999984741211,13.649999618530273,13.65999984741211,3110,0.0,0.0
2024-07-11 10:55:00-04:00,13.65999984741211,13.670000076293945,13.640000343322754,13.65999984741211,5399,0.0,0.0
2024-07-11 11:00:00-04:00,13.65999984741211,13.670000076293945,13.65999984741211,13.670000076293945,2162,0.0,0.0
2024-07-11 11:05:00-04:00,13.670000076293945,13.670000076293945,13.65999984741211,13.65999984741211,905,0.0,0.0
2024-07-11 11:10:00-04:00,13.65999984741211,13.6899995803833,13.65999984741211,13.670000076293945,4149,0.0,0.0
2024-07-11 11:15:00-04:00,13.664999961853027,13.664999961853027,13.65999984741211,13.65999984741211,715,0.0,0.0
2024-07-11 11:20:00-04:00,13.649999618530273,13.649999618530273,13.619999885559082,13.619999885559082,1680,0.0,0.0
2024-07-11 11:25:00-04:00,13.619999885559082,13.619999885559082,13.610899925231934,13.619999885559082,1535,0.0,0.0
2024-07-11 11:30:00-04:00,13.630000114440918,13.635000228881836,13.630000114440918,13.635000228881836,1402,0.0,0.0
2024-07-11 11:35:00-04:00,13.640000343322754,13.649999618530273,13.640000343322754,13.640000343322754,2388,0.0,0.0
2024-07-11 11:40:00-04:00,13.649999618530273,13.65999984741211,13.649999618530273,13.65999984741211,832,0.0,0.0
2024-07-11 11:45:00-04:00,13.670000076293945,13.670000076293945,13.65999984741211,13.65999984741211,1264,0.0,0.0
2024-07-11 11:50:00-04:00,13.65999984741211,13.65999984741211,13.640000343322754,13.649999618530273,2013,0.0,0.0
2024-07-11 11:55:00-04:00,13.640000343322754,13.640000343322754,13.630000114440918,13.630000114440918,1985,0.0,0.0
2024-07-11 12:00:00-04:00,13.609999656677246,13.609999656677246,13.595000267028809,13.595000267028809,1234,0.0,0.0
2024-07-11 12:05:00-04:00,13.600000381469727,13.635000228881836,13.600000381469727,13.630000114440918,2744,0.0,0.0
2024-07-11 12:10:00-04:00,13.630000114440918,13.640000343322754,13.630000114440918,13.640000343322754,959,0.0,0.0
2024-07-11 12:15:00-04:00,13.640000343322754,13.640000343322754,13.630000114440918,13.630000114440918,930,0.0,0.0
2024-07-11 12:20:00-04:00,13.633999824523926,13.640000343322754,13.630000114440918,13.640000343322754,1163,0.0,0.0
2024-07-11 12:25:00-04:00,13.645000457763672,13.65999984741211,13.645000457763672,13.65999984741211,1370,0.0,0.0
2024-07-11 12:30:00-04:00,13.65999984741211,13.664999961853027,13.654999732971191,13.65999984741211,2181,0.0,0.0
2024-07-11 12:35:00-04:00,13.65999984741211,13.670000076293945,13.654999732971191,13.65999984741211,4160,0.0,0.0
2024-07-11 12:40:00-04:00,13.670000076293945,13.670000076293945,13.654999732971191,13.654999732971191,1807,0.0,0.0
2024-07-11 12:45:00-04:00,13.649999618530273,13.649999618530273,13.619999885559082,13.619999885559082,2247,0.0,0.0
2024-07-11 12:50:00-04:00,13.600000381469727,13.614999771118164,13.600000381469727,13.614999771118164,337,0.0,0.0
2024-07-11 12:55:00-04:00,13.619999885559082,13.640000343322754,13.619999885559082,13.640000343322754,3385,0.0,0.0
2024-07-11 13:00:00-04:00,13.649999618530273,13.649999618530273,13.640000343322754,13.649999618530273,1100,0.0,0.0
2024-07-11 13:05:00-04:00,13.640000343322754,13.6899995803833,13.640000343322754,13.680000305175781,4518,0.0,0.0
2024-07-11 13:10:00-04:00,13.6850004196167,13.694999694824219,13.6850004196167,13.6899995803833,4290,0.0,0.0
2024-07-11 13:15:00-04:00,13.6899995803833,13.699999809265137,13.6850004196167,13.6899995803833,1173,0.0,0.0
2024-07-11 13:20:00-04:00,13.699999809265137,13.699999809265137,13.6899995803833,13.6899995803833,6053,0.0,0.0
2024-07-11 13:25:00-04:00,13.699999809265137,13.699999809265137,13.6899995803833,13.694999694824219,3359,0.0,0.0
2024-07-11 13:30:00-04:00,13.6899995803833,13.6899995803833,13.65999984741211,13.65999984741211,3401,0.0,0.0
2024-07-11 13:35:00-04:00,13.649999618530273,13.649999618530273,13.630000114440918,13.640000343322754,2779,0.0,0.0
2024-07-11 13:40:00-04:00,13.649999618530273,13.649999618530273,13.649999618530273,13.649999618530273,1042,0.0,0.0
2024-07-11 13:45:00-04:00,13.65999984741211,13.65999984741211,13.649999618530273,13.65999984741211,874,0.0,0.0
2024-07-11 13:50:00-04:00,13.654999732971191,13.654999732971191,13.645000457763672,13.645000457763672,1435,0.0,0.0
2024-07-11 13:55:00-04:00,13.649999618530273,13.649999618530273,13.649999618530273,13.649999618530273,725,0.0,0.0
2024-07-11 14:00:00-04:00,13.649999618530273,13.649999618530273,13.645000457763672,13.645000457763672,2382,0.0,0.0
2024-07-11 14:05:00-04:00,13.649999618530273,13.649999618530273,13.645000457763672,13.645000457763672,2333,0.0,0.0
2024-07-11 14:10:00-04:00,13.645000457763672,13.65999984741211,13.645000457763672,13.65999984741211,3021,0.0,0.0
2024-07-11 14:15:00-04:00,13.65999984741211,13.680000305175781,13.654999732971191,13.680000305175781,5207,0.0,0.0
2024-07-11 14:20:00-04:00,13.6899995803833,13.694999694824219,13.6899995803833,13.694999694824219,1149,0.0,0.0
2024-07-11 14:25:00-04:00,13.680000305175781,13.680000305175781,13.65999984741211,13.670000076293945,3672,0.0,0.0
2024-07-11 14:30:00-04:00,13.670000076293945,13.720000267028809,13.670000076293945,13.720000267028809,2482,0.0,0.0
2024-07-11 14:35:00-04:00,13.710000038146973,13.710000038146973,13.6899995803833,13.694999694824219,3108,0.0,0.0
2024-07-11 14:40:00-04:00,13.694999694824219,13.699999809265137,13.694999694824219,13.699999809265137,2266,0.0,0.0
2024-07-11 14:45:00-04:00,13.699999809265137,13.699999809265137,13.694999694824219,13.694999694824219,1094,0.0,0.0
2024-07-11 14:50:00-04:00,13.699999809265137,13.699999809265137,13.680000305175781,13.680000305175781,2800,0.0,0.0
2024-07-11 14:55:00-04:00,13.6899995803833,13.6899995803833,13.6850004196167,13.6850004196167,1005,0.0,0.0
2024-07-11 15:00:00-04:00,13.680000305175781,13.6850004196167,13.670000076293945,13.680000305175781,2908,0.0,0.0
2024-07-11 15:05:00-04:00,13.670000076293945,13.670000076293945,13.65999984741211,13.664999961853027,1374,0.0,0.0
2024-07-11 15:10:00-04:00,13.664999961853027,13.680000305175781,13.649999618530273,13.680000305175781,6931,0.0,0.0
2024-07-11 15:15:00-04:00,13.6850004196167,13.699999809265137,13.6850004196167,13.699999809265137,2479,0.0,0.0
2024-07-11 15:20:00-04:00,13.694999694824219,13.699999809265137,13.6850004196167,13.699999809265137,2491,0.0,0.0
2024-07-11 15:25:00-04:00,13.694999694824219,13.694999694824219,13.6850004196167,13.6850004196167,3192,0.0,0.0
2024-07-11 15:30:00-04:00,13.6899995803833,13.710000038146973,13.6850004196167,13.710000038146973,5429,0.0,0.0
2024-07-11 15:35:00-04:00,13.71500015258789,13.720000267028809,13.711000442504883,13.711000442504883,2863,0.0,0.0
2024-07-11 15:40:00-04:00,13.720000267028809,13.720000267028809,13.699999809265137,13.710000038146973,7741,0.0,0.0
2024-07-11 15:45:00-04:00,13.710000038146973,13.739999771118164,13.710000038146973,13.729999542236328,14712,0.0,0.0
2024-07-11 15:50:00-04:00,13.729999542236328,13.729999542236328,13.6899995803833,13.6899995803833,12410,0.0,0.0
2024-07-11 15:55:00-04:00,13.694999694824219,13.710000038146973,13.670000076293945,13.680000305175781,40240,0.0,0.0
2024-07-12 09:30:00-04:00,13.770000457763672,13.800000190734863,13.770000457763672,13.770000457763672,8367,0.0,0.0
2024-07-12 09:35:00-04:00,13.800000190734863,13.800000190734863,13.779999732971191,13.800000190734863,2115,0.0,0.0
2024-07-12 09:40:00-04:00,13.8100004196167,13.8100004196167,13.779999732971191,13.789999961853027,2722,0.0,0.0
2024-07-12 09:45:00-04:00,13.8100004196167,13.8100004196167,13.789999961853027,13.8100004196167,1220,0.0,0.0
2024-07-12 09:50:00-04:00,13.789999961853027,13.789999961853027,13.760000228881836,13.760000228881836,1389,0.0,0.0
2024-07-12 09:55:00-04:00,13.760000228881836,13.789999961853027,13.760000228881836,13.789400100708008,2073,0.0,0.0
2024-07-12 10:00:00-04:00,13.789999961853027,13.819999694824219,13.779999732971191,13.789999961853027,4460,0.0,0.0
2024-07-12 10:05:00-04:00,13.8100004196167,13.8100004196167,13.770000457763672,13.770000457763672,3205,0.0,0.0
2024-07-12 10:10:00-04:00,13.760000228881836,13.779999732971191,13.75,13.779999732971191,933,0.0,0.0
2024-07-12 10:15:00-04:00,13.800000190734863,13.8100004196167,13.789999961853027,13.8100004196167,1731,0.0,0.0
2024-07-12 10:20:00-04:00,13.819999694824219,13.819999694824219,13.8100004196167,13.819999694824219,1993,0.0,0.0
2024-07-12 10:25:00-04:00,13.819999694824219,13.850000381469727,13.819999694824219,13.850000381469727,1187,0.0,0.0
2024-07-12 10:30:00-04:00,13.85099983215332,13.85099983215332,13.845000267028809,13.850000381469727,1516,0.0,0.0
2024-07-12 10:35:00-04:00,13.850000381469727,13.880000114440918,13.84000015258789,13.880000114440918,2348,0.0,0.0
2024-07-12 10:40:00-04:00,13.869999885559082,13.869999885559082,13.800000190734863,13.819999694824219,3821,0.0,0.0
2024-07-12 10:45:00-04:00,13.819999694824219,13.819999694824219,13.789999961853027,13.789999961853027,1561,0.0,0.0
2024-07-12 10:50:00-04:00,13.789999961853027,13.800000190734863,13.779999732971191,13.800000190734863,1737,0.0,0.0
2024-07-12 10:55:00-04:00,13.800000190734863,13.800000190734863,13.789999961853027,13.789999961853027,874,0.0,0.0
2024-07-12 11:00:00-04:00,13.789999961853027,13.824999809265137,13.789999961853027,13.821000099182129,2244,0.0,0.0
2024-07-12 11:05:00-04:00,13.800000190734863,13.8100004196167,13.800000190734863,13.8100004196167,448,0.0,0.0
2024-07-12 11:10:00-04:00,13.800999641418457,13.8100004196167,13.800999641418457,13.8100004196167,1777,0.0,0.0
2024-07-12 11:15:00-04:00,13.789999961853027,13.789999961853027,13.789999961853027,13.789999961853027,830,0.0,0.0
2024-07-12 11:20:00-04:00,13.789999961853027,13.789999961853027,13.779999732971191,13.779999732971191,1263,0.0,0.0
2024-07-12 11:25:00-04:00,13.770000457763672,13.800000190734863,13.770000457763672,13.800000190734863,2089,0.0,0.0
2024-07-12 11:30:00-04:00,13.789999961853027,13.789999961853027,13.770000457763672,13.779999732971191,2522,0.0,0.0
2024-07-12 11:35:00-04:00,13.770000457763672,13.770000457763672,13.760000228881836,13.760000228881836,2586,0.0,0.0
2024-07-12 11:40:00-04:00,13.760000228881836,13.770000457763672,13.760000228881836,13.770000457763672,837,0.0,0.0
2024-07-12 11:45:00-04:00,13.789999961853027,13.789999961853027,13.78499984741211,13.789999961853027,843,0.0,0.0
2024-07-12 11:50:00-04:00,13.800000190734863,13.800000190734863,13.789999961853027,13.789999961853027,2249,0.0,0.0
2024-07-12 11:55:00-04:00,13.770000457763672,13.779999732971191,13.770000457763672,13.770000457763672,1498,0.0,0.0
2024-07-12 12:00:00-04:00,13.779999732971191,13.779999732971191,13.760000228881836,13.770000457763672,1640,0.0,0.0
2024-07-12 12:05:00-04:00,13.770000457763672,13.770000457763672,13.770000457763672,13.770000457763672,1949,0.0,0.0
2024-07-12 12:10:00-04:00,13.770000457763672,13.770000457763672,13.760000228881836,13.770000457763672,534,0.0,0.0
2024-07-12 12:15:00-04:00,13.779999732971191,13.800000190734863,13.779999732971191,13.789999961853027,3210,0.0,0.0
2024-07-12 12:20:00-04:00,13.800000190734863,13.8100004196167,13.789999961853027,13.8100004196167,2576,0.0,0.0
2024-07-12 12:25:00-04:00,13.800000190734863,13.800000190734863,13.789999961853027,13.789999961853027,2846,0.0,0.0
2024-07-12 12:30:00-04:00,13.789999961853027,13.800000190734863,13.789999961853027,13.800000190734863,1912,0.0,0.0
2024-07-12 12:35:00-04:00,13.800000190734863,13.800000190734863,13.800000190734863,13.800000190734863,880,0.0,0.0
2024-07-12 12:40:00-04:00,13.8100004196167,13.8100004196167,13.789999961853027,13.789999961853027,4332,0.0,0.0
2024-07-12 12:45:00-04:00,13.789999961853027,13.789999961853027,13.789999961853027,13.789999961853027,410,0.0,0.0
2024-07-12 12:50:00-04:00,13.795000076293945,13.8100004196167,13.789999961853027,13.8100004196167,2917,0.0,0.0
2024-07-12 12:55:00-04:00,13.829999923706055,13.84000015258789,13.829999923706055,13.835000038146973,5332,0.0,0.0
2024-07-12 13:00:00-04:00,13.84000015258789,13.84000015258789,13.829999923706055,13.84000015258789,4171,0.0,0.0
2024-07-12 13:05:00-04:00,13.84000015258789,13.854999542236328,13.84000015258789,13.854999542236328,2403,0.0,0.0
2024-07-12 13:10:00-04:00,13.859999656677246,13.859999656677246,13.850000381469727,13.850000381469727,4975,0.0,0.0
2024-07-12 13:20:00-04:00,13.859999656677246,13.869999885559082,13.854999542236328,13.869999885559082,2367,0.0,0.0
2024-07-12 13:25:00-04:00,13.859999656677246,13.859999656677246,13.84000015258789,13.84000015258789,6442,0.0,0.0
2024-07-12 13:30:00-04:00,13.84000015258789,13.845000267028809,13.84000015258789,13.84000015258789,7285,0.0,0.0
2024-07-12 13:35:00-04:00,13.84000015258789,13.845000267028809,13.84000015258789,13.845000267028809,3091,0.0,0.0
2024-07-12 13:40:00-04:00,13.850000381469727,13.90999984741211,13.845000267028809,13.90999984741211,4750,0.0,0.0
2024-07-12 13:45:00-04:00,13.920000076293945,13.930000305175781,13.90999984741211,13.914999961853027,7044,0.0,0.0
2024-07-12 13:50:00-04:00,13.90999984741211,13.90999984741211,13.899999618530273,13.899999618530273,2001,0.0,0.0
2024-07-12 13:55:00-04:00,13.895000457763672,13.895000457763672,13.890000343322754,13.890000343322754,2050,0.0,0.0
2024-07-12 14:00:00-04:00,13.890000343322754,13.899999618530273,13.890000343322754,13.899999618530273,1267,0.0,0.0
2024-07-12 14:05:00-04:00,13.899999618530273,13.899999618530273,13.899999618530273,13.899999618530273,2338,0.0,0.0
2024-07-12 14:10:00-04:00,13.90999984741211,13.90999984741211,13.890000343322754,13.890000343322754,2482,0.0,0.0
2024-07-12 14:15:00-04:00,13.895000457763672,13.895000457763672,13.890000343322754,13.895000457763672,1456,0.0,0.0
2024-07-12 14:20:00-04:00,13.895000457763672,13.895000457763672,13.880000114440918,13.885000228881836,2190,0.0,0.0
2024-07-12 14:25:00-04:00,13.880000114440918,13.895000457763672,13.880000114440918,13.895000457763672,2624,0.0,0.0
2024-07-12 14:30:00-04:00,13.895000457763672,13.899999618530273,13.895000457763672,13.895000457763672,1386,0.0,0.0
2024-07-12 14:35:00-04:00,13.899999618530273,13.904999732971191,13.895000457763672,13.904999732971191,2376,0.0,0.0
2024-07-12 14:40:00-04:00,13.904999732971191,13.904999732971191,13.895000457763672,13.895000457763672,4078,0.0,0.0
2024-07-12 14:45:00-04:00,13.895000457763672,13.914999961853027,13.895000457763672,13.914999961853027,5640,0.0,0.0
2024-07-12 14:50:00-04:00,13.910099983215332,13.914999961853027,13.904999732971191,13.90999984741211,6015,0.0,0.0
2024-07-12 14:55:00-04:00,13.920000076293945,13.930000305175781,13.920000076293945,13.930000305175781,1616,0.0,0.0
2024-07-12 15:00:00-04:00,13.925000190734863,13.9350004196167,13.90999984741211,13.914999961853027,8424,0.0,0.0
2024-07-12 15:05:00-04:00,13.914999961853027,13.914999961853027,13.904999732971191,13.904999732971191,1756,0.0,0.0
2024-07-12 15:10:00-04:00,13.900099754333496,13.90999984741211,13.899999618530273,13.904999732971191,2400,0.0,0.0
2024-07-12 15:15:00-04:00,13.90999984741211,13.920000076293945,13.904999732971191,13.920000076293945,4151,0.0,0.0
2024-07-12 15:20:00-04:00,13.914999961853027,13.914999961853027,13.90999984741211,13.914999961853027,2155,0.0,0.0
2024-07-12 15:25:00-04:00,13.920000076293945,13.920000076293945,13.899999618530273,13.899999618530273,6940,0.0,0.0
2024-07-12 15:30:00-04:00,13.895000457763672,13.930000305175781,13.885000228881836,13.930000305175781,12053,0.0,0.0
2024-07-12 15:35:00-04:00,13.925000190734863,13.930000305175781,13.90999984741211,13.930000305175781,12443,0.0,0.0
2024-07-12 15:40:00-04:00,13.925000190734863,13.949999809265137,13.90999984741211,13.914999961853027,18083,0.0,0.0
2024-07-12 15:45:00-04:00,13.90999984741211,13.930000305175781,13.899999618530273,13.899999618530273,12197,0.0,0.0
2024-07-12 15:50:00-04:00,13.895000457763672,13.930000305175781,13.875,13.880000114440918,23256,0.0,0.0
2024-07-12 15:55:00-04:00,13.875,13.875,13.850000381469727,13.869999885559082,44971,0.0,0.0
2024-07-15 09:30:00-04:00,13.869999885559082,13.90999984741211,13.829999923706055,13.90999984741211,9955,0.0,0.0
2024-07-15 09:35:00-04:00,13.90999984741211,13.930000305175781,13.90999984741211,13.930000305175781,1446,0.0,0.0
2024-07-15 09:40:00-04:00,13.930000305175781,13.960000038146973,13.920000076293945,13.960000038146973,2186,0.0,0.0
2024-07-15 09:45:00-04:00,13.960000038146973,13.979999542236328,13.954999923706055,13.970000267028809,1434,0.0,0.0
2024-07-15 09:50:00-04:00,13.970000267028809,14.0,13.96500015258789,14.0,2422,0.0,0.0
2024-07-15 09:55:00-04:00,13.989999771118164,13.989999771118164,13.989999771118164,13.989999771118164,947,0.0,0.0
2024-07-15 10:00:00-04:00,13.989999771118164,14.039999961853027,13.979999542236328,14.029999732971191,3225,0.0,0.0
2024-07-15 10:05:00-04:00,14.020000457763672,14.020000457763672,14.0,14.005000114440918,1841,0.0,0.0
2024-07-15 10:10:00-04:00,14.0,14.0,13.960000038146973,13.960000038146973,3311,0.0,0.0
2024-07-15 10:15:00-04:00,13.979999542236328,14.0,13.979999542236328,13.989999771118164,1650,0.0,0.0
2024-07-15 10:20:00-04:00,14.010000228881836,14.020000457763672,14.010000228881836,14.020000457763672,662,0.0,0.0
2024-07-15 10:25:00-04:00,14.020000457763672,14.020000457763672,14.020000457763672,14.020000457763672,867,0.0,0.0
2024-07-15 10:30:00-04:00,14.020000457763672,14.029999732971191,14.010000228881836,14.020000457763672,3780,0.0,0.0
2024-07-15 10:35:00-04:00,14.020000457763672,14.029999732971191,13.960000038146973,13.960000038146973,6603,0.0,0.0
2024-07-15 10:40:00-04:00,13.944999694824219,13.949999809265137,13.920000076293945,13.920000076293945,4602,0.0,0.0
2024-07-15 10:45:00-04:00,13.90999984741211,13.920000076293945,13.890000343322754,13.914999961853027,4935,0.0,0.0
2024-07-15 10:50:00-04:00,13.899999618530273,13.90999984741211,13.890000343322754,13.899999618530273,2706,0.0,0.0
2024-07-15 10:55:00-04:00,13.890000343322754,13.890000343322754,13.869999885559082,13.869999885559082,2347,0.0,0.0
2024-07-15 11:00:00-04:00,13.880000114440918,13.890000343322754,13.869999885559082,13.882599830627441,4509,0.0,0.0
2024-07-15 11:05:00-04:00,13.889200210571289,13.90999984741211,13.880000114440918,13.880000114440918,4790,0.0,0.0
2024-07-15 11:10:00-04:00,13.890000343322754,13.890000343322754,13.880000114440918,13.880000114440918,5107,0.0,0.0
2024-07-15 11:15:00-04:00,13.890000343322754,13.890000343322754,13.890000343322754,13.890000343322754,1076,0.0,0.0
2024-07-15 11:20:00-04:00,13.890000343322754,13.899999618530273,13.869999885559082,13.869999885559082,6048,0.0,0.0
2024-07-15 11:25:00-04:00,13.880000114440918,13.880000114440918,13.869999885559082,13.869999885559082,403,0.0,0.0
2024-07-15 11:30:00-04:00,13.859999656677246,13.859999656677246,13.84000015258789,13.84000015258789,3432,0.0,0.0
2024-07-15 11:35:00-04:00,13.84000015258789,13.869999885559082,13.84000015258789,13.869999885559082,2390,0.0,0.0
2024-07-15 11:40:00-04:00,13.880000114440918,13.899999618530273,13.880000114440918,13.899999618530273,2361,0.0,0.0
2024-07-15 11:45:00-04:00,13.899999618530273,13.90999984741211,13.899999618530273,13.90999984741211,379,0.0,0.0
2024-07-15 11:50:00-04:00,13.90999984741211,13.930000305175781,13.90999984741211,13.930000305175781,1753,0.0,0.0
2024-07-15 11:55:00-04:00,13.930000305175781,13.9399995803833,13.930000305175781,13.930000305175781,1819,0.0,0.0
2024-07-15 12:00:00-04:00,13.930000305175781,13.9399995803833,13.899999618530273,13.899999618530273,8744,0.0,0.0
2024-07-15 12:05:00-04:00,13.885000228881836,13.885000228881836,13.869999885559082,13.880000114440918,6020,0.0,0.0
2024-07-15 12:10:00-04:00,13.869999885559082,13.869999885559082,13.84000015258789,13.84000015258789,1487,0.0,0.0
2024-07-15 12:15:00-04:00,13.829999923706055,13.869999885559082,13.829999923706055,13.859999656677246,2578,0.0,0.0
2024-07-15 12:20:00-04:00,13.859999656677246,13.880000114440918,13.859999656677246,13.880000114440918,1962,0.0,0.0
2024-07-15 12:25:00-04:00,13.890000343322754,13.890000343322754,13.880000114440918,13.880000114440918,1025,0.0,0.0
2024-07-15 12:30:00-04:00,13.869999885559082,13.869999885559082,13.84000015258789,13.850000381469727,1964,0.0,0.0
2024-07-15 12:35:00-04:00,13.850000381469727,13.850000381469727,13.829999923706055,13.84000015258789,985,0.0,0.0
2024-07-15 12:40:00-04:00,13.850000381469727,13.850000381469727,13.84000015258789,13.84000015258789,3886,0.0,0.0
2024-07-15 12:45:00-04:00,13.819999694824219,13.829999923706055,13.819999694824219,13.829999923706055,664,0.0,0.0
2024-07-15 12:50:00-04:00,13.824999809265137,13.824999809265137,13.819999694824219,13.819999694824219,427,0.0,0.0
2024-07-15 12:55:00-04:00,13.819999694824219,13.829999923706055,13.819999694824219,13.819999694824219,4277,0.0,0.0
2024-07-15 13:00:00-04:00,13.800000190734863,13.800000190734863,13.779999732971191,13.779999732971191,6023,0.0,0.0
2024-07-15 13:05:00-04:00,13.779999732971191,13.800000190734863,13.771300315856934,13.800000190734863,4135,0.0,0.0
2024-07-15 13:10:00-04:00,13.779999732971191,13.789999961853027,13.779999732971191,13.789999961853027,393,0.0,0.0
2024-07-15 13:15:00-04:00,13.800000190734863,13.805000305175781,13.779999732971191,13.805000305175781,3018,0.0,0.0
2024-07-15 13:20:00-04:00,13.800000190734863,13.8100004196167,13.800000190734863,13.8100004196167,1583,0.0,0.0
2024-07-15 13:25:00-04:00,13.8100004196167,13.8100004196167,13.800000190734863,13.800000190734863,2723,0.0,0.0
2024-07-15 13:30:00-04:00,13.770000457763672,13.770000457763672,13.75,13.755000114440918,1374,0.0,0.0
2024-07-15 13:35:00-04:00,13.755000114440918,13.760000228881836,13.755000114440918,13.755000114440918,1018,0.0,0.0
2024-07-15 13:40:00-04:00,13.760000228881836,13.760000228881836,13.734999656677246,13.739999771118164,8428,0.0,0.0
2024-07-15 13:45:00-04:00,13.75,13.75,13.725000381469727,13.725000381469727,5515,0.0,0.0
2024-07-15 13:50:00-04:00,13.724200248718262,13.739999771118164,13.724200248718262,13.739999771118164,3905,0.0,0.0
2024-07-15 13:55:00-04:00,13.75,13.760000228881836,13.75,13.75,1832,0.0,0.0
2024-07-15 14:00:00-04:00,13.760000228881836,13.789999961853027,13.760000228881836,13.789999961853027,2483,0.0,0.0
2024-07-15 14:05:00-04:00,13.789999961853027,13.800000190734863,13.789999961853027,13.789999961853027,1544,0.0,0.0
2024-07-15 14:10:00-04:00,13.800000190734863,13.800000190734863,13.774999618530273,13.789999961853027,3132,0.0,0.0
2024-07-15 14:15:00-04:00,13.789999961853027,13.789999961853027,13.774999618530273,13.779999732971191,1918,0.0,0.0
2024-07-15 14:20:00-04:00,13.779999732971191,13.8100004196167,13.779999732971191,13.8100004196167,2034,0.0,0.0
2024-07-15 14:25:00-04:00,13.8100004196167,13.819999694824219,13.805000305175781,13.819999694824219,3243,0.0,0.0
2024-07-15 14:30:00-04:00,13.819999694824219,13.819999694824219,13.819999694824219,13.819999694824219,2733,0.0,0.0
2024-07-15 14:35:00-04:00,13.8149995803833,13.8149995803833,13.789999961853027,13.789999961853027,2826,0.0,0.0
2024-07-15 14:40:00-04:00,13.789999961853027,13.789999961853027,13.779999732971191,13.789999961853027,1677,0.0,0.0
2024-07-15 14:45:00-04:00,13.789999961853027,13.789999961853027,13.755000114440918,13.755000114440918,7267,0.0,0.0
2024-07-15 14:50:00-04:00,13.75,13.760000228881836,13.739999771118164,13.75,5222,0.0,0.0
2024-07-15 14:55:00-04:00,13.75,13.760000228881836,13.75,13.760000228881836,3474,0.0,0.0
2024-07-15 15:00:00-04:00,13.760000228881836,13.779999732971191,13.760000228881836,13.779999732971191,7415,0.0,0.0
2024-07-15 15:05:00-04:00,13.779999732971191,13.789999961853027,13.774999618530273,13.774999618530273,5092,0.0,0.0
2024-07-15 15:10:00-04:00,13.779999732971191,13.779999732971191,13.755000114440918,13.765000343322754,10619,0.0,0.0
2024-07-15 15:15:00-04:00,13.770000457763672,13.770000457763672,13.734999656677246,13.760000228881836,5854,0.0,0.0
2024-07-15 15:20:00-04:00,13.755000114440918,13.770000457763672,13.755000114440918,13.770000457763672,5199,0.0,0.0
2024-07-15 15:25:00-04:00,13.760000228881836,13.770000457763672,13.75100040435791,13.760000228881836,3557,0.0,0.0
2024-07-15 15:30:00-04:00,13.75,13.75,13.725000381469727,13.739999771118164,8678,0.0,0.0
2024-07-15 15:35:00-04:00,13.739999771118164,13.755000114440918,13.725000381469727,13.729999542236328,13541,0.0,0.0
2024-07-15 15:40:00-04:00,13.720000267028809,13.720000267028809,13.701000213623047,13.710000038146973,5490,0.0,0.0
2024-07-15 15:45:00-04:00,13.704999923706055,13.710000038146973,13.6899995803833,13.6899995803833,4791,0.0,0.0
2024-07-15 15:50:00-04:00,13.694999694824219,13.699999809265137,13.645000457763672,13.65999984741211,22658,0.0,0.0
2024-07-15 15:55:00-04:00,13.65999984741211,13.670000076293945,13.619999885559082,13.619999885559082,74703,0.0,0.0
2024-07-16 09:30:00-04:00,13.699999809265137,13.800000190734863,13.699999809265137,13.744999885559082,7438,0.0,0.0
2024-07-16 09:35:00-04:00,13.770000457763672,13.8100004196167,13.770000457763672,13.78499984741211,2412,0.0,0.0
2024-07-16 09:40:00-04:00,13.8100004196167,13.8100004196167,13.789999961853027,13.800000190734863,2174,0.0,0.0
2024-07-16 09:45:00-04:00,13.829999923706055,13.829999923706055,13.819999694824219,13.819999694824219,986,0.0,0.0
2024-07-16 09:50:00-04:00,13.8100004196167,13.8100004196167,13.800000190734863,13.8100004196167,2118,0.0,0.0
2024-07-16 09:55:00-04:00,13.829999923706055,13.84000015258789,13.829899787902832,13.84000015258789,1516,0.0,0.0
2024-07-16 10:00:00-04:00,13.84000015258789,13.850000381469727,13.819999694824219,13.819999694824219,1046,0.0,0.0
2024-07-16 10:05:00-04:00,13.819999694824219,13.819999694824219,13.765000343322754,13.770000457763672,1965,0.0,0.0
2024-07-16 10:10:00-04:00,13.770000457763672,13.795000076293945,13.770000457763672,13.789999961853027,1980,0.0,0.0
2024-07-16 10:15:00-04:00,13.800000190734863,13.8100004196167,13.734999656677246,13.734999656677246,5883,0.0,0.0
2024-07-16 10:20:00-04:00,13.734999656677246,13.734999656677246,13.6899995803833,13.710000038146973,5781,0.0,0.0
2024-07-16 10:25:00-04:00,13.710000038146973,13.710000038146973,13.6899995803833,13.710000038146973,6340,0.0,0.0
2024-07-16 10:30:00-04:00,13.744999885559082,13.75,13.744999885559082,13.75,391,0.0,0.0
2024-07-16 10:35:00-04:00,13.744999885559082,13.8100004196167,13.744999885559082,13.8100004196167,1327,0.0,0.0
2024-07-16 10:40:00-04:00,13.8100004196167,13.8100004196167,13.800000190734863,13.8100004196167,2402,0.0,0.0
2024-07-16 10:45:00-04:00,13.819999694824219,13.859999656677246,13.819999694824219,13.850000381469727,3037,0.0,0.0
2024-07-16 10:50:00-04:00,13.850000381469727,13.890000343322754,13.850000381469727,13.890000343322754,1928,0.0,0.0
2024-07-16 10:55:00-04:00,13.890000343322754,13.899999618530273,13.890000343322754,13.899999618530273,2014,0.0,0.0
2024-07-16 11:00:00-04:00,13.890000343322754,13.890000343322754,13.850000381469727,13.850000381469727,6026,0.0,0.0
2024-07-16 11:05:00-04:00,13.850000381469727,13.850000381469727,13.850000381469727,13.850000381469727,237,0.0,0.0
2024-07-16 11:10:00-04:00,13.854999542236328,13.869999885559082,13.850000381469727,13.850000381469727,3595,0.0,0.0
2024-07-16 11:15:00-04:00,13.850000381469727,13.850000381469727,13.819999694824219,13.819999694824219,1688,0.0,0.0
2024-07-16 11:20:00-04:00,13.8100004196167,13.8149995803833,13.8100004196167,13.8100004196167,915,0.0,0.0
2024-07-16 11:25:00-04:00,13.8149995803833,13.854999542236328,13.8149995803833,13.854999542236328,3055,0.0,0.0
2024-07-16 11:30:00-04:00,13.850000381469727,13.850000381469727,13.829999923706055,13.850000381469727,2694,0.0,0.0
2024-07-16 11:35:00-04:00,13.850000381469727,13.880000114440918,13.844799995422363,13.880000114440918,2871,0.0,0.0
2024-07-16 11:40:00-04:00,13.880000114440918,13.890000343322754,13.869999885559082,13.880000114440918,2599,0.0,0.0
2024-07-16 11:45:00-04:00,13.885000228881836,13.885000228881836,13.875,13.875,1417,0.0,0.0
2024-07-16 11:50:00-04:00,13.875,13.875,13.875,13.875,635,0.0,0.0
2024-07-16 11:55:00-04:00,13.869999885559082,13.869999885559082,13.859999656677246,13.864999771118164,2763,0.0,0.0
2024-07-16 12:00:00-04:00,13.864999771118164,13.869999885559082,13.859999656677246,13.869999885559082,996,0.0,0.0
2024-07-16 12:05:00-04:00,13.859999656677246,13.875,13.859999656677246,13.859999656677246,5388,0.0,0.0
2024-07-16 12:10:00-04:00,13.880000114440918,13.890000343322754,13.875,13.875,3405,0.0,0.0
2024-07-16 12:15:00-04:00,13.880000114440918,13.899999618530273,13.859999656677246,13.869999885559082,3199,0.0,0.0
2024-07-16 12:20:00-04:00,13.869999885559082,13.895000457763672,13.869999885559082,13.895000457763672,991,0.0,0.0
2024-07-16 12:25:00-04:00,13.899999618530273,13.899999618530273,13.885000228881836,13.885000228881836,1784,0.0,0.0
2024-07-16 12:30:00-04:00,13.875,13.880000114440918,13.864999771118164,13.864999771118164,3024,0.0,0.0
2024-07-16 12:35:00-04:00,13.859999656677246,13.869999885559082,13.859999656677246,13.869999885559082,2562,0.0,0.0
2024-07-16 12:40:00-04:00,13.869999885559082,13.869999885559082,13.869999885559082,13.869999885559082,1263,0.0,0.0
2024-07-16 12:45:00-04:00,13.850000381469727,13.850000381469727,13.84000015258789,13.84000015258789,475,0.0,0.0
2024-07-16 12:50:00-04:00,13.84000015258789,13.84000015258789,13.829999923706055,13.829999923706055,844,0.0,0.0
2024-07-16 12:55:00-04:00,13.829999923706055,13.829999923706055,13.8100004196167,13.8100004196167,3337,0.0,0.0
2024-07-16 13:00:00-04:00,13.8149995803833,13.819999694824219,13.8149995803833,13.8149995803833,541,0.0,0.0
2024-07-16 13:05:00-04:00,13.8149995803833,13.850000381469727,13.8100004196167,13.850000381469727,5243,0.0,0.0
2024-07-16 13:10:00-04:00,13.852700233459473,13.859999656677246,13.850000381469727,13.850000381469727,2732,0.0,0.0
2024-07-16 13:15:00-04:00,13.850000381469727,13.850000381469727,13.850000381469727,13.850000381469727,699,0.0,0.0
2024-07-16 13:20:00-04:00,13.84000015258789,13.84000015258789,13.830699920654297,13.830699920654297,2514,0.0,0.0
2024-07-16 13:25:00-04:00,13.829999923706055,13.829999923706055,13.819999694824219,13.829999923706055,1081,0.0,0.0
2024-07-16 13:30:00-04:00,13.829999923706055,13.829999923706055,13.819999694824219,13.819999694824219,652,0.0,0.0
2024-07-16 13:35:00-04:00,13.824999809265137,13.829999923706055,13.824999809265137,13.829999923706055,1065,0.0,0.0
2024-07-16 13:40:00-04:00,13.819999694824219,13.829999923706055,13.812999725341797,13.829999923706055,5379,0.0,0.0
2024-07-16 13:45:00-04:00,13.84000015258789,13.84000015258789,13.829999923706055,13.829999923706055,2098,0.0,0.0
2024-07-16 13:50:00-04:00,13.829999923706055,13.829999923706055,13.819999694824219,13.829999923706055,738,0.0,0.0
2024-07-16 13:55:00-04:00,13.829999923706055,13.829999923706055,13.829999923706055,13.829999923706055,1634,0.0,0.0
2024-07-16 14:00:00-04:00,13.829999923706055,13.84000015258789,13.819999694824219,13.84000015258789,1196,0.0,0.0
2024-07-16 14:05:00-04:00,13.850000381469727,13.850000381469727,13.850000381469727,13.850000381469727,2851,0.0,0.0
2024-07-16 14:10:00-04:00,13.850000381469727,13.850000381469727,13.850000381469727,13.850000381469727,186,0.0,0.0
2024-07-16 14:15:00-04:00,13.850000381469727,13.850000381469727,13.819999694824219,13.819999694824219,2634,0.0,0.0
2024-07-16 14:20:00-04:00,13.8100004196167,13.829999923706055,13.8100004196167,13.824999809265137,1369,0.0,0.0
2024-07-16 14:25:00-04:00,13.824999809265137,13.835000038146973,13.824999809265137,13.829999923706055,3860,0.0,0.0
2024-07-16 14:30:00-04:00,13.829999923706055,13.84000015258789,13.829999923706055,13.84000015258789,341,0.0,0.0
2024-07-16 14:35:00-04:00,13.84000015258789,13.859999656677246,13.84000015258789,13.854999542236328,2844,0.0,0.0
2024-07-16 14:40:00-04:00,13.869999885559082,13.880000114440918,13.869999885559082,13.880000114440918,2140,0.0,0.0
2024-07-16 14:45:00-04:00,13.880000114440918,13.890000343322754,13.880000114440918,13.890000343322754,2807,0.0,0.0
2024-07-16 14:50:00-04:00,13.890000343322754,13.890000343322754,13.880000114440918,13.885000228881836,1727,0.0,0.0
2024-07-16 14:55:00-04:00,13.885000228881836,13.890000343322754,13.885000228881836,13.890000343322754,2093,0.0,0.0
2024-07-16 15:00:00-04:00,13.890000343322754,13.890000343322754,13.850000381469727,13.859999656677246,3462,0.0,0.0
2024-07-16 15:05:00-04:00,13.869999885559082,13.88599967956543,13.869999885559082,13.88599967956543,2291,0.0,0.0
2024-07-16 15:10:00-04:00,13.890000343322754,13.925000190734863,13.890000343322754,13.920000076293945,4998,0.0,0.0
2024-07-16 15:15:00-04:00,13.920000076293945,13.9399995803833,13.920000076293945,13.9399995803833,5336,0.0,0.0
2024-07-16 15:20:00-04:00,13.9399995803833,13.9399995803833,13.9399995803833,13.9399995803833,1841,0.0,0.0
2024-07-16 15:25:00-04:00,13.9399995803833,13.9399995803833,13.920999526977539,13.9399995803833,6091,0.0,0.0
2024-07-16 15:30:00-04:00,13.9350004196167,13.9399995803833,13.930000305175781,13.930000305175781,2553,0.0,0.0
2024-07-16 15:35:00-04:00,13.9350004196167,13.954999923706055,13.9350004196167,13.949999809265137,10596,0.0,0.0
2024-07-16 15:40:00-04:00,13.954999923706055,13.960000038146973,13.9399995803833,13.944999694824219,4735,0.0,0.0
2024-07-16 15:45:00-04:00,13.944999694824219,13.975000381469727,13.9399995803833,13.960000038146973,11228,0.0,0.0
2024-07-16 15:50:00-04:00,13.970000267028809,14.024999618530273,13.96500015258789,14.0,25368,0.0,0.0
2024-07-16 15:55:00-04:00,14.0,14.010000228881836,13.979999542236328,13.979999542236328,48062,0.0,0.0
2024-07-17 09:30:00-04:00,13.890000343322754,13.9399995803833,13.890000343322754,13.9399995803833,6301,0.0,0.0
2024-07-17 09:35:00-04:00,13.930000305175781,13.949999809265137,13.930000305175781,13.930000305175781,1882,0.0,0.0
2024-07-17 09:40:00-04:00,13.920000076293945,13.920000076293945,13.920000076293945,13.920000076293945,722,0.0,0.0
2024-07-17 09:45:00-04:00,13.90999984741211,13.9399995803833,13.90999984741211,13.9399995803833,2814,0.0,0.0
2024-07-17 09:50:00-04:00,13.9399995803833,14.024999618530273,13.9399995803833,14.020000457763672,2966,0.0,0.0
2024-07-17 09:55:00-04:00,14.020000457763672,14.039999961853027,14.010000228881836,14.010000228881836,3576,0.0,0.0
2024-07-17 10:00:00-04:00,14.0,14.0,13.899999618530273,13.899999618530273,4101,0.0,0.0
2024-07-17 10:05:00-04:00,13.880000114440918,13.890000343322754,13.840100288391113,13.859999656677246,4403,0.0,0.0
2024-07-17 10:10:00-04:00,13.860400199890137,13.869999885559082,13.85159969329834,13.859999656677246,3059,0.0,0.0
2024-07-17 10:15:00-04:00,13.869999885559082,13.899999618530273,13.869999885559082,13.899999618530273,3808,0.0,0.0
2024-07-17 10:20:00-04:00,13.880000114440918,13.880000114440918,13.880000114440918,13.880000114440918,730,0.0,0.0
2024-07-17 10:25:00-04:00,13.850000381469727,13.880000114440918,13.850000381469727,13.859999656677246,3502,0.0,0.0
2024-07-17 10:30:00-04:00,13.859999656677246,13.880000114440918,13.859999656677246,13.869999885559082,3052,0.0,0.0
2024-07-17 10:35:00-04:00,13.869999885559082,13.869999885559082,13.819999694824219,13.819999694824219,1573,0.0,0.0
2024-07-17 10:40:00-04:00,13.8100004196167,13.819999694824219,13.8100004196167,13.8100004196167,2501,0.0,0.0
2024-07-17 10:45:00-04:00,13.819999694824219,13.850000381469727,13.819999694824219,13.819999694824219,2203,0.0,0.0
2024-07-17 10:50:00-04:00,13.8100004196167,13.819999694824219,13.8100004196167,13.819999694824219,778,0.0,0.0
2024-07-17 10:55:00-04:00,13.8100004196167,13.8100004196167,13.800000190734863,13.805000305175781,1292,0.0,0.0
2024-07-17 11:00:00-04:00,13.805000305175781,13.819999694824219,13.800000190734863,13.8100004196167,1667,0.0,0.0
2024-07-17 11:05:00-04:00,13.824999809265137,13.859999656677246,13.8149995803833,13.859999656677246,3269,0.0,0.0
2024-07-17 11:10:00-04:00,13.859999656677246,13.859999656677246,13.84000015258789,13.859999656677246,1508,0.0,0.0
2024-07-17 11:15:00-04:00,13.850000381469727,13.859999656677246,13.850000381469727,13.859999656677246,1629,0.0,0.0
2024-07-17 11:20:00-04:00,13.859999656677246,13.859999656677246,13.859999656677246,13.859999656677246,791,0.0,0.0
2024-07-17 11:25:00-04:00,13.859999656677246,13.859999656677246,13.859999656677246,13.859999656677246,1770,0.0,0.0
2024-07-17 11:30:00-04:00,13.859999656677246,13.859999656677246,13.84000015258789,13.84000015258789,3164,0.0,0.0
2024-07-17 11:35:00-04:00,13.829999923706055,13.829999923706055,13.819999694824219,13.829999923706055,2636,0.0,0.0
2024-07-17 11:40:00-04:00,13.835000038146973,13.835000038146973,13.800000190734863,13.800000190734863,3199,0.0,0.0
2024-07-17 11:45:00-04:00,13.789999961853027,13.847599983215332,13.78499984741211,13.847599983215332,4152,0.0,0.0
2024-07-17 11:50:00-04:00,13.850000381469727,13.850000381469727,13.84000015258789,13.84000015258789,1536,0.0,0.0
2024-07-17 11:55:00-04:00,13.850000381469727,13.850000381469727,13.829999923706055,13.835000038146973,2586,0.0,0.0
2024-07-17 12:00:00-04:00,13.84000015258789,13.859999656677246,13.835000038146973,13.859999656677246,5346,0.0,0.0
2024-07-17 12:05:00-04:00,13.850000381469727,13.850000381469727,13.819999694824219,13.819999694824219,2378,0.0,0.0
2024-07-17 12:10:00-04:00,13.8100004196167,13.8100004196167,13.774999618530273,13.779999732971191,2440,0.0,0.0
2024-07-17 12:15:00-04:00,13.789999961853027,13.8100004196167,13.78499984741211,13.8100004196167,3462,0.0,0.0
2024-07-17 12:20:00-04:00,13.829999923706055,13.829999923706055,13.829999923706055,13.829999923706055,880,0.0,0.0
2024-07-17 12:25:00-04:00,13.819999694824219,13.824999809265137,13.8100004196167,13.819999694824219,1901,0.0,0.0
2024-07-17 12:30:00-04:00,13.819999694824219,13.829999923706055,13.8149995803833,13.8149995803833,2473,0.0,0.0
2024-07-17 12:35:00-04:00,13.819999694824219,13.850000381469727,13.819999694824219,13.829999923706055,2895,0.0,0.0
2024-07-17 12:40:00-04:00,13.829999923706055,13.829999923706055,13.819999694824219,13.829999923706055,1325,0.0,0.0
2024-07-17 12:45:00-04:00,13.819999694824219,13.829999923706055,13.8100004196167,13.819999694824219,1888,0.0,0.0
2024-07-17 12:50:00-04:00,13.8100004196167,13.819999694824219,13.805000305175781,13.819999694824219,2849,0.0,0.0
2024-07-17 12:55:00-04:00,13.824999809265137,13.824999809265137,13.819999694824219,13.824999809265137,1491,0.0,0.0
2024-07-17 13:00:00-04:00,13.829999923706055,13.845000267028809,13.829999923706055,13.845000267028809,2257,0.0,0.0
2024-07-17 13:05:00-04:00,13.850000381469727,13.850000381469727,13.850000381469727,13.850000381469727,2368,0.0,0.0
2024-07-17 13:10:00-04:00,13.84000015258789,13.84000015258789,13.84000015258789,13.84000015258789,706,0.0,0.0
2024-07-17 13:15:00-04:00,13.829999923706055,13.850000381469727,13.8100004196167,13.8100004196167,2869,0.0,0.0
2024-07-17 13:20:00-04:00,13.8100004196167,13.824999809265137,13.8100004196167,13.824999809265137,4045,0.0,0.0
2024-07-17 13:25:00-04:00,13.829999923706055,13.835000038146973,13.8100004196167,13.819999694824219,2177,0.0,0.0
2024-07-17 13:30:00-04:00,13.829999923706055,13.845000267028809,13.824999809265137,13.845000267028809,1702,0.0,0.0
2024-07-17 13:35:00-04:00,13.850000381469727,13.859999656677246,13.845000267028809,13.845000267028809,2281,0.0,0.0
2024-07-17 13:40:00-04:00,13.859999656677246,13.90999984741211,13.859999656677246,13.899999618530273,2516,0.0,0.0
2024-07-17 13:45:00-04:00,13.890000343322754,13.890000343322754,13.880000114440918,13.890000343322754,2614,0.0,0.0
2024-07-17 13:50:00-04:00,13.880000114440918,13.880000114440918,13.864999771118164,13.869999885559082,2230,0.0,0.0
2024-07-17 13:55:00-04:00,13.869999885559082,13.869999885559082,13.861100196838379,13.869999885559082,2534,0.0,0.0
2024-07-17 14:00:00-04:00,13.880000114440918,13.880000114440918,13.859999656677246,13.880000114440918,2375,0.0,0.0
2024-07-17 14:05:00-04:00,13.880000114440918,13.930000305175781,13.880000114440918,13.930000305175781,2151,0.0,0.0
2024-07-17 14:10:00-04:00,13.930000305175781,13.930000305175781,13.920000076293945,13.920000076293945,1909,0.0,0.0
2024-07-17 14:15:00-04:00,13.920000076293945,13.9399995803833,13.920000076293945,13.930000305175781,2552,0.0,0.0
2024-07-17 14:20:00-04:00,13.9399995803833,13.949999809265137,13.930000305175781,13.9399995803833,3554,0.0,0.0
2024-07-17 14:25:00-04:00,13.9399995803833,13.960000038146973,13.9399995803833,13.949999809265137,3838,0.0,0.0
2024-07-17 14:30:00-04:00,13.960000038146973,13.960000038146973,13.9399995803833,13.9399995803833,1645,0.0,0.0
2024-07-17 14:35:00-04:00,13.930000305175781,13.930000305175781,13.90999984741211,13.90999984741211,4957,0.0,0.0
2024-07-17 14:40:00-04:00,13.904999732971191,13.904999732971191,13.880000114440918,13.899999618530273,1273,0.0,0.0
2024-07-17 14:45:00-04:00,13.890000343322754,13.890000343322754,13.875,13.875,2363,0.0,0.0
2024-07-17 14:50:00-04:00,13.869999885559082,13.869999885559082,13.869999885559082,13.869999885559082,1269,0.0,0.0
2024-07-17 14:55:00-04:00,13.875,13.890000343322754,13.875,13.890000343322754,6254,0.0,0.0
2024-07-17 15:00:00-04:00,13.899999618530273,13.899999618530273,13.895000457763672,13.895000457763672,1115,0.0,0.0
2024-07-17 15:05:00-04:00,13.899999618530273,13.920000076293945,13.899999618530273,13.920000076293945,5695,0.0,0.0
2024-07-17 15:10:00-04:00,13.914999961853027,13.9399995803833,13.914999961853027,13.9399995803833,5840,0.0,0.0
2024-07-17 15:15:00-04:00,13.930000305175781,13.930000305175781,13.90999984741211,13.920000076293945,4802,0.0,0.0
2024-07-17 15:20:00-04:00,13.930000305175781,13.930000305175781,13.925000190734863,13.925000190734863,1770,0.0,0.0
2024-07-17 15:25:00-04:00,13.920000076293945,13.960000038146973,13.920000076293945,13.949999809265137,6589,0.0,0.0
2024-07-17 15:30:00-04:00,13.960000038146973,13.979999542236328,13.9399995803833,13.970000267028809,7260,0.0,0.0
2024-07-17 15:35:00-04:00,13.979999542236328,13.979999542236328,13.949999809265137,13.949999809265137,5098,0.0,0.0
2024-07-17 15:40:00-04:00,13.944999694824219,13.960000038146973,13.9399995803833,13.9399995803833,7650,0.0,0.0
2024-07-17 15:45:00-04:00,13.9350004196167,13.9399995803833,13.920000076293945,13.925000190734863,10306,0.0,0.0
2024-07-17 15:50:00-04:00,13.925000190734863,13.944999694824219,13.90999984741211,13.925000190734863,26519,0.0,0.0
2024-07-17 15:55:00-04:00,13.920000076293945,13.949999809265137,13.90999984741211,13.9399995803833,54721,0.0,0.0
2024-07-18 09:30:00-04:00,13.869999885559082,13.930000305175781,13.869999885559082,13.930000305175781,4393,0.0,0.0
2024-07-18 09:35:00-04:00,14.0,14.0,13.960000038146973,13.960000038146973,856,0.0,0.0
2024-07-18 09:40:00-04:00,13.989999771118164,14.024999618530273,13.989999771118164,14.024999618530273,991,0.0,0.0
2024-07-18 09:45:00-04:00,14.050000190734863,14.069999694824219,14.039999961853027,14.039999961853027,3856,0.0,0.0
2024-07-18 09:50:00-04:00,14.0600004196167,14.069999694824219,14.0600004196167,14.069999694824219,508,0.0,0.0
2024-07-18 09:55:00-04:00,14.069999694824219,14.069999694824219,14.050000190734863,14.0600004196167,985,0.0,0.0
2024-07-18 10:00:00-04:00,14.069999694824219,14.069999694824219,14.010000228881836,14.039999961853027,3362,0.0,0.0
2024-07-18 10:05:00-04:00,14.020000457763672,14.020000457763672,13.979999542236328,13.989999771118164,1924,0.0,0.0
2024-07-18 10:10:00-04:00,14.0,14.0,13.975000381469727,13.975000381469727,1187,0.0,0.0
2024-07-18 10:15:00-04:00,14.029999732971191,14.029999732971191,14.020000457763672,14.020000457763672,2139,0.0,0.0
2024-07-18 10:20:00-04:00,14.010000228881836,14.019200325012207,14.005000114440918,14.005000114440918,2184,0.0,0.0
2024-07-18 10:25:00-04:00,14.020000457763672,14.039999961853027,14.020000457763672,14.039999961853027,2048,0.0,0.0
2024-07-18 10:30:00-04:00,14.029999732971191,14.029999732971191,13.989999771118164,14.0,1249,0.0,0.0
2024-07-18 10:35:00-04:00,14.0,14.020000457763672,13.989999771118164,13.989999771118164,3416,0.0,0.0
2024-07-18 10:40:00-04:00,13.979999542236328,13.979999542236328,13.960000038146973,13.960000038146973,974,0.0,0.0
2024-07-18 10:45:00-04:00,13.970000267028809,13.970000267028809,13.9399995803833,13.949999809265137,807,0.0,0.0
2024-07-18 10:50:00-04:00,13.9399995803833,13.970000267028809,13.9399995803833,13.970000267028809,2207,0.0,0.0
2024-07-18 10:55:00-04:00,13.979999542236328,13.979999542236328,13.949999809265137,13.949999809265137,1989,0.0,0.0
2024-07-18 11:00:00-04:00,13.949999809265137,13.979999542236328,13.949999809265137,13.970000267028809,2544,0.0,0.0
2024-07-18 11:05:00-04:00,13.970000267028809,13.979999542236328,13.938400268554688,13.938400268554688,2821,0.0,0.0
2024-07-18 11:10:00-04:00,13.954999923706055,13.970000267028809,13.9399995803833,13.970000267028809,2764,0.0,0.0
2024-07-18 11:15:00-04:00,13.989999771118164,13.989999771118164,13.970000267028809,13.975000381469727,2316,0.0,0.0
2024-07-18 11:25:00-04:00,13.989999771118164,13.989999771118164,13.989999771118164,13.989999771118164,452,0.0,0.0
2024-07-18 11:30:00-04:00,13.989999771118164,14.010000228881836,13.979999542236328,14.010000228881836,3852,0.0,0.0
2024-07-18 11:35:00-04:00,14.010000228881836,14.039999961853027,13.989999771118164,13.989999771118164,4284,0.0,0.0
2024-07-18 11:40:00-04:00,14.0,14.024999618530273,14.0,14.024999618530273,1397,0.0,0.0
2024-07-18 11:45:00-04:00,14.010000228881836,14.020000457763672,13.994999885559082,13.994999885559082,1321,0.0,0.0
2024-07-18 11:50:00-04:00,14.010000228881836,14.010000228881836,13.989999771118164,13.989999771118164,1851,0.0,0.0
2024-07-18 11:55:00-04:00,14.005000114440918,14.005000114440918,13.979999542236328,13.979999542236328,2034,0.0,0.0
2024-07-18 12:00:00-04:00,13.960000038146973,13.960000038146973,13.9350004196167,13.949999809265137,4458,0.0,0.0
2024-07-18 12:05:00-04:00,13.954999923706055,13.989999771118164,13.911600112915039,13.989999771118164,4010,0.0,0.0
2024-07-18 12:10:00-04:00,13.984999656677246,13.984999656677246,13.949999809265137,13.949999809265137,2192,0.0,0.0
2024-07-18 12:15:00-04:00,13.9399995803833,13.9399995803833,13.920000076293945,13.930000305175781,2201,0.0,0.0
2024-07-18 12:20:00-04:00,13.9399995803833,13.949999809265137,13.9399995803833,13.9399995803833,5419,0.0,0.0
2024-07-18 12:25:00-04:00,13.930000305175781,13.930000305175781,13.90999984741211,13.930000305175781,3128,0.0,0.0
2024-07-18 12:30:00-04:00,13.925000190734863,13.949999809265137,13.925000190734863,13.949999809265137,1973,0.0,0.0
2024-07-18 12:35:00-04:00,13.949999809265137,13.954999923706055,13.9399995803833,13.949999809265137,2035,0.0,0.0
2024-07-18 12:40:00-04:00,13.960000038146973,13.960000038146973,13.960000038146973,13.960000038146973,550,0.0,0.0
2024-07-18 12:45:00-04:00,13.960000038146973,13.960000038146973,13.949999809265137,13.960000038146973,1057,0.0,0.0
2024-07-18 12:50:00-04:00,13.949999809265137,13.960000038146973,13.949999809265137,13.960000038146973,1381,0.0,0.0
2024-07-18 12:55:00-04:00,13.960000038146973,13.970000267028809,13.960000038146973,13.970000267028809,1157,0.0,0.0
2024-07-18 13:00:00-04:00,13.979999542236328,13.989999771118164,13.960000038146973,13.96500015258789,4082,0.0,0.0
2024-07-18 13:05:00-04:00,13.949999809265137,13.954999923706055,13.930000305175781,13.930000305175781,4890,0.0,0.0
2024-07-18 13:10:00-04:00,13.930000305175781,13.949999809265137,13.930000305175781,13.949999809265137,5359,0.0,0.0
2024-07-18 13:15:00-04:00,13.949999809265137,13.960000038146973,13.949999809265137,13.960000038146973,4875,0.0,0.0
2024-07-18 13:20:00-04:00,13.960000038146973,13.970000267028809,13.949999809265137,13.949999809265137,1473,0.0,0.0
2024-07-18 13:25:00-04:00,13.944999694824219,13.944999694824219,13.930000305175781,13.930000305175781,2376,0.0,0.0
2024-07-18 13:30:00-04:00,13.930000305175781,13.9350004196167,13.90999984741211,13.90999984741211,3232,0.0,0.0
2024-07-18 13:35:00-04:00,13.90999984741211,13.920000076293945,13.90999984741211,13.90999984741211,540,0.0,0.0
2024-07-18 13:40:00-04:00,13.920000076293945,13.920000076293945,13.904999732971191,13.904999732971191,1461,0.0,0.0
2024-07-18 13:45:00-04:00,13.90999984741211,13.90999984741211,13.88860034942627,13.899999618530273,3906,0.0,0.0
2024-07-18 13:50:00-04:00,13.890000343322754,13.890000343322754,13.859999656677246,13.869500160217285,4555,0.0,0.0
2024-07-18 13:55:00-04:00,13.859999656677246,13.859999656677246,13.835000038146973,13.859999656677246,2800,0.0,0.0
2024-07-18 14:00:00-04:00,13.850000381469727,13.86989974975586,13.84000015258789,13.86989974975586,5234,0.0,0.0
2024-07-18 14:05:00-04:00,13.840100288391113,13.850000381469727,13.840100288391113,13.845000267028809,777,0.0,0.0
2024-07-18 14:10:00-04:00,13.850000381469727,13.850000381469727,13.819999694824219,13.819999694824219,2394,0.0,0.0
2024-07-18 14:15:00-04:00,13.801199913024902,13.8100004196167,13.800000190734863,13.805000305175781,1160,0.0,0.0
2024-07-18 14:20:00-04:00,13.800000190734863,13.829999923706055,13.800000190734863,13.829999923706055,6722,0.0,0.0
2024-07-18 14:25:00-04:00,13.824999809265137,13.829999923706055,13.8100004196167,13.8100004196167,2228,0.0,0.0
2024-07-18 14:30:00-04:00,13.800000190734863,13.800000190734863,13.800000190734863,13.800000190734863,663,0.0,0.0
2024-07-18 14:35:00-04:00,13.789999961853027,13.789999961853027,13.760000228881836,13.760000228881836,4109,0.0,0.0
2024-07-18 14:40:00-04:00,13.760000228881836,13.800000190734863,13.760000228881836,13.800000190734863,4668,0.0,0.0
2024-07-18 14:45:00-04:00,13.805000305175781,13.805000305175781,13.800000190734863,13.800000190734863,1018,0.0,0.0
2024-07-18 14:50:00-04:00,13.789999961853027,13.789999961853027,13.770000457763672,13.779999732971191,2320,0.0,0.0
2024-07-18 14:55:00-04:00,13.779999732971191,13.800000190734863,13.779999732971191,13.800000190734863,3963,0.0,0.0
2024-07-18 15:00:00-04:00,13.8100004196167,13.84000015258789,13.8100004196167,13.8100004196167,3062,0.0,0.0
2024-07-18 15:05:00-04:00,13.800000190734863,13.800000190734863,13.779999732971191,13.779999732971191,519,0.0,0.0
2024-07-18 15:10:00-04:00,13.765000343322754,13.770000457763672,13.739999771118164,13.75,4876,0.0,0.0
2024-07-18 15:15:00-04:00,13.760000228881836,13.774999618530273,13.760000228881836,13.760000228881836,3098,0.0,0.0
2024-07-18 15:20:00-04:00,13.755000114440918,13.770000457763672,13.755000114440918,13.770000457763672,1887,0.0,0.0
2024-07-18 15:25:00-04:00,13.774999618530273,13.789999961853027,13.774999618530273,13.781000137329102,2359,0.0,0.0
2024-07-18 15:30:00-04:00,13.78499984741211,13.800000190734863,13.779999732971191,13.779999732971191,4325,0.0,0.0
2024-07-18 15:35:00-04:00,13.770000457763672,13.8100004196167,13.770000457763672,13.789999961853027,5813,0.0,0.0
2024-07-18 15:40:00-04:00,13.780900001525879,13.819999694824219,13.780900001525879,13.8149995803833,4719,0.0,0.0
2024-07-18 15:45:00-04:00,13.8149995803833,13.829999923706055,13.8100004196167,13.829999923706055,7600,0.0,0.0
2024-07-18 15:50:00-04:00,13.829999923706055,13.84000015258789,13.8149995803833,13.8149995803833,13266,0.0,0.0
2024-07-18 15:55:00-04:00,13.8149995803833,13.829999923706055,13.770000457763672,13.8100004196167,42947,0.0,0.0
2024-07-19 09:30:00-04:00,13.770000457763672,13.770000457763672,13.770000457763672,13.770000457763672,15114,0.0,0.0
2024-07-19 09:35:00-04:00,13.699999809265137,13.699999809265137,13.699999809265137,13.699999809265137,1137,0.0,0.0
2024-07-19 09:40:00-04:00,13.720000267028809,13.750399589538574,13.720000267028809,13.750382423400879,995,0.0,0.0
2024-07-19 09:50:00-04:00,13.694999694824219,13.694999694824219,13.649999618530273,13.670000076293945,2784,0.0,0.0
2024-07-19 09:55:00-04:00,13.680000305175781,13.6899995803833,13.670000076293945,13.670000076293945,2138,0.0,0.0
2024-07-19 10:00:00-04:00,13.670000076293945,13.694999694824219,13.670000076293945,13.680000305175781,1868,0.0,0.0
2024-07-19 10:05:00-04:00,13.649999618530273,13.65999984741211,13.649999618530273,13.65999984741211,866,0.0,0.0
2024-07-19 10:10:00-04:00,13.65999984741211,13.65999984741211,13.630999565124512,13.640000343322754,3186,0.0,0.0
2024-07-19 10:15:00-04:00,13.645000457763672,13.645000457763672,13.645000457763672,13.645000457763672,460,0.0,0.0
2024-07-19 10:20:00-04:00,13.649999618530273,13.65999984741211,13.649999618530273,13.65999984741211,929,0.0,0.0
2024-07-19 10:25:00-04:00,13.649999618530273,13.649999618530273,13.609999656677246,13.61989974975586,2107,0.0,0.0
2024-07-19 10:30:00-04:00,13.619999885559082,13.630000114440918,13.619999885559082,13.630000114440918,2626,0.0,0.0
2024-07-19 10:35:00-04:00,13.614999771118164,13.630000114440918,13.614999771118164,13.619999885559082,1406,0.0,0.0
2024-07-19 10:40:00-04:00,13.619999885559082,13.619999885559082,13.579999923706055,13.579999923706055,2422,0.0,0.0
2024-07-19 10:45:00-04:00,13.59000015258789,13.600000381469727,13.59000015258789,13.59000015258789,2591,0.0,0.0
2024-07-19 10:50:00-04:00,13.59000015258789,13.59000015258789,13.5600004196167,13.5600004196167,2581,0.0,0.0
2024-07-19 10:55:00-04:00,13.53499984741211,13.569999694824219,13.53499984741211,13.569999694824219,2692,0.0,0.0
2024-07-19 11:00:00-04:00,13.569999694824219,13.59000015258789,13.569999694824219,13.59000015258789,1756,0.0,0.0
2024-07-19 11:05:00-04:00,13.569999694824219,13.579999923706055,13.5600004196167,13.5600004196167,2053,0.0,0.0
2024-07-19 11:10:00-04:00,13.5600004196167,13.5600004196167,13.545000076293945,13.545000076293945,2545,0.0,0.0
2024-07-19 11:15:00-04:00,13.550000190734863,13.569999694824219,13.550000190734863,13.569999694824219,2530,0.0,0.0
2024-07-19 11:20:00-04:00,13.579999923706055,13.579999923706055,13.550000190734863,13.550000190734863,662,0.0,0.0
2024-07-19 11:25:00-04:00,13.526000022888184,13.526000022888184,13.479999542236328,13.510000228881836,5380,0.0,0.0
2024-07-19 11:35:00-04:00,13.510000228881836,13.510000228881836,13.510000228881836,13.510000228881836,100,0.0,0.0
2024-07-19 11:40:00-04:00,13.510000228881836,13.510000228881836,13.510000228881836,13.510000228881836,417,0.0,0.0
2024-07-19 11:45:00-04:00,13.520000457763672,13.539999961853027,13.520000457763672,13.539999961853027,1492,0.0,0.0
2024-07-19 11:50:00-04:00,13.5600004196167,13.5600004196167,13.5600004196167,13.5600004196167,1390,0.0,0.0
2024-07-19 11:55:00-04:00,13.569999694824219,13.579999923706055,13.569999694824219,13.579999923706055,2250,0.0,0.0
2024-07-19 12:00:00-04:00,13.585000038146973,13.619999885559082,13.585000038146973,13.600000381469727,1619,0.0,0.0
2024-07-19 12:05:00-04:00,13.609999656677246,13.630000114440918,13.609999656677246,13.630000114440918,3082,0.0,0.0
2024-07-19 12:10:00-04:00,13.640000343322754,13.640000343322754,13.600000381469727,13.600000381469727,2905,0.0,0.0
2024-07-19 12:15:00-04:00,13.600000381469727,13.630000114440918,13.600000381469727,13.630000114440918,2081,0.0,0.0
2024-07-19 12:20:00-04:00,13.630000114440918,13.630000114440918,13.619999885559082,13.625,2031,0.0,0.0
2024-07-19 12:25:00-04:00,13.625,13.625,13.609999656677246,13.619999885559082,2036,0.0,0.0
2024-07-19 12:30:00-04:00,13.614999771118164,13.630000114440918,13.609999656677246,13.630000114440918,2587,0.0,0.0
2024-07-19 12:35:00-04:00,13.635000228881836,13.654999732971191,13.635000228881836,13.649999618530273,1871,0.0,0.0
2024-07-19 12:40:00-04:00,13.65999984741211,13.65999984741211,13.640000343322754,13.640000343322754,2451,0.0,0.0
2024-07-19 12:45:00-04:00,13.619999885559082,13.619999885559082,13.600000381469727,13.600000381469727,690,0.0,0.0
2024-07-19 12:50:00-04:00,13.60420036315918,13.60420036315918,13.579999923706055,13.585000038146973,2774,0.0,0.0
2024-07-19 12:55:00-04:00,13.59000015258789,13.600000381469727,13.59000015258789,13.600000381469727,1802,0.0,0.0
2024-07-19 13:00:00-04:00,13.600000381469727,13.600000381469727,13.600000381469727,13.600000381469727,1033,0.0,0.0
2024-07-19 13:05:00-04:00,13.600000381469727,13.600000381469727,13.585000038146973,13.585000038146973,1977,0.0,0.0
2024-07-19 13:10:00-04:00,13.59000015258789,13.59000015258789,13.579999923706055,13.579999923706055,639,0.0,0.0
2024-07-19 13:15:00-04:00,13.59000015258789,13.59000015258789,13.59000015258789,13.59000015258789,203,0.0,0.0
2024-07-19 13:20:00-04:00,13.595000267028809,13.595000267028809,13.5600004196167,13.569999694824219,3379,0.0,0.0
2024-07-19 13:25:00-04:00,13.579999923706055,13.579999923706055,13.579999923706055,13.579999923706055,565,0.0,0.0
2024-07-19 13:30:00-04:00,13.579999923706055,13.579999923706055,13.579999923706055,13.579999923706055,1125,0.0,0.0
2024-07-19 13:35:00-04:00,13.59000015258789,13.600000381469727,13.59000015258789,13.600000381469727,523,0.0,0.0
2024-07-19 13:40:00-04:00,13.600000381469727,13.600000381469727,13.59000015258789,13.600000381469727,2086,0.0,0.0
2024-07-19 13:45:00-04:00,13.609999656677246,13.609999656677246,13.600000381469727,13.600000381469727,959,0.0,0.0
2024-07-19 13:50:00-04:00,13.609999656677246,13.609999656677246,13.59000015258789,13.59000015258789,1712,0.0,0.0
2024-07-19 13:55:00-04:00,13.585000038146973,13.609999656677246,13.581000328063965,13.609999656677246,2837,0.0,0.0
2024-07-19 14:00:00-04:00,13.619999885559082,13.619999885559082,13.609999656677246,13.609999656677246,1228,0.0,0.0
2024-07-19 14:10:00-04:00,13.59000015258789,13.59000015258789,13.585000038146973,13.59000015258789,1935,0.0,0.0
2024-07-19 14:15:00-04:00,13.600000381469727,13.614999771118164,13.600000381469727,13.609999656677246,2249,0.0,0.0
2024-07-19 14:20:00-04:00,13.600000381469727,13.600000381469727,13.579999923706055,13.579999923706055,1244,0.0,0.0
2024-07-19 14:25:00-04:00,13.5600004196167,13.5600004196167,13.550000190734863,13.5600004196167,654,0.0,0.0
2024-07-19 14:30:00-04:00,13.5600004196167,13.5600004196167,13.550000190734863,13.550000190734863,2249,0.0,0.0
2024-07-19 14:35:00-04:00,13.550000190734863,13.5600004196167,13.539999961853027,13.539999961853027,1078,0.0,0.0
2024-07-19 14:40:00-04:00,13.539999961853027,13.539999961853027,13.520000457763672,13.520000457763672,1321,0.0,0.0
2024-07-19 14:45:00-04:00,13.529999732971191,13.539999961853027,13.529999732971191,13.539999961853027,1648,0.0,0.0
2024-07-19 14:50:00-04:00,13.539999961853027,13.539999961853027,13.539999961853027,13.539999961853027,1119,0.0,0.0
2024-07-19 14:55:00-04:00,13.539999961853027,13.539999961853027,13.539999961853027,13.539999961853027,642,0.0,0.0
2024-07-19 15:00:00-04:00,13.539999961853027,13.579999923706055,13.539999961853027,13.579999923706055,3494,0.0,0.0
2024-07-19 15:05:00-04:00,13.569999694824219,13.569999694824219,13.5600004196167,13.569999694824219,3248,0.0,0.0
2024-07-19 15:10:00-04:00,13.569999694824219,13.569999694824219,13.5600004196167,13.5600004196167,2275,0.0,0.0
2024-07-19 15:15:00-04:00,13.5600004196167,13.569999694824219,13.5600004196167,13.569999694824219,3154,0.0,0.0
2024-07-19 15:20:00-04:00,13.579999923706055,13.59000015258789,13.579999923706055,13.59000015258789,2634,0.0,0.0
2024-07-19 15:25:00-04:00,13.579999923706055,13.579999923706055,13.5600004196167,13.5600004196167,2803,0.0,0.0
2024-07-19 15:30:00-04:00,13.5600004196167,13.5600004196167,13.550000190734863,13.550000190734863,3126,0.0,0.0
2024-07-19 15:35:00-04:00,13.550000190734863,13.550000190734863,13.529999732971191,13.539999961853027,10160,0.0,0.0
2024-07-19 15:40:00-04:00,13.539999961853027,13.555000305175781,13.520000457763672,13.524999618530273,9870,0.0,0.0
2024-07-19 15:45:00-04:00,13.524999618530273,13.524999618530273,13.520000457763672,13.520000457763672,6527,0.0,0.0
2024-07-19 15:50:00-04:00,13.529999732971191,13.600000381469727,13.529999732971191,13.600000381469727,16217,0.0,0.0
2024-07-19 15:55:00-04:00,13.600000381469727,13.600000381469727,13.550000190734863,13.5600004196167,23158,0.0,0.0
2024-07-22 09:30:00-04:00,13.6899995803833,13.694999694824219,13.65999984741211,13.694999694824219,9775,0.0,0.0
2024-07-22 09:35:00-04:00,13.729999542236328,13.729999542236328,13.729999542236328,13.729999542236328,462,0.0,0.0
2024-07-22 09:40:00-04:00,13.699999809265137,13.699999809265137,13.670000076293945,13.670000076293945,1306,0.0,0.0
2024-07-22 09:50:00-04:00,13.640000343322754,13.640000343322754,13.640000343322754,13.640000343322754,514,0.0,0.0
2024-07-22 09:55:00-04:00,13.609999656677246,13.609999656677246,13.579999923706055,13.59000015258789,2170,0.0,0.0
2024-07-22 10:00:00-04:00,13.59000015258789,13.600000381469727,13.5600004196167,13.600000381469727,6302,0.0,0.0
2024-07-22 10:05:00-04:00,13.600000381469727,13.65999984741211,13.592399597167969,13.640000343322754,3958,0.0,0.0
2024-07-22 10:10:00-04:00,13.640000343322754,13.640000343322754,13.59000015258789,13.630000114440918,1996,0.0,0.0
2024-07-22 10:15:00-04:00,13.640000343322754,13.649999618530273,13.640000343322754,13.649999618530273,906,0.0,0.0
2024-07-22 10:20:00-04:00,13.65999984741211,13.675000190734863,13.65999984741211,13.670000076293945,2166,0.0,0.0
2024-07-22 10:25:00-04:00,13.680000305175781,13.6899995803833,13.65999984741211,13.65999984741211,2986,0.0,0.0
2024-07-22 10:30:00-04:00,13.666000366210938,13.680000305175781,13.664999961853027,13.670000076293945,1873,0.0,0.0
2024-07-22 10:35:00-04:00,13.670000076293945,13.670000076293945,13.670000076293945,13.670000076293945,1336,0.0,0.0
2024-07-22 10:40:00-04:00,13.670000076293945,13.729999542236328,13.65999984741211,13.729999542236328,4497,0.0,0.0
2024-07-22 10:45:00-04:00,13.729999542236328,13.729999542236328,13.710000038146973,13.710000038146973,2984,0.0,0.0
2024-07-22 10:50:00-04:00,13.699999809265137,13.710000038146973,13.65999984741211,13.694999694824219,8936,0.0,0.0
2024-07-22 10:55:00-04:00,13.729999542236328,13.75,13.729999542236328,13.75,3323,0.0,0.0
2024-07-22 11:00:00-04:00,13.760000228881836,13.760000228881836,13.729999542236328,13.739999771118164,2224,0.0,0.0
2024-07-22 11:05:00-04:00,13.739999771118164,13.739999771118164,13.6899995803833,13.6899995803833,2307,0.0,0.0
2024-07-22 11:10:00-04:00,13.680000305175781,13.6899995803833,13.680000305175781,13.6899995803833,636,0.0,0.0
2024-07-22 11:15:00-04:00,13.6899995803833,13.6899995803833,13.689000129699707,13.689000129699707,1215,0.0,0.0
2024-07-22 11:20:00-04:00,13.65999984741211,13.65999984741211,13.649999618530273,13.649999618530273,1785,0.0,0.0
2024-07-22 11:25:00-04:00,13.65999984741211,13.65999984741211,13.640000343322754,13.640000343322754,1494,0.0,0.0
2024-07-22 11:30:00-04:00,13.630000114440918,13.630000114440918,13.630000114440918,13.630000114440918,1357,0.0,0.0
2024-07-22 11:35:00-04:00,13.630000114440918,13.640000343322754,13.630000114440918,13.630000114440918,825,0.0,0.0
2024-07-22 11:40:00-04:00,13.630000114440918,13.670000076293945,13.630000114440918,13.670000076293945,1548,0.0,0.0
2024-07-22 11:45:00-04:00,13.654999732971191,13.680000305175781,13.649999618530273,13.680000305175781,1640,0.0,0.0
2024-07-22 11:50:00-04:00,13.670999526977539,13.670999526977539,13.670999526977539,13.670999526977539,957,0.0,0.0
2024-07-22 11:55:00-04:00,13.67199993133545,13.675000190734863,13.67199993133545,13.675000190734863,1368,0.0,0.0
2024-07-22 12:00:00-04:00,13.675000190734863,13.694999694824219,13.675000190734863,13.680000305175781,4294,0.0,0.0
2024-07-22 12:05:00-04:00,13.670000076293945,13.670000076293945,13.670000076293945,13.670000076293945,598,0.0,0.0
2024-07-22 12:10:00-04:00,13.670000076293945,13.670000076293945,13.670000076293945,13.670000076293945,570,0.0,0.0
2024-07-22 12:15:00-04:00,13.664999961853027,13.670000076293945,13.664999961853027,13.664999961853027,1999,0.0,0.0
2024-07-22 12:20:00-04:00,13.67199993133545,13.67199993133545,13.640000343322754,13.640000343322754,2033,0.0,0.0
2024-07-22 12:25:00-04:00,13.645999908447266,13.645999908447266,13.640000343322754,13.640000343322754,3448,0.0,0.0
2024-07-22 12:30:00-04:00,13.625,13.630000114440918,13.625,13.630000114440918,594,0.0,0.0
2024-07-22 12:35:00-04:00,13.630000114440918,13.640000343322754,13.630000114440918,13.640000343322754,1160,0.0,0.0
2024-07-22 12:40:00-04:00,13.640000343322754,13.640000343322754,13.640000343322754,13.640000343322754,457,0.0,0.0
2024-07-22 12:45:00-04:00,13.640000343322754,13.65999984741211,13.640000343322754,13.65999984741211,1836,0.0,0.0
2024-07-22 12:50:00-04:00,13.670000076293945,13.680000305175781,13.670000076293945,13.680000305175781,1103,0.0,0.0
2024-07-22 12:55:00-04:00,13.680000305175781,13.680000305175781,13.670000076293945,13.670000076293945,1999,0.0,0.0
2024-07-22 13:00:00-04:00,13.670000076293945,13.6899995803833,13.670000076293945,13.6899995803833,1794,0.0,0.0
2024-07-22 13:05:00-04:00,13.6899995803833,13.694999694824219,13.6899995803833,13.6899995803833,902,0.0,0.0
2024-07-22 13:10:00-04:00,13.694999694824219,13.694999694824219,13.6899995803833,13.6899995803833,998,0.0,0.0
2024-07-22 13:15:00-04:00,13.6899995803833,13.720000267028809,13.6899995803833,13.720000267028809,3723,0.0,0.0
2024-07-22 13:20:00-04:00,13.710000038146973,13.729999542236328,13.710000038146973,13.720000267028809,3978,0.0,0.0
2024-07-22 13:25:00-04:00,13.729999542236328,13.729999542236328,13.729999542236328,13.729999542236328,382,0.0,0.0
2024-07-22 13:30:00-04:00,13.729999542236328,13.760000228881836,13.729999542236328,13.75,6161,0.0,0.0
2024-07-22 13:35:00-04:00,13.75,13.75,13.710000038146973,13.710000038146973,2010,0.0,0.0
2024-07-22 13:40:00-04:00,13.729999542236328,13.744999885559082,13.710000038146973,13.710000038146973,2169,0.0,0.0
2024-07-22 13:45:00-04:00,13.710000038146973,13.720000267028809,13.699999809265137,13.720000267028809,1386,0.0,0.0
2024-07-22 13:50:00-04:00,13.720000267028809,13.725000381469727,13.720000267028809,13.720000267028809,1104,0.0,0.0
2024-07-22 13:55:00-04:00,13.710000038146973,13.729999542236328,13.710000038146973,13.729999542236328,1515,0.0,0.0
2024-07-22 14:00:00-04:00,13.729999542236328,13.734999656677246,13.699999809265137,13.704999923706055,3473,0.0,0.0
2024-07-22 14:05:00-04:00,13.710000038146973,13.720000267028809,13.704999923706055,13.715999603271484,2857,0.0,0.0
2024-07-22 14:10:00-04:00,13.710000038146973,13.71500015258789,13.699999809265137,13.699999809265137,1888,0.0,0.0
2024-07-22 14:15:00-04:00,13.699999809265137,13.720000267028809,13.699999809265137,13.71500015258789,2563,0.0,0.0
2024-07-22 14:20:00-04:00,13.71500015258789,13.739999771118164,13.71500015258789,13.739999771118164,3344,0.0,0.0
2024-07-22 14:25:00-04:00,13.739999771118164,13.75,13.729999542236328,13.729999542236328,1299,0.0,0.0
2024-07-22 14:30:00-04:00,13.739999771118164,13.760000228881836,13.729999542236328,13.760000228881836,2628,0.0,0.0
2024-07-22 14:35:00-04:00,13.770000457763672,13.779999732971191,13.758999824523926,13.760000228881836,5558,0.0,0.0
2024-07-22 14:40:00-04:00,13.765000343322754,13.789999961853027,13.760000228881836,13.789999961853027,4295,0.0,0.0
2024-07-22 14:45:00-04:00,13.789999961853027,13.789999961853027,13.779999732971191,13.789999961853027,1557,0.0,0.0
2024-07-22 14:50:00-04:00,13.789999961853027,13.8100004196167,13.789999961853027,13.8100004196167,3171,0.0,0.0
2024-07-22 14:55:00-04:00,13.8100004196167,13.819999694824219,13.800000190734863,13.8100004196167,3029,0.0,0.0
2024-07-22 15:00:00-04:00,13.800000190734863,13.819999694824219,13.795000076293945,13.819999694824219,10124,0.0,0.0
2024-07-22 15:05:00-04:00,13.829999923706055,13.829999923706055,13.819999694824219,13.824999809265137,2315,0.0,0.0
2024-07-22 15:10:00-04:00,13.829999923706055,13.835000038146973,13.829999923706055,13.829999923706055,2200,0.0,0.0
2024-07-22 15:15:00-04:00,13.835000038146973,13.845000267028809,13.829999923706055,13.84000015258789,7267,0.0,0.0
2024-07-22 15:20:00-04:00,13.835000038146973,13.854999542236328,13.835000038146973,13.84000015258789,3696,0.0,0.0
2024-07-22 15:25:00-04:00,13.850000381469727,13.854999542236328,13.84000015258789,13.845000267028809,3468,0.0,0.0
2024-07-22 15:30:00-04:00,13.850000381469727,13.854999542236328,13.829999923706055,13.835000038146973,7437,0.0,0.0
2024-07-22 15:35:00-04:00,13.84000015258789,13.864999771118164,13.84000015258789,13.864999771118164,8491,0.0,0.0
2024-07-22 15:40:00-04:00,13.859999656677246,13.859999656677246,13.829999923706055,13.84000015258789,6165,0.0,0.0
2024-07-22 15:45:00-04:00,13.84000015258789,13.859999656677246,13.835000038146973,13.835000038146973,14168,0.0,0.0
2024-07-22 15:50:00-04:00,13.819999694824219,13.859999656677246,13.803600311279297,13.854999542236328,10844,0.0,0.0
2024-07-22 15:55:00-04:00,13.819000244140625,13.819999694824219,13.800000190734863,13.8100004196167,42683,0.0,0.0
2024-07-23 09:30:00-04:00,13.729999542236328,13.734999656677246,13.729999542236328,13.734999656677246,3747,0.0,0.0
2024-07-23 09:35:00-04:00,13.699999809265137,13.710000038146973,13.6899995803833,13.710000038146973,2952,0.0,0.0
2024-07-23 09:40:00-04:00,13.720000267028809,13.770000457763672,13.720000267028809,13.770000457763672,1675,0.0,0.0
2024-07-23 09:45:00-04:00,13.753999710083008,13.819999694824219,13.753999710083008,13.789999961853027,3599,0.0,0.0
2024-07-23 09:50:00-04:00,13.789999961853027,13.8100004196167,13.789999961853027,13.8100004196167,1404,0.0,0.0
2024-07-23 09:55:00-04:00,13.819999694824219,13.850000381469727,13.819999694824219,13.819999694824219,2111,0.0,0.0
2024-07-23 10:00:00-04:00,13.8149995803833,13.864999771118164,13.8149995803833,13.84000015258789,3967,0.0,0.0
2024-07-23 10:05:00-04:00,13.829999923706055,13.880000114440918,13.829999923706055,13.845000267028809,1703,0.0,0.0
2024-07-23 10:10:00-04:00,13.84000015258789,13.859999656677246,13.84000015258789,13.859999656677246,2097,0.0,0.0
2024-07-23 10:15:00-04:00,13.880000114440918,13.890000343322754,13.859999656677246,13.859999656677246,3373,0.0,0.0
2024-07-23 10:20:00-04:00,13.869999885559082,13.889800071716309,13.869999885559082,13.889800071716309,1847,0.0,0.0
2024-07-23 10:25:00-04:00,13.890000343322754,13.90999984741211,13.880000114440918,13.90999984741211,2572,0.0,0.0
2024-07-23 10:30:00-04:00,13.90999984741211,13.920000076293945,13.90999984741211,13.920000076293945,6554,0.0,0.0
2024-07-23 10:35:00-04:00,13.920000076293945,13.920000076293945,13.869999885559082,13.869999885559082,5906,0.0,0.0
2024-07-23 10:40:00-04:00,13.854999542236328,13.854999542236328,13.84000015258789,13.84000015258789,3205,0.0,0.0
2024-07-23 10:45:00-04:00,13.8100004196167,13.8100004196167,13.800000190734863,13.800000190734863,1637,0.0,0.0
2024-07-23 10:50:00-04:00,13.789999961853027,13.8100004196167,13.789999961853027,13.805000305175781,2394,0.0,0.0
2024-07-23 10:55:00-04:00,13.800000190734863,13.8100004196167,13.798999786376953,13.798999786376953,2302,0.0,0.0
2024-07-23 11:00:00-04:00,13.8100004196167,13.8149995803833,13.8100004196167,13.8149995803833,1675,0.0,0.0
2024-07-23 11:05:00-04:00,13.829999923706055,13.84000015258789,13.829999923706055,13.84000015258789,764,0.0,0.0
2024-07-23 11:10:00-04:00,13.84000015258789,13.869999885559082,13.84000015258789,13.869999885559082,1600,0.0,0.0
2024-07-23 11:15:00-04:00,13.880000114440918,13.920000076293945,13.880000114440918,13.920000076293945,2411,0.0,0.0
2024-07-23 11:20:00-04:00,13.920000076293945,13.920000076293945,13.899999618530273,13.90999984741211,2509,0.0,0.0
2024-07-23 11:25:00-04:00,13.90999984741211,13.90999984741211,13.899999618530273,13.899999618530273,1929,0.0,0.0
2024-07-23 11:30:00-04:00,13.90999984741211,13.930000305175781,13.909000396728516,13.930000305175781,2939,0.0,0.0
2024-07-23 11:35:00-04:00,13.930000305175781,13.930000305175781,13.904999732971191,13.904999732971191,1575,0.0,0.0
2024-07-23 11:40:00-04:00,13.890000343322754,13.895000457763672,13.869999885559082,13.890000343322754,5481,0.0,0.0
2024-07-23 11:45:00-04:00,13.890000343322754,13.890000343322754,13.890000343322754,13.890000343322754,392,0.0,0.0
2024-07-23 11:50:00-04:00,13.880000114440918,13.885000228881836,13.880000114440918,13.880000114440918,3134,0.0,0.0
2024-07-23 11:55:00-04:00,13.869999885559082,13.880000114440918,13.869999885559082,13.869999885559082,855,0.0,0.0
2024-07-23 12:00:00-04:00,13.869999885559082,13.869999885559082,13.869999885559082,13.869999885559082,696,0.0,0.0
2024-07-23 12:05:00-04:00,13.869999885559082,13.869999885559082,13.859999656677246,13.859999656677246,2101,0.0,0.0
2024-07-23 12:10:00-04:00,13.850000381469727,13.850000381469727,13.84000015258789,13.84000015258789,1375,0.0,0.0
2024-07-23 12:15:00-04:00,13.845000267028809,13.859999656677246,13.845000267028809,13.850000381469727,3559,0.0,0.0
2024-07-23 12:20:00-04:00,13.850000381469727,13.850000381469727,13.819999694824219,13.819999694824219,2740,0.0,0.0
2024-07-23 12:25:00-04:00,13.8100004196167,13.84000015258789,13.8100004196167,13.84000015258789,3863,0.0,0.0
2024-07-23 12:30:00-04:00,13.845000267028809,13.845000267028809,13.829999923706055,13.829999923706055,1687,0.0,0.0
2024-07-23 12:35:00-04:00,13.829999923706055,13.835000038146973,13.819999694824219,13.819999694824219,1590,0.0,0.0
2024-07-23 12:40:00-04:00,13.8149995803833,13.850000381469727,13.8149995803833,13.84000015258789,5401,0.0,0.0
2024-07-23 12:50:00-04:00,13.819999694824219,13.819999694824219,13.819999694824219,13.819999694824219,1708,0.0,0.0
2024-07-23 12:55:00-04:00,13.824999809265137,13.824999809265137,13.8100004196167,13.819999694824219,2621,0.0,0.0
2024-07-23 13:00:00-04:00,13.829999923706055,13.859000205993652,13.829999923706055,13.850000381469727,2926,0.0,0.0
2024-07-23 13:05:00-04:00,13.859999656677246,13.869999885559082,13.859999656677246,13.869999885559082,2400,0.0,0.0
2024-07-23 13:10:00-04:00,13.869999885559082,13.895000457763672,13.869999885559082,13.895000457763672,3289,0.0,0.0
2024-07-23 13:15:00-04:00,13.890000343322754,13.890000343322754,13.890000343322754,13.890000343322754,537,0.0,0.0
2024-07-23 13:20:00-04:00,13.899999618530273,13.904999732971191,13.880000114440918,13.880000114440918,4544,0.0,0.0
2024-07-23 13:25:00-04:00,13.890000343322754,13.890000343322754,13.890000343322754,13.890000343322754,3498,0.0,0.0
2024-07-23 13:30:00-04:00,13.890000343322754,13.895000457763672,13.890000343322754,13.890000343322754,1979,0.0,0.0
2024-07-23 13:35:00-04:00,13.885000228881836,13.895000457763672,13.885000228881836,13.895000457763672,1328,0.0,0.0
2024-07-23 13:40:00-04:00,13.895000457763672,13.895000457763672,13.885000228881836,13.890000343322754,6179,0.0,0.0
2024-07-23 13:45:00-04:00,13.899999618530273,13.914999961853027,13.899999618530273,13.904999732971191,5981,0.0,0.0
2024-07-23 13:50:00-04:00,13.904999732971191,13.914999961853027,13.890000343322754,13.914999961853027,8496,0.0,0.0
2024-07-23 13:55:00-04:00,13.904999732971191,13.90999984741211,13.885000228881836,13.885000228881836,4720,0.0,0.0
2024-07-23 14:00:00-04:00,13.890000343322754,13.895000457763672,13.885000228881836,13.895000457763672,2218,0.0,0.0
2024-07-23 14:05:00-04:00,13.899999618530273,13.904999732971191,13.895000457763672,13.904999732971191,4590,0.0,0.0
2024-07-23 14:10:00-04:00,13.904999732971191,13.904999732971191,13.899999618530273,13.904999732971191,10515,0.0,0.0
2024-07-23 14:15:00-04:00,13.904999732971191,13.904999732971191,13.904999732971191,13.904999732971191,1076,0.0,0.0
2024-07-23 14:20:00-04:00,13.904999732971191,13.925000190734863,13.904999732971191,13.925000190734863,4415,0.0,0.0
2024-07-23 14:25:00-04:00,13.920000076293945,13.949999809265137,13.920000076293945,13.949999809265137,6973,0.0,0.0
2024-07-23 14:30:00-04:00,13.949999809265137,13.96500015258789,13.949999809265137,13.96500015258789,3267,0.0,0.0
2024-07-23 14:40:00-04:00,13.960000038146973,13.970000267028809,13.960000038146973,13.96500015258789,2432,0.0,0.0
2024-07-23 14:45:00-04:00,13.960000038146973,13.979999542236328,13.9350004196167,13.9350004196167,14498,0.0,0.0
2024-07-23 14:50:00-04:00,13.9350004196167,13.949999809265137,13.930000305175781,13.9350004196167,6299,0.0,0.0
2024-07-23 14:55:00-04:00,13.9399995803833,13.944999694824219,13.9350004196167,13.939000129699707,3258,0.0,0.0
2024-07-23 15:00:00-04:00,13.930000305175781,13.9350004196167,13.920000076293945,13.9350004196167,5169,0.0,0.0
2024-07-23 15:05:00-04:00,13.930000305175781,13.930000305175781,13.930000305175781,13.930000305175781,866,0.0,0.0
2024-07-23 15:10:00-04:00,13.920000076293945,13.930000305175781,13.914999961853027,13.914999961853027,3148,0.0,0.0
2024-07-23 15:15:00-04:00,13.90999984741211,13.930000305175781,13.904999732971191,13.930000305175781,5932,0.0,0.0
2024-07-23 15:20:00-04:00,13.920000076293945,13.9350004196167,13.914999961853027,13.914999961853027,8962,0.0,0.0
2024-07-23 15:25:00-04:00,13.920000076293945,13.920000076293945,13.914999961853027,13.920000076293945,4488,0.0,0.0
2024-07-23 15:30:00-04:00,13.914999961853027,13.920000076293945,13.90999984741211,13.914999961853027,3679,0.0,0.0
2024-07-23 15:35:00-04:00,13.920000076293945,13.9350004196167,13.919899940490723,13.929900169372559,10043,0.0,0.0
2024-07-23 15:40:00-04:00,13.920000076293945,13.930000305175781,13.914999961853027,13.914999961853027,4931,0.0,0.0
2024-07-23 15:45:00-04:00,13.920000076293945,13.930000305175781,13.90999984741211,13.920000076293945,8586,0.0,0.0
2024-07-23 15:50:00-04:00,13.920000076293945,13.9399995803833,13.885000228881836,13.885000228881836,19078,0.0,0.0
2024-07-23 15:55:00-04:00,13.885000228881836,13.930000305175781,13.885000228881836,13.90999984741211,63085,0.0,0.0
2024-07-24 09:30:00-04:00,13.84000015258789,13.84000015258789,13.84000015258789,13.84000015258789,3545,0.0,0.0
2024-07-24 09:35:00-04:00,13.890000343322754,13.989999771118164,13.890000343322754,13.989999771118164,1973,0.0,0.0
2024-07-24 09:40:00-04:00,14.0,14.0600004196167,14.0,14.029999732971191,7308,0.0,0.0
2024-07-24 09:45:00-04:00,14.050000190734863,14.050000190734863,13.989999771118164,13.989999771118164,2417,0.0,0.0
2024-07-24 09:50:00-04:00,13.989999771118164,13.989999771118164,13.9399995803833,13.960000038146973,2738,0.0,0.0
2024-07-24 09:55:00-04:00,13.960000038146973,13.960000038146973,13.90999984741211,13.9350004196167,3621,0.0,0.0
2024-07-24 10:00:00-04:00,13.979999542236328,13.98900032043457,13.949999809265137,13.949999809265137,2062,0.0,0.0
2024-07-24 10:05:00-04:00,13.920000076293945,13.920000076293945,13.899999618530273,13.90999984741211,2660,0.0,0.0
2024-07-24 10:10:00-04:00,13.920000076293945,13.930000305175781,13.90999984741211,13.930000305175781,3565,0.0,0.0
2024-07-24 10:15:00-04:00,13.920000076293945,13.930000305175781,13.90999984741211,13.930000305175781,3384,0.0,0.0
2024-07-24 10:20:00-04:00,13.920000076293945,13.9350004196167,13.910099983215332,13.9350004196167,4336,0.0,0.0
2024-07-24 10:25:00-04:00,13.9399995803833,13.944999694824219,13.930000305175781,13.9399995803833,3420,0.0,0.0
2024-07-24 10:30:00-04:00,13.970000267028809,14.0,13.970000267028809,13.989999771118164,4587,0.0,0.0
2024-07-24 10:35:00-04:00,13.989999771118164,13.989999771118164,13.970000267028809,13.970000267028809,1570,0.0,0.0
2024-07-24 10:40:00-04:00,13.96500015258789,13.979999542236328,13.96500015258789,13.979999542236328,1572,0.0,0.0
2024-07-24 10:45:00-04:00,13.975000381469727,14.005000114440918,13.975000381469727,13.994999885559082,3423,0.0,0.0
2024-07-24 10:50:00-04:00,14.0,14.005000114440918,13.989999771118164,13.989999771118164,2209,0.0,0.0
2024-07-24 10:55:00-04:00,13.970000267028809,13.979999542236328,13.960000038146973,13.960000038146973,1795,0.0,0.0
2024-07-24 11:00:00-04:00,13.949999809265137,13.960000038146973,13.9399995803833,13.9399995803833,3409,0.0,0.0
2024-07-24 11:05:00-04:00,13.920000076293945,13.920000076293945,13.90999984741211,13.920000076293945,2997,0.0,0.0
2024-07-24 11:10:00-04:00,13.930000305175781,13.9399995803833,13.920000076293945,13.930000305175781,2373,0.0,0.0
2024-07-24 11:15:00-04:00,13.930000305175781,13.930000305175781,13.914999961853027,13.914999961853027,769,0.0,0.0
2024-07-24 11:20:00-04:00,13.899999618530273,13.899999618530273,13.869999885559082,13.885000228881836,3233,0.0,0.0
2024-07-24 11:25:00-04:00,13.890000343322754,13.920000076293945,13.890000343322754,13.920000076293945,3473,0.0,0.0
2024-07-24 11:30:00-04:00,13.930000305175781,13.949999809265137,13.930000305175781,13.949999809265137,2136,0.0,0.0
2024-07-24 11:35:00-04:00,13.970000267028809,13.970000267028809,13.960000038146973,13.960000038146973,2811,0.0,0.0
2024-07-24 11:40:00-04:00,13.960000038146973,13.960000038146973,13.940099716186523,13.960000038146973,2279,0.0,0.0
2024-07-24 11:45:00-04:00,13.970000267028809,13.975000381469727,13.96500015258789,13.970000267028809,2667,0.0,0.0
2024-07-24 11:50:00-04:00,13.979999542236328,13.979999542236328,13.960000038146973,13.970000267028809,2350,0.0,0.0
2024-07-24 11:55:00-04:00,13.960000038146973,13.960000038146973,13.960000038146973,13.960000038146973,2352,0.0,0.0
2024-07-24 12:00:00-04:00,13.960000038146973,13.979999542236328,13.960000038146973,13.970000267028809,3372,0.0,0.0
2024-07-24 12:05:00-04:00,13.960000038146973,13.960000038146973,13.920000076293945,13.920000076293945,1731,0.0,0.0
2024-07-24 12:10:00-04:00,13.904999732971191,13.930000305175781,13.904999732971191,13.930000305175781,2909,0.0,0.0
2024-07-24 12:15:00-04:00,13.9399995803833,13.960000038146973,13.9399995803833,13.949999809265137,3416,0.0,0.0
2024-07-24 12:20:00-04:00,13.949999809265137,13.96500015258789,13.949999809265137,13.960000038146973,3006,0.0,0.0
2024-07-24 12:25:00-04:00,13.954999923706055,13.954999923706055,13.954999923706055,13.954999923706055,650,0.0,0.0
2024-07-24 12:30:00-04:00,13.9399995803833,13.960000038146973,13.9399995803833,13.949999809265137,1846,0.0,0.0
2024-07-24 12:35:00-04:00,13.949999809265137,13.949999809265137,13.9399995803833,13.9399995803833,1982,0.0,0.0
2024-07-24 12:40:00-04:00,13.9399995803833,13.9399995803833,13.920000076293945,13.920000076293945,2226,0.0,0.0
2024-07-24 12:45:00-04:00,13.90999984741211,13.93970012664795,13.90999984741211,13.9350004196167,2616,0.0,0.0
2024-07-24 12:50:00-04:00,13.9399995803833,13.9399995803833,13.930000305175781,13.930000305175781,2360,0.0,0.0
2024-07-24 12:55:00-04:00,13.930000305175781,13.9350004196167,13.930000305175781,13.9350004196167,1804,0.0,0.0
2024-07-24 13:00:00-04:00,13.9399995803833,13.9399995803833,13.920000076293945,13.925000190734863,2937,0.0,0.0
2024-07-24 13:05:00-04:00,13.930000305175781,13.9399995803833,13.930000305175781,13.9399995803833,1537,0.0,0.0
2024-07-24 13:10:00-04:00,13.949999809265137,13.960000038146973,13.949999809265137,13.960000038146973,953,0.0,0.0
2024-07-24 13:15:00-04:00,13.949999809265137,13.949999809265137,13.930000305175781,13.930000305175781,1888,0.0,0.0
2024-07-24 13:20:00-04:00,13.930000305175781,13.930000305175781,13.930000305175781,13.930000305175781,1433,0.0,0.0
2024-07-24 13:25:00-04:00,13.9399995803833,13.9399995803833,13.930000305175781,13.930000305175781,1371,0.0,0.0
2024-07-24 13:30:00-04:00,13.930000305175781,13.9399995803833,13.920000076293945,13.930000305175781,2366,0.0,0.0
2024-07-24 13:35:00-04:00,13.930000305175781,13.949999809265137,13.920000076293945,13.944999694824219,2406,0.0,0.0
2024-07-24 13:40:00-04:00,13.960000038146973,13.960000038146973,13.949999809265137,13.954999923706055,955,0.0,0.0
2024-07-24 13:45:00-04:00,13.960000038146973,13.970000267028809,13.9399995803833,13.9399995803833,4847,0.0,0.0
2024-07-24 13:50:00-04:00,13.9399995803833,13.960000038146973,13.9399995803833,13.960000038146973,1840,0.0,0.0
2024-07-24 13:55:00-04:00,13.960000038146973,13.960000038146973,13.960000038146973,13.960000038146973,1917,0.0,0.0
2024-07-24 14:00:00-04:00,13.960000038146973,13.960000038146973,13.960000038146973,13.960000038146973,1566,0.0,0.0
2024-07-24 14:05:00-04:00,13.960000038146973,13.96500015258789,13.960000038146973,13.96500015258789,1647,0.0,0.0
2024-07-24 14:10:00-04:00,13.960000038146973,13.970000267028809,13.960000038146973,13.970000267028809,2043,0.0,0.0
2024-07-24 14:15:00-04:00,13.970000267028809,13.975000381469727,13.9350004196167,13.9350004196167,2411,0.0,0.0
2024-07-24 14:20:00-04:00,13.930000305175781,13.930000305175781,13.90999984741211,13.920000076293945,4097,0.0,0.0
2024-07-24 14:25:00-04:00,13.920000076293945,13.920000076293945,13.90999984741211,13.90999984741211,1509,0.0,0.0
2024-07-24 14:30:00-04:00,13.899999618530273,13.899999618530273,13.880000114440918,13.880000114440918,1998,0.0,0.0
2024-07-24 14:35:00-04:00,13.875,13.875,13.854999542236328,13.854999542236328,2091,0.0,0.0
2024-07-24 14:40:00-04:00,13.850000381469727,13.850000381469727,13.819999694824219,13.819999694824219,3018,0.0,0.0
2024-07-24 14:45:00-04:00,13.819999694824219,13.819999694824219,13.800000190734863,13.805000305175781,3215,0.0,0.0
2024-07-24 14:50:00-04:00,13.800000190734863,13.8100004196167,13.795000076293945,13.8100004196167,2928,0.0,0.0
2024-07-24 14:55:00-04:00,13.819999694824219,13.829999923706055,13.8100004196167,13.829999923706055,3197,0.0,0.0
2024-07-24 15:00:00-04:00,13.850000381469727,13.850000381469727,13.84000015258789,13.84000015258789,1414,0.0,0.0
2024-07-24 15:05:00-04:00,13.850000381469727,13.850000381469727,13.850000381469727,13.850000381469727,1585,0.0,0.0
2024-07-24 15:10:00-04:00,13.850000381469727,13.854999542236328,13.850000381469727,13.850000381469727,4930,0.0,0.0
2024-07-24 15:15:00-04:00,13.859999656677246,13.859999656677246,13.829999923706055,13.829999923706055,4899,0.0,0.0
2024-07-24 15:20:00-04:00,13.829999923706055,13.850000381469727,13.829999923706055,13.845000267028809,3710,0.0,0.0
2024-07-24 15:25:00-04:00,13.850000381469727,13.850000381469727,13.824999809265137,13.829999923706055,5425,0.0,0.0
2024-07-24 15:30:00-04:00,13.824999809265137,13.859999656677246,13.824999809265137,13.859999656677246,3725,0.0,0.0
2024-07-24 15:35:00-04:00,13.864999771118164,13.869999885559082,13.84000015258789,13.84000015258789,7228,0.0,0.0
2024-07-24 15:40:00-04:00,13.850000381469727,13.854999542236328,13.829999923706055,13.829999923706055,2949,0.0,0.0
2024-07-24 15:45:00-04:00,13.829999923706055,13.84000015258789,13.8100004196167,13.835000038146973,6716,0.0,0.0
2024-07-24 15:50:00-04:00,13.84000015258789,13.84000015258789,13.800000190734863,13.800000190734863,13946,0.0,0.0
2024-07-24 15:55:00-04:00,13.800000190734863,13.819999694824219,13.779999732971191,13.8100004196167,41748,0.0,0.0
2024-07-25 09:30:00-04:00,13.920000076293945,14.039999961853027,13.920000076293945,14.039999961853027,9918,0.0,0.0
2024-07-25 09:35:00-04:00,14.050000190734863,14.100000381469727,14.020000457763672,14.039999961853027,3041,0.0,0.0
2024-07-25 09:40:00-04:00,14.029999732971191,14.119999885559082,14.029999732971191,14.109999656677246,4122,0.0,0.0
2024-07-25 09:45:00-04:00,14.100000381469727,14.140000343322754,14.069999694824219,14.119999885559082,6706,0.0,0.0
2024-07-25 09:50:00-04:00,14.119999885559082,14.130000114440918,14.109999656677246,14.130000114440918,4072,0.0,0.0
2024-07-25 09:55:00-04:00,14.15999984741211,14.1899995803833,14.119999885559082,14.119999885559082,2081,0.0,0.0
2024-07-25 10:00:00-04:00,14.140000343322754,14.140000343322754,14.100000381469727,14.100000381469727,3762,0.0,0.0
2024-07-25 10:05:00-04:00,14.119999885559082,14.119999885559082,14.100000381469727,14.109999656677246,3161,0.0,0.0
2024-07-25 10:10:00-04:00,14.109999656677246,14.149999618530273,14.109999656677246,14.140000343322754,3463,0.0,0.0
2024-07-25 10:15:00-04:00,14.149999618530273,14.199999809265137,14.149999618530273,14.199999809265137,3918,0.0,0.0
2024-07-25 10:20:00-04:00,14.210000038146973,14.220000267028809,14.1899995803833,14.218600273132324,1908,0.0,0.0
2024-07-25 10:25:00-04:00,14.199999809265137,14.199999809265137,14.15999984741211,14.1850004196167,2383,0.0,0.0
2024-07-25 10:30:00-04:00,14.170000076293945,14.170000076293945,14.140000343322754,14.154999732971191,5717,0.0,0.0
2024-07-25 10:35:00-04:00,14.154999732971191,14.175000190734863,14.149999618530273,14.149999618530273,3268,0.0,0.0
2024-07-25 10:40:00-04:00,14.149999618530273,14.1899995803833,14.149999618530273,14.1899995803833,1851,0.0,0.0
2024-07-25 10:45:00-04:00,14.194999694824219,14.210000038146973,14.194999694824219,14.210000038146973,1670,0.0,0.0
2024-07-25 10:50:00-04:00,14.210000038146973,14.270000457763672,14.210000038146973,14.25,5693,0.0,0.0
2024-07-25 10:55:00-04:00,14.270000457763672,14.270000457763672,14.260000228881836,14.270000457763672,1012,0.0,0.0
2024-07-25 11:00:00-04:00,14.279999732971191,14.279999732971191,14.234999656677246,14.239999771118164,8146,0.0,0.0
2024-07-25 11:05:00-04:00,14.229999542236328,14.229999542236328,14.225000381469727,14.225000381469727,570,0.0,0.0
2024-07-25 11:10:00-04:00,14.204999923706055,14.239999771118164,14.199999809265137,14.220000267028809,4878,0.0,0.0
2024-07-25 11:15:00-04:00,14.239999771118164,14.260000228881836,14.239999771118164,14.239999771118164,1198,0.0,0.0
2024-07-25 11:20:00-04:00,14.239999771118164,14.259900093078613,14.239999771118164,14.255000114440918,2079,0.0,0.0
2024-07-25 11:25:00-04:00,14.260000228881836,14.270000457763672,14.25,14.255000114440918,3672,0.0,0.0
2024-07-25 11:30:00-04:00,14.260000228881836,14.260000228881836,14.25,14.255000114440918,2065,0.0,0.0
2024-07-25 11:35:00-04:00,14.25,14.255000114440918,14.25,14.25,1351,0.0,0.0
2024-07-25 11:40:00-04:00,14.25,14.25,14.225000381469727,14.225000381469727,758,0.0,0.0
2024-07-25 11:45:00-04:00,14.229999542236328,14.229999542236328,14.229999542236328,14.229999542236328,933,0.0,0.0
2024-07-25 11:50:00-04:00,14.220000267028809,14.25,14.220000267028809,14.239999771118164,3667,0.0,0.0
2024-07-25 11:55:00-04:00,14.239999771118164,14.279999732971191,14.239999771118164,14.279999732971191,3638,0.0,0.0
2024-07-25 12:00:00-04:00,14.270000457763672,14.270000457763672,14.239999771118164,14.239999771118164,2615,0.0,0.0
2024-07-25 12:05:00-04:00,14.239999771118164,14.239999771118164,14.210000038146973,14.220000267028809,2073,0.0,0.0
2024-07-25 12:10:00-04:00,14.229999542236328,14.260000228881836,14.229999542236328,14.260000228881836,3385,0.0,0.0
2024-07-25 12:15:00-04:00,14.270000457763672,14.289999961853027,14.270000457763672,14.289999961853027,2030,0.0,0.0
2024-07-25 12:20:00-04:00,14.298199653625488,14.3100004196167,14.298199653625488,14.300000190734863,2774,0.0,0.0
2024-07-25 12:25:00-04:00,14.300000190734863,14.315400123596191,14.300000190734863,14.315400123596191,2685,0.0,0.0
2024-07-25 12:30:00-04:00,14.319999694824219,14.329999923706055,14.319999694824219,14.324999809265137,3887,0.0,0.0
2024-07-25 12:35:00-04:00,14.319999694824219,14.329999923706055,14.319999694824219,14.329999923706055,3375,0.0,0.0
2024-07-25 12:40:00-04:00,14.329999923706055,14.329999923706055,14.329999923706055,14.329999923706055,573,0.0,0.0
2024-07-25 12:45:00-04:00,14.324999809265137,14.335000038146973,14.324999809265137,14.329999923706055,6628,0.0,0.0
2024-07-25 12:50:00-04:00,14.329500198364258,14.329999923706055,14.329500198364258,14.329999923706055,619,0.0,0.0
2024-07-25 12:55:00-04:00,14.34000015258789,14.350000381469727,14.319999694824219,14.319999694824219,9474,0.0,0.0
2024-07-25 13:00:00-04:00,14.319999694824219,14.335000038146973,14.319999694824219,14.324999809265137,3763,0.0,0.0
2024-07-25 13:05:00-04:00,14.319999694824219,14.319999694824219,14.319999694824219,14.319999694824219,889,0.0,0.0
2024-07-25 13:10:00-04:00,14.319999694824219,14.319999694824219,14.305000305175781,14.3100004196167,1991,0.0,0.0
2024-07-25 13:15:00-04:00,14.300000190734863,14.300000190734863,14.270000457763672,14.270000457763672,1691,0.0,0.0
2024-07-25 13:20:00-04:00,14.279999732971191,14.279999732971191,14.229999542236328,14.229999542236328,2140,0.0,0.0
2024-07-25 13:25:00-04:00,14.239999771118164,14.319899559020996,14.239999771118164,14.279999732971191,7874,0.0,0.0
2024-07-25 13:30:00-04:00,14.279999732971191,14.300000190734863,14.279999732971191,14.300000190734863,3443,0.0,0.0
2024-07-25 13:35:00-04:00,14.305000305175781,14.305000305175781,14.289999961853027,14.300000190734863,2685,0.0,0.0
2024-07-25 13:40:00-04:00,14.280099868774414,14.307900428771973,14.280099868774414,14.307900428771973,733,0.0,0.0
2024-07-25 13:45:00-04:00,14.300000190734863,14.300000190734863,14.289999961853027,14.295000076293945,1438,0.0,0.0
2024-07-25 13:50:00-04:00,14.289999961853027,14.300000190734863,14.28499984741211,14.289999961853027,3292,0.0,0.0
2024-07-25 13:55:00-04:00,14.289999961853027,14.300000190734863,14.289999961853027,14.300000190734863,1801,0.0,0.0
2024-07-25 14:00:00-04:00,14.300000190734863,14.3100004196167,14.279999732971191,14.279999732971191,2264,0.0,0.0
2024-07-25 14:05:00-04:00,14.279999732971191,14.295000076293945,14.279999732971191,14.289999961853027,2473,0.0,0.0
2024-07-25 14:10:00-04:00,14.270000457763672,14.270000457763672,14.260000228881836,14.270000457763672,1483,0.0,0.0
2024-07-25 14:15:00-04:00,14.255000114440918,14.26990032196045,14.255000114440918,14.265000343322754,1601,0.0,0.0
2024-07-25 14:20:00-04:00,14.265000343322754,14.265000343322754,14.239999771118164,14.239999771118164,2726,0.0,0.0
2024-07-25 14:25:00-04:00,14.244999885559082,14.260000228881836,14.220000267028809,14.220000267028809,4795,0.0,0.0
2024-07-25 14:30:00-04:00,14.229999542236328,14.239999771118164,14.229999542236328,14.239999771118164,1281,0.0,0.0
2024-07-25 14:35:00-04:00,14.229999542236328,14.229999542236328,14.210000038146973,14.210000038146973,2497,0.0,0.0
2024-07-25 14:40:00-04:00,14.210000038146973,14.210000038146973,14.170000076293945,14.180000305175781,2580,0.0,0.0
2024-07-25 14:45:00-04:00,14.140000343322754,14.145000457763672,14.140000343322754,14.145000457763672,757,0.0,0.0
2024-07-25 14:50:00-04:00,14.149999618530273,14.15999984741211,14.145000457763672,14.149999618530273,4633,0.0,0.0
2024-07-25 14:55:00-04:00,14.154999732971191,14.1899995803833,14.154999732971191,14.180000305175781,3855,0.0,0.0
2024-07-25 15:00:00-04:00,14.15999984741211,14.178000450134277,14.15999984741211,14.178000450134277,432,0.0,0.0
2024-07-25 15:05:00-04:00,14.170000076293945,14.170000076293945,14.15999984741211,14.167900085449219,1666,0.0,0.0
2024-07-25 15:10:00-04:00,14.15999984741211,14.170000076293945,14.149999618530273,14.170000076293945,5825,0.0,0.0
2024-07-25 15:15:00-04:00,14.15999984741211,14.180000305175781,14.149999618530273,14.170000076293945,5707,0.0,0.0
2024-07-25 15:20:00-04:00,14.178199768066406,14.180000305175781,14.15999984741211,14.170000076293945,5874,0.0,0.0
2024-07-25 15:25:00-04:00,14.170000076293945,14.1899995803833,14.170000076293945,14.175000190734863,3372,0.0,0.0
2024-07-25 15:30:00-04:00,14.1899995803833,14.1899995803833,14.180000305175781,14.180000305175781,3757,0.0,0.0
2024-07-25 15:35:00-04:00,14.170000076293945,14.170000076293945,14.15999984741211,14.164999961853027,5822,0.0,0.0
2024-07-25 15:40:00-04:00,14.15999984741211,14.175000190734863,14.140000343322754,14.140000343322754,6083,0.0,0.0
2024-07-25 15:45:00-04:00,14.140000343322754,14.140000343322754,14.119999885559082,14.130000114440918,8540,0.0,0.0
2024-07-25 15:50:00-04:00,14.119999885559082,14.119999885559082,14.079999923706055,14.079999923706055,11894,0.0,0.0
2024-07-25 15:55:00-04:00,14.09000015258789,14.114999771118164,14.079999923706055,14.100000381469727,44238,0.0,0.0
2024-07-26 09:30:00-04:00,14.289999961853027,14.289999961853027,14.170000076293945,14.170000076293945,7853,0.0,0.0
2024-07-26 09:35:00-04:00,14.229999542236328,14.229999542236328,14.199999809265137,14.220000267028809,844,0.0,0.0
2024-07-26 09:40:00-04:00,14.220000267028809,14.239999771118164,14.199999809265137,14.239999771118164,3882,0.0,0.0
2024-07-26 09:45:00-04:00,14.239999771118164,14.239999771118164,14.199999809265137,14.229999542236328,2572,0.0,0.0
2024-07-26 09:50:00-04:00,14.220000267028809,14.220000267028809,14.210000038146973,14.210000038146973,939,0.0,0.0
2024-07-26 09:55:00-04:00,14.199999809265137,14.220000267028809,14.199999809265137,14.210000038146973,1423,0.0,0.0
2024-07-26 10:00:00-04:00,14.1899995803833,14.239999771118164,14.1899995803833,14.239999771118164,1506,0.0,0.0
2024-07-26 10:05:00-04:00,14.220000267028809,14.220000267028809,14.130000114440918,14.130000114440918,3166,0.0,0.0
2024-07-26 10:10:00-04:00,14.130000114440918,14.15999984741211,14.130000114440918,14.15999984741211,2431,0.0,0.0
2024-07-26 10:15:00-04:00,14.149999618530273,14.164999961853027,14.140000343322754,14.140000343322754,2117,0.0,0.0
2024-07-26 10:20:00-04:00,14.149999618530273,14.149999618530273,14.140000343322754,14.149999618530273,1509,0.0,0.0
2024-07-26 10:25:00-04:00,14.140000343322754,14.170000076293945,14.130000114440918,14.15999984741211,2546,0.0,0.0
2024-07-26 10:30:00-04:00,14.149999618530273,14.149999618530273,14.079999923706055,14.09000015258789,4476,0.0,0.0
2024-07-26 10:35:00-04:00,14.09000015258789,14.09000015258789,14.079999923706055,14.079999923706055,1100,0.0,0.0
2024-07-26 10:40:00-04:00,14.104999542236328,14.119999885559082,14.104999542236328,14.109999656677246,1805,0.0,0.0
2024-07-26 10:45:00-04:00,14.114999771118164,14.114999771118164,14.050000190734863,14.050000190734863,3253,0.0,0.0
2024-07-26 10:50:00-04:00,14.029999732971191,14.029999732971191,14.0,14.029999732971191,4185,0.0,0.0
2024-07-26 10:55:00-04:00,14.039999961853027,14.079999923706055,14.039999961853027,14.079999923706055,3068,0.0,0.0
2024-07-26 11:00:00-04:00,14.079999923706055,14.104999542236328,14.079999923706055,14.09000015258789,2666,0.0,0.0
2024-07-26 11:05:00-04:00,14.095000267028809,14.095000267028809,14.09000015258789,14.09000015258789,1577,0.0,0.0
2024-07-26 11:10:00-04:00,14.09000015258789,14.09000015258789,14.079999923706055,14.09000015258789,2600,0.0,0.0
2024-07-26 11:15:00-04:00,14.079999923706055,14.079999923706055,14.069999694824219,14.069999694824219,1736,0.0,0.0
2024-07-26 11:20:00-04:00,14.069999694824219,14.074999809265137,14.0649995803833,14.069999694824219,2541,0.0,0.0
2024-07-26 11:25:00-04:00,14.079999923706055,14.09000015258789,14.050000190734863,14.09000015258789,4979,0.0,0.0
2024-07-26 11:30:00-04:00,14.069999694824219,14.100000381469727,14.069999694824219,14.09000015258789,1841,0.0,0.0
2024-07-26 11:35:00-04:00,14.079999923706055,14.100000381469727,14.079999923706055,14.100000381469727,1985,0.0,0.0
2024-07-26 11:40:00-04:00,14.100000381469727,14.109999656677246,14.095000267028809,14.109999656677246,3093,0.0,0.0
2024-07-26 11:45:00-04:00,14.119999885559082,14.119999885559082,14.09000015258789,14.119999885559082,3037,0.0,0.0
2024-07-26 11:50:00-04:00,14.119999885559082,14.131999969482422,14.119999885559082,14.119999885559082,3151,0.0,0.0
2024-07-26 11:55:00-04:00,14.149999618530273,14.170000076293945,14.149999618530273,14.170000076293945,5038,0.0,0.0
2024-07-26 12:00:00-04:00,14.170000076293945,14.170000076293945,14.140000343322754,14.15999984741211,3558,0.0,0.0
2024-07-26 12:05:00-04:00,14.15999984741211,14.1899995803833,14.15999984741211,14.180000305175781,2588,0.0,0.0
2024-07-26 12:10:00-04:00,14.1899995803833,14.210000038146973,14.180000305175781,14.1850004196167,2842,0.0,0.0
2024-07-26 12:15:00-04:00,14.1899995803833,14.199999809265137,14.1899995803833,14.1899995803833,2313,0.0,0.0
2024-07-26 12:20:00-04:00,14.1899995803833,14.199999809265137,14.1850004196167,14.199999809265137,3436,0.0,0.0
2024-07-26 12:25:00-04:00,14.194999694824219,14.204999923706055,14.194999694824219,14.199999809265137,2893,0.0,0.0
2024-07-26 12:30:00-04:00,14.194999694824219,14.199999809265137,14.170000076293945,14.170000076293945,2771,0.0,0.0
2024-07-26 12:35:00-04:00,14.149999618530273,14.15820026397705,14.145000457763672,14.154999732971191,2864,0.0,0.0
2024-07-26 12:40:00-04:00,14.15999984741211,14.180000305175781,14.15999984741211,14.170000076293945,2541,0.0,0.0
2024-07-26 12:45:00-04:00,14.170000076293945,14.175000190734863,14.149999618530273,14.15999984741211,2955,0.0,0.0
2024-07-26 12:50:00-04:00,14.15999984741211,14.180000305175781,14.15999984741211,14.180000305175781,2180,0.0,0.0
2024-07-26 12:55:00-04:00,14.180000305175781,14.180000305175781,14.170000076293945,14.175000190734863,2048,0.0,0.0
2024-07-26 13:00:00-04:00,14.170000076293945,14.180000305175781,14.164999961853027,14.180000305175781,3678,0.0,0.0
2024-07-26 13:05:00-04:00,14.1850004196167,14.199999809265137,14.170000076293945,14.170000076293945,1895,0.0,0.0
2024-07-26 13:10:00-04:00,14.170000076293945,14.175000190734863,14.170000076293945,14.170000076293945,1165,0.0,0.0
2024-07-26 13:15:00-04:00,14.175000190734863,14.180000305175781,14.15999984741211,14.15999984741211,3073,0.0,0.0
2024-07-26 13:20:00-04:00,14.15999984741211,14.180000305175781,14.15999984741211,14.180000305175781,2703,0.0,0.0
2024-07-26 13:25:00-04:00,14.180000305175781,14.1899995803833,14.180000305175781,14.1899995803833,2581,0.0,0.0
2024-07-26 13:30:00-04:00,14.1899995803833,14.1899995803833,14.149999618530273,14.149999618530273,2854,0.0,0.0
2024-07-26 13:35:00-04:00,14.149999618530273,14.149999618530273,14.140000343322754,14.149999618530273,5746,0.0,0.0
2024-07-26 13:40:00-04:00,14.15999984741211,14.170000076293945,14.149999618530273,14.170000076293945,2327,0.0,0.0
2024-07-26 13:45:00-04:00,14.1899995803833,14.199999809265137,14.1850004196167,14.1850004196167,2212,0.0,0.0
2024-07-26 13:50:00-04:00,14.180000305175781,14.1850004196167,14.180000305175781,14.180000305175781,1643,0.0,0.0
2024-07-26 13:55:00-04:00,14.180000305175781,14.180000305175781,14.180000305175781,14.180000305175781,1396,0.0,0.0
2024-07-26 14:00:00-04:00,14.180000305175781,14.1899995803833,14.15999984741211,14.15999984741211,4836,0.0,0.0
2024-07-26 14:05:00-04:00,14.140000343322754,14.140000343322754,14.119999885559082,14.130000114440918,2982,0.0,0.0
2024-07-26 14:10:00-04:00,14.119999885559082,14.139900207519531,14.109999656677246,14.109999656677246,2891,0.0,0.0
2024-07-26 14:15:00-04:00,14.109999656677246,14.130000114440918,14.109999656677246,14.130000114440918,7483,0.0,0.0
2024-07-26 14:20:00-04:00,14.119999885559082,14.130000114440918,14.109999656677246,14.130000114440918,4186,0.0,0.0
2024-07-26 14:25:00-04:00,14.140000343322754,14.140000343322754,14.130000114440918,14.130000114440918,2674,0.0,0.0
2024-07-26 14:30:00-04:00,14.119999885559082,14.130000114440918,14.114999771118164,14.125,5636,0.0,0.0
2024-07-26 14:35:00-04:00,14.135000228881836,14.135000228881836,14.130000114440918,14.130000114440918,1919,0.0,0.0
2024-07-26 14:40:00-04:00,14.130000114440918,14.140000343322754,14.114999771118164,14.130000114440918,6561,0.0,0.0
2024-07-26 14:45:00-04:00,14.142000198364258,14.15999984741211,14.130000114440918,14.130000114440918,4831,0.0,0.0
2024-07-26 14:50:00-04:00,14.140000343322754,14.145000457763672,14.130000114440918,14.140000343322754,5191,0.0,0.0
2024-07-26 14:55:00-04:00,14.140000343322754,14.145000457763672,14.130000114440918,14.130000114440918,2561,0.0,0.0
2024-07-26 15:00:00-04:00,14.130000114440918,14.130000114440918,14.100000381469727,14.109999656677246,3957,0.0,0.0
2024-07-26 15:05:00-04:00,14.104999542236328,14.125,14.100000381469727,14.125,8087,0.0,0.0
2024-07-26 15:10:00-04:00,14.119999885559082,14.135000228881836,14.119999885559082,14.135000228881836,5289,0.0,0.0
2024-07-26 15:15:00-04:00,14.135000228881836,14.135000228881836,14.130000114440918,14.130000114440918,3966,0.0,0.0
2024-07-26 15:20:00-04:00,14.135000228881836,14.164999961853027,14.135000228881836,14.154999732971191,8124,0.0,0.0
2024-07-26 15:25:00-04:00,14.149999618530273,14.170000076293945,14.145000457763672,14.145000457763672,6592,0.0,0.0
2024-07-26 15:30:00-04:00,14.140000343322754,14.145000457763672,14.130000114440918,14.135000228881836,7297,0.0,0.0
2024-07-26 15:35:00-04:00,14.149999618530273,14.15999984741211,14.149999618530273,14.149999618530273,5423,0.0,0.0
2024-07-26 15:40:00-04:00,14.154999732971191,14.15999984741211,14.140000343322754,14.149999618530273,10168,0.0,0.0
2024-07-26 15:45:00-04:00,14.149999618530273,14.1850004196167,14.145000457763672,14.1850004196167,10745,0.0,0.0
2024-07-26 15:50:00-04:00,14.1899995803833,14.229999542236328,14.170000076293945,14.175000190734863,25455,0.0,0.0
2024-07-26 15:55:00-04:00,14.175000190734863,14.25,14.175000190734863,14.239999771118164,68794,0.0,0.0
2024-07-29 09:30:00-04:00,14.220000267028809,14.319999694824219,14.1899995803833,14.239999771118164,5906,0.0,0.0
2024-07-29 09:35:00-04:00,14.199999809265137,14.239999771118164,14.180000305175781,14.239999771118164,4319,0.0,0.0
2024-07-29 09:40:00-04:00,14.25,14.3100004196167,14.25,14.3100004196167,6977,0.0,0.0
2024-07-29 09:45:00-04:00,14.3100004196167,14.319999694824219,14.25,14.25,10346,0.0,0.0
2024-07-29 09:50:00-04:00,14.244999885559082,14.289999961853027,14.229999542236328,14.289999961853027,2564,0.0,0.0
2024-07-29 09:55:00-04:00,14.289999961853027,14.3100004196167,14.289999961853027,14.3100004196167,1104,0.0,0.0
2024-07-29 10:00:00-04:00,14.34000015258789,14.369999885559082,14.34000015258789,14.359999656677246,7034,0.0,0.0
2024-07-29 10:05:00-04:00,14.359999656677246,14.359999656677246,14.34000015258789,14.350000381469727,1742,0.0,0.0
2024-07-29 10:10:00-04:00,14.34000015258789,14.350000381469727,14.3100004196167,14.3100004196167,3248,0.0,0.0
2024-07-29 10:15:00-04:00,14.303999900817871,14.3100004196167,14.300000190734863,14.300000190734863,1753,0.0,0.0
2024-07-29 10:20:00-04:00,14.300000190734863,14.319999694824219,14.300000190734863,14.3100004196167,3816,0.0,0.0
2024-07-29 10:25:00-04:00,14.3100004196167,14.3100004196167,14.289999961853027,14.289999961853027,1523,0.0,0.0
2024-07-29 10:30:00-04:00,14.3100004196167,14.3100004196167,14.260000228881836,14.270000457763672,1804,0.0,0.0
2024-07-29 10:35:00-04:00,14.265000343322754,14.300000190734863,14.265000343322754,14.289999961853027,4474,0.0,0.0
2024-07-29 10:40:00-04:00,14.300000190734863,14.300000190734863,14.300000190734863,14.300000190734863,1061,0.0,0.0
2024-07-29 10:45:00-04:00,14.300000190734863,14.300000190734863,14.260000228881836,14.260000228881836,2810,0.0,0.0
2024-07-29 10:50:00-04:00,14.260000228881836,14.270000457763672,14.258999824523926,14.270000457763672,1635,0.0,0.0
2024-07-29 10:55:00-04:00,14.25,14.270000457763672,14.229999542236328,14.229999542236328,2573,0.0,0.0
2024-07-29 11:00:00-04:00,14.229999542236328,14.229999542236328,14.210000038146973,14.210000038146973,3363,0.0,0.0
2024-07-29 11:05:00-04:00,14.190099716186523,14.190099716186523,14.190099716186523,14.190099716186523,1049,0.0,0.0
2024-07-29 11:10:00-04:00,14.170000076293945,14.180000305175781,14.130000114440918,14.140000343322754,3469,0.0,0.0
2024-07-29 11:15:00-04:00,14.145000457763672,14.14900016784668,14.130000114440918,14.140000343322754,1469,0.0,0.0
2024-07-29 11:20:00-04:00,14.140000343322754,14.15999984741211,14.140000343322754,14.15999984741211,3028,0.0,0.0
2024-07-29 11:25:00-04:00,14.170000076293945,14.170000076293945,14.119999885559082,14.119999885559082,2382,0.0,0.0
2024-07-29 11:30:00-04:00,14.130000114440918,14.130000114440918,14.09000015258789,14.104999542236328,3306,0.0,0.0
2024-07-29 11:35:00-04:00,14.100000381469727,14.109999656677246,14.100000381469727,14.100000381469727,1424,0.0,0.0
2024-07-29 11:40:00-04:00,14.104999542236328,14.109999656677246,14.100000381469727,14.109999656677246,3078,0.0,0.0
2024-07-29 11:45:00-04:00,14.100000381469727,14.109999656677246,14.100000381469727,14.109999656677246,1568,0.0,0.0
2024-07-29 11:50:00-04:00,14.109999656677246,14.119999885559082,14.09000015258789,14.09000015258789,1660,0.0,0.0
2024-07-29 11:55:00-04:00,14.085000038146973,14.119999885559082,14.085000038146973,14.109999656677246,3529,0.0,0.0
2024-07-29 12:00:00-04:00,14.109999656677246,14.130000114440918,14.109999656677246,14.119999885559082,1128,0.0,0.0
2024-07-29 12:05:00-04:00,14.119999885559082,14.140000343322754,14.119999885559082,14.140000343322754,2083,0.0,0.0
2024-07-29 12:10:00-04:00,14.130000114440918,14.130000114440918,14.130000114440918,14.130000114440918,552,0.0,0.0
2024-07-29 12:15:00-04:00,14.130000114440918,14.140000343322754,14.119999885559082,14.119999885559082,4243,0.0,0.0
2024-07-29 12:20:00-04:00,14.125,14.125,14.125,14.125,387,0.0,0.0
2024-07-29 12:25:00-04:00,14.119999885559082,14.119999885559082,14.119999885559082,14.119999885559082,1137,0.0,0.0
2024-07-29 12:30:00-04:00,14.125,14.136799812316895,14.119999885559082,14.130000114440918,2718,0.0,0.0
2024-07-29 12:35:00-04:00,14.130000114440918,14.130000114440918,14.119999885559082,14.119999885559082,1134,0.0,0.0
2024-07-29 12:40:00-04:00,14.119999885559082,14.119999885559082,14.100000381469727,14.100000381469727,3120,0.0,0.0
2024-07-29 12:45:00-04:00,14.100000381469727,14.100000381469727,14.079999923706055,14.079999923706055,1652,0.0,0.0
2024-07-29 12:50:00-04:00,14.069999694824219,14.069999694824219,14.0600004196167,14.069999694824219,1235,0.0,0.0
2024-07-29 12:55:00-04:00,14.0600004196167,14.079999923706055,14.0600004196167,14.069999694824219,4225,0.0,0.0
2024-07-29 13:00:00-04:00,14.069999694824219,14.069999694824219,14.069999694824219,14.069999694824219,380,0.0,0.0
2024-07-29 13:05:00-04:00,14.069999694824219,14.074999809265137,14.069999694824219,14.074999809265137,764,0.0,0.0
2024-07-29 13:10:00-04:00,14.074999809265137,14.15999984741211,14.069999694824219,14.149999618530273,7493,0.0,0.0
2024-07-29 13:15:00-04:00,14.140000343322754,14.154999732971191,14.119999885559082,14.148599624633789,19204,0.0,0.0
2024-07-29 13:20:00-04:00,14.15999984741211,14.170000076293945,14.149999618530273,14.15999984741211,6791,0.0,0.0
2024-07-29 13:25:00-04:00,14.149999618530273,14.170000076293945,14.149999618530273,14.170000076293945,3686,0.0,0.0
2024-07-29 13:30:00-04:00,14.15999984741211,14.180000305175781,14.15999984741211,14.180000305175781,2130,0.0,0.0
2024-07-29 13:35:00-04:00,14.170000076293945,14.170000076293945,14.149999618530273,14.154999732971191,2199,0.0,0.0
2024-07-29 13:40:00-04:00,14.159899711608887,14.15999984741211,14.140000343322754,14.145000457763672,2356,0.0,0.0
2024-07-29 13:45:00-04:00,14.140000343322754,14.149999618530273,14.140000343322754,14.145000457763672,1089,0.0,0.0
2024-07-29 13:50:00-04:00,14.145000457763672,14.15999984741211,14.140000343322754,14.140000343322754,3833,0.0,0.0
2024-07-29 13:55:00-04:00,14.140000343322754,14.140000343322754,14.130000114440918,14.140000343322754,1266,0.0,0.0
2024-07-29 14:00:00-04:00,14.140000343322754,14.149999618530273,14.130000114440918,14.140000343322754,5626,0.0,0.0
2024-07-29 14:05:00-04:00,14.15999984741211,14.15999984741211,14.149999618530273,14.15999984741211,1208,0.0,0.0
2024-07-29 14:10:00-04:00,14.15999984741211,14.1899995803833,14.149999618530273,14.178999900817871,2366,0.0,0.0
2024-07-29 14:15:00-04:00,14.170000076293945,14.180000305175781,14.15999984741211,14.15999984741211,2373,0.0,0.0
2024-07-29 14:20:00-04:00,14.170000076293945,14.179900169372559,14.170000076293945,14.170000076293945,2581,0.0,0.0
2024-07-29 14:25:00-04:00,14.170000076293945,14.170000076293945,14.15999984741211,14.15999984741211,1092,0.0,0.0
2024-07-29 14:30:00-04:00,14.15999984741211,14.15999984741211,14.140000343322754,14.140000343322754,2657,0.0,0.0
2024-07-29 14:35:00-04:00,14.149999618530273,14.170000076293945,14.140000343322754,14.15999984741211,5088,0.0,0.0
2024-07-29 14:40:00-04:00,14.15999984741211,14.15999984741211,14.149999618530273,14.149999618530273,1683,0.0,0.0
2024-07-29 14:45:00-04:00,14.149999618530273,14.152000427246094,14.119999885559082,14.130000114440918,3394,0.0,0.0
2024-07-29 14:50:00-04:00,14.130000114440918,14.140000343322754,14.130000114440918,14.140000343322754,3839,0.0,0.0
2024-07-29 14:55:00-04:00,14.140000343322754,14.170000076293945,14.140000343322754,14.15999984741211,2137,0.0,0.0
2024-07-29 15:00:00-04:00,14.149999618530273,14.1899995803833,14.149999618530273,14.1899995803833,5843,0.0,0.0
2024-07-29 15:05:00-04:00,14.1899995803833,14.1899995803833,14.15999984741211,14.15999984741211,2353,0.0,0.0
2024-07-29 15:10:00-04:00,14.149999618530273,14.15999984741211,14.145000457763672,14.145000457763672,3732,0.0,0.0
2024-07-29 15:15:00-04:00,14.145000457763672,14.145000457763672,14.130000114440918,14.130000114440918,2045,0.0,0.0
2024-07-29 15:20:00-04:00,14.135000228881836,14.154999732971191,14.130000114440918,14.154999732971191,5152,0.0,0.0
2024-07-29 15:25:00-04:00,14.15999984741211,14.15999984741211,14.149999618530273,14.154999732971191,4436,0.0,0.0
2024-07-29 15:30:00-04:00,14.15999984741211,14.15999984741211,14.130000114440918,14.140000343322754,5717,0.0,0.0
2024-07-29 15:35:00-04:00,14.140999794006348,14.149999618530273,14.119999885559082,14.145000457763672,14441,0.0,0.0
2024-07-29 15:40:00-04:00,14.145000457763672,14.149999618530273,14.140000343322754,14.145000457763672,5699,0.0,0.0
2024-07-29 15:45:00-04:00,14.149999618530273,14.15999984741211,14.130000114440918,14.135000228881836,14789,0.0,0.0
2024-07-29 15:50:00-04:00,14.135000228881836,14.15999984741211,14.119999885559082,14.119999885559082,37368,0.0,0.0
2024-07-29 15:55:00-04:00,14.125,14.130000114440918,14.0600004196167,14.069999694824219,70146,0.0,0.0
2024-07-30 09:30:00-04:00,14.199999809265137,14.319999694824219,14.149999618530273,14.260000228881836,12079,0.0,0.0
2024-07-30 09:35:00-04:00,14.239999771118164,14.25,14.210000038146973,14.244999885559082,3799,0.0,0.0
2024-07-30 09:40:00-04:00,14.260000228881836,14.3100004196167,14.260000228881836,14.295000076293945,3338,0.0,0.0
2024-07-30 09:45:00-04:00,14.279999732971191,14.300000190734863,14.239999771118164,14.239999771118164,4164,0.0,0.0
2024-07-30 09:50:00-04:00,14.239999771118164,14.270000457763672,14.239999771118164,14.260000228881836,4941,0.0,0.0
2024-07-30 09:55:00-04:00,14.260000228881836,14.260000228881836,14.260000228881836,14.260000228881836,1885,0.0,0.0
2024-07-30 10:00:00-04:00,14.25,14.260000228881836,14.199999809265137,14.229999542236328,7884,0.0,0.0
2024-07-30 10:05:00-04:00,14.220000267028809,14.270000457763672,14.210000038146973,14.210000038146973,4292,0.0,0.0
2024-07-30 10:10:00-04:00,14.180000305175781,14.1850004196167,14.130000114440918,14.130000114440918,4112,0.0,0.0
2024-07-30 10:15:00-04:00,14.140000343322754,14.199999809265137,14.140000343322754,14.199999809265137,3531,0.0,0.0
2024-07-30 10:20:00-04:00,14.199999809265137,14.210000038146973,14.140000343322754,14.140000343322754,5713,0.0,0.0
2024-07-30 10:25:00-04:00,14.130000114440918,14.164999961853027,14.119999885559082,14.15999984741211,2227,0.0,0.0
2024-07-30 10:30:00-04:00,14.164999961853027,14.164999961853027,14.15999984741211,14.15999984741211,611,0.0,0.0
2024-07-30 10:35:00-04:00,14.149999618530273,14.199999809265137,14.130000114440918,14.194999694824219,25468,0.0,0.0
2024-07-30 10:40:00-04:00,14.1899995803833,14.1899995803833,14.15999984741211,14.170000076293945,3770,0.0,0.0
2024-07-30 10:45:00-04:00,14.1899995803833,14.199999809265137,14.180000305175781,14.180000305175781,3426,0.0,0.0
2024-07-30 10:50:00-04:00,14.180000305175781,14.180000305175781,14.170000076293945,14.170000076293945,1963,0.0,0.0
2024-07-30 10:55:00-04:00,14.170000076293945,14.170000076293945,14.149999618530273,14.149999618530273,4514,0.0,0.0
2024-07-30 11:00:00-04:00,14.149999618530273,14.149999618530273,14.140000343322754,14.140000343322754,1684,0.0,0.0
2024-07-30 11:05:00-04:00,14.142000198364258,14.15999984741211,14.119999885559082,14.140000343322754,5690,0.0,0.0
2024-07-30 11:10:00-04:00,14.140000343322754,14.149999618530273,14.130000114440918,14.130000114440918,2290,0.0,0.0
2024-07-30 11:15:00-04:00,14.130000114440918,14.15999984741211,14.119999885559082,14.15999984741211,2201,0.0,0.0
2024-07-30 11:20:00-04:00,14.170000076293945,14.229999542236328,14.170000076293945,14.199999809265137,9694,0.0,0.0
2024-07-30 11:25:00-04:00,14.220000267028809,14.3100004196167,14.210000038146973,14.25,30897,0.0,0.0
2024-07-30 11:30:00-04:00,14.25,14.25,14.229999542236328,14.229999542236328,3129,0.0,0.0
2024-07-30 11:35:00-04:00,14.239999771118164,14.239999771118164,14.170000076293945,14.229999542236328,7536,0.0,0.0
2024-07-30 11:40:00-04:00,14.220000267028809,14.249699592590332,14.210000038146973,14.249699592590332,6704,0.0,0.0
2024-07-30 11:45:00-04:00,14.239999771118164,14.25,14.220000267028809,14.225000381469727,4519,0.0,0.0
2024-07-30 11:50:00-04:00,14.210000038146973,14.210000038146973,14.180000305175781,14.180000305175781,4437,0.0,0.0
2024-07-30 11:55:00-04:00,14.180000305175781,14.220000267028809,14.180000305175781,14.210000038146973,9526,0.0,0.0
2024-07-30 12:00:00-04:00,14.210000038146973,14.210000038146973,14.1899995803833,14.199999809265137,2085,0.0,0.0
2024-07-30 12:05:00-04:00,14.1899995803833,14.220000267028809,14.1899995803833,14.220000267028809,5691,0.0,0.0
2024-07-30 12:10:00-04:00,14.210000038146973,14.225000381469727,14.199999809265137,14.220000267028809,1737,0.0,0.0
2024-07-30 12:15:00-04:00,14.220000267028809,14.220000267028809,14.170000076293945,14.170000076293945,3486,0.0,0.0
2024-07-30 12:20:00-04:00,14.180000305175781,14.180000305175781,14.149999618530273,14.15999984741211,4159,0.0,0.0
2024-07-30 12:25:00-04:00,14.170000076293945,14.1899995803833,14.15999984741211,14.1899995803833,4418,0.0,0.0
2024-07-30 12:30:00-04:00,14.199999809265137,14.199999809265137,14.1899995803833,14.1899995803833,1253,0.0,0.0
2024-07-30 12:35:00-04:00,14.1899995803833,14.210000038146973,14.180000305175781,14.210000038146973,3121,0.0,0.0
2024-07-30 12:40:00-04:00,14.204999923706055,14.229999542236328,14.1899995803833,14.229999542236328,2153,0.0,0.0
2024-07-30 12:45:00-04:00,14.220000267028809,14.220000267028809,14.1899995803833,14.1899995803833,4036,0.0,0.0
2024-07-30 12:50:00-04:00,14.1899995803833,14.1899995803833,14.15999984741211,14.15999984741211,2029,0.0,0.0
2024-07-30 12:55:00-04:00,14.140000343322754,14.149999618530273,14.140000343322754,14.149999618530273,3783,0.0,0.0
2024-07-30 13:00:00-04:00,14.149999618530273,14.149999618530273,14.100000381469727,14.119999885559082,7635,0.0,0.0
2024-07-30 13:05:00-04:00,14.119999885559082,14.130000114440918,14.119999885559082,14.130000114440918,2631,0.0,0.0
2024-07-30 13:10:00-04:00,14.130000114440918,14.130000114440918,14.119999885559082,14.130000114440918,1879,0.0,0.0
2024-07-30 13:15:00-04:00,14.130000114440918,14.149999618530273,14.119999885559082,14.130000114440918,3390,0.0,0.0
2024-07-30 13:20:00-04:00,14.130000114440918,14.130000114440918,14.119999885559082,14.130000114440918,1164,0.0,0.0
2024-07-30 13:25:00-04:00,14.130000114440918,14.130000114440918,14.125,14.130000114440918,3442,0.0,0.0
2024-07-30 13:30:00-04:00,14.130000114440918,14.140000343322754,14.119999885559082,14.140000343322754,4933,0.0,0.0
2024-07-30 13:35:00-04:00,14.140000343322754,14.170000076293945,14.140000343322754,14.149999618530273,4341,0.0,0.0
2024-07-30 13:40:00-04:00,14.149999618530273,14.15999984741211,14.140000343322754,14.140000343322754,2347,0.0,0.0
2024-07-30 13:45:00-04:00,14.140000343322754,14.149999618530273,14.140000343322754,14.149999618530273,3235,0.0,0.0
2024-07-30 13:50:00-04:00,14.149999618530273,14.15999984741211,14.149999618530273,14.15999984741211,1828,0.0,0.0
2024-07-30 13:55:00-04:00,14.140000343322754,14.140000343322754,14.125,14.125,3683,0.0,0.0
2024-07-30 14:00:00-04:00,14.130000114440918,14.140000343322754,14.100000381469727,14.125,5347,0.0,0.0
2024-07-30 14:05:00-04:00,14.130000114440918,14.1899995803833,14.130000114440918,14.1899995803833,4720,0.0,0.0
2024-07-30 14:10:00-04:00,14.1899995803833,14.229999542236328,14.1899995803833,14.229999542236328,10073,0.0,0.0
2024-07-30 14:15:00-04:00,14.229999542236328,14.23799991607666,14.210000038146973,14.220000267028809,5730,0.0,0.0
2024-07-30 14:20:00-04:00,14.220000267028809,14.25,14.220000267028809,14.25,3224,0.0,0.0
2024-07-30 14:25:00-04:00,14.25,14.260000228881836,14.229999542236328,14.259900093078613,9401,0.0,0.0
2024-07-30 14:30:00-04:00,14.260000228881836,14.260000228881836,14.210000038146973,14.220000267028809,4828,0.0,0.0
2024-07-30 14:35:00-04:00,14.229999542236328,14.260000228881836,14.229999542236328,14.260000228881836,5358,0.0,0.0
2024-07-30 14:40:00-04:00,14.270000457763672,14.279999732971191,14.257499694824219,14.260000228881836,6346,0.0,0.0
2024-07-30 14:45:00-04:00,14.260000228881836,14.260000228881836,14.239999771118164,14.239999771118164,2615,0.0,0.0
2024-07-30 14:50:00-04:00,14.239999771118164,14.239999771118164,14.220000267028809,14.225000381469727,3264,0.0,0.0
2024-07-30 14:55:00-04:00,14.225000381469727,14.260000228881836,14.220000267028809,14.25,8381,0.0,0.0
2024-07-30 15:00:00-04:00,14.239999771118164,14.239999771118164,14.220000267028809,14.225000381469727,2196,0.0,0.0
2024-07-30 15:05:00-04:00,14.225000381469727,14.260000228881836,14.21500015258789,14.243499755859375,9573,0.0,0.0
2024-07-30 15:10:00-04:00,14.25,14.279999732971191,14.25,14.279999732971191,3763,0.0,0.0
2024-07-30 15:15:00-04:00,14.260000228881836,14.279999732971191,14.260000228881836,14.270000457763672,10819,0.0,0.0
2024-07-30 15:20:00-04:00,14.279999732971191,14.350000381469727,14.279999732971191,14.3100004196167,12895,0.0,0.0
2024-07-30 15:25:00-04:00,14.319999694824219,14.380000114440918,14.300000190734863,14.369999885559082,12423,0.0,0.0
2024-07-30 15:30:00-04:00,14.34000015258789,14.345000267028809,14.300000190734863,14.3100004196167,26916,0.0,0.0
2024-07-30 15:35:00-04:00,14.3100004196167,14.329999923706055,14.289999961853027,14.289999961853027,9735,0.0,0.0
2024-07-30 15:40:00-04:00,14.300000190734863,14.350000381469727,14.289999961853027,14.335000038146973,17075,0.0,0.0
2024-07-30 15:45:00-04:00,14.335000038146973,14.369999885559082,14.329999923706055,14.369999885559082,26016,0.0,0.0
2024-07-30 15:50:00-04:00,14.399999618530273,14.399999618530273,14.3100004196167,14.319999694824219,36635,0.0,0.0
2024-07-30 15:55:00-04:00,14.3100004196167,14.345000267028809,14.210000038146973,14.220000267028809,116281,0.0,0.0
2024-07-31 09:30:00-04:00,12.819999694824219,12.936200141906738,12.4399995803833,12.498900413513184,30062,0.0,0.0
2024-07-31 09:35:00-04:00,12.4399995803833,12.729900360107422,12.4399995803833,12.630000114440918,15572,0.0,0.0
2024-07-31 09:40:00-04:00,12.59000015258789,12.989999771118164,12.550000190734863,12.962499618530273,21144,0.0,0.0
2024-07-31 09:45:00-04:00,12.989899635314941,12.989899635314941,12.819999694824219,12.979999542236328,4340,0.0,0.0
2024-07-31 09:50:00-04:00,12.949999809265137,13.029999732971191,12.899999618530273,13.020000457763672,7986,0.0,0.0
2024-07-31 09:55:00-04:00,13.015000343322754,13.050000190734863,13.0,13.0,20788,0.0,0.0
2024-07-31 10:00:00-04:00,13.010000228881836,13.029999732971191,12.59000015258789,12.725000381469727,95025,0.0,0.0
2024-07-31 10:05:00-04:00,12.720000267028809,12.770000457763672,12.664999961853027,12.755000114440918,15291,0.0,0.0
2024-07-31 10:10:00-04:00,12.763999938964844,12.835000038146973,12.65999984741211,12.835000038146973,14312,0.0,0.0
2024-07-31 10:15:00-04:00,12.859999656677246,12.869999885559082,12.760000228881836,12.869999885559082,9669,0.0,0.0
2024-07-31 10:20:00-04:00,12.880000114440918,12.890000343322754,12.850000381469727,12.880000114440918,12106,0.0,0.0
2024-07-31 10:25:00-04:00,12.899999618530273,12.90999984741211,12.850000381469727,12.850000381469727,5256,0.0,0.0
2024-07-31 10:30:00-04:00,12.880000114440918,12.899999618530273,12.800000190734863,12.864999771118164,12966,0.0,0.0
2024-07-31 10:35:00-04:00,12.859999656677246,12.880000114440918,12.845000267028809,12.880000114440918,5314,0.0,0.0
2024-07-31 10:40:00-04:00,12.869999885559082,12.914999961853027,12.864999771118164,12.899999618530273,8688,0.0,0.0
2024-07-31 10:45:00-04:00,12.90999984741211,12.970000267028809,12.90999984741211,12.970000267028809,5418,0.0,0.0
2024-07-31 10:50:00-04:00,12.9399995803833,12.949999809265137,12.904999732971191,12.90999984741211,7316,0.0,0.0
2024-07-31 10:55:00-04:00,12.920000076293945,12.949999809265137,12.920000076293945,12.949999809265137,4378,0.0,0.0
2024-07-31 11:00:00-04:00,12.949999809265137,12.949999809265137,12.910099983215332,12.920000076293945,9508,0.0,0.0
2024-07-31 11:05:00-04:00,12.920000076293945,12.920000076293945,12.84000015258789,12.859999656677246,9147,0.0,0.0
2024-07-31 11:10:00-04:00,12.859999656677246,12.875,12.789999961853027,12.869999885559082,37408,0.0,0.0
2024-07-31 11:15:00-04:00,12.875,12.920000076293945,12.875,12.920000076293945,4104,0.0,0.0
2024-07-31 11:20:00-04:00,12.949999809265137,13.0649995803833,12.949000358581543,13.05370044708252,10128,0.0,0.0
2024-07-31 11:25:00-04:00,13.050000190734863,13.065199851989746,13.03499984741211,13.03499984741211,4086,0.0,0.0
2024-07-31 11:30:00-04:00,13.03499984741211,13.03499984741211,12.975000381469727,12.989999771118164,9795,0.0,0.0
2024-07-31 11:35:00-04:00,12.979999542236328,13.039999961853027,12.979999542236328,13.039999961853027,4334,0.0,0.0
2024-07-31 11:40:00-04:00,13.039999961853027,13.050000190734863,13.039999961853027,13.050000190734863,572,0.0,0.0
2024-07-31 11:45:00-04:00,13.039999961853027,13.039999961853027,13.0,13.0,6234,0.0,0.0
2024-07-31 11:50:00-04:00,13.0,13.010000228881836,12.979999542236328,13.010000228881836,4130,0.0,0.0
2024-07-31 11:55:00-04:00,13.015000343322754,13.050000190734863,13.0,13.039999961853027,5852,0.0,0.0
2024-07-31 12:00:00-04:00,13.020000457763672,13.02239990234375,12.989999771118164,13.0,4668,0.0,0.0
2024-07-31 12:05:00-04:00,13.010000228881836,13.020000457763672,12.960000038146973,12.960000038146973,12800,0.0,0.0
2024-07-31 12:10:00-04:00,12.960000038146973,12.960000038146973,12.925000190734863,12.9399995803833,5487,0.0,0.0
2024-07-31 12:15:00-04:00,12.9399995803833,12.949999809265137,12.890000343322754,12.899999618530273,13029,0.0,0.0
2024-07-31 12:20:00-04:00,12.899999618530273,13.039999961853027,12.899999618530273,13.039999961853027,7170,0.0,0.0
2024-07-31 12:25:00-04:00,13.029999732971191,13.029999732971191,12.994999885559082,13.020000457763672,8633,0.0,0.0
2024-07-31 12:30:00-04:00,13.010000228881836,13.029999732971191,13.010000228881836,13.029999732971191,4880,0.0,0.0
2024-07-31 12:35:00-04:00,13.03499984741211,13.03499984741211,13.001799583435059,13.010000228881836,5771,0.0,0.0
2024-07-31 12:40:00-04:00,13.010000228881836,13.0600004196167,13.0,13.024999618530273,31758,0.0,0.0
2024-07-31 12:45:00-04:00,13.017999649047852,13.020000457763672,13.017999649047852,13.020000457763672,1015,0.0,0.0
2024-07-31 12:50:00-04:00,13.029999732971191,13.029999732971191,13.015000343322754,13.015000343322754,5939,0.0,0.0
2024-07-31 12:55:00-04:00,13.015000343322754,13.015000343322754,13.0,13.0,19736,0.0,0.0
2024-07-31 13:00:00-04:00,13.0,13.069999694824219,13.0,13.050000190734863,10320,0.0,0.0
2024-07-31 13:05:00-04:00,13.050000190734863,13.0600004196167,13.039999961853027,13.050000190734863,3667,0.0,0.0
2024-07-31 13:10:00-04:00,13.045000076293945,13.045000076293945,13.045000076293945,13.045000076293945,1173,0.0,0.0
2024-07-31 13:15:00-04:00,13.039999961853027,13.045000076293945,13.039999961853027,13.045000076293945,1591,0.0,0.0
2024-07-31 13:20:00-04:00,13.039999961853027,13.050000190734863,13.039999961853027,13.039999961853027,5973,0.0,0.0
2024-07-31 13:25:00-04:00,13.039999961853027,13.055000305175781,13.020000457763672,13.055000305175781,8480,0.0,0.0
2024-07-31 13:30:00-04:00,13.050000190734863,13.055000305175781,13.029999732971191,13.029999732971191,3602,0.0,0.0
2024-07-31 13:35:00-04:00,13.039999961853027,13.039999961853027,13.029999732971191,13.029999732971191,3280,0.0,0.0
2024-07-31 13:40:00-04:00,13.029999732971191,13.045000076293945,13.029999732971191,13.039999961853027,4957,0.0,0.0
2024-07-31 13:45:00-04:00,13.045000076293945,13.045000076293945,13.0,13.020000457763672,16283,0.0,0.0
2024-07-31 13:50:00-04:00,13.029999732971191,13.029999732971191,13.0,13.020000457763672,14065,0.0,0.0
2024-07-31 13:55:00-04:00,13.029999732971191,13.0600004196167,13.029999732971191,13.055000305175781,3675,0.0,0.0
2024-07-31 14:00:00-04:00,13.0,13.039999961853027,13.0,13.039999961853027,3103,0.0,0.0
2024-07-31 14:05:00-04:00,13.039999961853027,13.039999961853027,13.020000457763672,13.029999732971191,2964,0.0,0.0
2024-07-31 14:10:00-04:00,13.039999961853027,13.039999961853027,12.9399995803833,12.9399995803833,11456,0.0,0.0
2024-07-31 14:15:00-04:00,12.949999809265137,12.949999809265137,12.9399995803833,12.9399995803833,6435,0.0,0.0
2024-07-31 14:25:00-04:00,12.930000305175781,13.0,12.920000076293945,13.0,8781,0.0,0.0
2024-07-31 14:30:00-04:00,12.994999885559082,13.010000228881836,12.989999771118164,13.010000228881836,6708,0.0,0.0
2024-07-31 14:35:00-04:00,13.0,13.039999961853027,13.0,13.010000228881836,12627,0.0,0.0
2024-07-31 14:40:00-04:00,13.020000457763672,13.130000114440918,13.020000457763672,13.130000114440918,11108,0.0,0.0
2024-07-31 14:45:00-04:00,13.114999771118164,13.289999961853027,13.114999771118164,13.260000228881836,10841,0.0,0.0
2024-07-31 14:50:00-04:00,13.270000457763672,13.329999923706055,13.210000038146973,13.3149995803833,13557,0.0,0.0
2024-07-31 14:55:00-04:00,13.300000190734863,13.300000190734863,13.239999771118164,13.25,7394,0.0,0.0
2024-07-31 15:00:00-04:00,13.244999885559082,13.3100004196167,13.244999885559082,13.270000457763672,6181,0.0,0.0
2024-07-31 15:05:00-04:00,13.268600463867188,13.289999961853027,13.268600463867188,13.270000457763672,12018,0.0,0.0
2024-07-31 15:10:00-04:00,13.270000457763672,13.289999961853027,13.239999771118164,13.25,8970,0.0,0.0
2024-07-31 15:15:00-04:00,13.239999771118164,13.270000457763672,13.220000267028809,13.220000267028809,11804,0.0,0.0
2024-07-31 15:20:00-04:00,13.220000267028809,13.220000267028809,13.119999885559082,13.119999885559082,10594,0.0,0.0
2024-07-31 15:25:00-04:00,13.125,13.130000114440918,13.069999694824219,13.10099983215332,14933,0.0,0.0
2024-07-31 15:30:00-04:00,13.104999542236328,13.104999542236328,13.074999809265137,13.095000267028809,15132,0.0,0.0
2024-07-31 15:35:00-04:00,13.095000267028809,13.114999771118164,12.994999885559082,13.0,23907,0.0,0.0
2024-07-31 15:40:00-04:00,12.989999771118164,13.0600004196167,12.979999542236328,13.041000366210938,25965,0.0,0.0
2024-07-31 15:45:00-04:00,13.039999961853027,13.100000381469727,13.031000137329102,13.095000267028809,54114,0.0,0.0
2024-07-31 15:50:00-04:00,13.095000267028809,13.130000114440918,13.074999809265137,13.121000289916992,84483,0.0,0.0
2024-07-31 15:55:00-04:00,13.130000114440918,13.145000457763672,13.100000381469727,13.109999656677246,121173,0.0,0.0
2024-08-01 09:30:00-04:00,13.100000381469727,13.300000190734863,13.079999923706055,13.300000190734863,15877,0.0,0.0
2024-08-01 09:35:00-04:00,13.255000114440918,13.260000228881836,13.154999732971191,13.154999732971191,3733,0.0,0.0
2024-08-01 09:40:00-04:00,13.154999732971191,13.229999542236328,13.154999732971191,13.210000038146973,13179,0.0,0.0
2024-08-01 09:45:00-04:00,13.1899995803833,13.1899995803833,13.109999656677246,13.130000114440918,4976,0.0,0.0
2024-08-01 09:50:00-04:00,13.109999656677246,13.109999656677246,13.020000457763672,13.029999732971191,4808,0.0,0.0
2024-08-01 09:55:00-04:00,13.029999732971191,13.03600025177002,13.020000457763672,13.020000457763672,3445,0.0,0.0
2024-08-01 10:00:00-04:00,13.005000114440918,13.119999885559082,12.989999771118164,13.109999656677246,8332,0.0,0.0
2024-08-01 10:05:00-04:00,13.100000381469727,13.119999885559082,13.100000381469727,13.109999656677246,8017,0.0,0.0
2024-08-01 10:10:00-04:00,13.119999885559082,13.130000114440918,13.100000381469727,13.130000114440918,6544,0.0,0.0
2024-08-01 10:15:00-04:00,13.119999885559082,13.210000038146973,13.119999885559082,13.199999809265137,9773,0.0,0.0
2024-08-01 10:20:00-04:00,13.180000305175781,13.1899995803833,13.15999984741211,13.1899995803833,4571,0.0,0.0
2024-08-01 10:25:00-04:00,13.180000305175781,13.180000305175781,13.149999618530273,13.154999732971191,6695,0.0,0.0
2024-08-01 10:30:00-04:00,13.15999984741211,13.15999984741211,13.149999618530273,13.15999984741211,8273,0.0,0.0
2024-08-01 10:35:00-04:00,13.149999618530273,13.154999732971191,13.109999656677246,13.145000457763672,13181,0.0,0.0
2024-08-01 10:40:00-04:00,13.149999618530273,13.15999984741211,13.149999618530273,13.15999984741211,1234,0.0,0.0
2024-08-01 10:45:00-04:00,13.15149974822998,13.170000076293945,13.145000457763672,13.149999618530273,7514,0.0,0.0
2024-08-01 10:50:00-04:00,13.149999618530273,13.149999618530273,13.119999885559082,13.119999885559082,6101,0.0,0.0
2024-08-01 10:55:00-04:00,13.119999885559082,13.119999885559082,13.100000381469727,13.109999656677246,9941,0.0,0.0
2024-08-01 11:00:00-04:00,13.100000381469727,13.109999656677246,13.100000381469727,13.100000381469727,3601,0.0,0.0
2024-08-01 11:05:00-04:00,13.100000381469727,13.109999656677246,13.09000015258789,13.100000381469727,10036,0.0,0.0
2024-08-01 11:10:00-04:00,13.100000381469727,13.100000381469727,13.038000106811523,13.038000106811523,6448,0.0,0.0
2024-08-01 11:15:00-04:00,13.039999961853027,13.039999961853027,13.0,13.005000114440918,6114,0.0,0.0
2024-08-01 11:20:00-04:00,12.989999771118164,13.0,12.949999809265137,12.949999809265137,7594,0.0,0.0
2024-08-01 11:25:00-04:00,12.949999809265137,12.949999809265137,12.930000305175781,12.949999809265137,2832,0.0,0.0
2024-08-01 11:30:00-04:00,12.949999809265137,13.0,12.949999809265137,12.994999885559082,5814,0.0,0.0
2024-08-01 11:35:00-04:00,13.0,13.015000343322754,12.949999809265137,12.949999809265137,3454,0.0,0.0
2024-08-01 11:40:00-04:00,12.954999923706055,12.954999923706055,12.90999984741211,12.920000076293945,3350,0.0,0.0
2024-08-01 11:45:00-04:00,12.914999961853027,12.949999809265137,12.904999732971191,12.949999809265137,6095,0.0,0.0
2024-08-01 11:50:00-04:00,12.944999694824219,12.949999809265137,12.9399995803833,12.944999694824219,9586,0.0,0.0
2024-08-01 11:55:00-04:00,12.949999809265137,13.020000457763672,12.949999809265137,13.020000457763672,3996,0.0,0.0
2024-08-01 12:00:00-04:00,13.010000228881836,13.020000457763672,13.0,13.010000228881836,3364,0.0,0.0
2024-08-01 12:05:00-04:00,13.005000114440918,13.005000114440918,12.975000381469727,12.979999542236328,4502,0.0,0.0
2024-08-01 12:10:00-04:00,12.979999542236328,12.979999542236328,12.949999809265137,12.954999923706055,6661,0.0,0.0
2024-08-01 12:15:00-04:00,12.960000038146973,12.979999542236328,12.960000038146973,12.96500015258789,4138,0.0,0.0
2024-08-01 12:20:00-04:00,12.970000267028809,13.0,12.96500015258789,12.979999542236328,5799,0.0,0.0
2024-08-01 12:25:00-04:00,12.979999542236328,12.979999542236328,12.960000038146973,12.970000267028809,9089,0.0,0.0
2024-08-01 12:30:00-04:00,12.970000267028809,12.970000267028809,12.960000038146973,12.960000038146973,11483,0.0,0.0
2024-08-01 12:35:00-04:00,12.960000038146973,13.010000228881836,12.960000038146973,12.989999771118164,9325,0.0,0.0
2024-08-01 12:40:00-04:00,13.0,13.020000457763672,13.0,13.010000228881836,5945,0.0,0.0
2024-08-01 12:45:00-04:00,13.010000228881836,13.029999732971191,13.010000228881836,13.010000228881836,5718,0.0,0.0
2024-08-01 12:50:00-04:00,13.0,13.015000343322754,13.0,13.010000228881836,6217,0.0,0.0
2024-08-01 12:55:00-04:00,13.020000457763672,13.039999961853027,13.020000457763672,13.03499984741211,6348,0.0,0.0
2024-08-01 13:00:00-04:00,13.03499984741211,13.039999961853027,13.0,13.020000457763672,7904,0.0,0.0
2024-08-01 13:05:00-04:00,13.020000457763672,13.020000457763672,13.0,13.005000114440918,7030,0.0,0.0
2024-08-01 13:10:00-04:00,13.005000114440918,13.015000343322754,13.005000114440918,13.010000228881836,3190,0.0,0.0
2024-08-01 13:15:00-04:00,13.010000228881836,13.01830005645752,13.0,13.010000228881836,10880,0.0,0.0
2024-08-01 13:20:00-04:00,13.0,13.010000228881836,13.0,13.0,5840,0.0,0.0
2024-08-01 13:25:00-04:00,13.005000114440918,13.005000114440918,13.0,13.0,5406,0.0,0.0
2024-08-01 13:30:00-04:00,13.0,13.005000114440918,12.930000305175781,12.930000305175781,11003,0.0,0.0
2024-08-01 13:35:00-04:00,12.925000190734863,12.925000190734863,12.803999900817871,12.84000015258789,12583,0.0,0.0
2024-08-01 13:40:00-04:00,12.84000015258789,12.850000381469727,12.819999694824219,12.84000015258789,4736,0.0,0.0
2024-08-01 13:45:00-04:00,12.845000267028809,12.880000114440918,12.84000015258789,12.875,6806,0.0,0.0
2024-08-01 13:50:00-04:00,12.869999885559082,12.9399995803833,12.869999885559082,12.9399995803833,10968,0.0,0.0
2024-08-01 13:55:00-04:00,12.9399995803833,12.979999542236328,12.9399995803833,12.970000267028809,7266,0.0,0.0
2024-08-01 14:00:00-04:00,12.970000267028809,12.979999542236328,12.960000038146973,12.96500015258789,2803,0.0,0.0
2024-08-01 14:05:00-04:00,12.970000267028809,12.975000381469727,12.930000305175781,12.930000305175781,22730,0.0,0.0
2024-08-01 14:10:00-04:00,12.920000076293945,12.920000076293945,12.904999732971191,12.90999984741211,10555,0.0,0.0
2024-08-01 14:15:00-04:00,12.90999984741211,12.90999984741211,12.899999618530273,12.904999732971191,13352,0.0,0.0
2024-08-01 14:20:00-04:00,12.904999732971191,12.970000267028809,12.904999732971191,12.96500015258789,9395,0.0,0.0
2024-08-01 14:25:00-04:00,12.960000038146973,12.960000038146973,12.904999732971191,12.9399995803833,12330,0.0,0.0
2024-08-01 14:30:00-04:00,12.949999809265137,12.949999809265137,12.9350004196167,12.9350004196167,7529,0.0,0.0
2024-08-01 14:35:00-04:00,12.9350004196167,12.9350004196167,12.880000114440918,12.895000457763672,73777,0.0,0.0
2024-08-01 14:40:00-04:00,12.895000457763672,12.899999618530273,12.850000381469727,12.850000381469727,7550,0.0,0.0
2024-08-01 14:45:00-04:00,12.850000381469727,12.880000114440918,12.850000381469727,12.875,4620,0.0,0.0
2024-08-01 14:50:00-04:00,12.869999885559082,12.9399995803833,12.869999885559082,12.920000076293945,10537,0.0,0.0
2024-08-01 14:55:00-04:00,12.914999961853027,12.9399995803833,12.90999984741211,12.9399995803833,4604,0.0,0.0
2024-08-01 15:00:00-04:00,12.949999809265137,12.954999923706055,12.9399995803833,12.9399995803833,5551,0.0,0.0
2024-08-01 15:05:00-04:00,12.9399995803833,12.9399995803833,12.930000305175781,12.9350004196167,2036,0.0,0.0
2024-08-01 15:10:00-04:00,12.9350004196167,12.949999809265137,12.9350004196167,12.949999809265137,5568,0.0,0.0
2024-08-01 15:15:00-04:00,12.9399995803833,12.970000267028809,12.9399995803833,12.949999809265137,10753,0.0,0.0
2024-08-01 15:20:00-04:00,12.96500015258789,13.0,12.960000038146973,13.0,6362,0.0,0.0
2024-08-01 15:25:00-04:00,12.994999885559082,12.994999885559082,12.961000442504883,12.961000442504883,4578,0.0,0.0
2024-08-01 15:30:00-04:00,12.96500015258789,12.979999542236328,12.944999694824219,12.944999694824219,10674,0.0,0.0
2024-08-01 15:35:00-04:00,12.944999694824219,12.949999809265137,12.9399995803833,12.949999809265137,11997,0.0,0.0
2024-08-01 15:40:00-04:00,12.970000267028809,12.979999542236328,12.949999809265137,12.949999809265137,12846,0.0,0.0
2024-08-01 15:45:00-04:00,12.954999923706055,12.970000267028809,12.949999809265137,12.96500015258789,15458,0.0,0.0
2024-08-01 15:50:00-04:00,12.970000267028809,13.029999732971191,12.9350004196167,12.9350004196167,50190,0.0,0.0
2024-08-01 15:55:00-04:00,12.9399995803833,13.0,12.930000305175781,12.989999771118164,82547,0.0,0.0
2024-08-02 09:30:00-04:00,12.625,12.739999771118164,12.529999732971191,12.720000267028809,19410,0.0,0.0
2024-08-02 09:35:00-04:00,12.720000267028809,12.8100004196167,12.700499534606934,12.8100004196167,4118,0.0,0.0
2024-08-02 09:40:00-04:00,12.8149995803833,12.829999923706055,12.789999961853027,12.795000076293945,4566,0.0,0.0
2024-08-02 09:45:00-04:00,12.795000076293945,12.8100004196167,12.789999961853027,12.8100004196167,8998,0.0,0.0
2024-08-02 09:50:00-04:00,12.835000038146973,12.880000114440918,12.819999694824219,12.829999923706055,7259,0.0,0.0
2024-08-02 09:55:00-04:00,12.819999694824219,12.90999984741211,12.819999694824219,12.895000457763672,21015,0.0,0.0
2024-08-02 10:00:00-04:00,12.880000114440918,12.949999809265137,12.869999885559082,12.869999885559082,10698,0.0,0.0
2024-08-02 10:05:00-04:00,12.869999885559082,12.869999885559082,12.819999694824219,12.824999809265137,24824,0.0,0.0
2024-08-02 10:10:00-04:00,12.819999694824219,12.829999923706055,12.779999732971191,12.779999732971191,56877,0.0,0.0
2024-08-02 10:15:00-04:00,12.789999961853027,12.84000015258789,12.779999732971191,12.8100004196167,13466,0.0,0.0
2024-08-02 10:20:00-04:00,12.770000457763672,12.789999961853027,12.739999771118164,12.789999961853027,6257,0.0,0.0
2024-08-02 10:25:00-04:00,12.819999694824219,12.869999885559082,12.819999694824219,12.869999885559082,3542,0.0,0.0
2024-08-02 10:30:00-04:00,12.859999656677246,12.869999885559082,12.800000190734863,12.8100004196167,7191,0.0,0.0
2024-08-02 10:35:00-04:00,12.8100004196167,12.8100004196167,12.800000190734863,12.8100004196167,1938,0.0,0.0
2024-08-02 10:40:00-04:00,12.800000190734863,12.850000381469727,12.789999961853027,12.850000381469727,12514,0.0,0.0
2024-08-02 10:45:00-04:00,12.864999771118164,12.920000076293945,12.864999771118164,12.899999618530273,5700,0.0,0.0
2024-08-02 10:50:00-04:00,12.899999618530273,12.920000076293945,12.899999618530273,12.899999618530273,6106,0.0,0.0
2024-08-02 10:55:00-04:00,12.899999618530273,12.899999618530273,12.880000114440918,12.890000343322754,7202,0.0,0.0
2024-08-02 11:00:00-04:00,12.869999885559082,12.930000305175781,12.869999885559082,12.920000076293945,7611,0.0,0.0
2024-08-02 11:05:00-04:00,12.9173002243042,12.920000076293945,12.890000343322754,12.899999618530273,6291,0.0,0.0
2024-08-02 11:10:00-04:00,12.899999618530273,12.949999809265137,12.899999618530273,12.949999809265137,6961,0.0,0.0
2024-08-02 11:15:00-04:00,12.9399995803833,12.9399995803833,12.914999961853027,12.920000076293945,4425,0.0,0.0
2024-08-02 11:20:00-04:00,12.90999984741211,12.920000076293945,12.880000114440918,12.890000343322754,4879,0.0,0.0
2024-08-02 11:25:00-04:00,12.90999984741211,12.9350004196167,12.890000343322754,12.930000305175781,7731,0.0,0.0
2024-08-02 11:30:00-04:00,12.9350004196167,12.960000038146973,12.9350004196167,12.960000038146973,3493,0.0,0.0
2024-08-02 11:35:00-04:00,12.970000267028809,12.984999656677246,12.970000267028809,12.979999542236328,3999,0.0,0.0
2024-08-02 11:40:00-04:00,12.979999542236328,13.020000457763672,12.979999542236328,13.020000457763672,5412,0.0,0.0
2024-08-02 11:45:00-04:00,13.029999732971191,13.039999961853027,12.989999771118164,12.989999771118164,5063,0.0,0.0
2024-08-02 11:50:00-04:00,12.986300468444824,12.989999771118164,12.859999656677246,12.859999656677246,8072,0.0,0.0
2024-08-02 11:55:00-04:00,12.859999656677246,12.920000076293945,12.859999656677246,12.90999984741211,4462,0.0,0.0
2024-08-02 12:00:00-04:00,12.90999984741211,12.920000076293945,12.90999984741211,12.920000076293945,1950,0.0,0.0
2024-08-02 12:05:00-04:00,12.90999984741211,12.90999984741211,12.90999984741211,12.90999984741211,3034,0.0,0.0
2024-08-02 12:10:00-04:00,12.90999984741211,12.90999984741211,12.894000053405762,12.895000457763672,4192,0.0,0.0
2024-08-02 12:15:00-04:00,12.899999618530273,12.914999961853027,12.899999618530273,12.914999961853027,3527,0.0,0.0
2024-08-02 12:20:00-04:00,12.920000076293945,12.949999809265137,12.920000076293945,12.925000190734863,5943,0.0,0.0
2024-08-02 12:25:00-04:00,12.930000305175781,12.970000267028809,12.930000305175781,12.960000038146973,2715,0.0,0.0
2024-08-02 12:30:00-04:00,12.960000038146973,12.960000038146973,12.930000305175781,12.930000305175781,4627,0.0,0.0
2024-08-02 12:35:00-04:00,12.90999984741211,12.90999984741211,12.880000114440918,12.90999984741211,1733,0.0,0.0
2024-08-02 12:40:00-04:00,12.899999618530273,12.914999961853027,12.880000114440918,12.880000114440918,4418,0.0,0.0
2024-08-02 12:45:00-04:00,12.850000381469727,12.859999656677246,12.84000015258789,12.850000381469727,2766,0.0,0.0
2024-08-02 12:50:00-04:00,12.850000381469727,12.850000381469727,12.800000190734863,12.84000015258789,6956,0.0,0.0
2024-08-02 12:55:00-04:00,12.850000381469727,12.869999885559082,12.850000381469727,12.869999885559082,2588,0.0,0.0
2024-08-02 13:00:00-04:00,12.869999885559082,12.869999885559082,12.829999923706055,12.84000015258789,4011,0.0,0.0
2024-08-02 13:05:00-04:00,12.845000267028809,12.869999885559082,12.845000267028809,12.869999885559082,2198,0.0,0.0
2024-08-02 13:10:00-04:00,12.869999885559082,12.869999885559082,12.854999542236328,12.869999885559082,2996,0.0,0.0
2024-08-02 13:15:00-04:00,12.890000343322754,12.890000343322754,12.880000114440918,12.890000343322754,2668,0.0,0.0
2024-08-02 13:20:00-04:00,12.880000114440918,12.880000114440918,12.859999656677246,12.859999656677246,2440,0.0,0.0
2024-08-02 13:25:00-04:00,12.869999885559082,12.899999618530273,12.869999885559082,12.880000114440918,2045,0.0,0.0
2024-08-02 13:30:00-04:00,12.890000343322754,12.895000457763672,12.880000114440918,12.880000114440918,4844,0.0,0.0
2024-08-02 13:35:00-04:00,12.880000114440918,12.895000457763672,12.869999885559082,12.895000457763672,4473,0.0,0.0
2024-08-02 13:40:00-04:00,12.895000457763672,12.920000076293945,12.890000343322754,12.920000076293945,4361,0.0,0.0
2024-08-02 13:45:00-04:00,12.920000076293945,12.930000305175781,12.90999984741211,12.930000305175781,1847,0.0,0.0
2024-08-02 13:50:00-04:00,12.920000076293945,12.930000305175781,12.904999732971191,12.904999732971191,6831,0.0,0.0
2024-08-02 13:55:00-04:00,12.90999984741211,12.96500015258789,12.90999984741211,12.949999809265137,7844,0.0,0.0
2024-08-02 14:00:00-04:00,12.949999809265137,12.949999809265137,12.93690013885498,12.9399995803833,3754,0.0,0.0
2024-08-02 14:05:00-04:00,12.9399995803833,12.949999809265137,12.930000305175781,12.9399995803833,1830,0.0,0.0
2024-08-02 14:10:00-04:00,12.930000305175781,12.960000038146973,12.930000305175781,12.954999923706055,6334,0.0,0.0
2024-08-02 14:15:00-04:00,12.960000038146973,12.970000267028809,12.9399995803833,12.970000267028809,7037,0.0,0.0
2024-08-02 14:20:00-04:00,12.979999542236328,13.010000228881836,12.979999542236328,13.010000228881836,2896,0.0,0.0
2024-08-02 14:25:00-04:00,13.010000228881836,13.045000076293945,13.0,13.039999961853027,6323,0.0,0.0
2024-08-02 14:30:00-04:00,13.039999961853027,13.039999961853027,12.975000381469727,12.975000381469727,25428,0.0,0.0
2024-08-02 14:35:00-04:00,12.960000038146973,12.970000267028809,12.944999694824219,12.970000267028809,6746,0.0,0.0
2024-08-02 14:40:00-04:00,12.975000381469727,12.975000381469727,12.9399995803833,12.954999923706055,6576,0.0,0.0
2024-08-02 14:45:00-04:00,12.949999809265137,12.984999656677246,12.944999694824219,12.975000381469727,7993,0.0,0.0
2024-08-02 14:50:00-04:00,12.970000267028809,12.970000267028809,12.954999923706055,12.954999923706055,2592,0.0,0.0
2024-08-02 14:55:00-04:00,12.954999923706055,12.984999656677246,12.949999809265137,12.96500015258789,16692,0.0,0.0
2024-08-02 15:00:00-04:00,12.970000267028809,12.989999771118164,12.970000267028809,12.989999771118164,5457,0.0,0.0
2024-08-02 15:05:00-04:00,12.984999656677246,13.0,12.975000381469727,13.0,7010,0.0,0.0
2024-08-02 15:10:00-04:00,13.005000114440918,13.015000343322754,13.0,13.010000228881836,10424,0.0,0.0
2024-08-02 15:15:00-04:00,13.010000228881836,13.029999732971191,12.994999885559082,12.994999885559082,9431,0.0,0.0
2024-08-02 15:20:00-04:00,12.989999771118164,12.994999885559082,12.970000267028809,12.979999542236328,10989,0.0,0.0
2024-08-02 15:25:00-04:00,12.989999771118164,13.020000457763672,12.989999771118164,12.989999771118164,12013,0.0,0.0
2024-08-02 15:30:00-04:00,12.994911193847656,13.029999732971191,12.970000267028809,13.005000114440918,14228,0.0,0.0
2024-08-02 15:35:00-04:00,13.010000228881836,13.010000228881836,12.949999809265137,12.949999809265137,12043,0.0,0.0
2024-08-02 15:40:00-04:00,12.949999809265137,12.979999542236328,12.949999809265137,12.96500015258789,18956,0.0,0.0
2024-08-02 15:45:00-04:00,12.96500015258789,12.989999771118164,12.96500015258789,12.984999656677246,23634,0.0,0.0
2024-08-02 15:50:00-04:00,12.984999656677246,13.010000228881836,12.960000038146973,12.994999885559082,33810,0.0,0.0
2024-08-02 15:55:00-04:00,12.994999885559082,13.029999732971191,12.984999656677246,13.020000457763672,107213,0.0,0.0
2024-08-05 09:30:00-04:00,12.420000076293945,12.529999732971191,12.40999984741211,12.529999732971191,16636,0.0,0.0
2024-08-05 09:35:00-04:00,12.489999771118164,12.609999656677246,12.470000267028809,12.585000038146973,4406,0.0,0.0
2024-08-05 09:40:00-04:00,12.585000038146973,12.600000381469727,12.550000190734863,12.600000381469727,41093,0.0,0.0
2024-08-05 09:45:00-04:00,12.619999885559082,12.630000114440918,12.609999656677246,12.625,2208,0.0,0.0
2024-08-05 09:50:00-04:00,12.630000114440918,12.630000114440918,12.550000190734863,12.569999694824219,9613,0.0,0.0
2024-08-05 09:55:00-04:00,12.569999694824219,12.569999694824219,12.550000190734863,12.550000190734863,7064,0.0,0.0
2024-08-05 10:00:00-04:00,12.569999694824219,12.65999984741211,12.550000190734863,12.640000343322754,8972,0.0,0.0
2024-08-05 10:05:00-04:00,12.619999885559082,12.619999885559082,12.5,12.5,49107,0.0,0.0
2024-08-05 10:10:00-04:00,12.5,12.5,12.460000038146973,12.489999771118164,6846,0.0,0.0
2024-08-05 10:15:00-04:00,12.479999542236328,12.489999771118164,12.444999694824219,12.489999771118164,4315,0.0,0.0
2024-08-05 10:20:00-04:00,12.470000267028809,12.470000267028809,12.454999923706055,12.454999923706055,5885,0.0,0.0
2024-08-05 10:25:00-04:00,12.470000267028809,12.515000343322754,12.460000038146973,12.515000343322754,10752,0.0,0.0
2024-08-05 10:30:00-04:00,12.520000457763672,12.539999961853027,12.515000343322754,12.529999732971191,5505,0.0,0.0
2024-08-05 10:35:00-04:00,12.529999732971191,12.53499984741211,12.510000228881836,12.53499984741211,4632,0.0,0.0
2024-08-05 10:40:00-04:00,12.529999732971191,12.529999732971191,12.520000457763672,12.520000457763672,1739,0.0,0.0
2024-08-05 10:45:00-04:00,12.517399787902832,12.520000457763672,12.5,12.510299682617188,4651,0.0,0.0
2024-08-05 10:50:00-04:00,12.510000228881836,12.529999732971191,12.5,12.529999732971191,6684,0.0,0.0
2024-08-05 10:55:00-04:00,12.520000457763672,12.520000457763672,12.505000114440918,12.515000343322754,2768,0.0,0.0
2024-08-05 11:00:00-04:00,12.505000114440918,12.515000343322754,12.5,12.510000228881836,4548,0.0,0.0
2024-08-05 11:05:00-04:00,12.520000457763672,12.529999732971191,12.510000228881836,12.529999732971191,3430,0.0,0.0
2024-08-05 11:10:00-04:00,12.539999961853027,12.579999923706055,12.529999732971191,12.530099868774414,4926,0.0,0.0
2024-08-05 11:15:00-04:00,12.539999961853027,12.550000190734863,12.539999961853027,12.550000190734863,956,0.0,0.0
2024-08-05 11:20:00-04:00,12.550000190734863,12.550000190734863,12.520000457763672,12.520000457763672,2694,0.0,0.0
2024-08-05 11:25:00-04:00,12.529999732971191,12.539999961853027,12.520000457763672,12.520000457763672,3807,0.0,0.0
2024-08-05 11:30:00-04:00,12.510000228881836,12.524999618530273,12.510000228881836,12.510000228881836,2460,0.0,0.0
2024-08-05 11:35:00-04:00,12.529999732971191,12.600000381469727,12.529999732971191,12.600000381469727,5052,0.0,0.0
2024-08-05 11:40:00-04:00,12.579999923706055,12.579999923706055,12.539999961853027,12.539999961853027,3342,0.0,0.0
2024-08-05 11:45:00-04:00,12.539999961853027,12.550000190734863,12.539999961853027,12.539999961853027,1373,0.0,0.0
2024-08-05 11:50:00-04:00,12.539999961853027,12.569999694824219,12.539999961853027,12.569999694824219,10717,0.0,0.0
2024-08-05 11:55:00-04:00,12.5600004196167,12.5649995803833,12.550000190734863,12.5600004196167,2437,0.0,0.0
2024-08-05 12:00:00-04:00,12.550000190734863,12.5649995803833,12.550000190734863,12.5649995803833,4001,0.0,0.0
2024-08-05 12:05:00-04:00,12.5600004196167,12.5649995803833,12.553199768066406,12.5600004196167,4343,0.0,0.0
2024-08-05 12:10:00-04:00,12.5600004196167,12.5600004196167,12.550000190734863,12.550000190734863,4120,0.0,0.0
2024-08-05 12:15:00-04:00,12.5600004196167,12.569999694824219,12.555000305175781,12.569999694824219,2186,0.0,0.0
2024-08-05 12:20:00-04:00,12.569999694824219,12.59000015258789,12.5600004196167,12.59000015258789,5163,0.0,0.0
2024-08-05 12:25:00-04:00,12.581899642944336,12.59000015258789,12.569999694824219,12.579999923706055,3190,0.0,0.0
2024-08-05 12:30:00-04:00,12.569999694824219,12.574999809265137,12.550000190734863,12.574999809265137,8691,0.0,0.0
2024-08-05 12:35:00-04:00,12.569999694824219,12.609999656677246,12.569999694824219,12.609999656677246,5670,0.0,0.0
2024-08-05 12:40:00-04:00,12.619999885559082,12.619999885559082,12.579999923706055,12.579999923706055,6677,0.0,0.0
2024-08-05 12:45:00-04:00,12.579999923706055,12.585000038146973,12.550000190734863,12.550000190734863,16100,0.0,0.0
2024-08-05 12:50:00-04:00,12.550000190734863,12.552200317382812,12.550000190734863,12.550000190734863,4815,0.0,0.0
2024-08-05 12:55:00-04:00,12.550000190734863,12.550000190734863,12.470000267028809,12.5,18467,0.0,0.0
2024-08-05 13:00:00-04:00,12.5,12.5,12.460000038146973,12.479999542236328,4357,0.0,0.0
2024-08-05 13:05:00-04:00,12.489999771118164,12.5,12.470000267028809,12.5,2289,0.0,0.0
2024-08-05 13:10:00-04:00,12.479999542236328,12.529999732971191,12.479999542236328,12.529999732971191,2890,0.0,0.0
2024-08-05 13:15:00-04:00,12.529999732971191,12.539999961853027,12.510000228881836,12.510000228881836,2782,0.0,0.0
2024-08-05 13:20:00-04:00,12.500200271606445,12.520000457763672,12.500200271606445,12.510000228881836,3359,0.0,0.0
2024-08-05 13:25:00-04:00,12.520000457763672,12.520000457763672,12.510000228881836,12.510000228881836,1785,0.0,0.0
2024-08-05 13:30:00-04:00,12.510000228881836,12.510000228881836,12.510000228881836,12.510000228881836,1808,0.0,0.0
2024-08-05 13:35:00-04:00,12.5,12.505000114440918,12.5,12.5,7023,0.0,0.0
2024-08-05 13:40:00-04:00,12.5,12.510000228881836,12.5,12.5,10700,0.0,0.0
2024-08-05 13:45:00-04:00,12.5,12.5,12.4399995803833,12.470000267028809,17317,0.0,0.0
2024-08-05 13:50:00-04:00,12.470000267028809,12.489999771118164,12.470000267028809,12.479999542236328,7085,0.0,0.0
2024-08-05 13:55:00-04:00,12.489999771118164,12.489999771118164,12.420000076293945,12.420000076293945,8458,0.0,0.0
2024-08-05 14:00:00-04:00,12.40999984741211,12.4399995803833,12.369999885559082,12.4399995803833,6692,0.0,0.0
2024-08-05 14:05:00-04:00,12.4399995803833,12.449999809265137,12.4399995803833,12.449999809265137,2201,0.0,0.0
2024-08-05 14:10:00-04:00,12.449999809265137,12.454999923706055,12.4350004196167,12.4350004196167,3538,0.0,0.0
2024-08-05 14:15:00-04:00,12.4350004196167,12.454999923706055,12.4350004196167,12.454999923706055,4238,0.0,0.0
2024-08-05 14:20:00-04:00,12.449999809265137,12.449999809265137,12.4399995803833,12.444999694824219,1415,0.0,0.0
2024-08-05 14:25:00-04:00,12.4399995803833,12.444999694824219,12.4350004196167,12.4399995803833,2749,0.0,0.0
2024-08-05 14:30:00-04:00,12.4399995803833,12.444999694824219,12.4350004196167,12.4350004196167,2411,0.0,0.0
2024-08-05 14:35:00-04:00,12.4350004196167,12.4399995803833,12.420000076293945,12.425000190734863,4881,0.0,0.0
2024-08-05 14:40:00-04:00,12.425000190734863,12.430000305175781,12.399999618530273,12.399999618530273,9466,0.0,0.0
2024-08-05 14:45:00-04:00,12.380000114440918,12.380000114440918,12.350000381469727,12.364999771118164,4784,0.0,0.0
2024-08-05 14:50:00-04:00,12.369999885559082,12.385000228881836,12.359999656677246,12.364999771118164,4433,0.0,0.0
2024-08-05 14:55:00-04:00,12.350000381469727,12.359999656677246,12.34000015258789,12.345000267028809,6639,0.0,0.0
2024-08-05 15:00:00-04:00,12.350000381469727,12.390000343322754,12.350000381469727,12.390000343322754,4958,0.0,0.0
2024-08-05 15:05:00-04:00,12.390000343322754,12.390000343322754,12.345000267028809,12.350000381469727,5440,0.0,0.0
2024-08-05 15:10:00-04:00,12.350000381469727,12.364999771118164,12.350000381469727,12.359999656677246,7855,0.0,0.0
2024-08-05 15:15:00-04:00,12.350000381469727,12.360799789428711,12.350000381469727,12.359999656677246,5383,0.0,0.0
2024-08-05 15:20:00-04:00,12.364999771118164,12.375,12.364999771118164,12.369999885559082,6920,0.0,0.0
2024-08-05 15:25:00-04:00,12.375,12.40999984741211,12.375,12.399999618530273,7676,0.0,0.0
2024-08-05 15:30:00-04:00,12.40999984741211,12.420000076293945,12.369999885559082,12.385000228881836,12992,0.0,0.0
2024-08-05 15:35:00-04:00,12.390000343322754,12.404999732971191,12.380000114440918,12.380000114440918,9250,0.0,0.0
2024-08-05 15:40:00-04:00,12.375,12.385000228881836,12.359999656677246,12.369999885559082,11899,0.0,0.0
2024-08-05 15:45:00-04:00,12.369999885559082,12.380000114440918,12.350000381469727,12.380000114440918,13368,0.0,0.0
2024-08-05 15:50:00-04:00,12.375,12.40999984741211,12.369999885559082,12.390000343322754,27058,0.0,0.0
2024-08-05 15:55:00-04:00,12.385000228881836,12.430000305175781,12.369999885559082,12.430000305175781,81756,0.0,0.0
2024-08-06 09:30:00-04:00,12.34000015258789,12.354999542236328,12.329999923706055,12.329999923706055,12014,0.0,0.0
2024-08-06 09:35:00-04:00,12.319999694824219,12.329999923706055,12.3100004196167,12.3100004196167,1127,0.0,0.0
2024-08-06 09:40:00-04:00,12.279999732971191,12.279999732971191,12.270000457763672,12.270000457763672,1913,0.0,0.0
2024-08-06 09:45:00-04:00,12.279999732971191,12.425000190734863,12.279999732971191,12.425000190734863,16559,0.0,0.0
2024-08-06 09:50:00-04:00,12.425000190734863,12.425000190734863,12.399999618530273,12.404999732971191,2161,0.0,0.0
2024-08-06 09:55:00-04:00,12.404999732971191,12.414999961853027,12.399999618530273,12.399999618530273,5984,0.0,0.0
2024-08-06 10:00:00-04:00,12.399999618530273,12.399999618530273,12.350000381469727,12.369999885559082,16162,0.0,0.0
2024-08-06 10:05:00-04:00,12.364999771118164,12.385000228881836,12.350000381469727,12.385000228881836,9730,0.0,0.0
2024-08-06 10:10:00-04:00,12.385000228881836,12.385000228881836,12.350000381469727,12.364999771118164,6634,0.0,0.0
2024-08-06 10:15:00-04:00,12.359999656677246,12.395000457763672,12.359999656677246,12.395000457763672,7804,0.0,0.0
2024-08-06 10:20:00-04:00,12.390000343322754,12.395000457763672,12.375,12.390000343322754,5596,0.0,0.0
2024-08-06 10:25:00-04:00,12.395000457763672,12.395000457763672,12.364999771118164,12.364999771118164,4394,0.0,0.0
2024-08-06 10:30:00-04:00,12.359999656677246,12.449999809265137,12.359999656677246,12.449999809265137,13176,0.0,0.0
2024-08-06 10:35:00-04:00,12.449999809265137,12.449999809265137,12.430000305175781,12.430000305175781,4214,0.0,0.0
2024-08-06 10:40:00-04:00,12.430000305175781,12.444999694824219,12.430000305175781,12.444999694824219,3299,0.0,0.0
2024-08-06 10:45:00-04:00,12.449999809265137,12.470000267028809,12.449999809265137,12.460000038146973,8579,0.0,0.0
2024-08-06 10:50:00-04:00,12.463445663452148,12.475000381469727,12.444999694824219,12.470000267028809,5642,0.0,0.0
2024-08-06 10:55:00-04:00,12.449999809265137,12.449999809265137,12.430000305175781,12.449999809265137,8447,0.0,0.0
2024-08-06 11:00:00-04:00,12.479999542236328,12.494999885559082,12.479999542236328,12.489999771118164,3634,0.0,0.0
2024-08-06 11:05:00-04:00,12.484999656677246,12.494999885559082,12.479999542236328,12.484999656677246,10517,0.0,0.0
2024-08-06 11:10:00-04:00,12.479999542236328,12.484999656677246,12.479999542236328,12.484999656677246,15751,0.0,0.0
2024-08-06 11:15:00-04:00,12.484999656677246,12.484999656677246,12.479999542236328,12.484999656677246,8868,0.0,0.0
2024-08-06 11:20:00-04:00,12.489999771118164,12.520000457763672,12.479999542236328,12.489999771118164,23940,0.0,0.0
2024-08-06 11:25:00-04:00,12.479999542236328,12.484999656677246,12.4399995803833,12.449999809265137,13300,0.0,0.0
2024-08-06 11:30:00-04:00,12.4399995803833,12.4399995803833,12.40999984741211,12.40999984741211,3245,0.0,0.0
2024-08-06 11:35:00-04:00,12.390000343322754,12.4399995803833,12.385000228881836,12.420000076293945,5156,0.0,0.0
2024-08-06 11:40:00-04:00,12.420000076293945,12.420000076293945,12.40999984741211,12.40999984741211,2637,0.0,0.0
2024-08-06 11:45:00-04:00,12.399999618530273,12.40999984741211,12.350000381469727,12.359999656677246,6625,0.0,0.0
2024-08-06 11:50:00-04:00,12.375,12.375,12.369999885559082,12.369999885559082,866,0.0,0.0
2024-08-06 11:55:00-04:00,12.364999771118164,12.4399995803833,12.364999771118164,12.404999732971191,8855,0.0,0.0
2024-08-06 12:00:00-04:00,12.40999984741211,12.420000076293945,12.399999618530273,12.40999984741211,1639,0.0,0.0
2024-08-06 12:05:00-04:00,12.399999618530273,12.4350004196167,12.399999618530273,12.4350004196167,5196,0.0,0.0
2024-08-06 12:10:00-04:00,12.430000305175781,12.430000305175781,12.430000305175781,12.430000305175781,1217,0.0,0.0
2024-08-06 12:15:00-04:00,12.430000305175781,12.430000305175781,12.390000343322754,12.399999618530273,12474,0.0,0.0
2024-08-06 12:20:00-04:00,12.399999618530273,12.399999618530273,12.34000015258789,12.34000015258789,9252,0.0,0.0
2024-08-06 12:25:00-04:00,12.329999923706055,12.350000381469727,12.324999809265137,12.350000381469727,8297,0.0,0.0
2024-08-06 12:30:00-04:00,12.359999656677246,12.364999771118164,12.354999542236328,12.354999542236328,1539,0.0,0.0
2024-08-06 12:35:00-04:00,12.354999542236328,12.359999656677246,12.350000381469727,12.354999542236328,10752,0.0,0.0
2024-08-06 12:40:00-04:00,12.354999542236328,12.354999542236328,12.350000381469727,12.350000381469727,1263,0.0,0.0
2024-08-06 12:45:00-04:00,12.354999542236328,12.359999656677246,12.350000381469727,12.354999542236328,8611,0.0,0.0
2024-08-06 12:50:00-04:00,12.354999542236328,12.364999771118164,12.354999542236328,12.364999771118164,2555,0.0,0.0
2024-08-06 12:55:00-04:00,12.364999771118164,12.364999771118164,12.364999771118164,12.364999771118164,1468,0.0,0.0
2024-08-06 13:00:00-04:00,12.364999771118164,12.364999771118164,12.350000381469727,12.364999771118164,8918,0.0,0.0
2024-08-06 13:05:00-04:00,12.359999656677246,12.359999656677246,12.350000381469727,12.354999542236328,2713,0.0,0.0
2024-08-06 13:10:00-04:00,12.359999656677246,12.359999656677246,12.354999542236328,12.354999542236328,1449,0.0,0.0
2024-08-06 13:15:00-04:00,12.350000381469727,12.395000457763672,12.350000381469727,12.364999771118164,13940,0.0,0.0
2024-08-06 13:20:00-04:00,12.362799644470215,12.364999771118164,12.354999542236328,12.364999771118164,2490,0.0,0.0
2024-08-06 13:25:00-04:00,12.359999656677246,12.36359977722168,12.350000381469727,12.359999656677246,1800,0.0,0.0
2024-08-06 13:30:00-04:00,12.359999656677246,12.359999656677246,12.359999656677246,12.359999656677246,1316,0.0,0.0
2024-08-06 13:35:00-04:00,12.359999656677246,12.380000114440918,12.359999656677246,12.375,4710,0.0,0.0
2024-08-06 13:40:00-04:00,12.380000114440918,12.390000343322754,12.359999656677246,12.359999656677246,6145,0.0,0.0
2024-08-06 13:45:00-04:00,12.359999656677246,12.359999656677246,12.350000381469727,12.354999542236328,6891,0.0,0.0
2024-08-06 13:50:00-04:00,12.359999656677246,12.390000343322754,12.354999542236328,12.390000343322754,3176,0.0,0.0
2024-08-06 13:55:00-04:00,12.390000343322754,12.404999732971191,12.388999938964844,12.395000457763672,3609,0.0,0.0
2024-08-06 14:00:00-04:00,12.395000457763672,12.395000457763672,12.359999656677246,12.369999885559082,4298,0.0,0.0
2024-08-06 14:05:00-04:00,12.364999771118164,12.364999771118164,12.354999542236328,12.359999656677246,5133,0.0,0.0
2024-08-06 14:10:00-04:00,12.359999656677246,12.385000228881836,12.359999656677246,12.380000114440918,3937,0.0,0.0
2024-08-06 14:15:00-04:00,12.390000343322754,12.420000076293945,12.390000343322754,12.420000076293945,3066,0.0,0.0
2024-08-06 14:20:00-04:00,12.420000076293945,12.460000038146973,12.40999984741211,12.449999809265137,4501,0.0,0.0
2024-08-06 14:25:00-04:00,12.449999809265137,12.460000038146973,12.449999809265137,12.460000038146973,136317,0.0,0.0
2024-08-06 14:30:00-04:00,12.46500015258789,12.470000267028809,12.4399995803833,12.470000267028809,6970,0.0,0.0
2024-08-06 14:35:00-04:00,12.46500015258789,12.479999542236328,12.46500015258789,12.479999542236328,4208,0.0,0.0
2024-08-06 14:40:00-04:00,12.470000267028809,12.484999656677246,12.46500015258789,12.46500015258789,6030,0.0,0.0
2024-08-06 14:45:00-04:00,12.46500015258789,12.484999656677246,12.46500015258789,12.484999656677246,1850,0.0,0.0
2024-08-06 14:50:00-04:00,12.484999656677246,12.489999771118164,12.479999542236328,12.484999656677246,6488,0.0,0.0
2024-08-06 14:55:00-04:00,12.489999771118164,12.489999771118164,12.380000114440918,12.38700008392334,5442,0.0,0.0
2024-08-06 15:00:00-04:00,12.370100021362305,12.420000076293945,12.370100021362305,12.40999984741211,7939,0.0,0.0
2024-08-06 15:05:00-04:00,12.399999618530273,12.418999671936035,12.390399932861328,12.418999671936035,4277,0.0,0.0
2024-08-06 15:10:00-04:00,12.420000076293945,12.420000076293945,12.414999961853027,12.414999961853027,4284,0.0,0.0
2024-08-06 15:15:00-04:00,12.40999984741211,12.40999984741211,12.390000343322754,12.395000457763672,4972,0.0,0.0
2024-08-06 15:20:00-04:00,12.395000457763672,12.420000076293945,12.390000343322754,12.399999618530273,9954,0.0,0.0
2024-08-06 15:25:00-04:00,12.399999618530273,12.414999961853027,12.364999771118164,12.369999885559082,8220,0.0,0.0
2024-08-06 15:30:00-04:00,12.359999656677246,12.385000228881836,12.354999542236328,12.380000114440918,8234,0.0,0.0
2024-08-06 15:35:00-04:00,12.385000228881836,12.385000228881836,12.369999885559082,12.380000114440918,5597,0.0,0.0
2024-08-06 15:40:00-04:00,12.390000343322754,12.40999984741211,12.390000343322754,12.395000457763672,13556,0.0,0.0
2024-08-06 15:45:00-04:00,12.399999618530273,12.40999984741211,12.390000343322754,12.404999732971191,13378,0.0,0.0
2024-08-06 15:50:00-04:00,12.399999618530273,12.404999732971191,12.364999771118164,12.385000228881836,36847,0.0,0.0
2024-08-06 15:55:00-04:00,12.385000228881836,12.399999618530273,12.350000381469727,12.350000381469727,79313,0.0,0.0
2024-08-07 09:30:00-04:00,12.5,12.5,12.489999771118164,12.5,14095,0.0,0.0
2024-08-07 09:35:00-04:00,12.479999542236328,12.479999542236328,12.430000305175781,12.449999809265137,1690,0.0,0.0
2024-08-07 09:40:00-04:00,12.496000289916992,12.510000228881836,12.489999771118164,12.510000228881836,1300,0.0,0.0
2024-08-07 09:45:00-04:00,12.508000373840332,12.508000373840332,12.470000267028809,12.470000267028809,3030,0.0,0.0
2024-08-07 09:50:00-04:00,12.470600128173828,12.470600128173828,12.436300277709961,12.436300277709961,1794,0.0,0.0
2024-08-07 09:55:00-04:00,12.4399995803833,12.470000267028809,12.4399995803833,12.470000267028809,1543,0.0,0.0
2024-08-07 10:00:00-04:00,12.489999771118164,12.510000228881836,12.489999771118164,12.5,6670,0.0,0.0
2024-08-07 10:05:00-04:00,12.510000228881836,12.520000457763672,12.5,12.510000228881836,1032,0.0,0.0
2024-08-07 10:10:00-04:00,12.5,12.510000228881836,12.5,12.5,4489,0.0,0.0
2024-08-07 10:15:00-04:00,12.510000228881836,12.510000228881836,12.5,12.5,19834,0.0,0.0
2024-08-07 10:20:00-04:00,12.505000114440918,12.529999732971191,12.5,12.520000457763672,6257,0.0,0.0
2024-08-07 10:25:00-04:00,12.5,12.510000228881836,12.5,12.505000114440918,11319,0.0,0.0
2024-08-07 10:30:00-04:00,12.503999710083008,12.510000228881836,12.5,12.510000228881836,3661,0.0,0.0
2024-08-07 10:35:00-04:00,12.5,12.5,12.420999526977539,12.4399995803833,9150,0.0,0.0
2024-08-07 10:40:00-04:00,12.4399995803833,12.470000267028809,12.4399995803833,12.470000267028809,3185,0.0,0.0
2024-08-07 10:45:00-04:00,12.475000381469727,12.475000381469727,12.460000038146973,12.460000038146973,5324,0.0,0.0
2024-08-07 10:50:00-04:00,12.470000267028809,12.470000267028809,12.470000267028809,12.470000267028809,584,0.0,0.0
2024-08-07 10:55:00-04:00,12.470000267028809,12.5,12.449999809265137,12.460000038146973,15088,0.0,0.0
2024-08-07 11:00:00-04:00,12.456299781799316,12.470000267028809,12.456299781799316,12.46090030670166,3371,0.0,0.0
2024-08-07 11:10:00-04:00,12.469300270080566,12.489999771118164,12.469300270080566,12.479999542236328,2957,0.0,0.0
2024-08-07 11:15:00-04:00,12.489999771118164,12.510000228881836,12.489999771118164,12.5,3674,0.0,0.0
2024-08-07 11:20:00-04:00,12.5,12.510000228881836,12.5,12.505000114440918,4208,0.0,0.0
2024-08-07 11:25:00-04:00,12.505000114440918,12.505000114440918,12.505000114440918,12.505000114440918,430,0.0,0.0
2024-08-07 11:30:00-04:00,12.505000114440918,12.505000114440918,12.5,12.505000114440918,5414,0.0,0.0
2024-08-07 11:35:00-04:00,12.510000228881836,12.520000457763672,12.505000114440918,12.520000457763672,5739,0.0,0.0
2024-08-07 11:40:00-04:00,12.520000457763672,12.53499984741211,12.510000228881836,12.520000457763672,12549,0.0,0.0
2024-08-07 11:45:00-04:00,12.529999732971191,12.53499984741211,12.520000457763672,12.524999618530273,5074,0.0,0.0
2024-08-07 11:50:00-04:00,12.529999732971191,12.5600004196167,12.529999732971191,12.539999961853027,4243,0.0,0.0
2024-08-07 12:00:00-04:00,12.520000457763672,12.524999618530273,12.520000457763672,12.524999618530273,6147,0.0,0.0
2024-08-07 12:05:00-04:00,12.524999618530273,12.539999961853027,12.520299911499023,12.539999961853027,5626,0.0,0.0
2024-08-07 12:10:00-04:00,12.550000190734863,12.5649995803833,12.545000076293945,12.5649995803833,4450,0.0,0.0
2024-08-07 12:15:00-04:00,12.5600004196167,12.5600004196167,12.550600051879883,12.5600004196167,3405,0.0,0.0
2024-08-07 12:20:00-04:00,12.550000190734863,12.550000190734863,12.539999961853027,12.543999671936035,1901,0.0,0.0
2024-08-07 12:25:00-04:00,12.545000076293945,12.555000305175781,12.545000076293945,12.555000305175781,2144,0.0,0.0
2024-08-07 12:30:00-04:00,12.550000190734863,12.5649995803833,12.539999961853027,12.539999961853027,3878,0.0,0.0
2024-08-07 12:35:00-04:00,12.539999961853027,12.550000190734863,12.539999961853027,12.545000076293945,1753,0.0,0.0
2024-08-07 12:40:00-04:00,12.539999961853027,12.539999961853027,12.529999732971191,12.529999732971191,1627,0.0,0.0
2024-08-07 12:45:00-04:00,12.529999732971191,12.529999732971191,12.520000457763672,12.524999618530273,2561,0.0,0.0
2024-08-07 12:50:00-04:00,12.520000457763672,12.53499984741211,12.520000457763672,12.524999618530273,4164,0.0,0.0
2024-08-07 12:55:00-04:00,12.529999732971191,12.539999961853027,12.529999732971191,12.53499984741211,1354,0.0,0.0
2024-08-07 13:00:00-04:00,12.539999961853027,12.539999961853027,12.529999732971191,12.529999732971191,4861,0.0,0.0
2024-08-07 13:05:00-04:00,12.520000457763672,12.529999732971191,12.520000457763672,12.524999618530273,11787,0.0,0.0
2024-08-07 13:10:00-04:00,12.520000457763672,12.529999732971191,12.520000457763672,12.522500038146973,5924,0.0,0.0
2024-08-07 13:15:00-04:00,12.529999732971191,12.550000190734863,12.529999732971191,12.539999961853027,6935,0.0,0.0
2024-08-07 13:20:00-04:00,12.539999961853027,12.5600004196167,12.539999961853027,12.5600004196167,1938,0.0,0.0
2024-08-07 13:25:00-04:00,12.569999694824219,12.574999809265137,12.569999694824219,12.574999809265137,3911,0.0,0.0
2024-08-07 13:30:00-04:00,12.5649995803833,12.600000381469727,12.5649995803833,12.579999923706055,7468,0.0,0.0
2024-08-07 13:35:00-04:00,12.595000267028809,12.595000267028809,12.585000038146973,12.59000015258789,4901,0.0,0.0
2024-08-07 13:40:00-04:00,12.59000015258789,12.59000015258789,12.569999694824219,12.585000038146973,3995,0.0,0.0
2024-08-07 13:45:00-04:00,12.579999923706055,12.579999923706055,12.5600004196167,12.569999694824219,3324,0.0,0.0
2024-08-07 13:50:00-04:00,12.5600004196167,12.5600004196167,12.529999732971191,12.53499984741211,1738,0.0,0.0
2024-08-07 13:55:00-04:00,12.534000396728516,12.534000396728516,12.529999732971191,12.529999732971191,2864,0.0,0.0
2024-08-07 14:00:00-04:00,12.529999732971191,12.529999732971191,12.520000457763672,12.520000457763672,1154,0.0,0.0
2024-08-07 14:05:00-04:00,12.529999732971191,12.545000076293945,12.520000457763672,12.529999732971191,9769,0.0,0.0
2024-08-07 14:10:00-04:00,12.529999732971191,12.529999732971191,12.479999542236328,12.489999771118164,3963,0.0,0.0
2024-08-07 14:15:00-04:00,12.489999771118164,12.489999771118164,12.479999542236328,12.479999542236328,4144,0.0,0.0
2024-08-07 14:20:00-04:00,12.479999542236328,12.494999885559082,12.470000267028809,12.470000267028809,3796,0.0,0.0
2024-08-07 14:25:00-04:00,12.470000267028809,12.470000267028809,12.46500015258789,12.470000267028809,941,0.0,0.0
2024-08-07 14:30:00-04:00,12.460000038146973,12.479999542236328,12.4399995803833,12.45199966430664,12449,0.0,0.0
2024-08-07 14:35:00-04:00,12.449999809265137,12.460000038146973,12.449999809265137,12.460000038146973,1549,0.0,0.0
2024-08-07 14:40:00-04:00,12.454999923706055,12.479999542236328,12.454999923706055,12.46500015258789,3058,0.0,0.0
2024-08-07 14:45:00-04:00,12.470000267028809,12.470000267028809,12.430000305175781,12.430000305175781,2751,0.0,0.0
2024-08-07 14:50:00-04:00,12.4399995803833,12.454999923706055,12.430000305175781,12.4399995803833,3837,0.0,0.0
2024-08-07 14:55:00-04:00,12.4399995803833,12.449999809265137,12.4350004196167,12.4399995803833,3639,0.0,0.0
2024-08-07 15:00:00-04:00,12.4399995803833,12.484999656677246,12.4399995803833,12.484999656677246,2833,0.0,0.0
2024-08-07 15:05:00-04:00,12.479999542236328,12.479999542236328,12.46500015258789,12.475000381469727,3716,0.0,0.0
2024-08-07 15:10:00-04:00,12.47249984741211,12.479999542236328,12.4399995803833,12.449999809265137,4497,0.0,0.0
2024-08-07 15:15:00-04:00,12.4399995803833,12.489999771118164,12.4399995803833,12.484999656677246,4455,0.0,0.0
2024-08-07 15:20:00-04:00,12.484999656677246,12.505000114440918,12.484999656677246,12.505000114440918,4387,0.0,0.0
2024-08-07 15:25:00-04:00,12.489999771118164,12.489999771118164,12.484999656677246,12.484999656677246,2333,0.0,0.0
2024-08-07 15:30:00-04:00,12.484999656677246,12.489999771118164,12.479999542236328,12.484999656677246,7465,0.0,0.0
2024-08-07 15:35:00-04:00,12.479999542236328,12.494999885559082,12.479999542236328,12.494999885559082,7428,0.0,0.0
2024-08-07 15:40:00-04:00,12.489999771118164,12.494999885559082,12.454999923706055,12.470000267028809,8840,0.0,0.0
2024-08-07 15:45:00-04:00,12.470000267028809,12.479999542236328,12.46500015258789,12.46500015258789,8569,0.0,0.0
2024-08-07 15:50:00-04:00,12.460000038146973,12.470000267028809,12.4350004196167,12.4399995803833,25133,0.0,0.0
2024-08-07 15:55:00-04:00,12.430000305175781,12.430000305175781,12.369999885559082,12.369999885559082,75515,0.0,0.0
2024-08-08 09:30:00-04:00,12.520000457763672,12.529999732971191,12.520000457763672,12.520000457763672,6581,0.0,0.0
2024-08-08 09:35:00-04:00,12.479999542236328,12.479999542236328,12.475000381469727,12.475000381469727,503,0.0,0.0
2024-08-08 09:40:00-04:00,12.46500015258789,12.550000190734863,12.46500015258789,12.550000190734863,8199,0.0,0.0
2024-08-08 09:45:00-04:00,12.53499984741211,12.53499984741211,12.510000228881836,12.510000228881836,1334,0.0,0.0
2024-08-08 09:50:00-04:00,12.529999732971191,12.529999732971191,12.529999732971191,12.529999732971191,538,0.0,0.0
2024-08-08 09:55:00-04:00,12.545000076293945,12.5600004196167,12.545000076293945,12.5600004196167,2561,0.0,0.0
2024-08-08 10:00:00-04:00,12.579999923706055,12.579999923706055,12.569999694824219,12.569999694824219,7019,0.0,0.0
2024-08-08 10:05:00-04:00,12.569999694824219,12.569999694824219,12.550000190734863,12.5600004196167,748,0.0,0.0
2024-08-08 10:10:00-04:00,12.5600004196167,12.569999694824219,12.5600004196167,12.569999694824219,1202,0.0,0.0
2024-08-08 10:15:00-04:00,12.569999694824219,12.574999809265137,12.5600004196167,12.5600004196167,2679,0.0,0.0
2024-08-08 10:20:00-04:00,12.5600004196167,12.569999694824219,12.5600004196167,12.5600004196167,2108,0.0,0.0
2024-08-08 10:25:00-04:00,12.569999694824219,12.59000015258789,12.569999694824219,12.59000015258789,3311,0.0,0.0
2024-08-08 10:30:00-04:00,12.600000381469727,12.625,12.600000381469727,12.625,8721,0.0,0.0
2024-08-08 10:35:00-04:00,12.630000114440918,12.630000114440918,12.609999656677246,12.609999656677246,2705,0.0,0.0
2024-08-08 10:40:00-04:00,12.604999542236328,12.604999542236328,12.600000381469727,12.600000381469727,2460,0.0,0.0
2024-08-08 10:45:00-04:00,12.609999656677246,12.630000114440918,12.609999656677246,12.630000114440918,997,0.0,0.0
2024-08-08 10:50:00-04:00,12.625,12.625,12.619999885559082,12.625,2111,0.0,0.0
2024-08-08 10:55:00-04:00,12.630000114440918,12.640000343322754,12.630000114440918,12.640000343322754,3026,0.0,0.0
2024-08-08 11:00:00-04:00,12.619999885559082,12.619999885559082,12.600000381469727,12.609999656677246,2586,0.0,0.0
2024-08-08 11:05:00-04:00,12.600000381469727,12.602499961853027,12.600000381469727,12.602499961853027,5081,0.0,0.0
2024-08-08 11:10:00-04:00,12.604999542236328,12.635000228881836,12.600000381469727,12.630000114440918,7865,0.0,0.0
2024-08-08 11:15:00-04:00,12.630000114440918,12.635000228881836,12.630000114440918,12.630000114440918,878,0.0,0.0
2024-08-08 11:20:00-04:00,12.635000228881836,12.635000228881836,12.630000114440918,12.635000228881836,2659,0.0,0.0
2024-08-08 11:25:00-04:00,12.640000343322754,12.640000343322754,12.630000114440918,12.630000114440918,28685,0.0,0.0
2024-08-08 11:30:00-04:00,12.630000114440918,12.65999984741211,12.630000114440918,12.65999984741211,11191,0.0,0.0
2024-08-08 11:35:00-04:00,12.65999984741211,12.65999984741211,12.65999984741211,12.65999984741211,534,0.0,0.0
2024-08-08 11:40:00-04:00,12.65999984741211,12.680000305175781,12.65999984741211,12.65999984741211,4422,0.0,0.0
2024-08-08 11:45:00-04:00,12.659899711608887,12.65999984741211,12.649999618530273,12.649999618530273,1931,0.0,0.0
2024-08-08 11:50:00-04:00,12.65999984741211,12.65999984741211,12.649999618530273,12.65999984741211,2257,0.0,0.0
2024-08-08 11:55:00-04:00,12.664999961853027,12.664999961853027,12.654999732971191,12.65999984741211,1609,0.0,0.0
2024-08-08 12:00:00-04:00,12.65999984741211,12.65999984741211,12.65999984741211,12.65999984741211,500,0.0,0.0
2024-08-08 12:05:00-04:00,12.670000076293945,12.670000076293945,12.649999618530273,12.654999732971191,3710,0.0,0.0
2024-08-08 12:10:00-04:00,12.654999732971191,12.675000190734863,12.649999618530273,12.670000076293945,8111,0.0,0.0
2024-08-08 12:15:00-04:00,12.670000076293945,12.670000076293945,12.649999618530273,12.654999732971191,5420,0.0,0.0
2024-08-08 12:20:00-04:00,12.654999732971191,12.654999732971191,12.579999923706055,12.579999923706055,5743,0.0,0.0
2024-08-08 12:25:00-04:00,12.579999923706055,12.600000381469727,12.569999694824219,12.600000381469727,5869,0.0,0.0
2024-08-08 12:30:00-04:00,12.609999656677246,12.609999656677246,12.579999923706055,12.579999923706055,4765,0.0,0.0
2024-08-08 12:35:00-04:00,12.579999923706055,12.609999656677246,12.579999923706055,12.609999656677246,3312,0.0,0.0
2024-08-08 12:40:00-04:00,12.609999656677246,12.609999656677246,12.604999542236328,12.604999542236328,2395,0.0,0.0
2024-08-08 12:45:00-04:00,12.604999542236328,12.614999771118164,12.600000381469727,12.614999771118164,3161,0.0,0.0
2024-08-08 12:50:00-04:00,12.614999771118164,12.619999885559082,12.609999656677246,12.614999771118164,1772,0.0,0.0
2024-08-08 12:55:00-04:00,12.614999771118164,12.630000114440918,12.609999656677246,12.619999885559082,3650,0.0,0.0
2024-08-08 13:00:00-04:00,12.630000114440918,12.630000114440918,12.619999885559082,12.630000114440918,1537,0.0,0.0
2024-08-08 13:05:00-04:00,12.619999885559082,12.640000343322754,12.609999656677246,12.640000343322754,4515,0.0,0.0
2024-08-08 13:10:00-04:00,12.649999618530273,12.65999984741211,12.649999618530273,12.65999984741211,2739,0.0,0.0
2024-08-08 13:15:00-04:00,12.670000076293945,12.670000076293945,12.664999961853027,12.670000076293945,1468,0.0,0.0
2024-08-08 13:20:00-04:00,12.680000305175781,12.699999809265137,12.680000305175781,12.699999809265137,2878,0.0,0.0
2024-08-08 13:25:00-04:00,12.699999809265137,12.720000267028809,12.699999809265137,12.720000267028809,2549,0.0,0.0
2024-08-08 13:30:00-04:00,12.720000267028809,12.739999771118164,12.720000267028809,12.739999771118164,5343,0.0,0.0
2024-08-08 13:35:00-04:00,12.739999771118164,12.739999771118164,12.694999694824219,12.699999809265137,4831,0.0,0.0
2024-08-08 13:40:00-04:00,12.70199966430664,12.70199966430664,12.680000305175781,12.6899995803833,4429,0.0,0.0
2024-08-08 13:45:00-04:00,12.6899995803833,12.699999809265137,12.680000305175781,12.6899995803833,2431,0.0,0.0
2024-08-08 13:50:00-04:00,12.699999809265137,12.704999923706055,12.699999809265137,12.699999809265137,2526,0.0,0.0
2024-08-08 13:55:00-04:00,12.6899995803833,12.694999694824219,12.6899995803833,12.694999694824219,1255,0.0,0.0
2024-08-08 14:00:00-04:00,12.694999694824219,12.704999923706055,12.680000305175781,12.694999694824219,5596,0.0,0.0
2024-08-08 14:05:00-04:00,12.699999809265137,12.704999923706055,12.699999809265137,12.704999923706055,566,0.0,0.0
2024-08-08 14:10:00-04:00,12.699999809265137,12.725000381469727,12.699999809265137,12.725000381469727,2498,0.0,0.0
2024-08-08 14:15:00-04:00,12.720000267028809,12.720000267028809,12.720000267028809,12.720000267028809,1515,0.0,0.0
2024-08-08 14:20:00-04:00,12.725000381469727,12.725000381469727,12.710000038146973,12.710000038146973,2424,0.0,0.0
2024-08-08 14:25:00-04:00,12.710000038146973,12.710000038146973,12.670000076293945,12.670000076293945,2533,0.0,0.0
2024-08-08 14:30:00-04:00,12.670000076293945,12.699999809265137,12.670000076293945,12.699999809265137,6961,0.0,0.0
2024-08-08 14:35:00-04:00,12.694999694824219,12.694999694824219,12.680000305175781,12.680000305175781,2725,0.0,0.0
2024-08-08 14:40:00-04:00,12.670000076293945,12.670000076293945,12.649999618530273,12.65060043334961,3457,0.0,0.0
2024-08-08 14:45:00-04:00,12.649999618530273,12.680000305175781,12.649999618530273,12.680000305175781,5309,0.0,0.0
2024-08-08 14:50:00-04:00,12.675000190734863,12.6850004196167,12.675000190734863,12.6850004196167,2601,0.0,0.0
2024-08-08 14:55:00-04:00,12.6850004196167,12.739999771118164,12.680000305175781,12.739999771118164,16178,0.0,0.0
2024-08-08 15:00:00-04:00,12.739999771118164,12.739999771118164,12.729999542236328,12.729999542236328,3332,0.0,0.0
2024-08-08 15:05:00-04:00,12.729999542236328,12.765000343322754,12.729999542236328,12.744999885559082,11694,0.0,0.0
2024-08-08 15:10:00-04:00,12.75,12.75,12.739999771118164,12.739999771118164,2285,0.0,0.0
2024-08-08 15:15:00-04:00,12.739999771118164,12.75,12.729999542236328,12.729999542236328,6364,0.0,0.0
2024-08-08 15:20:00-04:00,12.729999542236328,12.744999885559082,12.729999542236328,12.739999771118164,5987,0.0,0.0
2024-08-08 15:25:00-04:00,12.725000381469727,12.725000381469727,12.699999809265137,12.704999923706055,8212,0.0,0.0
2024-08-08 15:30:00-04:00,12.699999809265137,12.704999923706055,12.6899995803833,12.704999923706055,9375,0.0,0.0
2024-08-08 15:35:00-04:00,12.704999923706055,12.744999885559082,12.6850004196167,12.729999542236328,12910,0.0,0.0
2024-08-08 15:40:00-04:00,12.725000381469727,12.734999656677246,12.725000381469727,12.734999656677246,8452,0.0,0.0
2024-08-08 15:45:00-04:00,12.729999542236328,12.734999656677246,12.720000267028809,12.734999656677246,9432,0.0,0.0
2024-08-08 15:50:00-04:00,12.729999542236328,12.760000228881836,12.71500015258789,12.755000114440918,17070,0.0,0.0
2024-08-08 15:55:00-04:00,12.760000228881836,12.789999961853027,12.739999771118164,12.760000228881836,55731,0.0,0.0
2024-08-09 09:30:00-04:00,12.760000228881836,12.800000190734863,12.760000228881836,12.800000190734863,7186,0.0,0.0
2024-08-09 09:35:00-04:00,12.779999732971191,12.779999732971191,12.760000228881836,12.760000228881836,548,0.0,0.0
2024-08-09 09:40:00-04:00,12.729999542236328,12.729999542236328,12.6899995803833,12.6899995803833,3605,0.0,0.0
2024-08-09 09:45:00-04:00,12.6899995803833,12.6899995803833,12.6899995803833,12.6899995803833,922,0.0,0.0
2024-08-09 09:50:00-04:00,12.680000305175781,12.680000305175781,12.600000381469727,12.600000381469727,3231,0.0,0.0
2024-08-09 09:55:00-04:00,12.619999885559082,12.640000343322754,12.609999656677246,12.630000114440918,2456,0.0,0.0
2024-08-09 10:00:00-04:00,12.609999656677246,12.640000343322754,12.609999656677246,12.640000343322754,1854,0.0,0.0
2024-08-09 10:05:00-04:00,12.630000114440918,12.630000114440918,12.5600004196167,12.5600004196167,3299,0.0,0.0
2024-08-09 10:10:00-04:00,12.569999694824219,12.579999923706055,12.539999961853027,12.5600004196167,7599,0.0,0.0
2024-08-09 10:15:00-04:00,12.539999961853027,12.539999961853027,12.510000228881836,12.510000228881836,2586,0.0,0.0
2024-08-09 10:20:00-04:00,12.510000228881836,12.550000190734863,12.510000228881836,12.550000190734863,6202,0.0,0.0
2024-08-09 10:25:00-04:00,12.550000190734863,12.550000190734863,12.550000190734863,12.550000190734863,2059,0.0,0.0
2024-08-09 10:30:00-04:00,12.539999961853027,12.550000190734863,12.539999961853027,12.539999961853027,8784,0.0,0.0
2024-08-09 10:35:00-04:00,12.569999694824219,12.569999694824219,12.569999694824219,12.569999694824219,4877,0.0,0.0
2024-08-09 10:40:00-04:00,12.5600004196167,12.579999923706055,12.5600004196167,12.569999694824219,2485,0.0,0.0
2024-08-09 10:45:00-04:00,12.569999694824219,12.569999694824219,12.5600004196167,12.569999694824219,1625,0.0,0.0
2024-08-09 10:50:00-04:00,12.569999694824219,12.569999694824219,12.550000190734863,12.559900283813477,19842,0.0,0.0
2024-08-09 10:55:00-04:00,12.5600004196167,12.569999694824219,12.5600004196167,12.569999694824219,3159,0.0,0.0
2024-08-09 11:00:00-04:00,12.569999694824219,12.600000381469727,12.569999694824219,12.600000381469727,3193,0.0,0.0
2024-08-09 11:05:00-04:00,12.600000381469727,12.600000381469727,12.5600004196167,12.5600004196167,3492,0.0,0.0
2024-08-09 11:10:00-04:00,12.569999694824219,12.569999694824219,12.550000190734863,12.550000190734863,13095,0.0,0.0
2024-08-09 11:15:00-04:00,12.550000190734863,12.555000305175781,12.550000190734863,12.550000190734863,2061,0.0,0.0
2024-08-09 11:20:00-04:00,12.550000190734863,12.550000190734863,12.550000190734863,12.550000190734863,14704,0.0,0.0
2024-08-09 11:25:00-04:00,12.550000190734863,12.550000190734863,12.494999885559082,12.520000457763672,24224,0.0,0.0
2024-08-09 11:30:00-04:00,12.520000457763672,12.520000457763672,12.510000228881836,12.520000457763672,4512,0.0,0.0
2024-08-09 11:35:00-04:00,12.520000457763672,12.5600004196167,12.520000457763672,12.5600004196167,10879,0.0,0.0
2024-08-09 11:40:00-04:00,12.550000190734863,12.550000190734863,12.539999961853027,12.539999961853027,1449,0.0,0.0
2024-08-09 11:45:00-04:00,12.529999732971191,12.53499984741211,12.529999732971191,12.529999732971191,2886,0.0,0.0
2024-08-09 11:50:00-04:00,12.529999732971191,12.529999732971191,12.529999732971191,12.529999732971191,6028,0.0,0.0
2024-08-09 11:55:00-04:00,12.529999732971191,12.529999732971191,12.460000038146973,12.460000038146973,13891,0.0,0.0
2024-08-09 12:00:00-04:00,12.460000038146973,12.489999771118164,12.449999809265137,12.489999771118164,6127,0.0,0.0
2024-08-09 12:05:00-04:00,12.494999885559082,12.494999885559082,12.494999885559082,12.494999885559082,333,0.0,0.0
2024-08-09 12:10:00-04:00,12.5,12.5,12.494999885559082,12.494999885559082,1442,0.0,0.0
2024-08-09 12:15:00-04:00,12.494999885559082,12.515000343322754,12.479999542236328,12.515000343322754,12188,0.0,0.0
2024-08-09 12:20:00-04:00,12.515000343322754,12.515000343322754,12.515000343322754,12.515000343322754,550,0.0,0.0
2024-08-09 12:25:00-04:00,12.520000457763672,12.529999732971191,12.520000457763672,12.520000457763672,4483,0.0,0.0
2024-08-09 12:30:00-04:00,12.510000228881836,12.529999732971191,12.510000228881836,12.529999732971191,5178,0.0,0.0
2024-08-09 12:35:00-04:00,12.539999961853027,12.550000190734863,12.539999961853027,12.550000190734863,2133,0.0,0.0
2024-08-09 12:40:00-04:00,12.545000076293945,12.545000076293945,12.545000076293945,12.545000076293945,335,0.0,0.0
2024-08-09 12:45:00-04:00,12.550000190734863,12.550000190734863,12.539999961853027,12.539999961853027,946,0.0,0.0
2024-08-09 12:50:00-04:00,12.539999961853027,12.555000305175781,12.529999732971191,12.550000190734863,10575,0.0,0.0
2024-08-09 12:55:00-04:00,12.555000305175781,12.569999694824219,12.555000305175781,12.569999694824219,3011,0.0,0.0
2024-08-09 13:00:00-04:00,12.5649995803833,12.579999923706055,12.564000129699707,12.579999923706055,2955,0.0,0.0
2024-08-09 13:05:00-04:00,12.569999694824219,12.578900337219238,12.569999694824219,12.574999809265137,1160,0.0,0.0
2024-08-09 13:10:00-04:00,12.579999923706055,12.59000015258789,12.574999809265137,12.59000015258789,6271,0.0,0.0
2024-08-09 13:15:00-04:00,12.595000267028809,12.609999656677246,12.595000267028809,12.600000381469727,3617,0.0,0.0
2024-08-09 13:20:00-04:00,12.595000267028809,12.600000381469727,12.595000267028809,12.600000381469727,1998,0.0,0.0
2024-08-09 13:25:00-04:00,12.595000267028809,12.600000381469727,12.59000015258789,12.600000381469727,3117,0.0,0.0
2024-08-09 13:30:00-04:00,12.604999542236328,12.604999542236328,12.604999542236328,12.604999542236328,482,0.0,0.0
2024-08-09 13:35:00-04:00,12.600000381469727,12.604999542236328,12.585000038146973,12.604999542236328,5093,0.0,0.0
2024-08-09 13:40:00-04:00,12.600000381469727,12.600000381469727,12.600000381469727,12.600000381469727,751,0.0,0.0
2024-08-09 13:45:00-04:00,12.585000038146973,12.600000381469727,12.579999923706055,12.595000267028809,4515,0.0,0.0
2024-08-09 13:50:00-04:00,12.595000267028809,12.600000381469727,12.5649995803833,12.585000038146973,7061,0.0,0.0
2024-08-09 13:55:00-04:00,12.579999923706055,12.579999923706055,12.574999809265137,12.574999809265137,869,0.0,0.0
2024-08-09 14:00:00-04:00,12.569999694824219,12.579999923706055,12.550000190734863,12.569999694824219,6243,0.0,0.0
2024-08-09 14:05:00-04:00,12.579999923706055,12.59000015258789,12.579999923706055,12.59000015258789,2265,0.0,0.0
2024-08-09 14:10:00-04:00,12.59000015258789,12.600000381469727,12.574999809265137,12.600000381469727,6487,0.0,0.0
2024-08-09 14:15:00-04:00,12.609999656677246,12.609999656677246,12.600000381469727,12.604999542236328,1485,0.0,0.0
2024-08-09 14:20:00-04:00,12.604999542236328,12.609999656677246,12.600000381469727,12.600000381469727,1691,0.0,0.0
2024-08-09 14:25:00-04:00,12.600000381469727,12.614999771118164,12.600000381469727,12.614999771118164,7418,0.0,0.0
2024-08-09 14:30:00-04:00,12.614999771118164,12.614999771118164,12.604999542236328,12.614999771118164,6154,0.0,0.0
2024-08-09 14:35:00-04:00,12.609999656677246,12.619999885559082,12.609999656677246,12.609999656677246,3039,0.0,0.0
2024-08-09 14:40:00-04:00,12.619999885559082,12.619999885559082,12.609999656677246,12.609999656677246,2482,0.0,0.0
2024-08-09 14:45:00-04:00,12.609999656677246,12.619999885559082,12.604999542236328,12.604999542236328,3874,0.0,0.0
2024-08-09 14:50:00-04:00,12.609999656677246,12.609999656677246,12.609999656677246,12.609999656677246,4137,0.0,0.0
2024-08-09 14:55:00-04:00,12.600000381469727,12.609999656677246,12.600000381469727,12.609999656677246,6469,0.0,0.0
2024-08-09 15:00:00-04:00,12.614999771118164,12.625,12.614999771118164,12.625,3723,0.0,0.0
2024-08-09 15:05:00-04:00,12.625,12.630000114440918,12.625,12.630000114440918,761,0.0,0.0
2024-08-09 15:10:00-04:00,12.630000114440918,12.630000114440918,12.619999885559082,12.619999885559082,2107,0.0,0.0
2024-08-09 15:15:00-04:00,12.619999885559082,12.640000343322754,12.619999885559082,12.640000343322754,6226,0.0,0.0
2024-08-09 15:20:00-04:00,12.630000114440918,12.630000114440918,12.604999542236328,12.609999656677246,12256,0.0,0.0
2024-08-09 15:25:00-04:00,12.614999771118164,12.635000228881836,12.614999771118164,12.630000114440918,7272,0.0,0.0
2024-08-09 15:30:00-04:00,12.630000114440918,12.630000114440918,12.625,12.625,2840,0.0,0.0
2024-08-09 15:35:00-04:00,12.619999885559082,12.630000114440918,12.600000381469727,12.600000381469727,10608,0.0,0.0
2024-08-09 15:40:00-04:00,12.604999542236328,12.604999542236328,12.600000381469727,12.600000381469727,3949,0.0,0.0
2024-08-09 15:45:00-04:00,12.604999542236328,12.619999885559082,12.600000381469727,12.619999885559082,9660,0.0,0.0
2024-08-09 15:50:00-04:00,12.609999656677246,12.609999656677246,12.595000267028809,12.609999656677246,18134,0.0,0.0
2024-08-09 15:55:00-04:00,12.600000381469727,12.6899995803833,12.600000381469727,12.680000305175781,82956,0.0,0.0
