Datetime,Open,High,Low,Close,Volume,Dividends,Stock Splits
2024-07-10 09:30:00-04:00,4.670000076293945,4.670000076293945,4.670000076293945,4.670000076293945,0,0.0,0.0
2024-07-10 09:45:00-04:00,4.670000076293945,4.670000076293945,4.670000076293945,4.670000076293945,366,0.0,0.0
2024-07-10 10:05:00-04:00,4.71999979019165,4.71999979019165,4.71999979019165,4.71999979019165,0,0.0,0.0
2024-07-10 10:10:00-04:00,4.719099998474121,4.719099998474121,4.719099998474121,4.719099998474121,1961,0.0,0.0
2024-07-10 10:15:00-04:00,4.744999885559082,4.744999885559082,4.744999885559082,4.744999885559082,880,0.0,0.0
2024-07-10 10:20:00-04:00,4.760000228881836,4.760000228881836,4.760000228881836,4.760000228881836,734,0.0,0.0
2024-07-10 10:40:00-04:00,4.739999771118164,4.739999771118164,4.739999771118164,4.739999771118164,259,0.0,0.0
2024-07-10 10:55:00-04:00,4.739999771118164,4.739999771118164,4.739999771118164,4.739999771118164,500,0.0,0.0
2024-07-10 11:05:00-04:00,4.760000228881836,4.769999980926514,4.760000228881836,4.769999980926514,339,0.0,0.0
2024-07-10 11:25:00-04:00,4.769999980926514,4.769999980926514,4.764999866485596,4.764999866485596,792,0.0,0.0
2024-07-10 11:30:00-04:00,4.75,4.78000020980835,4.75,4.78000020980835,539,0.0,0.0
2024-07-10 11:55:00-04:00,4.78000020980835,4.78000020980835,4.78000020980835,4.78000020980835,120,0.0,0.0
2024-07-10 12:00:00-04:00,4.789999961853027,4.789999961853027,4.789999961853027,4.789999961853027,508,0.0,0.0
2024-07-10 12:25:00-04:00,4.800000190734863,4.800000190734863,4.800000190734863,4.800000190734863,331,0.0,0.0
2024-07-10 12:30:00-04:00,4.78000020980835,4.78000020980835,4.75,4.75,3578,0.0,0.0
2024-07-10 12:55:00-04:00,4.769999980926514,4.769999980926514,4.769999980926514,4.769999980926514,240,0.0,0.0
2024-07-10 13:00:00-04:00,4.775000095367432,4.775000095367432,4.775000095367432,4.775000095367432,176,0.0,0.0
2024-07-10 13:05:00-04:00,4.775000095367432,4.775000095367432,4.775000095367432,4.775000095367432,307,0.0,0.0
2024-07-10 13:25:00-04:00,4.760000228881836,4.760000228881836,4.760000228881836,4.760000228881836,317,0.0,0.0
2024-07-10 13:45:00-04:00,4.710000038146973,4.710000038146973,4.710000038146973,4.710000038146973,254,0.0,0.0
2024-07-10 13:50:00-04:00,4.715000152587891,4.715000152587891,4.715000152587891,4.715000152587891,257,0.0,0.0
2024-07-10 13:55:00-04:00,4.715000152587891,4.715000152587891,4.715000152587891,4.715000152587891,100,0.0,0.0
2024-07-10 14:00:00-04:00,4.690000057220459,4.75,4.690000057220459,4.75,8590,0.0,0.0
2024-07-10 14:05:00-04:00,4.739999771118164,4.75,4.730000019073486,4.75,1072,0.0,0.0
2024-07-10 14:10:00-04:00,4.760000228881836,4.78000020980835,4.760000228881836,4.78000020980835,963,0.0,0.0
2024-07-10 14:15:00-04:00,4.78000020980835,4.800000190734863,4.78000020980835,4.800000190734863,504,0.0,0.0
2024-07-10 14:20:00-04:00,4.789999961853027,4.789999961853027,4.784999847412109,4.784999847412109,553,0.0,0.0
2024-07-10 14:35:00-04:00,4.769999980926514,4.769999980926514,4.690000057220459,4.690000057220459,7389,0.0,0.0
2024-07-10 14:45:00-04:00,4.71999979019165,4.71999979019165,4.71999979019165,4.71999979019165,485,0.0,0.0
2024-07-10 14:55:00-04:00,4.760000228881836,4.760000228881836,4.760000228881836,4.760000228881836,268,0.0,0.0
2024-07-10 15:20:00-04:00,4.744999885559082,4.744999885559082,4.744999885559082,4.744999885559082,157,0.0,0.0
2024-07-10 15:25:00-04:00,4.730000019073486,4.730000019073486,4.730000019073486,4.730000019073486,399,0.0,0.0
2024-07-10 15:35:00-04:00,4.710000038146973,4.715000152587891,4.710000038146973,4.715000152587891,1670,0.0,0.0
2024-07-10 15:45:00-04:00,4.710000038146973,4.710000038146973,4.710000038146973,4.710000038146973,294,0.0,0.0
2024-07-10 15:50:00-04:00,4.704999923706055,4.71999979019165,4.704999923706055,4.710000038146973,3878,0.0,0.0
2024-07-10 15:55:00-04:00,4.71999979019165,4.730000019073486,4.699999809265137,4.699999809265137,8120,0.0,0.0
2024-07-11 09:30:00-04:00,4.78000020980835,4.78000020980835,4.71999979019165,4.760000228881836,4100,0.0,0.0
2024-07-11 09:35:00-04:00,4.829999923706055,4.829999923706055,4.829999923706055,4.829999923706055,411,0.0,0.0
2024-07-11 09:40:00-04:00,4.800000190734863,4.860000133514404,4.800000190734863,4.829999923706055,2553,0.0,0.0
2024-07-11 09:45:00-04:00,4.840000152587891,4.840000152587891,4.840000152587891,4.840000152587891,718,0.0,0.0
2024-07-11 09:50:00-04:00,4.860000133514404,4.869999885559082,4.860000133514404,4.869999885559082,691,0.0,0.0
2024-07-11 09:55:00-04:00,4.920000076293945,4.920000076293945,4.809999942779541,4.809999942779541,5305,0.0,0.0
2024-07-11 10:00:00-04:00,4.860000133514404,4.869999885559082,4.860000133514404,4.869999885559082,766,0.0,0.0
2024-07-11 10:05:00-04:00,4.869999885559082,4.909999847412109,4.869999885559082,4.909999847412109,838,0.0,0.0
2024-07-11 10:10:00-04:00,4.900000095367432,4.900000095367432,4.900000095367432,4.900000095367432,0,0.0,0.0
2024-07-11 10:15:00-04:00,4.900000095367432,4.949999809265137,4.900000095367432,4.949999809265137,16516,0.0,0.0
2024-07-11 10:20:00-04:00,4.960000038146973,5.0,4.960000038146973,5.0,1298,0.0,0.0
2024-07-11 10:25:00-04:00,5.0,5.039999961853027,4.999899864196777,5.039999961853027,3135,0.0,0.0
2024-07-11 10:30:00-04:00,5.015999794006348,5.079999923706055,5.010900020599365,5.010900020599365,1706,0.0,0.0
2024-07-11 10:35:00-04:00,5.070000171661377,5.070000171661377,5.039999961853027,5.039999961853027,152,0.0,0.0
2024-07-11 10:40:00-04:00,5.039999961853027,5.039999961853027,5.034999847412109,5.034999847412109,945,0.0,0.0
2024-07-11 10:45:00-04:00,5.034999847412109,5.034999847412109,4.929999828338623,4.929999828338623,5533,0.0,0.0
2024-07-11 10:50:00-04:00,4.954999923706055,4.989999771118164,4.954999923706055,4.989999771118164,804,0.0,0.0
2024-07-11 10:55:00-04:00,4.985000133514404,4.985000133514404,4.949999809265137,4.965000152587891,3139,0.0,0.0
2024-07-11 11:05:00-04:00,4.989999771118164,4.989999771118164,4.989999771118164,4.989999771118164,100,0.0,0.0
2024-07-11 11:10:00-04:00,4.989999771118164,4.989999771118164,4.989999771118164,4.989999771118164,20,0.0,0.0
2024-07-11 11:15:00-04:00,5.0,5.0,5.0,5.0,2600,0.0,0.0
2024-07-11 11:20:00-04:00,4.96999979019165,5.0,4.96999979019165,5.0,362,0.0,0.0
2024-07-11 11:25:00-04:00,5.0,5.0,4.974999904632568,5.0,295,0.0,0.0
2024-07-11 11:35:00-04:00,5.0,5.0,5.0,5.0,409,0.0,0.0
2024-07-11 11:40:00-04:00,4.960000038146973,4.960000038146973,4.960000038146973,4.960000038146973,1147,0.0,0.0
2024-07-11 11:45:00-04:00,4.95989990234375,4.95989990234375,4.95989990234375,4.95989990234375,188,0.0,0.0
2024-07-11 12:00:00-04:00,4.934999942779541,4.934999942779541,4.889999866485596,4.889999866485596,1105,0.0,0.0
2024-07-11 12:10:00-04:00,4.888999938964844,4.929999828338623,4.888999938964844,4.929999828338623,1754,0.0,0.0
2024-07-11 12:15:00-04:00,4.929999828338623,4.929999828338623,4.929999828338623,4.929999828338623,100,0.0,0.0
2024-07-11 12:20:00-04:00,4.909999847412109,4.909999847412109,4.909999847412109,4.909999847412109,2740,0.0,0.0
2024-07-11 12:25:00-04:00,4.920000076293945,4.920000076293945,4.920000076293945,4.920000076293945,0,0.0,0.0
2024-07-11 13:20:00-04:00,4.999899864196777,4.999899864196777,4.999899864196777,4.999899864196777,381,0.0,0.0
2024-07-11 13:25:00-04:00,4.940000057220459,4.940000057220459,4.940000057220459,4.940000057220459,366,0.0,0.0
2024-07-11 13:55:00-04:00,5.0,5.0,5.0,5.0,202,0.0,0.0
2024-07-11 14:10:00-04:00,4.9770002365112305,4.9770002365112305,4.9770002365112305,4.9770002365112305,1057,0.0,0.0
2024-07-11 14:15:00-04:00,4.960000038146973,4.960000038146973,4.960000038146973,4.960000038146973,0,0.0,0.0
2024-07-11 14:20:00-04:00,4.989999771118164,4.989999771118164,4.986999988555908,4.986999988555908,682,0.0,0.0
2024-07-11 14:40:00-04:00,4.98799991607666,5.0,4.98799991607666,5.0,871,0.0,0.0
2024-07-11 14:45:00-04:00,5.0,5.039999961853027,5.0,5.039999961853027,2209,0.0,0.0
2024-07-11 14:50:00-04:00,5.039999961853027,5.039999961853027,5.039999961853027,5.039999961853027,311,0.0,0.0
2024-07-11 14:55:00-04:00,5.039999961853027,5.039999961853027,5.039999961853027,5.039999961853027,235,0.0,0.0
2024-07-11 15:05:00-04:00,5.019999980926514,5.019999980926514,5.019999980926514,5.019999980926514,324,0.0,0.0
2024-07-11 15:20:00-04:00,5.019999980926514,5.039999961853027,5.019999980926514,5.039999961853027,629,0.0,0.0
2024-07-11 15:25:00-04:00,5.050000190734863,5.070000171661377,5.050000190734863,5.070000171661377,464,0.0,0.0
2024-07-11 15:30:00-04:00,5.050000190734863,5.050000190734863,5.050000190734863,5.050000190734863,260,0.0,0.0
2024-07-11 15:35:00-04:00,5.059999942779541,5.070000171661377,5.059999942779541,5.070000171661377,1497,0.0,0.0
2024-07-11 15:40:00-04:00,5.070000171661377,5.070000171661377,5.059999942779541,5.059999942779541,1057,0.0,0.0
2024-07-11 15:45:00-04:00,5.070000171661377,5.070000171661377,5.070000171661377,5.070000171661377,840,0.0,0.0
2024-07-11 15:50:00-04:00,5.070000171661377,5.079999923706055,5.067999839782715,5.079999923706055,1084,0.0,0.0
2024-07-11 15:55:00-04:00,5.059999942779541,5.059999942779541,5.039999961853027,5.059999942779541,5136,0.0,0.0
2024-07-12 09:30:00-04:00,5.139999866485596,5.199999809265137,5.139999866485596,5.199999809265137,839,0.0,0.0
2024-07-12 09:35:00-04:00,5.170000076293945,5.219900131225586,5.170000076293945,5.210000038146973,484,0.0,0.0
2024-07-12 09:45:00-04:00,5.139999866485596,5.190000057220459,5.139999866485596,5.190000057220459,799,0.0,0.0
2024-07-12 10:00:00-04:00,5.138999938964844,5.138999938964844,5.138700008392334,5.138700008392334,491,0.0,0.0
2024-07-12 10:10:00-04:00,5.149899959564209,5.149899959564209,5.149899959564209,5.149899959564209,903,0.0,0.0
2024-07-12 10:25:00-04:00,5.150000095367432,5.170000076293945,5.150000095367432,5.170000076293945,696,0.0,0.0
2024-07-12 10:30:00-04:00,5.126999855041504,5.159999847412109,5.119999885559082,5.119999885559082,809,0.0,0.0
2024-07-12 10:35:00-04:00,5.159999847412109,5.159999847412109,5.154799938201904,5.154799938201904,192,0.0,0.0
2024-07-12 10:40:00-04:00,5.150000095367432,5.150000095367432,5.150000095367432,5.150000095367432,621,0.0,0.0
2024-07-12 10:45:00-04:00,5.169000148773193,5.210000038146973,5.110000133514404,5.110000133514404,10704,0.0,0.0
2024-07-12 10:50:00-04:00,5.0920000076293945,5.170000076293945,5.0920000076293945,5.170000076293945,2130,0.0,0.0
2024-07-12 10:55:00-04:00,5.130000114440918,5.170000076293945,5.130000114440918,5.170000076293945,1168,0.0,0.0
2024-07-12 11:00:00-04:00,5.177999973297119,5.179999828338623,5.176499843597412,5.179999828338623,600,0.0,0.0
2024-07-12 11:05:00-04:00,5.179999828338623,5.21999979019165,5.164999961853027,5.21999979019165,3123,0.0,0.0
2024-07-12 11:10:00-04:00,5.170000076293945,5.170000076293945,5.159999847412109,5.164999961853027,765,0.0,0.0
2024-07-12 11:15:00-04:00,5.164999961853027,5.179999828338623,5.164999961853027,5.179999828338623,321,0.0,0.0
2024-07-12 11:20:00-04:00,5.164999961853027,5.179999828338623,5.164999961853027,5.179999828338623,971,0.0,0.0
2024-07-12 11:30:00-04:00,5.179999828338623,5.179999828338623,5.179999828338623,5.179999828338623,247,0.0,0.0
2024-07-12 11:40:00-04:00,5.159999847412109,5.159999847412109,5.159999847412109,5.159999847412109,613,0.0,0.0
2024-07-12 11:45:00-04:00,5.130000114440918,5.130000114440918,5.130000114440918,5.130000114440918,300,0.0,0.0
2024-07-12 11:55:00-04:00,5.110000133514404,5.110000133514404,5.110000133514404,5.110000133514404,200,0.0,0.0
2024-07-12 12:05:00-04:00,5.105000019073486,5.105000019073486,5.105000019073486,5.105000019073486,307,0.0,0.0
2024-07-12 12:15:00-04:00,5.119999885559082,5.119999885559082,5.11899995803833,5.11899995803833,900,0.0,0.0
2024-07-12 12:20:00-04:00,5.099999904632568,5.099999904632568,5.099999904632568,5.099999904632568,771,0.0,0.0
2024-07-12 12:30:00-04:00,5.130000114440918,5.130000114440918,5.130000114440918,5.130000114440918,200,0.0,0.0
2024-07-12 12:35:00-04:00,5.130000114440918,5.130000114440918,5.130000114440918,5.130000114440918,23,0.0,0.0
2024-07-12 12:40:00-04:00,5.125,5.125,5.125,5.125,143,0.0,0.0
2024-07-12 12:45:00-04:00,5.139999866485596,5.139999866485596,5.139999866485596,5.139999866485596,165,0.0,0.0
2024-07-12 12:50:00-04:00,5.125,5.125,5.125,5.125,704,0.0,0.0
2024-07-12 12:55:00-04:00,5.110000133514404,5.139999866485596,5.110000133514404,5.119999885559082,1244,0.0,0.0
2024-07-12 13:00:00-04:00,5.125,5.125,5.125,5.125,11,0.0,0.0
2024-07-12 13:05:00-04:00,5.139999866485596,5.139999866485596,5.139999866485596,5.139999866485596,413,0.0,0.0
2024-07-12 13:15:00-04:00,5.119999885559082,5.119999885559082,5.119999885559082,5.119999885559082,306,0.0,0.0
2024-07-12 13:20:00-04:00,5.139999866485596,5.179999828338623,5.139999866485596,5.179999828338623,4355,0.0,0.0
2024-07-12 13:25:00-04:00,5.190000057220459,5.199999809265137,5.190000057220459,5.199999809265137,470,0.0,0.0
2024-07-12 13:30:00-04:00,5.210000038146973,5.210000038146973,5.204999923706055,5.204999923706055,397,0.0,0.0
2024-07-12 13:35:00-04:00,5.204999923706055,5.2179999351501465,5.204999923706055,5.2179999351501465,706,0.0,0.0
2024-07-12 13:40:00-04:00,5.204999923706055,5.204999923706055,5.204999923706055,5.204999923706055,512,0.0,0.0
2024-07-12 13:45:00-04:00,5.210000038146973,5.210000038146973,5.190000057220459,5.190000057220459,2337,0.0,0.0
2024-07-12 13:55:00-04:00,5.159999847412109,5.159999847412109,5.150000095367432,5.150000095367432,2967,0.0,0.0
2024-07-12 14:00:00-04:00,5.164999961853027,5.164999961853027,5.164999961853027,5.164999961853027,247,0.0,0.0
2024-07-12 14:10:00-04:00,5.170000076293945,5.170000076293945,5.170000076293945,5.170000076293945,937,0.0,0.0
2024-07-12 14:15:00-04:00,5.164999961853027,5.164999961853027,5.164999961853027,5.164999961853027,265,0.0,0.0
2024-07-12 14:25:00-04:00,5.150000095367432,5.150000095367432,5.150000095367432,5.150000095367432,574,0.0,0.0
2024-07-12 14:30:00-04:00,5.139999866485596,5.139999866485596,5.130000114440918,5.130000114440918,2591,0.0,0.0
2024-07-12 14:40:00-04:00,5.119999885559082,5.119999885559082,5.090000152587891,5.090000152587891,1459,0.0,0.0
2024-07-12 14:45:00-04:00,5.079999923706055,5.079999923706055,5.03000020980835,5.03000020980835,2227,0.0,0.0
2024-07-12 14:50:00-04:00,5.030099868774414,5.030099868774414,5.03000020980835,5.03000020980835,1288,0.0,0.0
2024-07-12 14:55:00-04:00,5.0,5.0,5.0,5.0,837,0.0,0.0
2024-07-12 15:00:00-04:00,5.005000114440918,5.007699966430664,5.005000114440918,5.005000114440918,1245,0.0,0.0
2024-07-12 15:05:00-04:00,4.989999771118164,4.994999885559082,4.989999771118164,4.994999885559082,2149,0.0,0.0
2024-07-12 15:10:00-04:00,4.989999771118164,4.989999771118164,4.96999979019165,4.96999979019165,3515,0.0,0.0
2024-07-12 15:15:00-04:00,4.949999809265137,4.949999809265137,4.949999809265137,4.949999809265137,1563,0.0,0.0
2024-07-12 15:20:00-04:00,4.940000057220459,4.940000057220459,4.925000190734863,4.925000190734863,2767,0.0,0.0
2024-07-12 15:25:00-04:00,4.920000076293945,4.920000076293945,4.909999847412109,4.914999961853027,3615,0.0,0.0
2024-07-12 15:30:00-04:00,4.914999961853027,4.914999961853027,4.90500020980835,4.90500020980835,1421,0.0,0.0
2024-07-12 15:35:00-04:00,4.90500020980835,4.920000076293945,4.900000095367432,4.900000095367432,1778,0.0,0.0
2024-07-12 15:40:00-04:00,4.90500020980835,4.920000076293945,4.880000114440918,4.90500020980835,7496,0.0,0.0
2024-07-12 15:45:00-04:00,4.90500020980835,5.010000228881836,4.900000095367432,4.989999771118164,10465,0.0,0.0
2024-07-12 15:50:00-04:00,4.989999771118164,4.989999771118164,4.949999809265137,4.954999923706055,6183,0.0,0.0
2024-07-12 15:55:00-04:00,4.954999923706055,5.0,4.920000076293945,4.96999979019165,18193,0.0,0.0
2024-07-15 09:30:00-04:00,4.909999847412109,5.019999980926514,4.909999847412109,4.933000087738037,6332,0.0,0.0
2024-07-15 09:35:00-04:00,4.960000038146973,5.03000020980835,4.960000038146973,5.03000020980835,2029,0.0,0.0
2024-07-15 09:40:00-04:00,5.010000228881836,5.010000228881836,4.914899826049805,4.914899826049805,4588,0.0,0.0
2024-07-15 09:45:00-04:00,4.925000190734863,4.965000152587891,4.925000190734863,4.965000152587891,2070,0.0,0.0
2024-07-15 09:50:00-04:00,4.941999912261963,5.010000228881836,4.941999912261963,5.005099773406982,1208,0.0,0.0
2024-07-15 09:55:00-04:00,5.019999980926514,5.019999980926514,5.019999980926514,5.019999980926514,1180,0.0,0.0
2024-07-15 10:00:00-04:00,4.994999885559082,5.050000190734863,4.994999885559082,5.050000190734863,628,0.0,0.0
2024-07-15 10:10:00-04:00,5.025100231170654,5.03000020980835,5.025100231170654,5.03000020980835,707,0.0,0.0
2024-07-15 10:15:00-04:00,5.03000020980835,5.03000020980835,5.010000228881836,5.010000228881836,619,0.0,0.0
2024-07-15 10:20:00-04:00,5.019999980926514,5.090000152587891,5.019999980926514,5.090000152587891,2368,0.0,0.0
2024-07-15 10:25:00-04:00,5.096499919891357,5.096499919891357,5.090000152587891,5.090000152587891,612,0.0,0.0
2024-07-15 10:30:00-04:00,5.068999767303467,5.068999767303467,5.068999767303467,5.068999767303467,484,0.0,0.0
2024-07-15 10:35:00-04:00,5.070000171661377,5.070000171661377,5.050000190734863,5.050000190734863,661,0.0,0.0
2024-07-15 10:40:00-04:00,5.057000160217285,5.057000160217285,5.057000160217285,5.057000160217285,257,0.0,0.0
2024-07-15 10:45:00-04:00,5.058000087738037,5.058000087738037,5.0,5.0,612,0.0,0.0
2024-07-15 10:50:00-04:00,5.025000095367432,5.050000190734863,5.025000095367432,5.039999961853027,779,0.0,0.0
2024-07-15 11:10:00-04:00,5.079999923706055,5.079999923706055,5.079999923706055,5.079999923706055,821,0.0,0.0
2024-07-15 11:15:00-04:00,5.079999923706055,5.079999923706055,5.079999923706055,5.079999923706055,1000,0.0,0.0
2024-07-15 11:20:00-04:00,5.079999923706055,5.138000011444092,5.079999923706055,5.099999904632568,3408,0.0,0.0
2024-07-15 11:25:00-04:00,5.120800018310547,5.138000011444092,5.120800018310547,5.138000011444092,2550,0.0,0.0
2024-07-15 11:30:00-04:00,5.119999885559082,5.119999885559082,5.119999885559082,5.119999885559082,324,0.0,0.0
2024-07-15 11:40:00-04:00,5.119999885559082,5.159999847412109,5.119999885559082,5.159999847412109,4335,0.0,0.0
2024-07-15 11:45:00-04:00,5.190000057220459,5.21999979019165,5.190000057220459,5.199999809265137,7614,0.0,0.0
2024-07-15 11:55:00-04:00,5.256700038909912,5.256700038909912,5.238399982452393,5.239999771118164,7970,0.0,0.0
2024-07-15 12:00:00-04:00,5.230000019073486,5.230000019073486,5.21999979019165,5.230000019073486,1448,0.0,0.0
2024-07-15 12:10:00-04:00,5.190000057220459,5.190000057220459,5.179999828338623,5.190000057220459,2042,0.0,0.0
2024-07-15 12:15:00-04:00,5.177999973297119,5.177999973297119,5.177999973297119,5.177999973297119,719,0.0,0.0
2024-07-15 12:25:00-04:00,5.15500020980835,5.179999828338623,5.15500020980835,5.179999828338623,778,0.0,0.0
2024-07-15 12:30:00-04:00,5.159999847412109,5.159999847412109,5.159999847412109,5.159999847412109,187,0.0,0.0
2024-07-15 12:45:00-04:00,5.139999866485596,5.139999866485596,5.135000228881836,5.135000228881836,684,0.0,0.0
2024-07-15 12:50:00-04:00,5.130000114440918,5.179999828338623,5.130000114440918,5.179999828338623,1581,0.0,0.0
2024-07-15 12:55:00-04:00,5.120699882507324,5.120699882507324,5.120699882507324,5.120699882507324,264,0.0,0.0
2024-07-15 13:00:00-04:00,5.135000228881836,5.199999809265137,5.135000228881836,5.150000095367432,28858,0.0,0.0
2024-07-15 13:10:00-04:00,5.199999809265137,5.199999809265137,5.199999809265137,5.199999809265137,601,0.0,0.0
2024-07-15 13:20:00-04:00,5.175000190734863,5.199999809265137,5.175000190734863,5.199999809265137,646,0.0,0.0
2024-07-15 13:25:00-04:00,5.21999979019165,5.22790002822876,5.199999809265137,5.199999809265137,2739,0.0,0.0
2024-07-15 13:40:00-04:00,5.210000038146973,5.210000038146973,5.210000038146973,5.210000038146973,1094,0.0,0.0
2024-07-15 13:55:00-04:00,5.230000019073486,5.25,5.230000019073486,5.25,776,0.0,0.0
2024-07-15 14:05:00-04:00,5.244999885559082,5.244999885559082,5.244999885559082,5.244999885559082,708,0.0,0.0
2024-07-15 14:15:00-04:00,5.260000228881836,5.275000095367432,5.259900093078613,5.275000095367432,2291,0.0,0.0
2024-07-15 14:20:00-04:00,5.281400203704834,5.281400203704834,5.281400203704834,5.281400203704834,422,0.0,0.0
2024-07-15 14:25:00-04:00,5.300000190734863,5.300000190734863,5.300000190734863,5.300000190734863,834,0.0,0.0
2024-07-15 14:30:00-04:00,5.309999942779541,5.309999942779541,5.309999942779541,5.309999942779541,1291,0.0,0.0
2024-07-15 14:40:00-04:00,5.349999904632568,5.376999855041504,5.335000038146973,5.364999771118164,1773,0.0,0.0
2024-07-15 14:45:00-04:00,5.379899978637695,5.380000114440918,5.364999771118164,5.364999771118164,1643,0.0,0.0
2024-07-15 14:50:00-04:00,5.349999904632568,5.349999904632568,5.340000152587891,5.340000152587891,1778,0.0,0.0
2024-07-15 15:00:00-04:00,5.339900016784668,5.339900016784668,5.329999923706055,5.329999923706055,1393,0.0,0.0
2024-07-15 15:05:00-04:00,5.335000038146973,5.359899997711182,5.322999954223633,5.340000152587891,2512,0.0,0.0
2024-07-15 15:10:00-04:00,5.340000152587891,5.340000152587891,5.309999942779541,5.315000057220459,5179,0.0,0.0
2024-07-15 15:15:00-04:00,5.289999961853027,5.300000190734863,5.289999961853027,5.300000190734863,11535,0.0,0.0
2024-07-15 15:20:00-04:00,5.300000190734863,5.369999885559082,5.300000190734863,5.369999885559082,3617,0.0,0.0
2024-07-15 15:25:00-04:00,5.389999866485596,5.429999828338623,5.389999866485596,5.40500020980835,11793,0.0,0.0
2024-07-15 15:30:00-04:00,5.409999847412109,5.409999847412109,5.385000228881836,5.385000228881836,2611,0.0,0.0
2024-07-15 15:35:00-04:00,5.373700141906738,5.373700141906738,5.340099811553955,5.340099811553955,10806,0.0,0.0
2024-07-15 15:40:00-04:00,5.329999923706055,5.338099956512451,5.320000171661377,5.320000171661377,804,0.0,0.0
2024-07-15 15:45:00-04:00,5.300000190734863,5.304999828338623,5.300000190734863,5.304999828338623,821,0.0,0.0
2024-07-15 15:50:00-04:00,5.304999828338623,5.309999942779541,5.304999828338623,5.309999942779541,2122,0.0,0.0
2024-07-15 15:55:00-04:00,5.320000171661377,5.400000095367432,5.319699764251709,5.360000133514404,23276,0.0,0.0
2024-07-16 09:30:00-04:00,5.300000190734863,5.360000133514404,5.300000190734863,5.340000152587891,2947,0.0,0.0
2024-07-16 09:35:00-04:00,5.349999904632568,5.349999904632568,5.349999904632568,5.349999904632568,320,0.0,0.0
2024-07-16 09:45:00-04:00,5.349999904632568,5.349999904632568,5.349999904632568,5.349999904632568,139,0.0,0.0
2024-07-16 09:55:00-04:00,5.315000057220459,5.315000057220459,5.315000057220459,5.315000057220459,422,0.0,0.0
2024-07-16 10:05:00-04:00,5.369999885559082,5.369999885559082,5.360000133514404,5.360000133514404,1399,0.0,0.0
2024-07-16 10:10:00-04:00,5.340000152587891,5.340000152587891,5.340000152587891,5.340000152587891,230,0.0,0.0
2024-07-16 10:15:00-04:00,5.320099830627441,5.320099830627441,5.320099830627441,5.320099830627441,932,0.0,0.0
2024-07-16 10:20:00-04:00,5.28000020980835,5.28000020980835,5.28000020980835,5.28000020980835,264,0.0,0.0
2024-07-16 10:25:00-04:00,5.309999942779541,5.389999866485596,5.309999942779541,5.340000152587891,3041,0.0,0.0
2024-07-16 10:30:00-04:00,5.340000152587891,5.349999904632568,5.340000152587891,5.349999904632568,1563,0.0,0.0
2024-07-16 10:35:00-04:00,5.340000152587891,5.349999904632568,5.340000152587891,5.349999904632568,3833,0.0,0.0
2024-07-16 10:40:00-04:00,5.340000152587891,5.340000152587891,5.340000152587891,5.340000152587891,501,0.0,0.0
2024-07-16 10:50:00-04:00,5.349999904632568,5.349999904632568,5.340000152587891,5.349999904632568,3481,0.0,0.0
2024-07-16 10:55:00-04:00,5.360000133514404,5.380000114440918,5.360000133514404,5.380000114440918,7300,0.0,0.0
2024-07-16 11:05:00-04:00,5.409999847412109,5.449999809265137,5.409999847412109,5.440000057220459,4249,0.0,0.0
2024-07-16 11:10:00-04:00,5.445000171661377,5.445000171661377,5.445000171661377,5.445000171661377,122,0.0,0.0
2024-07-16 11:20:00-04:00,5.445000171661377,5.445000171661377,5.445000171661377,5.445000171661377,128,0.0,0.0
2024-07-16 11:25:00-04:00,5.469900131225586,5.469900131225586,5.469900131225586,5.469900131225586,170,0.0,0.0
2024-07-16 11:30:00-04:00,5.449999809265137,5.449999809265137,5.432000160217285,5.449999809265137,1525,0.0,0.0
2024-07-16 11:35:00-04:00,5.46999979019165,5.46999979019165,5.467899799346924,5.46999979019165,1401,0.0,0.0
2024-07-16 11:45:00-04:00,5.480000019073486,5.480000019073486,5.46999979019165,5.46999979019165,1449,0.0,0.0
2024-07-16 11:50:00-04:00,5.456999778747559,5.458000183105469,5.429999828338623,5.429999828338623,1056,0.0,0.0
2024-07-16 11:55:00-04:00,5.430099964141846,5.430099964141846,5.400000095367432,5.425000190734863,4832,0.0,0.0
2024-07-16 12:00:00-04:00,5.420000076293945,5.420000076293945,5.412499904632568,5.419300079345703,4335,0.0,0.0
2024-07-16 12:05:00-04:00,5.400000095367432,5.420000076293945,5.400000095367432,5.420000076293945,7673,0.0,0.0
2024-07-16 12:10:00-04:00,5.409999847412109,5.409999847412109,5.400000095367432,5.409999847412109,1002,0.0,0.0
2024-07-16 12:15:00-04:00,5.40500020980835,5.409999847412109,5.40500020980835,5.409999847412109,1797,0.0,0.0
2024-07-16 12:25:00-04:00,5.445000171661377,5.445000171661377,5.445000171661377,5.445000171661377,617,0.0,0.0
2024-07-16 12:30:00-04:00,5.445499897003174,5.445499897003174,5.445499897003174,5.445499897003174,305,0.0,0.0
2024-07-16 12:35:00-04:00,5.440000057220459,5.489999771118164,5.440000057220459,5.489999771118164,1619,0.0,0.0
2024-07-16 12:40:00-04:00,5.46999979019165,5.46999979019165,5.46999979019165,5.46999979019165,1022,0.0,0.0
2024-07-16 12:45:00-04:00,5.460000038146973,5.478000164031982,5.449999809265137,5.478000164031982,1562,0.0,0.0
2024-07-16 13:05:00-04:00,5.480000019073486,5.480000019073486,5.46999979019165,5.46999979019165,364,0.0,0.0
2024-07-16 13:10:00-04:00,5.46999979019165,5.46999979019165,5.46999979019165,5.46999979019165,132,0.0,0.0
2024-07-16 13:15:00-04:00,5.489999771118164,5.489999771118164,5.489999771118164,5.489999771118164,1283,0.0,0.0
2024-07-16 13:20:00-04:00,5.5,5.53000020980835,5.5,5.510000228881836,4761,0.0,0.0
2024-07-16 13:35:00-04:00,5.501500129699707,5.510000228881836,5.501500129699707,5.510000228881836,1812,0.0,0.0
2024-07-16 13:40:00-04:00,5.516200065612793,5.53000020980835,5.516200065612793,5.53000020980835,1116,0.0,0.0
2024-07-16 13:50:00-04:00,5.539999961853027,5.539999961853027,5.510000228881836,5.510000228881836,1616,0.0,0.0
2024-07-16 13:55:00-04:00,5.539999961853027,5.559999942779541,5.53000020980835,5.53000020980835,3628,0.0,0.0
2024-07-16 14:10:00-04:00,5.550000190734863,5.550000190734863,5.550000190734863,5.550000190734863,565,0.0,0.0
2024-07-16 14:15:00-04:00,5.545000076293945,5.545000076293945,5.545000076293945,5.545000076293945,548,0.0,0.0
2024-07-16 14:25:00-04:00,5.550000190734863,5.550000190734863,5.550000190734863,5.550000190734863,452,0.0,0.0
2024-07-16 14:30:00-04:00,5.559999942779541,5.559999942779541,5.550000190734863,5.550000190734863,441,0.0,0.0
2024-07-16 14:40:00-04:00,5.559999942779541,5.559999942779541,5.554999828338623,5.554999828338623,1552,0.0,0.0
2024-07-16 14:50:00-04:00,5.539999961853027,5.550000190734863,5.539999961853027,5.542500019073486,1610,0.0,0.0
2024-07-16 14:55:00-04:00,5.550000190734863,5.559999942779541,5.545000076293945,5.559999942779541,2325,0.0,0.0
2024-07-16 15:00:00-04:00,5.579999923706055,5.579999923706055,5.579999923706055,5.579999923706055,999,0.0,0.0
2024-07-16 15:05:00-04:00,5.585000038146973,5.630000114440918,5.585000038146973,5.619999885559082,3943,0.0,0.0
2024-07-16 15:10:00-04:00,5.619999885559082,5.630000114440918,5.610000133514404,5.630000114440918,2025,0.0,0.0
2024-07-16 15:15:00-04:00,5.654300212860107,5.654300212860107,5.654300212860107,5.654300212860107,120,0.0,0.0
2024-07-16 15:20:00-04:00,5.659999847412109,5.659999847412109,5.639999866485596,5.639999866485596,2289,0.0,0.0
2024-07-16 15:25:00-04:00,5.639800071716309,5.650000095367432,5.630000114440918,5.650000095367432,1845,0.0,0.0
2024-07-16 15:30:00-04:00,5.650000095367432,5.670000076293945,5.630000114440918,5.65500020980835,4804,0.0,0.0
2024-07-16 15:35:00-04:00,5.65500020980835,5.65500020980835,5.559999942779541,5.579999923706055,12642,0.0,0.0
2024-07-16 15:40:00-04:00,5.590000152587891,5.619999885559082,5.590000152587891,5.619999885559082,4952,0.0,0.0
2024-07-16 15:45:00-04:00,5.610000133514404,5.619999885559082,5.510000228881836,5.510000228881836,10115,0.0,0.0
2024-07-16 15:50:00-04:00,5.5,5.559999942779541,5.5,5.539999961853027,21121,0.0,0.0
2024-07-16 15:55:00-04:00,5.550000190734863,5.550000190734863,5.5,5.53000020980835,13935,0.0,0.0
2024-07-17 09:30:00-04:00,5.539999961853027,5.630000114440918,5.539999961853027,5.610000133514404,13486,0.0,0.0
2024-07-17 09:35:00-04:00,5.72629976272583,5.829999923706055,5.72629976272583,5.760000228881836,3761,0.0,0.0
2024-07-17 09:40:00-04:00,5.7846999168396,5.7846999168396,5.75,5.760000228881836,1965,0.0,0.0
2024-07-17 09:45:00-04:00,5.769999980926514,6.039999961853027,5.769999980926514,6.039999961853027,19042,0.0,0.0
2024-07-17 09:50:00-04:00,6.0,6.090000152587891,6.0,6.090000152587891,10540,0.0,0.0
2024-07-17 09:55:00-04:00,6.090000152587891,6.21999979019165,6.079999923706055,6.090000152587891,31527,0.0,0.0
2024-07-17 10:00:00-04:00,6.03000020980835,6.090000152587891,6.03000020980835,6.070000171661377,2161,0.0,0.0
2024-07-17 10:05:00-04:00,6.050000190734863,6.050000190734863,6.0,6.0,1060,0.0,0.0
2024-07-17 10:10:00-04:00,6.010000228881836,6.039999961853027,6.0,6.039999961853027,2684,0.0,0.0
2024-07-17 10:15:00-04:00,6.070000171661377,6.119999885559082,5.989999771118164,5.989999771118164,17425,0.0,0.0
2024-07-17 10:20:00-04:00,6.0,6.019999980926514,5.985000133514404,6.019999980926514,3889,0.0,0.0
2024-07-17 10:25:00-04:00,6.039999961853027,6.099999904632568,6.039999961853027,6.099999904632568,4475,0.0,0.0
2024-07-17 10:30:00-04:00,6.110000133514404,6.110000133514404,6.099999904632568,6.099999904632568,1443,0.0,0.0
2024-07-17 10:35:00-04:00,6.105000019073486,6.105000019073486,6.025000095367432,6.025000095367432,6816,0.0,0.0
2024-07-17 10:40:00-04:00,6.03410005569458,6.070000171661377,6.03000020980835,6.059999942779541,4471,0.0,0.0
2024-07-17 10:45:00-04:00,6.059999942779541,6.106599807739258,5.989999771118164,6.0,12098,0.0,0.0
2024-07-17 10:50:00-04:00,6.0,6.059999942779541,5.989999771118164,6.039999961853027,7099,0.0,0.0
2024-07-17 10:55:00-04:00,6.03000020980835,6.047999858856201,6.03000020980835,6.047999858856201,592,0.0,0.0
2024-07-17 11:00:00-04:00,5.989999771118164,5.989999771118164,5.989999771118164,5.989999771118164,3586,0.0,0.0
2024-07-17 11:05:00-04:00,6.039999961853027,6.039999961853027,6.039999961853027,6.039999961853027,737,0.0,0.0
2024-07-17 11:10:00-04:00,6.070000171661377,6.070000171661377,6.069799900054932,6.069799900054932,1302,0.0,0.0
2024-07-17 11:20:00-04:00,6.070000171661377,6.070000171661377,6.070000171661377,6.070000171661377,1865,0.0,0.0
2024-07-17 11:25:00-04:00,6.050000190734863,6.050000190734863,6.050000190734863,6.050000190734863,454,0.0,0.0
2024-07-17 11:30:00-04:00,6.059899806976318,6.059899806976318,6.059899806976318,6.059899806976318,1000,0.0,0.0
2024-07-17 11:35:00-04:00,6.070000171661377,6.150000095367432,6.070000171661377,6.150000095367432,7985,0.0,0.0
2024-07-17 11:40:00-04:00,6.159999847412109,6.260000228881836,6.159999847412109,6.260000228881836,7227,0.0,0.0
2024-07-17 11:45:00-04:00,6.239999771118164,6.260000228881836,6.23829984664917,6.260000228881836,5248,0.0,0.0
2024-07-17 11:50:00-04:00,6.28000020980835,6.300000190734863,6.275000095367432,6.284999847412109,4397,0.0,0.0
2024-07-17 11:55:00-04:00,6.269999980926514,6.329999923706055,6.239999771118164,6.324999809265137,10115,0.0,0.0
2024-07-17 12:00:00-04:00,6.355000019073486,6.380000114440918,6.35129976272583,6.371500015258789,5508,0.0,0.0
2024-07-17 12:05:00-04:00,6.420000076293945,6.420000076293945,6.340000152587891,6.355000019073486,24599,0.0,0.0
2024-07-17 12:10:00-04:00,6.360000133514404,6.379899978637695,6.349999904632568,6.360000133514404,4097,0.0,0.0
2024-07-17 12:15:00-04:00,6.360000133514404,6.369200229644775,6.300099849700928,6.340000152587891,10603,0.0,0.0
2024-07-17 12:20:00-04:00,6.309999942779541,6.309999942779541,6.170100212097168,6.230000019073486,19795,0.0,0.0
2024-07-17 12:25:00-04:00,6.1620001792907715,6.1620001792907715,6.160099983215332,6.160099983215332,475,0.0,0.0
2024-07-17 12:30:00-04:00,6.199999809265137,6.199999809265137,6.130000114440918,6.139999866485596,5585,0.0,0.0
2024-07-17 12:35:00-04:00,6.133299827575684,6.133299827575684,6.114999771118164,6.114999771118164,4565,0.0,0.0
2024-07-17 12:40:00-04:00,6.139999866485596,6.190000057220459,6.139999866485596,6.190000057220459,7694,0.0,0.0
2024-07-17 12:45:00-04:00,6.190000057220459,6.289999961853027,6.190000057220459,6.28000020980835,8724,0.0,0.0
2024-07-17 12:50:00-04:00,6.23199987411499,6.300000190734863,6.230000019073486,6.300000190734863,3960,0.0,0.0
2024-07-17 12:55:00-04:00,6.300000190734863,6.309999942779541,6.25,6.25,4004,0.0,0.0
2024-07-17 13:05:00-04:00,6.170000076293945,6.170000076293945,6.099999904632568,6.099999904632568,483,0.0,0.0
2024-07-17 13:10:00-04:00,6.09499979019165,6.09499979019165,6.039999961853027,6.039999961853027,1592,0.0,0.0
2024-07-17 13:15:00-04:00,6.059999942779541,6.059999942779541,6.039999961853027,6.039999961853027,1179,0.0,0.0
2024-07-17 13:20:00-04:00,6.039999961853027,6.039999961853027,6.039999961853027,6.039999961853027,320,0.0,0.0
2024-07-17 13:25:00-04:00,6.050000190734863,6.090000152587891,6.050000190734863,6.050000190734863,1282,0.0,0.0
2024-07-17 13:30:00-04:00,6.039999961853027,6.039999961853027,6.039999961853027,6.039999961853027,484,0.0,0.0
2024-07-17 13:35:00-04:00,6.099999904632568,6.127999782562256,6.099999904632568,6.127999782562256,870,0.0,0.0
2024-07-17 13:45:00-04:00,6.079999923706055,6.159999847412109,6.079999923706055,6.099999904632568,10006,0.0,0.0
2024-07-17 13:50:00-04:00,6.090000152587891,6.090000152587891,6.079999923706055,6.079999923706055,338,0.0,0.0
2024-07-17 13:55:00-04:00,6.070000171661377,6.070000171661377,6.070000171661377,6.070000171661377,181,0.0,0.0
2024-07-17 14:00:00-04:00,6.070000171661377,6.070000171661377,6.070000171661377,6.070000171661377,350,0.0,0.0
2024-07-17 14:05:00-04:00,6.084000110626221,6.084000110626221,6.058700084686279,6.079999923706055,6312,0.0,0.0
2024-07-17 14:10:00-04:00,6.070000171661377,6.070000171661377,6.070000171661377,6.070000171661377,292,0.0,0.0
2024-07-17 14:15:00-04:00,6.079999923706055,6.079999923706055,6.079999923706055,6.079999923706055,148,0.0,0.0
2024-07-17 14:20:00-04:00,6.090000152587891,6.090000152587891,6.086999893188477,6.086999893188477,500,0.0,0.0
2024-07-17 14:25:00-04:00,6.090000152587891,6.110000133514404,6.064499855041504,6.064499855041504,1858,0.0,0.0
2024-07-17 14:30:00-04:00,6.059999942779541,6.070000171661377,6.059999942779541,6.059999942779541,2613,0.0,0.0
2024-07-17 14:35:00-04:00,6.099999904632568,6.099999904632568,6.099999904632568,6.099999904632568,234,0.0,0.0
2024-07-17 14:40:00-04:00,6.079999923706055,6.079999923706055,6.079999923706055,6.079999923706055,913,0.0,0.0
2024-07-17 14:50:00-04:00,6.079999923706055,6.170000076293945,6.079999923706055,6.170000076293945,4120,0.0,0.0
2024-07-17 14:55:00-04:00,6.170000076293945,6.170000076293945,6.139999866485596,6.170000076293945,1704,0.0,0.0
2024-07-17 15:00:00-04:00,6.130000114440918,6.130000114440918,6.119999885559082,6.119999885559082,703,0.0,0.0
2024-07-17 15:05:00-04:00,6.099999904632568,6.099999904632568,6.099999904632568,6.099999904632568,266,0.0,0.0
2024-07-17 15:10:00-04:00,6.119999885559082,6.130000114440918,6.105000019073486,6.105000019073486,3460,0.0,0.0
2024-07-17 15:15:00-04:00,6.110000133514404,6.110000133514404,6.110000133514404,6.110000133514404,0,0.0,0.0
2024-07-17 15:20:00-04:00,6.099999904632568,6.150000095367432,6.099999904632568,6.150000095367432,1626,0.0,0.0
2024-07-17 15:25:00-04:00,6.159999847412109,6.170000076293945,6.159999847412109,6.170000076293945,505,0.0,0.0
2024-07-17 15:30:00-04:00,6.179999828338623,6.190000057220459,6.179999828338623,6.190000057220459,902,0.0,0.0
2024-07-17 15:35:00-04:00,6.190000057220459,6.199999809265137,6.039999961853027,6.065000057220459,10260,0.0,0.0
2024-07-17 15:40:00-04:00,6.050000190734863,6.070000171661377,6.019999980926514,6.019999980926514,10640,0.0,0.0
2024-07-17 15:45:00-04:00,6.019999980926514,6.110000133514404,6.010000228881836,6.110000133514404,7093,0.0,0.0
2024-07-17 15:50:00-04:00,6.114999771118164,6.114999771118164,6.099999904632568,6.099999904632568,2092,0.0,0.0
2024-07-17 15:55:00-04:00,6.0929999351501465,6.130000114440918,6.054999828338623,6.119999885559082,23856,0.0,0.0
2024-07-18 09:30:00-04:00,6.070000171661377,6.139999866485596,6.0,6.130000114440918,4718,0.0,0.0
2024-07-18 09:45:00-04:00,6.199999809265137,6.300000190734863,6.199999809265137,6.300000190734863,2416,0.0,0.0
2024-07-18 09:50:00-04:00,6.340000152587891,6.380000114440918,6.269999980926514,6.320000171661377,4608,0.0,0.0
2024-07-18 09:55:00-04:00,6.320000171661377,6.380000114440918,6.320000171661377,6.380000114440918,2864,0.0,0.0
2024-07-18 10:00:00-04:00,6.369999885559082,6.400000095367432,6.349999904632568,6.355000019073486,3444,0.0,0.0
2024-07-18 10:05:00-04:00,6.357999801635742,6.369999885559082,6.340000152587891,6.360000133514404,3328,0.0,0.0
2024-07-18 10:10:00-04:00,6.36929988861084,6.369999885559082,6.36929988861084,6.369999885559082,1574,0.0,0.0
2024-07-18 10:15:00-04:00,6.369999885559082,6.409999847412109,6.369999885559082,6.40939998626709,1403,0.0,0.0
2024-07-18 10:20:00-04:00,6.409999847412109,6.465000152587891,6.403900146484375,6.465000152587891,2449,0.0,0.0
2024-07-18 10:25:00-04:00,6.46999979019165,6.5,6.46999979019165,6.5,4458,0.0,0.0
2024-07-18 10:30:00-04:00,6.494999885559082,6.5,6.46999979019165,6.5,2005,0.0,0.0
2024-07-18 10:35:00-04:00,6.46999979019165,6.46999979019165,6.425000190734863,6.449999809265137,2071,0.0,0.0
2024-07-18 10:40:00-04:00,6.409999847412109,6.440000057220459,6.369999885559082,6.420000076293945,4515,0.0,0.0
2024-07-18 10:45:00-04:00,6.440000057220459,6.480000019073486,6.440000057220459,6.46999979019165,2036,0.0,0.0
2024-07-18 10:55:00-04:00,6.46999979019165,6.559999942779541,6.46999979019165,6.559999942779541,4426,0.0,0.0
2024-07-18 11:00:00-04:00,6.550000190734863,6.619999885559082,6.550000190734863,6.619999885559082,1643,0.0,0.0
2024-07-18 11:10:00-04:00,6.619999885559082,6.639999866485596,6.614999771118164,6.614999771118164,2777,0.0,0.0
2024-07-18 11:15:00-04:00,6.619999885559082,6.619999885559082,6.590000152587891,6.608399868011475,14082,0.0,0.0
2024-07-18 11:20:00-04:00,6.610000133514404,6.699999809265137,6.599999904632568,6.699699878692627,13262,0.0,0.0
2024-07-18 11:25:00-04:00,6.684999942779541,6.684999942779541,6.639999866485596,6.650000095367432,2732,0.0,0.0
2024-07-18 11:30:00-04:00,6.644999980926514,6.715099811553955,6.644999980926514,6.695000171661377,2359,0.0,0.0
2024-07-18 11:35:00-04:00,6.699999809265137,6.699999809265137,6.690000057220459,6.695000171661377,1957,0.0,0.0
2024-07-18 11:40:00-04:00,6.675000190734863,6.75,6.670000076293945,6.75,4240,0.0,0.0
2024-07-18 11:45:00-04:00,6.739999771118164,6.75,6.684000015258789,6.715000152587891,6948,0.0,0.0
2024-07-18 11:50:00-04:00,6.704999923706055,6.704999923706055,6.659999847412109,6.679999828338623,1736,0.0,0.0
2024-07-18 11:55:00-04:00,6.659999847412109,6.659999847412109,6.630000114440918,6.658299922943115,1436,0.0,0.0
2024-07-18 12:00:00-04:00,6.65500020980835,6.65500020980835,6.519999980926514,6.53000020980835,7489,0.0,0.0
2024-07-18 12:05:00-04:00,6.53000020980835,6.619999885559082,6.5,6.590000152587891,9413,0.0,0.0
2024-07-18 12:10:00-04:00,6.630000114440918,6.630000114440918,6.614999771118164,6.630000114440918,1119,0.0,0.0
2024-07-18 12:15:00-04:00,6.599999904632568,6.599999904632568,6.590000152587891,6.590000152587891,1663,0.0,0.0
2024-07-18 12:20:00-04:00,6.489999771118164,6.489999771118164,6.489999771118164,6.489999771118164,243,0.0,0.0
2024-07-18 12:25:00-04:00,6.514999866485596,6.514999866485596,6.514999866485596,6.514999866485596,664,0.0,0.0
2024-07-18 12:30:00-04:00,6.519999980926514,6.519999980926514,6.519999980926514,6.519999980926514,159,0.0,0.0
2024-07-18 12:35:00-04:00,6.5,6.5,6.5,6.5,725,0.0,0.0
2024-07-18 12:40:00-04:00,6.49970006942749,6.49970006942749,6.485000133514404,6.485000133514404,640,0.0,0.0
2024-07-18 12:45:00-04:00,6.46999979019165,6.480000019073486,6.429999828338623,6.4770002365112305,10955,0.0,0.0
2024-07-18 12:50:00-04:00,6.480000019073486,6.480000019073486,6.449999809265137,6.449999809265137,2356,0.0,0.0
2024-07-18 12:55:00-04:00,6.46999979019165,6.46999979019165,6.46999979019165,6.46999979019165,785,0.0,0.0
2024-07-18 13:00:00-04:00,6.480000019073486,6.480000019073486,6.480000019073486,6.480000019073486,641,0.0,0.0
2024-07-18 13:05:00-04:00,6.489999771118164,6.489999771118164,6.434999942779541,6.434999942779541,5862,0.0,0.0
2024-07-18 13:10:00-04:00,6.436999797821045,6.436999797821045,6.436999797821045,6.436999797821045,310,0.0,0.0
2024-07-18 13:15:00-04:00,6.460000038146973,6.460000038146973,6.434999942779541,6.434999942779541,420,0.0,0.0
2024-07-18 13:20:00-04:00,6.45989990234375,6.460000038146973,6.45989990234375,6.460000038146973,923,0.0,0.0
2024-07-18 13:25:00-04:00,6.449999809265137,6.489999771118164,6.445000171661377,6.489999771118164,2146,0.0,0.0
2024-07-18 13:30:00-04:00,6.480000019073486,6.480000019073486,6.480000019073486,6.480000019073486,326,0.0,0.0
2024-07-18 13:35:00-04:00,6.460000038146973,6.460000038146973,6.460000038146973,6.460000038146973,219,0.0,0.0
2024-07-18 13:40:00-04:00,6.480000019073486,6.480000019073486,6.360000133514404,6.409999847412109,11535,0.0,0.0
2024-07-18 13:45:00-04:00,6.33459997177124,6.33459997177124,6.33459997177124,6.33459997177124,108,0.0,0.0
2024-07-18 13:50:00-04:00,6.329999923706055,6.329999923706055,6.309999942779541,6.315000057220459,1589,0.0,0.0
2024-07-18 13:55:00-04:00,6.289999961853027,6.360000133514404,6.289999961853027,6.360000133514404,3952,0.0,0.0
2024-07-18 14:00:00-04:00,6.360000133514404,6.360000133514404,6.34499979019165,6.34499979019165,1790,0.0,0.0
2024-07-18 14:15:00-04:00,6.329999923706055,6.329999923706055,6.320000171661377,6.329999923706055,537,0.0,0.0
2024-07-18 14:20:00-04:00,6.320000171661377,6.340000152587891,6.300000190734863,6.300000190734863,11881,0.0,0.0
2024-07-18 14:25:00-04:00,6.320000171661377,6.320000171661377,6.320000171661377,6.320000171661377,284,0.0,0.0
2024-07-18 14:30:00-04:00,6.300000190734863,6.309999942779541,6.300000190734863,6.309999942779541,773,0.0,0.0
2024-07-18 14:35:00-04:00,6.309999942779541,6.309999942779541,6.260000228881836,6.279900074005127,7520,0.0,0.0
2024-07-18 14:40:00-04:00,6.269999980926514,6.269999980926514,6.25,6.25,3368,0.0,0.0
2024-07-18 14:45:00-04:00,6.239999771118164,6.239999771118164,6.21999979019165,6.21999979019165,1344,0.0,0.0
2024-07-18 14:50:00-04:00,6.21999979019165,6.21999979019165,6.170000076293945,6.170000076293945,3934,0.0,0.0
2024-07-18 14:55:00-04:00,6.179999828338623,6.179999828338623,6.179999828338623,6.179999828338623,427,0.0,0.0
2024-07-18 15:00:00-04:00,6.210000038146973,6.28000020980835,6.210000038146973,6.25,2931,0.0,0.0
2024-07-18 15:05:00-04:00,6.239999771118164,6.239999771118164,6.230000019073486,6.230000019073486,653,0.0,0.0
2024-07-18 15:10:00-04:00,6.202000141143799,6.202000141143799,6.199999809265137,6.199999809265137,764,0.0,0.0
2024-07-18 15:15:00-04:00,6.203000068664551,6.2241997718811035,6.203000068664551,6.2241997718811035,1106,0.0,0.0
2024-07-18 15:20:00-04:00,6.229899883270264,6.25,6.229899883270264,6.239999771118164,2459,0.0,0.0
2024-07-18 15:25:00-04:00,6.239999771118164,6.28000020980835,6.239999771118164,6.28000020980835,4626,0.0,0.0
2024-07-18 15:30:00-04:00,6.25,6.26800012588501,6.239999771118164,6.26800012588501,3955,0.0,0.0
2024-07-18 15:35:00-04:00,6.25,6.260000228881836,6.25,6.25,4081,0.0,0.0
2024-07-18 15:40:00-04:00,6.21999979019165,6.21999979019165,6.200799942016602,6.210000038146973,1819,0.0,0.0
2024-07-18 15:45:00-04:00,6.199999809265137,6.199999809265137,6.184999942779541,6.184999942779541,2518,0.0,0.0
2024-07-18 15:50:00-04:00,6.184999942779541,6.230000019073486,6.184999942779541,6.230000019073486,5348,0.0,0.0
2024-07-18 15:55:00-04:00,6.230000019073486,6.25,6.219699859619141,6.229000091552734,9572,0.0,0.0
2024-07-19 09:30:00-04:00,6.210000038146973,6.25,6.210000038146973,6.25,3534,0.0,0.0
2024-07-19 09:35:00-04:00,6.199999809265137,6.21999979019165,6.0279998779296875,6.0279998779296875,4918,0.0,0.0
2024-07-19 09:40:00-04:00,6.039999961853027,6.070000171661377,5.909999847412109,6.0,13321,0.0,0.0
2024-07-19 09:45:00-04:00,5.954999923706055,6.03000020980835,5.954999923706055,6.03000020980835,2062,0.0,0.0
2024-07-19 09:50:00-04:00,6.039999961853027,6.105000019073486,6.039999961853027,6.105000019073486,2200,0.0,0.0
2024-07-19 09:55:00-04:00,6.130000114440918,6.135000228881836,6.130000114440918,6.135000228881836,555,0.0,0.0
2024-07-19 10:00:00-04:00,6.150000095367432,6.150000095367432,6.150000095367432,6.150000095367432,205,0.0,0.0
2024-07-19 10:05:00-04:00,6.15500020980835,6.15500020980835,6.15500020980835,6.15500020980835,299,0.0,0.0
2024-07-19 10:10:00-04:00,6.179999828338623,6.179999828338623,6.179999828338623,6.179999828338623,497,0.0,0.0
2024-07-19 10:15:00-04:00,6.190000057220459,6.190000057220459,6.130000114440918,6.130000114440918,2116,0.0,0.0
2024-07-19 10:20:00-04:00,6.139999866485596,6.139999866485596,6.059999942779541,6.060999870300293,4935,0.0,0.0
2024-07-19 10:25:00-04:00,6.0725998878479,6.0725998878479,6.059999942779541,6.059999942779541,2417,0.0,0.0
2024-07-19 10:35:00-04:00,6.014999866485596,6.099999904632568,6.014999866485596,6.090000152587891,2506,0.0,0.0
2024-07-19 10:40:00-04:00,6.090000152587891,6.090000152587891,6.085000038146973,6.085000038146973,786,0.0,0.0
2024-07-19 10:45:00-04:00,6.09499979019165,6.09499979019165,6.09499979019165,6.09499979019165,120,0.0,0.0
2024-07-19 10:50:00-04:00,6.090000152587891,6.110000133514404,6.090000152587891,6.110000133514404,1694,0.0,0.0
2024-07-19 11:00:00-04:00,6.110000133514404,6.110000133514404,6.099999904632568,6.099999904632568,1927,0.0,0.0
2024-07-19 11:10:00-04:00,6.119999885559082,6.119999885559082,6.119999885559082,6.119999885559082,200,0.0,0.0
2024-07-19 11:15:00-04:00,6.149899959564209,6.15500020980835,6.116499900817871,6.15500020980835,3705,0.0,0.0
2024-07-19 11:20:00-04:00,6.150000095367432,6.150000095367432,6.150000095367432,6.150000095367432,103,0.0,0.0
2024-07-19 11:25:00-04:00,6.130000114440918,6.130000114440918,6.079999923706055,6.090000152587891,3005,0.0,0.0
2024-07-19 11:30:00-04:00,6.070000171661377,6.074999809265137,6.059999942779541,6.074999809265137,2575,0.0,0.0
2024-07-19 11:40:00-04:00,6.050000190734863,6.050000190734863,6.039999961853027,6.039999961853027,2561,0.0,0.0
2024-07-19 11:45:00-04:00,6.019999980926514,6.019999980926514,6.010000228881836,6.010000228881836,1735,0.0,0.0
2024-07-19 11:50:00-04:00,6.026400089263916,6.026400089263916,6.026400089263916,6.026400089263916,138,0.0,0.0
2024-07-19 11:55:00-04:00,6.054999828338623,6.054999828338623,6.054999828338623,6.054999828338623,642,0.0,0.0
2024-07-19 12:10:00-04:00,6.059999942779541,6.079999923706055,6.059999942779541,6.074999809265137,2099,0.0,0.0
2024-07-19 12:20:00-04:00,6.015600204467773,6.015600204467773,6.015600204467773,6.015600204467773,705,0.0,0.0
2024-07-19 12:25:00-04:00,6.014999866485596,6.014999866485596,5.989999771118164,5.989999771118164,517,0.0,0.0
2024-07-19 12:30:00-04:00,6.0,6.0,6.0,6.0,286,0.0,0.0
2024-07-19 12:45:00-04:00,5.985000133514404,6.0,5.985000133514404,6.0,1463,0.0,0.0
2024-07-19 12:50:00-04:00,5.985000133514404,6.005000114440918,5.985000133514404,6.005000114440918,942,0.0,0.0
2024-07-19 13:00:00-04:00,5.980000019073486,5.980100154876709,5.980000019073486,5.980100154876709,1701,0.0,0.0
2024-07-19 13:05:00-04:00,5.990699768066406,6.0,5.989999771118164,5.997000217437744,4093,0.0,0.0
2024-07-19 13:10:00-04:00,5.985000133514404,6.03000020980835,5.984399795532227,6.03000020980835,3018,0.0,0.0
2024-07-19 13:15:00-04:00,6.039999961853027,6.079999923706055,6.039999961853027,6.079999923706055,1350,0.0,0.0
2024-07-19 13:20:00-04:00,6.08519983291626,6.086999893188477,6.08519983291626,6.086999893188477,1203,0.0,0.0
2024-07-19 13:25:00-04:00,6.08519983291626,6.0879998207092285,6.059999942779541,6.059999942779541,620,0.0,0.0
2024-07-19 13:35:00-04:00,6.070000171661377,6.070000171661377,6.045499801635742,6.045499801635742,1310,0.0,0.0
2024-07-19 13:40:00-04:00,6.039999961853027,6.039999961853027,6.039999961853027,6.039999961853027,0,0.0,0.0
2024-07-19 13:50:00-04:00,6.039999961853027,6.039999961853027,6.039999961853027,6.039999961853027,588,0.0,0.0
2024-07-19 13:55:00-04:00,6.070000171661377,6.070000171661377,6.070000171661377,6.070000171661377,683,0.0,0.0
2024-07-19 14:00:00-04:00,6.090000152587891,6.090000152587891,6.059999942779541,6.059999942779541,2422,0.0,0.0
2024-07-19 14:25:00-04:00,6.03000020980835,6.050000190734863,5.994999885559082,5.994999885559082,1566,0.0,0.0
2024-07-19 14:45:00-04:00,5.989999771118164,5.989999771118164,5.96999979019165,5.9899001121521,3428,0.0,0.0
2024-07-19 14:50:00-04:00,5.989999771118164,5.989999771118164,5.960000038146973,5.989999771118164,1418,0.0,0.0
2024-07-19 14:55:00-04:00,5.96999979019165,5.96999979019165,5.96999979019165,5.96999979019165,510,0.0,0.0
2024-07-19 15:00:00-04:00,5.980000019073486,5.980000019073486,5.960000038146973,5.960100173950195,438,0.0,0.0
2024-07-19 15:05:00-04:00,5.960000038146973,5.960000038146973,5.929999828338623,5.929999828338623,1811,0.0,0.0
2024-07-19 15:10:00-04:00,5.929999828338623,5.949999809265137,5.929999828338623,5.949999809265137,1541,0.0,0.0
2024-07-19 15:20:00-04:00,5.949999809265137,5.949999809265137,5.929999828338623,5.929999828338623,1578,0.0,0.0
2024-07-19 15:25:00-04:00,5.949999809265137,5.96999979019165,5.949999809265137,5.96999979019165,984,0.0,0.0
2024-07-19 15:30:00-04:00,5.940000057220459,5.940000057220459,5.940000057220459,5.940000057220459,2317,0.0,0.0
2024-07-19 15:35:00-04:00,5.909999847412109,5.909999847412109,5.909999847412109,5.909999847412109,764,0.0,0.0
2024-07-19 15:40:00-04:00,5.90500020980835,5.90500020980835,5.900000095367432,5.90500020980835,796,0.0,0.0
2024-07-19 15:45:00-04:00,5.90880012512207,5.960000038146973,5.869999885559082,5.960000038146973,25823,0.0,0.0
2024-07-19 15:50:00-04:00,5.973199844360352,5.973199844360352,5.960000038146973,5.960000038146973,1719,0.0,0.0
2024-07-19 15:55:00-04:00,5.960000038146973,5.989999771118164,5.949999809265137,5.989999771118164,6091,0.0,0.0
2024-07-22 09:30:00-04:00,5.940000057220459,5.940000057220459,5.940000057220459,5.940000057220459,9572,0.0,0.0
2024-07-22 09:35:00-04:00,5.96999979019165,6.019999980926514,5.940000057220459,5.940000057220459,2656,0.0,0.0
2024-07-22 09:40:00-04:00,5.929999828338623,5.96999979019165,5.814899921417236,5.96999979019165,7185,0.0,0.0
2024-07-22 09:45:00-04:00,5.889999866485596,5.889999866485596,5.800099849700928,5.800099849700928,1179,0.0,0.0
2024-07-22 09:50:00-04:00,5.820000171661377,5.889999866485596,5.820000171661377,5.888800144195557,3477,0.0,0.0
2024-07-22 09:55:00-04:00,5.888500213623047,5.889999866485596,5.84499979019165,5.84499979019165,3952,0.0,0.0
2024-07-22 10:00:00-04:00,5.855000019073486,5.940000057220459,5.849299907684326,5.860000133514404,5407,0.0,0.0
2024-07-22 10:05:00-04:00,5.885000228881836,5.885000228881836,5.885000228881836,5.885000228881836,202,0.0,0.0
2024-07-22 10:10:00-04:00,5.900000095367432,5.940000057220459,5.880000114440918,5.889999866485596,4321,0.0,0.0
2024-07-22 10:15:00-04:00,5.869999885559082,5.869999885559082,5.829999923706055,5.829999923706055,1249,0.0,0.0
2024-07-22 10:20:00-04:00,5.809999942779541,5.820199966430664,5.809999942779541,5.820199966430664,500,0.0,0.0
2024-07-22 10:25:00-04:00,5.824999809265137,5.824999809265137,5.824999809265137,5.824999809265137,116,0.0,0.0
2024-07-22 10:30:00-04:00,5.800000190734863,5.800000190734863,5.800000190734863,5.800000190734863,1149,0.0,0.0
2024-07-22 10:35:00-04:00,5.820000171661377,5.860000133514404,5.820000171661377,5.860000133514404,1510,0.0,0.0
2024-07-22 10:45:00-04:00,5.869999885559082,5.889999866485596,5.869999885559082,5.889999866485596,895,0.0,0.0
2024-07-22 10:55:00-04:00,5.894999980926514,5.940000057220459,5.860000133514404,5.929999828338623,3612,0.0,0.0
2024-07-22 11:00:00-04:00,5.929999828338623,5.929999828338623,5.929999828338623,5.929999828338623,0,0.0,0.0
2024-07-22 11:15:00-04:00,5.920000076293945,5.947999954223633,5.920000076293945,5.947999954223633,47978,0.0,0.0
2024-07-22 11:20:00-04:00,5.940000057220459,5.96999979019165,5.940000057220459,5.96999979019165,1157,0.0,0.0
2024-07-22 11:25:00-04:00,5.902200222015381,5.960000038146973,5.902200222015381,5.960000038146973,1800,0.0,0.0
2024-07-22 11:30:00-04:00,5.900000095367432,5.900000095367432,5.900000095367432,5.900000095367432,201,0.0,0.0
2024-07-22 11:35:00-04:00,5.880000114440918,5.880000114440918,5.880000114440918,5.880000114440918,201,0.0,0.0
2024-07-22 11:45:00-04:00,5.910099983215332,5.910099983215332,5.910099983215332,5.910099983215332,479,0.0,0.0
2024-07-22 11:55:00-04:00,5.942699909210205,5.942699909210205,5.942699909210205,5.942699909210205,574,0.0,0.0
2024-07-22 12:00:00-04:00,5.934599876403809,5.940000057220459,5.934599876403809,5.940000057220459,632,0.0,0.0
2024-07-22 12:10:00-04:00,5.912600040435791,5.912600040435791,5.910099983215332,5.910099983215332,1297,0.0,0.0
2024-07-22 12:35:00-04:00,5.900000095367432,5.949999809265137,5.900000095367432,5.949999809265137,3816,0.0,0.0
2024-07-22 12:40:00-04:00,5.964600086212158,5.96999979019165,5.964600086212158,5.96999979019165,908,0.0,0.0
2024-07-22 12:45:00-04:00,5.940100193023682,5.940100193023682,5.940100193023682,5.940100193023682,355,0.0,0.0
2024-07-22 12:50:00-04:00,5.96999979019165,5.96999979019165,5.96999979019165,5.96999979019165,219,0.0,0.0
2024-07-22 12:55:00-04:00,5.960000038146973,5.960000038146973,5.929999828338623,5.929999828338623,557,0.0,0.0
2024-07-22 13:00:00-04:00,5.96999979019165,5.998000144958496,5.96999979019165,5.998000144958496,2956,0.0,0.0
2024-07-22 13:05:00-04:00,6.0,6.019899845123291,6.0,6.019899845123291,1234,0.0,0.0
2024-07-22 13:10:00-04:00,6.01800012588501,6.050000190734863,6.01800012588501,6.050000190734863,1596,0.0,0.0
2024-07-22 13:15:00-04:00,6.050000190734863,6.070000171661377,6.050000190734863,6.070000171661377,954,0.0,0.0
2024-07-22 13:20:00-04:00,6.079999923706055,6.090000152587891,6.074999809265137,6.074999809265137,974,0.0,0.0
2024-07-22 13:25:00-04:00,6.099999904632568,6.099999904632568,6.059999942779541,6.070000171661377,6281,0.0,0.0
2024-07-22 13:30:00-04:00,6.039999961853027,6.039999961853027,5.980000019073486,5.994999885559082,7067,0.0,0.0
2024-07-22 13:45:00-04:00,5.989999771118164,5.989999771118164,5.989999771118164,5.989999771118164,1424,0.0,0.0
2024-07-22 13:50:00-04:00,6.019999980926514,6.019999980926514,6.010000228881836,6.010000228881836,718,0.0,0.0
2024-07-22 14:00:00-04:00,6.010000228881836,6.010000228881836,5.989999771118164,5.989999771118164,1303,0.0,0.0
2024-07-22 14:05:00-04:00,5.960000038146973,5.960000038146973,5.960000038146973,5.960000038146973,157,0.0,0.0
2024-07-22 14:10:00-04:00,5.96999979019165,5.96999979019165,5.965000152587891,5.965000152587891,547,0.0,0.0
2024-07-22 14:15:00-04:00,5.965000152587891,5.965000152587891,5.965000152587891,5.965000152587891,1018,0.0,0.0
2024-07-22 14:20:00-04:00,5.980000019073486,5.980000019073486,5.929999828338623,5.929999828338623,390,0.0,0.0
2024-07-22 14:25:00-04:00,5.960000038146973,5.96999979019165,5.945000171661377,5.96999979019165,3266,0.0,0.0
2024-07-22 14:30:00-04:00,5.980000019073486,5.994999885559082,5.980000019073486,5.994999885559082,1368,0.0,0.0
2024-07-22 14:40:00-04:00,6.0,6.0,5.985000133514404,5.985000133514404,2254,0.0,0.0
2024-07-22 14:50:00-04:00,5.96999979019165,5.96999979019165,5.96999979019165,5.96999979019165,424,0.0,0.0
2024-07-22 14:55:00-04:00,5.989999771118164,5.989999771118164,5.989999771118164,5.989999771118164,381,0.0,0.0
2024-07-22 15:15:00-04:00,5.994200229644775,6.03000020980835,5.994200229644775,6.010000228881836,2781,0.0,0.0
2024-07-22 15:20:00-04:00,6.010000228881836,6.079999923706055,6.010000228881836,6.079999923706055,7071,0.0,0.0
2024-07-22 15:30:00-04:00,6.059999942779541,6.090000152587891,6.059999942779541,6.074999809265137,910,0.0,0.0
2024-07-22 15:35:00-04:00,6.059999942779541,6.065000057220459,6.059999942779541,6.065000057220459,500,0.0,0.0
2024-07-22 15:40:00-04:00,6.050000190734863,6.050000190734863,6.0,6.050000190734863,3624,0.0,0.0
2024-07-22 15:45:00-04:00,6.045000076293945,6.045000076293945,6.039999961853027,6.039999961853027,536,0.0,0.0
2024-07-22 15:50:00-04:00,6.03000020980835,6.050000190734863,6.03000020980835,6.039999961853027,2339,0.0,0.0
2024-07-22 15:55:00-04:00,6.050000190734863,6.059999942779541,6.03000020980835,6.050000190734863,7907,0.0,0.0
2024-07-23 09:30:00-04:00,5.800000190734863,5.920000076293945,5.800000190734863,5.920000076293945,16810,0.0,0.0
2024-07-23 09:35:00-04:00,5.860000133514404,5.920000076293945,5.860000133514404,5.909999847412109,2801,0.0,0.0
2024-07-23 09:40:00-04:00,5.960000038146973,5.980000019073486,5.954999923706055,5.954999923706055,1388,0.0,0.0
2024-07-23 09:50:00-04:00,5.975100040435791,5.980000019073486,5.975100040435791,5.980000019073486,555,0.0,0.0
2024-07-23 10:15:00-04:00,5.989999771118164,5.989999771118164,5.989999771118164,5.989999771118164,1726,0.0,0.0
2024-07-23 10:20:00-04:00,5.977499961853027,5.977499961853027,5.977499961853027,5.977499961853027,0,0.0,0.0
2024-07-23 10:30:00-04:00,5.986999988555908,6.070000171661377,5.986999988555908,6.070000171661377,2307,0.0,0.0
2024-07-23 10:35:00-04:00,6.0644001960754395,6.0644001960754395,6.050000190734863,6.050000190734863,840,0.0,0.0
2024-07-23 10:40:00-04:00,6.025000095367432,6.025000095367432,6.025000095367432,6.025000095367432,200,0.0,0.0
2024-07-23 10:50:00-04:00,6.010000228881836,6.010000228881836,6.010000228881836,6.010000228881836,941,0.0,0.0
2024-07-23 11:00:00-04:00,5.96999979019165,5.96999979019165,5.96999979019165,5.96999979019165,155,0.0,0.0
2024-07-23 11:20:00-04:00,5.96999979019165,5.96999979019165,5.96999979019165,5.96999979019165,964,0.0,0.0
2024-07-23 11:25:00-04:00,5.945000171661377,5.945000171661377,5.945000171661377,5.945000171661377,402,0.0,0.0
2024-07-23 11:30:00-04:00,5.9899001121521,5.989999771118164,5.96999979019165,5.985000133514404,2019,0.0,0.0
2024-07-23 12:30:00-04:00,5.960000038146973,5.960000038146973,5.960000038146973,5.960000038146973,190,0.0,0.0
2024-07-23 12:35:00-04:00,5.965000152587891,5.986499786376953,5.965000152587891,5.980000019073486,527,0.0,0.0
2024-07-23 12:40:00-04:00,5.989999771118164,6.010000228881836,5.989999771118164,6.0,2565,0.0,0.0
2024-07-23 12:50:00-04:00,6.015999794006348,6.059999942779541,6.0065999031066895,6.010000228881836,1654,0.0,0.0
2024-07-23 12:55:00-04:00,6.070000171661377,6.070000171661377,6.070000171661377,6.070000171661377,524,0.0,0.0
2024-07-23 13:00:00-04:00,6.039999961853027,6.099999904632568,6.039999961853027,6.099999904632568,879,0.0,0.0
2024-07-23 13:05:00-04:00,6.110000133514404,6.125,6.110000133514404,6.125,2628,0.0,0.0
2024-07-23 13:25:00-04:00,6.150000095367432,6.15500020980835,6.150000095367432,6.15500020980835,1764,0.0,0.0
2024-07-23 13:35:00-04:00,6.230000019073486,6.230000019073486,6.230000019073486,6.230000019073486,611,0.0,0.0
2024-07-23 14:05:00-04:00,6.230000019073486,6.230000019073486,6.230000019073486,6.230000019073486,855,0.0,0.0
2024-07-23 14:15:00-04:00,6.25,6.260000228881836,6.25,6.260000228881836,687,0.0,0.0
2024-07-23 14:30:00-04:00,6.269999980926514,6.269999980926514,6.269999980926514,6.269999980926514,613,0.0,0.0
2024-07-23 14:40:00-04:00,6.269999980926514,6.269999980926514,6.230000019073486,6.25,4352,0.0,0.0
2024-07-23 14:55:00-04:00,6.269999980926514,6.28000020980835,6.269999980926514,6.28000020980835,1266,0.0,0.0
2024-07-23 15:00:00-04:00,6.289999961853027,6.289999961853027,6.25,6.260000228881836,4904,0.0,0.0
2024-07-23 15:10:00-04:00,6.264999866485596,6.264999866485596,6.264999866485596,6.264999866485596,250,0.0,0.0
2024-07-23 15:20:00-04:00,6.269999980926514,6.304999828338623,6.269999980926514,6.304999828338623,1252,0.0,0.0
2024-07-23 15:25:00-04:00,6.320000171661377,6.329999923706055,6.320000171661377,6.329999923706055,527,0.0,0.0
2024-07-23 15:30:00-04:00,6.320000171661377,6.320000171661377,6.320000171661377,6.320000171661377,815,0.0,0.0
2024-07-23 15:35:00-04:00,6.343599796295166,6.349999904632568,6.340000152587891,6.349999904632568,3339,0.0,0.0
2024-07-23 15:40:00-04:00,6.340000152587891,6.369999885559082,6.340000152587891,6.364999771118164,1093,0.0,0.0
2024-07-23 15:45:00-04:00,6.369999885559082,6.369999885559082,6.369999885559082,6.369999885559082,1473,0.0,0.0
2024-07-23 15:50:00-04:00,6.369999885559082,6.409999847412109,6.369999885559082,6.400000095367432,3980,0.0,0.0
2024-07-23 15:55:00-04:00,6.389999866485596,6.409999847412109,6.320000171661377,6.340000152587891,18003,0.0,0.0
2024-07-24 09:30:00-04:00,6.099999904632568,6.260000228881836,6.099999904632568,6.25,5560,0.0,0.0
2024-07-24 09:35:00-04:00,6.380000114440918,6.380000114440918,6.380000114440918,6.380000114440918,883,0.0,0.0
2024-07-24 09:40:00-04:00,6.400000095367432,6.400000095367432,6.380000114440918,6.380000114440918,1783,0.0,0.0
2024-07-24 09:55:00-04:00,6.300000190734863,6.329999923706055,6.300000190734863,6.329999923706055,1661,0.0,0.0
2024-07-24 10:00:00-04:00,6.320000171661377,6.320000171661377,6.320000171661377,6.320000171661377,462,0.0,0.0
2024-07-24 10:05:00-04:00,6.364999771118164,6.429999828338623,6.364999771118164,6.369999885559082,1237,0.0,0.0
2024-07-24 10:10:00-04:00,6.400000095367432,6.400000095367432,6.380000114440918,6.389999866485596,447,0.0,0.0
2024-07-24 10:15:00-04:00,6.380000114440918,6.380000114440918,6.380000114440918,6.380000114440918,200,0.0,0.0
2024-07-24 10:20:00-04:00,6.389900207519531,6.400000095367432,6.380000114440918,6.400000095367432,1081,0.0,0.0
2024-07-24 10:25:00-04:00,6.440000057220459,6.5,6.440000057220459,6.5,1040,0.0,0.0
2024-07-24 10:30:00-04:00,6.519999980926514,6.519999980926514,6.519999980926514,6.519999980926514,200,0.0,0.0
2024-07-24 10:35:00-04:00,6.480000019073486,6.53000020980835,6.480000019073486,6.53000020980835,1504,0.0,0.0
2024-07-24 10:45:00-04:00,6.473999977111816,6.473999977111816,6.473999977111816,6.473999977111816,1403,0.0,0.0
2024-07-24 10:50:00-04:00,6.454999923706055,6.46999979019165,6.380000114440918,6.380000114440918,1953,0.0,0.0
2024-07-24 10:55:00-04:00,6.335000038146973,6.335000038146973,6.335000038146973,6.335000038146973,316,0.0,0.0
2024-07-24 11:00:00-04:00,6.300000190734863,6.300000190734863,6.300000190734863,6.300000190734863,406,0.0,0.0
2024-07-24 11:05:00-04:00,6.309999942779541,6.329999923706055,6.309999942779541,6.329999923706055,1335,0.0,0.0
2024-07-24 11:10:00-04:00,6.321199893951416,6.349999904632568,6.321199893951416,6.349999904632568,1271,0.0,0.0
2024-07-24 11:15:00-04:00,6.340000152587891,6.340000152587891,6.269999980926514,6.269999980926514,1951,0.0,0.0
2024-07-24 11:20:00-04:00,6.319900035858154,6.319900035858154,6.319900035858154,6.319900035858154,600,0.0,0.0
2024-07-24 11:30:00-04:00,6.269999980926514,6.269999980926514,6.269999980926514,6.269999980926514,0,0.0,0.0
2024-07-24 11:45:00-04:00,6.284999847412109,6.284999847412109,6.284999847412109,6.284999847412109,200,0.0,0.0
2024-07-24 11:50:00-04:00,6.309999942779541,6.309999942779541,6.309999942779541,6.309999942779541,266,0.0,0.0
2024-07-24 11:55:00-04:00,6.289999961853027,6.289999961853027,6.289999961853027,6.289999961853027,165,0.0,0.0
2024-07-24 12:00:00-04:00,6.267499923706055,6.302000045776367,6.267499923706055,6.302000045776367,1379,0.0,0.0
2024-07-24 12:05:00-04:00,6.295000076293945,6.320000171661377,6.295000076293945,6.295000076293945,1328,0.0,0.0
2024-07-24 12:10:00-04:00,6.295000076293945,6.349999904632568,6.295000076293945,6.335000038146973,1848,0.0,0.0
2024-07-24 12:15:00-04:00,6.340000152587891,6.340000152587891,6.339000225067139,6.339000225067139,2117,0.0,0.0
2024-07-24 12:20:00-04:00,6.329999923706055,6.329999923706055,6.329999923706055,6.329999923706055,0,0.0,0.0
2024-07-24 12:30:00-04:00,6.319300174713135,6.324999809265137,6.319300174713135,6.324999809265137,713,0.0,0.0
2024-07-24 12:35:00-04:00,6.300000190734863,6.300000190734863,6.300000190734863,6.300000190734863,143,0.0,0.0
2024-07-24 12:45:00-04:00,6.289899826049805,6.289899826049805,6.289899826049805,6.289899826049805,1000,0.0,0.0
2024-07-24 12:50:00-04:00,6.289899826049805,6.289899826049805,6.289899826049805,6.289899826049805,126,0.0,0.0
2024-07-24 12:55:00-04:00,6.235000133514404,6.235000133514404,6.204100131988525,6.204100131988525,1123,0.0,0.0
2024-07-24 13:00:00-04:00,6.235000133514404,6.235000133514404,6.235000133514404,6.235000133514404,0,0.0,0.0
2024-07-24 13:05:00-04:00,6.259900093078613,6.300000190734863,6.259900093078613,6.300000190734863,1864,0.0,0.0
2024-07-24 13:15:00-04:00,6.310100078582764,6.310100078582764,6.300000190734863,6.300000190734863,827,0.0,0.0
2024-07-24 13:25:00-04:00,6.269999980926514,6.269999980926514,6.269999980926514,6.269999980926514,745,0.0,0.0
2024-07-24 13:40:00-04:00,6.250100135803223,6.250100135803223,6.250100135803223,6.250100135803223,100,0.0,0.0
2024-07-24 13:45:00-04:00,6.269999980926514,6.289999961853027,6.269999980926514,6.2895002365112305,1413,0.0,0.0
2024-07-24 13:50:00-04:00,6.300000190734863,6.300000190734863,6.300000190734863,6.300000190734863,594,0.0,0.0
2024-07-24 14:00:00-04:00,6.295000076293945,6.295000076293945,6.295000076293945,6.295000076293945,299,0.0,0.0
2024-07-24 14:10:00-04:00,6.289999961853027,6.289999961853027,6.289999961853027,6.289999961853027,357,0.0,0.0
2024-07-24 14:15:00-04:00,6.289999961853027,6.295000076293945,6.289999961853027,6.295000076293945,700,0.0,0.0
2024-07-24 14:20:00-04:00,6.295000076293945,6.323999881744385,6.28000020980835,6.323999881744385,1829,0.0,0.0
2024-07-24 14:25:00-04:00,6.325200080871582,6.349999904632568,6.270999908447266,6.289999961853027,14008,0.0,0.0
2024-07-24 14:30:00-04:00,6.289999961853027,6.289999961853027,6.215000152587891,6.28000020980835,8160,0.0,0.0
2024-07-24 14:35:00-04:00,6.289999961853027,6.309999942779541,6.230000019073486,6.239999771118164,17332,0.0,0.0
2024-07-24 14:40:00-04:00,6.190000057220459,6.190299987792969,6.150000095367432,6.150000095367432,7675,0.0,0.0
2024-07-24 14:45:00-04:00,6.135000228881836,6.139999866485596,6.135000228881836,6.139999866485596,10306,0.0,0.0
2024-07-24 14:50:00-04:00,6.159999847412109,6.199999809265137,6.130000114440918,6.130000114440918,2937,0.0,0.0
2024-07-24 14:55:00-04:00,6.130000114440918,6.139999866485596,6.119999885559082,6.125,2012,0.0,0.0
2024-07-24 15:00:00-04:00,6.110000133514404,6.110000133514404,6.110000133514404,6.110000133514404,250,0.0,0.0
2024-07-24 15:05:00-04:00,6.137899875640869,6.199999809265137,6.137899875640869,6.199999809265137,3251,0.0,0.0
2024-07-24 15:10:00-04:00,6.190100193023682,6.210000038146973,6.159999847412109,6.179999828338623,5377,0.0,0.0
2024-07-24 15:25:00-04:00,6.195000171661377,6.204999923706055,6.184999942779541,6.204999923706055,4729,0.0,0.0
2024-07-24 15:30:00-04:00,6.210000038146973,6.230000019073486,6.210000038146973,6.230000019073486,1096,0.0,0.0
2024-07-24 15:35:00-04:00,6.239999771118164,6.239999771118164,6.210000038146973,6.210000038146973,504,0.0,0.0
2024-07-24 15:40:00-04:00,6.21999979019165,6.21999979019165,6.210000038146973,6.210000038146973,3401,0.0,0.0
2024-07-24 15:45:00-04:00,6.199999809265137,6.210000038146973,6.195000171661377,6.210000038146973,1851,0.0,0.0
2024-07-24 15:50:00-04:00,6.210000038146973,6.21999979019165,6.199999809265137,6.199999809265137,4349,0.0,0.0
2024-07-24 15:55:00-04:00,6.199999809265137,6.269999980926514,6.199999809265137,6.269999980926514,8639,0.0,0.0
2024-07-25 09:30:00-04:00,6.300000190734863,6.360000133514404,6.300000190734863,6.309999942779541,2005,0.0,0.0
2024-07-25 09:35:00-04:00,6.400000095367432,6.400000095367432,6.385300159454346,6.385300159454346,267,0.0,0.0
2024-07-25 09:40:00-04:00,6.275199890136719,6.349999904632568,6.275199890136719,6.349999904632568,802,0.0,0.0
2024-07-25 09:50:00-04:00,6.340000152587891,6.340000152587891,6.340000152587891,6.340000152587891,201,0.0,0.0
2024-07-25 09:55:00-04:00,6.340000152587891,6.340000152587891,6.340000152587891,6.340000152587891,293,0.0,0.0
2024-07-25 10:05:00-04:00,6.320000171661377,6.320000171661377,6.320000171661377,6.320000171661377,299,0.0,0.0
2024-07-25 10:10:00-04:00,6.349999904632568,6.5,6.349999904632568,6.5,2491,0.0,0.0
2024-07-25 10:15:00-04:00,6.5,6.590000152587891,6.5,6.590000152587891,3768,0.0,0.0
2024-07-25 10:25:00-04:00,6.570000171661377,6.659999847412109,6.549200057983398,6.635000228881836,19973,0.0,0.0
2024-07-25 10:30:00-04:00,6.635000228881836,6.659999847412109,6.599999904632568,6.605000019073486,13580,0.0,0.0
2024-07-25 10:35:00-04:00,6.610000133514404,6.610000133514404,6.590000152587891,6.610000133514404,3538,0.0,0.0
2024-07-25 10:40:00-04:00,6.630000114440918,6.679999828338623,6.605000019073486,6.62060022354126,12750,0.0,0.0
2024-07-25 10:45:00-04:00,6.60860013961792,6.650000095367432,6.599999904632568,6.605000019073486,8582,0.0,0.0
2024-07-25 10:50:00-04:00,6.605000019073486,6.605000019073486,6.519999980926514,6.519999980926514,9366,0.0,0.0
2024-07-25 10:55:00-04:00,6.5269999504089355,6.550000190734863,6.480000019073486,6.550000190734863,12106,0.0,0.0
2024-07-25 11:00:00-04:00,6.506700038909912,6.559999942779541,6.400000095367432,6.418700218200684,14810,0.0,0.0
2024-07-25 11:05:00-04:00,6.46999979019165,6.46999979019165,6.414999961853027,6.414999961853027,438,0.0,0.0
2024-07-25 11:10:00-04:00,6.409999847412109,6.409999847412109,6.409999847412109,6.409999847412109,3515,0.0,0.0
2024-07-25 11:30:00-04:00,6.480000019073486,6.509900093078613,6.480000019073486,6.509900093078613,1654,0.0,0.0
2024-07-25 11:35:00-04:00,6.5,6.5,6.5,6.5,1205,0.0,0.0
2024-07-25 11:40:00-04:00,6.510000228881836,6.570000171661377,6.480000019073486,6.500400066375732,6683,0.0,0.0
2024-07-25 11:50:00-04:00,6.410099983215332,6.454999923706055,6.389999866485596,6.454999923706055,2713,0.0,0.0
2024-07-25 11:55:00-04:00,6.429999828338623,6.429999828338623,6.429999828338623,6.429999828338623,1478,0.0,0.0
2024-07-25 12:00:00-04:00,6.434999942779541,6.46999979019165,6.390100002288818,6.46999979019165,2259,0.0,0.0
2024-07-25 12:10:00-04:00,6.420000076293945,6.420000076293945,6.420000076293945,6.420000076293945,4,0.0,0.0
2024-07-25 12:15:00-04:00,6.420199871063232,6.450799942016602,6.420000076293945,6.450799942016602,1841,0.0,0.0
2024-07-25 12:20:00-04:00,6.460000038146973,6.46999979019165,6.460000038146973,6.46999979019165,1278,0.0,0.0
2024-07-25 12:25:00-04:00,6.5,6.514999866485596,6.5,6.510000228881836,444,0.0,0.0
2024-07-25 12:30:00-04:00,6.519999980926514,6.519999980926514,6.5,6.5,330,0.0,0.0
2024-07-25 12:35:00-04:00,6.511199951171875,6.570000171661377,6.511199951171875,6.545000076293945,2163,0.0,0.0
2024-07-25 12:40:00-04:00,6.559999942779541,6.559999942779541,6.440000057220459,6.46999979019165,7506,0.0,0.0
2024-07-25 12:45:00-04:00,6.460000038146973,6.460000038146973,6.440000057220459,6.460000038146973,253,0.0,0.0
2024-07-25 12:50:00-04:00,6.489999771118164,6.489999771118164,6.474999904632568,6.474999904632568,1711,0.0,0.0
2024-07-25 13:00:00-04:00,6.53000020980835,6.570000171661377,6.53000020980835,6.53000020980835,1427,0.0,0.0
2024-07-25 13:15:00-04:00,6.510000228881836,6.510000228881836,6.5,6.5,310,0.0,0.0
2024-07-25 13:20:00-04:00,6.46999979019165,6.46999979019165,6.46999979019165,6.46999979019165,9,0.0,0.0
2024-07-25 13:35:00-04:00,6.489999771118164,6.510000228881836,6.489999771118164,6.494999885559082,918,0.0,0.0
2024-07-25 13:45:00-04:00,6.46999979019165,6.485799789428711,6.460000038146973,6.485799789428711,4631,0.0,0.0
2024-07-25 13:50:00-04:00,6.480000019073486,6.480000019073486,6.449999809265137,6.4766998291015625,3131,0.0,0.0
2024-07-25 13:55:00-04:00,6.449999809265137,6.449999809265137,6.394999980926514,6.394999980926514,5200,0.0,0.0
2024-07-25 14:00:00-04:00,6.409999847412109,6.409999847412109,6.409999847412109,6.409999847412109,204,0.0,0.0
2024-07-25 14:05:00-04:00,6.429999828338623,6.460000038146973,6.425000190734863,6.445000171661377,950,0.0,0.0
2024-07-25 14:10:00-04:00,6.460000038146973,6.460000038146973,6.460000038146973,6.460000038146973,466,0.0,0.0
2024-07-25 14:15:00-04:00,6.460000038146973,6.460000038146973,6.460000038146973,6.460000038146973,58,0.0,0.0
2024-07-25 14:20:00-04:00,6.46999979019165,6.489999771118164,6.46999979019165,6.489999771118164,605,0.0,0.0
2024-07-25 14:25:00-04:00,6.465000152587891,6.465000152587891,6.465000152587891,6.465000152587891,136,0.0,0.0
2024-07-25 14:30:00-04:00,6.480999946594238,6.480999946594238,6.480999946594238,6.480999946594238,1002,0.0,0.0
2024-07-25 14:35:00-04:00,6.474999904632568,6.489999771118164,6.46999979019165,6.489999771118164,811,0.0,0.0
2024-07-25 14:40:00-04:00,6.489999771118164,6.514999866485596,6.420000076293945,6.429999828338623,28980,0.0,0.0
2024-07-25 14:45:00-04:00,6.445000171661377,6.474999904632568,6.445000171661377,6.474999904632568,1435,0.0,0.0
2024-07-25 14:50:00-04:00,6.489999771118164,6.5,6.489999771118164,6.5,844,0.0,0.0
2024-07-25 14:55:00-04:00,6.529699802398682,6.529699802398682,6.44379997253418,6.449999809265137,9438,0.0,0.0
2024-07-25 15:00:00-04:00,6.449999809265137,6.480000019073486,6.449999809265137,6.480000019073486,766,0.0,0.0
2024-07-25 15:05:00-04:00,6.489999771118164,6.489999771118164,6.489999771118164,6.489999771118164,1197,0.0,0.0
2024-07-25 15:10:00-04:00,6.5,6.5,6.5,6.5,202,0.0,0.0
2024-07-25 15:15:00-04:00,6.510000228881836,6.519999980926514,6.5,6.519999980926514,2946,0.0,0.0
2024-07-25 15:20:00-04:00,6.501500129699707,6.501500129699707,6.501500129699707,6.501500129699707,5338,0.0,0.0
2024-07-25 15:25:00-04:00,6.519999980926514,6.53000020980835,6.5,6.53000020980835,2556,0.0,0.0
2024-07-25 15:30:00-04:00,6.514999866485596,6.539999961853027,6.514999866485596,6.539999961853027,2493,0.0,0.0
2024-07-25 15:35:00-04:00,6.550000190734863,6.550000190734863,6.525000095367432,6.525000095367432,1166,0.0,0.0
2024-07-25 15:40:00-04:00,6.539999961853027,6.539999961853027,6.519999980926514,6.519999980926514,5983,0.0,0.0
2024-07-25 15:45:00-04:00,6.51669979095459,6.534999847412109,6.51669979095459,6.534999847412109,2461,0.0,0.0
2024-07-25 15:50:00-04:00,6.53000020980835,6.579999923706055,6.53000020980835,6.539999961853027,22678,0.0,0.0
2024-07-25 15:55:00-04:00,6.550000190734863,6.619999885559082,6.53000020980835,6.550000190734863,30457,0.0,0.0
2024-07-26 09:30:00-04:00,6.670000076293945,6.670000076293945,6.510000228881836,6.579999923706055,3968,0.0,0.0
2024-07-26 09:45:00-04:00,6.545000076293945,6.545000076293945,6.545000076293945,6.545000076293945,935,0.0,0.0
2024-07-26 09:50:00-04:00,6.610000133514404,6.639999866485596,6.610000133514404,6.639999866485596,1042,0.0,0.0
2024-07-26 10:00:00-04:00,6.611999988555908,6.619999885559082,6.59499979019165,6.599999904632568,3020,0.0,0.0
2024-07-26 10:05:00-04:00,6.599999904632568,6.599999904632568,6.550600051879883,6.550600051879883,2479,0.0,0.0
2024-07-26 10:20:00-04:00,6.579999923706055,6.579999923706055,6.554999828338623,6.579999923706055,1877,0.0,0.0
2024-07-26 10:25:00-04:00,6.559999942779541,6.559999942779541,6.539999961853027,6.559999942779541,2080,0.0,0.0
2024-07-26 10:35:00-04:00,6.534999847412109,6.559999942779541,6.430500030517578,6.430500030517578,1058,0.0,0.0
2024-07-26 10:40:00-04:00,6.454999923706055,6.454999923706055,6.454999923706055,6.454999923706055,291,0.0,0.0
2024-07-26 10:45:00-04:00,6.445000171661377,6.480000019073486,6.445000171661377,6.480000019073486,568,0.0,0.0
2024-07-26 11:00:00-04:00,6.469900131225586,6.469900131225586,6.469900131225586,6.469900131225586,566,0.0,0.0
2024-07-26 11:05:00-04:00,6.434999942779541,6.434999942779541,6.434999942779541,6.434999942779541,1200,0.0,0.0
2024-07-26 11:10:00-04:00,6.429999828338623,6.449999809265137,6.429999828338623,6.449999809265137,273,0.0,0.0
2024-07-26 11:15:00-04:00,6.420000076293945,6.480000019073486,6.420000076293945,6.454899787902832,4098,0.0,0.0
2024-07-26 11:25:00-04:00,6.449999809265137,6.449999809265137,6.449999809265137,6.449999809265137,518,0.0,0.0
2024-07-26 11:35:00-04:00,6.409999847412109,6.489999771118164,6.409999847412109,6.489999771118164,1551,0.0,0.0
2024-07-26 11:40:00-04:00,6.494999885559082,6.494999885559082,6.494999885559082,6.494999885559082,731,0.0,0.0
2024-07-26 11:45:00-04:00,6.47160005569458,6.484600067138672,6.440000057220459,6.462100028991699,1822,0.0,0.0
2024-07-26 11:55:00-04:00,6.46999979019165,6.5,6.460000038146973,6.5,0,0.0,0.0
2024-07-26 12:15:00-04:00,6.519999980926514,6.519999980926514,6.5,6.510000228881836,35286,0.0,0.0
2024-07-26 12:25:00-04:00,6.53000020980835,6.53000020980835,6.53000020980835,6.53000020980835,745,0.0,0.0
2024-07-26 12:35:00-04:00,6.545000076293945,6.545000076293945,6.545000076293945,6.545000076293945,205,0.0,0.0
2024-07-26 12:40:00-04:00,6.559999942779541,6.559999942779541,6.545000076293945,6.545000076293945,1129,0.0,0.0
2024-07-26 12:45:00-04:00,6.545000076293945,6.545000076293945,6.535999774932861,6.539999961853027,1419,0.0,0.0
2024-07-26 13:05:00-04:00,6.567999839782715,6.56879997253418,6.567999839782715,6.56879997253418,624,0.0,0.0
2024-07-26 13:15:00-04:00,6.574999809265137,6.574999809265137,6.574999809265137,6.574999809265137,494,0.0,0.0
2024-07-26 13:25:00-04:00,6.565000057220459,6.565000057220459,6.559999942779541,6.559999942779541,5928,0.0,0.0
2024-07-26 13:35:00-04:00,6.510000228881836,6.510000228881836,6.5,6.5,660,0.0,0.0
2024-07-26 13:40:00-04:00,6.489999771118164,6.489999771118164,6.489999771118164,6.489999771118164,349,0.0,0.0
2024-07-26 13:45:00-04:00,6.480000019073486,6.480000019073486,6.46999979019165,6.46999979019165,1754,0.0,0.0
2024-07-26 14:10:00-04:00,6.489999771118164,6.489999771118164,6.489999771118164,6.489999771118164,876,0.0,0.0
2024-07-26 14:15:00-04:00,6.480000019073486,6.480000019073486,6.480000019073486,6.480000019073486,218,0.0,0.0
2024-07-26 14:20:00-04:00,6.489999771118164,6.53000020980835,6.489999771118164,6.53000020980835,11785,0.0,0.0
2024-07-26 14:25:00-04:00,6.539999961853027,6.539999961853027,6.539999961853027,6.539999961853027,500,0.0,0.0
2024-07-26 14:30:00-04:00,6.53000020980835,6.53000020980835,6.53000020980835,6.53000020980835,414,0.0,0.0
2024-07-26 14:40:00-04:00,6.5279998779296875,6.530399799346924,6.510000228881836,6.510000228881836,825,0.0,0.0
2024-07-26 14:50:00-04:00,6.539999961853027,6.539999961853027,6.539999961853027,6.539999961853027,1528,0.0,0.0
2024-07-26 14:55:00-04:00,6.559999942779541,6.610000133514404,6.550000190734863,6.579999923706055,12148,0.0,0.0
2024-07-26 15:05:00-04:00,6.570000171661377,6.590000152587891,6.570000171661377,6.590000152587891,1176,0.0,0.0
2024-07-26 15:10:00-04:00,6.590000152587891,6.610000133514404,6.590000152587891,6.610000133514404,1629,0.0,0.0
2024-07-26 15:15:00-04:00,6.619999885559082,6.630000114440918,6.610000133514404,6.610000133514404,848,0.0,0.0
2024-07-26 15:20:00-04:00,6.599999904632568,6.610000133514404,6.559999942779541,6.579999923706055,5711,0.0,0.0
2024-07-26 15:25:00-04:00,6.579999923706055,6.579999923706055,6.579999923706055,6.579999923706055,431,0.0,0.0
2024-07-26 15:30:00-04:00,6.590000152587891,6.590000152587891,6.550000190734863,6.550000190734863,2872,0.0,0.0
2024-07-26 15:40:00-04:00,6.578999996185303,6.578999996185303,6.577000141143799,6.577000141143799,949,0.0,0.0
2024-07-26 15:45:00-04:00,6.579999923706055,6.579999923706055,6.559999942779541,6.559999942779541,798,0.0,0.0
2024-07-26 15:50:00-04:00,6.550000190734863,6.559999942779541,6.539999961853027,6.550000190734863,1724,0.0,0.0
2024-07-26 15:55:00-04:00,6.559999942779541,6.559999942779541,6.53000020980835,6.53000020980835,3998,0.0,0.0
2024-07-29 09:30:00-04:00,6.489999771118164,6.489999771118164,6.489999771118164,6.489999771118164,4306,0.0,0.0
2024-07-29 09:40:00-04:00,6.449999809265137,6.449999809265137,6.449999809265137,6.449999809265137,1140,0.0,0.0
2024-07-29 09:45:00-04:00,6.579999923706055,6.579999923706055,6.579999923706055,6.579999923706055,3932,0.0,0.0
2024-07-29 09:55:00-04:00,6.559999942779541,6.559999942779541,6.559999942779541,6.559999942779541,0,0.0,0.0
2024-07-29 10:00:00-04:00,6.539700031280518,6.539700031280518,6.539700031280518,6.539700031280518,191,0.0,0.0
2024-07-29 10:15:00-04:00,6.510000228881836,6.510000228881836,6.510000228881836,6.510000228881836,335,0.0,0.0
2024-07-29 10:20:00-04:00,6.489999771118164,6.489999771118164,6.489999771118164,6.489999771118164,500,0.0,0.0
2024-07-29 10:30:00-04:00,6.420000076293945,6.420000076293945,6.420000076293945,6.420000076293945,4477,0.0,0.0
2024-07-29 10:35:00-04:00,6.420000076293945,6.420000076293945,6.420000076293945,6.420000076293945,762,0.0,0.0
2024-07-29 10:45:00-04:00,6.389999866485596,6.389999866485596,6.389999866485596,6.389999866485596,1050,0.0,0.0
2024-07-29 10:50:00-04:00,6.414999961853027,6.414999961853027,6.369999885559082,6.369999885559082,0,0.0,0.0
2024-07-29 11:00:00-04:00,6.389999866485596,6.440000057220459,6.389999866485596,6.440000057220459,26160,0.0,0.0
2024-07-29 11:25:00-04:00,6.449999809265137,6.510000228881836,6.449999809265137,6.510000228881836,7839,0.0,0.0
2024-07-29 11:35:00-04:00,6.450799942016602,6.485000133514404,6.440000057220459,6.440000057220459,806,0.0,0.0
2024-07-29 11:45:00-04:00,6.449999809265137,6.514900207519531,6.449999809265137,6.514900207519531,423,0.0,0.0
2024-07-29 11:50:00-04:00,6.489999771118164,6.53000020980835,6.489999771118164,6.53000020980835,1722,0.0,0.0
2024-07-29 11:55:00-04:00,6.449999809265137,6.449999809265137,6.449999809265137,6.449999809265137,121,0.0,0.0
2024-07-29 12:20:00-04:00,6.539999961853027,6.539999961853027,6.539999961853027,6.539999961853027,668,0.0,0.0
2024-07-29 12:30:00-04:00,6.5,6.5,6.489999771118164,6.489999771118164,1100,0.0,0.0
2024-07-29 12:35:00-04:00,6.454999923706055,6.454999923706055,6.454999923706055,6.454999923706055,202,0.0,0.0
2024-07-29 12:40:00-04:00,6.460000038146973,6.460000038146973,6.460000038146973,6.460000038146973,137,0.0,0.0
2024-07-29 12:50:00-04:00,6.449999809265137,6.449999809265137,6.425000190734863,6.425000190734863,3798,0.0,0.0
2024-07-29 12:55:00-04:00,6.449999809265137,6.449999809265137,6.400000095367432,6.409999847412109,2435,0.0,0.0
2024-07-29 13:05:00-04:00,6.400000095367432,6.440000057220459,6.400000095367432,6.414999961853027,4175,0.0,0.0
2024-07-29 13:20:00-04:00,6.425000190734863,6.425000190734863,6.425000190734863,6.425000190734863,299,0.0,0.0
2024-07-29 13:25:00-04:00,6.400000095367432,6.400000095367432,6.400000095367432,6.400000095367432,200,0.0,0.0
2024-07-29 13:30:00-04:00,6.400000095367432,6.400000095367432,6.400000095367432,6.400000095367432,1,0.0,0.0
2024-07-29 13:35:00-04:00,6.425000190734863,6.425000190734863,6.425000190734863,6.425000190734863,200,0.0,0.0
2024-07-29 13:40:00-04:00,6.400000095367432,6.400000095367432,6.400000095367432,6.400000095367432,107,0.0,0.0
2024-07-29 13:50:00-04:00,6.429999828338623,6.440000057220459,6.429999828338623,6.440000057220459,853,0.0,0.0
2024-07-29 14:00:00-04:00,6.429999828338623,6.429999828338623,6.429999828338623,6.429999828338623,105,0.0,0.0
2024-07-29 14:15:00-04:00,6.460000038146973,6.460000038146973,6.460000038146973,6.460000038146973,312,0.0,0.0
2024-07-29 14:25:00-04:00,6.429999828338623,6.440000057220459,6.429999828338623,6.440000057220459,1460,0.0,0.0
2024-07-29 14:35:00-04:00,6.440000057220459,6.440000057220459,6.440000057220459,6.440000057220459,1488,0.0,0.0
2024-07-29 15:00:00-04:00,6.429999828338623,6.429999828338623,6.429999828338623,6.429999828338623,439,0.0,0.0
2024-07-29 15:05:00-04:00,6.429999828338623,6.429999828338623,6.429999828338623,6.429999828338623,422,0.0,0.0
2024-07-29 15:10:00-04:00,6.420100212097168,6.420100212097168,6.420100212097168,6.420100212097168,205,0.0,0.0
2024-07-29 15:15:00-04:00,6.449999809265137,6.460000038146973,6.448999881744385,6.449999809265137,5566,0.0,0.0
2024-07-29 15:20:00-04:00,6.449999809265137,6.46999979019165,6.449999809265137,6.46999979019165,760,0.0,0.0
2024-07-29 15:25:00-04:00,6.480000019073486,6.480000019073486,6.480000019073486,6.480000019073486,1235,0.0,0.0
2024-07-29 15:30:00-04:00,6.5,6.5,6.5,6.5,384,0.0,0.0
2024-07-29 15:40:00-04:00,6.485000133514404,6.5,6.420100212097168,6.420100212097168,4949,0.0,0.0
2024-07-29 15:45:00-04:00,6.420000076293945,6.449999809265137,6.420000076293945,6.449999809265137,1462,0.0,0.0
2024-07-29 15:50:00-04:00,6.460000038146973,6.474999904632568,6.440000057220459,6.440000057220459,2962,0.0,0.0
2024-07-29 15:55:00-04:00,6.429999828338623,6.449999809265137,6.429999828338623,6.440000057220459,4441,0.0,0.0
2024-07-30 09:30:00-04:00,6.440000057220459,6.446599960327148,6.440000057220459,6.446599960327148,954,0.0,0.0
2024-07-30 09:35:00-04:00,6.494999885559082,6.494999885559082,6.494999885559082,6.494999885559082,227,0.0,0.0
2024-07-30 09:45:00-04:00,6.4903998374938965,6.4903998374938965,6.4903998374938965,6.4903998374938965,1445,0.0,0.0
2024-07-30 09:50:00-04:00,6.488399982452393,6.570000171661377,6.488399982452393,6.570000171661377,0,0.0,0.0
2024-07-30 09:55:00-04:00,6.570000171661377,6.584400177001953,6.559999942779541,6.584400177001953,1615,0.0,0.0
2024-07-30 10:00:00-04:00,6.550000190734863,6.550000190734863,6.550000190734863,6.550000190734863,1027,0.0,0.0
2024-07-30 10:10:00-04:00,6.519999980926514,6.519999980926514,6.510000228881836,6.510000228881836,457,0.0,0.0
2024-07-30 10:20:00-04:00,6.480000019073486,6.480000019073486,6.480000019073486,6.480000019073486,178,0.0,0.0
2024-07-30 10:25:00-04:00,6.460000038146973,6.460000038146973,6.449999809265137,6.449999809265137,1364,0.0,0.0
2024-07-30 10:30:00-04:00,6.449999809265137,6.480000019073486,6.449999809265137,6.480000019073486,6310,0.0,0.0
2024-07-30 10:35:00-04:00,6.510000228881836,6.510000228881836,6.510000228881836,6.510000228881836,2230,0.0,0.0
2024-07-30 10:50:00-04:00,6.550000190734863,6.550000190734863,6.550000190734863,6.550000190734863,1251,0.0,0.0
2024-07-30 10:55:00-04:00,6.579999923706055,6.579999923706055,6.579999923706055,6.579999923706055,374,0.0,0.0
2024-07-30 11:00:00-04:00,6.570000171661377,6.570000171661377,6.53000020980835,6.53000020980835,1073,0.0,0.0
2024-07-30 11:05:00-04:00,6.514999866485596,6.514999866485596,6.514999866485596,6.514999866485596,200,0.0,0.0
2024-07-30 11:10:00-04:00,6.510000228881836,6.510000228881836,6.510000228881836,6.510000228881836,301,0.0,0.0
2024-07-30 11:20:00-04:00,6.559999942779541,6.590000152587891,6.550000190734863,6.550000190734863,2681,0.0,0.0
2024-07-30 11:30:00-04:00,6.539999961853027,6.539999961853027,6.539999961853027,6.539999961853027,321,0.0,0.0
2024-07-30 11:45:00-04:00,6.541500091552734,6.541500091552734,6.539999961853027,6.539999961853027,1993,0.0,0.0
2024-07-30 11:55:00-04:00,6.449999809265137,6.449999809265137,6.449999809265137,6.449999809265137,810,0.0,0.0
2024-07-30 12:05:00-04:00,6.449999809265137,6.449999809265137,6.449999809265137,6.449999809265137,590,0.0,0.0
2024-07-30 12:10:00-04:00,6.485000133514404,6.485000133514404,6.485000133514404,6.485000133514404,1200,0.0,0.0
2024-07-30 12:15:00-04:00,6.460000038146973,6.460000038146973,6.460000038146973,6.460000038146973,92,0.0,0.0
2024-07-30 12:25:00-04:00,6.465000152587891,6.489999771118164,6.465000152587891,6.489999771118164,538,0.0,0.0
2024-07-30 12:30:00-04:00,6.496799945831299,6.496799945831299,6.496799945831299,6.496799945831299,1555,0.0,0.0
2024-07-30 12:40:00-04:00,6.53000020980835,6.53000020980835,6.53000020980835,6.53000020980835,1571,0.0,0.0
2024-07-30 12:45:00-04:00,6.550000190734863,6.550000190734863,6.550000190734863,6.550000190734863,426,0.0,0.0
2024-07-30 12:50:00-04:00,6.550000190734863,6.550000190734863,6.550000190734863,6.550000190734863,555,0.0,0.0
2024-07-30 12:55:00-04:00,6.550000190734863,6.550000190734863,6.550000190734863,6.550000190734863,165,0.0,0.0
2024-07-30 13:00:00-04:00,6.53000020980835,6.550000190734863,6.53000020980835,6.550000190734863,1368,0.0,0.0
2024-07-30 13:10:00-04:00,6.539999961853027,6.539999961853027,6.539999961853027,6.539999961853027,249,0.0,0.0
2024-07-30 13:15:00-04:00,6.539999961853027,6.539999961853027,6.539999961853027,6.539999961853027,253,0.0,0.0
2024-07-30 13:20:00-04:00,6.55709981918335,6.570000171661377,6.55709981918335,6.570000171661377,470,0.0,0.0
2024-07-30 13:40:00-04:00,6.5903000831604,6.5903000831604,6.5903000831604,6.5903000831604,1695,0.0,0.0
2024-07-30 13:45:00-04:00,6.587399959564209,6.587399959564209,6.587399959564209,6.587399959564209,1029,0.0,0.0
2024-07-30 13:50:00-04:00,6.579999923706055,6.579999923706055,6.579999923706055,6.579999923706055,427,0.0,0.0
2024-07-30 13:55:00-04:00,6.590000152587891,6.619999885559082,6.590000152587891,6.619999885559082,1350,0.0,0.0
2024-07-30 14:15:00-04:00,6.610000133514404,6.610000133514404,6.610000133514404,6.610000133514404,2147,0.0,0.0
2024-07-30 14:25:00-04:00,6.590000152587891,6.590000152587891,6.590000152587891,6.590000152587891,879,0.0,0.0
2024-07-30 14:30:00-04:00,6.579999923706055,6.579999923706055,6.570000171661377,6.574999809265137,873,0.0,0.0
2024-07-30 14:50:00-04:00,6.559999942779541,6.559999942779541,6.559999942779541,6.559999942779541,1698,0.0,0.0
2024-07-30 14:55:00-04:00,6.570000171661377,6.570000171661377,6.570000171661377,6.570000171661377,413,0.0,0.0
2024-07-30 15:00:00-04:00,6.570000171661377,6.590000152587891,6.570000171661377,6.590000152587891,2779,0.0,0.0
2024-07-30 15:05:00-04:00,6.619999885559082,6.619999885559082,6.619999885559082,6.619999885559082,1221,0.0,0.0
2024-07-30 15:15:00-04:00,6.650000095367432,6.665299892425537,6.650000095367432,6.665299892425537,1153,0.0,0.0
2024-07-30 15:20:00-04:00,6.679999828338623,6.679999828338623,6.679999828338623,6.679999828338623,270,0.0,0.0
2024-07-30 15:25:00-04:00,6.670000076293945,6.699999809265137,6.670000076293945,6.699999809265137,957,0.0,0.0
2024-07-30 15:30:00-04:00,6.670000076293945,6.684999942779541,6.670000076293945,6.684999942779541,1085,0.0,0.0
2024-07-30 15:35:00-04:00,6.659999847412109,6.675000190734863,6.659999847412109,6.659999847412109,1268,0.0,0.0
2024-07-30 15:40:00-04:00,6.699999809265137,6.728000164031982,6.699999809265137,6.728000164031982,983,0.0,0.0
2024-07-30 15:45:00-04:00,6.71999979019165,6.730000019073486,6.71999979019165,6.730000019073486,1187,0.0,0.0
2024-07-30 15:50:00-04:00,6.739999771118164,6.769999980926514,6.739999771118164,6.739999771118164,5430,0.0,0.0
2024-07-30 15:55:00-04:00,6.730000019073486,6.730000019073486,6.690000057220459,6.690000057220459,4236,0.0,0.0
2024-07-31 09:30:00-04:00,6.829999923706055,6.900000095367432,6.763000011444092,6.900000095367432,1112,0.0,0.0
2024-07-31 09:35:00-04:00,6.730000019073486,6.730000019073486,6.730000019073486,6.730000019073486,1192,0.0,0.0
2024-07-31 09:40:00-04:00,6.769999980926514,6.909999847412109,6.769999980926514,6.889999866485596,483,0.0,0.0
2024-07-31 09:45:00-04:00,6.800000190734863,6.800000190734863,6.769999980926514,6.769999980926514,1053,0.0,0.0
2024-07-31 09:50:00-04:00,6.670000076293945,6.670000076293945,6.670000076293945,6.670000076293945,104,0.0,0.0
2024-07-31 09:55:00-04:00,6.695000171661377,6.695000171661377,6.695000171661377,6.695000171661377,505,0.0,0.0
2024-07-31 10:00:00-04:00,6.695000171661377,6.695000171661377,6.695000171661377,6.695000171661377,0,0.0,0.0
2024-07-31 10:05:00-04:00,6.710000038146973,6.71999979019165,6.710000038146973,6.71999979019165,6594,0.0,0.0
2024-07-31 10:15:00-04:00,6.759900093078613,6.759900093078613,6.759900093078613,6.759900093078613,1512,0.0,0.0
2024-07-31 10:20:00-04:00,6.74399995803833,6.760000228881836,6.74399995803833,6.760000228881836,702,0.0,0.0
2024-07-31 10:25:00-04:00,6.800000190734863,6.800000190734863,6.800000190734863,6.800000190734863,3117,0.0,0.0
2024-07-31 11:20:00-04:00,6.739999771118164,6.739999771118164,6.699999809265137,6.699999809265137,1510,0.0,0.0
2024-07-31 11:25:00-04:00,6.690000057220459,6.690000057220459,6.670000076293945,6.670000076293945,2545,0.0,0.0
2024-07-31 11:30:00-04:00,6.639999866485596,6.639999866485596,6.639999866485596,6.639999866485596,715,0.0,0.0
2024-07-31 11:45:00-04:00,6.699999809265137,6.699999809265137,6.699999809265137,6.699999809265137,0,0.0,0.0
2024-07-31 11:55:00-04:00,6.710000038146973,6.759900093078613,6.710000038146973,6.759900093078613,19646,0.0,0.0
2024-07-31 12:15:00-04:00,6.730000019073486,6.760000228881836,6.730000019073486,6.760000228881836,2552,0.0,0.0
2024-07-31 12:25:00-04:00,6.760000228881836,6.760000228881836,6.760000228881836,6.760000228881836,0,0.0,0.0
2024-07-31 12:35:00-04:00,6.769999980926514,6.800000190734863,6.769999980926514,6.800000190734863,23418,0.0,0.0
2024-07-31 12:40:00-04:00,6.760000228881836,6.760000228881836,6.760000228881836,6.760000228881836,110,0.0,0.0
2024-07-31 12:45:00-04:00,6.789999961853027,6.829999923706055,6.789999961853027,6.829999923706055,4481,0.0,0.0
2024-07-31 12:50:00-04:00,6.840000152587891,6.840000152587891,6.800000190734863,6.800000190734863,581,0.0,0.0
2024-07-31 13:00:00-04:00,6.809999942779541,6.809999942779541,6.809999942779541,6.809999942779541,199,0.0,0.0
2024-07-31 13:10:00-04:00,6.730000019073486,6.730000019073486,6.730000019073486,6.730000019073486,306,0.0,0.0
2024-07-31 13:15:00-04:00,6.739999771118164,6.739999771118164,6.739999771118164,6.739999771118164,205,0.0,0.0
2024-07-31 13:20:00-04:00,6.693999767303467,6.730000019073486,6.690000057220459,6.730000019073486,3930,0.0,0.0
2024-07-31 13:25:00-04:00,6.71999979019165,6.71999979019165,6.71999979019165,6.71999979019165,824,0.0,0.0
2024-07-31 13:30:00-04:00,6.730000019073486,6.730000019073486,6.71999979019165,6.71999979019165,2712,0.0,0.0
2024-07-31 13:35:00-04:00,6.730000019073486,6.730000019073486,6.71999979019165,6.721199989318848,1429,0.0,0.0
2024-07-31 13:40:00-04:00,6.710000038146973,6.710000038146973,6.710000038146973,6.710000038146973,299,0.0,0.0
2024-07-31 13:45:00-04:00,6.750999927520752,6.750999927520752,6.750999927520752,6.750999927520752,100,0.0,0.0
2024-07-31 13:50:00-04:00,6.760000228881836,6.760000228881836,6.760000228881836,6.760000228881836,872,0.0,0.0
2024-07-31 13:55:00-04:00,6.784999847412109,6.792500019073486,6.784999847412109,6.792500019073486,1227,0.0,0.0
2024-07-31 14:10:00-04:00,6.760000228881836,6.760000228881836,6.71999979019165,6.71999979019165,1289,0.0,0.0
2024-07-31 14:20:00-04:00,6.739999771118164,6.75,6.727200031280518,6.730000019073486,3778,0.0,0.0
2024-07-31 14:25:00-04:00,6.730000019073486,6.730000019073486,6.699999809265137,6.699999809265137,920,0.0,0.0
2024-07-31 14:30:00-04:00,6.71999979019165,6.730000019073486,6.71999979019165,6.730000019073486,761,0.0,0.0
2024-07-31 14:35:00-04:00,6.739999771118164,6.739999771118164,6.739999771118164,6.739999771118164,754,0.0,0.0
2024-07-31 14:40:00-04:00,6.75,6.789999961853027,6.75,6.789999961853027,5528,0.0,0.0
2024-07-31 14:45:00-04:00,6.840000152587891,6.885000228881836,6.840000152587891,6.885000228881836,2645,0.0,0.0
2024-07-31 14:50:00-04:00,6.849999904632568,6.9079999923706055,6.849999904632568,6.900000095367432,1440,0.0,0.0
2024-07-31 14:55:00-04:00,6.900000095367432,6.900000095367432,6.900000095367432,6.900000095367432,1612,0.0,0.0
2024-07-31 15:00:00-04:00,6.920000076293945,6.949999809265137,6.920000076293945,6.949999809265137,1808,0.0,0.0
2024-07-31 15:05:00-04:00,6.900000095367432,6.900000095367432,6.889999866485596,6.889999866485596,2122,0.0,0.0
2024-07-31 15:10:00-04:00,6.880000114440918,6.880000114440918,6.869999885559082,6.869999885559082,455,0.0,0.0
2024-07-31 15:15:00-04:00,6.889999866485596,6.889999866485596,6.881700038909912,6.881700038909912,566,0.0,0.0
2024-07-31 15:20:00-04:00,6.849999904632568,6.849999904632568,6.840000152587891,6.840000152587891,913,0.0,0.0
2024-07-31 15:25:00-04:00,6.867499828338623,6.880000114440918,6.840000152587891,6.860000133514404,3540,0.0,0.0
2024-07-31 15:30:00-04:00,6.880000114440918,6.880000114440918,6.8649001121521,6.864999771118164,692,0.0,0.0
2024-07-31 15:35:00-04:00,6.900000095367432,6.900000095367432,6.900000095367432,6.900000095367432,3063,0.0,0.0
2024-07-31 15:40:00-04:00,6.909999847412109,6.909999847412109,6.880000114440918,6.900000095367432,7217,0.0,0.0
2024-07-31 15:45:00-04:00,6.900000095367432,6.96999979019165,6.900000095367432,6.960000038146973,12067,0.0,0.0
2024-07-31 15:50:00-04:00,6.949999809265137,6.949999809265137,6.900000095367432,6.900000095367432,3880,0.0,0.0
2024-07-31 15:55:00-04:00,6.860000133514404,6.900000095367432,6.860000133514404,6.900000095367432,6542,0.0,0.0
2024-08-01 09:30:00-04:00,6.849999904632568,6.849999904632568,6.832200050354004,6.840000152587891,2143,0.0,0.0
2024-08-01 09:35:00-04:00,6.847400188446045,6.941800117492676,6.847400188446045,6.941800117492676,1279,0.0,0.0
2024-08-01 09:45:00-04:00,6.90500020980835,6.90500020980835,6.90500020980835,6.90500020980835,629,0.0,0.0
2024-08-01 09:50:00-04:00,6.860000133514404,6.860000133514404,6.849999904632568,6.849999904632568,568,0.0,0.0
2024-08-01 09:55:00-04:00,6.760000228881836,6.760000228881836,6.760000228881836,6.760000228881836,898,0.0,0.0
2024-08-01 10:00:00-04:00,6.75,6.75,6.744999885559082,6.744999885559082,1798,0.0,0.0
2024-08-01 10:10:00-04:00,6.675000190734863,6.675000190734863,6.675000190734863,6.675000190734863,2019,0.0,0.0
2024-08-01 10:15:00-04:00,6.697199821472168,6.760000228881836,6.675000190734863,6.760000228881836,7535,0.0,0.0
2024-08-01 10:20:00-04:00,6.679999828338623,6.699999809265137,6.659999847412109,6.699999809265137,4162,0.0,0.0
2024-08-01 10:25:00-04:00,6.644999980926514,6.644999980926514,6.644999980926514,6.644999980926514,312,0.0,0.0
2024-08-01 10:35:00-04:00,6.675000190734863,6.675000190734863,6.599999904632568,6.610000133514404,696,0.0,0.0
2024-08-01 10:40:00-04:00,6.679900169372559,6.679900169372559,6.679900169372559,6.679900169372559,1103,0.0,0.0
2024-08-01 10:45:00-04:00,6.599999904632568,6.599999904632568,6.570000171661377,6.570000171661377,1174,0.0,0.0
2024-08-01 10:50:00-04:00,6.599999904632568,6.599999904632568,6.570000171661377,6.570000171661377,975,0.0,0.0
2024-08-01 11:00:00-04:00,6.570000171661377,6.570000171661377,6.570000171661377,6.570000171661377,416,0.0,0.0
2024-08-01 11:10:00-04:00,6.570000171661377,6.570000171661377,6.570000171661377,6.570000171661377,1407,0.0,0.0
2024-08-01 11:15:00-04:00,6.569900035858154,6.569900035858154,6.545000076293945,6.545000076293945,2251,0.0,0.0
2024-08-01 11:20:00-04:00,6.449999809265137,6.474999904632568,6.440000057220459,6.474999904632568,3837,0.0,0.0
2024-08-01 11:25:00-04:00,6.474999904632568,6.474999904632568,6.440000057220459,6.440000057220459,925,0.0,0.0
2024-08-01 11:30:00-04:00,6.480000019073486,6.480000019073486,6.480000019073486,6.480000019073486,255,0.0,0.0
2024-08-01 11:35:00-04:00,6.440999984741211,6.480000019073486,6.429999828338623,6.480000019073486,1644,0.0,0.0
2024-08-01 11:40:00-04:00,6.440000057220459,6.4745001792907715,6.440000057220459,6.460000038146973,5520,0.0,0.0
2024-08-01 11:45:00-04:00,6.480000019073486,6.480000019073486,6.480000019073486,6.480000019073486,760,0.0,0.0
2024-08-01 11:50:00-04:00,6.53000020980835,6.53000020980835,6.489999771118164,6.489999771118164,300,0.0,0.0
2024-08-01 11:55:00-04:00,6.494999885559082,6.539700031280518,6.449999809265137,6.53000020980835,1015,0.0,0.0
2024-08-01 12:00:00-04:00,6.5,6.5,6.5,6.5,323,0.0,0.0
2024-08-01 12:15:00-04:00,6.519999980926514,6.519999980926514,6.519999980926514,6.519999980926514,5473,0.0,0.0
2024-08-01 12:20:00-04:00,6.53000020980835,6.53000020980835,6.508999824523926,6.510000228881836,1288,0.0,0.0
2024-08-01 12:25:00-04:00,6.5,6.519999980926514,6.5,6.519999980926514,3290,0.0,0.0
2024-08-01 12:40:00-04:00,6.5,6.5,6.489999771118164,6.489999771118164,1345,0.0,0.0
2024-08-01 12:50:00-04:00,6.440000057220459,6.440100193023682,6.440000057220459,6.440000057220459,2036,0.0,0.0
2024-08-01 13:00:00-04:00,6.449999809265137,6.449999809265137,6.449999809265137,6.449999809265137,652,0.0,0.0
2024-08-01 13:05:00-04:00,6.369999885559082,6.400300025939941,6.369999885559082,6.400300025939941,2085,0.0,0.0
2024-08-01 13:10:00-04:00,6.400000095367432,6.409999847412109,6.385000228881836,6.409999847412109,1898,0.0,0.0
2024-08-01 13:20:00-04:00,6.409999847412109,6.409999847412109,6.409999847412109,6.409999847412109,650,0.0,0.0
2024-08-01 13:25:00-04:00,6.391499996185303,6.409999847412109,6.391499996185303,6.409999847412109,1434,0.0,0.0
2024-08-01 13:50:00-04:00,6.360000133514404,6.380000114440918,6.360000133514404,6.380000114440918,693,0.0,0.0
2024-08-01 13:55:00-04:00,6.380000114440918,6.552999973297119,6.380000114440918,6.490499973297119,13151,0.0,0.0
2024-08-01 14:00:00-04:00,6.480000019073486,6.480000019073486,6.480000019073486,6.480000019073486,460,0.0,0.0
2024-08-01 14:15:00-04:00,6.400000095367432,6.489999771118164,6.400000095367432,6.489999771118164,7581,0.0,0.0
2024-08-01 14:20:00-04:00,6.46999979019165,6.46999979019165,6.456200122833252,6.456200122833252,372,0.0,0.0
2024-08-01 14:25:00-04:00,6.460000038146973,6.460000038146973,6.460000038146973,6.460000038146973,296,0.0,0.0
2024-08-01 14:30:00-04:00,6.429999828338623,6.440000057220459,6.420000076293945,6.440000057220459,7614,0.0,0.0
2024-08-01 14:35:00-04:00,6.400000095367432,6.400000095367432,6.400000095367432,6.400000095367432,110,0.0,0.0
2024-08-01 14:40:00-04:00,6.439899921417236,6.480000019073486,6.420000076293945,6.434999942779541,6646,0.0,0.0
2024-08-01 14:45:00-04:00,6.480000019073486,6.510000228881836,6.429999828338623,6.510000228881836,4111,0.0,0.0
2024-08-01 14:50:00-04:00,6.510000228881836,6.510000228881836,6.485000133514404,6.485000133514404,251,0.0,0.0
2024-08-01 14:55:00-04:00,6.460000038146973,6.480000019073486,6.460000038146973,6.46999979019165,1525,0.0,0.0
2024-08-01 15:00:00-04:00,6.460000038146973,6.460000038146973,6.460000038146973,6.460000038146973,109,0.0,0.0
2024-08-01 15:05:00-04:00,6.480000019073486,6.480000019073486,6.460000038146973,6.460000038146973,1308,0.0,0.0
2024-08-01 15:10:00-04:00,6.46999979019165,6.480000019073486,6.46999979019165,6.480000019073486,524,0.0,0.0
2024-08-01 15:15:00-04:00,6.480000019073486,6.480000019073486,6.480000019073486,6.480000019073486,498,0.0,0.0
2024-08-01 15:20:00-04:00,6.480000019073486,6.489999771118164,6.480000019073486,6.480000019073486,1300,0.0,0.0
2024-08-01 15:25:00-04:00,6.489999771118164,6.489999771118164,6.480000019073486,6.480000019073486,445,0.0,0.0
2024-08-01 15:30:00-04:00,6.489999771118164,6.53000020980835,6.489999771118164,6.489999771118164,12448,0.0,0.0
2024-08-01 15:35:00-04:00,6.480000019073486,6.480000019073486,6.480000019073486,6.480000019073486,980,0.0,0.0
2024-08-01 15:40:00-04:00,6.480000019073486,6.489999771118164,6.480000019073486,6.480000019073486,1951,0.0,0.0
2024-08-01 15:45:00-04:00,6.46999979019165,6.470099925994873,6.451000213623047,6.451000213623047,3963,0.0,0.0
2024-08-01 15:50:00-04:00,6.489999771118164,6.489999771118164,6.46999979019165,6.489999771118164,6300,0.0,0.0
2024-08-01 15:55:00-04:00,6.489999771118164,6.510000228881836,6.480000019073486,6.489999771118164,13346,0.0,0.0
2024-08-02 09:30:00-04:00,6.300000190734863,6.300000190734863,6.300000190734863,6.300000190734863,476,0.0,0.0
2024-08-02 09:35:00-04:00,6.25,6.25,6.080100059509277,6.080100059509277,4002,0.0,0.0
2024-08-02 09:40:00-04:00,6.074999809265137,6.150000095367432,6.010000228881836,6.150000095367432,4746,0.0,0.0
2024-08-02 09:45:00-04:00,6.105000019073486,6.105000019073486,6.105000019073486,6.105000019073486,206,0.0,0.0
2024-08-02 09:50:00-04:00,6.179999828338623,6.199999809265137,6.128200054168701,6.130000114440918,4732,0.0,0.0
2024-08-02 10:00:00-04:00,6.170000076293945,6.170000076293945,6.170000076293945,6.170000076293945,559,0.0,0.0
2024-08-02 10:05:00-04:00,6.230000019073486,6.230000019073486,6.230000019073486,6.230000019073486,724,0.0,0.0
2024-08-02 10:10:00-04:00,6.179999828338623,6.179999828338623,6.179999828338623,6.179999828338623,394,0.0,0.0
2024-08-02 10:15:00-04:00,6.0970001220703125,6.110000133514404,6.061999797821045,6.061999797821045,2690,0.0,0.0
2024-08-02 10:20:00-04:00,6.000100135803223,6.000100135803223,6.000100135803223,6.000100135803223,466,0.0,0.0
2024-08-02 10:25:00-04:00,6.039999961853027,6.159999847412109,6.039999961853027,6.159999847412109,8883,0.0,0.0
2024-08-02 10:40:00-04:00,6.110000133514404,6.110000133514404,6.099999904632568,6.099999904632568,550,0.0,0.0
2024-08-02 10:45:00-04:00,6.099899768829346,6.159999847412109,6.099899768829346,6.144999980926514,2272,0.0,0.0
2024-08-02 10:50:00-04:00,6.112199783325195,6.112199783325195,6.110000133514404,6.110000133514404,3014,0.0,0.0
2024-08-02 11:00:00-04:00,6.079999923706055,6.079999923706055,6.079999923706055,6.079999923706055,7561,0.0,0.0
2024-08-02 11:05:00-04:00,6.050000190734863,6.050000190734863,6.03000020980835,6.03000020980835,1707,0.0,0.0
2024-08-02 11:10:00-04:00,6.039999961853027,6.039999961853027,5.989999771118164,5.989999771118164,11695,0.0,0.0
2024-08-02 11:15:00-04:00,5.989999771118164,5.989999771118164,5.989999771118164,5.989999771118164,250,0.0,0.0
2024-08-02 11:20:00-04:00,5.960000038146973,5.960000038146973,5.920000076293945,5.920000076293945,1294,0.0,0.0
2024-08-02 11:25:00-04:00,5.940400123596191,5.960000038146973,5.900000095367432,5.940000057220459,14704,0.0,0.0
2024-08-02 11:30:00-04:00,5.92140007019043,5.940000057220459,5.92140007019043,5.940000057220459,1677,0.0,0.0
2024-08-02 11:40:00-04:00,5.940000057220459,5.940000057220459,5.940000057220459,5.940000057220459,477,0.0,0.0
2024-08-02 11:45:00-04:00,5.95989990234375,5.960000038146973,5.95989990234375,5.960000038146973,714,0.0,0.0
2024-08-02 11:50:00-04:00,5.909999847412109,5.909999847412109,5.900000095367432,5.900000095367432,1001,0.0,0.0
2024-08-02 11:55:00-04:00,5.900000095367432,5.96999979019165,5.900000095367432,5.96999979019165,12665,0.0,0.0
2024-08-02 12:05:00-04:00,5.989999771118164,6.005000114440918,5.989999771118164,6.005000114440918,1241,0.0,0.0
2024-08-02 12:10:00-04:00,5.985000133514404,5.985000133514404,5.985000133514404,5.985000133514404,307,0.0,0.0
2024-08-02 12:20:00-04:00,5.969799995422363,5.969799995422363,5.968100070953369,5.968100070953369,1800,0.0,0.0
2024-08-02 12:25:00-04:00,5.96999979019165,5.96999979019165,5.96999979019165,5.96999979019165,0,0.0,0.0
2024-08-02 12:40:00-04:00,5.900000095367432,5.900000095367432,5.863999843597412,5.863999843597412,4070,0.0,0.0
2024-08-02 12:50:00-04:00,5.873300075531006,5.873300075531006,5.849999904632568,5.849999904632568,0,0.0,0.0
2024-08-02 13:05:00-04:00,5.880000114440918,5.894999980926514,5.869999885559082,5.894999980926514,3641,0.0,0.0
2024-08-02 13:10:00-04:00,5.890900135040283,5.890900135040283,5.890900135040283,5.890900135040283,1818,0.0,0.0
2024-08-02 13:20:00-04:00,5.849999904632568,5.849999904632568,5.849999904632568,5.849999904632568,1034,0.0,0.0
2024-08-02 13:25:00-04:00,5.880000114440918,5.880000114440918,5.880000114440918,5.880000114440918,200,0.0,0.0
2024-08-02 13:30:00-04:00,5.877900123596191,5.877900123596191,5.877900123596191,5.877900123596191,341,0.0,0.0
2024-08-02 13:35:00-04:00,5.864999771118164,5.880000114440918,5.864999771118164,5.880000114440918,511,0.0,0.0
2024-08-02 13:40:00-04:00,5.849999904632568,5.849999904632568,5.849999904632568,5.849999904632568,305,0.0,0.0
2024-08-02 13:45:00-04:00,5.85099983215332,5.85099983215332,5.85099983215332,5.85099983215332,5470,0.0,0.0
2024-08-02 13:55:00-04:00,5.824999809265137,5.824999809265137,5.824999809265137,5.824999809265137,354,0.0,0.0
2024-08-02 14:00:00-04:00,5.804999828338623,5.804999828338623,5.800000190734863,5.800000190734863,748,0.0,0.0
2024-08-02 14:10:00-04:00,5.804999828338623,5.820000171661377,5.804999828338623,5.820000171661377,7468,0.0,0.0
2024-08-02 14:15:00-04:00,5.815000057220459,5.849999904632568,5.815000057220459,5.835000038146973,4149,0.0,0.0
2024-08-02 14:20:00-04:00,5.849999904632568,5.849999904632568,5.849999904632568,5.849999904632568,358,0.0,0.0
2024-08-02 14:25:00-04:00,5.860000133514404,5.860000133514404,5.860000133514404,5.860000133514404,802,0.0,0.0
2024-08-02 14:45:00-04:00,5.840000152587891,5.849999904632568,5.829999923706055,5.849999904632568,3034,0.0,0.0
2024-08-02 14:50:00-04:00,5.880000114440918,5.889999866485596,5.880000114440918,5.889999866485596,535,0.0,0.0
2024-08-02 15:00:00-04:00,5.880000114440918,5.880000114440918,5.860000133514404,5.860000133514404,461,0.0,0.0
2024-08-02 15:05:00-04:00,5.880000114440918,5.909999847412109,5.880000114440918,5.909999847412109,2701,0.0,0.0
2024-08-02 15:10:00-04:00,5.929999828338623,5.96999979019165,5.910099983215332,5.96999979019165,5959,0.0,0.0
2024-08-02 15:15:00-04:00,5.968299865722656,5.96999979019165,5.960000038146973,5.96999979019165,5608,0.0,0.0
2024-08-02 15:20:00-04:00,5.940000057220459,5.940000057220459,5.940000057220459,5.940000057220459,839,0.0,0.0
2024-08-02 15:25:00-04:00,5.920000076293945,5.929999828338623,5.920000076293945,5.929999828338623,2293,0.0,0.0
2024-08-02 15:30:00-04:00,5.920000076293945,5.940000057220459,5.920000076293945,5.940000057220459,758,0.0,0.0
2024-08-02 15:35:00-04:00,5.949999809265137,6.039999961853027,5.949999809265137,6.039999961853027,11915,0.0,0.0
2024-08-02 15:40:00-04:00,6.039999961853027,6.090000152587891,6.039999961853027,6.070000171661377,3806,0.0,0.0
2024-08-02 15:45:00-04:00,6.059999942779541,6.070000171661377,6.039999961853027,6.070000171661377,2674,0.0,0.0
2024-08-02 15:50:00-04:00,6.070000171661377,6.070000171661377,6.039999961853027,6.050000190734863,2018,0.0,0.0
2024-08-02 15:55:00-04:00,6.054999828338623,6.070000171661377,6.03000020980835,6.039999961853027,4515,0.0,0.0
2024-08-05 09:30:00-04:00,5.552000045776367,5.563000202178955,5.496799945831299,5.496799945831299,8782,0.0,0.0
2024-08-05 09:35:00-04:00,5.453999996185303,5.453999996185303,5.440000057220459,5.440000057220459,912,0.0,0.0
2024-08-05 09:40:00-04:00,5.440000057220459,5.440000057220459,5.260000228881836,5.260000228881836,7193,0.0,0.0
2024-08-05 09:45:00-04:00,5.329999923706055,5.40500020980835,5.284999847412109,5.40500020980835,1810,0.0,0.0
2024-08-05 09:50:00-04:00,5.409999847412109,5.409999847412109,5.409999847412109,5.409999847412109,628,0.0,0.0
2024-08-05 09:55:00-04:00,5.451300144195557,5.520199775695801,5.451300144195557,5.519999980926514,3914,0.0,0.0
2024-08-05 10:00:00-04:00,5.630000114440918,5.672500133514404,5.630000114440918,5.672500133514404,7405,0.0,0.0
2024-08-05 10:05:00-04:00,5.686399936676025,5.686399936676025,5.659999847412109,5.659999847412109,4405,0.0,0.0
2024-08-05 10:10:00-04:00,5.539999961853027,5.539999961853027,5.539999961853027,5.539999961853027,11877,0.0,0.0
2024-08-05 10:15:00-04:00,5.5879998207092285,5.650000095367432,5.5879998207092285,5.650000095367432,2594,0.0,0.0
2024-08-05 10:25:00-04:00,5.6732001304626465,5.690000057220459,5.6732001304626465,5.679999828338623,6656,0.0,0.0
2024-08-05 10:30:00-04:00,5.699900150299072,5.699999809265137,5.699900150299072,5.699999809265137,10400,0.0,0.0
2024-08-05 10:35:00-04:00,5.699999809265137,5.699999809265137,5.665299892425537,5.665299892425537,1770,0.0,0.0
2024-08-05 10:45:00-04:00,5.650000095367432,5.670000076293945,5.440000057220459,5.440000057220459,16581,0.0,0.0
2024-08-05 10:50:00-04:00,5.440000057220459,5.46999979019165,5.400100231170654,5.420000076293945,21670,0.0,0.0
2024-08-05 10:55:00-04:00,5.460000038146973,5.560100078582764,5.460000038146973,5.510000228881836,24863,0.0,0.0
2024-08-05 11:00:00-04:00,5.5,5.510000228881836,5.480000019073486,5.480000019073486,8274,0.0,0.0
2024-08-05 11:05:00-04:00,5.430099964141846,5.440000057220459,5.409999847412109,5.440000057220459,22051,0.0,0.0
2024-08-05 11:10:00-04:00,5.5,5.5,5.5,5.5,211,0.0,0.0
2024-08-05 11:15:00-04:00,5.465000152587891,5.505000114440918,5.455999851226807,5.455999851226807,3069,0.0,0.0
2024-08-05 11:20:00-04:00,5.480000019073486,5.480000019073486,5.429999828338623,5.429999828338623,88,0.0,0.0
2024-08-05 11:25:00-04:00,5.460000038146973,5.46999979019165,5.460000038146973,5.46999979019165,1277,0.0,0.0
2024-08-05 11:35:00-04:00,5.519999980926514,5.559999942779541,5.519999980926514,5.559999942779541,510,0.0,0.0
2024-08-05 11:40:00-04:00,5.590000152587891,5.590000152587891,5.590000152587891,5.590000152587891,470,0.0,0.0
2024-08-05 11:45:00-04:00,5.599999904632568,5.639999866485596,5.599999904632568,5.639999866485596,2681,0.0,0.0
2024-08-05 11:50:00-04:00,5.659999847412109,5.699999809265137,5.659999847412109,5.699999809265137,1337,0.0,0.0
2024-08-05 11:55:00-04:00,5.679999828338623,5.71999979019165,5.640100002288818,5.71999979019165,4292,0.0,0.0
2024-08-05 12:00:00-04:00,5.739999771118164,5.755000114440918,5.739999771118164,5.755000114440918,940,0.0,0.0
2024-08-05 12:10:00-04:00,5.75,5.75,5.710000038146973,5.710000038146973,2779,0.0,0.0
2024-08-05 12:15:00-04:00,5.704999923706055,5.710000038146973,5.650000095367432,5.650000095367432,9134,0.0,0.0
2024-08-05 12:20:00-04:00,5.65500020980835,5.690000057220459,5.650000095367432,5.690000057220459,3281,0.0,0.0
2024-08-05 12:25:00-04:00,5.699999809265137,5.71999979019165,5.699999809265137,5.71999979019165,1275,0.0,0.0
2024-08-05 12:40:00-04:00,5.668300151824951,5.668300151824951,5.668300151824951,5.668300151824951,497,0.0,0.0
2024-08-05 13:00:00-04:00,5.550099849700928,5.559299945831299,5.550099849700928,5.559299945831299,2051,0.0,0.0
2024-08-05 13:05:00-04:00,5.550000190734863,5.570000171661377,5.550000190734863,5.570000171661377,1525,0.0,0.0
2024-08-05 13:15:00-04:00,5.559999942779541,5.559999942779541,5.559999942779541,5.559999942779541,200,0.0,0.0
2024-08-05 13:20:00-04:00,5.590000152587891,5.599999904632568,5.590000152587891,5.599899768829346,2782,0.0,0.0
2024-08-05 13:25:00-04:00,5.590000152587891,5.599999904632568,5.590000152587891,5.599999904632568,0,0.0,0.0
2024-08-05 13:30:00-04:00,5.599999904632568,5.630000114440918,5.599999904632568,5.630000114440918,767,0.0,0.0
2024-08-05 13:40:00-04:00,5.629899978637695,5.629899978637695,5.629899978637695,5.629899978637695,290,0.0,0.0
2024-08-05 13:55:00-04:00,5.658299922943115,5.658299922943115,5.610000133514404,5.610000133514404,1091,0.0,0.0
2024-08-05 14:05:00-04:00,5.570000171661377,5.570000171661377,5.570000171661377,5.570000171661377,1959,0.0,0.0
2024-08-05 14:20:00-04:00,5.590000152587891,5.599999904632568,5.590000152587891,5.599999904632568,3159,0.0,0.0
2024-08-05 14:25:00-04:00,5.591899871826172,5.619900226593018,5.585000038146973,5.619900226593018,2564,0.0,0.0
2024-08-05 14:30:00-04:00,5.599599838256836,5.599599838256836,5.570000171661377,5.59499979019165,1129,0.0,0.0
2024-08-05 14:35:00-04:00,5.59499979019165,5.619999885559082,5.59499979019165,5.619999885559082,1947,0.0,0.0
2024-08-05 14:45:00-04:00,5.570000171661377,5.570000171661377,5.570000171661377,5.570000171661377,294,0.0,0.0
2024-08-05 14:55:00-04:00,5.559999942779541,5.559999942779541,5.559999942779541,5.559999942779541,6274,0.0,0.0
2024-08-05 15:00:00-04:00,5.559999942779541,5.56279993057251,5.519999980926514,5.54010009765625,2907,0.0,0.0
2024-08-05 15:10:00-04:00,5.550000190734863,5.559999942779541,5.550000190734863,5.550000190734863,1285,0.0,0.0
2024-08-05 15:20:00-04:00,5.53000020980835,5.53000020980835,5.5,5.5,452,0.0,0.0
2024-08-05 15:30:00-04:00,5.519999980926514,5.519999980926514,5.519999980926514,5.519999980926514,1139,0.0,0.0
2024-08-05 15:45:00-04:00,5.46999979019165,5.489999771118164,5.46999979019165,5.489999771118164,3635,0.0,0.0
2024-08-05 15:50:00-04:00,5.5,5.619999885559082,5.5,5.610000133514404,8119,0.0,0.0
2024-08-05 15:55:00-04:00,5.619999885559082,5.670000076293945,5.619999885559082,5.670000076293945,4994,0.0,0.0
2024-08-06 09:30:00-04:00,5.710000038146973,5.710000038146973,5.710000038146973,5.710000038146973,0,0.0,0.0
2024-08-06 09:35:00-04:00,5.769999980926514,5.769999980926514,5.739999771118164,5.739999771118164,790,0.0,0.0
2024-08-06 09:40:00-04:00,5.78000020980835,5.840000152587891,5.78000020980835,5.840000152587891,1982,0.0,0.0
2024-08-06 09:45:00-04:00,5.78000020980835,5.791200160980225,5.78000020980835,5.784999847412109,8103,0.0,0.0
2024-08-06 09:50:00-04:00,5.855999946594238,5.929999828338623,5.855999946594238,5.929900169372559,3075,0.0,0.0
2024-08-06 09:55:00-04:00,5.900100231170654,5.950399875640869,5.900100231170654,5.950399875640869,2121,0.0,0.0
2024-08-06 10:05:00-04:00,5.96999979019165,6.0,5.951099872589111,6.0,2429,0.0,0.0
2024-08-06 10:10:00-04:00,5.920000076293945,5.920000076293945,5.849999904632568,5.849999904632568,472,0.0,0.0
2024-08-06 10:15:00-04:00,5.849999904632568,5.869999885559082,5.820000171661377,5.869999885559082,2090,0.0,0.0
2024-08-06 10:20:00-04:00,5.880000114440918,5.900000095367432,5.880000114440918,5.900000095367432,693,0.0,0.0
2024-08-06 10:35:00-04:00,5.909999847412109,5.909999847412109,5.909999847412109,5.909999847412109,1426,0.0,0.0
2024-08-06 10:45:00-04:00,5.909999847412109,5.909999847412109,5.909999847412109,5.909999847412109,732,0.0,0.0
2024-08-06 10:50:00-04:00,5.869999885559082,5.96999979019165,5.869999885559082,5.96999979019165,3405,0.0,0.0
2024-08-06 11:00:00-04:00,5.940000057220459,5.940000057220459,5.940000057220459,5.940000057220459,620,0.0,0.0
2024-08-06 11:10:00-04:00,5.849999904632568,5.849999904632568,5.849999904632568,5.849999904632568,252,0.0,0.0
2024-08-06 11:15:00-04:00,5.849999904632568,5.849999904632568,5.820000171661377,5.820000171661377,331,0.0,0.0
2024-08-06 11:25:00-04:00,5.800000190734863,5.800000190734863,5.800000190734863,5.800000190734863,109,0.0,0.0
2024-08-06 11:30:00-04:00,5.7906999588012695,5.7906999588012695,5.7906999588012695,5.7906999588012695,2205,0.0,0.0
2024-08-06 11:50:00-04:00,5.75,5.75,5.75,5.75,786,0.0,0.0
2024-08-06 12:05:00-04:00,5.75,5.75,5.639999866485596,5.699999809265137,10768,0.0,0.0
2024-08-06 12:25:00-04:00,5.690000057220459,5.739999771118164,5.690000057220459,5.739999771118164,5839,0.0,0.0
2024-08-06 12:35:00-04:00,5.739999771118164,5.760000228881836,5.739999771118164,5.760000228881836,1541,0.0,0.0
2024-08-06 13:35:00-04:00,5.744999885559082,5.744999885559082,5.744999885559082,5.744999885559082,102,0.0,0.0
2024-08-06 13:40:00-04:00,5.75,5.75,5.75,5.75,504,0.0,0.0
2024-08-06 14:20:00-04:00,5.750999927520752,5.769999980926514,5.75,5.75,1488,0.0,0.0
2024-08-06 14:35:00-04:00,5.744999885559082,5.744999885559082,5.744999885559082,5.744999885559082,565,0.0,0.0
2024-08-06 15:10:00-04:00,5.699999809265137,5.730000019073486,5.699999809265137,5.730000019073486,1591,0.0,0.0
2024-08-06 15:35:00-04:00,5.78000020980835,5.78000020980835,5.775000095367432,5.775000095367432,1123,0.0,0.0
2024-08-06 15:45:00-04:00,5.769999980926514,5.78000020980835,5.769999980926514,5.78000020980835,1719,0.0,0.0
2024-08-06 15:50:00-04:00,5.78000020980835,5.800000190734863,5.769999980926514,5.800000190734863,1249,0.0,0.0
2024-08-06 15:55:00-04:00,5.809999942779541,5.809999942779541,5.775000095367432,5.78000020980835,1948,0.0,0.0
2024-08-07 09:30:00-04:00,5.900000095367432,5.90500020980835,5.900000095367432,5.90500020980835,1119,0.0,0.0
2024-08-07 09:50:00-04:00,5.864999771118164,5.864999771118164,5.864999771118164,5.864999771118164,170,0.0,0.0
2024-08-07 09:55:00-04:00,5.84499979019165,5.84499979019165,5.84499979019165,5.84499979019165,445,0.0,0.0
2024-08-07 10:00:00-04:00,5.840000152587891,5.880000114440918,5.840000152587891,5.840000152587891,0,0.0,0.0
2024-08-07 10:10:00-04:00,5.809999942779541,5.809999942779541,5.800000190734863,5.800099849700928,7978,0.0,0.0
2024-08-07 10:15:00-04:00,5.800000190734863,5.800000190734863,5.670000076293945,5.670000076293945,1783,0.0,0.0
2024-08-07 10:20:00-04:00,5.670000076293945,5.699999809265137,5.630000114440918,5.659999847412109,2567,0.0,0.0
2024-08-07 10:25:00-04:00,5.650000095367432,5.679999828338623,5.650000095367432,5.650000095367432,4389,0.0,0.0
2024-08-07 10:30:00-04:00,5.699999809265137,5.820000171661377,5.699999809265137,5.820000171661377,11754,0.0,0.0
2024-08-07 10:35:00-04:00,5.820000171661377,5.820000171661377,5.820000171661377,5.820000171661377,205,0.0,0.0
2024-08-07 10:40:00-04:00,5.804999828338623,5.804999828338623,5.804999828338623,5.804999828338623,110,0.0,0.0
2024-08-07 10:45:00-04:00,5.78000020980835,5.78000020980835,5.78000020980835,5.78000020980835,696,0.0,0.0
2024-08-07 10:50:00-04:00,5.78000020980835,5.809999942779541,5.78000020980835,5.809999942779541,1773,0.0,0.0
2024-08-07 11:00:00-04:00,5.789999961853027,5.809999942779541,5.789999961853027,5.800000190734863,862,0.0,0.0
2024-08-07 11:05:00-04:00,5.829999923706055,5.829999923706055,5.829999923706055,5.829999923706055,360,0.0,0.0
2024-08-07 11:10:00-04:00,5.820000171661377,5.820000171661377,5.820000171661377,5.820000171661377,537,0.0,0.0
2024-08-07 11:20:00-04:00,5.769999980926514,5.769999980926514,5.769999980926514,5.769999980926514,877,0.0,0.0
2024-08-07 11:30:00-04:00,5.724999904632568,5.730000019073486,5.724999904632568,5.730000019073486,713,0.0,0.0
2024-08-07 11:35:00-04:00,5.690000057220459,5.690000057220459,5.690000057220459,5.690000057220459,178,0.0,0.0
2024-08-07 11:40:00-04:00,5.699999809265137,5.71999979019165,5.675000190734863,5.71999979019165,1134,0.0,0.0
2024-08-07 11:45:00-04:00,5.690000057220459,5.690000057220459,5.664999961853027,5.664999961853027,310,0.0,0.0
2024-08-07 11:50:00-04:00,5.679999828338623,5.684999942779541,5.679999828338623,5.684999942779541,1030,0.0,0.0
2024-08-07 11:55:00-04:00,5.739999771118164,5.789999961853027,5.739999771118164,5.789999961853027,1093,0.0,0.0
2024-08-07 12:00:00-04:00,5.760000228881836,5.820000171661377,5.744999885559082,5.809999942779541,4960,0.0,0.0
2024-08-07 12:05:00-04:00,5.800000190734863,5.829999923706055,5.800000190734863,5.800000190734863,11830,0.0,0.0
2024-08-07 12:10:00-04:00,5.730000019073486,5.730000019073486,5.699999809265137,5.699999809265137,300,0.0,0.0
2024-08-07 12:15:00-04:00,5.690000057220459,5.699999809265137,5.690000057220459,5.699999809265137,418,0.0,0.0
2024-08-07 12:20:00-04:00,5.710000038146973,5.710000038146973,5.710000038146973,5.710000038146973,1047,0.0,0.0
2024-08-07 12:25:00-04:00,5.760000228881836,5.760000228881836,5.760000228881836,5.760000228881836,480,0.0,0.0
2024-08-07 12:30:00-04:00,5.789999961853027,5.840000152587891,5.789999961853027,5.809999942779541,9616,0.0,0.0
2024-08-07 12:35:00-04:00,5.849999904632568,5.989999771118164,5.840000152587891,5.960000038146973,11271,0.0,0.0
2024-08-07 12:40:00-04:00,5.920000076293945,5.920000076293945,5.849999904632568,5.849999904632568,1213,0.0,0.0
2024-08-07 12:45:00-04:00,5.840000152587891,5.840000152587891,5.800000190734863,5.800000190734863,1000,0.0,0.0
2024-08-07 12:50:00-04:00,5.789999961853027,5.835000038146973,5.789999961853027,5.824999809265137,9175,0.0,0.0
2024-08-07 12:55:00-04:00,5.800000190734863,5.815000057220459,5.800000190734863,5.800000190734863,573,0.0,0.0
2024-08-07 13:00:00-04:00,5.75,5.75,5.75,5.75,200,0.0,0.0
2024-08-07 13:05:00-04:00,5.739999771118164,5.739999771118164,5.670000076293945,5.679999828338623,5687,0.0,0.0
2024-08-07 13:10:00-04:00,5.659999847412109,5.659999847412109,5.630000114440918,5.630000114440918,5272,0.0,0.0
2024-08-07 13:15:00-04:00,5.650000095367432,5.669899940490723,5.650000095367432,5.669899940490723,3570,0.0,0.0
2024-08-07 13:20:00-04:00,5.650000095367432,5.670000076293945,5.650000095367432,5.650000095367432,466,0.0,0.0
2024-08-07 13:25:00-04:00,5.670000076293945,5.690000057220459,5.664999961853027,5.664999961853027,1200,0.0,0.0
2024-08-07 13:35:00-04:00,5.684999942779541,5.684999942779541,5.684999942779541,5.684999942779541,627,0.0,0.0
2024-08-07 13:50:00-04:00,5.675000190734863,5.675000190734863,5.639999866485596,5.675000190734863,328,0.0,0.0
2024-08-07 13:55:00-04:00,5.675000190734863,5.675000190734863,5.670000076293945,5.670000076293945,297,0.0,0.0
2024-08-07 14:00:00-04:00,5.639999866485596,5.639999866485596,5.639999866485596,5.639999866485596,374,0.0,0.0
2024-08-07 14:10:00-04:00,5.650000095367432,5.650000095367432,5.619999885559082,5.619999885559082,300,0.0,0.0
2024-08-07 14:15:00-04:00,5.650000095367432,5.679999828338623,5.639999866485596,5.679999828338623,9133,0.0,0.0
2024-08-07 14:20:00-04:00,5.659999847412109,5.659999847412109,5.659999847412109,5.659999847412109,515,0.0,0.0
2024-08-07 14:30:00-04:00,5.659999847412109,5.679999828338623,5.659999847412109,5.675000190734863,1806,0.0,0.0
2024-08-07 14:40:00-04:00,5.679999828338623,5.679999828338623,5.659999847412109,5.659999847412109,1038,0.0,0.0
2024-08-07 14:45:00-04:00,5.639999866485596,5.639999866485596,5.63100004196167,5.63100004196167,420,0.0,0.0
2024-08-07 14:50:00-04:00,5.630000114440918,5.635000228881836,5.610000133514404,5.635000228881836,815,0.0,0.0
2024-08-07 14:55:00-04:00,5.619999885559082,5.630000114440918,5.619999885559082,5.630000114440918,300,0.0,0.0
2024-08-07 15:00:00-04:00,5.630000114440918,5.710000038146973,5.630000114440918,5.710000038146973,2340,0.0,0.0
2024-08-07 15:05:00-04:00,5.670000076293945,5.670000076293945,5.670000076293945,5.670000076293945,471,0.0,0.0
2024-08-07 15:15:00-04:00,5.695000171661377,5.695000171661377,5.679999828338623,5.679999828338623,206,0.0,0.0
2024-08-07 15:20:00-04:00,5.679999828338623,5.690000057220459,5.679999828338623,5.690000057220459,433,0.0,0.0
2024-08-07 15:25:00-04:00,5.679999828338623,5.789999961853027,5.671000003814697,5.769999980926514,20448,0.0,0.0
2024-08-07 15:30:00-04:00,5.775000095367432,5.775000095367432,5.75,5.75,1804,0.0,0.0
2024-08-07 15:35:00-04:00,5.760000228881836,5.760000228881836,5.75,5.760000228881836,5049,0.0,0.0
2024-08-07 15:40:00-04:00,5.699999809265137,5.710000038146973,5.699999809265137,5.710000038146973,827,0.0,0.0
2024-08-07 15:45:00-04:00,5.710000038146973,5.75,5.690000057220459,5.739999771118164,6907,0.0,0.0
2024-08-07 15:50:00-04:00,5.739999771118164,5.739999771118164,5.679999828338623,5.699999809265137,4740,0.0,0.0
2024-08-07 15:55:00-04:00,5.695000171661377,5.760000228881836,5.679999828338623,5.760000228881836,18447,0.0,0.0
2024-08-08 09:30:00-04:00,5.960000038146973,6.199999809265137,5.900000095367432,6.150000095367432,5321,0.0,0.0
2024-08-08 09:35:00-04:00,6.187699794769287,6.187699794769287,6.039999961853027,6.039999961853027,3238,0.0,0.0
2024-08-08 09:40:00-04:00,5.894999980926514,5.894999980926514,5.869999885559082,5.869999885559082,675,0.0,0.0
2024-08-08 09:45:00-04:00,5.869999885559082,5.934999942779541,5.869999885559082,5.914999961853027,4465,0.0,0.0
2024-08-08 09:50:00-04:00,5.934999942779541,5.934999942779541,5.934999942779541,5.934999942779541,241,0.0,0.0
2024-08-08 09:55:00-04:00,5.960000038146973,5.960000038146973,5.960000038146973,5.960000038146973,111,0.0,0.0
2024-08-08 10:00:00-04:00,5.909999847412109,5.949999809265137,5.909999847412109,5.934999942779541,1685,0.0,0.0
2024-08-08 10:05:00-04:00,5.929999828338623,5.929999828338623,5.929999828338623,5.929999828338623,754,0.0,0.0
2024-08-08 10:20:00-04:00,5.840000152587891,5.840000152587891,5.840000152587891,5.840000152587891,637,0.0,0.0
2024-08-08 10:25:00-04:00,5.875,5.875,5.875,5.875,1200,0.0,0.0
2024-08-08 10:30:00-04:00,5.840000152587891,5.840000152587891,5.840000152587891,5.840000152587891,200,0.0,0.0
2024-08-08 10:35:00-04:00,5.840000152587891,5.840000152587891,5.840000152587891,5.840000152587891,200,0.0,0.0
2024-08-08 10:40:00-04:00,5.869999885559082,5.869999885559082,5.855000019073486,5.855000019073486,1000,0.0,0.0
2024-08-08 10:45:00-04:00,5.860000133514404,5.96999979019165,5.860000133514404,5.940000057220459,1673,0.0,0.0
2024-08-08 10:55:00-04:00,5.940000057220459,5.949999809265137,5.940000057220459,5.949999809265137,1167,0.0,0.0
2024-08-08 11:00:00-04:00,5.949999809265137,6.005000114440918,5.949999809265137,6.005000114440918,2506,0.0,0.0
2024-08-08 11:05:00-04:00,5.989999771118164,5.989999771118164,5.989999771118164,5.989999771118164,200,0.0,0.0
2024-08-08 11:10:00-04:00,5.980000019073486,5.980000019073486,5.980000019073486,5.980000019073486,1176,0.0,0.0
2024-08-08 11:15:00-04:00,5.980000019073486,6.010000228881836,5.980000019073486,6.010000228881836,2487,0.0,0.0
2024-08-08 11:20:00-04:00,6.010000228881836,6.019999980926514,6.010000228881836,6.019999980926514,648,0.0,0.0
2024-08-08 11:25:00-04:00,6.039999961853027,6.039999961853027,6.039999961853027,6.039999961853027,247,0.0,0.0
2024-08-08 11:30:00-04:00,6.019999980926514,6.03000020980835,6.019999980926514,6.03000020980835,979,0.0,0.0
2024-08-08 11:35:00-04:00,6.010000228881836,6.010000228881836,5.889999866485596,5.889999866485596,2242,0.0,0.0
2024-08-08 11:40:00-04:00,5.934999942779541,5.949999809265137,5.934999942779541,5.949999809265137,1105,0.0,0.0
2024-08-08 11:45:00-04:00,5.949999809265137,5.949999809265137,5.949999809265137,5.949999809265137,577,0.0,0.0
2024-08-08 11:50:00-04:00,5.949999809265137,5.949999809265137,5.949999809265137,5.949999809265137,617,0.0,0.0
2024-08-08 11:55:00-04:00,5.949999809265137,5.949999809265137,5.949999809265137,5.949999809265137,515,0.0,0.0
2024-08-08 12:00:00-04:00,5.96999979019165,5.96999979019165,5.949999809265137,5.949999809265137,433,0.0,0.0
2024-08-08 12:05:00-04:00,5.949999809265137,5.949999809265137,5.949999809265137,5.949999809265137,96,0.0,0.0
2024-08-08 12:10:00-04:00,5.949999809265137,5.949999809265137,5.949999809265137,5.949999809265137,200,0.0,0.0
2024-08-08 12:15:00-04:00,5.96999979019165,5.96999979019165,5.96999979019165,5.96999979019165,218,0.0,0.0
2024-08-08 12:25:00-04:00,5.949999809265137,5.949999809265137,5.949999809265137,5.949999809265137,486,0.0,0.0
2024-08-08 12:30:00-04:00,5.96999979019165,6.0,5.965000152587891,5.994999885559082,3115,0.0,0.0
2024-08-08 12:35:00-04:00,5.994999885559082,5.994999885559082,5.994999885559082,5.994999885559082,1009,0.0,0.0
2024-08-08 12:40:00-04:00,6.010000228881836,6.019999980926514,6.0,6.019999980926514,6913,0.0,0.0
2024-08-08 12:45:00-04:00,6.025000095367432,6.025000095367432,6.025000095367432,6.025000095367432,526,0.0,0.0
2024-08-08 12:50:00-04:00,6.010000228881836,6.019999980926514,6.0,6.005000114440918,2360,0.0,0.0
2024-08-08 12:55:00-04:00,6.0,6.0,5.985000133514404,6.0,1099,0.0,0.0
2024-08-08 13:00:00-04:00,5.974999904632568,5.974999904632568,5.974999904632568,5.974999904632568,119,0.0,0.0
2024-08-08 13:10:00-04:00,6.0,6.0,6.0,6.0,1824,0.0,0.0
2024-08-08 13:20:00-04:00,6.039999961853027,6.039999961853027,6.034999847412109,6.034999847412109,906,0.0,0.0
2024-08-08 13:25:00-04:00,6.03000020980835,6.03000020980835,5.989999771118164,5.989999771118164,2556,0.0,0.0
2024-08-08 13:30:00-04:00,5.989999771118164,6.0,5.989999771118164,6.0,1515,0.0,0.0
2024-08-08 13:35:00-04:00,6.010000228881836,6.010000228881836,6.010000228881836,6.010000228881836,789,0.0,0.0
2024-08-08 13:40:00-04:00,6.005000114440918,6.005000114440918,6.005000114440918,6.005000114440918,672,0.0,0.0
2024-08-08 13:45:00-04:00,5.989999771118164,5.989999771118164,5.989999771118164,5.989999771118164,654,0.0,0.0
2024-08-08 13:50:00-04:00,5.989999771118164,6.019999980926514,5.989999771118164,6.019999980926514,1991,0.0,0.0
2024-08-08 13:55:00-04:00,6.010000228881836,6.010000228881836,6.010000228881836,6.010000228881836,428,0.0,0.0
2024-08-08 14:00:00-04:00,6.0,6.050000190734863,6.0,6.034999847412109,2544,0.0,0.0
2024-08-08 14:10:00-04:00,6.019999980926514,6.019999980926514,5.989999771118164,6.0,2036,0.0,0.0
2024-08-08 14:15:00-04:00,6.010000228881836,6.010000228881836,6.010000228881836,6.010000228881836,2083,0.0,0.0
2024-08-08 14:20:00-04:00,6.03000020980835,6.039999961853027,6.03000020980835,6.039999961853027,564,0.0,0.0
2024-08-08 14:25:00-04:00,6.010000228881836,6.010000228881836,6.010000228881836,6.010000228881836,920,0.0,0.0
2024-08-08 14:30:00-04:00,5.990200042724609,6.0,5.989999771118164,6.0,4616,0.0,0.0
2024-08-08 14:35:00-04:00,6.019999980926514,6.070000171661377,6.019999980926514,6.050000190734863,7136,0.0,0.0
2024-08-08 14:40:00-04:00,6.039999961853027,6.070000171661377,6.019999980926514,6.070000171661377,17481,0.0,0.0
2024-08-08 14:45:00-04:00,6.070000171661377,6.090000152587891,6.070000171661377,6.090000152587891,1889,0.0,0.0
2024-08-08 14:50:00-04:00,6.074999809265137,6.099999904632568,6.074999809265137,6.099999904632568,615,0.0,0.0
2024-08-08 14:55:00-04:00,6.110000133514404,6.119999885559082,6.110000133514404,6.110000133514404,2040,0.0,0.0
2024-08-08 15:00:00-04:00,6.119999885559082,6.130000114440918,6.119999885559082,6.130000114440918,772,0.0,0.0
2024-08-08 15:05:00-04:00,6.130000114440918,6.130000114440918,6.130000114440918,6.130000114440918,1092,0.0,0.0
2024-08-08 15:20:00-04:00,6.114999771118164,6.119999885559082,6.105000019073486,6.114999771118164,2302,0.0,0.0
2024-08-08 15:25:00-04:00,6.110000133514404,6.110000133514404,6.110000133514404,6.110000133514404,869,0.0,0.0
2024-08-08 15:30:00-04:00,6.110000133514404,6.110000133514404,6.099999904632568,6.099999904632568,4971,0.0,0.0
2024-08-08 15:40:00-04:00,6.079999923706055,6.079999923706055,6.079999923706055,6.079999923706055,1272,0.0,0.0
2024-08-08 15:45:00-04:00,6.070000171661377,6.070000171661377,6.059999942779541,6.059999942779541,3517,0.0,0.0
2024-08-08 15:50:00-04:00,6.03000020980835,6.070000171661377,6.010000228881836,6.050000190734863,12165,0.0,0.0
2024-08-08 15:55:00-04:00,6.059999942779541,6.119999885559082,6.059999942779541,6.110000133514404,11069,0.0,0.0
2024-08-09 09:30:00-04:00,6.139999866485596,6.139999866485596,6.139999866485596,6.139999866485596,431,0.0,0.0
2024-08-09 09:45:00-04:00,6.110000133514404,6.110000133514404,6.079999923706055,6.079999923706055,1528,0.0,0.0
2024-08-09 09:50:00-04:00,6.010000228881836,6.010000228881836,6.0,6.010000228881836,618,0.0,0.0
2024-08-09 09:55:00-04:00,5.909999847412109,5.909999847412109,5.909999847412109,5.909999847412109,229,0.0,0.0
2024-08-09 10:00:00-04:00,5.934999942779541,5.96999979019165,5.934999942779541,5.96999979019165,7894,0.0,0.0
2024-08-09 10:05:00-04:00,5.953999996185303,5.954999923706055,5.940000057220459,5.954999923706055,667,0.0,0.0
2024-08-09 10:10:00-04:00,5.920000076293945,5.920000076293945,5.909999847412109,5.909999847412109,1075,0.0,0.0
2024-08-09 10:15:00-04:00,5.889999866485596,5.894999980926514,5.829999923706055,5.829999923706055,641,0.0,0.0
2024-08-09 10:20:00-04:00,5.820000171661377,5.880000114440918,5.820000171661377,5.880000114440918,701,0.0,0.0
2024-08-09 10:25:00-04:00,5.914999961853027,5.914999961853027,5.914999961853027,5.914999961853027,2270,0.0,0.0
2024-08-09 10:30:00-04:00,5.889999866485596,5.889999866485596,5.889999866485596,5.889999866485596,200,0.0,0.0
2024-08-09 10:35:00-04:00,5.869999885559082,5.869999885559082,5.869999885559082,5.869999885559082,220,0.0,0.0
2024-08-09 10:40:00-04:00,5.869999885559082,5.869999885559082,5.869999885559082,5.869999885559082,101,0.0,0.0
2024-08-09 10:45:00-04:00,5.860099792480469,5.860099792480469,5.860099792480469,5.860099792480469,748,0.0,0.0
2024-08-09 10:50:00-04:00,5.920000076293945,5.929999828338623,5.920000076293945,5.929999828338623,2782,0.0,0.0
2024-08-09 11:00:00-04:00,5.940000057220459,5.940000057220459,5.940000057220459,5.940000057220459,200,0.0,0.0
2024-08-09 11:10:00-04:00,5.929999828338623,5.929999828338623,5.929999828338623,5.929999828338623,679,0.0,0.0
2024-08-09 11:15:00-04:00,5.929999828338623,5.960000038146973,5.929999828338623,5.960000038146973,1262,0.0,0.0
2024-08-09 11:20:00-04:00,5.929999828338623,5.929999828338623,5.929999828338623,5.929999828338623,200,0.0,0.0
2024-08-09 11:25:00-04:00,5.929999828338623,5.945000171661377,5.929999828338623,5.929999828338623,1302,0.0,0.0
2024-08-09 11:30:00-04:00,5.929999828338623,5.960000038146973,5.929999828338623,5.960000038146973,2869,0.0,0.0
2024-08-09 11:35:00-04:00,5.929999828338623,5.929999828338623,5.929999828338623,5.929999828338623,479,0.0,0.0
2024-08-09 11:40:00-04:00,5.929999828338623,5.929999828338623,5.929999828338623,5.929999828338623,625,0.0,0.0
2024-08-09 11:45:00-04:00,5.949999809265137,5.949999809265137,5.949999809265137,5.949999809265137,561,0.0,0.0
2024-08-09 11:55:00-04:00,5.960000038146973,5.966800212860107,5.960000038146973,5.966800212860107,1245,0.0,0.0
2024-08-09 12:00:00-04:00,5.940000057220459,5.940000057220459,5.880000114440918,5.880000114440918,870,0.0,0.0
2024-08-09 12:05:00-04:00,5.929999828338623,5.929999828338623,5.929999828338623,5.929999828338623,1111,0.0,0.0
2024-08-09 12:10:00-04:00,5.869999885559082,5.874199867248535,5.840000152587891,5.874199867248535,672,0.0,0.0
2024-08-09 12:15:00-04:00,5.869999885559082,5.869999885559082,5.869999885559082,5.869999885559082,258,0.0,0.0
2024-08-09 12:20:00-04:00,5.889999866485596,5.934999942779541,5.869999885559082,5.934999942779541,3852,0.0,0.0
2024-08-09 12:25:00-04:00,5.940000057220459,5.940499782562256,5.940000057220459,5.940499782562256,405,0.0,0.0
2024-08-09 12:30:00-04:00,5.949999809265137,5.949999809265137,5.945000171661377,5.945000171661377,509,0.0,0.0
2024-08-09 12:45:00-04:00,5.960000038146973,5.96999979019165,5.960000038146973,5.96999979019165,1100,0.0,0.0
2024-08-09 13:25:00-04:00,5.960000038146973,5.96999979019165,5.949999809265137,5.960000038146973,1708,0.0,0.0
2024-08-09 13:40:00-04:00,5.929999828338623,5.929999828338623,5.929999828338623,5.929999828338623,2198,0.0,0.0
2024-08-09 13:45:00-04:00,5.880000114440918,5.949999809265137,5.880000114440918,5.949999809265137,3848,0.0,0.0
2024-08-09 13:50:00-04:00,5.954999923706055,5.954999923706055,5.954999923706055,5.954999923706055,200,0.0,0.0
2024-08-09 13:55:00-04:00,5.929999828338623,5.940000057220459,5.929999828338623,5.940000057220459,1017,0.0,0.0
2024-08-09 14:00:00-04:00,5.889999866485596,5.974999904632568,5.889999866485596,5.974999904632568,2246,0.0,0.0
2024-08-09 14:05:00-04:00,6.0,6.019999980926514,6.0,6.019999980926514,1452,0.0,0.0
2024-08-09 14:30:00-04:00,6.0,6.0,6.0,6.0,165,0.0,0.0
2024-08-09 14:35:00-04:00,5.989999771118164,6.019999980926514,5.980000019073486,6.019999980926514,662,0.0,0.0
2024-08-09 14:40:00-04:00,6.010000228881836,6.010000228881836,6.010000228881836,6.010000228881836,381,0.0,0.0
2024-08-09 14:50:00-04:00,6.03000020980835,6.039999961853027,6.03000020980835,6.034999847412109,1286,0.0,0.0
2024-08-09 14:55:00-04:00,6.039999961853027,6.045000076293945,6.039999961853027,6.045000076293945,1356,0.0,0.0
2024-08-09 15:05:00-04:00,6.039999961853027,6.039999961853027,5.980000019073486,5.980000019073486,891,0.0,0.0
2024-08-09 15:10:00-04:00,5.980000019073486,5.989999771118164,5.960000038146973,5.960000038146973,708,0.0,0.0
2024-08-09 15:15:00-04:00,5.985000133514404,5.989999771118164,5.985000133514404,5.989999771118164,210,0.0,0.0
2024-08-09 15:20:00-04:00,5.989999771118164,5.989999771118164,5.989999771118164,5.989999771118164,311,0.0,0.0
2024-08-09 15:25:00-04:00,5.989999771118164,6.039999961853027,5.989999771118164,6.039999961853027,2367,0.0,0.0
2024-08-09 15:35:00-04:00,6.019999980926514,6.019999980926514,6.0,6.0,2327,0.0,0.0
2024-08-09 15:40:00-04:00,6.0,6.010000228881836,5.980000019073486,5.980000019073486,1344,0.0,0.0
2024-08-09 15:45:00-04:00,5.989999771118164,5.989999771118164,5.980000019073486,5.980000019073486,410,0.0,0.0
2024-08-09 15:50:00-04:00,5.989999771118164,5.989999771118164,5.960000038146973,5.974999904632568,2306,0.0,0.0
2024-08-09 15:55:00-04:00,5.940000057220459,5.96999979019165,5.909999847412109,5.959000110626221,13726,0.0,0.0
