Datetime,Open,High,Low,Close,Volume,Dividends,Stock Splits
2024-06-17 09:30:00-04:00,12.479999542236328,12.479999542236328,12.479999542236328,12.479999542236328,5147,0.0,0.0
2024-06-17 09:33:00-04:00,12.46500015258789,12.489999771118164,12.46500015258789,12.489999771118164,9262,0.0,0.0
2024-06-17 09:34:00-04:00,12.470000267028809,12.470000267028809,12.470000267028809,12.470000267028809,0,0.0,0.0
2024-06-17 09:35:00-04:00,12.454999923706055,12.454999923706055,12.40999984741211,12.40999984741211,1491,0.0,0.0
2024-06-17 09:36:00-04:00,12.40999984741211,12.40999984741211,12.40999984741211,12.40999984741211,623,0.0,0.0
2024-06-17 09:37:00-04:00,12.350000381469727,12.350000381469727,12.25,12.25,868,0.0,0.0
2024-06-17 09:39:00-04:00,12.199999809265137,12.210000038146973,12.119999885559082,12.210000038146973,3634,0.0,0.0
2024-06-17 09:40:00-04:00,12.220000267028809,12.260000228881836,12.220000267028809,12.220000267028809,2214,0.0,0.0
2024-06-17 09:41:00-04:00,12.149999618530273,12.1899995803833,12.149999618530273,12.1899995803833,669,0.0,0.0
2024-06-17 09:43:00-04:00,12.109999656677246,12.109999656677246,12.109999656677246,12.109999656677246,629,0.0,0.0
2024-06-17 09:44:00-04:00,12.109999656677246,12.149999618530273,12.109999656677246,12.109999656677246,451,0.0,0.0
2024-06-17 09:45:00-04:00,12.149999618530273,12.229999542236328,12.149999618530273,12.229999542236328,1713,0.0,0.0
2024-06-17 09:46:00-04:00,12.260000228881836,12.270000457763672,12.25,12.25,1074,0.0,0.0
2024-06-17 09:49:00-04:00,12.25,12.25,12.25,12.25,983,0.0,0.0
2024-06-17 09:50:00-04:00,12.270000457763672,12.300000190734863,12.270000457763672,12.300000190734863,259,0.0,0.0
2024-06-17 09:51:00-04:00,12.300000190734863,12.34000015258789,12.274700164794922,12.34000015258789,717,0.0,0.0
2024-06-17 09:53:00-04:00,12.300000190734863,12.300000190734863,12.210000038146973,12.210000038146973,1172,0.0,0.0
2024-06-17 09:57:00-04:00,12.149999618530273,12.220000267028809,12.149999618530273,12.1850004196167,2191,0.0,0.0
2024-06-17 09:59:00-04:00,12.1850004196167,12.1850004196167,12.1850004196167,12.1850004196167,347,0.0,0.0
2024-06-17 10:00:00-04:00,12.1850004196167,12.1850004196167,12.1850004196167,12.1850004196167,1164,0.0,0.0
2024-06-17 10:01:00-04:00,12.109999656677246,12.109999656677246,12.109999656677246,12.109999656677246,987,0.0,0.0
2024-06-17 10:02:00-04:00,12.069999694824219,12.074999809265137,12.050000190734863,12.074999809265137,880,0.0,0.0
2024-06-17 10:03:00-04:00,12.079999923706055,12.079999923706055,12.079999923706055,12.079999923706055,200,0.0,0.0
2024-06-17 10:04:00-04:00,12.079999923706055,12.079999923706055,11.9399995803833,11.9399995803833,7902,0.0,0.0
2024-06-17 10:05:00-04:00,11.975000381469727,11.975000381469727,11.975000381469727,11.975000381469727,522,0.0,0.0
2024-06-17 10:07:00-04:00,11.979999542236328,12.0600004196167,11.970000267028809,12.020000457763672,5408,0.0,0.0
2024-06-17 10:08:00-04:00,12.050000190734863,12.109999656677246,12.050000190734863,12.09000015258789,1640,0.0,0.0
2024-06-17 10:09:00-04:00,12.116999626159668,12.170000076293945,12.086899757385254,12.140000343322754,5644,0.0,0.0
2024-06-17 10:10:00-04:00,12.130000114440918,12.130000114440918,12.130000114440918,12.130000114440918,578,0.0,0.0
2024-06-17 10:12:00-04:00,12.100000381469727,12.180000305175781,12.100000381469727,12.180000305175781,1745,0.0,0.0
2024-06-17 10:13:00-04:00,12.170000076293945,12.1899995803833,12.170000076293945,12.1899995803833,1217,0.0,0.0
2024-06-17 10:14:00-04:00,12.170000076293945,12.179699897766113,12.170000076293945,12.179400444030762,4137,0.0,0.0
2024-06-17 10:16:00-04:00,12.15999984741211,12.1899995803833,12.109999656677246,12.125,3661,0.0,0.0
2024-06-17 10:17:00-04:00,12.119999885559082,12.125,12.119999885559082,12.125,419,0.0,0.0
2024-06-17 10:18:00-04:00,12.100000381469727,12.100000381469727,12.069999694824219,12.069999694824219,1396,0.0,0.0
2024-06-17 10:19:00-04:00,12.085000038146973,12.100000381469727,12.085000038146973,12.100000381469727,903,0.0,0.0
2024-06-17 10:20:00-04:00,12.100000381469727,12.100000381469727,12.069999694824219,12.079999923706055,3214,0.0,0.0
2024-06-17 10:24:00-04:00,12.069999694824219,12.069999694824219,12.0600004196167,12.0600004196167,1861,0.0,0.0
2024-06-17 10:25:00-04:00,12.029999732971191,12.029999732971191,12.0,12.0,657,0.0,0.0
2024-06-17 10:26:00-04:00,12.029999732971191,12.029999732971191,12.010000228881836,12.010000228881836,556,0.0,0.0
2024-06-17 10:27:00-04:00,12.029999732971191,12.029999732971191,12.020000457763672,12.020000457763672,1040,0.0,0.0
2024-06-17 10:29:00-04:00,12.029800415039062,12.199999809265137,12.02970027923584,12.09000015258789,13796,0.0,0.0
2024-06-17 10:32:00-04:00,12.069999694824219,12.069999694824219,12.069999694824219,12.069999694824219,642,0.0,0.0
2024-06-17 10:34:00-04:00,12.0,12.0,12.0,12.0,421,0.0,0.0
2024-06-17 10:36:00-04:00,11.989999771118164,12.020000457763672,11.97189998626709,12.002599716186523,5223,0.0,0.0
2024-06-17 10:37:00-04:00,11.960000038146973,11.960000038146973,11.960000038146973,11.960000038146973,245,0.0,0.0
2024-06-17 10:38:00-04:00,11.960000038146973,11.960000038146973,11.9399995803833,11.9399995803833,1235,0.0,0.0
2024-06-17 10:40:00-04:00,11.9399995803833,11.9399995803833,11.899999618530273,11.930000305175781,1762,0.0,0.0
2024-06-17 10:43:00-04:00,11.859999656677246,11.890000343322754,11.770000457763672,11.770000457763672,6705,0.0,0.0
2024-06-17 10:44:00-04:00,11.8100004196167,11.819999694824219,11.789999961853027,11.789999961853027,1510,0.0,0.0
2024-06-17 10:45:00-04:00,11.805000305175781,11.805000305175781,11.805000305175781,11.805000305175781,386,0.0,0.0
2024-06-17 10:47:00-04:00,11.8149995803833,11.84000015258789,11.770000457763672,11.84000015258789,1474,0.0,0.0
2024-06-17 10:48:00-04:00,11.8149995803833,11.8149995803833,11.720000267028809,11.770000457763672,16589,0.0,0.0
2024-06-17 10:49:00-04:00,11.75,11.789999961853027,11.75,11.774999618530273,1412,0.0,0.0
2024-06-17 10:51:00-04:00,11.755000114440918,11.755000114440918,11.720000267028809,11.729999542236328,1748,0.0,0.0
2024-06-17 10:53:00-04:00,11.710000038146973,11.710000038146973,11.699999809265137,11.699999809265137,1017,0.0,0.0
2024-06-17 10:57:00-04:00,11.699999809265137,11.720000267028809,11.699999809265137,11.71500015258789,1381,0.0,0.0
2024-06-17 10:58:00-04:00,11.7298002243042,11.7298002243042,11.720000267028809,11.729499816894531,1350,0.0,0.0
2024-06-17 10:59:00-04:00,11.725000381469727,11.729999542236328,11.725000381469727,11.729999542236328,570,0.0,0.0
2024-06-17 11:00:00-04:00,11.75,11.75,11.739999771118164,11.739999771118164,1529,0.0,0.0
2024-06-17 11:01:00-04:00,11.720000267028809,11.744999885559082,11.720000267028809,11.744999885559082,886,0.0,0.0
2024-06-17 11:02:00-04:00,11.729999542236328,11.75,11.729999542236328,11.75,556,0.0,0.0
2024-06-17 11:05:00-04:00,11.753800392150879,11.769800186157227,11.75,11.769800186157227,3773,0.0,0.0
2024-06-17 11:06:00-04:00,11.760000228881836,11.760000228881836,11.739999771118164,11.739999771118164,3876,0.0,0.0
2024-06-17 11:07:00-04:00,11.759599685668945,11.800000190734863,11.759599685668945,11.78499984741211,4649,0.0,0.0
2024-06-17 11:08:00-04:00,11.767399787902832,11.793499946594238,11.767399787902832,11.793499946594238,581,0.0,0.0
2024-06-17 11:09:00-04:00,11.78499984741211,11.800000190734863,11.78499984741211,11.78499984741211,841,0.0,0.0
2024-06-17 11:10:00-04:00,11.78499984741211,11.78499984741211,11.78499984741211,11.78499984741211,226,0.0,0.0
2024-06-17 11:11:00-04:00,11.770099639892578,11.789999961853027,11.75,11.75,1983,0.0,0.0
2024-06-17 11:12:00-04:00,11.710000038146973,11.71500015258789,11.710000038146973,11.71500015258789,652,0.0,0.0
2024-06-17 11:13:00-04:00,11.719900131225586,11.719900131225586,11.719900131225586,11.719900131225586,1055,0.0,0.0
2024-06-17 11:14:00-04:00,11.718999862670898,11.718999862670898,11.718999862670898,11.718999862670898,502,0.0,0.0
2024-06-17 11:16:00-04:00,11.6899995803833,11.704999923706055,11.680000305175781,11.704999923706055,441,0.0,0.0
2024-06-17 11:18:00-04:00,11.699999809265137,11.729599952697754,11.699999809265137,11.729599952697754,4006,0.0,0.0
2024-06-17 11:19:00-04:00,11.704999923706055,11.704999923706055,11.704999923706055,11.704999923706055,0,0.0,0.0
2024-06-17 11:20:00-04:00,11.699999809265137,11.719099998474121,11.680000305175781,11.719099998474121,1828,0.0,0.0
2024-06-17 11:22:00-04:00,11.709400177001953,11.709400177001953,11.640000343322754,11.640000343322754,2035,0.0,0.0
2024-06-17 11:24:00-04:00,11.609999656677246,11.669500350952148,11.609999656677246,11.669500350952148,1150,0.0,0.0
2024-06-17 11:25:00-04:00,11.640000343322754,11.664600372314453,11.640000343322754,11.654999732971191,4671,0.0,0.0
2024-06-17 11:27:00-04:00,11.640000343322754,11.640000343322754,11.640000343322754,11.640000343322754,2103,0.0,0.0
2024-06-17 11:29:00-04:00,11.668999671936035,11.668999671936035,11.609999656677246,11.609999656677246,558,0.0,0.0
2024-06-17 11:30:00-04:00,11.640000343322754,11.640000343322754,11.640000343322754,11.640000343322754,694,0.0,0.0
2024-06-17 11:31:00-04:00,11.645000457763672,11.645000457763672,11.645000457763672,11.645000457763672,0,0.0,0.0
2024-06-17 11:32:00-04:00,11.619999885559082,11.645000457763672,11.585000038146973,11.585000038146973,1827,0.0,0.0
2024-06-17 11:33:00-04:00,11.585000038146973,11.609999656677246,11.585000038146973,11.604999542236328,1842,0.0,0.0
2024-06-17 11:34:00-04:00,11.600000381469727,11.600000381469727,11.550000190734863,11.550000190734863,2502,0.0,0.0
2024-06-17 11:39:00-04:00,11.550000190734863,11.550000190734863,11.53499984741211,11.53499984741211,2201,0.0,0.0
2024-06-17 11:40:00-04:00,11.510000228881836,11.510000228881836,11.510000228881836,11.510000228881836,203,0.0,0.0
2024-06-17 11:41:00-04:00,11.559900283813477,11.600000381469727,11.53499984741211,11.59000015258789,6152,0.0,0.0
2024-06-17 11:42:00-04:00,11.59220027923584,11.593400001525879,11.59220027923584,11.593400001525879,2400,0.0,0.0
2024-06-17 11:43:00-04:00,11.585000038146973,11.619999885559082,11.585000038146973,11.59000015258789,3201,0.0,0.0
2024-06-17 11:44:00-04:00,11.649399757385254,11.649399757385254,11.59000015258789,11.59000015258789,3946,0.0,0.0
2024-06-17 11:45:00-04:00,11.59000015258789,11.65999984741211,11.585000038146973,11.619999885559082,2917,0.0,0.0
2024-06-17 11:46:00-04:00,11.630000114440918,11.710000038146973,11.630000114440918,11.710000038146973,10564,0.0,0.0
2024-06-17 11:47:00-04:00,11.70989990234375,11.710000038146973,11.675000190734863,11.675000190734863,0,0.0,0.0
2024-06-17 11:48:00-04:00,11.710000038146973,11.710000038146973,11.710000038146973,11.710000038146973,246,0.0,0.0
2024-06-17 11:49:00-04:00,11.649999618530273,11.675000190734863,11.649999618530273,11.675000190734863,290,0.0,0.0
2024-06-17 11:52:00-04:00,11.670000076293945,11.670000076293945,11.670000076293945,11.670000076293945,408,0.0,0.0
2024-06-17 11:55:00-04:00,11.664999961853027,11.664999961853027,11.664999961853027,11.664999961853027,279,0.0,0.0
2024-06-17 11:56:00-04:00,11.609999656677246,11.619999885559082,11.585000038146973,11.614999771118164,2129,0.0,0.0
2024-06-17 11:58:00-04:00,11.579999923706055,11.607199668884277,11.579999923706055,11.607199668884277,2050,0.0,0.0
2024-06-17 11:59:00-04:00,11.600000381469727,11.649999618530273,11.600000381469727,11.613200187683105,1564,0.0,0.0
2024-06-17 12:00:00-04:00,11.619999885559082,11.619999885559082,11.619999885559082,11.619999885559082,127,0.0,0.0
2024-06-17 12:01:00-04:00,11.619999885559082,11.619999885559082,11.619999885559082,11.619999885559082,5498,0.0,0.0
2024-06-17 12:04:00-04:00,11.649900436401367,11.75,11.640000343322754,11.720000267028809,16175,0.0,0.0
2024-06-17 12:05:00-04:00,11.720000267028809,11.725000381469727,11.720000267028809,11.725000381469727,1110,0.0,0.0
2024-06-17 12:06:00-04:00,11.720000267028809,11.720000267028809,11.720000267028809,11.720000267028809,1021,0.0,0.0
2024-06-17 12:07:00-04:00,11.75,11.819999694824219,11.729999542236328,11.819999694824219,3888,0.0,0.0
2024-06-17 12:08:00-04:00,11.795000076293945,11.795000076293945,11.795000076293945,11.795000076293945,195,0.0,0.0
2024-06-17 12:09:00-04:00,11.795000076293945,11.795000076293945,11.795000076293945,11.795000076293945,210,0.0,0.0
2024-06-17 12:10:00-04:00,11.789999961853027,11.789999961853027,11.789999961853027,11.789999961853027,809,0.0,0.0
2024-06-17 12:12:00-04:00,11.789999961853027,11.789999961853027,11.789999961853027,11.789999961853027,300,0.0,0.0
2024-06-17 12:13:00-04:00,11.795000076293945,11.899999618530273,11.795000076293945,11.835000038146973,4994,0.0,0.0
2024-06-17 12:15:00-04:00,11.90999984741211,11.90999984741211,11.90999984741211,11.90999984741211,287,0.0,0.0
2024-06-17 12:16:00-04:00,11.875,11.904999732971191,11.875,11.904999732971191,983,0.0,0.0
2024-06-17 12:17:00-04:00,11.92389965057373,11.92389965057373,11.920000076293945,11.920000076293945,916,0.0,0.0
2024-06-17 12:18:00-04:00,11.920000076293945,11.9399995803833,11.920000076293945,11.9399995803833,304,0.0,0.0
2024-06-17 12:19:00-04:00,11.960000038146973,11.970000267028809,11.944999694824219,11.949999809265137,1120,0.0,0.0
2024-06-17 12:20:00-04:00,11.9399995803833,11.9399995803833,11.9399995803833,11.9399995803833,1239,0.0,0.0
2024-06-17 12:23:00-04:00,11.944999694824219,11.949999809265137,11.90999984741211,11.90999984741211,1534,0.0,0.0
2024-06-17 12:24:00-04:00,11.880000114440918,11.880000114440918,11.880000114440918,11.880000114440918,217,0.0,0.0
2024-06-17 12:25:00-04:00,11.880000114440918,11.880000114440918,11.880000114440918,11.880000114440918,204,0.0,0.0
2024-06-17 12:26:00-04:00,11.90999984741211,11.9399995803833,11.890000343322754,11.9399995803833,203,0.0,0.0
2024-06-17 12:27:00-04:00,11.890000343322754,11.890000343322754,11.890000343322754,11.890000343322754,391,0.0,0.0
2024-06-17 12:28:00-04:00,11.899999618530273,11.899999618530273,11.899999618530273,11.899999618530273,200,0.0,0.0
2024-06-17 12:29:00-04:00,11.869999885559082,11.899999618530273,11.869999885559082,11.899999618530273,122,0.0,0.0
2024-06-17 12:30:00-04:00,11.869999885559082,11.869999885559082,11.869999885559082,11.869999885559082,301,0.0,0.0
2024-06-17 12:31:00-04:00,11.880000114440918,11.880000114440918,11.880000114440918,11.880000114440918,751,0.0,0.0
2024-06-17 12:33:00-04:00,11.859999656677246,11.859999656677246,11.850000381469727,11.850000381469727,317,0.0,0.0
2024-06-17 12:35:00-04:00,11.850000381469727,11.880000114440918,11.850000381469727,11.880000114440918,2280,0.0,0.0
2024-06-17 12:36:00-04:00,11.850000381469727,11.90999984741211,11.850000381469727,11.90999984741211,4985,0.0,0.0
2024-06-17 12:37:00-04:00,11.90999984741211,11.930000305175781,11.90999984741211,11.914999961853027,1172,0.0,0.0
2024-06-17 12:38:00-04:00,11.920000076293945,11.920000076293945,11.920000076293945,11.920000076293945,101,0.0,0.0
2024-06-17 12:39:00-04:00,11.9399995803833,11.9399995803833,11.9399995803833,11.9399995803833,420,0.0,0.0
2024-06-17 12:40:00-04:00,11.939900398254395,11.975000381469727,11.939000129699707,11.975000381469727,2238,0.0,0.0
2024-06-17 12:41:00-04:00,11.989999771118164,11.989999771118164,11.989999771118164,11.989999771118164,340,0.0,0.0
2024-06-17 12:42:00-04:00,12.0,12.0,12.0,12.0,336,0.0,0.0
2024-06-17 12:44:00-04:00,12.029600143432617,12.039999961853027,11.989999771118164,12.039999961853027,1152,0.0,0.0
2024-06-17 12:45:00-04:00,12.029999732971191,12.029999732971191,12.029999732971191,12.029999732971191,214,0.0,0.0
2024-06-17 12:46:00-04:00,12.010000228881836,12.010000228881836,12.010000228881836,12.010000228881836,140,0.0,0.0
2024-06-17 12:47:00-04:00,12.010000228881836,12.010000228881836,12.010000228881836,12.010000228881836,513,0.0,0.0
2024-06-17 12:49:00-04:00,11.979999542236328,11.979999542236328,11.979999542236328,11.979999542236328,162,0.0,0.0
2024-06-17 12:50:00-04:00,11.949999809265137,11.96500015258789,11.949999809265137,11.96500015258789,556,0.0,0.0
2024-06-17 12:52:00-04:00,11.975000381469727,11.994099617004395,11.949999809265137,11.975000381469727,2262,0.0,0.0
2024-06-17 12:53:00-04:00,11.979999542236328,12.020000457763672,11.979999542236328,12.020000457763672,2400,0.0,0.0
2024-06-17 12:54:00-04:00,12.029999732971191,12.029999732971191,12.029999732971191,12.029999732971191,195,0.0,0.0
2024-06-17 12:55:00-04:00,12.020000457763672,12.020000457763672,12.005000114440918,12.005000114440918,1296,0.0,0.0
2024-06-17 12:56:00-04:00,12.0,12.0,11.979999542236328,11.979999542236328,2247,0.0,0.0
2024-06-17 13:01:00-04:00,11.96500015258789,11.96500015258789,11.96500015258789,11.96500015258789,135,0.0,0.0
2024-06-17 13:04:00-04:00,11.9399995803833,11.96500015258789,11.9399995803833,11.96500015258789,425,0.0,0.0
2024-06-17 13:05:00-04:00,11.96500015258789,11.96500015258789,11.96500015258789,11.96500015258789,201,0.0,0.0
2024-06-17 13:06:00-04:00,11.96500015258789,11.96500015258789,11.96500015258789,11.96500015258789,200,0.0,0.0
2024-06-17 13:07:00-04:00,11.9399995803833,11.9399995803833,11.9399995803833,11.9399995803833,298,0.0,0.0
2024-06-17 13:08:00-04:00,11.949999809265137,11.949999809265137,11.949999809265137,11.949999809265137,200,0.0,0.0
2024-06-17 13:09:00-04:00,11.970000267028809,11.970000267028809,11.970000267028809,11.970000267028809,31,0.0,0.0
2024-06-17 13:10:00-04:00,11.949999809265137,11.949999809265137,11.949999809265137,11.949999809265137,1656,0.0,0.0
2024-06-17 13:14:00-04:00,11.9350004196167,11.9350004196167,11.9350004196167,11.9350004196167,143,0.0,0.0
2024-06-17 13:15:00-04:00,11.920000076293945,11.9350004196167,11.920000076293945,11.9350004196167,350,0.0,0.0
2024-06-17 13:16:00-04:00,11.9350004196167,11.9350004196167,11.920000076293945,11.920000076293945,387,0.0,0.0
2024-06-17 13:17:00-04:00,11.9350004196167,11.9350004196167,11.9350004196167,11.9350004196167,602,0.0,0.0
2024-06-17 13:18:00-04:00,11.9350004196167,11.9350004196167,11.9350004196167,11.9350004196167,646,0.0,0.0
2024-06-17 13:19:00-04:00,11.920000076293945,11.920000076293945,11.920000076293945,11.920000076293945,110,0.0,0.0
2024-06-17 13:20:00-04:00,11.9350004196167,11.9350004196167,11.9350004196167,11.9350004196167,479,0.0,0.0
2024-06-17 13:21:00-04:00,11.9399995803833,11.9399995803833,11.9399995803833,11.9399995803833,328,0.0,0.0
2024-06-17 13:23:00-04:00,11.920000076293945,11.944999694824219,11.920000076293945,11.944999694824219,518,0.0,0.0
2024-06-17 13:24:00-04:00,11.960000038146973,12.0,11.960000038146973,12.0,2235,0.0,0.0
2024-06-17 13:26:00-04:00,11.960100173950195,11.984999656677246,11.960100173950195,11.984999656677246,4265,0.0,0.0
2024-06-17 13:27:00-04:00,12.020000457763672,12.039999961853027,12.020000457763672,12.039999961853027,861,0.0,0.0
2024-06-17 13:28:00-04:00,12.03499984741211,12.03499984741211,12.029999732971191,12.029999732971191,362,0.0,0.0
2024-06-17 13:29:00-04:00,12.03499984741211,12.03499984741211,12.03499984741211,12.03499984741211,379,0.0,0.0
2024-06-17 13:32:00-04:00,12.024999618530273,12.024999618530273,12.024999618530273,12.024999618530273,215,0.0,0.0
2024-06-17 13:33:00-04:00,12.03499984741211,12.03499984741211,12.03499984741211,12.03499984741211,86,0.0,0.0
2024-06-17 13:37:00-04:00,12.020000457763672,12.039999961853027,12.020000457763672,12.020000457763672,1046,0.0,0.0
2024-06-17 13:40:00-04:00,12.03499984741211,12.03499984741211,12.03499984741211,12.03499984741211,213,0.0,0.0
2024-06-17 13:41:00-04:00,12.020000457763672,12.03499984741211,12.020000457763672,12.03499984741211,907,0.0,0.0
2024-06-17 13:44:00-04:00,12.050000190734863,12.0600004196167,12.050000190734863,12.050000190734863,1583,0.0,0.0
2024-06-17 13:45:00-04:00,12.029999732971191,12.029999732971191,12.029999732971191,12.029999732971191,456,0.0,0.0
2024-06-17 13:48:00-04:00,12.020000457763672,12.039999961853027,12.020000457763672,12.039999961853027,943,0.0,0.0
2024-06-17 13:49:00-04:00,12.049099922180176,12.049099922180176,12.03499984741211,12.03499984741211,273,0.0,0.0
2024-06-17 13:51:00-04:00,12.03499984741211,12.03499984741211,12.03499984741211,12.03499984741211,103,0.0,0.0
2024-06-17 13:52:00-04:00,12.03499984741211,12.03499984741211,12.03499984741211,12.03499984741211,203,0.0,0.0
2024-06-17 13:53:00-04:00,12.03499984741211,12.0600004196167,12.03499984741211,12.050000190734863,2678,0.0,0.0
2024-06-17 13:54:00-04:00,12.053500175476074,12.100000381469727,12.050000190734863,12.100000381469727,3390,0.0,0.0
2024-06-17 13:55:00-04:00,12.100000381469727,12.149999618530273,12.100000381469727,12.140000343322754,3337,0.0,0.0
2024-06-17 13:56:00-04:00,12.15999984741211,12.15999984741211,12.130000114440918,12.130000114440918,1369,0.0,0.0
2024-06-17 13:57:00-04:00,12.130000114440918,12.130000114440918,12.130000114440918,12.130000114440918,406,0.0,0.0
2024-06-17 13:58:00-04:00,12.109999656677246,12.119999885559082,12.0600004196167,12.100000381469727,1841,0.0,0.0
2024-06-17 14:00:00-04:00,12.100000381469727,12.140000343322754,12.095000267028809,12.140000343322754,2432,0.0,0.0
2024-06-17 14:01:00-04:00,12.140000343322754,12.140000343322754,12.140000343322754,12.140000343322754,305,0.0,0.0
2024-06-17 14:04:00-04:00,12.140000343322754,12.140000343322754,12.140000343322754,12.140000343322754,186,0.0,0.0
2024-06-17 14:06:00-04:00,12.145000457763672,12.145000457763672,12.145000457763672,12.145000457763672,200,0.0,0.0
2024-06-17 14:08:00-04:00,12.170000076293945,12.178000450134277,12.154999732971191,12.178000450134277,1248,0.0,0.0
2024-06-17 14:10:00-04:00,12.15999984741211,12.15999984741211,12.15999984741211,12.15999984741211,304,0.0,0.0
2024-06-17 14:11:00-04:00,12.154999732971191,12.154999732971191,12.154999732971191,12.154999732971191,811,0.0,0.0
2024-06-17 14:12:00-04:00,12.154999732971191,12.154999732971191,12.140000343322754,12.140000343322754,204,0.0,0.0
2024-06-17 14:13:00-04:00,12.170000076293945,12.220000267028809,12.170000076293945,12.220000267028809,2722,0.0,0.0
2024-06-17 14:14:00-04:00,12.194999694824219,12.220000267028809,12.194999694824219,12.194999694824219,828,0.0,0.0
2024-06-17 14:15:00-04:00,12.229900360107422,12.229900360107422,12.229900360107422,12.229900360107422,439,0.0,0.0
2024-06-17 14:16:00-04:00,12.210000038146973,12.210000038146973,12.170000076293945,12.196000099182129,7905,0.0,0.0
2024-06-17 14:17:00-04:00,12.199999809265137,12.229999542236328,12.199999809265137,12.220000267028809,2802,0.0,0.0
2024-06-17 14:18:00-04:00,12.220000267028809,12.220000267028809,12.220000267028809,12.220000267028809,343,0.0,0.0
2024-06-17 14:19:00-04:00,12.199999809265137,12.229999542236328,12.199999809265137,12.229999542236328,3613,0.0,0.0
2024-06-17 14:21:00-04:00,12.1899995803833,12.199999809265137,12.180000305175781,12.199999809265137,4059,0.0,0.0
2024-06-17 14:22:00-04:00,12.15999984741211,12.175000190734863,12.15999984741211,12.175000190734863,803,0.0,0.0
2024-06-17 14:25:00-04:00,12.0600004196167,12.0600004196167,12.0600004196167,12.0600004196167,458,0.0,0.0
2024-06-17 14:26:00-04:00,12.0600004196167,12.119999885559082,12.0600004196167,12.119999885559082,4399,0.0,0.0
2024-06-17 14:30:00-04:00,12.109999656677246,12.109999656677246,12.109999656677246,12.109999656677246,591,0.0,0.0
2024-06-17 14:31:00-04:00,12.100000381469727,12.100000381469727,12.100000381469727,12.100000381469727,531,0.0,0.0
2024-06-17 14:34:00-04:00,12.109999656677246,12.15999984741211,12.109999656677246,12.149999618530273,3379,0.0,0.0
2024-06-17 14:41:00-04:00,12.119999885559082,12.119999885559082,12.119999885559082,12.119999885559082,420,0.0,0.0
2024-06-17 14:42:00-04:00,12.135000228881836,12.135000228881836,12.135000228881836,12.135000228881836,101,0.0,0.0
2024-06-17 14:43:00-04:00,12.135000228881836,12.135000228881836,12.135000228881836,12.135000228881836,236,0.0,0.0
2024-06-17 14:44:00-04:00,12.135000228881836,12.135000228881836,12.135000228881836,12.135000228881836,751,0.0,0.0
2024-06-17 14:46:00-04:00,12.119999885559082,12.119999885559082,12.114999771118164,12.114999771118164,573,0.0,0.0
2024-06-17 14:47:00-04:00,12.09000015258789,12.104999542236328,12.09000015258789,12.104999542236328,473,0.0,0.0
2024-06-17 14:48:00-04:00,12.09000015258789,12.100000381469727,12.09000015258789,12.100000381469727,297,0.0,0.0
2024-06-17 14:49:00-04:00,12.109999656677246,12.119999885559082,12.109999656677246,12.109999656677246,2041,0.0,0.0
2024-06-17 14:50:00-04:00,12.10830020904541,12.130000114440918,12.10830020904541,12.130000114440918,3031,0.0,0.0
2024-06-17 14:51:00-04:00,12.100000381469727,12.100000381469727,12.069999694824219,12.069999694824219,984,0.0,0.0
2024-06-17 14:52:00-04:00,12.069999694824219,12.069999694824219,12.069999694824219,12.069999694824219,324,0.0,0.0
2024-06-17 14:54:00-04:00,12.069999694824219,12.069999694824219,12.069999694824219,12.069999694824219,200,0.0,0.0
2024-06-17 14:55:00-04:00,12.09000015258789,12.100000381469727,12.09000015258789,12.100000381469727,3226,0.0,0.0
2024-06-17 14:56:00-04:00,12.100000381469727,12.109999656677246,12.100000381469727,12.100000381469727,1797,0.0,0.0
2024-06-17 14:57:00-04:00,12.109999656677246,12.109999656677246,12.109999656677246,12.109999656677246,725,0.0,0.0
2024-06-17 14:58:00-04:00,12.128299713134766,12.130000114440918,12.128299713134766,12.130000114440918,690,0.0,0.0
2024-06-17 14:59:00-04:00,12.119999885559082,12.119999885559082,12.119999885559082,12.119999885559082,179,0.0,0.0
2024-06-17 15:01:00-04:00,12.119999885559082,12.122200012207031,12.119999885559082,12.122200012207031,1681,0.0,0.0
2024-06-17 15:02:00-04:00,12.119999885559082,12.149999618530273,12.119999885559082,12.149900436401367,3619,0.0,0.0
2024-06-17 15:03:00-04:00,12.135000228881836,12.135000228881836,12.135000228881836,12.135000228881836,111,0.0,0.0
2024-06-17 15:04:00-04:00,12.149999618530273,12.149999618530273,12.149999618530273,12.149999618530273,222,0.0,0.0
2024-06-17 15:05:00-04:00,12.135000228881836,12.135000228881836,12.135000228881836,12.135000228881836,200,0.0,0.0
2024-06-17 15:06:00-04:00,12.135000228881836,12.15999984741211,12.135000228881836,12.154999732971191,2973,0.0,0.0
2024-06-17 15:08:00-04:00,12.199999809265137,12.210000038146973,12.199999809265137,12.210000038146973,1257,0.0,0.0
2024-06-17 15:10:00-04:00,12.194999694824219,12.194999694824219,12.194999694824219,12.194999694824219,200,0.0,0.0
2024-06-17 15:11:00-04:00,12.199999809265137,12.199999809265137,12.180000305175781,12.180000305175781,118,0.0,0.0
2024-06-17 15:13:00-04:00,12.199999809265137,12.199999809265137,12.199999809265137,12.199999809265137,225,0.0,0.0
2024-06-17 15:14:00-04:00,12.180000305175781,12.180000305175781,12.180000305175781,12.180000305175781,1146,0.0,0.0
2024-06-17 15:15:00-04:00,12.175000190734863,12.175000190734863,12.175000190734863,12.175000190734863,237,0.0,0.0
2024-06-17 15:16:00-04:00,12.15999984741211,12.15999984741211,12.15999984741211,12.15999984741211,336,0.0,0.0
2024-06-17 15:17:00-04:00,12.15999984741211,12.170000076293945,12.15999984741211,12.15999984741211,3028,0.0,0.0
2024-06-17 15:18:00-04:00,12.15999984741211,12.15999984741211,12.152700424194336,12.15999984741211,1054,0.0,0.0
2024-06-17 15:19:00-04:00,12.154999732971191,12.154999732971191,12.154999732971191,12.154999732971191,159,0.0,0.0
2024-06-17 15:20:00-04:00,12.154999732971191,12.154999732971191,12.140000343322754,12.140000343322754,1000,0.0,0.0
2024-06-17 15:21:00-04:00,12.149999618530273,12.15999984741211,12.149999618530273,12.15999984741211,1681,0.0,0.0
2024-06-17 15:22:00-04:00,12.149999618530273,12.149999618530273,12.149999618530273,12.149999618530273,701,0.0,0.0
2024-06-17 15:23:00-04:00,12.154999732971191,12.154999732971191,12.069999694824219,12.074999809265137,11388,0.0,0.0
2024-06-17 15:24:00-04:00,12.074999809265137,12.074999809265137,12.074999809265137,12.074999809265137,62,0.0,0.0
2024-06-17 15:25:00-04:00,12.100000381469727,12.109999656677246,12.100000381469727,12.109999656677246,1733,0.0,0.0
2024-06-17 15:26:00-04:00,12.095000267028809,12.100000381469727,12.095000267028809,12.100000381469727,575,0.0,0.0
2024-06-17 15:27:00-04:00,12.100000381469727,12.100000381469727,12.100000381469727,12.100000381469727,527,0.0,0.0
2024-06-17 15:28:00-04:00,12.100000381469727,12.100000381469727,12.100000381469727,12.100000381469727,395,0.0,0.0
2024-06-17 15:29:00-04:00,12.079999923706055,12.079999923706055,12.079999923706055,12.079999923706055,757,0.0,0.0
2024-06-17 15:30:00-04:00,12.050000190734863,12.050000190734863,12.039999961853027,12.039999961853027,2490,0.0,0.0
2024-06-17 15:31:00-04:00,12.045000076293945,12.045000076293945,12.0,12.0,3042,0.0,0.0
2024-06-17 15:32:00-04:00,12.010000228881836,12.010000228881836,11.960000038146973,11.960000038146973,5384,0.0,0.0
2024-06-17 15:33:00-04:00,11.954999923706055,11.960000038146973,11.90999984741211,11.960000038146973,5708,0.0,0.0
2024-06-17 15:34:00-04:00,11.904999732971191,11.904999732971191,11.904999732971191,11.904999732971191,668,0.0,0.0
2024-06-17 15:35:00-04:00,11.904999732971191,11.920000076293945,11.880000114440918,11.890000343322754,5000,0.0,0.0
2024-06-17 15:36:00-04:00,11.899999618530273,11.920000076293945,11.885000228881836,11.915499687194824,4881,0.0,0.0
2024-06-17 15:37:00-04:00,11.899999618530273,11.90999984741211,11.899999618530273,11.90999984741211,440,0.0,0.0
2024-06-17 15:38:00-04:00,11.895000457763672,11.895000457763672,11.875,11.875,3996,0.0,0.0
2024-06-17 15:39:00-04:00,11.850000381469727,11.859999656677246,11.789999961853027,11.789999961853027,13706,0.0,0.0
2024-06-17 15:40:00-04:00,11.779999732971191,11.869999885559082,11.779999732971191,11.869999885559082,7548,0.0,0.0
2024-06-17 15:41:00-04:00,11.890000343322754,11.890000343322754,11.890000343322754,11.890000343322754,2319,0.0,0.0
2024-06-17 15:42:00-04:00,11.864999771118164,11.864999771118164,11.831000328063965,11.831000328063965,1413,0.0,0.0
2024-06-17 15:43:00-04:00,11.829999923706055,11.845000267028809,11.829999923706055,11.845000267028809,1762,0.0,0.0
2024-06-17 15:44:00-04:00,11.845000267028809,11.850000381469727,11.829999923706055,11.850000381469727,1388,0.0,0.0
2024-06-17 15:45:00-04:00,11.84000015258789,11.869999885559082,11.824999809265137,11.864999771118164,9082,0.0,0.0
2024-06-17 15:46:00-04:00,11.864999771118164,11.880000114440918,11.850000381469727,11.850000381469727,2113,0.0,0.0
2024-06-17 15:47:00-04:00,11.845000267028809,11.854999542236328,11.835000038146973,11.84000015258789,2977,0.0,0.0
2024-06-17 15:48:00-04:00,11.835000038146973,11.850000381469727,11.824999809265137,11.824999809265137,6427,0.0,0.0
2024-06-17 15:50:00-04:00,11.8149995803833,11.859999656677246,11.8149995803833,11.859999656677246,5820,0.0,0.0
2024-06-17 15:51:00-04:00,11.854999542236328,11.869999885559082,11.854999542236328,11.869999885559082,4831,0.0,0.0
2024-06-17 15:52:00-04:00,11.850000381469727,11.864999771118164,11.850000381469727,11.864999771118164,2783,0.0,0.0
2024-06-17 15:53:00-04:00,11.854999542236328,11.890000343322754,11.854999542236328,11.885000228881836,3905,0.0,0.0
2024-06-17 15:54:00-04:00,11.880000114440918,11.9399995803833,11.880000114440918,11.9350004196167,7212,0.0,0.0
2024-06-17 15:55:00-04:00,11.9399995803833,11.979999542236328,11.9399995803833,11.954999923706055,8823,0.0,0.0
2024-06-17 15:56:00-04:00,11.960000038146973,11.979999542236328,11.960000038146973,11.975000381469727,3827,0.0,0.0
2024-06-17 15:57:00-04:00,11.970000267028809,12.0,11.960000038146973,11.994999885559082,9853,0.0,0.0
2024-06-17 15:58:00-04:00,12.0,12.050000190734863,12.0,12.039999961853027,19895,0.0,0.0
2024-06-17 15:59:00-04:00,12.050000190734863,12.09000015258789,12.045000076293945,12.09000015258789,23302,0.0,0.0
2024-06-18 09:30:00-04:00,12.140000343322754,12.140000343322754,11.670000076293945,11.670000076293945,3906,0.0,0.0
2024-06-18 09:31:00-04:00,12.194999694824219,12.194999694824219,12.194999694824219,12.194999694824219,200,0.0,0.0
2024-06-18 09:32:00-04:00,12.039999961853027,12.039999961853027,12.039999961853027,12.039999961853027,575,0.0,0.0
2024-06-18 09:33:00-04:00,12.204999923706055,12.204999923706055,12.15999984741211,12.15999984741211,412,0.0,0.0
2024-06-18 09:34:00-04:00,12.204999923706055,12.204999923706055,11.970000267028809,11.970000267028809,815,0.0,0.0
2024-06-18 09:35:00-04:00,12.079999923706055,12.079999923706055,12.079999923706055,12.079999923706055,0,0.0,0.0
2024-06-18 09:36:00-04:00,12.15999984741211,12.15999984741211,12.15999984741211,12.15999984741211,253,0.0,0.0
2024-06-18 09:37:00-04:00,12.15999984741211,12.15999984741211,12.15999984741211,12.15999984741211,451,0.0,0.0
2024-06-18 09:38:00-04:00,12.15999984741211,12.25,12.15999984741211,12.25,2998,0.0,0.0
2024-06-18 09:39:00-04:00,12.329999923706055,12.395000457763672,12.329999923706055,12.395000457763672,1170,0.0,0.0
2024-06-18 09:42:00-04:00,12.494999885559082,12.494999885559082,12.494999885559082,12.494999885559082,457,0.0,0.0
2024-06-18 09:43:00-04:00,12.5649995803833,12.5649995803833,12.453800201416016,12.453800201416016,1719,0.0,0.0
2024-06-18 09:45:00-04:00,12.484999656677246,12.484999656677246,12.484999656677246,12.484999656677246,616,0.0,0.0
2024-06-18 09:47:00-04:00,12.449999809265137,12.539999961853027,12.449999809265137,12.539999961853027,5191,0.0,0.0
2024-06-18 09:48:00-04:00,12.4350004196167,12.4350004196167,12.399999618530273,12.399999618530273,438,0.0,0.0
2024-06-18 09:49:00-04:00,12.4350004196167,12.4350004196167,12.4350004196167,12.4350004196167,235,0.0,0.0
2024-06-18 09:51:00-04:00,12.489999771118164,12.489999771118164,12.460000038146973,12.460000038146973,460,0.0,0.0
2024-06-18 09:52:00-04:00,12.460000038146973,12.460000038146973,12.400899887084961,12.420000076293945,3457,0.0,0.0
2024-06-18 09:53:00-04:00,12.430000305175781,12.479000091552734,12.430000305175781,12.450499534606934,1180,0.0,0.0
2024-06-18 09:54:00-04:00,12.5,12.5,12.484999656677246,12.484999656677246,4197,0.0,0.0
2024-06-18 09:55:00-04:00,12.529999732971191,12.529999732971191,12.5,12.5,1005,0.0,0.0
2024-06-18 09:57:00-04:00,12.484999656677246,12.5,12.430000305175781,12.430000305175781,2344,0.0,0.0
2024-06-18 09:59:00-04:00,12.25,12.25,12.25,12.25,747,0.0,0.0
2024-06-18 10:00:00-04:00,12.199999809265137,12.199999809265137,12.149999618530273,12.149999618530273,3070,0.0,0.0
2024-06-18 10:01:00-04:00,12.170000076293945,12.170000076293945,12.154999732971191,12.15999984741211,1327,0.0,0.0
2024-06-18 10:02:00-04:00,12.135000228881836,12.135000228881836,12.135000228881836,12.135000228881836,234,0.0,0.0
2024-06-18 10:03:00-04:00,12.140000343322754,12.140000343322754,12.140000343322754,12.140000343322754,369,0.0,0.0
2024-06-18 10:04:00-04:00,12.170000076293945,12.210000038146973,12.170000076293945,12.210000038146973,1276,0.0,0.0
2024-06-18 10:05:00-04:00,12.1899995803833,12.1899995803833,12.1899995803833,12.1899995803833,813,0.0,0.0
2024-06-18 10:06:00-04:00,12.175000190734863,12.300000190734863,12.175000190734863,12.300000190734863,2526,0.0,0.0
2024-06-18 10:08:00-04:00,12.265000343322754,12.265000343322754,12.265000343322754,12.265000343322754,200,0.0,0.0
2024-06-18 10:09:00-04:00,12.230799674987793,12.230799674987793,12.230799674987793,12.230799674987793,337,0.0,0.0
2024-06-18 10:11:00-04:00,12.260000228881836,12.260000228881836,12.260000228881836,12.260000228881836,212,0.0,0.0
2024-06-18 10:12:00-04:00,12.289400100708008,12.329999923706055,12.260000228881836,12.329999923706055,7376,0.0,0.0
2024-06-18 10:14:00-04:00,12.270000457763672,12.270000457763672,12.25,12.25,341,0.0,0.0
2024-06-18 10:15:00-04:00,12.255000114440918,12.255000114440918,12.255000114440918,12.255000114440918,516,0.0,0.0
2024-06-18 10:17:00-04:00,12.234999656677246,12.234999656677246,12.234999656677246,12.234999656677246,866,0.0,0.0
2024-06-18 10:18:00-04:00,12.210000038146973,12.239999771118164,12.210000038146973,12.239999771118164,945,0.0,0.0
2024-06-18 10:21:00-04:00,12.244999885559082,12.244999885559082,12.244999885559082,12.244999885559082,607,0.0,0.0
2024-06-18 10:22:00-04:00,12.244999885559082,12.244999885559082,12.244999885559082,12.244999885559082,341,0.0,0.0
2024-06-18 10:23:00-04:00,12.239999771118164,12.239999771118164,12.225000381469727,12.225000381469727,528,0.0,0.0
2024-06-18 10:24:00-04:00,12.225000381469727,12.225000381469727,12.225000381469727,12.225000381469727,200,0.0,0.0
2024-06-18 10:25:00-04:00,12.199999809265137,12.231200218200684,12.199999809265137,12.231200218200684,845,0.0,0.0
2024-06-18 10:26:00-04:00,12.225000381469727,12.225000381469727,12.225000381469727,12.225000381469727,319,0.0,0.0
2024-06-18 10:27:00-04:00,12.229999542236328,12.229999542236328,12.229999542236328,12.229999542236328,202,0.0,0.0
2024-06-18 10:28:00-04:00,12.229999542236328,12.229999542236328,12.109999656677246,12.109999656677246,1751,0.0,0.0
2024-06-18 10:29:00-04:00,12.114999771118164,12.229999542236328,12.114999771118164,12.229999542236328,3680,0.0,0.0
2024-06-18 10:31:00-04:00,12.25,12.25,12.229999542236328,12.229999542236328,231,0.0,0.0
2024-06-18 10:32:00-04:00,12.229999542236328,12.229999542236328,12.229999542236328,12.229999542236328,698,0.0,0.0
2024-06-18 10:33:00-04:00,12.212499618530273,12.212499618530273,12.212499618530273,12.212499618530273,101,0.0,0.0
2024-06-18 10:34:00-04:00,12.225000381469727,12.225000381469727,12.139300346374512,12.149999618530273,8936,0.0,0.0
2024-06-18 10:36:00-04:00,12.119999885559082,12.119999885559082,12.119999885559082,12.119999885559082,303,0.0,0.0
2024-06-18 10:37:00-04:00,12.125,12.125,12.125,12.125,468,0.0,0.0
2024-06-18 10:38:00-04:00,12.140000343322754,12.149999618530273,12.100000381469727,12.100000381469727,13253,0.0,0.0
2024-06-18 10:39:00-04:00,12.0600004196167,12.0600004196167,12.039999961853027,12.039999961853027,924,0.0,0.0
2024-06-18 10:42:00-04:00,12.039999961853027,12.039999961853027,12.039999961853027,12.039999961853027,474,0.0,0.0
2024-06-18 10:43:00-04:00,12.039999961853027,12.039999961853027,12.039999961853027,12.039999961853027,200,0.0,0.0
2024-06-18 10:44:00-04:00,12.055000305175781,12.055000305175781,12.055000305175781,12.055000305175781,106,0.0,0.0
2024-06-18 10:45:00-04:00,12.0600004196167,12.0600004196167,12.010000228881836,12.010000228881836,1238,0.0,0.0
2024-06-18 10:47:00-04:00,12.020000457763672,12.020000457763672,12.020000457763672,12.020000457763672,401,0.0,0.0
2024-06-18 10:48:00-04:00,12.03499984741211,12.03499984741211,12.03499984741211,12.03499984741211,739,0.0,0.0
2024-06-18 10:52:00-04:00,12.0,12.0,12.0,12.0,291,0.0,0.0
2024-06-18 10:53:00-04:00,12.029999732971191,12.029999732971191,12.029999732971191,12.029999732971191,243,0.0,0.0
2024-06-18 10:55:00-04:00,12.024999618530273,12.024999618530273,12.0,12.0,1109,0.0,0.0
2024-06-18 10:56:00-04:00,12.010000228881836,12.028400421142578,12.010000228881836,12.028400421142578,1210,0.0,0.0
2024-06-18 10:57:00-04:00,12.010000228881836,12.010000228881836,11.925000190734863,11.925000190734863,7072,0.0,0.0
2024-06-18 10:58:00-04:00,11.930000305175781,11.930000305175781,11.930000305175781,11.930000305175781,814,0.0,0.0
2024-06-18 10:59:00-04:00,11.90999984741211,11.90999984741211,11.899999618530273,11.899999618530273,615,0.0,0.0
2024-06-18 11:00:00-04:00,11.869999885559082,11.869999885559082,11.869999885559082,11.869999885559082,138,0.0,0.0
2024-06-18 11:02:00-04:00,11.899999618530273,11.899999618530273,11.869999885559082,11.869999885559082,375,0.0,0.0
2024-06-18 11:03:00-04:00,11.899999618530273,11.899999618530273,11.899999618530273,11.899999618530273,3350,0.0,0.0
2024-06-18 11:04:00-04:00,11.899999618530273,11.899999618530273,11.899999618530273,11.899999618530273,245,0.0,0.0
2024-06-18 11:05:00-04:00,11.880000114440918,11.880000114440918,11.760000228881836,11.8100004196167,12433,0.0,0.0
2024-06-18 11:06:00-04:00,11.829999923706055,11.869999885559082,11.819999694824219,11.819999694824219,1167,0.0,0.0
2024-06-18 11:08:00-04:00,11.819999694824219,11.819999694824219,11.819999694824219,11.819999694824219,379,0.0,0.0
2024-06-18 11:09:00-04:00,11.8100004196167,11.8100004196167,11.8100004196167,11.8100004196167,746,0.0,0.0
2024-06-18 11:10:00-04:00,11.729999542236328,11.729999542236328,11.729999542236328,11.729999542236328,310,0.0,0.0
2024-06-18 11:11:00-04:00,11.74020004272461,11.74020004272461,11.74020004272461,11.74020004272461,2011,0.0,0.0
2024-06-18 11:12:00-04:00,11.710000038146973,11.710000038146973,11.710000038146973,11.710000038146973,0,0.0,0.0
2024-06-18 11:13:00-04:00,11.734999656677246,11.734999656677246,11.734999656677246,11.734999656677246,245,0.0,0.0
2024-06-18 11:15:00-04:00,11.710000038146973,11.710000038146973,11.710000038146973,11.710000038146973,222,0.0,0.0
2024-06-18 11:16:00-04:00,11.760000228881836,11.789999961853027,11.710000038146973,11.725000381469727,5064,0.0,0.0
2024-06-18 11:17:00-04:00,11.725000381469727,11.725000381469727,11.725000381469727,11.725000381469727,0,0.0,0.0
2024-06-18 11:20:00-04:00,11.699999809265137,11.720000267028809,11.699999809265137,11.715100288391113,1387,0.0,0.0
2024-06-18 11:25:00-04:00,11.65999984741211,11.65999984741211,11.65999984741211,11.65999984741211,405,0.0,0.0
2024-06-18 11:26:00-04:00,11.609999656677246,11.609999656677246,11.609999656677246,11.609999656677246,1742,0.0,0.0
2024-06-18 11:29:00-04:00,11.609999656677246,11.609999656677246,11.5600004196167,11.5600004196167,700,0.0,0.0
2024-06-18 11:31:00-04:00,11.550000190734863,11.574999809265137,11.550000190734863,11.574999809265137,274,0.0,0.0
2024-06-18 11:33:00-04:00,11.550000190734863,11.65999984741211,11.550000190734863,11.65999984741211,7321,0.0,0.0
2024-06-18 11:35:00-04:00,11.680000305175781,11.680000305175781,11.680000305175781,11.680000305175781,0,0.0,0.0
2024-06-18 11:39:00-04:00,11.670000076293945,11.670000076293945,11.670000076293945,11.670000076293945,576,0.0,0.0
2024-06-18 11:40:00-04:00,11.6899995803833,11.720000267028809,11.6899995803833,11.720000267028809,643,0.0,0.0
2024-06-18 11:41:00-04:00,11.71500015258789,11.71500015258789,11.710000038146973,11.710000038146973,476,0.0,0.0
2024-06-18 11:43:00-04:00,11.729999542236328,11.729999542236328,11.729999542236328,11.729999542236328,733,0.0,0.0
2024-06-18 11:44:00-04:00,11.729999542236328,11.729999542236328,11.729999542236328,11.729999542236328,147,0.0,0.0
2024-06-18 11:45:00-04:00,11.729999542236328,11.729999542236328,11.729999542236328,11.729999542236328,300,0.0,0.0
2024-06-18 11:47:00-04:00,11.710000038146973,11.725700378417969,11.710000038146973,11.725000381469727,990,0.0,0.0
2024-06-18 11:48:00-04:00,11.739999771118164,11.75,11.734999656677246,11.75,936,0.0,0.0
2024-06-18 11:51:00-04:00,11.770000457763672,11.770000457763672,11.770000457763672,11.770000457763672,321,0.0,0.0
2024-06-18 11:52:00-04:00,11.760000228881836,11.760000228881836,11.760000228881836,11.760000228881836,206,0.0,0.0
2024-06-18 11:53:00-04:00,11.769000053405762,11.769000053405762,11.769000053405762,11.769000053405762,838,0.0,0.0
2024-06-18 11:55:00-04:00,11.755000114440918,11.755000114440918,11.755000114440918,11.755000114440918,335,0.0,0.0
2024-06-18 11:58:00-04:00,11.755000114440918,11.755000114440918,11.729999542236328,11.739999771118164,1060,0.0,0.0
2024-06-18 11:59:00-04:00,11.739999771118164,11.770000457763672,11.739999771118164,11.770000457763672,2107,0.0,0.0
2024-06-18 12:02:00-04:00,11.770000457763672,11.789999961853027,11.770000457763672,11.789999961853027,1091,0.0,0.0
2024-06-18 12:03:00-04:00,11.789999961853027,11.789999961853027,11.78499984741211,11.78499984741211,266,0.0,0.0
2024-06-18 12:04:00-04:00,11.779999732971191,11.779999732971191,11.779999732971191,11.779999732971191,200,0.0,0.0
2024-06-18 12:05:00-04:00,11.779999732971191,11.79319953918457,11.779999732971191,11.79319953918457,1157,0.0,0.0
2024-06-18 12:07:00-04:00,11.770000457763672,11.770000457763672,11.770000457763672,11.770000457763672,504,0.0,0.0
2024-06-18 12:09:00-04:00,11.760000228881836,11.770000457763672,11.760000228881836,11.770000457763672,407,0.0,0.0
2024-06-18 12:10:00-04:00,11.75,11.75,11.739999771118164,11.739999771118164,927,0.0,0.0
2024-06-18 12:11:00-04:00,11.699999809265137,11.699999809265137,11.6899995803833,11.6899995803833,2835,0.0,0.0
2024-06-18 12:13:00-04:00,11.680000305175781,11.680000305175781,11.680000305175781,11.680000305175781,288,0.0,0.0
2024-06-18 12:14:00-04:00,11.699999809265137,11.699999809265137,11.6899995803833,11.6899995803833,3646,0.0,0.0
2024-06-18 12:15:00-04:00,11.710000038146973,11.720000267028809,11.699999809265137,11.710000038146973,2273,0.0,0.0
2024-06-18 12:20:00-04:00,11.600000381469727,11.630000114440918,11.600000381469727,11.630000114440918,303,0.0,0.0
2024-06-18 12:21:00-04:00,11.630000114440918,11.630000114440918,11.630000114440918,11.630000114440918,1184,0.0,0.0
2024-06-18 12:22:00-04:00,11.630000114440918,11.659299850463867,11.630000114440918,11.659299850463867,1341,0.0,0.0
2024-06-18 12:24:00-04:00,11.600000381469727,11.600000381469727,11.600000381469727,11.600000381469727,200,0.0,0.0
2024-06-18 12:25:00-04:00,11.630000114440918,11.630000114440918,11.630000114440918,11.630000114440918,309,0.0,0.0
2024-06-18 12:27:00-04:00,11.630000114440918,11.630000114440918,11.630000114440918,11.630000114440918,383,0.0,0.0
2024-06-18 12:28:00-04:00,11.65999984741211,11.65999984741211,11.649999618530273,11.649999618530273,623,0.0,0.0
2024-06-18 12:30:00-04:00,11.649999618530273,11.649999618530273,11.649999618530273,11.649999618530273,1844,0.0,0.0
2024-06-18 12:38:00-04:00,11.550000190734863,11.550000190734863,11.550000190734863,11.550000190734863,720,0.0,0.0
2024-06-18 12:41:00-04:00,11.539999961853027,11.539999961853027,11.539999961853027,11.539999961853027,216,0.0,0.0
2024-06-18 12:43:00-04:00,11.5600004196167,11.5600004196167,11.5600004196167,11.5600004196167,199,0.0,0.0
2024-06-18 12:45:00-04:00,11.529999732971191,11.529999732971191,11.529999732971191,11.529999732971191,725,0.0,0.0
2024-06-18 12:46:00-04:00,11.569999694824219,11.640000343322754,11.545000076293945,11.640000343322754,15118,0.0,0.0
2024-06-18 12:49:00-04:00,11.609999656677246,11.609999656677246,11.529999732971191,11.529999732971191,1597,0.0,0.0
2024-06-18 12:50:00-04:00,11.539999961853027,11.550000190734863,11.510000228881836,11.510000228881836,1576,0.0,0.0
2024-06-18 12:51:00-04:00,11.520000457763672,11.520000457763672,11.520000457763672,11.520000457763672,376,0.0,0.0
2024-06-18 12:52:00-04:00,11.539999961853027,11.5600004196167,11.539999961853027,11.555000305175781,4716,0.0,0.0
2024-06-18 12:53:00-04:00,11.550000190734863,11.600000381469727,11.550000190734863,11.600000381469727,1370,0.0,0.0
2024-06-18 13:01:00-04:00,11.609999656677246,11.609999656677246,11.609999656677246,11.609999656677246,710,0.0,0.0
2024-06-18 13:02:00-04:00,11.609999656677246,11.649999618530273,11.609999656677246,11.649999618530273,887,0.0,0.0
2024-06-18 13:04:00-04:00,11.65999984741211,11.65999984741211,11.65999984741211,11.65999984741211,73,0.0,0.0
2024-06-18 13:05:00-04:00,11.619999885559082,11.65999984741211,11.619999885559082,11.65999984741211,2032,0.0,0.0
2024-06-18 13:08:00-04:00,11.675000190734863,11.675000190734863,11.675000190734863,11.675000190734863,205,0.0,0.0
2024-06-18 13:10:00-04:00,11.680000305175781,11.710000038146973,11.680000305175781,11.710000038146973,601,0.0,0.0
2024-06-18 13:11:00-04:00,11.710000038146973,11.710000038146973,11.699999809265137,11.710000038146973,956,0.0,0.0
2024-06-18 13:12:00-04:00,11.710000038146973,11.710000038146973,11.710000038146973,11.710000038146973,451,0.0,0.0
2024-06-18 13:13:00-04:00,11.704999923706055,11.712499618530273,11.704999923706055,11.712499618530273,496,0.0,0.0
2024-06-18 13:15:00-04:00,11.704999923706055,11.704999923706055,11.704999923706055,11.704999923706055,441,0.0,0.0
2024-06-18 13:17:00-04:00,11.704999923706055,11.704999923706055,11.704999923706055,11.704999923706055,244,0.0,0.0
2024-06-18 13:18:00-04:00,11.710000038146973,11.729999542236328,11.710000038146973,11.729999542236328,1291,0.0,0.0
2024-06-18 13:19:00-04:00,11.739999771118164,11.755000114440918,11.739999771118164,11.755000114440918,582,0.0,0.0
2024-06-18 13:20:00-04:00,11.75,11.75,11.739999771118164,11.75,1969,0.0,0.0
2024-06-18 13:24:00-04:00,11.75,11.789999961853027,11.75,11.789999961853027,1625,0.0,0.0
2024-06-18 13:25:00-04:00,11.805000305175781,11.805000305175781,11.805000305175781,11.805000305175781,310,0.0,0.0
2024-06-18 13:26:00-04:00,11.805000305175781,11.829999923706055,11.795000076293945,11.795000076293945,685,0.0,0.0
2024-06-18 13:27:00-04:00,11.770000457763672,11.770000457763672,11.770000457763672,11.770000457763672,368,0.0,0.0
2024-06-18 13:28:00-04:00,11.774999618530273,11.800000190734863,11.774999618530273,11.779999732971191,610,0.0,0.0
2024-06-18 13:29:00-04:00,11.779999732971191,11.779999732971191,11.774999618530273,11.774999618530273,367,0.0,0.0
2024-06-18 13:30:00-04:00,11.779999732971191,11.779999732971191,11.779999732971191,11.779999732971191,300,0.0,0.0
2024-06-18 13:31:00-04:00,11.774999618530273,11.793999671936035,11.774999618530273,11.793999671936035,524,0.0,0.0
2024-06-18 13:33:00-04:00,11.770000457763672,11.789999961853027,11.770000457763672,11.789999961853027,1019,0.0,0.0
2024-06-18 13:35:00-04:00,11.7524995803833,11.7524995803833,11.7524995803833,11.7524995803833,200,0.0,0.0
2024-06-18 13:36:00-04:00,11.779999732971191,11.850000381469727,11.779999732971191,11.850000381469727,2090,0.0,0.0
2024-06-18 13:37:00-04:00,11.850000381469727,11.850000381469727,11.835000038146973,11.835000038146973,1544,0.0,0.0
2024-06-18 13:38:00-04:00,11.84000015258789,11.84000015258789,11.84000015258789,11.84000015258789,350,0.0,0.0
2024-06-18 13:39:00-04:00,11.84000015258789,11.850000381469727,11.84000015258789,11.84000015258789,658,0.0,0.0
2024-06-18 13:40:00-04:00,11.84000015258789,11.850000381469727,11.835000038146973,11.835000038146973,1203,0.0,0.0
2024-06-18 13:41:00-04:00,11.850000381469727,11.850000381469727,11.850000381469727,11.850000381469727,167,0.0,0.0
2024-06-18 13:42:00-04:00,11.835000038146973,11.850000381469727,11.819999694824219,11.84000015258789,1153,0.0,0.0
2024-06-18 13:43:00-04:00,11.835000038146973,11.84000015258789,11.835000038146973,11.84000015258789,711,0.0,0.0
2024-06-18 13:44:00-04:00,11.850000381469727,11.859999656677246,11.850000381469727,11.859999656677246,834,0.0,0.0
2024-06-18 13:46:00-04:00,11.845000267028809,11.850000381469727,11.845000267028809,11.850000381469727,601,0.0,0.0
2024-06-18 13:47:00-04:00,11.845000267028809,11.850000381469727,11.789999961853027,11.795000076293945,4910,0.0,0.0
2024-06-18 13:48:00-04:00,11.75,11.800000190734863,11.729999542236328,11.800000190734863,2553,0.0,0.0
2024-06-18 13:49:00-04:00,11.800000190734863,11.800000190734863,11.789999961853027,11.789999961853027,855,0.0,0.0
2024-06-18 13:50:00-04:00,11.75,11.75,11.699999809265137,11.710000038146973,2735,0.0,0.0
2024-06-18 13:54:00-04:00,11.71500015258789,11.71500015258789,11.71500015258789,11.71500015258789,444,0.0,0.0
2024-06-18 13:56:00-04:00,11.720000267028809,11.720000267028809,11.699999809265137,11.699999809265137,726,0.0,0.0
2024-06-18 13:57:00-04:00,11.699999809265137,11.699999809265137,11.6899995803833,11.6899995803833,630,0.0,0.0
2024-06-18 13:58:00-04:00,11.6899995803833,11.6899995803833,11.6899995803833,11.6899995803833,289,0.0,0.0
2024-06-18 13:59:00-04:00,11.699999809265137,11.699999809265137,11.699999809265137,11.699999809265137,750,0.0,0.0
2024-06-18 14:00:00-04:00,11.710000038146973,11.710000038146973,11.699999809265137,11.699999809265137,1403,0.0,0.0
2024-06-18 14:01:00-04:00,11.6899995803833,11.6899995803833,11.649999618530273,11.649999618530273,1695,0.0,0.0
2024-06-18 14:03:00-04:00,11.649999618530273,11.649999618530273,11.649999618530273,11.649999618530273,730,0.0,0.0
2024-06-18 14:07:00-04:00,11.65999984741211,11.680000305175781,11.65999984741211,11.65999984741211,2267,0.0,0.0
2024-06-18 14:11:00-04:00,11.65999984741211,11.680399894714355,11.65999984741211,11.680399894714355,1732,0.0,0.0
2024-06-18 14:12:00-04:00,11.680000305175781,11.770000457763672,11.680000305175781,11.710000038146973,7890,0.0,0.0
2024-06-18 14:13:00-04:00,11.670000076293945,11.670000076293945,11.670000076293945,11.670000076293945,406,0.0,0.0
2024-06-18 14:14:00-04:00,11.680000305175781,11.680000305175781,11.680000305175781,11.680000305175781,394,0.0,0.0
2024-06-18 14:16:00-04:00,11.670000076293945,11.729999542236328,11.670000076293945,11.710000038146973,8350,0.0,0.0
2024-06-18 14:19:00-04:00,11.670000076293945,11.670000076293945,11.649999618530273,11.649999618530273,1038,0.0,0.0
2024-06-18 14:20:00-04:00,11.649999618530273,11.649999618530273,11.649999618530273,11.649999618530273,283,0.0,0.0
2024-06-18 14:22:00-04:00,11.649999618530273,11.649999618530273,11.649999618530273,11.649999618530273,599,0.0,0.0
2024-06-18 14:25:00-04:00,11.619999885559082,11.649999618530273,11.619999885559082,11.649999618530273,1583,0.0,0.0
2024-06-18 14:26:00-04:00,11.649999618530273,11.649999618530273,11.649999618530273,11.649999618530273,691,0.0,0.0
2024-06-18 14:27:00-04:00,11.649999618530273,11.649999618530273,11.630000114440918,11.630000114440918,400,0.0,0.0
2024-06-18 14:28:00-04:00,11.649999618530273,11.656800270080566,11.649999618530273,11.656800270080566,431,0.0,0.0
2024-06-18 14:29:00-04:00,11.670000076293945,11.670000076293945,11.670000076293945,11.670000076293945,1427,0.0,0.0
2024-06-18 14:31:00-04:00,11.664999961853027,11.664999961853027,11.664999961853027,11.664999961853027,1218,0.0,0.0
2024-06-18 14:33:00-04:00,11.649999618530273,11.649999618530273,11.640000343322754,11.640000343322754,804,0.0,0.0
2024-06-18 14:34:00-04:00,11.649999618530273,11.649999618530273,11.649999618530273,11.649999618530273,454,0.0,0.0
2024-06-18 14:35:00-04:00,11.670000076293945,11.670000076293945,11.649999618530273,11.649999618530273,3278,0.0,0.0
2024-06-18 14:36:00-04:00,11.649999618530273,11.649999618530273,11.649999618530273,11.649999618530273,810,0.0,0.0
2024-06-18 14:37:00-04:00,11.649999618530273,11.649999618530273,11.649999618530273,11.649999618530273,553,0.0,0.0
2024-06-18 14:38:00-04:00,11.65530014038086,11.65530014038086,11.65530014038086,11.65530014038086,479,0.0,0.0
2024-06-18 14:40:00-04:00,11.649999618530273,11.649999618530273,11.649999618530273,11.649999618530273,654,0.0,0.0
2024-06-18 14:41:00-04:00,11.649999618530273,11.649999618530273,11.59000015258789,11.609999656677246,10480,0.0,0.0
2024-06-18 14:42:00-04:00,11.619999885559082,11.619999885559082,11.609999656677246,11.619999885559082,821,0.0,0.0
2024-06-18 14:43:00-04:00,11.614999771118164,11.619999885559082,11.609999656677246,11.619999885559082,7825,0.0,0.0
2024-06-18 14:44:00-04:00,11.600099563598633,11.600099563598633,11.600099563598633,11.600099563598633,1807,0.0,0.0
2024-06-18 14:45:00-04:00,11.550000190734863,11.550000190734863,11.489999771118164,11.5,12226,0.0,0.0
2024-06-18 14:46:00-04:00,11.489999771118164,11.5600004196167,11.489999771118164,11.5600004196167,7950,0.0,0.0
2024-06-18 14:47:00-04:00,11.5600004196167,11.5600004196167,11.539999961853027,11.539999961853027,571,0.0,0.0
2024-06-18 14:48:00-04:00,11.539999961853027,11.59000015258789,11.539999961853027,11.59000015258789,2416,0.0,0.0
2024-06-18 14:49:00-04:00,11.5826997756958,11.5826997756958,11.5826997756958,11.5826997756958,309,0.0,0.0
2024-06-18 14:52:00-04:00,11.550000190734863,11.550000190734863,11.550000190734863,11.550000190734863,566,0.0,0.0
2024-06-18 14:55:00-04:00,11.550000190734863,11.550000190734863,11.550000190734863,11.550000190734863,484,0.0,0.0
2024-06-18 14:56:00-04:00,11.550000190734863,11.5600004196167,11.550000190734863,11.5600004196167,1038,0.0,0.0
2024-06-18 14:57:00-04:00,11.569999694824219,11.569999694824219,11.569999694824219,11.569999694824219,1140,0.0,0.0
2024-06-18 14:59:00-04:00,11.550000190734863,11.550000190734863,11.479999542236328,11.479999542236328,2241,0.0,0.0
2024-06-18 15:00:00-04:00,11.460000038146973,11.460000038146973,11.430000305175781,11.430000305175781,3452,0.0,0.0
2024-06-18 15:01:00-04:00,11.411999702453613,11.520000457763672,11.411999702453613,11.520000457763672,5232,0.0,0.0
2024-06-18 15:04:00-04:00,11.529000282287598,11.529000282287598,11.496299743652344,11.496299743652344,1079,0.0,0.0
2024-06-18 15:05:00-04:00,11.5,11.5,11.470000267028809,11.470000267028809,4751,0.0,0.0
2024-06-18 15:07:00-04:00,11.479999542236328,11.528800010681152,11.475000381469727,11.528800010681152,4149,0.0,0.0
2024-06-18 15:09:00-04:00,11.5,11.502099990844727,11.479999542236328,11.502099990844727,1118,0.0,0.0
2024-06-18 15:10:00-04:00,11.479999542236328,11.479999542236328,11.479999542236328,11.479999542236328,370,0.0,0.0
2024-06-18 15:11:00-04:00,11.479999542236328,11.479999542236328,11.479999542236328,11.479999542236328,559,0.0,0.0
2024-06-18 15:12:00-04:00,11.479999542236328,11.479999542236328,11.479999542236328,11.479999542236328,313,0.0,0.0
2024-06-18 15:14:00-04:00,11.479999542236328,11.479999542236328,11.463000297546387,11.475000381469727,3878,0.0,0.0
2024-06-18 15:15:00-04:00,11.475000381469727,11.5,11.475000381469727,11.5,2439,0.0,0.0
2024-06-18 15:16:00-04:00,11.479999542236328,11.479999542236328,11.479999542236328,11.479999542236328,438,0.0,0.0
2024-06-18 15:17:00-04:00,11.479999542236328,11.479999542236328,11.479999542236328,11.479999542236328,355,0.0,0.0
2024-06-18 15:18:00-04:00,11.479999542236328,11.5,11.479999542236328,11.5,3453,0.0,0.0
2024-06-18 15:20:00-04:00,11.5,11.510000228881836,11.5,11.5,1387,0.0,0.0
2024-06-18 15:21:00-04:00,11.5,11.529999732971191,11.5,11.5,6206,0.0,0.0
2024-06-18 15:26:00-04:00,11.520000457763672,11.529999732971191,11.5,11.529999732971191,5514,0.0,0.0
2024-06-18 15:30:00-04:00,11.5,11.5,11.5,11.5,1351,0.0,0.0
2024-06-18 15:32:00-04:00,11.505000114440918,11.505000114440918,11.5,11.5,764,0.0,0.0
2024-06-18 15:33:00-04:00,11.505000114440918,11.5600004196167,11.505000114440918,11.550000190734863,7636,0.0,0.0
2024-06-18 15:34:00-04:00,11.550000190734863,11.569999694824219,11.550000190734863,11.569999694824219,1844,0.0,0.0
2024-06-18 15:35:00-04:00,11.57800006866455,11.579999923706055,11.57800006866455,11.579999923706055,381,0.0,0.0
2024-06-18 15:36:00-04:00,11.5649995803833,11.569999694824219,11.5649995803833,11.569999694824219,1339,0.0,0.0
2024-06-18 15:37:00-04:00,11.5600004196167,11.5600004196167,11.5600004196167,11.5600004196167,628,0.0,0.0
2024-06-18 15:38:00-04:00,11.529999732971191,11.529999732971191,11.529999732971191,11.529999732971191,805,0.0,0.0
2024-06-18 15:39:00-04:00,11.510000228881836,11.510000228881836,11.4399995803833,11.479999542236328,3327,0.0,0.0
2024-06-18 15:41:00-04:00,11.470000267028809,11.5,11.470000267028809,11.489999771118164,5786,0.0,0.0
2024-06-18 15:42:00-04:00,11.489999771118164,11.494999885559082,11.489999771118164,11.494999885559082,1051,0.0,0.0
2024-06-18 15:43:00-04:00,11.479999542236328,11.484999656677246,11.479999542236328,11.484999656677246,1880,0.0,0.0
2024-06-18 15:44:00-04:00,11.470000267028809,11.470000267028809,11.470000267028809,11.470000267028809,663,0.0,0.0
2024-06-18 15:45:00-04:00,11.479999542236328,11.479999542236328,11.449999809265137,11.449999809265137,2115,0.0,0.0
2024-06-18 15:46:00-04:00,11.4399995803833,11.46500015258789,11.4399995803833,11.46500015258789,3953,0.0,0.0
2024-06-18 15:47:00-04:00,11.470000267028809,11.470000267028809,11.40999984741211,11.4399995803833,6222,0.0,0.0
2024-06-18 15:48:00-04:00,11.425000190734863,11.425000190734863,11.425000190734863,11.425000190734863,1368,0.0,0.0
2024-06-18 15:49:00-04:00,11.40999984741211,11.40999984741211,11.40999984741211,11.40999984741211,362,0.0,0.0
2024-06-18 15:50:00-04:00,11.40999984741211,11.40999984741211,11.380000114440918,11.380000114440918,3316,0.0,0.0
2024-06-18 15:51:00-04:00,11.380000114440918,11.420000076293945,11.369999885559082,11.420000076293945,8256,0.0,0.0
2024-06-18 15:52:00-04:00,11.414999961853027,11.4399995803833,11.414999961853027,11.4399995803833,3210,0.0,0.0
2024-06-18 15:53:00-04:00,11.449999809265137,11.470000267028809,11.449999809265137,11.470000267028809,2461,0.0,0.0
2024-06-18 15:54:00-04:00,11.470000267028809,11.479999542236328,11.470000267028809,11.479999542236328,2405,0.0,0.0
2024-06-18 15:55:00-04:00,11.479999542236328,11.479999542236328,11.380000114440918,11.380000114440918,5678,0.0,0.0
2024-06-18 15:56:00-04:00,11.369999885559082,11.390000343322754,11.350000381469727,11.364999771118164,8477,0.0,0.0
2024-06-18 15:57:00-04:00,11.364999771118164,11.369000434875488,11.34000015258789,11.359000205993652,5757,0.0,0.0
2024-06-18 15:58:00-04:00,11.350000381469727,11.380000114440918,11.34000015258789,11.369999885559082,12349,0.0,0.0
2024-06-18 15:59:00-04:00,11.369999885559082,11.390000343322754,11.350000381469727,11.380000114440918,13192,0.0,0.0
2024-06-20 09:30:00-04:00,11.210000038146973,11.210000038146973,11.210000038146973,11.210000038146973,5822,0.0,0.0
2024-06-20 09:33:00-04:00,11.270000457763672,11.270000457763672,11.220000267028809,11.220000267028809,3384,0.0,0.0
2024-06-20 09:34:00-04:00,11.260000228881836,11.423999786376953,11.260000228881836,11.423999786376953,2141,0.0,0.0
2024-06-20 09:36:00-04:00,11.454999923706055,11.454999923706055,11.449999809265137,11.449999809265137,1401,0.0,0.0
2024-06-20 09:39:00-04:00,11.399999618530273,11.399999618530273,11.399999618530273,11.399999618530273,395,0.0,0.0
2024-06-20 09:45:00-04:00,11.399999618530273,11.399999618530273,11.399999618530273,11.399999618530273,200,0.0,0.0
2024-06-20 09:46:00-04:00,11.40999984741211,11.40999984741211,11.40999984741211,11.40999984741211,68,0.0,0.0
2024-06-20 09:48:00-04:00,11.399999618530273,11.399999618530273,11.329999923706055,11.329999923706055,1500,0.0,0.0
2024-06-20 09:51:00-04:00,11.300000190734863,11.300000190734863,11.300000190734863,11.300000190734863,355,0.0,0.0
2024-06-20 09:52:00-04:00,11.25160026550293,11.359999656677246,11.25160026550293,11.359999656677246,4384,0.0,0.0
2024-06-20 09:54:00-04:00,11.389900207519531,11.389900207519531,11.389900207519531,11.389900207519531,400,0.0,0.0
2024-06-20 09:55:00-04:00,11.354999542236328,11.354999542236328,11.3100004196167,11.3100004196167,642,0.0,0.0
2024-06-20 09:57:00-04:00,11.300000190734863,11.300000190734863,11.300000190734863,11.300000190734863,675,0.0,0.0
2024-06-20 09:59:00-04:00,11.274999618530273,11.274999618530273,11.25,11.25,470,0.0,0.0
2024-06-20 10:00:00-04:00,11.244999885559082,11.289999961853027,11.244999885559082,11.274999618530273,2793,0.0,0.0
2024-06-20 10:03:00-04:00,11.300000190734863,11.300000190734863,11.194999694824219,11.194999694824219,12794,0.0,0.0
2024-06-20 10:04:00-04:00,11.1899995803833,11.1899995803833,11.1899995803833,11.1899995803833,218,0.0,0.0
2024-06-20 10:05:00-04:00,11.1899995803833,11.1899995803833,11.1899995803833,11.1899995803833,361,0.0,0.0
2024-06-20 10:06:00-04:00,11.194999694824219,11.194999694824219,11.194999694824219,11.194999694824219,202,0.0,0.0
2024-06-20 10:08:00-04:00,11.194999694824219,11.194999694824219,11.194999694824219,11.194999694824219,310,0.0,0.0
2024-06-20 10:09:00-04:00,11.170000076293945,11.170000076293945,11.135000228881836,11.135000228881836,2902,0.0,0.0
2024-06-20 10:10:00-04:00,11.135000228881836,11.135000228881836,11.109999656677246,11.135000228881836,799,0.0,0.0
2024-06-20 10:11:00-04:00,11.135000228881836,11.135000228881836,11.109999656677246,11.109999656677246,442,0.0,0.0
2024-06-20 10:12:00-04:00,11.135000228881836,11.15999984741211,11.130000114440918,11.130000114440918,6336,0.0,0.0
2024-06-20 10:13:00-04:00,11.079999923706055,11.130000114440918,11.079999923706055,11.100000381469727,991,0.0,0.0
2024-06-20 10:14:00-04:00,11.119999885559082,11.180000305175781,11.119999885559082,11.180000305175781,3027,0.0,0.0
2024-06-20 10:17:00-04:00,11.199999809265137,11.220000267028809,11.199999809265137,11.204999923706055,859,0.0,0.0
2024-06-20 10:18:00-04:00,11.25,11.25,11.25,11.25,3892,0.0,0.0
2024-06-20 10:20:00-04:00,11.25,11.25,11.220000267028809,11.229999542236328,1224,0.0,0.0
2024-06-20 10:21:00-04:00,11.225000381469727,11.225000381469727,11.225000381469727,11.225000381469727,143,0.0,0.0
2024-06-20 10:22:00-04:00,11.25,11.260000228881836,11.239999771118164,11.25,9033,0.0,0.0
2024-06-20 10:23:00-04:00,11.25,11.260000228881836,11.239999771118164,11.239999771118164,14281,0.0,0.0
2024-06-20 10:24:00-04:00,11.25,11.255000114440918,11.234999656677246,11.25,1709,0.0,0.0
2024-06-20 10:25:00-04:00,11.239999771118164,11.239999771118164,11.239999771118164,11.239999771118164,512,0.0,0.0
2024-06-20 10:26:00-04:00,11.25,11.25,11.25,11.25,838,0.0,0.0
2024-06-20 10:27:00-04:00,11.25,11.25,11.25,11.25,717,0.0,0.0
2024-06-20 10:28:00-04:00,11.239999771118164,11.239999771118164,11.210000038146973,11.210000038146973,1127,0.0,0.0
2024-06-20 10:30:00-04:00,11.220999717712402,11.220999717712402,11.220999717712402,11.220999717712402,339,0.0,0.0
2024-06-20 10:31:00-04:00,11.199999809265137,11.207500457763672,11.180000305175781,11.207500457763672,1618,0.0,0.0
2024-06-20 10:33:00-04:00,11.175000190734863,11.175000190734863,11.175000190734863,11.175000190734863,264,0.0,0.0
2024-06-20 10:35:00-04:00,11.164999961853027,11.164999961853027,11.164999961853027,11.164999961853027,238,0.0,0.0
2024-06-20 10:36:00-04:00,11.145000457763672,11.149999618530273,11.145000457763672,11.149999618530273,934,0.0,0.0
2024-06-20 10:38:00-04:00,11.145000457763672,11.145000457763672,11.145000457763672,11.145000457763672,149,0.0,0.0
2024-06-20 10:40:00-04:00,11.145000457763672,11.145000457763672,11.145000457763672,11.145000457763672,219,0.0,0.0
2024-06-20 10:41:00-04:00,11.170000076293945,11.170000076293945,11.170000076293945,11.170000076293945,903,0.0,0.0
2024-06-20 10:45:00-04:00,11.154999732971191,11.154999732971191,11.130000114440918,11.130000114440918,499,0.0,0.0
2024-06-20 10:46:00-04:00,11.180000305175781,11.180000305175781,11.180000305175781,11.180000305175781,658,0.0,0.0
2024-06-20 10:47:00-04:00,11.170000076293945,11.172499656677246,11.170000076293945,11.172499656677246,901,0.0,0.0
2024-06-20 10:48:00-04:00,11.175000190734863,11.175000190734863,11.175000190734863,11.175000190734863,616,0.0,0.0
2024-06-20 10:49:00-04:00,11.15999984741211,11.15999984741211,11.15999984741211,11.15999984741211,586,0.0,0.0
2024-06-20 10:50:00-04:00,11.179900169372559,11.199999809265137,11.179900169372559,11.194999694824219,3270,0.0,0.0
2024-06-20 10:52:00-04:00,11.194999694824219,11.194999694824219,11.194999694824219,11.194999694824219,854,0.0,0.0
2024-06-20 10:53:00-04:00,11.204000473022461,11.25,11.204000473022461,11.25,3907,0.0,0.0
2024-06-20 10:54:00-04:00,11.239999771118164,11.239999771118164,11.239999771118164,11.239999771118164,3597,0.0,0.0
2024-06-20 10:55:00-04:00,11.220000267028809,11.220000267028809,11.180000305175781,11.199999809265137,1787,0.0,0.0
2024-06-20 10:58:00-04:00,11.180100440979004,11.180100440979004,11.180100440979004,11.180100440979004,4599,0.0,0.0
2024-06-20 10:59:00-04:00,11.199999809265137,11.199999809265137,11.199999809265137,11.199999809265137,133,0.0,0.0
2024-06-20 11:01:00-04:00,11.215499877929688,11.215499877929688,11.215499877929688,11.215499877929688,807,0.0,0.0
2024-06-20 11:02:00-04:00,11.180000305175781,11.20989990234375,11.180000305175781,11.20989990234375,490,0.0,0.0
2024-06-20 11:03:00-04:00,11.170000076293945,11.170000076293945,11.069999694824219,11.069999694824219,3479,0.0,0.0
2024-06-20 11:05:00-04:00,11.079999923706055,11.079999923706055,11.079999923706055,11.079999923706055,308,0.0,0.0
2024-06-20 11:06:00-04:00,11.050000190734863,11.050000190734863,11.050000190734863,11.050000190734863,1427,0.0,0.0
2024-06-20 11:09:00-04:00,11.0600004196167,11.0600004196167,11.0600004196167,11.0600004196167,286,0.0,0.0
2024-06-20 11:10:00-04:00,11.09000015258789,11.09000015258789,10.95199966430664,10.960000038146973,7503,0.0,0.0
2024-06-20 11:11:00-04:00,10.979999542236328,10.979999542236328,10.960000038146973,10.960000038146973,556,0.0,0.0
2024-06-20 11:12:00-04:00,10.960000038146973,10.960000038146973,10.95300006866455,10.95300006866455,1121,0.0,0.0
2024-06-20 11:13:00-04:00,10.930000305175781,10.930000305175781,10.925000190734863,10.925000190734863,332,0.0,0.0
2024-06-20 11:14:00-04:00,10.899999618530273,10.899999618530273,10.899999618530273,10.899999618530273,400,0.0,0.0
2024-06-20 11:15:00-04:00,10.920000076293945,10.920000076293945,10.920000076293945,10.920000076293945,200,0.0,0.0
2024-06-20 11:16:00-04:00,10.920000076293945,10.920000076293945,10.899999618530273,10.899999618530273,329,0.0,0.0
2024-06-20 11:17:00-04:00,10.920000076293945,10.960000038146973,10.920000076293945,10.949999809265137,2047,0.0,0.0
2024-06-20 11:18:00-04:00,10.9399995803833,10.9399995803833,10.9399995803833,10.9399995803833,1343,0.0,0.0
2024-06-20 11:19:00-04:00,10.899999618530273,10.899999618530273,10.869999885559082,10.870100021362305,2013,0.0,0.0
2024-06-20 11:23:00-04:00,10.880000114440918,10.899999618530273,10.850000381469727,10.890000343322754,2369,0.0,0.0
2024-06-20 11:25:00-04:00,10.875,10.875,10.875,10.875,530,0.0,0.0
2024-06-20 11:26:00-04:00,10.850000381469727,10.869999885559082,10.789999961853027,10.789999961853027,4713,0.0,0.0
2024-06-20 11:28:00-04:00,10.789999961853027,10.795000076293945,10.770000457763672,10.770000457763672,3120,0.0,0.0
2024-06-20 11:29:00-04:00,10.770000457763672,10.770000457763672,10.770000457763672,10.770000457763672,830,0.0,0.0
2024-06-20 11:30:00-04:00,10.8100004196167,10.829999923706055,10.779999732971191,10.779999732971191,7282,0.0,0.0
2024-06-20 11:32:00-04:00,10.805000305175781,10.805000305175781,10.805000305175781,10.805000305175781,425,0.0,0.0
2024-06-20 11:33:00-04:00,10.829999923706055,10.850000381469727,10.8100004196167,10.850000381469727,3191,0.0,0.0
2024-06-20 11:35:00-04:00,10.819999694824219,10.819999694824219,10.819999694824219,10.819999694824219,7625,0.0,0.0
2024-06-20 11:36:00-04:00,10.829999923706055,10.829999923706055,10.829999923706055,10.829999923706055,1093,0.0,0.0
2024-06-20 11:38:00-04:00,10.84000015258789,10.84000015258789,10.84000015258789,10.84000015258789,924,0.0,0.0
2024-06-20 11:40:00-04:00,10.819999694824219,10.819999694824219,10.819999694824219,10.819999694824219,101,0.0,0.0
2024-06-20 11:41:00-04:00,10.800000190734863,10.850000381469727,10.789999961853027,10.850000381469727,11394,0.0,0.0
2024-06-20 11:44:00-04:00,10.835000038146973,10.835000038146973,10.819999694824219,10.819999694824219,1111,0.0,0.0
2024-06-20 11:48:00-04:00,10.835000038146973,10.835000038146973,10.835000038146973,10.835000038146973,729,0.0,0.0
2024-06-20 11:50:00-04:00,10.819999694824219,10.819999694824219,10.819999694824219,10.819999694824219,262,0.0,0.0
2024-06-20 11:51:00-04:00,10.819999694824219,10.850000381469727,10.819999694824219,10.835000038146973,1641,0.0,0.0
2024-06-20 11:52:00-04:00,10.835000038146973,10.835000038146973,10.819999694824219,10.819999694824219,467,0.0,0.0
2024-06-20 11:53:00-04:00,10.849900245666504,10.930000305175781,10.829999923706055,10.930000305175781,7060,0.0,0.0
2024-06-20 11:54:00-04:00,10.930000305175781,10.930000305175781,10.90999984741211,10.90999984741211,1805,0.0,0.0
2024-06-20 11:55:00-04:00,10.920000076293945,10.920000076293945,10.899999618530273,10.90999984741211,1515,0.0,0.0
2024-06-20 11:56:00-04:00,10.949899673461914,10.949899673461914,10.925000190734863,10.925000190734863,342,0.0,0.0
2024-06-20 11:57:00-04:00,10.949999809265137,10.949999809265137,10.949999809265137,10.949999809265137,1290,0.0,0.0
2024-06-20 12:00:00-04:00,10.970000267028809,10.970000267028809,10.949999809265137,10.949999809265137,472,0.0,0.0
2024-06-20 12:01:00-04:00,10.970000267028809,10.970000267028809,10.970000267028809,10.970000267028809,347,0.0,0.0
2024-06-20 12:02:00-04:00,10.970000267028809,11.0,10.970000267028809,11.0,2046,0.0,0.0
2024-06-20 12:03:00-04:00,11.0,11.0,10.970000267028809,10.970000267028809,4151,0.0,0.0
2024-06-20 12:04:00-04:00,10.960000038146973,10.961000442504883,10.960000038146973,10.961000442504883,277,0.0,0.0
2024-06-20 12:05:00-04:00,10.979999542236328,10.979999542236328,10.899999618530273,10.920000076293945,2954,0.0,0.0
2024-06-20 12:06:00-04:00,10.880000114440918,10.880000114440918,10.859999656677246,10.880000114440918,1183,0.0,0.0
2024-06-20 12:07:00-04:00,10.850000381469727,10.850000381469727,10.850000381469727,10.850000381469727,239,0.0,0.0
2024-06-20 12:09:00-04:00,10.889900207519531,10.889900207519531,10.889900207519531,10.889900207519531,628,0.0,0.0
2024-06-20 12:10:00-04:00,10.819999694824219,10.819999694824219,10.819999694824219,10.819999694824219,275,0.0,0.0
2024-06-20 12:11:00-04:00,10.819999694824219,10.819999694824219,10.819999694824219,10.819999694824219,222,0.0,0.0
2024-06-20 12:12:00-04:00,10.850000381469727,10.850000381469727,10.850000381469727,10.850000381469727,1000,0.0,0.0
2024-06-20 12:13:00-04:00,10.8100004196167,10.850000381469727,10.8100004196167,10.850000381469727,1231,0.0,0.0
2024-06-20 12:15:00-04:00,10.835000038146973,10.835000038146973,10.835000038146973,10.835000038146973,582,0.0,0.0
2024-06-20 12:16:00-04:00,10.800000190734863,10.869999885559082,10.800000190734863,10.869999885559082,4504,0.0,0.0
2024-06-20 12:17:00-04:00,10.890000343322754,10.90999984741211,10.880000114440918,10.90999984741211,1784,0.0,0.0
2024-06-20 12:21:00-04:00,10.929300308227539,10.970000267028809,10.929300308227539,10.970000267028809,4158,0.0,0.0
2024-06-20 12:22:00-04:00,10.970000267028809,10.970000267028809,10.970000267028809,10.970000267028809,420,0.0,0.0
2024-06-20 12:23:00-04:00,10.970000267028809,10.970000267028809,10.970000267028809,10.970000267028809,474,0.0,0.0
2024-06-20 12:26:00-04:00,10.930000305175781,10.930000305175781,10.904999732971191,10.90999984741211,1248,0.0,0.0
2024-06-20 12:27:00-04:00,10.890000343322754,10.890000343322754,10.890000343322754,10.890000343322754,1590,0.0,0.0
2024-06-20 12:28:00-04:00,10.868599891662598,10.868599891662598,10.868599891662598,10.868599891662598,2150,0.0,0.0
2024-06-20 12:29:00-04:00,10.869999885559082,10.890000343322754,10.869999885559082,10.890000343322754,1195,0.0,0.0
2024-06-20 12:33:00-04:00,10.890000343322754,10.890000343322754,10.890000343322754,10.890000343322754,455,0.0,0.0
2024-06-20 12:34:00-04:00,10.890000343322754,10.890000343322754,10.890000343322754,10.890000343322754,307,0.0,0.0
2024-06-20 12:36:00-04:00,10.896200180053711,10.896200180053711,10.896200180053711,10.896200180053711,536,0.0,0.0
2024-06-20 12:37:00-04:00,10.869999885559082,10.869999885559082,10.869999885559082,10.869999885559082,116,0.0,0.0
2024-06-20 12:38:00-04:00,10.890000343322754,10.890000343322754,10.890000343322754,10.890000343322754,570,0.0,0.0
2024-06-20 12:40:00-04:00,10.899999618530273,10.899999618530273,10.869999885559082,10.869999885559082,217,0.0,0.0
2024-06-20 12:43:00-04:00,10.890000343322754,10.960000038146973,10.890000343322754,10.960000038146973,5024,0.0,0.0
2024-06-20 12:44:00-04:00,10.979999542236328,11.0,10.979999542236328,11.0,2842,0.0,0.0
2024-06-20 12:46:00-04:00,10.970000267028809,10.970000267028809,10.960000038146973,10.960000038146973,1148,0.0,0.0
2024-06-20 12:50:00-04:00,10.930000305175781,10.930000305175781,10.930000305175781,10.930000305175781,580,0.0,0.0
2024-06-20 12:52:00-04:00,10.920000076293945,10.920000076293945,10.920000076293945,10.920000076293945,884,0.0,0.0
2024-06-20 12:53:00-04:00,10.923800468444824,10.923800468444824,10.923800468444824,10.923800468444824,358,0.0,0.0
2024-06-20 12:55:00-04:00,10.890000343322754,10.920000076293945,10.890000343322754,10.920000076293945,479,0.0,0.0
2024-06-20 12:56:00-04:00,10.925999641418457,10.925999641418457,10.925999641418457,10.925999641418457,976,0.0,0.0
2024-06-20 12:58:00-04:00,10.890000343322754,10.920000076293945,10.890000343322754,10.920000076293945,0,0.0,0.0
2024-06-20 12:59:00-04:00,10.890000343322754,10.899999618530273,10.890000343322754,10.899999618530273,1064,0.0,0.0
2024-06-20 13:00:00-04:00,10.869999885559082,10.869999885559082,10.869999885559082,10.869999885559082,1113,0.0,0.0
2024-06-20 13:01:00-04:00,10.869999885559082,10.869999885559082,10.869999885559082,10.869999885559082,1107,0.0,0.0
2024-06-20 13:03:00-04:00,10.890000343322754,10.890000343322754,10.890000343322754,10.890000343322754,784,0.0,0.0
2024-06-20 13:06:00-04:00,10.899999618530273,10.899999618530273,10.895000457763672,10.895000457763672,1439,0.0,0.0
2024-06-20 13:09:00-04:00,10.899999618530273,10.899999618530273,10.899999618530273,10.899999618530273,211,0.0,0.0
2024-06-20 13:13:00-04:00,10.899999618530273,10.899999618530273,10.899999618530273,10.899999618530273,1108,0.0,0.0
2024-06-20 13:18:00-04:00,10.930000305175781,10.949999809265137,10.930000305175781,10.949999809265137,1513,0.0,0.0
2024-06-20 13:20:00-04:00,10.949999809265137,10.949999809265137,10.949999809265137,10.949999809265137,1293,0.0,0.0
2024-06-20 13:24:00-04:00,10.90999984741211,10.930000305175781,10.859999656677246,10.859999656677246,6442,0.0,0.0
2024-06-20 13:25:00-04:00,10.859999656677246,10.859999656677246,10.859999656677246,10.859999656677246,345,0.0,0.0
2024-06-20 13:26:00-04:00,10.84000015258789,10.84000015258789,10.84000015258789,10.84000015258789,208,0.0,0.0
2024-06-20 13:27:00-04:00,10.84000015258789,10.84000015258789,10.84000015258789,10.84000015258789,367,0.0,0.0
2024-06-20 13:28:00-04:00,10.880000114440918,10.880000114440918,10.880000114440918,10.880000114440918,621,0.0,0.0
2024-06-20 13:31:00-04:00,10.880000114440918,10.880000114440918,10.880000114440918,10.880000114440918,248,0.0,0.0
2024-06-20 13:32:00-04:00,10.8996000289917,10.8996000289917,10.869999885559082,10.869999885559082,1270,0.0,0.0
2024-06-20 13:35:00-04:00,10.859999656677246,10.864999771118164,10.84000015258789,10.84000015258789,3620,0.0,0.0
2024-06-20 13:37:00-04:00,10.829999923706055,10.829999923706055,10.829999923706055,10.829999923706055,1327,0.0,0.0
2024-06-20 13:39:00-04:00,10.829999923706055,10.829999923706055,10.829999923706055,10.829999923706055,104,0.0,0.0
2024-06-20 13:40:00-04:00,10.850000381469727,10.850000381469727,10.850000381469727,10.850000381469727,461,0.0,0.0
2024-06-20 13:42:00-04:00,10.829999923706055,10.829999923706055,10.829999923706055,10.829999923706055,693,0.0,0.0
2024-06-20 13:43:00-04:00,10.850000381469727,10.850000381469727,10.850000381469727,10.850000381469727,979,0.0,0.0
2024-06-20 13:44:00-04:00,10.829999923706055,10.829999923706055,10.829999923706055,10.829999923706055,210,0.0,0.0
2024-06-20 13:45:00-04:00,10.829999923706055,10.829999923706055,10.829999923706055,10.829999923706055,270,0.0,0.0
2024-06-20 13:47:00-04:00,10.84000015258789,10.869999885559082,10.84000015258789,10.869999885559082,1786,0.0,0.0
2024-06-20 13:48:00-04:00,10.90999984741211,10.90999984741211,10.90999984741211,10.90999984741211,140,0.0,0.0
2024-06-20 13:49:00-04:00,10.895000457763672,10.895000457763672,10.895000457763672,10.895000457763672,1475,0.0,0.0
2024-06-20 13:56:00-04:00,10.899999618530273,10.899999618530273,10.899999618530273,10.899999618530273,215,0.0,0.0
2024-06-20 13:57:00-04:00,10.899999618530273,10.899999618530273,10.85200023651123,10.85200023651123,3406,0.0,0.0
2024-06-20 13:58:00-04:00,10.84000015258789,10.84000015258789,10.822999954223633,10.822999954223633,1230,0.0,0.0
2024-06-20 13:59:00-04:00,10.824999809265137,10.824999809265137,10.824999809265137,10.824999809265137,761,0.0,0.0
2024-06-20 14:02:00-04:00,10.819999694824219,10.819999694824219,10.819999694824219,10.819999694824219,120,0.0,0.0
2024-06-20 14:03:00-04:00,10.819999694824219,10.819999694824219,10.819999694824219,10.819999694824219,200,0.0,0.0
2024-06-20 14:04:00-04:00,10.835000038146973,10.835000038146973,10.835000038146973,10.835000038146973,229,0.0,0.0
2024-06-20 14:05:00-04:00,10.819999694824219,10.819999694824219,10.819999694824219,10.819999694824219,200,0.0,0.0
2024-06-20 14:06:00-04:00,10.84589958190918,10.930000305175781,10.819999694824219,10.930000305175781,8443,0.0,0.0
2024-06-20 14:07:00-04:00,10.949999809265137,10.949999809265137,10.949999809265137,10.949999809265137,844,0.0,0.0
2024-06-20 14:12:00-04:00,10.90999984741211,10.90999984741211,10.90999984741211,10.90999984741211,3184,0.0,0.0
2024-06-20 14:13:00-04:00,10.873000144958496,10.873000144958496,10.873000144958496,10.873000144958496,774,0.0,0.0
2024-06-20 14:15:00-04:00,10.850000381469727,10.850000381469727,10.850000381469727,10.850000381469727,235,0.0,0.0
2024-06-20 14:16:00-04:00,10.850000381469727,10.850000381469727,10.850000381469727,10.850000381469727,105,0.0,0.0
2024-06-20 14:17:00-04:00,10.850000381469727,10.850000381469727,10.850000381469727,10.850000381469727,438,0.0,0.0
2024-06-20 14:18:00-04:00,10.869999885559082,10.869999885559082,10.859999656677246,10.859999656677246,1703,0.0,0.0
2024-06-20 14:20:00-04:00,10.829999923706055,10.829999923706055,10.829999923706055,10.829999923706055,928,0.0,0.0
2024-06-20 14:21:00-04:00,10.8100004196167,10.8100004196167,10.8100004196167,10.8100004196167,609,0.0,0.0
2024-06-20 14:26:00-04:00,10.824999809265137,10.899999618530273,10.824999809265137,10.899999618530273,1999,0.0,0.0
2024-06-20 14:28:00-04:00,10.869999885559082,10.869999885559082,10.859999656677246,10.859999656677246,1139,0.0,0.0
2024-06-20 14:34:00-04:00,10.864999771118164,10.864999771118164,10.864999771118164,10.864999771118164,106,0.0,0.0
2024-06-20 14:35:00-04:00,10.869999885559082,10.869999885559082,10.869999885559082,10.869999885559082,197,0.0,0.0
2024-06-20 14:36:00-04:00,10.850000381469727,10.850000381469727,10.83530044555664,10.83530044555664,2627,0.0,0.0
2024-06-20 14:37:00-04:00,10.859999656677246,10.869999885559082,10.859999656677246,10.869999885559082,2174,0.0,0.0
2024-06-20 14:40:00-04:00,10.854999542236328,10.854999542236328,10.854999542236328,10.854999542236328,428,0.0,0.0
2024-06-20 14:43:00-04:00,10.850099563598633,10.880000114440918,10.779999732971191,10.800000190734863,13251,0.0,0.0
2024-06-20 14:44:00-04:00,10.800000190734863,10.800000190734863,10.779999732971191,10.779999732971191,727,0.0,0.0
2024-06-20 14:45:00-04:00,10.800000190734863,10.800000190734863,10.770000457763672,10.770000457763672,2762,0.0,0.0
2024-06-20 14:47:00-04:00,10.765000343322754,10.765000343322754,10.765000343322754,10.765000343322754,1362,0.0,0.0
2024-06-20 14:48:00-04:00,10.770000457763672,10.770000457763672,10.720000267028809,10.734999656677246,10400,0.0,0.0
2024-06-20 14:49:00-04:00,10.734999656677246,10.734999656677246,10.734999656677246,10.734999656677246,285,0.0,0.0
2024-06-20 14:52:00-04:00,10.729999542236328,10.729999542236328,10.729999542236328,10.729999542236328,9351,0.0,0.0
2024-06-20 14:54:00-04:00,10.720000267028809,10.734999656677246,10.720000267028809,10.720000267028809,1455,0.0,0.0
2024-06-20 14:55:00-04:00,10.720000267028809,10.720000267028809,10.699999809265137,10.699999809265137,1093,0.0,0.0
2024-06-20 14:56:00-04:00,10.699999809265137,10.699999809265137,10.699999809265137,10.699999809265137,300,0.0,0.0
2024-06-20 14:57:00-04:00,10.6899995803833,10.6899995803833,10.6899995803833,10.6899995803833,1378,0.0,0.0
2024-06-20 14:58:00-04:00,10.699999809265137,10.720000267028809,10.680000305175781,10.720000267028809,2610,0.0,0.0
2024-06-20 14:59:00-04:00,10.729999542236328,10.739999771118164,10.729999542236328,10.739999771118164,3518,0.0,0.0
2024-06-20 15:00:00-04:00,10.75,10.75,10.75,10.75,946,0.0,0.0
2024-06-20 15:01:00-04:00,10.739999771118164,10.739999771118164,10.739999771118164,10.739999771118164,216,0.0,0.0
2024-06-20 15:02:00-04:00,10.739999771118164,10.739999771118164,10.735699653625488,10.735699653625488,1228,0.0,0.0
2024-06-20 15:03:00-04:00,10.729999542236328,10.75,10.729999542236328,10.75,3658,0.0,0.0
2024-06-20 15:04:00-04:00,10.746500015258789,10.75,10.734999656677246,10.734999656677246,2782,0.0,0.0
2024-06-20 15:06:00-04:00,10.736800193786621,10.739999771118164,10.736800193786621,10.739999771118164,1622,0.0,0.0
2024-06-20 15:11:00-04:00,10.725000381469727,10.725000381469727,10.725000381469727,10.725000381469727,924,0.0,0.0
2024-06-20 15:12:00-04:00,10.725000381469727,10.725000381469727,10.725000381469727,10.725000381469727,405,0.0,0.0
2024-06-20 15:13:00-04:00,10.725000381469727,10.725000381469727,10.710000038146973,10.710000038146973,1595,0.0,0.0
2024-06-20 15:15:00-04:00,10.699999809265137,10.699999809265137,10.699999809265137,10.699999809265137,512,0.0,0.0
2024-06-20 15:16:00-04:00,10.680000305175781,10.680000305175781,10.680000305175781,10.680000305175781,546,0.0,0.0
2024-06-20 15:17:00-04:00,10.699999809265137,10.717499732971191,10.699999809265137,10.71500015258789,3067,0.0,0.0
2024-06-20 15:18:00-04:00,10.725000381469727,10.725000381469727,10.720000267028809,10.720000267028809,843,0.0,0.0
2024-06-20 15:19:00-04:00,10.71500015258789,10.71500015258789,10.71500015258789,10.71500015258789,370,0.0,0.0
2024-06-20 15:21:00-04:00,10.699999809265137,10.699999809265137,10.699999809265137,10.699999809265137,694,0.0,0.0
2024-06-20 15:22:00-04:00,10.6899995803833,10.6899995803833,10.670000076293945,10.670000076293945,1426,0.0,0.0
2024-06-20 15:23:00-04:00,10.664999961853027,10.699999809265137,10.664999961853027,10.699999809265137,3885,0.0,0.0
2024-06-20 15:26:00-04:00,10.704999923706055,10.704999923706055,10.704999923706055,10.704999923706055,636,0.0,0.0
2024-06-20 15:27:00-04:00,10.708700180053711,10.708700180053711,10.704999923706055,10.704999923706055,852,0.0,0.0
2024-06-20 15:28:00-04:00,10.720000267028809,10.74899959564209,10.71500015258789,10.74899959564209,4160,0.0,0.0
2024-06-20 15:29:00-04:00,10.739999771118164,10.739999771118164,10.729999542236328,10.729999542236328,2534,0.0,0.0
2024-06-20 15:30:00-04:00,10.734999656677246,10.734999656677246,10.704999923706055,10.704999923706055,1322,0.0,0.0
2024-06-20 15:33:00-04:00,10.699999809265137,10.699999809265137,10.699999809265137,10.699999809265137,1428,0.0,0.0
2024-06-20 15:34:00-04:00,10.710000038146973,10.75,10.710000038146973,10.739999771118164,7806,0.0,0.0
2024-06-20 15:35:00-04:00,10.739999771118164,10.739999771118164,10.720000267028809,10.734999656677246,2913,0.0,0.0
2024-06-20 15:36:00-04:00,10.739999771118164,10.739999771118164,10.739999771118164,10.739999771118164,1169,0.0,0.0
2024-06-20 15:39:00-04:00,10.75,10.755000114440918,10.710000038146973,10.715999603271484,11666,0.0,0.0
2024-06-20 15:40:00-04:00,10.720000267028809,10.720000267028809,10.704999923706055,10.708999633789062,4623,0.0,0.0
2024-06-20 15:42:00-04:00,10.6899995803833,10.6899995803833,10.680000305175781,10.680000305175781,1338,0.0,0.0
2024-06-20 15:43:00-04:00,10.675000190734863,10.686400413513184,10.675000190734863,10.686400413513184,1135,0.0,0.0
2024-06-20 15:44:00-04:00,10.680000305175781,10.680000305175781,10.680000305175781,10.680000305175781,1468,0.0,0.0
2024-06-20 15:45:00-04:00,10.680000305175781,10.729000091552734,10.680000305175781,10.720000267028809,2184,0.0,0.0
2024-06-20 15:46:00-04:00,10.720000267028809,10.729000091552734,10.710000038146973,10.710000038146973,3017,0.0,0.0
2024-06-20 15:47:00-04:00,10.699999809265137,10.699999809265137,10.699999809265137,10.699999809265137,494,0.0,0.0
2024-06-20 15:49:00-04:00,10.699199676513672,10.710000038146973,10.6899995803833,10.6899995803833,3785,0.0,0.0
2024-06-20 15:50:00-04:00,10.6850004196167,10.6899995803833,10.6850004196167,10.6899995803833,2842,0.0,0.0
2024-06-20 15:51:00-04:00,10.704999923706055,10.710000038146973,10.704999923706055,10.704999923706055,3422,0.0,0.0
2024-06-20 15:52:00-04:00,10.710000038146973,10.710000038146973,10.699999809265137,10.699999809265137,2524,0.0,0.0
2024-06-20 15:53:00-04:00,10.704999923706055,10.720000267028809,10.704999923706055,10.720000267028809,1765,0.0,0.0
2024-06-20 15:54:00-04:00,10.739999771118164,10.739999771118164,10.725000381469727,10.734999656677246,6820,0.0,0.0
2024-06-20 15:55:00-04:00,10.729999542236328,10.729999542236328,10.704999923706055,10.71500015258789,3499,0.0,0.0
2024-06-20 15:56:00-04:00,10.720000267028809,10.725000381469727,10.720000267028809,10.725000381469727,3794,0.0,0.0
2024-06-20 15:57:00-04:00,10.725000381469727,10.729999542236328,10.720000267028809,10.725000381469727,3848,0.0,0.0
2024-06-20 15:58:00-04:00,10.729999542236328,10.729999542236328,10.725000381469727,10.726699829101562,2809,0.0,0.0
2024-06-20 15:59:00-04:00,10.725000381469727,10.729999542236328,10.680000305175781,10.699999809265137,16722,0.0,0.0
2024-06-21 09:30:00-04:00,10.649999618530273,10.6899995803833,10.649999618530273,10.6899995803833,37333,0.0,0.0
2024-06-21 09:33:00-04:00,10.600000381469727,10.645000457763672,10.600000381469727,10.645000457763672,1294,0.0,0.0
2024-06-21 09:34:00-04:00,10.579999923706055,10.579999923706055,10.579999923706055,10.579999923706055,4419,0.0,0.0
2024-06-21 09:35:00-04:00,10.5,10.550000190734863,10.475000381469727,10.550000190734863,1824,0.0,0.0
2024-06-21 09:39:00-04:00,10.505000114440918,10.539999961853027,10.460000038146973,10.484999656677246,9241,0.0,0.0
2024-06-21 09:40:00-04:00,10.359999656677246,10.359999656677246,10.359999656677246,10.359999656677246,376,0.0,0.0
2024-06-21 09:42:00-04:00,10.420000076293945,10.420000076293945,10.420000076293945,10.420000076293945,375,0.0,0.0
2024-06-21 09:43:00-04:00,10.385000228881836,10.385000228881836,10.385000228881836,10.385000228881836,4201,0.0,0.0
2024-06-21 09:44:00-04:00,10.385000228881836,10.385000228881836,10.385000228881836,10.385000228881836,289,0.0,0.0
2024-06-21 09:45:00-04:00,10.350000381469727,10.359999656677246,10.170000076293945,10.170000076293945,15459,0.0,0.0
2024-06-21 09:46:00-04:00,10.199999809265137,10.25,10.194999694824219,10.25,9134,0.0,0.0
2024-06-21 09:47:00-04:00,10.420000076293945,10.489999771118164,10.414999961853027,10.489999771118164,1652,0.0,0.0
2024-06-21 09:48:00-04:00,10.539999961853027,10.539999961853027,10.539999961853027,10.539999961853027,354,0.0,0.0
2024-06-21 09:49:00-04:00,10.604999542236328,10.604999542236328,10.574999809265137,10.585700035095215,975,0.0,0.0
2024-06-21 09:52:00-04:00,10.630000114440918,10.8100004196167,10.630000114440918,10.8100004196167,1277,0.0,0.0
2024-06-21 09:55:00-04:00,10.829999923706055,10.829999923706055,10.829999923706055,10.829999923706055,197,0.0,0.0
2024-06-21 09:56:00-04:00,10.824999809265137,10.824999809265137,10.729999542236328,10.729999542236328,2362,0.0,0.0
2024-06-21 09:57:00-04:00,10.699999809265137,10.699999809265137,10.699999809265137,10.699999809265137,215,0.0,0.0
2024-06-21 09:58:00-04:00,10.649999618530273,10.699999809265137,10.649999618530273,10.699999809265137,768,0.0,0.0
2024-06-21 09:59:00-04:00,10.699999809265137,10.699999809265137,10.699999809265137,10.699999809265137,517,0.0,0.0
2024-06-21 10:00:00-04:00,10.725000381469727,10.739999771118164,10.725000381469727,10.739999771118164,1761,0.0,0.0
2024-06-21 10:01:00-04:00,10.699999809265137,10.699999809265137,10.640000343322754,10.640000343322754,1699,0.0,0.0
2024-06-21 10:02:00-04:00,10.65999984741211,10.65999984741211,10.600000381469727,10.600000381469727,2832,0.0,0.0
2024-06-21 10:03:00-04:00,10.574999809265137,10.574999809265137,10.574999809265137,10.574999809265137,307,0.0,0.0
2024-06-21 10:05:00-04:00,10.539999961853027,10.539999961853027,10.539999961853027,10.539999961853027,503,0.0,0.0
2024-06-21 10:07:00-04:00,10.5600004196167,10.5600004196167,10.5600004196167,10.5600004196167,1625,0.0,0.0
2024-06-21 10:08:00-04:00,10.550000190734863,10.550000190734863,10.550000190734863,10.550000190734863,281,0.0,0.0
2024-06-21 10:09:00-04:00,10.579999923706055,10.600000381469727,10.579999923706055,10.600000381469727,3022,0.0,0.0
2024-06-21 10:10:00-04:00,10.59000015258789,10.59000015258789,10.59000015258789,10.59000015258789,807,0.0,0.0
2024-06-21 10:12:00-04:00,10.600000381469727,10.600000381469727,10.579999923706055,10.600000381469727,3599,0.0,0.0
2024-06-21 10:13:00-04:00,10.600000381469727,10.600000381469727,10.595000267028809,10.595000267028809,4370,0.0,0.0
2024-06-21 10:14:00-04:00,10.59000015258789,10.640000343322754,10.59000015258789,10.640000343322754,7863,0.0,0.0
2024-06-21 10:15:00-04:00,10.699999809265137,10.699999809265137,10.699999809265137,10.699999809265137,340,0.0,0.0
2024-06-21 10:16:00-04:00,10.725000381469727,10.725000381469727,10.725000381469727,10.725000381469727,210,0.0,0.0
2024-06-21 10:17:00-04:00,10.729999542236328,10.729999542236328,10.729999542236328,10.729999542236328,2150,0.0,0.0
2024-06-21 10:19:00-04:00,10.710000038146973,10.71500015258789,10.710000038146973,10.71500015258789,977,0.0,0.0
2024-06-21 10:21:00-04:00,10.729999542236328,10.729999542236328,10.729999542236328,10.729999542236328,275,0.0,0.0
2024-06-21 10:22:00-04:00,10.739999771118164,10.744999885559082,10.739999771118164,10.744999885559082,573,0.0,0.0
2024-06-21 10:25:00-04:00,10.770000457763672,10.869999885559082,10.770000457763672,10.869999885559082,1444,0.0,0.0
2024-06-21 10:27:00-04:00,10.859999656677246,10.890000343322754,10.84000015258789,10.843899726867676,3596,0.0,0.0
2024-06-21 10:28:00-04:00,10.850000381469727,10.850000381469727,10.850000381469727,10.850000381469727,629,0.0,0.0
2024-06-21 10:29:00-04:00,10.829999923706055,10.829999923706055,10.829999923706055,10.829999923706055,239,0.0,0.0
2024-06-21 10:30:00-04:00,10.84000015258789,10.869999885559082,10.819999694824219,10.869999885559082,1905,0.0,0.0
2024-06-21 10:31:00-04:00,10.859600067138672,10.890000343322754,10.829999923706055,10.890000343322754,1649,0.0,0.0
2024-06-21 10:32:00-04:00,10.864999771118164,10.864999771118164,10.864999771118164,10.864999771118164,404,0.0,0.0
2024-06-21 10:34:00-04:00,10.850000381469727,10.850000381469727,10.850000381469727,10.850000381469727,521,0.0,0.0
2024-06-21 10:35:00-04:00,10.84000015258789,10.920000076293945,10.829999923706055,10.880000114440918,7023,0.0,0.0
2024-06-21 10:36:00-04:00,10.885000228881836,10.885000228881836,10.885000228881836,10.885000228881836,195,0.0,0.0
2024-06-21 10:37:00-04:00,10.850000381469727,10.854999542236328,10.850000381469727,10.854999542236328,777,0.0,0.0
2024-06-21 10:38:00-04:00,10.891200065612793,10.891200065612793,10.891200065612793,10.891200065612793,1882,0.0,0.0
2024-06-21 10:40:00-04:00,10.835000038146973,10.835000038146973,10.835000038146973,10.835000038146973,222,0.0,0.0
2024-06-21 10:41:00-04:00,10.835000038146973,10.835000038146973,10.835000038146973,10.835000038146973,343,0.0,0.0
2024-06-21 10:42:00-04:00,10.800000190734863,10.800000190734863,10.770000457763672,10.774999618530273,1240,0.0,0.0
2024-06-21 10:44:00-04:00,10.819299697875977,10.819299697875977,10.819299697875977,10.819299697875977,605,0.0,0.0
2024-06-21 10:46:00-04:00,10.805000305175781,10.805000305175781,10.805000305175781,10.805000305175781,2009,0.0,0.0
2024-06-21 10:49:00-04:00,10.789999961853027,10.800000190734863,10.779999732971191,10.779999732971191,900,0.0,0.0
2024-06-21 10:52:00-04:00,10.78499984741211,10.899999618530273,10.78499984741211,10.899999618530273,5337,0.0,0.0
2024-06-21 10:53:00-04:00,10.880000114440918,10.880000114440918,10.880000114440918,10.880000114440918,423,0.0,0.0
2024-06-21 10:55:00-04:00,10.899999618530273,10.90999984741211,10.899999618530273,10.90999984741211,786,0.0,0.0
2024-06-21 10:58:00-04:00,10.90999984741211,10.90999984741211,10.90999984741211,10.90999984741211,350,0.0,0.0
2024-06-21 11:00:00-04:00,10.930000305175781,10.930000305175781,10.930000305175781,10.930000305175781,360,0.0,0.0
2024-06-21 11:01:00-04:00,10.90999984741211,10.90999984741211,10.90999984741211,10.90999984741211,1050,0.0,0.0
2024-06-21 11:02:00-04:00,10.90999984741211,10.90999984741211,10.90999984741211,10.90999984741211,0,0.0,0.0
2024-06-21 11:03:00-04:00,10.90999984741211,10.920000076293945,10.899999618530273,10.899999618530273,646,0.0,0.0
2024-06-21 11:04:00-04:00,10.890000343322754,10.90999984741211,10.890000343322754,10.899999618530273,3643,0.0,0.0
2024-06-21 11:06:00-04:00,10.899999618530273,10.899999618530273,10.899999618530273,10.899999618530273,143,0.0,0.0
2024-06-21 11:10:00-04:00,10.885000228881836,10.885000228881836,10.869999885559082,10.880000114440918,1733,0.0,0.0
2024-06-21 11:11:00-04:00,10.859999656677246,10.859999656677246,10.84000015258789,10.854999542236328,831,0.0,0.0
2024-06-21 11:13:00-04:00,10.869999885559082,10.899999618530273,10.869999885559082,10.880000114440918,3147,0.0,0.0
2024-06-21 11:18:00-04:00,10.899999618530273,10.90999984741211,10.890000343322754,10.90999984741211,1780,0.0,0.0
2024-06-21 11:19:00-04:00,10.899999618530273,10.899999618530273,10.829999923706055,10.864999771118164,3509,0.0,0.0
2024-06-21 11:20:00-04:00,10.859999656677246,10.859999656677246,10.859999656677246,10.859999656677246,516,0.0,0.0
2024-06-21 11:21:00-04:00,10.829999923706055,10.84000015258789,10.800000190734863,10.829999923706055,2758,0.0,0.0
2024-06-21 11:24:00-04:00,10.859999656677246,10.859999656677246,10.859999656677246,10.859999656677246,317,0.0,0.0
2024-06-21 11:26:00-04:00,10.859999656677246,10.859999656677246,10.859999656677246,10.859999656677246,193,0.0,0.0
2024-06-21 11:27:00-04:00,10.829999923706055,10.829999923706055,10.829999923706055,10.829999923706055,104,0.0,0.0
2024-06-21 11:28:00-04:00,10.850000381469727,10.880000114440918,10.850000381469727,10.880000114440918,1116,0.0,0.0
2024-06-21 11:31:00-04:00,10.850000381469727,10.880000114440918,10.850000381469727,10.880000114440918,212,0.0,0.0
2024-06-21 11:32:00-04:00,10.864999771118164,10.864999771118164,10.864999771118164,10.864999771118164,209,0.0,0.0
2024-06-21 11:33:00-04:00,10.850000381469727,10.850000381469727,10.850000381469727,10.850000381469727,110,0.0,0.0
2024-06-21 11:35:00-04:00,10.850000381469727,10.864999771118164,10.850000381469727,10.864999771118164,314,0.0,0.0
2024-06-21 11:36:00-04:00,10.864999771118164,10.864999771118164,10.864999771118164,10.864999771118164,540,0.0,0.0
2024-06-21 11:37:00-04:00,10.850000381469727,10.850000381469727,10.760000228881836,10.760000228881836,4252,0.0,0.0
2024-06-21 11:39:00-04:00,10.789999961853027,10.789999961853027,10.760000228881836,10.760000228881836,482,0.0,0.0
2024-06-21 11:40:00-04:00,10.699999809265137,10.699999809265137,10.699999809265137,10.699999809265137,508,0.0,0.0
2024-06-21 11:43:00-04:00,10.65999984741211,10.65999984741211,10.65999984741211,10.65999984741211,249,0.0,0.0
2024-06-21 11:45:00-04:00,10.65999984741211,10.720000267028809,10.65999984741211,10.704999923706055,2730,0.0,0.0
2024-06-21 11:49:00-04:00,10.71399974822998,10.720000267028809,10.71399974822998,10.720000267028809,2023,0.0,0.0
2024-06-21 11:51:00-04:00,10.720000267028809,10.720000267028809,10.720000267028809,10.720000267028809,121,0.0,0.0
2024-06-21 11:52:00-04:00,10.71500015258789,10.71500015258789,10.6899995803833,10.6899995803833,839,0.0,0.0
2024-06-21 11:56:00-04:00,10.713800430297852,10.713800430297852,10.694999694824219,10.694999694824219,632,0.0,0.0
2024-06-21 11:57:00-04:00,10.670000076293945,10.670000076293945,10.670000076293945,10.670000076293945,419,0.0,0.0
2024-06-21 11:58:00-04:00,10.694999694824219,10.710000038146973,10.694999694824219,10.710000038146973,1372,0.0,0.0
2024-06-21 12:00:00-04:00,10.670000076293945,10.670000076293945,10.670000076293945,10.670000076293945,479,0.0,0.0
2024-06-21 12:02:00-04:00,10.710000038146973,10.75,10.699999809265137,10.75,1576,0.0,0.0
2024-06-21 12:03:00-04:00,10.760000228881836,10.760000228881836,10.760000228881836,10.760000228881836,162,0.0,0.0
2024-06-21 12:06:00-04:00,10.760000228881836,10.760000228881836,10.760000228881836,10.760000228881836,301,0.0,0.0
2024-06-21 12:07:00-04:00,10.779999732971191,10.779999732971191,10.770000457763672,10.770000457763672,1068,0.0,0.0
2024-06-21 12:08:00-04:00,10.770999908447266,10.770999908447266,10.770999908447266,10.770999908447266,940,0.0,0.0
2024-06-21 12:10:00-04:00,10.779999732971191,10.779999732971191,10.760000228881836,10.760000228881836,2588,0.0,0.0
2024-06-21 12:13:00-04:00,10.789899826049805,10.789899826049805,10.789899826049805,10.789899826049805,2730,0.0,0.0
2024-06-21 12:16:00-04:00,10.75,10.755000114440918,10.729999542236328,10.755000114440918,600,0.0,0.0
2024-06-21 12:17:00-04:00,10.75,10.75,10.725000381469727,10.725000381469727,1593,0.0,0.0
2024-06-21 12:23:00-04:00,10.734999656677246,10.739999771118164,10.734999656677246,10.739999771118164,711,0.0,0.0
2024-06-21 12:24:00-04:00,10.744999885559082,10.744999885559082,10.744999885559082,10.744999885559082,836,0.0,0.0
2024-06-21 12:25:00-04:00,10.734999656677246,10.739999771118164,10.734999656677246,10.739999771118164,589,0.0,0.0
2024-06-21 12:29:00-04:00,10.739999771118164,10.739999771118164,10.739999771118164,10.739999771118164,372,0.0,0.0
2024-06-21 12:31:00-04:00,10.75,10.75,10.739999771118164,10.739999771118164,1996,0.0,0.0
2024-06-21 12:32:00-04:00,10.739999771118164,10.739999771118164,10.739999771118164,10.739999771118164,182,0.0,0.0
2024-06-21 12:34:00-04:00,10.739999771118164,10.739999771118164,10.739999771118164,10.739999771118164,779,0.0,0.0
2024-06-21 12:36:00-04:00,10.742799758911133,10.742799758911133,10.742799758911133,10.742799758911133,178,0.0,0.0
2024-06-21 12:37:00-04:00,10.739999771118164,10.739999771118164,10.734999656677246,10.739999771118164,732,0.0,0.0
2024-06-21 12:38:00-04:00,10.75,10.755000114440918,10.75,10.755000114440918,510,0.0,0.0
2024-06-21 12:39:00-04:00,10.760000228881836,10.760000228881836,10.760000228881836,10.760000228881836,302,0.0,0.0
2024-06-21 12:40:00-04:00,10.78499984741211,10.78499984741211,10.78499984741211,10.78499984741211,349,0.0,0.0
2024-06-21 12:41:00-04:00,10.789999961853027,10.789999961853027,10.785799980163574,10.785799980163574,854,0.0,0.0
2024-06-21 12:43:00-04:00,10.779999732971191,10.78499984741211,10.779999732971191,10.78499984741211,516,0.0,0.0
2024-06-21 12:45:00-04:00,10.770000457763672,10.770000457763672,10.770000457763672,10.770000457763672,473,0.0,0.0
2024-06-21 12:46:00-04:00,10.774999618530273,10.774999618530273,10.774999618530273,10.774999618530273,561,0.0,0.0
2024-06-21 12:51:00-04:00,10.770000457763672,10.770000457763672,10.760000228881836,10.760000228881836,208,0.0,0.0
2024-06-21 12:52:00-04:00,10.774999618530273,10.780099868774414,10.774999618530273,10.780099868774414,877,0.0,0.0
2024-06-21 12:53:00-04:00,10.774999618530273,10.829999923706055,10.774999618530273,10.819999694824219,2035,0.0,0.0
2024-06-21 12:54:00-04:00,10.824999809265137,10.824999809265137,10.8100004196167,10.8100004196167,1118,0.0,0.0
2024-06-21 12:58:00-04:00,10.819999694824219,10.819999694824219,10.819999694824219,10.819999694824219,1016,0.0,0.0
2024-06-21 12:59:00-04:00,10.819999694824219,10.819999694824219,10.819999694824219,10.819999694824219,1022,0.0,0.0
2024-06-21 13:02:00-04:00,10.84000015258789,10.84000015258789,10.84000015258789,10.84000015258789,321,0.0,0.0
2024-06-21 13:03:00-04:00,10.850000381469727,10.850000381469727,10.850000381469727,10.850000381469727,698,0.0,0.0
2024-06-21 13:05:00-04:00,10.880000114440918,10.880000114440918,10.869999885559082,10.869999885559082,2147,0.0,0.0
2024-06-21 13:06:00-04:00,10.845000267028809,10.845000267028809,10.845000267028809,10.845000267028809,118,0.0,0.0
2024-06-21 13:07:00-04:00,10.845000267028809,10.845000267028809,10.819999694824219,10.819999694824219,650,0.0,0.0
2024-06-21 13:12:00-04:00,10.819999694824219,10.819999694824219,10.819999694824219,10.819999694824219,754,0.0,0.0
2024-06-21 13:13:00-04:00,10.789999961853027,10.789999961853027,10.789999961853027,10.789999961853027,321,0.0,0.0
2024-06-21 13:15:00-04:00,10.8100004196167,10.8100004196167,10.8100004196167,10.8100004196167,200,0.0,0.0
2024-06-21 13:16:00-04:00,10.800000190734863,10.813799858093262,10.800000190734863,10.800000190734863,632,0.0,0.0
2024-06-21 13:17:00-04:00,10.829400062561035,10.829400062561035,10.800000190734863,10.800000190734863,400,0.0,0.0
2024-06-21 13:19:00-04:00,10.819999694824219,10.819999694824219,10.819999694824219,10.819999694824219,559,0.0,0.0
2024-06-21 13:20:00-04:00,10.8149995803833,10.8149995803833,10.8149995803833,10.8149995803833,187,0.0,0.0
2024-06-21 13:22:00-04:00,10.800000190734863,10.800000190734863,10.800000190734863,10.800000190734863,285,0.0,0.0
2024-06-21 13:26:00-04:00,10.800000190734863,10.800000190734863,10.774999618530273,10.774999618530273,2297,0.0,0.0
2024-06-21 13:27:00-04:00,10.770000457763672,10.770000457763672,10.770000457763672,10.770000457763672,1374,0.0,0.0
2024-06-21 13:35:00-04:00,10.770000457763672,10.770000457763672,10.770000457763672,10.770000457763672,102,0.0,0.0
2024-06-21 13:36:00-04:00,10.760000228881836,10.760000228881836,10.760000228881836,10.760000228881836,596,0.0,0.0
2024-06-21 13:38:00-04:00,10.75,10.75,10.75,10.75,569,0.0,0.0
2024-06-21 13:42:00-04:00,10.729999542236328,10.729999542236328,10.729999542236328,10.729999542236328,200,0.0,0.0
2024-06-21 13:43:00-04:00,10.739999771118164,10.739999771118164,10.739999771118164,10.739999771118164,449,0.0,0.0
2024-06-21 13:44:00-04:00,10.760000228881836,10.779999732971191,10.760000228881836,10.779999732971191,1474,0.0,0.0
2024-06-21 13:48:00-04:00,10.739999771118164,10.739999771118164,10.739999771118164,10.739999771118164,111,0.0,0.0
2024-06-21 13:49:00-04:00,10.777999877929688,10.779899597167969,10.770000457763672,10.770000457763672,900,0.0,0.0
2024-06-21 13:50:00-04:00,10.779999732971191,10.8100004196167,10.779999732971191,10.8100004196167,1438,0.0,0.0
2024-06-21 13:52:00-04:00,10.789999961853027,10.789999961853027,10.789999961853027,10.789999961853027,676,0.0,0.0
2024-06-21 13:54:00-04:00,10.809900283813477,10.809900283813477,10.809900283813477,10.809900283813477,106,0.0,0.0
2024-06-21 13:55:00-04:00,10.789999961853027,10.789999961853027,10.789999961853027,10.789999961853027,519,0.0,0.0
2024-06-21 13:58:00-04:00,10.795999526977539,10.795999526977539,10.795999526977539,10.795999526977539,1379,0.0,0.0
2024-06-21 14:00:00-04:00,10.779999732971191,10.779999732971191,10.729999542236328,10.729999542236328,1575,0.0,0.0
2024-06-21 14:01:00-04:00,10.734999656677246,10.734999656677246,10.734999656677246,10.734999656677246,250,0.0,0.0
2024-06-21 14:02:00-04:00,10.720000267028809,10.720000267028809,10.720000267028809,10.720000267028809,728,0.0,0.0
2024-06-21 14:03:00-04:00,10.699999809265137,10.699999809265137,10.699999809265137,10.699999809265137,339,0.0,0.0
2024-06-21 14:04:00-04:00,10.6899995803833,10.6899995803833,10.6899995803833,10.6899995803833,129,0.0,0.0
2024-06-21 14:05:00-04:00,10.6899995803833,10.6899995803833,10.6899995803833,10.6899995803833,475,0.0,0.0
2024-06-21 14:07:00-04:00,10.720000267028809,10.720000267028809,10.6899995803833,10.6899995803833,499,0.0,0.0
2024-06-21 14:08:00-04:00,10.704999923706055,10.704999923706055,10.704999923706055,10.704999923706055,243,0.0,0.0
2024-06-21 14:09:00-04:00,10.704999923706055,10.704999923706055,10.704999923706055,10.704999923706055,327,0.0,0.0
2024-06-21 14:10:00-04:00,10.704999923706055,10.704999923706055,10.704999923706055,10.704999923706055,640,0.0,0.0
2024-06-21 14:12:00-04:00,10.680000305175781,10.680000305175781,10.65999984741211,10.65999984741211,1590,0.0,0.0
2024-06-21 14:13:00-04:00,10.649999618530273,10.649999618530273,10.649999618530273,10.649999618530273,519,0.0,0.0
2024-06-21 14:14:00-04:00,10.630000114440918,10.630000114440918,10.630000114440918,10.630000114440918,229,0.0,0.0
2024-06-21 14:17:00-04:00,10.630000114440918,10.640000343322754,10.630000114440918,10.640000343322754,570,0.0,0.0
2024-06-21 14:19:00-04:00,10.640000343322754,10.649999618530273,10.630000114440918,10.630000114440918,856,0.0,0.0
2024-06-21 14:20:00-04:00,10.630000114440918,10.630000114440918,10.630000114440918,10.630000114440918,130,0.0,0.0
2024-06-21 14:21:00-04:00,10.630000114440918,10.630000114440918,10.630000114440918,10.630000114440918,670,0.0,0.0
2024-06-21 14:22:00-04:00,10.630000114440918,10.630000114440918,10.630000114440918,10.630000114440918,168,0.0,0.0
2024-06-21 14:23:00-04:00,10.65999984741211,10.65999984741211,10.65999984741211,10.65999984741211,2854,0.0,0.0
2024-06-21 14:24:00-04:00,10.645000457763672,10.645000457763672,10.609999656677246,10.609999656677246,1863,0.0,0.0
2024-06-21 14:26:00-04:00,10.625,10.625,10.625,10.625,139,0.0,0.0
2024-06-21 14:27:00-04:00,10.625,10.680000305175781,10.625,10.680000305175781,3655,0.0,0.0
2024-06-21 14:30:00-04:00,10.694999694824219,10.694999694824219,10.65999984741211,10.670000076293945,2131,0.0,0.0
2024-06-21 14:32:00-04:00,10.670000076293945,10.670000076293945,10.640000343322754,10.640000343322754,438,0.0,0.0
2024-06-21 14:33:00-04:00,10.640000343322754,10.640000343322754,10.640000343322754,10.640000343322754,110,0.0,0.0
2024-06-21 14:34:00-04:00,10.640000343322754,10.640000343322754,10.640000343322754,10.640000343322754,531,0.0,0.0
2024-06-21 14:36:00-04:00,10.630000114440918,10.630000114440918,10.630000114440918,10.630000114440918,1835,0.0,0.0
2024-06-21 14:37:00-04:00,10.635000228881836,10.635000228881836,10.635000228881836,10.635000228881836,101,0.0,0.0
2024-06-21 14:38:00-04:00,10.619999885559082,10.619999885559082,10.619999885559082,10.619999885559082,765,0.0,0.0
2024-06-21 14:39:00-04:00,10.609999656677246,10.609999656677246,10.609999656677246,10.609999656677246,420,0.0,0.0
2024-06-21 14:40:00-04:00,10.609999656677246,10.609999656677246,10.59000015258789,10.59000015258789,1384,0.0,0.0
2024-06-21 14:41:00-04:00,10.569999694824219,10.630000114440918,10.569999694824219,10.579999923706055,347,0.0,0.0
2024-06-21 14:42:00-04:00,10.569999694824219,10.569999694824219,10.569999694824219,10.569999694824219,439,0.0,0.0
2024-06-21 14:43:00-04:00,10.569999694824219,10.569999694824219,10.569999694824219,10.569999694824219,285,0.0,0.0
2024-06-21 14:44:00-04:00,10.569999694824219,10.649999618530273,10.569999694824219,10.649999618530273,3422,0.0,0.0
2024-06-21 14:46:00-04:00,10.670000076293945,10.670000076293945,10.670000076293945,10.670000076293945,1880,0.0,0.0
2024-06-21 14:48:00-04:00,10.65999984741211,10.65999984741211,10.65999984741211,10.65999984741211,188,0.0,0.0
2024-06-21 14:49:00-04:00,10.699899673461914,10.699899673461914,10.699899673461914,10.699899673461914,462,0.0,0.0
2024-06-21 14:51:00-04:00,10.670000076293945,10.670000076293945,10.670000076293945,10.670000076293945,631,0.0,0.0
2024-06-21 14:53:00-04:00,10.670000076293945,10.720000267028809,10.670000076293945,10.699999809265137,3322,0.0,0.0
2024-06-21 14:54:00-04:00,10.710000038146973,10.710000038146973,10.710000038146973,10.710000038146973,310,0.0,0.0
2024-06-21 14:55:00-04:00,10.710000038146973,10.710000038146973,10.710000038146973,10.710000038146973,1751,0.0,0.0
2024-06-21 14:58:00-04:00,10.699999809265137,10.699999809265137,10.699999809265137,10.699999809265137,829,0.0,0.0
2024-06-21 14:59:00-04:00,10.6899995803833,10.699999809265137,10.680000305175781,10.680000305175781,881,0.0,0.0
2024-06-21 15:03:00-04:00,10.710000038146973,10.739999771118164,10.699999809265137,10.739999771118164,2595,0.0,0.0
2024-06-21 15:04:00-04:00,10.75,10.75,10.75,10.75,333,0.0,0.0
2024-06-21 15:06:00-04:00,10.760000228881836,10.760000228881836,10.760000228881836,10.760000228881836,1366,0.0,0.0
2024-06-21 15:08:00-04:00,10.770000457763672,10.770000457763672,10.765000343322754,10.765000343322754,581,0.0,0.0
2024-06-21 15:09:00-04:00,10.770000457763672,10.770000457763672,10.765000343322754,10.765000343322754,455,0.0,0.0
2024-06-21 15:10:00-04:00,10.75,10.75,10.75,10.75,1565,0.0,0.0
2024-06-21 15:14:00-04:00,10.739999771118164,10.739999771118164,10.720000267028809,10.720000267028809,2367,0.0,0.0
2024-06-21 15:15:00-04:00,10.699999809265137,10.699999809265137,10.65999984741211,10.65999984741211,1032,0.0,0.0
2024-06-21 15:16:00-04:00,10.65999984741211,10.65999984741211,10.65999984741211,10.65999984741211,296,0.0,0.0
2024-06-21 15:17:00-04:00,10.680000305175781,10.680000305175781,10.680000305175781,10.680000305175781,1062,0.0,0.0
2024-06-21 15:19:00-04:00,10.65999984741211,10.65999984741211,10.65999984741211,10.65999984741211,194,0.0,0.0
2024-06-21 15:20:00-04:00,10.65999984741211,10.65999984741211,10.640000343322754,10.640000343322754,2367,0.0,0.0
2024-06-21 15:21:00-04:00,10.654999732971191,10.654999732971191,10.640000343322754,10.640000343322754,802,0.0,0.0
2024-06-21 15:22:00-04:00,10.640000343322754,10.640000343322754,10.640000343322754,10.640000343322754,359,0.0,0.0
2024-06-21 15:23:00-04:00,10.640000343322754,10.640000343322754,10.640000343322754,10.640000343322754,159,0.0,0.0
2024-06-21 15:24:00-04:00,10.65999984741211,10.65999984741211,10.65999984741211,10.65999984741211,1587,0.0,0.0
2024-06-21 15:25:00-04:00,10.640000343322754,10.640000343322754,10.640000343322754,10.640000343322754,242,0.0,0.0
2024-06-21 15:26:00-04:00,10.670000076293945,10.670000076293945,10.640000343322754,10.65999984741211,615,0.0,0.0
2024-06-21 15:27:00-04:00,10.65999984741211,10.670000076293945,10.65999984741211,10.65999984741211,1071,0.0,0.0
2024-06-21 15:28:00-04:00,10.640000343322754,10.680000305175781,10.640000343322754,10.680000305175781,3110,0.0,0.0
2024-06-21 15:29:00-04:00,10.670000076293945,10.699999809265137,10.670000076293945,10.699999809265137,715,0.0,0.0
2024-06-21 15:30:00-04:00,10.6899995803833,10.699999809265137,10.6899995803833,10.699999809265137,385,0.0,0.0
2024-06-21 15:31:00-04:00,10.699999809265137,10.699999809265137,10.6899995803833,10.6899995803833,1030,0.0,0.0
2024-06-21 15:32:00-04:00,10.6899995803833,10.710000038146973,10.6899995803833,10.704999923706055,5891,0.0,0.0
2024-06-21 15:33:00-04:00,10.699999809265137,10.704999923706055,10.699999809265137,10.704999923706055,2883,0.0,0.0
2024-06-21 15:35:00-04:00,10.699999809265137,10.701000213623047,10.680000305175781,10.680000305175781,3315,0.0,0.0
2024-06-21 15:36:00-04:00,10.680000305175781,10.680000305175781,10.649999618530273,10.654999732971191,2346,0.0,0.0
2024-06-21 15:37:00-04:00,10.649999618530273,10.670000076293945,10.640000343322754,10.649999618530273,6097,0.0,0.0
2024-06-21 15:38:00-04:00,10.649399757385254,10.680000305175781,10.647500038146973,10.666899681091309,6725,0.0,0.0
2024-06-21 15:39:00-04:00,10.694999694824219,10.694999694824219,10.694999694824219,10.694999694824219,857,0.0,0.0
2024-06-21 15:40:00-04:00,10.710000038146973,10.710000038146973,10.710000038146973,10.710000038146973,735,0.0,0.0
2024-06-21 15:41:00-04:00,10.710000038146973,10.720000267028809,10.710000038146973,10.710000038146973,813,0.0,0.0
2024-06-21 15:42:00-04:00,10.720000267028809,10.720000267028809,10.71500015258789,10.71500015258789,1094,0.0,0.0
2024-06-21 15:43:00-04:00,10.710000038146973,10.710000038146973,10.710000038146973,10.710000038146973,2758,0.0,0.0
2024-06-21 15:45:00-04:00,10.699999809265137,10.699999809265137,10.699999809265137,10.699999809265137,4249,0.0,0.0
2024-06-21 15:46:00-04:00,10.6899995803833,10.6899995803833,10.680000305175781,10.680000305175781,2666,0.0,0.0
2024-06-21 15:47:00-04:00,10.670000076293945,10.670000076293945,10.670000076293945,10.670000076293945,1312,0.0,0.0
2024-06-21 15:48:00-04:00,10.670000076293945,10.704999923706055,10.670000076293945,10.704999923706055,5255,0.0,0.0
2024-06-21 15:49:00-04:00,10.699999809265137,10.699999809265137,10.680000305175781,10.680000305175781,1676,0.0,0.0
2024-06-21 15:50:00-04:00,10.680000305175781,10.699999809265137,10.680000305175781,10.680000305175781,4924,0.0,0.0
2024-06-21 15:51:00-04:00,10.6899995803833,10.699999809265137,10.6899995803833,10.699999809265137,2127,0.0,0.0
2024-06-21 15:52:00-04:00,10.694999694824219,10.694999694824219,10.6899995803833,10.694999694824219,3386,0.0,0.0
2024-06-21 15:53:00-04:00,10.6899995803833,10.69950008392334,10.6899995803833,10.69950008392334,2300,0.0,0.0
2024-06-21 15:54:00-04:00,10.6899995803833,10.6899995803833,10.5600004196167,10.569999694824219,23181,0.0,0.0
2024-06-21 15:55:00-04:00,10.550000190734863,10.550000190734863,10.484999656677246,10.53499984741211,19513,0.0,0.0
2024-06-21 15:56:00-04:00,10.539999961853027,10.5600004196167,10.53499984741211,10.5600004196167,8416,0.0,0.0
2024-06-21 15:57:00-04:00,10.5600004196167,10.5600004196167,10.520000457763672,10.539999961853027,8447,0.0,0.0
2024-06-21 15:58:00-04:00,10.539999961853027,10.649999618530273,10.539999961853027,10.5600004196167,33917,0.0,0.0
2024-06-21 15:59:00-04:00,10.5600004196167,10.569999694824219,10.550000190734863,10.5600004196167,21009,0.0,0.0
